date,collected_at,category,region,newspaper,headline,url,source_url,status,error_message,topic
2026-10-01,2026-10-01T01:09:04.482656+09:00,全国紙,全国,読売新聞,,,,skipped,robots.txtが一般クローラー/AI系UAを名指しで包括的にDisallow。2024年1月のToS改定で自動収集・生成AI学習目的の収集を明示的に禁止しているため、自動取得の対象外とする。,
2026-10-01,2026-10-01T01:09:04.482656+09:00,全国紙,全国,朝日新聞,在留審査の手数料値上げスタート 永住許可の厳格化ガイドラインも,http://www.asahi.com/articles/ASV9X3CX9V9XUTIL028M.html,https://www.asahi.com/rss/asahi/newsheadlines.rdf,ok,,社会
2026-10-01,2026-10-01T01:09:04.482656+09:00,全国紙,全国,朝日新聞,警察庁の前サイバー課長を懲戒免職 捜査費170万円を私的流用か,http://www.asahi.com/articles/ASV997TG8V99UTIL01JM.html,https://www.asahi.com/rss/asahi/newsheadlines.rdf,ok,,社会
2026-10-01,2026-10-01T01:09:04.482656+09:00,全国紙,全国,朝日新聞,診療中の患者に舌出させ、わいせつ行為の疑い 福岡の歯科医師を逮捕,http://www.asahi.com/articles/ASV9Z3TSGV9ZTIPE014M.html,https://www.asahi.com/rss/asahi/newsheadlines.rdf,ok,,社会
2026-10-01,2026-10-01T01:09:04.482656+09:00,全国紙,全国,朝日新聞,神戸・王子動物園のアジアゾウ「マック」死ぬ 阪神大震災直後に来園,http://www.asahi.com/articles/ASV9Z3TNPV9ZPIHB011M.html,https://www.asahi.com/rss/asahi/newsheadlines.rdf,ok,,社会
2026-10-01,2026-10-01T01:09:04.482656+09:00,全国紙,全国,朝日新聞,両陛下、熊本地震の被災者を見舞う 胸元に「くまモン」のバッジ,http://www.asahi.com/articles/ASV9Y7TSJV9YUTIL02VM.html,https://www.asahi.com/rss/asahi/newsheadlines.rdf,ok,,社会
2026-10-01,2026-10-01T01:09:04.482656+09:00,全国紙,全国,朝日新聞,【解説人語】東大総長選で何があった? なぜ2位候補が選ばれたのか,http://www.asahi.com/articles/ASV9Z3R1CV9ZUEFT00NM.html,https://www.asahi.com/rss/asahi/newsheadlines.rdf,ok,,社会
2026-10-01,2026-10-01T01:09:04.482656+09:00,全国紙,全国,朝日新聞,神戸市内2カ所で発砲、2人死傷 殺人未遂容疑で79歳元組員を逮捕,http://www.asahi.com/articles/ASV9Z1RZZV9ZPIHB003M.html,https://www.asahi.com/rss/asahi/newsheadlines.rdf,ok,,社会
2026-10-01,2026-10-01T01:09:04.482656+09:00,全国紙,全国,朝日新聞,富山市の人口水増し疑惑 「住んでない」の二重線消し、世帯を復活か,http://www.asahi.com/articles/ASV9Z3JGRV9ZPTIL00VM.html,https://www.asahi.com/rss/asahi/newsheadlines.rdf,ok,,社会
2026-10-01,2026-10-01T01:09:04.482656+09:00,全国紙,全国,朝日新聞,「ごめんしか言えない」ネイリスト殺害事件、被害者の夫が語った無念,http://www.asahi.com/articles/ASV9Z363HV9ZUJHB00YM.html,https://www.asahi.com/rss/asahi/newsheadlines.rdf,ok,,社会
2026-10-01,2026-10-01T01:09:04.482656+09:00,全国紙,全国,朝日新聞,クマが空き家の敷地に...戻った持ち主が発見、京都・綾部市が緊急銃猟,http://www.asahi.com/articles/ASV9Z3R15V9ZPLZB00VM.html,https://www.asahi.com/rss/asahi/newsheadlines.rdf,ok,,社会
2026-10-01,2026-10-01T01:09:04.482656+09:00,全国紙,全国,朝日新聞,祖父から授かった三つの「C」が心の支え 笑顔が魅力のアルカラス,http://www.asahi.com/articles/ASV9Z41DCV9ZUTQP00TM.html,https://www.asahi.com/rss/asahi/newsheadlines.rdf,ok,,スポーツ
2026-10-01,2026-10-01T01:09:04.482656+09:00,全国紙,全国,朝日新聞,けが人続出のDF、国内組2人を追加招集 「まさかこういう形に」,http://www.asahi.com/articles/ASV9Z36PVV9ZUTQP00NM.html,https://www.asahi.com/rss/asahi/newsheadlines.rdf,ok,,スポーツ
2026-10-01,2026-10-01T01:09:04.482656+09:00,全国紙,全国,朝日新聞,ブルペンで跳びはねたパドレス松井裕樹 1回零封で「まだ勝ち進む」,http://www.asahi.com/articles/ASV9Z25BXV9ZUTQP00CM.html,https://www.asahi.com/rss/asahi/newsheadlines.rdf,ok,,スポーツ
2026-10-01,2026-10-01T01:09:04.482656+09:00,全国紙,全国,朝日新聞,サッカー女子準決勝は998人 集客苦しむアジア大会の複合的背景,http://www.asahi.com/articles/ASV9Z2GLPV9ZUTQP001M.html,https://www.asahi.com/rss/asahi/newsheadlines.rdf,ok,,スポーツ
2026-10-01,2026-10-01T01:09:04.482656+09:00,全国紙,全国,朝日新聞,「真摯に反省」 相次ぐトラブル、名古屋市長が謝罪 アジア大会,http://www.asahi.com/articles/ASV9Z1RN4V9ZOIPE005M.html,https://www.asahi.com/rss/asahi/newsheadlines.rdf,ok,,スポーツ
2026-10-01,2026-10-01T01:09:04.482656+09:00,全国紙,全国,朝日新聞,ニデック決算また「落第」 監査法人が「虚偽説明の役員関与」と指摘,http://www.asahi.com/articles/ASV9Z44QQV9ZPLFA00HM.html,https://www.asahi.com/rss/asahi/newsheadlines.rdf,ok,,ビジネス
2026-10-01,2026-10-01T01:09:04.482656+09:00,全国紙,全国,朝日新聞,24時間365日決済可能「オンチェーン金融」実現、フォーラム発足,http://www.asahi.com/articles/ASV9Z3H0RV9ZULFA00FM.html,https://www.asahi.com/rss/asahi/newsheadlines.rdf,ok,,ビジネス
2026-10-01,2026-10-01T01:09:04.482656+09:00,全国紙,全国,朝日新聞,障害者雇用ビジネス、業界が初の指針 不適切事例踏まえ信頼向上へ,http://www.asahi.com/articles/ASV9Z3DP0V9ZULFA00JM.html,https://www.asahi.com/rss/asahi/newsheadlines.rdf,ok,,ビジネス
2026-10-01,2026-10-01T01:09:04.482656+09:00,全国紙,全国,朝日新聞,「こどもNISA」1日から口座開設受け付け開始 業界は呼び水期待,http://www.asahi.com/articles/ASV9Z3DNCV9ZULFA01SM.html,https://www.asahi.com/rss/asahi/newsheadlines.rdf,ok,,ビジネス
2026-10-01,2026-10-01T01:09:04.482656+09:00,全国紙,全国,朝日新聞,三菱化工機と月島HD、経営統合を発表 来年4月に持ち株会社設立,http://www.asahi.com/articles/ASV9Z3D43V9ZULFA02DM.html,https://www.asahi.com/rss/asahi/newsheadlines.rdf,ok,,ビジネス
2026-10-01,2026-10-01T01:09:04.482656+09:00,全国紙,全国,朝日新聞,核ごみの調査受け入れ「懸念や不安払拭に時間」 茨城・常陸大宮市長,http://www.asahi.com/articles/ASV9Z3WMQV9ZUJHB008M.html,https://www.asahi.com/rss/asahi/newsheadlines.rdf,ok,,政治
2026-10-01,2026-10-01T01:09:04.482656+09:00,全国紙,全国,朝日新聞,立憲、党本部を大幅縮小へ 財政難で賃借ビル5~10階→9階だけに,http://www.asahi.com/articles/ASV9Z3R11V9ZUTFK00YM.html,https://www.asahi.com/rss/asahi/newsheadlines.rdf,ok,,政治
2026-10-01,2026-10-01T01:09:04.482656+09:00,全国紙,全国,朝日新聞,簗農水相「予算カット」発言めぐる週刊誌報道 「調査中」と官房長官,http://www.asahi.com/articles/ASV9Z3GQVV9ZULFA01VM.html,https://www.asahi.com/rss/asahi/newsheadlines.rdf,ok,,政治
2026-10-01,2026-10-01T01:09:04.482656+09:00,全国紙,全国,朝日新聞,「国会改革」で「国会軽視」に? 野党「参院で大きな影響」と牽制,http://www.asahi.com/articles/ASV9Z35FVV9ZUTFK002M.html,https://www.asahi.com/rss/asahi/newsheadlines.rdf,ok,,政治
2026-10-01,2026-10-01T01:09:04.482656+09:00,全国紙,全国,朝日新聞,内閣広報室の予算10倍にスタッフも増強 識者「過大な要求では」,http://www.asahi.com/articles/ASV9Z347HV9ZULFA00PM.html,https://www.asahi.com/rss/asahi/newsheadlines.rdf,ok,,政治
2026-10-01,2026-10-01T01:09:04.482656+09:00,全国紙,全国,朝日新聞,イスラエル行き航空機が緊急着陸 パイロットが同僚刺し、墜落試み?,http://www.asahi.com/articles/ASV9Z4HRWV9ZUHBI01FM.html,https://www.asahi.com/rss/asahi/newsheadlines.rdf,ok,,国際
2026-10-01,2026-10-01T01:09:04.482656+09:00,全国紙,全国,朝日新聞,接戦予想のブラジル大統領選 80歳の現職ルラ氏か前大統領の長男か,http://www.asahi.com/articles/ASV9Z34V4V9ZUHBI001M.html,https://www.asahi.com/rss/asahi/newsheadlines.rdf,ok,,国際
2026-10-01,2026-10-01T01:09:04.482656+09:00,全国紙,全国,朝日新聞,韓国兵負傷の地雷爆発、「自作自演だ」と北朝鮮 韓国側は謝罪要求,http://www.asahi.com/articles/ASV9Z2TFXV9ZUHBI00FM.html,https://www.asahi.com/rss/asahi/newsheadlines.rdf,ok,,国際
2026-10-01,2026-10-01T01:09:04.482656+09:00,全国紙,全国,朝日新聞,英空軍基地近くで逮捕の男5人を保釈 米はイラン関与の可能性主張,http://www.asahi.com/articles/ASV9Z30XKV9ZUHBI00MM.html,https://www.asahi.com/rss/asahi/newsheadlines.rdf,ok,,国際
2026-10-01,2026-10-01T01:09:04.482656+09:00,全国紙,全国,朝日新聞,米軍が撤収したイラクに残る難題 親イラン武装組織を統制できるか,http://www.asahi.com/articles/ASV9Z2522V9ZUHBI01MM.html,https://www.asahi.com/rss/asahi/newsheadlines.rdf,ok,,国際
2026-10-01,2026-10-01T01:09:04.482656+09:00,全国紙,全国,朝日新聞,加賀まりこさん、「6歳で初潮」の老女優役に起用した倉本さんを悼む,http://www.asahi.com/articles/ASV9X22YKV9XUCVL02KM.html,https://www.asahi.com/rss/asahi/newsheadlines.rdf,ok,,文化芸能
2026-10-01,2026-10-01T01:09:04.482656+09:00,全国紙,全国,朝日新聞,【詳報】緊迫の局面 名人、シノギ勝負へ 挑戦者の攻勢を受けて立つ,http://www.asahi.com/articles/ASV9Y131FV9YUCVL05CM.html,https://www.asahi.com/rss/asahi/newsheadlines.rdf,ok,,文化芸能
2026-10-01,2026-10-01T01:09:04.482656+09:00,全国紙,全国,朝日新聞,古都の芸舞妓ら75人が秋の舞 花街・祇園甲部で恒例の「温習会」,http://www.asahi.com/articles/ASV9Z2Q3CV9ZPLZB00KM.html,https://www.asahi.com/rss/asahi/newsheadlines.rdf,ok,,文化芸能
2026-10-01,2026-10-01T01:09:04.482656+09:00,全国紙,全国,朝日新聞,VIVANT監督パワハラ、TBSテレビ社長が謝罪「深くおわび」,http://www.asahi.com/articles/ASV9Z2TC4V9ZUCVL021M.html,https://www.asahi.com/rss/asahi/newsheadlines.rdf,ok,,文化芸能
2026-10-01,2026-10-01T01:09:04.482656+09:00,全国紙,全国,朝日新聞,iPS細胞で作った心筋シート、世界初の実用化 心不全患者に移植,http://www.asahi.com/articles/ASV9X4DFGV9XUTFL008M.html,https://www.asahi.com/rss/asahi/newsheadlines.rdf,ok,,サイエンス
2026-10-01,2026-10-01T01:09:04.482656+09:00,全国紙,全国,朝日新聞,タブレット式電子投票、19市町村が実施・予定 過去のブーム超える,http://www.asahi.com/articles/ASV9R0TT1V9RUEFT004M.html,https://www.asahi.com/rss/asahi/newsheadlines.rdf,ok,,
2026-10-01,2026-10-01T01:09:04.482656+09:00,全国紙,全国,朝日新聞,アミノ酸豊富な卵、平飼いとケージ飼いどっち? 同じえさでも違いが,http://www.asahi.com/articles/ASV9T40ZZV9TUTFL019M.html,https://www.asahi.com/rss/asahi/newsheadlines.rdf,ok,,サイエンス
2026-10-01,2026-10-01T01:09:04.482656+09:00,全国紙,全国,朝日新聞,渡辺孝一衆院議員をしのび献花 21票差の比例復活...7カ月後の訃報,http://www.asahi.com/articles/ASV9Z2S36V9ZIIPE001M.html,https://www.asahi.com/rss/asahi/newsheadlines.rdf,ok,,おくやみ
2026-10-01,2026-10-01T01:09:04.482656+09:00,全国紙,全国,朝日新聞,竹下景子さん「厳しくも愛情深い先生」 倉本聰さんを悼む,http://www.asahi.com/articles/ASV9X4642V9XUCVL05ZM.html,https://www.asahi.com/rss/asahi/newsheadlines.rdf,ok,,おくやみ
2026-10-01,2026-10-01T01:09:04.482656+09:00,全国紙,全国,朝日新聞,作曲家の佐藤眞さん死去、88歳 合唱曲「大地讃頌」など,http://www.asahi.com/articles/ASV9X2J8XV9XUCVL02ZM.html,https://www.asahi.com/rss/asahi/newsheadlines.rdf,ok,,おくやみ
2026-10-01,2026-10-01T01:09:04.482656+09:00,全国紙,全国,毎日新聞,2分間で5000メートル急降下...間一髪で「旅客機墜落」防いだ勇気,https://mainichi.jp/articles/20261001/k00/00m/030/002000c,https://mainichi.jp/rss/etc/mainichi-flash.rss,ok,,ニュース
2026-10-01,2026-10-01T01:09:04.482656+09:00,全国紙,全国,毎日新聞,10月から外国人永住許可が厳格化 「日本人平均年収」が新基準,https://mainichi.jp/articles/20260930/k00/00m/010/255000c,https://mainichi.jp/rss/etc/mainichi-flash.rss,ok,,ニュース
2026-10-01,2026-10-01T01:09:04.482656+09:00,全国紙,全国,毎日新聞,イスラエル国防相「墜落させるテロ未遂」 航空機が緊急着陸,https://mainichi.jp/articles/20260930/k00/00m/030/370000c,https://mainichi.jp/rss/etc/mainichi-flash.rss,ok,,ニュース
2026-10-01,2026-10-01T01:09:04.482656+09:00,全国紙,全国,毎日新聞,東京ドームと都市対抗野球が川柳でコラボ 受賞作品を発表,https://mainichi.jp/articles/20260930/k00/00m/050/357000c,https://mainichi.jp/rss/etc/mainichi-flash.rss,ok,,ニュース
2026-10-01,2026-10-01T01:09:04.482656+09:00,全国紙,全国,毎日新聞,イスラエル行き航空機が緊急着陸、テロ未遂か 機長らが負傷,https://mainichi.jp/articles/20260930/k00/00m/030/344000c,https://mainichi.jp/rss/etc/mainichi-flash.rss,ok,,ニュース
2026-10-01,2026-10-01T01:09:04.482656+09:00,全国紙,全国,毎日新聞,中国とラオス、共同軍事訓練施設を稼働 新滑走路、海外基地化か,https://mainichi.jp/articles/20260930/k00/00m/030/338000c,https://mainichi.jp/rss/etc/mainichi-flash.rss,ok,,ニュース
2026-10-01,2026-10-01T01:09:04.482656+09:00,全国紙,全国,毎日新聞,捜査費私的流用の前警察庁サイバー捜査課長を不起訴 東京地検,https://mainichi.jp/articles/20260930/k00/00m/040/333000c,https://mainichi.jp/rss/etc/mainichi-flash.rss,ok,,ニュース
2026-10-01,2026-10-01T01:09:04.482656+09:00,全国紙,全国,毎日新聞,台風26号、1日に関東最接近 千葉で土砂災害に注意呼びかけ,https://mainichi.jp/articles/20260930/k00/00m/040/328000c,https://mainichi.jp/rss/etc/mainichi-flash.rss,ok,,ニュース
2026-10-01,2026-10-01T01:09:04.482656+09:00,全国紙,全国,毎日新聞,学テ、都道府県別結果 上位に秋田や東京、石川 文科省公表,https://mainichi.jp/articles/20260930/k00/00m/100/324000c,https://mainichi.jp/rss/etc/mainichi-flash.rss,ok,,ニュース
2026-10-01,2026-10-01T01:09:04.482656+09:00,全国紙,全国,毎日新聞,沖縄知事選2026:古謝・沖縄知事「外交努力による緊張緩和求める」 対中政策巡り,https://mainichi.jp/articles/20260930/k00/00m/010/327000c,https://mainichi.jp/rss/etc/mainichi-flash.rss,ok,,ニュース
2026-10-01,2026-10-01T01:09:04.482656+09:00,全国紙,全国,毎日新聞,東武鉄道4人死亡 非番の上司が作業指揮 中間報告で原因指摘,https://mainichi.jp/articles/20260930/k00/00m/040/319000c,https://mainichi.jp/rss/etc/mainichi-flash.rss,ok,,ニュース
2026-10-01,2026-10-01T01:09:04.482656+09:00,全国紙,全国,毎日新聞,神戸連続発砲、重傷男性は同乗者 元組員を殺人未遂容疑で逮捕,https://mainichi.jp/articles/20260930/k00/00m/040/325000c,https://mainichi.jp/rss/etc/mainichi-flash.rss,ok,,ニュース
2026-10-01,2026-10-01T01:09:04.482656+09:00,全国紙,全国,毎日新聞,常陸大宮市長「知らんぷりできない」 核ごみ文献調査受け入れへ,https://mainichi.jp/articles/20260930/k00/00m/040/322000c,https://mainichi.jp/rss/etc/mainichi-flash.rss,ok,,ニュース
2026-10-01,2026-10-01T01:09:04.482656+09:00,全国紙,全国,毎日新聞,妻の遺体を切断して川に遺棄した疑い 46歳医師を逮捕 兵庫,https://mainichi.jp/articles/20260930/k00/00m/040/315000c,https://mainichi.jp/rss/etc/mainichi-flash.rss,ok,,ニュース
2026-10-01,2026-10-01T01:09:04.482656+09:00,全国紙,全国,毎日新聞,パナソニック「チームでなんとか...」 休部前最後の日本選手権へ,https://mainichi.jp/articles/20260930/k00/00m/050/320000c,https://mainichi.jp/rss/etc/mainichi-flash.rss,ok,,ニュース
2026-10-01,2026-10-01T01:09:04.482656+09:00,全国紙,全国,毎日新聞,八代市の新庁舎汚職 マネロン疑いで逮捕の2人不起訴 熊本地検,https://mainichi.jp/articles/20260930/k00/00m/040/313000c,https://mainichi.jp/rss/etc/mainichi-flash.rss,ok,,ニュース
2026-10-01,2026-10-01T01:09:04.482656+09:00,全国紙,全国,毎日新聞,声の法的保護強まる流れ 生成AI普及で無断利用被害が深刻化,https://mainichi.jp/articles/20260930/k00/00m/040/307000c,https://mainichi.jp/rss/etc/mainichi-flash.rss,ok,,ニュース
2026-10-01,2026-10-01T01:09:04.482656+09:00,全国紙,全国,毎日新聞,定数「削減」明記せず 衆院選挙制度協議会、報告書に合意,https://mainichi.jp/articles/20260930/k00/00m/010/308000c,https://mainichi.jp/rss/etc/mainichi-flash.rss,ok,,ニュース
2026-10-01,2026-10-01T01:09:04.482656+09:00,全国紙,全国,毎日新聞,両陛下、熊本地震の被災地訪問 胸元に「くまモン」のピンバッジ,https://mainichi.jp/articles/20260930/k00/00m/040/306000c,https://mainichi.jp/rss/etc/mainichi-flash.rss,ok,,ニュース
2026-10-01,2026-10-01T01:09:04.482656+09:00,全国紙,全国,毎日新聞,妊娠中の凶行、拘禁刑20年に夫「納得できぬ」 ストーカー殺人,https://mainichi.jp/articles/20260930/k00/00m/040/305000c,https://mainichi.jp/rss/etc/mainichi-flash.rss,ok,,ニュース
2026-10-01,2026-10-01T01:09:04.482656+09:00,全国紙,全国,日本経済新聞,,,,skipped,公式無料RSSなし。著作権ページで自動収集を明確に禁止しているため、自動取得の対象外とする。,
2026-10-01,2026-10-01T01:09:04.482656+09:00,全国紙,全国,産経新聞,イスラエル行き民間機、サウジに緊急着陸 操縦士拘束、ネタニヤフ氏「別の操縦士刺した」,https://www.sankei.com/article/20260930-BCJD6K7V4ZIRPE5IEIZKM6XXMA/,https://www.sankei.com/,ok,,
2026-10-01,2026-10-01T01:09:04.482656+09:00,全国紙,全国,産経新聞,世界遺産認定 快挙生んだ考古学者の苦闘 百年にわたる魂の系譜...,https://www.sankei.com/article/20260815-QFGOV26NZFOPTOI5VG332AGYEA/?outputType=theme_election2026,https://www.sankei.com/,ok,,
2026-10-01,2026-10-01T01:09:04.482656+09:00,全国紙,全国,産経新聞,政府が外国と疑われる不審アカウント把握 高市首相「選挙への影...,https://www.sankei.com/article/20260318-U6PW4754BNE3XKFYBTQWPKM65A/?outputType=theme_election2026,https://www.sankei.com/,ok,,
2026-10-01,2026-10-01T01:09:04.482656+09:00,全国紙,全国,産経新聞,衆院選で国会議員の部屋割り一変 小沢、岡田、安住氏ら自民に明...,https://www.sankei.com/article/20260304-C5JCVB743FEVZMNEAU76GY4VNQ/?outputType=theme_election2026,https://www.sankei.com/,ok,,
2026-10-01,2026-10-01T01:09:04.482656+09:00,全国紙,全国,産経新聞,立正佼成会が衆院選で中道103人推薦 公明合流影響か 前回立...,https://www.sankei.com/article/20260303-EHLBLQ2BTRCSVGSJVFHI5TBX4U/?outputType=theme_election2026,https://www.sankei.com/,ok,,
2026-10-01,2026-10-01T01:09:04.482656+09:00,全国紙,全国,産経新聞,立民が党本部から一部残し退去、27年2月末に 資金難...党職員の希望退職も募る,https://www.sankei.com/article/20260930-Y3RVCG5XPBMZJBADY2WWS5YLL4/,https://www.sankei.com/,ok,,
2026-10-01,2026-10-01T01:09:04.482656+09:00,全国紙,全国,産経新聞,中国、米中首脳の同行行事で激怒か 台湾関連文書の展示を問題視、訪問直前に撤去,https://www.sankei.com/article/20260930-NP3VPBQWJVJHNLMKPHL34WATPY/,https://www.sankei.com/,ok,,
2026-10-01,2026-10-01T01:09:04.482656+09:00,全国紙,全国,産経新聞,学力テスト、秋田や東京が上位 文科省が都道府県別結果公表 ICT機器、成績差を解消か,https://www.sankei.com/article/20260930-R3KGWEQE5JKLZA45IMRNI4QVDI/,https://www.sankei.com/,ok,,
2026-10-01,2026-10-01T01:09:04.482656+09:00,全国紙,全国,産経新聞,西武渋谷店が閉店「おしゃれして何度も...寂しい」 開業から58年、名残惜しむ客,https://www.sankei.com/article/20260930-ZCSYBKCX7FN65OQWI4ZVRUHRNY/,https://www.sankei.com/,ok,,
2026-10-01,2026-10-01T01:09:04.482656+09:00,全国紙,全国,産経新聞,外国人政策「ここからが本番だ」 個別是正から量的マネジメント...国の将来像描く議論に,https://www.sankei.com/article/20260930-ZVDU5JKGUBJXHINLCXW7BMPBWM/,https://www.sankei.com/,ok,,
2026-10-01,2026-10-01T01:09:04.482656+09:00,全国紙,全国,産経新聞,日本、PK戦9―8の死闘制し決勝へ サッカー男子、ウズベク下す 韓国と10月3日決戦,https://www.sankei.com/article/20260930-P5QTVSTE5BMPPIZF3Y5DH5554M/,https://www.sankei.com/,ok,,
2026-10-01,2026-10-01T01:09:04.482656+09:00,全国紙,全国,産経新聞,「辺野古移設反対の発信は停止」古謝玄太沖縄県知事、就任会見の一問一答,https://www.sankei.com/article/20260930-Z5HJ32OT4BJDLHRV3V7SK3H3RU/,https://www.sankei.com/,ok,,
2026-10-01,2026-10-01T01:09:04.482656+09:00,全国紙,全国,産経新聞,神戸の連続発砲、拳銃1丁を押収 殺人未遂容疑で逮捕の元暴力団員の79歳男,https://www.sankei.com/article/20260930-X4CA6TYWQRISZNAOPWMV5J5PKE/,https://www.sankei.com/,ok,,
2026-10-01,2026-10-01T01:09:04.482656+09:00,全国紙,全国,産経新聞,元エース調査員「私には小さな娘がいる」 詐欺の成否には「中立的」 被告人質問詳報,https://www.sankei.com/article/20260930-Y73NDIEFIZIO3MVCVTRNVVQS2A/,https://www.sankei.com/,ok,,
2026-10-01,2026-10-01T01:09:04.482656+09:00,全国紙,全国,産経新聞,河合塾「東大理類特化MEPLOMETA」を西宮北口で開校 「超速習」と最大量演習でト...,https://www.sankei.com/article/20260929-Y7JBDEUG2ZHGZKEAEGNVBBXYRQ/,https://www.sankei.com/,ok,,
2026-10-01,2026-10-01T01:09:04.482656+09:00,全国紙,全国,産経新聞,「独立社外取締役について考える~その期待される役割とは」11月4日(水) セミナー開...,https://www.sankei.com/article/20260925-ZLUK6ZFA7FFLLLTLPBW4ZTHVMY/?outputType=theme_event,https://www.sankei.com/,ok,,
2026-10-01,2026-10-01T01:09:04.482656+09:00,全国紙,全国,産経新聞,プロ野球12球団の主な戦力外通告者<一覧>,https://www.sankei.com/article/20260930-WUI2SYZT6JE3XJHJLB2ISURF7E/?outputType=asynd,https://www.sankei.com/,ok,,
2026-10-01,2026-10-01T01:09:04.482656+09:00,全国紙,全国,産経新聞,WEST.活動終了日に7人全員がブログで想い,https://www.sankei.com/article/20260930-Q2VXUVFZ2FO2FAZQH7PX4D5OHI/?outputType=theme_oriconnews,https://www.sankei.com/,ok,,
2026-10-01,2026-10-01T01:09:04.482656+09:00,全国紙,全国,産経新聞,オリックスの19歳捕手急逝 ドラフト7位で入団,https://www.sankei.com/article/20260930-4L5MN2UWAVNWNMLUGAAQPMLPWY/,https://www.sankei.com/,ok,,
2026-10-01,2026-10-01T01:09:04.482656+09:00,全国紙,全国,産経新聞,富士登山者24万人に回復、新型コロナ前と同水準,https://www.sankei.com/article/20260930-W4ZR7SAJWBKQ5D4XGLJXWFQ3P4/,https://www.sankei.com/,ok,,
2026-10-01,2026-10-01T01:09:04.482656+09:00,全国紙,全国,東京新聞,さよなら西武渋谷店...58年の歴史に幕 変わる街、「セゾン文化」の象徴も姿を消す,https://www.tokyo-np.co.jp/article/518724,https://www.tokyo-np.co.jp/,ok,,
2026-10-01,2026-10-01T01:09:04.482656+09:00,全国紙,全国,東京新聞,うつ病発症後の入管収容も「裁量権」 難民申請者の長期収容で逆転敗訴 東京高裁が請求棄却,https://www.tokyo-np.co.jp/article/518765,https://www.tokyo-np.co.jp/,ok,,
2026-10-01,2026-10-01T01:09:04.482656+09:00,全国紙,全国,東京新聞,常陸大宮市の鈴木定幸市長、「核のごみ」文献調査受け入れを表明 住民からは説明求める声が,https://www.tokyo-np.co.jp/article/518427,https://www.tokyo-np.co.jp/,ok,,
2026-10-01,2026-10-01T01:09:04.482656+09:00,全国紙,全国,東京新聞,外国人永住許可「事実上抑止」のガイドライン改定決定 収入要件など厳格化、2027年4月から適用,https://www.tokyo-np.co.jp/article/518700,https://www.tokyo-np.co.jp/,ok,,
2026-10-01,2026-10-01T01:09:04.482656+09:00,全国紙,全国,東京新聞,外国人の「永住許可要件」大幅厳格化は「従来方針と矛盾」...専門家・是川夕氏が警鐘を鳴らす,https://www.tokyo-np.co.jp/article/518725,https://www.tokyo-np.co.jp/,ok,,
2026-10-01,2026-10-01T01:09:04.482656+09:00,全国紙,全国,東京新聞,議員定数見直し「10月末をめどに結論」 与野党の協議報告書、「削減」の文言削除 野党の警戒感は消えず,https://www.tokyo-np.co.jp/article/518753,https://www.tokyo-np.co.jp/,ok,,
2026-10-01,2026-10-01T01:09:04.482656+09:00,全国紙,全国,東京新聞,AI声模倣への「抑止力に」 津田健次郎さん訴訟で「パブリシティー権」認める初判断,https://www.tokyo-np.co.jp/article/518742,https://www.tokyo-np.co.jp/,ok,,
2026-10-01,2026-10-01T01:09:04.482656+09:00,全国紙,全国,東京新聞,森保監督が鈴木彩艶の先発明言 10月1日エクアドル戦、日本代表の現在地を測る一戦に,https://www.tokyo-np.co.jp/article/518758,https://www.tokyo-np.co.jp/,ok,,
2026-10-01,2026-10-01T01:09:04.482656+09:00,全国紙,全国,東京新聞,「意見述べると怒られる」...東武日光線4人死亡事故、非番の上司が指揮するなど複数違反,https://www.tokyo-np.co.jp/article/518731,https://www.tokyo-np.co.jp/,ok,,
2026-10-01,2026-10-01T01:09:04.482656+09:00,全国紙,全国,東京新聞,竜鳳「まずは勝ち越し」、旭富士「優勝したい」...新十両昇進の2人が九州場所へ闘志,https://www.tokyo-np.co.jp/article/518718,https://www.tokyo-np.co.jp/,ok,,
2026-10-01,2026-10-01T01:09:04.482656+09:00,全国紙,全国,東京新聞,AI暴走への懸念の中で...トランプ氏とアメリカ主要企業の首脳らが「自主規制」で合意,https://www.tokyo-np.co.jp/article/518712,https://www.tokyo-np.co.jp/,ok,,
2026-10-01,2026-10-01T01:09:04.482656+09:00,全国紙,全国,東京新聞,北朝鮮の金与正氏、非武装地帯での地雷爆発「韓国側の自作自演」と反発 韓国軍は謝罪要求,https://www.tokyo-np.co.jp/article/518713,https://www.tokyo-np.co.jp/,ok,,
2026-10-01,2026-10-01T01:09:04.482656+09:00,全国紙,全国,東京新聞,日本郵便汚職で運送会社代表らに有罪判決...ディズニー宿泊費など120万円相当を接待,https://www.tokyo-np.co.jp/article/518699,https://www.tokyo-np.co.jp/,ok,,
2026-10-01,2026-10-01T01:09:04.482656+09:00,全国紙,全国,東京新聞,浜岡原発データ不正、中部電力の勝野哲会長らを刑事告発 偽計業務妨害疑い「安全の基礎を揺るがす」,https://www.tokyo-np.co.jp/article/518686,https://www.tokyo-np.co.jp/,ok,,
2026-10-01,2026-10-01T01:09:04.482656+09:00,全国紙,全国,東京新聞,津久井やまゆり園事件・植松聖死刑囚の2度目の再審請求認めず 最高裁が特別抗告棄却,https://www.tokyo-np.co.jp/article/518707,https://www.tokyo-np.co.jp/,ok,,
2026-10-01,2026-10-01T01:09:04.482656+09:00,全国紙,全国,東京新聞,なぜ妻の姓は「ソコロワ」で夫は「ソコロフ」? 話を聞いて分かった日本語にないルール,https://www.tokyo-np.co.jp/article/509286,https://www.tokyo-np.co.jp/,ok,,
2026-10-01,2026-10-01T01:09:04.482656+09:00,全国紙,全国,東京新聞,〈ザ・ニュースペーパー 紙上LIVE〉オガワ淳也氏、新党立ち上げ演説 (“号泣”)やっと代表になったんです~!,https://www.tokyo-np.co.jp/article/518590,https://www.tokyo-np.co.jp/,ok,,tag_movie
2026-10-01,2026-10-01T01:09:04.482656+09:00,全国紙,全国,東京新聞,〈動画〉改正皇室典範と旧宮家の養子制度...政府と皇室の間で何が? 望月衣塑子記者が高森明勅氏に聞く,https://www.tokyo-np.co.jp/article/518240,https://www.tokyo-np.co.jp/,ok,,tag_movie
2026-10-01,2026-10-01T01:09:04.482656+09:00,全国紙,全国,東京新聞,〈動画〉望月記者がいのちの党の会見を解説 伊勢崎副代表が誤爆疑惑のイラン小学校訪問...日本の対応に疑問,https://www.tokyo-np.co.jp/article/517688,https://www.tokyo-np.co.jp/,ok,,tag_movie
2026-10-01,2026-10-01T01:09:04.482656+09:00,全国紙,全国,東京新聞,〈彩 首都圏の四季を訪ねて〉しっとり 紫色の秋 三渓園のハギ(横浜市中区),https://www.tokyo-np.co.jp/article/517962,https://www.tokyo-np.co.jp/,ok,,square
2026-10-01,2026-10-01T01:09:04.482656+09:00,全国紙,全国,中日新聞,企業・自治体カスハラ対策義務化 予防方針を明示、再発防止も,https://www.chunichi.co.jp/article/1318927,https://www.chunichi.co.jp/,ok,,
2026-10-01,2026-10-01T01:09:04.482656+09:00,全国紙,全国,中日新聞,サッカー男子、日本がウズベキスタンに勝利 PK戦制し16年ぶりアジア大会制覇へ王手,https://www.chunichi.co.jp/article/1318877,https://www.chunichi.co.jp/,ok,,
2026-10-01,2026-10-01T01:09:04.482656+09:00,全国紙,全国,中日新聞,サイバー攻撃の無害化措置可能に 事業者、政府に被害報告義務化,https://www.chunichi.co.jp/article/1318932,https://www.chunichi.co.jp/,ok,,
2026-10-01,2026-10-01T01:09:04.482656+09:00,全国紙,全国,中日新聞,「憧れの兄貴」の分まで...つかんだ銀メダル カヌー・田中雄己選手「羽根田卓也選手と一緒に戦っていたつもり」,https://www.chunichi.co.jp/article/1318844,https://www.chunichi.co.jp/,ok,,
2026-10-01,2026-10-01T01:09:04.482656+09:00,全国紙,全国,中日新聞,ふるさと納税、返礼ルール厳格化 「違反疑い」防止へ総務省,https://www.chunichi.co.jp/article/1318933,https://www.chunichi.co.jp/,ok,,
2026-10-01,2026-10-01T01:09:04.482656+09:00,全国紙,全国,中日新聞,eスポーツIdentityV第五人格、日本が銀メダル 愛知・名古屋アジア大会,https://www.chunichi.co.jp/article/1318865,https://www.chunichi.co.jp/,ok,,
2026-10-01,2026-10-01T01:09:04.482656+09:00,全国紙,全国,中日新聞,300人以上の順番待ち 在留手数料が10月から大幅値上げ、名古屋入管は駆け込み申請で混雑,https://www.chunichi.co.jp/article/1318875,https://www.chunichi.co.jp/,ok,,
2026-10-01,2026-10-01T01:09:04.482656+09:00,全国紙,全国,中日新聞,ア大会、柔道の近藤兄妹が優勝 クライミング安楽がV,https://www.chunichi.co.jp/article/1318720,https://www.chunichi.co.jp/,ok,,
2026-10-01,2026-10-01T01:09:04.482656+09:00,全国紙,全国,中日新聞,小牧市の小島倫明議長が辞表提出、就任2週間 イベントで女性の容姿やゆ、女性の夫とつかみ合いか,https://www.chunichi.co.jp/article/1318707,https://www.chunichi.co.jp/,ok,,
2026-10-01,2026-10-01T01:09:04.482656+09:00,全国紙,全国,中日新聞,伊勢市商店街火災1カ月、撤去作業の見通し立たず 市長「市道の早期開通を検討」,https://www.chunichi.co.jp/article/1318823,https://www.chunichi.co.jp/,ok,,
2026-10-01,2026-10-01T01:09:04.482656+09:00,全国紙,全国,中日新聞,【データで裏付け】中日・藤嶋健人のストレートは特別なストレート!空振り取れる直球”平均ホップ成分”は59・4センチで12球団トップ,https://www.chunichi.co.jp/article/1318925,https://www.chunichi.co.jp/,ok,,
2026-10-01,2026-10-01T01:09:04.482656+09:00,全国紙,全国,中日新聞,読者が選ぶ中日グッとコラム2026上半期 投票で選ばれたのは?,https://www.chunichi.co.jp/article/1302583,https://www.chunichi.co.jp/,ok,,
2026-10-01,2026-10-01T01:09:04.482656+09:00,全国紙,全国,中日新聞,「移民ビジネス」外国人の受け入れを巡る現実と課題,https://www.chunichi.co.jp/article/1233264,https://www.chunichi.co.jp/,ok,,
2026-10-01,2026-10-01T01:09:04.482656+09:00,全国紙,全国,中日新聞,【南山大&中日新聞ポッドキャスト企画】アメリカを考える~独立宣言から250年の大変動,https://www.chunichi.co.jp/article/1270383,https://www.chunichi.co.jp/,ok,,
2026-10-01,2026-10-01T01:09:04.482656+09:00,全国紙,全国,中日新聞,【第1部・外国人団地】共生を目指す外国人労働者の姿を描く,https://www.chunichi.co.jp/article/1237076,https://www.chunichi.co.jp/,ok,,
2026-10-01,2026-10-01T01:09:04.482656+09:00,全国紙,全国,中日新聞,【デジタル地図】南海トラフ巨大地震の想定震度マップ。あなたの地域の想定震度をチェック,https://www.chunichi.co.jp/article/1046009,https://www.chunichi.co.jp/,ok,,
2026-10-01,2026-10-01T01:09:04.482656+09:00,全国紙,全国,中日新聞,【動画・連日更新】アジア大会メダリストセレブレーション,https://www.chunichi.co.jp/article/1317675,https://www.chunichi.co.jp/,ok,,video
2026-10-01,2026-10-01T01:09:04.482656+09:00,全国紙,全国,中日新聞,【動画】黒部宇奈月キャニオンルートを記者が一足早く体験 難工事の軌跡、身近に,https://www.chunichi.co.jp/article/1318223,https://www.chunichi.co.jp/,ok,,video
2026-10-01,2026-10-01T01:09:04.482656+09:00,全国紙,全国,中日新聞,【動画】蒲郡市で「世界最速軽トラ」の決定戦、Kトラワールドシリーズ,https://www.chunichi.co.jp/article/1317568,https://www.chunichi.co.jp/,ok,,video
2026-10-01,2026-10-01T01:09:04.482656+09:00,全国紙,全国,中日新聞,黄金の翼、早起きをすれば見られるかも パークアリーナ小牧,https://www.chunichi.co.jp/article/1316931,https://www.chunichi.co.jp/,ok,,tag_photo
2026-10-01,2026-10-01T01:09:04.482656+09:00,地方紙,北海道,北海道新聞,,,,skipped,公式RSSはあるが、見出し・本文の公開(再配信)を認めない旨の規約があるため自動取得の対象外とする。,
2026-10-01,2026-10-01T01:09:04.482656+09:00,地方紙,宮城,河北新報,,,,skipped,robots.txtが/rss/をDisallowしておりRSS購読不可。私的利用限定・二次利用禁止の規約があるため自動取得の対象外とする。,
2026-10-01,2026-10-01T01:09:04.482656+09:00,地方紙,新潟,新潟日報,,,,skipped,利用規約でデータマイニング・テキストマイニング・AI学習目的の情報処理・解析利用を明示的に禁止しているため自動取得の対象外とする。,
2026-10-01,2026-10-01T01:09:04.482656+09:00,地方紙,長野,信濃毎日新聞,八十二長野銀、富山第一銀が包括業務提携 人口減など共通課題の解決目指す09/30 21:24八十二長野銀行(長野市)と富山第一銀行(富山市)は30日、同日付で包括業務提携を結び「北アルプス地域共創パートナーシップ」を発足したと発表した。両行のネットワークや知見などを生かし、地域企業の成長支援を図る。地盤が隣接する利点を生かし、人口減少や労働力不足、事業承継といった共通の課題の解決に当たる...,https://www.shinmai.co.jp/news/article/gf01dauf64onn8tk86f6h150,https://www.shinmai.co.jp/,ok,,
2026-10-01,2026-10-01T01:09:04.482656+09:00,地方紙,長野,信濃毎日新聞,新光電気工業(長野市)、JDIの茂原工場を取得 半導体パッケージ用基板の生産大幅増強へ09/30 21:16,https://www.shinmai.co.jp/news/article/gf01dauf63dblj4h2lnc85vg,https://www.shinmai.co.jp/,ok,,
2026-10-01,2026-10-01T01:09:04.482656+09:00,地方紙,長野,信濃毎日新聞,おくやみ速報(10月1日付分)09/30 20:00,https://www.shinmai.co.jp/news/article/gf01daudotdblj4h2lnc7ln0,https://www.shinmai.co.jp/,ok,,
2026-10-01,2026-10-01T01:09:04.482656+09:00,地方紙,長野,信濃毎日新聞,秋の北信越高校野球大会 長野県代表の上田西、松商学園、佐久長聖の対戦相手決まる09/30 19:30,https://www.shinmai.co.jp/news/article/gf01daue7ntblj4h2lnc7rb0,https://www.shinmai.co.jp/,ok,,
2026-10-01,2026-10-01T01:09:04.482656+09:00,地方紙,長野,信濃毎日新聞,酒酔い運転容疑者を危険運転致傷疑いに切り替え送検 長野県で法改正後に初適用09/30 18:15,https://www.shinmai.co.jp/news/article/gf01daucps8nn8tk86f6g3fg,https://www.shinmai.co.jp/,ok,,
2026-10-01,2026-10-01T01:09:04.482656+09:00,地方紙,長野,信濃毎日新聞,上田市で全国有数規模の蓄電池施設計画が浮上 予定地は住宅も近い工場跡地09/30 06:05,https://www.shinmai.co.jp/news/article/gf01datr788nn8tk86f6d4ug,https://www.shinmai.co.jp/,ok,,
2026-10-01,2026-10-01T01:09:04.482656+09:00,地方紙,長野,信濃毎日新聞,1箕輪町で軽乗用車の単独事故、運転の女性死亡,https://www.shinmai.co.jp/news/article/gf01daugp7lblj4h2lnc8i3g,https://www.shinmai.co.jp/,ok,,
2026-10-01,2026-10-01T01:09:04.482656+09:00,地方紙,長野,信濃毎日新聞,4ネクステージ長野南店の元従業員、初公判で顧客から詐取認める,https://www.shinmai.co.jp/news/article/gf01datqud5blj4h2lnc48q0,https://www.shinmai.co.jp/,ok,,
2026-10-01,2026-10-01T01:09:04.482656+09:00,地方紙,長野,信濃毎日新聞,5諏訪地域が舞台の朝ドラ「巡るスワン」、経済効果185億円と試算 観光客105万人増,https://www.shinmai.co.jp/news/article/gf01d82sbldjs2ib6gid3vv0,https://www.shinmai.co.jp/,ok,,
2026-10-01,2026-10-01T01:09:04.482656+09:00,地方紙,長野,信濃毎日新聞,県歌「信濃の国」の冒頭にあるように、長野県は旧国名では十州、現在は8県に接しています。その境目には厳しい山岳や谷があり、古来、物や文化が行き交う道があり、躍動する人たちがいます。大型写真連載「信州縁撮(ふちど)り」は、写真記者が県境付近の地域を歩き、その“今”を切り取ります。信州を魅力あるものにしている自然や歴史、人々の営みにカメラを向けます。,https://www.shinmai.co.jp/news/article/gf01dah1jmlttbkcu3krfl40,https://www.shinmai.co.jp/,ok,,
2026-10-01,2026-10-01T01:09:04.482656+09:00,地方紙,長野,信濃毎日新聞,ライチョウ20羽との出会いに驚き 北アルプス白馬岳で深まりゆく秋を堪能【動画付き】長野県社会主要信州の山ウェブオリジナル北アルプスタカシが行くライチョウ09/29 17:46,https://www.shinmai.co.jp/news/article/gf01datdjulblj4h2lnc0smg,https://www.shinmai.co.jp/,ok,,
2026-10-01,2026-10-01T01:09:04.482656+09:00,地方紙,長野,信濃毎日新聞,【4コマ】上杉謙信も食べた?飯山の笹ずし【ここがわからんばい!信州】長野県主要くらし・話題ウェブオリジナルここがわからんばい!信州飯山市09/29 11:30,https://www.shinmai.co.jp/news/article/gf01dast42tblj4h2lnbtmp0,https://www.shinmai.co.jp/,ok,,
2026-10-01,2026-10-01T01:09:04.482656+09:00,地方紙,長野,信濃毎日新聞,放送約2500回、長野県の各地を“ずく”出して探し歩いた10年の記録【ずくだせの日々】長野県文化・芸能くらし・話題主要ウェブオリジナルエンタメイブニング信毎09/27 06:02,https://www.shinmai.co.jp/news/article/gf01darhsg629c62qgij16q0,https://www.shinmai.co.jp/,ok,,
2026-10-01,2026-10-01T01:09:04.482656+09:00,地方紙,長野,信濃毎日新聞,朝ドラ「巡るスワン」未発表の署長の役名は? 制作統括がふと口にした諏訪に多い名字長野県くらし・話題文化・芸能主要ウェブオリジナルエンタメ諏訪湖巡るスワン諏訪市09/26 06:03,https://www.shinmai.co.jp/news/article/gf01dar05fu29c62qgiitev0,https://www.shinmai.co.jp/,ok,,
2026-10-01,2026-10-01T01:09:04.482656+09:00,地方紙,長野,信濃毎日新聞,カレー代が400円足りない... 失敗した16歳、3年かけての恩返し長野県主要くらし・話題ウェブオリジナルイブニング信毎朝日新聞コラボ「いつも、どこかで」09/25 17:00,https://www.shinmai.co.jp/news/article/gf01dal2vk629c62qgihv2og,https://www.shinmai.co.jp/,ok,,
2026-10-01,2026-10-01T01:09:04.482656+09:00,地方紙,長野,信濃毎日新聞,氷河の動き、年代に迫る 北アルプス杓子沢でボーリング調査 新潟大〈山と人と信州と〉長野県社会信州の山ウェブオリジナル山と人と信州と北アルプス09/25 06:04,https://www.shinmai.co.jp/news/article/gf01daqa2knscpf4olnkmcgg,https://www.shinmai.co.jp/,ok,,
2026-10-01,2026-10-01T01:09:04.482656+09:00,地方紙,長野,信濃毎日新聞,日本最南端の島で思う沖縄が抱え続ける不条理長野県社会ウェブオリジナルイブニング信毎「戦後」を次代へコラム「硬面軟面」09/24 06:05,https://www.shinmai.co.jp/news/article/gf01dapl4mm29c62qgiilgj0,https://www.shinmai.co.jp/,ok,,
2026-10-01,2026-10-01T01:09:04.482656+09:00,地方紙,長野,信濃毎日新聞,なぜなの?ナニが問題なの? 「安保3文書」信毎記者が詳しく解説長野県主要政治ウェブオリジナル09/23 06:01,https://www.shinmai.co.jp/news/article/SHEX2026091100004830,https://www.shinmai.co.jp/,ok,,
2026-10-01,2026-10-01T01:09:04.482656+09:00,地方紙,静岡,静岡新聞,,,https://www.at-s.com/,error,405 Client Error: Not Allowed for url: https://www.at-s.com/,
2026-10-01,2026-10-01T01:09:04.482656+09:00,地方紙,京都,京都新聞,人事異動ポータル,https://www.kyoto-np.co.jp/articles/-/1250583,https://www.kyoto-np.co.jp/,ok,,
2026-10-01,2026-10-01T01:09:04.482656+09:00,地方紙,京都,京都新聞,速報米連邦取引委員会がAI大手調査と報道,https://www.kyoto-np.co.jp/articles/-/1800159,https://www.kyoto-np.co.jp/,ok,,
2026-10-01,2026-10-01T01:09:04.482656+09:00,地方紙,京都,京都新聞,ニデック「不正会計問題」で減損損失6321億円 過去最大の最終赤字に9月30日市内ニデックは30日、不正会計問題に伴って延期していた2026年3月期の連結決算(国際会計基準)について、純損益が5646億円の赤字(前期は8...,https://www.kyoto-np.co.jp/articles/-/1799875,https://www.kyoto-np.co.jp/,ok,,
2026-10-01,2026-10-01T01:09:04.482656+09:00,地方紙,京都,京都新聞,京都府がサーバー更新忘れ、障害者手帳の所持者がマイナポータル利用できず 本紙「読者に応える」投稿で判明9月30日京都マイナンバー取得者向けのデジタル庁のサイト「マイナポータル」で、京都府が管理を担うサーバーの更新を忘れ、6月中旬から8月末まで約2カ月半、...,https://www.kyoto-np.co.jp/articles/-/1799274,https://www.kyoto-np.co.jp/,ok,,
2026-10-01,2026-10-01T01:09:04.482656+09:00,地方紙,京都,京都新聞,京都人の懸案「同志社大学」近くのラーメン店「天下一品」は再オープンするか? 関係者「やるなら...」9月30日地域こってりラーメンで知られるラーメンチェーン「天下一品」を運営する天一食品商事(大津市)の金田知門専務が京都新聞社のインタビューに応じ、国内...,https://www.kyoto-np.co.jp/articles/-/1793189,https://www.kyoto-np.co.jp/,ok,,
2026-10-01,2026-10-01T01:09:04.482656+09:00,地方紙,京都,京都新聞,京都府南部の私立大学が「知名度アップ」に秘策 「一緒に考え、つくる」高大連携の狙い9月30日地域京都文教大(京都府宇治市槙島町)が、山城地域にある府立高校との「高大連携」に力を入れている。高校の探究学習に教職員や学生を派遣したり、企業...,https://www.kyoto-np.co.jp/articles/-/1798761,https://www.kyoto-np.co.jp/,ok,,
2026-10-01,2026-10-01T01:09:04.482656+09:00,地方紙,京都,京都新聞,「滋賀の小さな書店にうちの本が並ぶイメージない」 出版社に言われた滋賀のローカル書店、そのとき社長は...9月30日地域出版不況とはいえ、国内では年間約6万5千点、1日平均約180点もの新刊が出ている。都市部には100万冊以上をそろえる超大型書店があり、欲し...,https://www.kyoto-np.co.jp/articles/-/1798820,https://www.kyoto-np.co.jp/,ok,,
2026-10-01,2026-10-01T01:09:04.482656+09:00,地方紙,京都,京都新聞,京都大学の湊長博総長「もうこんな思いをしなくて済む」 退任に際して漏らした本音とは9月30日市内京都大の湊長博総長が30日、6年間の任期を終えて退任した。京都市左京区の京大で記者会見し、世界に伍する研究大を掲げて学内の体制整備に尽力し...,https://www.kyoto-np.co.jp/articles/-/1800004,https://www.kyoto-np.co.jp/,ok,,
2026-10-01,2026-10-01T01:09:04.482656+09:00,地方紙,京都,京都新聞,京都市中京区の専門店に「松茸」初入荷 「初日からこんなに出る経験ない」9月30日市内京都府産のマツタケが30日、京都市内の専門店に今季初めて入荷した。例年は数本程度だが、今年は約,https://www.kyoto-np.co.jp/articles/-/1799825,https://www.kyoto-np.co.jp/,ok,,
2026-10-01,2026-10-01T01:09:04.482656+09:00,地方紙,京都,京都新聞,乃木坂46・弓木奈於さん、関西メンバーが増えたら...夢は? 五百城茉央さん、大人数グループ「集団の美も」9月30日市内,https://www.kyoto-np.co.jp/articles/-/1796880,https://www.kyoto-np.co.jp/,ok,,
2026-10-01,2026-10-01T01:09:04.482656+09:00,地方紙,京都,京都新聞,京都府内、クレーンなど重機扱う運搬会社が自己破産へ 倒壊事故を起こし、損失処理で経営混乱9月29日地域,https://www.kyoto-np.co.jp/articles/-/1798428,https://www.kyoto-np.co.jp/,ok,,
2026-10-01,2026-10-01T01:09:04.482656+09:00,地方紙,京都,京都新聞,北陸新幹線延伸ルート、JR京都駅案「断念」でどんな影響が 評価「やり直し」求める声も9月29日市内,https://www.kyoto-np.co.jp/articles/-/1798411,https://www.kyoto-np.co.jp/,ok,,
2026-10-01,2026-10-01T01:09:04.482656+09:00,地方紙,京都,京都新聞,「脱レアアース」「超省エネ」京都府南部の「設立4年」企業、夢の技術を実用化 大手デンソーと資本提携9月29日地域,https://www.kyoto-np.co.jp/articles/-/1796988,https://www.kyoto-np.co.jp/,ok,,
2026-10-01,2026-10-01T01:09:04.482656+09:00,地方紙,京都,京都新聞,京都市の国道にある危険「アンダーパス」 豪雨時に冠水「立ち往生」リスクも 対策は進んでいるのか9月28日市内,https://www.kyoto-np.co.jp/articles/-/1797204,https://www.kyoto-np.co.jp/,ok,,
2026-10-01,2026-10-01T01:09:04.482656+09:00,地方紙,京都,京都新聞,京都サンガのACLE初挑戦、戦いは「1カ月前」から始まっていた 知られざる舞台裏とは9月26日地域,https://www.kyoto-np.co.jp/articles/-/1794853,https://www.kyoto-np.co.jp/,ok,,
2026-10-01,2026-10-01T01:09:04.482656+09:00,地方紙,京都,京都新聞,慣れない異国で助け合うサンガサポーター、相手サポと交流も 京都サンガ、初のACLE挑戦9月26日地域,https://www.kyoto-np.co.jp/articles/-/1794921,https://www.kyoto-np.co.jp/,ok,,
2026-10-01,2026-10-01T01:09:04.482656+09:00,地方紙,京都,京都新聞,京都府北部の田園風景にぽつんと現れる「コロッセオ」 1日1組に「一棟貸し」する建物の正体は?9月26日地域,https://www.kyoto-np.co.jp/articles/-/1795029,https://www.kyoto-np.co.jp/,ok,,
2026-10-01,2026-10-01T01:09:04.482656+09:00,地方紙,京都,京都新聞,京都サンガ、初のACLE挑戦 分刻みスケジュールでスタッフ「久しぶりに1キロくらい走った」9月26日地域,https://www.kyoto-np.co.jp/articles/-/1794922,https://www.kyoto-np.co.jp/,ok,,
2026-10-01,2026-10-01T01:09:04.482656+09:00,地方紙,京都,京都新聞,京都市伏見区「日本最古の私立学校」がルーツの大学どう残す? 「18歳減少時代」乗り切る経営戦略は9月26日市内,https://www.kyoto-np.co.jp/articles/-/1796237,https://www.kyoto-np.co.jp/,ok,,
2026-10-01,2026-10-01T01:09:04.482656+09:00,地方紙,京都,京都新聞,愛知・名古屋アジア大会2026全国・海外,https://www.kyoto-np.co.jp/articles/-/1789057,https://www.kyoto-np.co.jp/,ok,,
2026-10-01,2026-10-01T01:09:04.482656+09:00,地方紙,兵庫,神戸新聞,神戸で連続発砲事件 2人死傷、元組員の男を逮捕 県警「暴力団同士の抗争の情報なし」,https://www.kobe-np.co.jp/news/society/202609/0020878534.shtml,https://www.kobe-np.co.jp/,ok,,
2026-10-01,2026-10-01T01:09:04.482656+09:00,地方紙,兵庫,神戸新聞,わずか10分、白昼の住宅街で2度の凶行 「なぜこんなところで」,https://www.kobe-np.co.jp/news/society/202609/0020878606.shtml,https://www.kobe-np.co.jp/,ok,,
2026-10-01,2026-10-01T01:09:04.482656+09:00,地方紙,兵庫,神戸新聞,神戸市内を中心に相次ぐ発砲事件 一般人が巻き込まれて死傷する悲劇も,https://www.kobe-np.co.jp/news/society/202609/0020878642.shtml,https://www.kobe-np.co.jp/,ok,,
2026-10-01,2026-10-01T01:09:04.482656+09:00,地方紙,兵庫,神戸新聞,神戸の洋館、解体直前に購入 100年の歴史残したい、市民の挑戦,https://www.kobe-np.co.jp/news/society/202609/0020876683.shtml,https://www.kobe-np.co.jp/,ok,,
2026-10-01,2026-10-01T01:09:04.482656+09:00,地方紙,兵庫,神戸新聞,救急車の出動要請件数、「#7119」電話相談の1割,https://www.kobe-np.co.jp/news/society/202609/0020877929.shtml,https://www.kobe-np.co.jp/,ok,,
2026-10-01,2026-10-01T01:09:04.482656+09:00,地方紙,兵庫,神戸新聞,大粒でこくある豊かな味わい 「丹波篠山黒枝豆」10月8日解禁,https://www.kobe-np.co.jp/news/society/202609/0020877464.shtml,https://www.kobe-np.co.jp/,ok,,
2026-10-01,2026-10-01T01:09:04.482656+09:00,地方紙,兵庫,神戸新聞,世界初、CO2排出「ゼロ」の大型タンカー航行に成功 神戸港で公開,https://www.kobe-np.co.jp/news/economy/202609/0020878126.shtml,https://www.kobe-np.co.jp/,ok,,
2026-10-01,2026-10-01T01:09:04.482656+09:00,地方紙,兵庫,神戸新聞,ヴィッセル神戸・スキッベ監督「相手にとって対戦しづらいチームに」,https://www.kobe-np.co.jp/news/sports/202609/0020877884.shtml,https://www.kobe-np.co.jp/,ok,,
2026-10-01,2026-10-01T01:09:04.482656+09:00,地方紙,兵庫,神戸新聞,マキシン社長に渡邊江美氏 34年ぶり交代,https://www.kobe-np.co.jp/news/economy/202609/0020877685.shtml,https://www.kobe-np.co.jp/,ok,,
2026-10-01,2026-10-01T01:09:04.482656+09:00,地方紙,兵庫,神戸新聞,【更新】妻の遺体切断し遺棄した容疑、西宮市の医師を逮捕,https://www.kobe-np.co.jp/news/jiken/202609/0020877601.shtml,https://www.kobe-np.co.jp/,ok,,
2026-10-01,2026-10-01T01:09:04.482656+09:00,地方紙,兵庫,神戸新聞,【独自】医師の男、逮捕前の取材に「言いたくない」と話す,https://www.kobe-np.co.jp/news/jiken/202609/0020878207.shtml,https://www.kobe-np.co.jp/,ok,,
2026-10-01,2026-10-01T01:09:04.482656+09:00,地方紙,兵庫,神戸新聞,赤穂市長選 新人の荒木氏が立候補表明 27年1月17日投開票,https://www.kobe-np.co.jp/news/society/202609/0020877586.shtml,https://www.kobe-np.co.jp/,ok,,
2026-10-01,2026-10-01T01:09:04.482656+09:00,地方紙,兵庫,神戸新聞,芦屋の男性、仮想通貨8億2600万円相当だまし取られる,https://www.kobe-np.co.jp/news/sagi/202609/0020877698.shtml,https://www.kobe-np.co.jp/,ok,,
2026-10-01,2026-10-01T01:09:04.482656+09:00,地方紙,兵庫,神戸新聞,「マック」天国へ,https://www.kobe-np.co.jp/news/society/202609/0020877945.shtml,https://www.kobe-np.co.jp/,ok,,
2026-10-01,2026-10-01T01:09:04.482656+09:00,地方紙,兵庫,神戸新聞,<県政リアル 知事就任5年>(6)距離感 離れた大阪、県内首長も模索,https://www.kobe-np.co.jp/news/society/202608/0020681985.shtml,https://www.kobe-np.co.jp/,ok,,
2026-10-01,2026-10-01T01:09:04.482656+09:00,地方紙,兵庫,神戸新聞,沖縄知事選、荒れるSNS 動画、Xの大半が県外発 AI悪用し中傷拡散 兵庫知事選と重なる投稿者も,https://www.kobe-np.co.jp/news/society/202609/0020810373.shtml,https://www.kobe-np.co.jp/,ok,,
2026-10-01,2026-10-01T01:09:04.482656+09:00,地方紙,兵庫,神戸新聞,「チョコだけじゃない」モロゾフが焼き菓子にシフト カカオ高騰と猛暑に苦慮 新ブランド投入,https://www.kobe-np.co.jp/news/economy/202609/0020855075.shtml,https://www.kobe-np.co.jp/,ok,,
2026-10-01,2026-10-01T01:09:04.482656+09:00,地方紙,兵庫,神戸新聞,中学部活の地域展開「あかしタイム」、2027年9月に全面移行へ 「段階的に」から転換,https://www.kobe-np.co.jp/news/akashi/202609/0020855522.shtml,https://www.kobe-np.co.jp/,ok,,
2026-10-01,2026-10-01T01:09:04.482656+09:00,地方紙,兵庫,神戸新聞,芦屋市の「危ない交差点」 広めの路側帯、後ろのバイクに注意 左折時の巻き込み事故相次ぐ,https://www.kobe-np.co.jp/news/richb/202609/0020875070.shtml,https://www.kobe-np.co.jp/,ok,,
2026-10-01,2026-10-01T01:09:04.482656+09:00,地方紙,兵庫,神戸新聞,<近日公開 10月のオススメ記事>秋祭り、美術展との連動企画、高校野球秋季大会...etc.,https://www.kobe-np.co.jp/news/richa/202609/0020872865.shtml,https://www.kobe-np.co.jp/,ok,,
2026-10-01,2026-10-01T01:09:04.482656+09:00,地方紙,広島,中国新聞,,,,skipped,利用規約でAI開発目的のディープラーニング等の情報処理・解析利用を明示的に禁止しているため自動取得の対象外とする。,
2026-10-01,2026-10-01T01:09:04.482656+09:00,地方紙,福岡,西日本新聞,,,,skipped,公式RSSはあるが、利用規約でAI学習目的の情報処理・解析利用を明示的に禁止しているため自動取得の対象外とする。,
2026-10-01,2026-10-01T01:09:04.482656+09:00,地方紙,熊本,熊本日日新聞,永住許可要件のガイドライン改定,https://kumanichi.com/articles/2041496,https://kumanichi.com/rss.xml,ok,,
2026-10-01,2026-10-01T01:09:04.482656+09:00,地方紙,熊本,熊本日日新聞,酒税改正でビール値下げ開始,https://kumanichi.com/articles/2041495,https://kumanichi.com/rss.xml,ok,,
2026-10-01,2026-10-01T01:09:04.482656+09:00,地方紙,熊本,熊本日日新聞,企業・自治体カスハラ対策義務化,https://kumanichi.com/articles/2041492,https://kumanichi.com/rss.xml,ok,,
2026-10-01,2026-10-01T01:09:04.482656+09:00,地方紙,熊本,熊本日日新聞,サイバー攻撃の無害化措置可能に,https://kumanichi.com/articles/2041490,https://kumanichi.com/rss.xml,ok,,
2026-10-01,2026-10-01T01:09:04.482656+09:00,地方紙,熊本,熊本日日新聞,ふるさと納税、返礼ルール厳格化,https://kumanichi.com/articles/2041491,https://kumanichi.com/rss.xml,ok,,
2026-10-01,2026-10-01T01:09:04.482656+09:00,地方紙,熊本,熊本日日新聞,米連邦取引委、AI大手を調査,https://kumanichi.com/articles/2041494,https://kumanichi.com/rss.xml,ok,,
2026-10-01,2026-10-01T01:09:04.482656+09:00,地方紙,熊本,熊本日日新聞,異常タンパク質の「形」が波及,https://kumanichi.com/articles/2041493,https://kumanichi.com/rss.xml,ok,,
2026-10-01,2026-10-01T01:09:04.482656+09:00,地方紙,熊本,熊本日日新聞,為替相場 1日(日本時間 0時),https://kumanichi.com/articles/2041047,https://kumanichi.com/rss.xml,ok,,
2026-10-01,2026-10-01T01:09:04.482656+09:00,地方紙,熊本,熊本日日新聞,<PR>10月1日は乳がん検診の日。乳がんの早期発見のために~ブレスト・アウエアネスと「高濃度乳房」を知っていますか~,https://kumanichi.com/articles/2040937,https://kumanichi.com/rss.xml,ok,,
2026-10-01,2026-10-01T01:09:04.482656+09:00,地方紙,熊本,熊本日日新聞,米連邦取引委員会がAI大手調査と報道,https://kumanichi.com/articles/2041489,https://kumanichi.com/rss.xml,ok,,
2026-10-01,2026-10-01T01:09:04.482656+09:00,地方紙,鹿児島,南日本新聞,西郷隆盛没後150年なのに...鹿児島市の観光周遊バス「シティビュー」見直し――来春から南洲顕彰館など停車激減鹿児島市は2027年4月から、観光地周遊バス「カゴシマシティビュー」の運行体制を大幅に見直す。減便やコース変更により、「西郷南洲顕彰館(南洲公園)前」など4停留所で停車回数が3分の1以下に減る。西郷隆盛没後150年の節目にあたり、関心の高まりに水を差すことにならないか懸念する声もある。 シティビューは市観光交流局が事業主体で、運行を市交通局が担う。鹿児島中央駅発着で1日19便あり、観光ス9月30日 14:00,https://373news.com/news/local/detail/240280/,https://373news.com/,ok,,local
2026-10-01,2026-10-01T01:09:04.482656+09:00,地方紙,鹿児島,南日本新聞,鹿児島の10代女性に「会いたい」...SNSで福岡に誘い出し連れ回した35歳大学生を逮捕10月1日 00:35,https://373news.com/news/local/detail/240328/,https://373news.com/,ok,,local
2026-10-01,2026-10-01T01:09:04.482656+09:00,地方紙,鹿児島,南日本新聞,「ごみ処理費用支出は違法」――鹿児島県西之表市・自衛隊宿舎建設地ごみ問題で住民訴訟9月30日 21:00,https://373news.com/news/local/detail/240321/,https://373news.com/,ok,,local
2026-10-01,2026-10-01T01:09:04.482656+09:00,地方紙,鹿児島,南日本新聞,沿線63カ所でスタンプラリー計画 指宿枕崎線在り方会議 千葉・小湊鉄道に学ぶ「地域の熱量」9月30日 20:07,https://373news.com/news/local/detail/240320/,https://373news.com/,ok,,local
2026-10-01,2026-10-01T01:09:04.482656+09:00,地方紙,鹿児島,南日本新聞,鹿児島の外国人労働者「まさか20倍とは高すぎ...」 10月1日から在留・永住手続きの手数料引き上げ――駆け込む窓口、仕送り減らせぬ悲鳴9月30日 20:00,https://373news.com/news/local/detail/240315/,https://373news.com/,ok,,local
2026-10-01,2026-10-01T01:09:04.482656+09:00,地方紙,鹿児島,南日本新聞,鹿児島県内8月の宿泊客数は16.4%減――熊本地震と奄美の台風が直撃9月30日 20:00,https://373news.com/news/local/detail/240314/,https://373news.com/,ok,,local
2026-10-01,2026-10-01T01:09:04.482656+09:00,地方紙,鹿児島,南日本新聞,「消費者との信頼構築のツール」―食肉業者ら230人、食品表示法を学ぶ 水迫畜産の産地偽装事件受け鹿児島県が講習会9月30日 19:58,https://373news.com/news/local/detail/240319/,https://373news.com/,ok,,local
2026-10-01,2026-10-01T01:09:04.482656+09:00,地方紙,鹿児島,南日本新聞,鹿児島県内の「働き方改革」推進企業102社に――県が新たに8社認定9月30日 19:41,https://373news.com/news/local/detail/240318/,https://373news.com/,ok,,local
2026-10-01,2026-10-01T01:09:04.482656+09:00,地方紙,鹿児島,南日本新聞,鹿児島県の景況判断 11カ月据え置き 鹿児島銀・KER9月30日 19:40,https://373news.com/news/local/detail/240311/,https://373news.com/,ok,,local
2026-10-01,2026-10-01T01:09:04.482656+09:00,地方紙,鹿児島,南日本新聞,2鹿屋の飲食店経営者、18歳未満と知りながら...県条例違反容疑で逮捕,https://373news.com/news/local/detail/240257/,https://373news.com/,ok,,local
2026-10-01,2026-10-01T01:09:04.482656+09:00,地方紙,鹿児島,南日本新聞,3鹿屋市の空き家に侵入した61歳男「トイレに行きたくなった」――パトロール中の署員が不審車両発見、邸宅侵入容疑で現行犯逮捕,https://373news.com/news/local/detail/240256/,https://373news.com/,ok,,local
2026-10-01,2026-10-01T01:09:04.482656+09:00,地方紙,鹿児島,南日本新聞,4ミニバイクの大学生男「一時不停止」、パトカーに追跡され転倒...酒気帯び運転容疑が発覚 鹿児島市,https://373news.com/news/local/detail/240277/,https://373news.com/,ok,,local
2026-10-01,2026-10-01T01:09:04.482656+09:00,地方紙,鹿児島,南日本新聞,5鹿児島市で88歳が包丁示し脅迫――容疑で逮捕 鹿児島西署 台所から持ち出し、居合わせた人が110番,https://373news.com/news/local/detail/240263/,https://373news.com/,ok,,local
2026-10-01,2026-10-01T01:09:04.482656+09:00,地方紙,鹿児島,南日本新聞,6「まさか市役所で」奄美、自転車置き場の壁600平方センチ焦がした容疑で59歳女性を逮捕...動機は,https://373news.com/news/local/detail/240209/,https://373news.com/,ok,,local
2026-10-01,2026-10-01T01:09:04.482656+09:00,地方紙,鹿児島,南日本新聞,7大麻所持容疑、職務質問で発覚,https://373news.com/news/local/detail/240205/,https://373news.com/,ok,,local
2026-10-01,2026-10-01T01:09:04.482656+09:00,地方紙,鹿児島,南日本新聞,8白バイが見ていた「ながら運転」反則金を未納...3年近く、十数回の出頭要請も無視し男逮捕 容疑で鹿児島県警,https://373news.com/news/local/detail/240307/,https://373news.com/,ok,,local
2026-10-01,2026-10-01T01:09:04.482656+09:00,地方紙,鹿児島,南日本新聞,9霧島連山で登山客の死亡事故相次ぐ――「まずは気象情報確認を」「軽石や小石で転倒しやすい」...秋の行楽シーズンに専門家が訴える注意点,https://373news.com/news/local/detail/240103/,https://373news.com/,ok,,local
2026-10-01,2026-10-01T01:09:04.482656+09:00,地方紙,鹿児島,南日本新聞,10断面映え!冷凍サンドイッチ 全米で人気――地元産食材にこだわり試行錯誤重ねて工夫 出水・松栄軒,https://373news.com/news/local/detail/240218/,https://373news.com/,ok,,local
2026-10-01,2026-10-01T01:09:04.482656+09:00,地方紙,鹿児島,南日本新聞,渋滞の先頭で合流の車に鹿児島県民「イラッ」「モヤモヤ」...ズルく見える「ファスナー合流」 渋滞緩和に推奨でも6割「知らない」9月21日 10:20,https://373news.com/lineup/kotimina/detail/239874/,https://373news.com/,ok,,
2026-10-01,2026-10-01T01:09:04.482656+09:00,地方紙,鹿児島,南日本新聞,企業・自治体カスハラ対策義務化 予防方針を明示、再発防止も10月1日 00:03,https://373news.com/news/national/detail/2026093001001715/,https://373news.com/,ok,,national
2026-10-01,2026-10-01T01:09:04.482656+09:00,地方紙,沖縄,琉球新報,,,,skipped,利用規約で複製・複写・送信・頒布・蓄積・転載等を会社の承認なく行うことを広範に禁止しているため自動取得の対象外とする。,
2026-10-01,2026-10-01T01:09:04.482656+09:00,地方紙,沖縄,沖縄タイムス,沖縄の若者、県外流出が拡大傾向 2025年は3千人超の転出超過に 主な理由とは?9月30日 19:56りゅうぎん総合研究所りゅうぎん総合研究所は30日、若年層(15~24歳)の県外流出の実態と課題についてまとめた調査報告書を公表した。2020年以降、若年層の県外流出は拡大傾向にあり、25年は3千人超の転出超過に。,https://www.okinawatimes.co.jp/articles/-/1934874,https://www.okinawatimes.co.jp/,ok,,
2026-10-01,2026-10-01T01:09:04.482656+09:00,地方紙,沖縄,沖縄タイムス,古謝沖縄知事「いろいろと学ぶことが多かった」 就任初日の日程終え退庁19:35#古謝県政始動,https://www.okinawatimes.co.jp/articles/-/1934896,https://www.okinawatimes.co.jp/,ok,,
2026-10-01,2026-10-01T01:09:04.482656+09:00,地方紙,沖縄,沖縄タイムス,宜野湾のアパートで死亡は23歳女性 沖縄県警、殺人事件と断定16:35#事件・事故,https://www.okinawatimes.co.jp/articles/-/1934754,https://www.okinawatimes.co.jp/,ok,,
2026-10-01,2026-10-01T01:09:04.482656+09:00,地方紙,沖縄,沖縄タイムス,【ノーカット動画】古謝玄太知事が就任会見 物価高対策を最重視、米軍基地の「早期返還対策室」新設へ14:29#古謝県政始動,https://www.okinawatimes.co.jp/articles/-/1934646,https://www.okinawatimes.co.jp/,ok,,
2026-10-01,2026-10-01T01:09:04.482656+09:00,地方紙,沖縄,沖縄タイムス,陸自与那国駐屯地、2倍に拡張へ 防衛局へ町有地賃貸の議案を全会一致で可決16:07有料#自衛隊,https://www.okinawatimes.co.jp/articles/-/1934712,https://www.okinawatimes.co.jp/,ok,,
2026-10-01,2026-10-01T01:09:04.482656+09:00,地方紙,沖縄,沖縄タイムス,高校生2人を5時間近く連れ回し暴行 現金脅し取ろうとした疑い、本島南部の14~19歳5人を逮捕13:59有料#事件・事故,https://www.okinawatimes.co.jp/articles/-/1934212,https://www.okinawatimes.co.jp/,ok,,
2026-10-01,2026-10-01T01:09:04.482656+09:00,地方紙,沖縄,沖縄タイムス,【北谷町】美浜の『Big Bite Chatan』がリニューアル!朝7時から楽しめる話題のモーニングピザ☆【美ら浜つーしん】12:00#北谷町,https://www.okinawatimes.co.jp/articles/-/1933617,https://www.okinawatimes.co.jp/,ok,,
2026-10-01,2026-10-01T01:09:04.482656+09:00,地方紙,沖縄,沖縄タイムス,「人が刺されている」20代女性か...宜野湾市のアパートで死亡 刃物所持の男性を那覇市で確保11:25#事件・事故,https://www.okinawatimes.co.jp/articles/-/1934444,https://www.okinawatimes.co.jp/,ok,,
2026-10-01,2026-10-01T01:09:04.482656+09:00,地方紙,沖縄,沖縄タイムス,「県民に寄り添う県政運営を」 初登庁の古謝玄太知事が抱負【記者との一問一答全文】10:43有料#古謝玄太,https://www.okinawatimes.co.jp/articles/-/1934384,https://www.okinawatimes.co.jp/,ok,,
2026-10-01,2026-10-01T01:09:04.482656+09:00,地方紙,沖縄,沖縄タイムス,【10/4うるま市議選】当確・開票状況をリアルタイムで速報(有料会員向け)8:00#うるま市議選,https://www.okinawatimes.co.jp/articles/-/1934032,https://www.okinawatimes.co.jp/,ok,,
2026-10-01,2026-10-01T01:09:04.482656+09:00,地方紙,沖縄,沖縄タイムス,沖縄の電気料金が値上がり 物価高に追い打ち 住民「これ以上何を節約すれば」 店主「打つ手が見つからない」4:00有料#物価高,https://www.okinawatimes.co.jp/articles/-/1934205,https://www.okinawatimes.co.jp/,ok,,
2026-10-01,2026-10-01T01:09:04.482656+09:00,地方紙,沖縄,沖縄タイムス,古謝新知事や県議に殺害予告メール 沖縄県庁と美ら海水族館に届く15:18#事件・事故,https://www.okinawatimes.co.jp/articles/-/1934210,https://www.okinawatimes.co.jp/,ok,,
2026-10-01,2026-10-01T01:09:04.482656+09:00,地方紙,沖縄,沖縄タイムス,【動画】古謝玄太知事が沖縄県庁に初登庁 復帰後生まれの42歳、歴代最年少9:35#古謝玄太,https://www.okinawatimes.co.jp/articles/-/1934327,https://www.okinawatimes.co.jp/,ok,,
2026-10-01,2026-10-01T01:09:04.482656+09:00,地方紙,沖縄,沖縄タイムス,「共に沖縄を前に」 初登庁の古謝玄太知事が県職員に訓示【発言全文】11:29有料#古謝玄太,https://www.okinawatimes.co.jp/articles/-/1934445,https://www.okinawatimes.co.jp/,ok,,
2026-10-01,2026-10-01T01:09:04.482656+09:00,地方紙,沖縄,沖縄タイムス,沖縄県人口が減少 70年ぶり・復帰後で初 2025年国勢調査 渡名喜村、全国2番目の減少率3:59有料#国勢調査,https://www.okinawatimes.co.jp/articles/-/1934193,https://www.okinawatimes.co.jp/,ok,,
2026-10-01,2026-10-01T01:09:04.482656+09:00,地方紙,沖縄,沖縄タイムス,仲村覚氏の発言、ヘイトスピーチと認定 福岡高裁那覇支部が控訴棄却 沖縄タイムス社と記者が勝訴3:58有料#ヘイトスピーチ,https://www.okinawatimes.co.jp/articles/-/1934207,https://www.okinawatimes.co.jp/,ok,,
2026-10-01,2026-10-01T01:09:04.482656+09:00,地方紙,沖縄,沖縄タイムス,沖縄タイムス社はSNS時代の選挙報道指針を策定しました,https://www.okinawatimes.co.jp/articles/-/1912094,https://www.okinawatimes.co.jp/,ok,,
2026-10-01,2026-10-01T01:09:04.482656+09:00,地方紙,沖縄,沖縄タイムス,親川志奈子 さんがコメント(9月29日 11:15),https://www.okinawatimes.co.jp/articles/-/1932016,https://www.okinawatimes.co.jp/,ok,,
2026-10-01,2026-10-01T01:09:04.482656+09:00,地方紙,沖縄,沖縄タイムス,親川志奈子 さんがコメント(9月29日 10:28),https://www.okinawatimes.co.jp/articles/-/1933308,https://www.okinawatimes.co.jp/,ok,,
2026-10-01,2026-10-01T01:09:04.482656+09:00,その他メディア,,フジテレビ,自民・小野寺元防衛大臣ウクライナに到着 列車で移動中に空襲警報 3回車外退避,https://www.fnn.jp/articles/-/1124297,https://news.ceek.jp/search.cgi?category_id=politics&feed=1,ok,,政治
2026-10-01,2026-10-01T01:09:04.482656+09:00,その他メディア,,時事通信,永住許可、きょう要件厳格化 平均年収「日本人超」,https://www.jiji.com/jc/article?k=2026100100012&g=pol,https://news.ceek.jp/search.cgi?category_id=politics&feed=1,ok,,政治
2026-10-01,2026-10-01T01:09:04.482656+09:00,全国紙,全国,日本経済新聞,外国人の永住許可ガイドライン、収入要件など厳格化 1日に改定,https://www.nikkei.com/article/DGXZQOUA301LJ0Q6A930C2000000/,https://news.ceek.jp/search.cgi?category_id=politics&feed=1,ok,,政治
2026-10-01,2026-10-01T01:09:04.482656+09:00,その他メディア,,フジテレビ,「能動的サイバー防御」1日に運用開始へ 高市総理「対処能力向上に不断に取り組む」,https://www.fnn.jp/articles/-/1124289,https://news.ceek.jp/search.cgi?category_id=politics&feed=1,ok,,政治
2026-10-01,2026-10-01T01:09:04.482656+09:00,全国紙,全国,日本経済新聞,30日の高市首相の動静,https://www.nikkei.com/article/DGXZQOUA302BY0Q6A930C2000000/,https://news.ceek.jp/search.cgi?category_id=politics&feed=1,ok,,政治
2026-10-01,2026-10-01T01:09:04.482656+09:00,その他メディア,,フジテレビ,富山地鉄の鉄道線3路線の存続が決まっても「78億円」負担割合の分担交渉はこれからが本番 首長からは「やってられない」と懸念の声 「誰がいくら負担するのか」,https://www.fnn.jp/articles/-/1124261,https://news.ceek.jp/search.cgi?category_id=politics&feed=1,ok,,政治
2026-10-01,2026-10-01T01:09:04.482656+09:00,全国紙,全国,日本経済新聞,木原官房長官、簗農相の一部報道は調査中 自治体予算を恣意的削減,https://www.nikkei.com/article/DGXZQOUA30BOF0Q6A930C2000000/,https://news.ceek.jp/search.cgi?category_id=politics&feed=1,ok,,政治
2026-10-01,2026-10-01T01:09:04.482656+09:00,その他メディア,,フジテレビ,「万が一大きな自然災害が発生しても被害を最小限に」345億円の補正予算を可決、大雨復旧へ速やかに,https://www.fnn.jp/articles/-/1124270,https://news.ceek.jp/search.cgi?category_id=politics&feed=1,ok,,政治
2026-10-01,2026-10-01T01:09:04.482656+09:00,その他メディア,,フジテレビ,小泉防衛大臣「ロシアと中国に挟まれたモンゴルは戦略的要衝」 日・モンゴル防衛相 防衛協力進展で一致,https://www.fnn.jp/articles/-/1124263,https://news.ceek.jp/search.cgi?category_id=politics&feed=1,ok,,政治
2026-10-01,2026-10-01T01:09:04.482656+09:00,その他メディア,,フジテレビ,県議会議員の定数「68→66」へ 静岡県議会委員会が検討結果を議長報告 伊豆市と伊豆の国市は統合へ,https://www.fnn.jp/articles/-/1124260,https://news.ceek.jp/search.cgi?category_id=politics&feed=1,ok,,政治
2026-10-01,2026-10-01T01:09:04.482656+09:00,全国紙,全国,産経新聞,小野寺五典元防衛相がキーウ訪問 無人機システムの協力模索、高官らと会談へ,https://www.sankei.com/article/20260930-MRM6USC3ZBM4BK7HE3K57MO7GE/,https://news.ceek.jp/search.cgi?category_id=politics&feed=1,ok,,政治
2026-10-01,2026-10-01T01:09:04.482656+09:00,全国紙,全国,産経新聞,有事に民間のAI技術・人材を軍事転用 中国が改正国防動員法施行、台湾を念頭か,https://www.sankei.com/article/20260930-5CLFN7XUT5N4DFLSDJKO3R47RA/,https://news.ceek.jp/search.cgi?category_id=politics&feed=1,ok,,政治
2026-10-01,2026-10-01T01:09:04.482656+09:00,その他メディア,,デイリースポーツ,衆院議員定数、10月末に結論,https://www.daily.co.jp/society/politics/2026/09/30/0020878181.shtml,https://news.ceek.jp/search.cgi?category_id=politics&feed=1,ok,,政治
2026-10-01,2026-10-01T01:09:04.482656+09:00,その他メディア,,共同通信,衆院議員定数、10月末に結論 与野党に溝、削減見通せず,https://www.47news.jp/15016993.html,https://news.ceek.jp/search.cgi?category_id=politics&feed=1,ok,,政治
2026-10-01,2026-10-01T01:09:04.482656+09:00,その他メディア,,テレビ朝日,立憲が党本部返上へ 予算削減方針了承,https://news.tv-asahi.co.jp/news_politics/articles/000536950.html,https://news.ceek.jp/search.cgi?category_id=politics&feed=1,ok,,政治
2026-10-01,2026-10-01T01:09:04.482656+09:00,全国紙,全国,産経新聞,臨時国会、参院の代表質問は10月8、9日に実施 自民と立民が合意,https://www.sankei.com/article/20260930-2QKILSEDEJNSDAUP76VIKZJQPQ/,https://news.ceek.jp/search.cgi?category_id=politics&feed=1,ok,,政治
2026-10-01,2026-10-01T01:09:04.482656+09:00,全国紙,全国,産経新聞,木原官房長官、沖縄政策「知事の意見を丁寧に伺う」 古謝知事就任受け連携に意欲,https://www.sankei.com/article/20260930-MBOTI7YRQ5L6FCLFRVTSRHL3YQ/,https://news.ceek.jp/search.cgi?category_id=politics&feed=1,ok,,政治
2026-10-01,2026-10-01T01:09:04.482656+09:00,全国紙,全国,毎日新聞,沖縄で12年ぶり保守県政始動 古謝氏、閣僚との協議会再開意向,https://mainichi.jp/articles/20260930/k00/00m/010/284000c,https://news.ceek.jp/search.cgi?category_id=politics&feed=1,ok,,政治
2026-10-01,2026-10-01T01:09:04.482656+09:00,全国紙,全国,毎日新聞,立憲、党本部を6→1フロアに縮小 財政難、ビル退去は回避,https://mainichi.jp/articles/20260930/k00/00m/010/299000c,https://news.ceek.jp/search.cgi?category_id=politics&feed=1,ok,,政治
2026-10-01,2026-10-01T01:09:04.482656+09:00,全国紙,全国,日本経済新聞,政府、「産業クラスター」で22計画を追加 岩手県の半導体など,https://www.nikkei.com/article/DGXZQOUA302SK0Q6A930C2000000/,https://news.ceek.jp/search.cgi?category_id=politics&feed=1,ok,,政治
2026-10-01,2026-10-01T01:09:04.482656+09:00,その他メディア,,アサ芸プラス,中道分裂でしれっと28人復党に幹事長が高笑い!公明党の「議席まるごと持ち逃げ」「看板ロンダリング」脱法サバイバル,https://www.asagei.com/excerpt/349756,https://news.ceek.jp/search.cgi?category_id=politics&feed=1,ok,,政治
2026-10-01,2026-10-01T01:09:04.482656+09:00,その他メディア,,フジテレビ,「捨て猫を愛情をもって飼育してます」 松本市と綿半ホームエイドが保護動物の譲渡や適正飼育の啓発など協力「輪を広げていきたい」」,https://www.fnn.jp/articles/-/1124198,https://news.ceek.jp/search.cgi?category_id=politics&feed=1,ok,,政治
2026-10-01,2026-10-01T01:09:04.482656+09:00,その他メディア,,フジテレビ,巨大な岩が車庫の屋根に直撃 長さ約2m、幅約1.8mが転がり落ちる 落石の主な原因は地層の風化・侵食 長野・松本市,https://www.fnn.jp/articles/-/1124193,https://news.ceek.jp/search.cgi?category_id=politics&feed=1,ok,,政治
2026-10-01,2026-10-01T01:09:04.482656+09:00,全国紙,全国,毎日新聞,高市首相の所信表明演説、原案判明 「責任ある積極財政」説明へ,https://mainichi.jp/articles/20260930/k00/00m/010/268000c,https://news.ceek.jp/search.cgi?category_id=politics&feed=1,ok,,政治
2026-10-01,2026-10-01T01:09:04.482656+09:00,その他メディア,,日本テレビ,"与野党、衆院の選挙制度“抜本改革""で合意...「定数削減」野党は慎重姿勢",https://news.ntv.co.jp/category/politics/dc778579c0714da9934c48ac874d24d5,https://news.ceek.jp/search.cgi?category_id=politics&feed=1,ok,,政治
2026-10-01,2026-10-01T01:09:04.482656+09:00,その他メディア,,デイリースポーツ,歳出の選択と集中を議論,https://www.daily.co.jp/society/politics/2026/09/30/0020877932.shtml,https://news.ceek.jp/search.cgi?category_id=politics&feed=1,ok,,政治
2026-10-01,2026-10-01T01:09:04.482656+09:00,全国紙,全国,日本経済新聞,タイムズカーの個人情報漏洩、官房長官「適切な対応とるよう注視」,https://www.nikkei.com/article/DGXZQOUA307YP0Q6A930C2000000/,https://news.ceek.jp/search.cgi?category_id=politics&feed=1,ok,,政治
2026-10-01,2026-10-01T01:09:04.482656+09:00,その他メディア,,共同通信,歳出の選択と集中を議論 経済財政諮問会議、信認確保へ,https://www.47news.jp/15016710.html,https://news.ceek.jp/search.cgi?category_id=politics&feed=1,ok,,政治
2026-10-01,2026-10-01T01:09:04.482656+09:00,その他メディア,,デイリースポーツ,人口減対策、総合戦略を策定,https://www.daily.co.jp/society/politics/2026/09/30/0020877920.shtml,https://news.ceek.jp/search.cgi?category_id=politics&feed=1,ok,,政治
2026-10-01,2026-10-01T01:09:04.482656+09:00,その他メディア,,共同通信,人口減対策、総合戦略を策定 首相の所信演説原案,https://www.47news.jp/15016703.html,https://news.ceek.jp/search.cgi?category_id=politics&feed=1,ok,,政治
2026-10-01,2026-10-01T01:09:04.482656+09:00,全国紙,全国,毎日新聞,「日中双方に意欲なければ...」議員・民間外交は進展でも遠い軟化,https://mainichi.jp/articles/20260930/k00/00m/010/262000c,https://news.ceek.jp/search.cgi?category_id=politics&feed=1,ok,,政治
2026-10-01,2026-10-01T01:09:04.482656+09:00,その他メディア,,フジテレビ,"高知市で“客引き行為禁止条例""が可決 相次ぐぼったくり被害受け 「1人40万円請求」の例も",https://www.fnn.jp/articles/-/1124157,https://news.ceek.jp/search.cgi?category_id=politics&feed=1,ok,,政治
2026-10-01,2026-10-01T01:09:04.482656+09:00,その他メディア,,フジテレビ,簗農林水産大臣が就任後、福島県を初視察 県漁連会長と意見交換 米価対応の要望には「対応していく」,https://www.fnn.jp/articles/-/1124144,https://news.ceek.jp/search.cgi?category_id=politics&feed=1,ok,,政治
2026-10-01,2026-10-01T01:09:04.482656+09:00,その他メディア,,共同通信,玉木氏、早期連立入り否定 消費減税で「政府とずれ」,https://www.47news.jp/15016597.html,https://news.ceek.jp/search.cgi?category_id=politics&feed=1,ok,,政治
2026-10-01,2026-10-01T01:09:04.482656+09:00,その他メディア,,共同通信,【速報】OTC類似薬の追加負担対象、毎年4月更新,https://www.47news.jp/15016607.html,https://news.ceek.jp/search.cgi?category_id=politics&feed=1,ok,,政治
2026-10-01,2026-10-01T01:09:04.482656+09:00,その他メディア,,テレビ朝日,簗大臣の週刊誌報道めぐり「調査」木原長官,https://news.tv-asahi.co.jp/news_politics/articles/000536923.html,https://news.ceek.jp/search.cgi?category_id=politics&feed=1,ok,,政治
2026-10-01,2026-10-01T01:09:04.482656+09:00,その他メディア,,フジテレビ,連合大分会長 現職の佐藤知事に2027年春の知事選への出馬を要請「連合と佐藤知事は良好な関係」,https://www.fnn.jp/articles/-/1124163,https://news.ceek.jp/search.cgi?category_id=politics&feed=1,ok,,政治
2026-10-01,2026-10-01T01:09:04.482656+09:00,その他メディア,,デイリースポーツ,玉木氏、早期連立入り否定,https://www.daily.co.jp/society/politics/2026/09/30/0020877874.shtml,https://news.ceek.jp/search.cgi?category_id=politics&feed=1,ok,,政治
2026-10-01,2026-10-01T01:09:04.482656+09:00,全国紙,全国,日本経済新聞,衆院選挙制度改革へ有識者会議、1年で答申 定数削減「結論へ努力」,https://www.nikkei.com/article/DGXZQOUA281G80Y6A920C2000000/,https://news.ceek.jp/search.cgi?category_id=politics&feed=1,ok,,政治
2026-10-01,2026-10-01T01:09:04.482656+09:00,全国紙,全国,朝日新聞,高市首相「必要な対応を機動的に」 積極財政めぐり、所信表明原案で,https://www.asahi.com/articles/ASV9Z33ZXV9ZUTFK00PM.html,https://news.ceek.jp/search.cgi?category_id=politics&feed=1,ok,,政治
2026-10-01,2026-10-01T01:09:04.482656+09:00,その他メディア,,フジテレビ,"“1000万円出金""の通帳に“名指しの県議""が反応さまざま 福岡県議会の金銭授受疑惑 第三者委は「白黒はっきり」の方針",https://www.fnn.jp/articles/-/1124114,https://news.ceek.jp/search.cgi?category_id=politics&feed=1,ok,,政治
2026-10-01,2026-10-01T01:09:04.482656+09:00,全国紙,全国,産経新聞,演説妨害者は「当たり屋もいいところ」参政・神谷氏、報道陣に「密着24時」求める,https://www.sankei.com/article/20260930-TZRQJZCINVG3TPF6MG62SMBZ2Q/,https://news.ceek.jp/search.cgi?category_id=politics&feed=1,ok,,政治
2026-10-01,2026-10-01T01:09:04.482656+09:00,その他メディア,,Abema TIMES,公明・新代表に岡本三成氏選出へ,https://times.abema.tv/articles/-/10275912?page=1,https://news.ceek.jp/search.cgi?category_id=politics&feed=1,ok,,政治
2026-10-01,2026-10-01T01:09:04.482656+09:00,その他メディア,,フジテレビ,中村知事が5期目に向け出馬へ「公約が完成次第」県議会閉会後に正式表明の考え 愛媛県知事選【愛媛】,https://www.fnn.jp/articles/-/1123904,https://news.ceek.jp/search.cgi?category_id=politics&feed=1,ok,,政治
2026-10-01,2026-10-01T01:09:04.482656+09:00,その他メディア,,Abema TIMES,日本のドラマ 海外展開支援に予算を大幅増額へ,https://times.abema.tv/articles/-/10275911?page=1,https://news.ceek.jp/search.cgi?category_id=politics&feed=1,ok,,政治
2026-10-01,2026-10-01T01:09:04.482656+09:00,その他メディア,,共同通信,【速報】首相の所信表明演説原案が判明,https://www.47news.jp/15016412.html,https://news.ceek.jp/search.cgi?category_id=politics&feed=1,ok,,政治
2026-10-01,2026-10-01T01:09:04.482656+09:00,その他メディア,,テレビ朝日,「再発防止を徹底」木原官房長官 東武鉄道の作業員死亡事故「中間報告書」受け,https://news.tv-asahi.co.jp/news_politics/articles/000536925.html,https://news.ceek.jp/search.cgi?category_id=politics&feed=1,ok,,政治
2026-10-01,2026-10-01T01:09:04.482656+09:00,全国紙,全国,産経新聞,タイムズカーの個人情報大規模流出「必要に応じた対応とる」 木原稔官房長官が言及,https://www.sankei.com/article/20260930-W4FCPLK3ABIVVPE4GVNQGAQFEA/,https://news.ceek.jp/search.cgi?category_id=politics&feed=1,ok,,政治
2026-10-01,2026-10-01T01:09:04.482656+09:00,全国紙,全国,産経新聞,在留管理「適正化」へ、10月に資格更新手数料を大幅値上げ 永住許可の収入審査も厳格化,https://www.sankei.com/article/20260930-KGXKOQH52RIFTAFYQ2FZMHEZCE/,https://news.ceek.jp/search.cgi?category_id=politics&feed=1,ok,,政治
2026-10-01,2026-10-01T01:09:04.482656+09:00,その他メディア,,共同通信,【速報】彦根城の世界遺産登録へ暫定推薦書を提出,https://www.47news.jp/15016307.html,https://news.ceek.jp/search.cgi?category_id=politics&feed=1,ok,,政治
2026-10-01,2026-10-01T01:09:04.482656+09:00,その他メディア,,フジテレビ,【辺野古転覆事故】県議会特別委員会で県担当部局から聞き取りへ,https://www.fnn.jp/articles/-/1124018,https://news.ceek.jp/search.cgi?category_id=politics&feed=1,ok,,政治
2026-10-01,2026-10-01T01:09:04.482656+09:00,全国紙,全国,産経新聞,木原官房長官「関係省庁が調査中」 道路予算巡る簗和生農水相の一部報道に,https://www.sankei.com/article/20260930-N63BMB74NZLQ7DYSAXOFINRMNA/,https://news.ceek.jp/search.cgi?category_id=politics&feed=1,ok,,政治
2026-10-01,2026-10-01T01:09:04.482656+09:00,その他メディア,,フジテレビ,"“裏アカ""で誹謗中傷投稿の林県議 自民会派離脱の意向 会派への影響懸念か【福岡発】",https://www.fnn.jp/articles/-/1123911,https://news.ceek.jp/search.cgi?category_id=politics&feed=1,ok,,政治
2026-10-01,2026-10-01T01:09:04.482656+09:00,その他メディア,,フジテレビ,水道事業で多額の赤字が続く「財政再生団体」の夕張市_水道料金の値上げや給水区域の縮小などを検討へ_施設の老朽化も深刻<北海道夕張市>,https://www.fnn.jp/articles/-/1123969,https://news.ceek.jp/search.cgi?category_id=politics&feed=1,ok,,政治
2026-10-01,2026-10-01T01:09:04.482656+09:00,その他メディア,,テレビ朝日,木原官房長官 中国との「重層的な意思疎通が重要」,https://news.tv-asahi.co.jp/news_politics/articles/000536928.html,https://news.ceek.jp/search.cgi?category_id=politics&feed=1,ok,,政治
2026-10-01,2026-10-01T01:09:04.482656+09:00,全国紙,全国,朝日新聞,公明党の新代表に岡本三成衆院議員 10月3日党大会で新体制発足,https://www.asahi.com/articles/ASV9Z2RSWV9ZUTFK004M.html,https://news.ceek.jp/search.cgi?category_id=politics&feed=1,ok,,政治
2026-10-01,2026-10-01T01:09:04.482656+09:00,その他メディア,,フジテレビ,"“歴代最年少""沖縄・古謝玄太新知事が初登庁 沖縄県政を12年ぶりに保守系知事が担う 辺野古移設阻止の担当部署廃止も表明",https://www.fnn.jp/articles/-/1123905,https://news.ceek.jp/search.cgi?category_id=politics&feed=1,ok,,政治
2026-10-01,2026-10-01T01:09:04.482656+09:00,その他メディア,,共同通信,【速報】衆院選挙制度見直し、定数含め10月末結論,https://www.47news.jp/15016118.html,https://news.ceek.jp/search.cgi?category_id=politics&feed=1,ok,,政治
2026-10-01,2026-10-01T01:09:04.482656+09:00,全国紙,全国,産経新聞,中国、天安門広場で「烈士記念日」式典 習近平氏ら共産党最高指導部メンバー全員が出席,https://www.sankei.com/article/20260930-3KFBEQEJAFM6PFK7HPZDHLYA4Y/,https://news.ceek.jp/search.cgi?category_id=politics&feed=1,ok,,政治
2026-10-01,2026-10-01T01:09:04.482656+09:00,全国紙,全国,日本経済新聞,小選挙区割り、審議会が改定作業を本格化 国勢調査確定値で,https://www.nikkei.com/article/DGXZQOUA308C70Q6A930C2000000/,https://news.ceek.jp/search.cgi?category_id=politics&feed=1,ok,,政治
2026-10-01,2026-10-01T01:09:04.482656+09:00,その他メディア,,フジテレビ,"福岡市長選 過去最多12人が出馬会見 “25%ルール""で当選なし→初の再選挙の可能性 他の政令市では“選挙疲れ""も",https://www.fnn.jp/articles/-/1123950,https://news.ceek.jp/search.cgi?category_id=politics&feed=1,ok,,政治
2026-10-01,2026-10-01T01:09:04.482656+09:00,その他メディア,,テレビ朝日,ドラマの海外展開支援に予算を大幅増額へ 藤井総務大臣,https://news.tv-asahi.co.jp/news_politics/articles/000536877.html,https://news.ceek.jp/search.cgi?category_id=politics&feed=1,ok,,政治
2026-10-01,2026-10-01T01:09:04.482656+09:00,その他メディア,,デイリースポーツ,愛媛県の中村知事、5選出馬へ,https://www.daily.co.jp/society/politics/2026/09/30/0020877440.shtml,https://news.ceek.jp/search.cgi?category_id=politics&feed=1,ok,,政治
2026-10-01,2026-10-01T01:09:04.482656+09:00,その他メディア,,共同通信,愛媛県の中村知事、5選出馬へ 10月上旬にも正式表明,https://www.47news.jp/15016045.html,https://news.ceek.jp/search.cgi?category_id=politics&feed=1,ok,,政治
2026-10-01,2026-10-01T01:09:04.482656+09:00,その他メディア,,テレビ朝日,高市総理 所信表明演説の原案判明 食料品消費減税「家計にゆとりを生み出すため」,https://news.tv-asahi.co.jp/news_politics/articles/000536918.html,https://news.ceek.jp/search.cgi?category_id=politics&feed=1,ok,,政治
2026-10-01,2026-10-01T01:09:04.482656+09:00,その他メディア,,フジテレビ,2週間前に就任したばかり...市議会議長が酒に酔って女性の容姿など揶揄しその夫とトラブルに 副議長へ辞任の申し出,https://www.fnn.jp/articles/-/1123906,https://news.ceek.jp/search.cgi?category_id=politics&feed=1,ok,,政治
2026-10-01,2026-10-01T01:09:04.482656+09:00,全国紙,全国,毎日新聞,「くだらんなと思う」維新・藤田氏、定数削減巡る野党対応に不満,https://mainichi.jp/articles/20260930/k00/00m/010/187000c,https://news.ceek.jp/search.cgi?category_id=politics&feed=1,ok,,政治
2026-10-01,2026-10-01T01:09:04.482656+09:00,その他メディア,,フジテレビ,トラブル相次ぐアジア大会 名古屋市長が謝罪「選手・関係者にはお詫び」背景にヒューマンエラーや連絡不足挙げる,https://www.fnn.jp/articles/-/1123902,https://news.ceek.jp/search.cgi?category_id=politics&feed=1,ok,,政治
2026-10-01,2026-10-01T01:09:04.482656+09:00,全国紙,全国,毎日新聞,思惑にじむ高市内閣改造 新しい布陣で臨時国会にどう臨む,https://mainichi.jp/articles/20260929/k00/00m/010/309000c,https://news.ceek.jp/search.cgi?category_id=politics&feed=1,ok,,政治
2026-10-01,2026-10-01T01:09:04.482656+09:00,その他メディア,,フジテレビ,"【独自】“匿名アカで攻撃的投稿""の林泰輔県議 自民党県議団から離脱へ 会派幹部に意向伝える 近く経緯を説明へ 福岡県議会",https://www.fnn.jp/articles/-/1123901,https://news.ceek.jp/search.cgi?category_id=politics&feed=1,ok,,政治
2026-10-01,2026-10-01T01:09:04.482656+09:00,全国紙,全国,日本経済新聞,参政党・神谷代表、首相の国会質疑「減らすのは認めず」 国会改革で,https://www.nikkei.com/article/DGXZQOUA307EY0Q6A930C2000000/,https://news.ceek.jp/search.cgi?category_id=politics&feed=1,ok,,政治
2026-10-01,2026-10-01T01:09:04.482656+09:00,その他メディア,,Abema TIMES,「沖縄県知事としての仕事が始まる」古謝知事が就任会見 「辺野古新基地建設問題対策課」10月1日付で廃止へ,https://times.abema.tv/articles/-/10275902?page=1,https://news.ceek.jp/search.cgi?category_id=politics&feed=1,ok,,政治
2026-10-01,2026-10-01T01:09:04.482656+09:00,全国紙,全国,産経新聞,古謝知事、政府と協調路線に転換 辺野古「新基地問題対策課」→普天間「早期返還対策室」,https://www.sankei.com/article/20260930-SYPDRAA2UBJITESGFXLBV442SE/,https://news.ceek.jp/search.cgi?category_id=politics&feed=1,ok,,政治
2026-10-01,2026-10-01T01:09:04.482656+09:00,全国紙,全国,産経新聞,年収300万円上限に給付 新制度案、働き手支援 臨時国会で野党と議論へ,https://www.sankei.com/article/20260930-WIE5DULSZVMKDEI4J2W4R7AQOM/,https://news.ceek.jp/search.cgi?category_id=politics&feed=1,ok,,政治
2026-10-01,2026-10-01T01:09:04.482656+09:00,その他メディア,,フジテレビ,鳥取県の人口52万3073人 国勢調査開始以降で最少 人口減少率は過去最大5.5% 5年で約3万人減,https://www.fnn.jp/articles/-/1123909,https://news.ceek.jp/search.cgi?category_id=politics&feed=1,ok,,政治
2026-10-01,2026-10-01T01:09:04.482656+09:00,その他メディア,,フジテレビ,島根県の人口62万8887人 国勢調査開始以降で過去最少 5年間で4万人余減少...高齢化率さらに上昇,https://www.fnn.jp/articles/-/1123903,https://news.ceek.jp/search.cgi?category_id=politics&feed=1,ok,,政治
2026-10-01,2026-10-01T01:09:04.482656+09:00,全国紙,全国,産経新聞,「中道が最後の政党」...公明代表内定の岡本三成氏「言葉が稚拙だった」中道政治実現に意欲,https://www.sankei.com/article/20260930-3VD77Z53LVDSXNTFWCA3K45LAQ/,https://news.ceek.jp/search.cgi?category_id=politics&feed=1,ok,,政治
2026-10-01,2026-10-01T01:09:04.482656+09:00,その他メディア,,フジテレビ,"「私に渡したということとは別の話」“1000万円出金記録""に松本県議が反論「真実は1つ」と改めて否定 福岡県議会の金銭授受疑惑",https://www.fnn.jp/articles/-/1123819,https://news.ceek.jp/search.cgi?category_id=politics&feed=1,ok,,政治
2026-10-01,2026-10-01T01:09:04.482656+09:00,その他メディア,,共同通信,為替相場 1日(日本時間 0時),https://www.47news.jp/15012101.html,https://news.ceek.jp/search.cgi?category_id=business&feed=1,ok,,経済
2026-10-01,2026-10-01T01:09:04.482656+09:00,その他メディア,,フジテレビ,住宅ローン金利 大手3行引き上げ,https://www.fnn.jp/articles/-/1124300,https://news.ceek.jp/search.cgi?category_id=business&feed=1,ok,,経済
2026-10-01,2026-10-01T01:09:04.482656+09:00,その他メディア,,フジテレビ,西武渋谷店 58年の歴史に幕 再開発めぐり地権者と合意できず,https://www.fnn.jp/articles/-/1124299,https://news.ceek.jp/search.cgi?category_id=business&feed=1,ok,,経済
2026-10-01,2026-10-01T01:09:04.482656+09:00,全国紙,全国,読売新聞,三菱化工機と月島HDが経営統合、三菱月島化工機HDへ,https://www.yomiuri.co.jp/economy/20261001-GYT1T00030/,https://news.ceek.jp/search.cgi?category_id=business&feed=1,ok,,経済
2026-10-01,2026-10-01T01:09:04.482656+09:00,その他メディア,,TBSテレビ,日立とファナックが協業 2027年度から「フィジカルAI」の展開目指す,https://newsdig.tbs.co.jp/articles/-/2979804?display=1,https://news.ceek.jp/search.cgi?category_id=business&feed=1,ok,,経済
2026-10-01,2026-10-01T01:09:04.482656+09:00,その他メディア,,デイリースポーツ,米連邦取引委、AI大手を調査,https://www.daily.co.jp/society/economics/2026/10/01/0020879266.shtml,https://news.ceek.jp/search.cgi?category_id=business&feed=1,ok,,経済
2026-10-01,2026-10-01T01:09:04.482656+09:00,その他メディア,,週刊エコノミスト,「大きな塊」論は失敗 リベラルは再起できるか 人羅格,https://weekly-economist.mainichi.jp/articles/20261020/se1/00m/020/035000c,https://news.ceek.jp/search.cgi?category_id=business&feed=1,ok,,経済
2026-10-01,2026-10-01T01:09:04.482656+09:00,その他メディア,,テレビ朝日,"消費者にどう影響?『第3のビール』ビールに“格上げ""10月1日から酒税法改正",https://news.tv-asahi.co.jp/news_economy/articles/900200868.html,https://news.ceek.jp/search.cgi?category_id=business&feed=1,ok,,経済
2026-10-01,2026-10-01T01:09:04.482656+09:00,その他メディア,,デイリースポーツ,NY株、小動きで始まる,https://www.daily.co.jp/society/economics/2026/09/30/0020878782.shtml,https://news.ceek.jp/search.cgi?category_id=business&feed=1,ok,,経済
2026-10-01,2026-10-01T01:09:04.482656+09:00,その他メディア,,TBSテレビ,"“文化の発信地"" 西武渋谷店が閉店 店前には多くの人、別れ惜しむ声 2016年から赤字経営続く",https://newsdig.tbs.co.jp/articles/-/2979761?display=1,https://news.ceek.jp/search.cgi?category_id=business&feed=1,ok,,経済
2026-10-01,2026-10-01T01:09:04.482656+09:00,全国紙,全国,産経新聞,キューデンHD、10月始動 経営最適化と危機管理両立 九州電は原子力など発電事業担う,https://www.sankei.com/article/20260930-7DAD2DVZWNKTFKHTCHPWTIEI5Q/,https://news.ceek.jp/search.cgi?category_id=business&feed=1,ok,,経済
2026-10-01,2026-10-01T01:09:04.482656+09:00,全国紙,全国,産経新聞,イズミが銀行サービス参入 既存アプリとネット銀を組み合わせ 若年層の顧客取り込みへ,https://www.sankei.com/article/20260930-FDMV6CIPIRPNXOOSHZNL7CR5KQ/,https://news.ceek.jp/search.cgi?category_id=business&feed=1,ok,,経済
2026-10-01,2026-10-01T01:09:04.482656+09:00,全国紙,全国,産経新聞,米8月物価3.4%上昇、市場予想下回る 伸びは前月から横ばい 商務省発表,https://www.sankei.com/article/20260930-LTRYJQK3UZOUXIATPPJPWEZFPA/,https://news.ceek.jp/search.cgi?category_id=business&feed=1,ok,,経済
2026-10-01,2026-10-01T01:09:04.482656+09:00,その他メディア,,東洋経済オンライン,ニデック前期決算、監査法人は「意見不表明」...不正会計受け資産を精査、6321億円規模の減損損失計上 | 政治・経済・投資,https://toyokeizai.net/articles/-/959691?display=b,https://news.ceek.jp/search.cgi?category_id=business&feed=1,ok,,経済
2026-10-01,2026-10-01T01:09:04.482656+09:00,全国紙,全国,産経新聞,JR西がAI画像解析サービス、法人向けに提供 設備点検や監視で効率化 27年初め公開,https://www.sankei.com/article/20260930-J6SXGW5YSFN3FCWUIJZBHNOZ7Y/,https://news.ceek.jp/search.cgi?category_id=business&feed=1,ok,,経済
2026-10-01,2026-10-01T01:09:04.482656+09:00,全国紙,全国,産経新聞,茨城・常陸大宮市長「将来世代から選択肢奪う権利ない」 核処分場調査受け入れ表明,https://www.sankei.com/article/20260930-ZUYCHOKNK5KF7N3Z7UKMQGPVJU/,https://news.ceek.jp/search.cgi?category_id=business&feed=1,ok,,経済
2026-10-01,2026-10-01T01:09:04.482656+09:00,その他メディア,,フジテレビ,「県南設備」破産手続き開始決定 負債総額は約7838万円 事業好転の兆しなく資金繰り限界に 岩手県奥州市,https://www.fnn.jp/articles/-/1124284,https://news.ceek.jp/search.cgi?category_id=business&feed=1,ok,,経済
2026-10-01,2026-10-01T01:09:04.482656+09:00,その他メディア,,デイリースポーツ,NY円、156円台後半,https://www.daily.co.jp/society/economics/2026/09/30/0020878588.shtml,https://news.ceek.jp/search.cgi?category_id=business&feed=1,ok,,経済
2026-10-01,2026-10-01T01:09:04.482656+09:00,その他メディア,,共同通信,NY円、156円台後半,https://www.47news.jp/15017408.html,https://news.ceek.jp/search.cgi?category_id=business&feed=1,ok,,経済
2026-10-01,2026-10-01T01:09:04.482656+09:00,その他メディア,,デイリースポーツ,米8月物価3・4%上昇,https://www.daily.co.jp/society/economics/2026/09/30/0020878540.shtml,https://news.ceek.jp/search.cgi?category_id=business&feed=1,ok,,経済
2026-10-01,2026-10-01T01:09:04.482656+09:00,その他メディア,,日本金融通信,政府、基幹インフラにシステムの届け出を義務づけ サイバー強化法が10月施行,https://www.nikkinonline.com/article/427300,https://news.ceek.jp/search.cgi?category_id=business&feed=1,ok,,経済
2026-10-01,2026-10-01T01:09:04.482656+09:00,その他メディア,,テレビ朝日,西武渋谷店が閉店 58年の歴史に幕 雇用は継続,https://news.tv-asahi.co.jp/news_economy/articles/000537000.html,https://news.ceek.jp/search.cgi?category_id=business&feed=1,ok,,経済
2026-10-01,2026-10-01T01:09:04.482656+09:00,全国紙,全国,日本経済新聞,タイで反外資運動、中国企業の「名義借り」に矛先 日系も警戒,https://www.nikkei.com/article/DGXZQOGS123230S6A910C2000000/,https://news.ceek.jp/search.cgi?category_id=business&feed=1,ok,,経済
2026-10-01,2026-10-01T01:09:04.482656+09:00,その他メディア,,テレビ朝日,楽天 新たに法人向けクレジットカード発行 みずほFGとの業務提携を活用,https://news.tv-asahi.co.jp/news_economy/articles/000536958.html,https://news.ceek.jp/search.cgi?category_id=business&feed=1,ok,,経済
2026-10-01,2026-10-01T01:09:04.482656+09:00,その他メディア,,日本テレビ,不正会計のモーター大手「ニデック」最終赤字5646億円 昨年度決算,https://news.ntv.co.jp/category/economy/b7aaf4286a0e4999af07dd26395ff462,https://news.ceek.jp/search.cgi?category_id=business&feed=1,ok,,経済
2026-10-01,2026-10-01T01:09:04.482656+09:00,その他メディア,,共同通信,【速報】NY円、156円74~84銭,https://www.47news.jp/15017337.html,https://news.ceek.jp/search.cgi?category_id=business&feed=1,ok,,経済
2026-10-01,2026-10-01T01:09:04.482656+09:00,その他メディア,,共同通信,【速報】米4~6月期GDP確定値2.2%増,https://www.47news.jp/15017332.html,https://news.ceek.jp/search.cgi?category_id=business&feed=1,ok,,経済
2026-10-01,2026-10-01T01:09:04.482656+09:00,その他メディア,,共同通信,【速報】米8月物価3.4%上昇,https://www.47news.jp/15017331.html,https://news.ceek.jp/search.cgi?category_id=business&feed=1,ok,,経済
2026-10-01,2026-10-01T01:09:04.482656+09:00,全国紙,全国,朝日新聞,【まとめてわかる】ニデックで何が起きた? 会計・品質不正の背景は,https://www.asahi.com/articles/ASV93343WV93PLFA00LM.html,https://news.ceek.jp/search.cgi?category_id=business&feed=1,ok,,経済
2026-10-01,2026-10-01T01:09:04.482656+09:00,全国紙,全国,産経新聞,ニデック、26年3月期に減損6321億円 赤字5646億円 監査法人は「意見不表明」,https://www.sankei.com/article/20260930-FQWC6IOWFBODLBIIR467TZGP34/,https://news.ceek.jp/search.cgi?category_id=business&feed=1,ok,,経済
2026-10-01,2026-10-01T01:09:04.482656+09:00,全国紙,全国,産経新聞,核廃棄物処分場「全国行脚」で理解増進図る 国主導の候補地選定プロセス、進展速く,https://www.sankei.com/article/20260930-YAAMHACHUJO3DCEGOOM7H37U7E/,https://news.ceek.jp/search.cgi?category_id=business&feed=1,ok,,経済
2026-10-01,2026-10-01T01:09:04.482656+09:00,その他メディア,,あたらしい経済,【9/30話題】バイナンスペイがPayPay加盟店での訪日客向け暗号資産決済に対応、KDDIらがau PAYで暗号資産ウォレット提供開始など(音声ニュース),https://www.neweconomy.jp/posts/612491,https://news.ceek.jp/search.cgi?category_id=business&feed=1,ok,,経済
2026-10-01,2026-10-01T01:09:04.482656+09:00,その他メディア,,TBSテレビ,緊張続くホルムズ海峡「とても船が入れる状況ではない」日本船主協会・長澤会長,https://newsdig.tbs.co.jp/articles/-/2979622?display=1,https://news.ceek.jp/search.cgi?category_id=business&feed=1,ok,,経済
2026-10-01,2026-10-01T01:09:04.482656+09:00,全国紙,全国,日本経済新聞,長期金利の上昇「米テック企業の社債発行も注視」 財制審,https://www.nikkei.com/article/DGXZQOUA30AK40Q6A930C2000000/,https://news.ceek.jp/search.cgi?category_id=business&feed=1,ok,,経済
2026-10-01,2026-10-01T01:09:04.482656+09:00,その他メディア,,フジテレビ,三井住友、三菱UFJ、みずほが住宅ローンの固定金利を10月から引き上げ 3行とも発足以降、最高水準,https://www.fnn.jp/articles/-/1124224,https://news.ceek.jp/search.cgi?category_id=business&feed=1,ok,,経済
2026-10-01,2026-10-01T01:09:04.482656+09:00,全国紙,全国,日本経済新聞,ソフトバンク決済子会社、旧ソニーペイメント買収完了 700億円投資,https://www.nikkei.com/article/DGXZQOUC308E70Q6A930C2000000/,https://news.ceek.jp/search.cgi?category_id=business&feed=1,ok,,経済
2026-10-01,2026-10-01T01:09:04.482656+09:00,その他メディア,,日本テレビ,"酒税改正で“ビール類税率統一"" 10月1日から アサヒ社長「ブランド価値が競争軸に」",https://news.ntv.co.jp/category/economy/bf2698df58bd4f4489bf102ed2461c36,https://news.ceek.jp/search.cgi?category_id=business&feed=1,ok,,経済
2026-10-01,2026-10-01T01:09:04.482656+09:00,全国紙,全国,日本経済新聞,西武渋谷店、58年の歴史に幕 そごう・西武は主力店改装・外商強化,https://www.nikkei.com/article/DGXZQOUC2978L0Z20C26A9000000/,https://news.ceek.jp/search.cgi?category_id=business&feed=1,ok,,経済
2026-10-01,2026-10-01T01:09:04.482656+09:00,その他メディア,,共同通信,西武渋谷が閉店、営業58年 客「寂しい」と名残惜しむ,https://www.47news.jp/15016886.html,https://news.ceek.jp/search.cgi?category_id=business&feed=1,ok,,経済
2026-10-01,2026-10-01T01:09:04.482656+09:00,全国紙,全国,日本経済新聞,9月30日の商品主要相場(紙面イメージ),https://www.nikkei.com/article/DGXZQOKC306X80Q6A930C2000000/,https://news.ceek.jp/search.cgi?category_id=business&feed=1,ok,,経済
2026-10-01,2026-10-01T01:09:04.482656+09:00,全国紙,全国,日本経済新聞,2026年9月の東京株式月間高低(紙面イメージ),https://www.nikkei.com/article/DGXZQOKC307150Q6A930C2000000/,https://news.ceek.jp/search.cgi?category_id=business&feed=1,ok,,経済
2026-10-01,2026-10-01T01:09:04.482656+09:00,その他メディア,,QUICK Money World,新TOPIX決定直前! TICKデータでみる「非プライム有力候補銘柄」の流動性,https://moneyworld.jp/news/detail?id=219965,https://news.ceek.jp/search.cgi?category_id=business&feed=1,ok,,経済
2026-10-01,2026-10-01T01:09:04.482656+09:00,その他メディア,,フジテレビ,JR東海の「リニア」県駅デザイン3案 長野県がアンケート 10月1日から12月28日まで実施、1案に絞る「地域のシンボルとなるような駅に」,https://www.fnn.jp/articles/-/1124221,https://news.ceek.jp/search.cgi?category_id=business&feed=1,ok,,経済
2026-10-01,2026-10-01T01:09:04.482656+09:00,その他メディア,,日本テレビ,来年度の予算編成に向けた秋の財政審がスタート,https://news.ntv.co.jp/category/economy/101bb27067174584b24c6a16f9985e0b,https://news.ceek.jp/search.cgi?category_id=business&feed=1,ok,,経済
2026-10-01,2026-10-01T01:09:04.482656+09:00,その他メディア,,フジテレビ,"「普段は節約、正月は贅沢に」おせちは“メリハリ消費"" 10月1日からおせち商戦スタート 物価高でも「年に1回のごちそう」2~3万円台の商品中心に揃える ながの東急百貨店",https://www.fnn.jp/articles/-/1124220,https://news.ceek.jp/search.cgi?category_id=business&feed=1,ok,,経済
2026-10-01,2026-10-01T01:09:04.482656+09:00,全国紙,全国,日本経済新聞,中外製薬、韓国に子会社設立 事業展開速める,https://www.nikkei.com/article/DGXZQOUC306J20Q6A930C2000000/,https://news.ceek.jp/search.cgi?category_id=business&feed=1,ok,,経済
2026-10-01,2026-10-01T01:09:04.482656+09:00,その他メディア,,デイリースポーツ,西武渋谷が閉店、営業58年,https://www.daily.co.jp/society/economics/2026/09/30/0020878099.shtml,https://news.ceek.jp/search.cgi?category_id=business&feed=1,ok,,経済
2026-10-01,2026-10-01T01:09:04.482656+09:00,その他メディア,,フジテレビ,"お酒、何を選ぶ? 10月1日酒税法改正でビールは安く、第3のビールは高く...スーパーでは増税前の“駆け込み""需要も",https://www.fnn.jp/articles/-/1124218,https://news.ceek.jp/search.cgi?category_id=business&feed=1,ok,,経済
2026-10-01,2026-10-01T01:09:04.482656+09:00,全国紙,全国,日本経済新聞,原油高の再燃、石油・化学に根強い上昇圧力 日経42種が最高値,https://www.nikkei.com/article/DGXZQOUB299RB0Z20C26A9000000/,https://news.ceek.jp/search.cgi?category_id=business&feed=1,ok,,経済
2026-10-01,2026-10-01T01:09:04.482656+09:00,その他メディア,,Forbes JAPAN,好きな音楽で「次の好き」が見えてくる アニソンはゲーム、K-POPは美容に熱狂,https://forbesjapan.com/articles/detail/105546,https://news.ceek.jp/search.cgi?category_id=business&feed=1,ok,,経済
2026-10-01,2026-10-01T01:09:04.482656+09:00,全国紙,全国,日本経済新聞,国内ファンドのポラリス、家庭教師「トライ」買収へ 1400億円規模,https://www.nikkei.com/article/DGXZQOUB3096U0Q6A930C2000000/,https://news.ceek.jp/search.cgi?category_id=business&feed=1,ok,,経済
2026-10-01,2026-10-01T01:09:04.482656+09:00,その他メディア,,日本テレビ,"あす酒税改正 発泡酒など“駆け込み需要"" 安定的に税収確保の狙い? 「企業努力を潰している」声も",https://news.ntv.co.jp/category/economy/fff0b1806cda4f2b9ba8eb70bca2a91e,https://news.ceek.jp/search.cgi?category_id=business&feed=1,ok,,経済
2026-10-01,2026-10-01T01:09:04.482656+09:00,その他メディア,,ニューズウィーク,「Small Modular Reactor」って何? 低コストかつ高い安全性...各国で開発が進む「国際経済の注目キーワード」,https://www.newsweekjapan.jp/articles/-/335328,https://news.ceek.jp/search.cgi?category_id=business&feed=1,ok,,経済
2026-10-01,2026-10-01T01:09:04.482656+09:00,その他メディア,,TBSテレビ,来月の食品値上げ 3153品目 原油高・円安で2か月連続3000品目超,https://newsdig.tbs.co.jp/articles/-/2979512?display=1,https://news.ceek.jp/search.cgi?category_id=business&feed=1,ok,,経済
2026-10-01,2026-10-01T01:09:04.482656+09:00,その他メディア,,フジテレビ,"“秋の長雨""が暮らしに深刻影響 「出荷できない」熱々「鍋」に異変 “葉物ショック""発生で白菜仕入れ値4倍、ホウレンソウも高騰",https://www.fnn.jp/articles/-/1124178,https://news.ceek.jp/search.cgi?category_id=business&feed=1,ok,,経済
2026-10-01,2026-10-01T01:09:04.482656+09:00,その他メディア,,日本金融通信,北都銀と荘内銀、合併契約を締結 公式キャラクターもお披露目,https://www.nikkinonline.com/article/427275,https://news.ceek.jp/search.cgi?category_id=business&feed=1,ok,,経済
2026-10-01,2026-10-01T01:09:04.482656+09:00,全国紙,全国,日本経済新聞,北陸電力、グループ人材戦略を策定 キャリア形成支援に力,https://www.nikkei.com/article/DGXZQOCC307310Q6A930C2000000/,https://news.ceek.jp/search.cgi?category_id=business&feed=1,ok,,経済
2026-10-01,2026-10-01T01:09:04.482656+09:00,その他メディア,,フジテレビ,"あすから10月「値上げの秋」に 人気の“冷凍食品""など3000品目超が値上がり 電気ガス料金も上昇で大家族から悲鳴",https://www.fnn.jp/articles/-/1123967,https://news.ceek.jp/search.cgi?category_id=business&feed=1,ok,,経済
2026-10-01,2026-10-01T01:09:04.482656+09:00,全国紙,全国,日本経済新聞,九州電力の持ち株会社10月発足 西山社長「さらなる成長目指す」,https://www.nikkei.com/article/DGXZQOJC307KY0Q6A930C2000000/,https://news.ceek.jp/search.cgi?category_id=business&feed=1,ok,,経済
2026-10-01,2026-10-01T01:09:04.482656+09:00,全国紙,全国,日本経済新聞,太洋物産、宅配ピザ「ナポリの窯」売却 堀江貴文氏は業務執行取締役に,https://www.nikkei.com/article/DGXZQOUC309G30Q6A930C2000000/,https://news.ceek.jp/search.cgi?category_id=business&feed=1,ok,,経済
2026-10-01,2026-10-01T01:09:04.482656+09:00,全国紙,全国,日本経済新聞,障害者雇用ビジネスで初の民間指針 適切な支援基準明示,https://www.nikkei.com/article/DGXZQOUC307IH0Q6A930C2000000/,https://news.ceek.jp/search.cgi?category_id=business&feed=1,ok,,経済
2026-10-01,2026-10-01T01:09:04.482656+09:00,全国紙,全国,毎日新聞,歳入見通し精度「これまで以上に重要」 政府諮問会議で民間議員,https://mainichi.jp/articles/20260930/k00/00m/020/269000c,https://news.ceek.jp/search.cgi?category_id=business&feed=1,ok,,経済
2026-10-01,2026-10-01T01:09:04.482656+09:00,全国紙,全国,日本経済新聞,9月の日経平均、441円高 金利上昇が上値抑える,https://www.nikkei.com/article/DGXZQOUB302HA0Q6A930C2000000/,https://news.ceek.jp/search.cgi?category_id=business&feed=1,ok,,経済
2026-10-01,2026-10-01T01:09:04.482656+09:00,全国紙,全国,日本経済新聞,北陸のハチバン、関西で「背徳感」ラーメン マヨネーズやニラ使用,https://www.nikkei.com/article/DGXZQOCC308VW0Q6A930C2000000/,https://news.ceek.jp/search.cgi?category_id=business&feed=1,ok,,経済
2026-10-01,2026-10-01T01:09:04.482656+09:00,全国紙,全国,日本経済新聞,九州電力の中村次期社長、原発新増設「選択肢の一つとして検討」,https://www.nikkei.com/article/DGXZQOJC299DG0Z20C26A9000000/,https://news.ceek.jp/search.cgi?category_id=business&feed=1,ok,,経済
2026-10-01,2026-10-01T01:09:04.482656+09:00,その他メディア,,テレビ朝日,ニデック、6321億円の損失計上 有価証券報告書を提出,https://news.tv-asahi.co.jp/news_economy/articles/000536933.html,https://news.ceek.jp/search.cgi?category_id=business&feed=1,ok,,経済
2026-10-01,2026-10-01T01:09:04.482656+09:00,全国紙,全国,日本経済新聞,鹿児島・大崎町、築60年空き家をLIXILなどと再生 廃材も活用,https://www.nikkei.com/article/DGXZQOJC300YJ0Q6A930C2000000/,https://news.ceek.jp/search.cgi?category_id=business&feed=1,ok,,経済
2026-10-01,2026-10-01T01:09:04.482656+09:00,全国紙,全国,日本経済新聞,パナソニックエナジー、家庭用電池向け急速充電器 USBタイプC対応,https://www.nikkei.com/article/DGXZQOUF301H30Q6A930C2000000/,https://news.ceek.jp/search.cgi?category_id=business&feed=1,ok,,経済
2026-10-01,2026-10-01T01:09:04.482656+09:00,その他メディア,,フジテレビ,ノジマで「学生店長」が誕生 10月から大学に通いながら週40時間勤務 予算や従業員シフト管理なども,https://www.fnn.jp/articles/-/1124180,https://news.ceek.jp/search.cgi?category_id=business&feed=1,ok,,経済
2026-10-01,2026-10-01T01:09:04.482656+09:00,全国紙,全国,毎日新聞,「内部昇格では市場の納得難しい」 ニデック社長交代に専門家は,https://mainichi.jp/articles/20260930/k00/00m/020/245000c,https://news.ceek.jp/search.cgi?category_id=business&feed=1,ok,,経済
2026-10-01,2026-10-01T01:09:04.482656+09:00,全国紙,全国,毎日新聞,ニデック、巨額減損で過去最大赤字 監査法人は「意見不表明」,https://mainichi.jp/articles/20260930/k00/00m/020/277000c,https://news.ceek.jp/search.cgi?category_id=business&feed=1,ok,,経済
2026-10-01,2026-10-01T01:09:04.482656+09:00,その他メディア,,TBSテレビ,住宅ローン固定金利 10月から引き上げ メガバンク3行 みずほ銀行は変動金利も0.25%引き上げ,https://newsdig.tbs.co.jp/articles/-/2979375?display=1,https://news.ceek.jp/search.cgi?category_id=business&feed=1,ok,,経済
2026-10-01,2026-10-01T01:09:04.482656+09:00,その他メディア,,TBSテレビ,赤沢経産大臣「非常に大きな意義」 常陸大宮市の文献調査受け入れ表明について謝意 今後の文献調査地域拡大も示唆,https://newsdig.tbs.co.jp/articles/-/2979359?display=1,https://news.ceek.jp/search.cgi?category_id=business&feed=1,ok,,経済
2026-10-01,2026-10-01T01:09:04.482656+09:00,全国紙,全国,日本経済新聞,IPO指数が約1年ぶり高値 9月上場銘柄が好調,https://www.nikkei.com/article/DGXZQOUB305630Q6A930C2000000/,https://news.ceek.jp/search.cgi?category_id=business&feed=1,ok,,経済
2026-10-01,2026-10-01T01:09:04.482656+09:00,その他メディア,,デイリースポーツ,中部電力社長、改めて謝罪,https://www.daily.co.jp/society/economics/2026/09/30/0020877936.shtml,https://news.ceek.jp/search.cgi?category_id=business&feed=1,ok,,経済
2026-10-01,2026-10-01T01:09:04.482656+09:00,その他メディア,,テレビ朝日,酒税改正であすからビール値下げ 街頭で社長自ら主力商品PR,https://news.tv-asahi.co.jp/news_economy/articles/000536941.html,https://news.ceek.jp/search.cgi?category_id=business&feed=1,ok,,経済
2026-10-01,2026-10-01T01:09:04.482656+09:00,全国紙,全国,日本経済新聞,統廃合検討のクールジャパン機構、コンテンツ支援を追加検証へ 経産省,https://www.nikkei.com/article/DGXZQOUA303HO0Q6A930C2000000/,https://news.ceek.jp/search.cgi?category_id=business&feed=1,ok,,経済
2026-10-01,2026-10-01T01:09:04.482656+09:00,その他メディア,,あたらしい経済,財務省、国債のオンチェーン対応で研究会開催へ。10/8に初会合,https://www.neweconomy.jp/posts/612320,https://news.ceek.jp/search.cgi?category_id=business&feed=1,ok,,経済
2026-10-01,2026-10-01T01:09:04.482656+09:00,その他メディア,,日本金融通信,片山金融相「既存インフラとのベストミックスが重要」オンチェーン金融フォーラムでロードマップ,https://www.nikkinonline.com/article/427264,https://news.ceek.jp/search.cgi?category_id=business&feed=1,ok,,経済
2026-10-01,2026-10-01T01:09:04.482656+09:00,その他メディア,,共同通信,水素利用エンジンで船航行 「世界初」日本財団が会見,https://www.47news.jp/15016580.html,https://news.ceek.jp/search.cgi?category_id=business&feed=1,ok,,経済
2026-10-01,2026-10-01T01:09:04.482656+09:00,その他メディア,,日本金融通信,京都FG、本社ビルを2031年度完成 グループ機能を一拠点に集約,https://www.nikkinonline.com/article/427258,https://news.ceek.jp/search.cgi?category_id=business&feed=1,ok,,経済
2026-10-01,2026-10-01T01:09:04.482656+09:00,その他メディア,,フジテレビ,福島・先達山のメガソーラー 商業開始運転から1年 景観は?光害は?改善求める市民の焦り,https://www.fnn.jp/articles/-/1124146,https://news.ceek.jp/search.cgi?category_id=business&feed=1,ok,,経済
2026-10-01,2026-10-01T01:09:04.482656+09:00,その他メディア,,TBSテレビ,「金利のある世界で成長の大きな柱に」楽天カードがみずほ銀行との提携で法人向けクレジットカード 10月1日から発行,https://newsdig.tbs.co.jp/articles/-/2979271?display=1,https://news.ceek.jp/search.cgi?category_id=business&feed=1,ok,,経済
2026-10-01,2026-10-01T01:09:04.482656+09:00,その他メディア,,フジテレビ,晩酌に変化? ビールは値下げ 発泡酒と第3のビールは値上げ 酒税改正で消費者の動向は? メーカー側にはビール回帰の動きも 静岡,https://www.fnn.jp/articles/-/1124181,https://news.ceek.jp/search.cgi?category_id=business&feed=1,ok,,経済
2026-10-01,2026-10-01T01:09:04.482656+09:00,全国紙,全国,日本経済新聞,OTC類似薬の追加負担、厚労省が対象1042品目公表 27年3月開始,https://www.nikkei.com/article/DGXZQOUA241WS0U6A920C2000000/,https://news.ceek.jp/search.cgi?category_id=business&feed=1,ok,,経済
2026-10-01,2026-10-01T01:09:04.482656+09:00,全国紙,全国,日本経済新聞,スシローのF&LCが上海に新会社 出店加速見据えガバナンス強化,https://www.nikkei.com/article/DGXZQOUF308VE0Q6A930C2000000/,https://news.ceek.jp/search.cgi?category_id=business&feed=1,ok,,経済
2026-10-01,2026-10-01T01:09:04.482656+09:00,その他メディア,,フジテレビ,福島県で最大震度1の地震 福島県・只見町、新潟県・阿賀町,https://www.fnn.jp/articles/-/1124301,https://news.ceek.jp/search.cgi?category_id=national&feed=1,ok,,社会
2026-10-01,2026-10-01T01:09:04.482656+09:00,その他メディア,,フジテレビ,【地震】福島県内で震度1 福島県会津を震源とする最大震度1の地震が発生 津波の心配なし,https://www.fnn.jp/articles/-/1124303,https://news.ceek.jp/search.cgi?category_id=national&feed=1,ok,,社会
2026-10-01,2026-10-01T01:09:04.482656+09:00,その他メディア,,TBSテレビ,高市総理「全力で応援」 地域未来戦略で地方自治体から報告を受け,https://newsdig.tbs.co.jp/articles/-/2979816?display=1,https://news.ceek.jp/search.cgi?category_id=national&feed=1,ok,,社会
2026-10-01,2026-10-01T01:09:04.482656+09:00,その他メディア,,フジテレビ,東京・八丈島から最新情報 台風26号近づく伊豆諸島,https://www.fnn.jp/articles/-/1124298,https://news.ceek.jp/search.cgi?category_id=national&feed=1,ok,,社会
2026-10-01,2026-10-01T01:09:04.482656+09:00,その他メディア,,デイリースポーツ,永住許可要件のガイドライン改定,https://www.daily.co.jp/society/national/2026/10/01/0020879331.shtml,https://news.ceek.jp/search.cgi?category_id=national&feed=1,ok,,社会
2026-10-01,2026-10-01T01:09:04.482656+09:00,その他メディア,,TBSテレビ,"“核のごみ""文献調査の受け入れ表明 茨城・常陸大宮市長 8月に申し入れも、市民や議会からの懸念の声で先送り",https://newsdig.tbs.co.jp/articles/-/2979802?display=1,https://news.ceek.jp/search.cgi?category_id=national&feed=1,ok,,社会
2026-10-01,2026-10-01T01:09:04.482656+09:00,その他メディア,,テレビ朝日,"長雨で雨漏り“急増""修復依頼は去年の5倍超に...東京“35日連続雨""最長更新",https://news.tv-asahi.co.jp/news_society/articles/900200870.html,https://news.ceek.jp/search.cgi?category_id=national&feed=1,ok,,社会
2026-10-01,2026-10-01T01:09:04.482656+09:00,その他メディア,,デイリースポーツ,ふるさと納税、返礼ルール厳格化,https://www.daily.co.jp/society/main/2026/10/01/0020879283.shtml,https://news.ceek.jp/search.cgi?category_id=national&feed=1,ok,,社会
2026-10-01,2026-10-01T01:09:04.482656+09:00,その他メディア,,デイリースポーツ,サイバー攻撃の無害化措置可能に,https://www.daily.co.jp/society/main/2026/10/01/0020879288.shtml,https://news.ceek.jp/search.cgi?category_id=national&feed=1,ok,,社会
2026-10-01,2026-10-01T01:09:04.482656+09:00,その他メディア,,TBSテレビ,「孝徳ごめんね...いつか会える日が来るまでお母さんは頑張るので見ていてほしい」 小4男児ひき逃げ事件から17年 母親ら情報提供呼びかけ,https://newsdig.tbs.co.jp/articles/-/2979801?display=1,https://news.ceek.jp/search.cgi?category_id=national&feed=1,ok,,社会
2026-10-01,2026-10-01T01:09:04.482656+09:00,その他メディア,,サンケイスポーツ,米連邦取引委員会、AI開発企業を調査 消費者への危険性確認,https://www.sanspo.com/article/20261001-OT25TKDN5VJQVECQFZ4KBH6CQY/,https://news.ceek.jp/search.cgi?category_id=national&feed=1,ok,,社会
2026-10-01,2026-10-01T01:09:04.482656+09:00,その他メディア,,TBSテレビ,きょうから「106万円の壁」撤廃 厚生年金や健康保険への加入対象が拡大,https://newsdig.tbs.co.jp/articles/-/2979800?display=1,https://news.ceek.jp/search.cgi?category_id=national&feed=1,ok,,社会
2026-10-01,2026-10-01T01:09:04.482656+09:00,その他メディア,,日刊スポーツ,京都大の本庶佑特別教授がノーベル医学生理学賞を受賞/今日は?,https://www.nikkansports.com/general/news/202609300001468.html,https://news.ceek.jp/search.cgi?category_id=national&feed=1,ok,,社会
2026-10-01,2026-10-01T01:09:04.482656+09:00,その他メディア,,フジテレビ,両陛下 熊本地震被災地訪問から帰京 くまモンのバッジを胸に被災者を見舞われる,https://www.fnn.jp/articles/-/1124292,https://news.ceek.jp/search.cgi?category_id=national&feed=1,ok,,社会
2026-10-01,2026-10-01T01:09:04.482656+09:00,その他メディア,,サンケイスポーツ,イスラエル行きの旅客機が緊急着陸 ネタニヤフ首相「操縦士が墜落企てた」,https://www.sanspo.com/article/20260930-6SF7NLF6FJNUZMC2WJ7KRAOVIA/,https://news.ceek.jp/search.cgi?category_id=national&feed=1,ok,,社会
2026-10-01,2026-10-01T01:09:04.482656+09:00,その他メディア,,TBSテレビ,「能動的サイバー防御」あすから可能に 古川サイバー安保担当大臣「機を逸することなく措置を講じることが極めて重要」,https://newsdig.tbs.co.jp/articles/-/2979799?display=1,https://news.ceek.jp/search.cgi?category_id=national&feed=1,ok,,社会
2026-10-01,2026-10-01T01:09:04.482656+09:00,その他メディア,,フジテレビ,【速報】JR大和路線・JR奈良線の一部列車に遅れ いずれも列車と動物が接触した影響で,https://www.fnn.jp/articles/-/1124296,https://news.ceek.jp/search.cgi?category_id=national&feed=1,ok,,社会
2026-10-01,2026-10-01T01:09:04.482656+09:00,その他メディア,,サンケイスポーツ,英首相、EU離脱は「害をもたらした」再加盟の可能性排除せず,https://www.sanspo.com/article/20260930-J3PV3TJDXZLG7H3PQHRMAKTLIA/,https://news.ceek.jp/search.cgi?category_id=national&feed=1,ok,,社会
2026-10-01,2026-10-01T01:09:04.482656+09:00,その他メディア,,日本テレビ,"台風26号の強風域に...東京・八丈島で台風に備え、島内のスーパーに“変化""も【中継】",https://news.ntv.co.jp/category/society/a3242c0f8ee34d31b6be0d62f056f5e6,https://news.ceek.jp/search.cgi?category_id=national&feed=1,ok,,社会
2026-10-01,2026-10-01T01:09:04.482656+09:00,その他メディア,,フジテレビ,【速報】阪急京都線 京都河原町駅~正雀駅間と大阪梅田駅~淡路駅間でそれぞれ運転見合わせ 人身事故の影響で,https://www.fnn.jp/articles/-/1124293,https://news.ceek.jp/search.cgi?category_id=national&feed=1,ok,,社会
2026-10-01,2026-10-01T01:09:04.482656+09:00,その他メディア,,テレビ朝日,常陸大宮「核のごみ」文献調査受入れ 住民の反応は,https://news.tv-asahi.co.jp/news_society/articles/000536991.html,https://news.ceek.jp/search.cgi?category_id=national&feed=1,ok,,社会
2026-10-01,2026-10-01T01:09:04.482656+09:00,その他メディア,,テレビ朝日,カンボジア拠点特殊詐欺グループ 新たに男2人逮捕,https://news.tv-asahi.co.jp/news_society/articles/000536992.html,https://news.ceek.jp/search.cgi?category_id=national&feed=1,ok,,社会
2026-10-01,2026-10-01T01:09:04.482656+09:00,その他メディア,,フジテレビ,【速報】今後24時間以内に台風発生の見通し,https://www.fnn.jp/articles/-/1124291,https://news.ceek.jp/search.cgi?category_id=national&feed=1,ok,,社会
2026-10-01,2026-10-01T01:09:04.482656+09:00,その他メディア,,日本テレビ,集合住宅で女性死亡「紛失防止タグを取り付けられた」警察に元交際相手のストーカー行為を相談 沖縄・宜野湾市【中継】,https://news.ntv.co.jp/category/society/f53b32e49049414ca739b4098312bb21,https://news.ceek.jp/search.cgi?category_id=national&feed=1,ok,,社会
2026-10-01,2026-10-01T01:09:04.482656+09:00,その他メディア,,日本テレビ,"集合住宅に死亡の23歳女性...車に「紛失防止タグ」訴えも “ストーカー""元交際相手は大けがし搬送 沖縄・宜野湾市",https://news.ntv.co.jp/category/society/7b0cf036bc4f4786848c2469c67be282,https://news.ceek.jp/search.cgi?category_id=national&feed=1,ok,,社会
2026-10-01,2026-10-01T01:09:04.482656+09:00,全国紙,全国,産経新聞,警視庁の新機動隊員、暴徒鎮圧を実演 警備部長「強さとしなやかさ、仲間との絆を大切に」,https://www.sankei.com/article/20260930-CK25VJZLGJNFZIPQLCX657XEUQ/,https://news.ceek.jp/search.cgi?category_id=national&feed=1,ok,,社会
2026-10-01,2026-10-01T01:09:04.482656+09:00,その他メディア,,テレビ朝日,"白昼の神戸で“発砲事件""相次ぐ 元暴力団関係者の男逮捕 会社経営者の男性が死亡",https://news.tv-asahi.co.jp/news_society/articles/000537006.html,https://news.ceek.jp/search.cgi?category_id=national&feed=1,ok,,社会
2026-10-01,2026-10-01T01:09:04.482656+09:00,その他メディア,,テレビ朝日,被災者「悲しみが吹っ飛んだような」両陛下が被災地・熊本を訪問 被災者らをお見舞い,https://news.tv-asahi.co.jp/news_society/articles/000537005.html,https://news.ceek.jp/search.cgi?category_id=national&feed=1,ok,,社会
2026-10-01,2026-10-01T01:09:04.482656+09:00,その他メディア,,日本テレビ,"2頭の“親子""クマと遭遇...軽自動車に3度突進 ドラレコが捉えた映像に 北海道美深町",https://news.ntv.co.jp/category/society/56817fc98cb342798ebe34fecd57a536,https://news.ceek.jp/search.cgi?category_id=national&feed=1,ok,,社会
2026-10-01,2026-10-01T01:09:04.482656+09:00,その他メディア,,フジテレビ,"【台風情報】“台風のたまご""熱帯低気圧の進路予想 「新たな台風」が24時間以内に発生の可能性 台風26号の進路予想 1日午前9時には八丈島の北東約60キロに達する予想",https://www.fnn.jp/articles/-/1124290,https://news.ceek.jp/search.cgi?category_id=national&feed=1,ok,,社会
2026-10-01,2026-10-01T01:09:04.482656+09:00,その他メディア,,フジテレビ,【台風情報】台風26号は日本の東の海上へ 関東南部の雨のピークは過ぎる 大雨の影響残る地域では少しの雨でも土砂災害に注意,https://www.fnn.jp/articles/-/1124288,https://news.ceek.jp/search.cgi?category_id=national&feed=1,ok,,社会
2026-10-01,2026-10-01T01:09:04.482656+09:00,その他メディア,,日本テレビ,「おおぎやラーメン」「かつ太郎」地元客が何度通っても飽きない 関東の人気ローカルチェーン【気になる!】,https://news.ntv.co.jp/category/society/6f7493f6e20747db99cbc3e1e7cca6c4,https://news.ceek.jp/search.cgi?category_id=national&feed=1,ok,,社会
2026-10-01,2026-10-01T01:09:04.482656+09:00,その他メディア,,フジテレビ,【台風情報】台風のたまごが日本の南から北上中 台風に発達後の5日頃小笠原諸島に接近か 大雨・暴風・高波に注意・警戒 その後は多くの各国シミュレーションでは日本の東の海上へ通過の予想 東海・関東に高波の影響か,https://www.fnn.jp/articles/-/1124286,https://news.ceek.jp/search.cgi?category_id=national&feed=1,ok,,社会
2026-10-01,2026-10-01T01:09:04.482656+09:00,全国紙,全国,産経新聞,相模原殺傷事件、植松聖死刑囚の再審認めず 2度目請求も特別抗告棄却,https://www.sankei.com/article/20260930-OCMGEUTNIBOD7NWS5DFE3QKUSM/,https://news.ceek.jp/search.cgi?category_id=national&feed=1,ok,,社会
2026-10-01,2026-10-01T01:09:04.482656+09:00,その他メディア,,TBSテレビ,「GOOD BYE BAD HALLOWEEN」東京・渋谷区が今年のハロウィーン対策を発表 電動キックボードの利用制限も,https://newsdig.tbs.co.jp/articles/-/2979739?display=1,https://news.ceek.jp/search.cgi?category_id=national&feed=1,ok,,社会
2026-10-01,2026-10-01T01:09:04.482656+09:00,その他メディア,,フジテレビ,一番くじ景品のゴジラのフィギュア詐取容疑で逮捕された男性を不起訴処分 千葉地検,https://www.fnn.jp/articles/-/1124278,https://news.ceek.jp/search.cgi?category_id=national&feed=1,ok,,社会
2026-10-01,2026-10-01T01:09:04.482656+09:00,その他メディア,,フジテレビ,海外出張で捜査費用を不正使用したとして書類送検された警察庁元幹部を起訴猶予で不起訴処分 東京地検,https://www.fnn.jp/articles/-/1124274,https://news.ceek.jp/search.cgi?category_id=national&feed=1,ok,,社会
2026-10-01,2026-10-01T01:09:04.482656+09:00,その他メディア,,フジテレビ,盗品窃盗グループ関与したとして逮捕されたパキスタン国籍の男性を不起訴処分 東京地検立川支部,https://www.fnn.jp/articles/-/1124271,https://news.ceek.jp/search.cgi?category_id=national&feed=1,ok,,社会
2026-10-01,2026-10-01T01:09:04.482656+09:00,その他メディア,,フジテレビ,【台風情報】台風26号の進路予想 30日午後9時には八丈島の南南西約170km、中心気圧1000ヘクトパスカル 1日午後9時には日本の東に達する予想,https://www.fnn.jp/articles/-/1124275,https://news.ceek.jp/search.cgi?category_id=national&feed=1,ok,,社会
2026-10-01,2026-10-01T01:09:04.482656+09:00,その他メディア,,テレ東BIZ,イラク駐留米軍の撤収完了 「イスラム国」掃討で派遣,https://txbiz.tv-tokyo.co.jp/txn/news_txn/post_349575,https://news.ceek.jp/search.cgi?category_id=national&feed=1,ok,,社会
2026-10-01,2026-10-01T01:09:04.482656+09:00,その他メディア,,テレ東BIZ,楽天が中小向け法人カード みずほと連携し参入,https://txbiz.tv-tokyo.co.jp/txn/news_txn/post_349576,https://news.ceek.jp/search.cgi?category_id=national&feed=1,ok,,社会
2026-10-01,2026-10-01T01:09:04.482656+09:00,その他メディア,,テレ東BIZ,東武鉄道事故で中間報告 複数の規定違反を確認,https://txbiz.tv-tokyo.co.jp/txn/news_txn/post_349577,https://news.ceek.jp/search.cgi?category_id=national&feed=1,ok,,社会
2026-10-01,2026-10-01T01:09:04.482656+09:00,その他メディア,,テレ東BIZ,10月の値上げ 3000品目超 原材料費上昇や円安が影響,https://txbiz.tv-tokyo.co.jp/txn/news_txn/post_349573,https://news.ceek.jp/search.cgi?category_id=national&feed=1,ok,,社会
2026-10-01,2026-10-01T01:09:04.482656+09:00,その他メディア,,テレ東BIZ,主力工場を新光電工に売却 ジャパンディスプレイ,https://txbiz.tv-tokyo.co.jp/txn/news_txn/post_349574,https://news.ceek.jp/search.cgi?category_id=national&feed=1,ok,,社会
2026-10-01,2026-10-01T01:09:04.482656+09:00,その他メディア,,TBSテレビ,"「政治生命をかけた判断」“核のごみ""文献調査の受け入れ表明 茨城・常陸大宮市の鈴木定幸市長 市民は「長い時間かけて慎重に判断を...」",https://newsdig.tbs.co.jp/articles/-/2979736?display=1,https://news.ceek.jp/search.cgi?category_id=national&feed=1,ok,,社会
2026-10-01,2026-10-01T01:09:04.482656+09:00,その他メディア,,フジテレビ,「『治安の最後の砦』の一員に」新隊員約430人が鉄パイプ・火炎瓶想定の訓練 警視庁機動隊にこの秋入隊,https://www.fnn.jp/articles/-/1124269,https://news.ceek.jp/search.cgi?category_id=national&feed=1,ok,,社会
2026-10-01,2026-10-01T01:09:04.482656+09:00,その他メディア,,日本テレビ,ストーカー行為のすえネイリスト殺害 男に拘禁刑20年の判決 女性の夫「納得できない」,https://news.ntv.co.jp/category/society/696924c9774349b093553fcdac8887a1,https://news.ceek.jp/search.cgi?category_id=national&feed=1,ok,,社会
2026-10-01,2026-10-01T01:09:04.482656+09:00,その他メディア,,日本テレビ,浜岡原発データ不正問題 東京地検に刑事告発 研究者ら,https://news.ntv.co.jp/category/society/0f241910f3fe49d8a32f39331829f1ea,https://news.ceek.jp/search.cgi?category_id=national&feed=1,ok,,社会
2026-10-01,2026-10-01T01:09:04.482656+09:00,全国紙,全国,産経新聞,京都府綾部市で民家敷地内にツキノワグマ出没 「緊急銃猟」実施、けが人なし 府内2例目,https://www.sankei.com/article/20260930-U23N262CFNNGRLBWHBHKYX3SBE/,https://news.ceek.jp/search.cgi?category_id=national&feed=1,ok,,社会
2026-10-01,2026-10-01T01:09:04.482656+09:00,全国紙,全国,読売新聞,天皇、皇后両陛下が自衛隊ヘリで熊本地震被災地へ...「くまモン」バッジ付け被災者に寄り添う,https://www.yomiuri.co.jp/koushitsu/20260930-GYT1T00346/,https://news.ceek.jp/search.cgi?category_id=national&feed=1,ok,,社会
2026-10-01,2026-10-01T01:09:04.482656+09:00,その他メディア,,日本テレビ,天皇皇后両陛下 地震後初の熊本訪問 腰かがめ...被災者と同じ目線で話に耳を傾けられる,https://news.ntv.co.jp/category/society/81b3308a26a74eb8aa1ae319c54d07fe,https://news.ceek.jp/search.cgi?category_id=national&feed=1,ok,,社会
2026-10-01,2026-10-01T01:09:04.482656+09:00,その他メディア,,東京スポーツ新聞,立憲民主党 財政難から党本部縮小 10月から職員の希望退職募集へ,https://www.tokyo-sports.co.jp/articles/-/405053,https://news.ceek.jp/search.cgi?category_id=national&feed=1,ok,,社会
2026-10-01,2026-10-01T01:09:04.482656+09:00,その他メディア,,日本テレビ,「男性が撃たれた」と相次ぎ通報 神戸市で連続発砲...1人死亡 79歳男を緊急逮捕 近くには動物園や病院も,https://news.ntv.co.jp/category/society/7e5a3e70ef4647eeb4f579e84d2e7218,https://news.ceek.jp/search.cgi?category_id=national&feed=1,ok,,社会
2026-10-01,2026-10-01T01:09:04.482656+09:00,その他メディア,,フジテレビ,鹿児島県で最大震度1の地震 鹿児島県・鹿児島十島村,https://www.fnn.jp/articles/-/1124264,https://news.ceek.jp/search.cgi?category_id=national&feed=1,ok,,社会
2026-10-01,2026-10-01T01:09:04.482656+09:00,その他メディア,,フジテレビ,旧天竜林業高校・贈収賄事件 再審求める元校長が最終申立補充書や意見書を提出 裁判所は年度末にも再審可否判断へ,https://www.fnn.jp/articles/-/1124265,https://news.ceek.jp/search.cgi?category_id=national&feed=1,ok,,社会
2026-10-01,2026-10-01T01:09:04.482656+09:00,全国紙,全国,産経新聞,妻の遺体を切断し遺棄容疑、医師の男を逮捕 兵庫県警,https://www.sankei.com/article/20260930-MVOV3UDN25PQDMC4VZDMNYJ3EI/,https://news.ceek.jp/search.cgi?category_id=national&feed=1,ok,,社会
2026-10-01,2026-10-01T01:09:04.482656+09:00,全国紙,全国,読売新聞,アパートの外階段で23歳女性死亡、車に紛失防止タグつけられていたなどと警察に相談...沖縄県宜野湾市,https://www.yomiuri.co.jp/national/20260930-GYT1T00353/,https://news.ceek.jp/search.cgi?category_id=national&feed=1,ok,,社会
2026-10-01,2026-10-01T01:09:04.482656+09:00,その他メディア,,TBSテレビ,"「自分の年収が物価上昇に追いついていない」7割超えが実感「何らかの節約している」は8割超え 各家庭の工夫は?“台所事情""を調査",https://newsdig.tbs.co.jp/articles/-/2979606?display=1,https://news.ceek.jp/search.cgi?category_id=national&feed=1,ok,,社会
2026-10-01,2026-10-01T01:09:04.482656+09:00,その他メディア,,フジテレビ,バスジャックを想定した合同訓練_警察やバス会社などが犯人との交渉や制圧、テロ対応部隊との連携を確認<北海道斜里町>,https://www.fnn.jp/articles/-/1124257,https://news.ceek.jp/search.cgi?category_id=national&feed=1,ok,,社会
2026-10-01,2026-10-01T01:09:04.482656+09:00,その他メディア,,フジテレビ,女子生徒の肩を抱き寄せるなど悪質なセクハラ 57歳男性講師を懲戒免職 「生徒に嫌われたかった」 宮城,https://www.fnn.jp/articles/-/1124259,https://news.ceek.jp/search.cgi?category_id=national&feed=1,ok,,社会
2026-10-01,2026-10-01T01:09:04.482656+09:00,全国紙,全国,読売新聞,妻の不明届出した46歳の医師、遺体を切断し川に捨てた疑い...「私が1人でやったことです」,https://www.yomiuri.co.jp/national/20260930-GYT1T00349/,https://news.ceek.jp/search.cgi?category_id=national&feed=1,ok,,社会
2026-10-01,2026-10-01T01:09:04.482656+09:00,その他メディア,,フジテレビ,【キケンな縁結び相談所】「女性との交際をあっせんする」20代男性がSNSで恋愛コンサルタント詐欺被害...結局女性とは一度も会えず電話もできないまま約160万円だまし取られる...警察が注呼びかけ〈北海道〉,https://www.fnn.jp/articles/-/1124241,https://news.ceek.jp/search.cgi?category_id=national&feed=1,ok,,社会
2026-10-01,2026-10-01T01:09:04.482656+09:00,その他メディア,,フジテレビ,未明の公園内で因縁つけ暴行...4人組の男が現金奪い逃走_札幌中心部の中島公園で男女2人が襲われる_男性は顔殴られケガ_警察が強盗致傷事件として逃げた男の行方追う〈札幌市中央区〉,https://www.fnn.jp/articles/-/1124258,https://news.ceek.jp/search.cgi?category_id=national&feed=1,ok,,社会
2026-10-01,2026-10-01T01:09:04.482656+09:00,その他メディア,,テレビ朝日,熊谷死亡ひき逃げ 時効まで3年 情報提供よびかけ 名古屋主婦殺害事件の被害者夫も参加,https://news.tv-asahi.co.jp/news_society/articles/000536959.html,https://news.ceek.jp/search.cgi?category_id=national&feed=1,ok,,社会
2026-10-01,2026-10-01T01:09:04.482656+09:00,全国紙,全国,読売新聞,また台風接近の千葉、決壊した堤防は24時間態勢で塞ぐ...「すぐに逃げられるよう」車内で夜を過ごす夫婦も,https://www.yomiuri.co.jp/national/20260930-GYT1T00343/,https://news.ceek.jp/search.cgi?category_id=national&feed=1,ok,,社会
2026-10-01,2026-10-01T01:09:04.482656+09:00,その他メディア,,フジテレビ,"【撤去期限まで残り1カ月】寝転がるライオンに、動き回るポニーも...閉園から1年経った""旧ノースサファリ""を取材_動物200匹以上の行き先は?_違法開発問題で札幌市が完全撤去を命じた無許可建築物の現状は",https://www.fnn.jp/articles/-/1124238,https://news.ceek.jp/search.cgi?category_id=national&feed=1,ok,,社会
2026-10-01,2026-10-01T01:09:04.482656+09:00,その他メディア,,フジテレビ,伊達市の介護サービスで利用者の人格を否定する行為 市が行政処分<福島県伊達市>,https://www.fnn.jp/articles/-/1124242,https://news.ceek.jp/search.cgi?category_id=national&feed=1,ok,,社会
2026-10-01,2026-10-01T01:09:04.482656+09:00,全国紙,全国,産経新聞,下請け業者に架空発注、勤務先から現金詐取容疑 東芝子会社元社員3人を逮捕,https://www.sankei.com/article/20260930-HZGUWBUICFLN3C46TLI2S5S7FI/,https://news.ceek.jp/search.cgi?category_id=national&feed=1,ok,,社会
2026-10-01,2026-10-01T01:09:04.482656+09:00,その他メディア,,デイリースポーツ,司法取引で新たに男逮捕、広島,https://www.daily.co.jp/society/national/2026/09/30/0020878267.shtml,https://news.ceek.jp/search.cgi?category_id=national&feed=1,ok,,社会
2026-10-01,2026-10-01T01:09:04.482656+09:00,その他メディア,,日本テレビ,熊谷市男児ひき逃げ死亡事件から17年 時効まで3年...母親が時効撤廃を訴え,https://news.ntv.co.jp/category/society/3f1fe9a3ccf3483a91a7cdd29e3c8eb0,https://news.ceek.jp/search.cgi?category_id=national&feed=1,ok,,社会
2026-10-01,2026-10-01T01:09:04.482656+09:00,その他メディア,,フジテレビ,台風26号今夜伊豆諸島を直撃へ 「不安でしかない」被災地千葉で再び雨か 復旧中の印旛沼周辺では諦めの声も,https://www.fnn.jp/articles/-/1124050,https://news.ceek.jp/search.cgi?category_id=national&feed=1,ok,,社会
2026-10-01,2026-10-01T01:09:04.482656+09:00,その他メディア,,共同通信,司法取引で新たに男逮捕、広島 匿流関与疑いの詐欺,https://www.47news.jp/15017050.html,https://news.ceek.jp/search.cgi?category_id=national&feed=1,ok,,社会
2026-10-01,2026-10-01T01:09:04.482656+09:00,その他メディア,,フジテレビ,ドラッグストアで万引き繰り返した「トクリュウ」指示役とみられる男逮捕 被害は10都府県で約4000点1400万円相当か,https://www.fnn.jp/articles/-/1124233,https://news.ceek.jp/search.cgi?category_id=national&feed=1,ok,,社会
2026-10-01,2026-10-01T01:09:04.482656+09:00,その他メディア,,フジテレビ,【どうなる北国の暮らし】灯油価格が過去最高値(札幌で1リットル159円)これはもはやガソリン並み...さらに電気・ガス代も同時値上げで家計を直撃...命をつなぐ冬の暖房費が急上昇、道民生活が大ピンチ,https://www.fnn.jp/articles/-/1124234,https://news.ceek.jp/search.cgi?category_id=national&feed=1,ok,,社会
2026-10-01,2026-10-01T01:09:04.482656+09:00,その他メディア,,日本テレビ,"ネイリスト女性“殺害""男に拘禁刑20年判決 「動機は身勝手」水戸地裁",https://news.ntv.co.jp/category/society/8c85da635a0d4a5d8afd7366aeb80268,https://news.ceek.jp/search.cgi?category_id=national&feed=1,ok,,社会
2026-10-01,2026-10-01T01:09:04.482656+09:00,その他メディア,,フジテレビ,女性のスカートにスマートフォン差し入れ...盗撮容疑で29歳会社員の男を逮捕 「私がしたことで間違いない」スマホから下着の盗撮動画見つかる,https://www.fnn.jp/articles/-/1124231,https://news.ceek.jp/search.cgi?category_id=national&feed=1,ok,,社会
2026-10-01,2026-10-01T01:09:04.482656+09:00,その他メディア,,フジテレビ,"【速報】神戸発砲事件 中央区で腹部撃たれ死亡の男性は58歳会社役員 兵庫区での“殺人未遂""で逮捕された79歳の暴力団関係者の男が関与ほのめかす 面識あったとみられる 兵庫県警",https://www.fnn.jp/articles/-/1124232,https://news.ceek.jp/search.cgi?category_id=national&feed=1,ok,,社会
2026-10-01,2026-10-01T01:09:04.482656+09:00,全国紙,全国,産経新聞,司法取引の詐欺事件、新たに中国籍の37歳男逮捕 広島、匿流が関与か,https://www.sankei.com/article/20260930-MOIWJI5INJPPHIPT6WMBNCYERI/,https://news.ceek.jp/search.cgi?category_id=national&feed=1,ok,,社会
2026-10-01,2026-10-01T01:09:04.482656+09:00,その他メディア,,フジテレビ,全長147センチ体重65キロのツキノワグマ 東京都内で初めての緊急銃猟 事例を検証して対策を推進へ,https://www.fnn.jp/articles/-/1124226,https://news.ceek.jp/search.cgi?category_id=national&feed=1,ok,,社会
2026-10-01,2026-10-01T01:09:04.482656+09:00,その他メディア,,テレビ朝日,千葉・匝瑳市の海岸にまたクジラ 数日前にも打ちあげられる,https://news.tv-asahi.co.jp/news_society/articles/000536960.html,https://news.ceek.jp/search.cgi?category_id=national&feed=1,ok,,社会
2026-10-01,2026-10-01T01:09:04.482656+09:00,その他メディア,,デイリースポーツ,中国、改正国防動員法が施行,https://www.daily.co.jp/society/world/2026/10/01/0020879388.shtml,https://news.ceek.jp/search.cgi?category_id=world&feed=1,ok,,国際
2026-10-01,2026-10-01T01:09:04.482656+09:00,全国紙,全国,読売新聞,イスラエル行き旅客機、操縦士が同僚操縦士を刺し墜落図る...30秒で4300m急降下,https://www.yomiuri.co.jp/world/20261001-GYT1T00042/,https://news.ceek.jp/search.cgi?category_id=world&feed=1,ok,,国際
2026-10-01,2026-10-01T01:09:04.482656+09:00,その他メディア,,TBSテレビ,「イスラム国打倒は成功」アメリカ軍がイラクからの撤収を完了,https://newsdig.tbs.co.jp/articles/-/2979815?display=1,https://news.ceek.jp/search.cgi?category_id=world&feed=1,ok,,国際
2026-10-01,2026-10-01T01:09:04.482656+09:00,全国紙,全国,日本経済新聞,英空軍基地近くのテロ準備疑い、爆発物なし 米政権幹部「外国関与」,https://www.nikkei.com/article/DGXZQOGR308ZG0Q6A930C2000000/,https://news.ceek.jp/search.cgi?category_id=world&feed=1,ok,,国際
2026-10-01,2026-10-01T01:09:04.482656+09:00,その他メディア,,ウクルインフォルム,キーウ市で緊急停電導入,https://www.ukrinform.jp/rubric-economy/4169715-kiu-shide-jin-ji-ting-dian-dao-ru.html,https://news.ceek.jp/search.cgi?category_id=world&feed=1,ok,,国際
2026-10-01,2026-10-01T01:09:04.482656+09:00,その他メディア,,TBSテレビ,中国「改正国防動員法」施行 有事に先端技術の軍事転用強化の狙いか,https://newsdig.tbs.co.jp/articles/-/2979803?display=1,https://news.ceek.jp/search.cgi?category_id=world&feed=1,ok,,国際
2026-10-01,2026-10-01T01:09:04.482656+09:00,その他メディア,,フジテレビ,イスラエル行きの旅客機がサウジアラビアに緊急着陸,https://www.fnn.jp/articles/-/1124295,https://news.ceek.jp/search.cgi?category_id=world&feed=1,ok,,国際
2026-10-01,2026-10-01T01:09:04.482656+09:00,その他メディア,,NNA ASIA,現地M&A、事業承継ニーズ合致,https://www.nna.jp/news/2967001,https://news.ceek.jp/search.cgi?category_id=world&feed=1,ok,,国際
2026-10-01,2026-10-01T01:09:04.482656+09:00,その他メディア,,NNA ASIA,小淺商事がノリ工場を着工,https://www.nna.jp/news/2967837,https://news.ceek.jp/search.cgi?category_id=world&feed=1,ok,,国際
2026-10-01,2026-10-01T01:09:04.482656+09:00,その他メディア,,NNA ASIA,カンボジア第3工場を検討,https://www.nna.jp/news/2968533,https://news.ceek.jp/search.cgi?category_id=world&feed=1,ok,,国際
2026-10-01,2026-10-01T01:09:04.482656+09:00,その他メディア,,NNA ASIA,ゴドレジ、ムンバイ南部で高級住宅開発,https://www.nna.jp/news/2971946,https://news.ceek.jp/search.cgi?category_id=world&feed=1,ok,,国際
2026-10-01,2026-10-01T01:09:04.482656+09:00,その他メディア,,NNA ASIA,NZの外資誘致、政策介入巡り懸念,https://www.nna.jp/news/2971980,https://news.ceek.jp/search.cgi?category_id=world&feed=1,ok,,国際
2026-10-01,2026-10-01T01:09:04.482656+09:00,その他メディア,,NNA ASIA,〔ポッサムのつぶやき〕新型スマホ高過ぎ!買い替えできず,https://www.nna.jp/news/2971983,https://news.ceek.jp/search.cgi?category_id=world&feed=1,ok,,国際
2026-10-01,2026-10-01T01:09:04.482656+09:00,その他メディア,,NNA ASIA,畜産エコシステム、17兆ルピアで整備へ,https://www.nna.jp/news/2972073,https://news.ceek.jp/search.cgi?category_id=world&feed=1,ok,,国際
2026-10-01,2026-10-01T01:09:04.482656+09:00,その他メディア,,NNA ASIA,ニデック岸田社長辞任、不正会計・品質問題で,https://www.nna.jp/news/2972284,https://news.ceek.jp/search.cgi?category_id=world&feed=1,ok,,国際
2026-10-01,2026-10-01T01:09:04.482656+09:00,その他メディア,,NNA ASIA,トイザらス、日本事業撤退=ドンキ買収,https://www.nna.jp/news/2972294,https://news.ceek.jp/search.cgi?category_id=world&feed=1,ok,,国際
2026-10-01,2026-10-01T01:09:04.482656+09:00,その他メディア,,NNA ASIA,【豪ドル為替マーケット分析】 <SMBC・第48幕>続・為替キャラクター・フレームワーク,https://www.nna.jp/news/2972330,https://news.ceek.jp/search.cgi?category_id=world&feed=1,ok,,国際
2026-10-01,2026-10-01T01:09:04.482656+09:00,その他メディア,,NNA ASIA,利用者依頼を先回りで実行、オープンAIドッツ,https://www.nna.jp/news/2972414,https://news.ceek.jp/search.cgi?category_id=world&feed=1,ok,,国際
2026-10-01,2026-10-01T01:09:04.482656+09:00,その他メディア,,NNA ASIA,〔アジア人事〕イリソ電子工業ほか,https://www.nna.jp/news/2972417,https://news.ceek.jp/search.cgi?category_id=world&feed=1,ok,,国際
2026-10-01,2026-10-01T01:09:04.482656+09:00,その他メディア,,NNA ASIA,QLD州、ガス供給義務の独立調査と延期要求,https://www.nna.jp/news/2972428,https://news.ceek.jp/search.cgi?category_id=world&feed=1,ok,,国際
2026-10-01,2026-10-01T01:09:04.482656+09:00,その他メディア,,NNA ASIA,8月末の民間製造業登録、工業団地内は8283社,https://www.nna.jp/news/2972454,https://news.ceek.jp/search.cgi?category_id=world&feed=1,ok,,国際
2026-10-01,2026-10-01T01:09:04.482656+09:00,その他メディア,,NNA ASIA,バンコク、都内21区の災害区域指定を解除,https://www.nna.jp/news/2972457,https://news.ceek.jp/search.cgi?category_id=world&feed=1,ok,,国際
2026-10-01,2026-10-01T01:09:04.482656+09:00,その他メディア,,NNA ASIA,エネ省、石油会社に月次コスト提出義務付け,https://www.nna.jp/news/2972464,https://news.ceek.jp/search.cgi?category_id=world&feed=1,ok,,国際
2026-10-01,2026-10-01T01:09:04.482656+09:00,その他メディア,,NNA ASIA,パワーウエルと仏企業、DC向け事業で提携,https://www.nna.jp/news/2972471,https://news.ceek.jp/search.cgi?category_id=world&feed=1,ok,,国際
2026-10-01,2026-10-01T01:09:04.482656+09:00,その他メディア,,NNA ASIA,40年までに鉄鋼の国産率86%、政府が目標,https://www.nna.jp/news/2972473,https://news.ceek.jp/search.cgi?category_id=world&feed=1,ok,,国際
2026-10-01,2026-10-01T01:09:04.482656+09:00,その他メディア,,NNA ASIA,本日のオーストラリア1行情報(9月30日付),https://www.nna.jp/news/2972480,https://news.ceek.jp/search.cgi?category_id=world&feed=1,ok,,国際
2026-10-01,2026-10-01T01:09:04.482656+09:00,その他メディア,,NNA ASIA,北部ハイフォン市に中型SC,https://www.nna.jp/news/2972482,https://news.ceek.jp/search.cgi?category_id=world&feed=1,ok,,国際
2026-10-01,2026-10-01T01:09:04.482656+09:00,その他メディア,,NNA ASIA,〔クラクション〕マカティ市の高級住宅街で侵入盗事件,https://www.nna.jp/news/2972483,https://news.ceek.jp/search.cgi?category_id=world&feed=1,ok,,国際
2026-10-01,2026-10-01T01:09:04.482656+09:00,その他メディア,,NNA ASIA,燃料価格が再び高騰、運送業界は転嫁模索,https://www.nna.jp/news/2972484,https://news.ceek.jp/search.cgi?category_id=world&feed=1,ok,,国際
2026-10-01,2026-10-01T01:09:04.482656+09:00,その他メディア,,NNA ASIA,りそな銀、SMプライムと提携,https://www.nna.jp/news/2972493,https://news.ceek.jp/search.cgi?category_id=world&feed=1,ok,,国際
2026-10-01,2026-10-01T01:09:04.482656+09:00,その他メディア,,NNA ASIA,日本と鉄道整備の予備調査、管理強化も,https://www.nna.jp/news/2972495,https://news.ceek.jp/search.cgi?category_id=world&feed=1,ok,,国際
2026-10-01,2026-10-01T01:09:04.482656+09:00,その他メディア,,NNA ASIA,フィンテックの米アルパカ、CMS免許原則承認,https://www.nna.jp/news/2972496,https://news.ceek.jp/search.cgi?category_id=world&feed=1,ok,,国際
2026-10-01,2026-10-01T01:09:04.482656+09:00,その他メディア,,NNA ASIA,イセ・フーズ、AI活用の養鶏場着工,https://www.nna.jp/news/2972498,https://news.ceek.jp/search.cgi?category_id=world&feed=1,ok,,国際
2026-10-01,2026-10-01T01:09:04.482656+09:00,その他メディア,,NNA ASIA,27年予算成立、「意欲的な計画」に危うさ,https://www.nna.jp/news/2972499,https://news.ceek.jp/search.cgi?category_id=world&feed=1,ok,,国際
2026-10-01,2026-10-01T01:09:04.482656+09:00,その他メディア,,NNA ASIA,スーパー単価表示、10月から対象拡大,https://www.nna.jp/news/2972504,https://news.ceek.jp/search.cgi?category_id=world&feed=1,ok,,国際
2026-10-01,2026-10-01T01:09:04.482656+09:00,その他メディア,,NNA ASIA,9月インフレ率7.8%、前月から0.1ポイント上昇,https://www.nna.jp/news/2972526,https://news.ceek.jp/search.cgi?category_id=world&feed=1,ok,,国際
2026-10-01,2026-10-01T01:09:04.482656+09:00,その他メディア,,NNA ASIA,カナダ年金投資委、プレステージのホテルに投資,https://www.nna.jp/news/2972534,https://news.ceek.jp/search.cgi?category_id=world&feed=1,ok,,国際
2026-10-01,2026-10-01T01:09:04.482656+09:00,その他メディア,,NNA ASIA,EVバッテリー、29年にリサイクル率8%に,https://www.nna.jp/news/2972538,https://news.ceek.jp/search.cgi?category_id=world&feed=1,ok,,国際
2026-10-01,2026-10-01T01:09:04.482656+09:00,その他メディア,,NNA ASIA,新鉄鋼政策、47年に生産能力6億トンへ,https://www.nna.jp/news/2972546,https://news.ceek.jp/search.cgi?category_id=world&feed=1,ok,,国際
2026-10-01,2026-10-01T01:09:04.482656+09:00,その他メディア,,NNA ASIA,商用EVのVKTR、レンタル事業を計画,https://www.nna.jp/news/2972556,https://news.ceek.jp/search.cgi?category_id=world&feed=1,ok,,国際
2026-10-01,2026-10-01T01:09:04.482656+09:00,その他メディア,,NNA ASIA,補助金対象外ガソリン価格、4.52リンギに値下げ,https://www.nna.jp/news/2972559,https://news.ceek.jp/search.cgi?category_id=world&feed=1,ok,,国際
2026-10-01,2026-10-01T01:09:04.482656+09:00,その他メディア,,NNA ASIA,メイバンク、隣国ビンタン島のハラル拠点支援,https://www.nna.jp/news/2972560,https://news.ceek.jp/search.cgi?category_id=world&feed=1,ok,,国際
2026-10-01,2026-10-01T01:09:04.482656+09:00,その他メディア,,NNA ASIA,メルボルン空港鉄道、28年に第2期着工へ,https://www.nna.jp/news/2972566,https://news.ceek.jp/search.cgi?category_id=world&feed=1,ok,,国際
2026-10-01,2026-10-01T01:09:04.482656+09:00,その他メディア,,NNA ASIA,首相に批判の声、洪水対応巡り,https://www.nna.jp/news/2972567,https://news.ceek.jp/search.cgi?category_id=world&feed=1,ok,,国際
2026-10-01,2026-10-01T01:09:04.482656+09:00,その他メディア,,NNA ASIA,ニトリ、10月1日に首都で国内15店舗目開業,https://www.nna.jp/news/2972569,https://news.ceek.jp/search.cgi?category_id=world&feed=1,ok,,国際
2026-10-01,2026-10-01T01:09:04.482656+09:00,その他メディア,,NNA ASIA,コメ輸出目標、28年までに500万トン,https://www.nna.jp/news/2972586,https://news.ceek.jp/search.cgi?category_id=world&feed=1,ok,,国際
2026-10-01,2026-10-01T01:09:04.482656+09:00,その他メディア,,NNA ASIA,経済区庁、日系コンサルと投資促進で提携,https://www.nna.jp/news/2972604,https://news.ceek.jp/search.cgi?category_id=world&feed=1,ok,,国際
2026-10-01,2026-10-01T01:09:04.482656+09:00,その他メディア,,NNA ASIA,1~8月のFDI認可額11%増、日本は2位,https://www.nna.jp/news/2972605,https://news.ceek.jp/search.cgi?category_id=world&feed=1,ok,,国際
2026-10-01,2026-10-01T01:09:04.482656+09:00,その他メディア,,NNA ASIA,鉱山関連社の採掘サービス請負、規制を強化,https://www.nna.jp/news/2972608,https://news.ceek.jp/search.cgi?category_id=world&feed=1,ok,,国際
2026-10-01,2026-10-01T01:09:04.482656+09:00,その他メディア,,NNA ASIA,アジア小売りランキング、越家電店が上位に,https://www.nna.jp/news/2972610,https://news.ceek.jp/search.cgi?category_id=world&feed=1,ok,,国際
2026-10-01,2026-10-01T01:09:04.482656+09:00,その他メディア,,NNA ASIA,ハノイ市、新興企業の中国研修を7割補助,https://www.nna.jp/news/2972611,https://news.ceek.jp/search.cgi?category_id=world&feed=1,ok,,国際
2026-10-01,2026-10-01T01:09:04.482656+09:00,その他メディア,,NNA ASIA,スズキ、印工科大と次世代材料など共同研究へ,https://www.nna.jp/news/2972614,https://news.ceek.jp/search.cgi?category_id=world&feed=1,ok,,国際
2026-10-01,2026-10-01T01:09:04.482656+09:00,その他メディア,,NNA ASIA,トヨタ、洪水でタイ4工場を一時停止,https://www.nna.jp/news/2972629,https://news.ceek.jp/search.cgi?category_id=world&feed=1,ok,,国際
2026-10-01,2026-10-01T01:09:04.482656+09:00,その他メディア,,NNA ASIA,少雨で消費抑制、電力確保に継続投資=州営電力,https://www.nna.jp/news/2968898,https://news.ceek.jp/search.cgi?category_id=world&feed=1,ok,,国際
2026-10-01,2026-10-01T01:09:04.482656+09:00,その他メディア,,NNA ASIA,テイクオフ:日本のZ世代で「キャン...,https://www.nna.jp/news/2969520,https://news.ceek.jp/search.cgi?category_id=world&feed=1,ok,,国際
2026-10-01,2026-10-01T01:09:04.482656+09:00,その他メディア,,NNA ASIA,【会員情報NOW!】豪給与調査結果を無料提供、明日締め切り!,https://www.nna.jp/news/2969704,https://news.ceek.jp/search.cgi?category_id=world&feed=1,ok,,国際
2026-10-01,2026-10-01T01:09:04.482656+09:00,その他メディア,,NNA ASIA,<食品・医薬ニュース>トップ記事(26年9月),https://www.nna.jp/news/2971970,https://news.ceek.jp/search.cgi?category_id=world&feed=1,ok,,国際
2026-10-01,2026-10-01T01:09:04.482656+09:00,その他メディア,,NNA ASIA,太陽光ロードストーン、今月NZX上場へ,https://www.nna.jp/news/2971989,https://news.ceek.jp/search.cgi?category_id=world&feed=1,ok,,国際
2026-10-01,2026-10-01T01:09:04.482656+09:00,その他メディア,,NNA ASIA,TDK、太陽誘電と提携へ,https://www.nna.jp/news/2972291,https://news.ceek.jp/search.cgi?category_id=world&feed=1,ok,,国際
2026-10-01,2026-10-01T01:09:04.482656+09:00,その他メディア,,NNA ASIA,トヨタがサステナ報告書、全方位戦略を強調,https://www.nna.jp/news/2972349,https://news.ceek.jp/search.cgi?category_id=world&feed=1,ok,,国際
2026-10-01,2026-10-01T01:09:04.482656+09:00,その他メディア,,NNA ASIA,JX金属、豪でレアアース製錬に向け調査へ,https://www.nna.jp/news/2972381,https://news.ceek.jp/search.cgi?category_id=world&feed=1,ok,,国際
2026-10-01,2026-10-01T01:09:04.482656+09:00,その他メディア,,NNA ASIA,世界運用大手5社を選定、株式市場活性化へ,https://www.nna.jp/news/2972398,https://news.ceek.jp/search.cgi?category_id=world&feed=1,ok,,国際
2026-10-01,2026-10-01T01:09:04.482656+09:00,その他メディア,,NNA ASIA,ニデックが子会社売却検討、カーライルに,https://www.nna.jp/news/2972400,https://news.ceek.jp/search.cgi?category_id=world&feed=1,ok,,国際
2026-10-01,2026-10-01T01:09:04.482656+09:00,その他メディア,,NNA ASIA,リオ、鉄鉱石鉱山インフラの一部売却目前,https://www.nna.jp/news/2972405,https://news.ceek.jp/search.cgi?category_id=world&feed=1,ok,,国際
2026-10-01,2026-10-01T01:09:04.482656+09:00,その他メディア,,NNA ASIA,公共交通運賃、12月26日から7%引き上げ,https://www.nna.jp/news/2972418,https://news.ceek.jp/search.cgi?category_id=world&feed=1,ok,,国際
2026-10-01,2026-10-01T01:09:04.482656+09:00,その他メディア,,NNA ASIA,飲料容器の返却制度、延長申請2000件超え,https://www.nna.jp/news/2972422,https://news.ceek.jp/search.cgi?category_id=world&feed=1,ok,,国際
2026-10-01,2026-10-01T01:09:04.482656+09:00,その他メディア,,NNA ASIA,サイエンテックス、中国の包装材企業を買収,https://www.nna.jp/news/2972427,https://news.ceek.jp/search.cgi?category_id=world&feed=1,ok,,国際
2026-10-01,2026-10-01T01:09:04.482656+09:00,その他メディア,,NNA ASIA,非銀行金融部門、資産3倍の90億米ドルに拡大,https://www.nna.jp/news/2972439,https://news.ceek.jp/search.cgi?category_id=world&feed=1,ok,,国際
2026-10-01,2026-10-01T01:09:04.482656+09:00,その他メディア,,NNA ASIA,エールフランス、19日にマニラ―パリ便再開,https://www.nna.jp/news/2972448,https://news.ceek.jp/search.cgi?category_id=world&feed=1,ok,,国際
2026-10-01,2026-10-01T01:09:04.482656+09:00,その他メディア,,NNA ASIA,シンガポールとブルネイ、海事分野での協力強化,https://www.nna.jp/news/2972450,https://news.ceek.jp/search.cgi?category_id=world&feed=1,ok,,国際
2026-10-01,2026-10-01T01:09:04.482656+09:00,その他メディア,,NNA ASIA,中部からタイ湾に抜ける排水路、7500億円で建設,https://www.nna.jp/news/2972460,https://news.ceek.jp/search.cgi?category_id=world&feed=1,ok,,国際
2026-10-01,2026-10-01T01:09:04.482656+09:00,その他メディア,,NNA ASIA,豪の利上げ、家計や雇用に重圧か,https://www.nna.jp/news/2972470,https://news.ceek.jp/search.cgi?category_id=world&feed=1,ok,,国際
2026-10-01,2026-10-01T01:09:04.482656+09:00,その他メディア,,NNA ASIA,生産者物価、8月は3.1%上昇,https://www.nna.jp/news/2972474,https://news.ceek.jp/search.cgi?category_id=world&feed=1,ok,,国際
2026-10-01,2026-10-01T01:09:04.482656+09:00,その他メディア,,NNA ASIA,〔政治スポットライト〕えっ!豪発送のF35機密部品、中国が押収,https://www.nna.jp/news/2972486,https://news.ceek.jp/search.cgi?category_id=world&feed=1,ok,,国際
2026-10-01,2026-10-01T01:09:04.482656+09:00,その他メディア,,NNA ASIA,無料給食の汚職、10兆ルピアの損失に,https://www.nna.jp/news/2972488,https://news.ceek.jp/search.cgi?category_id=world&feed=1,ok,,国際
2026-10-01,2026-10-01T01:09:04.482656+09:00,その他メディア,,NNA ASIA,1~8月の対日貿易、2割増の20億米ドル,https://www.nna.jp/news/2972490,https://news.ceek.jp/search.cgi?category_id=world&feed=1,ok,,国際
2026-10-01,2026-10-01T01:09:04.482656+09:00,その他メディア,,NNA ASIA,【会員情報NOW!】世界最大級の日本の食と文化イベント、シドニーで大盛況,https://www.nna.jp/news/2972497,https://news.ceek.jp/search.cgi?category_id=world&feed=1,ok,,国際
2026-10-01,2026-10-01T01:09:04.482656+09:00,その他メディア,,NNA ASIA,ラッキンコーヒー、国内で100店舗目出店,https://www.nna.jp/news/2972503,https://news.ceek.jp/search.cgi?category_id=world&feed=1,ok,,国際
2026-10-01,2026-10-01T01:09:04.482656+09:00,その他メディア,,NNA ASIA,電気・ガス料金、10~12月期は下落,https://www.nna.jp/news/2972505,https://news.ceek.jp/search.cgi?category_id=world&feed=1,ok,,国際
2026-10-01,2026-10-01T01:09:04.482656+09:00,その他メディア,,NNA ASIA,26年成長率、3.0%へ減速予測=IMF,https://www.nna.jp/news/2972506,https://news.ceek.jp/search.cgi?category_id=world&feed=1,ok,,国際
2026-10-01,2026-10-01T01:09:04.482656+09:00,その他メディア,,NNA ASIA,ビル管理の米JCI、熱帯DC開発に参加,https://www.nna.jp/news/2972508,https://news.ceek.jp/search.cgi?category_id=world&feed=1,ok,,国際
2026-10-01,2026-10-01T01:09:04.482656+09:00,その他メディア,,NNA ASIA,〔オセアニアン事件簿〕VIC公立病院医師、20年ぶり全州スト,https://www.nna.jp/news/2972511,https://news.ceek.jp/search.cgi?category_id=world&feed=1,ok,,国際
2026-10-01,2026-10-01T01:09:04.482656+09:00,その他メディア,,NNA ASIA,越境デジタル取引、国内金融機関による徴税開始,https://www.nna.jp/news/2972527,https://news.ceek.jp/search.cgi?category_id=world&feed=1,ok,,国際
2026-10-01,2026-10-01T01:09:04.482656+09:00,その他メディア,,NNA ASIA,ロンタイン空港、旅客サービス料を決定,https://www.nna.jp/news/2972541,https://news.ceek.jp/search.cgi?category_id=world&feed=1,ok,,国際
2026-10-01,2026-10-01T01:09:04.482656+09:00,その他メディア,,NNA ASIA,私募債の発行・取引に新規定,https://www.nna.jp/news/2972544,https://news.ceek.jp/search.cgi?category_id=world&feed=1,ok,,国際
2026-10-01,2026-10-01T01:09:04.482656+09:00,その他メディア,,NNA ASIA,当局、偽レビュー提供業者と購入45社に是正指示,https://www.nna.jp/news/2972547,https://news.ceek.jp/search.cgi?category_id=world&feed=1,ok,,国際
2026-10-01,2026-10-01T01:09:04.482656+09:00,その他メディア,,NNA ASIA,機械部品の遠藤製作所、越で6600万円調達,https://www.nna.jp/news/2972563,https://news.ceek.jp/search.cgi?category_id=world&feed=1,ok,,国際
2026-10-01,2026-10-01T01:09:04.482656+09:00,その他メディア,,NNA ASIA,防災当局、災害切迫宣言法の細則を公表,https://www.nna.jp/news/2972564,https://news.ceek.jp/search.cgi?category_id=world&feed=1,ok,,国際
2026-10-01,2026-10-01T01:09:04.482656+09:00,その他メディア,,NNA ASIA,建設ガムダ、26年7月期は過去最高益更新,https://www.nna.jp/news/2972570,https://news.ceek.jp/search.cgi?category_id=world&feed=1,ok,,国際
2026-10-01,2026-10-01T01:09:04.482656+09:00,その他メディア,,NNA ASIA,世界イノベーション指数、越43位に上昇,https://www.nna.jp/news/2972571,https://news.ceek.jp/search.cgi?category_id=world&feed=1,ok,,国際
2026-10-01,2026-10-01T01:09:04.482656+09:00,その他メディア,,NNA ASIA,輸送が成長局面、貨物専用鉄道の全面開通で,https://www.nna.jp/news/2972573,https://news.ceek.jp/search.cgi?category_id=world&feed=1,ok,,国際
2026-10-01,2026-10-01T01:09:04.482656+09:00,その他メディア,,NNA ASIA,タイ企業がインドネシア進出模索=銀行幹部,https://www.nna.jp/news/2972575,https://news.ceek.jp/search.cgi?category_id=world&feed=1,ok,,国際
2026-10-01,2026-10-01T01:09:04.482656+09:00,その他メディア,,NNA ASIA,家電サムスン、無料検査・修理で洪水被災者支援,https://www.nna.jp/news/2972577,https://news.ceek.jp/search.cgi?category_id=world&feed=1,ok,,国際
2026-10-01,2026-10-01T01:09:04.482656+09:00,その他メディア,,NNA ASIA,米の特殊医薬品への追加関税、印とバングラ免除,https://www.nna.jp/news/2972578,https://news.ceek.jp/search.cgi?category_id=world&feed=1,ok,,国際
2026-10-01,2026-10-01T01:09:04.482656+09:00,その他メディア,,NNA ASIA,複合シナールマス、光ケーブル社の35%取得,https://www.nna.jp/news/2972581,https://news.ceek.jp/search.cgi?category_id=world&feed=1,ok,,国際
2026-10-01,2026-10-01T01:09:04.482656+09:00,その他メディア,,NNA ASIA,8月の鉱工業生産103.43、算出方法を見直し,https://www.nna.jp/news/2972583,https://news.ceek.jp/search.cgi?category_id=world&feed=1,ok,,国際
2026-10-01,2026-10-01T01:09:04.482656+09:00,その他メディア,,NNA ASIA,26年8月のタイ設備稼働率(表),https://www.nna.jp/news/2972584,https://news.ceek.jp/search.cgi?category_id=world&feed=1,ok,,国際
2026-10-01,2026-10-01T01:09:04.482656+09:00,その他メディア,,NNA ASIA,競争委、27年から電子申請を義務化,https://www.nna.jp/news/2972585,https://news.ceek.jp/search.cgi?category_id=world&feed=1,ok,,国際
2026-10-01,2026-10-01T01:09:04.482656+09:00,その他メディア,,NNA ASIA,政府債務、8月末は19.6兆ペソで過去最大,https://www.nna.jp/news/2972601,https://news.ceek.jp/search.cgi?category_id=world&feed=1,ok,,国際
2026-10-01,2026-10-01T01:09:04.482656+09:00,地方紙,広島,中国新聞,震度=気象庁発表(1日1時1分)震度順・市区町村別 :地震,https://www.chugoku-np.co.jp/articles/-/902683,https://news.ceek.jp/search.cgi?category_id=local&feed=1,ok,,地方・地域
2026-10-01,2026-10-01T01:09:04.482656+09:00,地方紙,広島,中国新聞,中国、改正国防動員法が施行,https://www.chugoku-np.co.jp/articles/-/902682,https://news.ceek.jp/search.cgi?category_id=local&feed=1,ok,,地方・地域
2026-10-01,2026-10-01T01:09:04.482656+09:00,その他メディア,,TBSテレビ,「選挙にかかる迷惑料」有権者28人に菓子折り配った元本巣市議が控訴審でも無罪主張,https://newsdig.tbs.co.jp/articles/-/2979818?display=1,https://news.ceek.jp/search.cgi?category_id=local&feed=1,ok,,地方・地域
2026-10-01,2026-10-01T01:09:04.482656+09:00,その他メディア,,宮古新報,投票率向上へ移動期日前拡大 豊見山貴仁氏一般質問 災害配備中飲酒でルール策定へ,https://miyakoshinpo.com/2026/10/01/%e6%8a%95%e7%a5%a8%e7%8e%87%e5%90%91%e4%b8%8a%e3%81%b8%e7%a7%bb%e5%8b%95%e6%9c%9f%e6%97%a5%e5%89%8d%e6%8b%a1%e5%a4%a7%e3%80%80%e8%b1%8a%e8%a6%8b%e5%b1%b1%e8%b2%b4%e4%bb%81%e6%b0%8f%e4%b8%80%e8%88%ac/,https://news.ceek.jp/search.cgi?category_id=local&feed=1,ok,,地方・地域
2026-10-01,2026-10-01T01:09:04.482656+09:00,その他メディア,,熊野新聞,新宮市役所から臨時放送 大規模災害想定して訓練 -(FM新宮 ),https://kumanoshimbun.com/press/cgi-bin/userinterface/searchpage.cgi?target=202610010101,https://news.ceek.jp/search.cgi?category_id=local&feed=1,ok,,地方・地域
2026-10-01,2026-10-01T01:09:04.482656+09:00,地方紙,新潟,新潟日報,[新潟アルビBB]5季ぶり復帰のSF星野曹樹が気合「相手の得点抑える」 3・4日、OKBぎふ清流アリーナで岐阜と連戦,https://www.niigata-nippo.co.jp/articles/-/916136,https://news.ceek.jp/search.cgi?category_id=local&feed=1,ok,,地方・地域
2026-10-01,2026-10-01T01:09:04.482656+09:00,その他メディア,,宮古新報,コンプライアンス改革方針を策定へ 狩俣勝成氏一般質問 大規模養豚や台風停電も追及,https://miyakoshinpo.com/2026/10/01/%e3%82%b3%e3%83%b3%e3%83%97%e3%83%a9%e3%82%a4%e3%82%a2%e3%83%b3%e3%82%b9%e6%94%b9%e9%9d%a9%e6%96%b9%e9%87%9d%e3%82%92%e7%ad%96%e5%ae%9a%e3%81%b8%e3%80%80%e7%8b%a9%e4%bf%a3%e5%8b%9d%e6%88%90%e6%b0%8f/,https://news.ceek.jp/search.cgi?category_id=local&feed=1,ok,,地方・地域
2026-10-01,2026-10-01T01:09:04.482656+09:00,その他メディア,,宮古新報,台風下の職員飲酒に追及 前里光健氏一般質問 再発防止策や第三者委で議論 教育長「行動規範、使命感が欠如」,https://miyakoshinpo.com/2026/10/01/%e5%8f%b0%e9%a2%a8%e4%b8%8b%e3%81%ae%e8%81%b7%e5%93%a1%e9%a3%b2%e9%85%92%e3%81%ab%e8%bf%bd%e5%8f%8a%e3%80%80%e5%89%8d%e9%87%8c%e5%85%89%e5%81%a5%e6%b0%8f%e4%b8%80%e8%88%ac%e8%b3%aa%e5%95%8f%e3%80%80/,https://news.ceek.jp/search.cgi?category_id=local&feed=1,ok,,地方・地域
2026-10-01,2026-10-01T01:09:04.482656+09:00,その他メディア,,TBSテレビ,地下水で育てた「宗像サーモン」が宗像市のふるさと納税返礼品に新たに追加,https://newsdig.tbs.co.jp/articles/-/2979810?display=1,https://news.ceek.jp/search.cgi?category_id=local&feed=1,ok,,地方・地域
2026-10-01,2026-10-01T01:09:04.482656+09:00,地方紙,京都,京都新聞,【速報】阪急京都線の西山天王山駅で人身事故 京都河原町-高槻市駅間で運転見合わせ,https://www.kyoto-np.co.jp/articles/-/1800176,https://news.ceek.jp/search.cgi?category_id=local&feed=1,ok,,地方・地域
2026-10-01,2026-10-01T01:09:04.482656+09:00,その他メディア,,北日本新聞,JR氷見線に遅れ,https://webun.jp/articles/-/1101883,https://news.ceek.jp/search.cgi?category_id=local&feed=1,ok,,地方・地域
2026-10-01,2026-10-01T01:09:04.482656+09:00,その他メディア,,宮古新報,322人の不登校児童生徒対策へプロジェクトチーム発足 狩俣勝紀氏一般質問 害虫防除の補正予算も提案,https://miyakoshinpo.com/2026/10/01/%ef%bc%93%ef%bc%92%ef%bc%92%e4%ba%ba%e3%81%ae%e4%b8%8d%e7%99%bb%e6%a0%a1%e5%85%90%e7%ab%a5%e7%94%9f%e5%be%92%e5%af%be%e7%ad%96%e3%81%b8%e3%83%97%e3%83%ad%e3%82%b8%e3%82%a7%e3%82%af%e3%83%88%e3%83%81/,https://news.ceek.jp/search.cgi?category_id=local&feed=1,ok,,地方・地域
2026-10-01,2026-10-01T01:09:04.482656+09:00,その他メディア,,北日本新聞,キャニオンルート開業祝う 黒部で記念式典、2日に一般開放,https://webun.jp/articles/-/1102175,https://news.ceek.jp/search.cgi?category_id=local&feed=1,ok,,地方・地域
2026-10-01,2026-10-01T01:09:04.482656+09:00,全国紙,全国,中日新聞,永住許可要件のガイドライン改定 年収・年金、日本語能力を厳格化,https://www.chunichi.co.jp/article/1318928,https://news.ceek.jp/search.cgi?category_id=local&feed=1,ok,,地方・地域
2026-10-01,2026-10-01T01:09:04.482656+09:00,地方紙,広島,中国新聞,永住許可要件のガイドライン改定,https://www.chugoku-np.co.jp/articles/-/902681,https://news.ceek.jp/search.cgi?category_id=local&feed=1,ok,,地方・地域
2026-10-01,2026-10-01T01:09:04.482656+09:00,地方紙,新潟,新潟日報,[アルビ新潟L]MF鈴木由真が左足疲労骨折、全治2カ月,https://www.niigata-nippo.co.jp/articles/-/916129,https://news.ceek.jp/search.cgi?category_id=local&feed=1,ok,,地方・地域
2026-10-01,2026-10-01T01:09:04.482656+09:00,全国紙,全国,中日新聞,酒税改正でビール値下げ開始 1日から、イオンはPBで,https://www.chunichi.co.jp/article/1318931,https://news.ceek.jp/search.cgi?category_id=local&feed=1,ok,,地方・地域
2026-10-01,2026-10-01T01:09:04.482656+09:00,地方紙,広島,中国新聞,酒税改正でビール値下げ開始,https://www.chugoku-np.co.jp/articles/-/902680,https://news.ceek.jp/search.cgi?category_id=local&feed=1,ok,,地方・地域
2026-10-01,2026-10-01T01:09:04.482656+09:00,地方紙,広島,中国新聞,【事故】廿日市で男性が車にはねられ死亡,https://www.chugoku-np.co.jp/articles/-/902675,https://news.ceek.jp/search.cgi?category_id=local&feed=1,ok,,地方・地域
2026-10-01,2026-10-01T01:09:04.482656+09:00,地方紙,広島,中国新聞,企業・自治体カスハラ対策義務化,https://www.chugoku-np.co.jp/articles/-/902678,https://news.ceek.jp/search.cgi?category_id=local&feed=1,ok,,地方・地域
2026-10-01,2026-10-01T01:09:04.482656+09:00,地方紙,広島,中国新聞,サイバー攻撃の無害化措置可能に,https://www.chugoku-np.co.jp/articles/-/902676,https://news.ceek.jp/search.cgi?category_id=local&feed=1,ok,,地方・地域
2026-10-01,2026-10-01T01:09:04.482656+09:00,地方紙,広島,中国新聞,ふるさと納税、返礼ルール厳格化,https://www.chugoku-np.co.jp/articles/-/902677,https://news.ceek.jp/search.cgi?category_id=local&feed=1,ok,,地方・地域
2026-10-01,2026-10-01T01:09:04.482656+09:00,全国紙,全国,中日新聞,米連邦取引委、AI大手を調査 消費者への危険性確認,https://www.chunichi.co.jp/article/1318930,https://news.ceek.jp/search.cgi?category_id=local&feed=1,ok,,地方・地域
2026-10-01,2026-10-01T01:09:04.482656+09:00,全国紙,全国,中日新聞,異常タンパク質の「形」が波及 アルツハイマーの仕組みを解明,https://www.chunichi.co.jp/article/1318929,https://news.ceek.jp/search.cgi?category_id=local&feed=1,ok,,地方・地域
2026-10-01,2026-10-01T01:09:04.482656+09:00,地方紙,広島,中国新聞,米連邦取引委、AI大手を調査,https://www.chugoku-np.co.jp/articles/-/902679,https://news.ceek.jp/search.cgi?category_id=local&feed=1,ok,,地方・地域
2026-10-01,2026-10-01T01:09:04.482656+09:00,全国紙,全国,中日新聞,為替相場 1日(日本時間 0時),https://www.chunichi.co.jp/article/1318428,https://news.ceek.jp/search.cgi?category_id=local&feed=1,ok,,地方・地域
2026-10-01,2026-10-01T01:09:04.482656+09:00,その他メディア,,TOKYO HEADLINE,一人の吉本社員の熱意で実現。ハチミツ二郎が「死ぬまでにやりたいこと」を叶えるためのプロジェクトが10月1日から始動,https://www.tokyoheadline.com/873477/,https://news.ceek.jp/search.cgi?category_id=local&feed=1,ok,,地方・地域
2026-10-01,2026-10-01T01:09:04.482656+09:00,その他メディア,,TOKYO HEADLINE,車椅子生活になっても漫才への思いは変わらず。ハチミツ二郎「ごく近い将来にやる。それに向けてずっとリハビリをやってるわけだから」,https://www.tokyoheadline.com/873483/,https://news.ceek.jp/search.cgi?category_id=local&feed=1,ok,,地方・地域
2026-10-01,2026-10-01T01:09:04.482656+09:00,その他メディア,,東日新聞,豊橋市10月の野菜,https://www.tonichi.net/news/index.php?id=125438,https://news.ceek.jp/search.cgi?category_id=local&feed=1,ok,,地方・地域
2026-10-01,2026-10-01T01:09:04.482656+09:00,その他メディア,,テレビ大分,【今日のゆ~わくワイド】ひじ産業文化まつりで未来のモビリティと自由な書の世界を先取り体験「見て、触れて、体験して」,https://tosonline.jp/newsp/20260929/00000003.html,https://news.ceek.jp/search.cgi?category_id=local&feed=1,ok,,地方・地域
2026-10-01,2026-10-01T01:09:04.482656+09:00,その他メディア,,東愛知新聞,集え「名倉」ゆかりの人々 設楽で11月3日に有志が企画,https://higashiaichi.jp/news/detail.php?id=27983,https://news.ceek.jp/search.cgi?category_id=local&feed=1,ok,,地方・地域
2026-10-01,2026-10-01T01:09:04.482656+09:00,その他メディア,,東海新報,営業休止 感謝と寂しさ 碁石海岸レストハウス 最終日に多くの来訪客(別写真あり),https://tohkaishimpo.com/2026/10/01/531509/,https://news.ceek.jp/search.cgi?category_id=local&feed=1,ok,,地方・地域
2026-10-01,2026-10-01T01:09:04.482656+09:00,地方紙,広島,中国新聞,異常タンパク質の「形」が波及,https://www.chugoku-np.co.jp/articles/-/902674,https://news.ceek.jp/search.cgi?category_id=local&feed=1,ok,,地方・地域
2026-10-01,2026-10-01T01:09:04.482656+09:00,その他メディア,,室蘭民報,ざっくばらん「室蘭キャリア教育センター長・菅原桂子さん」10月1日付掲載,https://www.muromin.jp/news.php?id=150648,https://news.ceek.jp/search.cgi?category_id=local&feed=1,ok,,地方・地域
2026-10-01,2026-10-01T01:09:04.482656+09:00,その他メディア,,TBSテレビ,"“超レア""「ベリカード」って何? コレクターは世界中に 視聴者と放送局を結ぶ「ハガキ」 ラジオ・テレビの“歴史""を伝えるカード",https://newsdig.tbs.co.jp/articles/-/2976621?display=1,https://news.ceek.jp/search.cgi?category_id=local&feed=1,ok,,地方・地域
2026-10-01,2026-10-01T01:09:04.482656+09:00,その他メディア,,タウンニュース,近世あつぎの美術展,https://www.townnews.co.jp/0404/2026/10/01/855366.html,https://news.ceek.jp/search.cgi?category_id=local&feed=1,ok,,地方・地域
2026-10-01,2026-10-01T01:09:04.482656+09:00,その他メディア,,タウンニュース,主人公・小栗上野介忠順に迫る,https://www.townnews.co.jp/0503/2026/10/01/855499.html,https://news.ceek.jp/search.cgi?category_id=local&feed=1,ok,,地方・地域
2026-10-01,2026-10-01T01:09:04.482656+09:00,その他メディア,,タウンニュース,チェロとピアノ二重奏,https://www.townnews.co.jp/0605/2026/10/01/855374.html,https://news.ceek.jp/search.cgi?category_id=local&feed=1,ok,,地方・地域
2026-10-01,2026-10-01T01:09:04.482656+09:00,その他メディア,,タウンニュース,開成町でスポレクフェス,https://www.townnews.co.jp/0608/2026/10/01/855502.html,https://news.ceek.jp/search.cgi?category_id=local&feed=1,ok,,地方・地域
2026-10-01,2026-10-01T01:09:04.482656+09:00,その他メディア,,タウンニュース,大学ラグビー観戦,https://www.townnews.co.jp/0401/2026/10/01/855491.html,https://news.ceek.jp/search.cgi?category_id=local&feed=1,ok,,地方・地域
2026-10-01,2026-10-01T01:09:04.482656+09:00,その他メディア,,タウンニュース,逗子アリーナで「体力テスト」,https://www.townnews.co.jp/0503/2026/10/01/855500.html,https://news.ceek.jp/search.cgi?category_id=local&feed=1,ok,,地方・地域
2026-10-01,2026-10-01T01:09:04.482656+09:00,その他メディア,,タウンニュース,家庭の余剰食品やペットフードを寄贈,https://www.townnews.co.jp/0503/2026/10/01/855501.html,https://news.ceek.jp/search.cgi?category_id=local&feed=1,ok,,地方・地域
2026-10-01,2026-10-01T01:09:04.482656+09:00,地方紙,福岡,西日本新聞,北九州市八幡西区の歯科医師を女性患者に対するわいせつ容疑で逮捕,https://www.nishinippon.co.jp/item/1543855/,https://news.ceek.jp/search.cgi?category_id=local&feed=1,ok,,地方・地域
2026-10-01,2026-10-01T01:09:04.482656+09:00,その他メディア,,東奥日報,国スポ開会式のパフォーマー 元気に準備,https://www.toonippo.co.jp/articles/-/2373269,https://news.ceek.jp/search.cgi?category_id=local&feed=1,ok,,地方・地域
2026-10-01,2026-10-01T01:09:04.482656+09:00,地方紙,福岡,西日本新聞,199万円振り込ませ、盗んだ疑いで福岡・川崎町の20歳男を逮捕...,https://www.nishinippon.co.jp/item/1543856/,https://news.ceek.jp/search.cgi?category_id=local&feed=1,ok,,地方・地域
2026-10-01,2026-10-01T01:09:04.482656+09:00,地方紙,新潟,新潟日報,【独自・水原まつり死亡事故】参加名簿に亡くなった男子高校生の記載なし...団体には「高校生参加禁止」の決まり、管理不備が露呈,https://www.niigata-nippo.co.jp/articles/-/916119,https://news.ceek.jp/search.cgi?category_id=local&feed=1,ok,,地方・地域
2026-10-01,2026-10-01T01:09:04.482656+09:00,その他メディア,,TBSテレビ,高齢者施設の入居者から預かっていたキャッシュカードなどを使い現金700万円を引き出す 運営会社役員の夫婦を逮捕 宮城・石巻,https://newsdig.tbs.co.jp/articles/-/2979798?display=1,https://news.ceek.jp/search.cgi?category_id=local&feed=1,ok,,地方・地域
2026-10-01,2026-10-01T01:09:04.482656+09:00,その他メディア,,下野新聞,下請け業者、疑問口にできず 遺族から憤りの声 東武線4人死亡事故《識者見解あり》,https://www.shimotsuke.co.jp/articles/-/1431859,https://news.ceek.jp/search.cgi?category_id=local&feed=1,ok,,地方・地域
2026-10-01,2026-10-01T01:09:04.482656+09:00,地方紙,新潟,新潟日報,[熊目撃情報]長岡市(9月30日),https://www.niigata-nippo.co.jp/articles/-/916122,https://news.ceek.jp/search.cgi?category_id=local&feed=1,ok,,地方・地域
2026-10-01,2026-10-01T01:09:04.482656+09:00,地方紙,広島,中国新聞,米連邦取引委員会がAI大手調査と報道,https://www.chugoku-np.co.jp/articles/-/902673,https://news.ceek.jp/search.cgi?category_id=local&feed=1,ok,,地方・地域
2026-10-01,2026-10-01T01:09:04.482656+09:00,その他メディア,,山陽新聞,楠原(岡山市出身)組4強 堂々メダル確定 アジア大会テニス男子複,https://www.sanyonews.jp/article/1997397/,https://news.ceek.jp/search.cgi?category_id=local&feed=1,ok,,地方・地域
2026-10-01,2026-10-01T01:09:04.482656+09:00,その他メディア,,TBSテレビ,男性が道路を横断中に車にはねられ死亡 片側2車線の道路 信号機や横断歩道はなし 長野・中野市,https://newsdig.tbs.co.jp/articles/-/2979770?display=1,https://news.ceek.jp/search.cgi?category_id=local&feed=1,ok,,地方・地域
2026-10-01,2026-10-01T01:09:04.482656+09:00,その他メディア,,TBSテレビ,「男性が意識不明で倒れている」北アルプス槍ヶ岳 登山道に倒れている男性を登山者が見つけ通報 ヘリで男性を救助も死亡を確認 長野,https://newsdig.tbs.co.jp/articles/-/2979768?display=1,https://news.ceek.jp/search.cgi?category_id=local&feed=1,ok,,地方・地域
2026-10-01,2026-10-01T01:09:04.482656+09:00,地方紙,広島,中国新聞,サッカー男子日本、PK戦でウズベキスタンを制し決勝進出、サンフレ中島途中出場 アジア大会,https://www.chugoku-np.co.jp/articles/-/902672,https://news.ceek.jp/search.cgi?category_id=local&feed=1,ok,,地方・地域
2026-10-01,2026-10-01T01:09:04.482656+09:00,その他メディア,,デーリー東北新聞,八学大快勝、優勝に王手/デーリー杯・上位リーグ戦,https://www.daily-tohoku.news/archives/CNTS2026093001352,https://news.ceek.jp/search.cgi?category_id=local&feed=1,ok,,地方・地域
2026-10-01,2026-10-01T01:09:04.482656+09:00,地方紙,新潟,新潟日報,[アジア大会・サッカー]日本、ウズベキスタンとのPK制し決勝へ アルビDF佐藤海宏は出場せず,https://www.niigata-nippo.co.jp/articles/-/915898,https://news.ceek.jp/search.cgi?category_id=local&feed=1,ok,,地方・地域
2026-10-01,2026-10-01T01:09:04.482656+09:00,その他メディア,,朝日放送,神戸で連続発砲か 男性2人が死傷 79歳の元暴力団関係者の男を逮捕,https://www.asahi.co.jp/webnews/pages/abc_62804.html,https://news.ceek.jp/search.cgi?category_id=local&feed=1,ok,,地方・地域
2026-10-01,2026-10-01T01:09:04.482656+09:00,全国紙,全国,中日新聞,イスラエル行き航空機が緊急着陸 首相「操縦士が墜落を企てた」,https://www.chunichi.co.jp/article/1318888,https://news.ceek.jp/search.cgi?category_id=local&feed=1,ok,,地方・地域
2026-10-01,2026-10-01T01:09:04.482656+09:00,その他メディア,,TBSテレビ,「女の子の盗撮動画を誰かに...」15歳女子中学生のスカート内にスマホ差し向け盗撮未遂容疑で無職の男(41)を逮捕,https://newsdig.tbs.co.jp/articles/-/2979772?display=1,https://news.ceek.jp/search.cgi?category_id=local&feed=1,ok,,地方・地域
2026-10-01,2026-10-01T01:09:04.482656+09:00,その他メディア,,TBSテレビ,ツーリング中に飲酒運転か「タンブラーでハイボール飲んだ」酒気帯び運転容疑で51歳男を逮捕,https://newsdig.tbs.co.jp/articles/-/2979771?display=1,https://news.ceek.jp/search.cgi?category_id=local&feed=1,ok,,地方・地域
2026-10-01,2026-10-01T01:09:04.482656+09:00,その他メディア,,東奥日報,伝統喜劇の世界に浸る・狂言青森公演,https://www.toonippo.co.jp/articles/-/2373268,https://news.ceek.jp/search.cgi?category_id=local&feed=1,ok,,地方・地域
2026-10-01,2026-10-01T01:09:04.482656+09:00,その他メディア,,下野新聞,【詳報】茨城・常陸大宮市長、核ごみ調査受け入れ表明 「住民理解へ説明に注力」,https://www.shimotsuke.co.jp/articles/-/1431803,https://news.ceek.jp/search.cgi?category_id=local&feed=1,ok,,地方・地域
2026-10-01,2026-10-01T01:09:04.482656+09:00,その他メディア,,下野新聞,アジア大会クライミング 楢崎智亜(宇都宮市出身)は銅 「ベストでないが感触良い」,https://www.shimotsuke.co.jp/articles/-/1431807,https://news.ceek.jp/search.cgi?category_id=local&feed=1,ok,,地方・地域
2026-10-01,2026-10-01T01:09:04.482656+09:00,その他メディア,,北日本新聞,スタートアップ6社に認定証 県、支援の裾野拡大,https://webun.jp/articles/-/1102180,https://news.ceek.jp/search.cgi?category_id=local&feed=1,ok,,地方・地域
2026-10-01,2026-10-01T01:09:04.482656+09:00,地方紙,新潟,新潟日報,弥彦村の自動運転バス事故、村側「業者に安全対策任せきり」と検証委員会で説明,https://www.niigata-nippo.co.jp/articles/-/916108,https://news.ceek.jp/search.cgi?category_id=local&feed=1,ok,,地方・地域
2026-10-01,2026-10-01T01:09:04.482656+09:00,その他メディア,,神奈川新聞,相模原の空き家で窃盗疑い 建設業の男再逮捕 横浜など県内約60件関与か,https://www.kanaloco.jp/news/social/case/article-1308651.html,https://news.ceek.jp/search.cgi?category_id=local&feed=1,ok,,地方・地域
2026-10-01,2026-10-01T01:09:04.482656+09:00,全国紙,全国,中日新聞,レスリング、グレコローマン67kg級は曽我部京太郎が銀 アジア大会,https://www.chunichi.co.jp/article/1318900,https://news.ceek.jp/search.cgi?category_id=local&feed=1,ok,,地方・地域
2026-10-01,2026-10-01T01:09:04.482656+09:00,地方紙,新潟,新潟日報,[アジア大会]水球男子、シンガポール下し準決勝に進出 テニス女子シングルス坂詰姫野(上越市出身)、準々決勝で敗れる,https://www.niigata-nippo.co.jp/articles/-/915908,https://news.ceek.jp/search.cgi?category_id=local&feed=1,ok,,地方・地域
2026-10-01,2026-10-01T01:09:04.482656+09:00,その他メディア,,仙台経済新聞,ニシキヤキッチンがレトルト商品の定期便刷新 100種から自由に、1回から,https://sendai.keizai.biz/headline/4497/,https://news.ceek.jp/search.cgi?category_id=local&feed=1,ok,,地方・地域
2026-10-01,2026-10-01T01:09:04.482656+09:00,その他メディア,,中部日本放送,"「それ以上の関係になってはいけない」ハロプロファン三上悠亜、元モー娘。生田衣梨奈との対面に大興奮!“オタク""の矜持を語る",https://hicbc.com/magazine/article/?id=tomodachi-column-26092601,https://news.ceek.jp/search.cgi?category_id=local&feed=1,ok,,地方・地域
2026-10-01,2026-10-01T01:09:04.482656+09:00,その他メディア,,神奈川新聞,「青春が終わった」横浜の相鉄ムービル閉館 88年開業、来館者別れ惜しむ,https://www.kanaloco.jp/news/life/article-1308684.html,https://news.ceek.jp/search.cgi?category_id=local&feed=1,ok,,地方・地域
