date,collected_at,category,region,newspaper,headline,url,source_url,status,error_message,topic
2026-10-08,2026-10-08T02:04:48.862856+09:00,全国紙,全国,読売新聞,,,,skipped,robots.txtが一般クローラー/AI系UAを名指しで包括的にDisallow。2024年1月のToS改定で自動収集・生成AI学習目的の収集を明示的に禁止しているため、自動取得の対象外とする。,
2026-10-08,2026-10-08T02:04:48.862856+09:00,全国紙,全国,朝日新聞,千葉・市原市で遺体見つかる 男の説明に基づき捜索 行方不明男性か,http://www.asahi.com/articles/ASVB73DDSVB7UDCB00YM.html,https://www.asahi.com/rss/asahi/newsheadlines.rdf,ok,,社会
2026-10-08,2026-10-08T02:04:48.862856+09:00,全国紙,全国,朝日新聞,ソフトバンク子会社にランサムウェア攻撃か 自治体でシステム障害,http://www.asahi.com/articles/ASVB72QB4VB7UJHB009M.html,https://www.asahi.com/rss/asahi/newsheadlines.rdf,ok,,社会
2026-10-08,2026-10-08T02:04:48.862856+09:00,全国紙,全国,朝日新聞,女性を殺害した疑い、元交際相手を逮捕 過去にストーカーで禁止命令,http://www.asahi.com/articles/ASVB7440XVB7TPOB001M.html,https://www.asahi.com/rss/asahi/newsheadlines.rdf,ok,,社会
2026-10-08,2026-10-08T02:04:48.862856+09:00,全国紙,全国,朝日新聞,「越前がに」表示で国が措置命令 業者「偽った表記してない」と主張,http://www.asahi.com/articles/ASVB73PXNVB7PGJB001M.html,https://www.asahi.com/rss/asahi/newsheadlines.rdf,ok,,社会
2026-10-08,2026-10-08T02:04:48.862856+09:00,全国紙,全国,朝日新聞,東京・吉原のソープ摘発、責任者ら9人逮捕 売春場所を提供した疑い,http://www.asahi.com/articles/ASVB731YHVB7UTIL00SM.html,https://www.asahi.com/rss/asahi/newsheadlines.rdf,ok,,社会
2026-10-08,2026-10-08T02:04:48.862856+09:00,全国紙,全国,朝日新聞,半導体材料情報漏出か、旭化成元社員を再逮捕 会社側「中国に流出」,http://www.asahi.com/articles/ASVB72Q2MVB7OIPE007M.html,https://www.asahi.com/rss/asahi/newsheadlines.rdf,ok,,社会
2026-10-08,2026-10-08T02:04:48.862856+09:00,全国紙,全国,朝日新聞,侵入盗事件で男ら逮捕 スマホに「案件」20件、金庫は「金子さん」,http://www.asahi.com/articles/ASVB7108KVB7UTIL006M.html,https://www.asahi.com/rss/asahi/newsheadlines.rdf,ok,,社会
2026-10-08,2026-10-08T02:04:48.862856+09:00,全国紙,全国,朝日新聞,三幸製菓工場火災、元CEOら4人在宅起訴 新潟地検が業過致死罪で,http://www.asahi.com/articles/ASVB726KXVB7OXIE02QM.html,https://www.asahi.com/rss/asahi/newsheadlines.rdf,ok,,社会
2026-10-08,2026-10-08T02:04:48.862856+09:00,全国紙,全国,朝日新聞,昨年参院選の「一票の格差」は憲法違反か、最高裁で弁論 年内判断へ,http://www.asahi.com/articles/ASVB732GRVB7UTIL006M.html,https://www.asahi.com/rss/asahi/newsheadlines.rdf,ok,,社会
2026-10-08,2026-10-08T02:04:48.862856+09:00,全国紙,全国,朝日新聞,東京・江東区、今秋にも区議補選か 公選法違反で区議3人の上告棄却,http://www.asahi.com/articles/ASVB72SGXVB7OXIE03VM.html,https://www.asahi.com/rss/asahi/newsheadlines.rdf,ok,,社会
2026-10-08,2026-10-08T02:04:48.862856+09:00,全国紙,全国,朝日新聞,エース山本由伸が大舞台に強いわけ 敵地マウンドで7回10奪三振,http://www.asahi.com/articles/ASVB71G2DVB7UTQP009M.html,https://www.asahi.com/rss/asahi/newsheadlines.rdf,ok,,スポーツ
2026-10-08,2026-10-08T02:04:48.862856+09:00,全国紙,全国,朝日新聞,ドジャースがリーグ優勝決定S進出に王手 山本が好投、大谷は無安打,http://www.asahi.com/articles/ASVB615KCVB6UTQP00NM.html,https://www.asahi.com/rss/asahi/newsheadlines.rdf,ok,,スポーツ
2026-10-08,2026-10-08T02:04:48.862856+09:00,全国紙,全国,朝日新聞,大谷翔平の速球が目の前を...投球を再現する最新鋭マシンを記者が体験,http://www.asahi.com/articles/ASVB60SXPVB6PTQP00CM.html,https://www.asahi.com/rss/asahi/newsheadlines.rdf,ok,,スポーツ
2026-10-08,2026-10-08T02:04:48.862856+09:00,全国紙,全国,朝日新聞,「努力、信じる力。ケイはやり切った」 恩師マイケルの錦織への惜別,http://www.asahi.com/articles/ASVB641B8VB6UTQP001M.html,https://www.asahi.com/rss/asahi/newsheadlines.rdf,ok,,スポーツ
2026-10-08,2026-10-08T02:04:48.862856+09:00,全国紙,全国,朝日新聞,アジア大会、選手団が想定より2千人増 運営トラブルの要因に?,http://www.asahi.com/articles/ASVB63CYDVB6OIPE00DM.html,https://www.asahi.com/rss/asahi/newsheadlines.rdf,ok,,スポーツ
2026-10-08,2026-10-08T02:04:48.862856+09:00,全国紙,全国,朝日新聞,ニッスイ子会社でシステム障害、入出荷できず 不正アクセス原因か,http://www.asahi.com/articles/ASVB74D3NVB7ULFA02RM.html,https://www.asahi.com/rss/asahi/newsheadlines.rdf,ok,,ビジネス
2026-10-08,2026-10-08T02:04:48.862856+09:00,全国紙,全国,朝日新聞,TOPIX再編、市場の評価低い銘柄は「退場」へ 採用企業に緊張感,http://www.asahi.com/articles/ASVB73JSQVB7ULFA004M.html,https://www.asahi.com/rss/asahi/newsheadlines.rdf,ok,,ビジネス
2026-10-08,2026-10-08T02:04:48.862856+09:00,全国紙,全国,朝日新聞,ニデックに株式非公開化の検討を要請 「物言う株主」のオアシス,http://www.asahi.com/articles/ASVB73SMQVB7PLFA004M.html,https://www.asahi.com/rss/asahi/newsheadlines.rdf,ok,,ビジネス
2026-10-08,2026-10-08T02:04:48.862856+09:00,全国紙,全国,朝日新聞,個人情報保護委員会、企業に緊急注意喚起 相次ぐ大規模な情報流出で,http://www.asahi.com/articles/ASVB73GDCVB7ULFA024M.html,https://www.asahi.com/rss/asahi/newsheadlines.rdf,ok,,ビジネス
2026-10-08,2026-10-08T02:04:48.862856+09:00,全国紙,全国,朝日新聞,オープンAI、相次ぐ退職 安全担当が警鐘鳴らす「トライ&エラー」,http://www.asahi.com/articles/ASVB72PCBVB7UHBI017M.html,https://www.asahi.com/rss/asahi/newsheadlines.rdf,ok,,ビジネス
2026-10-08,2026-10-08T02:04:48.862856+09:00,全国紙,全国,朝日新聞,高市首相、ノーベル化学賞の硤合氏に電話で祝意「日本人として誇り」,http://www.asahi.com/articles/ASVB746N9VB7UTFK019M.html,https://www.asahi.com/rss/asahi/newsheadlines.rdf,ok,,政治
2026-10-08,2026-10-08T02:04:48.862856+09:00,全国紙,全国,朝日新聞,【詳報】高市首相、道路予算は「地方要望や進捗を勘案」 国会初論戦,http://www.asahi.com/articles/ASVB73WDFVB7UTFK00QM.html,https://www.asahi.com/rss/asahi/newsheadlines.rdf,ok,,政治
2026-10-08,2026-10-08T02:04:48.862856+09:00,全国紙,全国,朝日新聞,首相と古謝知事が面会、米兵事件協議 知事は「実効性ある対策」要望,http://www.asahi.com/articles/ASVB741JPVB7UTFK00KM.html,https://www.asahi.com/rss/asahi/newsheadlines.rdf,ok,,政治
2026-10-08,2026-10-08T02:04:48.862856+09:00,全国紙,全国,朝日新聞,福岡県議選に推薦候補10人擁立へ 一連の問題配信のネットメディア,http://www.asahi.com/articles/ASVB73S8PVB7TIPE00ZM.html,https://www.asahi.com/rss/asahi/newsheadlines.rdf,ok,,政治
2026-10-08,2026-10-08T02:04:48.862856+09:00,全国紙,全国,朝日新聞,斎藤知事、不規則発言のフリー記者の会見入室拒否 「総合的に勘案」,http://www.asahi.com/articles/ASVB73RRCVB7OXIE01NM.html,https://www.asahi.com/rss/asahi/newsheadlines.rdf,ok,,政治
2026-10-08,2026-10-08T02:04:48.862856+09:00,全国紙,全国,朝日新聞,ロシア軍、ウクライナにあるJTのたばこ工場を攻撃,http://www.asahi.com/articles/ASVB7547NVB7UHBI01WM.html,https://www.asahi.com/rss/asahi/newsheadlines.rdf,ok,,国際
2026-10-08,2026-10-08T02:04:48.862856+09:00,全国紙,全国,朝日新聞,ロシア東部でペスト感染? 研究所の女性が「原因不明の肺炎」で死亡,http://www.asahi.com/articles/ASVB72HV0VB7UHBI015M.html,https://www.asahi.com/rss/asahi/newsheadlines.rdf,ok,,国際
2026-10-08,2026-10-08T02:04:48.862856+09:00,全国紙,全国,朝日新聞,イスラエル、ガザ検問所を公開 唯一の物資搬入路 日本支援の食料も,http://www.asahi.com/articles/ASVB72JPVVB7UHBI027M.html,https://www.asahi.com/rss/asahi/newsheadlines.rdf,ok,,国際
2026-10-08,2026-10-08T02:04:48.862856+09:00,全国紙,全国,朝日新聞,札束ブーケ販売の疑い、7人逮捕 人気の贈り物にガーナ当局「ノー」,http://www.asahi.com/articles/ASVB72H4KVB7UHBI00KM.html,https://www.asahi.com/rss/asahi/newsheadlines.rdf,ok,,国際
2026-10-08,2026-10-08T02:04:48.862856+09:00,全国紙,全国,朝日新聞,注目されないガザでの犠牲 中東の和平へ、「日本ができる貢献」とは,http://www.asahi.com/articles/ASVB6419NVB6UHBI00LM.html,https://www.asahi.com/rss/asahi/newsheadlines.rdf,ok,,国際
2026-10-08,2026-10-08T02:04:48.862856+09:00,全国紙,全国,朝日新聞,「百花繚乱」秋らんまん 京の花街・宮川町で芸妓舞妓ら「みずゑ会」,http://www.asahi.com/articles/ASVB73GT0VB7PLZB007M.html,https://www.asahi.com/rss/asahi/newsheadlines.rdf,ok,,社会
2026-10-08,2026-10-08T02:04:48.862856+09:00,全国紙,全国,朝日新聞,「ちぃたん☆」の活動妨害、「しんじょう君」須崎市に高裁も賠償命令,http://www.asahi.com/articles/ASVB72T45VB7UTIL005M.html,https://www.asahi.com/rss/asahi/newsheadlines.rdf,ok,,社会
2026-10-08,2026-10-08T02:04:48.862856+09:00,全国紙,全国,朝日新聞,「奴婢」売買の木簡、平城京跡から初めて出土 27歳女性を8貫文で,http://www.asahi.com/articles/ASVB72GXXVB7POMB015M.html,https://www.asahi.com/rss/asahi/newsheadlines.rdf,ok,,社会
2026-10-08,2026-10-08T02:04:48.862856+09:00,全国紙,全国,朝日新聞,マツコ・デラックスさんが一日署長 「わきあがる何か」と署員の期待,http://www.asahi.com/articles/ASVB67WBHVB6UTIL00MM.html,https://www.asahi.com/rss/asahi/newsheadlines.rdf,ok,,社会
2026-10-08,2026-10-08T02:04:48.862856+09:00,全国紙,全国,朝日新聞,ノーベル賞の硤合憲三氏が会見「日本のレベルの高い土壌の中で成果」,http://www.asahi.com/articles/ASVB74H7HVB7UTFL019M.html,https://www.asahi.com/rss/asahi/newsheadlines.rdf,ok,,サイエンス
2026-10-08,2026-10-08T02:04:48.862856+09:00,全国紙,全国,朝日新聞,ノーベル化学賞に硤合憲三さん 不斉自己触媒反応を発見,http://www.asahi.com/articles/ASVB71J2LVB7UTFL00QM.html,https://www.asahi.com/rss/asahi/newsheadlines.rdf,ok,,サイエンス
2026-10-08,2026-10-08T02:04:48.862856+09:00,全国紙,全国,朝日新聞,ノーベル化学賞の硤合さん、喜び語る 受賞の知らせは「買い物中に」,http://www.asahi.com/articles/ASVB73HW0VB7UTFL00XM.html,https://www.asahi.com/rss/asahi/newsheadlines.rdf,ok,,サイエンス
2026-10-08,2026-10-08T02:04:48.862856+09:00,全国紙,全国,朝日新聞,雑誌「ビッグイシュー日本版」創業者の佐野章二さん死去 84歳,http://www.asahi.com/articles/ASVB605FLVB6OXIE002M.html,https://www.asahi.com/rss/asahi/newsheadlines.rdf,ok,,おくやみ
2026-10-08,2026-10-08T02:04:48.862856+09:00,全国紙,全国,朝日新聞,英ベストセラー作家ジェフリー・アーチャーさん死去 世界で3億部超,http://www.asahi.com/articles/ASVB57WGLVB5UHBI005M.html,https://www.asahi.com/rss/asahi/newsheadlines.rdf,ok,,おくやみ
2026-10-08,2026-10-08T02:04:48.862856+09:00,全国紙,全国,朝日新聞,政治学者の加茂利男さん死去 大阪市立大名誉教授、市民運動にも助言,http://www.asahi.com/articles/ASVB42S9VVB4BSDS006M.html,https://www.asahi.com/rss/asahi/newsheadlines.rdf,ok,,おくやみ
2026-10-08,2026-10-08T02:04:48.862856+09:00,全国紙,全国,毎日新聞,「科研費のおかげです」 ノーベル賞の硤合さん、関文科相と電話,https://mainichi.jp/articles/20261007/k00/00m/040/413000c,https://mainichi.jp/rss/etc/mainichi-flash.rss,ok,,ニュース
2026-10-08,2026-10-08T02:04:48.862856+09:00,全国紙,全国,毎日新聞,ノーベル賞受賞の知らせはスーパーで買い物中 硤合さん記者会見,https://mainichi.jp/articles/20261007/k00/00m/040/414000c,https://mainichi.jp/rss/etc/mainichi-flash.rss,ok,,ニュース
2026-10-08,2026-10-08T02:04:48.862856+09:00,全国紙,全国,毎日新聞,ノーベル賞の硤合憲三さん、研究で大切にしていることは「実験」,https://mainichi.jp/articles/20261007/k00/00m/040/412000c,https://mainichi.jp/rss/etc/mainichi-flash.rss,ok,,ニュース
2026-10-08,2026-10-08T02:04:48.862856+09:00,全国紙,全国,毎日新聞,「まだまだ面白いことある」硤合憲三さん、記者会見で研究に意欲,https://mainichi.jp/articles/20261007/k00/00m/040/406000c,https://mainichi.jp/rss/etc/mainichi-flash.rss,ok,,ニュース
2026-10-08,2026-10-08T02:04:48.862856+09:00,全国紙,全国,毎日新聞,「文句は言われないだろう」 硤合憲三さん、ノーベル賞受賞に,https://mainichi.jp/articles/20261007/k00/00m/040/403000c,https://mainichi.jp/rss/etc/mainichi-flash.rss,ok,,ニュース
2026-10-08,2026-10-08T02:04:48.862856+09:00,全国紙,全国,毎日新聞,初出場導いた一打 エナジック・佐久田「チーム、家族のために」,https://mainichi.jp/articles/20261007/k00/00m/050/400000c,https://mainichi.jp/rss/etc/mainichi-flash.rss,ok,,ニュース
2026-10-08,2026-10-08T02:04:48.862856+09:00,全国紙,全国,毎日新聞,元日ハムのエナジック・糸数監督「私が間違って...」 日本選手権,https://mainichi.jp/articles/20261007/k00/00m/050/398000c,https://mainichi.jp/rss/etc/mainichi-flash.rss,ok,,ニュース
2026-10-08,2026-10-08T02:04:48.862856+09:00,全国紙,全国,毎日新聞,本大会初出場のエナジック・糸数監督「自信ついた」 日本選手権,https://mainichi.jp/articles/20261007/k00/00m/050/395000c,https://mainichi.jp/rss/etc/mainichi-flash.rss,ok,,ニュース
2026-10-08,2026-10-08T02:04:48.862856+09:00,全国紙,全国,毎日新聞,スマホに標的20件 貴金属買い取り店から盗んだ疑いで3人逮捕,https://mainichi.jp/articles/20261007/k00/00m/310/393000c,https://mainichi.jp/rss/etc/mainichi-flash.rss,ok,,ニュース
2026-10-08,2026-10-08T02:04:48.862856+09:00,全国紙,全国,毎日新聞,生命の起源の謎に迫った業績評価 ノーベル化学賞の硤合憲三さん,https://mainichi.jp/articles/20261007/k00/00m/040/378000c,https://mainichi.jp/rss/etc/mainichi-flash.rss,ok,,ニュース
2026-10-08,2026-10-08T02:04:48.862856+09:00,全国紙,全国,毎日新聞,「まさか近所の方が...」 ノーベル賞に硤合さん、埼玉で喜びの声,https://mainichi.jp/articles/20261007/k00/00m/040/379000c,https://mainichi.jp/rss/etc/mainichi-flash.rss,ok,,ニュース
2026-10-08,2026-10-08T02:04:48.862856+09:00,全国紙,全国,毎日新聞,「日本人として誇り」高市首相、ノーベル賞の硤合氏に電話で祝意,https://mainichi.jp/articles/20261007/k00/00m/040/377000c,https://mainichi.jp/rss/etc/mainichi-flash.rss,ok,,ニュース
2026-10-08,2026-10-08T02:04:48.862856+09:00,全国紙,全国,毎日新聞,読む政治:「簗農相かばった」野党追及 高市首相、答弁淡々...名前も出さず,https://mainichi.jp/articles/20261007/k00/00m/010/370000c,https://mainichi.jp/rss/etc/mainichi-flash.rss,ok,,ニュース
2026-10-08,2026-10-08T02:04:48.862856+09:00,全国紙,全国,毎日新聞,野依良治さん「基本中の基本で一つの解示した」 ノーベル化学賞,https://mainichi.jp/articles/20261007/k00/00m/040/372000c,https://mainichi.jp/rss/etc/mainichi-flash.rss,ok,,ニュース
2026-10-08,2026-10-08T02:04:48.862856+09:00,全国紙,全国,毎日新聞,殺人容疑で元交際相手の男性逮捕 沖縄・宜野湾の女性遺体,https://mainichi.jp/articles/20261007/k00/00m/040/366000c,https://mainichi.jp/rss/etc/mainichi-flash.rss,ok,,ニュース
2026-10-08,2026-10-08T02:04:48.862856+09:00,全国紙,全国,毎日新聞,立憲、給付付き税額控除掲げる 「食料品消費税ゼロ」から転換,https://mainichi.jp/articles/20261007/k00/00m/010/362000c,https://mainichi.jp/rss/etc/mainichi-flash.rss,ok,,ニュース
2026-10-08,2026-10-08T02:04:48.862856+09:00,全国紙,全国,毎日新聞,ノーベル化学賞に硤合憲三さん 「不斉自己触媒反応」を発見,https://mainichi.jp/articles/20261007/k00/00m/040/365000c,https://mainichi.jp/rss/etc/mainichi-flash.rss,ok,,ニュース
2026-10-08,2026-10-08T02:04:48.862856+09:00,全国紙,全国,毎日新聞,阪神・西勇輝が引退試合 積み重ねたイニング数「2108回」,https://mainichi.jp/articles/20261007/k00/00m/050/361000c,https://mainichi.jp/rss/etc/mainichi-flash.rss,ok,,ニュース
2026-10-08,2026-10-08T02:04:48.862856+09:00,全国紙,全国,毎日新聞,硤合憲三さん「研究分野広く知っていただける」 ノーベル化学賞,https://mainichi.jp/articles/20261007/k00/00m/040/359000c,https://mainichi.jp/rss/etc/mainichi-flash.rss,ok,,ニュース
2026-10-08,2026-10-08T02:04:48.862856+09:00,全国紙,全国,毎日新聞,「会話の節々に探究心」 電車を待つ硤合憲三氏が発した「問い」,https://mainichi.jp/articles/20261007/k00/00m/040/357000c,https://mainichi.jp/rss/etc/mainichi-flash.rss,ok,,ニュース
2026-10-08,2026-10-08T02:04:48.862856+09:00,全国紙,全国,日本経済新聞,,,,skipped,公式無料RSSなし。著作権ページで自動収集を明確に禁止しているため、自動取得の対象外とする。,
2026-10-08,2026-10-08T02:04:48.862856+09:00,全国紙,全国,産経新聞,日朝首脳会談の機は熟したか ロシア派兵で北朝鮮は疲弊 阿比留瑠比の極言御免,https://www.sankei.com/article/20261008-3SS2PP5R4JOITJMVPEFW7WMH7E/,https://www.sankei.com/,ok,,
2026-10-08,2026-10-08T02:04:48.862856+09:00,全国紙,全国,産経新聞,世界遺産認定 快挙生んだ考古学者の苦闘 百年にわたる魂の系譜...,https://www.sankei.com/article/20260815-QFGOV26NZFOPTOI5VG332AGYEA/?outputType=theme_election2026,https://www.sankei.com/,ok,,
2026-10-08,2026-10-08T02:04:48.862856+09:00,全国紙,全国,産経新聞,政府が外国と疑われる不審アカウント把握 高市首相「選挙への影...,https://www.sankei.com/article/20260318-U6PW4754BNE3XKFYBTQWPKM65A/?outputType=theme_election2026,https://www.sankei.com/,ok,,
2026-10-08,2026-10-08T02:04:48.862856+09:00,全国紙,全国,産経新聞,衆院選で国会議員の部屋割り一変 小沢、岡田、安住氏ら自民に明...,https://www.sankei.com/article/20260304-C5JCVB743FEVZMNEAU76GY4VNQ/?outputType=theme_election2026,https://www.sankei.com/,ok,,
2026-10-08,2026-10-08T02:04:48.862856+09:00,全国紙,全国,産経新聞,立正佼成会が衆院選で中道103人推薦 公明合流影響か 前回立...,https://www.sankei.com/article/20260303-EHLBLQ2BTRCSVGSJVFHI5TBX4U/?outputType=theme_election2026,https://www.sankei.com/,ok,,
2026-10-08,2026-10-08T02:04:48.862856+09:00,全国紙,全国,産経新聞,愛知県議会副議長が辞任へ アジア大会会場で自家用車の通行巡り警備員とトラブル,https://www.sankei.com/article/20261007-5H32RP4YAFJ7RCYXDEYZKXD4SE/,https://www.sankei.com/,ok,,
2026-10-08,2026-10-08T02:04:48.862856+09:00,全国紙,全国,産経新聞,「強い憤り」沖縄での米兵強殺事件で古謝玄太知事が高市首相、小泉防衛相、茂木外相と面会,https://www.sankei.com/article/20261007-D3VR6PUS4VNKPB5XL6A4H5CDBY/,https://www.sankei.com/,ok,,
2026-10-08,2026-10-08T02:04:48.862856+09:00,全国紙,全国,産経新聞,「そんなにすごい人とは」 ノーベル受賞の硤合憲三さん、ゆかりの人から祝意,https://www.sankei.com/article/20261007-3END5ZBMYZIS7EFHBDNHGZIYK4/,https://www.sankei.com/,ok,,
2026-10-08,2026-10-08T02:04:48.862856+09:00,全国紙,全国,産経新聞,高市首相、問われる簗農水相の任命責任 「知恵袋」として抜擢 対応誤れば政権に打撃も,https://www.sankei.com/article/20261007-JOGPQMNUKJIYTE3GRJY6XC2JIQ/,https://www.sankei.com/,ok,,
2026-10-08,2026-10-08T02:04:48.862856+09:00,全国紙,全国,産経新聞,愛知県知事、タイのアジア大会チームに「来てほしくなかった」 現地は反発「発言は驚き」,https://www.sankei.com/article/20261007-LI2O57KIBRKGVKE3BZW76OCRJ4/,https://www.sankei.com/,ok,,
2026-10-08,2026-10-08T02:04:48.862856+09:00,全国紙,全国,産経新聞,「簗農水相発言」追及、狭まる包囲網 野党「予算ゆがめた」「減額された理由を」,https://www.sankei.com/article/20261007-NTJ2JNSUMVOXPMGKS7LRIEA2JY/,https://www.sankei.com/,ok,,
2026-10-08,2026-10-08T02:04:48.862856+09:00,全国紙,全国,産経新聞,「やったぞ!と叫んだ」 硤合さんにノーベル化学賞で母校同窓会長 「優しく明るい先輩」,https://www.sankei.com/article/20261007-7HTUORTXRRJDFAIBFBI4PNDUUQ/,https://www.sankei.com/,ok,,
2026-10-08,2026-10-08T02:04:48.862856+09:00,全国紙,全国,産経新聞,公明は消費減税再考、維新は定数削減への決意 国会論戦幕開け、高市首相への注文相次ぐ,https://www.sankei.com/article/20261007-W73HEVVAVJNNREPNZ7OE66GKY4/,https://www.sankei.com/,ok,,
2026-10-08,2026-10-08T02:04:48.862856+09:00,全国紙,全国,産経新聞,「高市早苗」呼び捨てで申し入れ 外務省が中国側に 「一国の指導者に敬意」は国際儀礼,https://www.sankei.com/article/20261007-OQCNXC2SQRONHLZ6L42IOBBQQE/,https://www.sankei.com/,ok,,
2026-10-08,2026-10-08T02:04:48.862856+09:00,全国紙,全国,産経新聞,河合塾「東大理類特化MEPLOMETA」を西宮北口で開校 「超速習」と最大量演習でト...,https://www.sankei.com/article/20260929-Y7JBDEUG2ZHGZKEAEGNVBBXYRQ/,https://www.sankei.com/,ok,,
2026-10-08,2026-10-08T02:04:48.862856+09:00,全国紙,全国,産経新聞,「『選ばれる建設会社』へのデジタル変革と若手育成・定着の人材戦略」10月20日(火)...,https://www.sankei.com/article/20260918-Q4TZFAWYCRGXDP6CSXLYBYQNEA/?outputType=theme_event,https://www.sankei.com/,ok,,
2026-10-08,2026-10-08T02:04:48.862856+09:00,全国紙,全国,産経新聞,カーネギー平和賞に国際司法裁判所,https://www.sankei.com/article/20261008-ELIMIUO6CRNV7DKN626BOMC4RE/,https://www.sankei.com/,ok,,
2026-10-08,2026-10-08T02:04:48.862856+09:00,全国紙,全国,産経新聞,女子63キロ級の嘉重春樺がV2 世界柔道第4日,https://www.sankei.com/article/20261007-RCXM65S3ONP4VLR3QG477QWUUU/,https://www.sankei.com/,ok,,
2026-10-08,2026-10-08T02:04:48.862856+09:00,全国紙,全国,産経新聞,10歳男児に不同意性交疑い 兵庫の元学童経営者,https://www.sankei.com/article/20261007-O6QN5TCADVMLHOAQSW4CUJVWPY/,https://www.sankei.com/,ok,,
2026-10-08,2026-10-08T02:04:48.862856+09:00,全国紙,全国,産経新聞,トルコがサウジアラビア支援か,https://www.sankei.com/article/20261007-DOKED2X7JZKCVKBAPIIXXKYBOY/,https://www.sankei.com/,ok,,
2026-10-08,2026-10-08T02:04:48.862856+09:00,全国紙,全国,東京新聞,ノーベル化学賞に硤合憲三・東京理科大名誉教授...「有名な先生と一緒に受賞でき喜ばしい」,https://www.tokyo-np.co.jp/article/520298,https://www.tokyo-np.co.jp/,ok,,
2026-10-08,2026-10-08T02:04:48.862856+09:00,全国紙,全国,東京新聞,井山裕太碁聖が復位へ好発進 積極的に白地に打ち込む一力遼天元に的確に応じる 囲碁・天元戦第1局,https://www.tokyo-np.co.jp/article/520309,https://www.tokyo-np.co.jp/,ok,,
2026-10-08,2026-10-08T02:04:48.862856+09:00,全国紙,全国,東京新聞,簗農相の圧力疑惑に維新・前原氏「事実なら議員辞職を」...一方、藤田共同代表は,https://www.tokyo-np.co.jp/article/520297,https://www.tokyo-np.co.jp/,ok,,
2026-10-08,2026-10-08T02:04:48.862856+09:00,全国紙,全国,東京新聞,消費税減税と給付の組み合わせ「最善の方法」 高市首相が公明・岡本三成氏に反論,https://www.tokyo-np.co.jp/article/520294,https://www.tokyo-np.co.jp/,ok,,
2026-10-08,2026-10-08T02:04:48.862856+09:00,全国紙,全国,東京新聞,古謝玄太・沖縄県知事「人権教育が機能していない」 米兵の強盗殺人事件で高市首相に抗議,https://www.tokyo-np.co.jp/article/520276,https://www.tokyo-np.co.jp/,ok,,
2026-10-08,2026-10-08T02:04:48.862856+09:00,全国紙,全国,東京新聞,韓国の兵役免除特例「最終的に廃止が目標」 喜びすぎたアジア大会代表...後輩たちに重い代償,https://www.tokyo-np.co.jp/article/520251,https://www.tokyo-np.co.jp/,ok,,
2026-10-08,2026-10-08T02:04:48.862856+09:00,全国紙,全国,東京新聞,秋篠宮ご夫妻、日系人の交流会に出席 パラグアイなど17カ国と日本在住の留学生ら参加,https://www.tokyo-np.co.jp/article/520282,https://www.tokyo-np.co.jp/,ok,,
2026-10-08,2026-10-08T02:04:48.862856+09:00,全国紙,全国,東京新聞,ディズニー宿泊費など金品を受領...日本郵便の元社員に執行猶予付き有罪判決,https://www.tokyo-np.co.jp/article/520227,https://www.tokyo-np.co.jp/,ok,,
2026-10-08,2026-10-08T02:04:48.862856+09:00,全国紙,全国,東京新聞,2025年参院選「1票の格差」訴訟が最高裁で結審...最大格差3.13倍、年内判決へ,https://www.tokyo-np.co.jp/article/520257,https://www.tokyo-np.co.jp/,ok,,
2026-10-08,2026-10-08T02:04:48.862856+09:00,全国紙,全国,東京新聞,「法律が変わるところまで頑張る」...未成年の選挙運動禁止訴訟で原告側が控訴,https://www.tokyo-np.co.jp/article/520244,https://www.tokyo-np.co.jp/,ok,,
2026-10-08,2026-10-08T02:04:48.862856+09:00,全国紙,全国,東京新聞,手数料20倍や「国益要件」 外国人への官製差別では〈社会時評〉安田菜津紀,https://www.tokyo-np.co.jp/article/519963,https://www.tokyo-np.co.jp/,ok,,
2026-10-08,2026-10-08T02:04:48.862856+09:00,全国紙,全国,東京新聞,HIS、顧客の旅券情報が流出か 627人分、不正アクセス,https://www.tokyo-np.co.jp/article/520212,https://www.tokyo-np.co.jp/,ok,,
2026-10-08,2026-10-08T02:04:48.862856+09:00,全国紙,全国,東京新聞,首相、再発防止へ日米協議 沖縄知事、米兵事件「許せず」,https://www.tokyo-np.co.jp/article/520260,https://www.tokyo-np.co.jp/,ok,,
2026-10-08,2026-10-08T02:04:48.862856+09:00,全国紙,全国,東京新聞,首相、給付制度の財源明示せず 消費減税円滑化へ連絡会議設置,https://www.tokyo-np.co.jp/article/520262,https://www.tokyo-np.co.jp/,ok,,
2026-10-08,2026-10-08T02:04:48.862856+09:00,全国紙,全国,東京新聞,【コメント募集】簗農相の「予算、大幅カット」発言、どう思った?,https://www.tokyo-np.co.jp/article/520010,https://www.tokyo-np.co.jp/,ok,,
2026-10-08,2026-10-08T02:04:48.862856+09:00,全国紙,全国,東京新聞,橋にまで「多摩川格差」が見えた? 「都県境をまたぐ橋」の管理は東京側と神奈川側でどう分担しているのか,https://www.tokyo-np.co.jp/article/518515,https://www.tokyo-np.co.jp/,ok,,
2026-10-08,2026-10-08T02:04:48.862856+09:00,全国紙,全国,東京新聞,〈動画〉そもそもなぜ国交省に問い合わせ?望月衣塑子記者が簗農相の対応を解説 国交省は「圧力なかった」,https://www.tokyo-np.co.jp/article/520194,https://www.tokyo-np.co.jp/,ok,,tag_movie
2026-10-08,2026-10-08T02:04:48.862856+09:00,全国紙,全国,東京新聞,〈動画〉望月衣塑子記者が簗農相の会見を解説「高揚感みたいなものが...」 予算への「圧力発言」の背景は,https://www.tokyo-np.co.jp/article/519979,https://www.tokyo-np.co.jp/,ok,,tag_movie
2026-10-08,2026-10-08T02:04:48.862856+09:00,全国紙,全国,東京新聞,〈動画〉公明・岡本代表が高市首相の所信表明を「バランスが悪い」 望月衣塑子記者が会見を解説,https://www.tokyo-np.co.jp/article/519944,https://www.tokyo-np.co.jp/,ok,,tag_movie
2026-10-08,2026-10-08T02:04:48.862856+09:00,全国紙,全国,東京新聞,〈東京新聞タイムカプセル 鉄道〉都電の風景 1,https://www.tokyo-np.co.jp/article/519957,https://www.tokyo-np.co.jp/,ok,,square
2026-10-08,2026-10-08T02:04:48.862856+09:00,全国紙,全国,中日新聞,,,https://www.chunichi.co.jp/,skipped,robots.txtによりアクセスが許可されていません: https://www.chunichi.co.jp/ (UA=japan-news-frontpage-index-bot/1.0 (+https://github.com/groundcobra009/japan-news-frontpage-index)),
2026-10-08,2026-10-08T02:04:48.862856+09:00,地方紙,北海道,北海道新聞,,,,skipped,公式RSSはあるが、見出し・本文の公開(再配信)を認めない旨の規約があるため自動取得の対象外とする。,
2026-10-08,2026-10-08T02:04:48.862856+09:00,地方紙,宮城,河北新報,,,,skipped,robots.txtが/rss/をDisallowしておりRSS購読不可。私的利用限定・二次利用禁止の規約があるため自動取得の対象外とする。,
2026-10-08,2026-10-08T02:04:48.862856+09:00,地方紙,新潟,新潟日報,,,,skipped,利用規約でデータマイニング・テキストマイニング・AI学習目的の情報処理・解析利用を明示的に禁止しているため自動取得の対象外とする。,
2026-10-08,2026-10-08T02:04:48.862856+09:00,地方紙,長野,信濃毎日新聞,モノクロの「アルクマ」売れ行き好調 期間限定のつもりが定番化、長野県庁で販売中10/07 17:29ここでもナフサ不足?緑の体に赤いリンゴのかぶり物が定番の県PRキャラクター「アルクマ」を、白やグレーの濃淡で表現したぬいぐるみが長野市の県庁地下1階の生協で販売されている。7日もひっそりと存在感を放っていた。 大阪・関西万博の公式キャラクター「ミャクミャク」のモノクロ版が話題を呼んだ点に着目し、...,https://www.shinmai.co.jp/news/article/gf01db30128nn8tk86f78qjg,https://www.shinmai.co.jp/,ok,,
2026-10-08,2026-10-08T02:04:48.862856+09:00,地方紙,長野,信濃毎日新聞,サンクゼール、全国の観光地で菓子ブランド展開へ 長野市に開店する「来瑠未堂」でノウハウ蓄積10/07 21:53,https://www.shinmai.co.jp/news/article/gf01db33qconn8tk86f79pkg,https://www.shinmai.co.jp/,ok,,
2026-10-08,2026-10-08T02:04:48.862856+09:00,地方紙,長野,信濃毎日新聞,昼神温泉郷のホテル「天心」営業終了 長野県初の「大江戸温泉物語プレミアム」へ 阿智村10/07 21:14,https://www.shinmai.co.jp/news/article/gf01db33bhdblj4h2lnd0uc0,https://www.shinmai.co.jp/,ok,,
2026-10-08,2026-10-08T02:04:48.862856+09:00,地方紙,長野,信濃毎日新聞,おくやみ速報(10月8日付分)10/07 20:00,https://www.shinmai.co.jp/news/article/gf01db31rb8nn8tk86f79cu0,https://www.shinmai.co.jp/,ok,,
2026-10-08,2026-10-08T02:04:48.862856+09:00,地方紙,長野,信濃毎日新聞,軽井沢町が3年連続首位 自治体ブランドランキング甲信越版、トップ10に県内6市町村【表付き】10/07 18:18,https://www.shinmai.co.jp/news/article/gf01db30jq5blj4h2lnd0790,https://www.shinmai.co.jp/,ok,,
2026-10-08,2026-10-08T02:04:48.862856+09:00,地方紙,長野,信濃毎日新聞,リンゴ産地で栽培経験積む「援農スクール」 担い手不足に悩む飯綱町の農家を支援へ【動画付き】10/07 18:17,https://www.shinmai.co.jp/news/article/gf01db306qdblj4h2lnd03m0,https://www.shinmai.co.jp/,ok,,
2026-10-08,2026-10-08T02:04:48.862856+09:00,地方紙,長野,信濃毎日新聞,1株式の非公開化検討を要請 オアシス、ニデックに,https://www.shinmai.co.jp/news/article/gfkn2026100701002554,https://www.shinmai.co.jp/,ok,,
2026-10-08,2026-10-08T02:04:48.862856+09:00,地方紙,長野,信濃毎日新聞,2佐久市で軽乗用車と路線バスが衝突 けが人なし,https://www.shinmai.co.jp/news/article/gf01db34t50nn8tk86f79vng,https://www.shinmai.co.jp/,ok,,
2026-10-08,2026-10-08T02:04:48.862856+09:00,地方紙,長野,信濃毎日新聞,4軽井沢町の幼小中一貫校、小学校低学年児童へのいじめ認定 運営法人設置の第三者調査委,https://www.shinmai.co.jp/news/article/gf01db32batblj4h2lnd0nfg,https://www.shinmai.co.jp/,ok,,
2026-10-08,2026-10-08T02:04:48.862856+09:00,地方紙,長野,信濃毎日新聞,6東御市の歩道橋撤去 近くの交差点を歩車分離式に,https://www.shinmai.co.jp/news/article/gf01db30lmgnn8tk86f791j0,https://www.shinmai.co.jp/,ok,,
2026-10-08,2026-10-08T02:04:48.862856+09:00,地方紙,長野,信濃毎日新聞,8須坂市の山林でキノコ採りの男性死亡,https://www.shinmai.co.jp/news/article/gf01db30i40nn8tk86f79060,https://www.shinmai.co.jp/,ok,,
2026-10-08,2026-10-08T02:04:48.862856+09:00,地方紙,長野,信濃毎日新聞,10山ノ内町「町議が兼業禁止規定に該当」と判断 町議は反論,https://www.shinmai.co.jp/news/article/gf01db2cdf5blj4h2lncsvrg,https://www.shinmai.co.jp/,ok,,
2026-10-08,2026-10-08T02:04:48.862856+09:00,地方紙,長野,信濃毎日新聞,県歌「信濃の国」の冒頭にあるように、長野県は旧国名では十州、現在は8県に接しています。その境目には厳しい山岳や谷があり、古来、物や文化が行き交う道があり、躍動する人たちがいます。大型写真連載「信州縁撮(ふちど)り」は、写真記者が県境付近の地域を歩き、その“今”を切り取ります。信州を魅力あるものにしている自然や歴史、人々の営みにカメラを向けます。,https://www.shinmai.co.jp/news/article/gf01dah1jmlttbkcu3krfl40,https://www.shinmai.co.jp/,ok,,
2026-10-08,2026-10-08T02:04:48.862856+09:00,地方紙,長野,信濃毎日新聞,「自分を出しなさいって言われるんです」 苦悩する小栗瑛哉に信州の指揮官が求めるもの【Bプレミア】長野県スポーツウェブオリジナル信州BW長野市千曲市10/07 06:30,https://www.shinmai.co.jp/news/article/gf01db2epsgnn8tk86f765hg,https://www.shinmai.co.jp/,ok,,
2026-10-08,2026-10-08T02:04:48.862856+09:00,地方紙,長野,信濃毎日新聞,【4コマ】胴上げの発祥は善光寺?【ここがわからんばい!信州】長野県主要くらし・話題ウェブオリジナル善光寺ここがわからんばい!信州長野市10/06 11:30,https://www.shinmai.co.jp/news/article/gf01db1kh38nn8tk86f71iqg,https://www.shinmai.co.jp/,ok,,
2026-10-08,2026-10-08T02:04:48.862856+09:00,地方紙,長野,信濃毎日新聞,【動画付き】秋一番の好天、思い切って北アルプス西穂高岳へ 秋山シーズン本格化を前に感じたこと長野県社会主要信州の山ウェブオリジナル北アルプスタカシが行く10/04 16:55,https://www.shinmai.co.jp/news/article/gf01db0tvs0nn8tk86f6u61g,https://www.shinmai.co.jp/,ok,,
2026-10-08,2026-10-08T02:04:48.862856+09:00,地方紙,長野,信濃毎日新聞,長野県の博物館・美術館の数、トップから陥落/イオンモール須坂1年、買い物客の流出は 9月ニュース長野県主要社会ウェブオリジナル諏訪市須坂市佐久市10/04 06:01,https://www.shinmai.co.jp/news/article/gf01daviav5blj4h2lnceb10,https://www.shinmai.co.jp/,ok,,
2026-10-08,2026-10-08T02:04:48.862856+09:00,地方紙,長野,信濃毎日新聞,信州山レポート 山岳情報ぎゅっとお届け長野県社会安全登山・遭難信州の山ウェブオリジナル10/03 16:55,https://www.shinmai.co.jp/news/article/SHEX2026071400004787,https://www.shinmai.co.jp/,ok,,
2026-10-08,2026-10-08T02:04:48.862856+09:00,地方紙,長野,信濃毎日新聞,「マチアプ」で出会った2人 交際から1カ月、驚きの事実が明らかに長野県主要くらし・話題ウェブオリジナル朝日新聞コラボ「いつも、どこかで」10/02 17:00,https://www.shinmai.co.jp/news/article/gf01dasu0jgnn8tk86f66kqg,https://www.shinmai.co.jp/,ok,,
2026-10-08,2026-10-08T02:04:48.862856+09:00,地方紙,長野,信濃毎日新聞,山の近くに住みたい 10月に松本へ SNSの友人と山行重ねて〈山と人と信州と〉長野県社会信州の山ウェブオリジナル山と人と信州と10/02 06:04,https://www.shinmai.co.jp/news/article/gf01dat0ti8nn8tk86f67dt0,https://www.shinmai.co.jp/,ok,,
2026-10-08,2026-10-08T02:04:48.862856+09:00,地方紙,静岡,静岡新聞,,,https://www.at-s.com/,error,405 Client Error: Not Allowed for url: https://www.at-s.com/,
2026-10-08,2026-10-08T02:04:48.862856+09:00,地方紙,京都,京都新聞,人事異動ポータル,https://www.kyoto-np.co.jp/articles/-/1250583,https://www.kyoto-np.co.jp/,ok,,
2026-10-08,2026-10-08T02:04:48.862856+09:00,地方紙,京都,京都新聞,速報ウクライナ北部の住宅攻撃の死者18人に,https://www.kyoto-np.co.jp/articles/-/1804317,https://www.kyoto-np.co.jp/,ok,,
2026-10-08,2026-10-08T02:04:48.862856+09:00,地方紙,京都,京都新聞,「寛永行幸四百年祭」仕様書が公募前に企業流出、京都市が謝罪 「関係者に深くおわび」10月7日市内徳川将軍家が後水尾天皇を二条城に招いた寛永行幸から400年の節目に合わせた「寛永行幸四百年祭」の公募型プロポーザルで、実行委員会事務局を担...,https://www.kyoto-np.co.jp/articles/-/1804151,https://www.kyoto-np.co.jp/,ok,,
2026-10-08,2026-10-08T02:04:48.862856+09:00,地方紙,京都,京都新聞,「移ろう風景を楽しんでいます」佳子さまが全国都市緑化祭の記念式典に出席 京都府亀岡市10月7日地域全国都市緑化祭の記念式典が7日午前、京都府亀岡市曽我部町の亀岡運動公園であった。秋篠宮家の次女佳子さまが出席され、丹波地域の豊かな自然に思...,https://www.kyoto-np.co.jp/articles/-/1803844,https://www.kyoto-np.co.jp/,ok,,
2026-10-08,2026-10-08T02:04:48.862856+09:00,地方紙,京都,京都新聞,「好みの女性がいた」マンションに侵入し女性の体を触るなどした疑い、大学生の男逮捕10月7日地域京都府警伏見署は6日、建造物侵入と不同意わいせつ致傷の疑いで、大阪府枚方市、大学生の男(20)を現行犯逮捕した。 逮捕容疑は6日午後9時1...,https://www.kyoto-np.co.jp/articles/-/1803838,https://www.kyoto-np.co.jp/,ok,,
2026-10-08,2026-10-08T02:04:48.862856+09:00,地方紙,京都,京都新聞,【独自】京都市立小の20代男性教諭が複数の男子児童にわいせつ行為 懲戒免職処分、逮捕前の昨年11月10月7日市内京都市立小で昨年、20代の男性教諭が複数の男子児童にわいせつな行為をしたとして、京都市教育委員会が同11月に男性教諭を懲戒免職処分にしてい...,https://www.kyoto-np.co.jp/articles/-/1803535,https://www.kyoto-np.co.jp/,ok,,
2026-10-08,2026-10-08T02:04:48.862856+09:00,地方紙,京都,京都新聞,ニデックの上場維持に「黄信号」残された時間少なく...カギ握る監査法人の「意見」専門家はどう見る10月7日市内不正会計の対応に揺れるモーター大手ニデック(京都市南区)の上場維持に、黄信号がともっている。東京証券取引所での上場の前提となる財務諸表の信...,https://www.kyoto-np.co.jp/articles/-/1803540,https://www.kyoto-np.co.jp/,ok,,
2026-10-08,2026-10-08T02:04:48.862856+09:00,地方紙,京都,京都新聞,優生保護法下の強制不妊手術を巡る国会検証会議 教育や報道も対象に含める方針で一致10月7日市内優生保護法下(1948~96年)で障害者らが不妊手術や人工妊娠中絶を強いられた問題で、国会の第11回検証会議が6日、オンラインで開かれた。...,https://www.kyoto-np.co.jp/articles/-/1803416,https://www.kyoto-np.co.jp/,ok,,
2026-10-08,2026-10-08T02:04:48.862856+09:00,地方紙,京都,京都新聞,大阪市の基軸エリアに「大規模アリーナ」「ホテル」「商業施設」の3本柱建設へ 大企業の旧本社跡地に10月7日地域関電不動産開発と三井不動産は、大手企業の旧本社跡地一帯で、大規模な再開発に...,https://www.kyoto-np.co.jp/articles/-/1797065,https://www.kyoto-np.co.jp/,ok,,
2026-10-08,2026-10-08T02:04:48.862856+09:00,地方紙,京都,京都新聞,滋賀県内、かつて結婚式場を営んだ企業など4社倒産 創業90年超の電気工事業者や、自動車販売会社も10月7日地域,https://www.kyoto-np.co.jp/articles/-/1803453,https://www.kyoto-np.co.jp/,ok,,
2026-10-08,2026-10-08T02:04:48.862856+09:00,地方紙,京都,京都新聞,京都市の鉄道線路下「アンダーパス」冠水の恐怖 「絶対に進入しないで」閉じ込められたらどうなるのか10月7日市内,https://www.kyoto-np.co.jp/articles/-/1797866,https://www.kyoto-np.co.jp/,ok,,
2026-10-08,2026-10-08T02:04:48.862856+09:00,地方紙,京都,京都新聞,京都サンガで初先発し存在感を見せたMF諸岡裕人「チームで思い描いていたのは...」 一問一答10月6日地域,https://www.kyoto-np.co.jp/articles/-/1802897,https://www.kyoto-np.co.jp/,ok,,
2026-10-08,2026-10-08T02:04:48.862856+09:00,地方紙,京都,京都新聞,京都サンガのDF加藤蓮が悔しがって言った「仕留めていれば勝てたゲーム」 収穫と課題は 一問一答10月6日地域,https://www.kyoto-np.co.jp/articles/-/1802899,https://www.kyoto-np.co.jp/,ok,,
2026-10-08,2026-10-08T02:04:48.862856+09:00,地方紙,京都,京都新聞,京都サンガのMF福岡慎平「相手にボールを持たれているという感覚はそこまでなくて」 敗戦で得た収穫は 一問一答10月6日地域,https://www.kyoto-np.co.jp/articles/-/1802898,https://www.kyoto-np.co.jp/,ok,,
2026-10-08,2026-10-08T02:04:48.862856+09:00,地方紙,京都,京都新聞,京都府内に工場2カ所、金属加工メーカーが自己破産へ 多様なオーダー対応も、その構造がネックに10月6日地域,https://www.kyoto-np.co.jp/articles/-/1802853,https://www.kyoto-np.co.jp/,ok,,
2026-10-08,2026-10-08T02:04:48.862856+09:00,地方紙,京都,京都新聞,京都市で「最古の公園」その秘密 井戸や橋脚...近代日本庭園の先駆者が仕掛けた「不思議な空間」10月6日市内,https://www.kyoto-np.co.jp/articles/-/1796710,https://www.kyoto-np.co.jp/,ok,,
2026-10-08,2026-10-08T02:04:48.862856+09:00,地方紙,京都,京都新聞,京都市で開催予定「巨大パレード」業者選定の公平・透明性に疑問の声 寄付企業に巨額の業務発注10月6日市内,https://www.kyoto-np.co.jp/articles/-/1802263,https://www.kyoto-np.co.jp/,ok,,
2026-10-08,2026-10-08T02:04:48.862856+09:00,地方紙,京都,京都新聞,大河ドラマで一条天皇役の俳優・塩野瑛久さんが「源氏物語」特別展で音声ガイド 衝撃を受けた展示品とは10月5日市内,https://www.kyoto-np.co.jp/articles/-/1802866,https://www.kyoto-np.co.jp/,ok,,
2026-10-08,2026-10-08T02:04:48.862856+09:00,地方紙,京都,京都新聞,京都でも進む「女子大離れ」の背景 京都市上京区の「平女」共学へ 「子ども教育学部」別法人に 在学生どうなる?10月5日地域,https://www.kyoto-np.co.jp/articles/-/1802836,https://www.kyoto-np.co.jp/,ok,,
2026-10-08,2026-10-08T02:04:48.862856+09:00,地方紙,京都,京都新聞,京都市上京区の女子大学「平女」はなぜ校名変更に踏み切るのか 抜本改革の裏にある差別化戦略とは10月5日地域,https://www.kyoto-np.co.jp/articles/-/1801525,https://www.kyoto-np.co.jp/,ok,,
2026-10-08,2026-10-08T02:04:48.862856+09:00,地方紙,兵庫,神戸新聞,県内の企業倒産、最多327件 リーマン・ショック後上回る 26年度上半期,https://www.kobe-np.co.jp/news/economy/202610/0020904384.shtml,https://www.kobe-np.co.jp/,ok,,
2026-10-08,2026-10-08T02:04:48.862856+09:00,地方紙,兵庫,神戸新聞,神戸連続発砲1週間 死傷の2人の他にも標的か,https://www.kobe-np.co.jp/news/society/202610/0020904282.shtml,https://www.kobe-np.co.jp/,ok,,
2026-10-08,2026-10-08T02:04:48.862856+09:00,地方紙,兵庫,神戸新聞,神戸市長「改革する姿勢受け止め」 神戸市室内管弦楽団の存続、財団の提案にコメント,https://www.kobe-np.co.jp/news/culture/202610/0020904033.shtml,https://www.kobe-np.co.jp/,ok,,
2026-10-08,2026-10-08T02:04:48.862856+09:00,地方紙,兵庫,神戸新聞,神出病院虐待事件検証会議の議事録無断削除 市の指針改定へ,https://www.kobe-np.co.jp/news/society/202610/0020904057.shtml,https://www.kobe-np.co.jp/,ok,,
2026-10-08,2026-10-08T02:04:48.862856+09:00,地方紙,兵庫,神戸新聞,触れて読む「仏涅槃図」、淡路人形体験も 姫路・歴博で企画展,https://www.kobe-np.co.jp/news/society/202610/0020903750.shtml,https://www.kobe-np.co.jp/,ok,,
2026-10-08,2026-10-08T02:04:48.862856+09:00,地方紙,兵庫,神戸新聞,井山、復位へ好発進 シノギで一力に快勝 囲碁・天元戦,https://www.kobe-np.co.jp/news/culture/202610/0020904303.shtml,https://www.kobe-np.co.jp/,ok,,
2026-10-08,2026-10-08T02:04:48.862856+09:00,地方紙,兵庫,神戸新聞,災害への備え、学んで啓発「神戸防災部」誕生,https://www.kobe-np.co.jp/news/society/202610/0020902728.shtml,https://www.kobe-np.co.jp/,ok,,
2026-10-08,2026-10-08T02:04:48.862856+09:00,地方紙,兵庫,神戸新聞,住民びっくり、住宅地にコウノトリ 六甲山方面に飛んでいく姿 神戸,https://www.kobe-np.co.jp/news/kobe/202610/0020903096.shtml,https://www.kobe-np.co.jp/,ok,,
2026-10-08,2026-10-08T02:04:48.862856+09:00,地方紙,兵庫,神戸新聞,ミスタータイガース・掛布さん、野球人生を回顧 トークイベント,https://www.kobe-np.co.jp/news/kobe/202610/0020904037.shtml,https://www.kobe-np.co.jp/,ok,,
2026-10-08,2026-10-08T02:04:48.862856+09:00,地方紙,兵庫,神戸新聞,タイガース連覇祝いラッピング電車 選手らの写真飾る 阪神電鉄,https://www.kobe-np.co.jp/news/economy/202610/0020904161.shtml,https://www.kobe-np.co.jp/,ok,,
2026-10-08,2026-10-08T02:04:48.862856+09:00,地方紙,兵庫,神戸新聞,斎藤知事、フリー記者の会見参加を拒否,https://www.kobe-np.co.jp/news/society/202610/0020904288.shtml,https://www.kobe-np.co.jp/,ok,,
2026-10-08,2026-10-08T02:04:48.862856+09:00,地方紙,兵庫,神戸新聞,アジア大会「金」、INAC神戸の4選手がチームに合流,https://www.kobe-np.co.jp/news/sports/202610/0020903397.shtml,https://www.kobe-np.co.jp/,ok,,
2026-10-08,2026-10-08T02:04:48.862856+09:00,地方紙,兵庫,神戸新聞,号外張り出し,https://www.kobe-np.co.jp/news/society/202610/0020904582.shtml,https://www.kobe-np.co.jp/,ok,,
2026-10-08,2026-10-08T02:04:48.862856+09:00,地方紙,兵庫,神戸新聞,<県政リアル 知事就任5年>(6)距離感 離れた大阪、県内首長も模索,https://www.kobe-np.co.jp/news/society/202608/0020681985.shtml,https://www.kobe-np.co.jp/,ok,,
2026-10-08,2026-10-08T02:04:48.862856+09:00,地方紙,兵庫,神戸新聞,沖縄知事選、荒れるSNS 動画、Xの大半が県外発 AI悪用し中傷拡散 兵庫知事選と重なる投稿者も,https://www.kobe-np.co.jp/news/society/202609/0020810373.shtml,https://www.kobe-np.co.jp/,ok,,
2026-10-08,2026-10-08T02:04:48.862856+09:00,地方紙,兵庫,神戸新聞,団員減の消防団、防災力維持へ模索 アプリで事務軽減、女性の参加促進、出動状況を衛星で把握<ローカル+α>,https://www.kobe-np.co.jp/news/society/202610/0020885037.shtml,https://www.kobe-np.co.jp/,ok,,
2026-10-08,2026-10-08T02:04:48.862856+09:00,地方紙,兵庫,神戸新聞,中学部活の地域展開「あかしタイム」 地域的な偏りなど課題 体育館使用の調整も必須,https://www.kobe-np.co.jp/news/akashi/202610/0020896850.shtml,https://www.kobe-np.co.jp/,ok,,
2026-10-08,2026-10-08T02:04:48.862856+09:00,地方紙,兵庫,神戸新聞,尼崎市の「危ない交差点」 武庫川沿いの道路と交わる国道 赤信号見落とし重大事故に スピードにも注意,https://www.kobe-np.co.jp/news/richb/202610/0020900828.shtml,https://www.kobe-np.co.jp/,ok,,
2026-10-08,2026-10-08T02:04:48.862856+09:00,地方紙,兵庫,神戸新聞,<近日公開 10月のオススメ記事>秋祭り、美術展との連動企画、高校野球秋季大会...etc.,https://www.kobe-np.co.jp/news/richa/202609/0020872865.shtml,https://www.kobe-np.co.jp/,ok,,
2026-10-08,2026-10-08T02:04:48.862856+09:00,地方紙,兵庫,神戸新聞,軽トラックの荷台から工具盗み、リサイクル店に売却した容疑 30歳の男逮捕 豊岡署,https://www.kobe-np.co.jp/news/jiken/202610/0020904868.shtml,https://www.kobe-np.co.jp/,ok,,
2026-10-08,2026-10-08T02:04:48.862856+09:00,地方紙,広島,中国新聞,,,,skipped,利用規約でAI開発目的のディープラーニング等の情報処理・解析利用を明示的に禁止しているため自動取得の対象外とする。,
2026-10-08,2026-10-08T02:04:48.862856+09:00,地方紙,福岡,西日本新聞,,,,skipped,公式RSSはあるが、利用規約でAI学習目的の情報処理・解析利用を明示的に禁止しているため自動取得の対象外とする。,
2026-10-08,2026-10-08T02:04:48.862856+09:00,地方紙,熊本,熊本日日新聞,為替相場 8日(日本時間 1時),https://kumanichi.com/articles/2043784,https://kumanichi.com/rss.xml,ok,,
2026-10-08,2026-10-08T02:04:48.862856+09:00,地方紙,熊本,熊本日日新聞,女子63キロ級の嘉重が2連覇,https://kumanichi.com/articles/2044239,https://kumanichi.com/rss.xml,ok,,
2026-10-08,2026-10-08T02:04:48.862856+09:00,地方紙,熊本,熊本日日新聞,ウクライナ北部の住宅攻撃の死者18人に,https://kumanichi.com/articles/2044243,https://kumanichi.com/rss.xml,ok,,
2026-10-08,2026-10-08T02:04:48.862856+09:00,地方紙,熊本,熊本日日新聞,愛知県議会副議長辞任へ,https://kumanichi.com/articles/2044242,https://kumanichi.com/rss.xml,ok,,
2026-10-08,2026-10-08T02:04:48.862856+09:00,地方紙,熊本,熊本日日新聞,カーネギー平和賞にICJ,https://kumanichi.com/articles/2044240,https://kumanichi.com/rss.xml,ok,,
2026-10-08,2026-10-08T02:04:48.862856+09:00,地方紙,熊本,熊本日日新聞,東京理科大で喜びの記者会見,https://kumanichi.com/articles/2044235,https://kumanichi.com/rss.xml,ok,,
2026-10-08,2026-10-08T02:04:48.862856+09:00,地方紙,熊本,熊本日日新聞,アジア大会で騒動、愛知県議会副議長辞任へ,https://kumanichi.com/articles/2044236,https://kumanichi.com/rss.xml,ok,,
2026-10-08,2026-10-08T02:04:48.862856+09:00,地方紙,熊本,熊本日日新聞,柔道女子63キロ級の嘉重が2連覇,https://kumanichi.com/articles/2044232,https://kumanichi.com/rss.xml,ok,,
2026-10-08,2026-10-08T02:04:48.862856+09:00,地方紙,熊本,熊本日日新聞,【速報】五木村で震度1,https://kumanichi.com/articles/2044231,https://kumanichi.com/rss.xml,ok,,
2026-10-08,2026-10-08T02:04:48.862856+09:00,地方紙,熊本,熊本日日新聞,不同意性交の疑いで男逮捕 熊本北合志署,https://kumanichi.com/articles/2044227,https://kumanichi.com/rss.xml,ok,,
2026-10-08,2026-10-08T02:04:48.862856+09:00,地方紙,鹿児島,南日本新聞,鹿児島市の桜島学校説明会に24世帯67人――校区外通学への関心、その理由とは...4月に開校した鹿児島市初の義務教育学校・桜島学校(児童生徒163人)への校区外通学に関心が集まっている。桜島横山町の桜島公民館であった学校説明会には、保護者や児童生徒ら24世帯67人が参加。建設中の新校舎の見学などを通じ、学校生活のイメージを膨らませた。 説明会は特認校制度を利用した入学に関心のある世帯が対象で、9月27日にあった。市の特認校制は市内に住む児童生徒が校区外から通学できる制10月7日 20:00,https://373news.com/news/local/detail/240669/,https://373news.com/,ok,,local
2026-10-08,2026-10-08T02:04:48.862856+09:00,地方紙,鹿児島,南日本新聞,覚醒剤使用容疑で男逮捕――尿検査で発覚10月7日 21:50,https://373news.com/news/local/detail/240725/,https://373news.com/,ok,,local
2026-10-08,2026-10-08T02:04:48.862856+09:00,地方紙,鹿児島,南日本新聞,コインランドリーから女性の下着盗んだ疑い――24歳男を逮捕、自宅から200点余り押収 鹿屋署10月7日 21:02,https://373news.com/news/local/detail/240717/,https://373news.com/,ok,,local
2026-10-08,2026-10-08T02:04:48.862856+09:00,地方紙,鹿児島,南日本新聞,8日は「寒露」 鹿児島県内全域で今季最低気温――晴天の下、稲刈り最盛 鹿児島市10月7日 21:00,https://373news.com/news/local/detail/240719/,https://373news.com/,ok,,local
2026-10-08,2026-10-08T02:04:48.862856+09:00,地方紙,鹿児島,南日本新聞,公園で下半身露出疑い、遊んでいた子どもが110番――35歳の会社員男を逮捕 南九州署10月7日 20:25,https://373news.com/news/local/detail/240721/,https://373news.com/,ok,,local
2026-10-08,2026-10-08T02:04:48.862856+09:00,地方紙,鹿児島,南日本新聞,【速報】J3鹿児島ユナイテッド、J1C大阪に敗れる 敵地で0-2 サッカー天皇杯10月7日 19:34,https://373news.com/news/local/detail/240718/,https://373news.com/,ok,,local
2026-10-08,2026-10-08T02:04:48.862856+09:00,地方紙,鹿児島,南日本新聞,「曲で島を元気に」――口之島で農業を営む日高さん、自作”ド演歌”で古里PR...20年温めた曲をCD化10月7日 19:30,https://373news.com/news/local/detail/239804/,https://373news.com/,ok,,local
2026-10-08,2026-10-08T02:04:48.862856+09:00,地方紙,鹿児島,南日本新聞,果実・果菜類の病害虫...セグロウリミバエ 奄美で165匹誘殺 ニガウリ、メロンから幼虫も10月7日 17:07,https://373news.com/news/local/detail/240711/,https://373news.com/,ok,,local
2026-10-08,2026-10-08T02:04:48.862856+09:00,地方紙,鹿児島,南日本新聞,鹿児島・日置市の海洋センターで金庫ごと盗難...中には現金70万円と142人分の個人情報、防犯カメラなし10月7日 17:02,https://373news.com/news/local/detail/240712/,https://373news.com/,ok,,local
2026-10-08,2026-10-08T02:04:48.862856+09:00,地方紙,鹿児島,南日本新聞,3鹿児島、親族になりすまし200万円詐取...4年後に届いた「返済通知」で発覚、詐欺容疑で男を逮捕,https://373news.com/news/local/detail/240710/,https://373news.com/,ok,,local
2026-10-08,2026-10-08T02:04:48.862856+09:00,地方紙,鹿児島,南日本新聞,5「店主と客が口論に...」鹿児島・南さつま市のスナックで通報、2時間飲食も支払わず――詐欺容疑で62歳男を逮捕,https://373news.com/news/local/detail/240666/,https://373news.com/,ok,,local
2026-10-08,2026-10-08T02:04:48.862856+09:00,地方紙,鹿児島,南日本新聞,6伊佐市の大口城跡に千本桜――地元の「愛する会」が林野庁長官賞を受賞...新納忠元の生誕500年記念秋祭りに花添える,https://373news.com/news/local/detail/240677/,https://373news.com/,ok,,local
2026-10-08,2026-10-08T02:04:48.862856+09:00,地方紙,鹿児島,南日本新聞,7伊仙町の男、無免許運転疑いで逮捕 情報得て検問張る署員が窓をノックすると急発進――署の目の前で逃走劇 徳之島署,https://373news.com/news/local/detail/240658/,https://373news.com/,ok,,local
2026-10-08,2026-10-08T02:04:48.862856+09:00,地方紙,鹿児島,南日本新聞,8「車が勝手に使われているかも」相談受け警察官警戒――51歳男を建造物侵入疑いで現行犯逮捕...「盗んで運転したかった」,https://373news.com/news/local/detail/240564/,https://373news.com/,ok,,local
2026-10-08,2026-10-08T02:04:48.862856+09:00,地方紙,鹿児島,南日本新聞,9鹿児島で詐欺、90代女性から500万円だまし取った疑いのマレーシア国籍の男を成田空港で逮捕――出国直前,https://373news.com/news/local/detail/240681/,https://373news.com/,ok,,local
2026-10-08,2026-10-08T02:04:48.862856+09:00,地方紙,鹿児島,南日本新聞,10鹿児島の配達員の男、不同意わいせつ容疑で再逮捕...10代女性「抱きつかれた」防犯カメラが捉えた犯行,https://373news.com/news/local/detail/240687/,https://373news.com/,ok,,local
2026-10-08,2026-10-08T02:04:48.862856+09:00,地方紙,鹿児島,南日本新聞,渋滞の先頭で合流の車に鹿児島県民「イラッ」「モヤモヤ」...ズルく見える「ファスナー合流」 渋滞緩和に推奨でも6割「知らない」9月21日 10:20,http://373news.com/lineup/kotimina/detail/239874/,https://373news.com/,ok,,
2026-10-08,2026-10-08T02:04:48.862856+09:00,地方紙,鹿児島,南日本新聞,☆合憲三氏にノーベル化学賞 「不斉合成」の手法開発10月7日 19:01,https://373news.com/news/national/detail/2026100701002282/,https://373news.com/,ok,,national
2026-10-08,2026-10-08T02:04:48.862856+09:00,地方紙,鹿児島,南日本新聞,首相、給付制度の財源明示せず 消費減税円滑化へ連絡会議設置10月7日 18:19,https://373news.com/news/national/detail/2026100701002151/,https://373news.com/,ok,,national
2026-10-08,2026-10-08T02:04:48.862856+09:00,地方紙,鹿児島,南日本新聞,首相、再発防止へ日米協議 沖縄知事、米兵事件「許せず」10月7日 18:09,https://373news.com/news/national/detail/2026100701002126/,https://373news.com/,ok,,national
2026-10-08,2026-10-08T02:04:48.862856+09:00,地方紙,沖縄,琉球新報,,,,skipped,利用規約で複製・複写・送信・頒布・蓄積・転載等を会社の承認なく行うことを広範に禁止しているため自動取得の対象外とする。,
2026-10-08,2026-10-08T02:04:48.862856+09:00,地方紙,沖縄,沖縄タイムス,「海がきれい」「移住者が多い」全国6位・7位に入った沖縄の2市は? 自治体ブランドランキング202610月7日 19:06沖縄の経済大東建託が7日発表した自治体のイメージや認知度を評価する「自治体ブランドランキング2026」で、 宮古島市が全国6位、石垣市が7位にランクインした。,https://www.okinawatimes.co.jp/articles/-/1939956,https://www.okinawatimes.co.jp/,ok,,
2026-10-08,2026-10-08T02:04:48.862856+09:00,地方紙,沖縄,沖縄タイムス,【速報】宜野湾市の女性殺害事件 元交際相手の25歳男を逮捕 事件前にストーカー相談 「間違いありません」と容疑認める20:35#事件・事故,https://www.okinawatimes.co.jp/articles/-/1940123,https://www.okinawatimes.co.jp/,ok,,
2026-10-08,2026-10-08T02:04:48.862856+09:00,地方紙,沖縄,沖縄タイムス,古謝知事、高市首相に抗議 沖縄政策協議会の早期開催と再発防止を要求 米兵逮捕の強盗殺人事件18:15有料#米軍関係の事件・事故,https://www.okinawatimes.co.jp/articles/-/1940009,https://www.okinawatimes.co.jp/,ok,,
2026-10-08,2026-10-08T02:04:48.862856+09:00,地方紙,沖縄,沖縄タイムス,在沖米軍、48時間の通常運用停止始まる 普天間飛行場のオスプレイにカバー【動画あり】12:51#米軍普天間飛行場,https://www.okinawatimes.co.jp/articles/-/1939660,https://www.okinawatimes.co.jp/,ok,,
2026-10-08,2026-10-08T02:04:48.862856+09:00,地方紙,沖縄,沖縄タイムス,医師「緊急事態だ」 インフル流行の沖縄、中部3病院が救急受け入れ制限 連日満床の病院も8:28#インフルエンザ,https://www.okinawatimes.co.jp/articles/-/1939440,https://www.okinawatimes.co.jp/,ok,,
2026-10-08,2026-10-08T02:04:48.862856+09:00,地方紙,沖縄,沖縄タイムス,虐殺やまないパレスチナ、不正義に抵抗「沖縄とたくさんの苦悩を共有」 ドキュメンタリー映画「Women in Struggle」ホーリー監督4:00有料#パレスチナ,https://www.okinawatimes.co.jp/articles/-/1939496,https://www.okinawatimes.co.jp/,ok,,
2026-10-08,2026-10-08T02:04:48.862856+09:00,地方紙,沖縄,沖縄タイムス,矢野恵美さん、日本学術会議会員に選出 琉球大学大学院教授 沖縄から38年ぶりで女性初3:58有料#琉球大学,https://www.okinawatimes.co.jp/articles/-/1939442,https://www.okinawatimes.co.jp/,ok,,
2026-10-08,2026-10-08T02:04:48.862856+09:00,地方紙,沖縄,沖縄タイムス,代々続く造り酒屋を継ぐはずだった 変えたのは目に見えない「小さな巨人」 農学博士・小泉武夫さん「日本の発酵文化を次世代に」3:59有料#小泉武夫,https://www.okinawatimes.co.jp/articles/-/1939335,https://www.okinawatimes.co.jp/,ok,,
2026-10-08,2026-10-08T02:04:48.862856+09:00,地方紙,沖縄,沖縄タイムス,知事や議長先頭に保革超え県民大会を 米兵逮捕の那覇強盗殺人事件【元金武町長インタビュー】3:59有料#構造的暴力の隣で,https://www.okinawatimes.co.jp/articles/-/1939452,https://www.okinawatimes.co.jp/,ok,,
2026-10-08,2026-10-08T02:04:48.862856+09:00,地方紙,沖縄,沖縄タイムス,古謝知事「米軍の綱紀粛正、全く機能していない」 小泉防衛相に抗議 米兵逮捕の強盗殺人事件11:01有料#古謝県政始動,https://www.okinawatimes.co.jp/articles/-/1939672,https://www.okinawatimes.co.jp/,ok,,
2026-10-08,2026-10-08T02:04:48.862856+09:00,地方紙,沖縄,沖縄タイムス,父が見せなかった「陸軍大尉の顔」、神風は吹いたけれども... 死後70年、仏壇の奥から見つかったノートにつづられていた戦争の敗因11:30有料#全国の社会,https://www.okinawatimes.co.jp/articles/-/1939709,https://www.okinawatimes.co.jp/,ok,,
2026-10-08,2026-10-08T02:04:48.862856+09:00,地方紙,沖縄,沖縄タイムス,【沖縄の社食潜入】都市建築設計 8種類のおかずが並ぶビュッフェで広がる交流10:00#社員食堂,https://www.okinawatimes.co.jp/articles/-/1939079,https://www.okinawatimes.co.jp/,ok,,
2026-10-08,2026-10-08T02:04:48.862856+09:00,地方紙,沖縄,沖縄タイムス,入室後短時間で退室か 沖縄県警、周辺の防犯カメラなどで足取り解析 強盗殺人容疑の米兵7:34有料#米軍の事件・事故,https://www.okinawatimes.co.jp/articles/-/1939451,https://www.okinawatimes.co.jp/,ok,,
2026-10-08,2026-10-08T02:04:48.862856+09:00,地方紙,沖縄,沖縄タイムス,古謝知事、SNSでの被害者への中傷に「慎んでいただきたい」 米兵逮捕の強盗殺人事件10:36#古謝玄太,https://www.okinawatimes.co.jp/articles/-/1939454,https://www.okinawatimes.co.jp/,ok,,
2026-10-08,2026-10-08T02:04:48.862856+09:00,地方紙,沖縄,沖縄タイムス,【ノーベル物理学賞】幽霊粒子で宇宙起源に迫る 千葉大研究者も貢献 国際共同研究プロジェクト「アイスキューブ」10:16有料#プライムスペシャル,https://www.okinawatimes.co.jp/articles/-/1939635,https://www.okinawatimes.co.jp/,ok,,
2026-10-08,2026-10-08T02:04:48.862856+09:00,地方紙,沖縄,沖縄タイムス,在沖米軍、7日正午から48時間の通常運用を停止 基地内外で飲酒禁止、30日間は夜間外出も制限 米兵事件受け措置4:49有料#在沖米軍,https://www.okinawatimes.co.jp/articles/-/1939507,https://www.okinawatimes.co.jp/,ok,,
2026-10-08,2026-10-08T02:04:48.862856+09:00,地方紙,沖縄,沖縄タイムス,沖縄タイムス社はSNS時代の選挙報道指針を策定しました,https://www.okinawatimes.co.jp/articles/-/1912094,https://www.okinawatimes.co.jp/,ok,,
2026-10-08,2026-10-08T02:04:48.862856+09:00,地方紙,沖縄,沖縄タイムス,東恩納盛雄 さんがコメント(10月7日 16:36),https://www.okinawatimes.co.jp/articles/-/1939489,https://www.okinawatimes.co.jp/,ok,,
2026-10-08,2026-10-08T02:04:48.862856+09:00,地方紙,沖縄,沖縄タイムス,東恩納盛雄 さんがコメント(10月7日 16:18),https://www.okinawatimes.co.jp/articles/-/1939247,https://www.okinawatimes.co.jp/,ok,,
2026-10-08,2026-10-08T02:04:48.862856+09:00,その他メディア,,フジテレビ,"高市総理“予算カット発言""に初言及 国会論戦 代表質問始まる",https://www.fnn.jp/articles/-/1128773,https://news.ceek.jp/search.cgi?category_id=politics&feed=1,ok,,政治
2026-10-08,2026-10-08T02:04:48.862856+09:00,全国紙,全国,日本経済新聞,7日の高市首相の動静,https://www.nikkei.com/article/DGXZQOUA074ZX0X01C26A0000000/,https://news.ceek.jp/search.cgi?category_id=politics&feed=1,ok,,政治
2026-10-08,2026-10-08T02:04:48.862856+09:00,全国紙,全国,日本経済新聞,7日の衆院代表質問詳報,https://www.nikkei.com/article/DGXZQOUA07BGL0X01C26A0000000/,https://news.ceek.jp/search.cgi?category_id=politics&feed=1,ok,,政治
2026-10-08,2026-10-08T02:04:48.862856+09:00,その他メディア,,日本テレビ,高市首相、ノーベル化学賞受賞決定の硤合憲三名誉教授に電話 祝意伝える,https://news.ntv.co.jp/category/politics/83cfa696eb034533a02333059dc6e3d2,https://news.ceek.jp/search.cgi?category_id=politics&feed=1,ok,,政治
2026-10-08,2026-10-08T02:04:48.862856+09:00,その他メディア,,時事通信,ウクライナのJT工場に攻撃 9月にも2回被害、操業停止中―ロシア,https://www.jiji.com/jc/article?k=2026100701159&g=pol,https://news.ceek.jp/search.cgi?category_id=politics&feed=1,ok,,政治
2026-10-08,2026-10-08T02:04:48.862856+09:00,全国紙,全国,産経新聞,「日本人としてとても誇り」高市早苗首相、ノーベル化学賞の硤合憲三さんに電話で祝意,https://www.sankei.com/article/20261007-VKQC5SJHIZJLNDGJUWNS7LA2TI/,https://news.ceek.jp/search.cgi?category_id=politics&feed=1,ok,,政治
2026-10-08,2026-10-08T02:04:48.862856+09:00,その他メディア,,NHK,"国会 代表質問始まる 野党 簗農相“予算カット""発言など追及",https://news.web.nhk/newsweb/na/nd-20261007de56108,https://news.ceek.jp/search.cgi?category_id=politics&feed=1,ok,,政治
2026-10-08,2026-10-08T02:04:48.862856+09:00,その他メディア,,NHK,高市首相 ノーベル化学賞の硤合憲三さんに電話で祝意伝える,https://news.web.nhk/newsweb/na/nd-20261007de56163,https://news.ceek.jp/search.cgi?category_id=politics&feed=1,ok,,政治
2026-10-08,2026-10-08T02:04:48.862856+09:00,全国紙,全国,産経新聞,衆院代表質問 高市首相、消費減税「最善の方法」 臨時国会の論戦開始,https://www.sankei.com/article/20261007-HW6KMMHBDBPFLN7IZDSS3TR7BY/,https://news.ceek.jp/search.cgi?category_id=politics&feed=1,ok,,政治
2026-10-08,2026-10-08T02:04:48.862856+09:00,全国紙,全国,日本経済新聞,スタートアップ参入促進へ5000億円 自民の防衛産業議連が提言案,https://www.nikkei.com/article/DGXZQOUA0777R0X01C26A0000000/,https://news.ceek.jp/search.cgi?category_id=politics&feed=1,ok,,政治
2026-10-08,2026-10-08T02:04:48.862856+09:00,全国紙,全国,日本経済新聞,衆院予算委13・14両日開催 首相出席、自民・中道が合意,https://www.nikkei.com/article/DGXZQOUA07BH20X01C26A0000000/,https://news.ceek.jp/search.cgi?category_id=politics&feed=1,ok,,政治
2026-10-08,2026-10-08T02:04:48.862856+09:00,全国紙,全国,日本経済新聞,基金の滞留資金を国庫返納 政府の歳出入改革案が判明、減税財源に,https://www.nikkei.com/article/DGXZQOUA07AGT0X01C26A0000000/,https://news.ceek.jp/search.cgi?category_id=politics&feed=1,ok,,政治
2026-10-08,2026-10-08T02:04:48.862856+09:00,その他メディア,,フジテレビ,ノーベル化学賞の東京理科大・硤合憲三氏に高市総理が祝意の電話「日本人としてとても誇りに思っている」,https://www.fnn.jp/articles/-/1128754,https://news.ceek.jp/search.cgi?category_id=politics&feed=1,ok,,政治
2026-10-08,2026-10-08T02:04:48.862856+09:00,全国紙,全国,読売新聞,高市首相、ノーベル化学賞受賞の硤合名誉教授に電話で祝意「日本人としてとても誇りに思っている」,https://www.yomiuri.co.jp/politics/20261007-GYT1T00280/,https://news.ceek.jp/search.cgi?category_id=politics&feed=1,ok,,政治
2026-10-08,2026-10-08T02:04:48.862856+09:00,その他メディア,,日本テレビ,【動画】ノーベル化学賞に選出 東京理科大・硤合憲三氏と高市首相が電話,https://news.ntv.co.jp/category/politics/bb2ead09c3de44e0ac349d197adbcbb9,https://news.ceek.jp/search.cgi?category_id=politics&feed=1,ok,,政治
2026-10-08,2026-10-08T02:04:48.862856+09:00,全国紙,全国,日本経済新聞,木原官房長官、在沖縄米軍の活動停止措置「迅速な対応の表れ」,https://www.nikkei.com/article/DGXZQOUA072XU0X01C26A0000000/,https://news.ceek.jp/search.cgi?category_id=politics&feed=1,ok,,政治
2026-10-08,2026-10-08T02:04:48.862856+09:00,全国紙,全国,日本経済新聞,公明・岡本代表「財源に責任」代表質問で 政府系ファンド推進は維持,https://www.nikkei.com/article/DGXZQOUA0778T0X01C26A0000000/,https://news.ceek.jp/search.cgi?category_id=politics&feed=1,ok,,政治
2026-10-08,2026-10-08T02:04:48.862856+09:00,全国紙,全国,日本経済新聞,中西祐介・官房副長官、サイバー攻撃続出「被害全体像把握に努める」,https://www.nikkei.com/article/DGXZQOUA0789D0X01C26A0000000/,https://news.ceek.jp/search.cgi?category_id=politics&feed=1,ok,,政治
2026-10-08,2026-10-08T02:04:48.862856+09:00,その他メディア,,NHK,衆院予算委 2日間の質疑で合意 自民・民改の国対委員長会談で,https://news.web.nhk/newsweb/na/nd-20261007de56144,https://news.ceek.jp/search.cgi?category_id=politics&feed=1,ok,,政治
2026-10-08,2026-10-08T02:04:48.862856+09:00,全国紙,全国,産経新聞,香港民主派団体の元幹部が上訴 天安門事件を追悼 禁錮7年3月の1審判決に不服,https://www.sankei.com/article/20261007-MLIIX2Z7PJMO5HFBNDMRFFGEAA/,https://news.ceek.jp/search.cgi?category_id=politics&feed=1,ok,,政治
2026-10-08,2026-10-08T02:04:48.862856+09:00,全国紙,全国,産経新聞,衆院予算委13、14両日で開催 高市早苗首相出席、自民・中道が合意,https://www.sankei.com/article/20261007-44MFLAX7OVJGLDTNSITHSZLHJ4/,https://news.ceek.jp/search.cgi?category_id=politics&feed=1,ok,,政治
2026-10-08,2026-10-08T02:04:48.862856+09:00,その他メディア,,日本テレビ,国会で代表質問始まる 野党側、簗農水相発言も追及 高市首相「政治的支持・不支持持ち込まず」,https://news.ntv.co.jp/category/politics/39159b8dfec848538cb5bd03983489e1,https://news.ceek.jp/search.cgi?category_id=politics&feed=1,ok,,政治
2026-10-08,2026-10-08T02:04:48.862856+09:00,全国紙,全国,読売新聞,中国の副報道局長が「高市早苗」と呼び捨て、「一国の指導者にしかるべき敬意を」と北村外務報道官が申し入れ,https://www.yomiuri.co.jp/politics/20261007-GYT1T00236/,https://news.ceek.jp/search.cgi?category_id=politics&feed=1,ok,,政治
2026-10-08,2026-10-08T02:04:48.862856+09:00,全国紙,全国,毎日新聞,消費減税実現へ突き進む高市首相 焦点を絞る背景に何が,https://mainichi.jp/articles/20261007/k00/00m/010/349000c,https://news.ceek.jp/search.cgi?category_id=politics&feed=1,ok,,政治
2026-10-08,2026-10-08T02:04:48.862856+09:00,その他メディア,,フジテレビ,予算配分「政治的立場持ち込まず」 簗農水大臣「予算カット発言」に総理 当時の副大臣「意向影響しない」 野党は追及続ける構え,https://www.fnn.jp/articles/-/1128735,https://news.ceek.jp/search.cgi?category_id=politics&feed=1,ok,,政治
2026-10-08,2026-10-08T02:04:48.862856+09:00,その他メディア,,日本テレビ,"簗農水相“道路予算カット発言""改めて釈明 国交省へ問い合わせも“働きかけなし"" 野党が厳しく追及...高市首相が初言及",https://news.ntv.co.jp/category/politics/d1072825f9a44a8cabb06e666e80bd56,https://news.ceek.jp/search.cgi?category_id=politics&feed=1,ok,,政治
2026-10-08,2026-10-08T02:04:48.862856+09:00,その他メディア,,フジテレビ,"“予算カット""の自治体を現地取材 工事ストップで狭い道路を拡張できず 簗大臣の発言に住民は「議員として失格」",https://www.fnn.jp/articles/-/1128554,https://news.ceek.jp/search.cgi?category_id=politics&feed=1,ok,,政治
2026-10-08,2026-10-08T02:04:48.862856+09:00,全国紙,全国,毎日新聞,衆院予算委は13、14日で与野党合意 質問時間の配分で難航も,https://mainichi.jp/articles/20261007/k00/00m/010/342000c,https://news.ceek.jp/search.cgi?category_id=politics&feed=1,ok,,政治
2026-10-08,2026-10-08T02:04:48.862856+09:00,全国紙,全国,朝日新聞,「食料品消費税ゼロ」から「給付」へ 立憲が方針転換、物価高対策で,https://www.asahi.com/articles/ASVB73S2XVB7UTFK017M.html,https://news.ceek.jp/search.cgi?category_id=politics&feed=1,ok,,政治
2026-10-08,2026-10-08T02:04:48.862856+09:00,全国紙,全国,毎日新聞,石破前首相、消費減税「財政毀損で物価上がる」 毎日フォーラム,https://mainichi.jp/articles/20261007/k00/00m/010/333000c,https://news.ceek.jp/search.cgi?category_id=politics&feed=1,ok,,政治
2026-10-08,2026-10-08T02:04:48.862856+09:00,全国紙,全国,読売新聞,高市首相、代表質問で簗農相「予算カット」発言巡り「政治的な支持・不支持を持ち込まないのは当然だ」,https://www.yomiuri.co.jp/politics/20261007-GYT1T00259/,https://news.ceek.jp/search.cgi?category_id=politics&feed=1,ok,,政治
2026-10-08,2026-10-08T02:04:48.862856+09:00,その他メディア,,NHK,"立民 消費税減税めぐり""今年度中に迅速給付を"" 考え方まとめる",https://news.web.nhk/newsweb/na/nd-20261007de56110,https://news.ceek.jp/search.cgi?category_id=politics&feed=1,ok,,政治
2026-10-08,2026-10-08T02:04:48.862856+09:00,全国紙,全国,朝日新聞,簗農水相の発言問題、語らぬ高市首相 肝いり人事が政治不信の火種に,https://www.asahi.com/articles/ASVB73R1TVB7UTFK008M.html,https://news.ceek.jp/search.cgi?category_id=politics&feed=1,ok,,政治
2026-10-08,2026-10-08T02:04:48.862856+09:00,その他メディア,,フジテレビ,"「総入れ替えが必要」福岡県議選にネットメディアが“推薦候補""10人擁立へ 選挙スクールで育成・支援「非自民・非民主の連携必要」福岡",https://www.fnn.jp/articles/-/1128727,https://news.ceek.jp/search.cgi?category_id=politics&feed=1,ok,,政治
2026-10-08,2026-10-08T02:04:48.862856+09:00,その他メディア,,Abema TIMES,"簗大臣なぜ“2市町だけ""問い合わせ 高市総理が初言及",https://times.abema.tv/articles/-/10277936?page=1,https://news.ceek.jp/search.cgi?category_id=politics&feed=1,ok,,政治
2026-10-08,2026-10-08T02:04:48.862856+09:00,その他メディア,,テレビ朝日,"簗大臣なぜ“2市町だけ""問い合わせ 高市総理が初言及",https://news.tv-asahi.co.jp/news_politics/articles/900201342.html,https://news.ceek.jp/search.cgi?category_id=politics&feed=1,ok,,政治
2026-10-08,2026-10-08T02:04:48.862856+09:00,全国紙,全国,毎日新聞,高市首相「日米で再発防止協議」 那覇・強殺事件受け沖縄知事に,https://mainichi.jp/articles/20261007/k00/00m/010/328000c,https://news.ceek.jp/search.cgi?category_id=politics&feed=1,ok,,政治
2026-10-08,2026-10-08T02:04:48.862856+09:00,その他メディア,,共同通信,立民、対案に給付付き控除 政府の消費減税方針巡り,https://www.47news.jp/15050611.html,https://news.ceek.jp/search.cgi?category_id=politics&feed=1,ok,,政治
2026-10-08,2026-10-08T02:04:48.862856+09:00,その他メディア,,デイリースポーツ,立民、対案に給付付き控除,https://www.daily.co.jp/society/politics/2026/10/07/0020904084.shtml,https://news.ceek.jp/search.cgi?category_id=politics&feed=1,ok,,政治
2026-10-08,2026-10-08T02:04:48.862856+09:00,その他メディア,,フジテレビ,富山西高校の存続を求め、地元協議会が知事に要望書を提出,https://www.fnn.jp/articles/-/1128712,https://news.ceek.jp/search.cgi?category_id=politics&feed=1,ok,,政治
2026-10-08,2026-10-08T02:04:48.862856+09:00,その他メディア,,共同通信,【速報】衆院予算委は13、14両日開催,https://www.47news.jp/15050584.html,https://news.ceek.jp/search.cgi?category_id=politics&feed=1,ok,,政治
2026-10-08,2026-10-08T02:04:48.862856+09:00,その他メディア,,共同通信,首相、再発防止へ日米協議 沖縄知事、米兵事件「許せず」,https://www.47news.jp/15050042.html,https://news.ceek.jp/search.cgi?category_id=politics&feed=1,ok,,政治
2026-10-08,2026-10-08T02:04:48.862856+09:00,全国紙,全国,毎日新聞,兵庫・斎藤知事「発言看過できない」 県、フリー記者の入室拒否,https://mainichi.jp/articles/20261007/k00/00m/010/321000c,https://news.ceek.jp/search.cgi?category_id=politics&feed=1,ok,,政治
2026-10-08,2026-10-08T02:04:48.862856+09:00,その他メディア,,フジテレビ,"橋下徹氏 簗農水大臣「予算カット発言」巡り「権力者失格」と断じる さらに“小選挙区で落選""簗大臣起用は「選挙でみそぎを受けてないと思う。高市さんのこの人事はおかしい」批判も",https://www.fnn.jp/articles/-/1128698,https://news.ceek.jp/search.cgi?category_id=politics&feed=1,ok,,政治
2026-10-08,2026-10-08T02:04:48.862856+09:00,その他メディア,,フジテレビ,橋下徹氏「僕も知事だった時に『敵対するんだったら予算減らすぞ』と脅された」と証言 簗農水大臣「予算カット発言」巡り 「全国の市長も知事も何か言われたらメディアやSNSに言えばいい」対処法示す,https://www.fnn.jp/articles/-/1128699,https://news.ceek.jp/search.cgi?category_id=politics&feed=1,ok,,政治
2026-10-08,2026-10-08T02:04:48.862856+09:00,全国紙,全国,毎日新聞,高市首相、簗農相の問題に初言及 消費減税は「最善」 代表質問,https://mainichi.jp/articles/20261007/k00/00m/010/318000c,https://news.ceek.jp/search.cgi?category_id=politics&feed=1,ok,,政治
2026-10-08,2026-10-08T02:04:48.862856+09:00,全国紙,全国,産経新聞,高市首相、農林水産物の海外需要獲得に意欲 イベント出席「販路拡大、産地育成を推進」,https://www.sankei.com/article/20261007-5A6XJD3RVNLI7DDR7QXHZPVGRQ/,https://news.ceek.jp/search.cgi?category_id=politics&feed=1,ok,,政治
2026-10-08,2026-10-08T02:04:48.862856+09:00,全国紙,全国,産経新聞,台湾の李駐日代表が都内の双十節式典で「中国の圧力下で輸出躍進」と経済成長を強調,https://www.sankei.com/article/20261007-COKZ3DD7SZMBNMQYZBB2Z2B3VY/,https://news.ceek.jp/search.cgi?category_id=politics&feed=1,ok,,政治
2026-10-08,2026-10-08T02:04:48.862856+09:00,全国紙,全国,毎日新聞,外務省、中国側の「高市」呼び捨てを批判 「敬意払うのは当然」,https://mainichi.jp/articles/20261007/k00/00m/010/316000c,https://news.ceek.jp/search.cgi?category_id=politics&feed=1,ok,,政治
2026-10-08,2026-10-08T02:04:48.862856+09:00,その他メディア,,フジテレビ,"兵庫・斎藤知事 「人殺し」発言フリー記者の会見参加を拒否 質問相次ぐも「知事として総合的に判断」繰り返し“法的根拠""説明なし 死亡の元局長「懲戒処分受け入れた」知事の発言が火種に",https://www.fnn.jp/articles/-/1128655,https://news.ceek.jp/search.cgi?category_id=politics&feed=1,ok,,政治
2026-10-08,2026-10-08T02:04:48.862856+09:00,その他メディア,,デイリースポーツ,参院とのパイプ役に意欲,https://www.daily.co.jp/society/politics/2026/10/07/0020903948.shtml,https://news.ceek.jp/search.cgi?category_id=politics&feed=1,ok,,政治
2026-10-08,2026-10-08T02:04:48.862856+09:00,その他メディア,,フジテレビ,"鹿児島市議の依頼で職員が4年間""草刈り"" 公金62万円も投入、市が管理組合に損害賠償請求へ",https://www.fnn.jp/articles/-/1128501,https://news.ceek.jp/search.cgi?category_id=politics&feed=1,ok,,政治
2026-10-08,2026-10-08T02:04:48.862856+09:00,全国紙,全国,日本経済新聞,立民税調会長、消費税「2年限定は反対」 非課税世帯の給付が対案,https://www.nikkei.com/article/DGXZQOUA071000X01C26A0000000/,https://news.ceek.jp/search.cgi?category_id=politics&feed=1,ok,,政治
2026-10-08,2026-10-08T02:04:48.862856+09:00,全国紙,全国,日本経済新聞,高市首相、市場動揺なら「歳出歳入見直し」 衆院代表質問,https://www.nikkei.com/article/DGXZQOUA069ZP0W6A001C2000000/,https://news.ceek.jp/search.cgi?category_id=politics&feed=1,ok,,政治
2026-10-08,2026-10-08T02:04:48.862856+09:00,その他メディア,,フジテレビ,福島県知事選挙で郡山市選管が新たな取り組み 入場券を世帯ごとに 投票率アップと経費削減へ,https://www.fnn.jp/articles/-/1128652,https://news.ceek.jp/search.cgi?category_id=politics&feed=1,ok,,政治
2026-10-08,2026-10-08T02:04:48.862856+09:00,その他メディア,,共同通信,参院とのパイプ役に意欲 中西祐介官房副長官が初会見,https://www.47news.jp/15050454.html,https://news.ceek.jp/search.cgi?category_id=politics&feed=1,ok,,政治
2026-10-08,2026-10-08T02:04:48.862856+09:00,全国紙,全国,日本経済新聞,高市首相、核共有「政府として認めず」 原潜は「扱い決まってない」,https://www.nikkei.com/article/DGXZQOUA0784I0X01C26A0000000/,https://news.ceek.jp/search.cgi?category_id=politics&feed=1,ok,,政治
2026-10-08,2026-10-08T02:04:48.862856+09:00,その他メディア,,フジテレビ,8日告示・25日投開票の福島県知事選挙 期日前投票所の設営進む 期日前投票は9日から205カ所で,https://www.fnn.jp/articles/-/1128651,https://news.ceek.jp/search.cgi?category_id=politics&feed=1,ok,,政治
2026-10-08,2026-10-08T02:04:48.862856+09:00,その他メディア,,フジテレビ,老朽化した公共施設 維持更新に多額の経費 須賀川市は初の住民説明会開催 公共施設再編へ 福島,https://www.fnn.jp/articles/-/1128647,https://news.ceek.jp/search.cgi?category_id=politics&feed=1,ok,,政治
2026-10-08,2026-10-08T02:04:48.862856+09:00,その他メディア,,テレビ朝日,外務省「敬意払うのは儀礼上当然」中国に申し入れ 高市総理を異例の呼び捨てで,https://news.tv-asahi.co.jp/news_politics/articles/000538557.html,https://news.ceek.jp/search.cgi?category_id=politics&feed=1,ok,,政治
2026-10-08,2026-10-08T02:04:48.862856+09:00,その他メディア,,フジテレビ,小沢一郎氏が中道改革連合を離党 無所属で活動へ 岩手県,https://www.fnn.jp/articles/-/1128626,https://news.ceek.jp/search.cgi?category_id=politics&feed=1,ok,,政治
2026-10-08,2026-10-08T02:04:48.862856+09:00,その他メディア,,テレビ朝日,自民・小林政調会長「憲法改正発議へ 議論加速を」 緊急事態条項や9条など議論,https://news.tv-asahi.co.jp/news_politics/articles/000538558.html,https://news.ceek.jp/search.cgi?category_id=politics&feed=1,ok,,政治
2026-10-08,2026-10-08T02:04:48.862856+09:00,その他メディア,,NHK,小泉防衛相 スタートアップ企業に防衛産業への参入呼びかけ,https://news.web.nhk/newsweb/na/nd-20261007de56103,https://news.ceek.jp/search.cgi?category_id=politics&feed=1,ok,,政治
2026-10-08,2026-10-08T02:04:48.862856+09:00,その他メディア,,テレビ朝日,沖縄・古謝知事 総理に再発防止訴え,https://news.tv-asahi.co.jp/news_politics/articles/000538576.html,https://news.ceek.jp/search.cgi?category_id=politics&feed=1,ok,,政治
2026-10-08,2026-10-08T02:04:48.862856+09:00,その他メディア,,Abema TIMES,佐々木総理補佐官 簗氏から「圧力はなかった」,https://times.abema.tv/articles/-/10277872?page=1,https://news.ceek.jp/search.cgi?category_id=politics&feed=1,ok,,政治
2026-10-08,2026-10-08T02:04:48.862856+09:00,全国紙,全国,日本経済新聞,簗農相発言が政権の火種に 道路予算、首相「適切な配分徹底」,https://www.nikkei.com/article/DGXZQOUA0671Z0W6A001C2000000/,https://news.ceek.jp/search.cgi?category_id=politics&feed=1,ok,,政治
2026-10-08,2026-10-08T02:04:48.862856+09:00,全国紙,全国,日本経済新聞,安保に重要な土地、政府に立ち入り調査権 監視や電波妨害に対応,https://www.nikkei.com/article/DGXZQOUA0743Y0X01C26A0000000/,https://news.ceek.jp/search.cgi?category_id=politics&feed=1,ok,,政治
2026-10-08,2026-10-08T02:04:48.862856+09:00,全国紙,全国,日本経済新聞,高市早苗首相、非上場株の相続評価「ゼロベースで検討」,https://www.nikkei.com/article/DGXZQOUA076VS0X01C26A0000000/,https://news.ceek.jp/search.cgi?category_id=politics&feed=1,ok,,政治
2026-10-08,2026-10-08T02:04:48.862856+09:00,全国紙,全国,日本経済新聞,政府、中国の高市首相「呼び捨て」に申し入れ,https://www.nikkei.com/article/DGXZQOUA077JJ0X01C26A0000000/,https://news.ceek.jp/search.cgi?category_id=politics&feed=1,ok,,政治
2026-10-08,2026-10-08T02:04:48.862856+09:00,その他メディア,,日本テレビ,高市首相と古謝知事が面会 米兵逮捕の強盗殺人事件受け「抜本的対策を」,https://news.ntv.co.jp/category/politics/868913bdb91e467a92d6071232b67428,https://news.ceek.jp/search.cgi?category_id=politics&feed=1,ok,,政治
2026-10-08,2026-10-08T02:04:48.862856+09:00,その他メディア,,フジテレビ,"“予算カット""発言対象の自治体を現地取材 道路工事がストップし「道路が狭いから危ない」 住民「議員として失格」",https://www.fnn.jp/articles/-/1128505,https://news.ceek.jp/search.cgi?category_id=politics&feed=1,ok,,政治
2026-10-08,2026-10-08T02:04:48.862856+09:00,その他メディア,,フジテレビ,「簗さんを大臣にしたのは、多少すべっちゃった」笹川堯 元自民党総務会長 「1人辞めても高市内閣は盤石」,https://www.fnn.jp/articles/-/1128481,https://news.ceek.jp/search.cgi?category_id=politics&feed=1,ok,,政治
2026-10-08,2026-10-08T02:04:48.862856+09:00,その他メディア,,日本テレビ,【解説】簗農水相問題 国会の代表質問で野党から追及 高市首相がきょう初言及,https://news.ntv.co.jp/category/politics/99feea835bfa498d8b7e35d16faa23d5,https://news.ceek.jp/search.cgi?category_id=politics&feed=1,ok,,政治
2026-10-08,2026-10-08T02:04:48.862856+09:00,その他メディア,,フジテレビ,投票率を上げるには...知事選&松山市長選へ 「選挙コンシェルジュ」が会合で意見交わす【愛媛】,https://www.fnn.jp/articles/-/1128541,https://news.ceek.jp/search.cgi?category_id=politics&feed=1,ok,,政治
2026-10-08,2026-10-08T02:04:48.862856+09:00,全国紙,全国,日本経済新聞,米軍事件、首相「実効性ある措置を日米で協議」 沖縄負担への対処急ぐ,https://www.nikkei.com/article/DGXZQOUA069KT0W6A001C2000000/,https://news.ceek.jp/search.cgi?category_id=politics&feed=1,ok,,政治
2026-10-08,2026-10-08T02:04:48.862856+09:00,全国紙,全国,産経新聞,防衛産業推進へ「独法」新設要求 自民議連、安保3文書改定への提言了承 予算規模数兆円,https://www.sankei.com/article/20261007-Q7C4NUDW4ZOYBJIFPD3SO2LQVQ/,https://news.ceek.jp/search.cgi?category_id=politics&feed=1,ok,,政治
2026-10-08,2026-10-08T02:04:48.862856+09:00,その他メディア,,フジテレビ,【馬毛島基地工事】60代男性作業員が死亡 立ち入り禁止のルールが徹底されず,https://www.fnn.jp/articles/-/1128580,https://news.ceek.jp/search.cgi?category_id=politics&feed=1,ok,,政治
2026-10-08,2026-10-08T02:04:48.862856+09:00,全国紙,全国,産経新聞,簗農水相「適切に処理」 選挙中の運動員買収疑惑 シャトルバスで支援者を無料送迎,https://www.sankei.com/article/20261007-V3GJUMRYLRJ35JSF6LH6T7J7YE/,https://news.ceek.jp/search.cgi?category_id=politics&feed=1,ok,,政治
2026-10-08,2026-10-08T02:04:48.862856+09:00,その他メディア,,デイリースポーツ,維新・藤田氏「定数45削減を」,https://www.daily.co.jp/society/politics/2026/10/07/0020903722.shtml,https://news.ceek.jp/search.cgi?category_id=politics&feed=1,ok,,政治
2026-10-08,2026-10-08T02:04:48.862856+09:00,その他メディア,,共同通信,為替相場 8日(日本時間 1時),https://www.47news.jp/15046141.html,https://news.ceek.jp/search.cgi?category_id=business&feed=1,ok,,経済
2026-10-08,2026-10-08T02:04:48.862856+09:00,全国紙,全国,日本経済新聞,東京と地方の財政格差、08年度以来の大きさ 総務省が再配分拡大検討,https://www.nikkei.com/article/DGXZQOUA023FH0S6A001C2000000/,https://news.ceek.jp/search.cgi?category_id=business&feed=1,ok,,経済
2026-10-08,2026-10-08T02:04:48.862856+09:00,全国紙,全国,日本経済新聞,国債バブルは続くのか,https://www.nikkei.com/article/DGXZQOUB30AVQ0Q6A930C2000000/,https://news.ceek.jp/search.cgi?category_id=business&feed=1,ok,,経済
2026-10-08,2026-10-08T02:04:48.862856+09:00,全国紙,全国,日本経済新聞,ミューズが促すAI相場、CPU関連に恩恵 サブスク銘柄には脅威,https://www.nikkei.com/article/DGXZQOUB30C0R0Q6A930C2000000/,https://news.ceek.jp/search.cgi?category_id=business&feed=1,ok,,経済
2026-10-08,2026-10-08T02:04:48.862856+09:00,全国紙,全国,日本経済新聞,核融合のヘリカル、32億円調達 富士電機やフジクラと実験炉開発へ,https://www.nikkei.com/article/DGXZQOUC070OZ0X01C26A0000000/,https://news.ceek.jp/search.cgi?category_id=business&feed=1,ok,,経済
2026-10-08,2026-10-08T02:04:48.862856+09:00,全国紙,全国,日本経済新聞,全固体電池、EVの普及遅れに焦り 台湾大手はAI・航空向けを開拓,https://www.nikkei.com/article/DGXZQOUC242I90U6A920C2000000/,https://news.ceek.jp/search.cgi?category_id=business&feed=1,ok,,経済
2026-10-08,2026-10-08T02:04:48.862856+09:00,全国紙,全国,日本経済新聞,海上物流の課題、海運の競争条件を海外並みに 松田琢磨氏,https://www.nikkei.com/article/DGXZQOCD140KQ0U6A910C2000000/,https://news.ceek.jp/search.cgi?category_id=business&feed=1,ok,,経済
2026-10-08,2026-10-08T02:04:48.862856+09:00,全国紙,全国,日本経済新聞,デサント、高付加価値戦略で4万円ゴルフウエア 「売れない」の声覆す,https://www.nikkei.com/article/DGXZQOUC286Q60Y6A920C2000000/,https://news.ceek.jp/search.cgi?category_id=business&feed=1,ok,,経済
2026-10-08,2026-10-08T02:04:48.862856+09:00,全国紙,全国,日本経済新聞,ロンドン外為7日 ユーロ売り再開、フランス懸念や原油上昇が重荷,https://www.nikkei.com/article/DGXZQOFL07C480X01C26A0000000/,https://news.ceek.jp/search.cgi?category_id=business&feed=1,ok,,経済
2026-10-08,2026-10-08T02:04:48.862856+09:00,その他メディア,,TBSテレビ,"「日本のセキュリティは世界最悪」国際ハッカー集団・Qilinが単独取材で指摘した日本の脆弱性 もし“暴走AI""がハッキングしたら...【news23】",https://newsdig.tbs.co.jp/articles/-/2997220?display=1,https://news.ceek.jp/search.cgi?category_id=business&feed=1,ok,,経済
2026-10-08,2026-10-08T02:04:48.862856+09:00,その他メディア,,ブルームバーグ,ビットコイン下落、一時2.8%安-ロング中心のポジション清算で下げ加速,https://www.bloomberg.com/jp/news/articles/2026-10-07/TMJLHUT9NJLS00,https://news.ceek.jp/search.cgi?category_id=business&feed=1,ok,,経済
2026-10-08,2026-10-08T02:04:48.862856+09:00,その他メディア,,Abema TIMES,"縮小続くビール市場でカルテルか...ビール大手4社に“強制調査""刑事告発も視野に",https://times.abema.tv/articles/-/10277997?page=1,https://news.ceek.jp/search.cgi?category_id=business&feed=1,ok,,経済
2026-10-08,2026-10-08T02:04:48.862856+09:00,その他メディア,,ロイター,ユーロ圏インフレ、波及効果見られず=ポルトガル中銀総裁,https://www.reuters.com/jp/markets/japan/TRQN2U6XOBI4LFA6ELYWGC25R4-2026-10-07/,https://news.ceek.jp/search.cgi?category_id=business&feed=1,ok,,経済
2026-10-08,2026-10-08T02:04:48.862856+09:00,その他メディア,,テレビ朝日,"縮小続くビール市場でカルテルか...ビール大手4社に“強制調査""刑事告発も視野に",https://news.tv-asahi.co.jp/news_economy/articles/900201382.html,https://news.ceek.jp/search.cgi?category_id=business&feed=1,ok,,経済
2026-10-08,2026-10-08T02:04:48.862856+09:00,その他メディア,,ブルームバーグ,成功報酬20%では不満、「スーパーキャリー」要求する運用会社が増加,https://www.bloomberg.com/jp/news/articles/2026-10-07/TMJIOMKJH6V400,https://news.ceek.jp/search.cgi?category_id=business&feed=1,ok,,経済
2026-10-08,2026-10-08T02:04:48.862856+09:00,全国紙,全国,読売新聞,インド準備銀行、政策金利を3年8か月ぶりに引き上げ5・5%に...「段階的な引き締め」にスタンス変更,https://www.yomiuri.co.jp/economy/20261008-GYT1T00018/,https://news.ceek.jp/search.cgi?category_id=business&feed=1,ok,,経済
2026-10-08,2026-10-08T02:04:48.862856+09:00,その他メディア,,フジテレビ,「暑さ」「寒さ」を1着で 25度の寒暖差に対応,https://www.fnn.jp/articles/-/1128777,https://news.ceek.jp/search.cgi?category_id=business&feed=1,ok,,経済
2026-10-08,2026-10-08T02:04:48.862856+09:00,その他メディア,,フジテレビ,Suicaで高額決済も 「teppay」10月20日スタート,https://www.fnn.jp/articles/-/1128776,https://news.ceek.jp/search.cgi?category_id=business&feed=1,ok,,経済
2026-10-08,2026-10-08T02:04:48.862856+09:00,その他メディア,,日本テレビ,ビール大手4社「カルテル」疑い...長年にわたり価格を調整か 一斉値上げも 公取委が強制調査,https://news.ntv.co.jp/category/economy/71b6f678bf294827a0d72c40cdf77635,https://news.ceek.jp/search.cgi?category_id=business&feed=1,ok,,経済
2026-10-08,2026-10-08T02:04:48.862856+09:00,その他メディア,,フジテレビ,ニッスイ子会社出荷できず システム障害 復旧メドたたず,https://www.fnn.jp/articles/-/1128775,https://news.ceek.jp/search.cgi?category_id=business&feed=1,ok,,経済
2026-10-08,2026-10-08T02:04:48.862856+09:00,その他メディア,,TBSテレビ,「タイムズカー」個人情報流出 集団訴訟の準備サイトに約6万4000人が登録 不正アクセスで約660万件の情報漏えい,https://newsdig.tbs.co.jp/articles/-/2997202?display=1,https://news.ceek.jp/search.cgi?category_id=business&feed=1,ok,,経済
2026-10-08,2026-10-08T02:04:48.862856+09:00,その他メディア,,NHK,原子力人材確保へ 官民が共同で新団体を設立,https://news.web.nhk/newsweb/na/nd-20261007de56174,https://news.ceek.jp/search.cgi?category_id=business&feed=1,ok,,経済
2026-10-08,2026-10-08T02:04:48.862856+09:00,その他メディア,,NHK,TOPIX改革で構成銘柄が変更 銘柄数は大きく減少へ,https://news.web.nhk/newsweb/na/nd-20261007de56177,https://news.ceek.jp/search.cgi?category_id=business&feed=1,ok,,経済
2026-10-08,2026-10-08T02:04:48.862856+09:00,その他メディア,,ロイター,イエメン避難民20万人超、フーシ派と政府軍の戦闘激化で=IOM,https://www.reuters.com/jp/economy/5JMSGNKY4VIQ7CQ2JPBV3JJW2E-2026-10-07/,https://news.ceek.jp/search.cgi?category_id=business&feed=1,ok,,経済
2026-10-08,2026-10-08T02:04:48.862856+09:00,全国紙,全国,日本経済新聞,NYダウ反落、一時500ドル安 金利上昇でハイテク・景気敏感株に売り,https://www.nikkei.com/article/DGXZQOFL07BZV0X01C26A0000000/,https://news.ceek.jp/search.cgi?category_id=business&feed=1,ok,,経済
2026-10-08,2026-10-08T02:04:48.862856+09:00,その他メディア,,TBSテレビ,食品大手ニッスイ 物流子会社が不正アクセスによりシステム障害 入出荷作業できず,https://newsdig.tbs.co.jp/articles/-/2997196?display=1,https://news.ceek.jp/search.cgi?category_id=business&feed=1,ok,,経済
2026-10-08,2026-10-08T02:04:48.862856+09:00,その他メディア,,TBSテレビ,ソフトバンク子会社 IDCフロンティアのクラウドに不正アクセス 495の企業や自治体に影響,https://newsdig.tbs.co.jp/articles/-/2997195?display=1,https://news.ceek.jp/search.cgi?category_id=business&feed=1,ok,,経済
2026-10-08,2026-10-08T02:04:48.862856+09:00,その他メディア,,デイリースポーツ,NY株、反落して始まる,https://www.daily.co.jp/society/economics/2026/10/07/0020904941.shtml,https://news.ceek.jp/search.cgi?category_id=business&feed=1,ok,,経済
2026-10-08,2026-10-08T02:04:48.862856+09:00,その他メディア,,共同通信,NY株、反落して始まる,https://www.47news.jp/15051263.html,https://news.ceek.jp/search.cgi?category_id=business&feed=1,ok,,経済
2026-10-08,2026-10-08T02:04:48.862856+09:00,全国紙,全国,日本経済新聞,米国株、ダウ反落で始まる 金利上昇でハイテク・景気敏感に売り,https://www.nikkei.com/article/DGXZQOFL07BLU0X01C26A0000000/,https://news.ceek.jp/search.cgi?category_id=business&feed=1,ok,,経済
2026-10-08,2026-10-08T02:04:48.862856+09:00,その他メディア,,共同通信,【速報】NY株、反落して始まる,https://www.47news.jp/15051208.html,https://news.ceek.jp/search.cgi?category_id=business&feed=1,ok,,経済
2026-10-08,2026-10-08T02:04:48.862856+09:00,全国紙,全国,産経新聞,ニデックに株式の非公開化検討を要請 「物言う株主」のオアシス,https://www.sankei.com/article/20261007-QSMDHHHVEBMK7OBM74U5ELX4TI/,https://news.ceek.jp/search.cgi?category_id=business&feed=1,ok,,経済
2026-10-08,2026-10-08T02:04:48.862856+09:00,その他メディア,,ブルームバーグ,米長期債への売り再燃、30年債利回り02年以来の高水準-原油高に反応,https://www.bloomberg.com/jp/news/articles/2026-10-07/TMJGMOT3BZMW00,https://news.ceek.jp/search.cgi?category_id=business&feed=1,ok,,経済
2026-10-08,2026-10-08T02:04:48.862856+09:00,その他メディア,,共同通信,株式の非公開化検討を要請 オアシス、ニデックに,https://www.47news.jp/15051198.html,https://news.ceek.jp/search.cgi?category_id=business&feed=1,ok,,経済
2026-10-08,2026-10-08T02:04:48.862856+09:00,その他メディア,,デイリースポーツ,株式の非公開化検討を要請,https://www.daily.co.jp/society/economics/2026/10/07/0020904814.shtml,https://news.ceek.jp/search.cgi?category_id=business&feed=1,ok,,経済
2026-10-08,2026-10-08T02:04:48.862856+09:00,その他メディア,,共同通信,【速報】オアシス、ニデックに株式非公開化検討要請,https://www.47news.jp/15051181.html,https://news.ceek.jp/search.cgi?category_id=business&feed=1,ok,,経済
2026-10-08,2026-10-08T02:04:48.862856+09:00,全国紙,全国,日本経済新聞,ビールのカルテル疑惑、「裏会合」で価格調整か 営業部門の課長級参加,https://www.nikkei.com/article/DGXZQOUD0258K0S6A001C2000000/,https://news.ceek.jp/search.cgi?category_id=business&feed=1,ok,,経済
2026-10-08,2026-10-08T02:04:48.862856+09:00,全国紙,全国,日本経済新聞,ビール1.6兆円市場にカルテル疑惑、共倒れ回避か 減税商戦に冷や水,https://www.nikkei.com/article/DGXZQOUB032WC0T01C26A0000000/,https://news.ceek.jp/search.cgi?category_id=business&feed=1,ok,,経済
2026-10-08,2026-10-08T02:04:48.862856+09:00,全国紙,全国,日本経済新聞,ソフトバンク系に不正アクセス 茨城県庁など495社・自治体に影響,https://www.nikkei.com/article/DGXZQOUC076WG0X01C26A0000000/,https://news.ceek.jp/search.cgi?category_id=business&feed=1,ok,,経済
2026-10-08,2026-10-08T02:04:48.862856+09:00,全国紙,全国,日本経済新聞,中国アンタが独プーマ株29%取得完了、筆頭株主に スポーツ用品大手,https://www.nikkei.com/article/DGXZQOGM07BAQ0X01C26A0000000/,https://news.ceek.jp/search.cgi?category_id=business&feed=1,ok,,経済
2026-10-08,2026-10-08T02:04:48.862856+09:00,その他メディア,,テレビ朝日,食品大手ニッスイ グループ会社への不正アクセスで入荷・出荷できず,https://news.tv-asahi.co.jp/news_economy/articles/000538550.html,https://news.ceek.jp/search.cgi?category_id=business&feed=1,ok,,経済
2026-10-08,2026-10-08T02:04:48.862856+09:00,その他メディア,,デイリースポーツ,NY円、158円台前半,https://www.daily.co.jp/society/economics/2026/10/07/0020904658.shtml,https://news.ceek.jp/search.cgi?category_id=business&feed=1,ok,,経済
2026-10-08,2026-10-08T02:04:48.862856+09:00,その他メディア,,共同通信,NY円、158円台前半,https://www.47news.jp/15051086.html,https://news.ceek.jp/search.cgi?category_id=business&feed=1,ok,,経済
2026-10-08,2026-10-08T02:04:48.862856+09:00,その他メディア,,TBSテレビ,相次ぐ情報漏えいをうけてシステムの安全管理強化など緊急の注意喚起 個人情報保護委員会,https://newsdig.tbs.co.jp/articles/-/2997153?display=1,https://news.ceek.jp/search.cgi?category_id=business&feed=1,ok,,経済
2026-10-08,2026-10-08T02:04:48.862856+09:00,全国紙,全国,日本経済新聞,ビール大手4社を強制調査 中西官房副長官「公取委が適切に対処」,https://www.nikkei.com/article/DGXZQOUA077YM0X01C26A0000000/,https://news.ceek.jp/search.cgi?category_id=business&feed=1,ok,,経済
2026-10-08,2026-10-08T02:04:48.862856+09:00,その他メディア,,TOKYO MX,"最大7割引きも...「もったいないセール」で家計を応援 災害の増加を受け“備蓄品""も",https://s.mxtv.jp/mxnews/article/business/1jz07qepi981bh9hp.html,https://news.ceek.jp/search.cgi?category_id=business&feed=1,ok,,経済
2026-10-08,2026-10-08T02:04:48.862856+09:00,その他メディア,,東洋経済オンライン,ビール大手4社を公取委が強制調査、数年前から値上げ幅などの調整をしたほか価格改定の時期も話し合っていた疑い | 政治・経済・投資,https://toyokeizai.net/articles/-/960443?display=b,https://news.ceek.jp/search.cgi?category_id=business&feed=1,ok,,経済
2026-10-08,2026-10-08T02:04:48.862856+09:00,全国紙,全国,読売新聞,読売333終値、193円安の5万3067円...3営業日ぶりに下落,https://www.yomiuri.co.jp/economy/20261007-GYT1T00292/,https://news.ceek.jp/search.cgi?category_id=business&feed=1,ok,,経済
2026-10-08,2026-10-08T02:04:48.862856+09:00,その他メディア,,東洋経済オンライン,ノーベル化学賞に東京理科大の硤合氏ら、日本人2年連続 「自己触媒作用の発見」 | 政治・経済・投資,https://toyokeizai.net/articles/-/960530?display=b,https://news.ceek.jp/search.cgi?category_id=business&feed=1,ok,,経済
2026-10-08,2026-10-08T02:04:48.862856+09:00,その他メディア,,共同通信,【速報】NY円、158円17~27銭,https://www.47news.jp/15051041.html,https://news.ceek.jp/search.cgi?category_id=business&feed=1,ok,,経済
2026-10-08,2026-10-08T02:04:48.862856+09:00,全国紙,全国,日本経済新聞,ニッスイグループの低温物流企業でシステム障害 商品の入出荷停止,https://www.nikkei.com/article/DGXZQOUC07B2A0X01C26A0000000/,https://news.ceek.jp/search.cgi?category_id=business&feed=1,ok,,経済
2026-10-08,2026-10-08T02:04:48.862856+09:00,その他メディア,,共同通信,【速報】ニッスイ子会社、システム障害で入出荷影響,https://www.47news.jp/15051037.html,https://news.ceek.jp/search.cgi?category_id=business&feed=1,ok,,経済
2026-10-08,2026-10-08T02:04:48.862856+09:00,その他メディア,,東洋経済オンライン,オアシスマネジメント、ニデックに非公開化に向けた初期的な検討を速やかに始めるよう要請 | 政治・経済・投資,https://toyokeizai.net/articles/-/960526?display=b,https://news.ceek.jp/search.cgi?category_id=business&feed=1,ok,,経済
2026-10-08,2026-10-08T02:04:48.862856+09:00,その他メディア,,共同通信,【速報】クラウド障害は495企業、自治体に影響,https://www.47news.jp/15050993.html,https://news.ceek.jp/search.cgi?category_id=business&feed=1,ok,,経済
2026-10-08,2026-10-08T02:04:48.862856+09:00,その他メディア,,ブルームバーグ,米住宅ローン金利7.49%に-7週連続上昇、住宅購入負担増す,https://www.bloomberg.com/jp/news/articles/2026-10-07/TMJAN9T96OSG00,https://news.ceek.jp/search.cgi?category_id=business&feed=1,ok,,経済
2026-10-08,2026-10-08T02:04:48.862856+09:00,その他メディア,,JBpress,フェラーリ「プロサングエ」に追加されたパッケージオプション「ハンドリング・スペチアーレ」を試す,https://jbpress.ismedia.jp/articles/-/97382,https://news.ceek.jp/search.cgi?category_id=business&feed=1,ok,,経済
2026-10-08,2026-10-08T02:04:48.862856+09:00,その他メディア,,TOKYO MX,新聞の印刷工場でキクラゲ!? 縮小する印刷業界が挑む「異色の新ビジネス」とは,https://s.mxtv.jp/mxnews/article/business/1mbphry08gzch0uxr.html,https://news.ceek.jp/search.cgi?category_id=business&feed=1,ok,,経済
2026-10-08,2026-10-08T02:04:48.862856+09:00,その他メディア,,TOKYO MX,新聞の印刷工場でキクラゲ!? 縮小する印刷業界が挑む「異色の新ビジネス」とは,https://s.mxtv.jp/mxnews/article/business/1vpkg4avwadyu0gs8.html,https://news.ceek.jp/search.cgi?category_id=business&feed=1,ok,,経済
2026-10-08,2026-10-08T02:04:48.862856+09:00,その他メディア,,日本テレビ,"お得のウラにはワケがある! 今年ならではの“ワケあり""商品も “研修生カット""で価格高騰の豚肉も最大3割引き",https://news.ntv.co.jp/category/economy/fd8454db87e94542b829160d0d98ae3f,https://news.ceek.jp/search.cgi?category_id=business&feed=1,ok,,経済
2026-10-08,2026-10-08T02:04:48.862856+09:00,その他メディア,,TBSテレビ,「こどもNISA」2027年開始 12歳から引き出しOK・親世代も囲い込み?政府と金融機関の狙い【Nスタ解説】,https://newsdig.tbs.co.jp/articles/-/2996869?display=1,https://news.ceek.jp/search.cgi?category_id=business&feed=1,ok,,経済
2026-10-08,2026-10-08T02:04:48.862856+09:00,全国紙,全国,日本経済新聞,積水ハウス、在来種植樹で生物多様性促進 住宅地の木が10倍の50種に,https://www.nikkei.com/article/DGXZQOUF074LR0X01C26A0000000/,https://news.ceek.jp/search.cgi?category_id=business&feed=1,ok,,経済
2026-10-08,2026-10-08T02:04:48.862856+09:00,その他メディア,,ブルームバーグ,ブレント原油上昇、102ドル近辺-船舶攻撃増加も供給量は底堅く推移,https://www.bloomberg.com/jp/news/articles/2026-10-07/TMJA30T96OSG00,https://news.ceek.jp/search.cgi?category_id=business&feed=1,ok,,経済
2026-10-08,2026-10-08T02:04:48.862856+09:00,その他メディア,,ブルームバーグ,ロシア、今年の軍事費600億ドル上積み-過去最高の31兆円に迫る,https://www.bloomberg.com/jp/news/articles/2026-10-07/TMJ819KK3NYC00,https://news.ceek.jp/search.cgi?category_id=business&feed=1,ok,,経済
2026-10-08,2026-10-08T02:04:48.862856+09:00,全国紙,全国,日本経済新聞,オアシス、ニデックに非公開化検討を要請 「意見不表明に深く失望」,https://www.nikkei.com/article/DGXZQOUF07AFK0X01C26A0000000/,https://news.ceek.jp/search.cgi?category_id=business&feed=1,ok,,経済
2026-10-08,2026-10-08T02:04:48.862856+09:00,その他メディア,,QUICK Money World,マクドナルド、QDレーザ、アストロHDなど35銘柄を新規採用、今後のスケジュールおさらい,https://moneyworld.jp/news/detail?id=220558,https://news.ceek.jp/search.cgi?category_id=business&feed=1,ok,,経済
2026-10-08,2026-10-08T02:04:48.862856+09:00,その他メディア,,ロイター,米30年物住宅ローン金利、約3年ぶり高水準=抵当銀行協会,https://www.reuters.com/jp/markets/japan/F7PTBJIUDRLR5PF6C6NMNGBRBE-2026-10-07/,https://news.ceek.jp/search.cgi?category_id=business&feed=1,ok,,経済
2026-10-08,2026-10-08T02:04:48.862856+09:00,その他メディア,,Abema TIMES,ビール大手4社に強制調査 価格など巡り非公式で会議か,https://times.abema.tv/articles/-/10277937?page=1,https://news.ceek.jp/search.cgi?category_id=business&feed=1,ok,,経済
2026-10-08,2026-10-08T02:04:48.862856+09:00,全国紙,全国,日本経済新聞,「日経賞」にファームノートデーリィ 生成AIサミット閉幕,https://www.nikkei.com/article/DGXZQOUC06B0U0W6A001C2000000/,https://news.ceek.jp/search.cgi?category_id=business&feed=1,ok,,経済
2026-10-08,2026-10-08T02:04:48.862856+09:00,全国紙,全国,日本経済新聞,事業者は不要な個人データ消去を 個情委、漏洩相次ぎ注意喚起,https://www.nikkei.com/article/DGXZQOUA079RG0X01C26A0000000/,https://news.ceek.jp/search.cgi?category_id=business&feed=1,ok,,経済
2026-10-08,2026-10-08T02:04:48.862856+09:00,全国紙,全国,日本経済新聞,住友商事系のノルウェー企業、洋上風力発電支援船を4隻追加発注,https://www.nikkei.com/article/DGXZQOUC079Z20X01C26A0000000/,https://news.ceek.jp/search.cgi?category_id=business&feed=1,ok,,経済
2026-10-08,2026-10-08T02:04:48.862856+09:00,全国紙,全国,日本経済新聞,米サイバーセキュリティー株、上場来高値相次ぐ AI台頭で需要増,https://www.nikkei.com/article/DGXZQOUB072HE0X01C26A0000000/,https://news.ceek.jp/search.cgi?category_id=business&feed=1,ok,,経済
2026-10-08,2026-10-08T02:04:48.862856+09:00,その他メディア,,TBSテレビ,ビール大手4社に強制調査 会合で「値上げ幅の具体的な目標」取り決めか 刑事告発も視野【Nスタ解説】,https://newsdig.tbs.co.jp/articles/-/2997010?display=1,https://news.ceek.jp/search.cgi?category_id=business&feed=1,ok,,経済
2026-10-08,2026-10-08T02:04:48.862856+09:00,その他メディア,,テレビ朝日,ビール大手4社に強制調査 価格など巡り非公式で会議か,https://news.tv-asahi.co.jp/news_economy/articles/900201344.html,https://news.ceek.jp/search.cgi?category_id=business&feed=1,ok,,経済
2026-10-08,2026-10-08T02:04:48.862856+09:00,その他メディア,,TBSテレビ,政府が今年度第2次補正予算案の編成を検討 災害対応などに限定し小規模に,https://newsdig.tbs.co.jp/articles/-/2997076?display=1,https://news.ceek.jp/search.cgi?category_id=business&feed=1,ok,,経済
2026-10-08,2026-10-08T02:04:48.862856+09:00,その他メディア,,TBSテレビ,HIS 最大627人分のパスポート情報流出のおそれ 戸田建設でも不正アクセスで従業員の情報流出,https://newsdig.tbs.co.jp/articles/-/2997073?display=1,https://news.ceek.jp/search.cgi?category_id=business&feed=1,ok,,経済
2026-10-08,2026-10-08T02:04:48.862856+09:00,その他メディア,,ハーバード・ビジネス・レビュー,AIチームとITチームが考え方の違いを乗り越え、連携する方法,https://dhbr.diamond.jp/articles/-/14669,https://news.ceek.jp/search.cgi?category_id=business&feed=1,ok,,経済
2026-10-08,2026-10-08T02:04:48.862856+09:00,その他メディア,,フジテレビ,「信用できない」「仕事をしていない」美浜町議会が関西電力に苦言 配管カバーの取り付けが上下逆...腐食し水漏れ 原子炉を手動停止した美浜原発3号機,https://www.fnn.jp/articles/-/1128708,https://news.ceek.jp/search.cgi?category_id=business&feed=1,ok,,経済
2026-10-08,2026-10-08T02:04:48.862856+09:00,その他メディア,,共同通信,ポルシェ、車種を絞り込み 従業員は最大3割削減目指す,https://www.47news.jp/15050513.html,https://news.ceek.jp/search.cgi?category_id=business&feed=1,ok,,経済
2026-10-08,2026-10-08T02:04:48.862856+09:00,全国紙,全国,毎日新聞,TOPIX構成銘柄、初の入れ替え公表 1600社から1000社へ,https://mainichi.jp/articles/20261007/k00/00m/020/322000c,https://news.ceek.jp/search.cgi?category_id=business&feed=1,ok,,経済
2026-10-08,2026-10-08T02:04:48.862856+09:00,全国紙,全国,産経新聞,東証制度改革で安易な上場減少 1~9月のプライムIPOはゼロ 市場の新陳代謝が加速,https://www.sankei.com/article/20261007-ZNR4DEOJTBIJVHX6VB4QHE6NXQ/,https://news.ceek.jp/search.cgi?category_id=business&feed=1,ok,,経済
2026-10-08,2026-10-08T02:04:48.862856+09:00,全国紙,全国,日本経済新聞,ドコモビジネスとMujin、工場内の映像をAIで解析 作業停滞も検知,https://www.nikkei.com/article/DGXZQOUC077960X01C26A0000000/,https://news.ceek.jp/search.cgi?category_id=business&feed=1,ok,,経済
2026-10-08,2026-10-08T02:04:48.862856+09:00,その他メディア,,フジテレビ,富山地鉄・立山線の再構築へ 駅改修や新型車両など導入案、10年で最大17.6億円,https://www.fnn.jp/articles/-/1128697,https://news.ceek.jp/search.cgi?category_id=business&feed=1,ok,,経済
2026-10-08,2026-10-08T02:04:48.862856+09:00,その他メディア,,あたらしい経済,【10/7話題】イーサリアム「グラムステルダム」がSepoliaで稼働開始、ソラナ財団の金融機関向け決済プログラム、リップルがブレバンハワードとの提携拡大など(音声ニュース),https://www.neweconomy.jp/posts/614856,https://news.ceek.jp/search.cgi?category_id=business&feed=1,ok,,経済
2026-10-08,2026-10-08T02:04:48.862856+09:00,その他メディア,,デイリースポーツ,ポルシェ、車種を絞り込み,https://www.daily.co.jp/society/economics/2026/10/07/0020904025.shtml,https://news.ceek.jp/search.cgi?category_id=business&feed=1,ok,,経済
2026-10-08,2026-10-08T02:04:48.862856+09:00,その他メディア,,フジテレビ,損保ジャパン、延べ6万件情報流出か 法人名や従業員の氏名、電話番号など 委託会社に不正アクセス,https://www.fnn.jp/articles/-/1128650,https://news.ceek.jp/search.cgi?category_id=business&feed=1,ok,,経済
2026-10-08,2026-10-08T02:04:48.862856+09:00,その他メディア,,フジテレビ,"新たな「善光寺みやげ」 10月8日オープン!サンクゼールの「来瑠未堂」 クルミ菓子を中心に26種類 2027年4月の“御開帳""見据え、善光寺仲見世の仏具店を改修",https://www.fnn.jp/articles/-/1128683,https://news.ceek.jp/search.cgi?category_id=business&feed=1,ok,,経済
2026-10-08,2026-10-08T02:04:48.862856+09:00,その他メディア,,テレビ朝日,"銘柄大幅変更“TOPIX大改革""狙いは?暮らしに影響は?",https://news.tv-asahi.co.jp/news_economy/articles/000538515.html,https://news.ceek.jp/search.cgi?category_id=business&feed=1,ok,,経済
2026-10-08,2026-10-08T02:04:48.862856+09:00,その他メディア,,フジテレビ,"「仕事ができてうれしい」被災した熊本の店が2か月ぶり出店 地震で機械が全部壊れ...ようやく再開 自慢の“焼さば棒寿司""買い求める客の姿に「感動」",https://www.fnn.jp/articles/-/1128682,https://news.ceek.jp/search.cgi?category_id=business&feed=1,ok,,経済
2026-10-08,2026-10-08T02:04:48.862856+09:00,全国紙,全国,日本経済新聞,住友林業、木造の建築ユニット開発 工期半減も,https://www.nikkei.com/article/DGXZQOUC302TR0Q6A930C2000000/,https://news.ceek.jp/search.cgi?category_id=business&feed=1,ok,,経済
2026-10-08,2026-10-08T02:04:48.862856+09:00,全国紙,全国,日本経済新聞,日経平均VI、2カ月ぶり高水準 急ピッチな株価上昇で,https://www.nikkei.com/article/DGXZQOUB077VH0X01C26A0000000/,https://news.ceek.jp/search.cgi?category_id=business&feed=1,ok,,経済
2026-10-08,2026-10-08T02:04:48.862856+09:00,その他メディア,,ブルームバーグ,株式投資家の強気は懸念材料、債券の魅力高まる-BofA米国株責任者,https://www.bloomberg.com/jp/news/articles/2026-10-07/TMJ6HLVTTCZS00,https://news.ceek.jp/search.cgi?category_id=business&feed=1,ok,,経済
2026-10-08,2026-10-08T02:04:48.862856+09:00,その他メディア,,NHK,南海トラフ巨大地震 定例の評価検討会「特段の変化なし」,https://news.web.nhk/newsweb/na/nd-20261008de56204,https://news.ceek.jp/search.cgi?category_id=national&feed=1,ok,,社会
2026-10-08,2026-10-08T02:04:48.862856+09:00,その他メディア,,NHK,介護団体が事業所の経営環境改善へ 介護報酬引き上げなど訴え,https://news.web.nhk/newsweb/na/nd-20261008de56202,https://news.ceek.jp/search.cgi?category_id=national&feed=1,ok,,社会
2026-10-08,2026-10-08T02:04:48.862856+09:00,その他メディア,,フジテレビ,「人生で最も胸が高鳴る日」ノーベル化学賞に硤合憲三さん(76) 「不斉自己触媒反応」を発見 各地から祝福の声,https://www.fnn.jp/articles/-/1128778,https://news.ceek.jp/search.cgi?category_id=national&feed=1,ok,,社会
2026-10-08,2026-10-08T02:04:48.862856+09:00,その他メディア,,NHK,沖縄 女性殺害事件 元交際相手を逮捕 女性はストーカー被害,https://news.web.nhk/newsweb/na/nd-20261007de56187,https://news.ceek.jp/search.cgi?category_id=national&feed=1,ok,,社会
2026-10-08,2026-10-08T02:04:48.862856+09:00,その他メディア,,TBSテレビ,"“予算カット発言""の簗農水大臣に新たな問題浮上...衆院選公示日に有権者をシャトルバス“無料送迎""は公選法違反? 「買収になり得る可能性」との指摘も【news23】",https://newsdig.tbs.co.jp/articles/-/2997223?display=1,https://news.ceek.jp/search.cgi?category_id=national&feed=1,ok,,社会
2026-10-08,2026-10-08T02:04:48.862856+09:00,その他メディア,,TBSテレビ,大手ビール4社にカルテル疑いで強制調査...アサヒHD社長は「全く認識ない」 消費者からは憤りの声...公正取引委員会は刑事告発も視野に実態解明へ【news23】,https://newsdig.tbs.co.jp/articles/-/2997222?display=1,https://news.ceek.jp/search.cgi?category_id=national&feed=1,ok,,社会
2026-10-08,2026-10-08T02:04:48.862856+09:00,その他メディア,,テレビ朝日,SB子会社にランサムウェア攻撃 茨城県と県警のHP閲覧不可に,https://news.tv-asahi.co.jp/news_society/articles/000538638.html,https://news.ceek.jp/search.cgi?category_id=national&feed=1,ok,,社会
2026-10-08,2026-10-08T02:04:48.862856+09:00,その他メディア,,日本テレビ,沖縄・宜野湾市の女性殺害事件 元交際相手の男を逮捕...ストーカー相談も 調べに対し容疑認める,https://news.ntv.co.jp/category/society/2953d8c992cc4b27b9a4cc577eaf8b10,https://news.ceek.jp/search.cgi?category_id=national&feed=1,ok,,社会
2026-10-08,2026-10-08T02:04:48.862856+09:00,その他メディア,,日本テレビ,【消火活動中】愛知・春日井市の住宅で火事...女性1人が軽傷,https://news.ntv.co.jp/category/society/0d87ac63eece40f7a33a733e2ee03333,https://news.ceek.jp/search.cgi?category_id=national&feed=1,ok,,社会
2026-10-08,2026-10-08T02:04:48.862856+09:00,その他メディア,,デイリースポーツ,愛知県議会副議長辞任へ,https://www.daily.co.jp/society/national/2026/10/08/0020905387.shtml,https://news.ceek.jp/search.cgi?category_id=national&feed=1,ok,,社会
2026-10-08,2026-10-08T02:04:48.862856+09:00,その他メディア,,サンケイスポーツ,愛知県議会副議長辞任へ アジア大会でトラブル,https://www.sanspo.com/article/20261007-PXIA6XAQQZK3NFHLYQQRGOOYEM/,https://news.ceek.jp/search.cgi?category_id=national&feed=1,ok,,社会
2026-10-08,2026-10-08T02:04:48.862856+09:00,その他メディア,,日刊スポーツ,北川進・京大特別教授が「多孔性金属錯体の開発」でノーベル化学賞/今日は?,https://www.nikkansports.com/general/news/202610070000785.html,https://news.ceek.jp/search.cgi?category_id=national&feed=1,ok,,社会
2026-10-08,2026-10-08T02:04:48.862856+09:00,その他メディア,,フジテレビ,元交際相手の男を殺人容疑で逮捕 沖縄・23歳女性殺害事件,https://www.fnn.jp/articles/-/1128774,https://news.ceek.jp/search.cgi?category_id=national&feed=1,ok,,社会
2026-10-08,2026-10-08T02:04:48.862856+09:00,その他メディア,,サンケイスポーツ,カーネギー平和賞にICJ 「国際法秩序の柱」と評価,https://www.sanspo.com/article/20261007-7NH2BGV5VVLN7JEXOL3QDLHGMQ/,https://news.ceek.jp/search.cgi?category_id=national&feed=1,ok,,社会
2026-10-08,2026-10-08T02:04:48.862856+09:00,その他メディア,,日本テレビ,【動画】ノーベル化学賞に硤合憲三さん 東京理科大で会見,https://news.ntv.co.jp/category/society/5a5436da781448f28267f0b547f298db,https://news.ceek.jp/search.cgi?category_id=national&feed=1,ok,,社会
2026-10-08,2026-10-08T02:04:48.862856+09:00,その他メディア,,TBSテレビ,沖縄・古謝知事 強盗殺人事件での米兵逮捕で政府側に抗議 高市総理と面会、在日アメリカ兵への人権教育にも要望,https://newsdig.tbs.co.jp/articles/-/2997198?display=1,https://news.ceek.jp/search.cgi?category_id=national&feed=1,ok,,社会
2026-10-08,2026-10-08T02:04:48.862856+09:00,その他メディア,,テレビ朝日,佳子さまが京都で開催の全国都市緑化祭出席,https://news.tv-asahi.co.jp/news_society/articles/000538551.html,https://news.ceek.jp/search.cgi?category_id=national&feed=1,ok,,社会
2026-10-08,2026-10-08T02:04:48.862856+09:00,その他メディア,,TBSテレビ,無許可で盛り土造成疑い 土木会社代表ら3人逮捕 千葉・市原市 会社は台風25号で土砂崩れ起きた袖ケ浦市でも無許可で盛り土したとして行政指導,https://newsdig.tbs.co.jp/articles/-/2997197?display=1,https://news.ceek.jp/search.cgi?category_id=national&feed=1,ok,,社会
2026-10-08,2026-10-08T02:04:48.862856+09:00,その他メディア,,テレビ朝日,ノーベル化学賞そあい憲三さん 会見で喜びの声,https://news.tv-asahi.co.jp/news_society/articles/000538553.html,https://news.ceek.jp/search.cgi?category_id=national&feed=1,ok,,社会
2026-10-08,2026-10-08T02:04:48.862856+09:00,その他メディア,,Yahoo!オリジナル・エキスパート,斎藤知事「参加を受け入れるのは困難」 フリー記者の会見出席拒否について,https://news.yahoo.co.jp/articles/ff2f867c7b29908fd92c38f1b22a2d0129fb3f59,https://news.ceek.jp/search.cgi?category_id=national&feed=1,ok,,社会
2026-10-08,2026-10-08T02:04:48.862856+09:00,その他メディア,,フジテレビ,熊本県で最大震度1の地震 熊本県・五木村,https://www.fnn.jp/articles/-/1128770,https://news.ceek.jp/search.cgi?category_id=national&feed=1,ok,,社会
2026-10-08,2026-10-08T02:04:48.862856+09:00,その他メディア,,サンケイスポーツ,JR東海、信号の誤表示相次ぎ原因調査 東海道新幹線が岐阜羽島―米原間で一時運転見合わせ,https://www.sanspo.com/article/20261007-BBWZEUQVCNMT3CWQVBGCRJEAOM/,https://news.ceek.jp/search.cgi?category_id=national&feed=1,ok,,社会
2026-10-08,2026-10-08T02:04:48.862856+09:00,その他メディア,,フジテレビ,"【速報】「株主として深く失望」“物言う株主""オアシスがニデックに株式非公開化の検討を要請",https://www.fnn.jp/articles/-/1128769,https://news.ceek.jp/search.cgi?category_id=national&feed=1,ok,,社会
2026-10-08,2026-10-08T02:04:48.862856+09:00,その他メディア,,スポニチ,ノーベル化学賞の硤合憲三氏「スマホがあまり得意じゃない」 祝福殺到も「メールの方が確実かな」と笑い,https://www.sponichi.co.jp/society/news/2026/10/07/kiji/20261007s00042000409000c.html,https://news.ceek.jp/search.cgi?category_id=national&feed=1,ok,,社会
2026-10-08,2026-10-08T02:04:48.862856+09:00,その他メディア,,サンケイスポーツ,東京理科大・硤合憲三名誉教授、ノーベル化学賞「受賞できても文句は言われないだろう」会見で笑いを誘う,https://www.sanspo.com/article/20261007-IMTQHJQZ4FAFPKYHZBBI7SSCNM/,https://news.ceek.jp/search.cgi?category_id=national&feed=1,ok,,社会
2026-10-08,2026-10-08T02:04:48.862856+09:00,その他メディア,,フジテレビ,【台風情報】ダブル台風が発生中 台風28号と台風29号の今後の進路予想 台風27号は温帯低気圧に変わる,https://www.fnn.jp/articles/-/1128766,https://news.ceek.jp/search.cgi?category_id=national&feed=1,ok,,社会
2026-10-08,2026-10-08T02:04:48.862856+09:00,全国紙,全国,読売新聞,「モームリ」利用者のあっせん受け非弁提携、弁護士に懲役2年・執行猶予3年の判決...東京地裁,https://www.yomiuri.co.jp/national/20261007-GYT1T00216/,https://news.ceek.jp/search.cgi?category_id=national&feed=1,ok,,社会
2026-10-08,2026-10-08T02:04:48.862856+09:00,その他メディア,,サンケイスポーツ,HIS、顧客旅券情報672人分流出か 不正アクセス被害相次ぐ,https://www.sanspo.com/article/20261007-P3ZP5HMMCJIDBMK25AXTYDXR7U/,https://news.ceek.jp/search.cgi?category_id=national&feed=1,ok,,社会
2026-10-08,2026-10-08T02:04:48.862856+09:00,その他メディア,,フジテレビ,「家族と連絡が取れない」警察が住宅を訪ねると室内から男性の遺体...腐敗進み年齢など不明...世帯主の男性は施設に入居か...見つかった遺体は誰?身元の確認急ぐと共に事件の可能性も視野に捜査<北海道小樽市>,https://www.fnn.jp/articles/-/1128765,https://news.ceek.jp/search.cgi?category_id=national&feed=1,ok,,社会
2026-10-08,2026-10-08T02:04:48.862856+09:00,その他メディア,,東京スポーツ新聞,ノーベル化学賞の硤合憲三氏「受賞できても文句は言われないだろう」,https://www.tokyo-sports.co.jp/articles/-/405843,https://news.ceek.jp/search.cgi?category_id=national&feed=1,ok,,社会
2026-10-08,2026-10-08T02:04:48.862856+09:00,全国紙,全国,読売新聞,秋篠宮ご夫妻が「第66回海外日系人大会」に出席、留学生らと歓談「これからも頑張ってください」,https://www.yomiuri.co.jp/koushitsu/20261007-GYT1T00283/,https://news.ceek.jp/search.cgi?category_id=national&feed=1,ok,,社会
2026-10-08,2026-10-08T02:04:48.862856+09:00,全国紙,全国,読売新聞,宜野湾市の女性殺人、ストーカー規制法に基づく禁止命令受けていた男を逮捕...女性の車から紛失防止タグ,https://www.yomiuri.co.jp/national/20261007-GYT1T00275/,https://news.ceek.jp/search.cgi?category_id=national&feed=1,ok,,社会
2026-10-08,2026-10-08T02:04:48.862856+09:00,その他メディア,,日本テレビ,【密着】東京駅の手荷物預かり所 欲しいグッズを見送る外国人観光客、家族や親友に贈るケーキまで...荷物預けるそれぞれの事情【気になる!】,https://news.ntv.co.jp/category/society/251da457e4c04021b011692f710fa194,https://news.ceek.jp/search.cgi?category_id=national&feed=1,ok,,社会
2026-10-08,2026-10-08T02:04:48.862856+09:00,その他メディア,,スポニチ,硤合憲三氏「近所のスーパーで」ノーベル化学賞受賞の吉報 「受賞でも文句は言われないだろうと」,https://www.sponichi.co.jp/society/news/2026/10/07/kiji/20261007s00042000384000c.html,https://news.ceek.jp/search.cgi?category_id=national&feed=1,ok,,社会
2026-10-08,2026-10-08T02:04:48.862856+09:00,その他メディア,,フジテレビ,ひき逃げ容疑で90歳男を逮捕 軽自動車で右折時に80代女性をはねるも逃走した疑い 容疑を否認 坂井市春江の県道29号,https://www.fnn.jp/articles/-/1128763,https://news.ceek.jp/search.cgi?category_id=national&feed=1,ok,,社会
2026-10-08,2026-10-08T02:04:48.862856+09:00,その他メディア,,TBSテレビ,今月13日・14日に高市総理出席の予算委員会開催で与野党合意,https://newsdig.tbs.co.jp/articles/-/2997157?display=1,https://news.ceek.jp/search.cgi?category_id=national&feed=1,ok,,社会
2026-10-08,2026-10-08T02:04:48.862856+09:00,その他メディア,,TBSテレビ,2025年の参院選めぐる「1票の格差」訴訟 最高裁大法廷で弁論開かれる 年内にも統一判断示される見通し,https://newsdig.tbs.co.jp/articles/-/2997156?display=1,https://news.ceek.jp/search.cgi?category_id=national&feed=1,ok,,社会
2026-10-08,2026-10-08T02:04:48.862856+09:00,その他メディア,,フジテレビ,大阪・枚方市のアパートで刃物を持って同居女性を人質に取って立てこもり監禁の疑いで現行犯逮捕された男性を不起訴 「捜査の結果、証拠関係に照らし」大阪地検,https://www.fnn.jp/articles/-/1128760,https://news.ceek.jp/search.cgi?category_id=national&feed=1,ok,,社会
2026-10-08,2026-10-08T02:04:48.862856+09:00,その他メディア,,日刊スポーツ,高市早苗首相「日本人として誇りに思っている」ノーベル賞決定の硤合憲三氏に電話で祝意,https://www.nikkansports.com/general/news/202610070001704.html,https://news.ceek.jp/search.cgi?category_id=national&feed=1,ok,,社会
2026-10-08,2026-10-08T02:04:48.862856+09:00,その他メディア,,TBSテレビ,秋篠宮ご夫妻が海外日系人大会に出席 留学生に「頑張ってください」 8月訪問のパラグアイ関係者とも再会,https://newsdig.tbs.co.jp/articles/-/2997155?display=1,https://news.ceek.jp/search.cgi?category_id=national&feed=1,ok,,社会
2026-10-08,2026-10-08T02:04:48.862856+09:00,その他メディア,,TBSテレビ,【速報】高市総理「日本人としてとても誇りに思う」ノーベル化学賞の硤合憲三教授に電話で祝意つたえる,https://newsdig.tbs.co.jp/articles/-/2997154?display=1,https://news.ceek.jp/search.cgi?category_id=national&feed=1,ok,,社会
2026-10-08,2026-10-08T02:04:48.862856+09:00,その他メディア,,フジテレビ,【速報】JR湖西線 近江今津駅~近江塩津駅間で運転見合わせ 列車とシカが接触した影響で,https://www.fnn.jp/articles/-/1128759,https://news.ceek.jp/search.cgi?category_id=national&feed=1,ok,,社会
2026-10-08,2026-10-08T02:04:48.862856+09:00,その他メディア,,Yahoo!オリジナル・エキスパート,【図解】 硤合憲三(そあい・けんそう)氏,https://news.yahoo.co.jp/articles/e4a23a9dc88579c1caad4eedc62e45f8dc2a42a2,https://news.ceek.jp/search.cgi?category_id=national&feed=1,ok,,社会
2026-10-08,2026-10-08T02:04:48.862856+09:00,その他メディア,,フジテレビ,SNSを通じて知り合った当時17歳の女性に対し淫らな行為をした疑い 会社員の男(29)を逮捕も「身に覚えがない」と否認 新潟,https://www.fnn.jp/articles/-/1128755,https://news.ceek.jp/search.cgi?category_id=national&feed=1,ok,,社会
2026-10-08,2026-10-08T02:04:48.862856+09:00,その他メディア,,テレ東BIZ,高市総理「消費減税が最善」 「適切な予算配分を徹底」,https://txbiz.tv-tokyo.co.jp/txn/news_txn/post_350032,https://news.ceek.jp/search.cgi?category_id=national&feed=1,ok,,社会
2026-10-08,2026-10-08T02:04:48.862856+09:00,その他メディア,,テレ東BIZ,損保ジャパン 6万件情報流出か HISは顧客旅券情報,https://txbiz.tv-tokyo.co.jp/txn/news_txn/post_350033,https://news.ceek.jp/search.cgi?category_id=national&feed=1,ok,,社会
2026-10-08,2026-10-08T02:04:48.862856+09:00,その他メディア,,テレ東BIZ,「休眠スーツ」販売開始 髙島屋 回収原料17%使用,https://txbiz.tv-tokyo.co.jp/txn/news_txn/post_350034,https://news.ceek.jp/search.cgi?category_id=national&feed=1,ok,,社会
2026-10-08,2026-10-08T02:04:48.862856+09:00,その他メディア,,テレ東BIZ,CNN報道 米中 核施設の相互視察協議か,https://txbiz.tv-tokyo.co.jp/txn/news_txn/post_350035,https://news.ceek.jp/search.cgi?category_id=national&feed=1,ok,,社会
2026-10-08,2026-10-08T02:04:48.862856+09:00,その他メディア,,テレ東BIZ,一発勝負! 「縦列駐車王」大会,https://txbiz.tv-tokyo.co.jp/txn/news_txn/post_350036,https://news.ceek.jp/search.cgi?category_id=national&feed=1,ok,,社会
2026-10-08,2026-10-08T02:04:48.862856+09:00,その他メディア,,日本テレビ,貴金属入った金庫など窃取か 「案件屋」とみられる男ら逮捕,https://news.ntv.co.jp/category/society/9e0b8c0788f9454f82eabf9e4d8439b7,https://news.ceek.jp/search.cgi?category_id=national&feed=1,ok,,社会
2026-10-08,2026-10-08T02:04:48.862856+09:00,その他メディア,,Abema TIMES,「日本人として誇り」高市総理、ノーベル化学賞受賞決定のそあい憲三氏に祝福電話 「総理もお体に気を付けて」労いを受ける一幕も,https://times.abema.tv/articles/-/10277953?page=1,https://news.ceek.jp/search.cgi?category_id=national&feed=1,ok,,社会
2026-10-08,2026-10-08T02:04:48.862856+09:00,全国紙,全国,産経新聞,竹中工務店の入札停止、分かれる自治体の判断 会社の管理体制に問題?事件の被害者?,https://www.sankei.com/article/20261007-EFZVQJXUSVJNVHXNRC2KBCQHHQ/,https://news.ceek.jp/search.cgi?category_id=national&feed=1,ok,,社会
2026-10-08,2026-10-08T02:04:48.862856+09:00,その他メディア,,共同通信,【速報】ビール価格の協議内容、一部は経営陣に報告,https://www.47news.jp/15051048.html,https://news.ceek.jp/search.cgi?category_id=national&feed=1,ok,,社会
2026-10-08,2026-10-08T02:04:48.862856+09:00,その他メディア,,TBSテレビ,"トクリュウか 金窃盗Gの3人逮捕 “案件屋""とみられる男のスマホには約20件の標的情報 うち1人は栃木・上三川町の強盗殺人事件の現場付近で下見参加か",https://newsdig.tbs.co.jp/articles/-/2997145?display=1,https://news.ceek.jp/search.cgi?category_id=national&feed=1,ok,,社会
2026-10-08,2026-10-08T02:04:48.862856+09:00,全国紙,全国,読売新聞,激しいビール市場競争演じる裏でカルテルか、消費者「裏切られた」...管理職クラスで話し合い・経営層の関与焦点,https://www.yomiuri.co.jp/national/20261007-GYT1T00272/,https://news.ceek.jp/search.cgi?category_id=national&feed=1,ok,,社会
2026-10-08,2026-10-08T02:04:48.862856+09:00,その他メディア,,フジテレビ,【トリプル台風情報】台風27号・28号 雨や風の直接的な影響はなさそう...波が高い状況続くためレジャーなど注意を 29号は進路はまだはっきりせず,https://www.fnn.jp/articles/-/1128752,https://news.ceek.jp/search.cgi?category_id=national&feed=1,ok,,社会
2026-10-08,2026-10-08T02:04:48.862856+09:00,その他メディア,,日本テレビ,"去年の参院選“一票の格差""最大3.13倍は違憲か...最高裁で弁論",https://news.ntv.co.jp/category/society/109b4a8e184b4f6894531d91aa0a2713,https://news.ceek.jp/search.cgi?category_id=national&feed=1,ok,,社会
2026-10-08,2026-10-08T02:04:48.862856+09:00,その他メディア,,スポーツ報知,AI時代「データは守るか、開くか」弁護士ドットコムとnoteトップが激論,https://hochi.news/articles/20261007-OHT1T51403.html?page=1,https://news.ceek.jp/search.cgi?category_id=national&feed=1,ok,,社会
2026-10-08,2026-10-08T02:04:48.862856+09:00,その他メディア,,TBSテレビ,【ライブ】ノーベル化学賞 硤合憲三さんが会見 東京理科大学(2026年10月7日午後10時~ LIVE配信),https://newsdig.tbs.co.jp/articles/-/2997086?display=1,https://news.ceek.jp/search.cgi?category_id=national&feed=1,ok,,社会
2026-10-08,2026-10-08T02:04:48.862856+09:00,その他メディア,,フジテレビ,"コカイン“3キロ"" スーツケースふた部分に隠し密輸か フィンランド国籍の女逮捕 「中身は別れた元彼のもの」税関職員が調べ発覚",https://www.fnn.jp/articles/-/1128751,https://news.ceek.jp/search.cgi?category_id=national&feed=1,ok,,社会
2026-10-08,2026-10-08T02:04:48.862856+09:00,全国紙,全国,日本経済新聞,ノーベル化学賞受賞の硤合憲三さん、「最もエキサイティングな日」,https://www.nikkei.com/article/DGXZQOUD079YO0X01C26A0000000/,https://news.ceek.jp/search.cgi?category_id=national&feed=1,ok,,社会
2026-10-08,2026-10-08T02:04:48.862856+09:00,全国紙,全国,産経新聞,千葉・市原で埋められた遺体を発見 別の事件で起訴の男が関与か、県警が捜査,https://www.sankei.com/article/20261007-IL3473PWWVI5BOU63NGWJ5SGXE/,https://news.ceek.jp/search.cgi?category_id=national&feed=1,ok,,社会
2026-10-08,2026-10-08T02:04:48.862856+09:00,全国紙,全国,産経新聞,大阪・高石で民家火災、ベランダから救助の男性1人死亡,https://www.sankei.com/article/20261007-J65PLZ7H7BOIPDZHVJ3RDBRFEI/,https://news.ceek.jp/search.cgi?category_id=national&feed=1,ok,,社会
2026-10-08,2026-10-08T02:04:48.862856+09:00,全国紙,全国,読売新聞,「三幸製菓」工場6人死亡火災、元CEOら4人を業務上過失致死罪で在宅起訴...煎餅かけら除去など対策怠る,https://www.yomiuri.co.jp/national/20261007-GYT1T00270/,https://news.ceek.jp/search.cgi?category_id=national&feed=1,ok,,社会
2026-10-08,2026-10-08T02:04:48.862856+09:00,その他メディア,,デイリースポーツ,匿流の「案件屋」か、男ら逮捕,https://www.daily.co.jp/society/national/2026/10/07/0020904464.shtml,https://news.ceek.jp/search.cgi?category_id=national&feed=1,ok,,社会
2026-10-08,2026-10-08T02:04:48.862856+09:00,その他メディア,,共同通信,匿流の「案件屋」か、男ら逮捕 金庫窃盗疑い、警視庁,https://www.47news.jp/15050987.html,https://news.ceek.jp/search.cgi?category_id=national&feed=1,ok,,社会
2026-10-08,2026-10-08T02:04:48.862856+09:00,その他メディア,,TBSテレビ,台風の被害を減らす「人工コントロール」から巨大なエネルギーの「電力変換」、進化する「AI進路予測」まで最新の台風研究【Nスタ解説】,https://newsdig.tbs.co.jp/articles/-/2997117?display=1,https://news.ceek.jp/search.cgi?category_id=national&feed=1,ok,,社会
2026-10-08,2026-10-08T02:04:48.862856+09:00,その他メディア,,デイリースポーツ,千葉で埋められた遺体発見,https://www.daily.co.jp/society/national/2026/10/07/0020904437.shtml,https://news.ceek.jp/search.cgi?category_id=national&feed=1,ok,,社会
2026-10-08,2026-10-08T02:04:48.862856+09:00,その他メディア,,デイリースポーツ,返礼品巡る措置命令に反発,https://www.daily.co.jp/society/national/2026/10/07/0020904440.shtml,https://news.ceek.jp/search.cgi?category_id=national&feed=1,ok,,社会
2026-10-08,2026-10-08T02:04:48.862856+09:00,その他メディア,,共同通信,返礼品巡る措置命令に反発 「越前ガニ」で水産業者,https://www.47news.jp/15050974.html,https://news.ceek.jp/search.cgi?category_id=national&feed=1,ok,,社会
2026-10-08,2026-10-08T02:04:48.862856+09:00,その他メディア,,フジテレビ,【台風情報】トリプル台風が発生中 台風27号・台風28号・台風29号の今後の進路予想,https://www.fnn.jp/articles/-/1128749,https://news.ceek.jp/search.cgi?category_id=national&feed=1,ok,,社会
2026-10-08,2026-10-08T02:04:48.862856+09:00,その他メディア,,共同通信,千葉で埋められた遺体発見 別事件で起訴の男関与か,https://www.47news.jp/15050972.html,https://news.ceek.jp/search.cgi?category_id=national&feed=1,ok,,社会
2026-10-08,2026-10-08T02:04:48.862856+09:00,その他メディア,,デイリースポーツ,殺人疑い元交際相手逮捕、沖縄,https://www.daily.co.jp/society/national/2026/10/07/0020904406.shtml,https://news.ceek.jp/search.cgi?category_id=national&feed=1,ok,,社会
2026-10-08,2026-10-08T02:04:48.862856+09:00,その他メディア,,NHK,三重母娘遺体遺棄事件 母親への殺人容疑で交際相手再逮捕,https://news.web.nhk/newsweb/na/nd-20261007de56138,https://news.ceek.jp/search.cgi?category_id=national&feed=1,ok,,社会
2026-10-08,2026-10-08T02:04:48.862856+09:00,その他メディア,,共同通信,殺人疑い元交際相手逮捕、沖縄 ストーカー訴えも,https://www.47news.jp/15050896.html,https://news.ceek.jp/search.cgi?category_id=national&feed=1,ok,,社会
2026-10-08,2026-10-08T02:04:48.862856+09:00,その他メディア,,TBSテレビ,"「人生の余白」「スマホを置いて無心に」大人が整う“進化系泥だんご""の奥深き魅力",https://newsdig.tbs.co.jp/articles/-/2997112?display=1,https://news.ceek.jp/search.cgi?category_id=national&feed=1,ok,,社会
2026-10-08,2026-10-08T02:04:48.862856+09:00,全国紙,全国,日本経済新聞,三幸製菓の工場火災、元CEOら4人在宅起訴 業務上過失致死の罪,https://www.nikkei.com/article/DGXZQOUD078KX0X01C26A0000000/,https://news.ceek.jp/search.cgi?category_id=national&feed=1,ok,,社会
2026-10-08,2026-10-08T02:04:48.862856+09:00,その他メディア,,日本テレビ,【動画】ノーベル化学賞 東京理科大・硤合憲三氏が喜び語る,https://news.ntv.co.jp/category/society/c15d81c11b8740039139ac461f7c70a0,https://news.ceek.jp/search.cgi?category_id=national&feed=1,ok,,社会
2026-10-08,2026-10-08T02:04:48.862856+09:00,その他メディア,,フジテレビ,アメリカ国民8割超が「AIを雇用への脅威」慎重論広がる,https://www.fnn.jp/articles/-/1128781,https://news.ceek.jp/search.cgi?category_id=world&feed=1,ok,,国際
2026-10-08,2026-10-08T02:04:48.862856+09:00,その他メディア,,フジテレビ,ロシア軍 ウクライナのJT子会社を攻撃と発表 9月にも2回攻撃,https://www.fnn.jp/articles/-/1128780,https://news.ceek.jp/search.cgi?category_id=world&feed=1,ok,,国際
2026-10-08,2026-10-08T02:04:48.862856+09:00,全国紙,全国,日本経済新聞,日本での在外投票、ボルソナロ支持7割 ブラジル大統領選,https://www.nikkei.com/article/DGXZQOGN07CCG0X01C26A0000000/,https://news.ceek.jp/search.cgi?category_id=world&feed=1,ok,,国際
2026-10-08,2026-10-08T02:04:48.862856+09:00,その他メディア,,TBSテレビ,"スーパーで買い物中に知らせが...ノーベル化学賞に硤合憲三さん(76)「受賞しても文句言われないだろう」 “生命の起源の謎に迫る""研究で【news23】",https://newsdig.tbs.co.jp/articles/-/2997232?display=1,https://news.ceek.jp/search.cgi?category_id=world&feed=1,ok,,国際
2026-10-08,2026-10-08T02:04:48.862856+09:00,その他メディア,,テレビ朝日,制裁強化の中イランが資金提供か...ヒズボラへ約316億円はリスク考慮し通常の手数料4倍,https://news.tv-asahi.co.jp/news_international/articles/000538644.html,https://news.ceek.jp/search.cgi?category_id=world&feed=1,ok,,国際
2026-10-08,2026-10-08T02:04:48.862856+09:00,その他メディア,,TBSテレビ,ロシア ペスト研究所の女性死亡 「接触者に異常なし」 衛生当局が発表,https://newsdig.tbs.co.jp/articles/-/2997225?display=1,https://news.ceek.jp/search.cgi?category_id=world&feed=1,ok,,国際
2026-10-08,2026-10-08T02:04:48.862856+09:00,その他メディア,,Abema TIMES,世界初の発見『Soai反応』とは...ノーベル化学賞にそあい憲三さん,https://times.abema.tv/articles/-/10277999?page=1,https://news.ceek.jp/search.cgi?category_id=world&feed=1,ok,,国際
2026-10-08,2026-10-08T02:04:48.862856+09:00,その他メディア,,Abema TIMES,"“生命起源の謎""解明に貢献...ノーベル化学賞 そあい憲三さん 最先端医療にも",https://times.abema.tv/articles/-/10278000?page=1,https://news.ceek.jp/search.cgi?category_id=world&feed=1,ok,,国際
2026-10-08,2026-10-08T02:04:48.862856+09:00,その他メディア,,テレビ朝日,"“生命起源の謎""解明に貢献...ノーベル化学賞 そあい憲三さん 最先端医療にも",https://news.tv-asahi.co.jp/news_international/articles/900201381.html,https://news.ceek.jp/search.cgi?category_id=world&feed=1,ok,,国際
2026-10-08,2026-10-08T02:04:48.862856+09:00,その他メディア,,テレビ朝日,世界初の発見『Soai反応』とは...ノーベル化学賞にそあい憲三さん,https://news.tv-asahi.co.jp/news_international/articles/900201390.html,https://news.ceek.jp/search.cgi?category_id=world&feed=1,ok,,国際
2026-10-08,2026-10-08T02:04:48.862856+09:00,その他メディア,,TV-Novosti,三語旅:ナベレジヌィエ・チェルヌィ,https://jp.gw2ru.com/education/257690-san-go-tabi-naberejinie-cheruni,https://news.ceek.jp/search.cgi?category_id=world&feed=1,ok,,国際
2026-10-08,2026-10-08T02:04:48.862856+09:00,その他メディア,,フジテレビ,トランプ大統領の画像を削除... 中間選挙前に共和党候補が距離を置く動き ロイター調査,https://www.fnn.jp/articles/-/1128779,https://news.ceek.jp/search.cgi?category_id=world&feed=1,ok,,国際
2026-10-08,2026-10-08T02:04:48.862856+09:00,その他メディア,,共同通信,【速報】ウクライナ北部の住宅攻撃の死者18人に,https://www.47news.jp/15051416.html,https://news.ceek.jp/search.cgi?category_id=world&feed=1,ok,,国際
2026-10-08,2026-10-08T02:04:48.862856+09:00,全国紙,全国,読売新聞,プーチン氏74歳の誕生日、中国・北朝鮮など友好国から祝電...孤立イメージ払しょくに腐心,https://www.yomiuri.co.jp/world/20261007-GYT1T00398/,https://news.ceek.jp/search.cgi?category_id=world&feed=1,ok,,国際
2026-10-08,2026-10-08T02:04:48.862856+09:00,その他メディア,,NNA ASIA,ホンダ、祭事商戦へ改良版SUV投入,https://www.nna.jp/news/2972675,https://news.ceek.jp/search.cgi?category_id=world&feed=1,ok,,国際
2026-10-08,2026-10-08T02:04:48.862856+09:00,その他メディア,,NNA ASIA,【マーケット情報】商品市況・為替・株式(2026年10月07日時点),https://www.nna.jp/news/2973007,https://news.ceek.jp/search.cgi?category_id=world&feed=1,ok,,国際
2026-10-08,2026-10-08T02:04:48.862856+09:00,その他メディア,,NNA ASIA,百貨店DJs経営不安、取引先が前払い要求,https://www.nna.jp/news/2973784,https://news.ceek.jp/search.cgi?category_id=world&feed=1,ok,,国際
2026-10-08,2026-10-08T02:04:48.862856+09:00,その他メディア,,NNA ASIA,豪観光局、35年までに海外観光支出倍増計画,https://www.nna.jp/news/2973785,https://news.ceek.jp/search.cgi?category_id=world&feed=1,ok,,国際
2026-10-08,2026-10-08T02:04:48.862856+09:00,その他メディア,,NNA ASIA,〔泡沫夢幻〕豪の死亡者数増、ベビーブーマー世代高齢化で,https://www.nna.jp/news/2973792,https://news.ceek.jp/search.cgi?category_id=world&feed=1,ok,,国際
2026-10-08,2026-10-08T02:04:48.862856+09:00,その他メディア,,NNA ASIA,NSW政府、人材派遣会社をライセンス制に,https://www.nna.jp/news/2974225,https://news.ceek.jp/search.cgi?category_id=world&feed=1,ok,,国際
2026-10-08,2026-10-08T02:04:48.862856+09:00,その他メディア,,NNA ASIA,中小企業向けファンド、政府が1千億ルピー拠出,https://www.nna.jp/news/2974605,https://news.ceek.jp/search.cgi?category_id=world&feed=1,ok,,国際
2026-10-08,2026-10-08T02:04:48.862856+09:00,その他メディア,,NNA ASIA,マハ州がバイクタクシー電動化、来年7月までに,https://www.nna.jp/news/2974625,https://news.ceek.jp/search.cgi?category_id=world&feed=1,ok,,国際
2026-10-08,2026-10-08T02:04:48.862856+09:00,その他メディア,,NNA ASIA,スズキ、軽EV11月発売,https://www.nna.jp/news/2974629,https://news.ceek.jp/search.cgi?category_id=world&feed=1,ok,,国際
2026-10-08,2026-10-08T02:04:48.862856+09:00,その他メディア,,NNA ASIA,川重、30年代に防衛売上高1兆円へ,https://www.nna.jp/news/2974632,https://news.ceek.jp/search.cgi?category_id=world&feed=1,ok,,国際
2026-10-08,2026-10-08T02:04:48.862856+09:00,その他メディア,,NNA ASIA,川重、犬型ロボを28年度投入=四足歩行で会話,https://www.nna.jp/news/2974633,https://news.ceek.jp/search.cgi?category_id=world&feed=1,ok,,国際
2026-10-08,2026-10-08T02:04:48.862856+09:00,その他メディア,,NNA ASIA,ギリシャから半導体材料、日本企業が調達合意,https://www.nna.jp/news/2974634,https://news.ceek.jp/search.cgi?category_id=world&feed=1,ok,,国際
2026-10-08,2026-10-08T02:04:48.862856+09:00,その他メディア,,NNA ASIA,投資やAIテーマに協議、日米財界人会議が開幕,https://www.nna.jp/news/2974635,https://news.ceek.jp/search.cgi?category_id=world&feed=1,ok,,国際
2026-10-08,2026-10-08T02:04:48.862856+09:00,その他メディア,,NNA ASIA,ケニアでエボラ熱患者、コンゴ在住で帰国後死亡,https://www.nna.jp/news/2974639,https://news.ceek.jp/search.cgi?category_id=world&feed=1,ok,,国際
2026-10-08,2026-10-08T02:04:48.862856+09:00,その他メディア,,NNA ASIA,豪消費者心理、利上げで急落,https://www.nna.jp/news/2974642,https://news.ceek.jp/search.cgi?category_id=world&feed=1,ok,,国際
2026-10-08,2026-10-08T02:04:48.862856+09:00,その他メディア,,NNA ASIA,中国政府、豪のガス国内供給義務に懸念,https://www.nna.jp/news/2974643,https://news.ceek.jp/search.cgi?category_id=world&feed=1,ok,,国際
2026-10-08,2026-10-08T02:04:48.862856+09:00,その他メディア,,NNA ASIA,NSW州、ガス新規探鉱を指定済み区域に限定,https://www.nna.jp/news/2974651,https://news.ceek.jp/search.cgi?category_id=world&feed=1,ok,,国際
2026-10-08,2026-10-08T02:04:48.862856+09:00,その他メディア,,NNA ASIA,カルビー、新商品コーンスナックを8日に発売,https://www.nna.jp/news/2974659,https://news.ceek.jp/search.cgi?category_id=world&feed=1,ok,,国際
2026-10-08,2026-10-08T02:04:48.862856+09:00,その他メディア,,NNA ASIA,サイエンテックス、ジョ州の土地を取得,https://www.nna.jp/news/2974661,https://news.ceek.jp/search.cgi?category_id=world&feed=1,ok,,国際
2026-10-08,2026-10-08T02:04:48.862856+09:00,その他メディア,,NNA ASIA,8月工業生産、量・額とも7カ月連続プラス,https://www.nna.jp/news/2974667,https://news.ceek.jp/search.cgi?category_id=world&feed=1,ok,,国際
2026-10-08,2026-10-08T02:04:48.862856+09:00,その他メディア,,NNA ASIA,東南アで電力保障の課題山積、IEA指摘,https://www.nna.jp/news/2974669,https://news.ceek.jp/search.cgi?category_id=world&feed=1,ok,,国際
2026-10-08,2026-10-08T02:04:48.862856+09:00,その他メディア,,NNA ASIA,インソン、ガーナ沖FPSO事業の契約変更,https://www.nna.jp/news/2974684,https://news.ceek.jp/search.cgi?category_id=world&feed=1,ok,,国際
2026-10-08,2026-10-08T02:04:48.862856+09:00,その他メディア,,NNA ASIA,民間病院シロアム、スマラン市にまもなく開院へ,https://www.nna.jp/news/2974690,https://news.ceek.jp/search.cgi?category_id=world&feed=1,ok,,国際
2026-10-08,2026-10-08T02:04:48.862856+09:00,その他メディア,,NNA ASIA,1~9月の経済成長率、4.8%=政府発表,https://www.nna.jp/news/2974708,https://news.ceek.jp/search.cgi?category_id=world&feed=1,ok,,国際
2026-10-08,2026-10-08T02:04:48.862856+09:00,その他メディア,,NNA ASIA,米経済誌、最も影響力ある女性に比から4人,https://www.nna.jp/news/2974711,https://news.ceek.jp/search.cgi?category_id=world&feed=1,ok,,国際
2026-10-08,2026-10-08T02:04:48.862856+09:00,その他メディア,,NNA ASIA,洪水の経済への影響、2年は続く=事業者予測,https://www.nna.jp/news/2974712,https://news.ceek.jp/search.cgi?category_id=world&feed=1,ok,,国際
2026-10-08,2026-10-08T02:04:48.862856+09:00,その他メディア,,NNA ASIA,大統領の給与引き上げ、国会の正副議長も,https://www.nna.jp/news/2974715,https://news.ceek.jp/search.cgi?category_id=world&feed=1,ok,,国際
2026-10-08,2026-10-08T02:04:48.862856+09:00,その他メディア,,NNA ASIA,サンウエー、27年後半にイポーで新モール開業,https://www.nna.jp/news/2974716,https://news.ceek.jp/search.cgi?category_id=world&feed=1,ok,,国際
2026-10-08,2026-10-08T02:04:48.862856+09:00,その他メディア,,NNA ASIA,半導体製造ラピダス、設計関連4社と連携へ,https://www.nna.jp/news/2974717,https://news.ceek.jp/search.cgi?category_id=world&feed=1,ok,,国際
2026-10-08,2026-10-08T02:04:48.862856+09:00,その他メディア,,NNA ASIA,EECの8カ所に特別経済振興区、閣議で了承,https://www.nna.jp/news/2974725,https://news.ceek.jp/search.cgi?category_id=world&feed=1,ok,,国際
2026-10-08,2026-10-08T02:04:48.862856+09:00,その他メディア,,NNA ASIA,国内初のEV電池回収施設、年内に完成へ,https://www.nna.jp/news/2974729,https://news.ceek.jp/search.cgi?category_id=world&feed=1,ok,,国際
2026-10-08,2026-10-08T02:04:48.862856+09:00,その他メディア,,NNA ASIA,陸上庁、東海岸線に騒音低減装置を設置で入札,https://www.nna.jp/news/2974730,https://news.ceek.jp/search.cgi?category_id=world&feed=1,ok,,国際
2026-10-08,2026-10-08T02:04:48.862856+09:00,その他メディア,,NNA ASIA,武装勢力支配地域で違法伐採横行、森林資源減少,https://www.nna.jp/news/2974736,https://news.ceek.jp/search.cgi?category_id=world&feed=1,ok,,国際
2026-10-08,2026-10-08T02:04:48.862856+09:00,その他メディア,,NNA ASIA,中銀、3年8カ月ぶり利上げ,https://www.nna.jp/news/2974737,https://news.ceek.jp/search.cgi?category_id=world&feed=1,ok,,国際
2026-10-08,2026-10-08T02:04:48.862856+09:00,その他メディア,,NNA ASIA,ヤンゴン縫製業、今月6万人解雇の見通し,https://www.nna.jp/news/2974743,https://news.ceek.jp/search.cgi?category_id=world&feed=1,ok,,国際
2026-10-08,2026-10-08T02:04:48.862856+09:00,その他メディア,,NNA ASIA,商務省が鶏卵輸出削減を要請、供給不足で,https://www.nna.jp/news/2974749,https://news.ceek.jp/search.cgi?category_id=world&feed=1,ok,,国際
2026-10-08,2026-10-08T02:04:48.862856+09:00,その他メディア,,NNA ASIA,チャンギ総合病院、自然療法を導入,https://www.nna.jp/news/2974753,https://news.ceek.jp/search.cgi?category_id=world&feed=1,ok,,国際
2026-10-08,2026-10-08T02:04:48.862856+09:00,その他メディア,,NNA ASIA,ホンダ、大型二輪5車種の新モデル投入,https://www.nna.jp/news/2974767,https://news.ceek.jp/search.cgi?category_id=world&feed=1,ok,,国際
2026-10-08,2026-10-08T02:04:48.862856+09:00,その他メディア,,NNA ASIA,ダイアログ、タイ陸上鉱区の権益と運営権取得,https://www.nna.jp/news/2974770,https://news.ceek.jp/search.cgi?category_id=world&feed=1,ok,,国際
2026-10-08,2026-10-08T02:04:48.862856+09:00,その他メディア,,NNA ASIA,コメ連盟が取引業者に規則順守要請、価格安定へ,https://www.nna.jp/news/2974775,https://news.ceek.jp/search.cgi?category_id=world&feed=1,ok,,国際
2026-10-08,2026-10-08T02:04:48.862856+09:00,その他メディア,,NNA ASIA,観光局、地場旅行会社の免許を剥奪,https://www.nna.jp/news/2974781,https://news.ceek.jp/search.cgi?category_id=world&feed=1,ok,,国際
2026-10-08,2026-10-08T02:04:48.862856+09:00,その他メディア,,NNA ASIA,繁華街ブロックM開発、最終段階の構想発表,https://www.nna.jp/news/2974782,https://news.ceek.jp/search.cgi?category_id=world&feed=1,ok,,国際
2026-10-08,2026-10-08T02:04:48.862856+09:00,その他メディア,,NNA ASIA,パーム油生産、26年も過去最高水準へ,https://www.nna.jp/news/2974790,https://news.ceek.jp/search.cgi?category_id=world&feed=1,ok,,国際
2026-10-08,2026-10-08T02:04:48.862856+09:00,その他メディア,,NNA ASIA,人権議員連盟、政権トップ訪問でマレーシア批判,https://www.nna.jp/news/2974815,https://news.ceek.jp/search.cgi?category_id=world&feed=1,ok,,国際
2026-10-08,2026-10-08T02:04:48.862856+09:00,その他メディア,,NNA ASIA,最低賃金2000リンギ案、企業の約半数が反対,https://www.nna.jp/news/2974818,https://news.ceek.jp/search.cgi?category_id=world&feed=1,ok,,国際
2026-10-08,2026-10-08T02:04:48.862856+09:00,その他メディア,,NNA ASIA,川崎汽船、グループ会社3社の拠点集約,https://www.nna.jp/news/2974831,https://news.ceek.jp/search.cgi?category_id=world&feed=1,ok,,国際
2026-10-08,2026-10-08T02:04:48.862856+09:00,その他メディア,,NNA ASIA,印日用品ゴドレジ、中ジャワで新工場開所,https://www.nna.jp/news/2974836,https://news.ceek.jp/search.cgi?category_id=world&feed=1,ok,,国際
2026-10-08,2026-10-08T02:04:48.862856+09:00,その他メディア,,NNA ASIA,デリー空港が自動運転列車導入、30年までに,https://www.nna.jp/news/2974847,https://news.ceek.jp/search.cgi?category_id=world&feed=1,ok,,国際
2026-10-08,2026-10-08T02:04:48.862856+09:00,その他メディア,,NNA ASIA,寧波SJ電子、ペナンに半導体先端封止関連工場,https://www.nna.jp/news/2974854,https://news.ceek.jp/search.cgi?category_id=world&feed=1,ok,,国際
2026-10-08,2026-10-08T02:04:48.862856+09:00,その他メディア,,NNA ASIA,充電スタンドに新規則、商工省が公表,https://www.nna.jp/news/2974862,https://news.ceek.jp/search.cgi?category_id=world&feed=1,ok,,国際
2026-10-08,2026-10-08T02:04:48.862856+09:00,その他メディア,,NNA ASIA,比マグサイサイ賞で親睦会、服部さんら参加,https://www.nna.jp/news/2974865,https://news.ceek.jp/search.cgi?category_id=world&feed=1,ok,,国際
2026-10-08,2026-10-08T02:04:48.862856+09:00,その他メディア,,NNA ASIA,9月電動車小売り74%増、月間台数で過去最高,https://www.nna.jp/news/2974877,https://news.ceek.jp/search.cgi?category_id=world&feed=1,ok,,国際
2026-10-08,2026-10-08T02:04:48.862856+09:00,その他メディア,,NNA ASIA,基地転換公社、日本企業3社と協力合意,https://www.nna.jp/news/2974878,https://news.ceek.jp/search.cgi?category_id=world&feed=1,ok,,国際
2026-10-08,2026-10-08T02:04:48.862856+09:00,その他メディア,,NNA ASIA,需要を待たず、未来をつくる,https://www.nna.jp/news/2963888,https://news.ceek.jp/search.cgi?category_id=world&feed=1,ok,,国際
2026-10-08,2026-10-08T02:04:48.862856+09:00,その他メディア,,NNA ASIA,サステナ対応、中小の着手課題,https://www.nna.jp/news/2969173,https://news.ceek.jp/search.cgi?category_id=world&feed=1,ok,,国際
2026-10-08,2026-10-08T02:04:48.862856+09:00,その他メディア,,NNA ASIA,VIC1人当たり純債務3万$へ、全州で最大,https://www.nna.jp/news/2970849,https://news.ceek.jp/search.cgi?category_id=world&feed=1,ok,,国際
2026-10-08,2026-10-08T02:04:48.862856+09:00,その他メディア,,NNA ASIA,【やさしい税務】源泉税PPH23/PPH26,https://www.nna.jp/news/2973819,https://news.ceek.jp/search.cgi?category_id=world&feed=1,ok,,国際
2026-10-08,2026-10-08T02:04:48.862856+09:00,その他メディア,,NNA ASIA,オイラーが電動四輪貨物車で2位に、シェア25%,https://www.nna.jp/news/2974070,https://news.ceek.jp/search.cgi?category_id=world&feed=1,ok,,国際
2026-10-08,2026-10-08T02:04:48.862856+09:00,その他メディア,,NNA ASIA,豪の夜間外出15%増、シドニー南西部がけん引,https://www.nna.jp/news/2974162,https://news.ceek.jp/search.cgi?category_id=world&feed=1,ok,,国際
2026-10-08,2026-10-08T02:04:48.862856+09:00,その他メディア,,NNA ASIA,【JCC便り】中小企業支援委員会、AI活用法の勉強会を開催,https://www.nna.jp/news/2974201,https://news.ceek.jp/search.cgi?category_id=world&feed=1,ok,,国際
2026-10-08,2026-10-08T02:04:48.862856+09:00,その他メディア,,NNA ASIA,消費者直販ダイレクト、事業売却を計画,https://www.nna.jp/news/2974226,https://news.ceek.jp/search.cgi?category_id=world&feed=1,ok,,国際
2026-10-08,2026-10-08T02:04:48.862856+09:00,その他メディア,,NNA ASIA,インドネシアのハラル義務化、事業者の負担増,https://www.nna.jp/news/2974231,https://news.ceek.jp/search.cgi?category_id=world&feed=1,ok,,国際
2026-10-08,2026-10-08T02:04:48.862856+09:00,その他メディア,,NNA ASIA,造船や再開発進むWA州、人材不足深刻に,https://www.nna.jp/news/2974232,https://news.ceek.jp/search.cgi?category_id=world&feed=1,ok,,国際
2026-10-08,2026-10-08T02:04:48.862856+09:00,その他メディア,,NNA ASIA,ロボット支援手術件数、過去4年間で5倍に,https://www.nna.jp/news/2974345,https://news.ceek.jp/search.cgi?category_id=world&feed=1,ok,,国際
2026-10-08,2026-10-08T02:04:48.862856+09:00,その他メディア,,NNA ASIA,ムンバイ空港の国際線移管、政府が延期要請,https://www.nna.jp/news/2974547,https://news.ceek.jp/search.cgi?category_id=world&feed=1,ok,,国際
2026-10-08,2026-10-08T02:04:48.862856+09:00,その他メディア,,NNA ASIA,「統合輸送物流庁」を設置、内閣が承認,https://www.nna.jp/news/2974592,https://news.ceek.jp/search.cgi?category_id=world&feed=1,ok,,国際
2026-10-08,2026-10-08T02:04:48.862856+09:00,その他メディア,,NNA ASIA,本日のオーストラリア1行情報(7日付),https://www.nna.jp/news/2974615,https://news.ceek.jp/search.cgi?category_id=world&feed=1,ok,,国際
2026-10-08,2026-10-08T02:04:48.862856+09:00,その他メディア,,NNA ASIA,テイクオフ:シドニーで参加した宴会...,https://www.nna.jp/news/2974627,https://news.ceek.jp/search.cgi?category_id=world&feed=1,ok,,国際
2026-10-08,2026-10-08T02:04:48.862856+09:00,その他メディア,,NNA ASIA,米ハリウッド2強統合、ワーナー買収17兆円規模,https://www.nna.jp/news/2974631,https://news.ceek.jp/search.cgi?category_id=world&feed=1,ok,,国際
2026-10-08,2026-10-08T02:04:48.862856+09:00,その他メディア,,NNA ASIA,企業で情報漏えい相次ぐ、不審メールに注意喚起,https://www.nna.jp/news/2974638,https://news.ceek.jp/search.cgi?category_id=world&feed=1,ok,,国際
2026-10-08,2026-10-08T02:04:48.862856+09:00,その他メディア,,NNA ASIA,7日為替:1ドル=62.750ペソ(↑),https://www.nna.jp/news/2974664,https://news.ceek.jp/search.cgi?category_id=world&feed=1,ok,,国際
2026-10-08,2026-10-08T02:04:48.862856+09:00,その他メディア,,NNA ASIA,8月失業率5.3%、4カ月ぶり改善,https://www.nna.jp/news/2974665,https://news.ceek.jp/search.cgi?category_id=world&feed=1,ok,,国際
2026-10-08,2026-10-08T02:04:48.862856+09:00,その他メディア,,NNA ASIA,Uモバイル、5G人口カバー率90%達成,https://www.nna.jp/news/2974668,https://news.ceek.jp/search.cgi?category_id=world&feed=1,ok,,国際
2026-10-08,2026-10-08T02:04:48.862856+09:00,その他メディア,,NNA ASIA,【タイ政治社会の潮流】ニティの「タイ文化版憲法」論(第487回),https://www.nna.jp/news/2974670,https://news.ceek.jp/search.cgi?category_id=world&feed=1,ok,,国際
2026-10-08,2026-10-08T02:04:48.862856+09:00,その他メディア,,NNA ASIA,発電公団、蓄電システムなどに3670億円投資,https://www.nna.jp/news/2974678,https://news.ceek.jp/search.cgi?category_id=world&feed=1,ok,,国際
2026-10-08,2026-10-08T02:04:48.862856+09:00,その他メディア,,NNA ASIA,鹿島道路、ベトナム交通運輸大と人材育成で協力,https://www.nna.jp/news/2974686,https://news.ceek.jp/search.cgi?category_id=world&feed=1,ok,,国際
2026-10-08,2026-10-08T02:04:48.862856+09:00,その他メディア,,NNA ASIA,サイバー犯罪対策局、ネット詐欺2種で警告,https://www.nna.jp/news/2974688,https://news.ceek.jp/search.cgi?category_id=world&feed=1,ok,,国際
2026-10-08,2026-10-08T02:04:48.862856+09:00,その他メディア,,NNA ASIA,人材省、解雇手当て未払い企業への措置検討,https://www.nna.jp/news/2974694,https://news.ceek.jp/search.cgi?category_id=world&feed=1,ok,,国際
2026-10-08,2026-10-08T02:04:48.862856+09:00,その他メディア,,NNA ASIA,セタ、越企業と技術人材・開発支援で提携,https://www.nna.jp/news/2974700,https://news.ceek.jp/search.cgi?category_id=world&feed=1,ok,,国際
2026-10-08,2026-10-08T02:04:48.862856+09:00,その他メディア,,NNA ASIA,〔セブ通信〕商議所、港湾料25%引き上げに注文,https://www.nna.jp/news/2974702,https://news.ceek.jp/search.cgi?category_id=world&feed=1,ok,,国際
2026-10-08,2026-10-08T02:04:48.862856+09:00,その他メディア,,NNA ASIA,公職者の業績賞与、最大6カ月分,https://www.nna.jp/news/2974703,https://news.ceek.jp/search.cgi?category_id=world&feed=1,ok,,国際
2026-10-08,2026-10-08T02:04:48.862856+09:00,その他メディア,,NNA ASIA,光ファイバー網開通、シドニー・パース間で,https://www.nna.jp/news/2974718,https://news.ceek.jp/search.cgi?category_id=world&feed=1,ok,,国際
2026-10-08,2026-10-08T02:04:48.862856+09:00,その他メディア,,NNA ASIA,投資運用庁とエネ会社、米石油に4.5億ドル投資,https://www.nna.jp/news/2974720,https://news.ceek.jp/search.cgi?category_id=world&feed=1,ok,,国際
2026-10-08,2026-10-08T02:04:48.862856+09:00,その他メディア,,NNA ASIA,ASEANエネ会議、比で開催,https://www.nna.jp/news/2974724,https://news.ceek.jp/search.cgi?category_id=world&feed=1,ok,,国際
2026-10-08,2026-10-08T02:04:48.862856+09:00,全国紙,全国,毎日新聞,台湾工芸に新たな息吹 伝統、時を超え未来へ デザイナー簡君嫄さん 漆芸巨匠とのコラボ作展示 /東京,https://mainichi.jp/articles/20261008/ddl/k13/200/007000c,https://news.ceek.jp/search.cgi?category_id=local&feed=1,ok,,地方・地域
2026-10-08,2026-10-08T02:04:48.862856+09:00,全国紙,全国,毎日新聞,意外な使われ方 認知症ケアに生かす /東京,https://mainichi.jp/articles/20261008/ddl/k13/040/008000c,https://news.ceek.jp/search.cgi?category_id=local&feed=1,ok,,地方・地域
2026-10-08,2026-10-08T02:04:48.862856+09:00,全国紙,全国,毎日新聞,小金井市長選に後藤氏出馬表明 /東京,https://mainichi.jp/articles/20261008/ddl/k13/010/006000c,https://news.ceek.jp/search.cgi?category_id=local&feed=1,ok,,地方・地域
2026-10-08,2026-10-08T02:04:48.862856+09:00,全国紙,全国,毎日新聞,気候変動を議論 国際フォーラム 都主催、新宿で /東京,https://mainichi.jp/articles/20261008/ddl/k13/040/001000c,https://news.ceek.jp/search.cgi?category_id=local&feed=1,ok,,地方・地域
2026-10-08,2026-10-08T02:04:48.862856+09:00,全国紙,全国,日本経済新聞,東北3行統合の評価「情報分析・課題解決に磨き」「融資余力増す」,https://www.nikkei.com/article/DGXZQOUB059100V01C26A0000000/,https://news.ceek.jp/search.cgi?category_id=local&feed=1,ok,,地方・地域
2026-10-08,2026-10-08T02:04:48.862856+09:00,地方紙,福岡,西日本新聞,北九州市小倉北区のビル火災で消防車出動 京町2丁目7番付近(1...,https://www.nishinippon.co.jp/item/1546619/,https://news.ceek.jp/search.cgi?category_id=local&feed=1,ok,,地方・地域
2026-10-08,2026-10-08T02:04:48.862856+09:00,全国紙,全国,日本経済新聞,デジタル人材育成、就職先は東北で 産学官が仙台の2大学で連携講座,https://www.nikkei.com/article/DGXZQOCC0627C0W6A001C2000000/,https://news.ceek.jp/search.cgi?category_id=local&feed=1,ok,,地方・地域
2026-10-08,2026-10-08T02:04:48.862856+09:00,全国紙,全国,日本経済新聞,伸びる四国、4県は「西高東低」 1〜6月の宿泊者数,https://www.nikkei.com/article/DGXZQOCC288PI0Y6A920C2000000/,https://news.ceek.jp/search.cgi?category_id=local&feed=1,ok,,地方・地域
2026-10-08,2026-10-08T02:04:48.862856+09:00,その他メディア,,TBSテレビ,軽乗用車が対向車線にはみ出し路線バスに衝突 けが人なし 長野県佐久市,https://newsdig.tbs.co.jp/articles/-/2997234?display=1,https://news.ceek.jp/search.cgi?category_id=local&feed=1,ok,,地方・地域
2026-10-08,2026-10-08T02:04:48.862856+09:00,その他メディア,,TBSテレビ,焼津市立図書館のホームぺージを収容するクラウドサービスに不正アクセス 個人情報約50件に漏えいの恐れ HPは閲覧できず=静岡,https://newsdig.tbs.co.jp/articles/-/2997229?display=1,https://news.ceek.jp/search.cgi?category_id=local&feed=1,ok,,地方・地域
2026-10-08,2026-10-08T02:04:48.862856+09:00,その他メディア,,TBSテレビ,東根市の山中で行方不明だった90歳男性を救助 「足に力が入らない」と話すも命に別状なし(山形),https://newsdig.tbs.co.jp/articles/-/2997224?display=1,https://news.ceek.jp/search.cgi?category_id=local&feed=1,ok,,地方・地域
2026-10-08,2026-10-08T02:04:48.862856+09:00,全国紙,全国,中日新聞,為替相場 8日(日本時間 1時),https://www.chunichi.co.jp/article/1321803,https://news.ceek.jp/search.cgi?category_id=local&feed=1,ok,,地方・地域
2026-10-08,2026-10-08T02:04:48.862856+09:00,地方紙,福岡,西日本新聞,【福岡検定】2026年10月8日,https://www.nishinippon.co.jp/item/1544477/,https://news.ceek.jp/search.cgi?category_id=local&feed=1,ok,,地方・地域
2026-10-08,2026-10-08T02:04:48.862856+09:00,その他メディア,,北日本新聞,学生アカウント乗っ取り 県立大で不正アクセス、迷惑メール1092件送信,https://webun.jp/articles/-/1106807,https://news.ceek.jp/search.cgi?category_id=local&feed=1,ok,,地方・地域
2026-10-08,2026-10-08T02:04:48.862856+09:00,その他メディア,,北日本新聞,イ病対策協の活動拠点、清流会館展示室リニューアル 30年ぶり、パネルを新設,https://webun.jp/articles/-/1106815,https://news.ceek.jp/search.cgi?category_id=local&feed=1,ok,,地方・地域
2026-10-08,2026-10-08T02:04:48.862856+09:00,全国紙,全国,中日新聞,わいせつ疑いの水泳コーチ、牧之原市の中学校授業でも指導 市は被害情報把握も授業委託,https://www.chunichi.co.jp/article/1322321,https://news.ceek.jp/search.cgi?category_id=local&feed=1,ok,,地方・地域
2026-10-08,2026-10-08T02:04:48.862856+09:00,全国紙,全国,中日新聞,「模型の世界首都」条例、静岡市議会が検討 メーカー社長らとパネル討論,https://www.chunichi.co.jp/article/1322320,https://news.ceek.jp/search.cgi?category_id=local&feed=1,ok,,地方・地域
2026-10-08,2026-10-08T02:04:48.862856+09:00,その他メディア,,北日本新聞,県内インフル患者、 前週の倍 注意報レベルに迫る,https://webun.jp/articles/-/1106912,https://news.ceek.jp/search.cgi?category_id=local&feed=1,ok,,地方・地域
2026-10-08,2026-10-08T02:04:48.862856+09:00,その他メディア,,北日本新聞,富山大付属病院、救急・災害医療機能を強化 ECUに新設備、ICU増床,https://webun.jp/articles/-/1107040,https://news.ceek.jp/search.cgi?category_id=local&feed=1,ok,,地方・地域
2026-10-08,2026-10-08T02:04:48.862856+09:00,全国紙,全国,中日新聞,珠洲市の海浜あみだ湯に路線バス改造サウナ「サバス」が登場 10月13日まで,https://www.chunichi.co.jp/article/1322319,https://news.ceek.jp/search.cgi?category_id=local&feed=1,ok,,地方・地域
2026-10-08,2026-10-08T02:04:48.862856+09:00,その他メディア,,TOKYO HEADLINE,3歳ダート3冠競走の最終戦「ジャパンダートクラシック」はシルバーレシオが優勝。3冠狙ったフィンガーは9着に沈む,https://www.tokyoheadline.com/874547/,https://news.ceek.jp/search.cgi?category_id=local&feed=1,ok,,地方・地域
2026-10-08,2026-10-08T02:04:48.862856+09:00,全国紙,全国,中日新聞,韓国国防相、兵役免除特例「最終的には廃止が目標」 サッカー男子代表の「兵役免除だけ目標」発言に批判殺到,https://www.chunichi.co.jp/article/1322317,https://news.ceek.jp/search.cgi?category_id=local&feed=1,ok,,地方・地域
2026-10-08,2026-10-08T02:04:48.862856+09:00,その他メディア,,日本テレビ,"刈谷市役所に“スプレーで落書き"" 男性を不起訴処分 名古屋地検岡崎支部",https://news.ntv.co.jp/category/society/ct23ee72a4763b4bf79dd4265aec2066a7,https://news.ceek.jp/search.cgi?category_id=local&feed=1,ok,,地方・地域
2026-10-08,2026-10-08T02:04:48.862856+09:00,その他メディア,,NHK,埼玉 ふじみ野 車が歩道に乗り上げ自転車の女性死亡 1人けが,https://news.web.nhk/newsweb/na/nd-20261008de56190,https://news.ceek.jp/search.cgi?category_id=local&feed=1,ok,,地方・地域
2026-10-08,2026-10-08T02:04:48.862856+09:00,全国紙,全国,中日新聞,佐々木紀首相補佐官、予算削減の働きかけ否定 簗農相と「面会ではなく立ち話」,https://www.chunichi.co.jp/article/1322316,https://news.ceek.jp/search.cgi?category_id=local&feed=1,ok,,地方・地域
2026-10-08,2026-10-08T02:04:48.862856+09:00,地方紙,広島,中国新聞,ウクライナ北部の住宅攻撃の死者18人に,https://www.chugoku-np.co.jp/articles/-/906463,https://news.ceek.jp/search.cgi?category_id=local&feed=1,ok,,地方・地域
2026-10-08,2026-10-08T02:04:48.862856+09:00,その他メディア,,NHK,埼玉 ふじみ野 車が歩道に乗り上げ自転車の女性死亡 1人けが,https://news.web.nhk/newsweb/na/nd-20261007de56188,https://news.ceek.jp/search.cgi?category_id=local&feed=1,ok,,地方・地域
2026-10-08,2026-10-08T02:04:48.862856+09:00,その他メディア,,日本テレビ,8日の広島県は穏やかに晴れる見込み(7日午後11時50分放送),https://news.ntv.co.jp/category/weather/ht09b16ae0ce3b4f319bba0a323935abde,https://news.ceek.jp/search.cgi?category_id=local&feed=1,ok,,地方・地域
2026-10-08,2026-10-08T02:04:48.862856+09:00,地方紙,広島,中国新聞,愛知県議会副議長辞任へ,https://www.chugoku-np.co.jp/articles/-/906462,https://news.ceek.jp/search.cgi?category_id=local&feed=1,ok,,地方・地域
2026-10-08,2026-10-08T02:04:48.862856+09:00,その他メディア,,品川経済新聞,品プリが野外スポーツ「ロゲイニング」開催へ 「広域品川圏」を歩いて得点競う,https://shinagawa.keizai.biz/headline/5092/,https://news.ceek.jp/search.cgi?category_id=local&feed=1,ok,,地方・地域
2026-10-08,2026-10-08T02:04:48.862856+09:00,その他メディア,,東日新聞,70代女性マダニ感染症,https://www.tonichi.net/news/index.php?id=125577,https://news.ceek.jp/search.cgi?category_id=local&feed=1,ok,,地方・地域
2026-10-08,2026-10-08T02:04:48.862856+09:00,その他メディア,,テレビ大分,【今日のゆ~わくワイド】杵築で【スポーツの秋】初心者でも楽しめる2つの注目スポーツ ピックルボールとボッチャ,https://tosonline.jp/newsp/20261007/00000003.html,https://news.ceek.jp/search.cgi?category_id=local&feed=1,ok,,地方・地域
2026-10-08,2026-10-08T02:04:48.862856+09:00,その他メディア,,東愛知新聞,絶滅危惧種のアカモズを飼育下で初産卵 のんほいパークなど,https://higashiaichi.jp/news/detail.php?id=28028,https://news.ceek.jp/search.cgi?category_id=local&feed=1,ok,,地方・地域
2026-10-08,2026-10-08T02:04:48.862856+09:00,その他メディア,,東海新報,地域発展への尽力に感謝 市勢功労者表彰式 今年は4分野18氏が受賞(別写真あり),https://tohkaishimpo.com/2026/10/08/532254/,https://news.ceek.jp/search.cgi?category_id=local&feed=1,ok,,地方・地域
2026-10-08,2026-10-08T02:04:48.862856+09:00,その他メディア,,東海新報,防水シートに一定効果 陸上展示の「気仙丸」保全プロジェクト 見学、検証で一時取り外し(別写真あり),https://tohkaishimpo.com/2026/10/08/532255/,https://news.ceek.jp/search.cgi?category_id=local&feed=1,ok,,地方・地域
2026-10-08,2026-10-08T02:04:48.862856+09:00,地方紙,京都,京都新聞,10月8日 山中教授がノーベル賞受賞 2012(平成24)年,https://www.kyoto-np.co.jp/articles/-/1797423,https://news.ceek.jp/search.cgi?category_id=local&feed=1,ok,,地方・地域
2026-10-08,2026-10-08T02:04:48.862856+09:00,その他メディア,,奈良新聞,質問「欲がくなくなり、生きていく活力が見出せません」 - 我知(がち)ーお坊さんに聞いてみる(2026年10月8日),https://www.nara-np.co.jp/news/20261008111517.html,https://news.ceek.jp/search.cgi?category_id=local&feed=1,ok,,地方・地域
2026-10-08,2026-10-08T02:04:48.862856+09:00,その他メディア,,タウンニュース,ここでも読めます,https://www.townnews.co.jp/0102/2026/10/08/856106.html,https://news.ceek.jp/search.cgi?category_id=local&feed=1,ok,,地方・地域
2026-10-08,2026-10-08T02:04:48.862856+09:00,その他メディア,,タウンニュース,川崎市 職員給与ボーナス・引き上げを勧告,https://www.townnews.co.jp/0201/2026/10/08/856513.html,https://news.ceek.jp/search.cgi?category_id=local&feed=1,ok,,地方・地域
2026-10-08,2026-10-08T02:04:48.862856+09:00,その他メディア,,タウンニュース,川崎市 職員給与ボーナス・引き上げを勧告,https://www.townnews.co.jp/0203/2026/10/08/856515.html,https://news.ceek.jp/search.cgi?category_id=local&feed=1,ok,,地方・地域
2026-10-08,2026-10-08T02:04:48.862856+09:00,その他メディア,,タウンニュース,川崎市 職員給与ボーナス・引き上げを勧告,https://www.townnews.co.jp/0204/2026/10/08/856516.html,https://news.ceek.jp/search.cgi?category_id=local&feed=1,ok,,地方・地域
2026-10-08,2026-10-08T02:04:48.862856+09:00,その他メディア,,タウンニュース,区内団体が活動発表,https://www.townnews.co.jp/0204/2026/10/08/856614.html,https://news.ceek.jp/search.cgi?category_id=local&feed=1,ok,,地方・地域
2026-10-08,2026-10-08T02:04:48.862856+09:00,その他メディア,,タウンニュース,川崎市 職員給与ボーナス・引き上げを勧告,https://www.townnews.co.jp/0206/2026/10/08/856517.html,https://news.ceek.jp/search.cgi?category_id=local&feed=1,ok,,地方・地域
2026-10-08,2026-10-08T02:04:48.862856+09:00,その他メディア,,タウンニュース,杉久保コミセンでフレイルチェック 10月29日、参加費無料,https://www.townnews.co.jp/0402/2026/10/08/856615.html,https://news.ceek.jp/search.cgi?category_id=local&feed=1,ok,,地方・地域
2026-10-08,2026-10-08T02:04:48.862856+09:00,その他メディア,,タウンニュース,語り継ぐ戦争体験,https://www.townnews.co.jp/0603/2026/10/08/856620.html,https://news.ceek.jp/search.cgi?category_id=local&feed=1,ok,,地方・地域
2026-10-08,2026-10-08T02:04:48.862856+09:00,その他メディア,,タウンニュース,25年度決算を不認定,https://www.townnews.co.jp/0607/2026/10/08/856511.html,https://news.ceek.jp/search.cgi?category_id=local&feed=1,ok,,地方・地域
2026-10-08,2026-10-08T02:04:48.862856+09:00,その他メディア,,北國新聞,〈富山グラウジーズ〉ダビーHC会見【2026年10月7日京都戦】,https://www.hokkoku.co.jp/articles/-/2252523,https://news.ceek.jp/search.cgi?category_id=local&feed=1,ok,,地方・地域
2026-10-08,2026-10-08T02:04:48.862856+09:00,その他メディア,,TBSテレビ,宜野湾市の女性殺害 元交際相手の男を殺人の疑いで逮捕「間違いありません」容疑認める 沖縄,https://newsdig.tbs.co.jp/articles/-/2997200?display=1,https://news.ceek.jp/search.cgi?category_id=local&feed=1,ok,,地方・地域
2026-10-08,2026-10-08T02:04:48.862856+09:00,その他メディア,,NHK,宜野湾市女性殺害事件 元交際相手を殺人の疑いで逮捕,https://news.web.nhk/newsweb/na/nd-20261007de56186,https://news.ceek.jp/search.cgi?category_id=local&feed=1,ok,,地方・地域
2026-10-08,2026-10-08T02:04:48.862856+09:00,その他メディア,,デーリー東北新聞,当番医(10月8日),https://www.daily-tohoku.news/archives/CNTS2026100400700,https://news.ceek.jp/search.cgi?category_id=local&feed=1,ok,,地方・地域
2026-10-08,2026-10-08T02:04:48.862856+09:00,その他メディア,,TBSテレビ,17歳女子高校生が川に沈んでいるのが見つかる その場で死亡確認 目立った外傷や着衣の乱れなし 親から「未明からいない」と行方不明届,https://newsdig.tbs.co.jp/articles/-/2997201?display=1,https://news.ceek.jp/search.cgi?category_id=local&feed=1,ok,,地方・地域
2026-10-08,2026-10-08T02:04:48.862856+09:00,地方紙,広島,中国新聞,カーネギー平和賞にICJ,https://www.chugoku-np.co.jp/articles/-/906461,https://news.ceek.jp/search.cgi?category_id=local&feed=1,ok,,地方・地域
2026-10-08,2026-10-08T02:04:48.862856+09:00,全国紙,全国,中日新聞,日本棋院中部総本部で囲碁・天元戦第1局の大盤解説会 羽根直樹九段が解説,https://www.chunichi.co.jp/article/1322310,https://news.ceek.jp/search.cgi?category_id=local&feed=1,ok,,地方・地域
2026-10-08,2026-10-08T02:04:48.862856+09:00,その他メディア,,秋田魁新報,古銭の売買装った手口疑い詐欺被害防ぐ 秋田東署、秋田銀行員に感謝状,https://www.sakigake.jp/news/article/20261007AK0030/,https://news.ceek.jp/search.cgi?category_id=local&feed=1,ok,,地方・地域
2026-10-08,2026-10-08T02:04:48.862856+09:00,地方紙,広島,中国新聞,女子63キロ級の嘉重が2連覇,https://www.chugoku-np.co.jp/articles/-/906460,https://news.ceek.jp/search.cgi?category_id=local&feed=1,ok,,地方・地域
2026-10-08,2026-10-08T02:04:48.862856+09:00,その他メディア,,徳島新聞,女子63キロ級の嘉重春樺(藍住出身)が2連覇 世界柔道第4日,https://www.topics.or.jp/articles/-/1506166,https://news.ceek.jp/search.cgi?category_id=local&feed=1,ok,,地方・地域
2026-10-08,2026-10-08T02:04:48.862856+09:00,その他メディア,,名古屋テレビ,ツーリング予定が...知人少年にスタンガン押し当てけがをさせたうえ現金脅し取ったか 少年5人逮捕,https://www.nagoyatv.com/news/?id=037496,https://news.ceek.jp/search.cgi?category_id=local&feed=1,ok,,地方・地域
2026-10-08,2026-10-08T02:04:48.862856+09:00,地方紙,広島,中国新聞,【事件】広島県海田町で無免許ひき逃げの男逮捕,https://www.chugoku-np.co.jp/articles/-/906454,https://news.ceek.jp/search.cgi?category_id=local&feed=1,ok,,地方・地域
2026-10-08,2026-10-08T02:04:48.862856+09:00,全国紙,全国,中日新聞,東京理科大で喜びの記者会見 「まだまだ面白いことを」,https://www.chunichi.co.jp/article/1322305,https://news.ceek.jp/search.cgi?category_id=local&feed=1,ok,,地方・地域
2026-10-08,2026-10-08T02:04:48.862856+09:00,地方紙,広島,中国新聞,アジア大会で騒動、愛知県議会副議長辞任へ,https://www.chugoku-np.co.jp/articles/-/906459,https://news.ceek.jp/search.cgi?category_id=local&feed=1,ok,,地方・地域
2026-10-08,2026-10-08T02:04:48.862856+09:00,地方紙,北海道,北海道新聞,小樽の住宅に男性遺体 目立った外傷なし,https://www.hokkaido-np.co.jp/article/1385722/,https://news.ceek.jp/search.cgi?category_id=local&feed=1,ok,,地方・地域
2026-10-08,2026-10-08T02:04:48.862856+09:00,地方紙,広島,中国新聞,東京理科大で喜びの記者会見,https://www.chugoku-np.co.jp/articles/-/906456,https://news.ceek.jp/search.cgi?category_id=local&feed=1,ok,,地方・地域
2026-10-08,2026-10-08T02:04:48.862856+09:00,地方紙,北海道,北海道新聞,レバンガのボールデン 気を吐く最多21得点(7日),https://www.hokkaido-np.co.jp/article/1385720/,https://news.ceek.jp/search.cgi?category_id=local&feed=1,ok,,地方・地域
2026-10-08,2026-10-08T02:04:48.862856+09:00,地方紙,北海道,北海道新聞,「タフに打たされた」 がっちりマークされたレバンガ富永、今季最低20得点に沈む(7日),https://www.hokkaido-np.co.jp/article/1385721/,https://news.ceek.jp/search.cgi?category_id=local&feed=1,ok,,地方・地域
2026-10-08,2026-10-08T02:04:48.862856+09:00,地方紙,広島,中国新聞,DF陣にけが人続出でも、驚くほど理想的な展開 10月7日天皇杯3回戦・いわきFC戦【サンフレ 森﨑浩司の熱紫線】,https://www.chugoku-np.co.jp/articles/-/906453,https://news.ceek.jp/search.cgi?category_id=local&feed=1,ok,,地方・地域
2026-10-08,2026-10-08T02:04:48.862856+09:00,地方紙,広島,中国新聞,柔道女子63キロ級の嘉重が2連覇,https://www.chugoku-np.co.jp/articles/-/906458,https://news.ceek.jp/search.cgi?category_id=local&feed=1,ok,,地方・地域
2026-10-08,2026-10-08T02:04:48.862856+09:00,地方紙,広島,中国新聞,震度=気象庁発表(7日23時25分)震度順・市区町村別 :地震,https://www.chugoku-np.co.jp/articles/-/906457,https://news.ceek.jp/search.cgi?category_id=local&feed=1,ok,,地方・地域
2026-10-08,2026-10-08T02:04:48.862856+09:00,その他メディア,,川口経済新聞,川口・キュポ・ラ広場で「こどもまつり」 創立20周年記念、ミニ新幹線も,https://kawaguchi.keizai.biz/headline/304/,https://news.ceek.jp/search.cgi?category_id=local&feed=1,ok,,地方・地域
2026-10-08,2026-10-08T02:04:48.862856+09:00,全国紙,全国,中日新聞,【「91周年への宿題」3】井上監督を悩ませた故障禍の春...6月までが26勝45敗1分け、7月以降は34勝36敗1分けと影響大きく 故障要因で目立った肉離れはマグネシウムサプリや個別メニューで改善,https://www.chunichi.co.jp/article/1322291,https://news.ceek.jp/search.cgi?category_id=local&feed=1,ok,,地方・地域
2026-10-08,2026-10-08T02:04:48.862856+09:00,地方紙,広島,中国新聞,「来年は余裕で100安打超えたい」 今季99安打で終わった佐々木泰 10月7日阪神戦,https://www.chugoku-np.co.jp/articles/-/906447,https://news.ceek.jp/search.cgi?category_id=local&feed=1,ok,,地方・地域
2026-10-08,2026-10-08T02:04:48.862856+09:00,その他メディア,,青森経済新聞,青森で日本酒イベント「ぽん酒deナイト」 県内10蔵の酒飲み放題とDJ音楽,https://aomori.keizai.biz/headline/478/,https://news.ceek.jp/search.cgi?category_id=local&feed=1,ok,,地方・地域
2026-10-08,2026-10-08T02:04:48.862856+09:00,その他メディア,,福井新聞,ひき逃げ疑いで坂井市の90歳男を逮捕 「交通事故の事実は一切ない」容疑否認 80代女性が重傷 坂井署,https://www.fukuishimbun.co.jp/articles/-/2716959,https://news.ceek.jp/search.cgi?category_id=local&feed=1,ok,,地方・地域
2026-10-08,2026-10-08T02:04:48.862856+09:00,その他メディア,,高知新聞,林道から車が転落 87歳男性が死亡 大豊町,https://www.kochinews.co.jp/article/detail/1051612,https://news.ceek.jp/search.cgi?category_id=local&feed=1,ok,,地方・地域
2026-10-08,2026-10-08T02:04:48.862856+09:00,全国紙,全国,中日新聞,NY株、反落して始まる,https://www.chunichi.co.jp/article/1322298,https://news.ceek.jp/search.cgi?category_id=local&feed=1,ok,,地方・地域
