date,collected_at,category,region,newspaper,headline,url,source_url,status,error_message,topic
2026-08-16,2026-08-16T06:09:24.053301+09:00,全国紙,全国,読売新聞,,,,skipped,robots.txtが一般クローラー/AI系UAを名指しで包括的にDisallow。2024年1月のToS改定で自動収集・生成AI学習目的の収集を明示的に禁止しているため、自動取得の対象外とする。,
2026-08-16,2026-08-16T06:09:24.053301+09:00,全国紙,全国,朝日新聞,熊本地震の住家被害、3万棟上回る 死者3人の居住自治体なども公表,http://www.asahi.com/articles/ASV8H3FG4V8HTLVB005M.html,https://www.asahi.com/rss/asahi/newsheadlines.rdf,ok,,社会
2026-08-16,2026-08-16T06:09:24.053301+09:00,全国紙,全国,朝日新聞,靖国神社近くで警察官に体当たり、けがさせた疑い 右翼活動家を逮捕,http://www.asahi.com/articles/ASV8H3JL0V8HUTIL00TM.html,https://www.asahi.com/rss/asahi/newsheadlines.rdf,ok,,社会
2026-08-16,2026-08-16T06:09:24.053301+09:00,全国紙,全国,朝日新聞,惨禍を繰り返さ「せ」ない 高市首相の式辞に加わった1文字への懸念,http://www.asahi.com/articles/ASV8H2SLDV8HUQIP03QM.html,https://www.asahi.com/rss/asahi/newsheadlines.rdf,ok,,社会
2026-08-16,2026-08-16T06:09:24.053301+09:00,全国紙,全国,朝日新聞,天皇陛下、戦没者追悼式でおことば 「深い反省」 「苦難語り継ぐ」,http://www.asahi.com/articles/ASV8G3G9DV8GUTIL001M.html,https://www.asahi.com/rss/asahi/newsheadlines.rdf,ok,,社会
2026-08-16,2026-08-16T06:09:24.053301+09:00,全国紙,全国,朝日新聞,全壊の自宅前で笑顔でピース? 被災者の偽写真が拡散、AIで加工か,http://www.asahi.com/articles/ASV8G3HYRV8GUTIL02TM.html,https://www.asahi.com/rss/asahi/newsheadlines.rdf,ok,,社会
2026-08-16,2026-08-16T06:09:24.053301+09:00,全国紙,全国,朝日新聞,栄養を取らせねば 「国策雑誌」も料理家も奮闘した戦時下の食事,http://www.asahi.com/articles/ASV8G0G5MV8GUTFL00HM.html,https://www.asahi.com/rss/asahi/newsheadlines.rdf,ok,,社会
2026-08-16,2026-08-16T06:09:24.053301+09:00,全国紙,全国,朝日新聞,「軍艦サラダ」から野草の食べ方まで 戦時下の婦人雑誌に見る使命感,http://www.asahi.com/articles/ASV8G1SF0V8GUTFL00BM.html,https://www.asahi.com/rss/asahi/newsheadlines.rdf,ok,,社会
2026-08-16,2026-08-16T06:09:24.053301+09:00,全国紙,全国,朝日新聞,ベトナム食材店から410万円奪った疑い、30歳男逮捕 2人が逃走,http://www.asahi.com/articles/ASV8H1H44V8HTIPE006M.html,https://www.asahi.com/rss/asahi/newsheadlines.rdf,ok,,社会
2026-08-16,2026-08-16T06:09:24.053301+09:00,全国紙,全国,朝日新聞,遊泳中に一時行方不明 27歳の男性死亡 愛知・豊田の郡界川,http://www.asahi.com/articles/ASV8G3JTJV8GOIPE009M.html,https://www.asahi.com/rss/asahi/newsheadlines.rdf,ok,,社会
2026-08-16,2026-08-16T06:09:24.053301+09:00,全国紙,全国,朝日新聞,病院敷地内に死体遺棄した疑い、外国籍の男女3人逮捕 愛知・豊川,http://www.asahi.com/articles/ASV8H04FCV8HUEFT00LM.html,https://www.asahi.com/rss/asahi/newsheadlines.rdf,ok,,社会
2026-08-16,2026-08-16T06:09:24.053301+09:00,全国紙,全国,朝日新聞,甲子園の魔物を乗り越える方法とは 仙台育英の須江航監督の答えは?,http://www.asahi.com/articles/ASV8H44C5V8HOXIE03GM.html,https://www.asahi.com/rss/asahi/newsheadlines.rdf,ok,,スポーツ
2026-08-16,2026-08-16T06:09:24.053301+09:00,全国紙,全国,朝日新聞,仙台育英が二回までに7安打、主導権握る 拓大紅陵は単打つなぎ粘る,http://www.asahi.com/articles/ASV8H3QFNV8HPQIP02CM.html,https://www.asahi.com/rss/asahi/newsheadlines.rdf,ok,,スポーツ
2026-08-16,2026-08-16T06:09:24.053301+09:00,全国紙,全国,朝日新聞,夏の高校野球、選手の熱中症疑いは9件 第10日まで、大会本部発表,http://www.asahi.com/articles/ASV8H2F7XV8HPTQP001M.html,https://www.asahi.com/rss/asahi/newsheadlines.rdf,ok,,スポーツ
2026-08-16,2026-08-16T06:09:24.053301+09:00,全国紙,全国,朝日新聞,「その話するやろうな」と思ってるか? 履正社のラストミーティング,http://www.asahi.com/articles/ASV8H3JSRV8HPLZB00FM.html,https://www.asahi.com/rss/asahi/newsheadlines.rdf,ok,,スポーツ
2026-08-16,2026-08-16T06:09:24.053301+09:00,全国紙,全国,朝日新聞,天理―三重、仙台育英-智弁和歌山 準々決勝の組み合わせ続々決定,http://www.asahi.com/articles/ASV8H1GWSV8HUTQP01RM.html,https://www.asahi.com/rss/asahi/newsheadlines.rdf,ok,,スポーツ
2026-08-16,2026-08-16T06:09:24.053301+09:00,全国紙,全国,朝日新聞,福島・郡山の「東北六彩マルシェ」、直前に中止 SNSで投稿相次ぐ,http://www.asahi.com/articles/ASV8H2JHNV8HUGTB001M.html,https://www.asahi.com/rss/asahi/newsheadlines.rdf,ok,,ビジネス
2026-08-16,2026-08-16T06:09:24.053301+09:00,全国紙,全国,朝日新聞,サンマ漁の主力「大型船」の水揚げ始まる 北海道根室市の花咲港,http://www.asahi.com/articles/ASV8H12Z4V8HIIPE001M.html,https://www.asahi.com/rss/asahi/newsheadlines.rdf,ok,,ビジネス
2026-08-16,2026-08-16T06:09:24.053301+09:00,全国紙,全国,朝日新聞,品川プリンスに家族向けラウンジも 西武HD社長に聞く再開発戦略,http://www.asahi.com/articles/ASV8F2SD2V8FUEFT005M.html,https://www.asahi.com/rss/asahi/newsheadlines.rdf,ok,,ビジネス
2026-08-16,2026-08-16T06:09:24.053301+09:00,全国紙,全国,朝日新聞,ニチレイ、従業員の個人情報が漏洩した可能性 7月のサイバー攻撃で,http://www.asahi.com/articles/ASV8G35RQV8GULFA00SM.html,https://www.asahi.com/rss/asahi/newsheadlines.rdf,ok,,ビジネス
2026-08-16,2026-08-16T06:09:24.053301+09:00,全国紙,全国,朝日新聞,アシックス、売り上げ予想を年間1兆円に引き上げ なぜ、急成長,http://www.asahi.com/articles/ASV8G2V5DV8GPLFA005M.html,https://www.asahi.com/rss/asahi/newsheadlines.rdf,ok,,ビジネス
2026-08-16,2026-08-16T06:09:24.053301+09:00,全国紙,全国,朝日新聞,終戦の日に「高市カラー」を出した首相 1年で元に戻った追悼式辞,http://www.asahi.com/articles/ASV8H3WBTV8HUTFK011M.html,https://www.asahi.com/rss/asahi/newsheadlines.rdf,ok,,政治
2026-08-16,2026-08-16T06:09:24.053301+09:00,全国紙,全国,朝日新聞,小泉防衛相が靖国参拝、韓国は呼び出して抗議 高市首相は「遥拝」,http://www.asahi.com/articles/ASV8G2STSV8GUTFK027M.html,https://www.asahi.com/rss/asahi/newsheadlines.rdf,ok,,政治
2026-08-16,2026-08-16T06:09:24.053301+09:00,全国紙,全国,朝日新聞,高市首相、「反省」「不戦の誓い」触れず 戦没者追悼の式辞,http://www.asahi.com/articles/ASV8G36F3V8GUTFK01LM.html,https://www.asahi.com/rss/asahi/newsheadlines.rdf,ok,,政治
2026-08-16,2026-08-16T06:09:24.053301+09:00,全国紙,全国,朝日新聞,【まとめてわかる】小泉防衛相が靖国参拝、中韓との関係にどう波及?,http://www.asahi.com/articles/ASV8G3D4VV8GUTFK00FM.html,https://www.asahi.com/rss/asahi/newsheadlines.rdf,ok,,政治
2026-08-16,2026-08-16T06:09:24.053301+09:00,全国紙,全国,朝日新聞,「信頼失った」パワハラ問題の横浜市長 市議会で辞職要求の動き加速,http://www.asahi.com/articles/ASV8G3PM8V8GDIFI00HM.html,https://www.asahi.com/rss/asahi/newsheadlines.rdf,ok,,政治
2026-08-16,2026-08-16T06:09:24.053301+09:00,全国紙,全国,朝日新聞,インドネシア付近でM7.7の地震、47人死亡 沿岸で津波も観測,http://www.asahi.com/articles/ASV8H0PHCV8HUHBI00RM.html,https://www.asahi.com/rss/asahi/newsheadlines.rdf,ok,,国際
2026-08-16,2026-08-16T06:09:24.053301+09:00,全国紙,全国,朝日新聞,靖国参拝、中国が「再軍事化」と批判 関係良好な韓国も「時代錯誤」,http://www.asahi.com/articles/ASV8H3FL6V8HUHBI01GM.html,https://www.asahi.com/rss/asahi/newsheadlines.rdf,ok,,国際
2026-08-16,2026-08-16T06:09:24.053301+09:00,全国紙,全国,朝日新聞,韓国大統領「実用外交」継続 光復節演説、「過去の痛み」にも言及,http://www.asahi.com/articles/ASV8H12DHV8HUHBI00TM.html,https://www.asahi.com/rss/asahi/newsheadlines.rdf,ok,,国際
2026-08-16,2026-08-16T06:09:24.053301+09:00,全国紙,全国,朝日新聞,台湾の高速鉄道、新型車両が日本から到着 27年に営業運転の見込み,http://www.asahi.com/articles/ASV8H2JP9V8HUHBI016M.html,https://www.asahi.com/rss/asahi/newsheadlines.rdf,ok,,国際
2026-08-16,2026-08-16T06:09:24.053301+09:00,全国紙,全国,朝日新聞,「人間の悲劇に満ちていた」米歴史学者が語る第2次大戦と日本の終戦,http://www.asahi.com/articles/ASV8B2JPPV8BUHBI00FM.html,https://www.asahi.com/rss/asahi/newsheadlines.rdf,ok,,国際
2026-08-16,2026-08-16T06:09:24.053301+09:00,全国紙,全国,朝日新聞,全国高校麻雀選手権大会、決勝進出4チーム出そろう 最後の枠はS高,http://www.asahi.com/articles/ASV8H210CV8HUCVL002M.html,https://www.asahi.com/rss/asahi/newsheadlines.rdf,ok,,文化芸能
2026-08-16,2026-08-16T06:09:24.053301+09:00,全国紙,全国,朝日新聞,描いた戦争が奪う日常 椋の孫とちひろの孫、作品と平和への思い語る,http://www.asahi.com/articles/ASV8G35VWV8GTLTB001M.html,https://www.asahi.com/rss/asahi/newsheadlines.rdf,ok,,社会
2026-08-16,2026-08-16T06:09:24.053301+09:00,全国紙,全国,朝日新聞,東京高専、小石川中等、R高・S高が決勝へ 全国高校麻雀選手権,http://www.asahi.com/articles/ASV8G4Q1LV8GUCVL030M.html,https://www.asahi.com/rss/asahi/newsheadlines.rdf,ok,,文化芸能
2026-08-16,2026-08-16T06:09:24.053301+09:00,全国紙,全国,朝日新聞,NHKがミス、民放BS6チャンネルで番組映らず 送信設備の更新で,http://www.asahi.com/articles/ASV8G41DMV8GUCVL02KM.html,https://www.asahi.com/rss/asahi/newsheadlines.rdf,ok,,文化芸能
2026-08-16,2026-08-16T06:09:24.053301+09:00,全国紙,全国,朝日新聞,光合成やめた植物の種、ヤドカリが運ぶ 保護の重要性も浮き彫りに,http://www.asahi.com/articles/ASV8F3JPBV8FUTFL012M.html,https://www.asahi.com/rss/asahi/newsheadlines.rdf,ok,,サイエンス
2026-08-16,2026-08-16T06:09:24.053301+09:00,全国紙,全国,朝日新聞,「チェイサー」で二日酔いは軽くなる? ただし同じ酒量を飲む場合は,http://www.asahi.com/articles/ASV8735KTV87UTFL01PM.html,https://www.asahi.com/rss/asahi/newsheadlines.rdf,ok,,サイエンス
2026-08-16,2026-08-16T06:09:24.053301+09:00,全国紙,全国,朝日新聞,記憶保つ仕組み、冬眠させたマウスで解明 カギは強さより配置,http://www.asahi.com/articles/ASV8D2H05V8DUTFL02HM.html,https://www.asahi.com/rss/asahi/newsheadlines.rdf,ok,,サイエンス
2026-08-16,2026-08-16T06:09:24.053301+09:00,全国紙,全国,朝日新聞,児童文学作家の高木敏子さん死去 戦争体験描いた「ガラスのうさぎ」,http://www.asahi.com/articles/ASV8F35T4V8FUCLV01SM.html,https://www.asahi.com/rss/asahi/newsheadlines.rdf,ok,,おくやみ
2026-08-16,2026-08-16T06:09:24.053301+09:00,全国紙,全国,朝日新聞,「世界の工場」へ突き進んだ改革 故・朱鎔基氏、引退後は揺り戻しも,http://www.asahi.com/articles/ASV8D4518V8DUHBI01JM.html,https://www.asahi.com/rss/asahi/newsheadlines.rdf,ok,,おくやみ
2026-08-16,2026-08-16T06:09:24.053301+09:00,全国紙,全国,朝日新聞,中国の朱鎔基・元首相が死去 改革路線進めた「剛腕首相」,http://www.asahi.com/articles/ASV8D3SXFV8DUHBI020M.html,https://www.asahi.com/rss/asahi/newsheadlines.rdf,ok,,おくやみ
2026-08-16,2026-08-16T06:09:24.053301+09:00,全国紙,全国,毎日新聞,「オール岩手」から転換 大谷母校、花巻東に国際化の波 甲子園,https://mainichi.jp/articles/20260815/k00/00m/050/238000c,https://mainichi.jp/rss/etc/mainichi-flash.rss,ok,,ニュース
2026-08-16,2026-08-16T06:09:24.053301+09:00,全国紙,全国,毎日新聞,揺らぐ「平和」:諦めと無関心が漂うそばで...戦争のない世界へどう歩むか,https://mainichi.jp/articles/20260814/k00/00m/040/391000c,https://mainichi.jp/rss/etc/mainichi-flash.rss,ok,,ニュース
2026-08-16,2026-08-16T06:09:24.053301+09:00,全国紙,全国,毎日新聞,「今を頑張る」 90歳で優勝目指すボディービルダーの独自理論,https://mainichi.jp/articles/20260813/k00/00m/040/197000c,https://mainichi.jp/rss/etc/mainichi-flash.rss,ok,,ニュース
2026-08-16,2026-08-16T06:09:24.053301+09:00,全国紙,全国,毎日新聞,経済プラス:最終赤字の東電、発電ゼロの原電に2800億円を支援 19~25年度,https://mainichi.jp/articles/20260813/k00/00m/020/119000c,https://mainichi.jp/rss/etc/mainichi-flash.rss,ok,,ニュース
2026-08-16,2026-08-16T06:09:24.053301+09:00,全国紙,全国,毎日新聞,バスケ男子、韓国に快勝 代表復帰の八村躍動 国際強化試合,https://mainichi.jp/articles/20260815/k00/00m/050/291000c,https://mainichi.jp/rss/etc/mainichi-flash.rss,ok,,ニュース
2026-08-16,2026-08-16T06:09:24.053301+09:00,全国紙,全国,毎日新聞,インドネシア地震、死者は47人に 複数人が建物に閉じ込めも,https://mainichi.jp/articles/20260815/k00/00m/030/281000c,https://mainichi.jp/rss/etc/mainichi-flash.rss,ok,,ニュース
2026-08-16,2026-08-16T06:09:24.053301+09:00,全国紙,全国,毎日新聞,拓大紅陵・加治主将「被害が心配で昨夜もずっと...」 夏の甲子園,https://mainichi.jp/articles/20260815/k00/00m/050/262000c,https://mainichi.jp/rss/etc/mainichi-flash.rss,ok,,ニュース
2026-08-16,2026-08-16T06:09:24.053301+09:00,全国紙,全国,毎日新聞,仙台育英・須江監督、相手応援は「コンサートの特等席」 甲子園,https://mainichi.jp/articles/20260815/k00/00m/050/258000c,https://mainichi.jp/rss/etc/mainichi-flash.rss,ok,,ニュース
2026-08-16,2026-08-16T06:09:24.053301+09:00,全国紙,全国,毎日新聞,熊本地震の震源、日奈久断層帯が出現した瞬間か 貴重映像を撮影,https://mainichi.jp/articles/20260815/k00/00m/040/251000c,https://mainichi.jp/rss/etc/mainichi-flash.rss,ok,,ニュース
2026-08-16,2026-08-16T06:09:24.053301+09:00,全国紙,全国,毎日新聞,拓大紅陵・坂巻監督「選手たちに『ありがとう』」 夏の甲子園,https://mainichi.jp/articles/20260815/k00/00m/050/245000c,https://mainichi.jp/rss/etc/mainichi-flash.rss,ok,,ニュース
2026-08-16,2026-08-16T06:09:24.053301+09:00,全国紙,全国,毎日新聞,排水ポンプ作動せず 豪雨で冠水のアンダーパス、危険性と対策は?,https://mainichi.jp/articles/20260815/k00/00m/040/236000c,https://mainichi.jp/rss/etc/mainichi-flash.rss,ok,,ニュース
2026-08-16,2026-08-16T06:09:24.053301+09:00,全国紙,全国,毎日新聞,読む政治:高市首相、壁の先には靖国 自民は集団参拝で保守層つなぎ留めも,https://mainichi.jp/articles/20260815/k00/00m/010/233000c,https://mainichi.jp/rss/etc/mainichi-flash.rss,ok,,ニュース
2026-08-16,2026-08-16T06:09:24.053301+09:00,全国紙,全国,毎日新聞,閣僚参拝に「強烈な抗議」の中国、韓国は...靖国で見えた中韓の思惑,https://mainichi.jp/articles/20260815/k00/00m/030/227000c,https://mainichi.jp/rss/etc/mainichi-flash.rss,ok,,ニュース
2026-08-16,2026-08-16T06:09:24.053301+09:00,全国紙,全国,毎日新聞,読む政治:「水さす行為だ」良好な日韓関係に響くのか 防衛相の靖国参拝,https://mainichi.jp/articles/20260815/k00/00m/010/225000c,https://mainichi.jp/rss/etc/mainichi-flash.rss,ok,,ニュース
2026-08-16,2026-08-16T06:09:24.053301+09:00,全国紙,全国,毎日新聞,仙台育英が3年ぶりに8強入り 拓大紅陵を降す 夏の甲子園,https://mainichi.jp/articles/20260815/k00/00m/050/140000c,https://mainichi.jp/rss/etc/mainichi-flash.rss,ok,,ニュース
2026-08-16,2026-08-16T06:09:24.053301+09:00,全国紙,全国,毎日新聞,仙台育英「低く強く」 拓大紅陵の軟投派を攻略 夏の甲子園,https://mainichi.jp/articles/20260815/k00/00m/050/217000c,https://mainichi.jp/rss/etc/mainichi-flash.rss,ok,,ニュース
2026-08-16,2026-08-16T06:09:24.053301+09:00,全国紙,全国,毎日新聞,甲子園でいまだ無失点 三重・上田、履正社封じたチェンジアップ,https://mainichi.jp/articles/20260815/k00/00m/050/216000c,https://mainichi.jp/rss/etc/mainichi-flash.rss,ok,,ニュース
2026-08-16,2026-08-16T06:09:24.053301+09:00,全国紙,全国,毎日新聞,熊本地震から2週間あまり J3ロアッソ熊本がホーム開幕戦,https://mainichi.jp/articles/20260815/k00/00m/050/210000c,https://mainichi.jp/rss/etc/mainichi-flash.rss,ok,,ニュース
2026-08-16,2026-08-16T06:09:24.053301+09:00,全国紙,全国,毎日新聞,好守連発、三重2年の二塁手「守備範囲は絶大な自信」 甲子園,https://mainichi.jp/articles/20260815/k00/00m/050/186000c,https://mainichi.jp/rss/etc/mainichi-flash.rss,ok,,ニュース
2026-08-16,2026-08-16T06:09:24.053301+09:00,全国紙,全国,毎日新聞,「孫に平和な世界を」 終戦の日、千鳥ケ淵を訪れた人々の願い,https://mainichi.jp/articles/20260815/k00/00m/040/208000c,https://mainichi.jp/rss/etc/mainichi-flash.rss,ok,,ニュース
2026-08-16,2026-08-16T06:09:24.053301+09:00,全国紙,全国,日本経済新聞,,,,skipped,公式無料RSSなし。著作権ページで自動収集を明確に禁止しているため、自動取得の対象外とする。,
2026-08-16,2026-08-16T06:09:24.053301+09:00,全国紙,全国,産経新聞,トランプ米政権が移民捜査官に電気グローブ計画 人権団体が批判 刑務所や警察施設で使用,https://www.sankei.com/article/20260816-2Y3NMKES6NIY5NX4NLTXUT5QL4/,https://www.sankei.com/,ok,,
2026-08-16,2026-08-16T06:09:24.053301+09:00,全国紙,全国,産経新聞,世界遺産認定 快挙生んだ考古学者の苦闘 百年にわたる魂の系譜...,https://www.sankei.com/article/20260815-QFGOV26NZFOPTOI5VG332AGYEA/,https://www.sankei.com/,ok,,
2026-08-16,2026-08-16T06:09:24.053301+09:00,全国紙,全国,産経新聞,政府が外国と疑われる不審アカウント把握 高市首相「選挙への影...,https://www.sankei.com/article/20260318-U6PW4754BNE3XKFYBTQWPKM65A/,https://www.sankei.com/,ok,,
2026-08-16,2026-08-16T06:09:24.053301+09:00,全国紙,全国,産経新聞,衆院選で国会議員の部屋割り一変 小沢、岡田、安住氏ら自民に明...,https://www.sankei.com/article/20260304-C5JCVB743FEVZMNEAU76GY4VNQ/,https://www.sankei.com/,ok,,
2026-08-16,2026-08-16T06:09:24.053301+09:00,全国紙,全国,産経新聞,立正佼成会が衆院選で中道103人推薦 公明合流影響か 前回立...,https://www.sankei.com/article/20260303-EHLBLQ2BTRCSVGSJVFHI5TBX4U/,https://www.sankei.com/,ok,,
2026-08-16,2026-08-16T06:09:24.053301+09:00,全国紙,全国,産経新聞,小泉防衛相ら靖国参拝、高市首相は武道館から遥拝 自民3幹部は異例の集団参拝 終戦の日,https://www.sankei.com/article/20260815-A22KFSEM7JLJJDHGOKBR265WHU/,https://www.sankei.com/,ok,,
2026-08-16,2026-08-16T06:09:24.053301+09:00,全国紙,全国,産経新聞,新体操の日本、団体2位でロス五輪切符を獲得 全競技通じ出場決定第1号 世界選手権,https://www.sankei.com/article/20260816-RYQ7M64AINOG3CUJURX3574624/,https://www.sankei.com/,ok,,
2026-08-16,2026-08-16T06:09:24.053301+09:00,全国紙,全国,産経新聞,NZ、中国のスパイ活動に警告...「宇宙・衛星情報収集設備」の建設阻止 情報当局が報告書,https://www.sankei.com/article/20260816-EDJJL74DWBLCPCL37E3R4YSZ2M/,https://www.sankei.com/,ok,,
2026-08-16,2026-08-16T06:09:24.053301+09:00,全国紙,全国,産経新聞,熊本地震、八代の防犯カメラが震源断層出現の瞬間を撮影 専門家「大変貴重だ」,https://www.sankei.com/article/20260815-JMUCQIZTYJL53CUWP3C56QLEUA/,https://www.sankei.com/,ok,,
2026-08-16,2026-08-16T06:09:24.053301+09:00,全国紙,全国,産経新聞,海面を漂うボトルキャップの中に「驚くべき生態系」 だれが作り、どこから旅してきたのか,https://www.sankei.com/article/20260815-7BDEVB2SLJKUZEJU3AJ6PXA7EE/,https://www.sankei.com/,ok,,
2026-08-16,2026-08-16T06:09:24.053301+09:00,全国紙,全国,産経新聞,「平和を口にするだけでは平和到来しない」戦没者追悼式参列、最年長98歳の高橋和彦さん,https://www.sankei.com/article/20260815-ZTMMAKUKPNNVHNKJZTWYUGFHCU/,https://www.sankei.com/,ok,,
2026-08-16,2026-08-16T06:09:24.053301+09:00,全国紙,全国,産経新聞,「高市首相の実行力」に国民は期待、文句言っているのは70歳以上と新聞だけ 平井文夫,https://www.sankei.com/article/20260815-D3K4IDQH45NA3AC76QRYHIFCYA/,https://www.sankei.com/,ok,,
2026-08-16,2026-08-16T06:09:24.053301+09:00,全国紙,全国,産経新聞,J3熊本、ホーム初戦に6000人超 試合前に募金や黙禱「元気と笑顔を...準備したい」,https://www.sankei.com/article/20260816-6X6CXHCRXZMB5ENL2CWXDJUE4E/,https://www.sankei.com/,ok,,
2026-08-16,2026-08-16T06:09:24.053301+09:00,全国紙,全国,産経新聞,脳の拡張と改変へ テレパシーによる「超知性」の可能性と倫理的課題 テクノロジーと人類,https://www.sankei.com/article/20260815-OJ42EO2KF5LW5O4IGSMJLQYBDU/,https://www.sankei.com/,ok,,
2026-08-16,2026-08-16T06:09:24.053301+09:00,全国紙,全国,産経新聞,「プラスのパワーを」八村塁、圧巻の22得点 韓国圧倒、W杯予選に弾み バスケ強化試合,https://www.sankei.com/article/20260815-OVHMRAHBQZPW7D5WZSRNJPFC3A/,https://www.sankei.com/,ok,,
2026-08-16,2026-08-16T06:09:24.053301+09:00,全国紙,全国,産経新聞,「AI & DX Leaders’ Conference 2026」9月11日 大手...,https://www.sankei.com/article/20260729-JONX5ORFAJBSBG4D2MGTPB6NP4/,https://www.sankei.com/,ok,,
2026-08-16,2026-08-16T06:09:24.053301+09:00,全国紙,全国,産経新聞,【アーカイブ配信中】人事部門向けセミナー「AIが駆動する人事3.0:採用・育成・タレ...,https://www.sankei.com/article/20260701-7TY77265CVCN5LQS464VQVIRPI/,https://www.sankei.com/,ok,,
2026-08-16,2026-08-16T06:09:24.053301+09:00,全国紙,全国,産経新聞,山形・鶴岡の花火大会 地上付近で爆発、3人軽傷,https://www.sankei.com/article/20260816-LUHVSXTOTJM7POOGSBMFR4JNNQ/,https://www.sankei.com/,ok,,
2026-08-16,2026-08-16T06:09:24.053301+09:00,全国紙,全国,産経新聞,露ロケット開発工場損傷か ウクライナが攻撃,https://www.sankei.com/article/20260815-GRNWOMLSNBO55KOB4JOFVKEBQM/,https://www.sankei.com/,ok,,
2026-08-16,2026-08-16T06:09:24.053301+09:00,全国紙,全国,産経新聞,中村七之助さん、第1子の女児誕生 ラジオで発表,https://www.sankei.com/article/20260816-LZ3BCFWFGZMVBIOGIYPHJSXOHI/,https://www.sankei.com/,ok,,
2026-08-16,2026-08-16T06:09:24.053301+09:00,全国紙,全国,東京新聞,靖国神社「軍服・コスプレ禁止」で風景は変わったのか...開門から閉門まで、記者が密着「8.15靖国ルポ」,https://www.tokyo-np.co.jp/article/508884,https://www.tokyo-np.co.jp/,ok,,
2026-08-16,2026-08-16T06:09:24.053301+09:00,全国紙,全国,東京新聞,ガチ中華界「巨匠」の故郷、黒竜江省の味を求め「味坊鉄鍋荘」へ 次の一手は「シン・町中華」,https://www.tokyo-np.co.jp/article/507785,https://www.tokyo-np.co.jp/,ok,,
2026-08-16,2026-08-16T06:09:24.053301+09:00,全国紙,全国,東京新聞,東京大空襲の犠牲者名簿、東京都はなぜ「非公開」にする?...遺族の願いは 墨田区で新たに1冊発見,https://www.tokyo-np.co.jp/article/508850,https://www.tokyo-np.co.jp/,ok,,
2026-08-16,2026-08-16T06:09:24.053301+09:00,全国紙,全国,東京新聞,性暴力被害にあっても「耐えるしかなかった」 東日本大震災から15年、避難所の改善は今も道半ば,https://www.tokyo-np.co.jp/article/508888,https://www.tokyo-np.co.jp/,ok,,
2026-08-16,2026-08-16T06:09:24.053301+09:00,全国紙,全国,東京新聞,葛飾で100年「断らない」信用力を強みに 釜亀商店・市川兼司社長が心がける対面販売,https://www.tokyo-np.co.jp/article/508437,https://www.tokyo-np.co.jp/,ok,,
2026-08-16,2026-08-16T06:09:24.053301+09:00,全国紙,全国,東京新聞,世界新体操で団体総合2位 日本勢第1号の五輪枠獲得,https://www.tokyo-np.co.jp/article/508904,https://www.tokyo-np.co.jp/,ok,,
2026-08-16,2026-08-16T06:09:24.053301+09:00,全国紙,全国,東京新聞,震源断層の出現映像を撮影 熊本地震、貴重と専門家,https://www.tokyo-np.co.jp/article/508875,https://www.tokyo-np.co.jp/,ok,,
2026-08-16,2026-08-16T06:09:24.053301+09:00,全国紙,全国,東京新聞,高市首相が戦没者追悼式で戦争責任を回避する言い回し 自身の歴史観をアピールする場に,https://www.tokyo-np.co.jp/article/508872,https://www.tokyo-np.co.jp/,ok,,
2026-08-16,2026-08-16T06:09:24.053301+09:00,全国紙,全国,東京新聞,皇室典範改正の議論は終わらない 秋篠宮さま記者会見〈8月9日〜15日〉,https://www.tokyo-np.co.jp/article/508863,https://www.tokyo-np.co.jp/,ok,,
2026-08-16,2026-08-16T06:09:24.053301+09:00,全国紙,全国,東京新聞,「壊す」から「育てる」へ 解体寸前...長崎の昭和レトロな公営団地が魅せる地域再生の新スタイル,https://www.tokyo-np.co.jp/article/507073,https://www.tokyo-np.co.jp/,ok,,
2026-08-16,2026-08-16T06:09:24.053301+09:00,全国紙,全国,東京新聞,八村塁22得点「日本のバスケを強くする」 日本、国際強化試合で韓国に快勝 W杯予選に弾み,https://www.tokyo-np.co.jp/article/508894,https://www.tokyo-np.co.jp/,ok,,
2026-08-16,2026-08-16T06:09:24.053301+09:00,全国紙,全国,東京新聞,女子百m障害、中島が日本新でV 陸上のナイトゲームズ,https://www.tokyo-np.co.jp/article/508871,https://www.tokyo-np.co.jp/,ok,,
2026-08-16,2026-08-16T06:09:24.053301+09:00,全国紙,全国,東京新聞,天理、智弁和歌山など8強 全国高校野球選手権第11日,https://www.tokyo-np.co.jp/article/508817,https://www.tokyo-np.co.jp/,ok,,
2026-08-16,2026-08-16T06:09:24.053301+09:00,全国紙,全国,東京新聞,「不戦の誓い 新たにしよう」「防衛より防災」「武器より医療」 終戦の日、新宿で反戦集会,https://www.tokyo-np.co.jp/article/508873,https://www.tokyo-np.co.jp/,ok,,
2026-08-16,2026-08-16T06:09:24.053301+09:00,全国紙,全国,東京新聞,日韓関係「協力の地平を広げる」韓国・李在明大統領 歴史問題「痛み」への理解求める,https://www.tokyo-np.co.jp/article/508877,https://www.tokyo-np.co.jp/,ok,,
2026-08-16,2026-08-16T06:09:24.053301+09:00,全国紙,全国,東京新聞,スキマバイトで「カイジの世界」を見た高校生からのメール 仮眠は土足の床、「左手輪ゴムの人」と呼ばれ...,https://www.tokyo-np.co.jp/article/377300,https://www.tokyo-np.co.jp/,ok,,
2026-08-16,2026-08-16T06:09:24.053301+09:00,全国紙,全国,東京新聞,〈動画〉望月衣塑子記者が漫画家・小林よしのり氏に聞く 皇室典範改正 「男系男子」に固執するリスクとは,https://www.tokyo-np.co.jp/article/508332,https://www.tokyo-np.co.jp/,ok,,tag_movie
2026-08-16,2026-08-16T06:09:24.053301+09:00,全国紙,全国,東京新聞,〈動画〉世耕弘成氏の自民党復党、結論を持ち越し 派閥裏金事件で離党、旧安倍派幹部「5人衆」,https://www.tokyo-np.co.jp/article/507018,https://www.tokyo-np.co.jp/,ok,,tag_movie
2026-08-16,2026-08-16T06:09:24.053301+09:00,全国紙,全国,東京新聞,平和祈る「隅田川とうろう流し」 吾妻橋周辺に5000個の灯籠、水面をほのかに照らす,https://www.tokyo-np.co.jp/article/508869,https://www.tokyo-np.co.jp/,ok,,square
2026-08-16,2026-08-16T06:09:24.053301+09:00,全国紙,全国,中日新聞,熊本地震 義援金受け付けています,https://www.chunichi.co.jp/article/1291440,https://www.chunichi.co.jp/,ok,,
2026-08-16,2026-08-16T06:09:24.053301+09:00,全国紙,全国,中日新聞,違法薬物の密売巡りトラブルか 豊川、死体遺棄疑いで逮捕の3人と死亡したイラン人男性,https://www.chunichi.co.jp/article/1296961,https://www.chunichi.co.jp/,ok,,
2026-08-16,2026-08-16T06:09:24.053301+09:00,全国紙,全国,中日新聞,首に切り傷、49歳男性死亡 愛知県刈谷市の民家で弟が発見し通報,https://www.chunichi.co.jp/article/1297156,https://www.chunichi.co.jp/,ok,,
2026-08-16,2026-08-16T06:09:24.053301+09:00,全国紙,全国,中日新聞,愛知県一宮市の民家で火災、心肺停止の1人搬送,https://www.chunichi.co.jp/article/1297158,https://www.chunichi.co.jp/,ok,,
2026-08-16,2026-08-16T06:09:24.053301+09:00,全国紙,全国,中日新聞,太平洋戦争の激戦地・フィリピンに立つ「セブ観音像」に平和の祈り 日本人らが慰霊祭,https://www.chunichi.co.jp/article/1297112,https://www.chunichi.co.jp/,ok,,
2026-08-16,2026-08-16T06:09:24.053301+09:00,全国紙,全国,中日新聞,「伝え続けないと」 全国の遺族代表を務めた大垣の金森さん、大役終え平和への願い新た,https://www.chunichi.co.jp/article/1297111,https://www.chunichi.co.jp/,ok,,
2026-08-16,2026-08-16T06:09:24.053301+09:00,全国紙,全国,中日新聞,戦災前の津の町並み写真をAIでカラー化 空襲で7割焼失、津観音の43歳住職がSNS発信,https://www.chunichi.co.jp/article/1297055,https://www.chunichi.co.jp/,ok,,
2026-08-16,2026-08-16T06:09:24.053301+09:00,全国紙,全国,中日新聞,車いす生活の女性、聴導犬・介助犬学院で訓練士目指し奮闘 「当事者だからこその指導を」,https://www.chunichi.co.jp/article/1297042,https://www.chunichi.co.jp/,ok,,
2026-08-16,2026-08-16T06:09:24.053301+09:00,全国紙,全国,中日新聞,中日・巨人のOB戦「LEGENDS MATCH」第1弾出場選手が決定 16日からチケット先行販売,https://www.chunichi.co.jp/article/1297153,https://www.chunichi.co.jp/,ok,,
2026-08-16,2026-08-16T06:09:24.053301+09:00,全国紙,全国,中日新聞,サッカーワールドカップの商業主義と政治介入、ファン置き去り度を越す,https://www.chunichi.co.jp/article/1297090,https://www.chunichi.co.jp/,ok,,
2026-08-16,2026-08-16T06:09:24.053301+09:00,全国紙,全国,中日新聞,浜松市長選挙に公認会計士の松島知次氏が立候補へ 「浜松を世界一美しく、安全で国際的な街」,https://www.chunichi.co.jp/article/1297150,https://www.chunichi.co.jp/,ok,,
2026-08-16,2026-08-16T06:09:24.053301+09:00,全国紙,全国,中日新聞,中日VS巨人レジェンドOB戦、立浪和義さん、江川卓さんら出場 選手第1弾発表、両軍OB会長の小松辰雄さん、中畑清さん筆頭に8人,https://www.chunichi.co.jp/article/1296017,https://www.chunichi.co.jp/,ok,,
2026-08-16,2026-08-16T06:09:24.053301+09:00,全国紙,全国,中日新聞,「移民ビジネス」外国人の受け入れを巡る現実と課題,https://www.chunichi.co.jp/article/1233264,https://www.chunichi.co.jp/,ok,,
2026-08-16,2026-08-16T06:09:24.053301+09:00,全国紙,全国,中日新聞,【南山大&中日新聞ポッドキャスト企画】アメリカを考える~独立宣言から250年の大変動,https://www.chunichi.co.jp/article/1270383,https://www.chunichi.co.jp/,ok,,
2026-08-16,2026-08-16T06:09:24.053301+09:00,全国紙,全国,中日新聞,【第1部・外国人団地】共生を目指す外国人労働者の姿を描く,https://www.chunichi.co.jp/article/1237076,https://www.chunichi.co.jp/,ok,,
2026-08-16,2026-08-16T06:09:24.053301+09:00,全国紙,全国,中日新聞,読者が選んだグッとコラム大賞は...?,https://www.chunichi.co.jp/article/1230731,https://www.chunichi.co.jp/,ok,,
2026-08-16,2026-08-16T06:09:24.053301+09:00,全国紙,全国,中日新聞,【デジタル地図】南海トラフ巨大地震の想定震度マップ。あなたの地域の想定震度をチェック,https://www.chunichi.co.jp/article/1046009,https://www.chunichi.co.jp/,ok,,
2026-08-16,2026-08-16T06:09:24.053301+09:00,全国紙,全国,中日新聞,【動画】東海市の大同特殊鋼知多工場の火災、鎮火の見通し立たず 大量の廃棄物、消火困難な理由は,https://www.chunichi.co.jp/article/1296515,https://www.chunichi.co.jp/,ok,,video
2026-08-16,2026-08-16T06:09:24.053301+09:00,全国紙,全国,中日新聞,男性恩師は戦争に行ったきり...女性恩師に学んだ物語の力 元教員の児童文学者・藤井則行さん「人の心を育てることが平和につながる」,https://www.chunichi.co.jp/article/1296418,https://www.chunichi.co.jp/,ok,,video
2026-08-16,2026-08-16T06:09:24.053301+09:00,全国紙,全国,中日新聞,【動画】郡上・徹夜おどり始まる おはやし、げた、手拍子...夜が更けるごとに高まる熱気,https://www.chunichi.co.jp/article/1295980,https://www.chunichi.co.jp/,ok,,video
2026-08-16,2026-08-16T06:09:24.053301+09:00,地方紙,北海道,北海道新聞,,,,skipped,公式RSSはあるが、見出し・本文の公開(再配信)を認めない旨の規約があるため自動取得の対象外とする。,
2026-08-16,2026-08-16T06:09:24.053301+09:00,地方紙,宮城,河北新報,,,,skipped,robots.txtが/rss/をDisallowしておりRSS購読不可。私的利用限定・二次利用禁止の規約があるため自動取得の対象外とする。,
2026-08-16,2026-08-16T06:09:24.053301+09:00,地方紙,新潟,新潟日報,,,,skipped,利用規約でデータマイニング・テキストマイニング・AI学習目的の情報処理・解析利用を明示的に禁止しているため自動取得の対象外とする。,
2026-08-16,2026-08-16T06:09:24.053301+09:00,地方紙,長野,信濃毎日新聞,【動画付き】「ガチなロケ」で成長 元SBC・前田恵里花アナの今 「エリカ様」が長野県を離れて描く目標08/16 06:05氷点下5度を下回る極寒。黙々と生寒天を並べる「エリカ様」の姿が、信州の視聴者に元気を届けた―。 この春、信越放送(SBC、長野市)を退職し、東京の文化放送へと移ったアナウンサーの前田恵里花さん(26)。同局では29年ぶりとなる正社員の女性アナウンサーだ。幼いころに憧れたテレビの仕事から、声だけで勝負するラジオの世界...,https://www.shinmai.co.jp/news/article/gf01da07cngh93r5kire5qqg,https://www.shinmai.co.jp/,ok,,
2026-08-16,2026-08-16T06:09:24.053301+09:00,地方紙,長野,信濃毎日新聞,【動画付き】諏訪湖畔で国内屈指の花火大会 夜空に咲く大輪や水上スターマインに歓声08/15 22:57,https://www.shinmai.co.jp/news/article/gf01da06sqpgf3e481im7tfg,https://www.shinmai.co.jp/,ok,,
2026-08-16,2026-08-16T06:09:24.053301+09:00,地方紙,長野,信濃毎日新聞,【熊本地震】長野県から今できる支援は?情報をまとめました08/04 17:00,https://www.shinmai.co.jp/news/article/SHEX2026080300004812,https://www.shinmai.co.jp/,ok,,
2026-08-16,2026-08-16T06:09:24.053301+09:00,地方紙,長野,信濃毎日新聞,おじいちゃんから聞いた戦争とつながった 千曲市の14歳が戦没者追悼式で感じたこと08/16 06:04,https://www.shinmai.co.jp/news/article/gf01da0766hgf3e481im7u30,https://www.shinmai.co.jp/,ok,,
2026-08-16,2026-08-16T06:09:24.053301+09:00,地方紙,長野,信濃毎日新聞,「こんな身近に戦争が」小6で感じた驚き 語り継ぐため上田市の16歳が向き合う歴史08/16 06:03,https://www.shinmai.co.jp/news/article/gf01da00jegh93r5kire4nq0,https://www.shinmai.co.jp/,ok,,
2026-08-16,2026-08-16T06:09:24.053301+09:00,地方紙,長野,信濃毎日新聞,子どもが宿題で泣かない夏休みは実現できたか 飯田市の”寺子屋”15年の歩み08/16 06:02,https://www.shinmai.co.jp/news/article/gf01da042koh93r5kire5b20,https://www.shinmai.co.jp/,ok,,
2026-08-16,2026-08-16T06:09:24.053301+09:00,地方紙,長野,信濃毎日新聞,1おくやみ(8月16日付),https://www.shinmai.co.jp/news/article/gf01da04udgh93r5kire5gpg,https://www.shinmai.co.jp/,ok,,
2026-08-16,2026-08-16T06:09:24.053301+09:00,地方紙,長野,信濃毎日新聞,3おくやみ速報(8月16日付分),https://www.shinmai.co.jp/news/article/gf01da04u8hgf3e481im7ie0,https://www.shinmai.co.jp/,ok,,
2026-08-16,2026-08-16T06:09:24.053301+09:00,地方紙,長野,信濃毎日新聞,5鈴木杏さん、長野県に移住するきっかけに 書評「自分を大切にできない時に読む本」(服部みれい、大原扁理著、筑摩書房),https://www.shinmai.co.jp/news/article/gf01d9veho9gf3e481im4hs0,https://www.shinmai.co.jp/,ok,,
2026-08-16,2026-08-16T06:09:24.053301+09:00,地方紙,長野,信濃毎日新聞,6家の外にパンダみたいなクマが座っていた 箕輪町の住宅地で目撃相次ぐ ミツバチの巣箱壊される,https://www.shinmai.co.jp/news/article/gf01da049ohgf3e481im7e3g,https://www.shinmai.co.jp/,ok,,
2026-08-16,2026-08-16T06:09:24.053301+09:00,地方紙,長野,信濃毎日新聞,8おくやみ(8月15日付),https://www.shinmai.co.jp/news/article/gf01d9vevipgf3e481im4klg,https://www.shinmai.co.jp/,ok,,
2026-08-16,2026-08-16T06:09:24.053301+09:00,地方紙,長野,信濃毎日新聞,9塩尻市出身、佐久長聖高3年の阪真琴さんがインターハイ2位を市に報告,https://www.shinmai.co.jp/news/article/gf01d9vem2gh93r5kire2hrg,https://www.shinmai.co.jp/,ok,,
2026-08-16,2026-08-16T06:09:24.053301+09:00,地方紙,長野,信濃毎日新聞,10飯山市の池で男性が溺れ行方不明 警察や消防で捜索するも見つからず,https://www.shinmai.co.jp/news/article/gf01da076j0h93r5kire5qng,https://www.shinmai.co.jp/,ok,,
2026-08-16,2026-08-16T06:09:24.053301+09:00,地方紙,長野,信濃毎日新聞,千葉県の豪雨でも観測 各地で甚大な被害をもたらす「線状降水帯」を正しく理解する長野県社会主要気象・災害ウェブオリジナルイブニング信毎語る@信州08/15 06:01,https://www.shinmai.co.jp/news/article/gf01d9q8jnem5strh1fahll0,https://www.shinmai.co.jp/,ok,,
2026-08-16,2026-08-16T06:09:24.053301+09:00,地方紙,長野,信濃毎日新聞,「ばーば」が忘れなかった大切な人 認知症になってから出会ったのに長野県主要くらし・話題ウェブオリジナルイブニング信毎朝日新聞コラボ「いつも、どこかで」08/14 17:00,https://www.shinmai.co.jp/news/article/gf01d9knc3a374791src776g,https://www.shinmai.co.jp/,ok,,
2026-08-16,2026-08-16T06:09:24.053301+09:00,地方紙,長野,信濃毎日新聞,41年ぶりの南アルプス縦走 変わりゆく光景、変わらぬ姿 北アルプスとは違うたたずまい〈山と人と信州と〉長野県社会主要信州の山ウェブオリジナルイブニング信毎山と人と信州と南アルプス08/14 06:04,https://www.shinmai.co.jp/news/article/gf01d9ul67um5strh1fb4sog,https://www.shinmai.co.jp/,ok,,
2026-08-16,2026-08-16T06:09:24.053301+09:00,地方紙,長野,信濃毎日新聞,「ここがわからんばい!信州」と「ちゅ~も」が初のコラボ! 夏休み特別マンガ公開長野県くらし・話題主要ウェブオリジナルイブニング信毎ちゅ~もここがわからんばい!信州上田市08/14 06:03,https://www.shinmai.co.jp/news/article/gf01d9cs0otnt8tr77semb1g,https://www.shinmai.co.jp/,ok,,
2026-08-16,2026-08-16T06:09:24.053301+09:00,地方紙,長野,信濃毎日新聞,天龍村の平岡ダム 戦後81年の夏に触れた、底見えぬ村民の苦悩長野県社会ウェブオリジナルイブニング信毎天龍村コラム「硬面軟面」08/13 06:05,https://www.shinmai.co.jp/news/article/gf01d9rg1em1rg84iapjepeg,https://www.shinmai.co.jp/,ok,,
2026-08-16,2026-08-16T06:09:24.053301+09:00,地方紙,長野,信濃毎日新聞,【Coming soon】「ここがわからんばい!信州」と「ちゅ~も」に一体何が...? 夏休み特別企画へ長野県くらし・話題ウェブオリジナルちゅ~もここがわからんばい!信州08/12 07:00,https://www.shinmai.co.jp/news/article/gf01d9crvu3bbaif2vd4d9kg,https://www.shinmai.co.jp/,ok,,
2026-08-16,2026-08-16T06:09:24.053301+09:00,地方紙,長野,信濃毎日新聞,想定外のサヨナラ押し出し死球 カメラマンが見た松商学園「伝説の一戦」【プレイバック1991】長野県スポーツイブニング信毎ウェブオリジナル高校野球コラム「硬面軟面」08/11 14:30,https://www.shinmai.co.jp/news/article/gf01d9tbqhmm5strh1favee0,https://www.shinmai.co.jp/,ok,,
2026-08-16,2026-08-16T06:09:24.053301+09:00,地方紙,静岡,静岡新聞,,,https://www.at-s.com/,error,405 Client Error: Not Allowed for url: https://www.at-s.com/,
2026-08-16,2026-08-16T06:09:24.053301+09:00,地方紙,京都,京都新聞,人事異動ポータル,https://www.kyoto-np.co.jp/articles/-/1250583,https://www.kyoto-np.co.jp/,ok,,
2026-08-16,2026-08-16T06:09:24.053301+09:00,地方紙,京都,京都新聞,速報新体操団体がロス五輪出場決定第1号,https://www.kyoto-np.co.jp/articles/-/1772781,https://www.kyoto-np.co.jp/,ok,,
2026-08-16,2026-08-16T06:09:24.053301+09:00,地方紙,京都,京都新聞,京都府が宇治市に「中食ラボ」整備、2027年利用開始へ 総菜商品開発を支援5:10地域京都府は本年度、総菜をはじめとする「中食」などの研究開発拠点「京都プレミアム中食オープンイノベーションラボ(仮称)」の整備に着手する。府南...,https://www.kyoto-np.co.jp/articles/-/1772673,https://www.kyoto-np.co.jp/,ok,,
2026-08-16,2026-08-16T06:09:24.053301+09:00,地方紙,京都,京都新聞,京都で磨いたラジオ芸から生まれた「走る男」 森脇健児さんが語るKBSに望むことは?5:00市内京都在住でお笑いタレントとして活躍する森脇健児さん(59)。若かりし頃から京都のローカル放送局・KBS京都で番組を持ち、同局とは切っても切...,https://www.kyoto-np.co.jp/articles/-/1769921,https://www.kyoto-np.co.jp/,ok,,
2026-08-16,2026-08-16T06:09:24.053301+09:00,地方紙,京都,京都新聞,大阪ベイエリアのホテル大規模リニューアルで「飲食砂漠」解消 USJ利用者も安心、IR将来需要も期待5:30地域大阪市のホテルが、飲食スペースの「クラブラウンジ」を新設するなど、大幅リニューアルした。同時にホテル名も改めた。クラブラウンジは午後11時...,https://www.kyoto-np.co.jp/articles/-/1765304,https://www.kyoto-np.co.jp/,ok,,
2026-08-16,2026-08-16T06:09:24.053301+09:00,地方紙,京都,京都新聞,帰還港の京都・舞鶴で何が起きたのか 米軍取調室と「アカ」狩りの戦後日本5:41地域「春の雪溶けと共に帰還輸送は再開された。おお今日もダモイ列車が通る」ダモイ(帰還)の場面は、こんな詩的な表現で描かれる。ナホトカまでの列車...,https://www.kyoto-np.co.jp/articles/-/1765913,https://www.kyoto-np.co.jp/,ok,,
2026-08-16,2026-08-16T06:09:24.053301+09:00,地方紙,京都,京都新聞,「ともに暮らしても良いかも」 憎悪を乗り越えた元島民の言葉が、京都の13歳の心を揺さぶった5:52地域水平線の向こうに、国後島と歯舞群島がはっきりと見えた。今月4日、北海道根室市の納沙布(のさっぷ)岬で京都府京丹波町の和知中2年、四方海琴(...,https://www.kyoto-np.co.jp/articles/-/1770777,https://www.kyoto-np.co.jp/,ok,,
2026-08-16,2026-08-16T06:09:24.053301+09:00,地方紙,京都,京都新聞,京都市南部クリーンセンターの火災はその後どうなった? 燃えた粗大ごみはそのままで...5:26市内今年1月に起きた火災と、その影響を伝えるパネルが並ぶ〓。京都市南部で集められたごみを焼く市南部クリーンセンター(伏見区横大路)。ごみに混じ...,https://www.kyoto-np.co.jp/articles/-/1771523,https://www.kyoto-np.co.jp/,ok,,
2026-08-16,2026-08-16T06:09:24.053301+09:00,地方紙,京都,京都新聞,「戦争は不幸増やすだけ」 京都府綾部市の川北さん86歳、戦没者追悼式に参列8月15日地域15日に開かれた全国戦没者追悼式には京都府から80人、滋賀県から50人が参列した。戦後81回目の夏を迎え、戦争体験者が少なくなる中、次世代...,https://www.kyoto-np.co.jp/articles/-/1772657,https://www.kyoto-np.co.jp/,ok,,
2026-08-16,2026-08-16T06:09:24.053301+09:00,地方紙,京都,京都新聞,京都市南区の創業100年近い「ラーメン店の相棒」をなぜ売却したのか 3代目社長が決断した深い理由8月15日市内,https://www.kyoto-np.co.jp/articles/-/1772155,https://www.kyoto-np.co.jp/,ok,,
2026-08-16,2026-08-16T06:09:24.053301+09:00,地方紙,京都,京都新聞,全国唯一「謎を呼ぶ」埴輪の「ミステリーサークル」 京都市西京区の「古墳」の意図は8月14日市内,https://www.kyoto-np.co.jp/articles/-/1746016,https://www.kyoto-np.co.jp/,ok,,
2026-08-16,2026-08-16T06:09:24.053301+09:00,地方紙,京都,京都新聞,京都市中京区の看護系大学「第1志望への高い就職実績」が強み 総合大学の看護学部との違いは?8月14日市内,https://www.kyoto-np.co.jp/articles/-/1770791,https://www.kyoto-np.co.jp/,ok,,
2026-08-16,2026-08-16T06:09:24.053301+09:00,地方紙,京都,京都新聞,京都市中心部「創業300年以上」の11代目、京都大学から家業へ 作業着に染みた「父の匂い」が道しるべ8月14日市内,https://www.kyoto-np.co.jp/articles/-/1770869,https://www.kyoto-np.co.jp/,ok,,
2026-08-16,2026-08-16T06:09:24.053301+09:00,地方紙,京都,京都新聞,京都の大手学習塾「京進」が少子化乗り越え成長へ 売上高のけん引役は今や塾にあらず8月14日市内,https://www.kyoto-np.co.jp/articles/-/1771438,https://www.kyoto-np.co.jp/,ok,,
2026-08-16,2026-08-16T06:09:24.053301+09:00,地方紙,京都,京都新聞,京都でも過熱する「お受験」私立小学校を考える家庭の「年収」は? 共働きで増える「ファジー層」8月13日地域,https://www.kyoto-np.co.jp/articles/-/1767562,https://www.kyoto-np.co.jp/,ok,,
2026-08-16,2026-08-16T06:09:24.053301+09:00,地方紙,京都,京都新聞,なぜ滋賀に「京阪電車」が走っているのか 100年前にあった鉄道版「国盗り物語」幻の超特急を追って8月13日地域,https://www.kyoto-np.co.jp/articles/-/1763134,https://www.kyoto-np.co.jp/,ok,,
2026-08-16,2026-08-16T06:09:24.053301+09:00,地方紙,京都,京都新聞,大阪の老舗出版社が「ブックカフェ」始めた理由 「本が身近ではなくなった」関西の出版界、今後どうなる?8月12日地域,https://www.kyoto-np.co.jp/articles/-/1768172,https://www.kyoto-np.co.jp/,ok,,
2026-08-16,2026-08-16T06:09:24.053301+09:00,地方紙,京都,京都新聞,京都市左京区の私立小学校が「募集削減」、入試見直す学校も 変化する京都の「お受験」の現状は8月12日地域,https://www.kyoto-np.co.jp/articles/-/1766723,https://www.kyoto-np.co.jp/,ok,,
2026-08-16,2026-08-16T06:09:24.053301+09:00,地方紙,京都,京都新聞,京都市バスで小学生女児を「取り残し」 「命に関わる」のに見落としたのはなぜ 見えているのに見えない8月12日市内,https://www.kyoto-np.co.jp/articles/-/1767648,https://www.kyoto-np.co.jp/,ok,,
2026-08-16,2026-08-16T06:09:24.053301+09:00,地方紙,京都,京都新聞,京都市北区の大学と祇園祭「知られざる」関係とは?「彬子さま」が鉾に搭乗、背景に「名物ゼミ」の縁8月11日市内,https://www.kyoto-np.co.jp/articles/-/1766745,https://www.kyoto-np.co.jp/,ok,,
2026-08-16,2026-08-16T06:09:24.053301+09:00,地方紙,兵庫,神戸新聞,「二度と戦争がないこと願う」 兵庫の戦没者11万人、遺族ら亡き家族思う 終戦の日、県内各地で慰霊式,https://www.kobe-np.co.jp/news/society/202608/0020711020.shtml,https://www.kobe-np.co.jp/,ok,,
2026-08-16,2026-08-16T06:09:24.053301+09:00,地方紙,兵庫,神戸新聞,終了間際、武藤が劇的同点弾 今季初のホーム戦、ドロー決着は「最低限の結果」 ヴィッセル神戸,https://www.kobe-np.co.jp/news/sports/202608/0020710749.shtml,https://www.kobe-np.co.jp/,ok,,
2026-08-16,2026-08-16T06:09:24.053301+09:00,地方紙,兵庫,神戸新聞,地元市民が宝塚歌劇鑑賞 貸し切りで雪組公演「ポーの一族」 2600人、耽美な世界に浸る,https://www.kobe-np.co.jp/news/hanshin/202608/0020710013.shtml,https://www.kobe-np.co.jp/,ok,,
2026-08-16,2026-08-16T06:09:24.053301+09:00,地方紙,兵庫,神戸新聞,「災害、自分事に」「アナログも重要」拓殖大の濱口特任教授が防災講演会 三田の「ハニーFM」公開収録,https://www.kobe-np.co.jp/news/sanda/202608/0020710024.shtml,https://www.kobe-np.co.jp/,ok,,
2026-08-16,2026-08-16T06:09:24.053301+09:00,地方紙,兵庫,神戸新聞,そろいの浴衣まとい踊りの輪 「丹波篠山デカンショ祭」開幕 16日まで,https://www.kobe-np.co.jp/news/society/202608/0020710379.shtml,https://www.kobe-np.co.jp/,ok,,
2026-08-16,2026-08-16T06:09:24.053301+09:00,地方紙,兵庫,神戸新聞,出征する青年、加古川上空の飛行訓練...児童が描いた戦争 当時小学1年生、相生の前田さんが作品公開,https://www.kobe-np.co.jp/news/seiban/202608/0020710350.shtml,https://www.kobe-np.co.jp/,ok,,
2026-08-16,2026-08-16T06:09:24.053301+09:00,地方紙,兵庫,神戸新聞,水遊びスポットで涼もう 神河・ヨーデルの森に「じゃぶ池キッズパーク」,https://www.kobe-np.co.jp/news/seiban/202608/0020710354.shtml,https://www.kobe-np.co.jp/,ok,,
2026-08-16,2026-08-16T06:09:24.053301+09:00,地方紙,兵庫,神戸新聞,創作の心得はまず「書くこと」 松永K三蔵さん、大原鉄平さんらトーク,https://www.kobe-np.co.jp/news/culture/202608/0020710966.shtml,https://www.kobe-np.co.jp/,ok,,
2026-08-16,2026-08-16T06:09:24.053301+09:00,地方紙,兵庫,神戸新聞,「涼しく快適な」ノエスタに ヴィッセル神戸、空調設備を試験稼働 今後も新設備、暑熱対策強化へ,https://www.kobe-np.co.jp/news/sports/202608/0020709889.shtml,https://www.kobe-np.co.jp/,ok,,
2026-08-16,2026-08-16T06:09:24.053301+09:00,地方紙,兵庫,神戸新聞,神戸・垂水在住ピアニストの上田仁美さん 社会人になり初のソロ公演へ意気込み 9月、西宮,https://www.kobe-np.co.jp/news/kobe/202608/0020709981.shtml,https://www.kobe-np.co.jp/,ok,,
2026-08-16,2026-08-16T06:09:24.053301+09:00,地方紙,兵庫,神戸新聞,夏満喫、納涼フェス かき氷の早食い、手持ち花火大会、ステージや盆踊りも 明石公園で29、30日,https://www.kobe-np.co.jp/news/akashi/202608/0020710067.shtml,https://www.kobe-np.co.jp/,ok,,
2026-08-16,2026-08-16T06:09:24.053301+09:00,地方紙,兵庫,神戸新聞,都市対抗野球、26日開幕 日本製鉄瀬戸内にエール 姫路市役所で壮行会,https://www.kobe-np.co.jp/news/himeji/202608/0020710206.shtml,https://www.kobe-np.co.jp/,ok,,
2026-08-16,2026-08-16T06:09:24.053301+09:00,地方紙,兵庫,神戸新聞,全国59チームが熱戦 少年野球「ミズノドリームカップ」 淡路ラウンド開催【3回戦までの結果あり】,https://www.kobe-np.co.jp/news/awaji/202608/0020710087.shtml,https://www.kobe-np.co.jp/,ok,,
2026-08-16,2026-08-16T06:09:24.053301+09:00,地方紙,兵庫,神戸新聞,<県政リアル 知事就任5年>(6)距離感 離れた大阪、県内首長も模索,https://www.kobe-np.co.jp/news/society/202608/0020681985.shtml,https://www.kobe-np.co.jp/,ok,,
2026-08-16,2026-08-16T06:09:24.053301+09:00,地方紙,兵庫,神戸新聞,<さいとうさんと「私」再び>対立 乗り越えるには 読者の反響編,https://www.kobe-np.co.jp/news/society/202607/0020625928.shtml,https://www.kobe-np.co.jp/,ok,,
2026-08-16,2026-08-16T06:09:24.053301+09:00,地方紙,兵庫,神戸新聞,高卒人材獲得あの手この手 県内高校生求人倍率4倍超、過去最高,https://www.kobe-np.co.jp/news/economy/202608/0020674757.shtml,https://www.kobe-np.co.jp/,ok,,
2026-08-16,2026-08-16T06:09:24.053301+09:00,地方紙,兵庫,神戸新聞,子どもとの向き合い方、会費設定...運営の悩みや疑問を意見交換 指導者ら30人が勉強会,https://www.kobe-np.co.jp/news/kobe/202608/0020706191.shtml,https://www.kobe-np.co.jp/,ok,,
2026-08-16,2026-08-16T06:09:24.053301+09:00,地方紙,兵庫,神戸新聞,西宮市の「危ない交差点」 駅や大学の近く、高架下の変則六差路 自転車と車の事故多発,https://www.kobe-np.co.jp/news/richb/202608/0020694703.shtml,https://www.kobe-np.co.jp/,ok,,
2026-08-16,2026-08-16T06:09:24.053301+09:00,地方紙,兵庫,神戸新聞,<近日公開 8月のオススメ記事>あかふじ米野球、夏の甲子園、「丹波竜」発見20年...etc.,https://www.kobe-np.co.jp/news/richa/202607/0020647485.shtml,https://www.kobe-np.co.jp/,ok,,
2026-08-16,2026-08-16T06:09:24.053301+09:00,地方紙,兵庫,神戸新聞,関西国際大生 尼崎の食材でこだわり防災食開発 カレーリゾット、常温でもおいしく,https://www.kobe-np.co.jp/news/hanshin/202608/0020710010.shtml,https://www.kobe-np.co.jp/,ok,,
2026-08-16,2026-08-16T06:09:24.053301+09:00,地方紙,広島,中国新聞,,,,skipped,利用規約でAI開発目的のディープラーニング等の情報処理・解析利用を明示的に禁止しているため自動取得の対象外とする。,
2026-08-16,2026-08-16T06:09:24.053301+09:00,地方紙,福岡,西日本新聞,,,,skipped,公式RSSはあるが、利用規約でAI学習目的の情報処理・解析利用を明示的に禁止しているため自動取得の対象外とする。,
2026-08-16,2026-08-16T06:09:24.053301+09:00,地方紙,熊本,熊本日日新聞,ベルギーで史上最悪山火事,https://kumanichi.com/articles/2025711,https://kumanichi.com/rss.xml,ok,,
2026-08-16,2026-08-16T06:09:24.053301+09:00,地方紙,熊本,熊本日日新聞,公爵継承、女子も可能に,https://kumanichi.com/articles/2025710,https://kumanichi.com/rss.xml,ok,,
2026-08-16,2026-08-16T06:09:24.053301+09:00,地方紙,熊本,熊本日日新聞,ウクライナ米大使人事難航,https://kumanichi.com/articles/2025709,https://kumanichi.com/rss.xml,ok,,
2026-08-16,2026-08-16T06:09:24.053301+09:00,地方紙,熊本,熊本日日新聞,尖閣周辺で中国海洋調査か,https://kumanichi.com/articles/2025708,https://kumanichi.com/rss.xml,ok,,
2026-08-16,2026-08-16T06:09:24.053301+09:00,地方紙,熊本,熊本日日新聞,花火大会で爆発、3人軽傷,https://kumanichi.com/articles/2025707,https://kumanichi.com/rss.xml,ok,,
2026-08-16,2026-08-16T06:09:24.053301+09:00,地方紙,熊本,熊本日日新聞,中村七之助さん第1子誕生,https://kumanichi.com/articles/2025706,https://kumanichi.com/rss.xml,ok,,
2026-08-16,2026-08-16T06:09:24.053301+09:00,地方紙,熊本,熊本日日新聞,世界新体操で団体総合2位,https://kumanichi.com/articles/2025705,https://kumanichi.com/rss.xml,ok,,
2026-08-16,2026-08-16T06:09:24.053301+09:00,地方紙,熊本,熊本日日新聞,「高額療養費制度」の恩恵,https://kumanichi.com/articles/2025664,https://kumanichi.com/rss.xml,ok,,
2026-08-16,2026-08-16T06:09:24.053301+09:00,地方紙,熊本,熊本日日新聞,意味と意図,https://kumanichi.com/articles/2025663,https://kumanichi.com/rss.xml,ok,,
2026-08-16,2026-08-16T06:09:24.053301+09:00,地方紙,熊本,熊本日日新聞,北方領土初訪問 プーチン氏に毅然対応を,https://kumanichi.com/articles/2025662,https://kumanichi.com/rss.xml,ok,,
2026-08-16,2026-08-16T06:09:24.053301+09:00,地方紙,鹿児島,南日本新聞,海軍兵学校のエリートで真珠湾攻撃に参加して潜水艦長にまでなった15歳上の兄...晩年になって気にかけていたのは、友が搭乗した地元・阿久根の海に沈んだ「紫電改」だった【証言 語り継ぐ戦争】■村山好弘さん(90)=阿久根市山下 私は出水で生まれ、小学校の校長をしていた父の転勤に従い、子どもの時に阿久根へ移って来た。きょうだいは男女6人ずつの12人で、私はその五男。「産めよ増やせよ」と盛んに言われた時代だけに、12人もの子を産んだ母は愛国婦人会から表彰を受けた。それでも早世した者もいて、戦争に行ったのは15歳違いの次兄、芳文だけだった。 頭脳も体格も優れていた兄は旧制出8月15日 19:00,https://373news.com/news/local/detail/238058/,https://373news.com/,ok,,local
2026-08-16,2026-08-16T06:09:24.053301+09:00,地方紙,鹿児島,南日本新聞,本土最南端から元気届けよう 南大隅町の特産品、町民が町外へ贈る送料を無料に 8月31日まで8月15日 20:30,https://373news.com/news/local/detail/237970/,https://373news.com/,ok,,local
2026-08-16,2026-08-16T06:09:24.053301+09:00,地方紙,鹿児島,南日本新聞,児童生徒ら恒久平和の思い新た 姶良で「8.11加治木空襲」平和の集い8月15日 20:00,https://373news.com/news/local/detail/238065/,https://373news.com/,ok,,local
2026-08-16,2026-08-16T06:09:24.053301+09:00,地方紙,鹿児島,南日本新聞,「大恐竜展」来場3万人突破――図書館で図鑑を借りて調べていた小学生...それでも「知らない恐竜がたくさんいた」 鹿児島市黎明館で8月23日まで8月15日 16:30,https://373news.com/news/local/detail/238064/,https://373news.com/,ok,,local
2026-08-16,2026-08-16T06:09:24.053301+09:00,地方紙,鹿児島,南日本新聞,【速報】【近畿総体】競泳西小野(鹿児島情報)優勝 男子100バタフライ8月15日 15:22,https://373news.com/news/local/detail/238084/,https://373news.com/,ok,,local
2026-08-16,2026-08-16T06:09:24.053301+09:00,地方紙,鹿児島,南日本新聞,広島の原爆供養塔近くの石鉢に刻む「鹿児島」の文字...鹿屋の故・木場さん、訪問きっかけ「献花用に」と63年前寄贈8月15日 14:30,https://373news.com/news/local/detail/238063/,https://373news.com/,ok,,local
2026-08-16,2026-08-16T06:09:24.053301+09:00,地方紙,鹿児島,南日本新聞,「手を振ったら......機銃掃射が始まった」15歳のナシ園にいた私たちは米軍機を知らなかった――虎居の空に響いたエンジン音、次の瞬間「ヒュー、ヒュー」曳光弾...その場に伏せるしかなかった【証言 語り継ぐ戦争】8月15日 13:00,https://373news.com/news/local/detail/238057/,https://373news.com/,ok,,local
2026-08-16,2026-08-16T06:09:24.053301+09:00,地方紙,鹿児島,南日本新聞,近代沖縄の新聞が手元に残っている方は連絡を――沖縄県教育庁が戦火で消えた史料収集し、デジタルアーカイブ化 縁深い鹿児島で情報募る8月15日 11:30,https://373news.com/news/local/detail/238056/,https://373news.com/,ok,,local
2026-08-16,2026-08-16T06:09:24.053301+09:00,地方紙,鹿児島,南日本新聞,コロナ禍で5年待った...阿久根の名物行事「華の50歳組」 全国から180人集まり、再会喜ぶ8月15日 11:00,https://373news.com/news/local/detail/238055/,https://373news.com/,ok,,local
2026-08-16,2026-08-16T06:09:24.053301+09:00,地方紙,鹿児島,南日本新聞,1焼酎ブーム去り、量販店増え...町の酒販店30軒から2、3軒へ――「人生ささげたのに何も残らない」70歳店主、地元米で新銘柄に挑む,https://373news.com/news/local/detail/237630/,https://373news.com/,ok,,local
2026-08-16,2026-08-16T06:09:24.053301+09:00,地方紙,鹿児島,南日本新聞,2孫たちと韓国岳で流星群ツアー...夜明け前、最後のやりとりに 頂上から約150メートル下の火口で74歳男性が心肺停止,https://373news.com/news/local/detail/238006/,https://373news.com/,ok,,local
2026-08-16,2026-08-16T06:09:24.053301+09:00,地方紙,鹿児島,南日本新聞,3〈詳報〉H3ロケット打ち上げ2回連続成功 日本版GPS「みちびき」7機体制へ前進 種子島,https://373news.com/news/local/detail/237963/,https://373news.com/,ok,,local
2026-08-16,2026-08-16T06:09:24.053301+09:00,地方紙,鹿児島,南日本新聞,5疎開の支度をして寝入った6月17日夜―東の空から米軍爆撃機の巨体、山にぶつかるほどの低空飛行で兵士の顔が見えた気がした...あれが鹿児島大空襲だった【証言 語り継ぐ戦争】,https://373news.com/news/local/detail/235227/,https://373news.com/,ok,,local
2026-08-16,2026-08-16T06:09:24.053301+09:00,地方紙,鹿児島,南日本新聞,6ソ連軍の隊長は金時計をほしがり、若い兵士は女性を暴行する...。満鉄職員だった我が家は女性たちの避難所に。いざという時、天井裏に逃げる階段もあった【証言 語り継ぐ戦争】,https://373news.com/news/local/detail/221982/,https://373news.com/,ok,,local
2026-08-16,2026-08-16T06:09:24.053301+09:00,地方紙,鹿児島,南日本新聞,7被害者宅近くにカメラ設置、背後から撮影...ストーカー行為で鹿児島市が60歳水道局職員を停職3カ月の懲戒処分,https://373news.com/news/local/detail/238053/,https://373news.com/,ok,,local
2026-08-16,2026-08-16T06:09:24.053301+09:00,地方紙,鹿児島,南日本新聞,8速度違反の取り締まりで止めたら無免許運転だった――オートバイの59歳男を道交法違反容疑で現行犯逮捕 鹿児島南署,https://373news.com/news/local/detail/238041/,https://373news.com/,ok,,local
2026-08-16,2026-08-16T06:09:24.053301+09:00,地方紙,鹿児島,南日本新聞,9想像以上の被害...でも橋は落ちなかった――九州自動車道、予定よりスピード復旧なぜ? 「24時間総動員」ずれた橋桁ジャッキアップ,https://373news.com/news/local/detail/238010/,https://373news.com/,ok,,local
2026-08-16,2026-08-16T06:09:24.053301+09:00,地方紙,鹿児島,南日本新聞,「あって当然」「心の中に踏み込むようだ」...国会で審議続く国旗損壊罪 「日の丸のふるさと」鹿児島の人たちの思いはさまざま7月6日 14:48,https://373news.com/lineup/kotimina/detail/236152/,https://373news.com/,ok,,
2026-08-16,2026-08-16T06:09:24.053301+09:00,地方紙,鹿児島,南日本新聞,世界新体操で団体総合2位 日本勢第1号の五輪枠獲得8月16日 05:22,https://373news.com/news/national/detail/2026081601000046/,https://373news.com/,ok,,national
2026-08-16,2026-08-16T06:09:24.053301+09:00,地方紙,鹿児島,南日本新聞,震源断層の出現映像を撮影 熊本地震、貴重と専門家8月15日 20:08,https://373news.com/news/national/detail/2026081501001109/,https://373news.com/,ok,,national
2026-08-16,2026-08-16T06:09:24.053301+09:00,地方紙,沖縄,琉球新報,,,,skipped,利用規約で複製・複写・送信・頒布・蓄積・転載等を会社の承認なく行うことを広範に禁止しているため自動取得の対象外とする。,
2026-08-16,2026-08-16T06:09:24.053301+09:00,地方紙,沖縄,沖縄タイムス,興南高校がインターハイ優勝 男子ハンドボール 12年ぶり7度目8月15日 13:04興南高校【近畿総体取材班】全国高校総合体育大会(インターハイ)のハンドボール男子決勝が15日、奈良県の天理大杣之内第一体育館で行われ、興南は浦和学院(埼玉)に34-25で勝利し、7度目の頂点に立った。,https://www.okinawatimes.co.jp/articles/-/1902869,https://www.okinawatimes.co.jp/,ok,,
2026-08-16,2026-08-16T06:09:24.053301+09:00,地方紙,沖縄,沖縄タイムス,戦没者追悼式に遺族ら4180人参列 高市首相、式辞で「反省」「不戦」述べず5:30有料#戦後81年,https://www.okinawatimes.co.jp/articles/-/1903098,https://www.okinawatimes.co.jp/,ok,,
2026-08-16,2026-08-16T06:09:24.053301+09:00,地方紙,沖縄,沖縄タイムス,日常生活よりゲーム優先する「ゲーム行動症」 若年層10.3%に疑い 2018年度調査から5ポイント増加5:40有料#医療・健康,https://www.okinawatimes.co.jp/articles/-/1903099,https://www.okinawatimes.co.jp/,ok,,
2026-08-16,2026-08-16T06:09:24.053301+09:00,地方紙,沖縄,沖縄タイムス,夏休み自由研究のヒント満載 海の不思議を体感「すごい」「びっくり」 8月16日まで那覇でパネル展23:16#夏休み,https://www.okinawatimes.co.jp/articles/-/1903059,https://www.okinawatimes.co.jp/,ok,,
2026-08-16,2026-08-16T06:09:24.053301+09:00,地方紙,沖縄,沖縄タイムス,[大弦小弦]3:57有料#大弦小弦,https://www.okinawatimes.co.jp/articles/-/1903100,https://www.okinawatimes.co.jp/,ok,,
2026-08-16,2026-08-16T06:09:24.053301+09:00,地方紙,沖縄,沖縄タイムス,「火柱が上がっている」と119番通報 北谷町のホテルで火災、客室から意識不明の男性を発見23:05#火事,https://www.okinawatimes.co.jp/articles/-/1903057,https://www.okinawatimes.co.jp/,ok,,
2026-08-16,2026-08-16T06:09:24.053301+09:00,地方紙,沖縄,沖縄タイムス,最賃1080円台で大詰め 労働側 全国と格差是正 経営側 賃上げには理解 沖縄地方審議会の協議4:00有料#政治,https://www.okinawatimes.co.jp/articles/-/1903087,https://www.okinawatimes.co.jp/,ok,,
2026-08-16,2026-08-16T06:09:24.053301+09:00,地方紙,沖縄,沖縄タイムス,陸自 極秘スパイ訓練 警戒解く心理操作 ■ 人混みに紛れ接触 現地情報隊 朝霞駐屯地で指導4:00有料#社会・くらし,https://www.okinawatimes.co.jp/articles/-/1903141,https://www.okinawatimes.co.jp/,ok,,
2026-08-16,2026-08-16T06:09:24.053301+09:00,地方紙,沖縄,沖縄タイムス,8人の遺影 新たに掲示 対馬丸事件の犠牲者遺族ら提供 「家族の生きた証し残せる」4:00有料#社会・くらし,https://www.okinawatimes.co.jp/articles/-/1903115,https://www.okinawatimes.co.jp/,ok,,
2026-08-16,2026-08-16T06:09:24.053301+09:00,地方紙,沖縄,沖縄タイムス,泥にまみれ 大人も笑顔 宮古「サニツ浜カーニバル」4:00有料#地域,https://www.okinawatimes.co.jp/articles/-/1903045,https://www.okinawatimes.co.jp/,ok,,
2026-08-16,2026-08-16T06:09:24.053301+09:00,地方紙,沖縄,沖縄タイムス,[与那原大綱曳 8.16]カナチ綱 上々の仕上がり 新島・中島区が闘志 与那原大綱曳きょう本番4:00有料#地域,https://www.okinawatimes.co.jp/articles/-/1903035,https://www.okinawatimes.co.jp/,ok,,
2026-08-16,2026-08-16T06:09:24.053301+09:00,地方紙,沖縄,沖縄タイムス,[Jリーグ][J3 明治安田](第2節) 琉球不発 開幕黒星4:00有料#スポーツ,https://www.okinawatimes.co.jp/articles/-/1903156,https://www.okinawatimes.co.jp/,ok,,
2026-08-16,2026-08-16T06:09:24.053301+09:00,地方紙,沖縄,沖縄タイムス,[全国高校 近畿総体]冠 GK2人 鉄壁築く 仲松と岡本 チームに勢い 緻密に分析 好守連発 (13面と開く)4:00有料#スポーツ,https://www.okinawatimes.co.jp/articles/-/1903129,https://www.okinawatimes.co.jp/,ok,,
2026-08-16,2026-08-16T06:09:24.053301+09:00,地方紙,沖縄,沖縄タイムス,北の地で「らしさ」キラリ 写真甲子園 浦添工高3位 服部・幸地・國場さん撮影4:00有料#教育,https://www.okinawatimes.co.jp/articles/-/1903040,https://www.okinawatimes.co.jp/,ok,,
2026-08-16,2026-08-16T06:09:24.053301+09:00,地方紙,沖縄,沖縄タイムス,【桜坂劇場・下地久美子の映画コレ見た?】『ヒトラーの毒見役』不安と恐怖の中の連帯6:00#映画,https://www.okinawatimes.co.jp/articles/-/1901771,https://www.okinawatimes.co.jp/,ok,,
2026-08-16,2026-08-16T06:09:24.053301+09:00,地方紙,沖縄,沖縄タイムス,ベルギーで史上最悪山火事 EUが消火活動支援5:40#国際,https://www.okinawatimes.co.jp/articles/-/1903191,https://www.okinawatimes.co.jp/,ok,,
2026-08-16,2026-08-16T06:09:24.053301+09:00,地方紙,沖縄,沖縄タイムス,親川志奈子 さんがコメント(8月14日 8:30),https://www.okinawatimes.co.jp/articles/-/1901324,https://www.okinawatimes.co.jp/,ok,,
2026-08-16,2026-08-16T06:09:24.053301+09:00,地方紙,沖縄,沖縄タイムス,親川志奈子 さんがコメント(8月14日 7:12),https://www.okinawatimes.co.jp/articles/-/1901143,https://www.okinawatimes.co.jp/,ok,,
2026-08-16,2026-08-16T06:09:24.053301+09:00,全国紙,全国,産経新聞,高市日誌15日(土),https://www.sankei.com/article/20260816-3E2RFPOXM5OKFOTXOQ4R3AWIHA/,https://news.ceek.jp/search.cgi?category_id=politics&feed=1,ok,,政治
2026-08-16,2026-08-16T06:09:24.053301+09:00,全国紙,全国,読売新聞,タイ旅行者や在留邦人の犯罪被害、無料の現地弁護士相談開始へ...東南アジアでの邦人保護強化,https://www.yomiuri.co.jp/politics/20260815-GYT1T00430/,https://news.ceek.jp/search.cgi?category_id=politics&feed=1,ok,,政治
2026-08-16,2026-08-16T06:09:24.053301+09:00,全国紙,全国,読売新聞,靖国神社参拝見送った高市首相、外交への影響考慮か...保守層からは在任中の参拝求める声も,https://www.yomiuri.co.jp/politics/20260815-GYT1T00432/,https://news.ceek.jp/search.cgi?category_id=politics&feed=1,ok,,政治
2026-08-16,2026-08-16T06:09:24.053301+09:00,全国紙,全国,読売新聞,高市首相の一日(15日),https://www.yomiuri.co.jp/politics/20260816-GYT1T00048/,https://news.ceek.jp/search.cgi?category_id=politics&feed=1,ok,,政治
2026-08-16,2026-08-16T06:09:24.053301+09:00,全国紙,全国,読売新聞,[スキャナー]「現役世代の負担減」 社保改革 秋に熟議へ...高齢者窓口負担 年内に工程表,https://www.yomiuri.co.jp/politics/20260815-GYT1T00350/,https://news.ceek.jp/search.cgi?category_id=politics&feed=1,ok,,政治
2026-08-16,2026-08-16T06:09:24.053301+09:00,全国紙,全国,毎日新聞,首相日々 15日,https://mainichi.jp/articles/20260816/ddm/012/010/126000c,https://news.ceek.jp/search.cgi?category_id=politics&feed=1,ok,,政治
2026-08-16,2026-08-16T06:09:24.053301+09:00,その他メディア,,Abema TIMES,戦後81年 戦没者追悼式で 高市総理 「反省」触れず,https://times.abema.tv/articles/-/10267352?page=1,https://news.ceek.jp/search.cgi?category_id=politics&feed=1,ok,,政治
2026-08-16,2026-08-16T06:09:24.053301+09:00,その他メディア,,テレビ朝日,戦後81年 戦没者追悼式で 高市総理 「反省」触れず,https://news.tv-asahi.co.jp/news_politics/articles/900197230.html,https://news.ceek.jp/search.cgi?category_id=politics&feed=1,ok,,政治
2026-08-16,2026-08-16T06:09:24.053301+09:00,全国紙,全国,日本経済新聞,尖閣周辺で中国海洋調査か 海保が中止要求、域外へ,https://www.nikkei.com/article/DGXZQOUD152PL0V10C26A8000000/,https://news.ceek.jp/search.cgi?category_id=politics&feed=1,ok,,政治
2026-08-16,2026-08-16T06:09:24.053301+09:00,全国紙,全国,日本経済新聞,高市首相「日本はインドネシアと共に」 Xで地震死者を追悼,https://www.nikkei.com/article/DGXZQOUA152F90V10C26A8000000/,https://news.ceek.jp/search.cgi?category_id=politics&feed=1,ok,,政治
2026-08-16,2026-08-16T06:09:24.053301+09:00,全国紙,全国,日本経済新聞,15日の高市首相の動静,https://www.nikkei.com/article/DGXZQOUA150AO0V10C26A8000000/,https://news.ceek.jp/search.cgi?category_id=politics&feed=1,ok,,政治
2026-08-16,2026-08-16T06:09:24.053301+09:00,その他メディア,,時事通信,首相動静(8月15日),https://www.jiji.com/jc/article?k=2026081500207&g=pol,https://news.ceek.jp/search.cgi?category_id=politics&feed=1,ok,,政治
2026-08-16,2026-08-16T06:09:24.053301+09:00,全国紙,全国,読売新聞,小泉防衛相ら閣僚4人が靖国神社参拝、高市首相は武道館駐車場から神社方向に「二礼二拍手一礼」,https://www.yomiuri.co.jp/politics/20260815-GYT1T00240/,https://news.ceek.jp/search.cgi?category_id=politics&feed=1,ok,,政治
2026-08-16,2026-08-16T06:09:24.053301+09:00,その他メディア,,日本テレビ,高市政権 日本の平和守れるか 終戦から81年【いまを、戦前にさせない】,https://news.ntv.co.jp/category/politics/f9b3b81a6f22411a8fc083cf646878f0,https://news.ceek.jp/search.cgi?category_id=politics&feed=1,ok,,政治
2026-08-16,2026-08-16T06:09:24.053301+09:00,全国紙,全国,朝日新聞,【社説】4閣僚の靖国参拝と首相の式辞 危うい「反省」の風化,https://www.asahi.com/articles/ASV8H34JWV8HUSPT002M.html,https://news.ceek.jp/search.cgi?category_id=politics&feed=1,ok,,政治
2026-08-16,2026-08-16T06:09:24.053301+09:00,その他メディア,,テレビ朝日,終戦81年 古賀誠氏が語る戦争の記憶 改憲議論...「憲法9条は守り通す」,https://news.tv-asahi.co.jp/news_politics/articles/000526566.html,https://news.ceek.jp/search.cgi?category_id=politics&feed=1,ok,,政治
2026-08-16,2026-08-16T06:09:24.053301+09:00,その他メディア,,共同通信,小泉防衛相ら4閣僚が靖国参拝 高市首相、武道館から「遥拝」,https://www.47news.jp/14792046.html,https://news.ceek.jp/search.cgi?category_id=politics&feed=1,ok,,政治
2026-08-16,2026-08-16T06:09:24.053301+09:00,その他メディア,,共同通信,【速報】首相、靖国神社参拝せず,https://www.47news.jp/14794331.html,https://news.ceek.jp/search.cgi?category_id=politics&feed=1,ok,,政治
2026-08-16,2026-08-16T06:09:24.053301+09:00,全国紙,全国,毎日新聞,高市首相、直接参拝は見送ったが... 印象づけた靖国へのこだわり,https://mainichi.jp/articles/20260815/k00/00m/010/173000c,https://news.ceek.jp/search.cgi?category_id=politics&feed=1,ok,,政治
2026-08-16,2026-08-16T06:09:24.053301+09:00,全国紙,全国,日本経済新聞,靖国参拝、自民党幹部が「代役」 高市首相は見送り武道館から遥拝,https://www.nikkei.com/article/DGXZQOUA145CH0U6A810C2000000/,https://news.ceek.jp/search.cgi?category_id=politics&feed=1,ok,,政治
2026-08-16,2026-08-16T06:09:24.053301+09:00,その他メディア,,JBpress,【金利上昇、国債どう買う?】「変動が得」は本当?今こそ考えたい、個人向け国債の選び方【篠田尚子のMoney Podcast】,https://jbpress.ismedia.jp/articles/-/96473,https://news.ceek.jp/search.cgi?category_id=politics&feed=1,ok,,政治
2026-08-16,2026-08-16T06:09:24.053301+09:00,全国紙,全国,朝日新聞,終戦の日、都心にはためいた日の丸 国旗損壊処罰法をめぐって応酬も,https://www.asahi.com/articles/ASV8H2QDWV8HUTIL00BM.html,https://news.ceek.jp/search.cgi?category_id=politics&feed=1,ok,,政治
2026-08-16,2026-08-16T06:09:24.053301+09:00,全国紙,全国,産経新聞,「台湾発展の一助に」 高鉄に東海道新幹線の最新車両ベース「N700ST」日本から到着,https://www.sankei.com/article/20260815-C2UTRVGJQJIF3N4YNX2GRLP7WY/,https://news.ceek.jp/search.cgi?category_id=politics&feed=1,ok,,政治
2026-08-16,2026-08-16T06:09:24.053301+09:00,その他メディア,,フジテレビ,終戦の日 高市総理は靖国参拝見送り私費で玉串料奉納 小泉防衛大臣など4閣僚が参拝 自民・鈴木幹事長など幹部は3人揃って,https://www.fnn.jp/articles/-/1095264,https://news.ceek.jp/search.cgi?category_id=politics&feed=1,ok,,政治
2026-08-16,2026-08-16T06:09:24.053301+09:00,その他メディア,,日本テレビ,小泉防衛相ら閣僚や自民幹部が靖国神社を参拝 高市首相は参拝見送り「遥拝」,https://news.ntv.co.jp/category/politics/ca03e63eee7d40e1bf09b4896d9f610e,https://news.ceek.jp/search.cgi?category_id=politics&feed=1,ok,,政治
2026-08-16,2026-08-16T06:09:24.053301+09:00,その他メディア,,日本テレビ,「終戦の日」全国戦没者追悼式 高市首相「反省」言及せず,https://news.ntv.co.jp/category/politics/e4c357550d184f9a8686b88f0704541f,https://news.ceek.jp/search.cgi?category_id=politics&feed=1,ok,,政治
2026-08-16,2026-08-16T06:09:24.053301+09:00,その他メディア,,フジテレビ,終戦から81年 広島でも平和願う声 8月15日は「終戦の日」,https://www.fnn.jp/articles/-/1095316,https://news.ceek.jp/search.cgi?category_id=politics&feed=1,ok,,政治
2026-08-16,2026-08-16T06:09:24.053301+09:00,全国紙,全国,毎日新聞,韓国外務省、靖国参拝を批判 「歴史を忘却した時代錯誤の行為」,https://mainichi.jp/articles/20260815/k00/00m/030/156000c,https://news.ceek.jp/search.cgi?category_id=politics&feed=1,ok,,政治
2026-08-16,2026-08-16T06:09:24.053301+09:00,その他メディア,,テレビ朝日,高市総理が靖国神社にむかって遥拝,https://news.tv-asahi.co.jp/news_politics/articles/000526562.html,https://news.ceek.jp/search.cgi?category_id=politics&feed=1,ok,,政治
2026-08-16,2026-08-16T06:09:24.053301+09:00,全国紙,全国,日本経済新聞,高市首相の追悼式式辞「反省」「不戦の誓い」使わず 石破氏は復活,https://www.nikkei.com/article/DGXZQOUA143000U6A810C2000000/,https://news.ceek.jp/search.cgi?category_id=politics&feed=1,ok,,政治
2026-08-16,2026-08-16T06:09:24.053301+09:00,その他メディア,,デイリースポーツ,小泉氏参拝、日韓防衛協力に懸念,https://www.daily.co.jp/society/politics/2026/08/15/0020709227.shtml,https://news.ceek.jp/search.cgi?category_id=politics&feed=1,ok,,政治
2026-08-16,2026-08-16T06:09:24.053301+09:00,その他メディア,,共同通信,小泉氏参拝、日韓防衛協力に懸念 防衛省幹部、韓国側反応に身構え,https://www.47news.jp/14793882.html,https://news.ceek.jp/search.cgi?category_id=politics&feed=1,ok,,政治
2026-08-16,2026-08-16T06:09:24.053301+09:00,全国紙,全国,日本経済新聞,高市首相、靖国神社参拝見送り 日本武道館から「二拝二拍手一拝」,https://www.nikkei.com/article/DGXZQOUA151CJ0V10C26A8000000/,https://news.ceek.jp/search.cgi?category_id=politics&feed=1,ok,,政治
2026-08-16,2026-08-16T06:09:24.053301+09:00,全国紙,全国,産経新聞,高市首相、靖国神社に向かって遥拝 武道館の敷地から北西へ「二拝二拍手一拝」 終戦の日,https://www.sankei.com/article/20260815-R554U5DDGJPO7DXZQI4RAIU4OI/,https://news.ceek.jp/search.cgi?category_id=politics&feed=1,ok,,政治
2026-08-16,2026-08-16T06:09:24.053301+09:00,その他メディア,,共同通信,【速報】首相、靖国神社に向かって二拝二拍手一拝,https://www.47news.jp/14793796.html,https://news.ceek.jp/search.cgi?category_id=politics&feed=1,ok,,政治
2026-08-16,2026-08-16T06:09:24.053301+09:00,その他メディア,,共同通信,茂木外相、欧州アジア歴訪調整 経済協力、エネ安保議論,https://www.47news.jp/14793734.html,https://news.ceek.jp/search.cgi?category_id=politics&feed=1,ok,,政治
2026-08-16,2026-08-16T06:09:24.053301+09:00,その他メディア,,デイリースポーツ,茂木外相、欧州アジア歴訪調整,https://www.daily.co.jp/society/politics/2026/08/15/0020708988.shtml,https://news.ceek.jp/search.cgi?category_id=politics&feed=1,ok,,政治
2026-08-16,2026-08-16T06:09:24.053301+09:00,全国紙,全国,毎日新聞,高市首相は靖国神社の方向へ「遥拝」 全国戦没者追悼式の開会前,https://mainichi.jp/articles/20260815/k00/00m/010/119000c,https://news.ceek.jp/search.cgi?category_id=politics&feed=1,ok,,政治
2026-08-16,2026-08-16T06:09:24.053301+09:00,その他メディア,,Abema TIMES,"古賀 誠氏 憲法9条“改正議論""にくぎ",https://times.abema.tv/articles/-/10267315?page=1,https://news.ceek.jp/search.cgi?category_id=politics&feed=1,ok,,政治
2026-08-16,2026-08-16T06:09:24.053301+09:00,その他メディア,,Abema TIMES,終戦の日 自民党幹部がそろって靖国神社参拝,https://times.abema.tv/articles/-/10267316?page=1,https://news.ceek.jp/search.cgi?category_id=politics&feed=1,ok,,政治
2026-08-16,2026-08-16T06:09:24.053301+09:00,その他メディア,,共同通信,【速報】茂木外相、欧州とアジア4カ国歴訪を調整,https://www.47news.jp/14793659.html,https://news.ceek.jp/search.cgi?category_id=politics&feed=1,ok,,政治
2026-08-16,2026-08-16T06:09:24.053301+09:00,全国紙,全国,日本経済新聞,高市首相「世界の平和と繁栄に尽力」 全国戦没者追悼式の式辞全文,https://www.nikkei.com/article/DGXZQOUA1513O0V10C26A8000000/,https://news.ceek.jp/search.cgi?category_id=politics&feed=1,ok,,政治
2026-08-16,2026-08-16T06:09:24.053301+09:00,全国紙,全国,産経新聞,中国が高市首相の玉串料奉納に「強い抗議」 対日姿勢硬化のなか批判のトーン上げる,https://www.sankei.com/article/20260815-EIAHCZIX5JIAXEFWQ4YN4AHXMQ/,https://news.ceek.jp/search.cgi?category_id=politics&feed=1,ok,,政治
2026-08-16,2026-08-16T06:09:24.053301+09:00,全国紙,全国,産経新聞,中国の対日批判長期化に備えよ,https://www.sankei.com/article/20260815-KAFX25MBT5INTAIDIDRBFT4LOY/,https://news.ceek.jp/search.cgi?category_id=politics&feed=1,ok,,政治
2026-08-16,2026-08-16T06:09:24.053301+09:00,全国紙,全国,産経新聞,小泉防衛相、靖国参拝の思いをXに「戦後日本は平和国家の歩み重ねた」 不戦の誓い新た,https://www.sankei.com/article/20260815-WWZVSBRIWBG5TKQENJF3XM6ERI/,https://news.ceek.jp/search.cgi?category_id=politics&feed=1,ok,,政治
2026-08-16,2026-08-16T06:09:24.053301+09:00,全国紙,全国,産経新聞,参政党・神谷宗幣氏、靖国参拝「私人か公人かは不毛」 メディアに「たたくことやめて」,https://www.sankei.com/article/20260815-O532D6J4WNA4NINZXJZ6ZR5LGU/,https://news.ceek.jp/search.cgi?category_id=politics&feed=1,ok,,政治
2026-08-16,2026-08-16T06:09:24.053301+09:00,全国紙,全国,産経新聞,保守党・百田氏、靖国参拝「戦争を二度と起こさない、との言い方は違う」侵略には「戦う」,https://www.sankei.com/article/20260815-DJF6VYN64VBLJJSVGBKLTMF2IE/,https://news.ceek.jp/search.cgi?category_id=politics&feed=1,ok,,政治
2026-08-16,2026-08-16T06:09:24.053301+09:00,全国紙,全国,朝日新聞,神風特攻隊と「十死零生」 ドローン時代に知覧から考える国家の責任,https://www.asahi.com/articles/ASV8C2RYLV8CUTFK006M.html,https://news.ceek.jp/search.cgi?category_id=politics&feed=1,ok,,政治
2026-08-16,2026-08-16T06:09:24.053301+09:00,全国紙,全国,産経新聞,高市首相「戦争の惨禍、二度と繰り返させぬ」...戦没者310万人に「敬意と感謝」式辞全文,https://www.sankei.com/article/20260815-Y26X2RF5XBCZ7OFQWPSEVZWH2Q/,https://news.ceek.jp/search.cgi?category_id=politics&feed=1,ok,,政治
2026-08-16,2026-08-16T06:09:24.053301+09:00,全国紙,全国,読売新聞,高市首相が追悼式式辞「我が国の平和と繁栄は戦没者の尊い命と苦難の歴史の上に」...「反省」には触れず,https://www.yomiuri.co.jp/politics/20260815-GYT1T00114/,https://news.ceek.jp/search.cgi?category_id=politics&feed=1,ok,,政治
2026-08-16,2026-08-16T06:09:24.053301+09:00,その他メディア,,共同通信,首相「惨禍繰り返させず」 安保注力、独自色盛り込む,https://www.47news.jp/14793108.html,https://news.ceek.jp/search.cgi?category_id=politics&feed=1,ok,,政治
2026-08-16,2026-08-16T06:09:24.053301+09:00,その他メディア,,デイリースポーツ,首相「惨禍繰り返させず」,https://www.daily.co.jp/society/politics/2026/08/15/0020708596.shtml,https://news.ceek.jp/search.cgi?category_id=politics&feed=1,ok,,政治
2026-08-16,2026-08-16T06:09:24.053301+09:00,その他メディア,,テレビ朝日,"終戦の日 古賀誠氏 憲法9条“改正議論""に危惧「戦争できる国に近づいているのでは」",https://news.tv-asahi.co.jp/news_politics/articles/000526514.html,https://news.ceek.jp/search.cgi?category_id=politics&feed=1,ok,,政治
2026-08-16,2026-08-16T06:09:24.053301+09:00,その他メディア,,テレビ朝日,終戦の日 自民党幹部がそろって靖国参拝 高市総理は私費で玉串料奉納,https://news.tv-asahi.co.jp/news_politics/articles/000526515.html,https://news.ceek.jp/search.cgi?category_id=politics&feed=1,ok,,政治
2026-08-16,2026-08-16T06:09:24.053301+09:00,全国紙,全国,産経新聞,高市首相、石破氏の「反省」踏襲せず 追悼式式辞で「輝く灯台」「希望」と果たす役割強調,https://www.sankei.com/article/20260815-PAMN3VQBUFIF5IGAQE7WYG5HD4/,https://news.ceek.jp/search.cgi?category_id=politics&feed=1,ok,,政治
2026-08-16,2026-08-16T06:09:24.053301+09:00,全国紙,全国,東京新聞,〈高市首相の式辞全文〉「戦争の惨禍を二度と繰り返させない」 全国戦没者追悼式,https://www.tokyo-np.co.jp/article/508644,https://news.ceek.jp/search.cgi?category_id=politics&feed=1,ok,,政治
2026-08-16,2026-08-16T06:09:24.053301+09:00,全国紙,全国,毎日新聞,高市首相、追悼式で「反省」に言及せず 石破前首相が復活の文言,https://mainichi.jp/articles/20260815/k00/00m/010/056000c,https://news.ceek.jp/search.cgi?category_id=politics&feed=1,ok,,政治
2026-08-16,2026-08-16T06:09:24.053301+09:00,その他メディア,,日本テレビ,「終戦の日」靖国神社に閣僚や自民幹部が参拝 高市首相は玉串料を私費で奉納,https://news.ntv.co.jp/category/politics/0afa92c7bb21429eb8e15fcfbeb51a2f,https://news.ceek.jp/search.cgi?category_id=politics&feed=1,ok,,政治
2026-08-16,2026-08-16T06:09:24.053301+09:00,全国紙,全国,毎日新聞,靖国参拝の小泉進次郎防衛相がX投稿「不戦の誓い、決意新たに」,https://mainichi.jp/articles/20260815/k00/00m/010/054000c,https://news.ceek.jp/search.cgi?category_id=politics&feed=1,ok,,政治
2026-08-16,2026-08-16T06:09:24.053301+09:00,全国紙,全国,読売新聞,全国戦没者追悼式での高市首相の式辞全文...「インド太平洋の輝く灯台として頼りにされる国に」,https://www.yomiuri.co.jp/politics/20260815-GYT1T00105/,https://news.ceek.jp/search.cgi?category_id=politics&feed=1,ok,,政治
2026-08-16,2026-08-16T06:09:24.053301+09:00,その他メディア,,フジテレビ,高市総理「戦争の惨禍を二度と繰り返させない」 全国戦没者追悼式の式辞全文,https://www.fnn.jp/articles/-/1095154,https://news.ceek.jp/search.cgi?category_id=politics&feed=1,ok,,政治
2026-08-16,2026-08-16T06:09:24.053301+09:00,その他メディア,,フジテレビ,終戦の日 小泉防衛大臣など高市内閣4人の閣僚が靖国参拝 高市総理は玉串料納める 自民・鈴木幹事長ら幹部3人も参拝,https://www.fnn.jp/articles/-/1095153,https://news.ceek.jp/search.cgi?category_id=politics&feed=1,ok,,政治
2026-08-16,2026-08-16T06:09:24.053301+09:00,全国紙,全国,産経新聞,中国、北方領土問題でロシア寄り鮮明に 毛沢東は「日本に返還すべき」と発言したことも,https://www.sankei.com/article/20260815-VMYZHHXWOZMINCGXLCBJT7KPH4/,https://news.ceek.jp/search.cgi?category_id=politics&feed=1,ok,,政治
2026-08-16,2026-08-16T06:09:24.053301+09:00,その他メディア,,フジテレビ,「日常取り戻すために被災者に伴走を」熊本市が「震災復興本部」設置【令和8年熊本地震】,https://www.fnn.jp/articles/-/1095167,https://news.ceek.jp/search.cgi?category_id=politics&feed=1,ok,,政治
2026-08-16,2026-08-16T06:09:24.053301+09:00,その他メディア,,共同通信,【速報】不戦の誓いを新たにしたと小泉防衛相,https://www.47news.jp/14792904.html,https://news.ceek.jp/search.cgi?category_id=politics&feed=1,ok,,政治
2026-08-16,2026-08-16T06:09:24.053301+09:00,全国紙,全国,産経新聞,小泉防衛相の靖国参拝を速報 中国国営テレビ、高市政権を「新型軍国主義」と一方的批判,https://www.sankei.com/article/20260815-JUWMP25JCZKSDGEV7JPVP5IFZM/,https://news.ceek.jp/search.cgi?category_id=politics&feed=1,ok,,政治
2026-08-16,2026-08-16T06:09:24.053301+09:00,全国紙,全国,産経新聞,沖縄・尖閣諸島周辺に武装した中国海警局船 7日連続、海保巡視船が警告,https://www.sankei.com/article/20260815-FC4CL55IYNNYRKHITFIOUURPRY/,https://news.ceek.jp/search.cgi?category_id=politics&feed=1,ok,,政治
2026-08-16,2026-08-16T06:09:24.053301+09:00,全国紙,全国,産経新聞,「戦争美化の施設ではない」自民・古屋圭司氏、靖国参拝「他国から批判される筋合いない」,https://www.sankei.com/article/20260815-NC6NDRSDINEQXJZTJGQQ6AQZ6M/,https://news.ceek.jp/search.cgi?category_id=politics&feed=1,ok,,政治
2026-08-16,2026-08-16T06:09:24.053301+09:00,全国紙,全国,毎日新聞,城内実経済財政担当相が靖国参拝 終戦の日,https://mainichi.jp/articles/20260815/k00/00m/010/045000c,https://news.ceek.jp/search.cgi?category_id=politics&feed=1,ok,,政治
2026-08-16,2026-08-16T06:09:24.053301+09:00,全国紙,全国,日本経済新聞,ロシア外交「失敗を検証せよ」「欧州と連携を」 識者に聞く展望,https://www.nikkei.com/article/DGXZQOUA1348D0T10C26A8000000/,https://news.ceek.jp/search.cgi?category_id=politics&feed=1,ok,,政治
2026-08-16,2026-08-16T06:09:24.053301+09:00,その他メディア,,日本テレビ,【速報】城内成長戦略相が靖国神社に参拝 終戦の日に合わせ,https://news.ntv.co.jp/category/politics/8b4fd12ab0af4c01ab2fc54f036e3dc0,https://news.ceek.jp/search.cgi?category_id=politics&feed=1,ok,,政治
2026-08-16,2026-08-16T06:09:24.053301+09:00,その他メディア,,共同通信,【速報】城内経済財政担当相が靖国神社を参拝,https://www.47news.jp/14792560.html,https://news.ceek.jp/search.cgi?category_id=politics&feed=1,ok,,政治
2026-08-16,2026-08-16T06:09:24.053301+09:00,その他メディア,,共同通信,【速報】千葉の避難指示解除,https://www.47news.jp/14792553.html,https://news.ceek.jp/search.cgi?category_id=politics&feed=1,ok,,政治
2026-08-16,2026-08-16T06:09:24.053301+09:00,全国紙,全国,毎日新聞,小野田紀美氏が靖国参拝 経済安保担当相 終戦の日,https://mainichi.jp/articles/20260815/k00/00m/010/040000c,https://news.ceek.jp/search.cgi?category_id=politics&feed=1,ok,,政治
2026-08-16,2026-08-16T06:09:24.053301+09:00,全国紙,全国,読売新聞,自民・鈴木幹事長ら党役員がそろって靖国参拝...高市首相は見送り、党総裁として玉串料納める,https://www.yomiuri.co.jp/politics/20260815-GYT1T00089/,https://news.ceek.jp/search.cgi?category_id=politics&feed=1,ok,,政治
2026-08-16,2026-08-16T06:09:24.053301+09:00,その他メディア,,共同通信,【速報】小野田経済安保担当相が靖国神社を参拝,https://www.47news.jp/14792510.html,https://news.ceek.jp/search.cgi?category_id=politics&feed=1,ok,,政治
2026-08-16,2026-08-16T06:09:24.053301+09:00,全国紙,全国,毎日新聞,稲田朋美元防衛相が靖国参拝 終戦の日,https://mainichi.jp/articles/20260815/k00/00m/010/033000c,https://news.ceek.jp/search.cgi?category_id=politics&feed=1,ok,,政治
2026-08-16,2026-08-16T06:09:24.053301+09:00,全国紙,全国,毎日新聞,日本保守党の百田尚樹代表らが靖国神社に参拝 終戦の日,https://mainichi.jp/articles/20260815/k00/00m/010/030000c,https://news.ceek.jp/search.cgi?category_id=politics&feed=1,ok,,政治
2026-08-16,2026-08-16T06:09:24.053301+09:00,全国紙,全国,毎日新聞,丸川珠代元五輪担当相が靖国参拝 終戦の日,https://mainichi.jp/articles/20260815/k00/00m/010/025000c,https://news.ceek.jp/search.cgi?category_id=politics&feed=1,ok,,政治
2026-08-16,2026-08-16T06:09:24.053301+09:00,その他メディア,,ハーバード・ビジネス・レビュー,パーパス重視の経営が裏目に出る時,https://dhbr.diamond.jp/articles/-/14237,https://news.ceek.jp/search.cgi?category_id=business&feed=1,ok,,経済
2026-08-16,2026-08-16T06:09:24.053301+09:00,全国紙,全国,朝日新聞,売買した土地、後から有害物質フッ素が検出、売り主は責任を負うのか,https://www.asahi.com/articles/ASV8G00QMV8GULFA012M.html,https://news.ceek.jp/search.cgi?category_id=business&feed=1,ok,,経済
2026-08-16,2026-08-16T06:09:24.053301+09:00,全国紙,全国,朝日新聞,地震保険金の支払い、デジタル技術で急ぐ 損保各社、早期復興へ一助,https://www.asahi.com/articles/ASV8G2JJ0V8GULFA01XM.html,https://news.ceek.jp/search.cgi?category_id=business&feed=1,ok,,経済
2026-08-16,2026-08-16T06:09:24.053301+09:00,その他メディア,,東洋経済オンライン,オープンAI、アンソロピック...AIがルールを破ろうとしてしまう理由 人間をだます「スキーミング」が新たな脅威に | 政治・経済・投資,https://toyokeizai.net/articles/-/954760,https://news.ceek.jp/search.cgi?category_id=business&feed=1,ok,,経済
2026-08-16,2026-08-16T06:09:24.053301+09:00,その他メディア,,東洋経済オンライン,発表!「台日韓テクノロジー企業トップ100ランキング」時価総額トップはTSMC、日本は上位に多数がランクイン | ビジネス,https://toyokeizai.net/articles/-/954734,https://news.ceek.jp/search.cgi?category_id=business&feed=1,ok,,経済
2026-08-16,2026-08-16T06:09:24.053301+09:00,その他メディア,,日本農業新聞,[今週の野菜見通し],https://www.agrinews.co.jp/economy/index/400337,https://news.ceek.jp/search.cgi?category_id=business&feed=1,ok,,経済
2026-08-16,2026-08-16T06:09:24.053301+09:00,その他メディア,,日本農業新聞,[待ったなしの直売所改革]20他店にまねできない強み 圧倒的な陳列量と鮮度,https://www.agrinews.co.jp/economy/index/400407,https://news.ceek.jp/search.cgi?category_id=business&feed=1,ok,,経済
2026-08-16,2026-08-16T06:09:24.053301+09:00,その他メディア,,日本農業新聞,[きてみて うちの店]埼玉・JAいるま野 あぐれっしゅげんき村 サトイモ 不動の名産品,https://www.agrinews.co.jp/economy/index/400405,https://news.ceek.jp/search.cgi?category_id=business&feed=1,ok,,経済
2026-08-16,2026-08-16T06:09:24.053301+09:00,その他メディア,,日本農業新聞,[ちょっと一服 直売所川柳],https://www.agrinews.co.jp/economy/index/400408,https://news.ceek.jp/search.cgi?category_id=business&feed=1,ok,,経済
2026-08-16,2026-08-16T06:09:24.053301+09:00,その他メディア,,現代ビジネス,「地方だから」が強みに変わる!? 来場回数は首都圏の約2倍!! 新時代ラーメンフェス必須条件とは,https://gendai.media/articles/-/170129,https://news.ceek.jp/search.cgi?category_id=business&feed=1,ok,,経済
2026-08-16,2026-08-16T06:09:24.053301+09:00,その他メディア,,現代ビジネス,並んでまで食べたいが消えた日...。首都圏ラーメンフェスの崩壊前夜,https://gendai.media/articles/-/169954,https://news.ceek.jp/search.cgi?category_id=business&feed=1,ok,,経済
2026-08-16,2026-08-16T06:09:24.053301+09:00,その他メディア,,現代ビジネス,日米の協調介入も所詮は「時間稼ぎ」? 【骨太執筆】高市政権「経済ブレーン」たちの致命的な「マーケットセンスのなさ」,https://gendai.media/articles/-/170163,https://news.ceek.jp/search.cgi?category_id=business&feed=1,ok,,経済
2026-08-16,2026-08-16T06:09:24.053301+09:00,その他メディア,,現代ビジネス,円高で一服も、一難去ってまた一難...サナエノミクス投資「青天井」の予算要求で財務省を待ち受ける「地獄の予算編成」,https://gendai.media/articles/-/170167,https://news.ceek.jp/search.cgi?category_id=business&feed=1,ok,,経済
2026-08-16,2026-08-16T06:09:24.053301+09:00,その他メディア,,ハーバード・ビジネス・レビュー,編集部が厳選、今週の必読記事13選:2026年7月31日〜8月14日公開,https://dhbr.diamond.jp/articles/-/14698,https://news.ceek.jp/search.cgi?category_id=business&feed=1,ok,,経済
2026-08-16,2026-08-16T06:09:24.053301+09:00,その他メディア,,WEDGE Infinity,まさに「クワイエットラグジュアリー」...Re made in tokyo japan「ドレスTシャツ」,https://wedge.ismedia.jp/articles/-/40913,https://news.ceek.jp/search.cgi?category_id=business&feed=1,ok,,経済
2026-08-16,2026-08-16T06:09:24.053301+09:00,全国紙,全国,日本経済新聞,Googleが東京に直営店 副社長「変化が速く、体験の場が重要に」,https://www.nikkei.com/article/DGXZQOCD1437S0U6A810C2000000/,https://news.ceek.jp/search.cgi?category_id=business&feed=1,ok,,経済
2026-08-16,2026-08-16T06:09:24.053301+09:00,全国紙,全国,日本経済新聞,個人の資産運用、生成AI利用に立ちはだかる「データの壁」,https://www.nikkei.com/article/DGXZQOUB141ML0U6A810C2000000/,https://news.ceek.jp/search.cgi?category_id=business&feed=1,ok,,経済
2026-08-16,2026-08-16T06:09:24.053301+09:00,全国紙,全国,日本経済新聞,仮面舞踏会、かりそめの一夜を踊れ 「仮名の非日常」が若者つかむ,https://www.nikkei.com/article/DGXZQOUC059IO0V00C26A8000000/,https://news.ceek.jp/search.cgi?category_id=business&feed=1,ok,,経済
2026-08-16,2026-08-16T06:09:24.053301+09:00,全国紙,全国,日本経済新聞,バスタオル、キャンセル派が3割 部屋の狭さ・物価高から小さめ台頭,https://www.nikkei.com/article/DGXZQOUC157GX0V10C26A7000000/,https://news.ceek.jp/search.cgi?category_id=business&feed=1,ok,,経済
2026-08-16,2026-08-16T06:09:24.053301+09:00,全国紙,全国,日本経済新聞,3分でわかるアパレル業界 海外とM&Aに活路、製造小売りに存在感,https://www.nikkei.com/article/DGXZQOUC276700X20C26A7000000/,https://news.ceek.jp/search.cgi?category_id=business&feed=1,ok,,経済
2026-08-16,2026-08-16T06:09:24.053301+09:00,全国紙,全国,日本経済新聞,ソフトの脆弱性検知は半年で3.6万件 先端AIで急増、修正追い付かず,https://www.nikkei.com/article/DGXZQOUC305UU0Q6A630C2000000/,https://news.ceek.jp/search.cgi?category_id=business&feed=1,ok,,経済
2026-08-16,2026-08-16T06:09:24.053301+09:00,全国紙,全国,読売新聞,[あすへの考]データセンター 重工業化加速...編集委員室 大塚隆一,https://www.yomiuri.co.jp/economy/20260815-GYT1T00256/,https://news.ceek.jp/search.cgi?category_id=business&feed=1,ok,,経済
2026-08-16,2026-08-16T06:09:24.053301+09:00,全国紙,全国,読売新聞,テキサス金融街 存在感 金融大手 拠点集積加速...ヨール街,https://www.yomiuri.co.jp/economy/20260815-GYT1T00385/,https://news.ceek.jp/search.cgi?category_id=business&feed=1,ok,,経済
2026-08-16,2026-08-16T06:09:24.053301+09:00,その他メディア,,日本金融通信,金融庁、先端AI悪用の攻撃対策 「経営陣主導」求める,https://www.nikkinonline.com/article/414627,https://news.ceek.jp/search.cgi?category_id=business&feed=1,ok,,経済
2026-08-16,2026-08-16T06:09:24.053301+09:00,その他メディア,,日本金融通信,今週の金融界(8月17日~8月21日),https://www.nikkinonline.com/article/415873,https://news.ceek.jp/search.cgi?category_id=business&feed=1,ok,,経済
2026-08-16,2026-08-16T06:09:24.053301+09:00,その他メディア,,日本金融通信,農林水産省 特別寄稿 これからの地域金融機関に求められる地域で事業を生み出す力,https://www.nikkinonline.com/article/414867,https://news.ceek.jp/search.cgi?category_id=business&feed=1,ok,,経済
2026-08-16,2026-08-16T06:09:24.053301+09:00,その他メディア,,日本金融通信,伊予銀、ブランド支援に注力 売り上げと利益率へ貢献,https://www.nikkinonline.com/article/414539,https://news.ceek.jp/search.cgi?category_id=business&feed=1,ok,,経済
2026-08-16,2026-08-16T06:09:24.053301+09:00,その他メディア,,日本金融通信,人材紹介、自走への布石、収益力磨く独自モデル,https://www.nikkinonline.com/article/415445,https://news.ceek.jp/search.cgi?category_id=business&feed=1,ok,,経済
2026-08-16,2026-08-16T06:09:24.053301+09:00,その他メディア,,日本金融通信,但馬信金、「豊岡かばん」ブランド化 育成・販路・集客に尽力,https://www.nikkinonline.com/article/415393,https://news.ceek.jp/search.cgi?category_id=business&feed=1,ok,,経済
2026-08-16,2026-08-16T06:09:24.053301+09:00,その他メディア,,日本金融通信,愛媛銀、採用動画で学生に訴求 座談会や支店ツアー収録,https://www.nikkinonline.com/article/414826,https://news.ceek.jp/search.cgi?category_id=business&feed=1,ok,,経済
2026-08-16,2026-08-16T06:09:24.053301+09:00,全国紙,全国,日本経済新聞,現在の物価上昇は、実際どこまで「異常」なのか,https://www.nikkei.com/article/DGXZQOUB103XM0Q6A810C2000000/,https://news.ceek.jp/search.cgi?category_id=business&feed=1,ok,,経済
2026-08-16,2026-08-16T06:09:24.053301+09:00,全国紙,全国,日本経済新聞,ドイツ鉄道、定時運行6割止まり 投資遅れで老朽化が社会問題に,https://www.nikkei.com/article/DGXZQOGR30BHV0Q6A730C2000000/,https://news.ceek.jp/search.cgi?category_id=business&feed=1,ok,,経済
2026-08-16,2026-08-16T06:09:24.053301+09:00,全国紙,全国,日本経済新聞,中東「逆風」も内需底堅く 17日に4〜6月GDP発表,https://www.nikkei.com/article/DGXZQOUA064Q50W6A800C2000000/,https://news.ceek.jp/search.cgi?category_id=business&feed=1,ok,,経済
2026-08-16,2026-08-16T06:09:24.053301+09:00,全国紙,全国,日本経済新聞,企業保養所を初期費用40万円から リロ、利用者は7泊まで1〜2万円,https://www.nikkei.com/article/DGXZQOUC057910V00C26A8000000/,https://news.ceek.jp/search.cgi?category_id=business&feed=1,ok,,経済
2026-08-16,2026-08-16T06:09:24.053301+09:00,全国紙,全国,日本経済新聞,東京メトロ、全路線の混雑予測公開 駅や時間ごとに6段階で色分け,https://www.nikkei.com/article/DGXZQOUC165HD0W6A610C2000000/,https://news.ceek.jp/search.cgi?category_id=business&feed=1,ok,,経済
2026-08-16,2026-08-16T06:09:24.053301+09:00,全国紙,全国,日本経済新聞,初上陸の「ピクサーの世界展」、チケット60万枚突破 目線・においで没入,https://www.nikkei.com/article/DGXZQOUC304FJ0Q6A330C2000000/,https://news.ceek.jp/search.cgi?category_id=business&feed=1,ok,,経済
2026-08-16,2026-08-16T06:09:24.053301+09:00,その他メディア,,週刊エコノミスト,ヒマラヤ西端の観光地ラダックで医療不足 有馬朋宏,https://weekly-economist.mainichi.jp/articles/20260901/se1/00m/020/061000c,https://news.ceek.jp/search.cgi?category_id=business&feed=1,ok,,経済
2026-08-16,2026-08-16T06:09:24.053301+09:00,その他メディア,,TBSテレビ,都市ガスの供給が再開 千葉県八千代市や佐倉市の一部 大多喜ガスが発表 他の事業者も応援に駆けつけ総勢939人態勢で作業 予定より早期に供給再開,https://newsdig.tbs.co.jp/articles/-/2874722?display=1,https://news.ceek.jp/search.cgi?category_id=business&feed=1,ok,,経済
2026-08-16,2026-08-16T06:09:24.053301+09:00,全国紙,全国,日本経済新聞,レバレッジ型ETFとは 連動対象の数倍の値動き,https://www.nikkei.com/article/DGXZQOUB151990V10C26A8000000/,https://news.ceek.jp/search.cgi?category_id=business&feed=1,ok,,経済
2026-08-16,2026-08-16T06:09:24.053301+09:00,その他メディア,,ハーバード・ビジネス・レビュー,どうすれば高収益をあげられるか,https://dhbr.diamond.jp/articles/-/14200,https://news.ceek.jp/search.cgi?category_id=business&feed=1,ok,,経済
2026-08-16,2026-08-16T06:09:24.053301+09:00,その他メディア,,東洋経済オンライン,日銀「3カ月ぶり利上げ」判断へ、マイナス金利解除後では初...物価高進を警戒して今後の利上げペース前倒しも | 政治・経済・投資,https://toyokeizai.net/articles/-/954936?display=b,https://news.ceek.jp/search.cgi?category_id=business&feed=1,ok,,経済
2026-08-16,2026-08-16T06:09:24.053301+09:00,その他メディア,,アラブニュース,「万博効果」――「大阪2025」がサウジアラビアの「2030年万博」に向けたビジネス戦略に与える影響,https://www.arabnews.jp/article/business/article_184241/,https://news.ceek.jp/search.cgi?category_id=business&feed=1,ok,,経済
2026-08-16,2026-08-16T06:09:24.053301+09:00,その他メディア,,東洋経済オンライン,ソフトバンクグループ、台湾TSMC株の保有を198万5000株から56万5000株へ72%削減...SEC資料で明らかに | 政治・経済・投資,https://toyokeizai.net/articles/-/954934?display=b,https://news.ceek.jp/search.cgi?category_id=business&feed=1,ok,,経済
2026-08-16,2026-08-16T06:09:24.053301+09:00,全国紙,全国,日本経済新聞,企業の短期社債保有が急増、17年ぶり高水準 預金からシフト,https://www.nikkei.com/article/DGXZQOUB0335K0T00C26A8000000/,https://news.ceek.jp/search.cgi?category_id=business&feed=1,ok,,経済
2026-08-16,2026-08-16T06:09:24.053301+09:00,全国紙,全国,日本経済新聞,テラチャージのEV急速充電、30年に5倍5000口 先行整備で好立地確保,https://www.nikkei.com/article/DGXZQOUC055890V00C26A8000000/,https://news.ceek.jp/search.cgi?category_id=business&feed=1,ok,,経済
2026-08-16,2026-08-16T06:09:24.053301+09:00,その他メディア,,テレビ朝日,首都圏の巨大ダム巡り 迫力の観光放流に熟成チーズ、建設支えた歴史も,https://news.tv-asahi.co.jp/news_economy/articles/900196097.html,https://news.ceek.jp/search.cgi?category_id=business&feed=1,ok,,経済
2026-08-16,2026-08-16T06:09:24.053301+09:00,その他メディア,,フジテレビ,【8月16日(日)】九州道の八代IC付近で最大20キロ 九州内の高速道路 渋滞予測 NEXCO西日本,https://www.fnn.jp/articles/-/1095257,https://news.ceek.jp/search.cgi?category_id=business&feed=1,ok,,経済
2026-08-16,2026-08-16T06:09:24.053301+09:00,全国紙,全国,日本経済新聞,全国の農地検索しやすく、農水省がシステム開発 企業の参入後押し,https://www.nikkei.com/article/DGXZQOUA125270S6A810C2000000/,https://news.ceek.jp/search.cgi?category_id=business&feed=1,ok,,経済
2026-08-16,2026-08-16T06:09:24.053301+09:00,全国紙,全国,毎日新聞,虎の子の「タンス預金」、まさかの入金拒否 ショックで寝付けず,https://mainichi.jp/articles/20260812/k00/00m/020/310000c,https://news.ceek.jp/search.cgi?category_id=business&feed=1,ok,,経済
2026-08-16,2026-08-16T06:09:24.053301+09:00,その他メディア,,財経新聞,利益2954億円でも営業赤字 サッポロが優待と配当を増やす理由,https://www.zaikei.co.jp/article/20260815/865945.html,https://news.ceek.jp/search.cgi?category_id=business&feed=1,ok,,経済
2026-08-16,2026-08-16T06:09:24.053301+09:00,その他メディア,,TBSテレビ,記録的大雨の影響による停電は解消 八千代市や佐倉市の一部では都市ガスの供給停止が続く 15日午後3時現在,https://newsdig.tbs.co.jp/articles/-/2874505?display=1,https://news.ceek.jp/search.cgi?category_id=business&feed=1,ok,,経済
2026-08-16,2026-08-16T06:09:24.053301+09:00,その他メディア,,共同通信,国内SUV販売競争、激しさ増す 日産新モデル、マツダ主力車改良,https://www.47news.jp/14793722.html,https://news.ceek.jp/search.cgi?category_id=business&feed=1,ok,,経済
2026-08-16,2026-08-16T06:09:24.053301+09:00,その他メディア,,デイリースポーツ,日本の新幹線ベースの新型車両,https://www.daily.co.jp/society/economics/2026/08/15/0020709020.shtml,https://news.ceek.jp/search.cgi?category_id=business&feed=1,ok,,経済
2026-08-16,2026-08-16T06:09:24.053301+09:00,その他メディア,,共同通信,日本の新幹線ベースの新型車両 台湾高速鉄道,https://www.47news.jp/14793750.html,https://news.ceek.jp/search.cgi?category_id=business&feed=1,ok,,経済
2026-08-16,2026-08-16T06:09:24.053301+09:00,その他メディア,,共同通信,三陽商会、百貨店を重視 社長「地方売り場は資産」,https://www.47news.jp/14793668.html,https://news.ceek.jp/search.cgi?category_id=business&feed=1,ok,,経済
2026-08-16,2026-08-16T06:09:24.053301+09:00,その他メディア,,デイリースポーツ,国内SUV販売競争、激しさ増す,https://www.daily.co.jp/society/economics/2026/08/15/0020708973.shtml,https://news.ceek.jp/search.cgi?category_id=business&feed=1,ok,,経済
2026-08-16,2026-08-16T06:09:24.053301+09:00,その他メディア,,デイリースポーツ,三陽商会、百貨店を重視,https://www.daily.co.jp/society/economics/2026/08/15/0020708927.shtml,https://news.ceek.jp/search.cgi?category_id=business&feed=1,ok,,経済
2026-08-16,2026-08-16T06:09:24.053301+09:00,全国紙,全国,読売新聞,バフェット氏が退いたバークシャー、アルファベット株を大幅買い増し...アベルCEOの下で銘柄入れ替え進む,https://www.yomiuri.co.jp/economy/20260815-GYT1T00137/,https://news.ceek.jp/search.cgi?category_id=business&feed=1,ok,,経済
2026-08-16,2026-08-16T06:09:24.053301+09:00,全国紙,全国,日本経済新聞,東京メトロ、銀座線3分に1本運行 9月ダイヤ改正で日中の混雑緩和,https://www.nikkei.com/article/DGXZQOUC064CS0W6A800C2000000/,https://news.ceek.jp/search.cgi?category_id=business&feed=1,ok,,経済
2026-08-16,2026-08-16T06:09:24.053301+09:00,全国紙,全国,日本経済新聞,西武新宿線の有料列車、27年春に新車両導入 田無・新所沢にも停車,https://www.nikkei.com/article/DGXZQOUC055GX0V00C26A8000000/,https://news.ceek.jp/search.cgi?category_id=business&feed=1,ok,,経済
2026-08-16,2026-08-16T06:09:24.053301+09:00,全国紙,全国,日本経済新聞,帝人ファーマ、在宅人工呼吸器でチェストと提携,https://www.nikkei.com/article/DGXZQOUC065UL0W6A800C2000000/,https://news.ceek.jp/search.cgi?category_id=business&feed=1,ok,,経済
2026-08-16,2026-08-16T06:09:24.053301+09:00,全国紙,全国,日本経済新聞,日清製粉ウェルナ、袋のまま食べられるパスタ 単身世帯の間食に,https://www.nikkei.com/article/DGXZQOUC061V50W6A800C2000000/,https://news.ceek.jp/search.cgi?category_id=business&feed=1,ok,,経済
2026-08-16,2026-08-16T06:09:24.053301+09:00,全国紙,全国,日本経済新聞,Amazon、兵庫県尼崎市に大型物流施設 関西で最大規模,https://www.nikkei.com/article/DGXZQOUC057RX0V00C26A8000000/,https://news.ceek.jp/search.cgi?category_id=business&feed=1,ok,,経済
2026-08-16,2026-08-16T06:09:24.053301+09:00,全国紙,全国,日本経済新聞,ニアミー、ユナイテッド航空など2社と連携 空港送迎でマイル付与,https://www.nikkei.com/article/DGXZQOUC062SK0W6A800C2000000/,https://news.ceek.jp/search.cgi?category_id=business&feed=1,ok,,経済
2026-08-16,2026-08-16T06:09:24.053301+09:00,全国紙,全国,日本経済新聞,スバル、北米で販売金融に参入 自動車ローンなど30年に開始,https://www.nikkei.com/article/DGXZQOUC053QQ0V00C26A8000000/,https://news.ceek.jp/search.cgi?category_id=business&feed=1,ok,,経済
2026-08-16,2026-08-16T06:09:24.053301+09:00,全国紙,全国,日本経済新聞,26年度の建機出荷額は横ばい見込み 北米堅調、国内は投資意欲減,https://www.nikkei.com/article/DGXZQOUC306TV0Q6A730C2000000/,https://news.ceek.jp/search.cgi?category_id=business&feed=1,ok,,経済
2026-08-16,2026-08-16T06:09:24.053301+09:00,全国紙,全国,日本経済新聞,NY円相場、反発 1ドル=159円30〜40銭 米指標悪化や日銀利上げ観測で円買い,https://www.nikkei.com/article/DGXZQOFL149FU0U6A810C2000000/,https://news.ceek.jp/search.cgi?category_id=business&feed=1,ok,,経済
2026-08-16,2026-08-16T06:09:24.053301+09:00,全国紙,全国,読売新聞,苦境の居酒屋「今はこのビジネスモデルが難しい」...コスト高で強まる節約志向、全東信破産も追い打ち,https://www.yomiuri.co.jp/economy/20260815-GYT1T00070/,https://news.ceek.jp/search.cgi?category_id=business&feed=1,ok,,経済
2026-08-16,2026-08-16T06:09:24.053301+09:00,その他メディア,,東洋経済オンライン,"「遠いところだから君は家で待っていなさい」の言葉を残して逝った夫へ...25年後に後を追った妻の""泣けるいじわる"" | ライフ",https://toyokeizai.net/articles/-/952901?display=b,https://news.ceek.jp/search.cgi?category_id=business&feed=1,ok,,経済
2026-08-16,2026-08-16T06:09:24.053301+09:00,全国紙,全国,産経新聞,円安阻止へ「日米通貨同盟」の皮算用 「FIMAレポ」の日本にとっての不都合な真実とは,https://www.sankei.com/article/20260815-DY5NUXOIQJPANND5CBHBLRIRVQ/,https://news.ceek.jp/search.cgi?category_id=business&feed=1,ok,,経済
2026-08-16,2026-08-16T06:09:24.053301+09:00,全国紙,全国,産経新聞,奈良の7月の経済情勢 「持ち直し」判断据え置き 消費は節約志向、生産は業種でばらつき,https://www.sankei.com/article/20260815-JX5S4BA4ONKXTHZL75X24IJ4VA/,https://news.ceek.jp/search.cgi?category_id=business&feed=1,ok,,経済
2026-08-16,2026-08-16T06:09:24.053301+09:00,その他メディア,,東洋経済オンライン,台湾で食用油など食品不祥事が繰り返される根深い事情、2026年11月の地方選を前に『食の安全』が政争の火種に | 政治・経済・投資,https://toyokeizai.net/articles/-/954719?display=b,https://news.ceek.jp/search.cgi?category_id=business&feed=1,ok,,経済
2026-08-16,2026-08-16T06:09:24.053301+09:00,その他メディア,,東洋経済オンライン,「書いて覚える」でも「人に説明してみる」でもない...東大生1000人を調査した筆者が解説する「東大式インプット」のコツ | キャリア・教育,https://toyokeizai.net/articles/-/954384?display=b,https://news.ceek.jp/search.cgi?category_id=business&feed=1,ok,,経済
2026-08-16,2026-08-16T06:09:24.053301+09:00,その他メディア,,ハーバード・ビジネス・レビュー,導入に成功し軌道に乗せる法,https://dhbr.diamond.jp/articles/-/14199,https://news.ceek.jp/search.cgi?category_id=business&feed=1,ok,,経済
2026-08-16,2026-08-16T06:09:24.053301+09:00,その他メディア,,東洋経済オンライン,空力に優れたエレガント&スポーティな姿...アウディ新型「A6アバント」がライバルのステーションワゴンと異なる理由 | ライフ,https://toyokeizai.net/articles/-/954371?display=b,https://news.ceek.jp/search.cgi?category_id=business&feed=1,ok,,経済
2026-08-16,2026-08-16T06:09:24.053301+09:00,その他メディア,,フジテレビ,「短いけど楽しかった」お盆休みのUターンラッシュ始まる JR仙台駅も朝から混雑,https://www.fnn.jp/articles/-/1095158,https://news.ceek.jp/search.cgi?category_id=business&feed=1,ok,,経済
2026-08-16,2026-08-16T06:09:24.053301+09:00,その他メディア,,テレビ朝日,箱根で発見!夏の最新冷やしスポット だし香る冷やしグルメも【グッド!いちおし】,https://news.tv-asahi.co.jp/news_economy/articles/000526484.html,https://news.ceek.jp/search.cgi?category_id=business&feed=1,ok,,経済
2026-08-16,2026-08-16T06:09:24.053301+09:00,全国紙,全国,日本経済新聞,「早場米ショック」でコメ相場どうなる 新米の季節へ記事で学ぶ,https://www.nikkei.com/article/DGXZQOUB148X60U6A810C2000000/,https://news.ceek.jp/search.cgi?category_id=business&feed=1,ok,,経済
2026-08-16,2026-08-16T06:09:24.053301+09:00,その他メディア,,東洋経済オンライン,"人が幸福になれるかどうかは遺伝? ""トンデモ科学""""差別""としてスルーされた説の信憑性が見直される科学の現在 | キャリア・教育",https://toyokeizai.net/articles/-/953244?display=b,https://news.ceek.jp/search.cgi?category_id=business&feed=1,ok,,経済
2026-08-16,2026-08-16T06:09:24.053301+09:00,その他メディア,,ロイター,英格付けを「AAマイナス」に据え置き 見通し「安定的」=フィッチ,https://jp.reuters.com/economy/4JE3V3ES6VL6FMRA2JZILLEMLM-2026-08-15/,https://news.ceek.jp/search.cgi?category_id=business&feed=1,ok,,経済
2026-08-16,2026-08-16T06:09:24.053301+09:00,その他メディア,,Abema TIMES,"外国人が絶賛 日本が“世界一""のモノは? “暑さの救世主""になっているモノも",https://times.abema.tv/articles/-/10267297?page=1,https://news.ceek.jp/search.cgi?category_id=business&feed=1,ok,,経済
2026-08-16,2026-08-16T06:09:24.053301+09:00,その他メディア,,ハフィントンポスト,"セリア、5期ぶり上期最高益。低原価商品・客数増で通期予想も上乗せ。大人も夢中“令和のシールブーム""も追い風に",https://www.huffingtonpost.jp/entry/story_jp_6a7eaa24e4b0459fa2d27635,https://news.ceek.jp/search.cgi?category_id=business&feed=1,ok,,経済
2026-08-16,2026-08-16T06:09:24.053301+09:00,その他メディア,,テレビ朝日,"外国人が絶賛 日本が“世界一""のモノは? “暑さの救世主""になっているモノも",https://news.tv-asahi.co.jp/news_economy/articles/900196812.html,https://news.ceek.jp/search.cgi?category_id=business&feed=1,ok,,経済
2026-08-16,2026-08-16T06:09:24.053301+09:00,全国紙,全国,日本経済新聞,コメ市場を読むキーワード 概算金・民間在庫・備蓄米...価格を知る,https://www.nikkei.com/article/DGXZQOUB074H90X00C26A8000000/,https://news.ceek.jp/search.cgi?category_id=business&feed=1,ok,,経済
2026-08-16,2026-08-16T06:09:24.053301+09:00,全国紙,全国,日本経済新聞,「ポカリスエット」酷暑に商機 大塚HD、海外売上高1000億円へ,https://www.nikkei.com/article/DGXZQOUC155OW0V10C26A7000000/,https://news.ceek.jp/search.cgi?category_id=business&feed=1,ok,,経済
2026-08-16,2026-08-16T06:09:24.053301+09:00,その他メディア,,東洋経済オンライン,誰が「織田家」を主導するか?秀吉か、はたまた信長の息子たちか...《信長亡き後》の天下をめぐる大混乱っぷり | キャリア・教育,https://toyokeizai.net/articles/-/954397?display=b,https://news.ceek.jp/search.cgi?category_id=business&feed=1,ok,,経済
2026-08-16,2026-08-16T06:09:24.053301+09:00,その他メディア,,東洋経済オンライン,"マニア垂涎の""懐かしの品々""...大人が「おもちゃ」に夢中になる納得の理由 推し活、ぬい活が盛況!背景には根源的欲求が? | ライフ",https://toyokeizai.net/articles/-/954448?display=b,https://news.ceek.jp/search.cgi?category_id=business&feed=1,ok,,経済
2026-08-16,2026-08-16T06:09:24.053301+09:00,その他メディア,,テレビ朝日,アシックス好調 売り上げ1兆円へ,https://news.tv-asahi.co.jp/news_economy/articles/000526494.html,https://news.ceek.jp/search.cgi?category_id=business&feed=1,ok,,経済
2026-08-16,2026-08-16T06:09:24.053301+09:00,その他メディア,,東洋経済オンライン,"仕事も私生活も思うようにいかず「34歳でカナダ留学」した日本人男性...56歳になった今、再訪して得た""エモい気づき"" | キャリア・教育",https://toyokeizai.net/articles/-/954615?display=b,https://news.ceek.jp/search.cgi?category_id=business&feed=1,ok,,経済
2026-08-16,2026-08-16T06:09:24.053301+09:00,その他メディア,,ロイター,インドネシア東部沖でM7.7の地震、20人死亡と救助当局 津波警報は解除,https://jp.reuters.com/economy/VFJ7A3FLIVNZXCVH3MPZSNHPZM-2026-08-15/,https://news.ceek.jp/search.cgi?category_id=business&feed=1,ok,,経済
2026-08-16,2026-08-16T06:09:24.053301+09:00,その他メディア,,EconomicNews,ホンダ、次期「RDX」にAcura初の2モーターハイブリッド 次世代デザイン示す,http://economic.jp/?p=116136,https://news.ceek.jp/search.cgi?category_id=business&feed=1,ok,,経済
2026-08-16,2026-08-16T06:09:24.053301+09:00,その他メディア,,東洋経済オンライン,"「できない」と連呼したら頬にバッテンも...84歳""キャンディ先生""がアート教室で58年教えてきた「自分らしい生き方」 | ライフ",https://toyokeizai.net/articles/-/953881?display=b,https://news.ceek.jp/search.cgi?category_id=business&feed=1,ok,,経済
2026-08-16,2026-08-16T06:09:24.053301+09:00,全国紙,全国,毎日新聞,市場が突きつける不都合な真実 高市政権と金利上昇・円安,https://mainichi.jp/articles/20260812/k00/00m/020/236000c,https://news.ceek.jp/search.cgi?category_id=business&feed=1,ok,,経済
2026-08-16,2026-08-16T06:09:24.053301+09:00,その他メディア,,東洋経済オンライン,「水を飲めば二日酔いを防げる」はウソ?——研究が揺さぶる「チェイサー神話」と残された謎 | ライフ,https://toyokeizai.net/articles/-/954626?display=b,https://news.ceek.jp/search.cgi?category_id=business&feed=1,ok,,経済
2026-08-16,2026-08-16T06:09:24.053301+09:00,全国紙,全国,毎日新聞,しま模様の服で牛を「シマウシ」に 真剣な防虫対策、効果検証へ,https://mainichi.jp/articles/20260813/k00/00m/040/170000c,https://news.ceek.jp/search.cgi?category_id=national&feed=1,ok,,社会
2026-08-16,2026-08-16T06:09:24.053301+09:00,全国紙,全国,産経新聞,千葉豪雨の放置車両に衝突 無免許疑いで自称ファイナンシャルプランナーを逮捕 1人けが,https://www.sankei.com/article/20260816-E4D42SF6BFK4POYW5EKOBIHGOM/,https://news.ceek.jp/search.cgi?category_id=national&feed=1,ok,,社会
2026-08-16,2026-08-16T06:09:24.053301+09:00,その他メディア,,フジテレビ,「飛び込んで遊んでいて姿が見えなくなった」川で23歳男性が溺れる 心肺停止状態で搬送され約3時間半後に死亡,https://www.fnn.jp/articles/-/1095433,https://news.ceek.jp/search.cgi?category_id=national&feed=1,ok,,社会
2026-08-16,2026-08-16T06:09:24.053301+09:00,その他メディア,,女性自身,"「猫は駆除対象と誤った認識が広がる」環境省 “外来種対策リスト""改定案に抗議殺到で異例撤回...識者が訴える不信感",https://jisin.jp/domestic/2595454/,https://news.ceek.jp/search.cgi?category_id=national&feed=1,ok,,社会
2026-08-16,2026-08-16T06:09:24.053301+09:00,全国紙,全国,読売新聞,豪雨被害の千葉、いまだ水没続く場所も...各地で復旧作業続く,https://www.yomiuri.co.jp/national/20260815-GYT1T00339/,https://news.ceek.jp/search.cgi?category_id=national&feed=1,ok,,社会
2026-08-16,2026-08-16T06:09:24.053301+09:00,その他メディア,,TBSテレビ,"“後ろ手錠""13時間で骨折...大阪入管は「違法な身体拘束」 高裁判決が重視した国際人権基準「マンデラ・ルール」と問われる収容のあり方【“知られざる法廷""からの報告】",https://newsdig.tbs.co.jp/articles/-/2871270?display=1,https://news.ceek.jp/search.cgi?category_id=national&feed=1,ok,,社会
2026-08-16,2026-08-16T06:09:24.053301+09:00,その他メディア,,デイリースポーツ,花火大会で爆発、3人軽傷,https://www.daily.co.jp/society/national/2026/08/16/0020711678.shtml,https://news.ceek.jp/search.cgi?category_id=national&feed=1,ok,,社会
2026-08-16,2026-08-16T06:09:24.053301+09:00,その他メディア,,スポニチ,千葉豪雨災害 男性死亡のアンダーパス 停電で排水ポンプ動かず 新たに死者も,https://www.sponichi.co.jp/society/news/2026/08/16/kiji/20260816s00042000069000c.html,https://news.ceek.jp/search.cgi?category_id=national&feed=1,ok,,社会
2026-08-16,2026-08-16T06:09:24.053301+09:00,その他メディア,,スポニチ,熊本地震で世界2例目 断層出現の瞬間をカメラが捉えた,https://www.sponichi.co.jp/society/news/2026/08/16/kiji/20260816s00042000073000c.html,https://news.ceek.jp/search.cgi?category_id=national&feed=1,ok,,社会
2026-08-16,2026-08-16T06:09:24.053301+09:00,その他メディア,,スポニチ,外来カミキリ1匹100円で駆除 1カ月半で7万匹 埼玉県川島町,https://www.sponichi.co.jp/society/news/2026/08/16/kiji/20260816s00042000076000c.html,https://news.ceek.jp/search.cgi?category_id=national&feed=1,ok,,社会
2026-08-16,2026-08-16T06:09:24.053301+09:00,その他メディア,,スポニチ,"“車掌ぐんまちゃん""出発進行! イベント列車で JR高崎駅",https://www.sponichi.co.jp/society/news/2026/08/16/kiji/20260816s00042000074000c.html,https://news.ceek.jp/search.cgi?category_id=national&feed=1,ok,,社会
2026-08-16,2026-08-16T06:09:24.053301+09:00,その他メディア,,スポニチ,高市首相 靖国の方向に向かって拝む 「終戦の日」私費で玉串料奉納も,https://www.sponichi.co.jp/society/news/2026/08/16/kiji/20260816s00042000070000c.html,https://news.ceek.jp/search.cgi?category_id=national&feed=1,ok,,社会
2026-08-16,2026-08-16T06:09:24.053301+09:00,その他メディア,,スポニチ,トランプ米大統領 ホルムズ海峡「近く米国の領土だと宣言するつもりだ」,https://www.sponichi.co.jp/society/news/2026/08/16/kiji/20260816s00042000077000c.html,https://news.ceek.jp/search.cgi?category_id=national&feed=1,ok,,社会
2026-08-16,2026-08-16T06:09:24.053301+09:00,全国紙,全国,日本経済新聞,玉音放送で終わらなかった敗戦の衝撃 謎に包まれた皇居前の集団自決,https://www.nikkei.com/article/DGXZQOUD126J30S6A810C2000000/,https://news.ceek.jp/search.cgi?category_id=national&feed=1,ok,,社会
2026-08-16,2026-08-16T06:09:24.053301+09:00,全国紙,全国,日本経済新聞,ソニー技術者から教育界へ 部長職を降りて、学びの未来開く,https://www.nikkei.com/article/DGXZQOUD2717R0X20C26A7000000/,https://news.ceek.jp/search.cgi?category_id=national&feed=1,ok,,社会
2026-08-16,2026-08-16T06:09:24.053301+09:00,全国紙,全国,読売新聞,千葉豪雨 放置水没車 撤去に時間...JAF「経験ない要請数」,https://www.yomiuri.co.jp/national/20260816-GYT1T00034/,https://news.ceek.jp/search.cgi?category_id=national&feed=1,ok,,社会
2026-08-16,2026-08-16T06:09:24.053301+09:00,全国紙,全国,読売新聞,内視鏡治療 生存率9割 10年後...早期の悪性胃がん,https://www.yomiuri.co.jp/medical/20260816-GYT1T00032/,https://news.ceek.jp/search.cgi?category_id=national&feed=1,ok,,社会
2026-08-16,2026-08-16T06:09:24.053301+09:00,その他メディア,,フジテレビ,東京都で最大震度1の地震 東京都・小笠原村,https://www.fnn.jp/articles/-/1095405,https://news.ceek.jp/search.cgi?category_id=national&feed=1,ok,,社会
2026-08-16,2026-08-16T06:09:24.053301+09:00,その他メディア,,フジテレビ,熊本県で最大震度2の地震 熊本県・熊本南区、宇土市、宇城市、熊本美里町、嘉島町、益城町,https://www.fnn.jp/articles/-/1095374,https://news.ceek.jp/search.cgi?category_id=national&feed=1,ok,,社会
2026-08-16,2026-08-16T06:09:24.053301+09:00,その他メディア,,スポニチ,PMJ無料ラウンジ好評 冷房完備でサマソニ会場のオアシスに,https://www.sponichi.co.jp/society/news/2026/08/16/kiji/20260815s00042000284000c.html,https://news.ceek.jp/search.cgi?category_id=national&feed=1,ok,,社会
2026-08-16,2026-08-16T06:09:24.053301+09:00,その他メディア,,フジテレビ,茨城県で最大震度1の地震 茨城県・日立市、常陸太田市、高萩市、北茨城市,https://www.fnn.jp/articles/-/1095373,https://news.ceek.jp/search.cgi?category_id=national&feed=1,ok,,社会
2026-08-16,2026-08-16T06:09:24.053301+09:00,全国紙,全国,読売新聞,山形・鶴岡の花火大会で打ち上げ花火の一部が観覧エリアに落下、3人けが,https://www.yomiuri.co.jp/national/20260816-GYT1T00053/,https://news.ceek.jp/search.cgi?category_id=national&feed=1,ok,,社会
2026-08-16,2026-08-16T06:09:24.053301+09:00,全国紙,全国,日本経済新聞,子どもに戦争どう教える? 伝承と心のケア両立探る、海外は年齢制限も,https://www.nikkei.com/article/DGXZQOUD1343M0T10C26A7000000/,https://news.ceek.jp/search.cgi?category_id=national&feed=1,ok,,社会
2026-08-16,2026-08-16T06:09:24.053301+09:00,全国紙,全国,日本経済新聞,戦没者追悼式、最年少参列者は3歳 戦後生まれが56%,https://www.nikkei.com/article/DGXZQOUD135S20T10C26A8000000/,https://news.ceek.jp/search.cgi?category_id=national&feed=1,ok,,社会
2026-08-16,2026-08-16T06:09:24.053301+09:00,その他メディア,,Abema TIMES,『絵日記に書く思い出がない...』 被災した子どもたちに避難所で夏祭り,https://times.abema.tv/articles/-/10267351?page=1,https://news.ceek.jp/search.cgi?category_id=national&feed=1,ok,,社会
2026-08-16,2026-08-16T06:09:24.053301+09:00,その他メディア,,テレビ朝日,『絵日記に書く思い出がない...』 被災した子どもたちに避難所で夏祭り,https://news.tv-asahi.co.jp/news_society/articles/900197229.html,https://news.ceek.jp/search.cgi?category_id=national&feed=1,ok,,社会
2026-08-16,2026-08-16T06:09:24.053301+09:00,全国紙,全国,読売新聞,中国の海洋調査船「向陽紅21」が一時、日本のEEZ内へ...ワイヤのようなものを海中にのばす,https://www.yomiuri.co.jp/national/20260816-GYT1T00041/,https://news.ceek.jp/search.cgi?category_id=national&feed=1,ok,,社会
2026-08-16,2026-08-16T06:09:24.053301+09:00,その他メディア,,TBSテレビ,横浜港で小型船が転覆 船長と乗員の男女4人けが 命に別状なし 山下埠頭先の堤防に衝突し転覆か 海上保安庁,https://newsdig.tbs.co.jp/articles/-/2874745?display=1,https://news.ceek.jp/search.cgi?category_id=national&feed=1,ok,,社会
2026-08-16,2026-08-16T06:09:24.053301+09:00,その他メディア,,共同通信,【速報】中国船が尖閣周辺EEZで海洋調査か,https://www.47news.jp/14795793.html,https://news.ceek.jp/search.cgi?category_id=national&feed=1,ok,,社会
2026-08-16,2026-08-16T06:09:24.053301+09:00,その他メディア,,Abema TIMES,"「車・地下・帰宅困難者」千葉豪雨で露呈した都市型水害“3つの課題""",https://times.abema.tv/articles/-/10267346?page=1,https://news.ceek.jp/search.cgi?category_id=national&feed=1,ok,,社会
2026-08-16,2026-08-16T06:09:24.053301+09:00,その他メディア,,Abema TIMES,"相次ぐ水難事故 地形が生む強い水流に注意 離岸流の""5倍""の速さも",https://times.abema.tv/articles/-/10267347?page=1,https://news.ceek.jp/search.cgi?category_id=national&feed=1,ok,,社会
2026-08-16,2026-08-16T06:09:24.053301+09:00,その他メディア,,テレビ朝日,"相次ぐ水難事故 地形が生む強い水流に注意 離岸流の""5倍""の速さも",https://news.tv-asahi.co.jp/news_society/articles/900197228.html,https://news.ceek.jp/search.cgi?category_id=national&feed=1,ok,,社会
2026-08-16,2026-08-16T06:09:24.053301+09:00,その他メディア,,テレビ朝日,"「車・地下・帰宅困難者」千葉豪雨で露呈した都市型水害“3つの課題""",https://news.tv-asahi.co.jp/news_society/articles/900197227.html,https://news.ceek.jp/search.cgi?category_id=national&feed=1,ok,,社会
2026-08-16,2026-08-16T06:09:24.053301+09:00,その他メディア,,フジテレビ,震度7で本堂全壊 参拝できず寺住職が家々回り先祖の供養「一軒一軒安否確認の意味も」 断水続く高齢者施設では散髪ボランティア【令和8年熊本地震】,https://www.fnn.jp/articles/-/1095370,https://news.ceek.jp/search.cgi?category_id=national&feed=1,ok,,社会
2026-08-16,2026-08-16T06:09:24.053301+09:00,その他メディア,,フジテレビ,熊本県で最大震度1の地震 熊本県・八代市、上天草市、芦北町,https://www.fnn.jp/articles/-/1095369,https://news.ceek.jp/search.cgi?category_id=national&feed=1,ok,,社会
2026-08-16,2026-08-16T06:09:24.053301+09:00,その他メディア,,フジテレビ,千葉豪雨9人死亡1人不明に いすみ市の用水路で70代男性見つかる 2日経ちまだ冠水エリア 水が引いて泥かき出す店も 16日もところにより降雨か,https://www.fnn.jp/articles/-/1095368,https://news.ceek.jp/search.cgi?category_id=national&feed=1,ok,,社会
2026-08-16,2026-08-16T06:09:24.053301+09:00,その他メディア,,フジテレビ,熊本県で最大震度1の地震 熊本県・八代市,https://www.fnn.jp/articles/-/1095367,https://news.ceek.jp/search.cgi?category_id=national&feed=1,ok,,社会
2026-08-16,2026-08-16T06:09:24.053301+09:00,その他メディア,,共同通信,【速報】山形の花火大会で爆発、3人軽傷,https://www.47news.jp/14795638.html,https://news.ceek.jp/search.cgi?category_id=national&feed=1,ok,,社会
2026-08-16,2026-08-16T06:09:24.053301+09:00,全国紙,全国,読売新聞,千葉豪雨の放置車両に追突したはずみで人身事故、無免許過失運転致傷容疑で男逮捕,https://www.yomiuri.co.jp/national/20260815-GYT1T00446/,https://news.ceek.jp/search.cgi?category_id=national&feed=1,ok,,社会
2026-08-16,2026-08-16T06:09:24.053301+09:00,その他メディア,,フジテレビ,"「女の子がかわいらしかったので」 プールの更衣室で7歳女児を“盗撮"" 54歳男を逮捕 スマホに約1分の“着替え""動画 福岡",https://www.fnn.jp/articles/-/1095366,https://news.ceek.jp/search.cgi?category_id=national&feed=1,ok,,社会
2026-08-16,2026-08-16T06:09:24.053301+09:00,その他メディア,,日刊スポーツ,夏の高校野球、明徳義塾対星稜戦で星稜の松井秀喜が5打席連続敬遠四球/今日は?,https://www.nikkansports.com/general/news/202608150000801.html,https://news.ceek.jp/search.cgi?category_id=national&feed=1,ok,,社会
2026-08-16,2026-08-16T06:09:24.053301+09:00,その他メディア,,Abema TIMES,"クマが迫る“お盆休み"" 変わる景色 キャンプ場で“外出自粛""も",https://times.abema.tv/articles/-/10267344?page=1,https://news.ceek.jp/search.cgi?category_id=national&feed=1,ok,,社会
2026-08-16,2026-08-16T06:09:24.053301+09:00,その他メディア,,テレビ朝日,"クマが迫る“お盆休み"" 変わる景色 キャンプ場で“外出自粛""も",https://news.tv-asahi.co.jp/news_society/articles/900197226.html,https://news.ceek.jp/search.cgi?category_id=national&feed=1,ok,,社会
2026-08-16,2026-08-16T06:09:24.053301+09:00,その他メディア,,Smart FLASH,"死者が出たアンダーパス、水上に立つコンビニ...豪雨もたらした“逆走台風""識者が語る「原因は偏西風の蛇行」",https://smart-flash.jp/sociopolitics/423767/,https://news.ceek.jp/search.cgi?category_id=national&feed=1,ok,,社会
2026-08-16,2026-08-16T06:09:24.053301+09:00,その他メディア,,サンケイスポーツ,インドネシア地震47人死亡 津波1.6メートル、M7.7,https://www.sanspo.com/article/20260815-EAAMGM5SCZIM7MFMATWRXXCDF4/,https://news.ceek.jp/search.cgi?category_id=national&feed=1,ok,,社会
2026-08-16,2026-08-16T06:09:24.053301+09:00,その他メディア,,テレビ朝日,佐倉市の豪雨被害 熊谷知事が視察「激甚災害」指定を要望へ 市内では100棟以上浸水,https://news.tv-asahi.co.jp/news_society/articles/000526545.html,https://news.ceek.jp/search.cgi?category_id=national&feed=1,ok,,社会
2026-08-16,2026-08-16T06:09:24.053301+09:00,その他メディア,,Abema TIMES,千葉県知事「激甚災害」への指定を要望へ 被災地域を視察,https://times.abema.tv/articles/-/10267342?page=1,https://news.ceek.jp/search.cgi?category_id=national&feed=1,ok,,社会
2026-08-16,2026-08-16T06:09:24.053301+09:00,その他メディア,,テレビ朝日,皇室典範改正で女性天皇は?...「実は知らない日本」を池上解説!,https://news.tv-asahi.co.jp/news_society/articles/900197165.html,https://news.ceek.jp/search.cgi?category_id=national&feed=1,ok,,社会
2026-08-16,2026-08-16T06:09:24.053301+09:00,その他メディア,,TBSテレビ,"「私が生き証人なんです」復員兵の心の傷が子や孫に連鎖する“戦争トラウマ""の実態【報道特集】",https://newsdig.tbs.co.jp/articles/-/2874713?display=1,https://news.ceek.jp/search.cgi?category_id=national&feed=1,ok,,社会
2026-08-16,2026-08-16T06:09:24.053301+09:00,その他メディア,,TBSテレビ,"兵士の精神疾患は「恥」 隠蔽された“戦争トラウマ"" 社会と家族に見捨てられた元兵士の孤独【報道特集】",https://newsdig.tbs.co.jp/articles/-/2874715?display=1,https://news.ceek.jp/search.cgi?category_id=national&feed=1,ok,,社会
2026-08-16,2026-08-16T06:09:24.053301+09:00,その他メディア,,フジテレビ,彬子さま 写真展「ザ・ファミリー・オブ・マン」の回顧展に 70年前の日本開催時には三笠宮さまがテープカット,https://www.fnn.jp/articles/-/1095362,https://news.ceek.jp/search.cgi?category_id=national&feed=1,ok,,社会
2026-08-16,2026-08-16T06:09:24.053301+09:00,全国紙,全国,読売新聞,熊本地震の住宅被害3万894棟、なお3205人が避難...2万6450戸で断水続く,https://www.yomiuri.co.jp/national/20260815-GYT1T00290/,https://news.ceek.jp/search.cgi?category_id=national&feed=1,ok,,社会
2026-08-16,2026-08-16T06:09:24.053301+09:00,その他メディア,,フジテレビ,熊本県で最大震度1の地震 熊本県・熊本西区,https://www.fnn.jp/articles/-/1095361,https://news.ceek.jp/search.cgi?category_id=national&feed=1,ok,,社会
2026-08-16,2026-08-16T06:09:24.053301+09:00,その他メディア,,共同通信,震源断層の出現映像を撮影 熊本地震、貴重と専門家,https://www.47news.jp/14794657.html,https://news.ceek.jp/search.cgi?category_id=national&feed=1,ok,,社会
2026-08-16,2026-08-16T06:09:24.053301+09:00,その他メディア,,共同通信,J3熊本、ホーム初戦はドロー 試合前に募金活動や黙とう,https://www.47news.jp/14794476.html,https://news.ceek.jp/search.cgi?category_id=national&feed=1,ok,,社会
2026-08-16,2026-08-16T06:09:24.053301+09:00,その他メディア,,フジテレビ,大阪府で最大震度1の地震 大阪府・熊取町,https://www.fnn.jp/articles/-/1095359,https://news.ceek.jp/search.cgi?category_id=national&feed=1,ok,,社会
2026-08-16,2026-08-16T06:09:24.053301+09:00,全国紙,全国,読売新聞,いすみ市の男性が用水路で死亡、千葉豪雨の死者9人に...住宅被害は1160棟に拡大,https://www.yomiuri.co.jp/national/20260815-GYT1T00270/,https://news.ceek.jp/search.cgi?category_id=national&feed=1,ok,,社会
2026-08-16,2026-08-16T06:09:24.053301+09:00,その他メディア,,デイリースポーツ,女子百m障害、中島が日本新でV,https://www.daily.co.jp/society/main/2026/08/15/0020710093.shtml,https://news.ceek.jp/search.cgi?category_id=national&feed=1,ok,,社会
2026-08-16,2026-08-16T06:09:24.053301+09:00,その他メディア,,日本テレビ,千葉豪雨 県内の死者は9人に 放置車両も課題...走行中の車が突っ込む事故,https://news.ntv.co.jp/category/society/6af01a23aff5400d96a454190b7e8549,https://news.ceek.jp/search.cgi?category_id=national&feed=1,ok,,社会
2026-08-16,2026-08-16T06:09:24.053301+09:00,その他メディア,,フジテレビ,"""撮り鉄""男性(19)車でひき殺そうとしたか 55歳男を逮捕「びびらせようとしただけ」殺意は否認 徳島・鳴門",https://www.fnn.jp/articles/-/1095358,https://news.ceek.jp/search.cgi?category_id=national&feed=1,ok,,社会
2026-08-16,2026-08-16T06:09:24.053301+09:00,その他メディア,,フジテレビ,沖縄県で最大震度1の地震 沖縄県・与那国町,https://www.fnn.jp/articles/-/1095357,https://news.ceek.jp/search.cgi?category_id=national&feed=1,ok,,社会
2026-08-16,2026-08-16T06:09:24.053301+09:00,その他メディア,,Abema TIMES,豪雨で新たに70代男性死亡と千葉県が発表 死者9人に,https://times.abema.tv/articles/-/10267336?page=1,https://news.ceek.jp/search.cgi?category_id=national&feed=1,ok,,社会
2026-08-16,2026-08-16T06:09:24.053301+09:00,その他メディア,,フジテレビ,熊本県で最大震度2の地震 熊本県・芦北町,https://www.fnn.jp/articles/-/1095356,https://news.ceek.jp/search.cgi?category_id=national&feed=1,ok,,社会
2026-08-16,2026-08-16T06:09:24.053301+09:00,その他メディア,,サンケイスポーツ,SUV販売、競争激化 日産やマツダの新車好調,https://www.sanspo.com/article/20260815-6TTWFAOW5RISNFBGUCQEQBTXPM/,https://news.ceek.jp/search.cgi?category_id=national&feed=1,ok,,社会
2026-08-16,2026-08-16T06:09:24.053301+09:00,その他メディア,,デイリースポーツ,靖国周辺で右翼団体男逮捕,https://www.daily.co.jp/society/national/2026/08/15/0020710171.shtml,https://news.ceek.jp/search.cgi?category_id=national&feed=1,ok,,社会
2026-08-16,2026-08-16T06:09:24.053301+09:00,その他メディア,,共同通信,靖国周辺で右翼団体男逮捕 警官に体当たりした疑い,https://www.47news.jp/14794691.html,https://news.ceek.jp/search.cgi?category_id=national&feed=1,ok,,社会
2026-08-16,2026-08-16T06:09:24.053301+09:00,全国紙,全国,日本経済新聞,千葉豪雨の死者9人に 住宅浸水1000棟超、放置車両1200台の撤去続く,https://www.nikkei.com/article/DGXZQOUD151MB0V10C26A8000000/,https://news.ceek.jp/search.cgi?category_id=national&feed=1,ok,,社会
2026-08-16,2026-08-16T06:09:24.053301+09:00,その他メディア,,デイリースポーツ,震源断層の出現映像を撮影,https://www.daily.co.jp/society/main/2026/08/15/0020710151.shtml,https://news.ceek.jp/search.cgi?category_id=national&feed=1,ok,,社会
2026-08-16,2026-08-16T06:09:24.053301+09:00,全国紙,全国,読売新聞,お盆休み最終盤、Uターンラッシュで各地の高速道や鉄道混雑...東北道では最大28kmの渋滞,https://www.yomiuri.co.jp/national/20260815-GYT1T00222/,https://news.ceek.jp/search.cgi?category_id=national&feed=1,ok,,社会
2026-08-16,2026-08-16T06:09:24.053301+09:00,その他メディア,,フジテレビ,屈斜路湖「手こぎボートが流されている」110番通報...風で流された?岸から約1キロ離れた場所で救助...乗っていた女性2人にけがなし <北海道弟子屈町>,https://www.fnn.jp/articles/-/1095354,https://news.ceek.jp/search.cgi?category_id=national&feed=1,ok,,社会
2026-08-16,2026-08-16T06:09:24.053301+09:00,その他メディア,,フジテレビ,"玉音放送の数時間前に千葉県上空で空中戦5人が犠牲に 20歳ゼロ戦パイロットの“最期の痕跡"" 遺族の思いと発掘調査を続ける男性 終戦から81年",https://www.fnn.jp/articles/-/1095325,https://news.ceek.jp/search.cgi?category_id=national&feed=1,ok,,社会
2026-08-16,2026-08-16T06:09:24.053301+09:00,全国紙,全国,読売新聞,海水浴場近くで「茂みにクマがいる」と通報、海水浴客ら50人が避難...緊急銃猟で駆除,https://www.yomiuri.co.jp/national/20260815-GYT1T00223/,https://news.ceek.jp/search.cgi?category_id=national&feed=1,ok,,社会
2026-08-16,2026-08-16T06:09:24.053301+09:00,その他メディア,,共同通信,犠牲者思い、紙灯籠ともす 大川小、お盆に合わせ,https://www.47news.jp/14794525.html,https://news.ceek.jp/search.cgi?category_id=national&feed=1,ok,,社会
2026-08-16,2026-08-16T06:09:24.053301+09:00,その他メディア,,日刊スポーツ,千葉豪雨、死者9人に 他に1人が行方不明 住宅浸水千棟超 放置車両は1200台以上か,https://www.nikkansports.com/general/news/202608150001603.html,https://news.ceek.jp/search.cgi?category_id=national&feed=1,ok,,社会
2026-08-16,2026-08-16T06:09:24.053301+09:00,その他メディア,,TBSテレビ,千葉豪雨で相次ぐ車の水没死...なぜ危険な冠水道路へ進入?「止まって」叫ぶもアンダーパスへ 水没現場で何が 検証取材【報道特集】,https://newsdig.tbs.co.jp/articles/-/2874687?display=1,https://news.ceek.jp/search.cgi?category_id=national&feed=1,ok,,社会
2026-08-16,2026-08-16T06:09:24.053301+09:00,その他メディア,,日本テレビ,【速報】千葉豪雨の死者は9人に いすみ市の用水路の中で70代男性が死亡しているのを発見,https://news.ntv.co.jp/category/society/311cecd0da5a43c682e74ce941f344af,https://news.ceek.jp/search.cgi?category_id=national&feed=1,ok,,社会
2026-08-16,2026-08-16T06:09:24.053301+09:00,その他メディア,,テレビ朝日,豪雨で新たに70代男性死亡と千葉県が発表 死者9人に,https://news.tv-asahi.co.jp/news_society/articles/000526601.html,https://news.ceek.jp/search.cgi?category_id=national&feed=1,ok,,社会
2026-08-16,2026-08-16T06:09:24.053301+09:00,その他メディア,,日刊スポーツ,小泉防衛相ら4閣僚が靖国参拝 高市首相、武道館から「遥拝」 終戦の日、中韓反発,https://www.nikkansports.com/general/news/202608150001605.html,https://news.ceek.jp/search.cgi?category_id=national&feed=1,ok,,社会
2026-08-16,2026-08-16T06:09:24.053301+09:00,その他メディア,,共同通信,【速報】熊本地震で断層出現とみられる映像、日本初,https://www.47news.jp/14794554.html,https://news.ceek.jp/search.cgi?category_id=national&feed=1,ok,,社会
2026-08-16,2026-08-16T06:09:24.053301+09:00,その他メディア,,Smart FLASH,"高市首相、広島平和記念式典後の「歯科医院訪問」は“厳戒体制""要した時間は5時間、北朝鮮ミサイル発射時も滞在",https://smart-flash.jp/sociopolitics/423757/,https://news.ceek.jp/search.cgi?category_id=national&feed=1,ok,,社会
2026-08-16,2026-08-16T06:09:24.053301+09:00,その他メディア,,Abema TIMES,軽とトラック衝突 1人死亡 一方が車線はみ出しか,https://times.abema.tv/articles/-/10267335?page=1,https://news.ceek.jp/search.cgi?category_id=national&feed=1,ok,,社会
2026-08-16,2026-08-16T06:09:24.053301+09:00,その他メディア,,TBSテレビ,「まさか、こんなことが起こるとは」豪雨災害から2日 千葉・大網白里市 水が引かない地域残る 孤立状態になっている世帯が複数...,https://newsdig.tbs.co.jp/articles/-/2874680?display=1,https://news.ceek.jp/search.cgi?category_id=national&feed=1,ok,,社会
2026-08-16,2026-08-16T06:09:24.053301+09:00,その他メディア,,フジテレビ,「甥っ子に包丁を突き付けられた」叔父が警察署訪れ申告「殺すぞ」と脅迫した31歳無職の男を逮捕...「殺すとは言っていません」容疑を一部否認〈北海道北見市〉,https://www.fnn.jp/articles/-/1095350,https://news.ceek.jp/search.cgi?category_id=national&feed=1,ok,,社会
2026-08-16,2026-08-16T06:09:24.053301+09:00,その他メディア,,J-CAST,秋篠宮さまの改正皇室典範発言は「納得できないという意味を含んでいる」 保阪正康さん指摘,https://www.j-cast.com/2026/08/15517159.html?p=all,https://news.ceek.jp/search.cgi?category_id=national&feed=1,ok,,社会
2026-08-16,2026-08-16T06:09:24.053301+09:00,その他メディア,,デイリースポーツ,犠牲者思い、紙灯籠ともす,https://www.daily.co.jp/society/national/2026/08/15/0020709947.shtml,https://news.ceek.jp/search.cgi?category_id=national&feed=1,ok,,社会
2026-08-16,2026-08-16T06:09:24.053301+09:00,その他メディア,,日本テレビ,住宅少なくとも3棟焼く火事 1人と連絡取れず 長野・岡谷市,https://news.ntv.co.jp/category/society/c60853f23aae4500ae547c1294d57bf1,https://news.ceek.jp/search.cgi?category_id=national&feed=1,ok,,社会
2026-08-16,2026-08-16T06:09:24.053301+09:00,その他メディア,,テレビ朝日,熊本地震の対応で警視庁が支援部隊派遣 24日まで防犯アドバイスなど実施,https://news.tv-asahi.co.jp/news_society/articles/000526580.html,https://news.ceek.jp/search.cgi?category_id=national&feed=1,ok,,社会
2026-08-16,2026-08-16T06:09:24.053301+09:00,その他メディア,,フジテレビ,「流された釣り竿を取りに行ったら...」人工池で男性が溺れて行方不明に 水深2メートル前後の沖合いで姿消す 警察と消防が捜索も発見に至らず,https://www.fnn.jp/articles/-/1095349,https://news.ceek.jp/search.cgi?category_id=national&feed=1,ok,,社会
2026-08-16,2026-08-16T06:09:24.053301+09:00,全国紙,全国,毎日新聞,新たに70代男性の死亡確認、用水路で発見 死者9人に 千葉豪雨,https://mainichi.jp/articles/20260815/k00/00m/040/203000c,https://news.ceek.jp/search.cgi?category_id=national&feed=1,ok,,社会
2026-08-16,2026-08-16T06:09:24.053301+09:00,その他メディア,,共同通信,長崎で故人しのぶ精霊流し 爆竹響かせ浄土へ送る,https://www.47news.jp/14794332.html,https://news.ceek.jp/search.cgi?category_id=national&feed=1,ok,,社会
2026-08-16,2026-08-16T06:09:24.053301+09:00,全国紙,全国,産経新聞,イランがパイロット3人を拘束されたと主張 カタール「断固として否定」,https://www.sankei.com/article/20260816-RKQ3BUTTS5M2JA7ZVYZCO7CVPM/,https://news.ceek.jp/search.cgi?category_id=world&feed=1,ok,,国際
2026-08-16,2026-08-16T06:09:24.053301+09:00,その他メディア,,フジテレビ,トランプ大統領「ホルムズ海峡アメリカ領に」 イラン「脅しには屈しない」と反論,https://www.fnn.jp/articles/-/1095435,https://news.ceek.jp/search.cgi?category_id=world&feed=1,ok,,国際
2026-08-16,2026-08-16T06:09:24.053301+09:00,全国紙,全国,産経新聞,ベルギーで史上最悪山火事 EUが消火活動支援 ヘリコプター3機派遣,https://www.sankei.com/article/20260816-PFL6BXDUU5MCVAFT4KRS6WS7X4/,https://news.ceek.jp/search.cgi?category_id=world&feed=1,ok,,国際
2026-08-16,2026-08-16T06:09:24.053301+09:00,その他メディア,,現代ビジネス,いま韓国で中年女性を「アジュンマ(おばさん)」と呼ぶと、とても大変なことになる社会的理由,https://gendai.media/articles/-/170242,https://news.ceek.jp/search.cgi?category_id=world&feed=1,ok,,国際
2026-08-16,2026-08-16T06:09:24.053301+09:00,その他メディア,,JBpress,高市氏を激怒させた択捉訪問、プーチン「強さ演出」の裏で渦巻く老人支配への反発と「権力闘争」勃発への恐れ,https://jbpress.ismedia.jp/articles/-/96477,https://news.ceek.jp/search.cgi?category_id=world&feed=1,ok,,国際
2026-08-16,2026-08-16T06:09:24.053301+09:00,全国紙,全国,朝日新聞,ベネズエラ攻撃の夜、地上で何が起きたか 米軍のミサイル直撃の現場,https://www.asahi.com/articles/ASV8B24V2V8BUHBI02TM.html,https://news.ceek.jp/search.cgi?category_id=world&feed=1,ok,,国際
2026-08-16,2026-08-16T06:09:24.053301+09:00,全国紙,全国,朝日新聞,米軍ヘリが機銃掃射、大統領拘束の現場 ベネズエラ市民は何を見たか,https://www.asahi.com/articles/ASV8B2D6YV8BUHBI002M.html,https://news.ceek.jp/search.cgi?category_id=world&feed=1,ok,,国際
2026-08-16,2026-08-16T06:09:24.053301+09:00,その他メディア,,デイリースポーツ,ウクライナ米大使人事難航,https://www.daily.co.jp/society/world/2026/08/16/0020711684.shtml,https://news.ceek.jp/search.cgi?category_id=world&feed=1,ok,,国際
2026-08-16,2026-08-16T06:09:24.053301+09:00,その他メディア,,デイリースポーツ,公爵継承、女子も可能に,https://www.daily.co.jp/society/world/2026/08/16/0020711686.shtml,https://news.ceek.jp/search.cgi?category_id=world&feed=1,ok,,国際
2026-08-16,2026-08-16T06:09:24.053301+09:00,その他メディア,,デイリースポーツ,ベルギーで史上最悪山火事,https://www.daily.co.jp/society/world/2026/08/16/0020711690.shtml,https://news.ceek.jp/search.cgi?category_id=world&feed=1,ok,,国際
2026-08-16,2026-08-16T06:09:24.053301+09:00,その他メディア,,デイリースポーツ,尖閣周辺で中国海洋調査か,https://www.daily.co.jp/society/world/2026/08/16/0020711680.shtml,https://news.ceek.jp/search.cgi?category_id=world&feed=1,ok,,国際
2026-08-16,2026-08-16T06:09:24.053301+09:00,その他メディア,,Pars Today,在ウィーン国際機関ロシア常駐代表、ホルモズ海峡に関するトランプ氏の主張を嘲笑,https://parstoday.ir/ja/news/world-i134102,https://news.ceek.jp/search.cgi?category_id=world&feed=1,ok,,国際
2026-08-16,2026-08-16T06:09:24.053301+09:00,全国紙,全国,読売新聞,日比海域交渉「年内に完了」 マルコス氏意欲 「大きな障害ない」,https://www.yomiuri.co.jp/world/20260816-GYT1T00026/,https://news.ceek.jp/search.cgi?category_id=world&feed=1,ok,,国際
2026-08-16,2026-08-16T06:09:24.053301+09:00,全国紙,全国,読売新聞,[ワールドビュー]米カナダ「架け橋」が映す溝...ニューヨーク支局長 山本貴徳,https://www.yomiuri.co.jp/world/20260816-GYT1T00030/,https://news.ceek.jp/search.cgi?category_id=world&feed=1,ok,,国際
2026-08-16,2026-08-16T06:09:24.053301+09:00,全国紙,全国,読売新聞,米、AI陣営選択迫る 30か国以上に書簡送付へ 「中国側参加なら排除」...ロイター報道,https://www.yomiuri.co.jp/world/20260816-GYT1T00043/,https://news.ceek.jp/search.cgi?category_id=world&feed=1,ok,,国際
2026-08-16,2026-08-16T06:09:24.053301+09:00,その他メディア,,WEDGE Infinity,〈台湾最南端「国境の南」屏東〉日本人が知らない、日台深奥の歴史と圧倒的な多様性,https://wedge.ismedia.jp/articles/-/40861,https://news.ceek.jp/search.cgi?category_id=world&feed=1,ok,,国際
2026-08-16,2026-08-16T06:09:24.053301+09:00,その他メディア,,WEDGE Infinity,【ルポ】イスラエル軍に連れ去られた行方不明のレバノン人たち レバノン現地取材(1),https://wedge.ismedia.jp/articles/-/40963,https://news.ceek.jp/search.cgi?category_id=world&feed=1,ok,,国際
2026-08-16,2026-08-16T06:09:24.053301+09:00,全国紙,全国,朝日新聞,高市首相「異例ずくめ」の靖国対応 小泉防衛相は参拝で日韓に冷や水,https://www.asahi.com/articles/ASV8H4193V8HUTFK00CM.html,https://news.ceek.jp/search.cgi?category_id=world&feed=1,ok,,国際
2026-08-16,2026-08-16T06:09:24.053301+09:00,全国紙,全国,日本経済新聞,[FT]まだ少ない?アフリカの人口,https://www.nikkei.com/article/DGXZQOCB134VM0T10C26A8000000/,https://news.ceek.jp/search.cgi?category_id=world&feed=1,ok,,国際
2026-08-16,2026-08-16T06:09:24.053301+09:00,全国紙,全国,日本経済新聞,「サッカー×卓球」テックボール、アジア浸透 タイは育成を強化,https://www.nikkei.com/article/DGXZQOCC295720Z20C26A7000000/,https://news.ceek.jp/search.cgi?category_id=world&feed=1,ok,,国際
2026-08-16,2026-08-16T06:09:24.053301+09:00,全国紙,全国,読売新聞,革命防衛隊 撃墜米機の残骸 公開...イラン報道 長期戦へ備え 強調,https://www.yomiuri.co.jp/world/20260816-GYT1T00020/,https://news.ceek.jp/search.cgi?category_id=world&feed=1,ok,,国際
2026-08-16,2026-08-16T06:09:24.053301+09:00,全国紙,全国,読売新聞,ヨルダン川西岸で衝突 イスラエル・パレスチナ人,https://www.yomiuri.co.jp/world/20260816-GYT1T00022/,https://news.ceek.jp/search.cgi?category_id=world&feed=1,ok,,国際
2026-08-16,2026-08-16T06:09:24.053301+09:00,全国紙,全国,読売新聞,仏ノルマンディー 上陸作戦の海岸 浸食...温暖化影響 遺構保存 高まる機運,https://www.yomiuri.co.jp/world/20260816-GYT1T00009/,https://news.ceek.jp/search.cgi?category_id=world&feed=1,ok,,国際
2026-08-16,2026-08-16T06:09:24.053301+09:00,その他メディア,,Pars Today,米メディア;「イスラエル首相に対するトランプ氏の姿勢が変化」,https://parstoday.ir/ja/news/world-i134100,https://news.ceek.jp/search.cgi?category_id=world&feed=1,ok,,国際
2026-08-16,2026-08-16T06:09:24.053301+09:00,その他メディア,,アラブニュース,イスラエル、レバノンとの「より本格的な」協議を望んでいる:首相報道官,https://www.arabnews.jp/article/middle-east/article_184270/,https://news.ceek.jp/search.cgi?category_id=world&feed=1,ok,,国際
2026-08-16,2026-08-16T06:09:24.053301+09:00,その他メディア,,アラブニュース,包囲されたクスラの住宅への水道・電力復旧作業を行っていた作業員らに対し、イスラエルの入植者が襲撃。作業員4人が拘束された。,https://www.arabnews.jp/article/middle-east/article_184268/,https://news.ceek.jp/search.cgi?category_id=world&feed=1,ok,,国際
2026-08-16,2026-08-16T06:09:24.053301+09:00,その他メディア,,アラブニュース,ハッジの宿泊施設に関する新たな規則は、準備体制、安全性、サービスの質に重点を置いている,https://www.arabnews.jp/article/saudi-arabia/article_184266/,https://news.ceek.jp/search.cgi?category_id=world&feed=1,ok,,国際
2026-08-16,2026-08-16T06:09:24.053301+09:00,その他メディア,,アラブニュース,"居住、労働、国境違反で14,542人が拘束された",https://www.arabnews.jp/article/saudi-arabia/article_184264/,https://news.ceek.jp/search.cgi?category_id=world&feed=1,ok,,国際
2026-08-16,2026-08-16T06:09:24.053301+09:00,その他メディア,,アラブニュース,保健省によると、イスラエルによるレバノン南部への空爆で11人が死亡した,https://www.arabnews.jp/article/middle-east/article_184248/,https://news.ceek.jp/search.cgi?category_id=world&feed=1,ok,,国際
2026-08-16,2026-08-16T06:09:24.053301+09:00,全国紙,全国,日本経済新聞,[FT]米新興EV首脳「中国勢との競合不可避」,https://www.nikkei.com/article/DGXZQOCB1222T0S6A810C2000000/,https://news.ceek.jp/search.cgi?category_id=world&feed=1,ok,,国際
2026-08-16,2026-08-16T06:09:24.053301+09:00,全国紙,全国,日本経済新聞,ウラン濃縮や原潜、変わる米の核不拡散政策 平和利用の日本にも影響,https://www.nikkei.com/article/DGXZQOSG2856T0Y6A720C2000000/,https://news.ceek.jp/search.cgi?category_id=world&feed=1,ok,,国際
2026-08-16,2026-08-16T06:09:24.053301+09:00,その他メディア,,アラブニュース,ヒズボラは、イスラエルの攻撃に対しては「相応の」対応をとると表明した,https://www.arabnews.jp/article/middle-east/article_184254/,https://news.ceek.jp/search.cgi?category_id=world&feed=1,ok,,国際
2026-08-16,2026-08-16T06:09:24.053301+09:00,その他メディア,,アラブニュース,オマーンの海岸沿い12kmにわたり、座礁したタンカーから流出した原油が打ち上げられた,https://www.arabnews.jp/article/middle-east/article_184258/,https://news.ceek.jp/search.cgi?category_id=world&feed=1,ok,,国際
2026-08-16,2026-08-16T06:09:24.053301+09:00,その他メディア,,フジテレビ,韓国・李在明大統領「不必要な対立やめるべき」 北朝鮮に改めて対話呼びかけ 日韓関係は評価の上「今後も共通の利益のため協力拡大」,https://www.fnn.jp/articles/-/1095371,https://news.ceek.jp/search.cgi?category_id=world&feed=1,ok,,国際
2026-08-16,2026-08-16T06:09:24.053301+09:00,その他メディア,,TBSテレビ,"イタリアの美術館窃盗で5人逮捕 ルノワールなど“総額16億円以上"" 容疑者宅で絵画を発見",https://newsdig.tbs.co.jp/articles/-/2874740?display=1,https://news.ceek.jp/search.cgi?category_id=world&feed=1,ok,,国際
2026-08-16,2026-08-16T06:09:24.053301+09:00,その他メディア,,TBSテレビ,インドネシア東部 M7.7の地震 47人死亡 50棟超の建物損壊 約2000人が避難,https://newsdig.tbs.co.jp/articles/-/2874738?display=1,https://news.ceek.jp/search.cgi?category_id=world&feed=1,ok,,国際
2026-08-16,2026-08-16T06:09:24.053301+09:00,その他メディア,,テレビ朝日,ロシアのロケット製造拠点を攻撃 衛星通信システムの打ち上げに使用とウクライナ軍,https://news.tv-asahi.co.jp/news_international/articles/000526614.html,https://news.ceek.jp/search.cgi?category_id=world&feed=1,ok,,国際
2026-08-16,2026-08-16T06:09:24.053301+09:00,その他メディア,,テレビ朝日,インドネシアM7.7の地震 死者が47人に 150棟以上の建物が全壊,https://news.tv-asahi.co.jp/news_international/articles/000526613.html,https://news.ceek.jp/search.cgi?category_id=world&feed=1,ok,,国際
2026-08-16,2026-08-16T06:09:24.053301+09:00,その他メディア,,アラブニュース,フーシ派によるモカへのミサイル攻撃を受け、イエメン軍は「厳しい対応」を誓う,https://www.arabnews.jp/article/middle-east/article_184256/,https://news.ceek.jp/search.cgi?category_id=world&feed=1,ok,,国際
2026-08-16,2026-08-16T06:09:24.053301+09:00,その他メディア,,newsclip.be,タイの外国人入国料、300バーツから450バーツへ 2027年初めに徴収開始,https://newsclip.be/thai-news/thai-economy/40665,https://news.ceek.jp/search.cgi?category_id=world&feed=1,ok,,国際
2026-08-16,2026-08-16T06:09:24.053301+09:00,その他メディア,,newsclip.be,事故続きのラマ2世通りM82高速道路、一部を無料開放し試験運用へ,https://newsclip.be/thai-news/thai-economy/40670,https://news.ceek.jp/search.cgi?category_id=world&feed=1,ok,,国際
2026-08-16,2026-08-16T06:09:24.053301+09:00,その他メディア,,デイリースポーツ,NZ、中国スパイ活動警告,https://www.daily.co.jp/society/world/2026/08/15/0020711382.shtml,https://news.ceek.jp/search.cgi?category_id=world&feed=1,ok,,国際
2026-08-16,2026-08-16T06:09:24.053301+09:00,その他メディア,,共同通信,NZ、中国スパイ活動警告 年次報告書、計画阻止,https://www.47news.jp/14795553.html,https://news.ceek.jp/search.cgi?category_id=world&feed=1,ok,,国際
2026-08-16,2026-08-16T06:09:24.053301+09:00,その他メディア,,TBSテレビ,イギリスで2日連続の列車脱線 猛暑の影響でレールが変形か,https://newsdig.tbs.co.jp/articles/-/2874728?display=1,https://news.ceek.jp/search.cgi?category_id=world&feed=1,ok,,国際
2026-08-16,2026-08-16T06:09:24.053301+09:00,全国紙,全国,日本経済新聞,中国、17日に江沢民氏生誕100年の記念大会 習近平氏が演説へ,https://www.nikkei.com/article/DGXZQOGM152G40V10C26A8000000/,https://news.ceek.jp/search.cgi?category_id=world&feed=1,ok,,国際
2026-08-16,2026-08-16T06:09:24.053301+09:00,全国紙,全国,読売新聞,ベッセント米財務長官、対イラン新制裁を近く発表...「経済的孤立」に追い込むと強調,https://www.yomiuri.co.jp/world/20260815-GYT1T00383/,https://news.ceek.jp/search.cgi?category_id=world&feed=1,ok,,国際
2026-08-16,2026-08-16T06:09:24.053301+09:00,その他メディア,,デイリースポーツ,インドネシアで地震、47人死亡,https://www.daily.co.jp/society/world/2026/08/15/0020708076.shtml,https://news.ceek.jp/search.cgi?category_id=world&feed=1,ok,,国際
2026-08-16,2026-08-16T06:09:24.053301+09:00,その他メディア,,共同通信,インドネシアで地震、47人死亡 津波1.6メートル、M7.7,https://www.47news.jp/14792083.html,https://news.ceek.jp/search.cgi?category_id=world&feed=1,ok,,国際
2026-08-16,2026-08-16T06:09:24.053301+09:00,その他メディア,,共同通信,【速報】インドネシア地震、死者47人に,https://www.47news.jp/14795293.html,https://news.ceek.jp/search.cgi?category_id=world&feed=1,ok,,国際
2026-08-16,2026-08-16T06:09:24.053301+09:00,全国紙,全国,産経新聞,モスク損壊、がれき散乱...38人死亡 インドネシアM7.7地震、M6.6地震も発生,https://www.sankei.com/article/20260815-4UHRK4WMXBJKLOULGRXMNFEH24/,https://news.ceek.jp/search.cgi?category_id=world&feed=1,ok,,国際
2026-08-16,2026-08-16T06:09:24.053301+09:00,全国紙,全国,読売新聞,インドネシアでM7・7の地震、47人死亡...震源付近で高さ1・6mの津波観測,https://www.yomiuri.co.jp/world/20260815-GYT1T00324/,https://news.ceek.jp/search.cgi?category_id=world&feed=1,ok,,国際
2026-08-16,2026-08-16T06:09:24.053301+09:00,その他メディア,,ベトナムの声,日越巡回写真展、ベトナム北部の茶文化を紹介,https://vovworld.vn/ja-JP/niyusu/riyuexunhuixiezhenzhanhetonamubeibunochawenhuawoshaojie-2458324.vov5,https://news.ceek.jp/search.cgi?category_id=world&feed=1,ok,,国際
2026-08-16,2026-08-16T06:09:24.053301+09:00,全国紙,全国,読売新聞,中国外務省が日本側に「強烈な抗議」...小泉防衛相らの靖国神社参拝に「戦後国際秩序への挑発」と非難,https://www.yomiuri.co.jp/world/20260815-GYT1T00306/,https://news.ceek.jp/search.cgi?category_id=world&feed=1,ok,,国際
2026-08-16,2026-08-16T06:09:24.053301+09:00,全国紙,全国,日本経済新聞,リヒテンシュタイン、女性の侯爵継承に道 性別問わず長子に,https://www.nikkei.com/article/DGXZQOGR1526V0V10C26A8000000/,https://news.ceek.jp/search.cgi?category_id=world&feed=1,ok,,国際
2026-08-16,2026-08-16T06:09:24.053301+09:00,その他メディア,,共同通信,ロシア大統領、択捉島入りは軍艦 異例の海路で島の沖合に到着,https://www.47news.jp/14794802.html,https://news.ceek.jp/search.cgi?category_id=world&feed=1,ok,,国際
2026-08-16,2026-08-16T06:09:24.053301+09:00,その他メディア,,デイリースポーツ,印、1年間で1千万人にAI教育,https://www.daily.co.jp/society/world/2026/08/15/0020710437.shtml,https://news.ceek.jp/search.cgi?category_id=world&feed=1,ok,,国際
2026-08-16,2026-08-16T06:09:24.053301+09:00,その他メディア,,日本テレビ,高市首相の玉串料奉納、閣僚らの靖国神社参拝に中国と韓国が反発,https://news.ntv.co.jp/category/international/145a0682b2a34371a141e2fce5dd1858,https://news.ceek.jp/search.cgi?category_id=world&feed=1,ok,,国際
2026-08-16,2026-08-16T06:09:24.053301+09:00,その他メディア,,共同通信,印、1年間で1千万人にAI教育 モディ氏、若年層に配慮アピール,https://www.47news.jp/14794842.html,https://news.ceek.jp/search.cgi?category_id=world&feed=1,ok,,国際
2026-08-16,2026-08-16T06:09:24.053301+09:00,全国紙,全国,産経新聞,プーチン氏、軍艦で択捉島沖合に到着...警備艇で上陸 露要人の北方領土入り、海路は初か,https://www.sankei.com/article/20260815-7DBHUDOT6RN2TCFH637T3EQ6KY/,https://news.ceek.jp/search.cgi?category_id=world&feed=1,ok,,国際
2026-08-16,2026-08-16T06:09:24.053301+09:00,その他メディア,,デイリースポーツ,ロシア大統領、択捉島入りは軍艦,https://www.daily.co.jp/society/world/2026/08/15/0020710314.shtml,https://news.ceek.jp/search.cgi?category_id=world&feed=1,ok,,国際
2026-08-16,2026-08-16T06:09:24.053301+09:00,その他メディア,,台湾国際放送,「白黒の市松模様」とお別れ!台北駅コンコースが改装へ,https://www.rti.org.tw/jp/news?uid=3&pid=226448,https://news.ceek.jp/search.cgi?category_id=world&feed=1,ok,,国際
2026-08-16,2026-08-16T06:09:24.053301+09:00,その他メディア,,Abema TIMES,セザンヌ、ルノワール、マティス⋯盗まれた絵画を発見,https://times.abema.tv/articles/-/10267334?page=1,https://news.ceek.jp/search.cgi?category_id=world&feed=1,ok,,国際
2026-08-16,2026-08-16T06:09:24.053301+09:00,その他メディア,,日本テレビ,インドネシア地震 死者38人に 東部フローレス島付近でM7.7,https://news.ntv.co.jp/category/international/a3b41640e06b408f86586c6b01e01dd8,https://news.ceek.jp/search.cgi?category_id=world&feed=1,ok,,国際
2026-08-16,2026-08-16T06:09:24.053301+09:00,その他メディア,,アラブニュース,情報筋によると、リビアのハフタル氏は、ダーイシュに拘束されていた米国人人質の解放において重要な役割を果たしたという,https://www.arabnews.jp/article/middle-east/article_184246/,https://news.ceek.jp/search.cgi?category_id=world&feed=1,ok,,国際
2026-08-16,2026-08-16T06:09:24.053301+09:00,全国紙,全国,産経新聞,ホルムズ主導権、手放さぬイラン 米国への要求つりあげ...紅海も安全航行に懸念,https://www.sankei.com/article/20260815-ZTZSM5IYNFPWRIWBWOMQELDZFI/,https://news.ceek.jp/search.cgi?category_id=world&feed=1,ok,,国際
2026-08-16,2026-08-16T06:09:24.053301+09:00,その他メディア,,共同通信,【速報】ロ大統領は軍艦で択捉島沖に到着と島民,https://www.47news.jp/14794605.html,https://news.ceek.jp/search.cgi?category_id=world&feed=1,ok,,国際
2026-08-16,2026-08-16T06:09:24.053301+09:00,その他メディア,,Pars Today,イラン外務省報道官;「アメリカの外交政策は極端な虚偽中心主義に陥る」,https://parstoday.ir/ja/news/iran-i134098,https://news.ceek.jp/search.cgi?category_id=world&feed=1,ok,,国際
2026-08-16,2026-08-16T06:09:24.053301+09:00,その他メディア,,世界日報,尹氏憎しで陸士叩き 3士官学校統合を強行か 韓国・李政権,https://www.worldtimes.co.jp/global/korean-peninsula/20260815-213659/,https://news.ceek.jp/search.cgi?category_id=world&feed=1,ok,,国際
2026-08-16,2026-08-16T06:09:24.053301+09:00,全国紙,全国,読売新聞,中国がニュージーランドでスパイ活動か、当局が軍事情報収集施設の計画阻止...中国側は「でっち上げ」と主張,https://www.yomiuri.co.jp/world/20260815-GYT1T00212/,https://news.ceek.jp/search.cgi?category_id=world&feed=1,ok,,国際
2026-08-16,2026-08-16T06:09:24.053301+09:00,その他メディア,,TBSテレビ,ウクライナで「ドローン」急増 年間生産数は700万機に 攻防激化の最前線 日本の「迎撃ドローン」も【THEワールドチェンジ】,https://newsdig.tbs.co.jp/articles/-/2874666?display=1,https://news.ceek.jp/search.cgi?category_id=world&feed=1,ok,,国際
2026-08-16,2026-08-16T06:09:24.053301+09:00,その他メディア,,Pars Today,米紙ニューヨーク・タイムズ:「イランの攻撃により艦艇への補給線がかく乱」,https://parstoday.ir/ja/news/world-i134096,https://news.ceek.jp/search.cgi?category_id=world&feed=1,ok,,国際
2026-08-16,2026-08-16T06:09:24.053301+09:00,その他メディア,,BBC,インドネシアでM7.7の地震、死傷者多数,https://www.bbc.com/japanese/articles/cm2gj2yexxeo,https://news.ceek.jp/search.cgi?category_id=world&feed=1,ok,,国際
2026-08-16,2026-08-16T06:09:24.053301+09:00,その他メディア,,テレビ朝日,日本製「高速鉄道」車両が台湾到着 新幹線をベースに台湾向けに設計 日立・東芝連合,https://news.tv-asahi.co.jp/news_international/articles/000526591.html,https://news.ceek.jp/search.cgi?category_id=world&feed=1,ok,,国際
2026-08-16,2026-08-16T06:09:24.053301+09:00,その他メディア,,日本テレビ,「歴史の正義に対する冒涜だ」中国外務省が批判 高市内閣の閣僚や自民幹部の靖国参拝を受け,https://news.ntv.co.jp/category/international/2606074e590d4d9dbfa7a6c5f19079f9,https://news.ceek.jp/search.cgi?category_id=world&feed=1,ok,,国際
2026-08-16,2026-08-16T06:09:24.053301+09:00,全国紙,全国,産経新聞,フィリピンで日本大使館主催の戦没者慰霊祭 日系人や比政府関係者ら250人参列,https://www.sankei.com/article/20260815-CAFLZEDNWRK2PDJOYVAUJ6X5WE/,https://news.ceek.jp/search.cgi?category_id=world&feed=1,ok,,国際
2026-08-16,2026-08-16T06:09:24.053301+09:00,全国紙,全国,毎日新聞,台湾に新型「新幹線」到着 特大荷物置き場を拡大 27年運行へ,https://mainichi.jp/articles/20260815/k00/00m/030/207000c,https://news.ceek.jp/search.cgi?category_id=world&feed=1,ok,,国際
2026-08-16,2026-08-16T06:09:24.053301+09:00,その他メディア,,共同通信,【速報】中国国防省、小泉防衛相らの靖国参拝を批判,https://www.47news.jp/14794494.html,https://news.ceek.jp/search.cgi?category_id=world&feed=1,ok,,国際
2026-08-16,2026-08-16T06:09:24.053301+09:00,その他メディア,,TBSテレビ,"AIの誤回答率「6.8%」 米軍の小学校“誤爆""で息子を亡くした両親の涙「遺体いまも見つからず」 被爆地・広島で語った思いとは【THEワールドチェンジ】",https://newsdig.tbs.co.jp/articles/-/2874653?display=1,https://news.ceek.jp/search.cgi?category_id=world&feed=1,ok,,国際
2026-08-16,2026-08-16T06:09:24.053301+09:00,その他メディア,,Pars Today,イラン国会議長、ホルモズ海峡めぐるトランプ氏の立場撤回について知見,https://parstoday.ir/ja/news/iran-i134094,https://news.ceek.jp/search.cgi?category_id=world&feed=1,ok,,国際
2026-08-16,2026-08-16T06:09:24.053301+09:00,その他メディア,,共同通信,タリバン復権5年、正統性を主張 国際社会へ関係構築迫る,https://www.47news.jp/14794305.html,https://news.ceek.jp/search.cgi?category_id=world&feed=1,ok,,国際
2026-08-16,2026-08-16T06:09:24.053301+09:00,全国紙,全国,読売新聞,白仁天さんが82歳で死去...1975年に太平洋で首位打者、韓国プロ野球唯一の4割打者,https://www.yomiuri.co.jp/world/20260815-GYT1T00204/,https://news.ceek.jp/search.cgi?category_id=world&feed=1,ok,,国際
2026-08-16,2026-08-16T06:09:24.053301+09:00,その他メディア,,TBSテレビ,"ハメネイ師殺害“11分23秒"" 米軍AI「メイブン」とは...「まるで魔法だ」24時間で1000か所の攻撃可能に【THEワールドチェンジ】",https://newsdig.tbs.co.jp/articles/-/2874646?display=1,https://news.ceek.jp/search.cgi?category_id=world&feed=1,ok,,国際
2026-08-16,2026-08-16T06:09:24.053301+09:00,全国紙,全国,東京新聞,トランプ氏、ホルムズ海峡を「近くアメリカ領と宣言する」 派遣中の空母交代は太平洋地域に影響か,https://www.tokyo-np.co.jp/article/508862,https://news.ceek.jp/search.cgi?category_id=world&feed=1,ok,,国際
2026-08-16,2026-08-16T06:09:24.053301+09:00,その他メディア,,テレビ朝日,インドネシアでM7.7の地震 14人死亡 約1mの津波観測,https://news.tv-asahi.co.jp/news_international/articles/000526583.html,https://news.ceek.jp/search.cgi?category_id=world&feed=1,ok,,国際
2026-08-16,2026-08-16T06:09:24.053301+09:00,その他メディア,,テレビ朝日,トランプ大統領が近く宣言か 「ホルムズ海峡は米領土」,https://news.tv-asahi.co.jp/news_international/articles/000526584.html,https://news.ceek.jp/search.cgi?category_id=world&feed=1,ok,,国際
2026-08-16,2026-08-16T06:09:24.053301+09:00,その他メディア,,CNN.co.jp,縮小止まらず死にゆく「死海」、救う手立ても定まらず,https://www.cnn.co.jp/world/35251576.html,https://news.ceek.jp/search.cgi?category_id=world&feed=1,ok,,国際
2026-08-16,2026-08-16T06:09:24.053301+09:00,その他メディア,,ウクルインフォルム,ウクライナ、国産ミサイル「フラミンゴ」でロシアの宇宙関連機関傘下企業を攻撃,https://www.ukrinform.jp/rubric-ato/4154383-ukuraina-guo-jimisairufuramingoderoshiano-yu-zhou-guan-lian-ji-guan-san-xia-qi-yewo-gong-ji.html,https://news.ceek.jp/search.cgi?category_id=world&feed=1,ok,,国際
2026-08-16,2026-08-16T06:09:24.053301+09:00,その他メディア,,日本テレビ,「歴史を忘れた時代錯誤な行為」韓国外務省が声明で批判 小泉防衛相ら閣僚や自民幹部の靖国参拝を受け,https://news.ntv.co.jp/category/international/51e93ce7bbb94836931a88842e685261,https://news.ceek.jp/search.cgi?category_id=world&feed=1,ok,,国際
2026-08-16,2026-08-16T06:09:24.053301+09:00,全国紙,全国,朝日新聞,行方不明だった英国籍の12歳少女見つかる 1人で横浜の交番を訪問,https://www.asahi.com/articles/ASV8H0GZPV8HUTIL002M.html,https://news.ceek.jp/search.cgi?category_id=local&feed=1,ok,,地方・地域
2026-08-16,2026-08-16T06:09:24.053301+09:00,地方紙,鹿児島,南日本新聞,J3鹿児島ユナイテッド開幕連勝へ 16日敵地で奈良戦,https://373news.com/news/local/detail/238092/,https://news.ceek.jp/search.cgi?category_id=local&feed=1,ok,,地方・地域
2026-08-16,2026-08-16T06:09:24.053301+09:00,地方紙,鹿児島,南日本新聞,【近畿総体】競泳男子100バタV西小野(鹿児島情報) 力みのないフォーム、推進力光る,https://373news.com/news/local/detail/238093/,https://news.ceek.jp/search.cgi?category_id=local&feed=1,ok,,地方・地域
2026-08-16,2026-08-16T06:09:24.053301+09:00,地方紙,鹿児島,南日本新聞,【近畿総体】競泳有田(鹿児島情報)4位 男子200背 2種目入賞も「悔しさしかない」,https://373news.com/news/local/detail/238095/,https://news.ceek.jp/search.cgi?category_id=local&feed=1,ok,,地方・地域
2026-08-16,2026-08-16T06:09:24.053301+09:00,その他メディア,,山梨日日新聞,【夢甲斐人】モデル・タレント りゅうとさん,https://www.sannichi.co.jp/article/2026/08/16/00897136,https://news.ceek.jp/search.cgi?category_id=local&feed=1,ok,,地方・地域
2026-08-16,2026-08-16T06:09:24.053301+09:00,その他メディア,,TBSテレビ,高速道路のサービスエリアのトイレでお尻から大量に出血し、痙攣している男性...「床一面にサラサラとした血が...」居合わせた人たちの行動に反響 高速バスの10分休憩で対応し、時間が過ぎてしまったけれど...「日本は良い国、すごい国」,https://newsdig.tbs.co.jp/articles/-/2868466?display=1,https://news.ceek.jp/search.cgi?category_id=local&feed=1,ok,,地方・地域
2026-08-16,2026-08-16T06:09:24.053301+09:00,その他メディア,,福島民報,ならは百年祭にぎわう 踊りやみこし,https://www.minpo.jp/articles/-/205074,https://news.ceek.jp/search.cgi?category_id=local&feed=1,ok,,地方・地域
2026-08-16,2026-08-16T06:09:24.053301+09:00,その他メディア,,福島民報,打ち上げ花火、4千発 広野でサマフェス,https://www.minpo.jp/articles/-/205076,https://news.ceek.jp/search.cgi?category_id=local&feed=1,ok,,地方・地域
2026-08-16,2026-08-16T06:09:24.053301+09:00,その他メディア,,福島民報,東北大会2連覇 若松ザベリオ学園高ダンス部 大舞台向け練習に熱 17日に全国大会出場,https://www.minpo.jp/articles/-/205108,https://news.ceek.jp/search.cgi?category_id=local&feed=1,ok,,地方・地域
2026-08-16,2026-08-16T06:09:24.053301+09:00,その他メディア,,佐賀新聞,<NTT西日本杯学童野球>決勝・戦評 北鹿島少年 2-1 三根ボーイズ 北鹿島少年が延長七回タイブレークを制す,https://www.saga-s.co.jp/articles/-/1772013,https://news.ceek.jp/search.cgi?category_id=local&feed=1,ok,,地方・地域
2026-08-16,2026-08-16T06:09:24.053301+09:00,全国紙,全国,読売新聞,カープ・ファビアン、力みなく特大サヨナラアーチ...阪神の投手・大竹耕太郎は〈広島戦3連敗〉で反省しきり,https://www.yomiuri.co.jp/local/kansai/news/20260816-GYO1T00002/,https://news.ceek.jp/search.cgi?category_id=local&feed=1,ok,,地方・地域
2026-08-16,2026-08-16T06:09:24.053301+09:00,その他メディア,,十勝毎日新聞,町が北王コンサルタントに感謝状 芽室,https://kachimai.jp/article/index.php?no=2026080500156,https://news.ceek.jp/search.cgi?category_id=local&feed=1,ok,,地方・地域
2026-08-16,2026-08-16T06:09:24.053301+09:00,地方紙,広島,中国新聞,震度=気象庁発表(16日6時21分)震度順・市区町村別 :地震,https://www.chugoku-np.co.jp/articles/-/880272,https://news.ceek.jp/search.cgi?category_id=local&feed=1,ok,,地方・地域
2026-08-16,2026-08-16T06:09:24.053301+09:00,その他メディア,,TBSテレビ,「家が燃えている」焼け跡から1人の遺体 火元とみられる住宅に住んでいた50代女性と連絡取れず 少なくとも住宅3棟が焼ける 長野・岡谷市,https://newsdig.tbs.co.jp/articles/-/2874764?display=1,https://news.ceek.jp/search.cgi?category_id=local&feed=1,ok,,地方・地域
2026-08-16,2026-08-16T06:09:24.053301+09:00,地方紙,沖縄,沖縄タイムス,【沖縄の天気】8月16日から17日 沖縄本島地方・宮古島地方・八重山地方・大東島地方,https://www.okinawatimes.co.jp/articles/-/1903192,https://news.ceek.jp/search.cgi?category_id=local&feed=1,ok,,地方・地域
2026-08-16,2026-08-16T06:09:24.053301+09:00,その他メディア,,山梨日日新聞,今朝の気温(16日午前6時),https://www.sannichi.co.jp/article/2026/08/16/80716506,https://news.ceek.jp/search.cgi?category_id=local&feed=1,ok,,地方・地域
2026-08-16,2026-08-16T06:09:24.053301+09:00,地方紙,京都,京都新聞,京都でバスケットボール京都市中学夏季選手権 男子、女子の結果一覧,https://www.kyoto-np.co.jp/articles/-/1769463,https://news.ceek.jp/search.cgi?category_id=local&feed=1,ok,,地方・地域
2026-08-16,2026-08-16T06:09:24.053301+09:00,その他メディア,,東海テレビ,「飛び込んで遊んでいて姿が見えなくなった」川で23歳男性が溺れる 心肺停止状態で搬送され約3時間半後に死亡,https://www.tokai-tv.com/tokainews/feature/article_20260816_47776,https://news.ceek.jp/search.cgi?category_id=local&feed=1,ok,,地方・地域
2026-08-16,2026-08-16T06:09:24.053301+09:00,その他メディア,,Jタウンネット,突然の大雨でずぶ濡れになった私。それを追い越していった自転車のおばあさんが(北海道・40代女性),https://j-town.net/2026/08/16366994.html,https://news.ceek.jp/search.cgi?category_id=local&feed=1,ok,,地方・地域
2026-08-16,2026-08-16T06:09:24.053301+09:00,地方紙,宮城,河北新報,気分は大正 隠れたコスプレ名所<ぷらっと東北(89)千厩酒のくら交流施設(岩手県一関市)>,https://kahoku.news/articles/20260815khn000001.html,https://news.ceek.jp/search.cgi?category_id=local&feed=1,ok,,地方・地域
2026-08-16,2026-08-16T06:09:24.053301+09:00,地方紙,宮城,河北新報,福島・南相馬に福島大がサテライト拠点開設 学生が震災被災地にもたらす活気を期待<記者コラム・北から南から>,https://kahoku.news/articles/20260815khn000032.html,https://news.ceek.jp/search.cgi?category_id=local&feed=1,ok,,地方・地域
2026-08-16,2026-08-16T06:09:24.053301+09:00,地方紙,宮城,河北新報,来年1月に広域地銀フィデア銀誕生 フィデアHDは「シナジー効果」強調 合併する荘内銀と北都銀取引先は「地域密着失われる」懸念,https://kahoku.news/articles/20260815khn000043.html,https://news.ceek.jp/search.cgi?category_id=local&feed=1,ok,,地方・地域
2026-08-16,2026-08-16T06:09:24.053301+09:00,地方紙,宮城,河北新報,宮城・多賀城に残る1000年前の営みの跡 歴史の奥行き実感<記者コラム・北から南から>,https://kahoku.news/articles/20260815khn000050.html,https://news.ceek.jp/search.cgi?category_id=local&feed=1,ok,,地方・地域
2026-08-16,2026-08-16T06:09:24.053301+09:00,地方紙,宮城,河北新報,紙灯籠の明かりで犠牲者を悼む 宮城・石巻の「大川小」で卒業生が追悼イベント,https://kahoku.news/articles/20260815khn000062.html,https://news.ceek.jp/search.cgi?category_id=local&feed=1,ok,,地方・地域
2026-08-16,2026-08-16T06:09:24.053301+09:00,地方紙,宮城,河北新報,ベガルタ仙台に2季ぶり復帰の中島が躍動 ユアスタ沸かす ホーム開幕戦勝利はならず,https://kahoku.news/articles/20260815khn000066.html,https://news.ceek.jp/search.cgi?category_id=local&feed=1,ok,,地方・地域
2026-08-16,2026-08-16T06:09:24.053301+09:00,その他メディア,,NEWSつくば,「土浦と大曲」時を超える花火の絆【見上げるごらん】55,https://newstsukuba.jp/62074/16/08/,https://news.ceek.jp/search.cgi?category_id=local&feed=1,ok,,地方・地域
2026-08-16,2026-08-16T06:09:24.053301+09:00,全国紙,全国,朝日新聞,松の川緑道を歩く 横浜・港北区 守られる原風景、植物の宝庫,https://www.asahi.com/articles/ASV862JT0V86ULOB00MM.html,https://news.ceek.jp/search.cgi?category_id=local&feed=1,ok,,地方・地域
2026-08-16,2026-08-16T06:09:24.053301+09:00,全国紙,全国,朝日新聞,「毛の国対決」甲子園で初の実現 栃木代表と群馬代表「すごい執念」,https://www.asahi.com/articles/ASV8H24Z2V8HUTQP00MM.html,https://news.ceek.jp/search.cgi?category_id=local&feed=1,ok,,地方・地域
2026-08-16,2026-08-16T06:09:24.053301+09:00,全国紙,全国,朝日新聞,仙台育英8強 雨で一時中断でも監督「夏休み、いい思い出だなと」,https://www.asahi.com/articles/ASV8H4WTKV8HUTQP03SM.html,https://news.ceek.jp/search.cgi?category_id=local&feed=1,ok,,地方・地域
2026-08-16,2026-08-16T06:09:24.053301+09:00,その他メディア,,福井新聞,ポップサーカス福井公演、来場3万人を突破 越前市の家族に記念品,https://www.fukuishimbun.co.jp/articles/-/2675463,https://news.ceek.jp/search.cgi?category_id=local&feed=1,ok,,地方・地域
2026-08-16,2026-08-16T06:09:24.053301+09:00,その他メディア,,上毛新聞,ぐんまちゃんが車掌に初挑戦! JR高崎駅で臨時列車の出発式,https://www.jomo-news.co.jp/articles/-/1002139,https://news.ceek.jp/search.cgi?category_id=local&feed=1,ok,,地方・地域
2026-08-16,2026-08-16T06:09:24.053301+09:00,その他メディア,,上毛新聞,真夏に雪遊び 涼を満喫 群馬・伊勢崎オートレース場でイベント,https://www.jomo-news.co.jp/articles/-/1002140,https://news.ceek.jp/search.cgi?category_id=local&feed=1,ok,,地方・地域
2026-08-16,2026-08-16T06:09:24.053301+09:00,地方紙,京都,京都新聞,京都から単身赴任したまま消えたパパ◇京都市動物園で「親子最後」の時間◇84歳父の熱烈「京都サンガ愛」,https://www.kyoto-np.co.jp/articles/-/1769079,https://news.ceek.jp/search.cgi?category_id=local&feed=1,ok,,地方・地域
2026-08-16,2026-08-16T06:09:24.053301+09:00,地方紙,京都,京都新聞,京都でバレーボール全京都小学生大会開かれる 男子、女子、男子混合の結果一覧,https://www.kyoto-np.co.jp/articles/-/1769458,https://news.ceek.jp/search.cgi?category_id=local&feed=1,ok,,地方・地域
2026-08-16,2026-08-16T06:09:24.053301+09:00,地方紙,京都,京都新聞,京都府中学総体記録 新体操、体操、テニス、剣道、バスケットボール,https://www.kyoto-np.co.jp/articles/-/1769464,https://news.ceek.jp/search.cgi?category_id=local&feed=1,ok,,地方・地域
2026-08-16,2026-08-16T06:09:24.053301+09:00,地方紙,京都,京都新聞,「休み山」復興への道 京丹波とゆかりの祇園祭・鷹山,https://www.kyoto-np.co.jp/articles/-/1770779,https://news.ceek.jp/search.cgi?category_id=local&feed=1,ok,,地方・地域
2026-08-16,2026-08-16T06:09:24.053301+09:00,地方紙,京都,京都新聞,広野ジュニアーズ初V 中信杯 全京都学童軟式野球,https://www.kyoto-np.co.jp/articles/-/1770792,https://news.ceek.jp/search.cgi?category_id=local&feed=1,ok,,地方・地域
2026-08-16,2026-08-16T06:09:24.053301+09:00,地方紙,京都,京都新聞,西京ビッグスターズ優勝 京都少年軟式野球,https://www.kyoto-np.co.jp/articles/-/1770804,https://news.ceek.jp/search.cgi?category_id=local&feed=1,ok,,地方・地域
2026-08-16,2026-08-16T06:09:24.053301+09:00,地方紙,京都,京都新聞,元こども記者が「チームラボ」体験,https://www.kyoto-np.co.jp/articles/-/1770815,https://news.ceek.jp/search.cgi?category_id=local&feed=1,ok,,地方・地域
2026-08-16,2026-08-16T06:09:24.053301+09:00,地方紙,京都,京都新聞,3種のブドウともちもち白玉ポンチ,https://www.kyoto-np.co.jp/articles/-/1770825,https://news.ceek.jp/search.cgi?category_id=local&feed=1,ok,,地方・地域
2026-08-16,2026-08-16T06:09:24.053301+09:00,地方紙,京都,京都新聞,京大博士のパズルに挑戦,https://www.kyoto-np.co.jp/articles/-/1770834,https://news.ceek.jp/search.cgi?category_id=local&feed=1,ok,,地方・地域
2026-08-16,2026-08-16T06:09:24.053301+09:00,地方紙,京都,京都新聞,ペンギンの羽繕い 脂を塗って健康保つ,https://www.kyoto-np.co.jp/articles/-/1770838,https://news.ceek.jp/search.cgi?category_id=local&feed=1,ok,,地方・地域
2026-08-16,2026-08-16T06:09:24.053301+09:00,地方紙,京都,京都新聞,悩みをひとりで抱え込まないで 無料の専用相談電話,https://www.kyoto-np.co.jp/articles/-/1770840,https://news.ceek.jp/search.cgi?category_id=local&feed=1,ok,,地方・地域
2026-08-16,2026-08-16T06:09:24.053301+09:00,地方紙,京都,京都新聞,少年少女わたしの作品,https://www.kyoto-np.co.jp/articles/-/1770852,https://news.ceek.jp/search.cgi?category_id=local&feed=1,ok,,地方・地域
2026-08-16,2026-08-16T06:09:24.053301+09:00,地方紙,京都,京都新聞,【マンガ 京・妖怪絵巻】第二八一話 禿狐(かむろきつね),https://www.kyoto-np.co.jp/articles/-/1770855,https://news.ceek.jp/search.cgi?category_id=local&feed=1,ok,,地方・地域
2026-08-16,2026-08-16T06:09:24.053301+09:00,その他メディア,,室蘭民報,噴火湾紀行21「室蘭市 石川家家臣の移住」,https://www.muromin.jp/news.php?id=148464,https://news.ceek.jp/search.cgi?category_id=local&feed=1,ok,,地方・地域
2026-08-16,2026-08-16T06:09:24.053301+09:00,その他メディア,,奈良新聞,8.15 祈りが包む奈良 県護国神社では戦没者追悼式 不戦の誓い、今再び,https://www.nara-np.co.jp/news/20260816210608.html,https://news.ceek.jp/search.cgi?category_id=local&feed=1,ok,,地方・地域
2026-08-16,2026-08-16T06:09:24.053301+09:00,その他メディア,,奈良新聞,奈良県奈良市「奈良教育大学戦争遺構保存会」 学びやに残る痕跡 施設継承へ調査や案内 - 物言わぬ語り部~戦争遺跡は今(中),https://www.nara-np.co.jp/news/20260816211249.html,https://news.ceek.jp/search.cgi?category_id=local&feed=1,ok,,地方・地域
2026-08-16,2026-08-16T06:09:24.053301+09:00,地方紙,新潟,新潟日報,上越地域米は「品質ぶれない」「市場全体で安定供給を」 JAえちご上越が販売業者と懇談会,https://www.niigata-nippo.co.jp/articles/-/886936,https://news.ceek.jp/search.cgi?category_id=local&feed=1,ok,,地方・地域
2026-08-16,2026-08-16T06:09:24.053301+09:00,地方紙,長野,信濃毎日新聞,斜面(8月16日)世相を映す帰省,https://www.shinmai.co.jp/news/article/gf01d9vu7poh93r5kire49ig,https://news.ceek.jp/search.cgi?category_id=local&feed=1,ok,,地方・地域
2026-08-16,2026-08-16T06:09:24.053301+09:00,その他メディア,,宮崎日日新聞,戦争体験 次代に語る・宮崎市,https://www.the-miyanichi.co.jp/today/kennaiippan/996224.html,https://news.ceek.jp/search.cgi?category_id=local&feed=1,ok,,地方・地域
2026-08-16,2026-08-16T06:09:24.053301+09:00,全国紙,全国,読売新聞,阪神・才木浩人〈コンディション不良〉で今季初の登録抹消、防御率2.76でリーグトップの150奪三振...梅野・門別も,https://www.yomiuri.co.jp/local/kansai/news/20260815-GYO1T00142/,https://news.ceek.jp/search.cgi?category_id=local&feed=1,ok,,地方・地域
2026-08-16,2026-08-16T06:09:24.053301+09:00,全国紙,全国,読売新聞,オリックス・森友哉が出場選手登録を抹消される...8月は月間打率1割と低迷,https://www.yomiuri.co.jp/local/kansai/news/20260815-GYO1T00144/,https://news.ceek.jp/search.cgi?category_id=local&feed=1,ok,,地方・地域
2026-08-16,2026-08-16T06:09:24.053301+09:00,全国紙,全国,読売新聞,オリックスは投手陣が乱調...日本ハムが突き放し、今季のオリ戦勝ち越し決める,https://www.yomiuri.co.jp/local/kansai/news/20260816-GYO1T00001/,https://news.ceek.jp/search.cgi?category_id=local&feed=1,ok,,地方・地域
2026-08-16,2026-08-16T06:09:24.053301+09:00,その他メディア,,山口新聞,「カンロ飴」ふるさと納税返礼品に/発祥の地・光市、寄付額増加を期待,https://yama.minato-yamaguchi.co.jp/e-yama/articles/109561,https://news.ceek.jp/search.cgi?category_id=local&feed=1,ok,,地方・地域
2026-08-16,2026-08-16T06:09:24.053301+09:00,その他メディア,,山口新聞,光市ふるさと納税、昨年度寄付金額は2264万円/前年度より248万5千円増,https://yama.minato-yamaguchi.co.jp/e-yama/articles/109562,https://news.ceek.jp/search.cgi?category_id=local&feed=1,ok,,地方・地域
2026-08-16,2026-08-16T06:09:24.053301+09:00,その他メディア,,山口新聞,山口県統計グラフコンクール/小中高大生や一般から募集、9月4日締め切り,https://yama.minato-yamaguchi.co.jp/e-yama/articles/109563,https://news.ceek.jp/search.cgi?category_id=local&feed=1,ok,,地方・地域
2026-08-16,2026-08-16T06:09:24.053301+09:00,その他メディア,,山口新聞,【山口県】知事の予定/2026年8月16日,https://yama.minato-yamaguchi.co.jp/e-yama/articles/109564,https://news.ceek.jp/search.cgi?category_id=local&feed=1,ok,,地方・地域
2026-08-16,2026-08-16T06:09:24.053301+09:00,その他メディア,,山口新聞,【山口県】首長の予定/2026年8月16日,https://yama.minato-yamaguchi.co.jp/e-yama/articles/109565,https://news.ceek.jp/search.cgi?category_id=local&feed=1,ok,,地方・地域
2026-08-16,2026-08-16T06:09:24.053301+09:00,その他メディア,,山口新聞,山口県内企業の景気DI 3カ月連続で改善/帝国データ7月の景気動向調査,https://yama.minato-yamaguchi.co.jp/e-yama/articles/109566,https://news.ceek.jp/search.cgi?category_id=local&feed=1,ok,,地方・地域
2026-08-16,2026-08-16T06:09:24.053301+09:00,その他メディア,,山口新聞,原点を大切に、対面営業に力を注ぐ/談話室 大樹生命保険取締役執行役員 山崎亮さん(58),https://yama.minato-yamaguchi.co.jp/e-yama/articles/109567,https://news.ceek.jp/search.cgi?category_id=local&feed=1,ok,,地方・地域
2026-08-16,2026-08-16T06:09:24.053301+09:00,その他メディア,,山口新聞,「お互いさま」が育ててくれた店/リレーエッセー 株式会社クナイ取締役・鈴木琴子さん,https://yama.minato-yamaguchi.co.jp/e-yama/articles/109568,https://news.ceek.jp/search.cgi?category_id=local&feed=1,ok,,地方・地域
2026-08-16,2026-08-16T06:09:24.053301+09:00,その他メディア,,山口新聞,山口新聞俳壇/選・杉山久子,https://yama.minato-yamaguchi.co.jp/e-yama/articles/109569,https://news.ceek.jp/search.cgi?category_id=local&feed=1,ok,,地方・地域
2026-08-16,2026-08-16T06:09:24.053301+09:00,その他メディア,,山口新聞,俳句,https://yama.minato-yamaguchi.co.jp/e-yama/articles/109570,https://news.ceek.jp/search.cgi?category_id=local&feed=1,ok,,地方・地域
2026-08-16,2026-08-16T06:09:24.053301+09:00,その他メディア,,山口新聞,沖底漁船、新漁期へ/下関市で関係者ら300人が出港見守る,https://yama.minato-yamaguchi.co.jp/e-yama/articles/109571,https://news.ceek.jp/search.cgi?category_id=local&feed=1,ok,,地方・地域
2026-08-16,2026-08-16T06:09:24.053301+09:00,その他メディア,,山口新聞,子宮頸がんの検診やワクチン接種呼びかけ/山口県医師会、山口県の「やまぐち3070運動」に協力,https://yama.minato-yamaguchi.co.jp/e-yama/articles/109572,https://news.ceek.jp/search.cgi?category_id=local&feed=1,ok,,地方・地域
2026-08-16,2026-08-16T06:09:24.053301+09:00,その他メディア,,山口新聞,宇部市で小学生親子クッキング/あじの三枚おろしに挑戦 11組29人が参加,https://yama.minato-yamaguchi.co.jp/e-yama/articles/109573,https://news.ceek.jp/search.cgi?category_id=local&feed=1,ok,,地方・地域
2026-08-16,2026-08-16T06:09:24.053301+09:00,その他メディア,,山口新聞,未公開エリアをガイド付きで探検/美祢市観光協会が大正洞ケイビングツアー販売中,https://yama.minato-yamaguchi.co.jp/e-yama/articles/109574,https://news.ceek.jp/search.cgi?category_id=local&feed=1,ok,,地方・地域
2026-08-16,2026-08-16T06:09:24.053301+09:00,その他メディア,,山口新聞,世界に響け平和の鐘/山口市の山口サビエル記念聖堂で平和を願う集い、市民ら30人参加,https://yama.minato-yamaguchi.co.jp/e-yama/articles/109575,https://news.ceek.jp/search.cgi?category_id=local&feed=1,ok,,地方・地域
2026-08-16,2026-08-16T06:09:24.053301+09:00,その他メディア,,山口新聞,「高川学園らしい攻撃見られた」/1100人の応援団、最後まで声援,https://yama.minato-yamaguchi.co.jp/e-yama/articles/109576,https://news.ceek.jp/search.cgi?category_id=local&feed=1,ok,,地方・地域
2026-08-16,2026-08-16T06:09:24.053301+09:00,その他メディア,,山口新聞,【交通】不具合発生、運転取りやめ/JR山口線SLやまぐち号,https://yama.minato-yamaguchi.co.jp/e-yama/articles/109577,https://news.ceek.jp/search.cgi?category_id=local&feed=1,ok,,地方・地域
2026-08-16,2026-08-16T06:09:24.053301+09:00,その他メディア,,山口新聞,【事件】銃刀法違反疑いで43歳の男を逮捕/山陽小野田署,https://yama.minato-yamaguchi.co.jp/e-yama/articles/109578,https://news.ceek.jp/search.cgi?category_id=local&feed=1,ok,,地方・地域
2026-08-16,2026-08-16T06:09:24.053301+09:00,その他メディア,,山口新聞,【事件】自宅放火疑いで55歳の男を逮捕/山口南署,https://yama.minato-yamaguchi.co.jp/e-yama/articles/109579,https://news.ceek.jp/search.cgi?category_id=local&feed=1,ok,,地方・地域
2026-08-16,2026-08-16T06:09:24.053301+09:00,その他メディア,,山口新聞,【山口県】今週の行事/2026年8月17日~23日,https://yama.minato-yamaguchi.co.jp/e-yama/articles/109580,https://news.ceek.jp/search.cgi?category_id=local&feed=1,ok,,地方・地域
2026-08-16,2026-08-16T06:09:24.053301+09:00,その他メディア,,山口新聞,終戦81年 平和願う/戦没者追悼式、首相初式辞「反省」触れず,https://yama.minato-yamaguchi.co.jp/e-yama/articles/109581,https://news.ceek.jp/search.cgi?category_id=local&feed=1,ok,,地方・地域
2026-08-16,2026-08-16T06:09:24.053301+09:00,その他メディア,,山口新聞,ゲーム依存 若年層10%/18年度比倍増、生活支障も 全国調査「予防的介入を」,https://yama.minato-yamaguchi.co.jp/e-yama/articles/109582,https://news.ceek.jp/search.cgi?category_id=local&feed=1,ok,,地方・地域
2026-08-16,2026-08-16T06:09:24.053301+09:00,その他メディア,,山口新聞,高川学園8強ならず天理に逆転負け,https://yama.minato-yamaguchi.co.jp/e-yama/articles/109583,https://news.ceek.jp/search.cgi?category_id=local&feed=1,ok,,地方・地域
2026-08-16,2026-08-16T06:09:24.053301+09:00,その他メディア,,山口新聞,レノファ山口、ホーム開幕戦1―0勝利/サッカーJ3,https://yama.minato-yamaguchi.co.jp/e-yama/articles/109584,https://news.ceek.jp/search.cgi?category_id=local&feed=1,ok,,地方・地域
2026-08-16,2026-08-16T06:09:24.053301+09:00,その他メディア,,山口新聞,夏の風物詩をつなぐ/四季風(土),https://yama.minato-yamaguchi.co.jp/e-yama/articles/109585,https://news.ceek.jp/search.cgi?category_id=local&feed=1,ok,,地方・地域
2026-08-16,2026-08-16T06:09:24.053301+09:00,その他メディア,,山口新聞,「SUV」販売競争激化/マツダや日産の新車好調,https://yama.minato-yamaguchi.co.jp/e-yama/articles/109586,https://news.ceek.jp/search.cgi?category_id=local&feed=1,ok,,地方・地域
2026-08-16,2026-08-16T06:09:24.053301+09:00,その他メディア,,山口新聞,レノファ山口、1点守り切る/サッカーJ3,https://yama.minato-yamaguchi.co.jp/e-yama/articles/109587,https://news.ceek.jp/search.cgi?category_id=local&feed=1,ok,,地方・地域
2026-08-16,2026-08-16T06:09:24.053301+09:00,その他メディア,,山口新聞,高川学園また8強の壁/第108回全国高校野球選手権大会 第11日,https://yama.minato-yamaguchi.co.jp/e-yama/articles/109592,https://news.ceek.jp/search.cgi?category_id=local&feed=1,ok,,地方・地域
2026-08-16,2026-08-16T06:09:24.053301+09:00,その他メディア,,山口新聞,機動力で鮮やか先制も.../高川学園、終盤に流れつかめず惜敗,https://yama.minato-yamaguchi.co.jp/e-yama/articles/109593,https://news.ceek.jp/search.cgi?category_id=local&feed=1,ok,,地方・地域
2026-08-16,2026-08-16T06:09:24.053301+09:00,その他メディア,,山口新聞,高川学園救援・宮崎、逆転許すも粘投,https://yama.minato-yamaguchi.co.jp/e-yama/articles/109594,https://news.ceek.jp/search.cgi?category_id=local&feed=1,ok,,地方・地域
2026-08-16,2026-08-16T06:09:24.053301+09:00,その他メディア,,山口新聞,天理-高川学園テーブル,https://yama.minato-yamaguchi.co.jp/e-yama/articles/109595,https://news.ceek.jp/search.cgi?category_id=local&feed=1,ok,,地方・地域
2026-08-16,2026-08-16T06:09:24.053301+09:00,その他メディア,,茨城新聞,明治安田J1 水戸、ホーム開幕戦ドロー G大阪と1-1,https://ibarakinews.jp/news/newsdetail.php?f_jun=1786801806065200,https://news.ceek.jp/search.cgi?category_id=local&feed=1,ok,,地方・地域
2026-08-16,2026-08-16T06:09:24.053301+09:00,その他メディア,,TBSテレビ,8/16(日)宮崎県内の交通取り締まり情報,https://newsdig.tbs.co.jp/articles/-/2864457?display=1,https://news.ceek.jp/search.cgi?category_id=local&feed=1,ok,,地方・地域
2026-08-16,2026-08-16T06:09:24.053301+09:00,その他メディア,,TBSテレビ,"スズキの大型バイク「隼」の聖地に、過去最多2600台が集結 イベントを盛り上げる27歳の女性は、かつてスズキ二輪で“隼を最も売り上げた社員"" 「父が見ていた世界、乗ったらわかるかな」バイク事故で亡くなった父、地域への思いとは",https://newsdig.tbs.co.jp/articles/-/2867738?display=1,https://news.ceek.jp/search.cgi?category_id=local&feed=1,ok,,地方・地域
2026-08-16,2026-08-16T06:09:24.053301+09:00,その他メディア,,TBSテレビ,"バブルで華やかだった日本は今「国旗の意味」を考える国に...国旗損壊罪法が施行、30年前の“ネオンの日の丸アート""が提示する問い",https://newsdig.tbs.co.jp/articles/-/2873402?display=1,https://news.ceek.jp/search.cgi?category_id=local&feed=1,ok,,地方・地域
