date,collected_at,category,region,newspaper,headline,url,source_url,status,error_message,topic
2026-08-22,2026-08-22T06:11:32.640340+09:00,全国紙,全国,朝日新聞,劇物入りマフィンで殺人未遂容疑、女を逮捕 「殺すつもりなかった」,http://www.asahi.com/articles/ASV8P4VXFV8PPLZB01DM.html,https://www.asahi.com/rss/asahi/newsheadlines.rdf,ok,,社会
2026-08-22,2026-08-22T06:11:32.640340+09:00,全国紙,全国,朝日新聞,佐賀・鳥栖IC付近で多重事故 高校のバスに乗っていた11人搬送,http://www.asahi.com/articles/ASV8P3CT9V8PTIPE01CM.html,https://www.asahi.com/rss/asahi/newsheadlines.rdf,ok,,社会
2026-08-22,2026-08-22T06:11:32.640340+09:00,全国紙,全国,朝日新聞,介護していた妻を殺害の疑い、自死した夫を死亡のまま書類送検 岡山,http://www.asahi.com/articles/ASV8P3CQSV8PPPZB003M.html,https://www.asahi.com/rss/asahi/newsheadlines.rdf,ok,,社会
2026-08-22,2026-08-22T06:11:32.640340+09:00,全国紙,全国,朝日新聞,死刑を執行、遺族「急で驚いた」 大阪市のパチンコ店放火5人殺害,http://www.asahi.com/articles/ASV8P012BV8PUTIL02BM.html,https://www.asahi.com/rss/asahi/newsheadlines.rdf,ok,,社会
2026-08-22,2026-08-22T06:11:32.640340+09:00,全国紙,全国,朝日新聞,酒気帯び勤務の東海汽船、「改善計画」出す方針 関東運輸局が聴聞,http://www.asahi.com/articles/ASV8P3CMPV8PUTIL025M.html,https://www.asahi.com/rss/asahi/newsheadlines.rdf,ok,,社会
2026-08-22,2026-08-22T06:11:32.640340+09:00,全国紙,全国,朝日新聞,農場で虐待か 地域労組が「特定技能」外国人6人保護 北海道京極町,http://www.asahi.com/articles/ASV8P0GDWV8PIIPE00FM.html,https://www.asahi.com/rss/asahi/newsheadlines.rdf,ok,,社会
2026-08-22,2026-08-22T06:11:32.640340+09:00,全国紙,全国,朝日新聞,法務省幹部「死刑執行、批判を覚悟」 絞首刑の違憲性、裁判員も審理,http://www.asahi.com/articles/ASV8P2SH5V8PUTIL00TM.html,https://www.asahi.com/rss/asahi/newsheadlines.rdf,ok,,社会
2026-08-22,2026-08-22T06:11:32.640340+09:00,全国紙,全国,朝日新聞,法務省×「ラヴ上等」ポスター公開中止 続く批判に対応、そのわけは,http://www.asahi.com/articles/ASV8P22W8V8PUTIL00QM.html,https://www.asahi.com/rss/asahi/newsheadlines.rdf,ok,,社会
2026-08-22,2026-08-22T06:11:32.640340+09:00,全国紙,全国,朝日新聞,台湾の北・中央・南と直結へ 27年1月、神戸空港の高雄便が就航,http://www.asahi.com/articles/ASV8P1T78V8PPIHB002M.html,https://www.asahi.com/rss/asahi/newsheadlines.rdf,ok,,社会
2026-08-22,2026-08-22T06:11:32.640340+09:00,全国紙,全国,朝日新聞,煙突損傷の日本製紙工場で撤去作業が始まる 9月中旬めどに終了予定,http://www.asahi.com/articles/ASV8P2DRHV8PULFA00JM.html,https://www.asahi.com/rss/asahi/newsheadlines.rdf,ok,,社会
2026-08-22,2026-08-22T06:11:32.640340+09:00,全国紙,全国,朝日新聞,名古屋めしにハラル、ビーガン対応も アジア大会の選手食堂メニュー,http://www.asahi.com/articles/ASV8P35BDV8PUQIP0PVM.html,https://www.asahi.com/rss/asahi/newsheadlines.rdf,ok,,スポーツ
2026-08-22,2026-08-22T06:11:32.640340+09:00,全国紙,全国,朝日新聞,投の健大高崎か、打の智弁和歌山か 栄冠輝くのは 決勝の見どころ,http://www.asahi.com/articles/ASV8P20T0V8PUTQP02NM.html,https://www.asahi.com/rss/asahi/newsheadlines.rdf,ok,,スポーツ
2026-08-22,2026-08-22T06:11:32.640340+09:00,全国紙,全国,朝日新聞,女子サッカー元日本代表の岩清水梓さん、東京都稲城市の教育委員に,http://www.asahi.com/articles/ASV8P2PTHV8POXIE034M.html,https://www.asahi.com/rss/asahi/newsheadlines.rdf,ok,,社会
2026-08-22,2026-08-22T06:11:32.640340+09:00,全国紙,全国,朝日新聞,智弁和歌山、前日練習は打撃中心 主軸の楠本「打」で圧倒を誓う,http://www.asahi.com/articles/ASV8P1JGJV8PUTQP02CM.html,https://www.asahi.com/rss/asahi/newsheadlines.rdf,ok,,スポーツ
2026-08-22,2026-08-22T06:11:32.640340+09:00,全国紙,全国,朝日新聞,健大高崎、守備や打撃練習に汗流す エースの石垣「最後は気持ち」,http://www.asahi.com/articles/ASV8P2BWSV8PUTQP02FM.html,https://www.asahi.com/rss/asahi/newsheadlines.rdf,ok,,スポーツ
2026-08-22,2026-08-22T06:11:32.640340+09:00,全国紙,全国,朝日新聞,財務省、来年度予算の想定金利3.8%で調整 金利上昇で財政を圧迫,http://www.asahi.com/articles/ASV8P2SJ2V8PULFA00LM.html,https://www.asahi.com/rss/asahi/newsheadlines.rdf,ok,,ビジネス
2026-08-22,2026-08-22T06:11:32.640340+09:00,全国紙,全国,朝日新聞,名古屋駅前「近鉄パッセ」ビル、商業利用再開を検討 再開発見直しで,http://www.asahi.com/articles/ASV8P2RVXV8POIPE00BM.html,https://www.asahi.com/rss/asahi/newsheadlines.rdf,ok,,ビジネス
2026-08-22,2026-08-22T06:11:32.640340+09:00,全国紙,全国,朝日新聞,7月の消費者物価、1.8%上昇 メモリーカードは前年の2.5倍に,http://www.asahi.com/articles/ASV8P0QMSV8PULFA005M.html,https://www.asahi.com/rss/asahi/newsheadlines.rdf,ok,,ビジネス
2026-08-22,2026-08-22T06:11:32.640340+09:00,全国紙,全国,朝日新聞,くら寿司、ねぎまぐろなど「最低価格」5円値下げ 33品目は値上げ,http://www.asahi.com/articles/ASV8N3T7ZV8NPLFA005M.html,https://www.asahi.com/rss/asahi/newsheadlines.rdf,ok,,ビジネス
2026-08-22,2026-08-22T06:11:32.640340+09:00,全国紙,全国,朝日新聞,AI・半導体など7兆円要求へ 経産省、新たな投資枠には4兆円計上,http://www.asahi.com/articles/ASV8N3RFQV8NULFA01GM.html,https://www.asahi.com/rss/asahi/newsheadlines.rdf,ok,,ビジネス
2026-08-22,2026-08-22T06:11:32.640340+09:00,全国紙,全国,朝日新聞,経済安保やAIの海外依存リスクを議論 安保3文書の有識者会議,http://www.asahi.com/articles/ASV8P3V1KV8PUTFK00JM.html,https://www.asahi.com/rss/asahi/newsheadlines.rdf,ok,,政治
2026-08-22,2026-08-22T06:11:32.640340+09:00,全国紙,全国,朝日新聞,熊本地震、支援パッケージ月内に 首相が表明 井戸復旧へ公費支援も,http://www.asahi.com/articles/ASV8P3R4JV8PUTFK00DM.html,https://www.asahi.com/rss/asahi/newsheadlines.rdf,ok,,政治
2026-08-22,2026-08-22T06:11:32.640340+09:00,全国紙,全国,朝日新聞,高市首相、サッチャー氏や孔子を引用 「中傷動画報道」に反論,http://www.asahi.com/articles/ASV8P3V62V8PUTFK00HM.html,https://www.asahi.com/rss/asahi/newsheadlines.rdf,ok,,政治
2026-08-22,2026-08-22T06:11:32.640340+09:00,全国紙,全国,朝日新聞,学術会議の新会員、任命拒否6人は選ばれず 法人化後の125人発表,http://www.asahi.com/articles/ASV8P3PT2V8PUTFL00NM.html,https://www.asahi.com/rss/asahi/newsheadlines.rdf,ok,,政治
2026-08-22,2026-08-22T06:11:32.640340+09:00,全国紙,全国,朝日新聞,「新党は詰んだ」中道、出だしでつまずき 石破・岸田両氏引き込めず,http://www.asahi.com/articles/ASV8P05RPV8PUTFK01MM.html,https://www.asahi.com/rss/asahi/newsheadlines.rdf,ok,,政治
2026-08-22,2026-08-22T06:11:32.640340+09:00,全国紙,全国,朝日新聞,ICC赤根所長「日本の皆様の支援が重要な鍵」 米国の制裁受け談話,http://www.asahi.com/articles/ASV8P51JGV8PUHBI01HM.html,https://www.asahi.com/rss/asahi/newsheadlines.rdf,ok,,国際
2026-08-22,2026-08-22T06:11:32.640340+09:00,全国紙,全国,朝日新聞,米韓合同軍事演習、短縮して終了 「韓国は哀れな立場に」と北朝鮮,http://www.asahi.com/articles/ASV8P3HZSV8PUHBI00MM.html,https://www.asahi.com/rss/asahi/newsheadlines.rdf,ok,,国際
2026-08-22,2026-08-22T06:11:32.640340+09:00,全国紙,全国,朝日新聞,「2国家解決損なう」 イスラエルの入植地建設、欧州とカナダが批判,http://www.asahi.com/articles/ASV8P34K6V8PUHBI01DM.html,https://www.asahi.com/rss/asahi/newsheadlines.rdf,ok,,国際
2026-08-22,2026-08-22T06:11:32.640340+09:00,全国紙,全国,朝日新聞,天安門事件追悼の民主派団体 香港国安法違反で元幹部2人に有罪判決,http://www.asahi.com/articles/ASV8P2VLMV8PUHBI012M.html,https://www.asahi.com/rss/asahi/newsheadlines.rdf,ok,,国際
2026-08-22,2026-08-22T06:11:32.640340+09:00,全国紙,全国,朝日新聞,英ハリー王子とメーガン妃、6年ぶりの帰国へ 皇室への影響は不透明,http://www.asahi.com/articles/ASV8P2W96V8PUHBI00WM.html,https://www.asahi.com/rss/asahi/newsheadlines.rdf,ok,,国際
2026-08-22,2026-08-22T06:11:32.640340+09:00,全国紙,全国,朝日新聞,棋士資格かかる西山白玲と福間挑戦者が前夜祭で抱負 将棋白玲戦,http://www.asahi.com/articles/ASV8P3QG3V8PUCVL02MM.html,https://www.asahi.com/rss/asahi/newsheadlines.rdf,ok,,文化芸能
2026-08-22,2026-08-22T06:11:32.640340+09:00,全国紙,全国,朝日新聞,井山裕太碁聖がタイトル防衛、2度目の6連覇 無冠のピンチしのぐ,http://www.asahi.com/articles/ASV8P36MPV8PUCVL00HM.html,https://www.asahi.com/rss/asahi/newsheadlines.rdf,ok,,文化芸能
2026-08-22,2026-08-22T06:11:32.640340+09:00,全国紙,全国,朝日新聞,「北海道じゃらん」休刊へ 「じゃらん」の雑誌・書籍販売、歴史に幕,http://www.asahi.com/articles/ASV8P12YHV8PUCVL00MM.html,https://www.asahi.com/rss/asahi/newsheadlines.rdf,ok,,文化芸能
2026-08-22,2026-08-22T06:11:32.640340+09:00,全国紙,全国,朝日新聞,フェルメール展、大阪で開幕 「真珠の耳飾りの少女」の前に行列,http://www.asahi.com/articles/ASV8P0T3SV8PUCVL014M.html,https://www.asahi.com/rss/asahi/newsheadlines.rdf,ok,,文化芸能
2026-08-22,2026-08-22T06:11:32.640340+09:00,全国紙,全国,朝日新聞,教育特化型のAIアプリ 文科省が開発へ 27年度中に実証研究,http://www.asahi.com/articles/ASV8P2HN3V8PUTIL00PM.html,https://www.asahi.com/rss/asahi/newsheadlines.rdf,ok,,サイエンス
2026-08-22,2026-08-22T06:11:32.640340+09:00,全国紙,全国,朝日新聞,火星の衛星探査機MMX、10月20日にH3ロケットで打ち上げへ,http://www.asahi.com/articles/ASV8N2QHRV8NUTFL00LM.html,https://www.asahi.com/rss/asahi/newsheadlines.rdf,ok,,サイエンス
2026-08-22,2026-08-22T06:11:32.640340+09:00,全国紙,全国,朝日新聞,仕事や家事で体を動かす女性ほど高ストレス なぜ起きる?対策は,http://www.asahi.com/articles/ASV8F0H5ZV8FUTFL01NM.html,https://www.asahi.com/rss/asahi/newsheadlines.rdf,ok,,サイエンス
2026-08-22,2026-08-22T06:11:32.640340+09:00,全国紙,全国,朝日新聞,「朝鮮語大辞典」を編纂、晩年まで自宅で教える 塚本勲さんが死去,http://www.asahi.com/articles/ASV8N332ZV8NOXIE02JM.html,https://www.asahi.com/rss/asahi/newsheadlines.rdf,ok,,おくやみ
2026-08-22,2026-08-22T06:11:32.640340+09:00,全国紙,全国,朝日新聞,岸恵子さんは「大好きな先輩」 吉永小百合さんや石坂浩二さんが追悼,http://www.asahi.com/articles/ASV8M2JL5V8MUCVL01YM.html,https://www.asahi.com/rss/asahi/newsheadlines.rdf,ok,,おくやみ
2026-08-22,2026-08-22T06:11:32.640340+09:00,全国紙,全国,朝日新聞,森元美代治さん死去 ハンセン病回復者の人権回復や国際交流に尽力,http://www.asahi.com/articles/ASV8K2VKVV8KBSDS004M.html,https://www.asahi.com/rss/asahi/newsheadlines.rdf,ok,,おくやみ
2026-08-22,2026-08-22T06:11:32.640340+09:00,全国紙,全国,毎日新聞,みんなの高校野球:「風呂もつらかった」 強打を復活させた智弁和歌山の肉体改造,https://mainichi.jp/articles/20260821/k00/00m/050/329000c,https://mainichi.jp/rss/etc/mainichi-flash.rss,ok,,ニュース
2026-08-22,2026-08-22T06:11:32.640340+09:00,全国紙,全国,毎日新聞,揺らぐ「平和」:「友好と言っているうちは...」 天安門を知る元外交官が語る日中,https://mainichi.jp/articles/20260820/k00/00m/040/067000c,https://mainichi.jp/rss/etc/mainichi-flash.rss,ok,,ニュース
2026-08-22,2026-08-22T06:11:32.640340+09:00,全国紙,全国,毎日新聞,27年度概算要求、初の130兆円超へ 4年連続で過去最大更新,https://mainichi.jp/articles/20260821/k00/00m/020/355000c,https://mainichi.jp/rss/etc/mainichi-flash.rss,ok,,ニュース
2026-08-22,2026-08-22T06:11:32.640340+09:00,全国紙,全国,毎日新聞,「日本の支援が重要な鍵」 ICC赤根所長、米制裁にコメント,https://mainichi.jp/articles/20260821/k00/00m/030/381000c,https://mainichi.jp/rss/etc/mainichi-flash.rss,ok,,ニュース
2026-08-22,2026-08-22T06:11:32.640340+09:00,全国紙,全国,毎日新聞,海外製AI依存にリスク 安保3文書改定へ「国内開発力維持を」,https://mainichi.jp/articles/20260821/k00/00m/040/362000c,https://mainichi.jp/rss/etc/mainichi-flash.rss,ok,,ニュース
2026-08-22,2026-08-22T06:11:32.640340+09:00,全国紙,全国,毎日新聞,政府、自衛隊の指揮統制にAI導入へ 誤りや責任の所在に課題も,https://mainichi.jp/articles/20260821/k00/00m/010/323000c,https://mainichi.jp/rss/etc/mainichi-flash.rss,ok,,ニュース
2026-08-22,2026-08-22T06:11:32.640340+09:00,全国紙,全国,毎日新聞,「勝ちきって1番に」 智弁和歌山、決勝前にやる気十分 甲子園,https://mainichi.jp/articles/20260821/k00/00m/050/314000c,https://mainichi.jp/rss/etc/mainichi-flash.rss,ok,,ニュース
2026-08-22,2026-08-22T06:11:32.640340+09:00,全国紙,全国,毎日新聞,政府、死刑制度維持の姿勢鮮明に 大阪の放火5人殺害で死刑執行,https://mainichi.jp/articles/20260821/k00/00m/040/304000c,https://mainichi.jp/rss/etc/mainichi-flash.rss,ok,,ニュース
2026-08-22,2026-08-22T06:11:32.640340+09:00,全国紙,全国,毎日新聞,学術会議が新会員125人公表 菅氏が任命拒否の6人は含まれず,https://mainichi.jp/articles/20260821/k00/00m/040/306000c,https://mainichi.jp/rss/etc/mainichi-flash.rss,ok,,ニュース
2026-08-22,2026-08-22T06:11:32.640340+09:00,全国紙,全国,毎日新聞,佐賀・長崎道でマイクロバスなど6台玉突き、高校生ら11人搬送,https://mainichi.jp/articles/20260821/k00/00m/040/310000c,https://mainichi.jp/rss/etc/mainichi-flash.rss,ok,,ニュース
2026-08-22,2026-08-22T06:11:32.640340+09:00,全国紙,全国,毎日新聞,内閣改造、9月中下旬を軸 維新は閣内協力へ 鈴木氏ら処遇焦点,https://mainichi.jp/articles/20260821/k00/00m/010/305000c,https://mainichi.jp/rss/etc/mainichi-flash.rss,ok,,ニュース
2026-08-22,2026-08-22T06:11:32.640340+09:00,全国紙,全国,毎日新聞,井山碁聖、最終局制し2度目の6連覇 17年ぶりの無冠を回避,https://mainichi.jp/articles/20260821/k00/00m/200/296000c,https://mainichi.jp/rss/etc/mainichi-flash.rss,ok,,ニュース
2026-08-22,2026-08-22T06:11:32.640340+09:00,全国紙,全国,毎日新聞,天安門事件の追悼集会開催 香港民主派団体元幹部2人に有罪判決,https://mainichi.jp/articles/20260821/k00/00m/030/288000c,https://mainichi.jp/rss/etc/mainichi-flash.rss,ok,,ニュース
2026-08-22,2026-08-22T06:11:32.640340+09:00,全国紙,全国,毎日新聞,読む政治:皇室の尊厳保護の法整備 「不敬罪の復活そのもの」,https://mainichi.jp/articles/20260818/k00/00m/010/080000c,https://mainichi.jp/rss/etc/mainichi-flash.rss,ok,,ニュース
2026-08-22,2026-08-22T06:11:32.640340+09:00,全国紙,全国,毎日新聞,中国とインドネシア、防衛やAIで協力 米念頭に「いじめ拒絶」,https://mainichi.jp/articles/20260821/k00/00m/030/255000c,https://mainichi.jp/rss/etc/mainichi-flash.rss,ok,,ニュース
2026-08-22,2026-08-22T06:11:32.640340+09:00,全国紙,全国,毎日新聞,「意図の全う難しい」 「ラヴ上等」タイアップ取りやめで法務省,https://mainichi.jp/articles/20260821/k00/00m/040/254000c,https://mainichi.jp/rss/etc/mainichi-flash.rss,ok,,ニュース
2026-08-22,2026-08-22T06:11:32.640340+09:00,全国紙,全国,毎日新聞,殺人未遂罪の被告、遺体で発見 勾留執行停止中に行方不明,https://mainichi.jp/articles/20260821/k00/00m/040/246000c,https://mainichi.jp/rss/etc/mainichi-flash.rss,ok,,ニュース
2026-08-22,2026-08-22T06:11:32.640340+09:00,全国紙,全国,毎日新聞,「恐怖の中で...」 特定技能外国人が農場で受けた暴言、暴力,https://mainichi.jp/articles/20260821/k00/00m/040/245000c,https://mainichi.jp/rss/etc/mainichi-flash.rss,ok,,ニュース
2026-08-22,2026-08-22T06:11:32.640340+09:00,全国紙,全国,毎日新聞,天気予報「1週間先」から「2週間先」へ 気象庁、30年までに,https://mainichi.jp/articles/20260821/k00/00m/040/240000c,https://mainichi.jp/rss/etc/mainichi-flash.rss,ok,,ニュース
2026-08-22,2026-08-22T06:11:32.640340+09:00,全国紙,全国,毎日新聞,点々と並んだ食パン39kg 鳥取・大山ふもと 山深い県道の「怪」,https://mainichi.jp/articles/20260821/k00/00m/040/234000c,https://mainichi.jp/rss/etc/mainichi-flash.rss,ok,,ニュース
2026-08-22,2026-08-22T06:11:32.640340+09:00,全国紙,全国,産経新聞,木原、茂木、片山、小泉各氏は続投有力 首相、内閣改造は9月中旬に調整 焦点は幹事長,https://www.sankei.com/article/20260821-ITTROZL4AVOKBM3ROCGPKMIGXU/,https://www.sankei.com/,ok,,
2026-08-22,2026-08-22T06:11:32.640340+09:00,全国紙,全国,産経新聞,世界遺産認定 快挙生んだ考古学者の苦闘 百年にわたる魂の系譜...,https://www.sankei.com/article/20260815-QFGOV26NZFOPTOI5VG332AGYEA/,https://www.sankei.com/,ok,,
2026-08-22,2026-08-22T06:11:32.640340+09:00,全国紙,全国,産経新聞,政府が外国と疑われる不審アカウント把握 高市首相「選挙への影...,https://www.sankei.com/article/20260318-U6PW4754BNE3XKFYBTQWPKM65A/,https://www.sankei.com/,ok,,
2026-08-22,2026-08-22T06:11:32.640340+09:00,全国紙,全国,産経新聞,衆院選で国会議員の部屋割り一変 小沢、岡田、安住氏ら自民に明...,https://www.sankei.com/article/20260304-C5JCVB743FEVZMNEAU76GY4VNQ/,https://www.sankei.com/,ok,,
2026-08-22,2026-08-22T06:11:32.640340+09:00,全国紙,全国,産経新聞,立正佼成会が衆院選で中道103人推薦 公明合流影響か 前回立...,https://www.sankei.com/article/20260303-EHLBLQ2BTRCSVGSJVFHI5TBX4U/,https://www.sankei.com/,ok,,
2026-08-22,2026-08-22T06:11:32.640340+09:00,全国紙,全国,産経新聞,「事業停滞ないように」「影響早めに教えて」 兵庫県の財政悪化めぐり市長らが知事に要望,https://www.sankei.com/article/20260822-WQ4ZCGTRYBMVHEFTYJN6JC4JPY/,https://www.sankei.com/,ok,,
2026-08-22,2026-08-22T06:11:32.640340+09:00,全国紙,全国,産経新聞,「ソ連軍に占拠される」1945年の侵攻を伝えた北方領土・択捉島の郵便局<アーカイブ>,https://www.sankei.com/article/20260822-JBBHY2BBUJPIVNRMIIOK672DCI/,https://www.sankei.com/,ok,,
2026-08-22,2026-08-22T06:11:32.640340+09:00,全国紙,全国,産経新聞,パラグアイは超親日国 秋篠宮ご夫妻のご訪問がともす温かな灯 前大使が語る皇室外交の力,https://www.sankei.com/article/20260821-HMUD56AZJRPDHGUPPKMP7XVSBM/,https://www.sankei.com/,ok,,
2026-08-22,2026-08-22T06:11:32.640340+09:00,全国紙,全国,産経新聞,香港で容認されていた3つの自由に有罪判決 終焉宣告受けた「一国二制度」,https://www.sankei.com/article/20260821-RENTWKRWMVJARDWDOINVLEYEWY/,https://www.sankei.com/,ok,,
2026-08-22,2026-08-22T06:11:32.640340+09:00,全国紙,全国,産経新聞,<主張>特急衝突4人死亡 作業中の事故繰り返すな,https://www.sankei.com/article/20260822-QI3BDUFUDZOTDBZ3GX6CWOPPVE/,https://www.sankei.com/,ok,,
2026-08-22,2026-08-22T06:11:32.640340+09:00,全国紙,全国,産経新聞,<主張>韓国の性接待疑惑 サッカー界は徹底解明を,https://www.sankei.com/article/20260822-2YER5NXTBFP73CSBAYALRGIBZY/,https://www.sankei.com/,ok,,
2026-08-22,2026-08-22T06:11:32.640340+09:00,全国紙,全国,産経新聞,<産経抄>「米国は絶対にICBMは許さない」と安倍氏 米朝交渉では拉致も重要,https://www.sankei.com/article/20260822-UQ5GLCNCWFM6DM6EC6QUSTHB3Y/,https://www.sankei.com/,ok,,
2026-08-22,2026-08-22T06:11:32.640340+09:00,全国紙,全国,産経新聞,埼玉で記録的短時間大雨、さいたま市付近110ミリ 車両水没も相次ぐ...「窓開きホッと」,https://www.sankei.com/article/20260821-3K7RIQP4BVPBTDE3H427T62KWU/,https://www.sankei.com/,ok,,
2026-08-22,2026-08-22T06:11:32.640340+09:00,全国紙,全国,産経新聞,プーチン氏の択捉訪問、自民で対露政策転換論 大塚拓氏「切り替える時だ」首相対応は評価,https://www.sankei.com/article/20260821-ZLIK5KATQZIN5GW26RDLMBJD7A/,https://www.sankei.com/,ok,,
2026-08-22,2026-08-22T06:11:32.640340+09:00,全国紙,全国,産経新聞,岸惠子さん「国境が動く恐さを私たちは知らない」 プラハの春、バルト三国...侵略に警鐘,https://www.sankei.com/article/20260821-5IT7GX7Q2NGCBFHIHV7VVTXVTE/,https://www.sankei.com/,ok,,
2026-08-22,2026-08-22T06:11:32.640340+09:00,全国紙,全国,産経新聞,自律型AI時代をどう生き抜くか?次世代リーダー必見のカンファレンス開催,https://www.sankei.com/article/20260729-JONX5ORFAJBSBG4D2MGTPB6NP4/,https://www.sankei.com/,ok,,
2026-08-22,2026-08-22T06:11:32.640340+09:00,全国紙,全国,産経新聞,「ふくのわプロジェクト」で繋ぐ支援の輪 衣類が変えるパラスポーツの未来,https://www.sankei.com/article/20260407-TWVW43Z2BNAHLIGSULJSRHWT5Y/,https://www.sankei.com/,ok,,
2026-08-22,2026-08-22T06:11:32.640340+09:00,全国紙,全国,産経新聞,劇物入りマフィンを第三者介し食べさせた女を逮捕,https://www.sankei.com/article/20260822-QJMTJLHYIVIF3NI3T5CJQJYBOE/,https://www.sankei.com/,ok,,
2026-08-22,2026-08-22T06:11:32.640340+09:00,全国紙,全国,産経新聞,92歳母の首絞め殺害 同居の息子逮捕,https://www.sankei.com/article/20260822-D37A4U6W25KKRJNID6652TC6W4/,https://www.sankei.com/,ok,,
2026-08-22,2026-08-22T06:11:32.640340+09:00,全国紙,全国,産経新聞,男系男子による継承、変更の理由を語った皇太子,https://www.sankei.com/article/20260821-DDTZOMKOFVBVNMHXPOOJSQ3XBE/,https://www.sankei.com/,ok,,
2026-08-22,2026-08-22T06:11:32.640340+09:00,全国紙,全国,東京新聞,止まらない「中古スマホ人気」5年で倍増 でも購入時はご用心、確認すべき点は,https://www.tokyo-np.co.jp/article/510055,https://www.tokyo-np.co.jp/,ok,,
2026-08-22,2026-08-22T06:11:32.640340+09:00,全国紙,全国,東京新聞,ICC赤根智子所長の日本の口座・クレカも凍結? 国内金融機関は、アメリカの制裁に従う義務はないけれど,https://www.tokyo-np.co.jp/article/510064,https://www.tokyo-np.co.jp/,ok,,
2026-08-22,2026-08-22T06:11:32.640340+09:00,全国紙,全国,東京新聞,私の居場所は私が決める TikTok「不登校生動画甲子園2026」 13歳cocoさんが込めた決意,https://www.tokyo-np.co.jp/article/510019,https://www.tokyo-np.co.jp/,ok,,
2026-08-22,2026-08-22T06:11:32.640340+09:00,全国紙,全国,東京新聞,関東大震災後の「朝鮮人虐殺」韓国で真相究明の機運高まる 首相直属の委員会設ける特別法 日本の動きは,https://www.tokyo-np.co.jp/article/510073,https://www.tokyo-np.co.jp/,ok,,
2026-08-22,2026-08-22T06:11:32.640340+09:00,全国紙,全国,東京新聞,【独自】各省庁予算要求初の130兆円超 27年度、上限設けず異例の膨張,https://www.tokyo-np.co.jp/article/510065,https://www.tokyo-np.co.jp/,ok,,
2026-08-22,2026-08-22T06:11:32.640340+09:00,全国紙,全国,東京新聞,「犯罪を美化」「被害者のことを考えて」...批判招いて「ラヴ上等」とのコラボポスター掲示中止 法務省,https://www.tokyo-np.co.jp/article/510044,https://www.tokyo-np.co.jp/,ok,,
2026-08-22,2026-08-22T06:11:32.640340+09:00,全国紙,全国,東京新聞,トランプ氏はなぜ、赤根智子所長率いるICCを敵視するのか? 制裁が浮き彫りにした国際社会の危機,https://www.tokyo-np.co.jp/article/510079,https://www.tokyo-np.co.jp/,ok,,
2026-08-22,2026-08-22T06:11:32.640340+09:00,全国紙,全国,東京新聞,ICC赤根智子所長を「守っていく立場では」...アメリカを批判しない高市首相の姿勢に自民党内で不満,https://www.tokyo-np.co.jp/article/510054,https://www.tokyo-np.co.jp/,ok,,
2026-08-22,2026-08-22T06:11:32.640340+09:00,全国紙,全国,東京新聞,大阪パチンコ店放火殺人 高見素直死刑囚の死刑執行 1年2カ月ぶり、高市政権で初めて,https://www.tokyo-np.co.jp/article/509954,https://www.tokyo-np.co.jp/,ok,,
2026-08-22,2026-08-22T06:11:32.640340+09:00,全国紙,全国,東京新聞,富士山6合目に7歳男児置き去り 父親「8時間ここで待て」と命令,https://www.tokyo-np.co.jp/article/510053,https://www.tokyo-np.co.jp/,ok,,
2026-08-22,2026-08-22T06:11:32.640340+09:00,全国紙,全国,東京新聞,中東海域に横須賀拠点の米空母ジョージ・ワシントンが到着 対イラン任務が長期化していた空母は帰国へ,https://www.tokyo-np.co.jp/article/510035,https://www.tokyo-np.co.jp/,ok,,
2026-08-22,2026-08-22T06:11:32.640340+09:00,全国紙,全国,東京新聞,パワハラ認定の山中竹春・横浜市長が国際会議への参加を見合わせ 9月に市が主催 参加予定者から懸念,https://www.tokyo-np.co.jp/article/510051,https://www.tokyo-np.co.jp/,ok,,
2026-08-22,2026-08-22T06:11:32.640340+09:00,全国紙,全国,東京新聞,中止の「琵琶湖三市花火」、会場確保の実態は? 使用許可得る前にチケット販売 主催者「返金対応を前提」,https://www.tokyo-np.co.jp/article/510063,https://www.tokyo-np.co.jp/,ok,,
2026-08-22,2026-08-22T06:11:32.640340+09:00,全国紙,全国,東京新聞,アメリカ、対イラン追加制裁巡り同盟国に連携要求 「史上最も厳しい制裁措置」24日に内容公表,https://www.tokyo-np.co.jp/article/510036,https://www.tokyo-np.co.jp/,ok,,
2026-08-22,2026-08-22T06:11:32.640340+09:00,全国紙,全国,東京新聞,最低賃金20府県で目安超え 33都道府県、中間集計,https://www.tokyo-np.co.jp/article/510027,https://www.tokyo-np.co.jp/,ok,,
2026-08-22,2026-08-22T06:11:32.640340+09:00,全国紙,全国,東京新聞,スキマバイトで「カイジの世界」を見た高校生からのメール 仮眠は土足の床、「左手輪ゴムの人」と呼ばれ...,https://www.tokyo-np.co.jp/article/377300,https://www.tokyo-np.co.jp/,ok,,
2026-08-22,2026-08-22T06:11:32.640340+09:00,全国紙,全国,東京新聞,〈動画〉望月衣塑子記者が法政大元総長・田中優子氏に聞く 高市首相「繰り返させない」発言の真意は?,https://www.tokyo-np.co.jp/article/509956,https://www.tokyo-np.co.jp/,ok,,tag_movie
2026-08-22,2026-08-22T06:11:32.640340+09:00,全国紙,全国,東京新聞,〈動画〉望月衣塑子記者が政治団体「ゴリラ」を解説 護憲、脱原発...リベラルの受け皿になるのか?,https://www.tokyo-np.co.jp/article/509743,https://www.tokyo-np.co.jp/,ok,,tag_movie
2026-08-22,2026-08-22T06:11:32.640340+09:00,全国紙,全国,東京新聞,ガチ中華界「巨匠」の故郷、黒竜江省の味を求め「味坊鉄鍋荘」へ 次の一手は「シン・町中華」,https://www.tokyo-np.co.jp/article/507785,https://www.tokyo-np.co.jp/,ok,,tag_movie
2026-08-22,2026-08-22T06:11:32.640340+09:00,全国紙,全国,東京新聞,〈東京新聞タイムカプセル 鉄道〉東北・上越新幹線,https://www.tokyo-np.co.jp/article/509791,https://www.tokyo-np.co.jp/,ok,,square
2026-08-22,2026-08-22T06:11:32.640340+09:00,全国紙,全国,中日新聞,熊本地震 義援金受け付けています,https://www.chunichi.co.jp/article/1291440,https://www.chunichi.co.jp/,ok,,
2026-08-22,2026-08-22T06:11:32.640340+09:00,全国紙,全国,中日新聞,【交通規制情報】22日、名古屋市北区・中区・東区・中川区で聖火リレー 愛知・名古屋アジア大会,https://www.chunichi.co.jp/article/1299813,https://www.chunichi.co.jp/,ok,,
2026-08-22,2026-08-22T06:11:32.640340+09:00,全国紙,全国,中日新聞,父の思い出と聖火リレー待つ 1950年愛知国体で「聖火台」提案者の息子,https://www.chunichi.co.jp/article/1299918,https://www.chunichi.co.jp/,ok,,
2026-08-22,2026-08-22T06:11:32.640340+09:00,全国紙,全国,中日新聞,相次ぐ競技日程変更に自治体ため息 アジア大会、学校観戦へ終わらぬ調整,https://www.chunichi.co.jp/article/1299960,https://www.chunichi.co.jp/,ok,,
2026-08-22,2026-08-22T06:11:32.640340+09:00,全国紙,全国,中日新聞,「豊臣兄弟!」効果でにぎわう一乗谷朝倉氏遺跡、ナビ通りに行くと大変な道かも?,https://www.chunichi.co.jp/article/1299897,https://www.chunichi.co.jp/,ok,,
2026-08-22,2026-08-22T06:11:32.640340+09:00,全国紙,全国,中日新聞,【動画】アジア・アジアパラ大会の選手食堂を公開 ハラル食も提供,https://www.chunichi.co.jp/article/1299751,https://www.chunichi.co.jp/,ok,,
2026-08-22,2026-08-22T06:11:32.640340+09:00,全国紙,全国,中日新聞,静岡市で船舶火災、1人死亡、9人を病院に搬送 溶接作業中「手袋に引火」,https://www.chunichi.co.jp/article/1299581,https://www.chunichi.co.jp/,ok,,
2026-08-22,2026-08-22T06:11:32.640340+09:00,全国紙,全国,中日新聞,登下校時に児童が通った場所と時間を自動的に記録「見守りサービス」 松阪市が三重県内で初導入,https://www.chunichi.co.jp/article/1299892,https://www.chunichi.co.jp/,ok,,
2026-08-22,2026-08-22T06:11:32.640340+09:00,全国紙,全国,中日新聞,放鳥トキが奥能登到達 珠洲市で初確認、輪島市でも目撃情報,https://www.chunichi.co.jp/article/1299791,https://www.chunichi.co.jp/,ok,,
2026-08-22,2026-08-22T06:11:32.640340+09:00,全国紙,全国,中日新聞,中止の琵琶湖三市同時花火大会、実行委「返金対応を前提」 インスタグラムに投稿,https://www.chunichi.co.jp/article/1299648,https://www.chunichi.co.jp/,ok,,
2026-08-22,2026-08-22T06:11:32.640340+09:00,全国紙,全国,中日新聞,細川成也が4年連続20号 竜連敗脱出,https://www.chunichi.co.jp/article/1299939,https://www.chunichi.co.jp/,ok,,
2026-08-22,2026-08-22T06:11:32.640340+09:00,全国紙,全国,中日新聞,中日・細川成也、連敗ストップの4年連続20号 「本塁打が増えてくれればうれしいですがまずは試合に...」2年ぶり全試合出場も目標に,https://www.chunichi.co.jp/article/1299968,https://www.chunichi.co.jp/,ok,,
2026-08-22,2026-08-22T06:11:32.640340+09:00,全国紙,全国,中日新聞,「移民ビジネス」外国人の受け入れを巡る現実と課題,https://www.chunichi.co.jp/article/1233264,https://www.chunichi.co.jp/,ok,,
2026-08-22,2026-08-22T06:11:32.640340+09:00,全国紙,全国,中日新聞,【南山大&中日新聞ポッドキャスト企画】アメリカを考える~独立宣言から250年の大変動,https://www.chunichi.co.jp/article/1270383,https://www.chunichi.co.jp/,ok,,
2026-08-22,2026-08-22T06:11:32.640340+09:00,全国紙,全国,中日新聞,【第1部・外国人団地】共生を目指す外国人労働者の姿を描く,https://www.chunichi.co.jp/article/1237076,https://www.chunichi.co.jp/,ok,,
2026-08-22,2026-08-22T06:11:32.640340+09:00,全国紙,全国,中日新聞,読者が選んだグッとコラム大賞は...?,https://www.chunichi.co.jp/article/1230731,https://www.chunichi.co.jp/,ok,,
2026-08-22,2026-08-22T06:11:32.640340+09:00,全国紙,全国,中日新聞,【デジタル地図】南海トラフ巨大地震の想定震度マップ。あなたの地域の想定震度をチェック,https://www.chunichi.co.jp/article/1046009,https://www.chunichi.co.jp/,ok,,
2026-08-22,2026-08-22T06:11:32.640340+09:00,全国紙,全国,中日新聞,【動画】ピアニストまらしぃさん、「あいち県民の日」アンバサダーに就任,https://www.chunichi.co.jp/article/1299566,https://www.chunichi.co.jp/,ok,,video
2026-08-22,2026-08-22T06:11:32.640340+09:00,全国紙,全国,中日新聞,【インタビュー動画】須田亜香里さん、アジア・アジアパラ大会の本紙特約記者に就任,https://www.chunichi.co.jp/article/1298121,https://www.chunichi.co.jp/,ok,,video
2026-08-22,2026-08-22T06:11:32.640340+09:00,地方紙,長野,信濃毎日新聞,トップ選手を育み続ける長野県が150周年 オリンピアン・パラリンピアンが語る環境と魅力【動画付き】08/21 21:37■記念祭典で語る思い出や原点 長野県誕生150年を祝った21日の記念祭典。メイン会場の松本市音楽文化ホールで開いたトークセッションでは、1994年リレハンメル冬季五輪のスキージャンプ団体で銀メダルを獲得した下高井郡野沢温泉村出身の西方仁也さんら県ゆかりの5人がそれぞれ、五輪やパラリンピックに出場し...,https://www.shinmai.co.jp/news/article/gf01da442doh93r5kiren83g,https://www.shinmai.co.jp/,ok,,
2026-08-22,2026-08-22T06:11:32.640340+09:00,地方紙,長野,信濃毎日新聞,【熊本地震】長野県から今できる支援は?情報をまとめました08/04 17:00,https://www.shinmai.co.jp/news/article/SHEX2026080300004812,https://www.shinmai.co.jp/,ok,,
2026-08-22,2026-08-22T06:11:32.640340+09:00,地方紙,長野,信濃毎日新聞,【独自】路線バス「青木線」、最終便を1時間繰り下げへ 10月以降、上田駅を午後9時ごろ経由08/22 06:03,https://www.shinmai.co.jp/news/article/gf01da42td0h93r5kiremvu0,https://www.shinmai.co.jp/,ok,,
2026-08-22,2026-08-22T06:11:32.640340+09:00,地方紙,長野,信濃毎日新聞,安曇野市三郷小の改修工事、総額9億円増へ 既存の骨組み、着工後に強度不足が判明08/22 06:02,https://www.shinmai.co.jp/news/article/gf01da4377gh93r5kiren230,https://www.shinmai.co.jp/,ok,,
2026-08-22,2026-08-22T06:11:32.640340+09:00,地方紙,長野,信濃毎日新聞,使うほどなじむ「デニム草履」、魅力知ってほしい 箕輪町で23日まで販売会08/22 06:01,https://www.shinmai.co.jp/news/article/gf01da3v5r8h93r5kirelqpg,https://www.shinmai.co.jp/,ok,,
2026-08-22,2026-08-22T06:11:32.640340+09:00,地方紙,長野,信濃毎日新聞,おくやみ(8月22日付)08/22 06:00,https://www.shinmai.co.jp/news/article/gf01da42b1pgf3e481imp2qg,https://www.shinmai.co.jp/,ok,,
2026-08-22,2026-08-22T06:11:32.640340+09:00,地方紙,長野,信濃毎日新聞,2「緊張でレース前に涙」「原田雅彦さんは『いいやつ』」 長野県ゆかりの5人が語る競技人生【詳報】,https://www.shinmai.co.jp/news/article/gf01da45kuoh93r5kirenf10,https://www.shinmai.co.jp/,ok,,
2026-08-22,2026-08-22T06:11:32.640340+09:00,地方紙,長野,信濃毎日新聞,3千曲市の強盗事件、防犯カメラに不審な人物 近隣住民、警戒強める 容疑者は車で逃走,https://www.shinmai.co.jp/news/article/gf01da44ni1gf3e481impk30,https://www.shinmai.co.jp/,ok,,
2026-08-22,2026-08-22T06:11:32.640340+09:00,地方紙,長野,信濃毎日新聞,4ガソリン移し替えで引火、松本市でバイク焼く,https://www.shinmai.co.jp/news/article/gf01da45pl1gf3e481impmqg,https://www.shinmai.co.jp/,ok,,
2026-08-22,2026-08-22T06:11:32.640340+09:00,地方紙,長野,信濃毎日新聞,5おくやみ速報(8月22日付分),https://www.shinmai.co.jp/news/article/gf01da41vg9gf3e481imovig,https://www.shinmai.co.jp/,ok,,
2026-08-22,2026-08-22T06:11:32.640340+09:00,地方紙,長野,信濃毎日新聞,6「信濃の国」に新しい歌詞誕生 信州ポークから牧秀悟まで“郷土の誇り”ぎっしり 長野県が受賞作発表,https://www.shinmai.co.jp/news/article/gf01da3eiegh93r5kireju90,https://www.shinmai.co.jp/,ok,,
2026-08-22,2026-08-22T06:11:32.640340+09:00,地方紙,長野,信濃毎日新聞,7ロシア人気アニメ制作者に制裁 「マーシャとくま」禁止,https://www.shinmai.co.jp/news/article/gfkn2026082101001424,https://www.shinmai.co.jp/,ok,,
2026-08-22,2026-08-22T06:11:32.640340+09:00,地方紙,長野,信濃毎日新聞,8東御市で軽トラックが電柱に衝突 運転の男性死亡,https://www.shinmai.co.jp/news/article/gf01da441mgh93r5kiren7s0,https://www.shinmai.co.jp/,ok,,
2026-08-22,2026-08-22T06:11:32.640340+09:00,地方紙,長野,信濃毎日新聞,9けがから復活、唯一無二のリズムを刻むドリブラー 山雅の松岡瑠夢が抱く野心,https://www.shinmai.co.jp/news/article/gf01da3ttsoh93r5kirelj80,https://www.shinmai.co.jp/,ok,,
2026-08-22,2026-08-22T06:11:32.640340+09:00,地方紙,長野,信濃毎日新聞,10栄村の前副村長が行方不明に,https://www.shinmai.co.jp/news/article/gf01da3t53oh93r5kirelfvg,https://www.shinmai.co.jp/,ok,,
2026-08-22,2026-08-22T06:11:32.640340+09:00,地方紙,長野,信濃毎日新聞,嵐のポスターが救った母の命 活動終了の日、はがそうとしたけれど長野県主要くらし・話題ウェブオリジナルイブニング信毎朝日新聞コラボ「いつも、どこかで」08/21 17:00,https://www.shinmai.co.jp/news/article/gf01d9skojmm5strh1fasf30,https://www.shinmai.co.jp/,ok,,
2026-08-22,2026-08-22T06:11:32.640340+09:00,地方紙,長野,信濃毎日新聞,シカによる食害 「芝地」になったお花畑 復元へクラウドファンディング呼びかけ 南アルプス三伏峠〈山と人と信州と〉長野県社会信州の山ウェブオリジナル山と人と信州と南アルプス08/21 06:04,https://www.shinmai.co.jp/news/article/gf01da39tq9gf3e481imkpbg,https://www.shinmai.co.jp/,ok,,
2026-08-22,2026-08-22T06:11:32.640340+09:00,地方紙,長野,信濃毎日新聞,曽祖父の軍歴をたどって知ったインターネットサイト「二十八防空隊」と運営者との“縁”長野県社会ウェブオリジナルイブニング信毎「戦後」を次代へコラム「硬面軟面」08/20 06:05,https://www.shinmai.co.jp/news/article/gf01da1iid0h93r5kirearb0,https://www.shinmai.co.jp/,ok,,
2026-08-22,2026-08-22T06:11:32.640340+09:00,地方紙,長野,信濃毎日新聞,信州山レポート 山岳情報ぎゅっとお届け長野県社会安全登山・遭難信州の山ウェブオリジナル08/19 12:45,https://www.shinmai.co.jp/news/article/SHEX2026071400004787,https://www.shinmai.co.jp/,ok,,
2026-08-22,2026-08-22T06:11:32.640340+09:00,地方紙,長野,信濃毎日新聞,【4コマ】諏訪湖の夜はここから【ここがわからんばい!信州】長野県主要くらし・話題ウェブオリジナル諏訪湖ここがわからんばい!信州08/18 11:30,https://www.shinmai.co.jp/news/article/gf01da17030h93r5kire8qmg,https://www.shinmai.co.jp/,ok,,
2026-08-22,2026-08-22T06:11:32.640340+09:00,地方紙,京都,京都新聞,人事異動ポータル,https://www.kyoto-np.co.jp/articles/-/1250583,https://www.kyoto-np.co.jp/,ok,,
2026-08-22,2026-08-22T06:11:32.640340+09:00,地方紙,京都,京都新聞,速報NY株反発、517ドル高,https://www.kyoto-np.co.jp/articles/-/1776061,https://www.kyoto-np.co.jp/,ok,,
2026-08-22,2026-08-22T06:11:32.640340+09:00,地方紙,京都,京都新聞,京都市上京区の220年続く「老舗和菓子店」を8代目が継いだ理由 祖母の思い胸に「新感覚」の商品開発も4:50市内1803(享和3)年に京都・西陣で創業した京菓子製造の鶴屋吉信(京都市上京区)は、江戸期から禁中の出入りを許された「上菓子屋仲間」に所属し...,https://www.kyoto-np.co.jp/articles/-/1775860,https://www.kyoto-np.co.jp/,ok,,
2026-08-22,2026-08-22T06:11:32.640340+09:00,地方紙,京都,京都新聞,京都の立命館中学・高校「国公立大学23人、京都大学3人合格」 内部進学も「第一志望が95%以上」4月30日地域私立高校の授業料無償化で、中学受験が注目を集めている。従来に比べて費用負担が軽減されることで、中高一貫教育のメリットや大学受験における優位...,https://www.kyoto-np.co.jp/articles/-/1704662,https://www.kyoto-np.co.jp/,ok,,
2026-08-22,2026-08-22T06:11:32.640340+09:00,地方紙,京都,京都新聞,京都府や滋賀県などの有料駐輪場「不正駐輪」 市民参加型報告アプリの仕組みとは5:15市内有料の駐輪場で自転車の車輪をラックの奥まで差し込まずに利用する不正駐輪が後を絶たない中、京都市都市整備公社は、不正に気付いた人がその場で「...,https://www.kyoto-np.co.jp/articles/-/1775762,https://www.kyoto-np.co.jp/,ok,,
2026-08-22,2026-08-22T06:11:32.640340+09:00,地方紙,京都,京都新聞,京都府舞鶴市に譲渡予定だった国有地 防衛省が艦艇係留施設などの整備を計画5:40地域防衛省が、京都府の舞鶴市役所北側の「東山」と呼ばれる国有地4・1ヘクタールを新たに取得し、隣接する海沿いの防衛省用地4・6ヘクタールと合わ...,https://www.kyoto-np.co.jp/articles/-/1775832,https://www.kyoto-np.co.jp/,ok,,
2026-08-22,2026-08-22T06:11:32.640340+09:00,地方紙,京都,京都新聞,【独自】JA滋賀中央会の代表理事専務の男性が「不適切支出」 高級飲食店やゴルフに5:00地域JA滋賀中央会(大津市)の代表理事専務の男性が2024年7月から約半年間、高級飲食店やゴルフなどに少なくとも450万円の経費を使い、一部が...,https://www.kyoto-np.co.jp/articles/-/1776003,https://www.kyoto-np.co.jp/,ok,,
2026-08-22,2026-08-22T06:11:32.640340+09:00,地方紙,京都,京都新聞,謎の集団「男肉 du Soleil(オニクドソレイユ)」京都市で9月に公演 20年以上、笑えるステージ継続5:30地域京都や大阪などで20年以上活動するダンスパフォーマンス集団「男肉 du Soleil(オニクドソレイユ)」が9月4~6日、京都市南区の「T...,https://www.kyoto-np.co.jp/articles/-/1773867,https://www.kyoto-np.co.jp/,ok,,
2026-08-22,2026-08-22T06:11:32.640340+09:00,地方紙,京都,京都新聞,【高校野球】秋に輝く「豪腕」は誰?夏の京都大会で奪三振数の多かった1、2年生の投手をピックアップ5:01京都来春の選抜高校野球大会の出場校を選考する材料となる秋季京都府高校野球大会が8月22日、府内各地で開幕します。今夏の京都大会では好投手の活躍...,https://www.kyoto-np.co.jp/articles/-/1773435,https://www.kyoto-np.co.jp/,ok,,
2026-08-22,2026-08-22T06:11:32.640340+09:00,地方紙,京都,京都新聞,【夏の甲子園】全国高校野球選手権はいよいよ決勝 過去の決勝で京都代表が繰り広げた激闘は5:03京都,https://www.kyoto-np.co.jp/articles/-/1775373,https://www.kyoto-np.co.jp/,ok,,
2026-08-22,2026-08-22T06:11:32.640340+09:00,地方紙,京都,京都新聞,京都の亀岡市で存在感放つ流線型の建物 年間50万人が来場する「オアシス」 その多様な役割とは?5:00地域,https://www.kyoto-np.co.jp/articles/-/1774433,https://www.kyoto-np.co.jp/,ok,,
2026-08-22,2026-08-22T06:11:32.640340+09:00,地方紙,京都,京都新聞,京都府でも「授業料無償化」で注目集まる私立中学・高校 「制服」「食堂」魅力PR、あの手この手5:00市内,https://www.kyoto-np.co.jp/articles/-/1774426,https://www.kyoto-np.co.jp/,ok,,
2026-08-22,2026-08-22T06:11:32.640340+09:00,地方紙,京都,京都新聞,【高校野球】秋の京都府大会はこの打者に注目 夏に高打率マークした1、2年生「5割バッター」は3人8月21日京都,https://www.kyoto-np.co.jp/articles/-/1773263,https://www.kyoto-np.co.jp/,ok,,
2026-08-22,2026-08-22T06:11:32.640340+09:00,地方紙,京都,京都新聞,施設整備・学科再編に28億円投入する「改革先導拠点校」 ものづくり支える滋賀県立彦根工業高の挑戦8月21日地域,https://www.kyoto-np.co.jp/articles/-/1774077,https://www.kyoto-np.co.jp/,ok,,
2026-08-22,2026-08-22T06:11:32.640340+09:00,地方紙,京都,京都新聞,京都の最低賃金、大幅アップへ しかし発効は1カ月「先送り」に 一体なぜ?8月21日京都,https://www.kyoto-np.co.jp/articles/-/1775408,https://www.kyoto-np.co.jp/,ok,,
2026-08-22,2026-08-22T06:11:32.640340+09:00,地方紙,京都,京都新聞,【全国高校野球】「有明旋風」を上回る初出場での4強入りが2度 滋賀代表が起こした「ミラクル」とは8月21日滋賀,https://www.kyoto-np.co.jp/articles/-/1774699,https://www.kyoto-np.co.jp/,ok,,
2026-08-22,2026-08-22T06:11:32.640340+09:00,地方紙,京都,京都新聞,大阪「有名難関大学」手がける高さ116メートル「巨大タワーホテル」 梅田の半値「格安」に込めた思い8月21日地域,https://www.kyoto-np.co.jp/articles/-/1769784,https://www.kyoto-np.co.jp/,ok,,
2026-08-22,2026-08-22T06:11:32.640340+09:00,地方紙,京都,京都新聞,京都ラーメン「源流」屈指の古株店が創業100年超えへ 2店は売上高「最高」愛される理由は?聖地盛り上げも8月21日市内,https://www.kyoto-np.co.jp/articles/-/1765275,https://www.kyoto-np.co.jp/,ok,,
2026-08-22,2026-08-22T06:11:32.640340+09:00,地方紙,京都,京都新聞,【動画】Jリーグ開幕直前!京都サンガFCの未来を語り尽くす――クラブアンバサダー宮吉拓実さんと読み解く「2026-27シーズン」の展望8月20日京都,https://www.kyoto-np.co.jp/articles/-/1769488,https://www.kyoto-np.co.jp/,ok,,
2026-08-22,2026-08-22T06:11:32.640340+09:00,地方紙,京都,京都新聞,高校野球 京都,https://www.kyoto-np.co.jp/articles/-/1746883,https://www.kyoto-np.co.jp/,ok,,
2026-08-22,2026-08-22T06:11:32.640340+09:00,地方紙,兵庫,神戸新聞,社福法人「山の子会」破産危機 芦屋、神戸など9保育園運営 債務超過10億円 理事長兼務の学校法人から不自然資金,https://www.kobe-np.co.jp/news/society/202608/0020733055.shtml,https://www.kobe-np.co.jp/,ok,,
2026-08-22,2026-08-22T06:11:32.640340+09:00,地方紙,兵庫,神戸新聞,「山の子会」債務超過 総合施設に多額投資で経営悪化か 開設翌年度に資産減少,https://www.kobe-np.co.jp/news/society/202608/0020733052.shtml,https://www.kobe-np.co.jp/,ok,,
2026-08-22,2026-08-22T06:11:32.640340+09:00,地方紙,兵庫,神戸新聞,<兵庫⇔台湾、韓国 近づく商圏>(4)台湾メーカー 神戸で生産「地域に根ざす」,https://www.kobe-np.co.jp/news/economy/202608/0020732702.shtml,https://www.kobe-np.co.jp/,ok,,
2026-08-22,2026-08-22T06:11:32.640340+09:00,地方紙,兵庫,神戸新聞,室内管弦楽団「知らない」が半数 神戸市民5500人調査 市「判断材料の一つに」,https://www.kobe-np.co.jp/news/society/202608/0020733058.shtml,https://www.kobe-np.co.jp/,ok,,
2026-08-22,2026-08-22T06:11:32.640340+09:00,地方紙,兵庫,神戸新聞,神鋼環境ソリューション、万博パビリオンの一部を神戸の研究所に移設,https://www.kobe-np.co.jp/news/economy/202608/0020732209.shtml,https://www.kobe-np.co.jp/,ok,,
2026-08-22,2026-08-22T06:11:32.640340+09:00,地方紙,兵庫,神戸新聞,高砂市議選、23日告示 公共施設の更新、対策急務 再編や優先順位、議論醸成を,https://www.kobe-np.co.jp/news/touban/202608/0020732320.shtml,https://www.kobe-np.co.jp/,ok,,
2026-08-22,2026-08-22T06:11:32.640340+09:00,地方紙,兵庫,神戸新聞,避難所運営、住民主体で 明石市が「地域防災計画」見直し、市防災会議が承認,https://www.kobe-np.co.jp/news/akashi/202608/0020732019.shtml,https://www.kobe-np.co.jp/,ok,,
2026-08-22,2026-08-22T06:11:32.640340+09:00,地方紙,兵庫,神戸新聞,尼崎・出屋敷のソウルフード「お好みスティック」 23日のイベントで一夜限りの復活,https://www.kobe-np.co.jp/news/hanshin/202608/0020732088.shtml,https://www.kobe-np.co.jp/,ok,,
2026-08-22,2026-08-22T06:11:32.640340+09:00,地方紙,兵庫,神戸新聞,<水のある風景>(4)つくばねの滝(加東市) 酷暑遠のく清らかさ,https://www.kobe-np.co.jp/news/hokuban/202608/0020732298.shtml,https://www.kobe-np.co.jp/,ok,,
2026-08-22,2026-08-22T06:11:32.640340+09:00,地方紙,兵庫,神戸新聞,瀬戸内から新たな挑戦生み出そう 跡継ぎや新興企業ら、29日に姫路集結「ブラストセトウチ」,https://www.kobe-np.co.jp/news/economy/202608/0020732679.shtml,https://www.kobe-np.co.jp/,ok,,
2026-08-22,2026-08-22T06:11:32.640340+09:00,地方紙,兵庫,神戸新聞,養父市、10月から開庁時間短縮 午前9時~午後4時半に,https://www.kobe-np.co.jp/news/tajima/202608/0020732452.shtml,https://www.kobe-np.co.jp/,ok,,
2026-08-22,2026-08-22T06:11:32.640340+09:00,地方紙,兵庫,神戸新聞,<戦後81年>不戦の思い、高校生が継承 丹波篠山市で27日に戦没者追悼式 篠山産高生、会場彩る花栽培,https://www.kobe-np.co.jp/news/tanba/202608/0020732430.shtml,https://www.kobe-np.co.jp/,ok,,
2026-08-22,2026-08-22T06:11:32.640340+09:00,地方紙,兵庫,神戸新聞,川西市長・市議選で立候補予定者説明会 市長選に5陣営、市議選は36陣営参加,https://www.kobe-np.co.jp/news/hanshin/202608/0020732091.shtml,https://www.kobe-np.co.jp/,ok,,
2026-08-22,2026-08-22T06:11:32.640340+09:00,地方紙,兵庫,神戸新聞,台湾スターラックス航空、来年1月に神戸-高雄便開設へ 毎日1往復,https://www.kobe-np.co.jp/news/economy/202608/0020731172.shtml,https://www.kobe-np.co.jp/,ok,,
2026-08-22,2026-08-22T06:11:32.640340+09:00,地方紙,兵庫,神戸新聞,ダイエー、神戸・西区に「フードスタイル」 県内1号店、28日オープン,https://www.kobe-np.co.jp/news/economy/202608/0020731984.shtml,https://www.kobe-np.co.jp/,ok,,
2026-08-22,2026-08-22T06:11:32.640340+09:00,地方紙,兵庫,神戸新聞,<県政リアル 知事就任5年>(6)距離感 離れた大阪、県内首長も模索,https://www.kobe-np.co.jp/news/society/202608/0020681985.shtml,https://www.kobe-np.co.jp/,ok,,
2026-08-22,2026-08-22T06:11:32.640340+09:00,地方紙,兵庫,神戸新聞,<さいとうさんと「私」再び>対立 乗り越えるには 読者の反響編,https://www.kobe-np.co.jp/news/society/202607/0020625928.shtml,https://www.kobe-np.co.jp/,ok,,
2026-08-22,2026-08-22T06:11:32.640340+09:00,地方紙,兵庫,神戸新聞,兵庫のNISA口座開設率29%、全国4位 インフレ下で高まる関心 県内金融機関、新規顧客の開拓競う,https://www.kobe-np.co.jp/news/economy/202608/0020725365.shtml,https://www.kobe-np.co.jp/,ok,,
2026-08-22,2026-08-22T06:11:32.640340+09:00,地方紙,兵庫,神戸新聞,<部活動 変わる放課後 コベカツ>(3)遠距離、時間の空白負担に,https://www.kobe-np.co.jp/news/kobe/202608/0020732071.shtml,https://www.kobe-np.co.jp/,ok,,
2026-08-22,2026-08-22T06:11:32.640340+09:00,地方紙,兵庫,神戸新聞,神戸市中央区の「危ない交差点」 住宅街の小さな十字路、自転車と車両の出合い頭の事故目立つ,https://www.kobe-np.co.jp/news/richb/202608/0020720647.shtml,https://www.kobe-np.co.jp/,ok,,
2026-08-22,2026-08-22T06:11:32.640340+09:00,地方紙,熊本,熊本日日新聞,一面の代田になって大空がつながっている八代平野(八代市)澤村 亙寛【伊藤一彦選】,https://kumanichi.com/articles/2027497,https://kumanichi.com/rss.xml,ok,,
2026-08-22,2026-08-22T06:11:32.640340+09:00,地方紙,熊本,熊本日日新聞,花合歓の川辺暮らしに老いにけり(大 江)大海 やを【正木ゆう子選】,https://kumanichi.com/articles/2027495,https://kumanichi.com/rss.xml,ok,,
2026-08-22,2026-08-22T06:11:32.640340+09:00,地方紙,熊本,熊本日日新聞,ずっと戦後非戦の誓い守り抜く(河内町)寺本タカコ【島田駱舟選】,https://kumanichi.com/articles/2027494,https://kumanichi.com/rss.xml,ok,,
2026-08-22,2026-08-22T06:11:32.640340+09:00,地方紙,熊本,熊本日日新聞,夏バテ 飲む点滴は泡の出る(八代市)廣野香代子【鳴神景勝選】,https://kumanichi.com/articles/2027492,https://kumanichi.com/rss.xml,ok,,
2026-08-22,2026-08-22T06:11:32.640340+09:00,地方紙,熊本,熊本日日新聞,虹(59号)【郷土雑誌】,https://kumanichi.com/articles/2027491,https://kumanichi.com/rss.xml,ok,,
2026-08-22,2026-08-22T06:11:32.640340+09:00,地方紙,熊本,熊本日日新聞,NY株反発、517ドル高,https://kumanichi.com/articles/2027751,https://kumanichi.com/rss.xml,ok,,
2026-08-22,2026-08-22T06:11:32.640340+09:00,地方紙,熊本,熊本日日新聞,為替相場 22日(日本時間 6時),https://kumanichi.com/articles/2027709,https://kumanichi.com/rss.xml,ok,,
2026-08-22,2026-08-22T06:11:32.640340+09:00,地方紙,熊本,熊本日日新聞,NY原油続伸、終値87ドル台,https://kumanichi.com/articles/2027752,https://kumanichi.com/rss.xml,ok,,
2026-08-22,2026-08-22T06:11:32.640340+09:00,地方紙,熊本,熊本日日新聞,商業施設攻撃で14人死亡,https://kumanichi.com/articles/2027750,https://kumanichi.com/rss.xml,ok,,
2026-08-22,2026-08-22T06:11:32.640340+09:00,地方紙,熊本,熊本日日新聞,NY株式 21日終値,https://kumanichi.com/articles/2027749,https://kumanichi.com/rss.xml,ok,,
2026-08-22,2026-08-22T06:11:32.640340+09:00,地方紙,鹿児島,南日本新聞,背筋力200キロの鹿児島市の中3力士、軽量ながらも日本一目指す 得意技はつり落とし今年の鹿児島は相撲が熱い。全国高校総体で鹿児島実業が日本一に輝いたのに続き、中学生も全国都道府県選手権で優勝を果たした。鹿児島クラブ(鹿児島市)に所属する坂元中3年の國本七詩(しいな)さんだ。軽量級(75キロ未満)に出場し、得意の「つり」から勝ち筋を見いだした。 東京・両国国技館で行われ、決勝は取り直しになる熱戦だった。相手に押し込まれても慌てず、下手で両まわしを取ってつり落とし、持ち前8月21日 16:30,https://373news.com/news/local/detail/238327/,https://373news.com/,ok,,local
2026-08-22,2026-08-22T06:11:32.640340+09:00,地方紙,鹿児島,南日本新聞,二日酔いで出勤したら同僚が気づいた...県警の70代任用職員が酒気帯び運転――前夜に焼酎、出勤前のチェック怠る8月22日 06:05,https://373news.com/news/local/detail/238379/,https://373news.com/,ok,,local
2026-08-22,2026-08-22T06:11:32.640340+09:00,地方紙,鹿児島,南日本新聞,県森連9年ぶり赤字 25年度 住宅販売、合板生産滞る8月22日 06:00,https://373news.com/news/local/detail/238383/,https://373news.com/,ok,,local
2026-08-22,2026-08-22T06:11:32.640340+09:00,地方紙,鹿児島,南日本新聞,同僚ベトナム人を切り付け――「刃物は使っていない」と否認していたが...検察は刃渡り23センチの包丁と判断、殺人未遂で起訴8月22日 06:00,https://373news.com/news/local/detail/238378/,https://373news.com/,ok,,local
2026-08-22,2026-08-22T06:11:32.640340+09:00,地方紙,鹿児島,南日本新聞,クリの実 青く丸く秋の訪れ 鹿児島市の都市農業センター8月22日 06:00,https://373news.com/news/local/detail/238375/,https://373news.com/,ok,,local
2026-08-22,2026-08-22T06:11:32.640340+09:00,地方紙,鹿児島,南日本新聞,入棺体験や遺影撮影にぎわう 鹿児島市でシニアなるほどゼミナール8月22日 06:00,https://373news.com/news/local/detail/238358/,https://373news.com/,ok,,local
2026-08-22,2026-08-22T06:11:32.640340+09:00,地方紙,鹿児島,南日本新聞,バス、市電「Payどん」OK 10月開始 鹿児島県内4金融機関と3交通事業者が合意8月21日 23:50,https://373news.com/news/local/detail/238382/,https://373news.com/,ok,,local
2026-08-22,2026-08-22T06:11:32.640340+09:00,地方紙,鹿児島,南日本新聞,屋久島の川にうつぶせ、69歳男性死亡――「職場に来ない」と届け出、捜索中の警察官が発見8月21日 23:18,https://373news.com/news/local/detail/238381/,https://373news.com/,ok,,local
2026-08-22,2026-08-22T06:11:32.640340+09:00,地方紙,鹿児島,南日本新聞,【全中体育大会】陸上女子200村田(ナンバーワンクラブ)優勝 柔道男子50キロ級永田(坊津学園)も頂点8月21日 22:33,https://373news.com/news/local/detail/238371/,https://373news.com/,ok,,local
2026-08-22,2026-08-22T06:11:32.640340+09:00,地方紙,鹿児島,南日本新聞,1熊本地震の「割れ残り」で地震が起きたら...鹿児島県内の死者最大210人――専門家「防災対策の材料にしてほしい」,https://373news.com/news/local/detail/238266/,https://373news.com/,ok,,local
2026-08-22,2026-08-22T06:11:32.640340+09:00,地方紙,鹿児島,南日本新聞,2高校生たちが見た「シンプルな線のすごさ」――鹿児島市立美術館のブルーナ展2万人突破、記念の来場者に図録と人形,https://373news.com/news/local/detail/238366/,https://373news.com/,ok,,local
2026-08-22,2026-08-22T06:11:32.640340+09:00,地方紙,鹿児島,南日本新聞,3女子トイレにスマホ...清掃時に発見、30代と70代女性を撮影した疑い――複数動画を確認、関連捜査 無職の男逮捕,https://373news.com/news/local/detail/238271/,https://373news.com/,ok,,local
2026-08-22,2026-08-22T06:11:32.640340+09:00,地方紙,鹿児島,南日本新聞,5釣り中の男性、海に転落し死亡 南大隅町佐多,https://373news.com/news/local/detail/238319/,https://373news.com/,ok,,local
2026-08-22,2026-08-22T06:11:32.640340+09:00,地方紙,鹿児島,南日本新聞,6指宿のホテルプールで溺死の遺族が検察審査会に申し立て,https://373news.com/news/local/detail/238323/,https://373news.com/,ok,,local
2026-08-22,2026-08-22T06:11:32.640340+09:00,地方紙,鹿児島,南日本新聞,8志布志市で女性が飼料運搬車にはねられ重体,https://373news.com/news/local/detail/238325/,https://373news.com/,ok,,local
2026-08-22,2026-08-22T06:11:32.640340+09:00,地方紙,鹿児島,南日本新聞,9面識ある女性宅からブランド品35万円相当盗んだ疑い――看護師の男、転売目的か 鹿屋署が逮捕,https://373news.com/news/local/detail/238315/,https://373news.com/,ok,,local
2026-08-22,2026-08-22T06:11:32.640340+09:00,地方紙,鹿児島,南日本新聞,10破袋機への転落防止措置怠った疑いで廃棄物処理業者役員を書類送検,https://373news.com/news/local/detail/238364/,https://373news.com/,ok,,local
2026-08-22,2026-08-22T06:11:32.640340+09:00,地方紙,鹿児島,南日本新聞,「暑くないから大丈夫」そう言い張る高齢の親...冷房をつけさせたいけど、どう声かけたらいいの?――鹿児島の看護師が教える「否定しない伝え方」は8月20日 11:30,https://373news.com/lineup/kotimina/detail/238277/,https://373news.com/,ok,,
2026-08-22,2026-08-22T06:11:32.640340+09:00,地方紙,鹿児島,南日本新聞,【独自】各省庁予算要求初の130兆円超 27年度、上限設けず異例の膨張8月21日 21:00,https://373news.com/news/national/detail/2026082101001436/,https://373news.com/,ok,,national
2026-08-22,2026-08-22T06:11:32.640340+09:00,地方紙,鹿児島,南日本新聞,富士山6合目に7歳男児置き去り 父親「8時間ここで待て」と命令8月21日 19:28,https://373news.com/news/national/detail/2026082101001371/,https://373news.com/,ok,,national
2026-08-22,2026-08-22T06:11:32.640340+09:00,地方紙,沖縄,沖縄タイムス,最低賃金、20府県が国の目安額を上回る 上乗せ競争は縮小傾向 沖縄など14県は審議中 共同通信の中間集計8月22日 5:05最低賃金最低賃金(時給)の2026年度改定額がまとまった33都道府県のうち20府県で、国が示した目安額を上回ったことが21日、共同通信の中間集計で分かった。上乗せした額の最大は福島の5円。,https://www.okinawatimes.co.jp/articles/-/1907225,https://www.okinawatimes.co.jp/,ok,,
2026-08-22,2026-08-22T06:11:32.640340+09:00,地方紙,沖縄,沖縄タイムス,27年度概算要求、初の130兆円超へ 成長投資枠に上限設けず 国債の利払い負担も急増4:44有料#政府,https://www.okinawatimes.co.jp/articles/-/1907226,https://www.okinawatimes.co.jp/,ok,,
2026-08-22,2026-08-22T06:11:32.640340+09:00,地方紙,沖縄,沖縄タイムス,普天間の「先行移転」に自民難色 維新方針に宜野湾市長は注視 知事選立候補予定者の見解は6:03有料#沖縄県知事選,https://www.okinawatimes.co.jp/articles/-/1907195,https://www.okinawatimes.co.jp/,ok,,
2026-08-22,2026-08-22T06:11:32.640340+09:00,地方紙,沖縄,沖縄タイムス,焼き肉・焼き鳥・油そば...グルメが集う商業施設 那覇市松山に「島風ちゃんぷるーヴィレッジ」オープン20:42有料#那覇市,https://www.okinawatimes.co.jp/articles/-/1907085,https://www.okinawatimes.co.jp/,ok,,
2026-08-22,2026-08-22T06:11:32.640340+09:00,地方紙,沖縄,沖縄タイムス,知事選公開討論会、台風接近で8月23日夜に前倒し 一般の入場・傍聴取りやめ5:26#沖縄県知事選,https://www.okinawatimes.co.jp/articles/-/1907229,https://www.okinawatimes.co.jp/,ok,,
2026-08-22,2026-08-22T06:11:32.640340+09:00,地方紙,沖縄,沖縄タイムス,北方領土周辺でロシアがミサイル演習 実効支配を誇示 日本政府が外交ルートで抗議5:36有料#ロシア,https://www.okinawatimes.co.jp/articles/-/1907227,https://www.okinawatimes.co.jp/,ok,,
2026-08-22,2026-08-22T06:11:32.640340+09:00,地方紙,沖縄,沖縄タイムス,南城市役所と那覇空港、バスで直結 来年1月末まで1日3往復19:04有料#南城市,https://www.okinawatimes.co.jp/articles/-/1907015,https://www.okinawatimes.co.jp/,ok,,
2026-08-22,2026-08-22T06:11:32.640340+09:00,地方紙,沖縄,沖縄タイムス,「頭から血を流した男性が倒れている」と通報 車内で死亡、拳銃のような物も 沖縄・名護市18:32#事件・事故,https://www.okinawatimes.co.jp/articles/-/1907009,https://www.okinawatimes.co.jp/,ok,,
2026-08-22,2026-08-22T06:11:32.640340+09:00,地方紙,沖縄,沖縄タイムス,「忘れれば同じ過ちを繰り返す」「何を守るため歩んできたのか」映画監督の西川美和さんが戦争孤児を描いた理由 「無力感じても思考捨てずに」社会倫理学者の川本隆史さんが今、ロールズから学ぶこととは...11:30有料#全国の社会,https://www.okinawatimes.co.jp/articles/-/1906744,https://www.okinawatimes.co.jp/,ok,,
2026-08-22,2026-08-22T06:11:32.640340+09:00,地方紙,沖縄,沖縄タイムス,まるちゃんが日焼けしているのである 沖縄の土産店でグッズ販売18:59#沖縄の経済,https://www.okinawatimes.co.jp/articles/-/1907016,https://www.okinawatimes.co.jp/,ok,,
2026-08-22,2026-08-22T06:11:32.640340+09:00,地方紙,沖縄,沖縄タイムス,台風18号、25~26日に沖縄直撃の恐れ 大東島は25日ごろ暴風警報の見込み 旧盆に影響か16:35#台風,https://www.okinawatimes.co.jp/articles/-/1906925,https://www.okinawatimes.co.jp/,ok,,
2026-08-22,2026-08-22T06:11:32.640340+09:00,地方紙,沖縄,沖縄タイムス,法の軽視が広がるのを危惧する7:01有料#香山リカてのひ...,https://www.okinawatimes.co.jp/articles/-/1906598,https://www.okinawatimes.co.jp/,ok,,
2026-08-22,2026-08-22T06:11:32.640340+09:00,地方紙,沖縄,沖縄タイムス,オキジム、創業家不在の新役員体制へ 入札不適切行為で親会社が刷新 再発防止策を公表10:52有料#沖縄の経済,https://www.okinawatimes.co.jp/articles/-/1906424,https://www.okinawatimes.co.jp/,ok,,
2026-08-22,2026-08-22T06:11:32.640340+09:00,地方紙,沖縄,沖縄タイムス,病室からVRで動物園に 若い長期入院患者に希望 全国30病院以上が連携10:33有料#プライムスペシャル,https://www.okinawatimes.co.jp/articles/-/1906694,https://www.okinawatimes.co.jp/,ok,,
2026-08-22,2026-08-22T06:11:32.640340+09:00,地方紙,沖縄,沖縄タイムス,【WEB限定】那覇のライブハウス「GIG昭和」閉店 沖縄のバンドを25年支えた店主が語る「一番の宝物」とは11:46#閉店情報,https://www.okinawatimes.co.jp/articles/-/1890389,https://www.okinawatimes.co.jp/,ok,,
2026-08-22,2026-08-22T06:11:32.640340+09:00,地方紙,沖縄,沖縄タイムス,為替相場 22日(日本時間 6時)6:00#為替,https://www.okinawatimes.co.jp/articles/-/1907300,https://www.okinawatimes.co.jp/,ok,,
2026-08-22,2026-08-22T06:11:32.640340+09:00,地方紙,沖縄,沖縄タイムス,半田滋 さんがコメント(8月20日 9:52),https://www.okinawatimes.co.jp/articles/-/1905670,https://www.okinawatimes.co.jp/,ok,,
2026-08-22,2026-08-22T06:11:32.640340+09:00,地方紙,沖縄,沖縄タイムス,仲座健太 さんがコメント(8月20日 9:23),https://www.okinawatimes.co.jp/articles/-/1905630,https://www.okinawatimes.co.jp/,ok,,
2026-08-22,2026-08-22T06:11:32.640340+09:00,全国紙,全国,産経新聞,兵庫・高砂市議選あす告示、20人以上が出馬へ準備,https://www.sankei.com/article/20260822-YTCVI4SIIFJQLCM3ZYHPWGRM5Y/,https://news.ceek.jp/search.cgi?category_id=politics&feed=1,ok,,政治
2026-08-22,2026-08-22T06:11:32.640340+09:00,全国紙,全国,産経新聞,高市日誌21日(金),https://www.sankei.com/article/20260822-IGPYCMUXYJJGHEFBN46P6DZNAM/,https://news.ceek.jp/search.cgi?category_id=politics&feed=1,ok,,政治
2026-08-22,2026-08-22T06:11:32.640340+09:00,全国紙,全国,読売新聞,創薬強化へ新興企業支援 厚労省、概算要求の重点に,https://www.yomiuri.co.jp/politics/20260821-GYT1T00433/,https://news.ceek.jp/search.cgi?category_id=politics&feed=1,ok,,政治
2026-08-22,2026-08-22T06:11:32.640340+09:00,全国紙,全国,日本経済新聞,高市早苗首相よ、ゆっくり急げ 大島理森元衆院議長が説く政治の王道,https://www.nikkei.com/article/DGXZQOUA145ZE0U6A710C2000000/,https://news.ceek.jp/search.cgi?category_id=politics&feed=1,ok,,政治
2026-08-22,2026-08-22T06:11:32.640340+09:00,全国紙,全国,日本経済新聞,ネット空間、新たな戦場に サイバー攻撃・偽情報で認知戦,https://www.nikkei.com/article/DGXZQOUA160UX0W6A610C2000000/,https://news.ceek.jp/search.cgi?category_id=politics&feed=1,ok,,政治
2026-08-22,2026-08-22T06:11:32.640340+09:00,全国紙,全国,読売新聞,[政策点検 高市政権 インタビュー]多極成長型の国家に 社保改革 着実に進める...日本維新の会代表 吉村洋文氏,https://www.yomiuri.co.jp/politics/20260821-GYT1T00434/,https://news.ceek.jp/search.cgi?category_id=politics&feed=1,ok,,政治
2026-08-22,2026-08-22T06:11:32.640340+09:00,全国紙,全国,読売新聞,木原氏 熊本支援に奔走 地震後初の地元入り 危機管理担当 復興へ指揮,https://www.yomiuri.co.jp/politics/20260821-GYT1T00437/,https://news.ceek.jp/search.cgi?category_id=politics&feed=1,ok,,政治
2026-08-22,2026-08-22T06:11:32.640340+09:00,全国紙,全国,読売新聞,低入札価格調査 導入38% 市区町村平均 安すぎる落札 防止,https://www.yomiuri.co.jp/politics/20260821-GYT1T00451/,https://news.ceek.jp/search.cgi?category_id=politics&feed=1,ok,,政治
2026-08-22,2026-08-22T06:11:32.640340+09:00,全国紙,全国,読売新聞,高市首相の一日(21日),https://www.yomiuri.co.jp/politics/20260822-GYT1T00011/,https://news.ceek.jp/search.cgi?category_id=politics&feed=1,ok,,政治
2026-08-22,2026-08-22T06:11:32.640340+09:00,全国紙,全国,読売新聞,衛星打ち上げ5年分管理 政府 ロケット投資を促進,https://www.yomiuri.co.jp/politics/20260822-GYT1T00013/,https://news.ceek.jp/search.cgi?category_id=politics&feed=1,ok,,政治
2026-08-22,2026-08-22T06:11:32.640340+09:00,全国紙,全国,産経新聞,外国人積極受け入れ、政府方針に異論も...参院選では争点化 深刻な人手不足の解消課題,https://www.sankei.com/article/20250821-SM547BMIK5KLFJS7PLMBUFQW5Y/,https://news.ceek.jp/search.cgi?category_id=politics&feed=1,ok,,政治
2026-08-22,2026-08-22T06:11:32.640340+09:00,全国紙,全国,毎日新聞,首相日々 21日,https://mainichi.jp/articles/20260822/ddm/012/010/028000c,https://news.ceek.jp/search.cgi?category_id=politics&feed=1,ok,,政治
2026-08-22,2026-08-22T06:11:32.640340+09:00,全国紙,全国,日本経済新聞,消費税減税・防衛費増額、財源探し10兆円規模 税収増頼みなら市場波及,https://www.nikkei.com/article/DGXZQOUA202DY0Q6A820C2000000/,https://news.ceek.jp/search.cgi?category_id=politics&feed=1,ok,,政治
2026-08-22,2026-08-22T06:11:32.640340+09:00,その他メディア,,Abema TIMES,"自民議員に“役職希望アンケート""高市総理初となる内閣改造 来月中下旬で調整",https://times.abema.tv/articles/-/10268510?page=1,https://news.ceek.jp/search.cgi?category_id=politics&feed=1,ok,,政治
2026-08-22,2026-08-22T06:11:32.640340+09:00,その他メディア,,フジテレビ,"残業“月45時間以内""一律指導見直しへ 連合会長「時間外労働を促しかねない」 働き方の変化・課題は",https://www.fnn.jp/articles/-/1099202,https://news.ceek.jp/search.cgi?category_id=politics&feed=1,ok,,政治
2026-08-22,2026-08-22T06:11:32.640340+09:00,その他メディア,,テレビ朝日,"自民議員に“役職希望アンケート""高市総理初となる内閣改造 来月中下旬で調整",https://news.tv-asahi.co.jp/news_politics/articles/900197661.html,https://news.ceek.jp/search.cgi?category_id=politics&feed=1,ok,,政治
2026-08-22,2026-08-22T06:11:32.640340+09:00,その他メディア,,フジテレビ,石破前総理 皇室典範の改正について「今の憲法と相当に合っていない部分がある」法的な議論が必要,https://www.fnn.jp/articles/-/1099194,https://news.ceek.jp/search.cgi?category_id=politics&feed=1,ok,,政治
2026-08-22,2026-08-22T06:11:32.640340+09:00,全国紙,全国,日本経済新聞,21日の高市首相の動静,https://www.nikkei.com/article/DGXZQOUA210HZ0R20C26A8000000/,https://news.ceek.jp/search.cgi?category_id=politics&feed=1,ok,,政治
2026-08-22,2026-08-22T06:11:32.640340+09:00,その他メディア,,時事通信,首相動静(8月21日),https://www.jiji.com/jc/article?k=2026082100206&g=pol,https://news.ceek.jp/search.cgi?category_id=politics&feed=1,ok,,政治
2026-08-22,2026-08-22T06:11:32.640340+09:00,全国紙,全国,日本経済新聞,防衛省、AI指揮統制へ政府クラウド導入 27年度概算要求,https://www.nikkei.com/article/DGXZQOUA2197X0R20C26A8000000/,https://news.ceek.jp/search.cgi?category_id=politics&feed=1,ok,,政治
2026-08-22,2026-08-22T06:11:32.640340+09:00,その他メディア,,テレビ朝日,私立学校の復旧に向け支援引き上げ 木原官房長官 熊本地震の被災地で表明,https://news.tv-asahi.co.jp/news_politics/articles/000527955.html,https://news.ceek.jp/search.cgi?category_id=politics&feed=1,ok,,政治
2026-08-22,2026-08-22T06:11:32.640340+09:00,その他メディア,,日本テレビ,石破前首相「反省せずに教訓を得られるのか」戦没者追悼式の式辞めぐり 高市首相は「反省」使わず,https://news.ntv.co.jp/category/politics/cd084c93e33644b1945a01183f94fc7b,https://news.ceek.jp/search.cgi?category_id=politics&feed=1,ok,,政治
2026-08-22,2026-08-22T06:11:32.640340+09:00,その他メディア,,フジテレビ,"「『決まりましたよ』と報道で知るみたいなことは是非ないように」起債許可団体に“転落""の兵庫県・斎藤知事 市長会・町長会の正副会長と意見交換 芦屋市長が“事前の協議""を念押し",https://www.fnn.jp/articles/-/1099175,https://news.ceek.jp/search.cgi?category_id=politics&feed=1,ok,,政治
2026-08-22,2026-08-22T06:11:32.640340+09:00,全国紙,全国,産経新聞,予算要求、初の130兆円超 令和9年度、投資枠上限なく 4年連続最大更新へ,https://www.sankei.com/article/20260821-QU4QNR7MFRPGBCLHI5M2ZMHMD4/,https://news.ceek.jp/search.cgi?category_id=politics&feed=1,ok,,政治
2026-08-22,2026-08-22T06:11:32.640340+09:00,その他メディア,,フジテレビ,「四島返還に至る交渉が一層困難な状況」北方領土周辺でロシアがミサイル演習...返還を求める大会で元島民らから切実な声_プーチン大統領の択捉島初訪問から1週間〈北海道〉,https://www.fnn.jp/articles/-/1099161,https://news.ceek.jp/search.cgi?category_id=politics&feed=1,ok,,政治
2026-08-22,2026-08-22T06:11:32.640340+09:00,全国紙,全国,産経新聞,中国、インドネシアと戦略対話 台湾統一の支持取り付けを主張 外務・防衛閣僚会合も開催,https://www.sankei.com/article/20260821-7BVCXP2U2FPPDC2F5JSDJJP73M/,https://news.ceek.jp/search.cgi?category_id=politics&feed=1,ok,,政治
2026-08-22,2026-08-22T06:11:32.640340+09:00,全国紙,全国,産経新聞,「怒り覚える一方的な判決」 中国憲法を盾に「自由」否定 香港裁判所が民主派2人断罪,https://www.sankei.com/article/20260821-XK4XAEK6BRJ7FNLN6Q5COHKLBY/,https://news.ceek.jp/search.cgi?category_id=politics&feed=1,ok,,政治
2026-08-22,2026-08-22T06:11:32.640340+09:00,全国紙,全国,日本経済新聞,北方領土訪問、対ロシア不作為の1週間 米国の出方みえず慎重姿勢,https://www.nikkei.com/article/DGXZQOUA193IT0Z10C26A8000000/,https://news.ceek.jp/search.cgi?category_id=politics&feed=1,ok,,政治
2026-08-22,2026-08-22T06:11:32.640340+09:00,全国紙,全国,読売新聞,千葉豪雨受け普通交付税87億円を繰り上げ交付...高市首相、冠水「アンダーパス」進入防止対策強化と周知求める,https://www.yomiuri.co.jp/politics/20260821-GYT1T00323/,https://news.ceek.jp/search.cgi?category_id=politics&feed=1,ok,,政治
2026-08-22,2026-08-22T06:11:32.640340+09:00,その他メディア,,共同通信,【速報】外務省がロシアのミサイル演習を受け抗議,https://www.47news.jp/14824531.html,https://news.ceek.jp/search.cgi?category_id=politics&feed=1,ok,,政治
2026-08-22,2026-08-22T06:11:32.640340+09:00,その他メディア,,テレビ朝日,高市総理「G7で最も低いインフレ率」 経済政策の効果をアピール 自身のSNSで,https://news.tv-asahi.co.jp/news_politics/articles/000527909.html,https://news.ceek.jp/search.cgi?category_id=politics&feed=1,ok,,政治
2026-08-22,2026-08-22T06:11:32.640340+09:00,その他メディア,,フジテレビ,【長野県誕生150年】ミセス藤澤涼架さん「離れて長野の素晴らしさ深く感じた」 4会場で記念イベント 著名人のメッセージや県歌「信濃の国」大合唱 長野と松本の「分断の解消」表現した踊りも「信州はひとつ」,https://www.fnn.jp/articles/-/1099128,https://news.ceek.jp/search.cgi?category_id=politics&feed=1,ok,,政治
2026-08-22,2026-08-22T06:11:32.640340+09:00,全国紙,全国,朝日新聞,内閣改造・党人事の検討本格化 焦点は幹事長 麻生氏との関係は,https://www.asahi.com/articles/ASV8P3FQBV8PUTFK005M.html,https://news.ceek.jp/search.cgi?category_id=politics&feed=1,ok,,政治
2026-08-22,2026-08-22T06:11:32.640340+09:00,その他メディア,,フジテレビ,泊食分離で経済波及効果に期待 福井県美浜町に70室以上コンテナ型ホテル 災害時には宿泊場所として活用へ 2027年11月オープン,https://www.fnn.jp/articles/-/1099106,https://news.ceek.jp/search.cgi?category_id=politics&feed=1,ok,,政治
2026-08-22,2026-08-22T06:11:32.640340+09:00,全国紙,全国,朝日新聞,約3億円モニュメント、蔵内議長「将来評価される」 隈研吾氏が協力,https://www.asahi.com/articles/ASV8P3399V8PTIPE00FM.html,https://news.ceek.jp/search.cgi?category_id=politics&feed=1,ok,,政治
2026-08-22,2026-08-22T06:11:32.640340+09:00,その他メディア,,フジテレビ,8月21日は福島県政150周年 水族館は子供が無料に! 宝飾店では記念小判を限定販売,https://www.fnn.jp/articles/-/1099084,https://news.ceek.jp/search.cgi?category_id=politics&feed=1,ok,,政治
2026-08-22,2026-08-22T06:11:32.640340+09:00,その他メディア,,フジテレビ,福島県がいまの形になって150年 8月21日は県民の日 記念式典で県民が未来への思い語る,https://www.fnn.jp/articles/-/1099082,https://news.ceek.jp/search.cgi?category_id=politics&feed=1,ok,,政治
2026-08-22,2026-08-22T06:11:32.640340+09:00,全国紙,全国,日本経済新聞,高市首相「国民の信頼なしに政治成り立たず」 中傷動画報道などへXで反論,https://www.nikkei.com/article/DGXZQOUA217G90R20C26A8000000/,https://news.ceek.jp/search.cgi?category_id=politics&feed=1,ok,,政治
2026-08-22,2026-08-22T06:11:32.640340+09:00,その他メディア,,日本テレビ,木原官房長官が熊本地震の被災地を視察 支援パッケージ策定に向け状況確認,https://news.ntv.co.jp/category/politics/648aa492324b4cd39fb1a2cdaa7d63c5,https://news.ceek.jp/search.cgi?category_id=politics&feed=1,ok,,政治
2026-08-22,2026-08-22T06:11:32.640340+09:00,その他メディア,,フジテレビ,"高市総理 熊本地震の“復興支援策パッケージ""を8月中に取りまとめへ 個人所有の井戸復旧も支援",https://www.fnn.jp/articles/-/1099013,https://news.ceek.jp/search.cgi?category_id=politics&feed=1,ok,,政治
2026-08-22,2026-08-22T06:11:32.640340+09:00,全国紙,全国,朝日新聞,外務省、27年度予算で1.2兆円を要求へ 和平調停の機能など強化,https://www.asahi.com/articles/ASV8P30ZNV8PUTFK00CM.html,https://news.ceek.jp/search.cgi?category_id=politics&feed=1,ok,,政治
2026-08-22,2026-08-22T06:11:32.640340+09:00,その他メディア,,フジテレビ,"「24年で初めて」異例の党議拘束で採決中止 密室劇を“告発県議""が激白 蔵内議長“辞職勧告""めぐる裏側 自民県議団の分裂に含み 福岡",https://www.fnn.jp/articles/-/1099088,https://news.ceek.jp/search.cgi?category_id=politics&feed=1,ok,,政治
2026-08-22,2026-08-22T06:11:32.640340+09:00,その他メディア,,テレビ朝日,高市総理が改めて疑惑を否定 「中傷動画」と「サナエトークン」についてX投稿,https://news.tv-asahi.co.jp/news_politics/articles/000527911.html,https://news.ceek.jp/search.cgi?category_id=politics&feed=1,ok,,政治
2026-08-22,2026-08-22T06:11:32.640340+09:00,全国紙,全国,日本経済新聞,「同盟・同志国と供給力確保を」 安保3文書会議の議事要旨公表,https://www.nikkei.com/article/DGXZQOUA2185Z0R20C26A8000000/,https://news.ceek.jp/search.cgi?category_id=politics&feed=1,ok,,政治
2026-08-22,2026-08-22T06:11:32.640340+09:00,その他メディア,,テレビ朝日,"「遮断機の設置も」高市総理が“アンダーパス対策""を指示 千葉豪雨を受け",https://news.tv-asahi.co.jp/news_politics/articles/000527919.html,https://news.ceek.jp/search.cgi?category_id=politics&feed=1,ok,,政治
2026-08-22,2026-08-22T06:11:32.640340+09:00,その他メディア,,フジテレビ,"“ドン""蔵内議長の辞職勧告案“潰し""の『党議拘束』 「動議!」舞台裏を“疑惑""告発県議が証言 【福岡発】",https://www.fnn.jp/articles/-/1098797,https://news.ceek.jp/search.cgi?category_id=politics&feed=1,ok,,政治
2026-08-22,2026-08-22T06:11:32.640340+09:00,その他メディア,,フジテレビ,「150歳おめでとう」 8月21日は山形・鶴岡・置賜3県合併の誕生日・現在の県域確定150周年 山形,https://www.fnn.jp/articles/-/1098982,https://news.ceek.jp/search.cgi?category_id=politics&feed=1,ok,,政治
2026-08-22,2026-08-22T06:11:32.640340+09:00,その他メディア,,フジテレビ,「福井アリーナ」建設事業者の公募開始を見送り 資材価格の高騰で仕様変更の可能性も 整備・所有会社「2028年秋完成には影響なし」,https://www.fnn.jp/articles/-/1098985,https://news.ceek.jp/search.cgi?category_id=politics&feed=1,ok,,政治
2026-08-22,2026-08-22T06:11:32.640340+09:00,その他メディア,,フジテレビ,トランプ政権がICC赤根所長らを制裁対象に 「権限を乱用している」イスラエル首相の逮捕状やで米兵らへの捜査に反発【日本の反応まとめ】,https://www.fnn.jp/articles/-/1098970,https://news.ceek.jp/search.cgi?category_id=politics&feed=1,ok,,政治
2026-08-22,2026-08-22T06:11:32.640340+09:00,全国紙,全国,産経新聞,自民・小林鷹之氏 パプアニューギニアなど太平洋島嶼国歴訪「特定国への依存高まる現実」,https://www.sankei.com/article/20260821-W7U4HEV5HJMH3AOROXYC6SCFYA/,https://news.ceek.jp/search.cgi?category_id=politics&feed=1,ok,,政治
2026-08-22,2026-08-22T06:11:32.640340+09:00,その他メディア,,フジテレビ,【判明】馬毛島整備に絡む自衛隊宿舎建設予定地 「市がゴミ処理費負担」西之表市が防衛省と覚書,https://www.fnn.jp/articles/-/1099030,https://news.ceek.jp/search.cgi?category_id=politics&feed=1,ok,,政治
2026-08-22,2026-08-22T06:11:32.640340+09:00,その他メディア,,デイリースポーツ,内閣改造、9月後半が有力,https://www.daily.co.jp/society/politics/2026/08/21/0020731487.shtml,https://news.ceek.jp/search.cgi?category_id=politics&feed=1,ok,,政治
2026-08-22,2026-08-22T06:11:32.640340+09:00,その他メディア,,共同通信,内閣改造、9月後半が有力 首相の訪米、国会日程踏まえ判断,https://www.47news.jp/14824053.html,https://news.ceek.jp/search.cgi?category_id=politics&feed=1,ok,,政治
2026-08-22,2026-08-22T06:11:32.640340+09:00,その他メディア,,フジテレビ,自民県議の緊急動議「納得できない」が75% 福岡県議会に関するTNC緊急世論調査 来春の統一地方選に「影響する」が約8割に,https://www.fnn.jp/articles/-/1098991,https://news.ceek.jp/search.cgi?category_id=politics&feed=1,ok,,政治
2026-08-22,2026-08-22T06:11:32.640340+09:00,その他メディア,,日本テレビ,"【解説】高市首相、来月に「内閣改造」へ...党員に役職希望アンケート ポイントは「麻生副総裁の協力取りつけ」と「総裁選ライバル“封じ込め""」",https://news.ntv.co.jp/category/politics/2bd88f383dfc40d7bd40c5cf521003ed,https://news.ceek.jp/search.cgi?category_id=politics&feed=1,ok,,政治
2026-08-22,2026-08-22T06:11:32.640340+09:00,全国紙,全国,日本経済新聞,被災井戸復旧に財政支援 熊本地震で高市首相,https://www.nikkei.com/article/DGXZQOUA217Z60R20C26A8000000/,https://news.ceek.jp/search.cgi?category_id=politics&feed=1,ok,,政治
2026-08-22,2026-08-22T06:11:32.640340+09:00,その他メディア,,デイリースポーツ,外務予算1・2兆円要求,https://www.daily.co.jp/society/politics/2026/08/21/0020731292.shtml,https://news.ceek.jp/search.cgi?category_id=politics&feed=1,ok,,政治
2026-08-22,2026-08-22T06:11:32.640340+09:00,全国紙,全国,毎日新聞,外務省は1.2兆円要求へ ソフトパワー外交強化 27年度予算,https://mainichi.jp/articles/20260821/k00/00m/010/229000c,https://news.ceek.jp/search.cgi?category_id=politics&feed=1,ok,,政治
2026-08-22,2026-08-22T06:11:32.640340+09:00,その他メディア,,共同通信,外務予算1.2兆円要求 ODAの安保活用推進,https://www.47news.jp/14823921.html,https://news.ceek.jp/search.cgi?category_id=politics&feed=1,ok,,政治
2026-08-22,2026-08-22T06:11:32.640340+09:00,全国紙,全国,日本経済新聞,交付税87億円繰り上げ 千葉豪雨で22市町に,https://www.nikkei.com/article/DGXZQOUA217Z00R20C26A8000000/,https://news.ceek.jp/search.cgi?category_id=politics&feed=1,ok,,政治
2026-08-22,2026-08-22T06:11:32.640340+09:00,全国紙,全国,産経新聞,高市首相Xで「民、信無くんば立たず」 論語引用し、中傷動画・サナエトークン疑惑を否定,https://www.sankei.com/article/20260821-ZVPOTAU2WZJWRJOGOFI27SRNFE/,https://news.ceek.jp/search.cgi?category_id=politics&feed=1,ok,,政治
2026-08-22,2026-08-22T06:11:32.640340+09:00,全国紙,全国,日本経済新聞,化学テロの原因物質、警察が消防・病院へ即時共有 政府計画,https://www.nikkei.com/article/DGXZQOUA20AC20Q6A820C2000000/,https://news.ceek.jp/search.cgi?category_id=politics&feed=1,ok,,政治
2026-08-22,2026-08-22T06:11:32.640340+09:00,全国紙,全国,産経新聞,危ない芸術家たちの夏休み 香港の3人が日本で語った思い,https://www.sankei.com/article/20260821-4DHA3QSRLBKVNOTFKJRMQAXDTY/,https://news.ceek.jp/search.cgi?category_id=politics&feed=1,ok,,政治
2026-08-22,2026-08-22T06:11:32.640340+09:00,その他メディア,,フジテレビ,"「批判は覚悟の上」も「信なくば立たず」 X投稿に見る高市総理の“もやもや"" 追及を受けた疑惑を自ら取り上げ",https://www.fnn.jp/articles/-/1098924,https://news.ceek.jp/search.cgi?category_id=politics&feed=1,ok,,政治
2026-08-22,2026-08-22T06:11:32.640340+09:00,全国紙,全国,産経新聞,天安門事件の追悼集会で有罪判決 香港民主活動家ら「一党独裁終結」要求は国安法違反,https://www.sankei.com/article/20260821-NH45TCB5NFNKHHJBQCDCPJB5XA/,https://news.ceek.jp/search.cgi?category_id=politics&feed=1,ok,,政治
2026-08-22,2026-08-22T06:11:32.640340+09:00,その他メディア,,共同通信,【速報】内閣改造、9月後半の実施が有力,https://www.47news.jp/14823812.html,https://news.ceek.jp/search.cgi?category_id=politics&feed=1,ok,,政治
2026-08-22,2026-08-22T06:11:32.640340+09:00,その他メディア,,共同通信,「対決より解決」に相違 国民代表選立候補の2氏,https://www.47news.jp/14823686.html,https://news.ceek.jp/search.cgi?category_id=politics&feed=1,ok,,政治
2026-08-22,2026-08-22T06:11:32.640340+09:00,その他メディア,,日本テレビ,熊本地震で打撃の観光業支援...代金割引など「九州応援割」実施へ,https://news.ntv.co.jp/category/politics/b957a450bd0d49ec8ad7bf8ab775bdd9,https://news.ceek.jp/search.cgi?category_id=politics&feed=1,ok,,政治
2026-08-22,2026-08-22T06:11:32.640340+09:00,その他メディア,,共同通信,【速報】外務省、27年度予算に1.2兆円要求へ,https://www.47news.jp/14823696.html,https://news.ceek.jp/search.cgi?category_id=politics&feed=1,ok,,政治
2026-08-22,2026-08-22T06:11:32.640340+09:00,全国紙,全国,産経新聞,中国「不当拘束はない」と米認定に反発 拘束米国人は「国家安全脅かす活動に従事」と主張,https://www.sankei.com/article/20260821-WXODBHWUJZIFPLSGXGTBG4GCUI/,https://news.ceek.jp/search.cgi?category_id=politics&feed=1,ok,,政治
2026-08-22,2026-08-22T06:11:32.640340+09:00,その他メディア,,デイリースポーツ,「対決より解決」に相違,https://www.daily.co.jp/society/politics/2026/08/21/0020731144.shtml,https://news.ceek.jp/search.cgi?category_id=politics&feed=1,ok,,政治
2026-08-22,2026-08-22T06:11:32.640340+09:00,全国紙,全国,産経新聞,国民民主代表選、22日告示 玉木氏と若手・橋本氏 連立への距離と〝玉木商店〟脱却焦点,https://www.sankei.com/article/20260821-VUFRQC3HGNNA3LE7KLUACUPXEY/,https://news.ceek.jp/search.cgi?category_id=politics&feed=1,ok,,政治
2026-08-22,2026-08-22T06:11:32.640340+09:00,全国紙,全国,毎日新聞,訪問した韓国で実感した日韓関係の重要性 相互理解深化を,https://mainichi.jp/articles/20260821/k00/00m/010/070000c,https://news.ceek.jp/search.cgi?category_id=politics&feed=1,ok,,政治
2026-08-22,2026-08-22T06:11:32.640340+09:00,全国紙,全国,産経新聞,生成AIサービスで「非弁行為」の線引き明示 リーガルテック巡り法務省が新たな指針,https://www.sankei.com/article/20260821-F3IIQSARMFNXZJNLPTOJH4Q57Y/,https://news.ceek.jp/search.cgi?category_id=politics&feed=1,ok,,政治
2026-08-22,2026-08-22T06:11:32.640340+09:00,その他メディア,,デイリースポーツ,海外製AI依存にリスク、政府,https://www.daily.co.jp/society/politics/2026/08/21/0020730998.shtml,https://news.ceek.jp/search.cgi?category_id=politics&feed=1,ok,,政治
2026-08-22,2026-08-22T06:11:32.640340+09:00,その他メディア,,共同通信,海外製AI依存にリスク、政府 安保3文書改定、有識者議事要旨,https://www.47news.jp/14823435.html,https://news.ceek.jp/search.cgi?category_id=politics&feed=1,ok,,政治
2026-08-22,2026-08-22T06:11:32.640340+09:00,全国紙,全国,毎日新聞,日本、ホルムズ海峡開放見据え湾岸諸国を支援へ 原油輸入は激減,https://mainichi.jp/articles/20260821/k00/00m/010/186000c,https://news.ceek.jp/search.cgi?category_id=politics&feed=1,ok,,政治
2026-08-22,2026-08-22T06:11:32.640340+09:00,その他メディア,,共同通信,交付税87億円を繰り上げ 千葉豪雨で22市町に,https://www.47news.jp/14823371.html,https://news.ceek.jp/search.cgi?category_id=politics&feed=1,ok,,政治
2026-08-22,2026-08-22T06:11:32.640340+09:00,その他メディア,,デイリースポーツ,交付税87億円を繰り上げ,https://www.daily.co.jp/society/politics/2026/08/21/0020730965.shtml,https://news.ceek.jp/search.cgi?category_id=politics&feed=1,ok,,政治
2026-08-22,2026-08-22T06:11:32.640340+09:00,全国紙,全国,毎日新聞,中道・小川代表、3党合流に「最後まで死力尽くす」 意欲強調,https://mainichi.jp/articles/20260821/k00/00m/010/188000c,https://news.ceek.jp/search.cgi?category_id=politics&feed=1,ok,,政治
2026-08-22,2026-08-22T06:11:32.640340+09:00,全国紙,全国,日本経済新聞,国民民主・玉木氏、減税2年限定「賛成できず」 橋本氏と代表選争う,https://www.nikkei.com/article/DGXZQOUA2013W0Q6A820C2000000/,https://news.ceek.jp/search.cgi?category_id=politics&feed=1,ok,,政治
2026-08-22,2026-08-22T06:11:32.640340+09:00,全国紙,全国,毎日新聞,鈴木宗男氏、駐露大使を批判 プーチン氏の北方領土訪問巡り,https://mainichi.jp/articles/20260821/k00/00m/010/182000c,https://news.ceek.jp/search.cgi?category_id=politics&feed=1,ok,,政治
2026-08-22,2026-08-22T06:11:32.640340+09:00,その他メディア,,共同通信,【速報】千葉豪雨、交付税87億円繰り上げと首相,https://www.47news.jp/14823310.html,https://news.ceek.jp/search.cgi?category_id=politics&feed=1,ok,,政治
2026-08-22,2026-08-22T06:11:32.640340+09:00,その他メディア,,テレビ朝日,公明・西田幹事長「衆参両院の国政政党を」 中道・立憲との3党合流,https://news.tv-asahi.co.jp/news_politics/articles/000527782.html,https://news.ceek.jp/search.cgi?category_id=politics&feed=1,ok,,政治
2026-08-22,2026-08-22T06:11:32.640340+09:00,全国紙,全国,毎日新聞,行き詰まる核軍縮・管理の枠組み 日本主導の会合も広がらず,https://mainichi.jp/articles/20260819/k00/00m/010/120000c,https://news.ceek.jp/search.cgi?category_id=politics&feed=1,ok,,政治
2026-08-22,2026-08-22T06:11:32.640340+09:00,その他メディア,,日刊工業新聞,加藤製作所が発売、操作性高めた油圧ショベルの性能,https://newswitch.jp/p/50028,https://news.ceek.jp/search.cgi?category_id=business&feed=1,ok,,経済
2026-08-22,2026-08-22T06:11:32.640340+09:00,その他メディア,,デイリースポーツ,NY株反発、517ドル高,https://www.daily.co.jp/society/economics/2026/08/22/0020733467.shtml,https://news.ceek.jp/search.cgi?category_id=business&feed=1,ok,,経済
2026-08-22,2026-08-22T06:11:32.640340+09:00,その他メディア,,デイリースポーツ,NY原油続伸、終値87ドル台,https://www.daily.co.jp/society/economics/2026/08/22/0020733470.shtml,https://news.ceek.jp/search.cgi?category_id=business&feed=1,ok,,経済
2026-08-22,2026-08-22T06:11:32.640340+09:00,その他メディア,,日刊工業新聞,振り袖は「買う」より「借りる」...やしまグループ、レンタル契約16%増,https://newswitch.jp/p/50069,https://news.ceek.jp/search.cgi?category_id=business&feed=1,ok,,経済
2026-08-22,2026-08-22T06:11:32.640340+09:00,その他メディア,,TBSテレビ,来年度予算要求総額 初の130兆円超へ 金利上昇で「国債費」は過去最大36兆円台に膨らむ見通し,https://newsdig.tbs.co.jp/articles/-/2889355?display=1,https://news.ceek.jp/search.cgi?category_id=business&feed=1,ok,,経済
2026-08-22,2026-08-22T06:11:32.640340+09:00,全国紙,全国,日本経済新聞,シカゴ日本株先物概況・21日 日経平均先物は330円高の6万5915円,https://www.nikkei.com/article/DGXZQOFL220090S6A820C2000000/,https://news.ceek.jp/search.cgi?category_id=business&feed=1,ok,,経済
2026-08-22,2026-08-22T06:11:32.640340+09:00,その他メディア,,共同通信,為替相場 22日(日本時間 5時),https://www.47news.jp/14825459.html,https://news.ceek.jp/search.cgi?category_id=business&feed=1,ok,,経済
2026-08-22,2026-08-22T06:11:32.640340+09:00,その他メディア,,現代ビジネス,西武はなぜ、今年生誕100年の「としまえん」を手放したのか...跡地の「ハリポタ施設」に込められた沿線戦略,https://gendai.media/articles/-/170240,https://news.ceek.jp/search.cgi?category_id=business&feed=1,ok,,経済
2026-08-22,2026-08-22T06:11:32.640340+09:00,その他メディア,,現代ビジネス,即完売だったチケットが、いまや余裕で予約可能に...開業から3年、としまえん跡地の「ハリー・ポッター施設」で何が起きているのか,https://gendai.media/articles/-/170241,https://news.ceek.jp/search.cgi?category_id=business&feed=1,ok,,経済
2026-08-22,2026-08-22T06:11:32.640340+09:00,全国紙,全国,読売新聞,経産省 ラピダス1500億円追加出資へ,https://www.yomiuri.co.jp/economy/20260821-GYT1T00456/,https://news.ceek.jp/search.cgi?category_id=business&feed=1,ok,,経済
2026-08-22,2026-08-22T06:11:32.640340+09:00,全国紙,全国,読売新聞,水没車 迅速に損害査定 千葉豪雨で損保 1か所に集約・位置情報活用,https://www.yomiuri.co.jp/economy/20260821-GYT1T00457/,https://news.ceek.jp/search.cgi?category_id=business&feed=1,ok,,経済
2026-08-22,2026-08-22T06:11:32.640340+09:00,全国紙,全国,読売新聞,子ども預金 金利上乗せ SBI新生銀 年21・3% 上限60万円...17歳以下定期 NISA狙い,https://www.yomiuri.co.jp/economy/20260821-GYT1T00459/,https://news.ceek.jp/search.cgi?category_id=business&feed=1,ok,,経済
2026-08-22,2026-08-22T06:11:32.640340+09:00,全国紙,全国,読売新聞,[フカヨミ]家電販売サバイバル<上>背水の「メガ量販」...ヤマダ・エディオン統合 ネット通販に対抗,https://www.yomiuri.co.jp/economy/20260821-GYT1T00460/,https://news.ceek.jp/search.cgi?category_id=business&feed=1,ok,,経済
2026-08-22,2026-08-22T06:11:32.640340+09:00,全国紙,全国,読売新聞,ODA 安保活用強化へ 海上交通安定など 外務省要求1・2兆円,https://www.yomiuri.co.jp/economy/20260822-GYT1T00012/,https://news.ceek.jp/search.cgi?category_id=business&feed=1,ok,,経済
2026-08-22,2026-08-22T06:11:32.640340+09:00,全国紙,全国,日本経済新聞,静岡のわさび漬け、湧水が育む辛み 伝統支える酒どころ,https://www.nikkei.com/article/DGXZQOCC121XJ0S6A810C2000000/,https://news.ceek.jp/search.cgi?category_id=business&feed=1,ok,,経済
2026-08-22,2026-08-22T06:11:32.640340+09:00,全国紙,全国,日本経済新聞,常温・常圧で水素輸送 東京大学やアイシンなどが実証実験に成功,https://www.nikkei.com/article/DGXZQOSG049XF0U6A600C2000000/,https://news.ceek.jp/search.cgi?category_id=business&feed=1,ok,,経済
2026-08-22,2026-08-22T06:11:32.640340+09:00,全国紙,全国,日本経済新聞,MBO実施のマンダム西村社長「短期志向では企業の未来描きづらく」,https://www.nikkei.com/article/DGXZQOUB1508J0V10C26A7000000/,https://news.ceek.jp/search.cgi?category_id=business&feed=1,ok,,経済
2026-08-22,2026-08-22T06:11:32.640340+09:00,全国紙,全国,日本経済新聞,再び減る世界の原油在庫 長引くホルムズ封鎖、頼みの米も余力しぼむ,https://www.nikkei.com/article/DGXZQOUB205GQ0Q6A820C2000000/,https://news.ceek.jp/search.cgi?category_id=business&feed=1,ok,,経済
2026-08-22,2026-08-22T06:11:32.640340+09:00,全国紙,全国,日本経済新聞,新リース会計、証券の「自己資本」に飛び火リスク 金融庁が制度改正,https://www.nikkei.com/article/DGXZQOUB20A550Q6A820C2000000/,https://news.ceek.jp/search.cgi?category_id=business&feed=1,ok,,経済
2026-08-22,2026-08-22T06:11:32.640340+09:00,全国紙,全国,日本経済新聞,楽天G株が軟調、回線借り入れ縮小に懸念 自前投資も難路,https://www.nikkei.com/article/DGXZQOUB216CY0R20C26A8000000/,https://news.ceek.jp/search.cgi?category_id=business&feed=1,ok,,経済
2026-08-22,2026-08-22T06:11:32.640340+09:00,全国紙,全国,日本経済新聞,JAL「マイル修行」は一生涯 ガスや自社株、上級会員へ暮らし丸ごと,https://www.nikkei.com/article/DGXZQOUC041GS0U6A800C2000000/,https://news.ceek.jp/search.cgi?category_id=business&feed=1,ok,,経済
2026-08-22,2026-08-22T06:11:32.640340+09:00,全国紙,全国,日本経済新聞,電力会社切り替え、電気代高騰でも「考えず」9割超 面倒さが障壁に,https://www.nikkei.com/article/DGXZQOUC06BED0W6A800C2000000/,https://news.ceek.jp/search.cgi?category_id=business&feed=1,ok,,経済
2026-08-22,2026-08-22T06:11:32.640340+09:00,全国紙,全国,日本経済新聞,操業50年超のルネサス熊本工場、被災後7日で復旧 生きた3.11の教訓,https://www.nikkei.com/article/DGXZQOUC125CL0S6A810C2000000/,https://news.ceek.jp/search.cgi?category_id=business&feed=1,ok,,経済
2026-08-22,2026-08-22T06:11:32.640340+09:00,全国紙,全国,日本経済新聞,重み増す特別委員会 価格かシナジーか、黒子が支えるM&Aの公平性,https://www.nikkei.com/article/DGXZQOUC158BI0V10C26A7000000/,https://news.ceek.jp/search.cgi?category_id=business&feed=1,ok,,経済
2026-08-22,2026-08-22T06:11:32.640340+09:00,全国紙,全国,日本経済新聞,日本発ストリート系、新興勢が台頭 機能・デザイン性でファン拡大,https://www.nikkei.com/article/DGXZQOUC169HE0W6A710C2000000/,https://news.ceek.jp/search.cgi?category_id=business&feed=1,ok,,経済
2026-08-22,2026-08-22T06:11:32.640340+09:00,全国紙,全国,日本経済新聞,パソナ、高齢者の災害避難計画を支援 誘導する住民とマッチングも,https://www.nikkei.com/article/DGXZQOUC1816U0Y6A810C2000000/,https://news.ceek.jp/search.cgi?category_id=business&feed=1,ok,,経済
2026-08-22,2026-08-22T06:11:32.640340+09:00,全国紙,全国,日本経済新聞,中国EV「狂った木曜日」が示す消耗戦 BYD憂う悲惨な競争,https://www.nikkei.com/article/DGXZQOUC205IL0Q6A820C2000000/,https://news.ceek.jp/search.cgi?category_id=business&feed=1,ok,,経済
2026-08-22,2026-08-22T06:11:32.640340+09:00,全国紙,全国,日本経済新聞,8月10〜21日 スタートアップ資金調達まとめ読み,https://www.nikkei.com/article/DGXZQOUC217V30R20C26A8000000/,https://news.ceek.jp/search.cgi?category_id=business&feed=1,ok,,経済
2026-08-22,2026-08-22T06:11:32.640340+09:00,全国紙,全国,読売新聞,ドコモ銀初任給40万円に 28年春,https://www.yomiuri.co.jp/economy/20260821-GYT1T00455/,https://news.ceek.jp/search.cgi?category_id=business&feed=1,ok,,経済
2026-08-22,2026-08-22T06:11:32.640340+09:00,全国紙,全国,読売新聞,市場 米財政再建迫る 長期金利再上昇 「介入」効果 1日で剥落,https://www.yomiuri.co.jp/economy/20260822-GYT1T00015/,https://news.ceek.jp/search.cgi?category_id=business&feed=1,ok,,経済
2026-08-22,2026-08-22T06:11:32.640340+09:00,その他メディア,,WEDGE Infinity,エスコンフィールド誕生のキーマン2人が語る!スタジアムの魅力と可能性,https://wedge.ismedia.jp/articles/-/40967,https://news.ceek.jp/search.cgi?category_id=business&feed=1,ok,,経済
2026-08-22,2026-08-22T06:11:32.640340+09:00,その他メディア,,日本金融通信,「全行合算で前年比2.84ポイント改善」全国銀行のOHR(26年3月期)【金融ジャーナル26年8月号】,https://www.nikkinonline.com/article/416990,https://news.ceek.jp/search.cgi?category_id=business&feed=1,ok,,経済
2026-08-22,2026-08-22T06:11:32.640340+09:00,その他メディア,,日本金融通信,Vol.23(最終回) 「採用」だけではない、「協業」における新たなアルムナイ活用の可能性,https://www.nikkinonline.com/article/411635,https://news.ceek.jp/search.cgi?category_id=business&feed=1,ok,,経済
2026-08-22,2026-08-22T06:11:32.640340+09:00,その他メディア,,日本金融通信,金融庁、不動産融資の監視継続 越境貸出増加で,https://www.nikkinonline.com/article/417203,https://news.ceek.jp/search.cgi?category_id=business&feed=1,ok,,経済
2026-08-22,2026-08-22T06:11:32.640340+09:00,その他メディア,,日本金融通信,信金、リスクベース監査移行に壁 高度化へ情報共有進む,https://www.nikkinonline.com/article/417730,https://news.ceek.jp/search.cgi?category_id=business&feed=1,ok,,経済
2026-08-22,2026-08-22T06:11:32.640340+09:00,その他メディア,,日本金融通信,山陰合同銀、花火大会存続へ行員奔走 私募債使った寄付に20社が賛同,https://www.nikkinonline.com/article/417070,https://news.ceek.jp/search.cgi?category_id=business&feed=1,ok,,経済
2026-08-22,2026-08-22T06:11:32.640340+09:00,その他メディア,,日本金融通信,静岡ミライ共創財団理事長、解決策を共に考える,https://www.nikkinonline.com/article/417560,https://news.ceek.jp/search.cgi?category_id=business&feed=1,ok,,経済
2026-08-22,2026-08-22T06:11:32.640340+09:00,その他メディア,,東洋経済オンライン,「赤い電車」名鉄、パノラマカー全盛期の記憶 流線形の旧型から気動車まで「何でもあり」のバラエティ | ビジネス,https://toyokeizai.net/articles/-/955402?display=b,https://news.ceek.jp/search.cgi?category_id=business&feed=1,ok,,経済
2026-08-22,2026-08-22T06:11:32.640340+09:00,その他メディア,,日本金融通信,ちょっと一言 KAERU代表取締役 岡田知拓さん,https://www.nikkinonline.com/article/416606,https://news.ceek.jp/search.cgi?category_id=business&feed=1,ok,,経済
2026-08-22,2026-08-22T06:11:32.640340+09:00,全国紙,全国,日本経済新聞,レゾナックCFO、AI追い風の半導体材料「需要鈍化の兆しない」,https://www.nikkei.com/article/DGXZQOUB1416L0U6A810C2000000/,https://news.ceek.jp/search.cgi?category_id=business&feed=1,ok,,経済
2026-08-22,2026-08-22T06:11:32.640340+09:00,全国紙,全国,日本経済新聞,住信SBI銀行が「ドコモの銀行」に 最大4.5%還元キャンペーンも,https://www.nikkei.com/article/DGXZQOUB190PP0Z10C26A8000000/,https://news.ceek.jp/search.cgi?category_id=business&feed=1,ok,,経済
2026-08-22,2026-08-22T06:11:32.640340+09:00,全国紙,全国,日本経済新聞,円相場再び160円視野、日米中銀幹部が講演へ 日経平均は上値重く,https://www.nikkei.com/article/DGXZQOUB2152J0R20C26A8000000/,https://news.ceek.jp/search.cgi?category_id=business&feed=1,ok,,経済
2026-08-22,2026-08-22T06:11:32.640340+09:00,全国紙,全国,日本経済新聞,住宅新築もう増えない、中古修繕にも難 立地や資金計画の再考必要に,https://www.nikkei.com/article/DGXZQOUB259ZZ0V20C26A6000000/,https://news.ceek.jp/search.cgi?category_id=business&feed=1,ok,,経済
2026-08-22,2026-08-22T06:11:32.640340+09:00,全国紙,全国,日本経済新聞,ビットコイン一時7万9450ドル、週間で2割強上昇 ドル安の受け皿に,https://www.nikkei.com/article/DGXZQOGN21AV00R20C26A8000000/,https://news.ceek.jp/search.cgi?category_id=business&feed=1,ok,,経済
2026-08-22,2026-08-22T06:11:32.640340+09:00,全国紙,全国,日本経済新聞,米国の製造業に戦費特需、ミサイルや車両 テック投資偏重に変化,https://www.nikkei.com/article/DGXZQOGN180PH0Y6A810C2000000/,https://news.ceek.jp/search.cgi?category_id=business&feed=1,ok,,経済
2026-08-22,2026-08-22T06:11:32.640340+09:00,その他メディア,,共同通信,為替相場 22日(日本時間 2時),https://www.47news.jp/14820039.html,https://news.ceek.jp/search.cgi?category_id=business&feed=1,ok,,経済
2026-08-22,2026-08-22T06:11:32.640340+09:00,全国紙,全国,日本経済新聞,アドビが育むクリエーター交流圏 「孤独あるある」越えコラボへ,https://www.nikkei.com/article/DGXZQOCD060WH0W6A700C2000000/,https://news.ceek.jp/search.cgi?category_id=business&feed=1,ok,,経済
2026-08-22,2026-08-22T06:11:32.640340+09:00,全国紙,全国,日本経済新聞,社会的な孤立を防ぐ地域のつながり,https://www.nikkei.com/article/DGXZQOSG130R20T10C26A8000000/,https://news.ceek.jp/search.cgi?category_id=business&feed=1,ok,,経済
2026-08-22,2026-08-22T06:11:32.640340+09:00,全国紙,全国,日本経済新聞,進化するオンライン診療 看護師立ち会い、地域医療の持続性高める,https://www.nikkei.com/article/DGXZQOUA129770S6A810C2000000/,https://news.ceek.jp/search.cgi?category_id=business&feed=1,ok,,経済
2026-08-22,2026-08-22T06:11:32.640340+09:00,全国紙,全国,日本経済新聞,「オルカン一択」再検討の時,https://www.nikkei.com/article/DGXZQOUB19ATP0Z10C26A8000000/,https://news.ceek.jp/search.cgi?category_id=business&feed=1,ok,,経済
2026-08-22,2026-08-22T06:11:32.640340+09:00,全国紙,全国,日本経済新聞,プロジェクトを導く人「遅延発生。元に戻すは問題解決にあらず」,https://www.nikkei.com/article/DGXZQOUC020Z70S6A700C2000000/,https://news.ceek.jp/search.cgi?category_id=business&feed=1,ok,,経済
2026-08-22,2026-08-22T06:11:32.640340+09:00,全国紙,全国,日本経済新聞,アサヒスーパードライ、「冷凍庫に3分」話題 酷暑で変貌ビール系市場,https://www.nikkei.com/article/DGXZQOUC030HN0T00C26A8000000/,https://news.ceek.jp/search.cgi?category_id=business&feed=1,ok,,経済
2026-08-22,2026-08-22T06:11:32.640340+09:00,全国紙,全国,日本経済新聞,コロワイドが社内で異文化フェス 伝言ゲームや民族衣装で満足度9割超,https://www.nikkei.com/article/DGXZQOUC03B1N0T00C26A6000000/,https://news.ceek.jp/search.cgi?category_id=business&feed=1,ok,,経済
2026-08-22,2026-08-22T06:11:32.640340+09:00,全国紙,全国,日本経済新聞,AIの旗手Google、折り畳みスマホでは時流乗れず? Pixel11発売,https://www.nikkei.com/article/DGXZQOUC210P40R20C26A8000000/,https://news.ceek.jp/search.cgi?category_id=business&feed=1,ok,,経済
2026-08-22,2026-08-22T06:11:32.640340+09:00,全国紙,全国,日本経済新聞,「ヨード卵」誕生50年 日本農産工業、鮮度・固定価格でブランドに,https://www.nikkei.com/article/DGXZQOUC23B380T20C26A7000000/,https://news.ceek.jp/search.cgi?category_id=business&feed=1,ok,,経済
2026-08-22,2026-08-22T06:11:32.640340+09:00,全国紙,全国,日本経済新聞,カトラリーの山崎金属工業、脱・黒子でノーベル賞晩餐会やカレースプーンへ,https://www.nikkei.com/article/DGXZQOUC292KU0Z20C26A7000000/,https://news.ceek.jp/search.cgi?category_id=business&feed=1,ok,,経済
2026-08-22,2026-08-22T06:11:32.640340+09:00,全国紙,全国,日本経済新聞,遠藤定男氏が死去 元キユーピー流通システム(現キユーソー流通システム)社長,https://www.nikkei.com/article/DGXZQOUD217320R20C26A8000000/,https://news.ceek.jp/search.cgi?category_id=business&feed=1,ok,,経済
2026-08-22,2026-08-22T06:11:32.640340+09:00,全国紙,全国,日本経済新聞,多摩・大阪・沖縄など都市モノレール5社、25年度輸送人員が最高に,https://www.nikkei.com/article/DGXZQOCC2895X0Y6A420C2000000/,https://news.ceek.jp/search.cgi?category_id=business&feed=1,ok,,経済
2026-08-22,2026-08-22T06:11:32.640340+09:00,全国紙,全国,日本経済新聞,味噌カツ、手羽先...名古屋メシで訪日客つかめ アジア大会機に観光振興,https://www.nikkei.com/article/DGXZQOFD190XP0Z10C26A8000000/,https://news.ceek.jp/search.cgi?category_id=business&feed=1,ok,,経済
2026-08-22,2026-08-22T06:11:32.640340+09:00,全国紙,全国,日本経済新聞,タカラスタンダード、長野の展示施設を移転・刷新 リフォーム客狙う,https://www.nikkei.com/article/DGXZQOUF212920R20C26A8000000/,https://news.ceek.jp/search.cgi?category_id=business&feed=1,ok,,経済
2026-08-22,2026-08-22T06:11:32.640340+09:00,全国紙,全国,日本経済新聞,高速バス利用者、熊本地震後は最大16%減 西鉄が発表,https://www.nikkei.com/article/DGXZQOJC216R60R20C26A8000000/,https://news.ceek.jp/search.cgi?category_id=business&feed=1,ok,,経済
2026-08-22,2026-08-22T06:11:32.640340+09:00,その他メディア,,TBSテレビ,クールジャパン機構廃止へ アニメ・食・カルチャー日本の魅力を伝えるはずが...赤字は540億円に その原因は?【news23】,https://newsdig.tbs.co.jp/articles/-/2889323?display=1,https://news.ceek.jp/search.cgi?category_id=business&feed=1,ok,,経済
2026-08-22,2026-08-22T06:11:32.640340+09:00,その他メディア,,Abema TIMES,5キロ2000円台の新米...家計に朗報も農家は悲鳴 コメ価格下落が止まらず,https://times.abema.tv/articles/-/10268508?page=1,https://news.ceek.jp/search.cgi?category_id=business&feed=1,ok,,経済
2026-08-22,2026-08-22T06:11:32.640340+09:00,全国紙,全国,日本経済新聞,欧州国債概況21日 独10年債利回り、横ばい圏 英長期金利も横ばい,https://www.nikkei.com/article/DGXZQOFL21AE90R20C26A8000000/,https://news.ceek.jp/search.cgi?category_id=business&feed=1,ok,,経済
2026-08-22,2026-08-22T06:11:32.640340+09:00,全国紙,全国,日本経済新聞,ロンドン外為21日 ユーロ、対ドルで下落 米長期金利が上昇,https://www.nikkei.com/article/DGXZQOFL21AD60R20C26A8000000/,https://news.ceek.jp/search.cgi?category_id=business&feed=1,ok,,経済
2026-08-22,2026-08-22T06:11:32.640340+09:00,その他メディア,,テレビ朝日,5キロ2000円台の新米...家計に朗報も農家は悲鳴 コメ価格下落が止まらず,https://news.tv-asahi.co.jp/news_economy/articles/900197659.html,https://news.ceek.jp/search.cgi?category_id=business&feed=1,ok,,経済
2026-08-22,2026-08-22T06:11:32.640340+09:00,その他メディア,,東洋経済オンライン,ヒューリックが2295万円で首位、2位はM&Aキャピタルパートナーズが2266万円で続く...上場企業平均年収 | 政治・経済・投資,https://toyokeizai.net/articles/-/955561?display=b,https://news.ceek.jp/search.cgi?category_id=business&feed=1,ok,,経済
2026-08-22,2026-08-22T06:11:32.640340+09:00,その他メディア,,日本テレビ,"【解説】新米が古米より安い“逆転現象""...要因は? 「大離農時代へのトリガーになるかも」生産者らからは不安の声",https://news.ntv.co.jp/category/economy/01d64faf2d114d95afe5f3861e92fe1c,https://news.ceek.jp/search.cgi?category_id=business&feed=1,ok,,経済
2026-08-22,2026-08-22T06:11:32.640340+09:00,その他メディア,,共同通信,【速報】27年度の国債元利払い36.6兆円,https://www.47news.jp/14825313.html,https://news.ceek.jp/search.cgi?category_id=business&feed=1,ok,,経済
2026-08-22,2026-08-22T06:11:32.640340+09:00,その他メディア,,TBSテレビ,来年度予算要求総額130兆円超へ 金利上昇で「国債費」は36兆円台に,https://newsdig.tbs.co.jp/articles/-/2889278?display=1,https://news.ceek.jp/search.cgi?category_id=business&feed=1,ok,,経済
2026-08-22,2026-08-22T06:11:32.640340+09:00,その他メディア,,TBSテレビ,イオンモール熊本爆発事故 損傷を免れたフードコートのガスメーター確認作業を開始 地元の消防・警察とともに経産省などが調査を継続,https://newsdig.tbs.co.jp/articles/-/2889269?display=1,https://news.ceek.jp/search.cgi?category_id=business&feed=1,ok,,経済
2026-08-22,2026-08-22T06:11:32.640340+09:00,全国紙,全国,日本経済新聞,NYダウは反発で始まる、一時300ドル高 主力株に買い直す動き,https://www.nikkei.com/article/DGXZQOFL21AH80R20C26A8000000/,https://news.ceek.jp/search.cgi?category_id=business&feed=1,ok,,経済
2026-08-22,2026-08-22T06:11:32.640340+09:00,その他メディア,,デイリースポーツ,NY株、反発して始まる,https://www.daily.co.jp/society/economics/2026/08/21/0020732734.shtml,https://news.ceek.jp/search.cgi?category_id=business&feed=1,ok,,経済
2026-08-22,2026-08-22T06:11:32.640340+09:00,その他メディア,,共同通信,NY株、反発して始まる,https://www.47news.jp/14825187.html,https://news.ceek.jp/search.cgi?category_id=business&feed=1,ok,,経済
2026-08-22,2026-08-22T06:11:32.640340+09:00,その他メディア,,テレビ東京,コロナで危機に陥った「佰食屋」のいま...パンサブスク起業家の新たな挑戦:ガイアの夜明け,https://www.tv-tokyo.co.jp/plus/business/entry/202608/19827.html,https://news.ceek.jp/search.cgi?category_id=business&feed=1,ok,,経済
2026-08-22,2026-08-22T06:11:32.640340+09:00,全国紙,全国,日本経済新聞,米国株、ダウ反発で始まる 一時300ドル高 主力株に買い直し,https://www.nikkei.com/article/DGXZQOFL21A610R20C26A8000000/,https://news.ceek.jp/search.cgi?category_id=business&feed=1,ok,,経済
2026-08-22,2026-08-22T06:11:32.640340+09:00,その他メディア,,共同通信,【速報】NY株、反発して始まる,https://www.47news.jp/14825168.html,https://news.ceek.jp/search.cgi?category_id=business&feed=1,ok,,経済
2026-08-22,2026-08-22T06:11:32.640340+09:00,その他メディア,,あたらしい経済,野村HD傘下レーザーデジタルジャパン、暗号資産交換業者に登録,https://www.neweconomy.jp/posts/601322,https://news.ceek.jp/search.cgi?category_id=business&feed=1,ok,,経済
2026-08-22,2026-08-22T06:11:32.640340+09:00,その他メディア,,あたらしい経済,【8/21話題】米CFTC委員長の暗号資産等の規制ロードマップ、フランクリンテンプルトンがトークン化資産を伝統的ファンドに組入れなど(音声ニュース),https://www.neweconomy.jp/posts/601316,https://news.ceek.jp/search.cgi?category_id=business&feed=1,ok,,経済
2026-08-22,2026-08-22T06:11:32.640340+09:00,その他メディア,,デイリースポーツ,NY円、158円台後半,https://www.daily.co.jp/society/economics/2026/08/21/0020732505.shtml,https://news.ceek.jp/search.cgi?category_id=business&feed=1,ok,,経済
2026-08-22,2026-08-22T06:11:32.640340+09:00,その他メディア,,共同通信,NY円、158円台後半,https://www.47news.jp/14824953.html,https://news.ceek.jp/search.cgi?category_id=business&feed=1,ok,,経済
2026-08-22,2026-08-22T06:11:32.640340+09:00,その他メディア,,共同通信,【速報】NY円、158円69~79銭,https://www.47news.jp/14824931.html,https://news.ceek.jp/search.cgi?category_id=business&feed=1,ok,,経済
2026-08-22,2026-08-22T06:11:32.640340+09:00,全国紙,全国,日本経済新聞,27年度国債費は過去最大36兆円に 想定金利3.8%、財務省調整,https://www.nikkei.com/article/DGXZQOUA210BG0R20C26A8000000/,https://news.ceek.jp/search.cgi?category_id=business&feed=1,ok,,経済
2026-08-22,2026-08-22T06:11:32.640340+09:00,全国紙,全国,日本経済新聞,「ベローチェ」「珈琲館」などで値上げ 9月から順次,https://www.nikkei.com/article/DGXZQOUC219KX0R20C26A8000000/,https://news.ceek.jp/search.cgi?category_id=business&feed=1,ok,,経済
2026-08-22,2026-08-22T06:11:32.640340+09:00,全国紙,全国,日本経済新聞,中国でテスラなど9社、420万台超リコール 緊急ドアハンドル巡り,https://www.nikkei.com/article/DGXZQOGM219U10R20C26A8000000/,https://news.ceek.jp/search.cgi?category_id=business&feed=1,ok,,経済
2026-08-22,2026-08-22T06:11:32.640340+09:00,その他メディア,,テレビ朝日,利払い費の想定金利3.8%へ 財務省 来年度予算の概算要求 財政圧迫に懸念,https://news.tv-asahi.co.jp/news_economy/articles/000527966.html,https://news.ceek.jp/search.cgi?category_id=business&feed=1,ok,,経済
2026-08-22,2026-08-22T06:11:32.640340+09:00,その他メディア,,共同通信,【独自】各省庁予算要求初の130兆円超 27年度、上限設けず異例の膨張,https://www.47news.jp/14824661.html,https://news.ceek.jp/search.cgi?category_id=business&feed=1,ok,,経済
2026-08-22,2026-08-22T06:11:32.640340+09:00,その他メディア,,日本テレビ,"「安くてびっくり...」新米の方が安い“逆転現象"" 理由のひとつに“コメ余り"" 赤字農家が増えれば「またコメ騒動起きるのでは」と懸念も",https://news.ntv.co.jp/category/economy/03c1d65b309d45b293605556134fb027,https://news.ceek.jp/search.cgi?category_id=business&feed=1,ok,,経済
2026-08-22,2026-08-22T06:11:32.640340+09:00,全国紙,全国,産経新聞,空き家900万戸、30年で倍増 大阪・寝屋川市は全国初「空き家税」 企業も対策に参入,https://www.sankei.com/article/20260821-A3HD6JAKSFON3FFVWGIY73OHAY/,https://news.ceek.jp/search.cgi?category_id=business&feed=1,ok,,経済
2026-08-22,2026-08-22T06:11:32.640340+09:00,全国紙,全国,日本経済新聞,8月21日の商品主要相場(紙面イメージ),https://www.nikkei.com/article/DGXZQOKC216960R20C26A8000000/,https://news.ceek.jp/search.cgi?category_id=business&feed=1,ok,,経済
2026-08-22,2026-08-22T06:11:32.640340+09:00,全国紙,全国,日本経済新聞,8月17日〜21日の株式週間高低(紙面イメージ版),https://www.nikkei.com/article/DGXZQOKC216C40R20C26A8000000/,https://news.ceek.jp/search.cgi?category_id=business&feed=1,ok,,経済
2026-08-22,2026-08-22T06:11:32.640340+09:00,全国紙,全国,日本経済新聞,野村系、暗号資産交換業に登録 機関投資家向け取引参入,https://www.nikkei.com/article/DGXZQOUB217F00R20C26A8000000/,https://news.ceek.jp/search.cgi?category_id=business&feed=1,ok,,経済
2026-08-22,2026-08-22T06:11:32.640340+09:00,その他メディア,,QUICK Money World,藤田観光の半期報告書にアパグループが登場 株主構造の流動化が進む,https://moneyworld.jp/news/detail?id=217484,https://news.ceek.jp/search.cgi?category_id=business&feed=1,ok,,経済
2026-08-22,2026-08-22T06:11:32.640340+09:00,全国紙,全国,日本経済新聞,英ポンド、対ドルで半年ぶり高値 財政懸念緩和・景況感改善で,https://www.nikkei.com/article/DGXZQOUB216FL0R20C26A8000000/,https://news.ceek.jp/search.cgi?category_id=business&feed=1,ok,,経済
2026-08-22,2026-08-22T06:11:32.640340+09:00,全国紙,全国,日本経済新聞,東証プライムの売買代金、3カ月半ぶり8兆円割れ NVIDIA決算控え様子見,https://www.nikkei.com/article/DGXZQOUB215LQ0R20C26A8000000/,https://news.ceek.jp/search.cgi?category_id=business&feed=1,ok,,経済
2026-08-22,2026-08-22T06:11:32.640340+09:00,全国紙,全国,日本経済新聞,「ベッセント・プット」でも米金利上昇 3つの誤算が招く債務不安,https://www.nikkei.com/article/DGXZQOGN20ATD0Q6A820C2000000/,https://news.ceek.jp/search.cgi?category_id=business&feed=1,ok,,経済
2026-08-22,2026-08-22T06:11:32.640340+09:00,その他メディア,,ハーバード・ビジネス・レビュー,再び問う:どうすれば従業員を動機づけられるか,https://dhbr.diamond.jp/articles/-/14223,https://news.ceek.jp/search.cgi?category_id=business&feed=1,ok,,経済
2026-08-22,2026-08-22T06:11:32.640340+09:00,その他メディア,,フジテレビ,約2週間水を出しっぱなしに...中学校のプールで教員が誤った給水バルブ開ける 水道料金は1.8倍の約112万円に,https://www.fnn.jp/articles/-/1099272,https://news.ceek.jp/search.cgi?category_id=national&feed=1,ok,,社会
2026-08-22,2026-08-22T06:11:32.640340+09:00,その他メディア,,女性自身,"小泉防衛相 退職自衛隊員の「家族支援庁」新設の動きも「幹部優先ってことになりそう」議論百出...背景に深刻な“定員割れ""も防衛省の見解は?",https://jisin.jp/domestic/2596720/,https://news.ceek.jp/search.cgi?category_id=national&feed=1,ok,,社会
2026-08-22,2026-08-22T06:11:32.640340+09:00,その他メディア,,フジテレビ,"「体は元気だが心が...」地震から1カ月、避難者数に表れない“軒先避難""の実態 プレハブに断熱素材なく「暑い」【令和8年熊本地震】",https://www.fnn.jp/articles/-/1099190,https://news.ceek.jp/search.cgi?category_id=national&feed=1,ok,,社会
2026-08-22,2026-08-22T06:11:32.640340+09:00,その他メディア,,フジテレビ,"【VRで実家を残す】見慣れた家の風景を“丸ごと記録""「家じまい」の新サービス〈北海道〉",https://www.fnn.jp/articles/-/1099269,https://news.ceek.jp/search.cgi?category_id=national&feed=1,ok,,社会
2026-08-22,2026-08-22T06:11:32.640340+09:00,その他メディア,,週刊女性PRIME,"高市早苗内閣で初の死刑執行を命じた平口洋法務大臣「死刑は正義ではなく復讐」日弁連ら死刑反対派に示した“制度存続の理由""",https://www.jprime.jp/articles/-/43168,https://news.ceek.jp/search.cgi?category_id=national&feed=1,ok,,社会
2026-08-22,2026-08-22T06:11:32.640340+09:00,その他メディア,,フジテレビ,妻の頭を金づちで殴打し殺人未遂罪で起訴された77歳被告の男...入院先から姿を消したあと函館山で遺体で発見...函館地検「詳細公表は差し控える。公判継続中の被告が死亡するに至ったことは遺憾」一体なにが?,https://www.fnn.jp/articles/-/1099267,https://news.ceek.jp/search.cgi?category_id=national&feed=1,ok,,社会
2026-08-22,2026-08-22T06:11:32.640340+09:00,その他メディア,,TBSテレビ,「心からお詫び申し上げます」東海汽船社長が聴聞後 利用者の島民に謝罪 乗組員の当直勤務中の飲酒などが発覚した問題,https://newsdig.tbs.co.jp/articles/-/2889352?display=1,https://news.ceek.jp/search.cgi?category_id=national&feed=1,ok,,社会
2026-08-22,2026-08-22T06:11:32.640340+09:00,その他メディア,,フジテレビ,「水が出ない」「濁る」八代市4400世帯で井戸に不具合 「液状化によって砂がたまっている」復旧修理の現状を報告【令和8年熊本地震】,https://www.fnn.jp/articles/-/1099166,https://news.ceek.jp/search.cgi?category_id=national&feed=1,ok,,社会
2026-08-22,2026-08-22T06:11:32.640340+09:00,その他メディア,,スポニチ,どうなる?水没車補償 千葉豪雨で一時3000台以上放置車両 自賠責保険は対象外 車両保険が必要,https://www.sponichi.co.jp/society/news/2026/08/22/kiji/20260822s00042000015000c.html,https://news.ceek.jp/search.cgi?category_id=national&feed=1,ok,,社会
2026-08-22,2026-08-22T06:11:32.640340+09:00,その他メディア,,スポニチ,内閣改造・党役員人事 9月後半有力 麻生派・鈴木幹事長再任されるかどうかが焦点,https://www.sponichi.co.jp/society/news/2026/08/22/kiji/20260822s00042000025000c.html,https://news.ceek.jp/search.cgi?category_id=national&feed=1,ok,,社会
2026-08-22,2026-08-22T06:11:32.640340+09:00,その他メディア,,スポニチ,5人放火殺害で死刑執行 高市政権初 昨年6月の座間事件以来,https://www.sponichi.co.jp/society/news/2026/08/22/kiji/20260822s00042000035000c.html,https://news.ceek.jp/search.cgi?category_id=national&feed=1,ok,,社会
2026-08-22,2026-08-22T06:11:32.640340+09:00,その他メディア,,スポニチ,東武日光線4人死亡事故 特急時速50キロで駅構内進入 作業員ら聴取着手,https://www.sponichi.co.jp/society/news/2026/08/22/kiji/20260822s00042000040000c.html,https://news.ceek.jp/search.cgi?category_id=national&feed=1,ok,,社会
2026-08-22,2026-08-22T06:11:32.640340+09:00,その他メディア,,スポニチ,"被災地庭先に“即席""住宅 大学教授「再建の基盤に」 熊本地震避難者へ120棟",https://www.sponichi.co.jp/society/news/2026/08/22/kiji/20260822s00042000042000c.html,https://news.ceek.jp/search.cgi?category_id=national&feed=1,ok,,社会
2026-08-22,2026-08-22T06:11:32.640340+09:00,その他メディア,,スポニチ,法務省 「ラヴ上等」とのコラボ中止 更生保護理解との趣旨に合わずと判断,https://www.sponichi.co.jp/society/news/2026/08/22/kiji/20260822s00042000065000c.html,https://news.ceek.jp/search.cgi?category_id=national&feed=1,ok,,社会
2026-08-22,2026-08-22T06:11:32.640340+09:00,その他メディア,,スポニチ,マフィンに劇物混入 殺人未遂の疑いで派遣社員の女逮捕 化学関係の会社勤務,https://www.sponichi.co.jp/society/news/2026/08/22/kiji/20260822s00042000031000c.html,https://news.ceek.jp/search.cgi?category_id=national&feed=1,ok,,社会
2026-08-22,2026-08-22T06:11:32.640340+09:00,その他メディア,,デイリー新潮,「ハビタが無責任な態度に終始するなら...」 イオンモール爆発事故の被害者遺族が怒りの証言 専門家は「刑事責任の追及は可能」,https://www.dailyshincho.jp/article/2026/08220505/?all=1,https://news.ceek.jp/search.cgi?category_id=national&feed=1,ok,,社会
2026-08-22,2026-08-22T06:11:32.640340+09:00,その他メディア,,デイリー新潮,〈イオンモール爆発〉館内に戻ったのに被害を免れた生存者の証言 「食品売り場に寄ったことで助かったのかも」,https://www.dailyshincho.jp/article/2026/08220504/?all=1,https://news.ceek.jp/search.cgi?category_id=national&feed=1,ok,,社会
2026-08-22,2026-08-22T06:11:32.640340+09:00,その他メディア,,デイリー新潮,〈京大病院で医療ミス〉ベテラン執刀医が失敗した原因は... 「現在は当該手術のカルテが見られない状態」,https://www.dailyshincho.jp/article/2026/08220500/?all=1,https://news.ceek.jp/search.cgi?category_id=national&feed=1,ok,,社会
2026-08-22,2026-08-22T06:11:32.640340+09:00,全国紙,全国,読売新聞,警察庁人事(31日),https://www.yomiuri.co.jp/national/20260821-GYT1T00415/,https://news.ceek.jp/search.cgi?category_id=national&feed=1,ok,,社会
2026-08-22,2026-08-22T06:11:32.640340+09:00,全国紙,全国,読売新聞,水増し分 全額リフォームに 万博工事背任 下請け 取り分なし,https://www.yomiuri.co.jp/national/20260822-GYT1T00019/,https://news.ceek.jp/search.cgi?category_id=national&feed=1,ok,,社会
2026-08-22,2026-08-22T06:11:32.640340+09:00,全国紙,全国,読売新聞,放火5人殺害 死刑執行 09年大阪のパチンコ店 高市政権初,https://www.yomiuri.co.jp/national/20260822-GYT1T00020/,https://news.ceek.jp/search.cgi?category_id=national&feed=1,ok,,社会
2026-08-22,2026-08-22T06:11:32.640340+09:00,全国紙,全国,読売新聞,病院・高齢者施設 再開遠く 千葉豪雨 ボイラー故障 透析患者転院,https://www.yomiuri.co.jp/national/20260822-GYT1T00024/,https://news.ceek.jp/search.cgi?category_id=national&feed=1,ok,,社会
2026-08-22,2026-08-22T06:11:32.640340+09:00,全国紙,全国,読売新聞,政策・選挙「世論」水増し 賛否 SNSに一斉投稿,https://www.yomiuri.co.jp/national/20260822-GYT1T00029/,https://news.ceek.jp/search.cgi?category_id=national&feed=1,ok,,社会
2026-08-22,2026-08-22T06:11:32.640340+09:00,その他メディア,,フジテレビ,【熊本地震】爪痕残る被災地に追い打ちをかける「猛暑」と「断水」 片付けや物資支援で浮き彫りとなる深刻な人手不足の現状,https://www.fnn.jp/articles/-/1098347,https://news.ceek.jp/search.cgi?category_id=national&feed=1,ok,,社会
2026-08-22,2026-08-22T06:11:32.640340+09:00,その他メディア,,フジテレビ,震度6強で被災「八代飯店」が営業再開 全国の飲食店から食器の支援 演劇公演がつないだ縁も 令和8年熊本地震,https://www.fnn.jp/articles/-/1099149,https://news.ceek.jp/search.cgi?category_id=national&feed=1,ok,,社会
2026-08-22,2026-08-22T06:11:32.640340+09:00,その他メディア,,フジテレビ,【万引き防止タグ引きちぎる】約2500円の肌着1着をバッグに隠し店外へ...59歳女を窃盗容疑で逮捕...防犯カメラで特定し自宅にいたところを逮捕「今は話したくない」供述を拒否〈北海道札幌市〉,https://www.fnn.jp/articles/-/1099266,https://news.ceek.jp/search.cgi?category_id=national&feed=1,ok,,社会
2026-08-22,2026-08-22T06:11:32.640340+09:00,全国紙,全国,日本経済新聞,受験の文転を止める 消極的選択は堂々巡り,https://www.nikkei.com/article/DGXZQOCD1227H0S6A810C2000000/,https://news.ceek.jp/search.cgi?category_id=national&feed=1,ok,,社会
2026-08-22,2026-08-22T06:11:32.640340+09:00,全国紙,全国,日本経済新聞,標識ない狭い道路、9月から法定速度30キロに制限 一般道7割該当,https://www.nikkei.com/article/DGXZQOUD301Y60Q6A730C2000000/,https://news.ceek.jp/search.cgi?category_id=national&feed=1,ok,,社会
2026-08-22,2026-08-22T06:11:32.640340+09:00,全国紙,全国,読売新聞,新たなルール導入、根底には「安心して野球を続けてもらいたい」という思い,https://www.yomiuri.co.jp/national/20260821-GYT1T00445/,https://news.ceek.jp/search.cgi?category_id=national&feed=1,ok,,社会
2026-08-22,2026-08-22T06:11:32.640340+09:00,全国紙,全国,読売新聞,東海汽船 国交省が聴聞 飲酒勤務疑い 改善計画提出へ,https://www.yomiuri.co.jp/national/20260822-GYT1T00027/,https://news.ceek.jp/search.cgi?category_id=national&feed=1,ok,,社会
2026-08-22,2026-08-22T06:11:32.640340+09:00,全国紙,全国,朝日新聞,日本語学校、20年で倍増 相次ぐトラブルで重視された「在留管理」,https://www.asahi.com/articles/ASV8P2BZ5V8PUTIL006M.html,https://news.ceek.jp/search.cgi?category_id=national&feed=1,ok,,社会
2026-08-22,2026-08-22T06:11:32.640340+09:00,その他メディア,,デイリー新潮,「『小室さんには米国で静かに暮らしてほしい』というのが殿下のご本心」 小室弁護士夫妻の「極秘帰国プラン」が持ち上がるも、立ち消えに,https://www.dailyshincho.jp/article/2026/08220459/?all=1,https://news.ceek.jp/search.cgi?category_id=national&feed=1,ok,,社会
2026-08-22,2026-08-22T06:11:32.640340+09:00,その他メディア,,デイリー新潮,小室弁護士夫妻の「極秘帰国プラン」が持ち上がっていた! 宮内庁が難色を示した理由とは,https://www.dailyshincho.jp/article/2026/08220458/?all=1,https://news.ceek.jp/search.cgi?category_id=national&feed=1,ok,,社会
2026-08-22,2026-08-22T06:11:32.640340+09:00,その他メディア,,TBSテレビ,日本人の約4%が該当か 頭の中に「まったくイメージが浮かばない」 認知特性「アファンタジア」とは【news23】,https://newsdig.tbs.co.jp/articles/-/2889335?display=1,https://news.ceek.jp/search.cgi?category_id=national&feed=1,ok,,社会
2026-08-22,2026-08-22T06:11:32.640340+09:00,その他メディア,,TBSテレビ,"ゲリラ豪雨で“夜も冠水"" 来週は沖縄本島に台風18号接近へ【news23】",https://newsdig.tbs.co.jp/articles/-/2889332?display=1,https://news.ceek.jp/search.cgi?category_id=national&feed=1,ok,,社会
2026-08-22,2026-08-22T06:11:32.640340+09:00,その他メディア,,TBSテレビ,秋篠宮さま「両国は伝統的に大変緊密な関係」パラグアイで日本人移住90周年記念式典に出席 現地の言葉を交えスピーチ,https://newsdig.tbs.co.jp/articles/-/2889326?display=1,https://news.ceek.jp/search.cgi?category_id=national&feed=1,ok,,社会
2026-08-22,2026-08-22T06:11:32.640340+09:00,その他メディア,,Abema TIMES,"「見張員はベテラン」関係者証言 “業務上過失致死""の疑いで捜査へ 4人死亡",https://times.abema.tv/articles/-/10268511?page=1,https://news.ceek.jp/search.cgi?category_id=national&feed=1,ok,,社会
2026-08-22,2026-08-22T06:11:32.640340+09:00,その他メディア,,TBSテレビ,東武線作業員4人死亡事故 特急「スペーシアX」が時速52キロで駅に進入か 警察は「業務上過失致死」で捜査【news23】,https://newsdig.tbs.co.jp/articles/-/2889322?display=1,https://news.ceek.jp/search.cgi?category_id=national&feed=1,ok,,社会
2026-08-22,2026-08-22T06:11:32.640340+09:00,その他メディア,,テレビ朝日,"「見張員はベテラン」関係者証言 “業務上過失致死""の疑いで捜査へ 4人死亡",https://news.tv-asahi.co.jp/news_society/articles/900197657.html,https://news.ceek.jp/search.cgi?category_id=national&feed=1,ok,,社会
2026-08-22,2026-08-22T06:11:32.640340+09:00,その他メディア,,TBSテレビ,「更生上等!!」法務省×「ラヴ上等」異例のタイアップ撤回に 番組内容めぐり批判の声...法務省の判断に街の人は【news23】,https://newsdig.tbs.co.jp/articles/-/2889320?display=1,https://news.ceek.jp/search.cgi?category_id=national&feed=1,ok,,社会
2026-08-22,2026-08-22T06:11:32.640340+09:00,その他メディア,,Abema TIMES,"「ケンカしたと...」父親に“トラブル""報告 ネパール人留学生殺害 複数の人物が関与か",https://times.abema.tv/articles/-/10268509?page=1,https://news.ceek.jp/search.cgi?category_id=national&feed=1,ok,,社会
2026-08-22,2026-08-22T06:11:32.640340+09:00,その他メディア,,フジテレビ,【台風情報】台風18号 進路予想 23日にも「非常に強い」勢力に発達へ 26日にかけて沖縄本島に接近か 静岡県含め太平洋沿岸も高波に注意,https://www.fnn.jp/articles/-/1099206,https://news.ceek.jp/search.cgi?category_id=national&feed=1,ok,,社会
2026-08-22,2026-08-22T06:11:32.640340+09:00,その他メディア,,アジアプレス・ネットワーク,半蔵門駅ホームにアスベストが降り注ぐ 東京メトロが明かさない真相,https://www.asiapress.org/apn/2026/08/attention/asbestos-225/,https://news.ceek.jp/search.cgi?category_id=national&feed=1,ok,,社会
2026-08-22,2026-08-22T06:11:32.640340+09:00,その他メディア,,Abema TIMES,"道路冠水し住宅も...首都圏で再び激しい雷雨 埼玉県で“記録的短時間大雨""",https://times.abema.tv/articles/-/10268507?page=1,https://news.ceek.jp/search.cgi?category_id=national&feed=1,ok,,社会
2026-08-22,2026-08-22T06:11:32.640340+09:00,その他メディア,,フジテレビ,天気予報を30年ぶりに変更 日ごとの天気予報は2週間先まで延長 2030年までに順次運用目指す 気象庁,https://www.fnn.jp/articles/-/1099205,https://news.ceek.jp/search.cgi?category_id=national&feed=1,ok,,社会
2026-08-22,2026-08-22T06:11:32.640340+09:00,その他メディア,,TBSテレビ,愛子さま初めての滋賀県訪問 福祉施設で利用者らとなごやかな雰囲気で交流,https://newsdig.tbs.co.jp/articles/-/2889307?display=1,https://news.ceek.jp/search.cgi?category_id=national&feed=1,ok,,社会
2026-08-22,2026-08-22T06:11:32.640340+09:00,その他メディア,,TBSテレビ,マイクロバスなど6台絡む事故で樟南高校女子剣道部の生徒ら11人搬送 大型トレーラーが渋滞の列に突っ込んだか 長崎道・鳥栖IC付近,https://newsdig.tbs.co.jp/articles/-/2889308?display=1,https://news.ceek.jp/search.cgi?category_id=national&feed=1,ok,,社会
2026-08-22,2026-08-22T06:11:32.640340+09:00,その他メディア,,フジテレビ,"東武鉄道「列車接近の情報共有できていなかった可能性」 警察は特別捜査班を設置“業務上過失致死""で捜査",https://www.fnn.jp/articles/-/1099203,https://news.ceek.jp/search.cgi?category_id=national&feed=1,ok,,社会
2026-08-22,2026-08-22T06:11:32.640340+09:00,その他メディア,,フジテレビ,防衛に関わる装備品複数点紛失 幹部自衛官ら3人減給処分 未だ見つかっておらず「怠惰だった」,https://www.fnn.jp/articles/-/1099204,https://news.ceek.jp/search.cgi?category_id=national&feed=1,ok,,社会
2026-08-22,2026-08-22T06:11:32.640340+09:00,その他メディア,,テレビ朝日,"「ケンカしたと...」父親に“トラブル""報告 ネパール人留学生殺害 複数の人物が関与か",https://news.tv-asahi.co.jp/news_society/articles/900197660.html,https://news.ceek.jp/search.cgi?category_id=national&feed=1,ok,,社会
2026-08-22,2026-08-22T06:11:32.640340+09:00,その他メディア,,日本テレビ,スクールバス含む多重事故 女子高校生ら11人重軽傷 佐賀,https://news.ntv.co.jp/category/society/2766e7c7142f4e54be83c3840891ca9e,https://news.ceek.jp/search.cgi?category_id=national&feed=1,ok,,社会
2026-08-22,2026-08-22T06:11:32.640340+09:00,その他メディア,,フジテレビ,熊本地震で倒壊した煙突の撤去作業始まる 日本製紙八代工場で9人死亡,https://www.fnn.jp/articles/-/1099201,https://news.ceek.jp/search.cgi?category_id=national&feed=1,ok,,社会
2026-08-22,2026-08-22T06:11:32.640340+09:00,その他メディア,,フジテレビ,さいたま市で「記録的短時間大雨」に関する情報発表 台風18号は「非常に強い」勢力に 沖縄や奄美直撃のおそれ,https://www.fnn.jp/articles/-/1099200,https://news.ceek.jp/search.cgi?category_id=national&feed=1,ok,,社会
2026-08-22,2026-08-22T06:11:32.640340+09:00,全国紙,全国,読売新聞,劇物入りマフィン食べさせ知人男性を殺害しようとした疑い、派遣社員の女逮捕...「殺すつもりはなかった」,https://www.yomiuri.co.jp/national/20260822-GYT1T00001/,https://news.ceek.jp/search.cgi?category_id=national&feed=1,ok,,社会
2026-08-22,2026-08-22T06:11:32.640340+09:00,その他メディア,,日刊スポーツ,第104回全国高校野球選手権大会で仙台育英が東北勢初の優勝/今日は?,https://www.nikkansports.com/general/news/202608210000682.html,https://news.ceek.jp/search.cgi?category_id=national&feed=1,ok,,社会
2026-08-22,2026-08-22T06:11:32.640340+09:00,その他メディア,,テレビ朝日,環状7号線で4台絡む玉突き事故 男性の意識が朦朧となり追突か 東京・足立区,https://news.tv-asahi.co.jp/news_society/articles/000527953.html,https://news.ceek.jp/search.cgi?category_id=national&feed=1,ok,,社会
2026-08-22,2026-08-22T06:11:32.640340+09:00,その他メディア,,テレビ朝日,"道路冠水し住宅も...首都圏で再び激しい雷雨 埼玉県で“記録的短時間大雨""",https://news.tv-asahi.co.jp/news_society/articles/900197658.html,https://news.ceek.jp/search.cgi?category_id=national&feed=1,ok,,社会
2026-08-22,2026-08-22T06:11:32.640340+09:00,その他メディア,,TBSテレビ,千葉豪雨でのアンダーパス冠水うけ国交省が対策の検討進める 通行止め基準厳格化や遮断機設置も 全国のアンダーパス緊急点検結果も公表,https://newsdig.tbs.co.jp/articles/-/2889285?display=1,https://news.ceek.jp/search.cgi?category_id=national&feed=1,ok,,社会
2026-08-22,2026-08-22T06:11:32.640340+09:00,その他メディア,,テレビ朝日,高校のスクールバスなど車6台が絡む事故 高校生ら11人搬送,https://news.tv-asahi.co.jp/news_society/articles/000527969.html,https://news.ceek.jp/search.cgi?category_id=national&feed=1,ok,,社会
2026-08-22,2026-08-22T06:11:32.640340+09:00,その他メディア,,デイリースポーツ,理事らに30万円、接待も,https://www.daily.co.jp/society/national/2026/08/21/0020732978.shtml,https://news.ceek.jp/search.cgi?category_id=national&feed=1,ok,,社会
2026-08-22,2026-08-22T06:11:32.640340+09:00,その他メディア,,共同通信,理事らに30万円、接待も 独協学園、大学譲渡巡り,https://www.47news.jp/14825320.html,https://news.ceek.jp/search.cgi?category_id=national&feed=1,ok,,社会
2026-08-22,2026-08-22T06:11:32.640340+09:00,その他メディア,,日本テレビ,【熊本地震】約3週間ぶりにステージ再開 くまモンが多くのファンと交流,https://news.ntv.co.jp/category/society/4b7521864e64459096bf8b0496a989d8,https://news.ceek.jp/search.cgi?category_id=national&feed=1,ok,,社会
2026-08-22,2026-08-22T06:11:32.640340+09:00,その他メディア,,フジテレビ,【台風情報】台風18号の今後の進路予想は 23日午後9時には「非常に強い」勢力で日本の南へ達する予報 熱帯低気圧「台風のたまご」がトンキン湾に 24時間以内に台風に発達する可能性 ダブル台風が発生か,https://www.fnn.jp/articles/-/1099199,https://news.ceek.jp/search.cgi?category_id=national&feed=1,ok,,社会
2026-08-22,2026-08-22T06:11:32.640340+09:00,その他メディア,,デイリースポーツ,菓子に劇物、殺人未遂疑い、京都,https://www.daily.co.jp/society/national/2026/08/21/0020732951.shtml,https://news.ceek.jp/search.cgi?category_id=national&feed=1,ok,,社会
2026-08-22,2026-08-22T06:11:32.640340+09:00,その他メディア,,共同通信,菓子に劇物、殺人未遂疑い、京都 女逮捕、知人の命別条なし,https://www.47news.jp/14825302.html,https://news.ceek.jp/search.cgi?category_id=national&feed=1,ok,,社会
2026-08-22,2026-08-22T06:11:32.640340+09:00,その他メディア,,フジテレビ,熊本県で最大震度1の地震 熊本県・八代市,https://www.fnn.jp/articles/-/1099197,https://news.ceek.jp/search.cgi?category_id=national&feed=1,ok,,社会
2026-08-22,2026-08-22T06:11:32.640340+09:00,その他メディア,,フジテレビ,【熊本地震】宮崎の記者と防災士が見た熊本地震の現実...浮き彫りになる「届かない支援」と求められる南海トラフへの「300%の備え」,https://www.fnn.jp/articles/-/1098461,https://news.ceek.jp/search.cgi?category_id=national&feed=1,ok,,社会
2026-08-22,2026-08-22T06:11:32.640340+09:00,その他メディア,,フジテレビ,熊本県で最大震度2の地震 熊本県・八代市、宇城市,https://www.fnn.jp/articles/-/1099196,https://news.ceek.jp/search.cgi?category_id=national&feed=1,ok,,社会
2026-08-22,2026-08-22T06:11:32.640340+09:00,その他メディア,,フジテレビ,"【台風情報】ダブル台風が発生か 熱帯低気圧“台風のたまご""は24時間以内に台風に発達する可能性 台風18号は23日午後9時には「非常に強い」勢力で日本の南へ達する予報",https://www.fnn.jp/articles/-/1099195,https://news.ceek.jp/search.cgi?category_id=national&feed=1,ok,,社会
2026-08-22,2026-08-22T06:11:32.640340+09:00,その他メディア,,デイリースポーツ,佐賀で多重事故、11人けが,https://www.daily.co.jp/society/national/2026/08/21/0020731888.shtml,https://news.ceek.jp/search.cgi?category_id=national&feed=1,ok,,社会
2026-08-22,2026-08-22T06:11:32.640340+09:00,その他メディア,,共同通信,佐賀で多重事故、11人けが 鹿児島の高校生ら,https://www.47news.jp/14824410.html,https://news.ceek.jp/search.cgi?category_id=national&feed=1,ok,,社会
2026-08-22,2026-08-22T06:11:32.640340+09:00,その他メディア,,共同通信,【速報】知人に劇物入り菓子食べさせた疑い女逮捕,https://www.47news.jp/14825206.html,https://news.ceek.jp/search.cgi?category_id=national&feed=1,ok,,社会
2026-08-22,2026-08-22T06:11:32.640340+09:00,その他メディア,,テレ東BIZ,「九州応援割」実施へ 熊本地震 宿泊キャンセル相次ぐ,https://txbiz.tv-tokyo.co.jp/txn/news_txn/post_347144,https://news.ceek.jp/search.cgi?category_id=national&feed=1,ok,,社会
2026-08-22,2026-08-22T06:11:32.640340+09:00,その他メディア,,テレ東BIZ,ドコモショップが口座開設支援 1000店への拡大目指す,https://txbiz.tv-tokyo.co.jp/txn/news_txn/post_347145,https://news.ceek.jp/search.cgi?category_id=national&feed=1,ok,,社会
2026-08-22,2026-08-22T06:11:32.640340+09:00,その他メディア,,テレ東BIZ,マブチモーター名誉会長 馬渕 隆一さん死去(93),https://txbiz.tv-tokyo.co.jp/txn/news_txn/post_347146,https://news.ceek.jp/search.cgi?category_id=national&feed=1,ok,,社会
2026-08-22,2026-08-22T06:11:32.640340+09:00,その他メディア,,テレ東BIZ,利払い金利3.8%で調整 27年度国債 財務省,https://txbiz.tv-tokyo.co.jp/txn/news_txn/post_347147,https://news.ceek.jp/search.cgi?category_id=national&feed=1,ok,,社会
2026-08-22,2026-08-22T06:11:32.640340+09:00,その他メディア,,共同通信,【速報】佐賀の多重事故で11人けが,https://www.47news.jp/14825148.html,https://news.ceek.jp/search.cgi?category_id=national&feed=1,ok,,社会
2026-08-22,2026-08-22T06:11:32.640340+09:00,全国紙,全国,日本経済新聞,天皇皇后両陛下、千葉豪雨で見舞金 宮内庁が伝達,https://www.nikkei.com/article/DGXZQOUD218H70R20C26A8000000/,https://news.ceek.jp/search.cgi?category_id=national&feed=1,ok,,社会
2026-08-22,2026-08-22T06:11:32.640340+09:00,その他メディア,,共同通信,風車事故、立件見送りへ 秋田、羽根落下し男性死亡,https://www.47news.jp/14824960.html,https://news.ceek.jp/search.cgi?category_id=national&feed=1,ok,,社会
2026-08-22,2026-08-22T06:11:32.640340+09:00,その他メディア,,デイリースポーツ,風車事故、立件見送りへ,https://www.daily.co.jp/society/national/2026/08/21/0020732527.shtml,https://news.ceek.jp/search.cgi?category_id=national&feed=1,ok,,社会
2026-08-22,2026-08-22T06:11:32.640340+09:00,全国紙,全国,読売新聞,東武4人死亡事故、接近時の警笛2回のはずが1回のみ...安全確保不十分な中で列車進入か,https://www.yomiuri.co.jp/national/20260821-GYT1T00363/,https://news.ceek.jp/search.cgi?category_id=national&feed=1,ok,,社会
2026-08-22,2026-08-22T06:11:32.640340+09:00,全国紙,全国,産経新聞,東京・三宅島で震度3 震源地は八丈島東方沖 マグニチュード5.5 津波の心配なし,https://www.sankei.com/article/20260821-QKYP4ZSGQVKINMIPAOCUPTUDFE/,https://news.ceek.jp/search.cgi?category_id=national&feed=1,ok,,社会
2026-08-22,2026-08-22T06:11:32.640340+09:00,その他メディア,,日本テレビ,愛子さま、初訪問の滋賀で「琵琶湖の主」をご覧に 医療福祉施設では高校生らと交流「ボッチャ」も体験,https://news.ntv.co.jp/category/society/2a460589b5454929996a544d0f406134,https://news.ceek.jp/search.cgi?category_id=national&feed=1,ok,,社会
2026-08-22,2026-08-22T06:11:32.640340+09:00,その他メディア,,日本テレビ,熱中症で31人救急搬送 80代女性が重症 東京消防庁管内(午後9時まで),https://news.ntv.co.jp/category/society/dd98e01edaa443e488bfdf8577fa2bf1,https://news.ceek.jp/search.cgi?category_id=national&feed=1,ok,,社会
2026-08-22,2026-08-22T06:11:32.640340+09:00,その他メディア,,フジテレビ,"【概算金4割減が農家を直撃】2026年の新米は安くなる?「ゆめぴりか」農家が受け取る概算金が約4割減 “3万円→1万8500円"" 農家は「死活問題」と危機感〈北海道〉",https://www.fnn.jp/articles/-/1099191,https://news.ceek.jp/search.cgi?category_id=national&feed=1,ok,,社会
2026-08-22,2026-08-22T06:11:32.640340+09:00,その他メディア,,TBSテレビ,定食で「アジのたたき」無料に&330円で豆腐10品が無制限... 異色の食べ放題が人気【Nスタ】,https://newsdig.tbs.co.jp/articles/-/2889201?display=1,https://news.ceek.jp/search.cgi?category_id=national&feed=1,ok,,社会
2026-08-22,2026-08-22T06:11:32.640340+09:00,その他メディア,,共同通信,民事裁判の証拠使用に制限 法制審諮問を法務省検討,https://www.47news.jp/14824895.html,https://news.ceek.jp/search.cgi?category_id=national&feed=1,ok,,社会
2026-08-22,2026-08-22T06:11:32.640340+09:00,その他メディア,,共同通信,【速報】秋田の風車事故、県警が立件見送りへ,https://www.47news.jp/14824913.html,https://news.ceek.jp/search.cgi?category_id=national&feed=1,ok,,社会
2026-08-22,2026-08-22T06:11:32.640340+09:00,その他メディア,,デイリースポーツ,民事裁判の証拠使用に制限,https://www.daily.co.jp/society/national/2026/08/21/0020732347.shtml,https://news.ceek.jp/search.cgi?category_id=national&feed=1,ok,,社会
2026-08-22,2026-08-22T06:11:32.640340+09:00,その他メディア,,デイリースポーツ,中国海洋調査船EEZ出る,https://www.daily.co.jp/society/national/2026/08/21/0020732351.shtml,https://news.ceek.jp/search.cgi?category_id=national&feed=1,ok,,社会
2026-08-22,2026-08-22T06:11:32.640340+09:00,全国紙,全国,読売新聞,高校女子剣道部員ら乗ったマイクロバスが追突され6台絡む事故、11人けが・うち1人重傷...佐賀・鳥栖の長崎自動車道,https://www.yomiuri.co.jp/national/20260821-GYT1T00358/,https://news.ceek.jp/search.cgi?category_id=national&feed=1,ok,,社会
2026-08-22,2026-08-22T06:11:32.640340+09:00,その他メディア,,共同通信,中国海洋調査船EEZ出る 沖縄、16日から中止要求,https://www.47news.jp/14824896.html,https://news.ceek.jp/search.cgi?category_id=national&feed=1,ok,,社会
2026-08-22,2026-08-22T06:11:32.640340+09:00,その他メディア,,フジテレビ,『わからんか、この野郎!ちょっとこいって!』特定技能ミャンマー人労働者を虐待か―農業法人の関係者らが金属棒で暴行の疑い「怖かった」札幌地域労働組合が6人を保護し即時停止要求〈北海道京極町〉,https://www.fnn.jp/articles/-/1099183,https://news.ceek.jp/search.cgi?category_id=national&feed=1,ok,,社会
2026-08-22,2026-08-22T06:11:32.640340+09:00,その他メディア,,デイリースポーツ,ガイアナ国連大使が首位,https://www.daily.co.jp/society/world/2026/08/22/0020733482.shtml,https://news.ceek.jp/search.cgi?category_id=world&feed=1,ok,,国際
2026-08-22,2026-08-22T06:11:32.640340+09:00,全国紙,全国,産経新聞,ガイアナ国連大使が首位 国連事務総長選の第2回投票、UNCTAD事務局長ら2位...混戦,https://www.sankei.com/article/20260822-HBU7ZT76XZPU7NJKYOZZEKPTYA/,https://news.ceek.jp/search.cgi?category_id=world&feed=1,ok,,国際
2026-08-22,2026-08-22T06:11:32.640340+09:00,その他メディア,,フジテレビ,「車動かせない」突然の大雪に街混乱 羊など16万頭以上取り残される ボリビア 豪雨で洪水被害 2人死亡 タイ,https://www.fnn.jp/articles/-/1098714,https://news.ceek.jp/search.cgi?category_id=world&feed=1,ok,,国際
2026-08-22,2026-08-22T06:11:32.640340+09:00,その他メディア,,現代ビジネス,日本のギャルスタイルがK-POPで流行中!韓国の日本好感度を押し上げる「子供のころからのサブカル共通体験」,https://gendai.media/articles/-/170389,https://news.ceek.jp/search.cgi?category_id=world&feed=1,ok,,国際
2026-08-22,2026-08-22T06:11:32.640340+09:00,その他メディア,,現代ビジネス,米中がAI覇権で戦争をする時代に「持たざる国」の日本に進むべき道が見えないという重大問題,https://gendai.media/articles/-/170412,https://news.ceek.jp/search.cgi?category_id=world&feed=1,ok,,国際
2026-08-22,2026-08-22T06:11:32.640340+09:00,その他メディア,,JBpress,移民政策を厳格化しても支持は伸びず、スウェーデン総選挙が映す「右派化の限界」と保守分裂【土田陽介のユーラシアモニター】総選挙の前に首位を維持する社会民主党、背景に景気低迷と無党派層の「中心回帰」,https://jbpress.ismedia.jp/articles/-/96593,https://news.ceek.jp/search.cgi?category_id=world&feed=1,ok,,国際
2026-08-22,2026-08-22T06:11:32.640340+09:00,その他メディア,,JBpress,選挙を前に支持率低下で戦争を止められないネタニヤフ、国際社会に責任を負わぬトランプ、中東に和平は訪れないのか【舛添直言】パックス・アメリカーナを「完全終了」させたトランプ,https://jbpress.ismedia.jp/articles/-/96606,https://news.ceek.jp/search.cgi?category_id=world&feed=1,ok,,国際
2026-08-22,2026-08-22T06:11:32.640340+09:00,その他メディア,,JBpress,ベッセント財務長官の「米国債買い戻し」は本質から目をそらした弥縫策、識者が指摘する「危険なシグナル」,https://jbpress.ismedia.jp/articles/-/96612,https://news.ceek.jp/search.cgi?category_id=world&feed=1,ok,,国際
2026-08-22,2026-08-22T06:11:32.640340+09:00,全国紙,全国,産経新聞,イスラエルの西岸入植計画への批判が拡大 トルコやエジプトなど中東諸国も、英仏独に続き,https://www.sankei.com/article/20260822-CTIP23NXVBLPRKNARKXS22QC4I/,https://news.ceek.jp/search.cgi?category_id=world&feed=1,ok,,国際
2026-08-22,2026-08-22T06:11:32.640340+09:00,その他メディア,,デイリースポーツ,商業施設攻撃で14人死亡,https://www.daily.co.jp/society/world/2026/08/22/0020733465.shtml,https://news.ceek.jp/search.cgi?category_id=world&feed=1,ok,,国際
2026-08-22,2026-08-22T06:11:32.640340+09:00,全国紙,全国,産経新聞,ショッピングセンターに無人機攻撃14人死亡 120人負傷、ゼレンスキー氏は露軍を非難,https://www.sankei.com/article/20260822-2OQPGFYBQRJ4FB7MX5Q6TY6PEI/,https://news.ceek.jp/search.cgi?category_id=world&feed=1,ok,,国際
2026-08-22,2026-08-22T06:11:32.640340+09:00,全国紙,全国,産経新聞,高校で刃物、襲われた10代の2人重傷 スウェーデン、侵入した18歳の少年を逮捕,https://www.sankei.com/article/20260822-HGGROXANX5MVLIQ33CMVIL2UFE/,https://news.ceek.jp/search.cgi?category_id=world&feed=1,ok,,国際
2026-08-22,2026-08-22T06:11:32.640340+09:00,その他メディア,,ウクルインフォルム,ウクライナ南部のショッピングセンターへのロシア軍攻撃 死者15名、負傷者130名,https://www.ukrinform.jp/rubric-ato/4156454-ukuraina-nan-bunoshoppingusentahenoroshia-jun-gong-jisi-zheming-fu-shang-zheming.html,https://news.ceek.jp/search.cgi?category_id=world&feed=1,ok,,国際
2026-08-22,2026-08-22T06:11:32.640340+09:00,全国紙,全国,日本経済新聞,無人タクシーのウェイモ、半導体を自前で開発 NVIDIA依存脱却へ,https://www.nikkei.com/article/DGXZQOGN21ASF0R20C26A8000000/,https://news.ceek.jp/search.cgi?category_id=world&feed=1,ok,,国際
2026-08-22,2026-08-22T06:11:32.640340+09:00,全国紙,全国,日本経済新聞,国連事務総長選、ガイアナ国連大使が首位に 安保理の2回目の投票で,https://www.nikkei.com/article/DGXZQOGN2200O0S6A820C2000000/,https://news.ceek.jp/search.cgi?category_id=world&feed=1,ok,,国際
2026-08-22,2026-08-22T06:11:32.640340+09:00,その他メディア,,Pars Today,トルコが、シオニスト政権イスラエルのネタニヤフ首相の逮捕命令を出す,https://parstoday.ir/ja/news/world-i134188,https://news.ceek.jp/search.cgi?category_id=world&feed=1,ok,,国際
2026-08-22,2026-08-22T06:11:32.640340+09:00,その他メディア,,Pars Today,イラン外相が米政治家に警告;「この繰り返しの映画も失敗に終わる」,https://parstoday.ir/ja/news/iran-i134186,https://news.ceek.jp/search.cgi?category_id=world&feed=1,ok,,国際
2026-08-22,2026-08-22T06:11:32.640340+09:00,全国紙,全国,読売新聞,ウクライナ戦場で凄惨な体験・極度の緊張、軍内部に広がる薬物「これがもう一つの終わらない戦いになるとは」,https://www.yomiuri.co.jp/world/20260821-GYT1T00389/,https://news.ceek.jp/search.cgi?category_id=world&feed=1,ok,,国際
2026-08-22,2026-08-22T06:11:32.640340+09:00,全国紙,全国,読売新聞,[スキャナー]中国版GPS 勢力拡大 140以上の国・地域 軍事目的も...米対抗、日欧など連携,https://www.yomiuri.co.jp/world/20260821-GYT1T00392/,https://news.ceek.jp/search.cgi?category_id=world&feed=1,ok,,国際
2026-08-22,2026-08-22T06:11:32.640340+09:00,全国紙,全国,読売新聞,北、境界線「要塞化」28年完了 韓国報告 弾道ミサイル配備準備,https://www.yomiuri.co.jp/world/20260822-GYT1T00005/,https://news.ceek.jp/search.cgi?category_id=world&feed=1,ok,,国際
2026-08-22,2026-08-22T06:11:32.640340+09:00,全国紙,全国,読売新聞,イスラエル入植、撤回要求 ヨルダン川西岸 欧州6か国とカナダ,https://www.yomiuri.co.jp/world/20260822-GYT1T00006/,https://news.ceek.jp/search.cgi?category_id=world&feed=1,ok,,国際
2026-08-22,2026-08-22T06:11:32.640340+09:00,全国紙,全国,読売新聞,中国、インドネシア防衛協力 2プラス2 弾薬工場 共同建設,https://www.yomiuri.co.jp/world/20260822-GYT1T00007/,https://news.ceek.jp/search.cgi?category_id=world&feed=1,ok,,国際
2026-08-22,2026-08-22T06:11:32.640340+09:00,全国紙,全国,読売新聞,香港民主派団体 有罪 国安法違反、高裁判決 綱領に「一党独裁終結」,https://www.yomiuri.co.jp/world/20260822-GYT1T00009/,https://news.ceek.jp/search.cgi?category_id=world&feed=1,ok,,国際
2026-08-22,2026-08-22T06:11:32.640340+09:00,全国紙,全国,日本経済新聞,ベトナム首都ハノイ、「100年に1度」の大改造 日本人街も対象に,https://www.nikkei.com/article/DGXZQOGM046W90U6A800C2000000/,https://news.ceek.jp/search.cgi?category_id=world&feed=1,ok,,国際
2026-08-22,2026-08-22T06:11:32.640340+09:00,全国紙,全国,日本経済新聞,インド、聖地ガンジス川の火葬用の薪 40キロで約900円,https://www.nikkei.com/article/DGXZQOGM092DZ0Z00C26A8000000/,https://news.ceek.jp/search.cgi?category_id=world&feed=1,ok,,国際
2026-08-22,2026-08-22T06:11:32.640340+09:00,全国紙,全国,日本経済新聞,日本版CIAは見果てぬ夢か 「スパイより分析官」レジェンドの勧め,https://www.nikkei.com/article/DGXZQOGM189FX0Y6A810C2000000/,https://news.ceek.jp/search.cgi?category_id=world&feed=1,ok,,国際
2026-08-22,2026-08-22T06:11:32.640340+09:00,全国紙,全国,日本経済新聞,インドのゲーム、賭け禁止でも「稼げる」市場に スマホ課金は2倍,https://www.nikkei.com/article/DGXZQOUC039I50T00C26A8000000/,https://news.ceek.jp/search.cgi?category_id=world&feed=1,ok,,国際
2026-08-22,2026-08-22T06:11:32.640340+09:00,その他メディア,,テレビ朝日,ウクライナ中部の商業施設にロシアの攻撃 15人死亡 子ども含む130人負傷,https://news.tv-asahi.co.jp/news_international/articles/000527992.html,https://news.ceek.jp/search.cgi?category_id=world&feed=1,ok,,国際
2026-08-22,2026-08-22T06:11:32.640340+09:00,その他メディア,,Abema TIMES,ヨルダン川西岸の新入植地E1計画を各国非難 日本もイスラエルに「入植活動の完全凍結」要求,https://times.abema.tv/articles/-/10268512?page=1,https://news.ceek.jp/search.cgi?category_id=world&feed=1,ok,,国際
2026-08-22,2026-08-22T06:11:32.640340+09:00,全国紙,全国,日本経済新聞,減量薬に年400億円、米企業悩ます費用負担 福利厚生で対応割れる,https://www.nikkei.com/article/DGXZQOGN0802S0Y6A800C2000000/,https://news.ceek.jp/search.cgi?category_id=world&feed=1,ok,,国際
2026-08-22,2026-08-22T06:11:32.640340+09:00,全国紙,全国,日本経済新聞,欧州の銀行再編、イタリアが震源地 最古の商業銀が2行同時買収提案,https://www.nikkei.com/article/DGXZQOGR21A5U0R20C26A8000000/,https://news.ceek.jp/search.cgi?category_id=world&feed=1,ok,,国際
2026-08-22,2026-08-22T06:11:32.640340+09:00,全国紙,全国,日本経済新聞,マスクvsブラジル再燃 大統領選、Xの「おすすめ」表示制限が火種,https://www.nikkei.com/article/DGXZQOGN200EW0Q6A820C2000000/,https://news.ceek.jp/search.cgi?category_id=world&feed=1,ok,,国際
2026-08-22,2026-08-22T06:11:32.640340+09:00,その他メディア,,テレビ朝日,ヨルダン川西岸の新入植地E1計画を各国非難 日本もイスラエルに「入植活動の完全凍結」要求,https://news.tv-asahi.co.jp/news_international/articles/900197662.html,https://news.ceek.jp/search.cgi?category_id=world&feed=1,ok,,国際
2026-08-22,2026-08-22T06:11:32.640340+09:00,その他メディア,,共同通信,【速報】ウクライナ商業施設攻撃で14人死亡,https://www.47news.jp/14825463.html,https://news.ceek.jp/search.cgi?category_id=world&feed=1,ok,,国際
2026-08-22,2026-08-22T06:11:32.640340+09:00,全国紙,全国,読売新聞,イスラム圏8か国がイスラエル批判、入植地拡大は「国際法違反」...英仏独などに続き,https://www.yomiuri.co.jp/world/20260822-GYT1T00032/,https://news.ceek.jp/search.cgi?category_id=world&feed=1,ok,,国際
2026-08-22,2026-08-22T06:11:32.640340+09:00,全国紙,全国,日本経済新聞,サムスン半導体部門の賞与6000万円 スマホは60万円、組織不和生む,https://www.nikkei.com/article/DGXZQOGM215JD0R20C26A8000000/,https://news.ceek.jp/search.cgi?category_id=world&feed=1,ok,,国際
2026-08-22,2026-08-22T06:11:32.640340+09:00,全国紙,全国,読売新聞,ICCの赤根智子所長、「法の支配」堅持を加盟125の国と地域に訴え...米の制裁「組織潰しに本腰」,https://www.yomiuri.co.jp/world/20260821-GYT1T00412/,https://news.ceek.jp/search.cgi?category_id=world&feed=1,ok,,国際
2026-08-22,2026-08-22T06:11:32.640340+09:00,その他メディア,,フジテレビ,中国とインドネシア 防衛協力の強化で合意 台湾めぐる「外部の干渉に反対」,https://www.fnn.jp/articles/-/1099208,https://news.ceek.jp/search.cgi?category_id=world&feed=1,ok,,国際
2026-08-22,2026-08-22T06:11:32.640340+09:00,その他メディア,,TBSテレビ,中国・山東省の住宅街で爆発事故1人死亡2人行方不明 けが人複数 爆発物の違法保管が原因か,https://newsdig.tbs.co.jp/articles/-/2889311?display=1,https://news.ceek.jp/search.cgi?category_id=world&feed=1,ok,,国際
2026-08-22,2026-08-22T06:11:32.640340+09:00,その他メディア,,共同通信,【速報】ウクライナの商業施設に攻撃、5人死亡,https://www.47news.jp/14825431.html,https://news.ceek.jp/search.cgi?category_id=world&feed=1,ok,,国際
2026-08-22,2026-08-22T06:11:32.640340+09:00,全国紙,全国,日本経済新聞,8月の米製造業景況感、5カ月ぶりの低水準 新規受注の伸び鈍化で,https://www.nikkei.com/article/DGXZQOGN21AFT0R20C26A8000000/,https://news.ceek.jp/search.cgi?category_id=world&feed=1,ok,,国際
2026-08-22,2026-08-22T06:11:32.640340+09:00,その他メディア,,テレビ朝日,英ヘンリー王子 エルトン・ジョン氏らに支払い命令大衆紙側の訴訟費用として約20億円,https://news.tv-asahi.co.jp/news_international/articles/000527982.html,https://news.ceek.jp/search.cgi?category_id=world&feed=1,ok,,国際
2026-08-22,2026-08-22T06:11:32.640340+09:00,全国紙,全国,産経新聞,英裁判所、ヘンリー王子らに訴訟費用支払い命令 大衆紙の違法取材訴訟敗訴で,https://www.sankei.com/article/20260822-OYQGTA64XZNKHMYXLFTUBMNVLM/,https://news.ceek.jp/search.cgi?category_id=world&feed=1,ok,,国際
2026-08-22,2026-08-22T06:11:32.640340+09:00,その他メディア,,台湾国際放送,エティハド航空の機内で台湾を矮小化するアナウンス、外交部:謝罪と改善を要求,https://www.rti.org.tw/jp/news?uid=3&pid=227704,https://news.ceek.jp/search.cgi?category_id=world&feed=1,ok,,国際
2026-08-22,2026-08-22T06:11:32.640340+09:00,その他メディア,,アラブニュース,イラン大統領、優位な立場にある今こそ戦争を終わらせるべきと発言,https://www.arabnews.jp/article/middle-east/article_184710/,https://news.ceek.jp/search.cgi?category_id=world&feed=1,ok,,国際
2026-08-22,2026-08-22T06:11:32.640340+09:00,その他メディア,,newsclip.be,レクサスESセダンがタイで発売 BEVとHEVの価格が逆転,https://newsclip.be/thai-news/thai-economy/40940,https://news.ceek.jp/search.cgi?category_id=world&feed=1,ok,,国際
2026-08-22,2026-08-22T06:11:32.640340+09:00,全国紙,全国,読売新聞,[深層NEWS]ロシアが北方領周辺でミサイル演習、東野篤子氏「日本に経済制裁やめろと言いたいのだろう」,https://www.yomiuri.co.jp/world/20260821-GYT1T00361/,https://news.ceek.jp/search.cgi?category_id=world&feed=1,ok,,国際
2026-08-22,2026-08-22T06:11:32.640340+09:00,その他メディア,,newsclip.be,バンコク・レクサスの新店舗「レクサス・ヴィパワディ店」がグランドオープン,https://newsclip.be/thai-news/thai-economy/40933,https://news.ceek.jp/search.cgi?category_id=world&feed=1,ok,,国際
2026-08-22,2026-08-22T06:11:32.640340+09:00,その他メディア,,共同通信,【速報】米、天安門事件追悼団体幹部の有罪判決非難,https://www.47news.jp/14825338.html,https://news.ceek.jp/search.cgi?category_id=world&feed=1,ok,,国際
2026-08-22,2026-08-22T06:11:32.640340+09:00,全国紙,全国,産経新聞,「法の支配の終焉にさせない」米制裁のICC赤根所長がコメント 「日本の支援が鍵」,https://www.sankei.com/article/20260821-DCC3NZ7LMBN4ZKSNG5AEE7LU4M/,https://news.ceek.jp/search.cgi?category_id=world&feed=1,ok,,国際
2026-08-22,2026-08-22T06:11:32.640340+09:00,その他メディア,,ウクルインフォルム,北朝鮮がロシアに追加兵力を派遣した=ウクライナ情報総局,https://www.ukrinform.jp/rubric-ato/4156343-bei-chao-xiangaroshiani-zhui-jia-bing-liwo-pai-qianshitaukuraina-qing-bao-zong-ju.html,https://news.ceek.jp/search.cgi?category_id=world&feed=1,ok,,国際
2026-08-22,2026-08-22T06:11:32.640340+09:00,全国紙,全国,日本経済新聞,ICC赤根智子所長「日本の支援重要」 米国の制裁予期とコメント,https://www.nikkei.com/article/DGXZQOCB21AII0R20C26A8000000/,https://news.ceek.jp/search.cgi?category_id=world&feed=1,ok,,国際
2026-08-22,2026-08-22T06:11:32.640340+09:00,その他メディア,,ウクルインフォルム,チェコ大統領、1968年のソ連による占領とロシアの対ウクライナ戦争の類似性を指摘,https://www.ukrinform.jp/rubric-polytics/4156338-cheko-da-tong-lingniannoso-lianniyoru-zhan-lingtoroshiano-duiukuraina-zhan-zhengno-lei-shi-xingwo-zhi-zhai.html,https://news.ceek.jp/search.cgi?category_id=world&feed=1,ok,,国際
2026-08-22,2026-08-22T06:11:32.640340+09:00,その他メディア,,共同通信,赤根氏「日本の支援重要」 米制裁予期とコメント,https://www.47news.jp/14825149.html,https://news.ceek.jp/search.cgi?category_id=world&feed=1,ok,,国際
2026-08-22,2026-08-22T06:11:32.640340+09:00,その他メディア,,デイリースポーツ,赤根氏「日本の支援重要」,https://www.daily.co.jp/society/world/2026/08/21/0020732692.shtml,https://news.ceek.jp/search.cgi?category_id=world&feed=1,ok,,国際
2026-08-22,2026-08-22T06:11:32.640340+09:00,その他メディア,,ウクルインフォルム,ウクライナ保安庁、独立記念日前後のテロの可能性を警告,https://www.ukrinform.jp/rubric-society/4156318-ukuraina-bao-an-ting-du-li-ji-nian-ri-qian-hounoterono-ke-neng-xingwo-jing-gao.html,https://news.ceek.jp/search.cgi?category_id=world&feed=1,ok,,国際
2026-08-22,2026-08-22T06:11:32.640340+09:00,その他メディア,,テレビ朝日,セウタに移民用シェルター開設 不法移民問題で子ども約2000人残留 路上や海岸で野宿,https://news.tv-asahi.co.jp/news_international/articles/000527968.html,https://news.ceek.jp/search.cgi?category_id=world&feed=1,ok,,国際
2026-08-22,2026-08-22T06:11:32.640340+09:00,その他メディア,,アラブニュース,日本、イスラエルに対しヨルダン川西岸地区における違法入植地の拡大停止を要請,https://www.arabnews.jp/article/japan/article_184708/,https://news.ceek.jp/search.cgi?category_id=world&feed=1,ok,,国際
2026-08-22,2026-08-22T06:11:32.640340+09:00,その他メディア,,アラブニュース,トルコ、イスラエルのネタニヤフ首相に国際逮捕状を発行,https://www.arabnews.jp/article/middle-east/article_184712/,https://news.ceek.jp/search.cgi?category_id=world&feed=1,ok,,国際
2026-08-22,2026-08-22T06:11:32.640340+09:00,全国紙,全国,日本経済新聞,米国務省、アメリカの学者2人「中国が不当拘束」 釈放要求,https://www.nikkei.com/article/DGXZQOCB21A620R20C26A8000000/,https://news.ceek.jp/search.cgi?category_id=world&feed=1,ok,,国際
2026-08-22,2026-08-22T06:11:32.640340+09:00,その他メディア,,テレビ朝日,トランプにちなんだ名前に変更か 米新型空母 海軍が黒人水兵から変更検討と報道,https://news.tv-asahi.co.jp/news_international/articles/000527967.html,https://news.ceek.jp/search.cgi?category_id=world&feed=1,ok,,国際
2026-08-22,2026-08-22T06:11:32.640340+09:00,その他メディア,,デイリースポーツ,占領地入植計画の即時撤回を要求,https://www.daily.co.jp/society/world/2026/08/21/0020732458.shtml,https://news.ceek.jp/search.cgi?category_id=world&feed=1,ok,,国際
2026-08-22,2026-08-22T06:11:32.640340+09:00,その他メディア,,共同通信,占領地入植計画の即時撤回を要求 イスラエルに英仏独など11カ国,https://www.47news.jp/14824934.html,https://news.ceek.jp/search.cgi?category_id=world&feed=1,ok,,国際
2026-08-22,2026-08-22T06:11:32.640340+09:00,その他メディア,,swissinfo.ch,スイスの中立イニシアチブ ロシアが投票論戦に「介入」,https://www.swissinfo.ch/jpn/%e4%b8%ad%e7%ab%8b/%e3%82%b9%e3%82%a4%e3%82%b9%e3%81%ae%e4%b8%ad%e7%ab%8b%e3%82%a4%e3%83%8b%e3%82%b7%e3%82%a2%e3%83%81%e3%83%96%e3%80%80%e3%83%ad%e3%82%b7%e3%82%a2%e3%81%8c%e6%8a%95%e7%a5%a8%e8%ab%96%e6%88%a6%e3%81%ab%e3%80%8c%e4%bb%8b%e5%85%a5%e3%80%8d/91935037,https://news.ceek.jp/search.cgi?category_id=world&feed=1,ok,,国際
2026-08-22,2026-08-22T06:11:32.640340+09:00,その他メディア,,ベトナムの声,公安省 ホー・チ・ミン主席の貴重な記録映像を寄贈,https://vovworld.vn/ja-JP/niyusu/gongansheng-hochiminzhuxinoguizhongnajiluyingxiangwojizeng-2459789.vov5,https://news.ceek.jp/search.cgi?category_id=world&feed=1,ok,,国際
2026-08-22,2026-08-22T06:11:32.640340+09:00,その他メディア,,共同通信,【速報】英仏独などがイスラエル入植計画の撤回要求,https://www.47news.jp/14824743.html,https://news.ceek.jp/search.cgi?category_id=world&feed=1,ok,,国際
2026-08-22,2026-08-22T06:11:32.640340+09:00,全国紙,全国,日本経済新聞,ロシア人気アニメに制裁 ウクライナで「マーシャとくま」配信禁止,https://www.nikkei.com/article/DGXZQOCB219SU0R20C26A8000000/,https://news.ceek.jp/search.cgi?category_id=world&feed=1,ok,,国際
2026-08-22,2026-08-22T06:11:32.640340+09:00,その他メディア,,TBSテレビ,ヨーロッパで「ICCとの連帯」呼びかける声広がる 米・トランプ政権による赤根智子所長らの制裁対象指定受け,https://newsdig.tbs.co.jp/articles/-/2889209?display=1,https://news.ceek.jp/search.cgi?category_id=world&feed=1,ok,,国際
2026-08-22,2026-08-22T06:11:32.640340+09:00,その他メディア,,ベトナムの声,マン国会議長:「友好議員グループは議会協力の重要な架け橋」,https://vovworld.vn/ja-JP/niyusu/manguohuiyizhangyouhaoyiyuankurufuhayihuixielinozhongyaonajiakeqiao-2459786.vov5,https://news.ceek.jp/search.cgi?category_id=world&feed=1,ok,,国際
2026-08-22,2026-08-22T06:11:32.640340+09:00,全国紙,全国,読売新聞,米のロケット打ち上げや大気圏再突入、2030年までに年1000回以上へ引き上げ...トランプ氏が大統領覚書署名,https://www.yomiuri.co.jp/world/20260821-GYT1T00332/,https://news.ceek.jp/search.cgi?category_id=world&feed=1,ok,,国際
2026-08-22,2026-08-22T06:11:32.640340+09:00,その他メディア,,CNN.co.jp,水位低下の米ミード湖、22年には殺人事件の遺体も発見 謎はいまだに解けず,https://www.cnn.co.jp/usa/35251819.html,https://news.ceek.jp/search.cgi?category_id=world&feed=1,ok,,国際
2026-08-22,2026-08-22T06:11:32.640340+09:00,その他メディア,,TBSテレビ,通報15秒で現場へ...アメリカの学校で「防犯ドローン」導入 催涙弾や体当たりで銃撃犯に対峙【Nスタ解説】,https://newsdig.tbs.co.jp/articles/-/2889131?display=1,https://news.ceek.jp/search.cgi?category_id=world&feed=1,ok,,国際
2026-08-22,2026-08-22T06:11:32.640340+09:00,その他メディア,,日本テレビ,食料も水もなく...クーラーボックスで5日間漂流 漁師2人を救助 メキシコ,https://news.ntv.co.jp/category/international/2499023216ea44acad958b9f7bf81a6c,https://news.ceek.jp/search.cgi?category_id=world&feed=1,ok,,国際
2026-08-22,2026-08-22T06:11:32.640340+09:00,その他メディア,,ベトナムの声,ベトテル ドミニカ共和国で通信サービス提供へ,https://vovworld.vn/ja-JP/niyusu/hetoteru-tominikagongheguotetongxinsahisutigonghe-2459784.vov5,https://news.ceek.jp/search.cgi?category_id=world&feed=1,ok,,国際
2026-08-22,2026-08-22T06:11:32.640340+09:00,その他メディア,,共同通信,ロシア人気アニメ制作者に制裁 「マーシャとくま」禁止,https://www.47news.jp/14824479.html,https://news.ceek.jp/search.cgi?category_id=world&feed=1,ok,,国際
2026-08-22,2026-08-22T06:11:32.640340+09:00,その他メディア,,デイリースポーツ,ロシア人気アニメ制作者に制裁,https://www.daily.co.jp/society/world/2026/08/21/0020732013.shtml,https://news.ceek.jp/search.cgi?category_id=world&feed=1,ok,,国際
2026-08-22,2026-08-22T06:11:32.640340+09:00,その他メディア,,TBSテレビ,米・トランプ政権の制裁めぐり ICC赤根智子所長「重要なのは国際的な『法の支配』の終焉の始まりとさせないこと」,https://newsdig.tbs.co.jp/articles/-/2889152?display=1,https://news.ceek.jp/search.cgi?category_id=world&feed=1,ok,,国際
2026-08-22,2026-08-22T06:11:32.640340+09:00,その他メディア,,日本テレビ,ICC赤根所長への支持表明広がる トランプ政権が制裁対象に指定,https://news.ntv.co.jp/category/international/de719b5ee0b64321984b4d8577c6d457,https://news.ceek.jp/search.cgi?category_id=world&feed=1,ok,,国際
2026-08-22,2026-08-22T06:11:32.640340+09:00,その他メディア,,ベトナムの声,JICA、都市洪水対策で国際会議,https://vovworld.vn/ja-JP/niyusu/jicadoushihongshuiduiceteguojihuiyi-2459720.vov5,https://news.ceek.jp/search.cgi?category_id=world&feed=1,ok,,国際
2026-08-22,2026-08-22T06:11:32.640340+09:00,その他メディア,,英国ニュースダイジェスト,戦闘機開発へ協力継続―日英首脳、初の電話会談,https://www.news-digest.co.uk/news/news/uk-news/27330-2026-08-21.html,https://news.ceek.jp/search.cgi?category_id=world&feed=1,ok,,国際
2026-08-22,2026-08-22T06:11:32.640340+09:00,その他メディア,,TBSテレビ,容疑者のアパートを訪れた捜査員たちに不運 足もとの木製デッキが突然崩れ2階から一斉に落下 アメリカ・ミズーリ州,https://newsdig.tbs.co.jp/articles/-/2889115?display=1,https://news.ceek.jp/search.cgi?category_id=world&feed=1,ok,,国際
2026-08-22,2026-08-22T06:11:32.640340+09:00,全国紙,全国,読売新聞,高市首相から送られたメロン巡る言動で物議、アルバニージー豪首相「明らかに間違いだった」...謝罪の言葉なし,https://www.yomiuri.co.jp/world/20260821-GYT1T00305/,https://news.ceek.jp/search.cgi?category_id=world&feed=1,ok,,国際
2026-08-22,2026-08-22T06:11:32.640340+09:00,その他メディア,,アラブニュース,エチオピアのダムをめぐる紛争とエジプトの「自衛権」,https://www.arabnews.jp/article/middle-east/article_184704/,https://news.ceek.jp/search.cgi?category_id=world&feed=1,ok,,国際
2026-08-22,2026-08-22T06:11:32.640340+09:00,全国紙,全国,産経新聞,高市首相贈呈のメロン巡り下品なやり取り「2個...」豪首相が反省 出演は「間違いだった」,https://www.sankei.com/article/20260821-T66PKDZ3UJNUPI5JQCGS2LKSNY/,https://news.ceek.jp/search.cgi?category_id=world&feed=1,ok,,国際
2026-08-22,2026-08-22T06:11:32.640340+09:00,全国紙,全国,産経新聞,仏独、香港民主派、鄒氏の即時釈放要求 23年の人権賞受賞者 「人権擁護は犯罪ではない」,https://www.sankei.com/article/20260821-EFKXP5X3XFP5FFA5D3KV2WVV44/,https://news.ceek.jp/search.cgi?category_id=world&feed=1,ok,,国際
2026-08-22,2026-08-22T06:11:32.640340+09:00,その他メディア,,日本テレビ,香港で天安門事件の追悼集会...民主派団体の幹部2人に有罪判決,https://news.ntv.co.jp/category/international/60d1193859a04fda9e585ac07e08c13c,https://news.ceek.jp/search.cgi?category_id=world&feed=1,ok,,国際
2026-08-22,2026-08-22T06:11:32.640340+09:00,地方紙,鹿児島,南日本新聞,J3鹿児島ユナイテッド、きょう22日ホームで岐阜戦 連動した守備で主導権を,https://373news.com/news/local/detail/238369/,https://news.ceek.jp/search.cgi?category_id=local&feed=1,ok,,地方・地域
2026-08-22,2026-08-22T06:11:32.640340+09:00,地方紙,鹿児島,南日本新聞,西之表市の自衛隊宿舎建設地ごみ処理負担覚書、市議「信頼崩れる」「文書の存在重い」と批判相次ぐ,https://373news.com/news/local/detail/238373/,https://news.ceek.jp/search.cgi?category_id=local&feed=1,ok,,地方・地域
2026-08-22,2026-08-22T06:11:32.640340+09:00,地方紙,鹿児島,南日本新聞,不祥事再発防止、何が効果ある? 鹿児島県警3000人に聞いた――「県民からの感謝の手紙」46.2%で最多...一部は「マンネリ化」「負担」の声も,https://373news.com/news/local/detail/238380/,https://news.ceek.jp/search.cgi?category_id=local&feed=1,ok,,地方・地域
2026-08-22,2026-08-22T06:11:32.640340+09:00,全国紙,全国,読売新聞,中京テレビ BIZIT 「カメヤマ」...需要減 海外に勝機,https://www.yomiuri.co.jp/local/chubu/feature/20260821-GYTAT00034/,https://news.ceek.jp/search.cgi?category_id=local&feed=1,ok,,地方・地域
2026-08-22,2026-08-22T06:11:32.640340+09:00,全国紙,全国,読売新聞,あの「微塵」が、「万力鎖」が原画と共に展示...「落第忍者乱太郎」今年の企画展,https://www.yomiuri.co.jp/local/kansai/news/20260821-GYO1T00150/,https://news.ceek.jp/search.cgi?category_id=local&feed=1,ok,,地方・地域
2026-08-22,2026-08-22T06:11:32.640340+09:00,その他メディア,,TBSテレビ,鳥取の港町の宝くじ売り場で...わずか半年間で「総額8億円」当選 バレンタインジャンボで2等1億円、サマージャンボでは1等・前後賞合わせて7億円の大当たり 短期間で高額当選続くのは「全国でも極めて稀なこと」,https://newsdig.tbs.co.jp/articles/-/2888286?display=1,https://news.ceek.jp/search.cgi?category_id=local&feed=1,ok,,地方・地域
2026-08-22,2026-08-22T06:11:32.640340+09:00,地方紙,広島,中国新聞,NY円、158円94銭~159円04銭,https://www.chugoku-np.co.jp/articles/-/883089,https://news.ceek.jp/search.cgi?category_id=local&feed=1,ok,,地方・地域
2026-08-22,2026-08-22T06:11:32.640340+09:00,その他メディア,,TBSテレビ,県職員の男がパトカー内で警察官に暴行し現行犯逮捕 飲酒運転容疑の可能性強まり警察署へ任意同行中 パトカーを運転していた警察官の肩をこぶしで殴る 長野・安曇野市,https://newsdig.tbs.co.jp/articles/-/2889361?display=1,https://news.ceek.jp/search.cgi?category_id=local&feed=1,ok,,地方・地域
2026-08-22,2026-08-22T06:11:32.640340+09:00,地方紙,広島,中国新聞,アニメ業界はらむ労災問題,https://www.chugoku-np.co.jp/articles/-/883088,https://news.ceek.jp/search.cgi?category_id=local&feed=1,ok,,地方・地域
2026-08-22,2026-08-22T06:11:32.640340+09:00,その他メディア,,佐賀新聞,柔道男子個人60キロ級で久保(昭栄)が準優勝 全国中学校体育大会 55キロ級の茶圓(昭栄)が5位入賞,https://www.saga-s.co.jp/articles/-/1775685,https://news.ceek.jp/search.cgi?category_id=local&feed=1,ok,,地方・地域
2026-08-22,2026-08-22T06:11:32.640340+09:00,全国紙,全国,中日新聞,ガイアナ国連大使が首位 国連総長選の第2回投票,https://www.chunichi.co.jp/article/1299989,https://news.ceek.jp/search.cgi?category_id=local&feed=1,ok,,地方・地域
2026-08-22,2026-08-22T06:11:32.640340+09:00,その他メディア,,山梨日日新聞,今朝の気温(22日午前6時),https://www.sannichi.co.jp/article/2026/08/22/80717577,https://news.ceek.jp/search.cgi?category_id=local&feed=1,ok,,地方・地域
2026-08-22,2026-08-22T06:11:32.640340+09:00,地方紙,広島,中国新聞,ガイアナ国連大使が首位,https://www.chugoku-np.co.jp/articles/-/883087,https://news.ceek.jp/search.cgi?category_id=local&feed=1,ok,,地方・地域
2026-08-22,2026-08-22T06:11:32.640340+09:00,全国紙,全国,毎日新聞,「チリン、チリン」の音涼やかに 広島で1000個の風鈴まつり,https://mainichi.jp/articles/20260821/k00/00m/040/095000c,https://news.ceek.jp/search.cgi?category_id=local&feed=1,ok,,地方・地域
2026-08-22,2026-08-22T06:11:32.640340+09:00,その他メディア,,TBSテレビ,"「自分の力がどこまで通用するかわからなくなってしまう...」廃止決定の“全中相撲"" 消えゆく“最高峰の舞台""に悲しむ生徒も... それでも勝負のラストイヤーの大一番は「いい相撲をとって、いい結果を残したい」",https://newsdig.tbs.co.jp/articles/-/2888488?display=1,https://news.ceek.jp/search.cgi?category_id=local&feed=1,ok,,地方・地域
2026-08-22,2026-08-22T06:11:32.640340+09:00,その他メディア,,札幌テレビ,札幌市民に根付き始めた川見 思い思いの時間をゆったりと おいしいグルメを川辺で楽しむ!豊平川,https://www.stv.jp/news/stvnews/kiji/st2eff4c35fad64731896c59fafed2dff2.html,https://news.ceek.jp/search.cgi?category_id=local&feed=1,ok,,地方・地域
2026-08-22,2026-08-22T06:11:32.640340+09:00,その他メディア,,福井新聞,もんじゅ、模擬燃料残し原子炉解体へ 取り出し作業を変更 日本原子力研究開発機構、月内に申請,https://www.fukuishimbun.co.jp/articles/-/2679977,https://news.ceek.jp/search.cgi?category_id=local&feed=1,ok,,地方・地域
2026-08-22,2026-08-22T06:11:32.640340+09:00,その他メディア,,東海テレビ,約2週間水を出しっぱなしに...中学校のプールで教員が誤った給水バルブ開ける 水道料金は1.8倍の約112万円に,https://www.tokai-tv.com/tokainews/feature/article_20260822_47886,https://news.ceek.jp/search.cgi?category_id=local&feed=1,ok,,地方・地域
2026-08-22,2026-08-22T06:11:32.640340+09:00,その他メディア,,山陽新聞,人を大切にする経営に理解を 9月18日 岡山でフォーラム,https://www.sanyonews.jp/article/1975199/,https://news.ceek.jp/search.cgi?category_id=local&feed=1,ok,,地方・地域
2026-08-22,2026-08-22T06:11:32.640340+09:00,その他メディア,,中部日本放送,祝い花に著名人の名前を無断使用、どんな罪に問われる?,https://hicbc.com/magazine/article/?id=radichubu-64689,https://news.ceek.jp/search.cgi?category_id=local&feed=1,ok,,地方・地域
2026-08-22,2026-08-22T06:11:32.640340+09:00,その他メディア,,TBSテレビ,災害関連死をなくしたい 10年前の関連死遺族が対策事例集を公開 「災害関連死を考える会」のサイトで閲覧可能 熊本地震,https://newsdig.tbs.co.jp/articles/-/2887192?display=1,https://news.ceek.jp/search.cgi?category_id=local&feed=1,ok,,地方・地域
2026-08-22,2026-08-22T06:11:32.640340+09:00,全国紙,全国,中日新聞,為替相場 22日(日本時間 6時),https://www.chunichi.co.jp/article/1299984,https://news.ceek.jp/search.cgi?category_id=local&feed=1,ok,,地方・地域
2026-08-22,2026-08-22T06:11:32.640340+09:00,その他メディア,,宮崎日日新聞,被爆地・長崎思い千羽鶴 串間・北方小6年生が贈る,https://www.the-miyanichi.co.jp/chiiki-2/kennan/1019444.html,https://news.ceek.jp/search.cgi?category_id=local&feed=1,ok,,地方・地域
2026-08-22,2026-08-22T06:11:32.640340+09:00,その他メディア,,Jタウンネット,サービスエリアに小学生が置き去りにされた 大パニックの子に近づいてきたトラックの運転手(熊本県・30代男性),https://j-town.net/2026/08/22367029.html,https://news.ceek.jp/search.cgi?category_id=local&feed=1,ok,,地方・地域
2026-08-22,2026-08-22T06:11:32.640340+09:00,地方紙,宮城,河北新報,インターハイ・陸上競技の夜間開催って定着するの?<教えてピョン博士>,https://kahoku.news/articles/20260821khn000025.html,https://news.ceek.jp/search.cgi?category_id=local&feed=1,ok,,地方・地域
2026-08-22,2026-08-22T06:11:32.640340+09:00,地方紙,宮城,河北新報,アマゾンの荷物仕分け作業を児童が体験 宮城・利府の配送拠点,https://kahoku.news/articles/20260821khn000030.html,https://news.ceek.jp/search.cgi?category_id=local&feed=1,ok,,地方・地域
2026-08-22,2026-08-22T06:11:32.640340+09:00,地方紙,宮城,河北新報,身近な困りごとや要望はLINEで地方議員に 福島・飯舘村議がAIチャットサービス「ふくしま桃子」開始,https://kahoku.news/articles/20260821khn000033.html,https://news.ceek.jp/search.cgi?category_id=local&feed=1,ok,,地方・地域
2026-08-22,2026-08-22T06:11:32.640340+09:00,地方紙,宮城,河北新報,千葉豪雨でも被害の「内水氾濫」 仙台市が新たな浸水想定を公表 冠水リスクありのアンダーパスは22カ所,https://kahoku.news/articles/20260821khn000034.html,https://news.ceek.jp/search.cgi?category_id=local&feed=1,ok,,地方・地域
2026-08-22,2026-08-22T06:11:32.640340+09:00,地方紙,宮城,河北新報,しょうゆ、くるみ、黒ごま もっちり麺は心づくしの味 「三種たれうーめん」きちみ製麺(宮城県白石市) <イチオシ!>,https://kahoku.news/articles/20260821khn000037.html,https://news.ceek.jp/search.cgi?category_id=local&feed=1,ok,,地方・地域
2026-08-22,2026-08-22T06:11:32.640340+09:00,地方紙,宮城,河北新報,洋装に熟練の技磨き62年 テーラーサトウ(宮城県涌谷町)代表 佐藤章さん<経在人>,https://kahoku.news/articles/20260821khn000041.html,https://news.ceek.jp/search.cgi?category_id=local&feed=1,ok,,地方・地域
2026-08-22,2026-08-22T06:11:32.640340+09:00,地方紙,宮城,河北新報,バスケBプレミア開幕まで1カ月 仙台89ERS・志村雄彦社長インタビュー「地方クラブの成功モデルになりたい」<オンライン限定・ロングバージョン>,https://kahoku.news/articles/20260821khn000043.html,https://news.ceek.jp/search.cgi?category_id=local&feed=1,ok,,地方・地域
2026-08-22,2026-08-22T06:11:32.640340+09:00,地方紙,宮城,河北新報,秋田内陸線のアクリル模型発売 大阪の車両メーカーが制作,https://kahoku.news/articles/20260821khn000059.html,https://news.ceek.jp/search.cgi?category_id=local&feed=1,ok,,地方・地域
2026-08-22,2026-08-22T06:11:32.640340+09:00,地方紙,宮城,河北新報,基礎から学べるAI デジタルゴリラ(仙台市)が企業向け教材発売 継続的な活用もサポート,https://kahoku.news/articles/20260821khn000060.html,https://news.ceek.jp/search.cgi?category_id=local&feed=1,ok,,地方・地域
2026-08-22,2026-08-22T06:11:32.640340+09:00,地方紙,宮城,河北新報,7月の消費者物価指数 仙台1.2%上昇 中東情勢悪化で食品中心に高止まり,https://kahoku.news/articles/20260821khn000076.html,https://news.ceek.jp/search.cgi?category_id=local&feed=1,ok,,地方・地域
2026-08-22,2026-08-22T06:11:32.640340+09:00,地方紙,宮城,河北新報,冠水恐れのアンダーパス22箇所 仙台市議会常任委 市担当者「啓発など対策続ける」,https://kahoku.news/articles/20260821khn000080.html,https://news.ceek.jp/search.cgi?category_id=local&feed=1,ok,,地方・地域
2026-08-22,2026-08-22T06:11:32.640340+09:00,地方紙,宮城,河北新報,誘客強化へ知恵絞る 「パークフェス」で2万人集客<東北・Jスタジアム考(下)仙台>,https://kahoku.news/articles/20260821khn000090.html,https://news.ceek.jp/search.cgi?category_id=local&feed=1,ok,,地方・地域
2026-08-22,2026-08-22T06:11:32.640340+09:00,その他メディア,,NEWSつくば,筑波山から霞ケ浦へつながる「水と緑の骨格」《宍塚の里山》139,https://newstsukuba.jp/62157/22/08/,https://news.ceek.jp/search.cgi?category_id=local&feed=1,ok,,地方・地域
2026-08-22,2026-08-22T06:11:32.640340+09:00,全国紙,全国,朝日新聞,築100年の洋館が変えた人生 東京を離れて見つけた働き方,https://www.asahi.com/articles/ASV7J4T52V7JOXIE01JM.html,https://news.ceek.jp/search.cgi?category_id=local&feed=1,ok,,地方・地域
2026-08-22,2026-08-22T06:11:32.640340+09:00,全国紙,全国,朝日新聞,戦争への無関心「あらがいたい」 ガザの日常、アニメで描いた理由は,https://www.asahi.com/articles/ASV8L1D34V8LOXIE00NM.html,https://news.ceek.jp/search.cgi?category_id=local&feed=1,ok,,地方・地域
2026-08-22,2026-08-22T06:11:32.640340+09:00,全国紙,全国,朝日新聞,健大高崎は「自由すぎる」 ルールなき寮生活、芽生えたのは「自律」,https://www.asahi.com/articles/ASV8P349VV8PUTQP00VM.html,https://news.ceek.jp/search.cgi?category_id=local&feed=1,ok,,地方・地域
2026-08-22,2026-08-22T06:11:32.640340+09:00,全国紙,全国,朝日新聞,悔し涙のミーティング、バスで熱唱した歌 健大高崎が一つになるまで,https://www.asahi.com/articles/ASV8P3FW5V8PUTQP00PM.html,https://news.ceek.jp/search.cgi?category_id=local&feed=1,ok,,地方・地域
2026-08-22,2026-08-22T06:11:32.640340+09:00,全国紙,全国,朝日新聞,「強打の智弁和歌山」は低反発バットをどう攻略? 答えは簡単だった,https://www.asahi.com/articles/ASV8P3SD7V8PPTQP00LM.html,https://news.ceek.jp/search.cgi?category_id=local&feed=1,ok,,地方・地域
2026-08-22,2026-08-22T06:11:32.640340+09:00,全国紙,全国,朝日新聞,「夢なんじゃないかな」 健大高崎・石田主将を支えた母のメッセージ,https://www.asahi.com/articles/ASV8P3TBQV8PPLZB00SM.html,https://news.ceek.jp/search.cgi?category_id=local&feed=1,ok,,地方・地域
2026-08-22,2026-08-22T06:11:32.640340+09:00,全国紙,全国,朝日新聞,よく入れ替わる全国大会出場団体 今年は? 東北吹奏楽コン開幕,https://www.asahi.com/articles/ASV8P4SLGV8POXIE037M.html,https://news.ceek.jp/search.cgi?category_id=local&feed=1,ok,,地方・地域
2026-08-22,2026-08-22T06:11:32.640340+09:00,その他メディア,,岩手日報,ヒマワリ6000本の巨大迷路、笑顔も満開 八幡平市,https://www.iwate-np.co.jp/article/2026/8/22/196151,https://news.ceek.jp/search.cgi?category_id=local&feed=1,ok,,地方・地域
2026-08-22,2026-08-22T06:11:32.640340+09:00,その他メディア,,神奈川新聞,顔の見える関係を 海老名市、災害備え全国15市町と連絡会,https://www.kanaloco.jp/news/government/article-1298767.html,https://news.ceek.jp/search.cgi?category_id=local&feed=1,ok,,地方・地域
2026-08-22,2026-08-22T06:11:32.640340+09:00,その他メディア,,神奈川新聞,特殊詐欺が増加傾向、郵便局かたる手口も キャラ「ぽすくま」も注意喚起,https://www.kanaloco.jp/news/social/article-1298655.html,https://news.ceek.jp/search.cgi?category_id=local&feed=1,ok,,地方・地域
2026-08-22,2026-08-22T06:11:32.640340+09:00,地方紙,京都,京都新聞,【京都の歴史】京都市東山区の「石川五右衛門の墓」 戒名の謎、かつては石を削る人も,https://www.kyoto-np.co.jp/articles/-/1727901,https://news.ceek.jp/search.cgi?category_id=local&feed=1,ok,,地方・地域
2026-08-22,2026-08-22T06:11:32.640340+09:00,地方紙,京都,京都新聞,「結婚指輪買った店が」創業131年の京都の老舗閉店◆京の漬物会社、自己破産申請◆創業77年運送会社も,https://www.kyoto-np.co.jp/articles/-/1775023,https://news.ceek.jp/search.cgi?category_id=local&feed=1,ok,,地方・地域
2026-08-22,2026-08-22T06:11:32.640340+09:00,地方紙,京都,京都新聞,京都サンガ、第7節柏戦が9月11日に開催と発表,https://www.kyoto-np.co.jp/articles/-/1775970,https://news.ceek.jp/search.cgi?category_id=local&feed=1,ok,,地方・地域
2026-08-22,2026-08-22T06:11:32.640340+09:00,その他メディア,,室蘭民報,盆踊り大会にぎやかに 高砂町会,https://www.muromin.jp/news.php?id=148769,https://news.ceek.jp/search.cgi?category_id=local&feed=1,ok,,地方・地域
2026-08-22,2026-08-22T06:11:32.640340+09:00,その他メディア,,奈良新聞,あす23日「処暑」 涼風、いまだ気配なし 奈良公園のサルスベリ満開,https://www.nara-np.co.jp/news/20260822210100.html,https://news.ceek.jp/search.cgi?category_id=local&feed=1,ok,,地方・地域
2026-08-22,2026-08-22T06:11:32.640340+09:00,その他メディア,,奈良新聞,「全国植樹祭」成功へ準備 奈良県実行委総会,https://www.nara-np.co.jp/news/20260822210236.html,https://news.ceek.jp/search.cgi?category_id=local&feed=1,ok,,地方・地域
2026-08-22,2026-08-22T06:11:32.640340+09:00,その他メディア,,奈良新聞,構成資産から外れた大和三山、重要性の再認識を 奈良芸術短期大学特任教授の前園実知雄さん(80) - 私の「飛鳥・藤原」物語(3),https://www.nara-np.co.jp/news/20260822210300.html,https://news.ceek.jp/search.cgi?category_id=local&feed=1,ok,,地方・地域
2026-08-22,2026-08-22T06:11:32.640340+09:00,地方紙,長野,信濃毎日新聞,斜面(8月22日)ゆでガエル?,https://www.shinmai.co.jp/news/article/gf01da42buoh93r5kiremrj0,https://news.ceek.jp/search.cgi?category_id=local&feed=1,ok,,地方・地域
2026-08-22,2026-08-22T06:11:32.640340+09:00,地方紙,長野,信濃毎日新聞,〈社説〉首相のSNS 記録に残る発信が必要だ,https://www.shinmai.co.jp/news/article/gf01da42cdoh93r5kiremrsg,https://news.ceek.jp/search.cgi?category_id=local&feed=1,ok,,地方・地域
2026-08-22,2026-08-22T06:11:32.640340+09:00,地方紙,長野,信濃毎日新聞,〈社説〉国旗損壊罪法 国会は廃止に向けて動け,https://www.shinmai.co.jp/news/article/gf01da43h5gh93r5kiren3kg,https://news.ceek.jp/search.cgi?category_id=local&feed=1,ok,,地方・地域
2026-08-22,2026-08-22T06:11:32.640340+09:00,その他メディア,,宮崎日日新聞,【みやざきロングセラー物語】ウエットスーツ「gsuits」 G-スタイル(宮崎市),https://www.the-miyanichi.co.jp/miyabiz/plan/1029992.html,https://news.ceek.jp/search.cgi?category_id=local&feed=1,ok,,地方・地域
2026-08-22,2026-08-22T06:11:32.640340+09:00,その他メディア,,宮崎日日新聞,国スポ・障スポ機運醸成へ 都城で来月1年前催し,https://www.the-miyanichi.co.jp/today/kennaiippan/1030007.html,https://news.ceek.jp/search.cgi?category_id=local&feed=1,ok,,地方・地域
2026-08-22,2026-08-22T06:11:32.640340+09:00,その他メディア,,宮崎日日新聞,宮崎国スポへ 都城・クロキリスタジアムで初リハーサル大会,https://www.the-miyanichi.co.jp/today/kennaiippan/1030016.html,https://news.ceek.jp/search.cgi?category_id=local&feed=1,ok,,地方・地域
2026-08-22,2026-08-22T06:11:32.640340+09:00,その他メディア,,宮崎日日新聞,宮崎・日向市総合体育館 愛称「ひよざえもんアリーナ日向」に,https://www.the-miyanichi.co.jp/today/kennaiippan/1030022.html,https://news.ceek.jp/search.cgi?category_id=local&feed=1,ok,,地方・地域
2026-08-22,2026-08-22T06:11:32.640340+09:00,その他メディア,,宮崎日日新聞,宮崎・綾町の広沢ダム貯水率低下、取水制限強化,https://www.the-miyanichi.co.jp/today/kennaiippan/1030052.html,https://news.ceek.jp/search.cgi?category_id=local&feed=1,ok,,地方・地域
2026-08-22,2026-08-22T06:11:32.640340+09:00,その他メディア,,宮崎日日新聞,宮崎・三股町町長選、立候補予定者公開討論会,https://www.the-miyanichi.co.jp/today/kennaiippan/1030058.html,https://news.ceek.jp/search.cgi?category_id=local&feed=1,ok,,地方・地域
2026-08-22,2026-08-22T06:11:32.640340+09:00,その他メディア,,宮崎日日新聞,宮崎県教委の障害者雇用率2・34% 8年連続法定下回る,https://www.the-miyanichi.co.jp/today/kennaiippan/1030061.html,https://news.ceek.jp/search.cgi?category_id=local&feed=1,ok,,地方・地域
2026-08-22,2026-08-22T06:11:32.640340+09:00,全国紙,全国,読売新聞,「お風呂一緒に入らんか」男性からのカスハラにも「私が我慢しなきゃ」...介護現場は変わるのか、従業員守る対策を事業主に義務付け目前,https://www.yomiuri.co.jp/local/kansai/news/20260821-GYO1T00166/,https://news.ceek.jp/search.cgi?category_id=local&feed=1,ok,,地方・地域
2026-08-22,2026-08-22T06:11:32.640340+09:00,全国紙,全国,読売新聞,香川県知事選挙で電子投票を導入、期日前投票は前回の9.69倍...候補者名をタッチペンで選ぶ「簡単だった」,https://www.yomiuri.co.jp/local/kansai/news/20260821-GYO1T00170/,https://news.ceek.jp/search.cgi?category_id=local&feed=1,ok,,地方・地域
2026-08-22,2026-08-22T06:11:32.640340+09:00,全国紙,全国,読売新聞,阪神・森下翔太が打てば佐藤輝明も打つ、ともに今季30号...連覇へ「お互いに刺激」,https://www.yomiuri.co.jp/local/kansai/news/20260821-GYO1T00188/,https://news.ceek.jp/search.cgi?category_id=local&feed=1,ok,,地方・地域
2026-08-22,2026-08-22T06:11:32.640340+09:00,その他メディア,,山口新聞,最低賃金、山口など20府県目安超え/33都道府県中間集計 上乗せ額は縮小,https://yama.minato-yamaguchi.co.jp/e-yama/articles/109811,https://news.ceek.jp/search.cgi?category_id=local&feed=1,ok,,地方・地域
2026-08-22,2026-08-22T06:11:32.640340+09:00,その他メディア,,山口新聞,岐路に立つ行政関与の観光施設/四季風(大),https://yama.minato-yamaguchi.co.jp/e-yama/articles/109812,https://news.ceek.jp/search.cgi?category_id=local&feed=1,ok,,地方・地域
2026-08-22,2026-08-22T06:11:32.640340+09:00,その他メディア,,山口新聞,都志見病院が病床半減へ/支援金で経営改善図る 萩市の医療圏調整会議,https://yama.minato-yamaguchi.co.jp/e-yama/articles/109813,https://news.ceek.jp/search.cgi?category_id=local&feed=1,ok,,地方・地域
2026-08-22,2026-08-22T06:11:32.640340+09:00,その他メディア,,山口新聞,下関市立大学、水産大学9人を任命/下関市選挙啓発サポーター,https://yama.minato-yamaguchi.co.jp/e-yama/articles/109814,https://news.ceek.jp/search.cgi?category_id=local&feed=1,ok,,地方・地域
2026-08-22,2026-08-22T06:11:32.640340+09:00,その他メディア,,山口新聞,下松市議会が熊本義援金40万円送付,https://yama.minato-yamaguchi.co.jp/e-yama/articles/109815,https://news.ceek.jp/search.cgi?category_id=local&feed=1,ok,,地方・地域
2026-08-22,2026-08-22T06:11:32.640340+09:00,その他メディア,,山口新聞,【山口県】知事の予定/2026年8月22日,https://yama.minato-yamaguchi.co.jp/e-yama/articles/109816,https://news.ceek.jp/search.cgi?category_id=local&feed=1,ok,,地方・地域
2026-08-22,2026-08-22T06:11:32.640340+09:00,その他メディア,,山口新聞,【山口県】首長の予定/2026年8月22日,https://yama.minato-yamaguchi.co.jp/e-yama/articles/109817,https://news.ceek.jp/search.cgi?category_id=local&feed=1,ok,,地方・地域
2026-08-22,2026-08-22T06:11:32.640340+09:00,その他メディア,,山口新聞,山口県スポーツ協会に山口銀行が500万円寄付,https://yama.minato-yamaguchi.co.jp/e-yama/articles/109818,https://news.ceek.jp/search.cgi?category_id=local&feed=1,ok,,地方・地域
2026-08-22,2026-08-22T06:11:32.640340+09:00,その他メディア,,山口新聞,山口県内夏季賞与平均85万円5.6%増,https://yama.minato-yamaguchi.co.jp/e-yama/articles/109819,https://news.ceek.jp/search.cgi?category_id=local&feed=1,ok,,地方・地域
2026-08-22,2026-08-22T06:11:32.640340+09:00,その他メディア,,山口新聞,山口県社会福祉協議会に5万円寄付/住友生命山口支社,https://yama.minato-yamaguchi.co.jp/e-yama/articles/109820,https://news.ceek.jp/search.cgi?category_id=local&feed=1,ok,,地方・地域
2026-08-22,2026-08-22T06:11:32.640340+09:00,その他メディア,,山口新聞,日別の天気予報2週間先まで/警報級の可能性伝える 防災、産業に活用期待,https://yama.minato-yamaguchi.co.jp/e-yama/articles/109821,https://news.ceek.jp/search.cgi?category_id=local&feed=1,ok,,地方・地域
2026-08-22,2026-08-22T06:11:32.640340+09:00,その他メディア,,山口新聞,育児サービス利用に税優遇/仕事と両立後押し経産省,https://yama.minato-yamaguchi.co.jp/e-yama/articles/109822,https://news.ceek.jp/search.cgi?category_id=local&feed=1,ok,,地方・地域
2026-08-22,2026-08-22T06:11:32.640340+09:00,その他メディア,,山口新聞,「イノベーションを考える」/中央大学ビジネススクールの生稲史彦教授、周南市の県民共済で講義,https://yama.minato-yamaguchi.co.jp/e-yama/articles/109823,https://news.ceek.jp/search.cgi?category_id=local&feed=1,ok,,地方・地域
2026-08-22,2026-08-22T06:11:32.640340+09:00,その他メディア,,山口新聞,介護福祉士目指す学生2人に奨学金/生命保険協会山口県協会が授与式,https://yama.minato-yamaguchi.co.jp/e-yama/articles/109824,https://news.ceek.jp/search.cgi?category_id=local&feed=1,ok,,地方・地域
2026-08-22,2026-08-22T06:11:32.640340+09:00,その他メディア,,山口新聞,「絵本で笑顔!フォトコンテスト」作品募集/山陽小野田市立中央図書館,https://yama.minato-yamaguchi.co.jp/e-yama/articles/109825,https://news.ceek.jp/search.cgi?category_id=local&feed=1,ok,,地方・地域
2026-08-22,2026-08-22T06:11:32.640340+09:00,その他メディア,,山口新聞,情報あっちこっち/山口県内のイベント,https://yama.minato-yamaguchi.co.jp/e-yama/articles/109826,https://news.ceek.jp/search.cgi?category_id=local&feed=1,ok,,地方・地域
2026-08-22,2026-08-22T06:11:32.640340+09:00,その他メディア,,山口新聞,手紙/東流西流 藤原払路未さん,https://yama.minato-yamaguchi.co.jp/e-yama/articles/109827,https://news.ceek.jp/search.cgi?category_id=local&feed=1,ok,,地方・地域
2026-08-22,2026-08-22T06:11:32.640340+09:00,その他メディア,,山口新聞,待つ時間/東流西流 伊東久美子さん,https://yama.minato-yamaguchi.co.jp/e-yama/articles/109828,https://news.ceek.jp/search.cgi?category_id=local&feed=1,ok,,地方・地域
2026-08-22,2026-08-22T12:48:29.135137+09:00,全国紙,全国,朝日新聞,部下と上司からパワハラ 市役所職員の自死、高裁も「公務災害」認定,http://www.asahi.com/articles/ASV8P2JMCV8PTIPE00PM.html,https://www.asahi.com/rss/asahi/newsheadlines.rdf,ok,,社会
2026-08-22,2026-08-22T12:48:29.135137+09:00,全国紙,全国,朝日新聞,秋篠宮ご夫妻、日本人移住90年式典に 「困難を克服、心から敬意」,http://www.asahi.com/articles/ASV8P7RF5V8PUTIL006M.html,https://www.asahi.com/rss/asahi/newsheadlines.rdf,ok,,社会
2026-08-22,2026-08-22T12:48:29.135137+09:00,全国紙,全国,朝日新聞,大学定員の23区規制、全国知事会が延長主張「東京一極集中を抑制」,http://www.asahi.com/articles/ASV8P33T0V8POXIE054M.html,https://www.asahi.com/rss/asahi/newsheadlines.rdf,ok,,社会
2026-08-22,2026-08-22T12:48:29.135137+09:00,全国紙,全国,朝日新聞,智弁和歌山が小技交え競り勝つ 健大高崎は八回に逆転も一歩及ばず,http://www.asahi.com/articles/ASV8Q0F89V8QUQIP00QM.html,https://www.asahi.com/rss/asahi/newsheadlines.rdf,ok,,スポーツ
2026-08-22,2026-08-22T12:48:29.135137+09:00,全国紙,全国,朝日新聞,智弁和歌山が5年ぶり4度目の優勝 健大高崎を4―3で破る,http://www.asahi.com/articles/ASV8Q119FV8QPTQP00KM.html,https://www.asahi.com/rss/asahi/newsheadlines.rdf,ok,,スポーツ
2026-08-22,2026-08-22T12:48:29.135137+09:00,全国紙,全国,朝日新聞,【更新中】智弁和歌山が4-3で健大高崎を破る 5年ぶり4度目優勝,http://www.asahi.com/articles/ASV8P51RDV8PDIFI019M.html,https://www.asahi.com/rss/asahi/newsheadlines.rdf,ok,,スポーツ
2026-08-22,2026-08-22T12:48:29.135137+09:00,全国紙,全国,朝日新聞,丸刈り提案→5人が退部 健大高崎の監督は就任当初、何度も泣いた,http://www.asahi.com/articles/ASS7T4W6SS7TOXIE03BM.html,https://www.asahi.com/rss/asahi/newsheadlines.rdf,ok,,スポーツ
2026-08-22,2026-08-22T12:48:29.135137+09:00,全国紙,全国,朝日新聞,社会人野球チームを地元市長が「推薦拒否」 都市対抗で異例の事態に,http://www.asahi.com/articles/ASV8N4DFRV8NUUHB00HM.html,https://www.asahi.com/rss/asahi/newsheadlines.rdf,ok,,スポーツ
2026-08-22,2026-08-22T12:48:29.135137+09:00,全国紙,全国,朝日新聞,参院の英語表記、初の変更 「Councillor」理解されにくく,http://www.asahi.com/articles/ASV8P1JNLV8PUTFK00BM.html,https://www.asahi.com/rss/asahi/newsheadlines.rdf,ok,,政治
2026-08-22,2026-08-22T12:48:29.135137+09:00,全国紙,全国,朝日新聞,ネットメディアも討論会を開催 告示前から注目集める沖縄県知事選,http://www.asahi.com/articles/ASV8P1W73V8PTPOB001M.html,https://www.asahi.com/rss/asahi/newsheadlines.rdf,ok,,政治
2026-08-22,2026-08-22T12:48:29.135137+09:00,全国紙,全国,朝日新聞,こだわり続けた「アジアの中の日本」 村山元首相が残したメモの数々,http://www.asahi.com/articles/ASV8M3C5VV8MUTFK005M.html,https://www.asahi.com/rss/asahi/newsheadlines.rdf,ok,,政治
2026-08-22,2026-08-22T12:48:29.135137+09:00,全国紙,全国,朝日新聞,元CIAリクルーターに聞いた 「スパイの勧誘に応じる動機は...」,http://www.asahi.com/articles/ASV8L7H8GV8LUHBI006M.html,https://www.asahi.com/rss/asahi/newsheadlines.rdf,ok,,国際
2026-08-22,2026-08-22T12:48:29.135137+09:00,全国紙,全国,朝日新聞,金総書記とトランプ氏の会談「可能性ある」 米識者が語る今後の展開,http://www.asahi.com/articles/ASV8P7451V8PUHBI01NM.html,https://www.asahi.com/rss/asahi/newsheadlines.rdf,ok,,国際
2026-08-22,2026-08-22T12:48:29.135137+09:00,全国紙,全国,朝日新聞,「平和をください」 ウクライナ侵攻4年半、積み上がる民間人被害,http://www.asahi.com/articles/ASV8Q02M5V8QUHBI00DM.html,https://www.asahi.com/rss/asahi/newsheadlines.rdf,ok,,国際
2026-08-22,2026-08-22T12:48:29.135137+09:00,全国紙,全国,朝日新聞,次の国連事務総長、ガイアナ国連大使が小差で浮上 展開はなお不透明,http://www.asahi.com/articles/ASV8P6RXVV8PUHBI01MM.html,https://www.asahi.com/rss/asahi/newsheadlines.rdf,ok,,国際
2026-08-22,2026-08-22T12:48:29.135137+09:00,全国紙,全国,朝日新聞,元寇船から矢の末端を発見「南宋の武器転用か」 長崎・鷹島海底遺跡,http://www.asahi.com/articles/ASV8P3SJ4V8PTOLB001M.html,https://www.asahi.com/rss/asahi/newsheadlines.rdf,ok,,文化芸能
2026-08-22,2026-08-22T12:48:29.135137+09:00,全国紙,全国,毎日新聞,智弁和歌山・中谷監督「魂のこもったバントで...」 夏の甲子園,https://mainichi.jp/articles/20260822/k00/00m/050/049000c,https://mainichi.jp/rss/etc/mainichi-flash.rss,ok,,ニュース
2026-08-22,2026-08-22T12:48:29.135137+09:00,全国紙,全国,毎日新聞,「意思決定フォロワー」って? 現場に聞く、福祉の新たなカタチ,https://mainichi.jp/articles/20260820/k00/00m/100/093000c,https://mainichi.jp/rss/etc/mainichi-flash.rss,ok,,ニュース
2026-08-22,2026-08-22T12:48:29.135137+09:00,全国紙,全国,毎日新聞,本塁打数がセンバツ下回る 31年ぶり 夏の甲子園,https://mainichi.jp/articles/20260821/k00/00m/050/036000c,https://mainichi.jp/rss/etc/mainichi-flash.rss,ok,,ニュース
2026-08-22,2026-08-22T12:48:29.135137+09:00,全国紙,全国,毎日新聞,冷凍・解凍しても丸くてぷるん 風味低下防ぐ添加剤を開発 愛知,https://mainichi.jp/articles/20260821/k00/00m/020/090000c,https://mainichi.jp/rss/etc/mainichi-flash.rss,ok,,ニュース
2026-08-22,2026-08-22T12:48:29.135137+09:00,全国紙,全国,毎日新聞,智弁和歌山が5年ぶり4回目の優勝 健大高崎を破る 夏の甲子園,https://mainichi.jp/articles/20260821/k00/00m/050/043000c,https://mainichi.jp/rss/etc/mainichi-flash.rss,ok,,ニュース
2026-08-22,2026-08-22T12:48:29.135137+09:00,全国紙,全国,毎日新聞,国連事務総長選、第2回投票は南米ガイアナの女性候補が1位に,https://mainichi.jp/articles/20260822/k00/00m/030/042000c,https://mainichi.jp/rss/etc/mainichi-flash.rss,ok,,ニュース
2026-08-22,2026-08-22T12:48:29.135137+09:00,全国紙,全国,毎日新聞,青赤のピッチサイドから:MatchPHOTO J1千葉戦 ひたむきにFC東京7の系譜,https://mainichi.jp/articles/20260822/k00/00m/050/037000c,https://mainichi.jp/rss/etc/mainichi-flash.rss,ok,,ニュース
2026-08-22,2026-08-22T12:48:29.135137+09:00,全国紙,全国,毎日新聞,2時間超の叱責、48日連勤 19歳ゴルフ研修生自殺、両親提訴,https://mainichi.jp/articles/20260821/k00/00m/040/297000c,https://mainichi.jp/rss/etc/mainichi-flash.rss,ok,,ニュース
2026-08-22,2026-08-22T12:48:29.135137+09:00,全国紙,全国,毎日新聞,徳島を蓄電池産業の集積地に 国の産業クラスター計画選定,https://mainichi.jp/articles/20260821/k00/00m/020/111000c,https://mainichi.jp/rss/etc/mainichi-flash.rss,ok,,ニュース
2026-08-22,2026-08-22T12:48:29.135137+09:00,全国紙,全国,毎日新聞,急転直下、完全帰国へ ヘンリー英王子一家、心変わりの理由は,https://mainichi.jp/articles/20260822/k00/00m/030/035000c,https://mainichi.jp/rss/etc/mainichi-flash.rss,ok,,ニュース
2026-08-22,2026-08-22T12:48:29.135137+09:00,全国紙,全国,毎日新聞,イラクで奪った命、神戸で奪われた命 戸籍が明かした家族の過去,https://mainichi.jp/articles/20260820/k00/00m/040/104000c,https://mainichi.jp/rss/etc/mainichi-flash.rss,ok,,ニュース
2026-08-22,2026-08-22T12:48:29.135137+09:00,全国紙,全国,毎日新聞,春風亭一之輔さん、原点は「朝の会」!? 小5で初「高座」,https://mainichi.jp/articles/20260821/k00/00m/040/105000c,https://mainichi.jp/rss/etc/mainichi-flash.rss,ok,,ニュース
2026-08-22,2026-08-22T12:48:29.135137+09:00,全国紙,全国,毎日新聞,ミライ人間洗濯機、空飛ぶクルマ再び 万博レガシーにファン集結,https://mainichi.jp/articles/20260821/k00/00m/040/293000c,https://mainichi.jp/rss/etc/mainichi-flash.rss,ok,,ニュース
2026-08-22,2026-08-22T12:48:29.135137+09:00,全国紙,全国,毎日新聞,ブラボー:桑原志織さんのピアノ協奏曲攻略法 ベートーベン「皇帝」編,https://mainichi.jp/articles/20260821/k00/00m/200/136000c,https://mainichi.jp/rss/etc/mainichi-flash.rss,ok,,ニュース
2026-08-22,2026-08-22T12:48:29.135137+09:00,全国紙,全国,毎日新聞,「甘え上手で」父が語る智弁和歌山・山田凜虎の素顔 夏の甲子園,https://mainichi.jp/articles/20260822/k00/00m/050/022000c,https://mainichi.jp/rss/etc/mainichi-flash.rss,ok,,ニュース
2026-08-22,2026-08-22T12:48:29.135137+09:00,全国紙,全国,毎日新聞,店主の「お墨付き」が応募条件 東京・調布「歌好きグランプリ」,https://mainichi.jp/articles/20260818/k00/00m/040/374000c,https://mainichi.jp/rss/etc/mainichi-flash.rss,ok,,ニュース
2026-08-22,2026-08-22T12:48:29.135137+09:00,全国紙,全国,毎日新聞,空への憧れ、立身出世......戦時体制に組み込まれ散った少年兵たち,https://mainichi.jp/articles/20260818/k00/00m/040/328000c,https://mainichi.jp/rss/etc/mainichi-flash.rss,ok,,ニュース
2026-08-22,2026-08-22T12:48:29.135137+09:00,全国紙,全国,毎日新聞,松本清張のデビュー前作品見つかる 「朝日ウィクリー」で発表,https://mainichi.jp/articles/20260821/k00/00m/200/219000c,https://mainichi.jp/rss/etc/mainichi-flash.rss,ok,,ニュース
2026-08-22,2026-08-22T12:48:29.135137+09:00,全国紙,全国,毎日新聞,健大高崎・青柳監督「思いが強い方が勝つ」 夏の甲子園決勝,https://mainichi.jp/articles/20260822/k00/00m/050/019000c,https://mainichi.jp/rss/etc/mainichi-flash.rss,ok,,ニュース
2026-08-22,2026-08-22T12:48:29.135137+09:00,全国紙,全国,毎日新聞,健大高崎はエース石垣、智弁和歌山は長井が先発 夏の甲子園,https://mainichi.jp/articles/20260822/k00/00m/050/018000c,https://mainichi.jp/rss/etc/mainichi-flash.rss,ok,,ニュース
2026-08-22,2026-08-22T12:48:29.135137+09:00,全国紙,全国,産経新聞,智弁和歌山が5年ぶり4度目の優勝 夏の高校野球智弁和歌山が5年ぶり4度目の優勝 夏の高校野球,https://www.sankei.com/article/20260822-6V7NTUZKYZNH7A2CNPB67JWH6E/,https://www.sankei.com/,ok,,
2026-08-22,2026-08-22T12:48:29.135137+09:00,全国紙,全国,産経新聞,国民民主代表選が告示 橋本幹彦氏、玉木雄一郎氏の一騎打ち 党運営や政権との距離が争点,https://www.sankei.com/article/20260822-ZJJXWYONN5NCVGEUOZLV6SE7SQ/,https://www.sankei.com/,ok,,
2026-08-22,2026-08-22T12:48:29.135137+09:00,全国紙,全国,産経新聞,「遠い存在」が自分の治療に 新幹線で届いた心筋シート、仕事とゴルフの日常を取り戻した,https://www.sankei.com/article/20260822-ZQZN65FHSBNIBFKNRIJVPARCL4/,https://www.sankei.com/,ok,,
2026-08-22,2026-08-22T12:48:29.135137+09:00,全国紙,全国,産経新聞,阪神ファンクラブが来季チケット先行販売を大改革 先着から抽選制へ、18万人待ちを解消,https://www.sankei.com/article/20260822-LG3H2AAKO5K2VAY243BMUHEBSE/,https://www.sankei.com/,ok,,
2026-08-22,2026-08-22T12:48:29.135137+09:00,全国紙,全国,産経新聞,アジア大会聖火リレー始まる 第1走者は吉田沙保里さん 千人つなぎ愛知駆ける 9月開幕,https://www.sankei.com/article/20260822-WL3YZXUAFFNNNIQJL2H3ZNASBM/,https://www.sankei.com/,ok,,
2026-08-22,2026-08-22T12:48:29.135137+09:00,全国紙,全国,産経新聞,富士山「弾丸登山なくなった」 多い外国人 軽装注意され靴レンタル、ロープ外で中国国旗,https://www.sankei.com/article/20260822-6SMSMDBMNFOOXIQNTAIAPDPLUY/,https://www.sankei.com/,ok,,
2026-08-22,2026-08-22T12:48:29.135137+09:00,全国紙,全国,産経新聞,知事選「政策の柱」から〝辺野古〟消える 転覆事故と抗議活動のあり方はお忘れなきよう,https://www.sankei.com/article/20260822-HGSAY6UFTFP7PEMUMP32KLIBDY/,https://www.sankei.com/,ok,,
2026-08-22,2026-08-22T12:48:29.135137+09:00,全国紙,全国,産経新聞,『北斗の拳』は「見切り発車」だった 後で「ところでケンシロウは何で旅してるんだ」って,https://www.sankei.com/article/20260822-HNP43RXJSNLJ5FA2TZZZGQWD7E/,https://www.sankei.com/,ok,,
2026-08-22,2026-08-22T12:48:29.135137+09:00,全国紙,全国,産経新聞,石破茂氏ら消費減税「抵抗勢力」に覚悟はあるか、郵政解散では「除名」「新党」 高橋洋一,https://www.sankei.com/article/20260822-CUV2WJWGEJK5DNJL27RCMOULQQ/,https://www.sankei.com/,ok,,
2026-08-22,2026-08-22T12:48:29.135137+09:00,全国紙,全国,産経新聞,<甲子園だより>スタンドのブラスバンドは伴奏ではなく「9+1」 楽器を構える人の物語,https://www.sankei.com/article/20260822-WOUI7F4EMJIMHID2TWXMAE3GCY/,https://www.sankei.com/,ok,,
2026-08-22,2026-08-22T12:48:29.135137+09:00,全国紙,全国,産経新聞,活発化する労働組合と吉田内閣打倒デモ 父・吉田茂は「かかる不逞の輩」と口にしてしまう,https://www.sankei.com/article/20260822-D74P4QQE5JPINFTL34ML6MDT4Q/,https://www.sankei.com/,ok,,
2026-08-22,2026-08-22T12:48:29.135137+09:00,全国紙,全国,産経新聞,特急サンダーバードと高齢女性がJR踏切内で接触,https://www.sankei.com/article/20260822-VNQLMR3WSVM6TAHUW57IDSSEDY/,https://www.sankei.com/,ok,,
2026-08-22,2026-08-22T12:48:29.135137+09:00,全国紙,全国,産経新聞,死体遺棄容疑で男を逮捕 双子の兄と連絡取れず,https://www.sankei.com/article/20260822-GRRCL5NO4NL5TGNWH3WQD3JL2E/,https://www.sankei.com/,ok,,
2026-08-22,2026-08-22T12:48:29.135137+09:00,全国紙,全国,産経新聞,日本において、死者への祈りは理屈に先立つもの,https://www.sankei.com/article/20260822-R3IZJOP3AZIANLAYTMJWP6ZWL4/,https://www.sankei.com/,ok,,
2026-08-22,2026-08-22T12:48:29.135137+09:00,全国紙,全国,東京新聞,靖国参拝を見送った高市首相...したいなら、できる環境をつくるのが外交だ〈久米晃が解く 政界の実相〉,https://www.tokyo-np.co.jp/article/509521,https://www.tokyo-np.co.jp/,ok,,
2026-08-22,2026-08-22T12:48:29.135137+09:00,全国紙,全国,東京新聞,不要ドラム缶が「映え」ベンチに...千葉県旭市で生まれた「人のつながり」 あなたの街にもありますか?,https://www.tokyo-np.co.jp/article/510004,https://www.tokyo-np.co.jp/,ok,,
2026-08-22,2026-08-22T12:48:29.135137+09:00,全国紙,全国,東京新聞,智弁和歌山が5年ぶり4度目優勝 夏の甲子園大会、健大高崎を下す,https://www.tokyo-np.co.jp/article/510176,https://www.tokyo-np.co.jp/,ok,,
2026-08-22,2026-08-22T12:48:29.135137+09:00,全国紙,全国,東京新聞,〈本音のコラム〉理念と血税のAI選び 師岡カリーマ(文筆家),https://www.tokyo-np.co.jp/article/510074,https://www.tokyo-np.co.jp/,ok,,
2026-08-22,2026-08-22T12:48:29.135137+09:00,全国紙,全国,東京新聞,山本が13勝目懸けて先発 大谷1番、岡本は1安打,https://www.tokyo-np.co.jp/article/510184,https://www.tokyo-np.co.jp/,ok,,
2026-08-22,2026-08-22T12:48:29.135137+09:00,全国紙,全国,東京新聞,TikTok、米司法省と和解 過去最大級の636億円支払い,https://www.tokyo-np.co.jp/article/510169,https://www.tokyo-np.co.jp/,ok,,
2026-08-22,2026-08-22T12:48:29.135137+09:00,全国紙,全国,東京新聞,北口榛花、DLで約1年ぶり優勝 女子やり投げ、ファイナル進出,https://www.tokyo-np.co.jp/article/510165,https://www.tokyo-np.co.jp/,ok,,
2026-08-22,2026-08-22T12:48:29.135137+09:00,全国紙,全国,中日新聞,愛知・名古屋アジア大会、聖火リレー始まる 第1走者吉田沙保里さん「ランナーの思いが選手の応援になれば」,https://www.chunichi.co.jp/article/1300076,https://www.chunichi.co.jp/,ok,,
2026-08-22,2026-08-22T12:48:29.135137+09:00,全国紙,全国,中日新聞,智弁和歌山が5年ぶり4度目の優勝、夏の甲子園 健大高崎に4―3,https://www.chunichi.co.jp/article/1300098,https://www.chunichi.co.jp/,ok,,
2026-08-22,2026-08-22T12:48:29.135137+09:00,全国紙,全国,中日新聞,建設費の高騰や事業者の辞退...難航する高山駅西口再開発 行政のリーダー、「膨らんだ夢」の道筋示せるか,https://www.chunichi.co.jp/article/1299879,https://www.chunichi.co.jp/,ok,,
2026-08-22,2026-08-22T12:48:29.135137+09:00,全国紙,全国,中日新聞,水道施設「豊川調整池」の漏水、応急措置完了 豊川市への給水再開,https://www.chunichi.co.jp/article/1300106,https://www.chunichi.co.jp/,ok,,
2026-08-22,2026-08-22T12:48:29.135137+09:00,全国紙,全国,中日新聞,よみがえる苦い記憶...44年前の日本Sで流れを左右した“石ころ事件”とは 2死二塁で平野謙が放った鋭い打球の行方,https://www.chunichi.co.jp/article/1300039,https://www.chunichi.co.jp/,ok,,
2026-08-22,2026-08-22T12:48:29.135137+09:00,地方紙,長野,信濃毎日新聞,安曇野市の土石流で橋が流失した県道、仮設橋での通行再開08/22 11:24,https://www.shinmai.co.jp/news/article/gf01da4gamhgf3e481imqka0,https://www.shinmai.co.jp/,ok,,
2026-08-22,2026-08-22T12:48:29.135137+09:00,地方紙,長野,信濃毎日新聞,自宅前に犬のおしっこ 立ち去る飼い主にどう対応?08/22 11:00,https://www.shinmai.co.jp/news/article/SHEX2026082000004819,https://www.shinmai.co.jp/,ok,,
2026-08-22,2026-08-22T12:48:29.135137+09:00,地方紙,長野,信濃毎日新聞,松本市の工業団地で初、民間主体の開発スタート 大和ハウス工業などの共同事業体08/21 19:06,https://www.shinmai.co.jp/news/article/gf01da41skoh93r5kiremmmg,https://www.shinmai.co.jp/,ok,,
2026-08-22,2026-08-22T12:48:29.135137+09:00,地方紙,長野,信濃毎日新聞,1長野市のカレー専門店で火災,https://www.shinmai.co.jp/news/article/gf01da3guihgf3e481immd80,https://www.shinmai.co.jp/,ok,,
2026-08-22,2026-08-22T12:48:29.135137+09:00,地方紙,長野,信濃毎日新聞,6石川ケニー「唯一無二の選手に」 レッズに13巡目で入団,https://www.shinmai.co.jp/news/article/gfkn2026072601000161,https://www.shinmai.co.jp/,ok,,
2026-08-22,2026-08-22T12:48:29.135137+09:00,地方紙,長野,信濃毎日新聞,8岡谷市の「川岸学園」整備事業、認定こども園の建設始まる,https://www.shinmai.co.jp/news/article/gf01da44jcgh93r5kirenbeg,https://www.shinmai.co.jp/,ok,,
2026-08-22,2026-08-22T12:48:29.135137+09:00,地方紙,長野,信濃毎日新聞,10「待ち時間分かれば」「窓口間の移動長い」 飯田市役所で市長や職員が手続き体験、課題洗い出し,https://www.shinmai.co.jp/news/article/gf01da41sigh93r5kiremmlg,https://www.shinmai.co.jp/,ok,,
2026-08-22,2026-08-22T12:48:29.135137+09:00,地方紙,長野,信濃毎日新聞,凍傷の記憶しかない北アルプス唐松岳 霧も晴れて楽しい夏山を満喫【動画付き】長野県社会主要信州の山イブニング信毎ウェブオリジナル温泉めぐり北アルプスタカシが行く08/17 08:00,https://www.shinmai.co.jp/news/article/gf01da0m5upgf3e481im95vg,https://www.shinmai.co.jp/,ok,,
2026-08-22,2026-08-22T12:48:29.135137+09:00,地方紙,京都,京都新聞,速報高校野球は智弁和歌山が優勝,https://www.kyoto-np.co.jp/articles/-/1776200,https://www.kyoto-np.co.jp/,ok,,
2026-08-22,2026-08-22T12:48:29.135137+09:00,地方紙,京都,京都新聞,京都・嵐山の喧騒を離れて北へ 屈指の名店の「豆腐」と、ほろ苦な抹茶ぜんざいを堪能5:00市内国内外の観光客でにぎわう嵯峨嵐山(京都市右京区)。嵐電嵐山駅辺りから清凉寺のある北へと進むと、少しずつ喧噪(けんそう)が遠のく。バス停「嵯...,https://www.kyoto-np.co.jp/articles/-/1775084,https://www.kyoto-np.co.jp/,ok,,
2026-08-22,2026-08-22T12:48:29.135137+09:00,地方紙,兵庫,神戸新聞,<ワールド・ディッシュ W皿>(4)ベトナム/ブンチャー ハノイ名物、肉団子&つけ麺,https://www.kobe-np.co.jp/news/himeji/202608/0020732336.shtml,https://www.kobe-np.co.jp/,ok,,
2026-08-22,2026-08-22T12:48:29.135137+09:00,地方紙,兵庫,神戸新聞,<北の大地と 開拓が結ぶ三田-浦河>(4)民間レベルで紡いだ交流 歴史超えて「以心伝心」,https://www.kobe-np.co.jp/news/sanda/202608/0020732096.shtml,https://www.kobe-np.co.jp/,ok,,
2026-08-22,2026-08-22T12:48:29.135137+09:00,地方紙,兵庫,神戸新聞,<たじま長イイ会社>(5)マルワ渡辺水産(新温泉町芦屋) 魚、毎朝仕入れ当日販売,https://www.kobe-np.co.jp/news/tajima/202608/0020732448.shtml,https://www.kobe-np.co.jp/,ok,,
2026-08-22,2026-08-22T12:48:29.135137+09:00,地方紙,兵庫,神戸新聞,姫路独協大の譲渡交渉などで現金受け取り 第三者委が認定、会食接待も13回,https://www.kobe-np.co.jp/news/kyodo/202608/0020733307.shtml,https://www.kobe-np.co.jp/,ok,,
2026-08-22,2026-08-22T12:48:29.135137+09:00,地方紙,兵庫,神戸新聞,土曜朝のJRダイヤ、大きく乱れる 神戸、宝塚線など計13万人に影響,https://www.kobe-np.co.jp/news/jiken/202608/0020733941.shtml,https://www.kobe-np.co.jp/,ok,,
2026-08-22,2026-08-22T12:48:29.135137+09:00,地方紙,兵庫,神戸新聞,半どんの会文化賞、12人に 神戸で贈呈式「次代に伝えたい」,https://www.kobe-np.co.jp/news/culture/202608/0020732668.shtml,https://www.kobe-np.co.jp/,ok,,
2026-08-22,2026-08-22T12:48:29.135137+09:00,地方紙,兵庫,神戸新聞,<熊本地震>宇城市への災害支援寄付、西脇市が代理で受け付け ふるさと納税の事務負担軽減へ,https://www.kobe-np.co.jp/news/hokuban/202608/0020732302.shtml,https://www.kobe-np.co.jp/,ok,,
2026-08-22,2026-08-22T12:48:29.135137+09:00,地方紙,兵庫,神戸新聞,スケボーで3年連続世界挑戦 三木高3年・酒井章汰さん「メンタル武器に決勝Rで勝ち切る」,https://www.kobe-np.co.jp/news/miki/202608/0020732285.shtml,https://www.kobe-np.co.jp/,ok,,
2026-08-22,2026-08-22T12:48:29.135137+09:00,地方紙,兵庫,神戸新聞,<近日公開 8月のオススメ記事>あかふじ米野球、夏の甲子園、「丹波竜」発見20年...etc.,https://www.kobe-np.co.jp/news/richa/202607/0020647485.shtml,https://www.kobe-np.co.jp/,ok,,
2026-08-22,2026-08-22T12:48:29.135137+09:00,地方紙,兵庫,神戸新聞,双子の兄の遺体を自宅アパートに遺棄疑い、55歳男を逮捕 管理会社から「異臭する」と通報 神戸市灘区,https://www.kobe-np.co.jp/news/jiken/202608/0020733951.shtml,https://www.kobe-np.co.jp/,ok,,
2026-08-22,2026-08-22T12:48:29.135137+09:00,地方紙,兵庫,神戸新聞,JR京都線の踏切で特急が人身事故 神戸、宝塚、東西線で一時運転見合わせ 振り替え輸送実施,https://www.kobe-np.co.jp/news/jiken/202608/0020733770.shtml,https://www.kobe-np.co.jp/,ok,,
2026-08-22,2026-08-22T12:48:29.135137+09:00,地方紙,兵庫,神戸新聞,<ひょうごクロニクル>(33)1932~45 満蒙開拓団 国策移民、集団自決の悲劇,https://www.kobe-np.co.jp/news/richa/202608/0020734092.shtml,https://www.kobe-np.co.jp/,ok,,
2026-08-22,2026-08-22T12:48:29.135137+09:00,地方紙,熊本,熊本日日新聞,久保建英は後半途中までプレー,https://kumanichi.com/articles/2027771,https://kumanichi.com/rss.xml,ok,,
2026-08-22,2026-08-22T12:48:29.135137+09:00,地方紙,熊本,熊本日日新聞,智弁和歌山が5年ぶり4度目優勝,https://kumanichi.com/articles/2027810,https://kumanichi.com/rss.xml,ok,,
2026-08-22,2026-08-22T12:48:29.135137+09:00,地方紙,熊本,熊本日日新聞,千葉市、豪雨被災放置車を全撤去,https://kumanichi.com/articles/2027833,https://kumanichi.com/rss.xml,ok,,
2026-08-22,2026-08-22T12:48:29.135137+09:00,地方紙,熊本,熊本日日新聞,高校野球は智弁和歌山が優勝,https://kumanichi.com/articles/2027832,https://kumanichi.com/rss.xml,ok,,
2026-08-22,2026-08-22T12:48:29.135137+09:00,地方紙,熊本,熊本日日新聞,おはよう野球 22日の結果,https://kumanichi.com/articles/2027830,https://kumanichi.com/rss.xml,ok,,
2026-08-22,2026-08-22T12:48:29.135137+09:00,地方紙,熊本,熊本日日新聞,千葉市、豪雨で動けなくなった車両撤去完了,https://kumanichi.com/articles/2027831,https://kumanichi.com/rss.xml,ok,,
2026-08-22,2026-08-22T12:48:29.135137+09:00,地方紙,熊本,熊本日日新聞,佐賀多重事故、鹿児島の高校謝罪,https://kumanichi.com/articles/2027803,https://kumanichi.com/rss.xml,ok,,
2026-08-22,2026-08-22T12:48:29.135137+09:00,地方紙,熊本,熊本日日新聞,熊本おはよう野球 24日の試合予定,https://kumanichi.com/articles/2027829,https://kumanichi.com/rss.xml,ok,,
2026-08-22,2026-08-22T12:48:29.135137+09:00,地方紙,熊本,熊本日日新聞,8/22昼,https://kumanichi.com/node/2027824,https://kumanichi.com/rss.xml,ok,,
2026-08-22,2026-08-22T12:48:29.135137+09:00,地方紙,熊本,熊本日日新聞,<2026年熊本地震>「水戸黄門」かかし、お出ましに 地蔵祭り中止の氷川町 25日まで,https://kumanichi.com/articles/2027815,https://kumanichi.com/rss.xml,ok,,
2026-08-22,2026-08-22T12:48:29.135137+09:00,地方紙,鹿児島,南日本新聞,島でも頑張れる「ぱっしょん」示せた――古仁屋高生4人組のバンド、県高文連軽音コンテストで最優秀賞鹿児島県瀬戸内町の古仁屋高校軽音楽部の3年生4人でつくるバンド「古仁屋高校ぱっしょん」が、第7回県高校文化連盟軽音楽コンテストのコピー・カバー部門で最優秀賞に輝いた。離島の高校の最高賞は初めて。メンバーは「やるからには優勝を目指そうと練習してきた。島でも頑張れると示せてうれしい」と喜んでいる。 4人は、ドラムの増あかりさん、ギターの譽田彩花さん、ボーカルの藤川望々花さん、ベースの浜畑しえ8月22日 11:30,https://373news.com/news/local/detail/238387/,https://373news.com/,ok,,local
2026-08-22,2026-08-22T12:48:29.135137+09:00,地方紙,鹿児島,南日本新聞,点字や人の声には温かみがある――視覚障害者を支える「点訳・音訳ボランティア」、デジタル社会でも需要は根強いが...担い手が足りない8月22日 11:00,https://373news.com/news/local/detail/237909/,https://373news.com/,ok,,local
2026-08-22,2026-08-22T12:48:29.135137+09:00,地方紙,鹿児島,南日本新聞,大きなナシ上手に取れた!――園児、収穫祭楽しむ「食べるのも大好き」 霧島・溝辺の農園8月22日 10:30,https://373news.com/news/local/detail/238386/,https://373news.com/,ok,,local
2026-08-22,2026-08-22T12:48:29.135137+09:00,地方紙,鹿児島,南日本新聞,「ラオスの幸せや温かさ体感」――県青少年国際協力体験事業派遣の中高生17人が鹿児島市で報告会8月22日 10:00,https://373news.com/news/local/detail/238105/,https://373news.com/,ok,,local
2026-08-22,2026-08-22T12:48:29.135137+09:00,地方紙,鹿児島,南日本新聞,FDA鹿児島ー静岡線 9月の燃油サーチャージ3300円に引き上げ8月22日 08:00,https://373news.com/news/local/detail/238376/,https://373news.com/,ok,,local
2026-08-22,2026-08-22T12:48:29.135137+09:00,地方紙,鹿児島,南日本新聞,依存認められるが、反省している... 学習塾のトイレで少女ら盗撮 経営していた34歳男に猶予刑 鹿地裁判決8月22日 08:00,https://373news.com/news/local/detail/238374/,https://373news.com/,ok,,local
2026-08-22,2026-08-22T12:48:29.135137+09:00,地方紙,鹿児島,南日本新聞,「口座を凍結しないといけないからお金を預かる」... ニセ警察詐欺で2500万円被害 鹿児島県内80代女性8月22日 07:30,https://373news.com/news/local/detail/238372/,https://373news.com/,ok,,local
2026-08-22,2026-08-22T12:48:29.135137+09:00,地方紙,鹿児島,南日本新聞,熊本地震で11万人分宿泊キャンセル 鹿児島県の塩田知事、県独自の観光支援「検討したい」8月22日 07:00,https://373news.com/news/local/detail/238377/,https://373news.com/,ok,,local
2026-08-22,2026-08-22T12:48:29.135137+09:00,地方紙,鹿児島,南日本新聞,6「暑くないから大丈夫」そう言い張る高齢の親...冷房をつけさせたいけど、どう声かけたらいいの?――鹿児島の看護師が教える「否定しない伝え方」は,https://373news.com/news/local/detail/238277/,https://373news.com/,ok,,local
2026-08-22,2026-08-22T12:48:29.135137+09:00,地方紙,鹿児島,南日本新聞,山本が13勝目懸けて先発 大谷1番、岡本は1安打8月22日 11:35,https://373news.com/news/national/detail/2026082201000454/,https://373news.com/,ok,,national
2026-08-22,2026-08-22T12:48:29.135137+09:00,地方紙,沖縄,沖縄タイムス,台風18号、26日に沖縄本島直撃の恐れ 27日ごろ宮古島・八重山地方に接近の可能性も8月22日 10:53台風気象庁によると、強い台風18号は22日午前9時現在、マリアナ諸島にあり、発達しながら時速約20キロで北北西に進んでいる。,https://www.okinawatimes.co.jp/articles/-/1907394,https://www.okinawatimes.co.jp/,ok,,
2026-08-22,2026-08-22T12:48:29.135137+09:00,地方紙,沖縄,沖縄タイムス,沖縄の道路標識がボロボロすぎる理由 「玉城デニー氏のせい」は不正確 国や市町村も管理【沖縄知事選ファクトチェック】9:37#ファクトチェック,https://www.okinawatimes.co.jp/articles/-/1907219,https://www.okinawatimes.co.jp/,ok,,
2026-08-22,2026-08-22T12:48:29.135137+09:00,地方紙,沖縄,沖縄タイムス,「なぜ自分がこんなことに」毎日のように泣いた 文字も読めず話せず 身近な人の言葉が支えに8:53有料#倫くんの大冒険...,https://www.okinawatimes.co.jp/articles/-/1907276,https://www.okinawatimes.co.jp/,ok,,
2026-08-22,2026-08-22T12:48:29.135137+09:00,地方紙,沖縄,沖縄タイムス,智弁和歌山が5年ぶり4度目優勝 夏の甲子園大会、健大高崎を下す12:28#高校野球,https://www.okinawatimes.co.jp/articles/-/1907382,https://www.okinawatimes.co.jp/,ok,,
2026-08-22,2026-08-22T12:48:29.135137+09:00,地方紙,沖縄,沖縄タイムス,名護の貸家着工が55.4%減 ジャングリア需要落ち着く 単身向けは供給過剰 沖縄県内の2025年動向9:57有料#沖縄の経済,https://www.okinawatimes.co.jp/articles/-/1907172,https://www.okinawatimes.co.jp/,ok,,
2026-08-22,2026-08-22T12:48:29.135137+09:00,地方紙,沖縄,沖縄タイムス,百条委の指摘受け沖縄県が新資料 ワシントン事務所問題、報告書別冊を公表 玉城知事「再発防止に努める」6:43有料#沖縄県,https://www.okinawatimes.co.jp/articles/-/1907197,https://www.okinawatimes.co.jp/,ok,,
2026-08-22,2026-08-22T12:48:29.135137+09:00,地方紙,沖縄,沖縄タイムス,「気迫のピッチングで抑えて」 沖縄・石垣島から100人が声援 健大高崎・石垣投手が甲子園の決勝マウンドに11:11#夏の甲子園,https://www.okinawatimes.co.jp/articles/-/1907396,https://www.okinawatimes.co.jp/,ok,,
2026-08-22,2026-08-22T12:48:29.135137+09:00,地方紙,沖縄,沖縄タイムス,「石垣から初の優勝投手を」 健大高崎・石垣島出身の2年生エース 甲子園で快投、島の住民も期待 きょう決勝7:56有料#石垣市,https://www.okinawatimes.co.jp/articles/-/1907286,https://www.okinawatimes.co.jp/,ok,,
2026-08-22,2026-08-22T12:48:29.135137+09:00,地方紙,沖縄,沖縄タイムス,車内で米海兵隊員が死亡 手に小型拳銃のような物、自殺の可能性 沖縄県警が身元の特定急ぐ 名護市8:15有料#事件・事故,https://www.okinawatimes.co.jp/articles/-/1907287,https://www.okinawatimes.co.jp/,ok,,
2026-08-22,2026-08-22T12:48:29.135137+09:00,地方紙,沖縄,沖縄タイムス,[大弦小弦]啓子さんの信念7:00有料#大弦小弦,https://www.okinawatimes.co.jp/articles/-/1907230,https://www.okinawatimes.co.jp/,ok,,
2026-08-22,2026-08-22T12:48:29.135137+09:00,地方紙,沖縄,沖縄タイムス,過失運転致傷の疑いで中学生を逮捕 無免許でバイク2人乗り 衝突の77歳男性は意識不明 那覇署8:34有料#事件・事故,https://www.okinawatimes.co.jp/articles/-/1907289,https://www.okinawatimes.co.jp/,ok,,
2026-08-22,2026-08-22T12:48:29.135137+09:00,地方紙,沖縄,沖縄タイムス,20年ぶりの熱戦! 地域の繁栄願う「伊芸スナヒチ」 区民総出で綱引き合う 沖縄・金武町12:46有料#金武町,https://www.okinawatimes.co.jp/articles/-/1907079,https://www.okinawatimes.co.jp/,ok,,
2026-08-22,2026-08-22T12:48:29.135137+09:00,その他メディア,,テレビ朝日,国民民主党代表選が告示 玉木氏、橋本氏の一騎打ち,https://news.tv-asahi.co.jp/news_politics/articles/000528025.html,https://news.ceek.jp/search.cgi?category_id=politics&feed=1,ok,,政治
2026-08-22,2026-08-22T12:48:29.135137+09:00,その他メディア,,日本テレビ,国民民主党の代表選告示 玉木代表と橋本議員の一騎打ち,https://news.ntv.co.jp/category/politics/54c02e9b16d44b7aaceccfeb4148881f,https://news.ceek.jp/search.cgi?category_id=politics&feed=1,ok,,政治
2026-08-22,2026-08-22T12:48:29.135137+09:00,全国紙,全国,日本経済新聞,高市首相「官邸職員・SPの負担軽減へ公邸活用」 Xに投稿,https://www.nikkei.com/article/DGXZQOUA220HT0S6A820C2000000/,https://news.ceek.jp/search.cgi?category_id=politics&feed=1,ok,,政治
2026-08-22,2026-08-22T12:48:29.135137+09:00,全国紙,全国,産経新聞,米軍哨戒機が台湾海峡の国際空域を飛行 中国軍は追跡・監視、9月の首脳会談前に駆け引き,https://www.sankei.com/article/20260822-5WQPLJ6H4RMLZKNIDQSZ3O6MKU/,https://news.ceek.jp/search.cgi?category_id=politics&feed=1,ok,,政治
2026-08-22,2026-08-22T12:48:29.135137+09:00,全国紙,全国,産経新聞,尖閣周辺に中国船 14日連続 4隻すべて機関砲 海保巡視船が領海に近づかないよう警告,https://www.sankei.com/article/20260822-NGRMVVESZVK37HVQMECYVTYTIM/,https://news.ceek.jp/search.cgi?category_id=politics&feed=1,ok,,政治
2026-08-22,2026-08-22T12:48:29.135137+09:00,その他メディア,,テレビ朝日,"公約を守る政治家はどうすれば増える?“未達なら罰則""を掲げるひろゆき氏の狙い「やってみた結果、良くならなかったと分かることも大事」",https://news.tv-asahi.co.jp/news_politics/articles/900197674.html,https://news.ceek.jp/search.cgi?category_id=politics&feed=1,ok,,政治
2026-08-22,2026-08-22T12:48:29.135137+09:00,全国紙,全国,読売新聞,国民民主代表選が告示...玉木代表「次の3年を政権準備期間に」、30歳・橋本幹彦氏は「党改革は不可欠」,https://www.yomiuri.co.jp/politics/20260822-GYT1T00078/,https://news.ceek.jp/search.cgi?category_id=politics&feed=1,ok,,政治
2026-08-22,2026-08-22T12:48:29.135137+09:00,その他メディア,,共同通信,国民民主代表選が告示 橋本、玉木氏の一騎打ち,https://www.47news.jp/14826383.html,https://news.ceek.jp/search.cgi?category_id=politics&feed=1,ok,,政治
2026-08-22,2026-08-22T12:48:29.135137+09:00,その他メディア,,共同通信,【速報】政策実現を主導できる政党に進化と玉木氏,https://www.47news.jp/14826387.html,https://news.ceek.jp/search.cgi?category_id=politics&feed=1,ok,,政治
2026-08-22,2026-08-22T12:48:29.135137+09:00,その他メディア,,共同通信,【速報】自民に対峙する国民民主にすると橋本氏,https://www.47news.jp/14826384.html,https://news.ceek.jp/search.cgi?category_id=politics&feed=1,ok,,政治
2026-08-22,2026-08-22T12:48:29.135137+09:00,その他メディア,,デイリースポーツ,国民民主代表選が告示,https://www.daily.co.jp/society/politics/2026/08/22/0020733757.shtml,https://news.ceek.jp/search.cgi?category_id=politics&feed=1,ok,,政治
2026-08-22,2026-08-22T12:48:29.135137+09:00,その他メディア,,テレビ朝日,"「玉木党のままでいいのか」国民民主党の代表選・橋本幹彦候補が訴える“組織改革""",https://news.tv-asahi.co.jp/news_politics/articles/900197665.html,https://news.ceek.jp/search.cgi?category_id=politics&feed=1,ok,,政治
2026-08-22,2026-08-22T12:48:29.135137+09:00,その他メディア,,テレビ朝日,国民民主党・玉木雄一郎氏、次は「国全体の手取りを増やす」代表選で語った一手,https://news.tv-asahi.co.jp/news_politics/articles/900197666.html,https://news.ceek.jp/search.cgi?category_id=politics&feed=1,ok,,政治
2026-08-22,2026-08-22T12:48:29.135137+09:00,その他メディア,,Abema TIMES,"「玉木党のままでいいのか」国民民主党の代表選・橋本幹彦候補が訴える“組織改革""",https://times.abema.tv/articles/-/10268412?page=1,https://news.ceek.jp/search.cgi?category_id=politics&feed=1,ok,,政治
2026-08-22,2026-08-22T12:48:29.135137+09:00,その他メディア,,Abema TIMES,国民民主党・玉木雄一郎氏、次は「国全体の手取りを増やす」代表選で語った一手,https://times.abema.tv/articles/-/10268414?page=1,https://news.ceek.jp/search.cgi?category_id=politics&feed=1,ok,,政治
2026-08-22,2026-08-22T12:48:29.135137+09:00,その他メディア,,しんぶん赤旗,政党配置の見晴らし はっきり 共産党に熱視線 そのワケ,https://www.jcp.or.jp/akahata/aik26/2026-08-22/2026082201_01_0.php,https://news.ceek.jp/search.cgi?category_id=politics&feed=1,ok,,政治
2026-08-22,2026-08-22T12:48:29.135137+09:00,その他メディア,,しんぶん赤旗,教育のつどい開幕 平和な社会 子どもたちへ,https://www.jcp.or.jp/akahata/aik26/2026-08-22/2026082201_02_0.php,https://news.ceek.jp/search.cgi?category_id=politics&feed=1,ok,,政治
2026-08-22,2026-08-22T12:48:29.135137+09:00,その他メディア,,しんぶん赤旗,ICC所長への「制裁」 米を批判 米大使館前 抗議の行動,https://www.jcp.or.jp/akahata/aik26/2026-08-22/2026082201_03_0.php,https://news.ceek.jp/search.cgi?category_id=politics&feed=1,ok,,政治
2026-08-22,2026-08-22T12:48:29.135137+09:00,その他メディア,,しんぶん赤旗,ICC所長への「制裁」 米を批判 政府は「制裁」撤回求めよ/全国紙が社説で主張,https://www.jcp.or.jp/akahata/aik26/2026-08-22/2026082201_04_0.php,https://news.ceek.jp/search.cgi?category_id=politics&feed=1,ok,,政治
2026-08-22,2026-08-22T12:48:29.135137+09:00,その他メディア,,しんぶん赤旗,「法の支配」の終焉とさせぬ 赤根ICC所長がコメント,https://www.jcp.or.jp/akahata/aik26/2026-08-22/2026082201_05_0.php,https://news.ceek.jp/search.cgi?category_id=politics&feed=1,ok,,政治
2026-08-22,2026-08-22T12:48:29.135137+09:00,その他メディア,,しんぶん赤旗,潮流 「国を守るためなら、やつは手段を選ばない」。続編が放送中のTBS...,https://www.jcp.or.jp/akahata/aik26/2026-08-22/2026082201_06_0.php,https://news.ceek.jp/search.cgi?category_id=politics&feed=1,ok,,政治
2026-08-22,2026-08-22T12:48:29.135137+09:00,その他メディア,,しんぶん赤旗,主張 大学に軍事研究所/学術研究の土台破壊する暴挙,https://www.jcp.or.jp/akahata/aik26/2026-08-22/2026082202_01_0.php,https://news.ceek.jp/search.cgi?category_id=politics&feed=1,ok,,政治
2026-08-22,2026-08-22T12:48:29.135137+09:00,その他メディア,,しんぶん赤旗,大雨被害の栃木県足利市 田村委員長が見舞電,https://www.jcp.or.jp/akahata/aik26/2026-08-22/2026082202_02_0.php,https://news.ceek.jp/search.cgi?category_id=politics&feed=1,ok,,政治
2026-08-22,2026-08-22T12:48:29.135137+09:00,その他メディア,,しんぶん赤旗,イスラエル、死刑施設建設 パレスチナ人対象 戦争犯罪と非難も,https://www.jcp.or.jp/akahata/aik26/2026-08-22/2026082205_01_0.php,https://news.ceek.jp/search.cgi?category_id=politics&feed=1,ok,,政治
2026-08-22,2026-08-22T12:48:29.135137+09:00,その他メディア,,しんぶん赤旗,都知事は追悼文送れ 朝鮮人ら虐殺 議会3会派が要請/関東大震災,https://www.jcp.or.jp/akahata/aik26/2026-08-22/2026082211_01_0.php,https://news.ceek.jp/search.cgi?category_id=politics&feed=1,ok,,政治
2026-08-22,2026-08-22T12:48:29.135137+09:00,全国紙,全国,毎日新聞,内閣改造はなぜ秋に多い? 「入閣待機組」起用で党内融和効果も,https://mainichi.jp/articles/20260821/k00/00m/010/394000c,https://news.ceek.jp/search.cgi?category_id=politics&feed=1,ok,,政治
2026-08-22,2026-08-22T12:48:29.135137+09:00,全国紙,全国,東京新聞,高市首相の一日 8月21日(金),https://www.tokyo-np.co.jp/article/510125,https://news.ceek.jp/search.cgi?category_id=politics&feed=1,ok,,政治
2026-08-22,2026-08-22T12:48:29.135137+09:00,その他メディア,,現代ビジネス,【独自】「2000万円カツアゲ」を告発した福岡県議が「税金で露天風呂つきラブホテル宿泊」...本人を直撃すると驚きの証言,https://gendai.media/articles/-/170450,https://news.ceek.jp/search.cgi?category_id=politics&feed=1,ok,,政治
2026-08-22,2026-08-22T12:48:29.135137+09:00,その他メディア,,JBpress,トランプのイラン攻撃が開けた「パンドラの箱」、世界を揺さぶる第2のチョークポイントホルムズ海峡を避けた先にバブ・エル・マンデブ、二つの海上交通の急所が日本のエネルギー輸送を脅かす,https://jbpress.ismedia.jp/articles/-/96534,https://news.ceek.jp/search.cgi?category_id=politics&feed=1,ok,,政治
2026-08-22,2026-08-22T12:48:29.135137+09:00,その他メディア,,JBpress,米軍はアジアから撤退しない、コルビー国防次官が明かした「第一列島線」強化の新戦略基地を分散し、攻撃をかわしながら戦う米空軍、日本の空港・港湾も抑止態勢の重要拠点に,https://jbpress.ismedia.jp/articles/-/96542,https://news.ceek.jp/search.cgi?category_id=politics&feed=1,ok,,政治
2026-08-22,2026-08-22T12:48:29.135137+09:00,その他メディア,,JBpress,かつての野党第一党が公金枯渇で財政難に...交付金50億急減で窮地、ほぼ全政党に問われる「公金依存」の抜本改革【大井赤亥の国会通信】政党交付金は合法的な「公金チューチュー」、いびつな制度設計を見直して政党間競争の活性化を,https://jbpress.ismedia.jp/articles/-/96560,https://news.ceek.jp/search.cgi?category_id=politics&feed=1,ok,,政治
2026-08-22,2026-08-22T12:48:29.135137+09:00,その他メディア,,JBpress,住宅ローンは繰り上げ返済かNISAか、金利上昇時代に考えたい「余裕資金」の賢い使い方と判断基準,https://jbpress.ismedia.jp/articles/-/96591,https://news.ceek.jp/search.cgi?category_id=politics&feed=1,ok,,政治
2026-08-22,2026-08-22T12:48:29.135137+09:00,その他メディア,,JBpress,【原油ウォッチ】原油価格は年末に「60ドル台」も?ホルムズ海峡の「支配権」めぐり米国とイランが攻防,https://jbpress.ismedia.jp/articles/-/96594,https://news.ceek.jp/search.cgi?category_id=politics&feed=1,ok,,政治
2026-08-22,2026-08-22T12:48:29.135137+09:00,その他メディア,,JBpress,"NVIDIAが「GPUを売る会社」から「信用を作る会社」へ...ウォール街と5000億ドルの資金動員構想、カギは中古GPU市場【小泉秀人の時事ネタ経済学】AIブームを支える“金融工学""の正体",https://jbpress.ismedia.jp/articles/-/96597,https://news.ceek.jp/search.cgi?category_id=politics&feed=1,ok,,政治
2026-08-22,2026-08-22T12:48:29.135137+09:00,その他メディア,,JBpress,上半期の経常黒字17兆円超でも円高にならない理由、キャッシュフローベースではその3分の1程度の円買いにとどまる【唐鎌大輔の為替から見る日本】旅行収支のピークアウト、デジタル赤字、対外直接投資が映す下半期の円安リスク,https://jbpress.ismedia.jp/articles/-/96607,https://news.ceek.jp/search.cgi?category_id=politics&feed=1,ok,,政治
2026-08-22,2026-08-22T12:48:29.135137+09:00,その他メディア,,ハーバード・ビジネス・レビュー,15の事例研究にみるOA作戦 成功のキメ手,https://dhbr.diamond.jp/articles/-/14226,https://news.ceek.jp/search.cgi?category_id=business&feed=1,ok,,経済
2026-08-22,2026-08-22T12:48:29.135137+09:00,その他メディア,,東洋経済オンライン,最新技術により極限まで高まる便利さ、しかし「生活の改善」は鈍化した理由 『アメリカ経済 成長の終焉』を読む(上) | ライフ,https://toyokeizai.net/articles/-/955336,https://news.ceek.jp/search.cgi?category_id=business&feed=1,ok,,経済
2026-08-22,2026-08-22T12:48:29.135137+09:00,その他メディア,,テレビ朝日,魚卵使わず明太子の味再現 塩分半分、コレステロールはゼロ 老舗メーカー5年かけ,https://news.tv-asahi.co.jp/news_economy/articles/000528005.html,https://news.ceek.jp/search.cgi?category_id=business&feed=1,ok,,経済
2026-08-22,2026-08-22T12:48:29.135137+09:00,その他メディア,,テレビ朝日,上場企業の平均年収778万円 5年連続で前年度超え 不動産、商社など上位に,https://news.tv-asahi.co.jp/news_economy/articles/000528006.html,https://news.ceek.jp/search.cgi?category_id=business&feed=1,ok,,経済
2026-08-22,2026-08-22T12:48:29.135137+09:00,その他メディア,,東洋経済オンライン,"名将《柴田勝家》秀吉との戦いで劣勢!それでも戦う意欲がある勝家に「撤退」を決意させた家臣からの""重い一言"" | キャリア・教育",https://toyokeizai.net/articles/-/954564?display=b,https://news.ceek.jp/search.cgi?category_id=business&feed=1,ok,,経済
2026-08-22,2026-08-22T12:48:29.135137+09:00,その他メディア,,財経新聞,21日の米国株は反発、金利上昇による売り一巡―週間では主要3指数下落,https://www.zaikei.co.jp/article/20260822/866967.html,https://news.ceek.jp/search.cgi?category_id=business&feed=1,ok,,経済
2026-08-22,2026-08-22T12:48:29.135137+09:00,その他メディア,,テレビ朝日,「ホワハラされれば転職検討」4割 過度に配慮、成長機会奪う 求人サイト調査,https://news.tv-asahi.co.jp/news_economy/articles/000528007.html,https://news.ceek.jp/search.cgi?category_id=business&feed=1,ok,,経済
2026-08-22,2026-08-22T12:48:29.135137+09:00,その他メディア,,集英社オンライン,"「注文がめんどくさい...」閉店ラッシュで店舗数が半減していたサブウェイが驚異の復活! その裏にあった、“あの居酒屋チェーン""の逆転術",https://shueisha.online/articles/-/258411,https://news.ceek.jp/search.cgi?category_id=business&feed=1,ok,,経済
2026-08-22,2026-08-22T12:48:29.135137+09:00,その他メディア,,フジテレビ,移住者急増の「尼崎」 4年連続転入超過の理由は 10万円でカフェを開業した店主「尼崎のいいところはちゃんとしてないところ」,https://www.fnn.jp/articles/-/1099305,https://news.ceek.jp/search.cgi?category_id=business&feed=1,ok,,経済
2026-08-22,2026-08-22T12:48:29.135137+09:00,その他メディア,,フジテレビ,"「夏休み終盤・お盆明け」こそ「お得な買い物」の時期 「お金のプロ」ファイナンシャルプランナーおすすめの買い物は""来年の夏着る""「夏服」 ""半額になることも""「旧モデル家電」 そして「旅行積立」",https://www.fnn.jp/articles/-/1099306,https://news.ceek.jp/search.cgi?category_id=business&feed=1,ok,,経済
2026-08-22,2026-08-22T12:48:29.135137+09:00,全国紙,全国,日本経済新聞,UV商戦メンズが主役 資生堂は日焼け止め、アツギはアームカバー,https://www.nikkei.com/article/DGXZQOUC071Z70X00C26A8000000/,https://news.ceek.jp/search.cgi?category_id=business&feed=1,ok,,経済
2026-08-22,2026-08-22T12:48:29.135137+09:00,全国紙,全国,日本経済新聞,スキマバイトで保育求人掲載不可に シェアフル、日本版DBS見据え,https://www.nikkei.com/article/DGXZQOUC075VC0X00C26A8000000/,https://news.ceek.jp/search.cgi?category_id=business&feed=1,ok,,経済
2026-08-22,2026-08-22T12:48:29.135137+09:00,その他メディア,,東洋経済オンライン,〈書評〉『フットボール・マネー』『なぜ賃金は上がらないのか』『ランドスケープとつながる建築作法』 | ライフ,https://toyokeizai.net/articles/-/955335?display=b,https://news.ceek.jp/search.cgi?category_id=business&feed=1,ok,,経済
2026-08-22,2026-08-22T12:48:29.135137+09:00,その他メディア,,東洋経済オンライン,調味料は一切不要! 塩分20%の梅干し×トマトの相乗効果で作る「極上冷やしうどん」が夏バテ対策に最高すぎた | ライフ,https://toyokeizai.net/articles/-/955538?display=b,https://news.ceek.jp/search.cgi?category_id=business&feed=1,ok,,経済
2026-08-22,2026-08-22T12:48:29.135137+09:00,全国紙,全国,日本経済新聞,中国メモリー大手YMTC、親会社が上場申請 7800億円調達へ,https://www.nikkei.com/article/DGXZQOGM220A70S6A820C2000000/,https://news.ceek.jp/search.cgi?category_id=business&feed=1,ok,,経済
2026-08-22,2026-08-22T12:48:29.135137+09:00,その他メディア,,東洋経済オンライン,昭和・平成の常識「センターは普通に勉強すれば取れる」→今は絶対に無理!昭和世代は知らない令和の「共通テストの地獄」 | キャリア・教育,https://toyokeizai.net/articles/-/954659?display=b,https://news.ceek.jp/search.cgi?category_id=business&feed=1,ok,,経済
2026-08-22,2026-08-22T12:48:29.135137+09:00,その他メディア,,デイリースポーツ,米アップル、従業員200人削減,https://www.daily.co.jp/society/economics/2026/08/22/0020733817.shtml,https://news.ceek.jp/search.cgi?category_id=business&feed=1,ok,,経済
2026-08-22,2026-08-22T12:48:29.135137+09:00,その他メディア,,共同通信,米アップル、従業員200人削減 シリやゴーグル端末、報道,https://www.47news.jp/14826448.html,https://news.ceek.jp/search.cgi?category_id=business&feed=1,ok,,経済
2026-08-22,2026-08-22T12:48:29.135137+09:00,その他メディア,,TBSテレビ,"夏休みの自由研究に最適!作って・食べて“科学を学ぶ""話題の「実験レシピ本」とは?【THE TIME,】",https://newsdig.tbs.co.jp/articles/-/2889146?display=1,https://news.ceek.jp/search.cgi?category_id=business&feed=1,ok,,経済
2026-08-22,2026-08-22T12:48:29.135137+09:00,その他メディア,,Forbes JAPAN,対象は約298万台、中国がテスラに過去最大規模のリコールを命令,https://forbesjapan.com/articles/detail/101749,https://news.ceek.jp/search.cgi?category_id=business&feed=1,ok,,経済
2026-08-22,2026-08-22T12:48:29.135137+09:00,その他メディア,,東洋経済オンライン,渋滞「予想の3割減」でも「30km以上は4割増加」お盆の高速道路で何が起きていたのか? | ライフ,https://toyokeizai.net/articles/-/955434?display=b,https://news.ceek.jp/search.cgi?category_id=business&feed=1,ok,,経済
2026-08-22,2026-08-22T12:48:29.135137+09:00,その他メディア,,東洋経済オンライン,"「中学生で月30万円稼いでいた」カードゲームに夢中だった中学生→アニメプロデュース会社社長になった原点は""相場眼"" | ライフ",https://toyokeizai.net/articles/-/955430?display=b,https://news.ceek.jp/search.cgi?category_id=business&feed=1,ok,,経済
2026-08-22,2026-08-22T12:48:29.135137+09:00,その他メディア,,週刊プレイボーイ,進撃の「ニトリ家電」開発施設に独占潜入! 自慢の製品はどうやって生まれるのか?,https://wpb.shueisha.co.jp/news/economy/20260822-132466/,https://news.ceek.jp/search.cgi?category_id=business&feed=1,ok,,経済
2026-08-22,2026-08-22T12:48:29.135137+09:00,その他メディア,,東洋経済オンライン,編集部厳選、注目の経済ニュース!【8月22日】 今週のトピックス&来週のスケジュール | ビジネス,https://toyokeizai.net/articles/-/955569,https://news.ceek.jp/search.cgi?category_id=business&feed=1,ok,,経済
2026-08-22,2026-08-22T12:48:29.135137+09:00,その他メディア,,東洋経済オンライン,【最新「業界地図」発売!】AIがもたらす業界の地殻変動、自律型エージェントと国産AIの台頭とは? | 政治・経済・投資,https://toyokeizai.net/articles/-/955527?display=b,https://news.ceek.jp/search.cgi?category_id=business&feed=1,ok,,経済
2026-08-22,2026-08-22T12:48:29.135137+09:00,その他メディア,,集英社オンライン,「自分に厳しい人」ほど、なぜか他人にも厳しくなる...周囲から「一緒に仕事をしたくない」と言われる人の共通点,https://shueisha.online/articles/-/258359,https://news.ceek.jp/search.cgi?category_id=business&feed=1,ok,,経済
2026-08-22,2026-08-22T12:48:29.135137+09:00,その他メディア,,ニューズウィーク,日経平均下落の裏でTOPIXは最高値を更新...NT倍率「16倍」が意味するもの,https://www.newsweekjapan.jp/articles/-/331956,https://news.ceek.jp/search.cgi?category_id=business&feed=1,ok,,経済
2026-08-22,2026-08-22T12:48:29.135137+09:00,その他メディア,,東洋経済オンライン,"名字の不思議...人によって「渡辺」「渡邉」と漢字が違うのはなぜ? 発音も意味も同じ""異体字""が現代まで残っている理由 | ライフ",https://toyokeizai.net/articles/-/954520?display=b,https://news.ceek.jp/search.cgi?category_id=business&feed=1,ok,,経済
2026-08-22,2026-08-22T12:48:29.135137+09:00,その他メディア,,共同通信,【速報】TikTokが和解金4億ドル支払いへ,https://www.47news.jp/14826086.html,https://news.ceek.jp/search.cgi?category_id=business&feed=1,ok,,経済
2026-08-22,2026-08-22T12:48:29.135137+09:00,全国紙,全国,毎日新聞,NY株反発、517ドル高 米景気への安心感広がり買い注文優勢,https://mainichi.jp/articles/20260822/k00/00m/020/009000c,https://news.ceek.jp/search.cgi?category_id=business&feed=1,ok,,経済
2026-08-22,2026-08-22T12:48:29.135137+09:00,その他メディア,,デイリースポーツ,米・カナダ閣僚が貿易交渉,https://www.daily.co.jp/society/economics/2026/08/22/0020733571.shtml,https://news.ceek.jp/search.cgi?category_id=business&feed=1,ok,,経済
2026-08-22,2026-08-22T12:48:29.135137+09:00,その他メディア,,共同通信,米・カナダ閣僚が貿易交渉 50%追加関税の発動控え,https://www.47news.jp/14826056.html,https://news.ceek.jp/search.cgi?category_id=business&feed=1,ok,,経済
2026-08-22,2026-08-22T12:48:29.135137+09:00,その他メディア,,東洋経済オンライン,"シャアもその""餌食""になったが、かつて若者に広がった「やおい」は偉大な文化だった 安彦良和氏インタビュー8 | ライフ",https://toyokeizai.net/articles/-/955533,https://news.ceek.jp/search.cgi?category_id=business&feed=1,ok,,経済
2026-08-22,2026-08-22T12:48:29.135137+09:00,その他メディア,,東洋経済オンライン,世界は社会主義以前に戻った、でも今はトランプがきらいなら「きらいだ」と言える 安彦良和氏インタビュー7 | ライフ,https://toyokeizai.net/articles/-/955532,https://news.ceek.jp/search.cgi?category_id=business&feed=1,ok,,経済
2026-08-22,2026-08-22T12:48:29.135137+09:00,その他メディア,,ハーバード・ビジネス・レビュー,間接費を恒久的に削減する法,https://dhbr.diamond.jp/articles/-/14225,https://news.ceek.jp/search.cgi?category_id=business&feed=1,ok,,経済
2026-08-22,2026-08-22T12:48:29.135137+09:00,その他メディア,,東洋経済オンライン,リベラルアーツ・グローバル教育・リーダーシップ教育の集大成、立教大学が「環境学部」の名称にこだわった理由 | キャリア・教育,https://toyokeizai.net/articles/-/952822,https://news.ceek.jp/search.cgi?category_id=business&feed=1,ok,,経済
2026-08-22,2026-08-22T12:48:29.135137+09:00,その他メディア,,東洋経済オンライン,"才能のあり方の違い、「遊び精神がないのが、""彼ら""に俺が勝てない原因だと思っている」 安彦良和氏インタビュー6 | ライフ",https://toyokeizai.net/articles/-/955531,https://news.ceek.jp/search.cgi?category_id=business&feed=1,ok,,経済
2026-08-22,2026-08-22T12:48:29.135137+09:00,その他メディア,,フジテレビ,"「コメ余り」の中で新米シーズンに突入...店頭では古米のほうが高い異例の“逆転現象""も 在庫・生産の双方が過剰に",https://www.fnn.jp/articles/-/1099282,https://news.ceek.jp/search.cgi?category_id=business&feed=1,ok,,経済
2026-08-22,2026-08-22T12:48:29.135137+09:00,その他メディア,,東洋経済オンライン,【精子バンク】法的にグレーゾーンで密やかに行われてきた精子提供だが、日本人の想像を超えたネットワークが... | ライフ,https://toyokeizai.net/articles/-/954963?display=b,https://news.ceek.jp/search.cgi?category_id=business&feed=1,ok,,経済
2026-08-22,2026-08-22T12:48:29.135137+09:00,その他メディア,,東洋経済オンライン,乳歯20本が全部虫歯、前歯が折れていても放置...小児専門歯科医が明かす「歯の治療をしてもらえない子どもたち」の実態 | ライフ,https://toyokeizai.net/articles/-/955239?display=b,https://news.ceek.jp/search.cgi?category_id=business&feed=1,ok,,経済
2026-08-22,2026-08-22T12:48:29.135137+09:00,全国紙,全国,産経新聞,NY円は小動き、159円近辺 イラン圧力強化方針を見極め,https://www.sankei.com/article/20260822-BUODKTFODZJLFBZE2C7RZZ4IIQ/,https://news.ceek.jp/search.cgi?category_id=business&feed=1,ok,,経済
2026-08-22,2026-08-22T12:48:29.135137+09:00,その他メディア,,東洋経済オンライン,複数学部連携で強み増大「佐賀大学コスメティックサイエンス学環」が受験生に人気の理由 | キャリア・教育,https://toyokeizai.net/articles/-/952810,https://news.ceek.jp/search.cgi?category_id=business&feed=1,ok,,経済
2026-08-22,2026-08-22T12:48:29.135137+09:00,その他メディア,,東洋経済オンライン,仕事と家族を失いアルコール漬け《天涯孤独の身》で終末期を迎えたがん患者を支えた、たった1つの「切なる思い」 | ライフ,https://toyokeizai.net/articles/-/952914?display=b,https://news.ceek.jp/search.cgi?category_id=business&feed=1,ok,,経済
2026-08-22,2026-08-22T12:48:29.135137+09:00,全国紙,全国,産経新聞,NY株反発、517ドル高 「米景気底堅い」投資家心理が改善...割安銘柄を買い戻す動きも,https://www.sankei.com/article/20260822-VB6RGNSBCNM4TLJPX2DBQFOSD4/,https://news.ceek.jp/search.cgi?category_id=business&feed=1,ok,,経済
2026-08-22,2026-08-22T12:48:29.135137+09:00,全国紙,全国,産経新聞,NY原油続伸、終値87ドル台 米の対イラン圧力強化方針で中東産に供給不安...買い優勢,https://www.sankei.com/article/20260822-UTFZ6PADBJN2LCNZLVQ7ZH5M3I/,https://news.ceek.jp/search.cgi?category_id=business&feed=1,ok,,経済
2026-08-22,2026-08-22T12:48:29.135137+09:00,その他メディア,,デイリースポーツ,NY円、159円近辺,https://www.daily.co.jp/society/economics/2026/08/22/0020733513.shtml,https://news.ceek.jp/search.cgi?category_id=business&feed=1,ok,,経済
2026-08-22,2026-08-22T12:48:29.135137+09:00,その他メディア,,デイリースポーツ,ブラジル、米関税措置批判,https://www.daily.co.jp/society/economics/2026/08/22/0020733515.shtml,https://news.ceek.jp/search.cgi?category_id=business&feed=1,ok,,経済
2026-08-22,2026-08-22T12:48:29.135137+09:00,その他メディア,,共同通信,ブラジル、米関税措置批判 首脳が電話「根拠ない」,https://www.47news.jp/14825877.html,https://news.ceek.jp/search.cgi?category_id=business&feed=1,ok,,経済
2026-08-22,2026-08-22T12:48:29.135137+09:00,その他メディア,,Forbes JAPAN,金価格、3カ月ぶり高値の約4661ドルを記録──ドル安で貴金属価格が再び上昇基調に,https://forbesjapan.com/articles/detail/103361,https://news.ceek.jp/search.cgi?category_id=business&feed=1,ok,,経済
2026-08-22,2026-08-22T12:48:29.135137+09:00,その他メディア,,週刊エコノミスト,高市政権の成長戦略「家計の投資比率4割」は誰のため? 渡辺精一,https://weekly-economist.mainichi.jp/articles/20260821/se1/00m/020/004000d,https://news.ceek.jp/search.cgi?category_id=business&feed=1,ok,,経済
2026-08-22,2026-08-22T12:48:29.135137+09:00,全国紙,全国,産経新聞,長期停滞は「第2の敗戦」 その元凶は石破氏らが固執する財政均衡主義 田村秀男,https://www.sankei.com/article/20260822-DG7VC2AZH5IETOTR36MRDIVOEI/,https://news.ceek.jp/search.cgi?category_id=business&feed=1,ok,,経済
2026-08-22,2026-08-22T12:48:29.135137+09:00,全国紙,全国,産経新聞,なぜ検索した商品が広告に? AIと人流データで進化するアドテク最前線,https://www.sankei.com/article/20260822-DVENHQWF2NLWRGKS7ABMXHSEEE/,https://news.ceek.jp/search.cgi?category_id=business&feed=1,ok,,経済
2026-08-22,2026-08-22T12:48:29.135137+09:00,その他メディア,,東京商工リサーチ,2026年1-7月「中華料理店」倒産 22件に急増 15年間で最多、物価高・後継者難が町中華を直撃,https://www.tsr-net.co.jp/data/detail/1203155_1527.html,https://news.ceek.jp/search.cgi?category_id=business&feed=1,ok,,経済
2026-08-22,2026-08-22T12:48:29.135137+09:00,その他メディア,,東洋経済オンライン,"""大学教員・会社経営・大学院生""三足のわらじが新潮流。「アカデミックシフト」社会人から大学教授になる方法16 | キャリア・教育",https://toyokeizai.net/articles/-/955062,https://news.ceek.jp/search.cgi?category_id=business&feed=1,ok,,経済
2026-08-22,2026-08-22T12:48:29.135137+09:00,全国紙,全国,朝日新聞,残業「45時間」指導見直し、元監督官はどうみる 労基署調査の実態,https://www.asahi.com/articles/ASV8P3DQNV8PULFA006M.html,https://news.ceek.jp/search.cgi?category_id=business&feed=1,ok,,経済
2026-08-22,2026-08-22T12:48:29.135137+09:00,その他メディア,,Forbes JAPAN,金価格、3カ月ぶり高値の約4661ドルを記録──ドル安で貴金属価格が再び上昇基調に,https://forbesjapan.com/articles/detail/103159,https://news.ceek.jp/search.cgi?category_id=business&feed=1,ok,,経済
2026-08-22,2026-08-22T12:48:29.135137+09:00,その他メディア,,共同通信,NY円、159円近辺,https://www.47news.jp/14825863.html,https://news.ceek.jp/search.cgi?category_id=business&feed=1,ok,,経済
2026-08-22,2026-08-22T12:48:29.135137+09:00,全国紙,全国,日本経済新聞,NY円相場、反発 1ドル=158円95銭〜159円05銭 米財政巡る懸念でドル売り優勢,https://www.nikkei.com/article/DGXZQOFL21AJ60R20C26A8000000/,https://news.ceek.jp/search.cgi?category_id=business&feed=1,ok,,経済
2026-08-22,2026-08-22T12:48:29.135137+09:00,その他メディア,,東洋経済オンライン,"「くさい堆肥の匂いがする」と学生は悶絶も...特命課長が極秘で土地買収の根回しした「藤沢・慶應SFC」誘致の意外な""顛末"" | ライフ",https://toyokeizai.net/articles/-/955265?display=b,https://news.ceek.jp/search.cgi?category_id=business&feed=1,ok,,経済
2026-08-22,2026-08-22T12:48:29.135137+09:00,その他メディア,,東洋経済オンライン,"「早慶戦で""コンピューター外語専門学校""と心ないヤジ」「学生はレポートで超多忙」...革新的だった「慶應SFC」の意外な舞台裏 | ライフ",https://toyokeizai.net/articles/-/955267?display=b,https://news.ceek.jp/search.cgi?category_id=business&feed=1,ok,,経済
2026-08-22,2026-08-22T12:48:29.135137+09:00,その他メディア,,東洋経済オンライン,「何がなんだかわからない今の市場」の「正体」とは......「21世紀最大の金融危機」が目の前に迫っているといっても過言ではない | 政治・経済・投資,https://toyokeizai.net/articles/-/955587?display=b,https://news.ceek.jp/search.cgi?category_id=business&feed=1,ok,,経済
2026-08-22,2026-08-22T12:48:29.135137+09:00,その他メディア,,共同通信,【速報】NY円、158円94銭~159円04銭,https://www.47news.jp/14825837.html,https://news.ceek.jp/search.cgi?category_id=business&feed=1,ok,,経済
2026-08-22,2026-08-22T12:48:29.135137+09:00,全国紙,全国,日本経済新聞,NYダウ、見直し買いで517ドル高 30年債利回りは0.02%上昇,https://www.nikkei.com/article/DGXZQOFL220030S6A820C2000000/,https://news.ceek.jp/search.cgi?category_id=business&feed=1,ok,,経済
2026-08-22,2026-08-22T12:48:29.135137+09:00,全国紙,全国,読売新聞,NYダウ終値、517ドル高の5万3277ドル...前日大幅安の反動で買い戻し・米景気の底堅さ示す民間調査結果も好感,https://www.yomiuri.co.jp/economy/20260822-GYT1T00034/,https://news.ceek.jp/search.cgi?category_id=business&feed=1,ok,,経済
2026-08-22,2026-08-22T12:48:29.135137+09:00,その他メディア,,東洋経済オンライン,"離婚後、子ども3人、異国でゼロから...外国人夫と別れた「30代日本人女性」がつかんだ""自分の生きる道"" 国際結婚の現実とは | ライフ",https://toyokeizai.net/articles/-/951779?display=b,https://news.ceek.jp/search.cgi?category_id=business&feed=1,ok,,経済
2026-08-22,2026-08-22T12:48:29.135137+09:00,その他メディア,,東洋経済オンライン,華やかなイメージの国際結婚だが...《離婚》を選んだ夫婦の10年 義家族との溝、「オープンリレーションシップ」の顛末 | ライフ,https://toyokeizai.net/articles/-/951780?display=b,https://news.ceek.jp/search.cgi?category_id=business&feed=1,ok,,経済
2026-08-22,2026-08-22T12:48:29.135137+09:00,全国紙,全国,日本経済新聞,日経平均先物、大取の夜間取引で下落 80円安の6万6010円,https://www.nikkei.com/article/DGXZQOFL2201J0S6A820C2000000/,https://news.ceek.jp/search.cgi?category_id=business&feed=1,ok,,経済
2026-08-22,2026-08-22T12:48:29.135137+09:00,全国紙,全国,日本経済新聞,NY債券、長期債続落 10年債利回り4.73% 財政悪化やインフレ懸念根強く,https://www.nikkei.com/article/DGXZQOFL21AM50R20C26A8000000/,https://news.ceek.jp/search.cgi?category_id=business&feed=1,ok,,経済
2026-08-22,2026-08-22T12:48:29.135137+09:00,全国紙,全国,日本経済新聞,買われるペイパル、フィンテックに主役交代の足音,https://www.nikkei.com/article/DGXZQOFL21AW20R20C26A8000000/,https://news.ceek.jp/search.cgi?category_id=business&feed=1,ok,,経済
2026-08-22,2026-08-22T12:48:29.135137+09:00,その他メディア,,日刊工業新聞,逆風の「自動販売機」...飲料メーカーがあの手・この手、新価値を創出できるか,https://newswitch.jp/p/50052,https://news.ceek.jp/search.cgi?category_id=business&feed=1,ok,,経済
2026-08-22,2026-08-22T12:48:29.135137+09:00,その他メディア,,東洋経済オンライン,小渕優子氏が税調インナー辞任を決めた瞬間を激白「先人の苦労を考えると、たやすく消費税減税なんて言ってはいけない」 | 政治・経済・投資,https://toyokeizai.net/articles/-/955456?display=b,https://news.ceek.jp/search.cgi?category_id=business&feed=1,ok,,経済
2026-08-22,2026-08-22T12:48:29.135137+09:00,その他メディア,,共同通信,NY株反発、517ドル高 米景気底堅いと買い安心感,https://www.47news.jp/14825762.html,https://news.ceek.jp/search.cgi?category_id=business&feed=1,ok,,経済
2026-08-22,2026-08-22T12:48:29.135137+09:00,その他メディア,,ハーバード・ビジネス・レビュー,学習データをめぐるAI企業とクリエイターの対立を解決する方法,https://dhbr.diamond.jp/articles/-/14294,https://news.ceek.jp/search.cgi?category_id=business&feed=1,ok,,経済
2026-08-22,2026-08-22T12:48:29.135137+09:00,その他メディア,,JBpress,千葉豪雨の経験者が語る保険利用の「急所」、水害から我が家と資産をどう守るか床上浸水なら平均193万円の建物補償が支給、10月再値上げを前に「水災補償」の検討も,https://jbpress.ismedia.jp/articles/-/96609,https://news.ceek.jp/search.cgi?category_id=business&feed=1,ok,,経済
2026-08-22,2026-08-22T12:48:29.135137+09:00,その他メディア,,東洋経済オンライン,「食品消費減税反対の理由、税調インナー辞任の経緯、高市首相との関係..すべて話します」自民党・小渕優子氏に直撃 | 政治・経済・投資,https://toyokeizai.net/articles/-/955279,https://news.ceek.jp/search.cgi?category_id=business&feed=1,ok,,経済
2026-08-22,2026-08-22T12:48:29.135137+09:00,その他メディア,,日刊ゲンダイ,東京・銀座、KK線再生で誕生、東京スカイコリドーは高さ8.5メートル天空の遊歩道,https://www.nikkan-gendai.com/articles/view/money/390943,https://news.ceek.jp/search.cgi?category_id=business&feed=1,ok,,経済
2026-08-22,2026-08-22T12:48:29.135137+09:00,その他メディア,,日刊ゲンダイ,不動産ジャーナリスト榊淳司氏が分析、新築もアリ! 首都圏4000万円以内の狙い目エリア,https://www.nikkan-gendai.com/articles/view/money/391063,https://news.ceek.jp/search.cgi?category_id=business&feed=1,ok,,経済
2026-08-22,2026-08-22T12:48:29.135137+09:00,その他メディア,,日刊ゲンダイ,"KDDIが楽天モバイルへの「ローミング」終了でライバルの“品質低下""を狙い撃つ",https://www.nikkan-gendai.com/articles/view/money/391977,https://news.ceek.jp/search.cgi?category_id=business&feed=1,ok,,経済
2026-08-22,2026-08-22T12:48:29.135137+09:00,その他メディア,,日刊ゲンダイ,"バークシャー・ハサウェイが新規購入した“バフェット銘柄""「DR HORTON」株とは?",https://www.nikkan-gendai.com/articles/view/money/391978,https://news.ceek.jp/search.cgi?category_id=business&feed=1,ok,,経済
2026-08-22,2026-08-22T12:48:29.135137+09:00,その他メディア,,東洋経済オンライン,【独自分析】アリーナが稼ぐと地域は幸せになるのか?最新データを基に全国主要10施設の計画と実績を徹底検証 | ビジネス,https://toyokeizai.net/articles/-/953951?display=b,https://news.ceek.jp/search.cgi?category_id=business&feed=1,ok,,経済
2026-08-22,2026-08-22T12:48:29.135137+09:00,その他メディア,,東洋経済オンライン,深刻ないじめ被害と不登校→国内最年少「18歳で行政書士」になった慶應生が語る「進路選択のポイント」「通信制高校の現実」 | キャリア・教育,https://toyokeizai.net/articles/-/954720?display=b,https://news.ceek.jp/search.cgi?category_id=business&feed=1,ok,,経済
2026-08-22,2026-08-22T12:48:29.135137+09:00,その他メディア,,東洋経済オンライン,日本の「民主主義」の誕生は戦後からではない―明治の思想的格闘からみる国民主権の源流、日本に根付いた民主制150年 | 政治・経済・投資,https://toyokeizai.net/articles/-/955415?display=b,https://news.ceek.jp/search.cgi?category_id=business&feed=1,ok,,経済
2026-08-22,2026-08-22T12:48:29.135137+09:00,その他メディア,,共同通信,NY原油続伸、終値87ドル台 中東産供給不安で買い優勢,https://www.47news.jp/14825765.html,https://news.ceek.jp/search.cgi?category_id=business&feed=1,ok,,経済
2026-08-22,2026-08-22T12:48:29.135137+09:00,その他メディア,,共同通信,NY株式 21日終値,https://www.47news.jp/14825760.html,https://news.ceek.jp/search.cgi?category_id=business&feed=1,ok,,経済
2026-08-22,2026-08-22T12:48:29.135137+09:00,その他メディア,,東洋経済オンライン,"毎日洗濯しても「臭いおじさん」になるのは当然だった...ビジネスマンを襲う""服のニオイ""の本当の原因 | ライフ",https://toyokeizai.net/articles/-/955568?display=b,https://news.ceek.jp/search.cgi?category_id=business&feed=1,ok,,経済
2026-08-22,2026-08-22T12:48:29.135137+09:00,全国紙,全国,日本経済新聞,米国株、ダウ反発し517ドル高 主力株に見直し買い、テスラが上昇,https://www.nikkei.com/article/DGXZQOFL21AJY0R20C26A8000000/,https://news.ceek.jp/search.cgi?category_id=business&feed=1,ok,,経済
2026-08-22,2026-08-22T12:48:29.135137+09:00,全国紙,全国,日本経済新聞,米国で進む株式のトークン化 即時決済、365日取引が可能に,https://www.nikkei.com/article/DGXZQOGN02D3Z0S6A700C2000000/,https://news.ceek.jp/search.cgi?category_id=business&feed=1,ok,,経済
2026-08-22,2026-08-22T12:48:29.135137+09:00,その他メディア,,共同通信,【速報】NY株反発、517ドル高,https://www.47news.jp/14825733.html,https://news.ceek.jp/search.cgi?category_id=business&feed=1,ok,,経済
2026-08-22,2026-08-22T12:48:29.135137+09:00,その他メディア,,フジテレビ,原付バイクの男が近づき...自転車で帰宅途中だった81歳男性が前かごのリュックサックひったくられる 約1万5千円やクレカなど入る,https://www.fnn.jp/articles/-/1099342,https://news.ceek.jp/search.cgi?category_id=national&feed=1,ok,,社会
2026-08-22,2026-08-22T12:48:29.135137+09:00,その他メディア,,日本テレビ,JR外房線、全線で運転再開へ 千葉豪雨で運転見合わせの誉田~大網駅間が23日始発から運転再開見込み JR東日本,https://news.ntv.co.jp/category/society/5b13dcca8c144dd2ac14369086da9aa5,https://news.ceek.jp/search.cgi?category_id=national&feed=1,ok,,社会
2026-08-22,2026-08-22T12:48:29.135137+09:00,その他メディア,,フジテレビ,「水が全部入ってきます」水没車から119番 千葉の記録的豪雨で通報619件,https://www.fnn.jp/articles/-/1099338,https://news.ceek.jp/search.cgi?category_id=national&feed=1,ok,,社会
2026-08-22,2026-08-22T12:48:29.135137+09:00,その他メディア,,TBSテレビ,JR外房線 あす始発から全線運転再開へ 千葉豪雨被害の誉田駅-大網駅間が復旧 代行バスは22日午後9時まで運行,https://newsdig.tbs.co.jp/articles/-/2889578?display=1,https://news.ceek.jp/search.cgi?category_id=national&feed=1,ok,,社会
2026-08-22,2026-08-22T12:48:29.135137+09:00,その他メディア,,テレビ朝日,九州40°C予想 猛烈な暑さ 関東は天気急変 雷雨注意,https://news.tv-asahi.co.jp/news_society/articles/000528023.html,https://news.ceek.jp/search.cgi?category_id=national&feed=1,ok,,社会
2026-08-22,2026-08-22T12:48:29.135137+09:00,その他メディア,,TBSテレビ,「政策実現を主導できる政党に」国民民主党の代表選きょう告示 玉木雄一郎代表と初挑戦の橋本幹彦氏の一騎打ち,https://newsdig.tbs.co.jp/articles/-/2889559?display=1,https://news.ceek.jp/search.cgi?category_id=national&feed=1,ok,,社会
2026-08-22,2026-08-22T12:48:29.135137+09:00,その他メディア,,デイリースポーツ,千葉市、豪雨被災放置車を全撤去,https://www.daily.co.jp/society/national/2026/08/22/0020734192.shtml,https://news.ceek.jp/search.cgi?category_id=national&feed=1,ok,,社会
2026-08-22,2026-08-22T12:48:29.135137+09:00,その他メディア,,日刊スポーツ,パラグアイ公式訪問中の秋篠宮ご夫妻が日本人移住9...,https://www.nikkansports.com/general/news/202608220000336.html,https://news.ceek.jp/search.cgi?category_id=national&feed=1,ok,,社会
2026-08-22,2026-08-22T12:48:29.135137+09:00,その他メディア,,日本テレビ,愛子さま世代の「次期女王」ヨーロッパで続々誕生へ 皇室典範改正で参考にしたリヒテンシュタインが...「第1子優先」へ転換、有識者会議の前提崩れる【#みんなのギモン】,https://news.ntv.co.jp/category/society/d50aa09fb3534a809a3503469f39f3d0,https://news.ceek.jp/search.cgi?category_id=national&feed=1,ok,,社会
2026-08-22,2026-08-22T12:48:29.135137+09:00,その他メディア,,テレビ朝日,パラグアイ訪問中の秋篠宮ご夫妻 移住した日系1世らと懇談,https://news.tv-asahi.co.jp/news_society/articles/000528026.html,https://news.ceek.jp/search.cgi?category_id=national&feed=1,ok,,社会
2026-08-22,2026-08-22T12:48:29.135137+09:00,その他メディア,,テレビ朝日,高校のバスなど多重事故で生徒ら11人けが 学校が会見「後方からトラックに...」,https://news.tv-asahi.co.jp/news_society/articles/000528027.html,https://news.ceek.jp/search.cgi?category_id=national&feed=1,ok,,社会
2026-08-22,2026-08-22T12:48:29.135137+09:00,その他メディア,,テレビ朝日,熊本地震 週末も罹災証明の窓口設置「開いてると言われホッと」,https://news.tv-asahi.co.jp/news_society/articles/000528028.html,https://news.ceek.jp/search.cgi?category_id=national&feed=1,ok,,社会
2026-08-22,2026-08-22T12:48:29.135137+09:00,その他メディア,,フジテレビ,秋篠宮ご夫妻 日本人のパラグアイ移住90周年の記念式典に出席 スペイン語やグアラニー語交えおことば,https://www.fnn.jp/articles/-/1099318,https://news.ceek.jp/search.cgi?category_id=national&feed=1,ok,,社会
2026-08-22,2026-08-22T12:48:29.135137+09:00,その他メディア,,テレビ朝日,気象庁が30年ぶり天気予報刷新へ 週間予報は「7日先」から「2週間先」までに,https://news.tv-asahi.co.jp/news_society/articles/000528000.html,https://news.ceek.jp/search.cgi?category_id=national&feed=1,ok,,社会
2026-08-22,2026-08-22T12:48:29.135137+09:00,その他メディア,,日刊スポーツ,「意思疎通できる状態ではなかった」複数社で作業、...,https://www.nikkansports.com/general/news/202608220000337.html,https://news.ceek.jp/search.cgi?category_id=national&feed=1,ok,,社会
2026-08-22,2026-08-22T12:48:29.135137+09:00,その他メディア,,テレ東BIZ,愛子さまと仲良く乾杯...悠仁さま初めての宮中晩さん会【皇室ちょっといい話】(266),https://txbiz.tv-tokyo.co.jp/txn/kaisetsu/post_346929,https://news.ceek.jp/search.cgi?category_id=national&feed=1,ok,,社会
2026-08-22,2026-08-22T12:48:29.135137+09:00,その他メディア,,フジテレビ,"容疑者の自宅は以前と比べて変化も... 万博工事めぐり背任の疑いで逮捕された竹中工務店現場責任者 “水増し""代金は自宅などのリフォーム代などに充てたか",https://www.fnn.jp/articles/-/1099317,https://news.ceek.jp/search.cgi?category_id=national&feed=1,ok,,社会
2026-08-22,2026-08-22T12:48:29.135137+09:00,その他メディア,,フジテレビ,"【延期】秋サケ定置網設置""9日間遅れ""水揚げ量低下と不漁予想で...「人工ふ化」卵を確保へ!釣り人にも自粛呼びかけ〈北海道〉",https://www.fnn.jp/articles/-/1099332,https://news.ceek.jp/search.cgi?category_id=national&feed=1,ok,,社会
2026-08-22,2026-08-22T12:48:29.135137+09:00,その他メディア,,フジテレビ,"【大迫力】重さ5トンの""巨大あんどん""がぶつかり合う『喧嘩あんどん』「すごい」ちびっ子もビックリ!豊作・商売繁盛・無病息災願う...22日午後10時まで〈北海道沼田町〉",https://www.fnn.jp/articles/-/1099333,https://news.ceek.jp/search.cgi?category_id=national&feed=1,ok,,社会
2026-08-22,2026-08-22T12:48:29.135137+09:00,その他メディア,,フジテレビ,"【不同意わいせつ】20代女性が後ろから抱きつかれる...現場は""共同住宅の敷地内""抱きついた20代ぐらいの男は逃走...警察は行方追う→2人は面識なしか〈北海道札幌市〉",https://www.fnn.jp/articles/-/1099335,https://news.ceek.jp/search.cgi?category_id=national&feed=1,ok,,社会
2026-08-22,2026-08-22T12:48:29.135137+09:00,その他メディア,,フジテレビ,土石流から2週間 北アルプス登山口ににぎわい戻る 寸断された県道が開通 車両も通行できる仮橋が完成 「早く復旧してよかった」,https://www.fnn.jp/articles/-/1099321,https://news.ceek.jp/search.cgi?category_id=national&feed=1,ok,,社会
2026-08-22,2026-08-22T12:48:29.135137+09:00,その他メディア,,フジテレビ,樟南高校マイクロバスに大型トレーラー追突 長崎道で6台絡む事故、生徒1人重傷 「トラックがすごいスピードでぶつかった」,https://www.fnn.jp/articles/-/1099313,https://news.ceek.jp/search.cgi?category_id=national&feed=1,ok,,社会
2026-08-22,2026-08-22T12:48:29.135137+09:00,その他メディア,,フジテレビ,「屋根から煙が上がっている」と通報 菊池市で住宅を全焼する火事 けが人なし【熊本発】,https://www.fnn.jp/articles/-/1099334,https://news.ceek.jp/search.cgi?category_id=national&feed=1,ok,,社会
2026-08-22,2026-08-22T12:48:29.135137+09:00,その他メディア,,共同通信,対馬丸撃沈82年、那覇で慰霊祭 疎開学童ら1500人近く犠牲,https://www.47news.jp/14826851.html,https://news.ceek.jp/search.cgi?category_id=national&feed=1,ok,,社会
2026-08-22,2026-08-22T12:48:29.135137+09:00,その他メディア,,フジテレビ,北海道で最大震度1の地震 北海道・浦幌町,https://www.fnn.jp/articles/-/1099311,https://news.ceek.jp/search.cgi?category_id=national&feed=1,ok,,社会
2026-08-22,2026-08-22T12:48:29.135137+09:00,その他メディア,,デイリースポーツ,山本が13勝目懸けて先発,https://www.daily.co.jp/society/main/2026/08/22/0020734040.shtml,https://news.ceek.jp/search.cgi?category_id=national&feed=1,ok,,社会
2026-08-22,2026-08-22T12:48:29.135137+09:00,その他メディア,,サンケイスポーツ,国民民主代表選が告示 橋本幹彦、玉木雄一郎氏の一騎打ち 党運営、政権との距離争点,https://www.sanspo.com/article/20260822-5GLMNM7NUJKEVDLXAA6XMGAK2E/,https://news.ceek.jp/search.cgi?category_id=national&feed=1,ok,,社会
2026-08-22,2026-08-22T12:48:29.135137+09:00,全国紙,全国,日本経済新聞,秋篠宮ご夫妻、日本人のパラグアイ移住90年式典に 「心から敬意」,https://www.nikkei.com/article/DGXZQOUD220LD0S6A820C2000000/,https://news.ceek.jp/search.cgi?category_id=national&feed=1,ok,,社会
2026-08-22,2026-08-22T12:48:29.135137+09:00,その他メディア,,Abema TIMES,県営団地で火事 ポンプ車など14台出動 さいたま市,https://times.abema.tv/articles/-/10268526?page=1,https://news.ceek.jp/search.cgi?category_id=national&feed=1,ok,,社会
2026-08-22,2026-08-22T12:48:29.135137+09:00,その他メディア,,TBSテレビ,「車両が水没した」趣旨の通報22件 さいたま市では1時間に110ミリの猛烈な雨を観測「記録的短時間大雨」の情報発表 埼玉県,https://newsdig.tbs.co.jp/articles/-/2889493?display=1,https://news.ceek.jp/search.cgi?category_id=national&feed=1,ok,,社会
2026-08-22,2026-08-22T12:48:29.135137+09:00,その他メディア,,デイリースポーツ,対馬丸撃沈82年、那覇で慰霊祭,https://www.daily.co.jp/society/national/2026/08/22/0020733999.shtml,https://news.ceek.jp/search.cgi?category_id=national&feed=1,ok,,社会
2026-08-22,2026-08-22T12:48:29.135137+09:00,その他メディア,,テレビ朝日,「ケロポンズ」が武蔵野署の一日署長に 親子に交通安全を呼びかけ,https://news.tv-asahi.co.jp/news_society/articles/000528016.html,https://news.ceek.jp/search.cgi?category_id=national&feed=1,ok,,社会
2026-08-22,2026-08-22T12:48:29.135137+09:00,その他メディア,,テレビ朝日,【速報】県営団地の3階から出火 逃げ遅れやけが人の確認急ぐ さいたま市,https://news.tv-asahi.co.jp/news_society/articles/000528012.html,https://news.ceek.jp/search.cgi?category_id=national&feed=1,ok,,社会
2026-08-22,2026-08-22T12:48:29.135137+09:00,その他メディア,,Abema TIMES,"ここどこ?魅惑の3ホテル “日本のマチュピチュ""では歴史的な建造物が「客室」に",https://times.abema.tv/articles/-/10268525?page=1,https://news.ceek.jp/search.cgi?category_id=national&feed=1,ok,,社会
2026-08-22,2026-08-22T12:48:29.135137+09:00,全国紙,全国,読売新聞,皇居敷地内に深夜に侵入した疑い、自称派遣社員の38歳男を逮捕...皇宮護衛官が取り押さえ,https://www.yomiuri.co.jp/national/20260822-GYT1T00081/,https://news.ceek.jp/search.cgi?category_id=national&feed=1,ok,,社会
2026-08-22,2026-08-22T12:48:29.135137+09:00,その他メディア,,テレビ朝日,大山隠岐国立公園の道路に大量のパン不法投棄 4日連続、計39キロ分 鳥取,https://news.tv-asahi.co.jp/news_society/articles/000528009.html,https://news.ceek.jp/search.cgi?category_id=national&feed=1,ok,,社会
2026-08-22,2026-08-22T12:48:29.135137+09:00,その他メディア,,日刊ゲンダイ,公認内定取り消しで妻も自殺...高橋茉莉さん実父告発「玉木雄一郎の4つのウソ」──国民民主党代表選スタート,https://www.nikkan-gendai.com/articles/view/news/392008,https://news.ceek.jp/search.cgi?category_id=national&feed=1,ok,,社会
2026-08-22,2026-08-22T12:48:29.135137+09:00,その他メディア,,日刊ゲンダイ,X連投の高市首相が触れない「OTC保険外し」...診療妨害の複雑制度に医師も患者も混乱必至,https://www.nikkan-gendai.com/articles/view/news/392009,https://news.ceek.jp/search.cgi?category_id=national&feed=1,ok,,社会
2026-08-22,2026-08-22T12:48:29.135137+09:00,その他メディア,,Abema TIMES,"「9歳のとき急に体を触られ...」父親から性的虐待 15歳で妊娠、中絶も「信じてもらえなかった」当事者が語る“密室の家庭""とSOSが届かない構造",https://times.abema.tv/articles/-/10268521?page=1,https://news.ceek.jp/search.cgi?category_id=national&feed=1,ok,,社会
2026-08-22,2026-08-22T12:48:29.135137+09:00,その他メディア,,女性自身,"“福岡県議会のドン""蔵内議長「辞職勧告」採決中止の舞台裏...議長はやめても県議をやめない理由とは",https://jisin.jp/domestic/2596727/,https://news.ceek.jp/search.cgi?category_id=national&feed=1,ok,,社会
2026-08-22,2026-08-22T12:48:29.135137+09:00,その他メディア,,女性自身,"立憲民主党「架空アカウント騒動」県連に聞いた困惑ぶり「アカウント名勝手に変更で気づかず」“中の人""とは「連絡取れず」",https://jisin.jp/domestic/2596707/,https://news.ceek.jp/search.cgi?category_id=national&feed=1,ok,,社会
2026-08-22,2026-08-22T12:48:29.135137+09:00,その他メディア,,テレビ朝日,"ここどこ?魅惑の3ホテル “日本のマチュピチュ""では歴史的な建造物が「客室」に",https://news.tv-asahi.co.jp/news_society/articles/900197369.html,https://news.ceek.jp/search.cgi?category_id=national&feed=1,ok,,社会
2026-08-22,2026-08-22T12:48:29.135137+09:00,その他メディア,,テレビ朝日,"3歳娘がいる女性と結婚したYouTuber「足し算で余計幸せ!」 中・高生の娘を持つシングルマザー「次女に反対され諦めた」 子連れ再婚の“肩身の狭さ""の背景は",https://news.tv-asahi.co.jp/news_society/articles/900197667.html,https://news.ceek.jp/search.cgi?category_id=national&feed=1,ok,,社会
2026-08-22,2026-08-22T12:48:29.135137+09:00,その他メディア,,テレビ朝日,"「9歳のとき急に体を触られ...」父親から性的虐待 15歳で妊娠、中絶も「信じてもらえなかった」当事者が語る“密室の家庭""とSOSが届かない構造",https://news.tv-asahi.co.jp/news_society/articles/900197670.html,https://news.ceek.jp/search.cgi?category_id=national&feed=1,ok,,社会
2026-08-22,2026-08-22T12:48:29.135137+09:00,全国紙,全国,読売新聞,豪雨被災で手術制限中の千葉大病院へ、東京科学大病院が器材洗浄施設を提供...異例の国立大病院間支援,https://www.yomiuri.co.jp/medical/20260822-GYT1T00073/,https://news.ceek.jp/search.cgi?category_id=national&feed=1,ok,,社会
2026-08-22,2026-08-22T12:48:29.135137+09:00,全国紙,全国,朝日新聞,熊本地震、SNS空間とはあまりに遠く 高市首相も訪れた避難所で,https://www.asahi.com/articles/ASV8M2QLZV8MULLI013M.html,https://news.ceek.jp/search.cgi?category_id=national&feed=1,ok,,社会
2026-08-22,2026-08-22T12:48:29.135137+09:00,その他メディア,,ポストセブン,《「ドーン!!」と衝突音》「かなり凄惨な現場になっているだろうと...」東武鉄道4人死亡、現場にいたタクシー運転手が明かした「異例の特急列車事故」の現場,https://www.news-postseven.com/archives/20260822_2127637.html,https://news.ceek.jp/search.cgi?category_id=national&feed=1,ok,,社会
2026-08-22,2026-08-22T12:48:29.135137+09:00,その他メディア,,Abema TIMES,"3歳娘がいる女性と結婚したYouTuber「足し算で余計幸せ!」 中・高生の娘を持つシングルマザー「次女に反対され諦めた」 子連れ再婚の“肩身の狭さ""の背景は",https://times.abema.tv/articles/-/10268121?page=1,https://news.ceek.jp/search.cgi?category_id=national&feed=1,ok,,社会
2026-08-22,2026-08-22T12:48:29.135137+09:00,その他メディア,,共同通信,大好きだから、自分の言葉で真摯に 「傍らのひと」(16)平和願う沖縄のバスガイド,https://www.47news.jp/14419994.html,https://news.ceek.jp/search.cgi?category_id=national&feed=1,ok,,社会
2026-08-22,2026-08-22T12:48:29.135137+09:00,その他メディア,,テレビ朝日,宿泊施設で男性死亡 従業員が発見 事件や事故など視野に捜査 埼玉県警,https://news.tv-asahi.co.jp/news_society/articles/000528013.html,https://news.ceek.jp/search.cgi?category_id=national&feed=1,ok,,社会
2026-08-22,2026-08-22T12:48:29.135137+09:00,その他メディア,,共同通信,日本人の移住90年式典出席 秋篠宮ご夫妻、パラグアイ,https://www.47news.jp/14826583.html,https://news.ceek.jp/search.cgi?category_id=national&feed=1,ok,,社会
2026-08-22,2026-08-22T12:48:29.135137+09:00,その他メディア,,共同通信,1000人つなぐアジア大会聖火 愛知でリレー始まる,https://www.47news.jp/14826483.html,https://news.ceek.jp/search.cgi?category_id=national&feed=1,ok,,社会
2026-08-22,2026-08-22T12:48:29.135137+09:00,その他メディア,,デイリースポーツ,日本人の移住90年式典出席,https://www.daily.co.jp/society/national/2026/08/22/0020733888.shtml,https://news.ceek.jp/search.cgi?category_id=national&feed=1,ok,,社会
2026-08-22,2026-08-22T12:48:29.135137+09:00,全国紙,全国,日本経済新聞,劇物入りマフィンで殺人未遂疑い 46歳女を逮捕「殺すつもりなかった」,https://www.nikkei.com/article/DGXZQOUD2206F0S6A820C2000000/,https://news.ceek.jp/search.cgi?category_id=national&feed=1,ok,,社会
2026-08-22,2026-08-22T12:48:29.135137+09:00,その他メディア,,TBSテレビ,【LIVE】昼のニュース(Japan News Digest Live)最新情報など(8月22日),https://newsdig.tbs.co.jp/articles/-/2888724?display=1,https://news.ceek.jp/search.cgi?category_id=national&feed=1,ok,,社会
2026-08-22,2026-08-22T12:48:29.135137+09:00,その他メディア,,アサ芸プラス,【実践レポート】うちわで追い払った蚊は「再攻撃」してこない!「手強い人間」の体臭を記憶して警戒する「驚異の能力」があるから...,https://www.asagei.com/excerpt/349198,https://news.ceek.jp/search.cgi?category_id=national&feed=1,ok,,社会
2026-08-22,2026-08-22T12:48:29.135137+09:00,その他メディア,,フジテレビ,「高齢男性が波にさらわれて...」1人で釣り中に誤って海に転落か 消防が74歳男性を救助 命に別条なし 新潟市中央区,https://www.fnn.jp/articles/-/1099302,https://news.ceek.jp/search.cgi?category_id=national&feed=1,ok,,社会
2026-08-22,2026-08-22T12:48:29.135137+09:00,全国紙,全国,産経新聞,「事故起こしたことに変わりなく...」トレーラーに追突され、女子生徒ら負傷の樟南高が謝罪,https://www.sankei.com/article/20260822-AIOYLIVAYBL4FAZZDGG33RRHK4/,https://news.ceek.jp/search.cgi?category_id=national&feed=1,ok,,社会
2026-08-22,2026-08-22T12:48:29.135137+09:00,その他メディア,,日刊スポーツ,【白玲戦】福間香奈女流4冠 区切りのタイトル獲得通算70期目指す,https://www.nikkansports.com/general/news/202608220000180.html,https://news.ceek.jp/search.cgi?category_id=national&feed=1,ok,,社会
2026-08-22,2026-08-22T12:48:29.135137+09:00,その他メディア,,日刊スポーツ,【白玲戦】通算5期「クイーン白玲」目指す西山朋佳白玲 目の前の対局に集中,https://www.nikkansports.com/general/news/202608220000166.html,https://news.ceek.jp/search.cgi?category_id=national&feed=1,ok,,社会
2026-08-22,2026-08-22T12:48:29.135137+09:00,その他メディア,,デイリースポーツ,1000人つなぐアジア大会聖火,https://www.daily.co.jp/society/national/2026/08/22/0020733830.shtml,https://news.ceek.jp/search.cgi?category_id=national&feed=1,ok,,社会
2026-08-22,2026-08-22T12:48:29.135137+09:00,全国紙,全国,読売新聞,パラグアイ訪問中の秋篠宮ご夫妻、日本人移住90周年の記念式典出席...慰霊碑に白いユリの花束ささげる,https://www.yomiuri.co.jp/koushitsu/20260822-GYT1T00055/,https://news.ceek.jp/search.cgi?category_id=national&feed=1,ok,,社会
2026-08-22,2026-08-22T12:48:29.135137+09:00,その他メディア,,共同通信,【速報】アジア大会聖火リレー、愛知で始まる,https://www.47news.jp/14826449.html,https://news.ceek.jp/search.cgi?category_id=national&feed=1,ok,,社会
2026-08-22,2026-08-22T12:48:29.135137+09:00,その他メディア,,テレビ朝日,【SDGs】自然の恵みを余すことなく届けるジェラート,https://news.tv-asahi.co.jp/news_society/articles/000527544.html,https://news.ceek.jp/search.cgi?category_id=national&feed=1,ok,,社会
2026-08-22,2026-08-22T12:48:29.135137+09:00,その他メディア,,TBSテレビ,"高市総理なぜ靖国「参拝」見送り「遥拝」に? 背景に日韓関係めぐる“この夏の複雑な事情"" 実現に向けた環境整備と総理の信念の狭間",https://newsdig.tbs.co.jp/articles/-/2888250?display=1,https://news.ceek.jp/search.cgi?category_id=national&feed=1,ok,,社会
2026-08-22,2026-08-22T12:48:29.135137+09:00,その他メディア,,テレ東BIZ,ポスト半導体株!? ゲーム銘柄【モーサテわからん】,https://txbiz.tv-tokyo.co.jp/txn/kaisetsu/post_347198,https://news.ceek.jp/search.cgi?category_id=national&feed=1,ok,,社会
2026-08-22,2026-08-22T12:48:29.135137+09:00,その他メディア,,アサ芸プラス,佐藤誠「取調室の裏側」〈問われる「刑事の勘」の価値。AI導入で捜査現場は大激変〉,https://www.asagei.com/excerpt/349116,https://news.ceek.jp/search.cgi?category_id=national&feed=1,ok,,社会
2026-08-22,2026-08-22T12:48:29.135137+09:00,全国紙,全国,読売新聞,海兵隊員で沖縄に駐留した祖父、遺品の写真の日本人はどこに...アメリカの孫が手がかり探す,https://www.yomiuri.co.jp/national/20260819-GYT1T00185/,https://news.ceek.jp/search.cgi?category_id=national&feed=1,ok,,社会
2026-08-22,2026-08-22T12:48:29.135137+09:00,その他メディア,,フジテレビ,"殺人未遂の疑いで逮捕されたJAF隊員 親族らが語った人物像 後続車を踏切から出られないようにして殺害しようとしたか 直前に防犯カメラが捉えた“接近して走行""する様子",https://www.fnn.jp/articles/-/1099299,https://news.ceek.jp/search.cgi?category_id=national&feed=1,ok,,社会
2026-08-22,2026-08-22T12:48:29.135137+09:00,その他メディア,,デイリースポーツ,佐賀多重事故、鹿児島の高校謝罪,https://www.daily.co.jp/society/national/2026/08/22/0020733745.shtml,https://news.ceek.jp/search.cgi?category_id=national&feed=1,ok,,社会
2026-08-22,2026-08-22T12:48:29.135137+09:00,全国紙,全国,産経新聞,JR東海道・山陽線の西明石-京都で運転見合わせ 塚本-尼崎間線路トラブル運転再開直後,https://www.sankei.com/article/20260822-3GRVFBPBPNND3MOTI4SNVEHABQ/,https://news.ceek.jp/search.cgi?category_id=national&feed=1,ok,,社会
2026-08-22,2026-08-22T12:48:29.135137+09:00,その他メディア,,共同通信,佐賀多重事故、鹿児島の高校謝罪 追突され女子生徒ら11人けが,https://www.47news.jp/14826374.html,https://news.ceek.jp/search.cgi?category_id=national&feed=1,ok,,社会
2026-08-22,2026-08-22T12:48:29.135137+09:00,その他メディア,,J-CAST,鳥取の食パン大量投棄、専門家が警告「クマの餌付けになって対策がすべて水の泡」,https://www.j-cast.com/2026/08/22517327.html?p=all,https://news.ceek.jp/search.cgi?category_id=national&feed=1,ok,,社会
2026-08-22,2026-08-22T12:48:29.135137+09:00,その他メディア,,デイリースポーツ,TikTok、米司法省と和解,https://www.daily.co.jp/society/main/2026/08/22/0020733724.shtml,https://news.ceek.jp/search.cgi?category_id=national&feed=1,ok,,社会
2026-08-22,2026-08-22T12:48:29.135137+09:00,全国紙,全国,日本経済新聞,姫路独協大の譲渡交渉、理事らに30万円 学校法人の第三者委認定,https://www.nikkei.com/article/DGXZQOUD2208F0S6A820C2000000/,https://news.ceek.jp/search.cgi?category_id=national&feed=1,ok,,社会
2026-08-22,2026-08-22T12:48:29.135137+09:00,全国紙,全国,毎日新聞,18歳までに一生の半分浴びる紫外線 学校の「目に優しい」試み,https://mainichi.jp/articles/20260820/k00/00m/040/197000c,https://news.ceek.jp/search.cgi?category_id=national&feed=1,ok,,社会
2026-08-22,2026-08-22T12:48:29.135137+09:00,全国紙,全国,読売新聞,北海道の農場でミャンマー人労働者に虐待か、6人保護...「日々の暴力で恐怖の中で生きていた」と男性涙,https://www.yomiuri.co.jp/national/20260822-GYT1T00047/,https://news.ceek.jp/search.cgi?category_id=national&feed=1,ok,,社会
2026-08-22,2026-08-22T12:48:29.135137+09:00,その他メディア,,Abema TIMES,"千葉豪雨 放置車両 約2500台“撤去完了""",https://times.abema.tv/articles/-/10268514?page=1,https://news.ceek.jp/search.cgi?category_id=national&feed=1,ok,,社会
2026-08-22,2026-08-22T12:48:29.135137+09:00,その他メディア,,Abema TIMES,木原官房長官 被災地を視察 国の支援 私立学校も対象に,https://times.abema.tv/articles/-/10268515?page=1,https://news.ceek.jp/search.cgi?category_id=national&feed=1,ok,,社会
2026-08-22,2026-08-22T12:48:29.135137+09:00,全国紙,全国,毎日新聞,依存、犯罪被害、学力低下...子どものSNS規制は必要か?,https://mainichi.jp/articles/20260819/k00/00m/040/281000c,https://news.ceek.jp/search.cgi?category_id=national&feed=1,ok,,社会
2026-08-22,2026-08-22T12:48:29.135137+09:00,全国紙,全国,産経新聞,観光自粛は思いやりなのか 配慮が「二次被害」招く 熊本地震の被災地で感じたこと,https://www.sankei.com/article/20260822-3SUX6AXP2FPVNGMRKYE3ZX2MCM/,https://news.ceek.jp/search.cgi?category_id=national&feed=1,ok,,社会
2026-08-22,2026-08-22T12:48:29.135137+09:00,全国紙,全国,読売新聞,万博工事背任で下請け業者側「発注側の現場責任者である容疑者から指示受け、従わざるを得なかった」,https://www.yomiuri.co.jp/national/20260822-GYT1T00044/,https://news.ceek.jp/search.cgi?category_id=national&feed=1,ok,,社会
2026-08-22,2026-08-22T12:48:29.135137+09:00,その他メディア,,TBSテレビ,視聴者の声~熊本地震報道とバレーボール中継へのご意見~【調査情報デジタル】,https://newsdig.tbs.co.jp/articles/-/2881560?display=1,https://news.ceek.jp/search.cgi?category_id=national&feed=1,ok,,社会
2026-08-22,2026-08-22T12:48:29.135137+09:00,その他メディア,,集英社オンライン,"〈夏のペットボトルに要注意〉カフェオレは35°Cで「菌が1万6000倍」に...夏の車内ではペットボトル“破裂""の危険も",https://shueisha.online/articles/-/258419,https://news.ceek.jp/search.cgi?category_id=national&feed=1,ok,,社会
2026-08-22,2026-08-22T12:48:29.135137+09:00,その他メディア,,集英社オンライン,"〈夏休みの自由研究に異変〉「必須」はわずか3割、いまや「任意」が上回る...学校が“全員提出""をやめつつある3つの理由",https://shueisha.online/articles/-/258445,https://news.ceek.jp/search.cgi?category_id=national&feed=1,ok,,社会
2026-08-22,2026-08-22T12:48:29.135137+09:00,その他メディア,,デイリースポーツ,北口榛花、DLで約1年ぶり優勝,https://www.daily.co.jp/society/main/2026/08/22/0020733651.shtml,https://news.ceek.jp/search.cgi?category_id=national&feed=1,ok,,社会
2026-08-22,2026-08-22T12:48:29.135137+09:00,全国紙,全国,毎日新聞,福岡・苅田町、指定ごみ袋を有料化へ 県内唯一の無料配布終了,https://mainichi.jp/articles/20260821/k00/00m/040/290000c,https://news.ceek.jp/search.cgi?category_id=national&feed=1,ok,,社会
2026-08-22,2026-08-22T12:48:29.135137+09:00,その他メディア,,TBSテレビ,小学生が体験したペットボトル「水平リサイクル」のための分別方法とは <シリーズSDGsの実践者たち>【調査情報デジタル】,https://newsdig.tbs.co.jp/articles/-/2879746?display=1,https://news.ceek.jp/search.cgi?category_id=national&feed=1,ok,,社会
2026-08-22,2026-08-22T12:48:29.135137+09:00,その他メディア,,フジテレビ,"【なぜ?】無人の軽トラ炎上...勝手に『バック』で動き出す→車庫に突っ込み燃え移って全焼―住人在宅中も""直前に運転なし""警察などが原因捜査〈北海道八雲町〉",https://www.fnn.jp/articles/-/1099314,https://news.ceek.jp/search.cgi?category_id=national&feed=1,ok,,社会
2026-08-22,2026-08-22T12:48:29.135137+09:00,その他メディア,,フジテレビ,"助手席から運転中の夫の腕引っかく「DV負傷」も...逮捕された55歳妻「私そんなんしないよ」と""容疑否認""当時女は酒に酔った状態→帰宅途中の車内の状況を捜査〈北海道苫小牧市〉",https://www.fnn.jp/articles/-/1099315,https://news.ceek.jp/search.cgi?category_id=national&feed=1,ok,,社会
2026-08-22,2026-08-22T12:48:29.135137+09:00,その他メディア,,アラブニュース,サウジアラビア外務次官、中国外務省高官と会談,https://www.arabnews.jp/article/saudi-arabia/article_184738/,https://news.ceek.jp/search.cgi?category_id=world&feed=1,ok,,国際
2026-08-22,2026-08-22T12:48:29.135137+09:00,その他メディア,,アラブニュース,日本の父親、富士山登山中に7歳の息子を数時間放置,https://www.arabnews.jp/article/japan/article_184736/,https://news.ceek.jp/search.cgi?category_id=world&feed=1,ok,,国際
2026-08-22,2026-08-22T12:48:29.135137+09:00,その他メディア,,アラブニュース,米国、アッバス氏を2年連続で国連総会への出席を禁止する方針:報道,https://www.arabnews.jp/article/middle-east/article_184734/,https://news.ceek.jp/search.cgi?category_id=world&feed=1,ok,,国際
2026-08-22,2026-08-22T12:48:29.135137+09:00,その他メディア,,アラブニュース,当事者の声:イスラエル政府がパレスチナ人を自分たちの土地から締め出す実態,https://www.arabnews.jp/article/middle-east/article_184732/,https://news.ceek.jp/search.cgi?category_id=world&feed=1,ok,,国際
2026-08-22,2026-08-22T12:48:29.135137+09:00,その他メディア,,アラブニュース,サウジアラビア、トルコ、パキスタンなどが、イスラエルのE1地区入植計画の中止を要求,https://www.arabnews.jp/article/middle-east/article_184729/,https://news.ceek.jp/search.cgi?category_id=world&feed=1,ok,,国際
2026-08-22,2026-08-22T12:48:29.135137+09:00,その他メディア,,アラブニュース,イスラエル軍と入植者、別々の事件でパレスチナ人2人を殺害,https://www.arabnews.jp/article/middle-east/article_184726/,https://news.ceek.jp/search.cgi?category_id=world&feed=1,ok,,国際
2026-08-22,2026-08-22T12:48:29.135137+09:00,その他メディア,,テレビ朝日,ロシアがウクライナの商業施設をドローン攻撃 16人死亡 130人超けが,https://news.tv-asahi.co.jp/news_international/articles/000528020.html,https://news.ceek.jp/search.cgi?category_id=world&feed=1,ok,,国際
2026-08-22,2026-08-22T12:48:29.135137+09:00,その他メディア,,アラブニュース,トルコが逮捕状を発行したことを受け、ネタニヤフ首相がトルコ大統領を「反ユダヤ主義の独裁者」と非難,https://www.arabnews.jp/article/middle-east/article_184722/,https://news.ceek.jp/search.cgi?category_id=world&feed=1,ok,,国際
2026-08-22,2026-08-22T12:48:29.135137+09:00,その他メディア,,TBSテレビ,「日本の支援が鍵」米トランプ政権の制裁指定受けICC赤根智子所長「『法の支配』の終焉の始まりとさせない」 EUやフランス・ドイツも連帯表明,https://newsdig.tbs.co.jp/articles/-/2889554?display=1,https://news.ceek.jp/search.cgi?category_id=world&feed=1,ok,,国際
2026-08-22,2026-08-22T12:48:29.135137+09:00,その他メディア,,VIETJO,ベトテル、ドミニカ共和国に進出 4G・5G周波数帯の使用権獲得,https://www.viet-jo.com/news/economy/260822112926.html,https://news.ceek.jp/search.cgi?category_id=world&feed=1,ok,,国際
2026-08-22,2026-08-22T12:48:29.135137+09:00,その他メディア,,アラブニュース,トランプ大統領、テヘランは「適切な合意」への準備が整っていないと発言 イラン軍は「壊滅的な」報復を警告,https://www.arabnews.jp/article/middle-east/article_184717/,https://news.ceek.jp/search.cgi?category_id=world&feed=1,ok,,国際
2026-08-22,2026-08-22T12:48:29.135137+09:00,その他メディア,,CNN.co.jp,「あなたは私の守護者で保護者」 トランプ氏に心酔する側近ハープ氏の手紙、米メディアが公開,https://www.cnn.co.jp/usa/35251825.html,https://news.ceek.jp/search.cgi?category_id=world&feed=1,ok,,国際
2026-08-22,2026-08-22T12:48:29.135137+09:00,その他メディア,,Jams.TV,ジョブシーカー手当・年金、9月20日から物価連動で増額へ,https://www.jams.tv/news/289600,https://news.ceek.jp/search.cgi?category_id=world&feed=1,ok,,国際
2026-08-22,2026-08-22T12:48:29.135137+09:00,その他メディア,,BBC,プライバシー侵害訴訟で敗訴のハリー英王子やエルトン・ジョンさんら7人、最大75億円の費用負担の可能性,https://www.bbc.com/japanese/articles/c62qpe3g9lpo,https://news.ceek.jp/search.cgi?category_id=world&feed=1,ok,,国際
2026-08-22,2026-08-22T12:48:29.135137+09:00,その他メディア,,BBC,ロシアがショッピングセンターに「ダブルタップ攻撃」 16人殺害とウクライナ当局,https://www.bbc.com/japanese/articles/c2lq58knejjo,https://news.ceek.jp/search.cgi?category_id=world&feed=1,ok,,国際
2026-08-22,2026-08-22T12:48:29.135137+09:00,その他メディア,,日本テレビ,"トランプ政権が制裁対象に ICC・赤根所長“法の支配の重要性""訴え「日本と日本の皆様の支援が重要な鍵」",https://news.ntv.co.jp/category/international/86beef6b8f264292a22a56cfedf9d57c,https://news.ceek.jp/search.cgi?category_id=world&feed=1,ok,,国際
2026-08-22,2026-08-22T12:48:29.135137+09:00,その他メディア,,日本テレビ,【戦後81年】「国がやらないなら私が」日本人女性の執念、51年ぶり台湾での遺骨発掘調査を実現 国を動かした7年にわたる聞き取り調査『every.特集』,https://news.ntv.co.jp/category/international/9a151afce4b248c9b1e1d5a190b109ef,https://news.ceek.jp/search.cgi?category_id=world&feed=1,ok,,国際
2026-08-22,2026-08-22T12:48:29.135137+09:00,全国紙,全国,読売新聞,空港・文化施設に続き空母の名称まで「トランプ」か...太平洋戦争英雄の黒人兵の名から変更命じた可能性,https://www.yomiuri.co.jp/world/20260822-GYT1T00088/,https://news.ceek.jp/search.cgi?category_id=world&feed=1,ok,,国際
2026-08-22,2026-08-22T12:48:29.135137+09:00,その他メディア,,テレビ朝日,TikTok 635億円支払いで米司法省と和解 児童のプライバシー侵害めぐる訴訟で,https://news.tv-asahi.co.jp/news_international/articles/000528010.html,https://news.ceek.jp/search.cgi?category_id=world&feed=1,ok,,国際
2026-08-22,2026-08-22T12:48:29.135137+09:00,その他メディア,,テレビ朝日,トランプ氏肝いりのボールルーム建設 連邦最高裁が暫定的に工事継続を容認,https://news.tv-asahi.co.jp/news_international/articles/000528011.html,https://news.ceek.jp/search.cgi?category_id=world&feed=1,ok,,国際
2026-08-22,2026-08-22T12:48:29.135137+09:00,その他メディア,,フジテレビ,ドジャースコーチ陣が日米の中学生に直接指導 ユニクロとドジャースが野球教室開催,https://www.fnn.jp/articles/-/1099310,https://news.ceek.jp/search.cgi?category_id=world&feed=1,ok,,国際
2026-08-22,2026-08-22T12:48:29.135137+09:00,その他メディア,,AFPBB News,剣を手に高校襲撃、1人死亡3人負傷 18歳男を逮捕 スウェーデン,https://www.afpbb.com/articles/-/3649473,https://news.ceek.jp/search.cgi?category_id=world&feed=1,ok,,国際
2026-08-22,2026-08-22T12:48:29.135137+09:00,その他メディア,,AFPBB News,セウタに殺到した不法移民をスペイン本土に移送、密航業者5人逮捕,https://www.afpbb.com/articles/-/3649474,https://news.ceek.jp/search.cgi?category_id=world&feed=1,ok,,国際
2026-08-22,2026-08-22T12:48:29.135137+09:00,その他メディア,,テレビ朝日,タイ政府が国民のAI利用料を1年間肩代わり 対象500万人 普及拡大めざす,https://news.tv-asahi.co.jp/news_international/articles/000528008.html,https://news.ceek.jp/search.cgi?category_id=world&feed=1,ok,,国際
2026-08-22,2026-08-22T12:48:29.135137+09:00,その他メディア,,Abema TIMES,飛び地セウタに移民用シェルター開設,https://times.abema.tv/articles/-/10268522?page=1,https://news.ceek.jp/search.cgi?category_id=world&feed=1,ok,,国際
2026-08-22,2026-08-22T12:48:29.135137+09:00,その他メディア,,デイリースポーツ,米軍対潜哨戒機、台湾海峡飛行,https://www.daily.co.jp/society/world/2026/08/22/0020733922.shtml,https://news.ceek.jp/search.cgi?category_id=world&feed=1,ok,,国際
2026-08-22,2026-08-22T12:48:29.135137+09:00,その他メディア,,共同通信,米軍対潜哨戒機、台湾海峡飛行 軍事圧力強化の中国けん制狙い,https://www.47news.jp/14826660.html,https://news.ceek.jp/search.cgi?category_id=world&feed=1,ok,,国際
2026-08-22,2026-08-22T12:48:29.135137+09:00,その他メディア,,VIETJO,米国、関税回避巡り各国を分類 越外務省「貿易不正を断固阻止」,https://www.viet-jo.com/news/politics/260821165635.html,https://news.ceek.jp/search.cgi?category_id=world&feed=1,ok,,国際
2026-08-22,2026-08-22T12:48:29.135137+09:00,その他メディア,,AFPBB News,イラン大統領、米との戦争終結呼び掛ける,https://www.afpbb.com/articles/-/3649472,https://news.ceek.jp/search.cgi?category_id=world&feed=1,ok,,国際
2026-08-22,2026-08-22T12:48:29.135137+09:00,その他メディア,,TBSテレビ,TikTokが約636億円支払いで和解 子どものプライバシーめぐるアメリカ司法省との裁判,https://newsdig.tbs.co.jp/articles/-/2889465?display=1,https://news.ceek.jp/search.cgi?category_id=world&feed=1,ok,,国際
2026-08-22,2026-08-22T12:48:29.135137+09:00,その他メディア,,共同通信,【速報】米軍哨戒機が台湾海峡飛行,https://www.47news.jp/14826577.html,https://news.ceek.jp/search.cgi?category_id=world&feed=1,ok,,国際
2026-08-22,2026-08-22T12:48:29.135137+09:00,その他メディア,,TBSテレビ,"16歳で意に沿わぬ結婚...フィリピンに残された残留2世の現実 いまだ無国籍状態も...背景に“戦後の激しい反日感情"" 終わらない戦後を追う",https://newsdig.tbs.co.jp/articles/-/2887955?display=1,https://news.ceek.jp/search.cgi?category_id=world&feed=1,ok,,国際
2026-08-22,2026-08-22T12:48:29.135137+09:00,全国紙,全国,読売新聞,米国防総省、軍準機関紙「星条旗新聞」編集長ら解雇へ...編集権独立の訴えを「命令不服従」とみなしたか,https://www.yomiuri.co.jp/world/20260822-GYT1T00061/,https://news.ceek.jp/search.cgi?category_id=world&feed=1,ok,,国際
2026-08-22,2026-08-22T12:48:29.135137+09:00,その他メディア,,AFPBB News,レビット米大統領報道官、退任後はトランプ氏支援のスーパーPACに復帰へ,https://www.afpbb.com/articles/-/3649471,https://news.ceek.jp/search.cgi?category_id=world&feed=1,ok,,国際
2026-08-22,2026-08-22T12:48:29.135137+09:00,その他メディア,,AFPBB News,ICC赤根所長、「『法の支配』の終焉の始まりとさせない」 米制裁受けコメント,https://www.afpbb.com/articles/-/3649470,https://news.ceek.jp/search.cgi?category_id=world&feed=1,ok,,国際
2026-08-22,2026-08-22T12:48:29.135137+09:00,全国紙,全国,読売新聞,ショッピングセンターにロシア軍無人機が時間差攻撃、15人死亡...集まった救急隊員に2回目の攻撃,https://www.yomiuri.co.jp/world/20260822-GYT1T00058/,https://news.ceek.jp/search.cgi?category_id=world&feed=1,ok,,国際
2026-08-22,2026-08-22T12:48:29.135137+09:00,その他メディア,,TBSテレビ,壮絶な逃避行の末に...「母は弟を殺しました」 95歳のフィリピン残留2世が語る戦争の悲惨さと日本人の父親の最期,https://newsdig.tbs.co.jp/articles/-/2887925?display=1,https://news.ceek.jp/search.cgi?category_id=world&feed=1,ok,,国際
2026-08-22,2026-08-22T12:48:29.135137+09:00,その他メディア,,フジテレビ,子どもたちは寸前で直撃回避 屋根落下の瞬間 突然の嵐で被害相次ぐ トルコ・イスタンブール,https://www.fnn.jp/articles/-/1097143,https://news.ceek.jp/search.cgi?category_id=world&feed=1,ok,,国際
2026-08-22,2026-08-22T12:48:29.135137+09:00,その他メディア,,Abema TIMES,紀子さま美しいペールブルーの着物姿で大統領主催の昼食会へ... 秋篠宮ご夫妻がパラグアイを公式訪問、伝統衣装の展示をご覧になる姿も,https://times.abema.tv/articles/-/10268459?page=1,https://news.ceek.jp/search.cgi?category_id=world&feed=1,ok,,国際
2026-08-22,2026-08-22T12:48:29.135137+09:00,全国紙,全国,日本経済新聞,ウクライナ侵略のロシア軍死者24万人超 BBCなど、名前特定の兵士調査,https://www.nikkei.com/article/DGXZQOCB220EL0S6A820C2000000/,https://news.ceek.jp/search.cgi?category_id=world&feed=1,ok,,国際
2026-08-22,2026-08-22T12:48:29.135137+09:00,全国紙,全国,読売新聞,10代少女をはねて死なせたベトナムの元国会議員、起訴免れSNSで批判...国営放送が異例の火消し番組,https://www.yomiuri.co.jp/world/20260822-GYT1T00051/,https://news.ceek.jp/search.cgi?category_id=world&feed=1,ok,,国際
2026-08-22,2026-08-22T12:48:29.135137+09:00,その他メディア,,AFPBB News,ウクライナ、ロシアの人気アニメ「マーシャとくま」を禁止,https://www.afpbb.com/articles/-/3649468,https://news.ceek.jp/search.cgi?category_id=world&feed=1,ok,,国際
2026-08-22,2026-08-22T12:48:29.135137+09:00,その他メディア,,Pars Today,イラン海軍司令官;「我が国民は、敵に一歩たりとも踏み込ませない」,https://parstoday.ir/ja/news/iran-i134192,https://news.ceek.jp/search.cgi?category_id=world&feed=1,ok,,国際
2026-08-22,2026-08-22T12:48:29.135137+09:00,全国紙,全国,産経新聞,米国防総省、軍準機関紙「星条旗」編集長らを解雇 「検閲拒否」理由か AP通信,https://www.sankei.com/article/20260822-FIMB5QOVSZPMBA4RIXT3Z7Y2X4/,https://news.ceek.jp/search.cgi?category_id=world&feed=1,ok,,国際
2026-08-22,2026-08-22T12:48:29.135137+09:00,全国紙,全国,産経新聞,米、国連分担金支払いか トランプ大統領による9月の総会演説前に未納分の一部 ロイター,https://www.sankei.com/article/20260822-EUOAKQKELVLI7IDYSP3YJNJGPA/,https://news.ceek.jp/search.cgi?category_id=world&feed=1,ok,,国際
2026-08-22,2026-08-22T12:48:29.135137+09:00,全国紙,全国,日本経済新聞,米国務省、国連分担金の支払いを議会に通知 ロイター報道,https://www.nikkei.com/article/DGXZQOCB220DO0S6A820C2000000/,https://news.ceek.jp/search.cgi?category_id=world&feed=1,ok,,国際
2026-08-22,2026-08-22T12:48:29.135137+09:00,その他メディア,,フジテレビ,トランプ大統領「イランは合意の準備できていない」新制裁発表へ 合意急がず、軍事的選択肢も否定せず,https://www.fnn.jp/articles/-/1099295,https://news.ceek.jp/search.cgi?category_id=world&feed=1,ok,,国際
2026-08-22,2026-08-22T12:48:29.135137+09:00,その他メディア,,AFPBB News,ウクライナ商業施設にドローン攻撃、16人死亡 ゼレンスキー氏「卑劣」と非難,https://www.afpbb.com/articles/-/3649467,https://news.ceek.jp/search.cgi?category_id=world&feed=1,ok,,国際
2026-08-22,2026-08-22T12:48:29.135137+09:00,その他メディア,,フジテレビ,ロシア軍がショッピングモールにドローン攻撃 ウクライナ中部で140人以上死傷 ゼレンスキー大統領「テロ行為だ」,https://www.fnn.jp/articles/-/1099294,https://news.ceek.jp/search.cgi?category_id=world&feed=1,ok,,国際
2026-08-22,2026-08-22T12:48:29.135137+09:00,全国紙,全国,日本経済新聞,TikTok側が米司法省と和解、636億円支払い 子供アカウント制限不備,https://www.nikkei.com/article/DGXZQOCB220CX0S6A820C2000000/,https://news.ceek.jp/search.cgi?category_id=world&feed=1,ok,,国際
2026-08-22,2026-08-22T12:48:29.135137+09:00,その他メディア,,Pars Today,中国、イランとその支持者に対する米国の一方的な制裁に反対,https://parstoday.ir/ja/news/world-i134190,https://news.ceek.jp/search.cgi?category_id=world&feed=1,ok,,国際
2026-08-22,2026-08-22T12:48:29.135137+09:00,その他メディア,,VIETJO,ホーチミン、8月23日の芸術プログラムで花火打ち上げ,https://www.viet-jo.com/news/event/260820133022.html,https://news.ceek.jp/search.cgi?category_id=world&feed=1,ok,,国際
2026-08-22,2026-08-22T12:48:29.135137+09:00,その他メディア,,共同通信,TikTok、米司法省と和解 過去最大級の636億円支払い,https://www.47news.jp/14826239.html,https://news.ceek.jp/search.cgi?category_id=world&feed=1,ok,,国際
2026-08-22,2026-08-22T12:48:29.135137+09:00,その他メディア,,フジテレビ,トランプ政権のホワイトハウス大宴会場建設継続へ アメリカ最高裁が工事停止命令を一時差し止め「国家安全保障上必要」,https://www.fnn.jp/articles/-/1099293,https://news.ceek.jp/search.cgi?category_id=world&feed=1,ok,,国際
2026-08-22,2026-08-22T12:48:29.135137+09:00,その他メディア,,CNN.co.jp,ウクライナのショッピングセンターにロシアの攻撃、15人死亡 「ダブルタップ」で緊急対応要員を狙う,https://www.cnn.co.jp/world/35251823.html,https://news.ceek.jp/search.cgi?category_id=world&feed=1,ok,,国際
2026-08-22,2026-08-22T12:48:29.135137+09:00,その他メディア,,フジテレビ,ニューヨークで「アニメNYC」開幕 「ワンピース」や「ドラゴンボール」ファンが熱狂 4日間で15万人来場見込み,https://www.fnn.jp/articles/-/1099292,https://news.ceek.jp/search.cgi?category_id=world&feed=1,ok,,国際
2026-08-22,2026-08-22T12:48:29.135137+09:00,その他メディア,,Abema TIMES,米新型空母 トランプ氏由来の名前に変更か,https://times.abema.tv/articles/-/10268516?page=1,https://news.ceek.jp/search.cgi?category_id=world&feed=1,ok,,国際
2026-08-22,2026-08-22T12:48:29.135137+09:00,その他メディア,,Abema TIMES,英ヘンリー王子らに約20億円支払い命令,https://times.abema.tv/articles/-/10268517?page=1,https://news.ceek.jp/search.cgi?category_id=world&feed=1,ok,,国際
2026-08-22,2026-08-22T12:48:29.135137+09:00,その他メディア,,デイリースポーツ,米国務省、国連分担金支払いか,https://www.daily.co.jp/society/world/2026/08/22/0020733700.shtml,https://news.ceek.jp/search.cgi?category_id=world&feed=1,ok,,国際
2026-08-22,2026-08-22T12:48:29.135137+09:00,その他メディア,,共同通信,米国務省、国連分担金支払いか 議会に通知、未納分の一部,https://www.47news.jp/14826201.html,https://news.ceek.jp/search.cgi?category_id=world&feed=1,ok,,国際
2026-08-22,2026-08-22T12:48:29.135137+09:00,全国紙,全国,産経新聞,米、韓国に空対空ミサイル売却へ 国務省が発表「韓国の防空能力強化、侵略抑止に寄与」,https://www.sankei.com/article/20260822-7YWZW2B5NVIWTGLINNHOAU2YK4/,https://news.ceek.jp/search.cgi?category_id=world&feed=1,ok,,国際
2026-08-22,2026-08-22T12:48:29.135137+09:00,その他メディア,,ブラジル日報,ペルーM7.2=山間部、脆弱な伝統家屋に被害=大統領が迫られる備えへの覚悟,https://brasilnippou.com/ja/articles/260822-13brasil,https://news.ceek.jp/search.cgi?category_id=world&feed=1,ok,,国際
2026-08-22,2026-08-22T12:48:29.135137+09:00,その他メディア,,ブラジル日報,豪雨・土石流でパンアメリカーナ南部寸断 物流停止、患者も泥道を徒歩,https://brasilnippou.com/ja/articles/260822-16brasil,https://news.ceek.jp/search.cgi?category_id=world&feed=1,ok,,国際
2026-08-22,2026-08-22T12:48:29.135137+09:00,その他メディア,,ブラジル日報,ブラジルでお茶が新時代/健康飲料から「味わう食文化」へ,https://brasilnippou.com/ja/articles/260822-17brasil,https://news.ceek.jp/search.cgi?category_id=world&feed=1,ok,,国際
2026-08-22,2026-08-22T12:48:29.135137+09:00,その他メディア,,ブラジル日報,《寄稿》教育の地図にウバトゥバを=日本移民の歴史を次世代へ=奥原マリオ純,https://brasilnippou.com/ja/articles/260822-31colonia,https://news.ceek.jp/search.cgi?category_id=world&feed=1,ok,,国際
2026-08-22,2026-08-22T12:48:29.135137+09:00,その他メディア,,ブラジル日報,"【21日の市況・速報】Ibovespa前日比1.85%上昇で171,031.73ポイント/3営業日連続上昇で週間2.45%プラス―でも月間では3.91%マイナス/ルーラ大統領、トランプ米大統領と電話会談/ダッタフォーリャ調査でルーラ47%対フラヴィオ・ボルソナロ43%/",https://brasilnippou.com/ja/articles/260822-shikyo,https://news.ceek.jp/search.cgi?category_id=world&feed=1,ok,,国際
2026-08-22,2026-08-22T12:48:29.135137+09:00,全国紙,全国,産経新聞,米国務省高官、香港民主派の有罪判決を非難 即時釈放求める 「失われた命たたえただけ」,https://www.sankei.com/article/20260822-4QFD352DD5I57HCAZB2NJNSCVQ/,https://news.ceek.jp/search.cgi?category_id=world&feed=1,ok,,国際
2026-08-22,2026-08-22T12:48:29.135137+09:00,全国紙,全国,産経新聞,米陸軍長官が年内に辞任へ 米紙報道 ヘグセス国防長官と確執か、辞任ドミノ止まらず,https://www.sankei.com/article/20260822-5VLIU5NGVJJ7LLKVTMINLKDEGE/,https://news.ceek.jp/search.cgi?category_id=world&feed=1,ok,,国際
2026-08-22,2026-08-22T12:48:29.135137+09:00,その他メディア,,デイリースポーツ,米軍準機関紙編集長ら解雇,https://www.daily.co.jp/society/world/2026/08/22/0020733655.shtml,https://news.ceek.jp/search.cgi?category_id=world&feed=1,ok,,国際
2026-08-22,2026-08-22T12:48:29.135137+09:00,全国紙,全国,産経新聞,トランプ政権、「選挙否定派」恩赦担当が離職へ 今後は中間選挙や次期大統領選で「闘争」,https://www.sankei.com/article/20260822-PMJBI4RBHNIVRAFLP2RJOT7UUI/,https://news.ceek.jp/search.cgi?category_id=world&feed=1,ok,,国際
2026-08-22,2026-08-22T12:48:29.135137+09:00,その他メディア,,共同通信,米軍準機関紙編集長ら解雇 「検閲拒否」理由か、国防総省,https://www.47news.jp/14826144.html,https://news.ceek.jp/search.cgi?category_id=world&feed=1,ok,,国際
2026-08-22,2026-08-22T12:48:29.135137+09:00,全国紙,全国,産経新聞,「イランの勝利認めるなら戦争終わらせる」 ペゼシュキアン大統領、米制裁の回避が狙いか,https://www.sankei.com/article/20260822-7JA3LULNVRLBFEV2OAQG4DDYPM/,https://news.ceek.jp/search.cgi?category_id=world&feed=1,ok,,国際
2026-08-22,2026-08-22T12:48:29.135137+09:00,その他メディア,,デイリースポーツ,トランプ氏が特別予備選てこ入れ,https://www.daily.co.jp/society/world/2026/08/22/0020733644.shtml,https://news.ceek.jp/search.cgi?category_id=world&feed=1,ok,,国際
2026-08-22,2026-08-22T12:48:29.135137+09:00,その他メディア,,AFPBB News,イスラエル首相、トルコ大統領を非難「反ユダヤ主義の独裁者」,https://www.afpbb.com/articles/-/3649465,https://news.ceek.jp/search.cgi?category_id=world&feed=1,ok,,国際
2026-08-22,2026-08-22T12:48:29.135137+09:00,その他メディア,,共同通信,トランプ氏が特別予備選てこ入れ 支持のグラム氏妹、経験不足露呈,https://www.47news.jp/14826134.html,https://news.ceek.jp/search.cgi?category_id=world&feed=1,ok,,国際
2026-08-22,2026-08-22T12:48:29.135137+09:00,全国紙,全国,産経新聞,ウクライナ全面侵攻でのロシア兵士死者24万人超え 名前特定できた数、実際はもっと多く,https://www.sankei.com/article/20260822-4E2ZD6INN5IULK7PG6AAOMFTE4/,https://news.ceek.jp/search.cgi?category_id=world&feed=1,ok,,国際
2026-08-22,2026-08-22T12:48:29.135137+09:00,その他メディア,,デイリースポーツ,ロシア軍兵士、死者24万人超に,https://www.daily.co.jp/society/world/2026/08/22/0020733640.shtml,https://news.ceek.jp/search.cgi?category_id=world&feed=1,ok,,国際
2026-08-22,2026-08-22T12:48:29.135137+09:00,その他メディア,,共同通信,ロシア軍兵士、死者24万人超に 名前特定の調査報道、BBCなど,https://www.47news.jp/14826121.html,https://news.ceek.jp/search.cgi?category_id=world&feed=1,ok,,国際
2026-08-22,2026-08-22T12:48:29.135137+09:00,その他メディア,,デイリースポーツ,米陸軍長官が年内に辞任か,https://www.daily.co.jp/society/world/2026/08/22/0020733631.shtml,https://news.ceek.jp/search.cgi?category_id=world&feed=1,ok,,国際
2026-08-22,2026-08-22T12:48:29.135137+09:00,その他メディア,,共同通信,米陸軍長官が年内に辞任か ヘグセス氏と対立、WSJ報道,https://www.47news.jp/14826115.html,https://news.ceek.jp/search.cgi?category_id=world&feed=1,ok,,国際
2026-08-22,2026-08-22T12:48:29.135137+09:00,全国紙,全国,産経新聞,米最高裁、ホワイトハウス宴会場の建設工事継続を容認 トランプ氏は歓迎も...暫定措置,https://www.sankei.com/article/20260822-FHGMWKUPD5JATEIZSKBWXAB63A/,https://news.ceek.jp/search.cgi?category_id=world&feed=1,ok,,国際
2026-08-22,2026-08-22T12:48:29.135137+09:00,その他メディア,,AFPBB News,トルコ、ネタニヤフ氏の国際逮捕状を請求へ ジェノサイドなどの容疑で,https://www.afpbb.com/articles/-/3649463,https://news.ceek.jp/search.cgi?category_id=world&feed=1,ok,,国際
2026-08-22,2026-08-22T12:48:29.135137+09:00,その他メディア,,デイリースポーツ,米最高裁、宴会場建設を暫定容認,https://www.daily.co.jp/society/world/2026/08/22/0020733611.shtml,https://news.ceek.jp/search.cgi?category_id=world&feed=1,ok,,国際
2026-08-22,2026-08-22T12:48:29.135137+09:00,全国紙,全国,日本経済新聞,米最高裁、ホワイトハウスの宴会場建設を暫定容認 トランプ氏歓迎,https://www.nikkei.com/article/DGXZQOCB2208L0S6A820C2000000/,https://news.ceek.jp/search.cgi?category_id=world&feed=1,ok,,国際
2026-08-22,2026-08-22T12:48:29.135137+09:00,その他メディア,,共同通信,米最高裁、宴会場建設を暫定容認 ホワイトハウス、トランプ氏歓迎,https://www.47news.jp/14826069.html,https://news.ceek.jp/search.cgi?category_id=world&feed=1,ok,,国際
2026-08-22,2026-08-22T12:48:29.135137+09:00,その他メディア,,テレビ朝日,ドジャースタジアムで日米中学生の野球教室 高橋尚成さんやアイアトンさんが指導,https://news.tv-asahi.co.jp/news_international/articles/000528014.html,https://news.ceek.jp/search.cgi?category_id=world&feed=1,ok,,国際
2026-08-22,2026-08-22T12:48:29.135137+09:00,その他メディア,,Abema TIMES,"愛子さまにカーテシー?「ミッフィーちゃん、練習したんやろな」軽く膝を曲げて伝統の挨拶を披露!? “かわいい×かわいい""の最強対面シーンがSNSで大反響",https://times.abema.tv/articles/-/10268473?page=1,https://news.ceek.jp/search.cgi?category_id=world&feed=1,ok,,国際
2026-08-22,2026-08-22T12:48:29.135137+09:00,全国紙,全国,日本経済新聞,ブラジル大統領、米国の関税措置「根拠ない」 首脳電話協議で批判,https://www.nikkei.com/article/DGXZQOCB220860S6A820C2000000/,https://news.ceek.jp/search.cgi?category_id=world&feed=1,ok,,国際
2026-08-22,2026-08-22T12:48:29.135137+09:00,その他メディア,,ブラジル日報,米伯首脳=トランプ・ルーラ両氏が電話会談=関税の応酬から「牛肉」融和へ=大増税かざす影で実利も模索,https://brasilnippou.com/ja/articles/260822-11brasil,https://news.ceek.jp/search.cgi?category_id=world&feed=1,ok,,国際
2026-08-22,2026-08-22T12:48:29.135137+09:00,その他メディア,,ブラジル日報,CEPAL=地政学と非正規が招く「低成長の罠」=景気後退の様相を強めるチリ=ドル高・原油急騰で利下げ阻む,https://brasilnippou.com/ja/articles/260822-12brasil,https://news.ceek.jp/search.cgi?category_id=world&feed=1,ok,,国際
2026-08-22,2026-08-22T12:48:29.135137+09:00,その他メディア,,ブラジル日報,アキロピッタ祭100周年/ビッシガ彩るイタリア移民の伝,https://brasilnippou.com/ja/articles/260822-14brasil,https://news.ceek.jp/search.cgi?category_id=world&feed=1,ok,,国際
2026-08-22,2026-08-22T12:48:29.135137+09:00,全国紙,全国,毎日新聞,智弁和歌山V 山田「らしい、打ち勝つ野球できた」 夏の甲子園,https://mainichi.jp/articles/20260822/k00/00m/050/055000c,https://news.ceek.jp/search.cgi?category_id=local&feed=1,ok,,地方・地域
2026-08-22,2026-08-22T12:48:29.135137+09:00,その他メディア,,山形新聞,被災地で支援、復活期す新シーズンへ バスケ新2部熊本・山本翔太選手(日大山形高出)「結果残し笑顔届ける」,https://www.yamagata-np.jp/news/202608/22/kj_2026082200557.php,https://news.ceek.jp/search.cgi?category_id=local&feed=1,ok,,地方・地域
2026-08-22,2026-08-22T12:48:29.135137+09:00,その他メディア,,東奥日報,青森県内クマ目撃情報(8月22日付紙面掲載分),https://www.toonippo.co.jp/articles/-/2345191,https://news.ceek.jp/search.cgi?category_id=local&feed=1,ok,,地方・地域
2026-08-22,2026-08-22T12:48:29.135137+09:00,その他メディア,,十勝毎日新聞,「浦島久さん、山本愛優美さん」~熱中人の言葉(79),https://kachimai.jp/article/index.php?no=2026081700586,https://news.ceek.jp/search.cgi?category_id=local&feed=1,ok,,地方・地域
2026-08-22,2026-08-22T12:48:29.135137+09:00,その他メディア,,東奥日報,13年ぶり資金不足/八戸市営バス8年連続赤字,https://www.toonippo.co.jp/articles/-/2345190,https://news.ceek.jp/search.cgi?category_id=local&feed=1,ok,,地方・地域
2026-08-22,2026-08-22T12:48:29.135137+09:00,その他メディア,,TBSテレビ,"なぜ?55億円で買った山を27年間放置 使い道に愛知県は“お手上げ"" 「何でもいいから案を頂きたい」",https://newsdig.tbs.co.jp/articles/-/2872338?display=1,https://news.ceek.jp/search.cgi?category_id=local&feed=1,ok,,地方・地域
2026-08-22,2026-08-22T12:48:29.135137+09:00,その他メディア,,TBSテレビ,大谷翔平に並ぶ飛距離!? 全球種を操る左腕も 「社会人野球を盛り上げたい」 侍ジャパンの2選手に若狭敬一アナウンサーが直撃【アジア大会 愛知・名古屋2026】,https://newsdig.tbs.co.jp/articles/-/2882082?display=1,https://news.ceek.jp/search.cgi?category_id=local&feed=1,ok,,地方・地域
2026-08-22,2026-08-22T12:48:29.135137+09:00,地方紙,沖縄,沖縄タイムス,迫力ある空手の演舞も 「嘉手納町エイサーまつり」、新町通りで8月28日開催 実行委が来場呼びかけ,https://www.okinawatimes.co.jp/articles/-/1907083,https://news.ceek.jp/search.cgi?category_id=local&feed=1,ok,,地方・地域
2026-08-22,2026-08-22T12:48:29.135137+09:00,その他メディア,,佐賀新聞,全国お茶まつり佐賀開催、8月25日開幕 日本茶めぐる情勢と県内産地の現状を紹介,https://www.saga-s.co.jp/articles/-/1775586,https://news.ceek.jp/search.cgi?category_id=local&feed=1,ok,,地方・地域
2026-08-22,2026-08-22T12:48:29.135137+09:00,その他メディア,,東奥日報,東北大会「感謝を胸に戦う」/バスケ「Rural.B.C」中学女子チーム,https://www.toonippo.co.jp/articles/-/2345189,https://news.ceek.jp/search.cgi?category_id=local&feed=1,ok,,地方・地域
2026-08-22,2026-08-22T12:48:29.135137+09:00,地方紙,鹿児島,南日本新聞,ベトナム、インドネシアの実習生19人が草刈り...過疎高齢化で人手不足の大隅町自治会、十数年前から恒例に――「元気もらった」住民感謝,https://373news.com/news/local/detail/238388/,https://news.ceek.jp/search.cgi?category_id=local&feed=1,ok,,地方・地域
2026-08-22,2026-08-22T12:48:29.135137+09:00,その他メディア,,神奈川新聞,横浜市会議事堂で子どもたち熱弁 身近な社会課題解決を探求、市議と質疑も,https://www.kanaloco.jp/news/government/article-1298749.html,https://news.ceek.jp/search.cgi?category_id=local&feed=1,ok,,地方・地域
2026-08-22,2026-08-22T12:48:29.135137+09:00,地方紙,新潟,新潟日報,現場さながらの緊張感、高層火災を想定して廃校舎で臨場感ある実践訓練 長岡市与板消防署,https://www.niigata-nippo.co.jp/articles/-/889628,https://news.ceek.jp/search.cgi?category_id=local&feed=1,ok,,地方・地域
2026-08-22,2026-08-22T12:48:29.135137+09:00,地方紙,福岡,西日本新聞,福岡市博多区の火災で消防隊出動 祇園町8番付近(8月22日午後...,https://www.nishinippon.co.jp/item/1529469/,https://news.ceek.jp/search.cgi?category_id=local&feed=1,ok,,地方・地域
2026-08-22,2026-08-22T12:48:29.135137+09:00,その他メディア,,徳島新聞,阿南市で「ティボール」の国際大会が開幕、5カ国28チームが優勝を目指して奮闘 24日まで,https://www.topics.or.jp/articles/-/1480216,https://news.ceek.jp/search.cgi?category_id=local&feed=1,ok,,地方・地域
2026-08-22,2026-08-22T12:48:29.135137+09:00,その他メディア,,テレビ和歌山,智辯和歌山 全国制覇,https://www.tv-wakayama.co.jp/news/detail.php?id=88604,https://news.ceek.jp/search.cgi?category_id=local&feed=1,ok,,地方・地域
2026-08-22,2026-08-22T12:48:29.135137+09:00,その他メディア,,東奥日報,青大25連覇ならず/インカレ新体操男子団体,https://www.toonippo.co.jp/articles/-/2345188,https://news.ceek.jp/search.cgi?category_id=local&feed=1,ok,,地方・地域
2026-08-22,2026-08-22T12:48:29.135137+09:00,地方紙,広島,中国新聞,熊本地震、広島県警8人派遣し犯罪捜査 窃盗やリフォーム詐欺など対応,https://www.chugoku-np.co.jp/articles/-/883166,https://news.ceek.jp/search.cgi?category_id=local&feed=1,ok,,地方・地域
2026-08-22,2026-08-22T12:48:29.135137+09:00,地方紙,広島,中国新聞,USJでコースター緊急停止、けが人なし,https://www.chugoku-np.co.jp/articles/-/883169,https://news.ceek.jp/search.cgi?category_id=local&feed=1,ok,,地方・地域
2026-08-22,2026-08-22T12:48:29.135137+09:00,その他メディア,,東奥日報,男子5000で菊池(三八五交通)大会新V/長根サマースピード開幕,https://www.toonippo.co.jp/articles/-/2345178,https://news.ceek.jp/search.cgi?category_id=local&feed=1,ok,,地方・地域
2026-08-22,2026-08-22T12:48:29.135137+09:00,その他メディア,,神奈川新聞,バナナマンのテレビ番組紹介グルメ集めた「博覧会」 26日から横浜高島屋,https://www.kanaloco.jp/news/economy/article-1298835.html,https://news.ceek.jp/search.cgi?category_id=local&feed=1,ok,,地方・地域
2026-08-22,2026-08-22T12:48:29.135137+09:00,地方紙,新潟,新潟日報,[陸上・ダイヤモンドリーグ]女子やり投げ北口榛花、今季自己最高で優勝 ファイナル進出決定,https://www.niigata-nippo.co.jp/articles/-/892134,https://news.ceek.jp/search.cgi?category_id=local&feed=1,ok,,地方・地域
2026-08-22,2026-08-22T12:48:29.135137+09:00,その他メディア,,TBSテレビ,熊本地震で被災 私立学校施設も新たに激甚災害指定へ,https://newsdig.tbs.co.jp/articles/-/2889606?display=1,https://news.ceek.jp/search.cgi?category_id=local&feed=1,ok,,地方・地域
2026-08-22,2026-08-22T12:48:29.135137+09:00,その他メディア,,岩手日報,高田松原花火、津波想定し避難訓練 陸前高田市で10月11日本番、実行委が点検,https://www.iwate-np.co.jp/article/2026/8/22/196170,https://news.ceek.jp/search.cgi?category_id=local&feed=1,ok,,地方・地域
2026-08-22,2026-08-22T12:48:29.135137+09:00,その他メディア,,TBSテレビ,地震発生から4度目の週末 熊本城来場者「例年の半分」 観光にも深刻な影響,https://newsdig.tbs.co.jp/articles/-/2889601?display=1,https://news.ceek.jp/search.cgi?category_id=local&feed=1,ok,,地方・地域
2026-08-22,2026-08-22T12:48:29.135137+09:00,その他メディア,,名古屋テレビ,東三河地域の医療人材確保へ 名古屋市立大が看護学専攻の新キャンパスを蒲郡市に オープンキャンパス開催,https://www.nagoyatv.com/news/?id=036882,https://news.ceek.jp/search.cgi?category_id=local&feed=1,ok,,地方・地域
2026-08-22,2026-08-22T12:48:29.135137+09:00,その他メディア,,徳島新聞,野焼きが原因とみられる火災、徳島県内で相次ぐ 大規模火災につながる恐れも,https://www.topics.or.jp/articles/-/1482392,https://news.ceek.jp/search.cgi?category_id=local&feed=1,ok,,地方・地域
2026-08-22,2026-08-22T12:48:29.135137+09:00,地方紙,広島,中国新聞,<写真集>8月22日巨人戦,https://www.chugoku-np.co.jp/articles/-/883125,https://news.ceek.jp/search.cgi?category_id=local&feed=1,ok,,地方・地域
2026-08-22,2026-08-22T12:48:29.135137+09:00,その他メディア,,TBSテレビ,自転車にまたがった状態で... 路上で倒れていた69歳男性が死亡 愛媛・松山市,https://newsdig.tbs.co.jp/articles/-/2889600?display=1,https://news.ceek.jp/search.cgi?category_id=local&feed=1,ok,,地方・地域
2026-08-22,2026-08-22T12:48:29.135137+09:00,全国紙,全国,産経新聞,「命の尊さ次の世代に」 学童疎開「対馬丸」撃沈から82年、遺族ら那覇で慰霊祭,https://www.sankei.com/article/20260822-XPSZV7FA6FKSDB7CN44FWERA54/,https://news.ceek.jp/search.cgi?category_id=local&feed=1,ok,,地方・地域
2026-08-22,2026-08-22T12:48:29.135137+09:00,全国紙,全国,読売新聞,山口市「国民宿舎秋穂荘」休止へ、利用者減少・物価高で指定管理者が解散...特産クルマエビの料理が人気,https://www.yomiuri.co.jp/local/kyushu/news/20260822-GYS1T00055/,https://news.ceek.jp/search.cgi?category_id=local&feed=1,ok,,地方・地域
2026-08-22,2026-08-22T12:48:29.135137+09:00,その他メディア,,徳島新聞,【写真特集・6枚】試合の模様を随時公開、徳島県小学生バレー1日目,https://www.topics.or.jp/articles/-/1482333,https://news.ceek.jp/search.cgi?category_id=local&feed=1,ok,,地方・地域
2026-08-22,2026-08-22T12:48:29.135137+09:00,全国紙,全国,読売新聞,熊本地震被災地で下水道管の点検「断層のずれが起きた場合、耐震化をしていても無事では済まないと感じた」,https://www.yomiuri.co.jp/local/kyushu/news/20260822-GYS1T00052/,https://news.ceek.jp/search.cgi?category_id=local&feed=1,ok,,地方・地域
2026-08-22,2026-08-22T12:48:29.135137+09:00,その他メディア,,TBSテレビ,フェリーはいびすかす 台風18号の影響で今月24・25日の便欠航 海上しけ予想のため 鹿児島,https://newsdig.tbs.co.jp/articles/-/2889597?display=1,https://news.ceek.jp/search.cgi?category_id=local&feed=1,ok,,地方・地域
2026-08-22,2026-08-22T12:48:29.135137+09:00,全国紙,全国,読売新聞,災害拠点病院や避難所など重要施設につながる水道管の耐震化率、山口県内は39%で全国平均下回る,https://www.yomiuri.co.jp/local/kyushu/news/20260822-GYS1T00054/,https://news.ceek.jp/search.cgi?category_id=local&feed=1,ok,,地方・地域
2026-08-22,2026-08-22T12:48:29.135137+09:00,全国紙,全国,読売新聞,長崎市の水道料金を引き上げる意見書、3・4人世帯で1か月395円程度の負担増...審議会が市長に提出,https://www.yomiuri.co.jp/local/kyushu/news/20260822-GYS1T00067/,https://news.ceek.jp/search.cgi?category_id=local&feed=1,ok,,地方・地域
2026-08-22,2026-08-22T12:48:29.135137+09:00,その他メディア,,東海テレビ,9/19開幕...アジア大会聖火リレーが名古屋で始まる 澤穂希さんが聖火皿に火を灯し第1ランナーの吉田沙保里さんがスタート,https://www.tokai-tv.com/tokainews/feature/article_20260822_47888,https://news.ceek.jp/search.cgi?category_id=local&feed=1,ok,,地方・地域
2026-08-22,2026-08-22T12:48:29.135137+09:00,全国紙,全国,読売新聞,下関市の火の山公園、時を超えて現れた明治時代の日本兵が「なんじゃこりゃー」と絶叫...公式インスタで公開,https://www.yomiuri.co.jp/local/kyushu/news/20260822-GYS1T00056/,https://news.ceek.jp/search.cgi?category_id=local&feed=1,ok,,地方・地域
2026-08-22,2026-08-22T12:48:29.135137+09:00,全国紙,全国,読売新聞,熊本地震被災地で警戒警備、窓枠ゆがみ閉められない家の住民や車中泊の被災者に頼まれパトロール,https://www.yomiuri.co.jp/local/kyushu/news/20260822-GYS1T00065/,https://news.ceek.jp/search.cgi?category_id=local&feed=1,ok,,地方・地域
2026-08-22,2026-08-22T12:48:29.135137+09:00,全国紙,全国,読売新聞,90歳代女性、コインランドリー内のベンチに意識もうろうの状態で横たわる...熱中症の疑いで死亡,https://www.yomiuri.co.jp/local/kyushu/news/20260822-GYS1T00069/,https://news.ceek.jp/search.cgi?category_id=local&feed=1,ok,,地方・地域
2026-08-22,2026-08-22T12:48:29.135137+09:00,その他メディア,,日本テレビ,特殊詐欺被害防止で静岡市駿河区役所で来庁者に注意を呼びかけ(静岡市),https://news.ntv.co.jp/category/society/sdedd7b3573fe6485da8d96ed640e83557,https://news.ceek.jp/search.cgi?category_id=local&feed=1,ok,,地方・地域
2026-08-22,2026-08-22T12:48:29.135137+09:00,その他メディア,,日本テレビ,十全グループが地域貢献で「消防フェスタ」を開催(浜松市),https://news.ntv.co.jp/category/society/sdbccb9a6df1c7441eb25db1886858a8fc,https://news.ceek.jp/search.cgi?category_id=local&feed=1,ok,,地方・地域
2026-08-22,2026-08-22T12:48:29.135137+09:00,その他メディア,,山形新聞,近畿インターハイ、県勢振り返って~重量挙げ、カヌー、陸上が力 入賞は3減34、接戦を向上の糧に,https://www.yamagata-np.jp/news/202608/22/kj_2026082200556.php,https://news.ceek.jp/search.cgi?category_id=local&feed=1,ok,,地方・地域
2026-08-22,2026-08-22T12:48:29.135137+09:00,その他メディア,,東海テレビ,原付バイクの男が近づき...自転車で帰宅途中だった81歳男性が前かごのリュックサックひったくられる 約1万5千円やクレカなど入る,https://www.tokai-tv.com/tokainews/feature/article_20260822_47887,https://news.ceek.jp/search.cgi?category_id=local&feed=1,ok,,地方・地域
2026-08-22,2026-08-22T12:48:29.135137+09:00,その他メディア,,山陽新聞,【速報】岡山県ユースサッカー 備前、備中、美作地区予選第1日,https://www.sanyonews.jp/article/1976078/,https://news.ceek.jp/search.cgi?category_id=local&feed=1,ok,,地方・地域
2026-08-22,2026-08-22T12:48:29.135137+09:00,地方紙,沖縄,沖縄タイムス,甲子園逃した高3球児36人、沖縄市のサマーリーグで最後のプレー 「仲間と勝利を喜べた」次のステージへ,https://www.okinawatimes.co.jp/articles/-/1907245,https://news.ceek.jp/search.cgi?category_id=local&feed=1,ok,,地方・地域
2026-08-22,2026-08-22T12:48:29.135137+09:00,その他メディア,,TBSテレビ,全国各地のご当地やきとりが一堂に...「やきとりJAPANフェスティバル」北海道室蘭市でスタート 22日と23日の2日間開催,https://newsdig.tbs.co.jp/articles/-/2889596?display=1,https://news.ceek.jp/search.cgi?category_id=local&feed=1,ok,,地方・地域
2026-08-22,2026-08-22T12:48:29.135137+09:00,その他メディア,,日本テレビ,「空飛ぶクルマ」の社会実装へ!県次世代エアモビリティ実装協議会初会合(静岡県),https://news.ntv.co.jp/category/society/sd4d4a4939aecd44d68b4003508b18a170,https://news.ceek.jp/search.cgi?category_id=local&feed=1,ok,,地方・地域
2026-08-22,2026-08-22T12:48:29.135137+09:00,その他メディア,,TBSテレビ,樟南高校・女子剣道部のバスにトレーラー追突...6台絡む玉突き事故 生徒ら11人全員けが 1人が重傷 事故を受け高校が会見,https://newsdig.tbs.co.jp/articles/-/2889562?display=1,https://news.ceek.jp/search.cgi?category_id=local&feed=1,ok,,地方・地域
2026-08-22,2026-08-22T12:48:29.135137+09:00,その他メディア,,TBSテレビ,アジア大会の聖火リレー 名古屋城からスタート 吉田沙保里さんや鍵山優真さんらが声援に笑顔で応える 愛知,https://newsdig.tbs.co.jp/articles/-/2889595?display=1,https://news.ceek.jp/search.cgi?category_id=local&feed=1,ok,,地方・地域
2026-08-22,2026-08-22T12:48:29.135137+09:00,全国紙,全国,読売新聞,2度の立ち退きで<消えた集落>...戦闘機操縦士養成のため作られた飛行場、強制移住させられた住民らの記憶とは,https://www.yomiuri.co.jp/local/kansai/news/20260822-GYO1T00019/,https://news.ceek.jp/search.cgi?category_id=local&feed=1,ok,,地方・地域
2026-08-22,2026-08-22T12:48:29.135137+09:00,その他メディア,,まいどなニュース,氷川きよし、脇見せショットにファン歓喜 「こんなかわいい写真...幸せ」「いいお顔」「スマイルありがとう」,https://maidonanews.jp/article/16827341,https://news.ceek.jp/search.cgi?category_id=local&feed=1,ok,,地方・地域
2026-08-22,2026-08-22T12:48:29.135137+09:00,その他メディア,,フジテレビ,ふるさとを学べるカルタ!?小学生たちが熱い戦い<福島県石川町>,https://www.fnn.jp/articles/-/1099341,https://news.ceek.jp/search.cgi?category_id=local&feed=1,ok,,地方・地域
2026-08-22,2026-08-22T12:48:29.135137+09:00,その他メディア,,上毛新聞,入札談合防止へ研修 群馬・桐生市職員が違法行為、事例学ぶ,https://www.jomo-news.co.jp/articles/-/1006249,https://news.ceek.jp/search.cgi?category_id=local&feed=1,ok,,地方・地域
2026-08-22,2026-08-22T12:48:29.135137+09:00,その他メディア,,上毛新聞,カブトにクワガタ 貴重な標本ずらり ぐんま昆虫の森(群馬・桐生市)で30日まで,https://www.jomo-news.co.jp/articles/-/1006250,https://news.ceek.jp/search.cgi?category_id=local&feed=1,ok,,地方・地域
2026-08-22,2026-08-22T12:48:29.135137+09:00,地方紙,新潟,新潟日報,速度オーバーに注意!9月1日から「生活道路」の法定速度が30キロに 新潟市西区で県警などが呼びかけ,https://www.niigata-nippo.co.jp/articles/-/889594,https://news.ceek.jp/search.cgi?category_id=local&feed=1,ok,,地方・地域
2026-08-22,2026-08-22T12:48:29.135137+09:00,その他メディア,,北日本新聞,1週間の注目記事は?! とやまwebunプラスランキング(8月15~21日),https://webun.jp/articles/-/1078524,https://news.ceek.jp/search.cgi?category_id=local&feed=1,ok,,地方・地域
2026-08-22,2026-08-22T12:48:29.135137+09:00,その他メディア,,北國新聞,アカペラタウン開幕 金沢都心にハーモニー,https://www.hokkoku.co.jp/articles/-/2206742,https://news.ceek.jp/search.cgi?category_id=local&feed=1,ok,,地方・地域
2026-08-22,2026-08-22T12:48:29.135137+09:00,全国紙,全国,中日新聞,智弁和歌山が5年ぶり4度目優勝 夏の甲子園大会、健大高崎を下す,https://www.chunichi.co.jp/article/1300032,https://news.ceek.jp/search.cgi?category_id=local&feed=1,ok,,地方・地域
2026-08-22,2026-08-22T12:48:29.135137+09:00,その他メディア,,TBSテレビ,国道229号で乗用車と軽乗用車が正面衝突 軽乗用車運転の40代男性死亡 現場は片側1車線の緩やかなカーブ 北海道岩内町,https://newsdig.tbs.co.jp/articles/-/2889561?display=1,https://news.ceek.jp/search.cgi?category_id=local&feed=1,ok,,地方・地域
2026-08-22,2026-08-22T12:48:29.135137+09:00,その他メディア,,TBSテレビ,メディアアーティスト落合陽一さんの特別企画展「天孫帰るってよ?」来場者1万人超 霧島アートの森で9月23日まで開催,https://newsdig.tbs.co.jp/articles/-/2889558?display=1,https://news.ceek.jp/search.cgi?category_id=local&feed=1,ok,,地方・地域
2026-08-22,2026-08-22T12:48:29.135137+09:00,地方紙,広島,中国新聞,千葉市、豪雨被災放置車を全撤去,https://www.chugoku-np.co.jp/articles/-/883167,https://news.ceek.jp/search.cgi?category_id=local&feed=1,ok,,地方・地域
2026-08-22,2026-08-22T12:48:29.135137+09:00,全国紙,全国,中日新聞,千葉市、豪雨被災放置車を全撤去 一時2500台、管理の道路から,https://www.chunichi.co.jp/article/1300105,https://news.ceek.jp/search.cgi?category_id=local&feed=1,ok,,地方・地域
2026-08-22,2026-08-22T12:48:29.135137+09:00,その他メディア,,徳島新聞,【結果速報中】徳島県小学生バレー、熱戦始まる,https://www.topics.or.jp/articles/-/1480807,https://news.ceek.jp/search.cgi?category_id=local&feed=1,ok,,地方・地域
2026-08-22,2026-08-22T12:48:29.135137+09:00,その他メディア,,神奈川新聞,かつての毒ガス兵器製造拠点、世界平和願う石碑 寒川・相模海軍工廠跡,https://www.kanaloco.jp/news/social/article-1298836.html,https://news.ceek.jp/search.cgi?category_id=local&feed=1,ok,,地方・地域
2026-08-22,2026-08-22T12:48:29.135137+09:00,その他メディア,,福井新聞,最大3000円お得...福井県の商品券「ふく+」、第2回販売期間の終了迫る 先着順、即購入・利用が可能,https://www.fukuishimbun.co.jp/articles/-/2679702,https://news.ceek.jp/search.cgi?category_id=local&feed=1,ok,,地方・地域
2026-08-22,2026-08-22T12:48:29.135137+09:00,その他メディア,,TBSテレビ,約1億200万円の損害賠償求め遺族が提訴 プロゴルファー目指した男性がパワハラで自殺,https://newsdig.tbs.co.jp/articles/-/2889560?display=1,https://news.ceek.jp/search.cgi?category_id=local&feed=1,ok,,地方・地域
2026-08-22,2026-08-22T12:48:29.135137+09:00,その他メディア,,日本テレビ,熊本地震被災地の犯罪防止へ 広島県警が特別部隊を派遣 出発式,https://news.ntv.co.jp/category/society/ht59eebc71abc847bd979bc7b81958bd45,https://news.ceek.jp/search.cgi?category_id=local&feed=1,ok,,地方・地域
2026-08-22,2026-08-22T12:48:29.135137+09:00,その他メディア,,TBSテレビ,新体操「フェアリージャパン」花村夏実選手が地元でオリンピック出場権獲得を報告 長野県松本市,https://newsdig.tbs.co.jp/articles/-/2889575?display=1,https://news.ceek.jp/search.cgi?category_id=local&feed=1,ok,,地方・地域
2026-08-22,2026-08-22T12:48:29.135137+09:00,その他メディア,,山陽新聞,【読者の写真コンテスト】699回 花火大会や祭り、夏感じる題材,https://www.sanyonews.jp/article/1976134/,https://news.ceek.jp/search.cgi?category_id=local&feed=1,ok,,地方・地域
2026-08-22,2026-08-22T12:48:29.135137+09:00,その他メディア,,岩手日報,一関市大東町大原で建物火災,https://www.iwate-np.co.jp/article/2026/8/22/196169,https://news.ceek.jp/search.cgi?category_id=local&feed=1,ok,,地方・地域
2026-08-22,2026-08-22T12:48:29.135137+09:00,地方紙,沖縄,沖縄タイムス,「勉強仲間を見つけるチャンス」 中学生が英単語力をゲーム感覚で競う 沖縄・嘉手納で10月10日、参加募る,https://www.okinawatimes.co.jp/articles/-/1907145,https://news.ceek.jp/search.cgi?category_id=local&feed=1,ok,,地方・地域
2026-08-22,2026-08-22T12:48:29.135137+09:00,全国紙,全国,読売新聞,出会い系アプリで知り合った男性から現金6万円盗み、逃走の際に車でひこうとした疑い...56歳の女を逮捕,https://www.yomiuri.co.jp/local/kansai/news/20260822-GYO1T00032/,https://news.ceek.jp/search.cgi?category_id=local&feed=1,ok,,地方・地域
2026-08-22,2026-08-22T12:48:29.135137+09:00,その他メディア,,TBSテレビ,立憲民主党幹事長務める田名部匡代・県連代表 3党合流について「今月中に決める」考え示す,https://newsdig.tbs.co.jp/articles/-/2889556?display=1,https://news.ceek.jp/search.cgi?category_id=local&feed=1,ok,,地方・地域
2026-08-22,2026-08-22T12:48:29.135137+09:00,その他メディア,,日本テレビ,島根県警中村本部長が離任会見 島根県松江市,https://news.ntv.co.jp/category/society/nk9bd33bfbb5904d81836a9c8df3e461f5,https://news.ceek.jp/search.cgi?category_id=local&feed=1,ok,,地方・地域
2026-08-22,2026-08-22T12:48:29.135137+09:00,その他メディア,,日本テレビ,県警音楽隊「パフォーマンスアドバイザー」 トロンボーン奏者の明内一師さんに委嘱状 岩手・盛岡市,https://news.ntv.co.jp/category/society/tv9c48db51db1647ba945dc7b36a1acb6d,https://news.ceek.jp/search.cgi?category_id=local&feed=1,ok,,地方・地域
2026-08-22,2026-08-22T12:48:29.135137+09:00,全国紙,全国,読売新聞,直売所で買い物をしていたら...高さ3・5m天井の一部が落下、母娘2人が頭や肩にけが,https://www.yomiuri.co.jp/local/kansai/news/20260822-GYO1T00035/,https://news.ceek.jp/search.cgi?category_id=local&feed=1,ok,,地方・地域
2026-08-22,2026-08-22T12:48:29.135137+09:00,その他メディア,,山陰中央新聞,高校野球は智弁和歌山が優勝 健大高崎を下す,https://www.sanin-chuo.co.jp/articles/-/1065278,https://news.ceek.jp/search.cgi?category_id=local&feed=1,ok,,地方・地域
2026-08-22,2026-08-22T12:48:29.135137+09:00,地方紙,沖縄,沖縄タイムス,「野球が日常生活の一部」 イタリアのU18コーチ、興南高校・我喜屋監督から指導法を学ぶ 心構えの大切さ教わる,https://www.okinawatimes.co.jp/articles/-/1907262,https://news.ceek.jp/search.cgi?category_id=local&feed=1,ok,,地方・地域
2026-08-22,2026-08-22T12:48:29.135137+09:00,その他メディア,,TBSテレビ,「夫を刺しそう」と自ら110番通報 料理用包丁で夫を脅迫した疑いで30歳の女を逮捕=静岡県浜松市浜名区,https://newsdig.tbs.co.jp/articles/-/2889552?display=1,https://news.ceek.jp/search.cgi?category_id=local&feed=1,ok,,地方・地域
2026-08-22,2026-08-22T12:48:29.135137+09:00,全国紙,全国,読売新聞,万博イベント出演者ら2000人分の個人情報漏えいか...業務再委託先の従業員がフィッシングメール受信で不正アクセス被害,https://www.yomiuri.co.jp/local/kansai/news/20260822-GYO1T00030/,https://news.ceek.jp/search.cgi?category_id=local&feed=1,ok,,地方・地域
2026-08-22,2026-08-22T12:48:29.135137+09:00,その他メディア,,TBSテレビ,「ちょっとでも応援になれば」熊本城の来場者半減・予約キャンセル20億円で観光に深刻な影響 政府は「九州応援割」実施で調整へ 熊本地震,https://newsdig.tbs.co.jp/articles/-/2889548?display=1,https://news.ceek.jp/search.cgi?category_id=local&feed=1,ok,,地方・地域
2026-08-22,2026-08-22T12:48:29.135137+09:00,その他メディア,,九州朝日放送,熊本県宇城市から旬の味覚 博多駅で「震災復興フェア」,https://kbc.co.jp/news/article.php?id=18022130&ymd=2026-08-22,https://news.ceek.jp/search.cgi?category_id=local&feed=1,ok,,地方・地域
2026-08-22,2026-08-22T19:12:05.491683+09:00,全国紙,全国,読売新聞,,,,skipped,robots.txtが一般クローラー/AI系UAを名指しで包括的にDisallow。2024年1月のToS改定で自動収集・生成AI学習目的の収集を明示的に禁止しているため、自動取得の対象外とする。,
2026-08-22,2026-08-22T19:12:05.491683+09:00,全国紙,全国,朝日新聞,殺害された留学生のスマホ見つからず 福岡・天神、打撲痕や切り傷も,http://www.asahi.com/articles/ASV8Q0SZXV8QTIPE001M.html,https://www.asahi.com/rss/asahi/newsheadlines.rdf,ok,,社会
2026-08-22,2026-08-22T19:12:05.491683+09:00,全国紙,全国,朝日新聞,八回の攻防、平常心を保った智弁和歌山 魔曲に惑わされた健大高崎,http://www.asahi.com/articles/ASV8Q2JD1V8QUTQP023M.html,https://www.asahi.com/rss/asahi/newsheadlines.rdf,ok,,スポーツ
2026-08-22,2026-08-22T19:12:05.491683+09:00,全国紙,全国,朝日新聞,名古屋城からアジア大会へ 聖火リレーは吉田沙保里さんからスタート,http://www.asahi.com/articles/ASV8Q24HTV8QUQIP03KM.html,https://www.asahi.com/rss/asahi/newsheadlines.rdf,ok,,スポーツ
2026-08-22,2026-08-22T19:12:05.491683+09:00,全国紙,全国,朝日新聞,山田凜虎や織田翔希ら18人がU18高校日本代表 横浜からは5人,http://www.asahi.com/articles/ASV8P3HS8V8PUTQP011M.html,https://www.asahi.com/rss/asahi/newsheadlines.rdf,ok,,スポーツ
2026-08-22,2026-08-22T19:12:05.491683+09:00,全国紙,全国,朝日新聞,ティックトック、子どものプライバシー訴訟で和解金635億円支払い,http://www.asahi.com/articles/ASV8Q3137V8QULFA005M.html,https://www.asahi.com/rss/asahi/newsheadlines.rdf,ok,,ビジネス
2026-08-22,2026-08-22T19:12:05.491683+09:00,全国紙,全国,朝日新聞,一番茶の荒茶生産量、鹿児島は2年続けてトップならず 静岡返り咲き,http://www.asahi.com/articles/ASV8Q0G97V8QTLTB00HM.html,https://www.asahi.com/rss/asahi/newsheadlines.rdf,ok,,ビジネス
2026-08-22,2026-08-22T19:12:05.491683+09:00,全国紙,全国,朝日新聞,飲料メーカー、茶葉を鹿児島で自社栽培 価格高騰ではない理由とは,http://www.asahi.com/articles/ASV8Q0J84V8QTLTB00GM.html,https://www.asahi.com/rss/asahi/newsheadlines.rdf,ok,,ビジネス
2026-08-22,2026-08-22T19:12:05.491683+09:00,全国紙,全国,朝日新聞,風雨に負けない聖火リレートーチ 作ったのはあのアウトドアブランド,http://www.asahi.com/articles/ASV8Q21CNV8QOIPE00PM.html,https://www.asahi.com/rss/asahi/newsheadlines.rdf,ok,,ビジネス
2026-08-22,2026-08-22T19:12:05.491683+09:00,全国紙,全国,朝日新聞,国民・玉木氏「参院選で野党第1党目指す」 代表選、橋本氏も立候補,http://www.asahi.com/articles/ASV8Q1PZDV8QUTFK002M.html,https://www.asahi.com/rss/asahi/newsheadlines.rdf,ok,,政治
2026-08-22,2026-08-22T19:12:05.491683+09:00,全国紙,全国,朝日新聞,米国防総省、星条旗新聞の編集長らに解雇通知 テレビで「検閲」批判,http://www.asahi.com/articles/ASV8Q15TYV8QUHBI00SM.html,https://www.asahi.com/rss/asahi/newsheadlines.rdf,ok,,国際
2026-08-22,2026-08-22T19:12:05.491683+09:00,全国紙,全国,朝日新聞,落語家・桂米輔さん死去 米朝さんの弟子,http://www.asahi.com/articles/ASV8Q2STYV8QUCVL00BM.html,https://www.asahi.com/rss/asahi/newsheadlines.rdf,ok,,おくやみ
2026-08-22,2026-08-22T19:12:05.491683+09:00,全国紙,全国,毎日新聞,国民民主代表選が告示 橋本、玉木両氏の一騎打ち 都内で討論,https://mainichi.jp/articles/20260822/k00/00m/010/159000c,https://mainichi.jp/rss/etc/mainichi-flash.rss,ok,,ニュース
2026-08-22,2026-08-22T19:12:05.491683+09:00,全国紙,全国,毎日新聞,師に並んだ智弁和歌山・山田 「捕手としてまだまだ足りない」,https://mainichi.jp/articles/20260822/k00/00m/050/155000c,https://mainichi.jp/rss/etc/mainichi-flash.rss,ok,,ニュース
2026-08-22,2026-08-22T19:12:05.491683+09:00,全国紙,全国,毎日新聞,ミャンマー国軍が僧院空爆 瞑想修行中の14人死亡、大半は高齢者,https://mainichi.jp/articles/20260822/k00/00m/030/150000c,https://mainichi.jp/rss/etc/mainichi-flash.rss,ok,,ニュース
2026-08-22,2026-08-22T19:12:05.491683+09:00,全国紙,全国,毎日新聞,リンクサイド:住吉りをんを刺激する「ホテル渡辺」の共同生活 東京夏季大会,https://mainichi.jp/articles/20260822/k00/00m/050/153000c,https://mainichi.jp/rss/etc/mainichi-flash.rss,ok,,ニュース
2026-08-22,2026-08-22T19:12:05.491683+09:00,全国紙,全国,毎日新聞,佐久間朱莉と吉田鈴が首位で並ぶ 女子ゴルフ第2日,https://mainichi.jp/articles/20260822/k00/00m/050/147000c,https://mainichi.jp/rss/etc/mainichi-flash.rss,ok,,ニュース
2026-08-22,2026-08-22T19:12:05.491683+09:00,全国紙,全国,毎日新聞,リンクサイド:友野一希「草太へのリスペクトなので」 浪速フェス取材詳報,https://mainichi.jp/articles/20260822/k00/00m/050/142000c,https://mainichi.jp/rss/etc/mainichi-flash.rss,ok,,ニュース
2026-08-22,2026-08-22T19:12:05.491683+09:00,全国紙,全国,毎日新聞,「同額の関税課す」 カナダ、報復措置の姿勢 米政権が追加関税,https://mainichi.jp/articles/20260822/k00/00m/030/136000c,https://mainichi.jp/rss/etc/mainichi-flash.rss,ok,,ニュース
2026-08-22,2026-08-22T19:12:05.491683+09:00,全国紙,全国,毎日新聞,善福寺川、神田川に「レベル4氾濫危険警報」 東京で局地的豪雨,https://mainichi.jp/articles/20260822/k00/00m/040/141000c,https://mainichi.jp/rss/etc/mainichi-flash.rss,ok,,ニュース
2026-08-22,2026-08-22T19:12:05.491683+09:00,全国紙,全国,毎日新聞,響いた「魔曲」に連続バント 智弁和歌山の逆転劇 夏の甲子園,https://mainichi.jp/articles/20260822/k00/00m/050/138000c,https://mainichi.jp/rss/etc/mainichi-flash.rss,ok,,ニュース
2026-08-22,2026-08-22T19:12:05.491683+09:00,全国紙,全国,毎日新聞,東京、埼玉に「レベル4大雨危険警報」発表 危険な場所から避難を,https://mainichi.jp/articles/20260822/k00/00m/040/135000c,https://mainichi.jp/rss/etc/mainichi-flash.rss,ok,,ニュース
2026-08-22,2026-08-22T19:12:05.491683+09:00,全国紙,全国,毎日新聞,山下美夢有、単独トップ守る 米ゴルフCPKC女子オープン第2日,https://mainichi.jp/articles/20260822/k00/00m/050/133000c,https://mainichi.jp/rss/etc/mainichi-flash.rss,ok,,ニュース
2026-08-22,2026-08-22T19:12:05.491683+09:00,全国紙,全国,毎日新聞,劇団四季「リトルマーメイド」 最終通し稽古を報道公開 舞浜で,https://mainichi.jp/articles/20260822/k00/00m/200/131000c,https://mainichi.jp/rss/etc/mainichi-flash.rss,ok,,ニュース
2026-08-22,2026-08-22T19:12:05.491683+09:00,全国紙,全国,毎日新聞,機動破壊は...逆転弾放った健大高崎・石田雄星の願い 夏の甲子園,https://mainichi.jp/articles/20260822/k00/00m/050/130000c,https://mainichi.jp/rss/etc/mainichi-flash.rss,ok,,ニュース
2026-08-22,2026-08-22T19:12:05.491683+09:00,全国紙,全国,毎日新聞,友野一希が仲間とスケート教室開催 浪速フィギュアフェス,https://mainichi.jp/articles/20260822/k00/00m/050/129000c,https://mainichi.jp/rss/etc/mainichi-flash.rss,ok,,ニュース
2026-08-22,2026-08-22T19:12:05.491683+09:00,全国紙,全国,毎日新聞,ドジャース・山本は2失点、勝敗付かず 大谷は1安打 大リーグ,https://mainichi.jp/articles/20260822/k00/00m/050/128000c,https://mainichi.jp/rss/etc/mainichi-flash.rss,ok,,ニュース
2026-08-22,2026-08-22T19:12:05.491683+09:00,全国紙,全国,毎日新聞,健大高崎バッテリー、決勝点の暴投は「サインミス」 夏の甲子園,https://mainichi.jp/articles/20260822/k00/00m/050/124000c,https://mainichi.jp/rss/etc/mainichi-flash.rss,ok,,ニュース
2026-08-22,2026-08-22T19:12:05.491683+09:00,全国紙,全国,毎日新聞,歯1本から取得できる身元情報は6種類 災害犠牲者の特定に期待,https://mainichi.jp/articles/20260822/k00/00m/100/121000c,https://mainichi.jp/rss/etc/mainichi-flash.rss,ok,,ニュース
2026-08-22,2026-08-22T19:12:05.491683+09:00,全国紙,全国,毎日新聞,三つの火が一つに アジア大会、名古屋の採火式に大物続々,https://mainichi.jp/articles/20260822/k00/00m/050/076000c,https://mainichi.jp/rss/etc/mainichi-flash.rss,ok,,ニュース
2026-08-22,2026-08-22T19:12:05.491683+09:00,全国紙,全国,毎日新聞,警笛2回のうち1回未確認 列車接近の伝達不備か 東武日光線事故,https://mainichi.jp/articles/20260822/k00/00m/040/114000c,https://mainichi.jp/rss/etc/mainichi-flash.rss,ok,,ニュース
2026-08-22,2026-08-22T19:12:05.491683+09:00,全国紙,全国,毎日新聞,大阪で100年超の喫茶店 アルバイト→4代目店主になった女性,https://mainichi.jp/articles/20260822/k00/00m/040/062000c,https://mainichi.jp/rss/etc/mainichi-flash.rss,ok,,ニュース
2026-08-22,2026-08-22T19:12:05.491683+09:00,全国紙,全国,日本経済新聞,,,,skipped,公式無料RSSなし。著作権ページで自動収集を明確に禁止しているため、自動取得の対象外とする。,
2026-08-22,2026-08-22T19:12:05.491683+09:00,全国紙,全国,産経新聞,神田川と善福寺川にレベル4氾濫危険警報 東京と埼玉の一部にレベル4大雨危険警報も,https://www.sankei.com/article/20260822-5VHKDBBZFBLNTPIBHLH4IEJ53A/,https://www.sankei.com/,ok,,
2026-08-22,2026-08-22T19:12:05.491683+09:00,全国紙,全国,産経新聞,住居でも執務しています 高市首相「終日、公邸で過ごす」に意見 職員らの負担軽減も強調,https://www.sankei.com/article/20260822-6BGIH7LYSFM4RATMC32LM7EIBA/,https://www.sankei.com/,ok,,
2026-08-22,2026-08-22T19:12:05.491683+09:00,全国紙,全国,産経新聞,今週は吉田姉妹に注目 妹・鈴は首位で最終日へ「2人ともよければうれしい」 女子ゴルフ,https://www.sankei.com/article/20260822-CMNHV5LNQRPMTND3NH5TK4RUEE/,https://www.sankei.com/,ok,,
2026-08-22,2026-08-22T19:12:05.491683+09:00,全国紙,全国,産経新聞,劇団四季「リトルマーメイド」が舞浜に 新たな舞台で26日からロングラン上演,https://www.sankei.com/article/20260822-7XAJCRSY2RMUBK6K6Y4LUG223A/,https://www.sankei.com/,ok,,
2026-08-22,2026-08-22T19:12:05.491683+09:00,全国紙,全国,産経新聞,金正恩氏に「7年前のトラウマ」 北朝鮮、トランプ氏「ラブコール」も対話再開に慎重姿勢,https://www.sankei.com/article/20260822-DRJELDA35NKEBIZ6B5Q6AKF7HE/,https://www.sankei.com/,ok,,
2026-08-22,2026-08-22T19:12:05.491683+09:00,全国紙,全国,産経新聞,〝コミュ力日本一〟で4度目頂点 智弁和歌山、昨秋の敗戦が契機「みんなで勝ちとった」,https://www.sankei.com/article/20260822-SQJDYKY6W5NUVM3HCAZRJDN7RM/,https://www.sankei.com/,ok,,
2026-08-22,2026-08-22T19:12:05.491683+09:00,全国紙,全国,産経新聞,スマホ依存の未成年「ドパガキ」 SNS利用時間長いと学力低下 中3半数は1日3時間超,https://www.sankei.com/article/20260822-EM6HXZUEZZORDMOUEMTFE2J6SU/,https://www.sankei.com/,ok,,
2026-08-22,2026-08-22T19:12:05.491683+09:00,全国紙,全国,産経新聞,ウクライナ南部商業施設にドローン攻撃 16人死亡、130人負傷 救助隊到着後に2度目,https://www.sankei.com/article/20260822-4BIAQ6Q56NMI7HNAAPWRIBBDTI/,https://www.sankei.com/,ok,,
2026-08-22,2026-08-22T19:12:05.491683+09:00,全国紙,全国,産経新聞,「反省・石破式辞」を「安倍式辞」に戻した高市首相、人事の焦点はコバホーク 平井文夫,https://www.sankei.com/article/20260822-YQXFEXYLS5MXLL66NN4KMEX6XY/,https://www.sankei.com/,ok,,
2026-08-22,2026-08-22T19:12:05.491683+09:00,全国紙,全国,産経新聞,八王子スーパー強盗3人射殺事件から31年 捜査員延べ23万人動員 「絶対に諦めない」,https://www.sankei.com/article/20260822-AUHUPPLQEBNJRCCRD5QEVEETKM/,https://www.sankei.com/,ok,,
2026-08-22,2026-08-22T19:12:05.491683+09:00,全国紙,全国,産経新聞,複数社から集まっての作業で不備か 警笛2回のうち1回未確認 東武線特急4人死亡事故,https://www.sankei.com/article/20260822-32PEBOFFJJJLJMX2N5C4EE4THQ/,https://www.sankei.com/,ok,,
2026-08-22,2026-08-22T19:12:05.491683+09:00,全国紙,全国,産経新聞,「投高打低」続く甲子園 本塁打数1桁は2度目,https://www.sankei.com/article/20260822-QHC6YHAJOVMPVKBEM6R6UORV7A/,https://www.sankei.com/,ok,,
2026-08-22,2026-08-22T19:12:05.491683+09:00,全国紙,全国,産経新聞,乃木坂46、落雷確認で開演30分遅れ 神宮球場,https://www.sankei.com/article/20260822-OR2GDESHHRNJBLSJDLVHOZTLXA/,https://www.sankei.com/,ok,,
2026-08-22,2026-08-22T19:12:05.491683+09:00,全国紙,全国,産経新聞,外国人観光客がクマに腕かまれヘリで搬送 青森,https://www.sankei.com/article/20260822-LC5MRM26NRLYLFJADLR3E3MAVM/,https://www.sankei.com/,ok,,
2026-08-22,2026-08-22T19:12:05.491683+09:00,全国紙,全国,東京新聞,月給8万からの脱却 音やあごでプレイする障害者が「eスポーツ」で開く「誰もが自分らしく働ける社会」,https://www.tokyo-np.co.jp/article/509332,https://www.tokyo-np.co.jp/,ok,,
2026-08-22,2026-08-22T19:12:05.491683+09:00,全国紙,全国,東京新聞,料理×笠間焼で届ける極上の彩り 伝統工芸と美食が融合する茨城ガストロノミーの挑戦,https://www.tokyo-np.co.jp/article/507406,https://www.tokyo-np.co.jp/,ok,,
2026-08-22,2026-08-22T19:12:05.491683+09:00,全国紙,全国,東京新聞,天気の情緒も大切に 著書『天気でよみとく名画』4刷重ねる 長谷部愛さん(気象予報士),https://www.tokyo-np.co.jp/article/509965,https://www.tokyo-np.co.jp/,ok,,
2026-08-22,2026-08-22T19:12:05.491683+09:00,全国紙,全国,東京新聞,「勇気を出して助けを求めて」和歌山・絶壁の街で鳴る電話 1100人を救った牧師は向き合い続ける,https://www.tokyo-np.co.jp/article/507409,https://www.tokyo-np.co.jp/,ok,,
2026-08-22,2026-08-22T19:12:05.491683+09:00,全国紙,全国,東京新聞,2次避難、希望件数の31% 37%が決まらず、調整に時間,https://www.tokyo-np.co.jp/article/510212,https://www.tokyo-np.co.jp/,ok,,
2026-08-22,2026-08-22T19:12:05.491683+09:00,全国紙,全国,中日新聞,中日ドラゴンズが延長戦を制す、ヤクルトにサヨナラ勝ち 細川成也のソロで終盤に追いつく,https://www.chunichi.co.jp/article/1300277,https://www.chunichi.co.jp/,ok,,
2026-08-22,2026-08-22T19:12:05.491683+09:00,全国紙,全国,中日新聞,中止の琵琶湖三市同時花火大会、実行委が2日連続インスタグラム投稿 お詫び繰り返すも返金対応進展なし,https://www.chunichi.co.jp/article/1300176,https://www.chunichi.co.jp/,ok,,
2026-08-22,2026-08-22T19:12:05.491683+09:00,全国紙,全国,中日新聞,【中日・井上監督語録】延長10回サヨナラ勝ちに「しぶとく取られ、追いつきというゲームをしたのが大きかった」,https://www.chunichi.co.jp/article/1300279,https://www.chunichi.co.jp/,ok,,
2026-08-22,2026-08-22T19:12:05.491683+09:00,地方紙,北海道,北海道新聞,,,,skipped,公式RSSはあるが、見出し・本文の公開(再配信)を認めない旨の規約があるため自動取得の対象外とする。,
2026-08-22,2026-08-22T19:12:05.491683+09:00,地方紙,宮城,河北新報,,,,skipped,robots.txtが/rss/をDisallowしておりRSS購読不可。私的利用限定・二次利用禁止の規約があるため自動取得の対象外とする。,
2026-08-22,2026-08-22T19:12:05.491683+09:00,地方紙,新潟,新潟日報,,,,skipped,利用規約でデータマイニング・テキストマイニング・AI学習目的の情報処理・解析利用を明示的に禁止しているため自動取得の対象外とする。,
2026-08-22,2026-08-22T19:12:05.491683+09:00,地方紙,長野,信濃毎日新聞,夏の甲子園、長野県勢に重い課題 松商学園の2年連続初戦敗退が映す現実08/22 17:03,https://www.shinmai.co.jp/news/article/gf01da4l7foh93r5kirep5k0,https://www.shinmai.co.jp/,ok,,
2026-08-22,2026-08-22T19:12:05.491683+09:00,地方紙,長野,信濃毎日新聞,5相続税1億8000万円超脱税、塩尻市の被告に有罪判決 地裁松本支部,https://www.shinmai.co.jp/news/article/gf01da41ks9gf3e481imorg0,https://www.shinmai.co.jp/,ok,,
2026-08-22,2026-08-22T19:12:05.491683+09:00,地方紙,長野,信濃毎日新聞,7八高線の新型ハイブリッド車両に乗ってみた,https://www.shinmai.co.jp/news/article/gfkn2026082001000726,https://www.shinmai.co.jp/,ok,,
2026-08-22,2026-08-22T19:12:05.491683+09:00,地方紙,長野,信濃毎日新聞,8土曜日恒例の朝市、軽トラック13台が並ぶにぎわい 長野市若槻地区,https://www.shinmai.co.jp/news/article/gf01da4mj0oh93r5kirepd90,https://www.shinmai.co.jp/,ok,,
2026-08-22,2026-08-22T19:12:05.491683+09:00,地方紙,静岡,静岡新聞,,,https://www.at-s.com/,error,405 Client Error: Not Allowed for url: https://www.at-s.com/,
2026-08-22,2026-08-22T19:12:05.491683+09:00,地方紙,京都,京都新聞,速報将棋白玲戦、西山が挑戦者の福間破り先勝,https://www.kyoto-np.co.jp/articles/-/1776339,https://www.kyoto-np.co.jp/,ok,,
2026-08-22,2026-08-22T19:12:05.491683+09:00,地方紙,京都,京都新聞,京都府綾部市の「梅林」に赤い屋根の洋菓子店 元ヒルトン大阪のパティシエが創る味は5:10地域京都府綾部市和木町に梅の名所「松原梅林」があり、南高や鶯宿(おうしゅく)などが栽培されている。その近くに赤い屋根が特徴的な白壁の洋菓子店が...,https://www.kyoto-np.co.jp/articles/-/1775609,https://www.kyoto-np.co.jp/,ok,,
2026-08-22,2026-08-22T19:12:05.491683+09:00,地方紙,京都,京都新聞,親にとっては苦行でしかない... 小学生の「自由研究」は何のため?そもそも必要なの?5:15地域夏休みになると、憂鬱になるのが子どもの自由研究だ。テーマ設定から仕上げまで親が関わることがもはや常態化しており、共働き家庭にとっては「苦行...,https://www.kyoto-np.co.jp/articles/-/1775405,https://www.kyoto-np.co.jp/,ok,,
2026-08-22,2026-08-22T19:12:05.491683+09:00,地方紙,兵庫,神戸新聞,ヴィッセル神戸、前節から先発6人入れ替え 横浜F・マリノス戦,https://www.kobe-np.co.jp/news/sports/202608/0020735299.shtml,https://www.kobe-np.co.jp/,ok,,
2026-08-22,2026-08-22T19:12:05.491683+09:00,地方紙,兵庫,神戸新聞,<フェス主義!>フジロック(上) 世界への警鐘、歌声のぬくもり,https://www.kobe-np.co.jp/news/culture/202608/0020734955.shtml,https://www.kobe-np.co.jp/,ok,,
2026-08-22,2026-08-22T19:12:05.491683+09:00,地方紙,兵庫,神戸新聞,ポストコロナの盆踊りとは? やぐら囲んで、は今や昔 地域行事が盛んな姫路で探ってみた,https://www.kobe-np.co.jp/news/society/202608/0020734733.shtml,https://www.kobe-np.co.jp/,ok,,
2026-08-22,2026-08-22T19:12:05.491683+09:00,地方紙,兵庫,神戸新聞,七五三参り「一生の思い出に」 千歳あめ準備始まる 生田神社,https://www.kobe-np.co.jp/news/society/202608/0020735149.shtml,https://www.kobe-np.co.jp/,ok,,
2026-08-22,2026-08-22T19:12:05.491683+09:00,地方紙,兵庫,神戸新聞,23日の交通取り締まり(2026年8月),https://www.kobe-np.co.jp/news/society/202608/0020655140.shtml,https://www.kobe-np.co.jp/,ok,,
2026-08-22,2026-08-22T19:12:05.491683+09:00,地方紙,広島,中国新聞,,,,skipped,利用規約でAI開発目的のディープラーニング等の情報処理・解析利用を明示的に禁止しているため自動取得の対象外とする。,
2026-08-22,2026-08-22T19:12:05.491683+09:00,地方紙,福岡,西日本新聞,,,,skipped,公式RSSはあるが、利用規約でAI学習目的の情報処理・解析利用を明示的に禁止しているため自動取得の対象外とする。,
2026-08-22,2026-08-22T19:12:05.491683+09:00,地方紙,熊本,熊本日日新聞,フィギュア住吉りをんSP首位,https://kumanichi.com/articles/2027896,https://kumanichi.com/rss.xml,ok,,
2026-08-22,2026-08-22T19:12:05.491683+09:00,地方紙,熊本,熊本日日新聞,熊本地震、重症者31人に,https://kumanichi.com/articles/2027879,https://kumanichi.com/rss.xml,ok,,
2026-08-22,2026-08-22T19:12:05.491683+09:00,地方紙,熊本,熊本日日新聞,鳥取知事「対策十分か検証する」,https://kumanichi.com/articles/2027863,https://kumanichi.com/rss.xml,ok,,
2026-08-22,2026-08-22T19:12:05.491683+09:00,地方紙,熊本,熊本日日新聞,中止のプロ野球,https://kumanichi.com/articles/2027893,https://kumanichi.com/rss.xml,ok,,
2026-08-22,2026-08-22T19:12:05.491683+09:00,地方紙,熊本,熊本日日新聞,強制労働を調査し50年、北海道,https://kumanichi.com/articles/2027892,https://kumanichi.com/rss.xml,ok,,
2026-08-22,2026-08-22T19:12:05.491683+09:00,地方紙,熊本,熊本日日新聞,平本世中が26アンダーで首位,https://kumanichi.com/articles/2027894,https://kumanichi.com/rss.xml,ok,,
2026-08-22,2026-08-22T19:12:05.491683+09:00,地方紙,熊本,熊本日日新聞,自治体の収入「確保される」,https://kumanichi.com/articles/2027891,https://kumanichi.com/rss.xml,ok,,
2026-08-22,2026-08-22T19:12:05.491683+09:00,地方紙,熊本,熊本日日新聞,【速報】八代市など震度1,https://kumanichi.com/articles/2027890,https://kumanichi.com/rss.xml,ok,,
2026-08-22,2026-08-22T19:12:05.491683+09:00,地方紙,熊本,熊本日日新聞,坪内逍遥大賞、三谷幸喜さんに,https://kumanichi.com/articles/2027889,https://kumanichi.com/rss.xml,ok,,
2026-08-22,2026-08-22T19:12:05.491683+09:00,地方紙,熊本,熊本日日新聞,将棋、西山朋佳白玲が先勝,https://kumanichi.com/articles/2027888,https://kumanichi.com/rss.xml,ok,,
2026-08-22,2026-08-22T19:12:05.491683+09:00,地方紙,鹿児島,南日本新聞,「霧島、好きすぎて滅!」―5人組グループ「M!LK」の吉田さんに大使委嘱―故郷に錦飾る「霧島市、好きすぎて滅!」。5人組の人気ダンスボーカルグループ「M!LK(ミルク)」のリーダーで、鹿児島県霧島市の観光PRを担う「おじゃんせ霧島大使」に就任した吉田仁人さん(26)の委嘱状交付式が22日、同市の鹿児島神宮であった。 吉田さんは同市出身で、動画や出演番組でたびたび地元愛を発信。グループとしては、7月中旬に「霧島国分夏まつり」とのコラボで「ミニ縁日」を出店するなど会場を盛り上8月22日 16:10,https://373news.com/news/local/detail/238421/,https://373news.com/,ok,,local
2026-08-22,2026-08-22T19:12:05.491683+09:00,地方紙,鹿児島,南日本新聞,九州自動車道・鹿児島北-鹿児島ICの通行止め解除8月22日 19:03,https://373news.com/news/local/detail/238427/,https://373news.com/,ok,,local
2026-08-22,2026-08-22T19:12:05.491683+09:00,地方紙,鹿児島,南日本新聞,日本語、書道、華道に挑戦――県内新任のALT、日本の文化学ぶ 鹿屋で研修8月22日 19:00,https://373news.com/news/local/detail/238391/,https://373news.com/,ok,,local
2026-08-22,2026-08-22T19:12:05.491683+09:00,地方紙,鹿児島,南日本新聞,「ハンセン病啓発に務める」―鹿児島県の塩田知事...奄美和光園初訪問、入所者は全国最少の5人8月22日 18:30,https://373news.com/news/local/detail/238420/,https://373news.com/,ok,,local
2026-08-22,2026-08-22T19:12:05.491683+09:00,地方紙,鹿児島,南日本新聞,初めての世界での舞台「全力で楽しんだ」――ソフトボールU23男子W杯で日本初優勝に貢献した宇宿選手が故郷・指宿市を訪問8月22日 17:30,https://373news.com/news/local/detail/238241/,https://373news.com/,ok,,local
2026-08-22,2026-08-22T19:12:05.491683+09:00,地方紙,鹿児島,南日本新聞,九州自動車道・鹿児島北-鹿児島ICの下り線通行止め 車両火災発生のため8月22日 16:52,https://373news.com/news/local/detail/238422/,https://373news.com/,ok,,local
2026-08-22,2026-08-22T19:12:05.491683+09:00,地方紙,鹿児島,南日本新聞,ペットボトルや牛乳パックで手作り水ロケット「遠くまで飛んだ」 鹿児島市で宇宙フェスタ8月22日 16:30,https://373news.com/news/local/detail/238390/,https://373news.com/,ok,,local
2026-08-22,2026-08-22T19:12:05.491683+09:00,地方紙,鹿児島,南日本新聞,「ISSでのロボットアーム作業はUFOキャッチャーより簡単」「疑問を育てる力を大切に」――宇宙飛行士・油井亀美也さんが鹿児島市で講演8月22日 14:30,https://373news.com/news/local/detail/238389/,https://373news.com/,ok,,local
2026-08-22,2026-08-22T19:12:05.491683+09:00,地方紙,鹿児島,南日本新聞,2次避難、希望件数の31% 37%が決まらず、調整に時間8月22日 16:52,https://373news.com/news/national/detail/2026082201000718/,https://373news.com/,ok,,national
2026-08-22,2026-08-22T19:12:05.491683+09:00,地方紙,沖縄,琉球新報,,,,skipped,利用規約で複製・複写・送信・頒布・蓄積・転載等を会社の承認なく行うことを広範に禁止しているため自動取得の対象外とする。,
2026-08-22,2026-08-22T19:12:05.491683+09:00,地方紙,沖縄,沖縄タイムス,沖縄県知事選 古謝玄太氏と公明党県本部が政策協定を締結 上原章代表が推薦状を交付【10の重点政策あり】14:48有料#沖縄県知事選,https://www.okinawatimes.co.jp/articles/-/1907468,https://www.okinawatimes.co.jp/,ok,,
2026-08-22,2026-08-22T19:12:05.491683+09:00,地方紙,沖縄,沖縄タイムス,沖縄県議補選 元職の座波一氏が立候補表明 「必ず返り咲き、県政の発展に尽くす」 島尻・南城市区15:12有料#沖縄県議補選,https://www.okinawatimes.co.jp/articles/-/1907470,https://www.okinawatimes.co.jp/,ok,,
2026-08-22,2026-08-22T19:12:05.491683+09:00,地方紙,沖縄,沖縄タイムス,【速報】宮古島近海で台風20号が発生(動画あり)14:07#台風,https://www.okinawatimes.co.jp/articles/-/1907448,https://www.okinawatimes.co.jp/,ok,,
2026-08-22,2026-08-22T19:12:05.491683+09:00,地方紙,沖縄,沖縄タイムス,対馬丸撃沈から82年、那覇市で慰霊祭 遺族や生存者ら355人が鎮魂の祈り 遺族会会長「記憶を次世代へ」【動画あり】13:11有料#対馬丸,https://www.okinawatimes.co.jp/articles/-/1907421,https://www.okinawatimes.co.jp/,ok,,
2026-08-22,2026-08-22T19:12:05.491683+09:00,地方紙,沖縄,沖縄タイムス,「もう一度...」93歳の大田さん、バスガイドに「復帰」 孫が願いかなえ 「夢叶える国頭バスツアー」実現13:21有料#国頭村,https://www.okinawatimes.co.jp/articles/-/1907060,https://www.okinawatimes.co.jp/,ok,,
2026-08-22,2026-08-22T19:12:05.491683+09:00,地方紙,沖縄,沖縄タイムス,ヒマラヤの小国ブータンに、行列のできるラーメン屋が...首相もリピーター 「日本の味に恋をした」店主が執念で作り上げた本格派、沸点が低い標高約2300メートルでどうやって...11:30有料#国際,https://www.okinawatimes.co.jp/articles/-/1907406,https://www.okinawatimes.co.jp/,ok,,
2026-08-22,2026-08-22T19:12:05.491683+09:00,地方紙,沖縄,沖縄タイムス,仲座健太 さんがコメント(8月21日 9:25),https://www.okinawatimes.co.jp/articles/-/1906376,https://www.okinawatimes.co.jp/,ok,,
2026-08-22,2026-08-22T19:12:05.491683+09:00,地方紙,沖縄,沖縄タイムス,親川志奈子 さんがコメント(8月21日 7:21),https://www.okinawatimes.co.jp/articles/-/1903504,https://www.okinawatimes.co.jp/,ok,,
2026-08-22,2026-08-22T19:12:05.491683+09:00,全国紙,全国,産経新聞,五輪4度出場の木村沙織さんが北京でバレーボール教室 日本人学校の児童・生徒と交流,https://www.sankei.com/article/20260822-CIWAM4JKSFMKXABOSEZUAYKZLQ/,https://news.ceek.jp/search.cgi?category_id=politics&feed=1,ok,,政治
2026-08-22,2026-08-22T19:12:05.491683+09:00,その他メディア,,日本テレビ,国民民主党の代表選挙告示 玉木代表と橋本議員の一騎打ち,https://news.ntv.co.jp/category/politics/bcc48b4253b4484a94651a3921d9eb8c,https://news.ceek.jp/search.cgi?category_id=politics&feed=1,ok,,政治
2026-08-22,2026-08-22T19:12:05.491683+09:00,その他メディア,,日本テレビ,木原官房長官が熊本地震の被災地を視察 九州の観光回復への支援策を表明,https://news.ntv.co.jp/category/politics/7e71f48dd20d47e5a3242d58f34cbd25,https://news.ceek.jp/search.cgi?category_id=politics&feed=1,ok,,政治
2026-08-22,2026-08-22T19:12:05.491683+09:00,その他メディア,,デイリースポーツ,九州の観光復興へ需要喚起策,https://www.daily.co.jp/society/politics/2026/08/22/0020735045.shtml,https://news.ceek.jp/search.cgi?category_id=politics&feed=1,ok,,政治
2026-08-22,2026-08-22T19:12:05.491683+09:00,全国紙,全国,産経新聞,トランプ氏の米朝首脳会談模索に沈黙守る中国 習近平氏訪米控え、交渉カードに活用か,https://www.sankei.com/article/20260822-SW4A7S5QW5KLBJ2N2JHRPPB4VY/,https://news.ceek.jp/search.cgi?category_id=politics&feed=1,ok,,政治
2026-08-22,2026-08-22T19:12:05.491683+09:00,その他メディア,,Abema TIMES,国民民主党代表選 告示 玉木氏橋本氏の一騎打ち,https://times.abema.tv/articles/-/10268551?page=1,https://news.ceek.jp/search.cgi?category_id=politics&feed=1,ok,,政治
2026-08-22,2026-08-22T19:12:05.491683+09:00,全国紙,全国,産経新聞,積極財政の責任 成長戦略に有事の手順書を,https://www.sankei.com/article/20260822-P3UBVJLYRFISLIFYN4FNDYAXRU/,https://news.ceek.jp/search.cgi?category_id=politics&feed=1,ok,,政治
2026-08-22,2026-08-22T19:12:05.491683+09:00,その他メディア,,アサ芸プラス,幼稚園児に武器を向けて人質に...ロシアが100カ所以上で実施した「対テロ軍事訓練」手榴弾が爆発して負傷者が!,https://www.asagei.com/excerpt/349215,https://news.ceek.jp/search.cgi?category_id=politics&feed=1,ok,,政治
2026-08-22,2026-08-22T19:12:05.491683+09:00,その他メディア,,フジテレビ,"問題山積の県議会 県民1000人に聞いた 緊急世論調査 “金銭授受""疑惑 辞職勧告採決中止の“緊急動議"" 半数起立の“野党"" 【福岡県】",https://www.fnn.jp/articles/-/1099365,https://news.ceek.jp/search.cgi?category_id=politics&feed=1,ok,,政治
2026-08-22,2026-08-22T19:12:05.491683+09:00,その他メディア,,フジテレビ,"“採決中止""の動議を出した県議は議長の元秘書 批判殺到し自身のHPを一時停止 「議長本人から動議提出の指示を受けた事実はない」 【福岡発】",https://www.fnn.jp/articles/-/1099370,https://news.ceek.jp/search.cgi?category_id=politics&feed=1,ok,,政治
2026-08-22,2026-08-22T19:12:05.491683+09:00,全国紙,全国,読売新聞,通常は数年要する防衛装備、「迎撃用無人機」は公募から3か月で納入へ...大量ドローン攻撃への対処急務,https://www.yomiuri.co.jp/politics/20260822-GYT1T00101/,https://news.ceek.jp/search.cgi?category_id=politics&feed=1,ok,,政治
2026-08-22,2026-08-22T19:12:05.491683+09:00,その他メディア,,Abema TIMES,立憲党員が架空女性の政治活動をXに投稿 AIで作成 党「民主主義ゆがめる」,https://times.abema.tv/articles/-/10268537?page=1,https://news.ceek.jp/search.cgi?category_id=politics&feed=1,ok,,政治
2026-08-22,2026-08-22T19:12:05.491683+09:00,その他メディア,,テレビ朝日,立憲党員が架空女性の政治活動をXに投稿 AIで作成 党「民主主義ゆがめる」,https://news.tv-asahi.co.jp/news_politics/articles/900197692.html,https://news.ceek.jp/search.cgi?category_id=politics&feed=1,ok,,政治
2026-08-22,2026-08-22T19:12:05.491683+09:00,全国紙,全国,産経新聞,橋本氏「みんなで担う党に」玉木氏「政権準備の3年に」国民民主代表選〝総総分離〟で火花,https://www.sankei.com/article/20260822-QKNARXS7ZRGNNOPUTH2QQSZP2M/,https://news.ceek.jp/search.cgi?category_id=politics&feed=1,ok,,政治
2026-08-22,2026-08-22T19:12:05.491683+09:00,その他メディア,,フジテレビ,国民民主党代表選が告示 現代表の玉木雄一郎氏3選なるか 橋本幹彦氏との一騎打ち始まる,https://www.fnn.jp/articles/-/1099340,https://news.ceek.jp/search.cgi?category_id=politics&feed=1,ok,,政治
2026-08-22,2026-08-22T19:12:05.491683+09:00,その他メディア,,Abema TIMES,"公約を守る政治家はどうすれば増える?“未達なら罰則""を掲げるひろゆき氏の狙い「やってみた結果、良くならなかったと分かることも大事」",https://times.abema.tv/articles/-/10268201?page=1,https://news.ceek.jp/search.cgi?category_id=politics&feed=1,ok,,政治
2026-08-22,2026-08-22T19:12:05.491683+09:00,全国紙,全国,産経新聞,消費税減税でも自治体の収入は「確保される」 片山さつき財務相が強調 「私どもの誠意」,https://www.sankei.com/article/20260822-BT3BK3FDKJJOPAH4L4N6SWDDUY/,https://news.ceek.jp/search.cgi?category_id=business&feed=1,ok,,経済
2026-08-22,2026-08-22T19:12:05.491683+09:00,その他メディア,,TBSテレビ,【停電情報】埼玉県・千葉県で計約960軒が停電 東京電力管内で午後6時50分現在,https://newsdig.tbs.co.jp/articles/-/2890039?display=1,https://news.ceek.jp/search.cgi?category_id=business&feed=1,ok,,経済
2026-08-22,2026-08-22T19:12:05.491683+09:00,その他メディア,,デイリースポーツ,自治体の収入「確保される」,https://www.daily.co.jp/society/economics/2026/08/22/0020735477.shtml,https://news.ceek.jp/search.cgi?category_id=business&feed=1,ok,,経済
2026-08-22,2026-08-22T19:12:05.491683+09:00,その他メディア,,フジテレビ,北九州の名物駅弁「東筑軒 かしわめし」 新天町商店街で出張販売 23日まで期間限定で 福岡市・天神,https://www.fnn.jp/articles/-/1099504,https://news.ceek.jp/search.cgi?category_id=business&feed=1,ok,,経済
2026-08-22,2026-08-22T19:12:05.491683+09:00,その他メディア,,アラブニュース,ペトロラインの拡張の可能性が、サウジアラビアの長期戦略を浮き彫りに,https://www.arabnews.jp/article/business/article_184764/,https://news.ceek.jp/search.cgi?category_id=business&feed=1,ok,,経済
2026-08-22,2026-08-22T19:12:05.491683+09:00,その他メディア,,フジテレビ,"“テレビの裏側のぞいてみませんか?""アナウンサー体験やお天気教室で子供たちも大興奮【愛媛】",https://www.fnn.jp/articles/-/1099490,https://news.ceek.jp/search.cgi?category_id=business&feed=1,ok,,経済
2026-08-22,2026-08-22T19:12:05.491683+09:00,その他メディア,,フジテレビ,技術とアイデアで勝利を目指すロボット相撲 全国大会出場を目指し東北の高校生が熱い戦い〈宮城・利府町〉,https://www.fnn.jp/articles/-/1099454,https://news.ceek.jp/search.cgi?category_id=business&feed=1,ok,,経済
2026-08-22,2026-08-22T19:12:05.491683+09:00,その他メディア,,フジテレビ,官民一体で利便性向上を...国内初の「運輸連合」10月めどに設立へ バス・タクシー業者などが参画,https://www.fnn.jp/articles/-/1099493,https://news.ceek.jp/search.cgi?category_id=business&feed=1,ok,,経済
2026-08-22,2026-08-22T19:12:05.491683+09:00,その他メディア,,テレビ朝日,物価高の味方!野菜を無駄なく...冷凍王子直伝「冷凍節約レシピ」,https://news.tv-asahi.co.jp/news_economy/articles/900197484.html,https://news.ceek.jp/search.cgi?category_id=business&feed=1,ok,,経済
2026-08-22,2026-08-22T19:12:05.491683+09:00,全国紙,全国,毎日新聞,27年度予算、国債費36兆円で調整 過去最大、想定金利3.8%,https://mainichi.jp/articles/20260822/k00/00m/020/098000c,https://news.ceek.jp/search.cgi?category_id=business&feed=1,ok,,経済
2026-08-22,2026-08-22T19:12:05.491683+09:00,その他メディア,,フジテレビ,「予算内でカレーライスを作りましょう!」子どもたちがお金の使い方を体験,https://www.fnn.jp/articles/-/1099473,https://news.ceek.jp/search.cgi?category_id=business&feed=1,ok,,経済
2026-08-22,2026-08-22T19:12:05.491683+09:00,全国紙,全国,日本経済新聞,日本貿易保険、国際機関に初の融資保険 日系企業の中南米進出後押し,https://www.nikkei.com/article/DGXZQOUA2030O0Q6A820C2000000/,https://news.ceek.jp/search.cgi?category_id=business&feed=1,ok,,経済
2026-08-22,2026-08-22T19:12:05.491683+09:00,その他メディア,,フジテレビ,「勉強しているし熱意もある」留学生の採用へ 佐賀市で合同企業説明会【佐賀県】,https://www.fnn.jp/articles/-/1099457,https://news.ceek.jp/search.cgi?category_id=business&feed=1,ok,,経済
2026-08-22,2026-08-22T19:12:05.491683+09:00,その他メディア,,東洋経済オンライン,プーチン大統領が北方領土で発信した対日メッセージ、彼の「柔道外交」の本質を日本は見極めよ | キャリア・教育,https://toyokeizai.net/articles/-/955333,https://news.ceek.jp/search.cgi?category_id=business&feed=1,ok,,経済
2026-08-22,2026-08-22T19:12:05.491683+09:00,その他メディア,,共同通信,防衛大手、ドローン開発に注力 政府の「新しい戦い」に同調,https://www.47news.jp/14827621.html,https://news.ceek.jp/search.cgi?category_id=business&feed=1,ok,,経済
2026-08-22,2026-08-22T19:12:05.491683+09:00,全国紙,全国,読売新聞,「日本の眼鏡」訪日客に人気、高品質と円安の割安感に加え...欧米では必須の「処方箋不要」が追い風に,https://www.yomiuri.co.jp/economy/20260822-GYT1T00105/,https://news.ceek.jp/search.cgi?category_id=business&feed=1,ok,,経済
2026-08-22,2026-08-22T19:12:05.491683+09:00,その他メディア,,デイリースポーツ,防衛大手、ドローン開発に注力,https://www.daily.co.jp/society/economics/2026/08/22/0020734654.shtml,https://news.ceek.jp/search.cgi?category_id=business&feed=1,ok,,経済
2026-08-22,2026-08-22T19:12:05.491683+09:00,全国紙,全国,毎日新聞,米、カナダに50%の追加関税発動へ 報復措置で貿易戦争激化も,https://mainichi.jp/articles/20260822/k00/00m/030/073000c,https://news.ceek.jp/search.cgi?category_id=business&feed=1,ok,,経済
2026-08-22,2026-08-22T19:12:05.491683+09:00,その他メディア,,Forbes JAPAN,アドバイス過多の時代、優秀な人ほど「決断できなくなる」理由,https://forbesjapan.com/articles/detail/102041,https://news.ceek.jp/search.cgi?category_id=business&feed=1,ok,,経済
2026-08-22,2026-08-22T19:12:05.491683+09:00,全国紙,全国,毎日新聞,整備士を猛暑から守れ 通気性高いポロシャツ、日航グループ採用,https://mainichi.jp/articles/20260821/k00/00m/020/091000c,https://news.ceek.jp/search.cgi?category_id=business&feed=1,ok,,経済
2026-08-22,2026-08-22T19:12:05.491683+09:00,全国紙,全国,日本経済新聞,フリュー、プリ機で芸能人やキャラと一緒に映る動画 XR技術で提供,https://www.nikkei.com/article/DGXZQOUC041I60U6A800C2000000/,https://news.ceek.jp/search.cgi?category_id=business&feed=1,ok,,経済
2026-08-22,2026-08-22T19:12:05.491683+09:00,全国紙,全国,日本経済新聞,東急、ペロブスカイト太陽電池を屋内実証 駅や車両への展開視野,https://www.nikkei.com/article/DGXZQOUC0450Z0U6A800C2000000/,https://news.ceek.jp/search.cgi?category_id=business&feed=1,ok,,経済
2026-08-22,2026-08-22T19:12:05.491683+09:00,全国紙,全国,日本経済新聞,キユーピー、酸味で食べるサラダボウルを発売 9月から期間限定で,https://www.nikkei.com/article/DGXZQOUC0668R0W6A800C2000000/,https://news.ceek.jp/search.cgi?category_id=business&feed=1,ok,,経済
2026-08-22,2026-08-22T19:12:05.491683+09:00,その他メディア,,ニューズウィーク,韓国・台湾に輸出額で追い抜かれ......日本はもうアジアのリーダーじゃない,https://www.newsweekjapan.jp/articles/-/331539,https://news.ceek.jp/search.cgi?category_id=business&feed=1,ok,,経済
2026-08-22,2026-08-22T19:12:05.491683+09:00,全国紙,全国,産経新聞,スタートアップの心強い支援者 「ダイヤの原石」をどう磨き上げるか,https://www.sankei.com/article/20260822-IGPSEULA2ZP3ZF5F3ZTWTBMOHE/,https://news.ceek.jp/search.cgi?category_id=business&feed=1,ok,,経済
2026-08-22,2026-08-22T19:12:05.491683+09:00,その他メディア,,東洋経済オンライン,"司馬遼太郎の""死との戦い""を見た人物が明かす、司馬が坂本龍馬ら「漢」たちを創造し「戦争」という舞台に放った意味 | ライフ",https://toyokeizai.net/articles/-/954601?display=b,https://news.ceek.jp/search.cgi?category_id=business&feed=1,ok,,経済
2026-08-22,2026-08-22T19:12:05.491683+09:00,その他メディア,,財経新聞,NISA人気株JT、配当利回り3.9%―増配を支える円安と海外値上げ,https://www.zaikei.co.jp/article/20260822/866940.html,https://news.ceek.jp/search.cgi?category_id=business&feed=1,ok,,経済
2026-08-22,2026-08-22T19:12:05.491683+09:00,その他メディア,,ロイター,米、カナダ製品に50%追加関税 通商交渉が決裂,https://jp.reuters.com/economy/4E3AQBC3RZPYZCISRXCZX67PXA-2026-08-22/,https://news.ceek.jp/search.cgi?category_id=business&feed=1,ok,,経済
2026-08-22,2026-08-22T19:12:05.491683+09:00,その他メディア,,日本テレビ,"「ここに来ればおいしいものが」......ご当地“アンテナショップ""で旅行気分 秋田の老舗ま...",https://news.ntv.co.jp/category/economy/08a26c7f0da94d4ca727acfe573e9b0f,https://news.ceek.jp/search.cgi?category_id=business&feed=1,ok,,経済
2026-08-22,2026-08-22T19:12:05.491683+09:00,その他メディア,,東洋経済オンライン,"「勉強しない子」「ゲームばかりの子」に親が言いがちな""3つのNG声かけ""子どもを追いつめる「ヤバい言い方」に要注意 | キャリア・教育",https://toyokeizai.net/articles/-/953846?display=b,https://news.ceek.jp/search.cgi?category_id=business&feed=1,ok,,経済
2026-08-22,2026-08-22T19:12:05.491683+09:00,その他メディア,,共同通信,【速報】米国に同等の関税を課すとカナダ首相,https://www.47news.jp/14827277.html,https://news.ceek.jp/search.cgi?category_id=business&feed=1,ok,,経済
2026-08-22,2026-08-22T19:12:05.491683+09:00,全国紙,全国,読売新聞,トランプ政権、カナダに対し50%の追加関税発動...通商代表部「カナダの新たな要求で合意が崩れた」,https://www.yomiuri.co.jp/economy/20260822-GYT1T00103/,https://news.ceek.jp/search.cgi?category_id=business&feed=1,ok,,経済
2026-08-22,2026-08-22T19:12:05.491683+09:00,その他メディア,,アラブニュース,トランプ大統領がイランの取引相手国への制裁をほのめかす、原油価格が上昇,https://www.arabnews.jp/article/business/article_184743/,https://news.ceek.jp/search.cgi?category_id=business&feed=1,ok,,経済
2026-08-22,2026-08-22T19:12:05.491683+09:00,その他メディア,,共同通信,【速報】米、対カナダ50%追加関税を発動,https://www.47news.jp/14827232.html,https://news.ceek.jp/search.cgi?category_id=business&feed=1,ok,,経済
2026-08-22,2026-08-22T19:12:05.491683+09:00,全国紙,全国,日本経済新聞,国民民主党代表選が告示 玉木氏「法人税改革で投資増」橋本氏挑む,https://www.nikkei.com/article/DGXZQOUA2197J0R20C26A8000000/,https://news.ceek.jp/search.cgi?category_id=business&feed=1,ok,,経済
2026-08-22,2026-08-22T19:12:05.491683+09:00,全国紙,全国,産経新聞,どうする?老親が「スマホリタイア」 代替のテレビ電話で「遠距離同居」も,https://www.sankei.com/article/20260822-23TTG5VZSNNFFIA5UMJHT6DH24/,https://news.ceek.jp/search.cgi?category_id=business&feed=1,ok,,経済
2026-08-22,2026-08-22T19:12:05.491683+09:00,その他メディア,,東洋経済オンライン,「ローカット登山靴」は中高年の登山者には絶対NG!「低山遭難」しないために最低限これだけは準備すべきモノとは? | ライフ,https://toyokeizai.net/articles/-/954881?display=b,https://news.ceek.jp/search.cgi?category_id=business&feed=1,ok,,経済
2026-08-22,2026-08-22T19:12:05.491683+09:00,その他メディア,,テレビ朝日,夏の江ノ電沿線めぐり 歴史、グルメ、絶景など魅力満載【グッド!いちおし】,https://news.tv-asahi.co.jp/news_economy/articles/000527996.html,https://news.ceek.jp/search.cgi?category_id=business&feed=1,ok,,経済
2026-08-22,2026-08-22T19:12:05.491683+09:00,その他メディア,,財経新聞,金利上昇で地銀株はまだ上がるのか 横浜FG・千葉銀行・ふくおかFGを比較,https://www.zaikei.co.jp/article/20260822/866938.html,https://news.ceek.jp/search.cgi?category_id=business&feed=1,ok,,経済
2026-08-22,2026-08-22T19:12:05.491683+09:00,その他メディア,,テレビ朝日,ジャージー牛のエサやり体験 家族連れでにぎわう 山梨・清里高原,https://news.tv-asahi.co.jp/news_economy/articles/000528021.html,https://news.ceek.jp/search.cgi?category_id=business&feed=1,ok,,経済
2026-08-22,2026-08-22T19:12:05.491683+09:00,その他メディア,,東洋経済オンライン,フェラーリが「初めて乗る人を歓迎したい」という4000万円級オープンカー「アマルフィ スパイダー」の素質 | ビジネス,https://toyokeizai.net/articles/-/954949?display=b,https://news.ceek.jp/search.cgi?category_id=business&feed=1,ok,,経済
2026-08-22,2026-08-22T19:12:05.491683+09:00,その他メディア,,東洋経済オンライン,"還暦を迎えた""俳優・本木雅弘""が明かす「欲望は底知れない」の真意...15歳からの芸能活動で掴んだ「かっこいい男の条件」 | ライフ",https://toyokeizai.net/articles/-/955404?display=b,https://news.ceek.jp/search.cgi?category_id=business&feed=1,ok,,経済
2026-08-22,2026-08-22T19:12:05.491683+09:00,その他メディア,,EconomicNews,暑い夏は「重ねない」肌で快適に 1品多役の時短・多機能アイテムを比較,http://economic.jp/?p=116450,https://news.ceek.jp/search.cgi?category_id=business&feed=1,ok,,経済
2026-08-22,2026-08-22T19:12:05.491683+09:00,その他メディア,,デイリースポーツ,小型船2隻が衝突、3人けが,https://www.daily.co.jp/society/national/2026/08/22/0020735571.shtml,https://news.ceek.jp/search.cgi?category_id=national&feed=1,ok,,社会
2026-08-22,2026-08-22T19:12:05.491683+09:00,その他メディア,,フジテレビ,北アルプス南岳で60歳女性が滑落 「足が滑って滑落。歩けない」 3人で槍ヶ岳から縦走中 同行者が付添ってビバーク 警察があす朝救助へ,https://www.fnn.jp/articles/-/1099520,https://news.ceek.jp/search.cgi?category_id=national&feed=1,ok,,社会
2026-08-22,2026-08-22T19:12:05.491683+09:00,全国紙,全国,朝日新聞,【社説】空襲被害救済、81年の辛苦に応える時 立法で反省示す意義,https://www.asahi.com/articles/ASV8P2P7ZV8PUSPT009M.html,https://news.ceek.jp/search.cgi?category_id=national&feed=1,ok,,社会
2026-08-22,2026-08-22T19:12:05.491683+09:00,その他メディア,,TBSテレビ,"“パワハラNG""警察学校で教官苦悩 かつての「怒号」から一転、交換日誌も 卒業式では教官の目にも涙...最後に学生に伝えた言葉とは【ニュースキャスター】",https://newsdig.tbs.co.jp/articles/-/2886289?display=1,https://news.ceek.jp/search.cgi?category_id=national&feed=1,ok,,社会
2026-08-22,2026-08-22T19:12:05.491683+09:00,その他メディア,,デイリースポーツ,強制労働を調査し50年、北海道,https://www.daily.co.jp/society/national/2026/08/22/0020735509.shtml,https://news.ceek.jp/search.cgi?category_id=national&feed=1,ok,,社会
2026-08-22,2026-08-22T19:12:05.491683+09:00,その他メディア,,フジテレビ,【台風情報】「トリプル台風」が発生中 台風18号・台風19号・台風20号の進路予想は 台風20号は22日午後3時現在、宮古島の北北西約120キロに 台風18号は26日午後3時には沖縄の南に達する予報,https://www.fnn.jp/articles/-/1099516,https://news.ceek.jp/search.cgi?category_id=national&feed=1,ok,,社会
2026-08-22,2026-08-22T19:12:05.491683+09:00,その他メディア,,TBSテレビ,東急世田谷線 雷の影響で一時全線で運転見合わせ 午後6時40分ごろに再開,https://newsdig.tbs.co.jp/articles/-/2890030?display=1,https://news.ceek.jp/search.cgi?category_id=national&feed=1,ok,,社会
2026-08-22,2026-08-22T19:12:05.491683+09:00,その他メディア,,フジテレビ,くまモンが東京・銀座に登場 熊本への支援に感謝 被災地の子どもたちは水遊びで笑顔,https://www.fnn.jp/articles/-/1099476,https://news.ceek.jp/search.cgi?category_id=national&feed=1,ok,,社会
2026-08-22,2026-08-22T19:12:05.491683+09:00,その他メディア,,テレビ朝日,酷暑日に迫る暑さも...祭りでは熱中症対策も,https://news.tv-asahi.co.jp/news_society/articles/000528077.html,https://news.ceek.jp/search.cgi?category_id=national&feed=1,ok,,社会
2026-08-22,2026-08-22T19:12:05.491683+09:00,その他メディア,,デイリースポーツ,坪内逍遥大賞、三谷幸喜さんに,https://www.daily.co.jp/society/national/2026/08/22/0020735469.shtml,https://news.ceek.jp/search.cgi?category_id=national&feed=1,ok,,社会
2026-08-22,2026-08-22T19:12:05.491683+09:00,その他メディア,,フジテレビ,【台風情報】「トリプル台風」が発生中 今後の進路予想と影響は 沖縄は雨風が強まり荒れた天気になる恐れ,https://www.fnn.jp/articles/-/1099501,https://news.ceek.jp/search.cgi?category_id=national&feed=1,ok,,社会
2026-08-22,2026-08-22T19:12:05.491683+09:00,その他メディア,,フジテレビ,"新潟県が新たに開発したコメの極早生品種“なつひめ""販売始まる さっそく手に取る消費者も「どんなものか期待感」「新米の甘みを楽しみたい」",https://www.fnn.jp/articles/-/1099502,https://news.ceek.jp/search.cgi?category_id=national&feed=1,ok,,社会
2026-08-22,2026-08-22T19:12:05.491683+09:00,その他メディア,,日本テレビ,【熊本地震】被災地で厳しい暑さ 八代市でごみ処理ひっ迫...新たな課題に,https://news.ntv.co.jp/category/society/c84fdc2df099461293a15a293ba04fbb,https://news.ceek.jp/search.cgi?category_id=national&feed=1,ok,,社会
2026-08-22,2026-08-22T19:12:05.491683+09:00,その他メディア,,テレビ朝日,東京・埼玉に「レベル4 大雨危険警報」 関東にゲリラ雷雨が発生,https://news.tv-asahi.co.jp/news_society/articles/000528080.html,https://news.ceek.jp/search.cgi?category_id=national&feed=1,ok,,社会
2026-08-22,2026-08-22T19:12:05.491683+09:00,その他メディア,,フジテレビ,東京・善福寺川にレベル4氾濫危険警報 板橋区で1時間120ミリ超の雨、東京23区などで大雨危険警報も,https://www.fnn.jp/articles/-/1099452,https://news.ceek.jp/search.cgi?category_id=national&feed=1,ok,,社会
2026-08-22,2026-08-22T19:12:05.491683+09:00,その他メディア,,テレビ朝日,クマに襲われ外国人男性けが 右腕かまれ...青森・十和田市,https://news.tv-asahi.co.jp/news_society/articles/000528090.html,https://news.ceek.jp/search.cgi?category_id=national&feed=1,ok,,社会
2026-08-22,2026-08-22T19:12:05.491683+09:00,その他メディア,,テレビ朝日,劇物混入マフィン「お土産」と言って渡す 殺人未遂容疑で逮捕の女,https://news.tv-asahi.co.jp/news_society/articles/000528093.html,https://news.ceek.jp/search.cgi?category_id=national&feed=1,ok,,社会
2026-08-22,2026-08-22T19:12:05.491683+09:00,その他メディア,,Abema TIMES,レベル4氾濫危険警報 東京・神田川,https://times.abema.tv/articles/-/10268574?page=1,https://news.ceek.jp/search.cgi?category_id=national&feed=1,ok,,社会
2026-08-22,2026-08-22T19:12:05.491683+09:00,その他メディア,,Abema TIMES,レベル4氾濫危険警報 東京・神田川,https://times.abema.tv/articles/-/10268573?page=1,https://news.ceek.jp/search.cgi?category_id=national&feed=1,ok,,社会
2026-08-22,2026-08-22T19:12:05.491683+09:00,その他メディア,,テレビ朝日,東京23区でレベル4大雨危険警報 都内の現在の様子は...,https://news.tv-asahi.co.jp/news_society/articles/000528112.html,https://news.ceek.jp/search.cgi?category_id=national&feed=1,ok,,社会
2026-08-22,2026-08-22T19:12:05.491683+09:00,その他メディア,,TBSテレビ,練馬区・白子川で「レベル5氾濫発生情報」 すでに氾濫の可能性も 東京や埼玉では1時間に100ミリを超える猛烈な雨,https://newsdig.tbs.co.jp/articles/-/2889960?display=1,https://news.ceek.jp/search.cgi?category_id=national&feed=1,ok,,社会
2026-08-22,2026-08-22T19:12:05.491683+09:00,その他メディア,,テレビ朝日,関東にゲリラ雷雨が発生 千葉市の現在の様子は,https://news.tv-asahi.co.jp/news_society/articles/000528111.html,https://news.ceek.jp/search.cgi?category_id=national&feed=1,ok,,社会
2026-08-22,2026-08-22T19:12:05.491683+09:00,その他メディア,,フジテレビ,"【サギ速報】きっかけは...ニセ警察官からの電話「詐欺グループに加担している」40代男性が約140万円被害→『行方不明』に“親族と連絡遮断""指示されたか「夫が帰って来ない」妻が通報〈北海道旭川市〉",https://www.fnn.jp/articles/-/1099444,https://news.ceek.jp/search.cgi?category_id=national&feed=1,ok,,社会
2026-08-22,2026-08-22T19:12:05.491683+09:00,その他メディア,,テレビ朝日,"「怪しい人は気配でわかる」浅草サンバカーニバルでも問題視される“不適切動画""...ダンサー・SATOMARI氏が明かす実情と対策",https://news.tv-asahi.co.jp/news_society/articles/900197713.html,https://news.ceek.jp/search.cgi?category_id=national&feed=1,ok,,社会
2026-08-22,2026-08-22T19:12:05.491683+09:00,その他メディア,,フジテレビ,【熊本県の天気】23日午後は にわか雨に注意 25日は熊本市で最高気温39度の予想も,https://www.fnn.jp/articles/-/1099494,https://news.ceek.jp/search.cgi?category_id=national&feed=1,ok,,社会
2026-08-22,2026-08-22T19:12:05.491683+09:00,その他メディア,,Abema TIMES,"「怪しい人は気配でわかる」浅草サンバカーニバルでも問題視される“不適切動画""...ダンサー・SATOMARI氏が明かす実情と対策",https://times.abema.tv/articles/-/10268554?page=1,https://news.ceek.jp/search.cgi?category_id=national&feed=1,ok,,社会
2026-08-22,2026-08-22T19:12:05.491683+09:00,その他メディア,,フジテレビ,「もし災害が起きたら?」 小学生が「気候変動」について考えるワークショップ 気象予報士・片平敦さんと浅田麻実さんが解説 災害時に役立つ「防災ボトル」づくりにも挑戦,https://www.fnn.jp/articles/-/1099447,https://news.ceek.jp/search.cgi?category_id=national&feed=1,ok,,社会
2026-08-22,2026-08-22T19:12:05.491683+09:00,その他メディア,,フジテレビ,【速報】東京・神田川にレベル4氾濫危険警報,https://www.fnn.jp/articles/-/1099443,https://news.ceek.jp/search.cgi?category_id=national&feed=1,ok,,社会
2026-08-22,2026-08-22T19:12:05.491683+09:00,その他メディア,,日本テレビ,"バス運転の教諭“トラックがすごいスピードで..."" 高校が会見、当時の様子明らかに 佐賀・長崎道で車6台絡む事故、生徒ら11人搬送",https://news.ntv.co.jp/category/society/0944c8a61b774b05998fdc886c3ad52e,https://news.ceek.jp/search.cgi?category_id=national&feed=1,ok,,社会
2026-08-22,2026-08-22T19:12:05.491683+09:00,その他メディア,,テレビ朝日,【速報】東京・中央区、台東区、荒川区 埼玉・和光市に「レベル4 大雨危険警報」,https://news.tv-asahi.co.jp/news_society/articles/000528104.html,https://news.ceek.jp/search.cgi?category_id=national&feed=1,ok,,社会
2026-08-22,2026-08-22T19:12:05.491683+09:00,その他メディア,,Abema TIMES,レベル4大雨危険警報 東京・中央区 台東区 荒川区 埼玉・和光市,https://times.abema.tv/articles/-/10268572?page=1,https://news.ceek.jp/search.cgi?category_id=national&feed=1,ok,,社会
2026-08-22,2026-08-22T19:12:05.491683+09:00,その他メディア,,テレビ朝日,都内の現在の様子は...東京都に「レベル4 大雨危険警報」,https://news.tv-asahi.co.jp/news_society/articles/000528100.html,https://news.ceek.jp/search.cgi?category_id=national&feed=1,ok,,社会
2026-08-22,2026-08-22T19:12:05.491683+09:00,その他メディア,,フジテレビ,東京・板橋区で「記録的短時間大雨」1時間120ミリ超 東京23区の一部でレベル4大雨危険警報も,https://www.fnn.jp/articles/-/1099442,https://news.ceek.jp/search.cgi?category_id=national&feed=1,ok,,社会
2026-08-22,2026-08-22T19:12:05.491683+09:00,その他メディア,,サンケイスポーツ,千葉市、放置車両撤去完了 豪雨被災、一時2500台,https://www.sanspo.com/article/20260822-2PEAYIF2HJNG5MLSGFXA7BSTSQ/,https://news.ceek.jp/search.cgi?category_id=national&feed=1,ok,,社会
2026-08-22,2026-08-22T19:12:05.491683+09:00,全国紙,全国,日本経済新聞,東武特急4人死亡事故、警笛2回のうち1回未確認 接近の伝達不備か,https://www.nikkei.com/article/DGXZQOUD2218R0S6A820C2000000/,https://news.ceek.jp/search.cgi?category_id=national&feed=1,ok,,社会
2026-08-22,2026-08-22T19:12:05.491683+09:00,その他メディア,,Abema TIMES,レベル4氾濫危険警報 東京・善福寺川,https://times.abema.tv/articles/-/10268571?page=1,https://news.ceek.jp/search.cgi?category_id=national&feed=1,ok,,社会
2026-08-22,2026-08-22T19:12:05.491683+09:00,その他メディア,,フジテレビ,「ベアー、ベアー」十和田湖で外国人観光客がクマに襲われる 右腕かまれ負傷 青森・十和田市,https://www.fnn.jp/articles/-/1099439,https://news.ceek.jp/search.cgi?category_id=national&feed=1,ok,,社会
2026-08-22,2026-08-22T19:12:05.491683+09:00,その他メディア,,フジテレビ,北海道で最大震度2の地震 北海道・斜里町、羅臼町,https://www.fnn.jp/articles/-/1099441,https://news.ceek.jp/search.cgi?category_id=national&feed=1,ok,,社会
2026-08-22,2026-08-22T19:12:05.491683+09:00,その他メディア,,TBSテレビ,【速報】東京・埼玉で「レベル4大雨危険警報」 練馬区・白子川で危険水位に到達 板橋区で1時間120ミリの猛烈雨 今夜始めにかけて浸水や氾濫に警戒を,https://newsdig.tbs.co.jp/articles/-/2889932?display=1,https://news.ceek.jp/search.cgi?category_id=national&feed=1,ok,,社会
2026-08-22,2026-08-22T19:12:05.491683+09:00,その他メディア,,デイリースポーツ,熊本地震、重症者31人に,https://www.daily.co.jp/society/national/2026/08/22/0020735208.shtml,https://news.ceek.jp/search.cgi?category_id=national&feed=1,ok,,社会
2026-08-22,2026-08-22T19:12:05.491683+09:00,その他メディア,,テレビ朝日,【速報】東京の善福寺川に「レベル4 氾濫危険警報」 今後氾濫するおそれ,https://news.tv-asahi.co.jp/news_society/articles/000528105.html,https://news.ceek.jp/search.cgi?category_id=national&feed=1,ok,,社会
2026-08-22,2026-08-22T19:12:05.491683+09:00,その他メディア,,フジテレビ,軽自動車と自転車の中学生が衝突 14歳男子中学生が重いけが カーブミラーのある四差路交差点,https://www.fnn.jp/articles/-/1099438,https://news.ceek.jp/search.cgi?category_id=national&feed=1,ok,,社会
2026-08-22,2026-08-22T19:12:05.491683+09:00,その他メディア,,Abema TIMES,レベル4大雨危険警報 東京・新宿、豊島、北、板橋、文京、練馬,https://times.abema.tv/articles/-/10268567?page=1,https://news.ceek.jp/search.cgi?category_id=national&feed=1,ok,,社会
2026-08-22,2026-08-22T19:12:05.491683+09:00,その他メディア,,サンケイスポーツ,クマに腕かまれ外国人けが 青森・十和田湖で観光中,https://www.sanspo.com/article/20260822-D7NLFO4S6ZOHBIKWYYQXPRT7T4/,https://news.ceek.jp/search.cgi?category_id=national&feed=1,ok,,社会
2026-08-22,2026-08-22T19:12:05.491683+09:00,その他メディア,,フジテレビ,東京都豊島区に「記録的短時間大雨」に関する情報発表(17:27時点),https://www.fnn.jp/articles/-/1099437,https://news.ceek.jp/search.cgi?category_id=national&feed=1,ok,,社会
2026-08-22,2026-08-22T19:12:05.491683+09:00,その他メディア,,サンケイスポーツ,佐々木勇気八段が準決勝へ JT杯/将棋,https://www.sanspo.com/article/20260822-FLFBHTMWABOM5KAIS6CMWJDVPA/,https://news.ceek.jp/search.cgi?category_id=national&feed=1,ok,,社会
2026-08-22,2026-08-22T19:12:05.491683+09:00,その他メディア,,テレビ朝日,【速報】東京・北区付近や板橋区付近、埼玉・戸田市で記録的短時間大雨,https://news.tv-asahi.co.jp/news_society/articles/000528087.html,https://news.ceek.jp/search.cgi?category_id=national&feed=1,ok,,社会
2026-08-22,2026-08-22T19:12:05.491683+09:00,その他メディア,,フジテレビ,経済活動を再開へ...熊本経済同友会が県に要望書を提出 風評被害に苦しむ観光関係者も【令和8年熊本地震】,https://www.fnn.jp/articles/-/1099484,https://news.ceek.jp/search.cgi?category_id=national&feed=1,ok,,社会
2026-08-22,2026-08-22T19:12:05.491683+09:00,その他メディア,,テレ東BIZ,橋本氏と玉木代表が一騎打ち 国民民主党の代表選が告示 党運営のあり方など巡り論戦スタート,https://txbiz.tv-tokyo.co.jp/txn/news_txn/post_347237,https://news.ceek.jp/search.cgi?category_id=national&feed=1,ok,,社会
2026-08-22,2026-08-22T19:12:05.491683+09:00,その他メディア,,テレ東BIZ,木原官房長官が石垣崩落の熊本城を視察「再復興へ力強く歩み進める」,https://txbiz.tv-tokyo.co.jp/txn/news_txn/post_347238,https://news.ceek.jp/search.cgi?category_id=national&feed=1,ok,,社会
2026-08-22,2026-08-22T19:12:05.491683+09:00,その他メディア,,テレ東BIZ,TikTokが636億円支払いで米司法省と和解 子どもの利用制限策講じず最大級の和解額,https://txbiz.tv-tokyo.co.jp/txn/news_txn/post_347239,https://news.ceek.jp/search.cgi?category_id=national&feed=1,ok,,社会
2026-08-22,2026-08-22T19:12:05.491683+09:00,その他メディア,,テレ東BIZ,アジア大会の聖火リレーが愛知でスタート 第1走者はレスリング女子で五輪3連覇の吉田沙保里さん,https://txbiz.tv-tokyo.co.jp/txn/news_txn/post_347240,https://news.ceek.jp/search.cgi?category_id=national&feed=1,ok,,社会
2026-08-22,2026-08-22T19:12:05.491683+09:00,その他メディア,,日刊スポーツ,小池百合子知事、ICC赤根所長制裁めぐり国に適切...,https://www.nikkansports.com/general/nikkan/news/202608220001056.html,https://news.ceek.jp/search.cgi?category_id=national&feed=1,ok,,社会
2026-08-22,2026-08-22T19:12:05.491683+09:00,その他メディア,,フジテレビ,熊本県行政書士会 『罹災証明書』の申請を無料で支援【令和8年熊本地震】,https://www.fnn.jp/articles/-/1099486,https://news.ceek.jp/search.cgi?category_id=national&feed=1,ok,,社会
2026-08-22,2026-08-22T19:12:05.491683+09:00,その他メディア,,フジテレビ,東京都板橋区に「記録的短時間大雨」に関する情報発表(17:17時点),https://www.fnn.jp/articles/-/1099435,https://news.ceek.jp/search.cgi?category_id=national&feed=1,ok,,社会
2026-08-22,2026-08-22T19:12:05.491683+09:00,その他メディア,,フジテレビ,【速報】東京都の新宿区、文京区、豊島区、北区、板橋区、練馬区にレベル4大雨危険警報 適切な避難行動を,https://www.fnn.jp/articles/-/1099431,https://news.ceek.jp/search.cgi?category_id=national&feed=1,ok,,社会
2026-08-22,2026-08-22T19:12:05.491683+09:00,その他メディア,,東京スポーツ新聞,石原良純 女子慶大生〝クレカ窃盗〟事件に悲嘆「想像力がない」「僕らは『網走番外地』を見て...」,https://www.tokyo-sports.co.jp/articles/-/400390,https://news.ceek.jp/search.cgi?category_id=national&feed=1,ok,,社会
2026-08-22,2026-08-22T19:12:05.491683+09:00,その他メディア,,テレビ朝日,【速報】東京・新宿区、豊島区、北区、板橋区、文京区に「レベル4大雨危険警報」,https://news.tv-asahi.co.jp/news_society/articles/000528088.html,https://news.ceek.jp/search.cgi?category_id=national&feed=1,ok,,社会
2026-08-22,2026-08-22T19:12:05.491683+09:00,その他メディア,,フジテレビ,「避難所での健康管理さらに徹底する必要がある」上野厚労大臣が熊本労災病院など視察【令和8年熊本地震】,https://www.fnn.jp/articles/-/1099485,https://news.ceek.jp/search.cgi?category_id=national&feed=1,ok,,社会
2026-08-22,2026-08-22T19:12:05.491683+09:00,その他メディア,,フジテレビ,埼玉県戸田市に「記録的短時間大雨」に関する情報発表(17:09時点),https://www.fnn.jp/articles/-/1099432,https://news.ceek.jp/search.cgi?category_id=national&feed=1,ok,,社会
2026-08-22,2026-08-22T19:12:05.491683+09:00,その他メディア,,フジテレビ,東京都北区、板橋区に「記録的短時間大雨」に関する情報発表(17:09時点),https://www.fnn.jp/articles/-/1099433,https://news.ceek.jp/search.cgi?category_id=national&feed=1,ok,,社会
2026-08-22,2026-08-22T19:12:05.491683+09:00,その他メディア,,フジテレビ,「生活となりわいの再建支援に全力を尽くしたい」木原官房長官が熊本城など視察【令和8年熊本地震】,https://www.fnn.jp/articles/-/1099483,https://news.ceek.jp/search.cgi?category_id=national&feed=1,ok,,社会
2026-08-22,2026-08-22T19:12:05.491683+09:00,全国紙,全国,朝日新聞,いつも笑顔で晩酌好き、頼りの「京子マン」 熊本地震で断たれた日常,https://www.asahi.com/articles/ASV8N24N7V8NTIPE030M.html,https://news.ceek.jp/search.cgi?category_id=national&feed=1,ok,,社会
2026-08-22,2026-08-22T19:12:05.491683+09:00,その他メディア,,J-CAST,「そこ、私の指定席なんですが」新幹線でまさかの座席占拠 車掌に訴えるも...なぜか自分が移動することに,https://www.j-cast.com/2026/08/22517224.html?p=all,https://news.ceek.jp/search.cgi?category_id=national&feed=1,ok,,社会
2026-08-22,2026-08-22T19:12:05.491683+09:00,その他メディア,,日刊ゲンダイ,政府が口出しすると死屍累々 官民投資370兆円も「絵に描いた餅」だろう,https://www.nikkan-gendai.com/articles/view/news/392010,https://news.ceek.jp/search.cgi?category_id=national&feed=1,ok,,社会
2026-08-22,2026-08-22T19:12:05.491683+09:00,その他メディア,,日刊ゲンダイ,どうやらショボそうな高市内閣改造 話題は維新から誰が入閣? 党内の抗争が見ものだ,https://www.nikkan-gendai.com/articles/view/news/392017,https://news.ceek.jp/search.cgi?category_id=national&feed=1,ok,,社会
2026-08-22,2026-08-22T19:12:05.491683+09:00,その他メディア,,デイリースポーツ,2次避難、希望件数の31%,https://www.daily.co.jp/society/main/2026/08/22/0020735004.shtml,https://news.ceek.jp/search.cgi?category_id=national&feed=1,ok,,社会
2026-08-22,2026-08-22T19:12:05.491683+09:00,その他メディア,,TBSテレビ,JR東日本 大雨の影響で久留里線一部区間の上下線で運転見合わせ,https://newsdig.tbs.co.jp/articles/-/2889868?display=1,https://news.ceek.jp/search.cgi?category_id=national&feed=1,ok,,社会
2026-08-22,2026-08-22T19:12:05.491683+09:00,その他メディア,,TBSテレビ,競走馬の調教中に柵に衝突し落馬 調教助手の男性(61)が右腕骨折など重傷 馬はレース未経験で2歳の牝馬,https://newsdig.tbs.co.jp/articles/-/2889862?display=1,https://news.ceek.jp/search.cgi?category_id=national&feed=1,ok,,社会
2026-08-22,2026-08-22T19:12:05.491683+09:00,全国紙,全国,読売新聞,千葉豪雨時の防災情報、佐倉市がXで発信できず...職員の手回らず市長謝罪,https://www.yomiuri.co.jp/national/20260820-GYT1T00354/,https://news.ceek.jp/search.cgi?category_id=national&feed=1,ok,,社会
2026-08-22,2026-08-22T19:12:05.491683+09:00,その他メディア,,女性自身,"【熊本地震その後】八代市の避難所で「SNS投稿禁止」の “お達し""が議論呼ぶ...市役所の見解を聞いた",https://jisin.jp/domestic/2596760/,https://news.ceek.jp/search.cgi?category_id=national&feed=1,ok,,社会
2026-08-22,2026-08-22T19:12:05.491683+09:00,全国紙,全国,毎日新聞,福島県誕生150年 「はま・なか・あいづ」合併の経緯、今も謎,https://mainichi.jp/articles/20260821/k00/00m/040/337000c,https://news.ceek.jp/search.cgi?category_id=national&feed=1,ok,,社会
2026-08-22,2026-08-22T19:12:05.491683+09:00,全国紙,全国,読売新聞,山で漆を採取する職人で「クマに遭遇した人」約9割、特有の作業環境で気づきにくく,https://www.yomiuri.co.jp/national/20260821-GYT1T00403/,https://news.ceek.jp/search.cgi?category_id=national&feed=1,ok,,社会
2026-08-22,2026-08-22T19:12:05.491683+09:00,その他メディア,,女性自身,"高市首相、Xで唐突の「長文投稿」指摘される “記者会見不足""...ひろゆき氏も “インフルエンサー首相"" ぶりに苦言",https://jisin.jp/domestic/2596757/,https://news.ceek.jp/search.cgi?category_id=national&feed=1,ok,,社会
2026-08-22,2026-08-22T19:12:05.491683+09:00,その他メディア,,デイリースポーツ,クマに腕かまれ外国人けが,https://www.daily.co.jp/society/national/2026/08/22/0020734881.shtml,https://news.ceek.jp/search.cgi?category_id=national&feed=1,ok,,社会
2026-08-22,2026-08-22T19:12:05.491683+09:00,その他メディア,,共同通信,高野山で子ども駅長体験 巻き上げ機見学や車内放送,https://www.47news.jp/14827677.html,https://news.ceek.jp/search.cgi?category_id=national&feed=1,ok,,社会
2026-08-22,2026-08-22T19:12:05.491683+09:00,その他メディア,,共同通信,クマに腕かまれ外国人けが 青森・十和田湖で観光中,https://www.47news.jp/14827802.html,https://news.ceek.jp/search.cgi?category_id=national&feed=1,ok,,社会
2026-08-22,2026-08-22T19:12:05.491683+09:00,その他メディア,,デイリースポーツ,鳥取知事「対策十分か検証する」,https://www.daily.co.jp/society/national/2026/08/22/0020734858.shtml,https://news.ceek.jp/search.cgi?category_id=national&feed=1,ok,,社会
2026-08-22,2026-08-22T19:12:05.491683+09:00,その他メディア,,フジテレビ,「エアコンの吹き出し口から黒煙が...」仙台市内の中古車販売店で車両火災 車1台が全焼 けが人なし,https://www.fnn.jp/articles/-/1099374,https://news.ceek.jp/search.cgi?category_id=national&feed=1,ok,,社会
2026-08-22,2026-08-22T19:12:05.491683+09:00,その他メディア,,共同通信,鳥取知事「対策十分か検証する」 プルサーマル巡り島根原発視察,https://www.47news.jp/14827747.html,https://news.ceek.jp/search.cgi?category_id=national&feed=1,ok,,社会
2026-08-22,2026-08-22T19:12:05.491683+09:00,その他メディア,,東京スポーツ新聞,橋下徹氏 秋田県バスローブ職員停職6か月2階級降格は「重すぎる」「僕だったら停職1か月」,https://www.tokyo-sports.co.jp/articles/-/400386,https://news.ceek.jp/search.cgi?category_id=national&feed=1,ok,,社会
2026-08-22,2026-08-22T19:12:05.491683+09:00,その他メディア,,フジテレビ,「アルミ缶」に保管していた現金1150万円が消える 封筒23個に入れてリビングに置く 住宅に侵入形跡なし 警察が空き巣事件として捜査 滋賀・彦根市,https://www.fnn.jp/articles/-/1099373,https://news.ceek.jp/search.cgi?category_id=national&feed=1,ok,,社会
2026-08-22,2026-08-22T19:12:05.491683+09:00,その他メディア,,Abema TIMES,"「海の新常識」 デジタル“お守り""",https://times.abema.tv/articles/-/10268555?page=1,https://news.ceek.jp/search.cgi?category_id=national&feed=1,ok,,社会
2026-08-22,2026-08-22T19:12:05.491683+09:00,その他メディア,,日刊スポーツ,【国民民主代表選】玉木代表が反論「私の露出を下げても党はよくならない」30歳挑戦者の苦言に,https://www.nikkansports.com/general/nikkan/news/202608220000821.html,https://news.ceek.jp/search.cgi?category_id=national&feed=1,ok,,社会
2026-08-22,2026-08-22T19:12:05.491683+09:00,その他メディア,,共同通信,【速報】青森で外国人観光客がクマに襲われ搬送,https://www.47news.jp/14827714.html,https://news.ceek.jp/search.cgi?category_id=national&feed=1,ok,,社会
2026-08-22,2026-08-22T19:12:05.491683+09:00,全国紙,全国,毎日新聞,千葉市、放置車両の撤去完了 千葉市以外では計123台の車両確認,https://mainichi.jp/articles/20260822/k00/00m/040/086000c,https://news.ceek.jp/search.cgi?category_id=national&feed=1,ok,,社会
2026-08-22,2026-08-22T19:12:05.491683+09:00,その他メディア,,デイリースポーツ,高野山で子ども駅長体験,https://www.daily.co.jp/society/human_interest/2026/08/22/0020734807.shtml,https://news.ceek.jp/search.cgi?category_id=national&feed=1,ok,,社会
2026-08-22,2026-08-22T19:12:05.491683+09:00,全国紙,全国,読売新聞,町内会の口座から現金179万円を横領した疑い、53歳の会計担当逮捕...「何に使ったか覚えていない」,https://www.yomiuri.co.jp/national/20260821-GYT1T00387/,https://news.ceek.jp/search.cgi?category_id=national&feed=1,ok,,社会
2026-08-22,2026-08-22T19:12:05.491683+09:00,その他メディア,,テレビ朝日,ツーリング中に転倒 22歳男子大学生が死亡,https://news.tv-asahi.co.jp/news_society/articles/000528072.html,https://news.ceek.jp/search.cgi?category_id=national&feed=1,ok,,社会
2026-08-22,2026-08-22T19:12:05.491683+09:00,その他メディア,,サンケイスポーツ,高市早苗首相、ゴキブリへの思いつづる Xで批判集まる「演出」「国民の生活は」,https://www.sanspo.com/article/20260822-L46UNWEAOVH23AFRTRROQK7JLQ/,https://news.ceek.jp/search.cgi?category_id=national&feed=1,ok,,社会
2026-08-22,2026-08-22T19:12:05.491683+09:00,その他メディア,,共同通信,警笛2回のうち1回未確認 東武事故、複数社作業で不備か,https://www.47news.jp/14827670.html,https://news.ceek.jp/search.cgi?category_id=national&feed=1,ok,,社会
2026-08-22,2026-08-22T19:12:05.491683+09:00,その他メディア,,デイリースポーツ,警笛2回のうち1回未確認,https://www.daily.co.jp/society/main/2026/08/22/0020734788.shtml,https://news.ceek.jp/search.cgi?category_id=national&feed=1,ok,,社会
2026-08-22,2026-08-22T19:12:05.491683+09:00,全国紙,全国,読売新聞,インドネシア東部地震から1週間、死者87人...15万人以上が避難生活,https://www.yomiuri.co.jp/world/20260822-GYT1T00197/,https://news.ceek.jp/search.cgi?category_id=world&feed=1,ok,,国際
2026-08-22,2026-08-22T19:12:05.491683+09:00,全国紙,全国,読売新聞,星条旗新聞の幹部ら3人、国防総省が解雇手続き...全米記者クラブ「報道を指図しようとする厚かましい試み」,https://www.yomiuri.co.jp/world/20260822-GYT1T00176/,https://news.ceek.jp/search.cgi?category_id=world&feed=1,ok,,国際
2026-08-22,2026-08-22T19:12:05.491683+09:00,全国紙,全国,朝日新聞,【社説】欧州から「男子限定」姿消す 日本も皇位継承問い直す契機に,https://www.asahi.com/articles/ASV8N7J1HV8NUSPT004M.html,https://news.ceek.jp/search.cgi?category_id=world&feed=1,ok,,国際
2026-08-22,2026-08-22T19:12:05.491683+09:00,その他メディア,,アラブニュース,北朝鮮、日本の防衛予算が過去最高額となることに「混乱」の恐れと指摘,https://www.arabnews.jp/article/japan/article_184768/,https://news.ceek.jp/search.cgi?category_id=world&feed=1,ok,,国際
2026-08-22,2026-08-22T19:12:05.491683+09:00,その他メディア,,アラブニュース,ICCの赤根所長を対象とした米国の制裁に対し、高市首相が控えめな対応を示したことへの批判が相次ぐ,https://www.arabnews.jp/article/japan/article_184766/,https://news.ceek.jp/search.cgi?category_id=world&feed=1,ok,,国際
2026-08-22,2026-08-22T19:12:05.491683+09:00,その他メディア,,Pars Today,イスラエル、禁止爆弾でレバノン南部を攻撃,https://parstoday.ir/ja/news/west_asia-i134206,https://news.ceek.jp/search.cgi?category_id=world&feed=1,ok,,国際
2026-08-22,2026-08-22T19:12:05.491683+09:00,その他メディア,,日本テレビ,ウクライナ商業施設に攻撃...16人死亡、130人超ケガ 「必ず報復する」ゼレンスキー氏は露に対し強く警告,https://news.ntv.co.jp/category/international/3f1e5ab9ddf24d5f962fa0b7692bd369,https://news.ceek.jp/search.cgi?category_id=world&feed=1,ok,,国際
2026-08-22,2026-08-22T19:12:05.491683+09:00,その他メディア,,日本テレビ,"交渉“決裂""...米がカナダに50%の追加関税発動 カナダ首相は同等関税を明らかに",https://news.ntv.co.jp/category/international/e475cfb21a81435e9e53fb1bbb928937,https://news.ceek.jp/search.cgi?category_id=world&feed=1,ok,,国際
2026-08-22,2026-08-22T19:12:05.491683+09:00,全国紙,全国,読売新聞,ブラジルのルラ大統領、トランプ氏と電話会談1時間20分...関税理由に「根拠がない」,https://www.yomiuri.co.jp/world/20260822-GYT1T00177/,https://news.ceek.jp/search.cgi?category_id=world&feed=1,ok,,国際
2026-08-22,2026-08-22T19:12:05.491683+09:00,その他メディア,,Pars Today,解説;イラン近隣国における米軍の駐留継続、イスラマバード覚書に矛盾した動向,https://parstoday.ir/ja/news/world-i134204,https://news.ceek.jp/search.cgi?category_id=world&feed=1,ok,,国際
2026-08-22,2026-08-22T19:12:05.491683+09:00,その他メディア,,アラブニュース,イラン、イラク籍の石油タンカーにホルムズ海峡の通過を許可 国営通信が報じる,https://www.arabnews.jp/article/middle-east/article_184759/,https://news.ceek.jp/search.cgi?category_id=world&feed=1,ok,,国際
2026-08-22,2026-08-22T19:12:05.491683+09:00,その他メディア,,英国ニュースダイジェスト,パブでの立ち飲みが禁止に? ロンドンの区議会が勧告,https://www.news-digest.co.uk/news/news/tabloid/27318-2026-8-22.html,https://news.ceek.jp/search.cgi?category_id=world&feed=1,ok,,国際
2026-08-22,2026-08-22T19:12:05.491683+09:00,その他メディア,,TBSテレビ,TikTokが約636億円支払いで和解へ 子どものプライバシー違法侵害で米司法省が訴え 同様の裁判の和解額で過去最大級,https://newsdig.tbs.co.jp/articles/-/2889949?display=1,https://news.ceek.jp/search.cgi?category_id=world&feed=1,ok,,国際
2026-08-22,2026-08-22T19:12:05.491683+09:00,その他メディア,,世界日報,米戦略報告、攻撃抑止へ技術的優位を重視 潜水艦戦力を最優先,https://www.worldtimes.co.jp/global/north-america/20260822-213912/,https://news.ceek.jp/search.cgi?category_id=world&feed=1,ok,,国際
2026-08-22,2026-08-22T19:12:05.491683+09:00,その他メディア,,フジテレビ,「ワンピース」「ドラゴンボール」などのファン集結 ニューヨークで「アニメNYC」開幕 4日間で15万人来場見込み,https://www.fnn.jp/articles/-/1099436,https://news.ceek.jp/search.cgi?category_id=world&feed=1,ok,,国際
2026-08-22,2026-08-22T19:12:05.491683+09:00,その他メディア,,CNN.co.jp,飲まず食わずで5日間漂流、クーラーボックスで浮かんでいた漁師を救助 メキシコ海軍,https://www.cnn.co.jp/world/35251830.html,https://news.ceek.jp/search.cgi?category_id=world&feed=1,ok,,国際
2026-08-22,2026-08-22T19:12:05.491683+09:00,その他メディア,,TV-Novosti,博物館で役立つロシア語フレーズ10選,https://jp.gw2ru.com/education/255000-hakubutsukan-de-yakutatsu-roshiago-fureezu-10sen,https://news.ceek.jp/search.cgi?category_id=world&feed=1,ok,,国際
2026-08-22,2026-08-22T19:12:05.491683+09:00,その他メディア,,Abema TIMES,米政権が制裁 ICC赤根所長「法の支配」の重要性強調,https://times.abema.tv/articles/-/10268568?page=1,https://news.ceek.jp/search.cgi?category_id=world&feed=1,ok,,国際
2026-08-22,2026-08-22T19:12:05.491683+09:00,全国紙,全国,日本経済新聞,米国防総省、軍の準機関紙「星条旗新聞」編集長ら解雇 独立維持懸念,https://www.nikkei.com/article/DGXZQOCB221GZ0S6A820C2000000/,https://news.ceek.jp/search.cgi?category_id=world&feed=1,ok,,国際
2026-08-22,2026-08-22T19:12:05.491683+09:00,全国紙,全国,朝日新聞,南シナ海に中国船が大量集結 海上民兵船か DEEP DIVE分析,https://www.asahi.com/articles/ASV8P3TVRV8PUTFK00SM.html,https://news.ceek.jp/search.cgi?category_id=world&feed=1,ok,,国際
2026-08-22,2026-08-22T19:12:05.491683+09:00,その他メディア,,英国ニュースダイジェスト,世界最高齢の英女性、117歳に―過去1年「多くの初体験」,https://www.news-digest.co.uk/news/news/uk-news/27332-2026-08-22.html,https://news.ceek.jp/search.cgi?category_id=world&feed=1,ok,,国際
2026-08-22,2026-08-22T19:12:05.491683+09:00,その他メディア,,Pars Today,イラン国防軍需省報道官;「覇権排斥の唯一の方法は強くなること/イランの防衛生産は倍増」,https://parstoday.ir/ja/news/iran-i134202,https://news.ceek.jp/search.cgi?category_id=world&feed=1,ok,,国際
2026-08-22,2026-08-22T19:12:05.491683+09:00,全国紙,全国,産経新聞,ネタニヤフ氏の国際手配を要請へ トルコ法相、ICPOに 「集団殺害」容疑で,https://www.sankei.com/article/20260822-66XBPLT2DZM23JYXJ3ZJISTRJI/,https://news.ceek.jp/search.cgi?category_id=world&feed=1,ok,,国際
2026-08-22,2026-08-22T19:12:05.491683+09:00,その他メディア,,ベトナムの声,デジタル技術の活用とデータ連携による不動産市場の管理メカニズムをより明確に,https://vovworld.vn/ja-JP/niyusu/teshitarujishunohuoyongtotetalianxieniyorubudongchanshichangnoguanlimekanisumuwoyorimingqueni-2459845.vov5,https://news.ceek.jp/search.cgi?category_id=world&feed=1,ok,,国際
2026-08-22,2026-08-22T19:12:05.491683+09:00,その他メディア,,AFPBB News,ガザ慈善団体職員死亡、イスラエルの捜査打ち切りを英加豪3か国が非難,https://www.afpbb.com/articles/-/3649488,https://news.ceek.jp/search.cgi?category_id=world&feed=1,ok,,国際
2026-08-22,2026-08-22T19:12:05.491683+09:00,全国紙,全国,毎日新聞,トランプ氏、牛肉関税の一時緩和を表明 生産者団体は強く反発,https://mainichi.jp/articles/20260822/k00/00m/030/096000c,https://news.ceek.jp/search.cgi?category_id=world&feed=1,ok,,国際
2026-08-22,2026-08-22T19:12:05.491683+09:00,全国紙,全国,毎日新聞,米国務省、国連分担金支払いか 議会に通知、未納分の一部,https://mainichi.jp/articles/20260822/k00/00m/030/093000c,https://news.ceek.jp/search.cgi?category_id=world&feed=1,ok,,国際
2026-08-22,2026-08-22T19:12:05.491683+09:00,全国紙,全国,産経新聞,ブラジルが米関税措置批判 首脳が電話会談で協議 森林破壊や汚職まん延は「根拠ない」,https://www.sankei.com/article/20260822-UNWKCEP5QZJIVGFLUGUKDEBDYM/,https://news.ceek.jp/search.cgi?category_id=world&feed=1,ok,,国際
2026-08-22,2026-08-22T19:12:05.491683+09:00,全国紙,全国,毎日新聞,米陸軍長官が年内に辞任か ヘグセス国防長官と対立 WSJ報道,https://mainichi.jp/articles/20260822/k00/00m/030/092000c,https://news.ceek.jp/search.cgi?category_id=world&feed=1,ok,,国際
2026-08-22,2026-08-22T19:12:05.491683+09:00,その他メディア,,テレビ朝日,トランプ政権 カナダに50%追加関税発動 期限延長も協議決裂 カナダは報復の意向,https://news.tv-asahi.co.jp/news_international/articles/000528071.html,https://news.ceek.jp/search.cgi?category_id=world&feed=1,ok,,国際
2026-08-22,2026-08-22T19:12:05.491683+09:00,その他メディア,,共同通信,ネタニヤフ氏の国際手配要請へ トルコ、ICPOに,https://www.47news.jp/14827724.html,https://news.ceek.jp/search.cgi?category_id=world&feed=1,ok,,国際
2026-08-22,2026-08-22T19:12:05.491683+09:00,その他メディア,,Pars Today,イラン国会議長;「我が国とイラクは、持続可能な安全保障のための新地域体制で重要な役割を担う」,https://parstoday.ir/ja/news/iran-i134200,https://news.ceek.jp/search.cgi?category_id=world&feed=1,ok,,国際
2026-08-22,2026-08-22T19:12:05.491683+09:00,その他メディア,,デイリースポーツ,ネタニヤフ氏の国際手配要請へ,https://www.daily.co.jp/society/world/2026/08/22/0020734825.shtml,https://news.ceek.jp/search.cgi?category_id=world&feed=1,ok,,国際
2026-08-22,2026-08-22T19:12:05.491683+09:00,その他メディア,,Abema TIMES,連邦最高裁 暫定的に工事継続を容認 WHボールルーム,https://times.abema.tv/articles/-/10268550?page=1,https://news.ceek.jp/search.cgi?category_id=world&feed=1,ok,,国際
2026-08-22,2026-08-22T19:12:05.491683+09:00,全国紙,全国,産経新聞,金正恩氏との会談前のめりはノーベル賞狙いか トランプ氏、安易な妥協でも歯止め役は不在,https://www.sankei.com/article/20260822-YO3COWNN6FOE3KDAVS7ZT34FE4/,https://news.ceek.jp/search.cgi?category_id=world&feed=1,ok,,国際
2026-08-22,2026-08-22T19:12:05.491683+09:00,その他メディア,,ポストセブン,《首下までガッツリタトゥー》23歳インフルエンサー「セクシーすぎる」連行映像、上半身裸の姿が「イケメンすぎる」とSNS拡散、カメラに向かって手でハートマークも,https://www.news-postseven.com/archives/20260822_2126952.html,https://news.ceek.jp/search.cgi?category_id=world&feed=1,ok,,国際
2026-08-22,2026-08-22T19:12:05.491683+09:00,全国紙,全国,日本経済新聞,英裁判所、ヘンリー王子らに支払い命令 「違法取材」敗訴で,https://www.nikkei.com/article/DGXZQOCB2218Y0S6A820C2000000/,https://news.ceek.jp/search.cgi?category_id=world&feed=1,ok,,国際
2026-08-22,2026-08-22T19:12:05.491683+09:00,その他メディア,,Pars Today,イラン外務省報道官が警告:「米国の経済戦争は全ての国の政府に対する宣戦布告」,https://parstoday.ir/ja/news/iran-i134198,https://news.ceek.jp/search.cgi?category_id=world&feed=1,ok,,国際
2026-08-22,2026-08-22T19:12:05.491683+09:00,全国紙,全国,毎日新聞,TikTok、米司法省と和解 過去最大級636億円の支払い,https://mainichi.jp/articles/20260822/k00/00m/030/087000c,https://news.ceek.jp/search.cgi?category_id=world&feed=1,ok,,国際
2026-08-22,2026-08-22T19:12:05.491683+09:00,その他メディア,,Pars Today,イラン革命防衛隊総司令官;「敵は偉大なるイラン国民に対する憎悪と陰謀を決して止めない」,https://parstoday.ir/ja/news/iran-i134196,https://news.ceek.jp/search.cgi?category_id=world&feed=1,ok,,国際
2026-08-22,2026-08-22T19:12:05.491683+09:00,その他メディア,,AFPBB News,米国防総省、編集権への介入を批判した米軍準機関紙「星条旗」編集長らを解雇,https://www.afpbb.com/articles/-/3649487,https://news.ceek.jp/search.cgi?category_id=world&feed=1,ok,,国際
2026-08-22,2026-08-22T19:12:05.491683+09:00,その他メディア,,swissinfo.ch,プロレス不毛の地からメキシコの聖地へ、スイスが生んだプロレスラー,https://www.swissinfo.ch/jpn/%e3%82%b9%e3%82%a4%e3%82%b9%e7%b3%bb%e3%83%87%e3%82%a3%e3%82%a2%e3%82%b9%e3%83%9d%e3%83%a9/%e3%83%97%e3%83%ad%e3%83%ac%e3%82%b9%e4%b8%8d%e6%af%9b%e3%81%ae%e5%9c%b0%e3%81%8b%e3%82%89%e3%83%a1%e3%82%ad%e3%82%b7%e3%82%b3%e3%81%ae%e8%81%96%e5%9c%b0%e3%81%b8%e3%80%81%e3%82%b9%e3%82%a4%e3%82%b9%e3%81%8c%e7%94%9f%e3%82%93%e3%81%a0%e3%83%97%e3%83%ad%e3%83%ac%e3%82%b9%e3%83%a9%e3%83%bc/91915314,https://news.ceek.jp/search.cgi?category_id=world&feed=1,ok,,国際
2026-08-22,2026-08-22T19:12:05.491683+09:00,その他メディア,,swissinfo.ch,「中立イニシアチブ」でスイスはどう変わる? 厳格化をめぐり国民投票,https://www.swissinfo.ch/jpn/%e6%8a%95%e7%a5%a8/%e3%80%8c%e4%b8%ad%e7%ab%8b%e3%82%a4%e3%83%8b%e3%82%b7%e3%82%a2%e3%83%81%e3%83%96%e3%80%8d%e3%81%a7%e3%82%b9%e3%82%a4%e3%82%b9%e3%81%af%e3%81%a9%e3%81%86%e5%a4%89%e3%82%8f%e3%82%8b%ef%bc%9f%e3%80%80%e5%8e%b3%e6%a0%bc%e5%8c%96%e3%82%92%e3%82%81%e3%81%90%e3%82%8a%e5%9b%bd%e6%b0%91%e6%8a%95%e7%a5%a8/91928952,https://news.ceek.jp/search.cgi?category_id=world&feed=1,ok,,国際
2026-08-22,2026-08-22T19:12:05.491683+09:00,全国紙,全国,日本経済新聞,米政府、カナダに50%関税を発動 交渉不調でカナダは報復検討へ,https://www.nikkei.com/article/DGXZQOGN220RI0S6A820C2000000/,https://news.ceek.jp/search.cgi?category_id=world&feed=1,ok,,国際
2026-08-22,2026-08-22T19:12:05.491683+09:00,その他メディア,,AFPBB News,米加貿易交渉が決裂、50%の関税発動 カナダは対抗措置へ,https://www.afpbb.com/articles/-/3649486,https://news.ceek.jp/search.cgi?category_id=world&feed=1,ok,,国際
2026-08-22,2026-08-22T19:12:05.491683+09:00,その他メディア,,アラブニュース,日本の活動家らが、ICCの赤根 智子所長に対する米国の制裁措置の撤回を要求,https://www.arabnews.jp/article/japan/article_184754/,https://news.ceek.jp/search.cgi?category_id=world&feed=1,ok,,国際
2026-08-22,2026-08-22T19:12:05.491683+09:00,その他メディア,,CNN.co.jp,世界最高齢の英国人女性、117歳に 2度の世界大戦にコロナ感染乗り越える,https://www.cnn.co.jp/world/35251828.html,https://news.ceek.jp/search.cgi?category_id=world&feed=1,ok,,国際
2026-08-22,2026-08-22T19:12:05.491683+09:00,その他メディア,,BBC,カナダは米関税に「同額」で対抗とカーニー首相 貿易交渉が決裂,https://www.bbc.com/japanese/articles/c2el88gxkxxo,https://news.ceek.jp/search.cgi?category_id=world&feed=1,ok,,国際
2026-08-22,2026-08-22T19:12:05.491683+09:00,その他メディア,,Pars Today,イラン軍報道官;「アメリカは国際的な威信を喪失」,https://parstoday.ir/ja/news/iran-i134194,https://news.ceek.jp/search.cgi?category_id=world&feed=1,ok,,国際
2026-08-22,2026-08-22T19:12:05.491683+09:00,その他メディア,,フジテレビ,アメリカとカナダの関税交渉決裂 アメリカが50%追加関税発動 カナダも同規模の報復関税へ,https://www.fnn.jp/articles/-/1099366,https://news.ceek.jp/search.cgi?category_id=world&feed=1,ok,,国際
2026-08-22,2026-08-22T19:12:05.491683+09:00,その他メディア,,AFPBB News,昨年 中国で幼稚園教諭が21万9300人減少,https://www.afpbb.com/articles/-/3648899,https://news.ceek.jp/search.cgi?category_id=world&feed=1,ok,,国際
2026-08-22,2026-08-22T19:12:05.491683+09:00,全国紙,全国,朝日新聞,トランプ政権、カナダに50%追加関税を発動 カナダ首相は報復示唆,https://www.asahi.com/articles/ASV8Q1SKVV8QUHBI00NM.html,https://news.ceek.jp/search.cgi?category_id=world&feed=1,ok,,国際
2026-08-22,2026-08-22T19:12:05.491683+09:00,その他メディア,,AFPBB News,中国・キルギス合同考古学調査隊 初年度のシュラバシャット古城遺跡の考古学的調査を完了,https://www.afpbb.com/articles/-/3648895,https://news.ceek.jp/search.cgi?category_id=world&feed=1,ok,,国際
2026-08-22,2026-08-22T19:12:05.491683+09:00,その他メディア,,Abema TIMES,ドジャーススタジアムで日米中学生に野球教室,https://times.abema.tv/articles/-/10268543?page=1,https://news.ceek.jp/search.cgi?category_id=world&feed=1,ok,,国際
2026-08-22,2026-08-22T19:12:05.491683+09:00,その他メディア,,共同通信,北朝鮮海岸リゾート、客で活況 国内から最大4万人も,https://www.47news.jp/14827446.html,https://news.ceek.jp/search.cgi?category_id=world&feed=1,ok,,国際
2026-08-22,2026-08-22T19:12:05.491683+09:00,その他メディア,,Abema TIMES,"TikTok “児童プライバシー侵害"" 635億円支払いで和解",https://times.abema.tv/articles/-/10268542?page=1,https://news.ceek.jp/search.cgi?category_id=world&feed=1,ok,,国際
2026-08-22,2026-08-22T19:12:05.491683+09:00,その他メディア,,デイリースポーツ,国連委員、皇室典範などを批判,https://www.daily.co.jp/society/world/2026/08/22/0020734551.shtml,https://news.ceek.jp/search.cgi?category_id=world&feed=1,ok,,国際
2026-08-22,2026-08-22T19:12:05.491683+09:00,その他メディア,,Abema TIMES,ロシアがウクライナ商業施設をドローン攻撃,https://times.abema.tv/articles/-/10268539?page=1,https://news.ceek.jp/search.cgi?category_id=world&feed=1,ok,,国際
2026-08-22,2026-08-22T19:12:05.491683+09:00,その他メディア,,AFPBB News,米国の自動運転車開発企業Waymo 中国製EVを3200台購入,https://www.afpbb.com/articles/-/3648894,https://news.ceek.jp/search.cgi?category_id=world&feed=1,ok,,国際
2026-08-22,2026-08-22T19:12:05.491683+09:00,その他メディア,,テレビ朝日,ICC赤根氏 国際的な「法の支配」の重要性強調 「日本の皆様の支援が重要な鍵」,https://news.tv-asahi.co.jp/news_international/articles/000528053.html,https://news.ceek.jp/search.cgi?category_id=world&feed=1,ok,,国際
2026-08-22,2026-08-22T19:12:05.491683+09:00,その他メディア,,デイリースポーツ,北朝鮮海岸リゾート、客で活況,https://www.daily.co.jp/society/world/2026/08/22/0020734535.shtml,https://news.ceek.jp/search.cgi?category_id=world&feed=1,ok,,国際
2026-08-22,2026-08-22T19:12:05.491683+09:00,全国紙,全国,毎日新聞,イラン軍幹部、武力報復を示唆 米が準備中の新経済制裁に反発か,https://mainichi.jp/articles/20260822/k00/00m/030/070000c,https://news.ceek.jp/search.cgi?category_id=world&feed=1,ok,,国際
2026-08-22,2026-08-22T19:12:05.491683+09:00,全国紙,全国,日本経済新聞,デルタ航空、7年ぶり成田乗り入れ 27年3月から米シアトル線,https://www.nikkei.com/article/DGXZQOUC071TA0X00C26A8000000/,https://news.ceek.jp/search.cgi?category_id=world&feed=1,ok,,国際
2026-08-22,2026-08-22T19:12:05.491683+09:00,その他メディア,,AFPBB News,上半期に独の対米直接投資額は3年ぶり低水準,https://www.afpbb.com/articles/-/3648893,https://news.ceek.jp/search.cgi?category_id=world&feed=1,ok,,国際
2026-08-22,2026-08-22T19:12:05.491683+09:00,全国紙,全国,毎日新聞,仏当局、規格外コンドームなどに注意喚起 欧州で性感染症拡大,https://mainichi.jp/articles/20260822/k00/00m/030/067000c,https://news.ceek.jp/search.cgi?category_id=world&feed=1,ok,,国際
2026-08-22,2026-08-22T19:12:05.491683+09:00,その他メディア,,ベトナムの声,ベトナム・コートジボワール協力をより深く、実質的かつ効果的に推進,https://vovworld.vn/ja-JP/niyusu/hetonamukotoshihowaruxieliwoyorishenkushizhidekatsuxiaoguodenituijin-2459835.vov5,https://news.ceek.jp/search.cgi?category_id=world&feed=1,ok,,国際
2026-08-22,2026-08-22T19:12:05.491683+09:00,その他メディア,,ベトナムの声,"ティニン省、戦没者墓地から1万5,300件余りのDNAサンプルを採取",https://vovworld.vn/ja-JP/niyusu/teininshengzhanmeizhemudekara1wan5300jianyurinodnasanfuruwocaiqu-2459836.vov5,https://news.ceek.jp/search.cgi?category_id=world&feed=1,ok,,国際
2026-08-22,2026-08-22T19:12:05.491683+09:00,全国紙,全国,産経新聞,トランプ米政権、対カナダで50%の追加関税を発動 土壇場まで続いた交渉...結実せず,https://www.sankei.com/article/20260822-QZ5GPDEUHJKBFAEX4OLZLIRMEQ/,https://news.ceek.jp/search.cgi?category_id=world&feed=1,ok,,国際
2026-08-22,2026-08-22T19:12:05.491683+09:00,その他メディア,,AFPBB News,中国のコーヒー市場 今後5~10年高成長持続へ,https://www.afpbb.com/articles/-/3648891,https://news.ceek.jp/search.cgi?category_id=world&feed=1,ok,,国際
2026-08-22,2026-08-22T19:12:05.491683+09:00,その他メディア,,ロイター,米軍哨戒機、台湾海峡飛行 第7艦隊「米国の関与示す」,https://jp.reuters.com/world/taiwan/XZTUFNRBD5KOVBAQYUHFNWITUQ-2026-08-22/,https://news.ceek.jp/search.cgi?category_id=world&feed=1,ok,,国際
2026-08-22,2026-08-22T19:12:05.491683+09:00,その他メディア,,ベトナムの声,欧州委員長や中東諸国、イスラエル非難 ヨルダン川西岸の入植地計画巡り,https://vovworld.vn/ja-JP/niyusu/ouzhouweiyuanzhangyazhongdongzhuguoisuraerufeinan-yorutanchuanxiannoruzhidejihuaxunri-2459834.vov5,https://news.ceek.jp/search.cgi?category_id=world&feed=1,ok,,国際
2026-08-22,2026-08-22T19:12:05.491683+09:00,その他メディア,,ベトナムの声,TikTok、米司法省と和解 過去最大級の636億円支払い,https://vovworld.vn/ja-JP/niyusu/tiktokmisifashengtohejie-guoquzuidajino636yiyuanzhifani-2459833.vov5,https://news.ceek.jp/search.cgi?category_id=world&feed=1,ok,,国際
2026-08-22,2026-08-22T19:12:05.491683+09:00,その他メディア,,ベトナムの声,イラン大統領、米との戦争終結呼び掛ける,https://vovworld.vn/ja-JP/niyusu/irandatonglingmitonozhanzhengzhongjiehuhiguakeru-2459832.vov5,https://news.ceek.jp/search.cgi?category_id=world&feed=1,ok,,国際
2026-08-22,2026-08-22T19:12:05.491683+09:00,その他メディア,,TBSテレビ,トランプ政権 カナダに50%の追加関税を発動 3日間発動延期も最終交渉が決裂 カナダも対抗関税の意向,https://newsdig.tbs.co.jp/articles/-/2889665?display=1,https://news.ceek.jp/search.cgi?category_id=world&feed=1,ok,,国際
2026-08-22,2026-08-22T19:12:05.491683+09:00,その他メディア,,AFPBB News,中国が初の化粧品強制国家基準を発表 子供向け基準が更に厳格化,https://www.afpbb.com/articles/-/3648721,https://news.ceek.jp/search.cgi?category_id=world&feed=1,ok,,国際
2026-08-22,2026-08-22T19:12:05.491683+09:00,全国紙,全国,日本経済新聞,「破裂する」を表すburst(Step up English),https://www.nikkei.com/article/DGXZQOCB2161Z0R20C26A8000000/,https://news.ceek.jp/search.cgi?category_id=world&feed=1,ok,,国際
2026-08-22,2026-08-22T19:12:05.491683+09:00,その他メディア,,CNN.co.jp,カナダ、米国との貿易交渉を停止 米国の関税に同額の対抗措置,https://www.cnn.co.jp/world/35251827.html,https://news.ceek.jp/search.cgi?category_id=world&feed=1,ok,,国際
2026-08-22,2026-08-22T19:12:05.491683+09:00,その他メディア,,BBC,ロンドンの大気汚染対策で子どもの肺機能が回復、研究チームも驚く,https://www.bbc.com/japanese/articles/c75g2p7715ro,https://news.ceek.jp/search.cgi?category_id=world&feed=1,ok,,国際
2026-08-22,2026-08-22T19:12:05.491683+09:00,全国紙,全国,産経新聞,米哨戒機が台湾海峡上空を飛行 中国の台湾への圧力をけん制か 9月の米中首脳会談を控え,https://www.sankei.com/article/20260822-IW3DWWLGFVIJJPFXSJ3PV7JJDU/,https://news.ceek.jp/search.cgi?category_id=world&feed=1,ok,,国際
2026-08-22,2026-08-22T19:12:05.491683+09:00,その他メディア,,AFPBB News,バリ・ヒンズー教の元日を侮辱、スイス人男に拘禁1年 インドネシア,https://www.afpbb.com/articles/-/3649485,https://news.ceek.jp/search.cgi?category_id=world&feed=1,ok,,国際
2026-08-22,2026-08-22T19:12:05.491683+09:00,その他メディア,,フジテレビ,TikTokが636億円支払いで和解 子どもの個人情報収集訴訟、米司法省「過去最大規模」,https://www.fnn.jp/articles/-/1099349,https://news.ceek.jp/search.cgi?category_id=world&feed=1,ok,,国際
2026-08-22,2026-08-22T19:12:05.491683+09:00,その他メディア,,BBC,ガザでの援助活動家ら殺害をイスラエルは刑事捜査せず 英豪カナダが非難,https://www.bbc.com/japanese/articles/cwyr0zvelqro,https://news.ceek.jp/search.cgi?category_id=world&feed=1,ok,,国際
2026-08-22,2026-08-22T19:12:05.491683+09:00,その他メディア,,デイリースポーツ,侵攻から4年半、帰国の思い交錯,https://www.daily.co.jp/society/world/2026/08/22/0020734382.shtml,https://news.ceek.jp/search.cgi?category_id=world&feed=1,ok,,国際
2026-08-22,2026-08-22T19:12:05.491683+09:00,その他メディア,,共同通信,侵攻から4年半、帰国の思い交錯 日本避難のウクライナ人,https://www.47news.jp/14827282.html,https://news.ceek.jp/search.cgi?category_id=world&feed=1,ok,,国際
2026-08-22,2026-08-22T19:12:05.491683+09:00,その他メディア,,ベトナムの声,ベトナム海事大学の女子学生 MOS世界学生大会で金メダル,https://vovworld.vn/ja-JP/niyusu/hetonamuhaishidaxuenonuzixuesheng-mosshijiexueshengdahuitejinmetaru-2459828.vov5,https://news.ceek.jp/search.cgi?category_id=world&feed=1,ok,,国際
2026-08-22,2026-08-22T19:12:05.491683+09:00,その他メディア,,フジテレビ,ロシアで燃料不足再び深刻化 モスクワで給油待ち1キロの列 燃料輸入も開始,https://www.fnn.jp/articles/-/1099348,https://news.ceek.jp/search.cgi?category_id=world&feed=1,ok,,国際
2026-08-22,2026-08-22T19:12:05.491683+09:00,その他メディア,,ベトナムの声,米国 幅広い分野でベトナムとの協力拡大に大きな可能性,https://vovworld.vn/ja-JP/niyusu/miguo-fuguangifenyetehetonamutonoxielikuodanidakinakenengxing-2459827.vov5,https://news.ceek.jp/search.cgi?category_id=world&feed=1,ok,,国際
2026-08-22,2026-08-22T19:12:05.491683+09:00,その他メディア,,ベトナムの声,7000点を超える戦没者の遺骨試料をハノイへ安全に輸送 DNA鑑定へ,https://vovworld.vn/ja-JP/niyusu/7000dianwochaoeruzhanmeizhenoyigushiliaowohanoiheanquannishusong-dnajiandinghe-2459826.vov5,https://news.ceek.jp/search.cgi?category_id=world&feed=1,ok,,国際
2026-08-22,2026-08-22T19:12:05.491683+09:00,その他メディア,,ベトナムの声,国際的な約束を国の発展につながる実質的な力に,https://vovworld.vn/ja-JP/niyusu/guojidenayueshuwoguonofazhannitsunakarushizhidenalini-2459825.vov5,https://news.ceek.jp/search.cgi?category_id=world&feed=1,ok,,国際
2026-08-22,2026-08-22T19:12:05.491683+09:00,その他メディア,,ベトナムの声,ハノイ国家大学を知識・技術・イノベーションの国家戦略拠点に,https://vovworld.vn/ja-JP/niyusu/hanoiguojiadaxuewozhishijishuinoheshiyonnoguojiazhanejudianni-2459824.vov5,https://news.ceek.jp/search.cgi?category_id=world&feed=1,ok,,国際
2026-08-22,2026-08-22T19:12:05.491683+09:00,その他メディア,,茨城新聞,美浦トレセンで調教中に落馬 調教助手重傷 茨城,https://ibarakinews.jp/news/newsdetail.php?f_jun=1787377635355900,https://news.ceek.jp/search.cgi?category_id=local&feed=1,ok,,地方・地域
2026-08-22,2026-08-22T19:12:05.491683+09:00,その他メディア,,山梨日日新聞,【速報中】VF甲府 秋田と対戦,https://www.sannichi.co.jp/article/2026/08/22/80717457,https://news.ceek.jp/search.cgi?category_id=local&feed=1,ok,,地方・地域
2026-08-22,2026-08-22T19:12:05.491683+09:00,全国紙,全国,朝日新聞,腕を広げて大きなけやきを表現、とがしとカメリア 全国大会,https://www.asahi.com/articles/ASV8P1DR9V8POXIE019M.html,https://news.ceek.jp/search.cgi?category_id=local&feed=1,ok,,地方・地域
2026-08-22,2026-08-22T19:12:05.491683+09:00,全国紙,全国,朝日新聞,ソロの度胸つけるため大分城南中が選んだ秘策 九州吹奏楽コン初出場,https://www.asahi.com/articles/ASV8Q24QNV8QOXIE04SM.html,https://news.ceek.jp/search.cgi?category_id=local&feed=1,ok,,地方・地域
2026-08-22,2026-08-22T19:12:05.491683+09:00,その他メディア,,佐賀新聞,虹の松原旗少年野球大会が開幕 九州、四国45チーム熱戦 8月22日から25日まで,https://www.saga-s.co.jp/articles/-/1776053,https://news.ceek.jp/search.cgi?category_id=local&feed=1,ok,,地方・地域
2026-08-22,2026-08-22T19:12:05.491683+09:00,地方紙,長野,信濃毎日新聞,沖澤のどかさんが気迫の指揮、故小澤征爾さんゆかりの曲で魅了 松本市でOMFの主要公演,https://www.shinmai.co.jp/news/article/gf01da4nh00h93r5kirepim0,https://news.ceek.jp/search.cgi?category_id=local&feed=1,ok,,地方・地域
2026-08-22,2026-08-22T19:12:05.491683+09:00,全国紙,全国,中日新聞,中日・松山晋也、同点に追いついた直後の9回をゼロに抑えサヨナラ勝ちに貢献 失策で出塁許すも結果的に3人で抑える,https://www.chunichi.co.jp/article/1300310,https://news.ceek.jp/search.cgi?category_id=local&feed=1,ok,,地方・地域
2026-08-22,2026-08-22T19:12:05.491683+09:00,地方紙,京都,京都新聞,京都府長岡京市で「ウエルネスダーツ大会」 小学生から80代までの参加者「初心者でも楽しめる」,https://www.kyoto-np.co.jp/articles/-/1776261,https://news.ceek.jp/search.cgi?category_id=local&feed=1,ok,,地方・地域
2026-08-22,2026-08-22T19:12:05.491683+09:00,その他メディア,,TBSテレビ,スマートフォン分解教室,https://newsdig.tbs.co.jp/articles/-/2890052?display=1,https://news.ceek.jp/search.cgi?category_id=local&feed=1,ok,,地方・地域
2026-08-22,2026-08-22T19:12:05.491683+09:00,その他メディア,,TBSテレビ,パイプの中をギュイーン!! メカモグラが暴れまわる! パイプロボコン全国大会 (山形市),https://newsdig.tbs.co.jp/articles/-/2890037?display=1,https://news.ceek.jp/search.cgi?category_id=local&feed=1,ok,,地方・地域
2026-08-22,2026-08-22T19:12:05.491683+09:00,全国紙,全国,朝日新聞,「詩を大事に伝えよう」女声合唱団コール麗はおかあさんコーラス賞,https://www.asahi.com/articles/ASV8P1DQJV8POXIE019M.html,https://news.ceek.jp/search.cgi?category_id=local&feed=1,ok,,地方・地域
2026-08-22,2026-08-22T19:12:05.491683+09:00,全国紙,全国,朝日新聞,カント・アムゼルが最優秀のグランプリ 全日本おかあさんコーラス,https://www.asahi.com/articles/ASV8P1DDXV8POXIE019M.html,https://news.ceek.jp/search.cgi?category_id=local&feed=1,ok,,地方・地域
2026-08-22,2026-08-22T19:12:05.491683+09:00,全国紙,全国,朝日新聞,神奈川の3団体、いずれも優秀賞 全日本おかあさんコーラス,https://www.asahi.com/articles/ASV8P1DN9V8POXIE019M.html,https://news.ceek.jp/search.cgi?category_id=local&feed=1,ok,,地方・地域
2026-08-22,2026-08-22T19:12:05.491683+09:00,その他メディア,,福島民報,【福島県早起き野球】会津信金・涌井、準々決勝で3打点の活躍,https://www.minpo.jp/articles/-/209939,https://news.ceek.jp/search.cgi?category_id=local&feed=1,ok,,地方・地域
2026-08-22,2026-08-22T19:12:05.491683+09:00,全国紙,全国,中日新聞,小型船2隻が衝突、3人けが 釣りの親子、宮城・気仙沼,https://www.chunichi.co.jp/article/1300312,https://news.ceek.jp/search.cgi?category_id=local&feed=1,ok,,地方・地域
2026-08-22,2026-08-22T19:12:05.491683+09:00,その他メディア,,奄美新聞,奄美考古学会・沖永良部島大会,https://amamishimbun.co.jp/2026/08/22/63597/,https://news.ceek.jp/search.cgi?category_id=local&feed=1,ok,,地方・地域
2026-08-22,2026-08-22T19:12:05.491683+09:00,その他メディア,,福井新聞,福井県内の高校野球4大会、8月23日に決勝 福井市長旗争奪|鯖江市長旗争奪|坂井・奥越地区|敦賀市長旗争奪 D刊で打席速報,https://www.fukuishimbun.co.jp/articles/-/2677296,https://news.ceek.jp/search.cgi?category_id=local&feed=1,ok,,地方・地域
2026-08-22,2026-08-22T19:12:05.491683+09:00,全国紙,全国,朝日新聞,三島東中、城東中、四国大が全国へ 全日本吹奏楽コンクール四国大会,https://www.asahi.com/articles/ASV8Q36R3V8QULIP001M.html,https://news.ceek.jp/search.cgi?category_id=local&feed=1,ok,,地方・地域
2026-08-22,2026-08-22T19:12:05.491683+09:00,地方紙,京都,京都新聞,滋賀県近江八幡市でブランド米「みずかがみ」初売り 「暑さに強い」と評判の新米の価格は?,https://www.kyoto-np.co.jp/articles/-/1776230,https://news.ceek.jp/search.cgi?category_id=local&feed=1,ok,,地方・地域
2026-08-22,2026-08-22T19:12:05.491683+09:00,その他メディア,,東海テレビ,30年程前からふ化させ飼育...公民館のロビーでスズムシが涼しげな音色 例年とほぼ同じ15日頃から鳴き始める,https://www.tokai-tv.com/tokainews/feature/article_20260822_47889,https://news.ceek.jp/search.cgi?category_id=local&feed=1,ok,,地方・地域
2026-08-22,2026-08-22T19:12:05.491683+09:00,その他メディア,,TBSテレビ,「顔がかっこいい!」人気はアムールトラ 夏休み最後の週末で動物園にぎわう 長野市,https://newsdig.tbs.co.jp/articles/-/2890045?display=1,https://news.ceek.jp/search.cgi?category_id=local&feed=1,ok,,地方・地域
2026-08-22,2026-08-22T19:12:05.491683+09:00,地方紙,宮城,河北新報,仙台囲碁フェス開幕 一力三冠がルール指導、大盤解説も 23日まで,https://kahoku.news/articles/20260822khn000040.html,https://news.ceek.jp/search.cgi?category_id=local&feed=1,ok,,地方・地域
2026-08-22,2026-08-22T19:12:05.491683+09:00,地方紙,広島,中国新聞,2安打1四球の佐々木泰「集中力切らさずに打席へ入った結果」 8月22日巨人戦,https://www.chugoku-np.co.jp/articles/-/883251,https://news.ceek.jp/search.cgi?category_id=local&feed=1,ok,,地方・地域
2026-08-22,2026-08-22T19:12:05.491683+09:00,その他メディア,,TBSテレビ,「つむじ風」発生か 島根県松江市で男性が撮影 「よく晴れた日、周囲の風が弱いことも条件」,https://newsdig.tbs.co.jp/articles/-/2890043?display=1,https://news.ceek.jp/search.cgi?category_id=local&feed=1,ok,,地方・地域
2026-08-22,2026-08-22T19:12:05.491683+09:00,その他メディア,,東海テレビ,全国のバスケ強豪校が頂点目指す『U18日清食品トップリーグ2026』女子の初戦は四日市メリノール学院が岐阜女子破る,https://www.tokai-tv.com/tokainews/feature/article_20260822_47890,https://news.ceek.jp/search.cgi?category_id=local&feed=1,ok,,地方・地域
2026-08-22,2026-08-22T19:12:05.491683+09:00,全国紙,全国,朝日新聞,「ぴったりの場所」アルモニアRosaは優秀賞 おかあさんコーラス,https://www.asahi.com/articles/ASV8P1DFXV8POXIE019M.html,https://news.ceek.jp/search.cgi?category_id=local&feed=1,ok,,地方・地域
2026-08-22,2026-08-22T19:12:05.491683+09:00,全国紙,全国,朝日新聞,女声合唱団Mimosaはおかあさんコーラス賞 全国大会,https://www.asahi.com/articles/ASV8P1DYSV8POXIE019M.html,https://news.ceek.jp/search.cgi?category_id=local&feed=1,ok,,地方・地域
2026-08-22,2026-08-22T19:12:05.491683+09:00,全国紙,全国,朝日新聞,幅広いメンバーで活動 女声合唱とおんきごう、おかあさんコーラス賞,https://www.asahi.com/articles/ASV8P1F76V8POXIE019M.html,https://news.ceek.jp/search.cgi?category_id=local&feed=1,ok,,地方・地域
2026-08-22,2026-08-22T19:12:05.491683+09:00,全国紙,全国,朝日新聞,おかあさんコーラス全国大会開幕、来年から女声ハーモニーフェスに,https://www.asahi.com/articles/ASV8Q35X3V8QOXIE01QM.html,https://news.ceek.jp/search.cgi?category_id=local&feed=1,ok,,地方・地域
2026-08-22,2026-08-22T19:12:05.491683+09:00,その他メディア,,神奈川新聞,横浜北部と川崎にレベル4大雨危険警報 浸水害の危険度高まる,https://www.kanaloco.jp/news/social/article-1298894.html,https://news.ceek.jp/search.cgi?category_id=local&feed=1,ok,,地方・地域
2026-08-22,2026-08-22T19:12:05.491683+09:00,その他メディア,,"日本海新聞, 大阪日日新聞",女子走り幅跳びで竹部(三朝)が優勝 全中陸上,https://www.nnn.co.jp/articles/-/786775,https://news.ceek.jp/search.cgi?category_id=local&feed=1,ok,,地方・地域
2026-08-22,2026-08-22T19:12:05.491683+09:00,地方紙,広島,中国新聞,フィジーとガーナどんな暮らし? 海外協力隊員が現地の文化紹介 広島市中区でセミナー,https://www.chugoku-np.co.jp/articles/-/883250,https://news.ceek.jp/search.cgi?category_id=local&feed=1,ok,,地方・地域
2026-08-22,2026-08-22T19:12:05.491683+09:00,全国紙,全国,中日新聞,フィギュア住吉りをんSP首位 中井亜美は欠場、東京夏季大会,https://www.chunichi.co.jp/article/1300311,https://news.ceek.jp/search.cgi?category_id=local&feed=1,ok,,地方・地域
2026-08-22,2026-08-22T19:12:05.491683+09:00,その他メディア,,TBSテレビ,スポーツ・コンベンションセンター 2回目のワークショップに子どもたちが参加 自分なりの活用方法を考える 鹿児島,https://newsdig.tbs.co.jp/articles/-/2890038?display=1,https://news.ceek.jp/search.cgi?category_id=local&feed=1,ok,,地方・地域
2026-08-22,2026-08-22T19:12:05.491683+09:00,その他メディア,,TBSテレビ,"「M!LK」リーダー吉田仁人さん“おじゃんせ霧島大使""委嘱式 生まれ育った故郷のために...「霧島市、好きすぎて滅!」",https://newsdig.tbs.co.jp/articles/-/2890036?display=1,https://news.ceek.jp/search.cgi?category_id=local&feed=1,ok,,地方・地域
2026-08-22,2026-08-22T19:12:05.491683+09:00,その他メディア,,高知新聞,「あんぱん」裏話を披露 方言指導の西村さん 高知市の生涯大学講座に440人,https://www.kochinews.co.jp/article/detail/1037066,https://news.ceek.jp/search.cgi?category_id=local&feed=1,ok,,地方・地域
2026-08-22,2026-08-22T19:12:05.491683+09:00,地方紙,広島,中国新聞,フィギュア住吉りをんSP首位,https://www.chugoku-np.co.jp/articles/-/883255,https://news.ceek.jp/search.cgi?category_id=local&feed=1,ok,,地方・地域
2026-08-22,2026-08-22T19:12:05.491683+09:00,その他メディア,,岩手日報,東北吹奏楽コンクール 本県代表高校の結果,https://www.iwate-np.co.jp/article/2026/8/22/196182,https://news.ceek.jp/search.cgi?category_id=local&feed=1,ok,,地方・地域
2026-08-22,2026-08-22T19:12:05.491683+09:00,その他メディア,,TBSテレビ,島根原子力発電所 プルサーマル発電関連設備を視察 鳥取県の平井知事と原発から30キロ圏内の米子・境港の両市市長,https://newsdig.tbs.co.jp/articles/-/2890041?display=1,https://news.ceek.jp/search.cgi?category_id=local&feed=1,ok,,地方・地域
2026-08-22,2026-08-22T19:12:05.491683+09:00,地方紙,宮城,河北新報,ベガルタ仙台 八戸と対戦 今季初勝利は?,https://kahoku.news/articles/20260822khn000039.html,https://news.ceek.jp/search.cgi?category_id=local&feed=1,ok,,地方・地域
2026-08-22,2026-08-22T19:12:05.491683+09:00,全国紙,全国,朝日新聞,ネージュ、コーロ・シュシュはおかあさんコーラス賞 全国大会,https://www.asahi.com/articles/ASV8P1DJ6V8POXIE019M.html,https://news.ceek.jp/search.cgi?category_id=local&feed=1,ok,,地方・地域
2026-08-22,2026-08-22T19:12:05.491683+09:00,全国紙,全国,朝日新聞,豊かなハーモニーで会場を魅了、ラ・プリマベーラ 全国大会,https://www.asahi.com/articles/ASV8P1DXNV8POXIE019M.html,https://news.ceek.jp/search.cgi?category_id=local&feed=1,ok,,地方・地域
2026-08-22,2026-08-22T19:12:05.491683+09:00,全国紙,全国,朝日新聞,シャンティCoCoとBelle Voixがひまわり賞 全国大会,https://www.asahi.com/articles/ASV8P1FBNV8POXIE019M.html,https://news.ceek.jp/search.cgi?category_id=local&feed=1,ok,,地方・地域
2026-08-22,2026-08-22T19:12:05.491683+09:00,全国紙,全国,朝日新聞,「前向きに転びましょう」 フィギュア友野一希選手らがスケート教室,https://www.asahi.com/articles/ASV8Q35SNV8QOXIE020M.html,https://news.ceek.jp/search.cgi?category_id=local&feed=1,ok,,地方・地域
2026-08-22,2026-08-22T19:12:05.491683+09:00,その他メディア,,フジテレビ,"【拉致】「なぜ50年近くも放置」トランプ大統領が“米朝首脳会談""の意向示す中...中学生が横田めぐみさんの“拉致現場""視察 弟・拓也さんは政府へいらだち",https://www.fnn.jp/articles/-/1098794,https://news.ceek.jp/search.cgi?category_id=local&feed=1,ok,,地方・地域
2026-08-22,2026-08-22T19:12:05.491683+09:00,その他メディア,,フジテレビ,"【コメ余り】「あまりにも安すぎる」民間在庫量“過去最大""で“仮渡し金""4割減 大幅下落+資材高騰で新潟の農家が危惧「経営成り立たなくなる」",https://www.fnn.jp/articles/-/1099508,https://news.ceek.jp/search.cgi?category_id=local&feed=1,ok,,地方・地域
2026-08-22,2026-08-22T19:12:05.491683+09:00,その他メディア,,上毛新聞,群馬県産日本酒が世界で高評価、 島岡酒造(太田市)、永井酒造(川場村) 国際品評会で受賞相次ぐ《ぐんま経済ウオッチ》,https://www.jomo-news.co.jp/articles/-/1006161,https://news.ceek.jp/search.cgi?category_id=local&feed=1,ok,,地方・地域
2026-08-22,2026-08-22T19:12:05.491683+09:00,その他メディア,,福島民報,田人の魅力再発見 初のバスツアー開催 断層崖見学やアート鑑賞 福島県いわき市,https://www.minpo.jp/articles/-/209850,https://news.ceek.jp/search.cgi?category_id=local&feed=1,ok,,地方・地域
2026-08-22,2026-08-22T19:12:05.491683+09:00,その他メディア,,TBSテレビ,"「うらじゃ」開幕!鮮やかな衣装で鬼メークの踊り子たち約3,400人が夏の街を彩る【おかやま桃太郎まつり】",https://newsdig.tbs.co.jp/articles/-/2889885?display=1,https://news.ceek.jp/search.cgi?category_id=local&feed=1,ok,,地方・地域
2026-08-22,2026-08-22T19:12:05.491683+09:00,地方紙,沖縄,琉球新報,キレッキレの漫才コンビ「囲碁将棋」、沖縄で単独ライブを開催<突撃ハイサイ気分>,https://ryukyushimpo.jp/entertainment/entry-5476447.html,https://news.ceek.jp/search.cgi?category_id=local&feed=1,ok,,地方・地域
2026-08-22,2026-08-22T19:12:05.491683+09:00,地方紙,沖縄,琉球新報,キレッキレの漫才コンビ「囲碁将棋」、沖縄で単独ライブを開催<突撃ハイサイ気分>(2ページ目),https://ryukyushimpo.jp/entertainment/entry-5476448.html,https://news.ceek.jp/search.cgi?category_id=local&feed=1,ok,,地方・地域
2026-08-22,2026-08-22T19:12:05.491683+09:00,地方紙,沖縄,琉球新報,キレッキレの漫才コンビ「囲碁将棋」、沖縄で単独ライブを開催<突撃ハイサイ気分>(3ページ目),https://ryukyushimpo.jp/news/entry-5476449.html,https://news.ceek.jp/search.cgi?category_id=local&feed=1,ok,,地方・地域
2026-08-22,2026-08-22T19:12:05.491683+09:00,全国紙,全国,朝日新聞,いわみコーラス、郷土の偉人の曲にこだわりおかあさんコーラス賞,https://www.asahi.com/articles/ASV8P1F0ZV8POXIE019M.html,https://news.ceek.jp/search.cgi?category_id=local&feed=1,ok,,地方・地域
2026-08-22,2026-08-22T19:12:05.491683+09:00,全国紙,全国,朝日新聞,高校野球は、まだ野球の「や」の字 無限大 井端弘和さんの観戦記,https://www.asahi.com/articles/ASV8Q2JHTV8QUTQP01CM.html,https://news.ceek.jp/search.cgi?category_id=local&feed=1,ok,,地方・地域
2026-08-22,2026-08-22T19:12:05.491683+09:00,地方紙,京都,京都新聞,京都府北部「そばづくり」通じた里山文化の継承 地域と市外からの参加者が成長を願う,https://www.kyoto-np.co.jp/articles/-/1776184,https://news.ceek.jp/search.cgi?category_id=local&feed=1,ok,,地方・地域
2026-08-22,2026-08-22T19:12:05.491683+09:00,その他メディア,,佐賀新聞,ホスピス医師・小澤竹俊さん講演 県民公開講座、8月30日に 唐津市文化体育館文化ホール,https://www.saga-s.co.jp/articles/-/1775984,https://news.ceek.jp/search.cgi?category_id=local&feed=1,ok,,地方・地域
2026-08-22,2026-08-22T19:12:05.491683+09:00,その他メディア,,佐賀新聞,生保協会の取り組み説明 県協会が消費者行政担当者と意見交換 佐賀市,https://www.saga-s.co.jp/articles/-/1775985,https://news.ceek.jp/search.cgi?category_id=local&feed=1,ok,,地方・地域
2026-08-22,2026-08-22T19:12:05.491683+09:00,その他メディア,,徳島新聞,消防広域化、県内自治体の足並みそろわず 消防力の低下や財政負担懸念,https://www.topics.or.jp/articles/-/1482486,https://news.ceek.jp/search.cgi?category_id=local&feed=1,ok,,地方・地域
2026-08-22,2026-08-22T19:12:05.491683+09:00,その他メディア,,北海道文化放送,"『花見』ならぬ『川見』札幌中心部流れる豊平川で...涼しく過ごす""夏のひととき""「海より少し安全かな」夏の風物詩になりつつ→幌平橋のイルミネーションも〈北海道札幌市〉",https://www.uhb.jp/news/single.html?id=61635,https://news.ceek.jp/search.cgi?category_id=local&feed=1,ok,,地方・地域
2026-08-22,2026-08-22T19:12:05.491683+09:00,その他メディア,,フジテレビ,"""未来のナース""が郡山市で職業体験!注射体験やケガの手当ても<福島県・郡山市>",https://www.fnn.jp/articles/-/1099514,https://news.ceek.jp/search.cgi?category_id=local&feed=1,ok,,地方・地域
2026-08-22,2026-08-22T19:12:05.491683+09:00,その他メディア,,フジテレビ,福島市が6億3000万円あまりの補正予算案を編成 子ども事業者に性犯罪歴確認の条例改正案も提出へ,https://www.fnn.jp/articles/-/1099515,https://news.ceek.jp/search.cgi?category_id=local&feed=1,ok,,地方・地域
2026-08-22,2026-08-22T19:12:05.491683+09:00,地方紙,新潟,新潟日報,郷土の英雄たたえる「第101回謙信公祭」、上越市で出陣行列勇壮に,https://www.niigata-nippo.co.jp/articles/-/892256,https://news.ceek.jp/search.cgi?category_id=local&feed=1,ok,,地方・地域
2026-08-22,2026-08-22T19:12:05.491683+09:00,地方紙,福岡,西日本新聞,リレーかもめ号・みどり号・ハウステンボス号・かささぎ号 交通障...,https://www.nishinippon.co.jp/item/1529535/,https://news.ceek.jp/search.cgi?category_id=local&feed=1,ok,,地方・地域
2026-08-22,2026-08-22T19:12:05.491683+09:00,地方紙,広島,中国新聞,がんを前向きに考える,https://www.chugoku-np.co.jp/articles/-/882506,https://news.ceek.jp/search.cgi?category_id=local&feed=1,ok,,地方・地域
2026-08-22,2026-08-22T19:12:05.491683+09:00,全国紙,全国,中日新聞,平本世中が26アンダーで首位 男子ゴルフ第3日,https://www.chunichi.co.jp/article/1300300,https://news.ceek.jp/search.cgi?category_id=local&feed=1,ok,,地方・地域
2026-08-22,2026-08-22T19:12:05.491683+09:00,その他メディア,,東海テレビ,医療従事者を目指す高校生が中部国際医療センターで現場体験 放射線技師志望の学生は最先端の陽子線治療を行う機械を見学,https://www.tokai-tv.com/tokainews/feature/article_20260822_47892,https://news.ceek.jp/search.cgi?category_id=local&feed=1,ok,,地方・地域
2026-08-22,2026-08-22T19:12:05.491683+09:00,地方紙,広島,中国新聞,平本世中が26アンダーで首位,https://www.chugoku-np.co.jp/articles/-/883254,https://news.ceek.jp/search.cgi?category_id=local&feed=1,ok,,地方・地域
2026-08-22,2026-08-22T19:12:05.491683+09:00,地方紙,広島,中国新聞,強制労働を調査し50年、北海道,https://www.chugoku-np.co.jp/articles/-/883252,https://news.ceek.jp/search.cgi?category_id=local&feed=1,ok,,地方・地域
2026-08-22,2026-08-22T19:12:05.491683+09:00,全国紙,全国,中日新聞,強制労働を調査し50年、北海道 「民衆史掘り起こし運動」,https://www.chunichi.co.jp/article/1300303,https://news.ceek.jp/search.cgi?category_id=local&feed=1,ok,,地方・地域
2026-08-22,2026-08-22T19:12:05.491683+09:00,その他メディア,,TBSテレビ,農作業中に落雷で外国籍の2人が死亡 22日で事故から6年 犠牲者を追悼する会 長野県小諸市,https://newsdig.tbs.co.jp/articles/-/2890035?display=1,https://news.ceek.jp/search.cgi?category_id=local&feed=1,ok,,地方・地域
2026-08-22,2026-08-22T19:12:05.491683+09:00,その他メディア,,秋田魁新報,東北吹奏楽コンクール・高校の部、明桜が全国大会へ,https://www.sakigake.jp/news/article/20260822AK0027/,https://news.ceek.jp/search.cgi?category_id=local&feed=1,ok,,地方・地域
2026-08-22,2026-08-22T19:12:05.491683+09:00,その他メディア,,宮崎日日新聞,物資、安否連絡、避難場所...震災発生後 生き抜く備えを 串間で航空自衛隊司令が講座,https://www.the-miyanichi.co.jp/chiiki-2/kennan/1030973.html,https://news.ceek.jp/search.cgi?category_id=local&feed=1,ok,,地方・地域
2026-08-22,2026-08-22T19:12:05.491683+09:00,地方紙,広島,中国新聞,中止のプロ野球,https://www.chugoku-np.co.jp/articles/-/883253,https://news.ceek.jp/search.cgi?category_id=local&feed=1,ok,,地方・地域
2026-08-22,2026-08-22T19:12:05.491683+09:00,全国紙,全国,中日新聞,中止のプロ野球,https://www.chunichi.co.jp/article/1300304,https://news.ceek.jp/search.cgi?category_id=local&feed=1,ok,,地方・地域
2026-08-22,2026-08-22T19:12:05.491683+09:00,その他メディア,,宮崎日日新聞,小丸川す~いすい 高鍋で親子らカヌー体験,https://www.the-miyanichi.co.jp/chiiki-2/koyusaito/1030985.html,https://news.ceek.jp/search.cgi?category_id=local&feed=1,ok,,地方・地域
2026-08-22,2026-08-22T19:12:05.491683+09:00,地方紙,広島,中国新聞,アクロバティックな踊り、観客魅了 ひろしま国際平和文化祭でダンスコンペ,https://www.chugoku-np.co.jp/articles/-/883240,https://news.ceek.jp/search.cgi?category_id=local&feed=1,ok,,地方・地域
2026-08-22,2026-08-22T19:12:05.491683+09:00,その他メディア,,フジテレビ,新潟市中央区新島町通で住宅火災 「建物から炎が上がっている」 消防が消火活動中,https://www.fnn.jp/articles/-/1099521,https://news.ceek.jp/search.cgi?category_id=local&feed=1,ok,,地方・地域
2026-08-22,2026-08-22T19:12:05.491683+09:00,その他メディア,,宮崎日日新聞,佐土原高生が宮崎イメージ巨大看板をデザイン 宮崎市のキング・スポーツパークに設置,https://www.the-miyanichi.co.jp/chiiki-2/kenou/1030979.html,https://news.ceek.jp/search.cgi?category_id=local&feed=1,ok,,地方・地域
2026-08-22,2026-08-22T19:12:05.491683+09:00,その他メディア,,山陰中央新聞,お悔やみ・島根8月22日(市町村届け出),https://www.sanin-chuo.co.jp/articles/-/1065411,https://news.ceek.jp/search.cgi?category_id=local&feed=1,ok,,地方・地域
2026-08-22,2026-08-22T19:12:05.491683+09:00,その他メディア,,日本テレビ,「みんなで頑張っていきましょう」国スポ・障スポ 式典の練習会 当日の動きを細かく確認,https://news.ntv.co.jp/category/society/ra5676071fea1648d7a1a7bd1d5807b564,https://news.ceek.jp/search.cgi?category_id=local&feed=1,ok,,地方・地域
2026-08-22,2026-08-22T19:12:05.491683+09:00,全国紙,全国,中日新聞,自治体の収入「確保される」 財務相、消費減税で減収の懸念に,https://www.chunichi.co.jp/article/1300302,https://news.ceek.jp/search.cgi?category_id=local&feed=1,ok,,地方・地域
2026-08-22,2026-08-22T19:12:05.491683+09:00,その他メディア,,上毛新聞,ペガサス、茨城に3-1で勝利,https://www.jomo-news.co.jp/articles/-/1006587,https://news.ceek.jp/search.cgi?category_id=local&feed=1,ok,,地方・地域
2026-08-22,2026-08-22T19:12:05.491683+09:00,全国紙,全国,中日新聞,中日旗争奪びわ湖レガッタが開幕 中学女子かじ付き4人スカルは瀬田中がおそろいの髪型で優勝,https://www.chunichi.co.jp/article/1300297,https://news.ceek.jp/search.cgi?category_id=local&feed=1,ok,,地方・地域
2026-08-22,2026-08-22T19:12:05.491683+09:00,その他メディア,,和歌山放送,県内の70代の男性、警察官を名乗る男らにだまされキャッシュカードをだまし取られる特殊詐欺/和歌山県警,https://news.wbs.co.jp/219429,https://news.ceek.jp/search.cgi?category_id=local&feed=1,ok,,地方・地域
2026-08-22,2026-08-22T19:12:05.491683+09:00,全国紙,全国,朝日新聞,右翼ポール際の飛球、あの甲子園がよぎった 健大高崎の石田雄星主将,https://www.asahi.com/articles/ASV8Q33CMV8QUNHB010M.html,https://news.ceek.jp/search.cgi?category_id=local&feed=1,ok,,地方・地域
2026-08-22,2026-08-22T19:12:05.491683+09:00,その他メディア,,札幌テレビ,【続報】日本百名山の幌尻岳で一時行方不明 登山目的で入山した女性が自力で下山 北海道平取町,https://www.stv.jp/news/stvnews/kiji/st26f193cc7db048a8b3be9791bba40de7.html,https://news.ceek.jp/search.cgi?category_id=local&feed=1,ok,,地方・地域
2026-08-22,2026-08-22T19:12:05.491683+09:00,その他メディア,,東海テレビ,アジア大会聖火リレーが名古屋でスタート フィギュア鍵山選手「一歩一歩大事にしながら」愛知県内40の自治体を約1000人が走る,https://www.tokai-tv.com/tokainews/feature/article_20260822_47891,https://news.ceek.jp/search.cgi?category_id=local&feed=1,ok,,地方・地域
2026-08-22,2026-08-22T19:12:05.491683+09:00,その他メディア,,大分合同新聞,全国中学校体育大会、ソフトテニス女子個人で松原・柳原組が準優勝,https://www.oita-press.co.jp/1010000000/2026/08/22/JDC2026082201671,https://news.ceek.jp/search.cgi?category_id=local&feed=1,ok,,地方・地域
2026-08-22,2026-08-22T19:12:05.491683+09:00,その他メディア,,高知新聞,高校生 歌って踊る 軽音楽・ダンスフェスに12校 高知県四万十市,https://www.kochinews.co.jp/article/detail/1037061,https://news.ceek.jp/search.cgi?category_id=local&feed=1,ok,,地方・地域
2026-08-22,2026-08-22T19:12:05.491683+09:00,地方紙,広島,中国新聞,投手陣踏ん張れず 先発の玉村昇悟、先制2ラン浴び「失投」 8月22日巨人戦,https://www.chugoku-np.co.jp/articles/-/883241,https://news.ceek.jp/search.cgi?category_id=local&feed=1,ok,,地方・地域
2026-08-22,2026-08-22T19:12:05.491683+09:00,その他メディア,,TBSテレビ,「がんばろう熊本」富山ドリームスがチャリティーマッチ 熊本地震の復興支援 富山,https://newsdig.tbs.co.jp/articles/-/2889636?display=1,https://news.ceek.jp/search.cgi?category_id=local&feed=1,ok,,地方・地域
2026-08-22,2026-08-22T19:12:05.491683+09:00,その他メディア,,TBSテレビ,バスケ女子日本代表恩塚亨元監督が中学生に指導「夢実現のポイントは」地元の大分県中津市で開催,https://newsdig.tbs.co.jp/articles/-/2890027?display=1,https://news.ceek.jp/search.cgi?category_id=local&feed=1,ok,,地方・地域
2026-08-22,2026-08-22T19:12:05.491683+09:00,その他メディア,,秋田魁新報,秋田市の雄物川花火大会、来年はやります! 実行委で再開決定,https://www.sakigake.jp/news/article/20260822AK0026/,https://news.ceek.jp/search.cgi?category_id=local&feed=1,ok,,地方・地域
