date,collected_at,category,region,newspaper,headline,url,source_url,status,error_message,topic
2026-08-19,2026-08-19T06:11:02.697166+09:00,全国紙,全国,読売新聞,,,,skipped,robots.txtが一般クローラー/AI系UAを名指しで包括的にDisallow。2024年1月のToS改定で自動収集・生成AI学習目的の収集を明示的に禁止しているため、自動取得の対象外とする。,
2026-08-19,2026-08-19T06:11:02.697166+09:00,全国紙,全国,朝日新聞,両親就寝の自宅に放火、殺人未遂容疑などで中学生逮捕 福岡・大牟田,http://www.asahi.com/articles/ASV8L4CQ0V8LTLTB00GM.html,https://www.asahi.com/rss/asahi/newsheadlines.rdf,ok,,社会
2026-08-19,2026-08-19T06:11:02.697166+09:00,全国紙,全国,朝日新聞,秋篠宮ご夫妻がパラグアイへ 移住90年、日系1世「感謝伝えたい」,http://www.asahi.com/articles/ASV8K0C7PV8KUTIL005M.html,https://www.asahi.com/rss/asahi/newsheadlines.rdf,ok,,社会
2026-08-19,2026-08-19T06:11:02.697166+09:00,全国紙,全国,朝日新聞,両陛下、宮中ゆかりの仏像を鑑賞 弘法大師生誕1250年記念特別展,http://www.asahi.com/articles/ASV8L3GBFV8LUTIL001M.html,https://www.asahi.com/rss/asahi/newsheadlines.rdf,ok,,社会
2026-08-19,2026-08-19T06:11:02.697166+09:00,全国紙,全国,朝日新聞,SNSで知り合った10代女児に性的暴行か カレー店経営者を逮捕,http://www.asahi.com/articles/ASV8L3PPLV8LUTIL01HM.html,https://www.asahi.com/rss/asahi/newsheadlines.rdf,ok,,社会
2026-08-19,2026-08-19T06:11:02.697166+09:00,全国紙,全国,朝日新聞,異常気象時はアンダーパス避けて 千葉豪雨で国がタクシー業界に通知,http://www.asahi.com/articles/ASV8L3RL3V8LUTIL01KM.html,https://www.asahi.com/rss/asahi/newsheadlines.rdf,ok,,社会
2026-08-19,2026-08-19T06:11:02.697166+09:00,全国紙,全国,朝日新聞,豪雨で路上に残る車両まだ600台 国や千葉県など官民、撤去で連携,http://www.asahi.com/articles/ASV8L3DG0V8LUDCB01BM.html,https://www.asahi.com/rss/asahi/newsheadlines.rdf,ok,,社会
2026-08-19,2026-08-19T06:11:02.697166+09:00,全国紙,全国,朝日新聞,那覇空港で自衛隊のF15戦闘機が立ち往生 滑走路1本が4時間閉鎖,http://www.asahi.com/articles/ASV8L1W6YV8LTPOB006M.html,https://www.asahi.com/rss/asahi/newsheadlines.rdf,ok,,社会
2026-08-19,2026-08-19T06:11:02.697166+09:00,全国紙,全国,朝日新聞,議事録偽造し1億9千万円借り入れ 「赤い羽根共同募金」元事務局長,http://www.asahi.com/articles/ASV8L2S5KV8LIIPE00SM.html,https://www.asahi.com/rss/asahi/newsheadlines.rdf,ok,,社会
2026-08-19,2026-08-19T06:11:02.697166+09:00,全国紙,全国,朝日新聞,殺人未遂罪で起訴の77歳被告 病院から不明に 勾留執行の停止中,http://www.asahi.com/articles/ASV8L2CQ5V8LIIPE00GM.html,https://www.asahi.com/rss/asahi/newsheadlines.rdf,ok,,社会
2026-08-19,2026-08-19T06:11:02.697166+09:00,全国紙,全国,朝日新聞,マンションの一室で火災、「爆発音がした」通報相次ぐ 千葉・木更津,http://www.asahi.com/articles/ASV8L1PKYV8LUDCB00LM.html,https://www.asahi.com/rss/asahi/newsheadlines.rdf,ok,,社会
2026-08-19,2026-08-19T06:11:02.697166+09:00,全国紙,全国,朝日新聞,延長十回、「ほんの一歩」届かず 有明、真っ向勝負でサヨナラ負け,http://www.asahi.com/articles/ASV8L4440V8LPTQP00MM.html,https://www.asahi.com/rss/asahi/newsheadlines.rdf,ok,,スポーツ
2026-08-19,2026-08-19T06:11:02.697166+09:00,全国紙,全国,朝日新聞,夏の甲子園、4強出そろう 健大高崎は初、横浜は18年ぶりの準決勝,http://www.asahi.com/articles/ASV8L3VZLV8LPTQP00WM.html,https://www.asahi.com/rss/asahi/newsheadlines.rdf,ok,,スポーツ
2026-08-19,2026-08-19T06:11:02.697166+09:00,全国紙,全国,朝日新聞,有明旋風、ベンチ入り全選手の言葉 工選手「甲子園は教えてくれた」,http://www.asahi.com/articles/ASV8L3WFNV8LOXIE05SM.html,https://www.asahi.com/rss/asahi/newsheadlines.rdf,ok,,スポーツ
2026-08-19,2026-08-19T06:11:02.697166+09:00,全国紙,全国,朝日新聞,健大高崎がしびれる投手戦でサヨナラ 有明も斉藤が九回まで無失点,http://www.asahi.com/articles/ASV8L351JV8LUQIP06JM.html,https://www.asahi.com/rss/asahi/newsheadlines.rdf,ok,,スポーツ
2026-08-19,2026-08-19T06:11:02.697166+09:00,全国紙,全国,朝日新聞,キャッチボールしようぜ! 12月に小学生の全国大会 兵庫・尼崎で,http://www.asahi.com/articles/ASV8L327LV8LPIHB001M.html,https://www.asahi.com/rss/asahi/newsheadlines.rdf,ok,,社会
2026-08-19,2026-08-19T06:11:02.697166+09:00,全国紙,全国,朝日新聞,短パン勤務、企業でじわり浸透 清潔感に配慮、除毛クリーム提供も,http://www.asahi.com/articles/ASV8K151GV8KULFA00PM.html,https://www.asahi.com/rss/asahi/newsheadlines.rdf,ok,,ビジネス
2026-08-19,2026-08-19T06:11:02.697166+09:00,全国紙,全国,朝日新聞,新潟産コシヒカリ、JA概算金は昨年比4割安 コメの在庫余りが影響,http://www.asahi.com/articles/ASV8L425CV8LUOHB008M.html,https://www.asahi.com/rss/asahi/newsheadlines.rdf,ok,,ビジネス
2026-08-19,2026-08-19T06:11:02.697166+09:00,全国紙,全国,朝日新聞,静岡の一番茶荒茶生産量が全国トップに 鹿児島抜き2年ぶり返り咲き,http://www.asahi.com/articles/ASV8L3QDXV8LUTPB00JM.html,https://www.asahi.com/rss/asahi/newsheadlines.rdf,ok,,ビジネス
2026-08-19,2026-08-19T06:11:02.697166+09:00,全国紙,全国,朝日新聞,長期金利3%の節目うかがう 利上げ観測に海外金利高、株価は大幅安,http://www.asahi.com/articles/ASV8L3TL3V8LULFA00NM.html,https://www.asahi.com/rss/asahi/newsheadlines.rdf,ok,,ビジネス
2026-08-19,2026-08-19T06:11:02.697166+09:00,全国紙,全国,朝日新聞,ANAとJAL、羽田―岡山で初ダイヤ調整 新幹線との競争も背景?,http://www.asahi.com/articles/ASV8L3JSPV8LULFA010M.html,https://www.asahi.com/rss/asahi/newsheadlines.rdf,ok,,ビジネス
2026-08-19,2026-08-19T06:11:02.697166+09:00,全国紙,全国,朝日新聞,日豪、ミサイル試験で協力へ 新型護衛艦輸出の拡大には課題も,http://www.asahi.com/articles/ASV8L3J9FV8LUTFK004M.html,https://www.asahi.com/rss/asahi/newsheadlines.rdf,ok,,政治
2026-08-19,2026-08-19T06:11:02.697166+09:00,全国紙,全国,朝日新聞,使用済み核燃料の乾式貯蔵、建設へ事前了解 福井県美浜町長が表明,http://www.asahi.com/articles/ASV8L3R5VV8LPGJB002M.html,https://www.asahi.com/rss/asahi/newsheadlines.rdf,ok,,政治
2026-08-19,2026-08-19T06:11:02.697166+09:00,全国紙,全国,朝日新聞,AIの学習データ、開示せずとも罰則なし 政府が事業者向けルール案,http://www.asahi.com/articles/ASV8L3JLXV8LUCVL00JM.html,https://www.asahi.com/rss/asahi/newsheadlines.rdf,ok,,政治
2026-08-19,2026-08-19T06:11:02.697166+09:00,全国紙,全国,朝日新聞,大阪都構想、特別区の区議総数は70人に 維新市議団が意見まとめる,http://www.asahi.com/articles/ASV8L357BV8LOXIE01FM.html,https://www.asahi.com/rss/asahi/newsheadlines.rdf,ok,,政治
2026-08-19,2026-08-19T06:11:02.697166+09:00,全国紙,全国,朝日新聞,中道、沖縄知事選は自主投票 立憲、公明の対応が割れる中で静観,http://www.asahi.com/articles/ASV8L2VKTV8LUTFK008M.html,https://www.asahi.com/rss/asahi/newsheadlines.rdf,ok,,政治
2026-08-19,2026-08-19T06:11:02.697166+09:00,全国紙,全国,朝日新聞,ICC赤根所長を制裁対象に、トランプ政権「悪意をもって権限乱用」,http://www.asahi.com/articles/ASV8L61W4V8LUHBI01QM.html,https://www.asahi.com/rss/asahi/newsheadlines.rdf,ok,,国際
2026-08-19,2026-08-19T06:11:02.697166+09:00,全国紙,全国,朝日新聞,「NY市」の首相拘束は可能だったのか? ICC非加盟の米国で波紋,http://www.asahi.com/articles/ASV8D62RSV8DUHBI00LM.html,https://www.asahi.com/rss/asahi/newsheadlines.rdf,ok,,国際
2026-08-19,2026-08-19T06:11:02.697166+09:00,全国紙,全国,朝日新聞,ミャンマー親軍政権トップ、プーチン氏と会談 ロシア訪問は14回目,http://www.asahi.com/articles/ASV8L5HNVV8LUHBI01PM.html,https://www.asahi.com/rss/asahi/newsheadlines.rdf,ok,,国際
2026-08-19,2026-08-19T06:11:02.697166+09:00,全国紙,全国,朝日新聞,米韓合同軍事演習の縮小を決定か トランプ氏の指示受け 韓国報道,http://www.asahi.com/articles/ASV8L4QRVV8LUHBI01NM.html,https://www.asahi.com/rss/asahi/newsheadlines.rdf,ok,,国際
2026-08-19,2026-08-19T06:11:02.697166+09:00,全国紙,全国,朝日新聞,イラン、米国に「数週間以内に覚書実行を」 応じなければ攻撃と警告,http://www.asahi.com/articles/ASV8L4G4HV8LUHBI006M.html,https://www.asahi.com/rss/asahi/newsheadlines.rdf,ok,,国際
2026-08-19,2026-08-19T06:11:02.697166+09:00,全国紙,全国,朝日新聞,西山朋佳女流三冠、福間香奈清麗からタイトル奪取 共に女流四冠に,http://www.asahi.com/articles/ASV8L3SQCV8LUCVL04KM.html,https://www.asahi.com/rss/asahi/newsheadlines.rdf,ok,,文化芸能
2026-08-19,2026-08-19T06:11:02.697166+09:00,全国紙,全国,朝日新聞,作曲家・久石譲さんがギネス世界記録 日米3公演で 「声援励みに」,http://www.asahi.com/articles/ASV8L2VPRV8LUCVL02QM.html,https://www.asahi.com/rss/asahi/newsheadlines.rdf,ok,,文化芸能
2026-08-19,2026-08-19T06:11:02.697166+09:00,全国紙,全国,朝日新聞,仙台市の「ポケモンGO」イベントが受験生に波紋 宿泊難に市が要請,http://www.asahi.com/articles/ASV8L2DK0V8LUNHB00CM.html,https://www.asahi.com/rss/asahi/newsheadlines.rdf,ok,,文化芸能
2026-08-19,2026-08-19T06:11:02.697166+09:00,全国紙,全国,朝日新聞,森高千里さん、熊本地震の被災地復興支援 事務所と1億2千万円寄付,http://www.asahi.com/articles/ASV8L1TXVV8LUCVL01TM.html,https://www.asahi.com/rss/asahi/newsheadlines.rdf,ok,,文化芸能
2026-08-19,2026-08-19T06:11:02.697166+09:00,全国紙,全国,朝日新聞,デジタル教科書、動画字幕など標準仕様へ 音声読み上げやルビも,http://www.asahi.com/articles/ASV8L24R3V8LUTIL003M.html,https://www.asahi.com/rss/asahi/newsheadlines.rdf,ok,,サイエンス
2026-08-19,2026-08-19T06:11:02.697166+09:00,全国紙,全国,朝日新聞,熊本地震の断層「1秒でグシャッと」 出現の瞬間捉えた動画2例目か,http://www.asahi.com/articles/ASV8K2Q9LV8KUTFL006M.html,https://www.asahi.com/rss/asahi/newsheadlines.rdf,ok,,サイエンス
2026-08-19,2026-08-19T06:11:02.697166+09:00,全国紙,全国,朝日新聞,「モネの池」が抹茶のよう かいぼりで水質改善後にアオコ 影響は?,http://www.asahi.com/articles/ASV8G7SMKV8GUTFL00DM.html,https://www.asahi.com/rss/asahi/newsheadlines.rdf,ok,,サイエンス
2026-08-19,2026-08-19T06:11:02.697166+09:00,全国紙,全国,朝日新聞,コマツ元社長の坂根正弘さん死去、85歳 経団連副会長など歴任,http://www.asahi.com/articles/ASV8L2JH5V8LULFA01FM.html,https://www.asahi.com/rss/asahi/newsheadlines.rdf,ok,,おくやみ
2026-08-19,2026-08-19T06:11:02.697166+09:00,全国紙,全国,朝日新聞,横浜高校野球部元監督の渡辺元智さんが死去 甲子園で春夏5度の優勝,http://www.asahi.com/articles/ASV8K35G3V8KULZU00DM.html,https://www.asahi.com/rss/asahi/newsheadlines.rdf,ok,,おくやみ
2026-08-19,2026-08-19T06:11:02.697166+09:00,全国紙,全国,朝日新聞,トミー・ジョンさん死去 投手のひじ手術の由来となった大リーガー,http://www.asahi.com/articles/ASV8J6WS7V8JUHBI002M.html,https://www.asahi.com/rss/asahi/newsheadlines.rdf,ok,,おくやみ
2026-08-19,2026-08-19T06:11:02.697166+09:00,全国紙,全国,毎日新聞,揺らぐ「平和」:「戦争は必然ではなかった」 井上寿一教授が説く「昭和100年」,https://mainichi.jp/articles/20260818/k00/00m/040/057000c,https://mainichi.jp/rss/etc/mainichi-flash.rss,ok,,ニュース
2026-08-19,2026-08-19T06:11:02.697166+09:00,全国紙,全国,毎日新聞,捨てる神あれば......92歳収集家が70年拾ってきた庶民生活の跡,https://mainichi.jp/articles/20260817/k00/00m/200/145000c,https://mainichi.jp/rss/etc/mainichi-flash.rss,ok,,ニュース
2026-08-19,2026-08-19T06:11:02.697166+09:00,全国紙,全国,毎日新聞,非核三原則「見直すべきだと思う」27% 男女で2.6倍の開き,https://mainichi.jp/articles/20260818/k00/00m/010/358000c,https://mainichi.jp/rss/etc/mainichi-flash.rss,ok,,ニュース
2026-08-19,2026-08-19T06:11:02.697166+09:00,全国紙,全国,毎日新聞,営農型太陽光発電に急ブレーキ? 国の新規制案に「足かせ」の声,https://mainichi.jp/articles/20260815/k00/00m/040/114000c,https://mainichi.jp/rss/etc/mainichi-flash.rss,ok,,ニュース
2026-08-19,2026-08-19T06:11:02.697166+09:00,全国紙,全国,毎日新聞,移民と社会:外国人採用急停止「よくやった」の声も 高市印「厳格化」の行方,https://mainichi.jp/articles/20260817/k00/00m/040/075000c,https://mainichi.jp/rss/etc/mainichi-flash.rss,ok,,ニュース
2026-08-19,2026-08-19T06:11:02.697166+09:00,全国紙,全国,毎日新聞,阪神、劇的な逆転勝ち 佐藤輝明、大山悠輔が2者連続アーチ,https://mainichi.jp/articles/20260818/k00/00m/050/370000c,https://mainichi.jp/rss/etc/mainichi-flash.rss,ok,,ニュース
2026-08-19,2026-08-19T06:11:02.697166+09:00,全国紙,全国,毎日新聞,バックネット裏の観客にも礼 丁寧な有明選手、最後まで礼儀貫く,https://mainichi.jp/articles/20260818/k00/00m/050/363000c,https://mainichi.jp/rss/etc/mainichi-flash.rss,ok,,ニュース
2026-08-19,2026-08-19T06:11:02.697166+09:00,全国紙,全国,毎日新聞,伝令・工に託した「楽しんでこい」 有明監督の感謝とワクワク,https://mainichi.jp/articles/20260818/k00/00m/050/353000c,https://mainichi.jp/rss/etc/mainichi-flash.rss,ok,,ニュース
2026-08-19,2026-08-19T06:11:02.697166+09:00,全国紙,全国,毎日新聞,健大高崎監督、決勝点の代走は「大会前に靱帯を...」 夏の甲子園,https://mainichi.jp/articles/20260818/k00/00m/050/351000c,https://mainichi.jp/rss/etc/mainichi-flash.rss,ok,,ニュース
2026-08-19,2026-08-19T06:11:02.697166+09:00,全国紙,全国,毎日新聞,プロ野球界の教え子たちにも感謝や悲しみ 渡辺元智さん死去受け,https://mainichi.jp/articles/20260818/k00/00m/050/354000c,https://mainichi.jp/rss/etc/mainichi-flash.rss,ok,,ニュース
2026-08-19,2026-08-19T06:11:02.697166+09:00,全国紙,全国,毎日新聞,健大高崎の「新・石垣」が有明を完封 重かった名字が「誇り」に,https://mainichi.jp/articles/20260818/k00/00m/050/345000c,https://mainichi.jp/rss/etc/mainichi-flash.rss,ok,,ニュース
2026-08-19,2026-08-19T06:11:02.697166+09:00,全国紙,全国,毎日新聞,松坂大輔さん「出会わなければ、ここにいない」 渡辺元智さん死去,https://mainichi.jp/articles/20260818/k00/00m/050/350000c,https://mainichi.jp/rss/etc/mainichi-flash.rss,ok,,ニュース
2026-08-19,2026-08-19T06:11:02.697166+09:00,全国紙,全国,毎日新聞,骨折の有明・工投手「斉藤がいたから自分も...」 夏の甲子園,https://mainichi.jp/articles/20260818/k00/00m/050/336000c,https://mainichi.jp/rss/etc/mainichi-flash.rss,ok,,ニュース
2026-08-19,2026-08-19T06:11:02.697166+09:00,全国紙,全国,毎日新聞,JALとANA、羽田-岡山間の冬ダイヤ発表 出発時間ずらし調整,https://mainichi.jp/articles/20260818/k00/00m/020/346000c,https://mainichi.jp/rss/etc/mainichi-flash.rss,ok,,ニュース
2026-08-19,2026-08-19T06:11:02.697166+09:00,全国紙,全国,毎日新聞,「誇りを胸に帰ってきて」 有明ナインに被災者拍手 夏の甲子園,https://mainichi.jp/articles/20260818/k00/00m/050/331000c,https://mainichi.jp/rss/etc/mainichi-flash.rss,ok,,ニュース
2026-08-19,2026-08-19T06:11:02.697166+09:00,全国紙,全国,毎日新聞,起債許可団体に転落の兵庫 財政の健全度、急激悪化の要因は,https://mainichi.jp/articles/20260818/k00/00m/010/338000c,https://mainichi.jp/rss/etc/mainichi-flash.rss,ok,,ニュース
2026-08-19,2026-08-19T06:11:02.697166+09:00,全国紙,全国,毎日新聞,100%ユウキ:石川祐希 首の故障も復帰まで「もうすぐ」 アジア選手権前取材,https://mainichi.jp/articles/20260818/k00/00m/050/315000c,https://mainichi.jp/rss/etc/mainichi-flash.rss,ok,,ニュース
2026-08-19,2026-08-19T06:11:02.697166+09:00,全国紙,全国,毎日新聞,「悔いなく楽しい夏だった」 有明・斉藤に涙なし 夏の甲子園,https://mainichi.jp/articles/20260818/k00/00m/050/308000c,https://mainichi.jp/rss/etc/mainichi-flash.rss,ok,,ニュース
2026-08-19,2026-08-19T06:11:02.697166+09:00,全国紙,全国,毎日新聞,「視野を広く」 横浜・織田が完封で体現した渡辺元智さんの教え,https://mainichi.jp/articles/20260818/k00/00m/050/301000c,https://mainichi.jp/rss/etc/mainichi-flash.rss,ok,,ニュース
2026-08-19,2026-08-19T06:11:02.697166+09:00,全国紙,全国,毎日新聞,「畑の地形まですっかり変わってしまった」千葉豪雨、農家の落胆,https://mainichi.jp/articles/20260818/k00/00m/040/305000c,https://mainichi.jp/rss/etc/mainichi-flash.rss,ok,,ニュース
2026-08-19,2026-08-19T06:11:02.697166+09:00,全国紙,全国,日本経済新聞,,,,skipped,公式無料RSSなし。著作権ページで自動収集を明確に禁止しているため、自動取得の対象外とする。,
2026-08-19,2026-08-19T06:11:02.697166+09:00,全国紙,全国,産経新聞,「約束守る政治」加速か失速か 迫る内閣改造、維新の入閣焦点 候補に「総務相」ポスト,https://www.sankei.com/article/20260818-WJH2EUN2MRPE7GJOZ3TCAEXUBQ/,https://www.sankei.com/,ok,,
2026-08-19,2026-08-19T06:11:02.697166+09:00,全国紙,全国,産経新聞,世界遺産認定 快挙生んだ考古学者の苦闘 百年にわたる魂の系譜...,https://www.sankei.com/article/20260815-QFGOV26NZFOPTOI5VG332AGYEA/,https://www.sankei.com/,ok,,
2026-08-19,2026-08-19T06:11:02.697166+09:00,全国紙,全国,産経新聞,政府が外国と疑われる不審アカウント把握 高市首相「選挙への影...,https://www.sankei.com/article/20260318-U6PW4754BNE3XKFYBTQWPKM65A/,https://www.sankei.com/,ok,,
2026-08-19,2026-08-19T06:11:02.697166+09:00,全国紙,全国,産経新聞,衆院選で国会議員の部屋割り一変 小沢、岡田、安住氏ら自民に明...,https://www.sankei.com/article/20260304-C5JCVB743FEVZMNEAU76GY4VNQ/,https://www.sankei.com/,ok,,
2026-08-19,2026-08-19T06:11:02.697166+09:00,全国紙,全国,産経新聞,立正佼成会が衆院選で中道103人推薦 公明合流影響か 前回立...,https://www.sankei.com/article/20260303-EHLBLQ2BTRCSVGSJVFHI5TBX4U/,https://www.sankei.com/,ok,,
2026-08-19,2026-08-19T06:11:02.697166+09:00,全国紙,全国,産経新聞,姿消す飲料自販機...割高で消費者離れ ガチャガチャ付きや独自決済アプリで各社がてこ入れ,https://www.sankei.com/article/20260818-QMMJGOFHPVKDFGCBU3MNCTFU54/,https://www.sankei.com/,ok,,
2026-08-19,2026-08-19T06:11:02.697166+09:00,全国紙,全国,産経新聞,「西高東低」で不満のメキシコを説得か 太平洋クロマグロ漁獲枠25%拡大の〝舞台裏〟,https://www.sankei.com/article/20260818-XXTYHYIXHZOU7JFFOP57JPSMFI/,https://www.sankei.com/,ok,,
2026-08-19,2026-08-19T06:11:02.697166+09:00,全国紙,全国,産経新聞,中国機2機、長崎の男女群島沖や沖縄沖の東シナ海を飛行 防衛省、スクランブル対応,https://www.sankei.com/article/20260818-3OCMVRGQF5NZDPINOPQAQEUNQQ/,https://www.sankei.com/,ok,,
2026-08-19,2026-08-19T06:11:02.697166+09:00,全国紙,全国,産経新聞,米韓合同演習、異例の途中打ち切りか 「週内で終了」韓国KBS報道,https://www.sankei.com/article/20260818-LF3RLX5KIVLQ7CEDWUI5FECTQY/,https://www.sankei.com/,ok,,
2026-08-19,2026-08-19T06:11:02.697166+09:00,全国紙,全国,産経新聞,ミドルパワーの「妄想捨てよ」と米国防次官 対中新冷戦で離反牽制も米国に対案なし,https://www.sankei.com/article/20260818-NZB67JKACVNJXE4MN3JPKWRPGY/,https://www.sankei.com/,ok,,
2026-08-19,2026-08-19T06:11:02.697166+09:00,全国紙,全国,産経新聞,いずれ為替は「1ドル=300円」に 日本の財政破綻の歴史は繰り返すだろう 渡邉美樹,https://www.sankei.com/article/20260818-EL7PS64VVFAS5PZ6B5CYEAOXTU/,https://www.sankei.com/,ok,,
2026-08-19,2026-08-19T06:11:02.697166+09:00,全国紙,全国,産経新聞,開店祝いの花に鳩山由紀夫元首相や羽生結弦さんの名前無断使用 麻辣湯チェーンと店が謝罪,https://www.sankei.com/article/20260818-GTONZ5QFX5HITG7GBP43BBJ3GU/,https://www.sankei.com/,ok,,
2026-08-19,2026-08-19T06:11:02.697166+09:00,全国紙,全国,産経新聞,新政治団体相次ぐ野党、国民・玉木氏「右か左かではなく、内か外か」国富流出の歯止め訴え,https://www.sankei.com/article/20260818-I6CXBSY2HFHS7ED2KN3T5I35CU/,https://www.sankei.com/,ok,,
2026-08-19,2026-08-19T06:11:02.697166+09:00,全国紙,全国,産経新聞,NBAの八村塁、故郷富山でのプレー希望 キャリアの「最後らへんじゃないですかね」,https://www.sankei.com/article/20260818-E3NMKCO7UJINVLNSOWQANLV5DA/,https://www.sankei.com/,ok,,
2026-08-19,2026-08-19T06:11:02.697166+09:00,全国紙,全国,産経新聞,ロシア外務省が警告「相応の対抗措置をとる権利ある」 プーチン氏の北方領土訪問批判巡り,https://www.sankei.com/article/20260818-JIWYEQEFNVKKXEEFJKZRNJWQEU/,https://www.sankei.com/,ok,,
2026-08-19,2026-08-19T06:11:02.697166+09:00,全国紙,全国,産経新聞,自律型AI時代をどう生き抜くか?次世代リーダー必見のカンファレンス開催,https://www.sankei.com/article/20260729-JONX5ORFAJBSBG4D2MGTPB6NP4/,https://www.sankei.com/,ok,,
2026-08-19,2026-08-19T06:11:02.697166+09:00,全国紙,全国,産経新聞,「ふくのわプロジェクト」で繋ぐ支援の輪 衣類が変えるパラスポーツの未来,https://www.sankei.com/article/20260407-TWVW43Z2BNAHLIGSULJSRHWT5Y/,https://www.sankei.com/,ok,,
2026-08-19,2026-08-19T06:11:02.697166+09:00,全国紙,全国,産経新聞,露占領のウクライナ原発で無人機爆発 1人死亡,https://www.sankei.com/article/20260818-VEHSIBAFBVJGFJSPJT2XWJLP3I/,https://www.sankei.com/,ok,,
2026-08-19,2026-08-19T06:11:02.697166+09:00,全国紙,全国,産経新聞,身寄りのない8人分の遺体放置、最長1年8カ月以...,https://www.sankei.com/article/20260818-LWNCC45F25IJ3LU5Z4XGG4UEG4/,https://www.sankei.com/,ok,,
2026-08-19,2026-08-19T06:11:02.697166+09:00,全国紙,全国,産経新聞,八王子市が飲酒運転職員を懲戒免職、過去にも事例,https://www.sankei.com/article/20260818-S3MLH42UJ5NNDKB3DHJCXEBWMA/,https://www.sankei.com/,ok,,
2026-08-19,2026-08-19T06:11:02.697166+09:00,全国紙,全国,東京新聞,14歳から生きるために売春...悪いのはわたし?買う男性? 売春防止法見直し議論で訴えたいこと,https://www.tokyo-np.co.jp/article/509334,https://www.tokyo-np.co.jp/,ok,,
2026-08-19,2026-08-19T06:11:02.697166+09:00,全国紙,全国,東京新聞,性加害歴ある漫画原作者を「マンガワン」に再起用したのは誰? 小学館の新旧編集長は責任を押し付け合い,https://www.tokyo-np.co.jp/article/509373,https://www.tokyo-np.co.jp/,ok,,
2026-08-19,2026-08-19T06:11:02.697166+09:00,全国紙,全国,東京新聞,動けなくなった水没車、補償はどうなる? 自賠責は対象外 冠水路に弱いのはガソリン車とEVどちら?,https://www.tokyo-np.co.jp/article/509392,https://www.tokyo-np.co.jp/,ok,,
2026-08-19,2026-08-19T06:11:02.697166+09:00,全国紙,全国,東京新聞,「配慮に欠けた」リモート学習2カ月を強制したのはなぜ...生徒間トラブル対応、江東区教委の最終報告は,https://www.tokyo-np.co.jp/article/509360,https://www.tokyo-np.co.jp/,ok,,
2026-08-19,2026-08-19T06:11:02.697166+09:00,全国紙,全国,東京新聞,〈政治まんが〉「夏休みの自由研究」 佐藤正明傑作選「一笑両断2」販売中,https://www.tokyo-np.co.jp/article/509359,https://www.tokyo-np.co.jp/,ok,,
2026-08-19,2026-08-19T06:11:02.697166+09:00,全国紙,全国,東京新聞,2兆円規模、秋田に日本最大級「データセンター」建設計画...政府が押し進める「地方分散」のリスクは,https://www.tokyo-np.co.jp/article/509391,https://www.tokyo-np.co.jp/,ok,,
2026-08-19,2026-08-19T06:11:02.697166+09:00,全国紙,全国,東京新聞,都連は反対表明、新政治団体の設立...迷走する中道・立憲民主・公明の3党合流、着地点がまだ見えない,https://www.tokyo-np.co.jp/article/509383,https://www.tokyo-np.co.jp/,ok,,
2026-08-19,2026-08-19T06:11:02.697166+09:00,全国紙,全国,東京新聞,ペリリュー島で集団埋葬地発見、始まった遺骨収集...それでも高齢遺族には諦観「父が戻るわけでもない」,https://www.tokyo-np.co.jp/article/509324,https://www.tokyo-np.co.jp/,ok,,
2026-08-19,2026-08-19T06:11:02.697166+09:00,全国紙,全国,東京新聞,「イランと協議予定なし」 トランプ氏、機雷撤去主張,https://www.tokyo-np.co.jp/article/509414,https://www.tokyo-np.co.jp/,ok,,
2026-08-19,2026-08-19T06:11:02.697166+09:00,全国紙,全国,東京新聞,米国がICC赤根所長に制裁 「国家主権に攻撃認めず」,https://www.tokyo-np.co.jp/article/509412,https://www.tokyo-np.co.jp/,ok,,
2026-08-19,2026-08-19T06:11:02.697166+09:00,全国紙,全国,東京新聞,日本軍撤退が新たな悲劇の発端に...支配する国が変わっても東ティモールの人々は「犠牲者でしかなかった」,https://www.tokyo-np.co.jp/article/509346,https://www.tokyo-np.co.jp/,ok,,
2026-08-19,2026-08-19T06:11:02.697166+09:00,全国紙,全国,東京新聞,防衛省、水中発射ミサイル開発へ 反撃能力、無人潜水艇搭載,https://www.tokyo-np.co.jp/article/509409,https://www.tokyo-np.co.jp/,ok,,
2026-08-19,2026-08-19T06:11:02.697166+09:00,全国紙,全国,東京新聞,天皇、皇后両陛下、空海ゆかりの仏像や国宝絵巻などを鑑賞 東京国立博物館で,https://www.tokyo-np.co.jp/article/509382,https://www.tokyo-np.co.jp/,ok,,
2026-08-19,2026-08-19T06:11:02.697166+09:00,全国紙,全国,東京新聞,藤井聡太王位が封じて2日目へ...立会人の深浦康市九段「2人とも深い読み合い続けている」 王位戦第4局,https://www.tokyo-np.co.jp/article/509381,https://www.tokyo-np.co.jp/,ok,,
2026-08-19,2026-08-19T06:11:02.697166+09:00,全国紙,全国,東京新聞,ロシア、日本大使呼び出し抗議 北方領土巡り、高市氏発言に反発,https://www.tokyo-np.co.jp/article/509353,https://www.tokyo-np.co.jp/,ok,,
2026-08-19,2026-08-19T06:11:02.697166+09:00,全国紙,全国,東京新聞,スキマバイトで「カイジの世界」を見た高校生からのメール 仮眠は土足の床、「左手輪ゴムの人」と呼ばれ...,https://www.tokyo-np.co.jp/article/377300,https://www.tokyo-np.co.jp/,ok,,
2026-08-19,2026-08-19T06:11:02.697166+09:00,全国紙,全国,東京新聞,ガチ中華界「巨匠」の故郷、黒竜江省の味を求め「味坊鉄鍋荘」へ 次の一手は「シン・町中華」,https://www.tokyo-np.co.jp/article/507785,https://www.tokyo-np.co.jp/,ok,,tag_movie
2026-08-19,2026-08-19T06:11:02.697166+09:00,全国紙,全国,東京新聞,〈動画〉望月衣塑子記者が漫画家・小林よしのり氏に聞く 皇室典範改正 「男系男子」に固執するリスクとは,https://www.tokyo-np.co.jp/article/508332,https://www.tokyo-np.co.jp/,ok,,tag_movie
2026-08-19,2026-08-19T06:11:02.697166+09:00,全国紙,全国,東京新聞,〈動画〉世耕弘成氏の自民党復党、結論を持ち越し 派閥裏金事件で離党、旧安倍派幹部「5人衆」,https://www.tokyo-np.co.jp/article/507018,https://www.tokyo-np.co.jp/,ok,,tag_movie
2026-08-19,2026-08-19T06:11:02.697166+09:00,全国紙,全国,東京新聞,Uターンラッシュ東京駅は大混雑 帰省中に大雨「家が少し心配」,https://www.tokyo-np.co.jp/article/508987,https://www.tokyo-np.co.jp/,ok,,square
2026-08-19,2026-08-19T06:11:02.697166+09:00,全国紙,全国,中日新聞,熊本地震 義援金受け付けています,https://www.chunichi.co.jp/article/1291440,https://www.chunichi.co.jp/,ok,,
2026-08-19,2026-08-19T06:11:02.697166+09:00,全国紙,全国,中日新聞,「負けるべくして負けた」幻の名古屋オリンピック誘致から45年、挫折経験した関係者もアジア大会心待ち,https://www.chunichi.co.jp/article/1298424,https://www.chunichi.co.jp/,ok,,
2026-08-19,2026-08-19T06:11:02.697166+09:00,全国紙,全国,中日新聞,アジア大会「成功」のカギ握るチケット売れ行き 「危機感ある」集客へ、東京・大阪でもPR,https://www.chunichi.co.jp/article/1298417,https://www.chunichi.co.jp/,ok,,
2026-08-19,2026-08-19T06:11:02.697166+09:00,全国紙,全国,中日新聞,アジア・アジアパラ大会、午後4時以降に入場可能なチケット販売へ 19日に受け付け開始,https://www.chunichi.co.jp/article/1298430,https://www.chunichi.co.jp/,ok,,
2026-08-19,2026-08-19T06:11:02.697166+09:00,全国紙,全国,中日新聞,「イランと協議予定なし」 トランプ氏、機雷撤去主張,https://www.chunichi.co.jp/article/1298445,https://www.chunichi.co.jp/,ok,,
2026-08-19,2026-08-19T06:11:02.697166+09:00,全国紙,全国,中日新聞,「拝金主義がはびこっている」愛知県警組織犯罪特別捜査課長が明かすカンボジア拠点特殊詐欺事件捜査の内幕,https://www.chunichi.co.jp/article/1298421,https://www.chunichi.co.jp/,ok,,
2026-08-19,2026-08-19T06:11:02.697166+09:00,全国紙,全国,中日新聞,犬山小1女児死亡、母親を傷害罪で追起訴 名古屋地検、亡くなる2カ月前に暴行か,https://www.chunichi.co.jp/article/1298429,https://www.chunichi.co.jp/,ok,,
2026-08-19,2026-08-19T06:11:02.697166+09:00,全国紙,全国,中日新聞,「企業版ふるさと納税」開始10年、愛知県への寄付5億円超え 企業にも自治体にもメリットで制度定着,https://www.chunichi.co.jp/article/1298343,https://www.chunichi.co.jp/,ok,,
2026-08-19,2026-08-19T06:11:02.697166+09:00,全国紙,全国,中日新聞,「愛知・名古屋アジア大会の意義、市民も考えて」 2002年釜山大会経験の南山大学講師・林徳仁さん,https://www.chunichi.co.jp/article/1298323,https://www.chunichi.co.jp/,ok,,
2026-08-19,2026-08-19T06:11:02.697166+09:00,全国紙,全国,中日新聞,変わる東海地方の中学受験「勢力図」 受験者急増な私立の2校、人気集まる秘密を探ると・・・,https://www.chunichi.co.jp/article/1297604,https://www.chunichi.co.jp/,ok,,
2026-08-19,2026-08-19T06:11:02.697166+09:00,全国紙,全国,中日新聞,地下鉄東山線で「こげ臭いにおいがする」と通報、全線で一時運転見合わせ 異臭の原因は不明,https://www.chunichi.co.jp/article/1298024,https://www.chunichi.co.jp/,ok,,
2026-08-19,2026-08-19T06:11:02.697166+09:00,全国紙,全国,中日新聞,中日・サノー「ここで打っていないのは知ってた」マツダで2打席連発初球打ち「練習はウソをつかない」量産態勢再び突入,https://www.chunichi.co.jp/article/1298426,https://www.chunichi.co.jp/,ok,,
2026-08-19,2026-08-19T06:11:02.697166+09:00,全国紙,全国,中日新聞,「移民ビジネス」外国人の受け入れを巡る現実と課題,https://www.chunichi.co.jp/article/1233264,https://www.chunichi.co.jp/,ok,,
2026-08-19,2026-08-19T06:11:02.697166+09:00,全国紙,全国,中日新聞,【南山大&中日新聞ポッドキャスト企画】アメリカを考える~独立宣言から250年の大変動,https://www.chunichi.co.jp/article/1270383,https://www.chunichi.co.jp/,ok,,
2026-08-19,2026-08-19T06:11:02.697166+09:00,全国紙,全国,中日新聞,【第1部・外国人団地】共生を目指す外国人労働者の姿を描く,https://www.chunichi.co.jp/article/1237076,https://www.chunichi.co.jp/,ok,,
2026-08-19,2026-08-19T06:11:02.697166+09:00,全国紙,全国,中日新聞,読者が選んだグッとコラム大賞は...?,https://www.chunichi.co.jp/article/1230731,https://www.chunichi.co.jp/,ok,,
2026-08-19,2026-08-19T06:11:02.697166+09:00,全国紙,全国,中日新聞,【デジタル地図】南海トラフ巨大地震の想定震度マップ。あなたの地域の想定震度をチェック,https://www.chunichi.co.jp/article/1046009,https://www.chunichi.co.jp/,ok,,
2026-08-19,2026-08-19T06:11:02.697166+09:00,全国紙,全国,中日新聞,【動画、写真多数】圧巻の熊野大花火大会、光と音のエンターテインメント 七里御浜海岸,https://www.chunichi.co.jp/article/1297619,https://www.chunichi.co.jp/,ok,,video
2026-08-19,2026-08-19T06:11:02.697166+09:00,全国紙,全国,中日新聞,【動画】新野の盆踊り 長野・阿南町、声だけで踊り新盆の御霊を送る,https://www.chunichi.co.jp/article/1297677,https://www.chunichi.co.jp/,ok,,video
2026-08-19,2026-08-19T06:11:02.697166+09:00,全国紙,全国,中日新聞,【動画】東海市の大同特殊鋼知多工場の火災、鎮火の見通し立たず 大量の廃棄物、消火困難な理由は,https://www.chunichi.co.jp/article/1296515,https://www.chunichi.co.jp/,ok,,video
2026-08-19,2026-08-19T06:11:02.697166+09:00,地方紙,北海道,北海道新聞,,,,skipped,公式RSSはあるが、見出し・本文の公開(再配信)を認めない旨の規約があるため自動取得の対象外とする。,
2026-08-19,2026-08-19T06:11:02.697166+09:00,地方紙,宮城,河北新報,,,,skipped,robots.txtが/rss/をDisallowしておりRSS購読不可。私的利用限定・二次利用禁止の規約があるため自動取得の対象外とする。,
2026-08-19,2026-08-19T06:11:02.697166+09:00,地方紙,新潟,新潟日報,,,,skipped,利用規約でデータマイニング・テキストマイニング・AI学習目的の情報処理・解析利用を明示的に禁止しているため自動取得の対象外とする。,
2026-08-19,2026-08-19T06:11:02.697166+09:00,地方紙,長野,信濃毎日新聞,北アルプス“遭難の危険性が高い”ルートが人気 ネット動画で流行、技術なく装備ない登山者も08/19 06:05北アルプスで近年、一般登山道から外れ、ロープも必要となる「バリエーションルート」や、技術的に難しい登山道が人気を集めている。登山記録を紹介するインターネット動画などの流行が背景だが、遭難の危険性は高く、県警山岳遭難救助隊などは技術を高めた上で、十分な体力を持って登るよう呼びかけている。 ■ネット動...,https://www.shinmai.co.jp/news/article/gf01da238c0h93r5kired850,https://www.shinmai.co.jp/,ok,,
2026-08-19,2026-08-19T06:11:02.697166+09:00,地方紙,長野,信濃毎日新聞,【熊本地震】長野県から今できる支援は?情報をまとめました08/04 17:00,https://www.shinmai.co.jp/news/article/SHEX2026080300004812,https://www.shinmai.co.jp/,ok,,
2026-08-19,2026-08-19T06:11:02.697166+09:00,地方紙,長野,信濃毎日新聞,【独自】長野県の中学生、半数が「AI利用に不安ない」 県内初の調査で浮かんだ実態08/19 06:03,https://www.shinmai.co.jp/news/article/gf01da253t1gf3e481imfnt0,https://www.shinmai.co.jp/,ok,,
2026-08-19,2026-08-19T06:11:02.697166+09:00,地方紙,長野,信濃毎日新聞,長野市、戸隠スキー場の再整備を検討へ 夏も利用できるリフトに更新も08/19 06:02,https://www.shinmai.co.jp/news/article/gf01da21f00h93r5kirecorg,https://www.shinmai.co.jp/,ok,,
2026-08-19,2026-08-19T06:11:02.697166+09:00,地方紙,長野,信濃毎日新聞,軍事研究、科学者の倫理は 宇宙物理学者が懸念する「軍学共同」の動き(軽井沢町)08/19 06:01,https://www.shinmai.co.jp/news/article/gf01da20he9gf3e481imemh0,https://www.shinmai.co.jp/,ok,,
2026-08-19,2026-08-19T06:11:02.697166+09:00,地方紙,長野,信濃毎日新聞,おくやみ(8月19日付)08/19 06:00,https://www.shinmai.co.jp/news/article/gf01da238cgh93r5kired870,https://www.shinmai.co.jp/,ok,,
2026-08-19,2026-08-19T06:11:02.697166+09:00,地方紙,長野,信濃毎日新聞,2上伊那のご当地ナンバー「導入反対」が過半数 地元住民アンケートの結果、検討を終了,https://www.shinmai.co.jp/news/article/gf01da238ehgf3e481imfdmg,https://www.shinmai.co.jp/,ok,,
2026-08-19,2026-08-19T06:11:02.697166+09:00,地方紙,長野,信濃毎日新聞,3「死ぬかもしれない」 南アルプスで遭難・救助された男性が語った山上での熱中症の恐怖,https://www.shinmai.co.jp/news/article/gf01da1h9e9gf3e481imcov0,https://www.shinmai.co.jp/,ok,,
2026-08-19,2026-08-19T06:11:02.697166+09:00,地方紙,長野,信濃毎日新聞,4須坂市のふるさと納税問題 三木市長、元職員の説明巡り「認識と異なる部分がある」,https://www.shinmai.co.jp/news/article/gf01da253p1gf3e481imfns0,https://www.shinmai.co.jp/,ok,,
2026-08-19,2026-08-19T06:11:02.697166+09:00,地方紙,長野,信濃毎日新聞,5おくやみ速報(8月19日付分),https://www.shinmai.co.jp/news/article/gf01da238aoh93r5kired840,https://www.shinmai.co.jp/,ok,,
2026-08-19,2026-08-19T06:11:02.697166+09:00,地方紙,長野,信濃毎日新聞,6下伊那郡内で強盗致傷などの疑い 千曲市の39歳を逮捕,https://www.shinmai.co.jp/news/article/gf01da26e7gh93r5kirednc0,https://www.shinmai.co.jp/,ok,,
2026-08-19,2026-08-19T06:11:02.697166+09:00,地方紙,長野,信濃毎日新聞,7無賃乗車で詐欺罪に問われた松本市の被告に拘禁刑1年6月求刑 弁護側は無罪主張,https://www.shinmai.co.jp/news/article/gf01da26e28h93r5kirednbg,https://www.shinmai.co.jp/,ok,,
2026-08-19,2026-08-19T06:11:02.697166+09:00,地方紙,長野,信濃毎日新聞,8出産した男児への殺人未遂疑い 逮捕された長野市の女子高生、容疑を否認「記憶にありません」,https://www.shinmai.co.jp/news/article/gf01da24krhgf3e481imfkv0,https://www.shinmai.co.jp/,ok,,
2026-08-19,2026-08-19T06:11:02.697166+09:00,地方紙,長野,信濃毎日新聞,9松商軟式野球部、24日に全国大会初戦 「硬式野球部の分まで返すプレーを見せる」決意,https://www.shinmai.co.jp/news/article/gf01da26egoh93r5kiredne0,https://www.shinmai.co.jp/,ok,,
2026-08-19,2026-08-19T06:11:02.697166+09:00,地方紙,長野,信濃毎日新聞,10諏訪郡内で詐欺疑い、大阪府の少年を逮捕 「受け子」か,https://www.shinmai.co.jp/news/article/gf01da26e98h93r5kiredncg,https://www.shinmai.co.jp/,ok,,
2026-08-19,2026-08-19T06:11:02.697166+09:00,地方紙,長野,信濃毎日新聞,【4コマ】諏訪湖の夜はここから【ここがわからんばい!信州】長野県主要くらし・話題ウェブオリジナル諏訪湖ここがわからんばい!信州08/18 11:30,https://www.shinmai.co.jp/news/article/gf01da17030h93r5kire8qmg,https://www.shinmai.co.jp/,ok,,
2026-08-19,2026-08-19T06:11:02.697166+09:00,地方紙,長野,信濃毎日新聞,凍傷の記憶しかない北アルプス唐松岳 霧も晴れて楽しい夏山を満喫【動画付き】長野県社会主要信州の山イブニング信毎ウェブオリジナル温泉めぐり北アルプスタカシが行く08/17 08:00,https://www.shinmai.co.jp/news/article/gf01da0m5upgf3e481im95vg,https://www.shinmai.co.jp/,ok,,
2026-08-19,2026-08-19T06:11:02.697166+09:00,地方紙,長野,信濃毎日新聞,穂高連峰や槍ヶ岳とは違う難しさと満足感 北アルプス餓鬼岳に挑む【動画付き】長野県社会安全登山・遭難信州の山ウェブオリジナルイブニング信毎北アルプスタカシが行く大町市08/16 12:30,https://www.shinmai.co.jp/news/article/gf01da087p8h93r5kire5ve0,https://www.shinmai.co.jp/,ok,,
2026-08-19,2026-08-19T06:11:02.697166+09:00,地方紙,長野,信濃毎日新聞,【動画付き】「ガチなロケ」で成長 元SBC・前田恵里花アナの今 「エリカ様」が長野県を離れて描く目標長野県主要文化・芸能ウェブオリジナルイブニング信毎08/16 06:05,https://www.shinmai.co.jp/news/article/gf01da07cngh93r5kire5qqg,https://www.shinmai.co.jp/,ok,,
2026-08-19,2026-08-19T06:11:02.697166+09:00,地方紙,長野,信濃毎日新聞,千葉県の豪雨でも観測 各地で甚大な被害をもたらす「線状降水帯」を正しく理解する長野県社会主要気象・災害ウェブオリジナルイブニング信毎語る@信州08/15 06:01,https://www.shinmai.co.jp/news/article/gf01d9q8jnem5strh1fahll0,https://www.shinmai.co.jp/,ok,,
2026-08-19,2026-08-19T06:11:02.697166+09:00,地方紙,静岡,静岡新聞,,,https://www.at-s.com/,error,405 Client Error: Not Allowed for url: https://www.at-s.com/,
2026-08-19,2026-08-19T06:11:02.697166+09:00,地方紙,京都,京都新聞,人事異動ポータル,https://www.kyoto-np.co.jp/articles/-/1250583,https://www.kyoto-np.co.jp/,ok,,
2026-08-19,2026-08-19T06:11:02.697166+09:00,地方紙,京都,京都新聞,速報更迭のウクライナ前国防相が選挙要求,https://www.kyoto-np.co.jp/articles/-/1774265,https://www.kyoto-np.co.jp/,ok,,
2026-08-19,2026-08-19T06:11:02.697166+09:00,地方紙,京都,京都新聞,1泊最高300万円「帝国ホテル京都」は誰が泊まっているのか 総支配人が語る名門ならではの魅力とは4:55市内京都の花街に今春、二つの高級ホテルが誕生した。祇園甲部の「帝国ホテル京都」(京都市東山区)と宮川町の「カペラ京都」(同)。日本の名門と新進...,https://www.kyoto-np.co.jp/articles/-/1774054,https://www.kyoto-np.co.jp/,ok,,
2026-08-19,2026-08-19T06:11:02.697166+09:00,地方紙,京都,京都新聞,【独自】京都市で介助中のヘルパー、重度障害者を放置し2時間半パチンコ 市が「中抜け」虐待初認定5:00市内京都市内で2月、重度心身障害がある一人暮らしの男性を介助していた男性ヘルパーが、2時間半にわたり現場を抜け出した事案があり、市が障害者虐待...,https://www.kyoto-np.co.jp/articles/-/1773989,https://www.kyoto-np.co.jp/,ok,,
2026-08-19,2026-08-19T06:11:02.697166+09:00,地方紙,京都,京都新聞,京都市、35°C以上の「猛暑時間」大阪市の2倍、東京都の5倍 近年大幅増で「危険な暑さ」長く続く街に4:55地域毎年のように厳しい暑さが続く京都市では、猛暑日の基準である最高気温35度以上となる時間が、全国トップ級に長いことが気象庁のデータから分かっ...,https://www.kyoto-np.co.jp/articles/-/1773238,https://www.kyoto-np.co.jp/,ok,,
2026-08-19,2026-08-19T06:11:02.697166+09:00,地方紙,京都,京都新聞,京都市の難関中学でも実績上げる塾大手「浜学園」の強み 学園長が語る「最後の差」を生む力とは4:50京都全国の中学受験における最難関校・灘中(神戸市)。その灘を目指す子が通う塾の代表格として高い知名度を誇るのが、浜学園(兵庫県西宮市)だ。毎年...,https://www.kyoto-np.co.jp/articles/-/1767554,https://www.kyoto-np.co.jp/,ok,,
2026-08-19,2026-08-19T06:11:02.697166+09:00,地方紙,京都,京都新聞,京都市中心部で徳川将軍家の「大パレード」400年ぶり再現へ 約3時間の行列ルート、どこを通る?5:00市内400年前の江戸時代前期に徳川将軍家が後水尾天皇を二条城でもてなした「寛永行幸(かんえいぎょうこう)」の行列を再現するルートを、京都府や京...,https://www.kyoto-np.co.jp/articles/-/1774140,https://www.kyoto-np.co.jp/,ok,,
2026-08-19,2026-08-19T06:11:02.697166+09:00,地方紙,京都,京都新聞,京都市伏見区の病院「廃止は絶対あかん」保護者ら存続訴え 多様な子ども支援「存在価値むしろ高まる」5:10市内京都市桃陽病院(伏見区)を事実上廃止する方向性を18日、有識者でつくる検討会が示した。入院治療しながら隣接の桃陽総合支援学校に通うことがで...,https://www.kyoto-np.co.jp/articles/-/1774128,https://www.kyoto-np.co.jp/,ok,,
2026-08-19,2026-08-19T06:11:02.697166+09:00,地方紙,京都,京都新聞,祇園祭を描いた江戸時代の祭礼図、日欧の3点が初集結へ スイスの美術館が計画「エネルギー伝えたい」5:05市内スイス・チューリヒ市の美術館が来年5月から、日欧に分かれて所蔵されている祇園祭礼図を集めた展示を計画している。京都で2024年に修復した「...,https://www.kyoto-np.co.jp/articles/-/1774120,https://www.kyoto-np.co.jp/,ok,,
2026-08-19,2026-08-19T06:11:02.697166+09:00,地方紙,京都,京都新聞,【高校野球】秋季京都府高校野球がいよいよ開幕!1、2年生で注目のバッターはどの学校に?5:01京都,https://www.kyoto-np.co.jp/articles/-/1772265,https://www.kyoto-np.co.jp/,ok,,
2026-08-19,2026-08-19T06:11:02.697166+09:00,地方紙,京都,京都新聞,京都の鬼も来ちゃう?大阪府茨木市の複合施設にわずか3年足らずで500万人が来館した理由4:45地域,https://www.kyoto-np.co.jp/articles/-/1769798,https://www.kyoto-np.co.jp/,ok,,
2026-08-19,2026-08-19T06:11:02.697166+09:00,地方紙,京都,京都新聞,京都サンガのDF加藤蓮が見つめるチームの可能性 「もうちょっと自信を持ってつなげると...」 一問一答8月18日地域,https://www.kyoto-np.co.jp/articles/-/1773568,https://www.kyoto-np.co.jp/,ok,,
2026-08-19,2026-08-19T06:11:02.697166+09:00,地方紙,京都,京都新聞,京都サンガのMF尹星俊が後半リズムを変えられた要因は 本人は「もっともっとできないと駄目」 一問一答8月18日地域,https://www.kyoto-np.co.jp/articles/-/1773567,https://www.kyoto-np.co.jp/,ok,,
2026-08-19,2026-08-19T06:11:02.697166+09:00,地方紙,京都,京都新聞,「まず2年間で立て直す」日本食材卸とタカラバイオの事業で宝HD木村社長 自社調味料の輸出強化へ8月18日市内,https://www.kyoto-np.co.jp/articles/-/1773436,https://www.kyoto-np.co.jp/,ok,,
2026-08-19,2026-08-19T06:11:02.697166+09:00,地方紙,京都,京都新聞,清酒販売量「世界一」京都企業が総力結集し「反転攻勢」へ SAKEブーム乗れずさえない業績...逆襲道筋は?8月18日市内,https://www.kyoto-np.co.jp/articles/-/1773437,https://www.kyoto-np.co.jp/,ok,,
2026-08-19,2026-08-19T06:11:02.697166+09:00,地方紙,京都,京都新聞,大阪レトロ工場から日本全土へ広がる超絶技巧「食品サンプル」 時代映す鏡、過去には破壊横行...なぜ?8月18日地域,https://www.kyoto-np.co.jp/articles/-/1768413,https://www.kyoto-np.co.jp/,ok,,
2026-08-19,2026-08-19T06:11:02.697166+09:00,地方紙,京都,京都新聞,京都産業大学の「就職先ランキング」トップ10 首位交代や住宅メーカー躍進、圏外からランクインも8月17日市内,https://www.kyoto-np.co.jp/articles/-/1770746,https://www.kyoto-np.co.jp/,ok,,
2026-08-19,2026-08-19T06:11:02.697166+09:00,地方紙,京都,京都新聞,「日本のラーメン界支える」京都市の製麺所、人気絶頂なのになぜ経営権を売却? 「打てない麺はない」語るも8月15日市内,https://www.kyoto-np.co.jp/articles/-/1772155,https://www.kyoto-np.co.jp/,ok,,
2026-08-19,2026-08-19T06:11:02.697166+09:00,地方紙,京都,京都新聞,全国唯一「謎を呼ぶ」埴輪の「ミステリーサークル」 京都市西京区の「古墳」の意図は8月14日市内,https://www.kyoto-np.co.jp/articles/-/1746016,https://www.kyoto-np.co.jp/,ok,,
2026-08-19,2026-08-19T06:11:02.697166+09:00,地方紙,京都,京都新聞,高校野球 京都,https://www.kyoto-np.co.jp/articles/-/1746883,https://www.kyoto-np.co.jp/,ok,,
2026-08-19,2026-08-19T06:11:02.697166+09:00,地方紙,兵庫,神戸新聞,広島原爆の実相、世界に先駆け報告 谷本牧師と米国人記者の絆 日米合同で映画製作進む,https://www.kobe-np.co.jp/news/society/202608/0020720824.shtml,https://www.kobe-np.co.jp/,ok,,
2026-08-19,2026-08-19T06:11:02.697166+09:00,地方紙,兵庫,神戸新聞,「憎むべきは戦争」原爆投下機の副操縦士の涙で気付き 谷本牧師の長女・近藤さん、関学大で講演,https://www.kobe-np.co.jp/news/society/202608/0020720827.shtml,https://www.kobe-np.co.jp/,ok,,
2026-08-19,2026-08-19T06:11:02.697166+09:00,地方紙,兵庫,神戸新聞,神戸市中央区の「危ない交差点」 住宅街の小さな十字路、自転車と車両の出合い頭の事故目立つ,https://www.kobe-np.co.jp/news/richb/202608/0020720647.shtml,https://www.kobe-np.co.jp/,ok,,
2026-08-19,2026-08-19T06:11:02.697166+09:00,地方紙,兵庫,神戸新聞,神戸の有古特許事務所、創立100周年 創業者の息子、相談役・角田嘉宏さんに聞く,https://www.kobe-np.co.jp/news/economy/202608/0020721232.shtml,https://www.kobe-np.co.jp/,ok,,
2026-08-19,2026-08-19T06:11:02.697166+09:00,地方紙,兵庫,神戸新聞,単身赴任の「駐在さん」奮闘中 篠山署・畑駐在所の菅野さん 地域に寄り添い「安全守る」,https://www.kobe-np.co.jp/news/tanba/202608/0020720821.shtml,https://www.kobe-np.co.jp/,ok,,
2026-08-19,2026-08-19T06:11:02.697166+09:00,地方紙,兵庫,神戸新聞,マンション7階と8階つなぐ階段踊り場の柵外に人が 住人4人、転落危機の80代男性救う 尼崎,https://www.kobe-np.co.jp/news/hanshin/202608/0020720537.shtml,https://www.kobe-np.co.jp/,ok,,
2026-08-19,2026-08-19T06:11:02.697166+09:00,地方紙,兵庫,神戸新聞,防犯映像見て行方不明の女性捜索、予想した駅待合室で発見 西脇の郵便局長に感謝状 姫路署,https://www.kobe-np.co.jp/news/himeji/202608/0020720772.shtml,https://www.kobe-np.co.jp/,ok,,
2026-08-19,2026-08-19T06:11:02.697166+09:00,地方紙,兵庫,神戸新聞,戦争の記憶眠る軍人墓を調査 明石市内で898基確認 遺族の高齢化などで整理・縮小進む,https://www.kobe-np.co.jp/news/akashi/202608/0020720602.shtml,https://www.kobe-np.co.jp/,ok,,
2026-08-19,2026-08-19T06:11:02.697166+09:00,地方紙,兵庫,神戸新聞,<このまちで踊ろう ダンスボックス30年>(下)共生社会ワークショップ 「私だけの動き」見つけ心に力,https://www.kobe-np.co.jp/news/culture/202608/0020720946.shtml,https://www.kobe-np.co.jp/,ok,,
2026-08-19,2026-08-19T06:11:02.697166+09:00,地方紙,兵庫,神戸新聞,熊本被災地支援、夏祭りで募金へ 洲本高生のボランティアグループ 23日、コモード56商店街で,https://www.kobe-np.co.jp/news/awaji/202608/0020720719.shtml,https://www.kobe-np.co.jp/,ok,,
2026-08-19,2026-08-19T06:11:02.697166+09:00,地方紙,兵庫,神戸新聞,<水のある景色>(1)なか・やちよの森ヴァルトコース(多可町) 瀬音に心癒やされて,https://www.kobe-np.co.jp/news/hokuban/202608/0020720665.shtml,https://www.kobe-np.co.jp/,ok,,
2026-08-19,2026-08-19T06:11:02.697166+09:00,地方紙,兵庫,神戸新聞,<兵庫⇔台湾、韓国 近づく商圏>(2)ビーフン 本場・創業者の故郷へ逆進出,https://www.kobe-np.co.jp/news/economy/202608/0020721229.shtml,https://www.kobe-np.co.jp/,ok,,
2026-08-19,2026-08-19T06:11:02.697166+09:00,地方紙,兵庫,神戸新聞,<たじま長イイ会社>(2)谷常製菓(養父市八鹿町八鹿) 和も洋も、逸品ずらり,https://www.kobe-np.co.jp/news/tajima/202608/0020720829.shtml,https://www.kobe-np.co.jp/,ok,,
2026-08-19,2026-08-19T06:11:02.697166+09:00,地方紙,兵庫,神戸新聞,<北の大地と 開拓が結ぶ三田-浦河>(2)三田出身、2人の功労者 食糧難、資金難に立ち向かう,https://www.kobe-np.co.jp/news/sanda/202608/0020720578.shtml,https://www.kobe-np.co.jp/,ok,,
2026-08-19,2026-08-19T06:11:02.697166+09:00,地方紙,兵庫,神戸新聞,<新八さんが描いた戦争>(25)しごきでセミの物まね,https://www.kobe-np.co.jp/news/akashi/202608/0020720604.shtml,https://www.kobe-np.co.jp/,ok,,
2026-08-19,2026-08-19T06:11:02.697166+09:00,地方紙,兵庫,神戸新聞,<県政リアル 知事就任5年>(6)距離感 離れた大阪、県内首長も模索,https://www.kobe-np.co.jp/news/society/202608/0020681985.shtml,https://www.kobe-np.co.jp/,ok,,
2026-08-19,2026-08-19T06:11:02.697166+09:00,地方紙,兵庫,神戸新聞,<さいとうさんと「私」再び>対立 乗り越えるには 読者の反響編,https://www.kobe-np.co.jp/news/society/202607/0020625928.shtml,https://www.kobe-np.co.jp/,ok,,
2026-08-19,2026-08-19T06:11:02.697166+09:00,地方紙,兵庫,神戸新聞,高卒人材獲得あの手この手 県内高校生求人倍率4倍超、過去最高,https://www.kobe-np.co.jp/news/economy/202608/0020674757.shtml,https://www.kobe-np.co.jp/,ok,,
2026-08-19,2026-08-19T06:11:02.697166+09:00,地方紙,兵庫,神戸新聞,加古川市の中学部活地域展開 かこ☆くら、ハンドボールなど先行3種目が始動,https://www.kobe-np.co.jp/news/touban/202608/0020716911.shtml,https://www.kobe-np.co.jp/,ok,,
2026-08-19,2026-08-19T06:11:02.697166+09:00,地方紙,兵庫,神戸新聞,<近日公開 8月のオススメ記事>あかふじ米野球、夏の甲子園、「丹波竜」発見20年...etc.,https://www.kobe-np.co.jp/news/richa/202607/0020647485.shtml,https://www.kobe-np.co.jp/,ok,,
2026-08-19,2026-08-19T06:11:02.697166+09:00,地方紙,広島,中国新聞,,,,skipped,利用規約でAI開発目的のディープラーニング等の情報処理・解析利用を明示的に禁止しているため自動取得の対象外とする。,
2026-08-19,2026-08-19T06:11:02.697166+09:00,地方紙,福岡,西日本新聞,,,,skipped,公式RSSはあるが、利用規約でAI学習目的の情報処理・解析利用を明示的に禁止しているため自動取得の対象外とする。,
2026-08-19,2026-08-19T06:11:02.697166+09:00,地方紙,熊本,熊本日日新聞,ロシアとミャンマー首脳が会談,https://kumanichi.com/articles/2026584,https://kumanichi.com/rss.xml,ok,,
2026-08-19,2026-08-19T06:11:02.697166+09:00,地方紙,熊本,熊本日日新聞,「お口ぽかん」リスクと予防法,https://kumanichi.com/articles/2026355,https://kumanichi.com/rss.xml,ok,,
2026-08-19,2026-08-19T06:11:02.697166+09:00,地方紙,熊本,熊本日日新聞,【災害後の修理トラブルに注意】複数から見積もり 検討を,https://kumanichi.com/articles/2026348,https://kumanichi.com/rss.xml,ok,,
2026-08-19,2026-08-19T06:11:02.697166+09:00,地方紙,熊本,熊本日日新聞,NY株続落、116ドル安,https://kumanichi.com/articles/2026583,https://kumanichi.com/rss.xml,ok,,
2026-08-19,2026-08-19T06:11:02.697166+09:00,地方紙,熊本,熊本日日新聞,ディズニー、放送巡り米当局提訴,https://kumanichi.com/articles/2026582,https://kumanichi.com/rss.xml,ok,,
2026-08-19,2026-08-19T06:11:02.697166+09:00,地方紙,熊本,熊本日日新聞,為替相場 19日(日本時間 6時),https://kumanichi.com/articles/2026530,https://kumanichi.com/rss.xml,ok,,
2026-08-19,2026-08-19T06:11:02.697166+09:00,地方紙,熊本,熊本日日新聞,エボラ熱、感染者5千人迫る,https://kumanichi.com/articles/2026580,https://kumanichi.com/rss.xml,ok,,
2026-08-19,2026-08-19T06:11:02.697166+09:00,地方紙,熊本,熊本日日新聞,更迭のウクライナ前国防相が選挙要求,https://kumanichi.com/articles/2026581,https://kumanichi.com/rss.xml,ok,,
2026-08-19,2026-08-19T06:11:02.697166+09:00,地方紙,熊本,熊本日日新聞,ロシア、国境に無人機10基地,https://kumanichi.com/articles/2026577,https://kumanichi.com/rss.xml,ok,,
2026-08-19,2026-08-19T06:11:02.697166+09:00,地方紙,熊本,熊本日日新聞,NY株式 18日終値,https://kumanichi.com/articles/2026578,https://kumanichi.com/rss.xml,ok,,
2026-08-19,2026-08-19T06:11:02.697166+09:00,地方紙,鹿児島,南日本新聞,夏祭りの定番だったのに...金魚すくいは今やレア、えさ代や輸送費高騰が出店のネックに 「楽しんでほしい気持ちはあるが...」店主ら複雑紙を張った「ポイ」を握り、真剣に水面をのぞき込む子どもたちの姿が減った。夏祭りや六月灯の定番と言える金魚すくいが減少しているためだ。店主らは、「えさ代や輸送費高騰により仕入れ価格が上がっている。子どもたちに楽しんでほしい気持ちはあるのだが」と口をそろえる。 淡水魚や熱帯魚を扱う恒松養魚場(鹿児島市与次郎1丁目)によると、金魚屋は県内にも多くあったという。店主の高齢化などで多くが閉店し、新8月18日 14:30,https://373news.com/news/local/detail/238168/,https://373news.com/,ok,,local
2026-08-19,2026-08-19T06:11:02.697166+09:00,地方紙,鹿児島,南日本新聞,【記者ルポ】鹿児島→福岡高速バスに乗車 速度規制も5時間で到着 段差残り、大きな揺れ8月19日 06:00,https://373news.com/news/local/detail/238225/,https://373news.com/,ok,,local
2026-08-19,2026-08-19T06:11:02.697166+09:00,地方紙,鹿児島,南日本新聞,JR九州25年度利用状況 存廃議論目安の輸送密度1000人未満、鹿児島3区間で該当 赤字幅も拡大8月19日 06:00,https://373news.com/news/local/detail/238224/,https://373news.com/,ok,,local
2026-08-19,2026-08-19T06:11:02.697166+09:00,地方紙,鹿児島,南日本新聞,「幕引き許されぬ」「再発防止徹底を」――鹿児島県産和牛全体のイメージ悪化に同業者から厳しい声 水迫畜産元取締役逮捕8月19日 06:00,https://373news.com/news/local/detail/238222/,https://373news.com/,ok,,local
2026-08-19,2026-08-19T06:11:02.697166+09:00,地方紙,鹿児島,南日本新聞,心躍る夏8月19日 06:00,https://373news.com/news/local/detail/238214/,https://373news.com/,ok,,local
2026-08-19,2026-08-19T06:11:02.697166+09:00,地方紙,鹿児島,南日本新聞,網にかかっても放流せざるを得なかった......クロマグロ漁獲枠拡大合意 鹿児島の漁業者ら安堵「期待通りの結果」8月18日 20:37,https://373news.com/news/local/detail/238221/,https://373news.com/,ok,,local
2026-08-19,2026-08-19T06:11:02.697166+09:00,地方紙,鹿児島,南日本新聞,山形屋で鹿児島物産展 食品や工芸品1900点 知事激励、台湾ブースも8月18日 20:36,https://373news.com/news/local/detail/238220/,https://373news.com/,ok,,local
2026-08-19,2026-08-19T06:11:02.697166+09:00,地方紙,鹿児島,南日本新聞,保護猫や地域猫の支援に理解を 愛護団体がイベント、家族連れらでにぎわう 霧島市8月18日 20:30,https://373news.com/news/local/detail/238170/,https://373news.com/,ok,,local
2026-08-19,2026-08-19T06:11:02.697166+09:00,地方紙,鹿児島,南日本新聞,台湾籍の大学生「被害金とは知らなかった」――警察官装い80代女性から690万円、玄関先で回収 詐欺容疑で5回目逮捕8月18日 20:01,https://373news.com/news/local/detail/238219/,https://373news.com/,ok,,local
2026-08-19,2026-08-19T06:11:02.697166+09:00,地方紙,鹿児島,南日本新聞,1娯楽施設で財布など盗む 窃盗容疑で男逮捕 薩摩川内署,https://373news.com/news/local/detail/238211/,https://373news.com/,ok,,local
2026-08-19,2026-08-19T06:11:02.697166+09:00,地方紙,鹿児島,南日本新聞,2「福岡は空襲の標的、朝鮮は安全だ」父の言葉で渡った平壌...赤レンガの洋館、豊かな食卓、楽しかったのは2年間だけ――日本舞踊で見送った特攻隊員の白いスカーフは今も忘れられない【証言 語り継ぐ戦争】,https://373news.com/news/local/detail/238061/,https://373news.com/,ok,,local
2026-08-19,2026-08-19T06:11:02.697166+09:00,地方紙,鹿児島,南日本新聞,4電動工具盗み、リサイクルショップに売却か――窃盗容疑で男逮捕,https://373news.com/news/local/detail/238210/,https://373news.com/,ok,,local
2026-08-19,2026-08-19T06:11:02.697166+09:00,地方紙,鹿児島,南日本新聞,6面識ある男性のキャッシュカード不正利用か――コンビニATMで28万円引き出した疑いで男逮捕,https://373news.com/news/local/detail/238218/,https://373news.com/,ok,,local
2026-08-19,2026-08-19T06:11:02.697166+09:00,地方紙,鹿児島,南日本新聞,7水迫畜産元取締役を逮捕 食品表示法違反と詐欺容疑 鹿児島県警,https://373news.com/news/local/detail/238171/,https://373news.com/,ok,,local
2026-08-19,2026-08-19T06:11:02.697166+09:00,地方紙,鹿児島,南日本新聞,8サッカーW杯の応援ありがとう――日本代表・大迫敬介選手が出身の出水市にユニホームなど寄贈 9月末まで市役所に展示,https://373news.com/news/local/detail/238167/,https://373news.com/,ok,,local
2026-08-19,2026-08-19T06:11:02.697166+09:00,地方紙,鹿児島,南日本新聞,9「即金案件あります」...口座開設し、匿流に売り渡したか――17歳から33歳の5人を詐欺容疑などで逮捕,https://373news.com/news/local/detail/238164/,https://373news.com/,ok,,local
2026-08-19,2026-08-19T06:11:02.697166+09:00,地方紙,鹿児島,南日本新聞,10「手を振ったら......機銃掃射が始まった」15歳のナシ園にいた私たちは米軍機を知らなかった――虎居の空に響いたエンジン音、次の瞬間「ヒュー、ヒュー」曳光弾...その場に伏せるしかなかった【証言 語り継ぐ戦争】,https://373news.com/news/local/detail/238057/,https://373news.com/,ok,,local
2026-08-19,2026-08-19T06:11:02.697166+09:00,地方紙,鹿児島,南日本新聞,「あって当然」「心の中に踏み込むようだ」...国会で審議続く国旗損壊罪 「日の丸のふるさと」鹿児島の人たちの思いはさまざま7月6日 14:48,https://373news.com/lineup/kotimina/detail/236152/,https://373news.com/,ok,,
2026-08-19,2026-08-19T06:11:02.697166+09:00,地方紙,鹿児島,南日本新聞,「イランと協議予定なし」 トランプ氏、機雷撤去主張8月19日 05:30,https://373news.com/news/national/detail/2026081901000085/,https://373news.com/,ok,,national
2026-08-19,2026-08-19T06:11:02.697166+09:00,地方紙,鹿児島,南日本新聞,米国がICC赤根所長に制裁 「国家主権に攻撃認めず」8月19日 05:11,https://373news.com/news/national/detail/2026081901000065/,https://373news.com/,ok,,national
2026-08-19,2026-08-19T06:11:02.697166+09:00,地方紙,沖縄,琉球新報,,,,skipped,利用規約で複製・複写・送信・頒布・蓄積・転載等を会社の承認なく行うことを広範に禁止しているため自動取得の対象外とする。,
2026-08-19,2026-08-19T06:11:02.697166+09:00,地方紙,沖縄,沖縄タイムス,那覇空港の滑走路、4時間の閉鎖 欠航や最大1時間20分遅延で128便に影響 空自F15がトラブルで立ち往生8月19日 5:30那覇空港18日午後0時56分ごろ、航空自衛隊那覇基地所属のF15戦闘機が那覇空港第2滑走路に着陸する際に何らかの不具合を起こし、左主翼が地面に接触した状態で動けなくなった。,https://www.okinawatimes.co.jp/articles/-/1904964,https://www.okinawatimes.co.jp/,ok,,
2026-08-19,2026-08-19T06:11:02.697166+09:00,地方紙,沖縄,沖縄タイムス,沖縄の統一地方選 27市町村で427人立候補予定 現時点で「定数割れ」や無投票の可能性も【立候補予定者数の一覧】5:40有料#沖縄の選挙,https://www.okinawatimes.co.jp/articles/-/1904965,https://www.okinawatimes.co.jp/,ok,,
2026-08-19,2026-08-19T06:11:02.697166+09:00,地方紙,沖縄,沖縄タイムス,クロマグロ漁獲枠 大型で25%増 資源管理会議でメキシコ合意 値下がりの可能性5:50有料#漁業,https://www.okinawatimes.co.jp/articles/-/1904966,https://www.okinawatimes.co.jp/,ok,,
2026-08-19,2026-08-19T06:11:02.697166+09:00,地方紙,沖縄,沖縄タイムス,新谷 走り幅V2全国定通制陸上3:57有料,https://www.okinawatimes.co.jp/articles/-/1904967,https://www.okinawatimes.co.jp/,ok,,
2026-08-19,2026-08-19T06:11:02.697166+09:00,地方紙,沖縄,沖縄タイムス,[大弦小弦]3:57有料#大弦小弦,https://www.okinawatimes.co.jp/articles/-/1904968,https://www.okinawatimes.co.jp/,ok,,
2026-08-19,2026-08-19T06:11:02.697166+09:00,地方紙,沖縄,沖縄タイムス,[ワラビーくいず](5495)3:57#ワラビーくいず,https://www.okinawatimes.co.jp/articles/-/1904969,https://www.okinawatimes.co.jp/,ok,,
2026-08-19,2026-08-19T06:11:02.697166+09:00,地方紙,沖縄,沖縄タイムス,遅延続出 空港に足止め 空自F15 那覇で立ち往生 旅行客困惑「早く帰りたい」4:00有料#社会・くらし,https://www.okinawatimes.co.jp/articles/-/1904922,https://www.okinawatimes.co.jp/,ok,,
2026-08-19,2026-08-19T06:11:02.697166+09:00,地方紙,沖縄,沖縄タイムス,被災地の子の居場所守る 民間主導で14カ所提供 夏休み 遊びや学び支援 熊本地震3週間4:00有料#社会・くらし,https://www.okinawatimes.co.jp/articles/-/1904894,https://www.okinawatimes.co.jp/,ok,,
2026-08-19,2026-08-19T06:11:02.697166+09:00,地方紙,沖縄,沖縄タイムス,軍港「反対」発言を追及 那覇港議会 政策発表の真意問う 知事「法に沿い進める」4:00有料#政治,https://www.okinawatimes.co.jp/articles/-/1904933,https://www.okinawatimes.co.jp/,ok,,
2026-08-19,2026-08-19T06:11:02.697166+09:00,地方紙,沖縄,沖縄タイムス,「水道水が濁っている」沖縄・国頭村でなぜ? 「健康に影響ない」と説明も...飲食店は悲鳴20:47有料#国頭村,https://www.okinawatimes.co.jp/articles/-/1904762,https://www.okinawatimes.co.jp/,ok,,
2026-08-19,2026-08-19T06:11:02.697166+09:00,地方紙,沖縄,沖縄タイムス,「沖縄県企業対抗ゴルフ」参加申し込みを8月31日まで延長 大会は9月17日16:53#ゴルフ,https://www.okinawatimes.co.jp/articles/-/1904608,https://www.okinawatimes.co.jp/,ok,,
2026-08-19,2026-08-19T06:11:02.697166+09:00,地方紙,沖縄,沖縄タイムス,玉城知事「大変遺憾だ」 那覇空港で空自F15立ち往生 再発防止策を要求へ17:16有料#那覇空港,https://www.okinawatimes.co.jp/articles/-/1904654,https://www.okinawatimes.co.jp/,ok,,
2026-08-19,2026-08-19T06:11:02.697166+09:00,地方紙,沖縄,沖縄タイムス,「沖縄アンチョビ」が最高賞 ジャパン・フード・セレクション 大城海産物加工所が獲得 イワシの仲間のミジュンをオイル漬け18:18有料#土産品,https://www.okinawatimes.co.jp/articles/-/1904680,https://www.okinawatimes.co.jp/,ok,,
2026-08-19,2026-08-19T06:11:02.697166+09:00,地方紙,沖縄,沖縄タイムス,中道、沖繩知事選の対応を決定 幹事長「3党合流に悪影響はない」18:55有料#沖縄県知事選,https://www.okinawatimes.co.jp/articles/-/1904714,https://www.okinawatimes.co.jp/,ok,,
2026-08-19,2026-08-19T06:11:02.697166+09:00,地方紙,沖縄,沖縄タイムス,「ブロンズ像を見たら、何だか元気が出る」 小学校の正面玄関で児童を見守る「大志くん」 制作者、試行錯誤しポーズ決める10:45有料#学校モノがたり,https://www.okinawatimes.co.jp/articles/-/1904028,https://www.okinawatimes.co.jp/,ok,,
2026-08-19,2026-08-19T06:11:02.697166+09:00,地方紙,沖縄,沖縄タイムス,【続報】那覇空港第2滑走路が再開 空自F15立ち往生で4時間以上閉鎖17:45#那覇空港,https://www.okinawatimes.co.jp/articles/-/1904673,https://www.okinawatimes.co.jp/,ok,,
2026-08-19,2026-08-19T06:11:02.697166+09:00,地方紙,沖縄,沖縄タイムス,さんぺい さんがコメント(8月17日 19:06),https://www.okinawatimes.co.jp/articles/-/1903046,https://www.okinawatimes.co.jp/,ok,,
2026-08-19,2026-08-19T06:11:02.697166+09:00,地方紙,沖縄,沖縄タイムス,モバイルプリンス さんがコメント(8月17日 17:07),https://www.okinawatimes.co.jp/articles/-/1903439,https://www.okinawatimes.co.jp/,ok,,
2026-08-19,2026-08-19T06:11:02.697166+09:00,その他メディア,,時事通信,ICCの赤根所長に制裁 米,https://www.jiji.com/jc/article?k=2026081900071&g=pol,https://news.ceek.jp/search.cgi?category_id=politics&feed=1,ok,,政治
2026-08-19,2026-08-19T06:11:02.697166+09:00,全国紙,全国,毎日新聞,首相日々 18日,https://mainichi.jp/articles/20260819/ddm/012/010/069000c,https://news.ceek.jp/search.cgi?category_id=politics&feed=1,ok,,政治
2026-08-19,2026-08-19T06:11:02.697166+09:00,その他メディア,,共同通信,防衛省、水中発射ミサイル開発へ 反撃能力、無人潜水艇搭載,https://www.47news.jp/14809270.html,https://news.ceek.jp/search.cgi?category_id=politics&feed=1,ok,,政治
2026-08-19,2026-08-19T06:11:02.697166+09:00,全国紙,全国,日本経済新聞,弾薬なるべく使わぬ戦い方、継戦能力を左右 米軍も悩むミサイル確保,https://www.nikkei.com/article/DGXZQOUA035Z10T00C26A6000000/,https://news.ceek.jp/search.cgi?category_id=politics&feed=1,ok,,政治
2026-08-19,2026-08-19T06:11:02.697166+09:00,全国紙,全国,日本経済新聞,茂木外相、イエメン首脳と面会 人道支援などの継続伝達,https://www.nikkei.com/article/DGXZQOUA1849T0Y6A810C2000000/,https://news.ceek.jp/search.cgi?category_id=politics&feed=1,ok,,政治
2026-08-19,2026-08-19T06:11:02.697166+09:00,その他メディア,,フジテレビ,「国家情報局」で人工衛星強化 木原官房長官にFNN単独取材,https://www.fnn.jp/articles/-/1097026,https://news.ceek.jp/search.cgi?category_id=politics&feed=1,ok,,政治
2026-08-19,2026-08-19T06:11:02.697166+09:00,全国紙,全国,読売新聞,小泉防衛相、トランプ氏の演習縮小指示に「日米韓の連携を推進していく」...抑止力に影響ないよう対処の考え,https://www.yomiuri.co.jp/politics/20260818-GYT1T00345/,https://news.ceek.jp/search.cgi?category_id=politics&feed=1,ok,,政治
2026-08-19,2026-08-19T06:11:02.697166+09:00,全国紙,全国,読売新聞,日本とオーストラリア、長射程弾の試験で協力...敵ミサイル発射拠点への「反撃能力」強化へ防衛相会談で一致,https://www.yomiuri.co.jp/politics/20260818-GYT1T00354/,https://news.ceek.jp/search.cgi?category_id=politics&feed=1,ok,,政治
2026-08-19,2026-08-19T06:11:02.697166+09:00,全国紙,全国,日本経済新聞,18日の高市首相の動静,https://www.nikkei.com/article/DGXZQOUA180WP0Y6A810C2000000/,https://news.ceek.jp/search.cgi?category_id=politics&feed=1,ok,,政治
2026-08-19,2026-08-19T06:11:02.697166+09:00,その他メディア,,フジテレビ,全員協議会で説明求め 議会の対応判断へ 盛岡市議、政務活動費詐取事件 岩手県,https://www.fnn.jp/articles/-/1097001,https://news.ceek.jp/search.cgi?category_id=politics&feed=1,ok,,政治
2026-08-19,2026-08-19T06:11:02.697166+09:00,その他メディア,,アサ芸プラス,なんじゃそりゃ!? 旧立憲民主党議員たちが作った互助会「ゴリラ」ウケ狙いネーミングとガラパゴスなスローガン,https://www.asagei.com/excerpt/349169,https://news.ceek.jp/search.cgi?category_id=politics&feed=1,ok,,政治
2026-08-19,2026-08-19T06:11:02.697166+09:00,その他メディア,,テレビ朝日,長射程ミサイル試験で協力推進へ 日豪防衛相会談,https://news.tv-asahi.co.jp/news_politics/articles/000527139.html,https://news.ceek.jp/search.cgi?category_id=politics&feed=1,ok,,政治
2026-08-19,2026-08-19T06:11:02.697166+09:00,その他メディア,,共同通信,【速報】日豪、中国の動向念頭に深刻な懸念を表明,https://www.47news.jp/14808419.html,https://news.ceek.jp/search.cgi?category_id=politics&feed=1,ok,,政治
2026-08-19,2026-08-19T06:11:02.697166+09:00,その他メディア,,アサ芸プラス,プーチンが択捉島に降り立ったら北方領土公式キャラ「エリカちゃん」激辛抗議が急にトーンダウンした「いったいなぜ!?」,https://www.asagei.com/excerpt/349168,https://news.ceek.jp/search.cgi?category_id=politics&feed=1,ok,,政治
2026-08-19,2026-08-19T06:11:02.697166+09:00,その他メディア,,フジテレビ,「全く賛成」新田知事も賛同 富山大空襲の記憶を地域で伝え続ける常設展示、今秋に方向性へ,https://www.fnn.jp/articles/-/1096982,https://news.ceek.jp/search.cgi?category_id=politics&feed=1,ok,,政治
2026-08-19,2026-08-19T06:11:02.697166+09:00,その他メディア,,フジテレビ,"熊本地震に“生活再建支援パッケージ"" 高市総理が熊本県知事らと面会",https://www.fnn.jp/articles/-/1096969,https://news.ceek.jp/search.cgi?category_id=politics&feed=1,ok,,政治
2026-08-19,2026-08-19T06:11:02.697166+09:00,その他メディア,,フジテレビ,"乾式貯蔵の“事前了解""石田知事の判断いつ 六ケ所再処理工場が竣工遅れ 関西電力が福井県に説明も...時期は不透明なまま",https://www.fnn.jp/articles/-/1096960,https://news.ceek.jp/search.cgi?category_id=politics&feed=1,ok,,政治
2026-08-19,2026-08-19T06:11:02.697166+09:00,その他メディア,,フジテレビ,「バイブスアガる」街に!江津市「ギャル課」発足「ギャルマインド」生かし知名度アップ・課題解決へ,https://www.fnn.jp/articles/-/1096928,https://news.ceek.jp/search.cgi?category_id=politics&feed=1,ok,,政治
2026-08-19,2026-08-19T06:11:02.697166+09:00,その他メディア,,フジテレビ,熊本地震受け高市総理 生活再建支援パッケージを速やかに取りまとめへ 井戸修復への財政支援も検討,https://www.fnn.jp/articles/-/1096889,https://news.ceek.jp/search.cgi?category_id=politics&feed=1,ok,,政治
2026-08-19,2026-08-19T06:11:02.697166+09:00,全国紙,全国,産経新聞,中国で朱鎔基元首相の告別式 習近平氏ら最高指導部メンバーが参列,https://www.sankei.com/article/20260818-G6WQK77GKNPMRF56R54TIVLSDA/,https://news.ceek.jp/search.cgi?category_id=politics&feed=1,ok,,政治
2026-08-19,2026-08-19T06:11:02.697166+09:00,全国紙,全国,読売新聞,沖縄県知事選で中道は自主投票、立民と公明で対応割れ...3党合流協議に「悪影響が及ぶことはない」と幹事長,https://www.yomiuri.co.jp/election/20260818-GYT1T00294/,https://news.ceek.jp/search.cgi?category_id=politics&feed=1,ok,,政治
2026-08-19,2026-08-19T06:11:02.697166+09:00,その他メディア,,フジテレビ,"「任期を全うしたい」から一転...“福岡県議会のドン""蔵内議長が「辞意」表明 辞職勧告決議案は採決直前で異例の見送り",https://www.fnn.jp/articles/-/1096815,https://news.ceek.jp/search.cgi?category_id=politics&feed=1,ok,,政治
2026-08-19,2026-08-19T06:11:02.697166+09:00,その他メディア,,フジテレビ,"“民間在庫""過去最大・コメの価格下落で営農継続が困難...JA山形中央会が国に支援要請へ 山形",https://www.fnn.jp/articles/-/1096836,https://news.ceek.jp/search.cgi?category_id=politics&feed=1,ok,,政治
2026-08-19,2026-08-19T06:11:02.697166+09:00,全国紙,全国,日本経済新聞,米国に対日圧力カード、思いやり予算や利上げ 日本が中間選挙へ警戒,https://www.nikkei.com/article/DGXZQOUA180D90Y6A810C2000000/,https://news.ceek.jp/search.cgi?category_id=politics&feed=1,ok,,政治
2026-08-19,2026-08-19T06:11:02.697166+09:00,その他メディア,,フジテレビ,"「辞職勧告」採決取りやめ...“奇策""の舞台裏 自民若手「実利を取りに行った」第2会派も賛否二分 繰り返される密室政治に批判の声 福岡",https://www.fnn.jp/articles/-/1096862,https://news.ceek.jp/search.cgi?category_id=politics&feed=1,ok,,政治
2026-08-19,2026-08-19T06:11:02.697166+09:00,その他メディア,,フジテレビ,"“福岡県議会のドン""「議長職」辞職意向について地元記者が解説 「辞職勧告決議案」採決見送りを自民県議が「動議」 若手自民議員「圧力なかった」「辞職の実利をとった」も 広がる「県民との感覚のズレ」",https://www.fnn.jp/articles/-/1096821,https://news.ceek.jp/search.cgi?category_id=politics&feed=1,ok,,政治
2026-08-19,2026-08-19T06:11:02.697166+09:00,その他メディア,,デイリースポーツ,熊本支援パッケージ「速やかに」,https://www.daily.co.jp/society/politics/2026/08/18/0020718631.shtml,https://news.ceek.jp/search.cgi?category_id=politics&feed=1,ok,,政治
2026-08-19,2026-08-19T06:11:02.697166+09:00,その他メディア,,フジテレビ,【一問一答】木原官房長官を単独取材 キーマンが語る「国家情報局」今後の展望,https://www.fnn.jp/articles/-/1096719,https://news.ceek.jp/search.cgi?category_id=politics&feed=1,ok,,政治
2026-08-19,2026-08-19T06:11:02.697166+09:00,その他メディア,,テレビ朝日,中道・小川代表「見通し楽観できない」 3党合流協議は難航,https://news.tv-asahi.co.jp/news_politics/articles/000527106.html,https://news.ceek.jp/search.cgi?category_id=politics&feed=1,ok,,政治
2026-08-19,2026-08-19T06:11:02.697166+09:00,その他メディア,,フジテレビ,"蔵内勇夫議長が“議長辞職の意向"" 服部知事「極めて重大、公の場で県民に説明を」 臨時議会の議事は「正直、非常に驚いた」福岡県議会",https://www.fnn.jp/articles/-/1096790,https://news.ceek.jp/search.cgi?category_id=politics&feed=1,ok,,政治
2026-08-19,2026-08-19T06:11:02.697166+09:00,その他メディア,,テレビ朝日,熱中症搬送者は先週から半減に,https://news.tv-asahi.co.jp/news_politics/articles/000527100.html,https://news.ceek.jp/search.cgi?category_id=politics&feed=1,ok,,政治
2026-08-19,2026-08-19T06:11:02.697166+09:00,その他メディア,,フジテレビ,"「従来そう言ってるから」“県議会のドン""蔵内議長 辞職勧告決議案の採決見送り前に辞任の意向 福岡県議会",https://www.fnn.jp/articles/-/1096763,https://news.ceek.jp/search.cgi?category_id=politics&feed=1,ok,,政治
2026-08-19,2026-08-19T06:11:02.697166+09:00,全国紙,全国,産経新聞,首相の靖国神社不参拝は「言行不一致」? 中道・階幹事長「勇ましい発言していた」,https://www.sankei.com/article/20260818-CQ2A2DAJVRKLVH27TWD735HAPM/,https://news.ceek.jp/search.cgi?category_id=politics&feed=1,ok,,政治
2026-08-19,2026-08-19T06:11:02.697166+09:00,全国紙,全国,日本経済新聞,生成AIの学習データ、事業者に開示要求 政府が知財保護で原則案,https://www.nikkei.com/article/DGXZQOUA145CY0U6A710C2000000/,https://news.ceek.jp/search.cgi?category_id=politics&feed=1,ok,,政治
2026-08-19,2026-08-19T06:11:02.697166+09:00,全国紙,全国,毎日新聞,「リーダーがエスカレートしたら、核のボタンが...」 広島の懸念,https://mainichi.jp/articles/20260815/k00/00m/010/050000c,https://news.ceek.jp/search.cgi?category_id=politics&feed=1,ok,,政治
2026-08-19,2026-08-19T06:11:02.697166+09:00,全国紙,全国,毎日新聞,安全保障ブレーキ役に変わった自民 不満募らせる高市首相の持論,https://mainichi.jp/articles/20260814/k00/00m/010/296000c,https://news.ceek.jp/search.cgi?category_id=politics&feed=1,ok,,政治
2026-08-19,2026-08-19T06:11:02.697166+09:00,その他メディア,,フジテレビ,"【独自】日本版スパイ組織?発足したばかり“謎""の国家情報局に初潜入...直撃に木原官房長官“日本版CIA""に意欲",https://www.fnn.jp/articles/-/1096759,https://news.ceek.jp/search.cgi?category_id=politics&feed=1,ok,,政治
2026-08-19,2026-08-19T06:11:02.697166+09:00,全国紙,全国,毎日新聞,非核三原則、首相官邸が「踏み込んで」 判明した見直し提言内幕,https://mainichi.jp/articles/20260814/k00/00m/010/284000c,https://news.ceek.jp/search.cgi?category_id=politics&feed=1,ok,,政治
2026-08-19,2026-08-19T06:11:02.697166+09:00,その他メディア,,フジテレビ,高市総理 冠水アンダーパスへの車進入を防ぐ対策の検討を指示 千葉豪雨で水没車の死亡事案,https://www.fnn.jp/articles/-/1096755,https://news.ceek.jp/search.cgi?category_id=politics&feed=1,ok,,政治
2026-08-19,2026-08-19T06:11:02.697166+09:00,全国紙,全国,日本経済新聞,ロシア外務省、日本大使を呼び出し プーチン氏の択捉島訪問抗議に反発,https://www.nikkei.com/article/DGXZQOGR178VW0X10C26A8000000/,https://news.ceek.jp/search.cgi?category_id=politics&feed=1,ok,,政治
2026-08-19,2026-08-19T06:11:02.697166+09:00,その他メディア,,Abema TIMES,熊本地震 支援対策パッケージを高市総理が指示,https://times.abema.tv/articles/-/10267783?page=1,https://news.ceek.jp/search.cgi?category_id=politics&feed=1,ok,,政治
2026-08-19,2026-08-19T06:11:02.697166+09:00,その他メディア,,日本テレビ,高市首相 被災自治体への普通交付税の繰り上げ交付など指示 千葉豪雨被害受け,https://news.ntv.co.jp/category/politics/d985daebb6af4b629098acde627438d1,https://news.ceek.jp/search.cgi?category_id=politics&feed=1,ok,,政治
2026-08-19,2026-08-19T06:11:02.697166+09:00,全国紙,全国,毎日新聞,日豪、長射程ミサイルの発射試験で協力 防衛・国防相会談で一致,https://mainichi.jp/articles/20260818/k00/00m/010/199000c,https://news.ceek.jp/search.cgi?category_id=politics&feed=1,ok,,政治
2026-08-19,2026-08-19T06:11:02.697166+09:00,その他メディア,,フジテレビ,高市総理が戦没者追悼式で「石破式辞」から「安倍式辞」に戻して良かった。政権に批判的なのは「新聞を読む70歳以上の高齢者」らしい,https://www.fnn.jp/articles/-/1096689,https://news.ceek.jp/search.cgi?category_id=politics&feed=1,ok,,政治
2026-08-19,2026-08-19T06:11:02.697166+09:00,全国紙,全国,産経新聞,日本大使がロシア外務省訪問 北方領土抗議呼び出し、日本の立場伝達か 記者の質問答えず,https://www.sankei.com/article/20260818-PTK7CJMZSJMIVLMTQWRZFW3QNI/,https://news.ceek.jp/search.cgi?category_id=politics&feed=1,ok,,政治
2026-08-19,2026-08-19T06:11:02.697166+09:00,その他メディア,,テレビ朝日,高市総理 アンダーパス侵入防ぐための対策を指示,https://news.tv-asahi.co.jp/news_politics/articles/000527102.html,https://news.ceek.jp/search.cgi?category_id=politics&feed=1,ok,,政治
2026-08-19,2026-08-19T06:11:02.697166+09:00,全国紙,全国,産経新聞,「外国人に日本語をきちんと身につけてもらう」日本語学習プログラム創設へ政府WG初会合,https://www.sankei.com/article/20260818-XNS6ST6XOBENDGHSXDCS2WXYFA/,https://news.ceek.jp/search.cgi?category_id=politics&feed=1,ok,,政治
2026-08-19,2026-08-19T06:11:02.697166+09:00,全国紙,全国,毎日新聞,福岡県議がHP一時閉鎖 議長辞職勧告決議案の採決中止動議提出,https://mainichi.jp/articles/20260818/k00/00m/010/202000c,https://news.ceek.jp/search.cgi?category_id=politics&feed=1,ok,,政治
2026-08-19,2026-08-19T06:11:02.697166+09:00,その他メディア,,フジテレビ,小泉大臣がオーストラリアで防衛大臣会談 自衛隊が極超音速ミサイルなど発射試験へ協議進める 安倍元総理の慰霊碑に献花も,https://www.fnn.jp/articles/-/1096717,https://news.ceek.jp/search.cgi?category_id=politics&feed=1,ok,,政治
2026-08-19,2026-08-19T06:11:02.697166+09:00,全国紙,全国,産経新聞,日豪防衛相、長射程弾試験で協力 極超音速ミサイルも想定 新型艦共同開発の進展も確認,https://www.sankei.com/article/20260818-65PRQLSEQBPNFB5IURI5Z3DNFU/,https://news.ceek.jp/search.cgi?category_id=politics&feed=1,ok,,政治
2026-08-19,2026-08-19T06:11:02.697166+09:00,その他メディア,,TOKYO MX,就任10年の小池知事にMX単独インタビュー「東京の成長を日本の成長に」東京の未来への展望を語る,https://s.mxtv.jp/mxnews/article/tosei/1nw0rnnocsfgpinz7.html,https://news.ceek.jp/search.cgi?category_id=politics&feed=1,ok,,政治
2026-08-19,2026-08-19T06:11:02.697166+09:00,全国紙,全国,日本経済新聞,国民民主・玉木氏「政治とカネは統一選の争点に」 福岡県議会問題で,https://www.nikkei.com/article/DGXZQOUA182NU0Y6A810C2000000/,https://news.ceek.jp/search.cgi?category_id=politics&feed=1,ok,,政治
2026-08-19,2026-08-19T06:11:02.697166+09:00,全国紙,全国,産経新聞,高市首相が連日のX連投、経済政策の実績アピール 首相周辺「マスコミは書いてくれない」,https://www.sankei.com/article/20260818-VNFHTWION5IF3E5YTUUDN7ZEWI/,https://news.ceek.jp/search.cgi?category_id=politics&feed=1,ok,,政治
2026-08-19,2026-08-19T06:11:02.697166+09:00,その他メディア,,共同通信,【速報】首相、アンダーパス進入防止策の検討を指示,https://www.47news.jp/14807159.html,https://news.ceek.jp/search.cgi?category_id=politics&feed=1,ok,,政治
2026-08-19,2026-08-19T06:11:02.697166+09:00,全国紙,全国,産経新聞,立民「中道へ合流」都連は3%...反発深刻も財政事情ピンチ 統一選へ「単独でも未来ない」,https://www.sankei.com/article/20260818-XMYAFOCOWJJTRGWO5KVKAKU4BA/,https://news.ceek.jp/search.cgi?category_id=politics&feed=1,ok,,政治
2026-08-19,2026-08-19T06:11:02.697166+09:00,その他メディア,,フジテレビ,木原官房長官 単独インタビュー「対外情報庁」外務省内組織の改組も視野 衛星情報分析は「即時に対応できる体制を」,https://www.fnn.jp/articles/-/1096643,https://news.ceek.jp/search.cgi?category_id=politics&feed=1,ok,,政治
2026-08-19,2026-08-19T06:11:02.697166+09:00,その他メディア,,共同通信,【速報】千葉豪雨復旧へ全力で対応と首相,https://www.47news.jp/14807113.html,https://news.ceek.jp/search.cgi?category_id=politics&feed=1,ok,,政治
2026-08-19,2026-08-19T06:11:02.697166+09:00,その他メディア,,共同通信,共産党、議席減で薄れる存在感 衆院代表質問、党首討論立てず,https://www.47news.jp/14807065.html,https://news.ceek.jp/search.cgi?category_id=politics&feed=1,ok,,政治
2026-08-19,2026-08-19T06:11:02.697166+09:00,その他メディア,,デイリースポーツ,日豪、長射程ミサイル試験で協力,https://www.daily.co.jp/society/politics/2026/08/18/0020719399.shtml,https://news.ceek.jp/search.cgi?category_id=politics&feed=1,ok,,政治
2026-08-19,2026-08-19T06:11:02.697166+09:00,その他メディア,,デイリースポーツ,共産党、議席減で薄れる存在感,https://www.daily.co.jp/society/politics/2026/08/18/0020719401.shtml,https://news.ceek.jp/search.cgi?category_id=politics&feed=1,ok,,政治
2026-08-19,2026-08-19T06:11:02.697166+09:00,その他メディア,,共同通信,日豪、長射程ミサイル試験で協力 小泉防衛相が会談、反撃能力想定,https://www.47news.jp/14807064.html,https://news.ceek.jp/search.cgi?category_id=politics&feed=1,ok,,政治
2026-08-19,2026-08-19T06:11:02.697166+09:00,その他メディア,,共同通信,【速報】中道、沖縄知事選の自主投票決定,https://www.47news.jp/14806982.html,https://news.ceek.jp/search.cgi?category_id=politics&feed=1,ok,,政治
2026-08-19,2026-08-19T06:11:02.697166+09:00,全国紙,全国,産経新聞,外国人「量的マネジメント」なぜ進まない ルール厳格化も深刻な労働力不足、財界など懸念,https://www.sankei.com/article/20260818-5A3H4ZWS4VK6FAHZ2RAGYEYVKQ/,https://news.ceek.jp/search.cgi?category_id=politics&feed=1,ok,,政治
2026-08-19,2026-08-19T06:11:02.697166+09:00,その他メディア,,フジテレビ,"“採決中止""の動議出した林県議は蔵内議長の元秘書 自身のHPを一時停止「議長本人から動議提出の指示を受けた事実はない」福岡県議会",https://www.fnn.jp/articles/-/1096631,https://news.ceek.jp/search.cgi?category_id=politics&feed=1,ok,,政治
2026-08-19,2026-08-19T06:11:02.697166+09:00,その他メディア,,共同通信,【速報】日豪、長射程ミサイル試験で協力,https://www.47news.jp/14806817.html,https://news.ceek.jp/search.cgi?category_id=politics&feed=1,ok,,政治
2026-08-19,2026-08-19T06:11:02.697166+09:00,その他メディア,,日本テレビ,空自F15戦闘機が滑走路上で傾いて停止 パイロットは脱出...ケガ人なし 沖縄・那覇空港,https://news.ntv.co.jp/category/politics/ef9d4102044048b2af8cd5a4df831653,https://news.ceek.jp/search.cgi?category_id=politics&feed=1,ok,,政治
2026-08-19,2026-08-19T06:11:02.697166+09:00,全国紙,全国,日本経済新聞,豪州、自衛隊の「反撃能力」ミサイル試験に協力へ 日豪防衛相が合意,https://www.nikkei.com/article/DGXZQOUA1814N0Y6A810C2000000/,https://news.ceek.jp/search.cgi?category_id=politics&feed=1,ok,,政治
2026-08-19,2026-08-19T06:11:02.697166+09:00,その他メディア,,テレビ朝日,熊本地震 高市総理と熊本県知事が面会 支援対策パッケージを高市総理が指示,https://news.tv-asahi.co.jp/news_politics/articles/000527060.html,https://news.ceek.jp/search.cgi?category_id=politics&feed=1,ok,,政治
2026-08-19,2026-08-19T06:11:02.697166+09:00,その他メディア,,フジテレビ,"【一覧】採決中止動議に賛成した49人の所属会派と氏名 自民は“金銭授受""証言の江藤県議だけ賛成せず 蔵内議長の辞職勧告決議案 福岡県議会",https://www.fnn.jp/articles/-/1096622,https://news.ceek.jp/search.cgi?category_id=politics&feed=1,ok,,政治
2026-08-19,2026-08-19T06:11:02.697166+09:00,その他メディア,,テレビ朝日,国民・玉木代表 政府の対ロシア姿勢「弱腰」と批判,https://news.tv-asahi.co.jp/news_politics/articles/000527043.html,https://news.ceek.jp/search.cgi?category_id=politics&feed=1,ok,,政治
2026-08-19,2026-08-19T06:11:02.697166+09:00,全国紙,全国,読売新聞,国家公務員の離職対策や人材確保の取り組み強化...「キャリア官僚」退職増加や民主党政権の採用抑制で中堅世代の不足が深刻,https://www.yomiuri.co.jp/politics/20260818-GYT1T00191/,https://news.ceek.jp/search.cgi?category_id=politics&feed=1,ok,,政治
2026-08-19,2026-08-19T06:11:02.697166+09:00,その他メディア,,日本テレビ,"高市首相、熊本地震“生活再建支援パッケージ""速やかにまとめる方針示す",https://news.ntv.co.jp/category/politics/92aa324d426a4a4a8384b0ba85f22607,https://news.ceek.jp/search.cgi?category_id=politics&feed=1,ok,,政治
2026-08-19,2026-08-19T06:11:02.697166+09:00,その他メディア,,日本テレビ,航空自衛隊のF15戦闘機が傾いて停止 パイロットは脱出、ケガ人なし 政府関係者,https://news.ntv.co.jp/category/politics/e8d12981c5a549d7a7ff84921e885cdc,https://news.ceek.jp/search.cgi?category_id=politics&feed=1,ok,,政治
2026-08-19,2026-08-19T06:11:02.697166+09:00,その他メディア,,フジテレビ,国民・玉木代表「弱腰にすぎる」と高市政権の対応を批判 プーチン氏の択捉島上陸は「融和的な対ロシア政策の結果」,https://www.fnn.jp/articles/-/1096568,https://news.ceek.jp/search.cgi?category_id=politics&feed=1,ok,,政治
2026-08-19,2026-08-19T06:11:02.697166+09:00,全国紙,全国,産経新聞,国民・玉木氏 プーチン氏の択捉島上陸は「認知戦」、政府対応は「弱腰」駐露大使の召還を,https://www.sankei.com/article/20260818-HNRY4RNUVRBTXEHYPIMYKRTZO4/,https://news.ceek.jp/search.cgi?category_id=politics&feed=1,ok,,政治
2026-08-19,2026-08-19T06:11:02.697166+09:00,全国紙,全国,朝日新聞,高市首相、熊本地震「支援パッケージ速やかに」 熊本県知事と面会,https://www.asahi.com/articles/ASV8L1GXQV8LUTFK001M.html,https://news.ceek.jp/search.cgi?category_id=politics&feed=1,ok,,政治
2026-08-19,2026-08-19T06:11:02.697166+09:00,その他メディア,,フジテレビ,"“踏み絵""をぎりぎりで“回避"" 蔵内議長の辞職勧告決議案が一転 自民党県議の「動議」で採決取りやめに 蔵内議長は辞任の意向 【福岡発】",https://www.fnn.jp/articles/-/1096555,https://news.ceek.jp/search.cgi?category_id=politics&feed=1,ok,,政治
2026-08-19,2026-08-19T06:11:02.697166+09:00,その他メディア,,フジテレビ,小泉防衛大臣、オーストラリアの「奈良公園」で安倍元総理の慰霊碑に献花 日豪関係強化に尽力,https://www.fnn.jp/articles/-/1096554,https://news.ceek.jp/search.cgi?category_id=politics&feed=1,ok,,政治
2026-08-19,2026-08-19T06:11:02.697166+09:00,全国紙,全国,読売新聞,著作権侵害の懸念根強いAIの学習データ、一定の条件で開示...生成AI事業者が守るべき基本原則案を有識者会議に提示,https://www.yomiuri.co.jp/politics/20260818-GYT1T00161/,https://news.ceek.jp/search.cgi?category_id=politics&feed=1,ok,,政治
2026-08-19,2026-08-19T06:11:02.697166+09:00,その他メディア,,デイリースポーツ,NY株続落、116ドル安,https://www.daily.co.jp/society/economics/2026/08/19/0020722107.shtml,https://news.ceek.jp/search.cgi?category_id=business&feed=1,ok,,経済
2026-08-19,2026-08-19T06:11:02.697166+09:00,その他メディア,,日刊工業新聞,古河ロックドリルが3種投入、砕石市場向け油圧クローラードリルの性能,https://newswitch.jp/p/50032,https://news.ceek.jp/search.cgi?category_id=business&feed=1,ok,,経済
2026-08-19,2026-08-19T06:11:02.697166+09:00,その他メディア,,日刊工業新聞,三井住友FGはコンビニと連携...メガバンクが個人との対面接点を拡充する背景,https://newswitch.jp/p/50034,https://news.ceek.jp/search.cgi?category_id=business&feed=1,ok,,経済
2026-08-19,2026-08-19T06:11:02.697166+09:00,その他メディア,,フジテレビ,"かつて「3K=きつい・汚い・危険」で不人気 肉体労働「ブルーカラー」は「AIに奪われない」""稼げる職""として定着するか",https://www.fnn.jp/articles/-/1095858,https://news.ceek.jp/search.cgi?category_id=business&feed=1,ok,,経済
2026-08-19,2026-08-19T06:11:02.697166+09:00,その他メディア,,ハーバード・ビジネス・レビュー,あなたの仕事に干渉する厄介な同僚に対処する方法,https://dhbr.diamond.jp/articles/-/14290,https://news.ceek.jp/search.cgi?category_id=business&feed=1,ok,,経済
2026-08-19,2026-08-19T06:11:02.697166+09:00,その他メディア,,東洋経済オンライン,東大「老化細胞の除去効果を確認」の論文を阪大などの研究者グループが検証したところ効果認められず/検証研究の意義とメディアに投げかけられた課題 | ビジネス,https://toyokeizai.net/articles/-/954877,https://news.ceek.jp/search.cgi?category_id=business&feed=1,ok,,経済
2026-08-19,2026-08-19T06:11:02.697166+09:00,その他メディア,,東洋経済オンライン,日本製造業の連携模索先の1位はアメリカではなく中国!...「世界のイノベーション拠点」に発展した中国との付き合い方 | 政治・経済・投資,https://toyokeizai.net/articles/-/954980,https://news.ceek.jp/search.cgi?category_id=business&feed=1,ok,,経済
2026-08-19,2026-08-19T06:11:02.697166+09:00,その他メディア,,JBpress,ワークマン「平均年収1000万円射程に」人を増やさず事業広げる秘密,https://jbpress.ismedia.jp/articles/-/96221,https://news.ceek.jp/search.cgi?category_id=business&feed=1,ok,,経済
2026-08-19,2026-08-19T06:11:02.697166+09:00,その他メディア,,JBpress,ラピダス、2ナノ量産の勝算と壁...国家事業となり日本政府が負う巨大リスク、「日の丸半導体」は復活するか?【やさしく解説】ラピダス,https://jbpress.ismedia.jp/articles/-/96452,https://news.ceek.jp/search.cgi?category_id=business&feed=1,ok,,経済
2026-08-19,2026-08-19T06:11:02.697166+09:00,その他メディア,,JBpress,愛国心や対自衛隊感情...陸自が民間人の思想・信条を調査する問題の核心、「人権派対自衛隊」という単純な話ではない熊本日日新聞・植木泰士記者インタビュー(後編),https://jbpress.ismedia.jp/articles/-/96476,https://news.ceek.jp/search.cgi?category_id=business&feed=1,ok,,経済
2026-08-19,2026-08-19T06:11:02.697166+09:00,その他メディア,,JBpress,「モデル蒸留」を巡り激化する米中AI対立、資金難に挑む米国産オープン型開発の行方安価な中国製に対抗する米国勢とエヌビディアの支援、問われる技術自律,https://jbpress.ismedia.jp/articles/-/96519,https://news.ceek.jp/search.cgi?category_id=business&feed=1,ok,,経済
2026-08-19,2026-08-19T06:11:02.697166+09:00,その他メディア,,JBpress,トヨタ「ハイエース」、次期モデルはどう進化するのか...登場から22年! 現行200系から読み解いた床下をじっくり観察して見えた強みと限界、コンセプトカーと工場再編から探る未来,https://jbpress.ismedia.jp/articles/-/96521,https://news.ceek.jp/search.cgi?category_id=business&feed=1,ok,,経済
2026-08-19,2026-08-19T06:11:02.697166+09:00,その他メディア,,JBpress,なぜ奥田碩氏はトヨタを「戦う集団」に変えたのか、シェア回復とグループ再編で築いた成長の土台,https://jbpress.ismedia.jp/articles/-/96517,https://news.ceek.jp/search.cgi?category_id=business&feed=1,ok,,経済
2026-08-19,2026-08-19T06:11:02.697166+09:00,その他メディア,,JBpress,映画、ミュージアム、アパレルまで広がるマリオIP...任天堂が利益よりも楽しさを優先する「逆説のロジック」,https://jbpress.ismedia.jp/articles/-/96359,https://news.ceek.jp/search.cgi?category_id=business&feed=1,ok,,経済
2026-08-19,2026-08-19T06:11:02.697166+09:00,その他メディア,,東洋経済オンライン,骨太方針での共同声明復活が金融政策の自由度に足かせをはめる結果になる、「日銀アコード」は終焉させるべきか | 政治・経済・投資,https://toyokeizai.net/articles/-/955118,https://news.ceek.jp/search.cgi?category_id=business&feed=1,ok,,経済
2026-08-19,2026-08-19T06:11:02.697166+09:00,その他メディア,,JBpress,共働き子育て世代の移住が相次ぐ流山市、あえて「子育て」を強調せずに打ち出したキャッチフレーズとは?,https://jbpress.ismedia.jp/articles/-/96319,https://news.ceek.jp/search.cgi?category_id=business&feed=1,ok,,経済
2026-08-19,2026-08-19T06:11:02.697166+09:00,その他メディア,,東洋経済オンライン,オープンAI〈暴走ハッキング〉で浮上した破滅的危機の予兆...安全無視で疾走するAI開発、人類の奢りが大敵 | 政治・経済・投資,https://toyokeizai.net/articles/-/955106,https://news.ceek.jp/search.cgi?category_id=business&feed=1,ok,,経済
2026-08-19,2026-08-19T06:11:02.697166+09:00,その他メディア,,JBpress,AIの進化で「リスキリング3.0」の時代へ ジャパン・リスキリング・イニシアチブ後藤氏が語る人材戦略の最前線,https://jbpress.ismedia.jp/articles/-/96326,https://news.ceek.jp/search.cgi?category_id=business&feed=1,ok,,経済
2026-08-19,2026-08-19T06:11:02.697166+09:00,全国紙,全国,日本経済新聞,米国株、ダウ続落し116ドル安 原油高や金利高止まり警戒 ナスダック続落,https://www.nikkei.com/article/DGXZQOFL18AY00Y6A810C2000000/,https://news.ceek.jp/search.cgi?category_id=business&feed=1,ok,,経済
2026-08-19,2026-08-19T06:11:02.697166+09:00,その他メディア,,東洋経済オンライン,【独自】日本の巨大衛星コンステ構想にライバル出現か...韓国KT SATが7000機衛星コンステ申請、その真意を読み解く | ビジネス,https://toyokeizai.net/articles/-/954853,https://news.ceek.jp/search.cgi?category_id=business&feed=1,ok,,経済
2026-08-19,2026-08-19T06:11:02.697166+09:00,全国紙,全国,日本経済新聞,NY商品、原油続伸 米・イラン協議の不透明感で 金反落,https://www.nikkei.com/article/DGXZQOFL18A8B0Y6A810C2000000/,https://news.ceek.jp/search.cgi?category_id=business&feed=1,ok,,経済
2026-08-19,2026-08-19T06:11:02.697166+09:00,その他メディア,,共同通信,為替相場 19日(日本時間 5時),https://www.47news.jp/14809282.html,https://news.ceek.jp/search.cgi?category_id=business&feed=1,ok,,経済
2026-08-19,2026-08-19T06:11:02.697166+09:00,その他メディア,,日本農業新聞,明治、抹茶ラテなど値上げ 10月以降14品で3~21%,https://www.agrinews.co.jp/economy/index/400857,https://news.ceek.jp/search.cgi?category_id=business&feed=1,ok,,経済
2026-08-19,2026-08-19T06:11:02.697166+09:00,その他メディア,,日本農業新聞,8〝やき〟29〝にく〟の日狙いキャンペーン JAタウン、送料負担なく国産を,https://www.agrinews.co.jp/economy/index/400858,https://news.ceek.jp/search.cgi?category_id=business&feed=1,ok,,経済
2026-08-19,2026-08-19T06:11:02.697166+09:00,その他メディア,,日本農業新聞,7月の受託乳量、前年割れ 気温低く飲用大幅減 中酪まとめ,https://www.agrinews.co.jp/economy/index/400864,https://news.ceek.jp/search.cgi?category_id=business&feed=1,ok,,経済
2026-08-19,2026-08-19T06:11:02.697166+09:00,その他メディア,,日本農業新聞,猛暑商戦、サービス過熱 客足つなぎ留めへポイントや割引打ち出し,https://www.agrinews.co.jp/economy/index/400865,https://news.ceek.jp/search.cgi?category_id=business&feed=1,ok,,経済
2026-08-19,2026-08-19T06:11:02.697166+09:00,その他メディア,,フジテレビ,"「いつまで店がもつか分からない」牛肉高騰で焼き肉食べ放題に危機 ハラミは2年で3倍に 背景にはアメリカの“歴史的干ばつ""と円安のダブルパンチ 代わりの肉は“ラム""!?",https://www.fnn.jp/articles/-/1097091,https://news.ceek.jp/search.cgi?category_id=business&feed=1,ok,,経済
2026-08-19,2026-08-19T06:11:02.697166+09:00,全国紙,全国,日本経済新聞,トヨタのミニバン、運転席と3列目で会話しやすく 林テレンプが改良,https://www.nikkei.com/article/DGXZQOFD180PB0Y6A810C2000000/,https://news.ceek.jp/search.cgi?category_id=business&feed=1,ok,,経済
2026-08-19,2026-08-19T06:11:02.697166+09:00,全国紙,全国,日本経済新聞,東南アジアIPO調達額2.2倍、1〜6月 市場改革のベトナム躍進,https://www.nikkei.com/article/DGXZQOGM125W10S6A810C2000000/,https://news.ceek.jp/search.cgi?category_id=business&feed=1,ok,,経済
2026-08-19,2026-08-19T06:11:02.697166+09:00,全国紙,全国,日本経済新聞,メタウォーター山口社長「データセンター増、米国での水不足に拍車」,https://www.nikkei.com/article/DGXZQOUC1060I0Q6A810C2000000/,https://news.ceek.jp/search.cgi?category_id=business&feed=1,ok,,経済
2026-08-19,2026-08-19T06:11:02.697166+09:00,全国紙,全国,日本経済新聞,寄付アプリのギバース、ポイ活アプリ「プラリー」買収 寄付機能追加へ,https://www.nikkei.com/article/DGXZQOUC161VA0W6A810C2000000/,https://news.ceek.jp/search.cgi?category_id=business&feed=1,ok,,経済
2026-08-19,2026-08-19T06:11:02.697166+09:00,全国紙,全国,日本経済新聞,マクアケ、販売前の30商品を体験型展示 渋谷の複合施設で,https://www.nikkei.com/article/DGXZQOUC180F70Y6A810C2000000/,https://news.ceek.jp/search.cgi?category_id=business&feed=1,ok,,経済
2026-08-19,2026-08-19T06:11:02.697166+09:00,全国紙,全国,日本経済新聞,ナトリウムイオン蓄電池で新興2社が連携 3年で200メガワット時目標,https://www.nikkei.com/article/DGXZQOUC1812X0Y6A810C2000000/,https://news.ceek.jp/search.cgi?category_id=business&feed=1,ok,,経済
2026-08-19,2026-08-19T06:11:02.697166+09:00,全国紙,全国,読売新聞,日本企業の社名変更続々、海外展開見据え英字やカタカナで発信力高める狙い...事業内容イメージしにくい面も,https://www.yomiuri.co.jp/economy/20260818-GYT1T00278/,https://news.ceek.jp/search.cgi?category_id=business&feed=1,ok,,経済
2026-08-19,2026-08-19T06:11:02.697166+09:00,全国紙,全国,読売新聞,G名場面 「XR」で追体験 キヤノン・本社など 来月実証イベント,https://www.yomiuri.co.jp/economy/20260818-GYT1T00483/,https://news.ceek.jp/search.cgi?category_id=business&feed=1,ok,,経済
2026-08-19,2026-08-19T06:11:02.697166+09:00,全国紙,全国,読売新聞,[挑む 新トップ2026]「リスクマネー」強化 後押し...日本政策投資銀行 牧裕文社長 57,https://www.yomiuri.co.jp/economy/20260818-GYT1T00485/,https://news.ceek.jp/search.cgi?category_id=business&feed=1,ok,,経済
2026-08-19,2026-08-19T06:11:02.697166+09:00,全国紙,全国,読売新聞,発行条件に免許取得 ステーブルコイン規制案 米財務省,https://www.yomiuri.co.jp/economy/20260818-GYT1T00491/,https://news.ceek.jp/search.cgi?category_id=business&feed=1,ok,,経済
2026-08-19,2026-08-19T06:11:02.697166+09:00,全国紙,全国,読売新聞,米カナダ関税協議 「50%追加」発動目前 「車15%」案など,https://www.yomiuri.co.jp/economy/20260818-GYT1T00492/,https://news.ceek.jp/search.cgi?category_id=business&feed=1,ok,,経済
2026-08-19,2026-08-19T06:11:02.697166+09:00,全国紙,全国,読売新聞,クロマグロ 25%拡大 メキシコ賛成 韓国・台湾と配分交渉へ,https://www.yomiuri.co.jp/economy/20260818-GYT1T00493/,https://news.ceek.jp/search.cgi?category_id=business&feed=1,ok,,経済
2026-08-19,2026-08-19T06:11:02.697166+09:00,その他メディア,,現代ビジネス,「らあめん花月嵐」はなぜ、有名店とコラボできるのか?「ライバルと組む」異例の戦略が始まったワケ,https://gendai.media/articles/-/169881,https://news.ceek.jp/search.cgi?category_id=business&feed=1,ok,,経済
2026-08-19,2026-08-19T06:11:02.697166+09:00,その他メディア,,現代ビジネス,有名店とコラボしまくる「らあめん花月嵐」...特に反響が大きかった「ラーメン店」の名前,https://gendai.media/articles/-/170262,https://news.ceek.jp/search.cgi?category_id=business&feed=1,ok,,経済
2026-08-19,2026-08-19T06:11:02.697166+09:00,全国紙,全国,日本経済新聞,空飛ぶトヨタ、米社と「創業の夢」実現 都市部でエアタクシー,https://www.nikkei.com/article/DGXZQOFD298UZ0Z20C26A7000000/,https://news.ceek.jp/search.cgi?category_id=business&feed=1,ok,,経済
2026-08-19,2026-08-19T06:11:02.697166+09:00,全国紙,全国,日本経済新聞,中国ロボット新興ユニツリー、19日上場 調達資金で「大脳」強化へ,https://www.nikkei.com/article/DGXZQOGM1701L0X10C26A8000000/,https://news.ceek.jp/search.cgi?category_id=business&feed=1,ok,,経済
2026-08-19,2026-08-19T06:11:02.697166+09:00,全国紙,全国,日本経済新聞,3分でわかるエンタメ業界 キャラクターなどIP活用、海外進出に力,https://www.nikkei.com/article/DGXZQOUC106ZM0Q6A810C2000000/,https://news.ceek.jp/search.cgi?category_id=business&feed=1,ok,,経済
2026-08-19,2026-08-19T06:11:02.697166+09:00,全国紙,全国,日本経済新聞,ファミマ、全店で中古品引き取り ブックオフと組みリユース市場開拓,https://www.nikkei.com/article/DGXZQOUC176PU0X10C26A8000000/,https://news.ceek.jp/search.cgi?category_id=business&feed=1,ok,,経済
2026-08-19,2026-08-19T06:11:02.697166+09:00,全国紙,全国,読売新聞,長期金利 一時2・945% 30年ぶり高水準 トリプル安に,https://www.yomiuri.co.jp/economy/20260819-GYT1T00031/,https://news.ceek.jp/search.cgi?category_id=business&feed=1,ok,,経済
2026-08-19,2026-08-19T06:11:02.697166+09:00,その他メディア,,東洋経済オンライン,1000万円超は5社!平均年収ランキング「東京都除く関東」で1位になった企業の名前 | ライフ,https://toyokeizai.net/articles/-/955148?display=b,https://news.ceek.jp/search.cgi?category_id=business&feed=1,ok,,経済
2026-08-19,2026-08-19T06:11:02.697166+09:00,その他メディア,,日本金融通信,経産省、生活インフラ向け金融支援拡充 年内に新制度設け地域金融に参加促す,https://www.nikkinonline.com/article/416428,https://news.ceek.jp/search.cgi?category_id=business&feed=1,ok,,経済
2026-08-19,2026-08-19T06:11:02.697166+09:00,その他メディア,,日本金融通信,上場企業「平均年間給与」動向調査 2025年度は過去最高692.6万円,https://www.nikkinonline.com/article/410796,https://news.ceek.jp/search.cgi?category_id=business&feed=1,ok,,経済
2026-08-19,2026-08-19T06:11:02.697166+09:00,その他メディア,,日本金融通信,三島信金、ESG金融で新手法実証 融資後の分析・改善重視,https://www.nikkinonline.com/article/416364,https://news.ceek.jp/search.cgi?category_id=business&feed=1,ok,,経済
2026-08-19,2026-08-19T06:11:02.697166+09:00,その他メディア,,日本金融通信,地方税共同機構、統一QRコード納付 新たに200先が参加意向,https://www.nikkinonline.com/article/416440,https://news.ceek.jp/search.cgi?category_id=business&feed=1,ok,,経済
2026-08-19,2026-08-19T06:11:02.697166+09:00,その他メディア,,TBSテレビ,クロマグロ漁獲枠25%増で合意 反対していたメキシコが賛成に転じる 鈴木農水大臣「前進があった」,https://newsdig.tbs.co.jp/articles/-/2880728?display=1,https://news.ceek.jp/search.cgi?category_id=business&feed=1,ok,,経済
2026-08-19,2026-08-19T06:11:02.697166+09:00,その他メディア,,日本金融通信,徳島信金福島支店、全職員で営業推進 内勤職、マル保融資学ぶ,https://www.nikkinonline.com/article/416349,https://news.ceek.jp/search.cgi?category_id=business&feed=1,ok,,経済
2026-08-19,2026-08-19T06:11:02.697166+09:00,その他メディア,,日本金融通信,香川銀、外国人材紹介年40件へ 対象国拡大し積極化,https://www.nikkinonline.com/article/416447,https://news.ceek.jp/search.cgi?category_id=business&feed=1,ok,,経済
2026-08-19,2026-08-19T06:11:02.697166+09:00,全国紙,全国,日本経済新聞,中国人民銀行「FRB化」に一歩 中国版FF金利に軸足,https://www.nikkei.com/article/DGXZQOFL1747ATX10C26A8000000/,https://news.ceek.jp/search.cgi?category_id=business&feed=1,ok,,経済
2026-08-19,2026-08-19T06:11:02.697166+09:00,全国紙,全国,日本経済新聞,利上げ加速観測に揺れる債券市場 5年物国債利回り、連日で過去最高,https://www.nikkei.com/article/DGXZQOFL175DTTX10C26A8000000/,https://news.ceek.jp/search.cgi?category_id=business&feed=1,ok,,経済
2026-08-19,2026-08-19T06:11:02.697166+09:00,その他メディア,,日本金融通信,福井銀、供給網全体で脱炭素推進 2社が独自モデル導入,https://www.nikkinonline.com/article/416455,https://news.ceek.jp/search.cgi?category_id=business&feed=1,ok,,経済
2026-08-19,2026-08-19T06:11:02.697166+09:00,その他メディア,,日本金融通信,作る・保つ・引き継ぐ 人脈の作法 (8) 取引先との接待・会食,https://www.nikkinonline.com/article/416362,https://news.ceek.jp/search.cgi?category_id=business&feed=1,ok,,経済
2026-08-19,2026-08-19T06:11:02.697166+09:00,全国紙,全国,日本経済新聞,円相場、26年末に1ドル=155円 三井住友信託の山本氏,https://www.nikkei.com/article/DGXZQOUB175T30X10C26A8000000/,https://news.ceek.jp/search.cgi?category_id=business&feed=1,ok,,経済
2026-08-19,2026-08-19T06:11:02.697166+09:00,全国紙,全国,日本経済新聞,利益率伸長の伊勢化学、ペロブスカイトに商機 ヨウ素メジャーへ米開拓,https://www.nikkei.com/article/DGXZQOUC141MW0U6A810C2000000/,https://news.ceek.jp/search.cgi?category_id=business&feed=1,ok,,経済
2026-08-19,2026-08-19T06:11:02.697166+09:00,全国紙,全国,日本経済新聞,お得にガソリン給油、公式アプリ・ポイント活用 二重取りも可能,https://www.nikkei.com/article/DGXZQOUB07AQE0X00C26A7000000/,https://news.ceek.jp/search.cgi?category_id=business&feed=1,ok,,経済
2026-08-19,2026-08-19T06:11:02.697166+09:00,全国紙,全国,日本経済新聞,エミン・ユルマズ氏「AIバブルが『リーマン型崩壊』に至る懸念」,https://www.nikkei.com/article/DGXZQOUB178SR0X10C26A8000000/,https://news.ceek.jp/search.cgi?category_id=business&feed=1,ok,,経済
2026-08-19,2026-08-19T06:11:02.697166+09:00,全国紙,全国,日本経済新聞,相続財産の範囲、借金も引き継ぎ対象 生前にリストアップ,https://www.nikkei.com/article/DGXZQOUB275ZK0X20C26A7000000/,https://news.ceek.jp/search.cgi?category_id=business&feed=1,ok,,経済
2026-08-19,2026-08-19T06:11:02.697166+09:00,全国紙,全国,日本経済新聞,ドイツ株18日 続落、半導体関連に売り 金利上昇が重荷,https://www.nikkei.com/article/DGXZQOFL18AII0Y6A810C2000000/,https://news.ceek.jp/search.cgi?category_id=business&feed=1,ok,,経済
2026-08-19,2026-08-19T06:11:02.697166+09:00,その他メディア,,共同通信,為替相場 19日(日本時間 2時),https://www.47news.jp/14803920.html,https://news.ceek.jp/search.cgi?category_id=business&feed=1,ok,,経済
2026-08-19,2026-08-19T06:11:02.697166+09:00,全国紙,全国,日本経済新聞,池上彰の大岡山通信 AIは人間に差をつけるか、役割の変化に対応必要,https://www.nikkei.com/article/DGXZQOCD120GV0S6A810C2000000/,https://news.ceek.jp/search.cgi?category_id=business&feed=1,ok,,経済
2026-08-19,2026-08-19T06:11:02.697166+09:00,全国紙,全国,日本経済新聞,韓国・東亜放送芸術大学、K-POPの世界進出支える裏方を養成,https://www.nikkei.com/article/DGXZQOGM162CB0W6A610C2000000/,https://news.ceek.jp/search.cgi?category_id=business&feed=1,ok,,経済
2026-08-19,2026-08-19T06:11:02.697166+09:00,全国紙,全国,日本経済新聞,1000兆円受託者の発信力,https://www.nikkei.com/article/DGXZQOUB1285W0S6A810C2000000/,https://news.ceek.jp/search.cgi?category_id=business&feed=1,ok,,経済
2026-08-19,2026-08-19T06:11:02.697166+09:00,全国紙,全国,日本経済新聞,KPMGがAIコンサル倍増、3年後に800人 余剰人員の再配置も,https://www.nikkei.com/article/DGXZQOUC170060X10C26A8000000/,https://news.ceek.jp/search.cgi?category_id=business&feed=1,ok,,経済
2026-08-19,2026-08-19T06:11:02.697166+09:00,全国紙,全国,日本経済新聞,「俺まで回せ」 KKRジャパン社長・平野博文,https://www.nikkei.com/article/DGXZQOUB16APE0W6A710C2000000/,https://news.ceek.jp/search.cgi?category_id=business&feed=1,ok,,経済
2026-08-19,2026-08-19T06:11:02.697166+09:00,全国紙,全国,日本経済新聞,ロンドン株18日 小幅反発、石油株に買い 金利上昇は重荷,https://www.nikkei.com/article/DGXZQOFL18AIE0Y6A810C2000000/,https://news.ceek.jp/search.cgi?category_id=business&feed=1,ok,,経済
2026-08-19,2026-08-19T06:11:02.697166+09:00,全国紙,全国,日本経済新聞,欧州国債概況18日 独10年債利回り、一時15年ぶり高さ 超長期金利も上昇,https://www.nikkei.com/article/DGXZQOFL18AC00Y6A810C2000000/,https://news.ceek.jp/search.cgi?category_id=business&feed=1,ok,,経済
2026-08-19,2026-08-19T06:11:02.697166+09:00,その他メディア,,TBSテレビ,"モバイルバッテリーから出火の経験者「死んでいたかもしれない」 粗悪品流通の実態は 業者を直撃...“容量の偽装""も?【news23】",https://newsdig.tbs.co.jp/articles/-/2880690?display=1,https://news.ceek.jp/search.cgi?category_id=business&feed=1,ok,,経済
2026-08-19,2026-08-19T06:11:02.697166+09:00,全国紙,全国,日本経済新聞,ロンドン外為18日 ユーロ、対ドルで横ばい圏 円相場は159円台半ば,https://www.nikkei.com/article/DGXZQOFL18A700Y6A810C2000000/,https://news.ceek.jp/search.cgi?category_id=business&feed=1,ok,,経済
2026-08-19,2026-08-19T06:11:02.697166+09:00,その他メディア,,アラブニュース,日本、サウジアラビアとの戦略的パートナーシップの可能性を模索 貿易額は410億ドル,https://www.arabnews.jp/article/business/article_184459/,https://news.ceek.jp/search.cgi?category_id=business&feed=1,ok,,経済
2026-08-19,2026-08-19T06:11:02.697166+09:00,その他メディア,,TBSテレビ,"クロマグロ漁獲枠25%拡大で合意 来年はトロ1皿「580円→480円」に? “反対""表明のメキシコが一転して“賛成""【news23】",https://newsdig.tbs.co.jp/articles/-/2880689?display=1,https://news.ceek.jp/search.cgi?category_id=business&feed=1,ok,,経済
2026-08-19,2026-08-19T06:11:02.697166+09:00,その他メディア,,Abema TIMES,"“海のダイヤ""値下がりに期待...クロマグロ漁獲枠25%増で合意 メキシコが一転支持",https://times.abema.tv/articles/-/10267877?page=1,https://news.ceek.jp/search.cgi?category_id=business&feed=1,ok,,経済
2026-08-19,2026-08-19T06:11:02.697166+09:00,その他メディア,,フジテレビ,クロマグロの捕獲枠増で合意 食卓への影響は?,https://www.fnn.jp/articles/-/1097021,https://news.ceek.jp/search.cgi?category_id=business&feed=1,ok,,経済
2026-08-19,2026-08-19T06:11:02.697166+09:00,その他メディア,,ログミーファイナンス,【速報版】株式会社デイトナ 2026年12月期第2四半期決算説明,https://finance.logmi.jp/385727,https://news.ceek.jp/search.cgi?category_id=business&feed=1,ok,,経済
2026-08-19,2026-08-19T06:11:02.697166+09:00,その他メディア,,TBSテレビ,明治が14品目の値上げを発表 「きのこの山」「たけのこの里」など,https://newsdig.tbs.co.jp/articles/-/2880642?display=1,https://news.ceek.jp/search.cgi?category_id=business&feed=1,ok,,経済
2026-08-19,2026-08-19T06:11:02.697166+09:00,その他メディア,,テレビ朝日,"“海のダイヤ""値下がりに期待...クロマグロ漁獲枠25%増で合意 メキシコが一転支持",https://news.tv-asahi.co.jp/news_economy/articles/900197407.html,https://news.ceek.jp/search.cgi?category_id=business&feed=1,ok,,経済
2026-08-19,2026-08-19T06:11:02.697166+09:00,全国紙,全国,日本経済新聞,NYダウ、続落で始まる 原油高や米長期金利の上昇で,https://www.nikkei.com/article/DGXZQOFL18ACA0Y6A810C2000000/,https://news.ceek.jp/search.cgi?category_id=business&feed=1,ok,,経済
2026-08-19,2026-08-19T06:11:02.697166+09:00,全国紙,全国,読売新聞,FCNT、新型スマホを27日発売...高さ1・8mからコンクリート落下でも割れにくい「頑丈さ」が強み,https://www.yomiuri.co.jp/economy/20260818-GYT1T00328/,https://news.ceek.jp/search.cgi?category_id=business&feed=1,ok,,経済
2026-08-19,2026-08-19T06:11:02.697166+09:00,その他メディア,,あたらしい経済,【8/18話題】 バイナンスがロシア当局に顧客情報提供、ローソンでステーブルコイン決済実証第2弾、トヨタG初の自己募集でのデジタル社債発行へなど(音声ニュース),https://www.neweconomy.jp/posts/600545,https://news.ceek.jp/search.cgi?category_id=business&feed=1,ok,,経済
2026-08-19,2026-08-19T06:11:02.697166+09:00,全国紙,全国,日本経済新聞,米国株、ダウ続落で始まる 原油高や米長期金利の上昇で,https://www.nikkei.com/article/DGXZQOFL189X10Y6A810C2000000/,https://news.ceek.jp/search.cgi?category_id=business&feed=1,ok,,経済
2026-08-19,2026-08-19T06:11:02.697166+09:00,その他メディア,,デイリースポーツ,NY株、続落して始まる,https://www.daily.co.jp/society/economics/2026/08/18/0020721186.shtml,https://news.ceek.jp/search.cgi?category_id=business&feed=1,ok,,経済
2026-08-19,2026-08-19T06:11:02.697166+09:00,その他メディア,,共同通信,NY株、続落して始まる,https://www.47news.jp/14808981.html,https://news.ceek.jp/search.cgi?category_id=business&feed=1,ok,,経済
2026-08-19,2026-08-19T06:11:02.697166+09:00,その他メディア,,共同通信,【速報】NY株、続落して始まる,https://www.47news.jp/14808976.html,https://news.ceek.jp/search.cgi?category_id=business&feed=1,ok,,経済
2026-08-19,2026-08-19T06:11:02.697166+09:00,全国紙,全国,読売新聞,ANAとJALが初のダイヤ調整、羽田―岡山便で重複回避...収益悪化の国内線維持への対応,https://www.yomiuri.co.jp/economy/20260818-GYT1T00320/,https://news.ceek.jp/search.cgi?category_id=business&feed=1,ok,,経済
2026-08-19,2026-08-19T06:11:02.697166+09:00,その他メディア,,日本テレビ,鈴木農水相「前進があったものと考える」大型クロマグロの漁獲枠25%増で合意,https://news.ntv.co.jp/category/economy/2c4d10237383408e8c25bc5341dcd34c,https://news.ceek.jp/search.cgi?category_id=business&feed=1,ok,,経済
2026-08-19,2026-08-19T06:11:02.697166+09:00,全国紙,全国,日本経済新聞,韓国GSグローバル、ヒューストンに営業拠点 AI施設向け鉄鋼需要,https://www.nikkei.com/article/DGXZQOGM189ZD0Y6A810C2000000/,https://news.ceek.jp/search.cgi?category_id=business&feed=1,ok,,経済
2026-08-19,2026-08-19T06:11:02.697166+09:00,全国紙,全国,産経新聞,ローカル線、存廃協議水準に12区間 JR九州、25年度乗客数 日南線や筑肥線,https://www.sankei.com/article/20260818-SHN5WCW3GFP7BGG5SPL5IQ7IWY/,https://news.ceek.jp/search.cgi?category_id=business&feed=1,ok,,経済
2026-08-19,2026-08-19T06:11:02.697166+09:00,その他メディア,,デイリースポーツ,米7月住宅着工12・4%減,https://www.daily.co.jp/society/economics/2026/08/18/0020720935.shtml,https://news.ceek.jp/search.cgi?category_id=business&feed=1,ok,,経済
2026-08-19,2026-08-19T06:11:02.697166+09:00,その他メディア,,デイリースポーツ,NY円、159円台後半,https://www.daily.co.jp/society/economics/2026/08/18/0020720941.shtml,https://news.ceek.jp/search.cgi?category_id=business&feed=1,ok,,経済
2026-08-19,2026-08-19T06:11:02.697166+09:00,その他メディア,,共同通信,NY円、159円台後半,https://www.47news.jp/14808778.html,https://news.ceek.jp/search.cgi?category_id=business&feed=1,ok,,経済
2026-08-19,2026-08-19T06:11:02.697166+09:00,その他メディア,,フジテレビ,爬虫類と両生類の聖地へ 伊豆急行の河津駅 副駅名の披露セレモニー 「マニアの玄関口に」,https://www.fnn.jp/articles/-/1097009,https://news.ceek.jp/search.cgi?category_id=business&feed=1,ok,,経済
2026-08-19,2026-08-19T06:11:02.697166+09:00,その他メディア,,共同通信,米7月住宅着工12.4%減 2カ月ぶりマイナス,https://www.47news.jp/14808729.html,https://news.ceek.jp/search.cgi?category_id=business&feed=1,ok,,経済
2026-08-19,2026-08-19T06:11:02.697166+09:00,全国紙,全国,産経新聞,長期休暇に社内で学童保育 大阪ガス、従業員向け 仕事と子育ての両立後押し,https://www.sankei.com/article/20260818-XD5Y4IL5AZOZVMJBJ32ZWKAI5Y/,https://news.ceek.jp/search.cgi?category_id=business&feed=1,ok,,経済
2026-08-19,2026-08-19T06:11:02.697166+09:00,その他メディア,,共同通信,【速報】NY円、159円65~75銭,https://www.47news.jp/14808704.html,https://news.ceek.jp/search.cgi?category_id=business&feed=1,ok,,経済
2026-08-19,2026-08-19T06:11:02.697166+09:00,その他メディア,,フジテレビ,"危険生じさせる速度で追い上げ...無免許で“あおり運転""し車に衝突して相手にケガさせ逃走か 34歳男逮捕「運転に腹が立った」",https://www.fnn.jp/articles/-/1097099,https://news.ceek.jp/search.cgi?category_id=national&feed=1,ok,,社会
2026-08-19,2026-08-19T06:11:02.697166+09:00,その他メディア,,フジテレビ,"病気と闘う子どもたちに「夏休み」を 病院の駐車場で開かれた“特別な花火大会"" 医師や看護師たちの挑戦",https://www.fnn.jp/articles/-/1096714,https://news.ceek.jp/search.cgi?category_id=national&feed=1,ok,,社会
2026-08-19,2026-08-19T06:11:02.697166+09:00,その他メディア,,フジテレビ,震度7を耐えた氷川町の吉野梨 「希望の梨」ネット販売で被災地支援 農家同士が助け合いの輪 【令和8年熊本地震】,https://www.fnn.jp/articles/-/1096986,https://news.ceek.jp/search.cgi?category_id=national&feed=1,ok,,社会
2026-08-19,2026-08-19T06:11:02.697166+09:00,その他メディア,,フジテレビ,"【ヒグマ速報】パークゴルフ場に""15センチ大""のクマのものとみられるフンが2個...足跡など見つからず...周辺には住宅街や中学校があり市と警察が注意呼びかけ(北海道小樽市)",https://www.fnn.jp/articles/-/1097096,https://news.ceek.jp/search.cgi?category_id=national&feed=1,ok,,社会
2026-08-19,2026-08-19T06:11:02.697166+09:00,その他メディア,,フジテレビ,空気から水を作る...熊本の被災地で特殊なウォーターサーバーが活躍「コンセントさえあれば無限に」家庭向けにも販売予定,https://www.fnn.jp/articles/-/1097097,https://news.ceek.jp/search.cgi?category_id=national&feed=1,ok,,社会
2026-08-19,2026-08-19T06:11:02.697166+09:00,その他メディア,,現代ビジネス,太平洋戦争の開戦初日に自爆した「飯田大尉」を見送った中尉の回想【太平洋戦争】,https://gendai.media/articles/-/169985,https://news.ceek.jp/search.cgi?category_id=national&feed=1,ok,,社会
2026-08-19,2026-08-19T06:11:02.697166+09:00,その他メディア,,現代ビジネス,「この戦は万に一つの勝算もない」...真珠湾で自爆した「零戦隊長」の訓示【太平洋戦争】,https://gendai.media/articles/-/169987,https://news.ceek.jp/search.cgi?category_id=national&feed=1,ok,,社会
2026-08-19,2026-08-19T06:11:02.697166+09:00,その他メディア,,現代ビジネス,"「ドラえもんや平原綾香ソングが......JR南武線と仙石線で廃止」JR東日本から""駅メロ""が消えていく「心寂しい理由」",https://gendai.media/articles/-/170248,https://news.ceek.jp/search.cgi?category_id=national&feed=1,ok,,社会
2026-08-19,2026-08-19T06:11:02.697166+09:00,その他メディア,,現代ビジネス,"上りは「DESIRE―情熱―」で、下りは「セカンド・ラブ」......中森明菜の名曲が清瀬駅の""駅メロ""として流れる""心温まる理由""",https://gendai.media/articles/-/170249,https://news.ceek.jp/search.cgi?category_id=national&feed=1,ok,,社会
2026-08-19,2026-08-19T06:11:02.697166+09:00,その他メディア,,現代ビジネス,"【独自】「役作りのため」は無理がありすぎる...「だって我慢できないから耐えられないし」三山凌輝と""密会相手""花乃まりあが交わしていた「ど直球の赤面メッセージ」",https://gendai.media/articles/-/170255,https://news.ceek.jp/search.cgi?category_id=national&feed=1,ok,,社会
2026-08-19,2026-08-19T06:11:02.697166+09:00,その他メディア,,東京スポーツ新聞,福岡県議会のドン・蔵内氏の辞職阻止した県議リストがSNS拡散 来春選挙で落選運動も,https://www.tokyo-sports.co.jp/articles/-/399979,https://news.ceek.jp/search.cgi?category_id=national&feed=1,ok,,社会
2026-08-19,2026-08-19T06:11:02.697166+09:00,その他メディア,,東京スポーツ新聞,北方領土めぐりロシアが強硬路線 日本大使を呼びつけ抗議のウラにウクライナ問題,https://www.tokyo-sports.co.jp/articles/-/399980,https://news.ceek.jp/search.cgi?category_id=national&feed=1,ok,,社会
2026-08-19,2026-08-19T06:11:02.697166+09:00,その他メディア,,テレビ朝日,国交省が煙突を所有する全国の事業者に緊急点検を指示 熊本地震の煙突倒壊事故受けて,https://news.tv-asahi.co.jp/news_society/articles/000527134.html,https://news.ceek.jp/search.cgi?category_id=national&feed=1,ok,,社会
2026-08-19,2026-08-19T06:11:02.697166+09:00,その他メディア,,デイリースポーツ,「イランと協議予定なし」,https://www.daily.co.jp/society/main/2026/08/19/0020722091.shtml,https://news.ceek.jp/search.cgi?category_id=national&feed=1,ok,,社会
2026-08-19,2026-08-19T06:11:02.697166+09:00,その他メディア,,フジテレビ,"「泥棒されているような状況」 カメラがとらえた“密漁""の瞬間 海水浴シーズンに急増 漁業法違反の疑いで京都で19人摘発 クーラーボックスに大量のサザエが...",https://www.fnn.jp/articles/-/1097095,https://news.ceek.jp/search.cgi?category_id=national&feed=1,ok,,社会
2026-08-19,2026-08-19T06:11:02.697166+09:00,その他メディア,,スポニチ,千葉豪雨 死者13人 JR外房線、一部運休続く 浸水被害住宅計2314棟,https://www.sponichi.co.jp/society/news/2026/08/19/kiji/20260819s00042000033000c.html,https://news.ceek.jp/search.cgi?category_id=national&feed=1,ok,,社会
2026-08-19,2026-08-19T06:11:02.697166+09:00,その他メディア,,スポニチ,高市首相 熊本支援「政府の総力を挙げて強力に取り組みを進める」 熊本県知事と面会,https://www.sponichi.co.jp/society/news/2026/08/19/kiji/20260819s00042000034000c.html,https://news.ceek.jp/search.cgi?category_id=national&feed=1,ok,,社会
2026-08-19,2026-08-19T06:11:02.697166+09:00,その他メディア,,スポニチ,ロシア外務次官、駐露大使に抗議 北方領土問題巡り,https://www.sponichi.co.jp/society/news/2026/08/19/kiji/20260819s00042000035000c.html,https://news.ceek.jp/search.cgi?category_id=national&feed=1,ok,,社会
2026-08-19,2026-08-19T06:11:02.697166+09:00,その他メディア,,スポニチ,大型クロマグロ、漁獲枠拡大合意 値下がりにつながる可能性も,https://www.sponichi.co.jp/society/news/2026/08/19/kiji/20260819s00042000037000c.html,https://news.ceek.jp/search.cgi?category_id=national&feed=1,ok,,社会
2026-08-19,2026-08-19T06:11:02.697166+09:00,その他メディア,,スポニチ,妻を金づちで殴打 殺人未遂77歳男が病院から行方不明に,https://www.sponichi.co.jp/society/news/2026/08/19/kiji/20260819s00042000039000c.html,https://news.ceek.jp/search.cgi?category_id=national&feed=1,ok,,社会
2026-08-19,2026-08-19T06:11:02.697166+09:00,その他メディア,,スポニチ,2歳男児に暴行、死亡 会社員男を逮捕,https://www.sponichi.co.jp/society/news/2026/08/19/kiji/20260819s00042000040000c.html,https://news.ceek.jp/search.cgi?category_id=national&feed=1,ok,,社会
2026-08-19,2026-08-19T06:11:02.697166+09:00,その他メディア,,スポニチ,好釣!ここはアユのパラダイスや~!26センチの大型ゲット 広島県庄原市・東城川,https://www.sponichi.co.jp/society/news/2026/08/19/kiji/20260818s00093000311000c.html,https://news.ceek.jp/search.cgi?category_id=national&feed=1,ok,,社会
2026-08-19,2026-08-19T06:11:02.697166+09:00,その他メディア,,デイリースポーツ,米国がICC赤根所長に制裁,https://www.daily.co.jp/society/main/2026/08/19/0020722051.shtml,https://news.ceek.jp/search.cgi?category_id=national&feed=1,ok,,社会
2026-08-19,2026-08-19T06:11:02.697166+09:00,その他メディア,,フジテレビ,左折の大型クレーン車に巻き込まれて下敷きに...自転車に乗っていた男性死亡...運転手の61歳男を過失運転致傷容疑で現行犯逮捕「私の不注意で起こしたものです」<北海道札幌市>,https://www.fnn.jp/articles/-/1097093,https://news.ceek.jp/search.cgi?category_id=national&feed=1,ok,,社会
2026-08-19,2026-08-19T06:11:02.697166+09:00,その他メディア,,デイリースポーツ,9月に安心・安全絆フォーラム,https://www.daily.co.jp/society/national/2026/08/19/0020722049.shtml,https://news.ceek.jp/search.cgi?category_id=national&feed=1,ok,,社会
2026-08-19,2026-08-19T06:11:02.697166+09:00,その他メディア,,デイリー新潮,"熊本地震の被災者を喰いモノにする“特殊詐欺グループ""の卑劣手口...警察関係者が「火事場ドロボウより許しがたい」と憤る“便乗犯罪""とは",https://www.dailyshincho.jp/article/2026/08190502/?all=1,https://news.ceek.jp/search.cgi?category_id=national&feed=1,ok,,社会
2026-08-19,2026-08-19T06:11:02.697166+09:00,全国紙,全国,読売新聞,千葉豪雨 令和3度目の浸水 苦悩...大網白里 住民 早期対策求める,https://www.yomiuri.co.jp/national/20260819-GYT1T00020/,https://news.ceek.jp/search.cgi?category_id=national&feed=1,ok,,社会
2026-08-19,2026-08-19T06:11:02.697166+09:00,その他メディア,,日刊スポーツ,「ゴリラ」名乗る政治団体が19日設立会見、立憲現職や中道落選者ら約20人参加か,https://www.nikkansports.com/general/nikkan/news/202608180001372.html,https://news.ceek.jp/search.cgi?category_id=national&feed=1,ok,,社会
2026-08-19,2026-08-19T06:11:02.697166+09:00,全国紙,全国,読売新聞,[医療ルネサンス]めまい治療最前線<8>受診遅れると重症化も,https://www.yomiuri.co.jp/medical/renaissance/20260818-GYT8T00192/,https://news.ceek.jp/search.cgi?category_id=national&feed=1,ok,,社会
2026-08-19,2026-08-19T06:11:02.697166+09:00,全国紙,全国,読売新聞,東京―伊豆諸島間の定期航路担う「東海汽船」、運行中の新年会で飲酒しそのまま勤務の疑い...「慣例になっていた」,https://www.yomiuri.co.jp/national/20260818-GYT1T00288/,https://news.ceek.jp/search.cgi?category_id=national&feed=1,ok,,社会
2026-08-19,2026-08-19T06:11:02.697166+09:00,その他メディア,,WEDGE Infinity,熊本地震で偽情報の拡散が止まらない理由...背景にあるXのプログラム、対策は功を奏するのか?,https://wedge.ismedia.jp/articles/-/40975,https://news.ceek.jp/search.cgi?category_id=national&feed=1,ok,,社会
2026-08-19,2026-08-19T06:11:02.697166+09:00,全国紙,全国,日本経済新聞,熊本地震で煙突倒壊、建物と地震波が共振 東京科学大名誉教授に聞く,https://www.nikkei.com/article/DGXZQOSG103OG0Q6A810C2000000/,https://news.ceek.jp/search.cgi?category_id=national&feed=1,ok,,社会
2026-08-19,2026-08-19T06:11:02.697166+09:00,全国紙,全国,日本経済新聞,「マイクラ」で学ぶ東京大空襲 戦争とは...ゲームが導く当事者目線,https://www.nikkei.com/article/DGXZQOUD306LT0Q6A630C2000000/,https://news.ceek.jp/search.cgi?category_id=national&feed=1,ok,,社会
2026-08-19,2026-08-19T06:11:02.697166+09:00,全国紙,全国,読売新聞,[デジタル禍]増殖するbot<1>ライブ券 秒速「買い占め」,https://www.yomiuri.co.jp/national/20260819-GYT1T00038/,https://news.ceek.jp/search.cgi?category_id=national&feed=1,ok,,社会
2026-08-19,2026-08-19T06:11:02.697166+09:00,全国紙,全国,読売新聞,隊員2人悼む 道頓堀火災1年,https://www.yomiuri.co.jp/national/20260819-GYT1T00047/,https://news.ceek.jp/search.cgi?category_id=national&feed=1,ok,,社会
2026-08-19,2026-08-19T06:11:02.697166+09:00,その他メディア,,デイリー新潮,夏の風物詩「セミの合唱」をリードするセミの種類が...東京都内ですっかり変わってしまった!,https://www.dailyshincho.jp/article/2026/08190459/?all=1,https://news.ceek.jp/search.cgi?category_id=national&feed=1,ok,,社会
2026-08-19,2026-08-19T06:11:02.697166+09:00,その他メディア,,デイリー新潮,夏休みの新幹線マナーが最悪だった...日本人から急速に「相手への気遣い」が失われている理由,https://www.dailyshincho.jp/article/2026/08190458/?all=1,https://news.ceek.jp/search.cgi?category_id=national&feed=1,ok,,社会
2026-08-19,2026-08-19T06:11:02.697166+09:00,その他メディア,,デイリー新潮,熊本地震は南海トラフ地震の前触れか? 「活動期に入っている状態」「今回の100倍以上のエネルギー」,https://www.dailyshincho.jp/article/2026/08190456/?all=1,https://news.ceek.jp/search.cgi?category_id=national&feed=1,ok,,社会
2026-08-19,2026-08-19T06:11:02.697166+09:00,その他メディア,,TBSテレビ,秋篠宮ご夫妻 パラグアイ公式訪問へ出発 日本人移住90周年の記念式典出席や日系人らと交流へ,https://newsdig.tbs.co.jp/articles/-/2880729?display=1,https://news.ceek.jp/search.cgi?category_id=national&feed=1,ok,,社会
2026-08-19,2026-08-19T06:11:02.697166+09:00,その他メディア,,フジテレビ,「小遣い稼ぎでやった」大量の銅線を盗んだ疑いで69歳と74歳の男2人を逮捕 リサイクル会社のコンテナから約800キロの銅線なくなる 防犯カメラに犯行の様子 兵庫・豊岡市,https://www.fnn.jp/articles/-/1097034,https://news.ceek.jp/search.cgi?category_id=national&feed=1,ok,,社会
2026-08-19,2026-08-19T06:11:02.697166+09:00,その他メディア,,デイリースポーツ,防衛省、水中発射ミサイル開発へ,https://www.daily.co.jp/society/main/2026/08/19/0020721819.shtml,https://news.ceek.jp/search.cgi?category_id=national&feed=1,ok,,社会
2026-08-19,2026-08-19T06:11:02.697166+09:00,その他メディア,,Abema TIMES,"発電機で対応も...病院が“機能停止"" 千葉豪雨“地下浸水""の危険性",https://times.abema.tv/articles/-/10267885?page=1,https://news.ceek.jp/search.cgi?category_id=national&feed=1,ok,,社会
2026-08-19,2026-08-19T06:11:02.697166+09:00,その他メディア,,テレビ朝日,"発電機で対応も...病院が“機能停止"" 千葉豪雨“地下浸水""の危険性",https://news.tv-asahi.co.jp/news_society/articles/900197413.html,https://news.ceek.jp/search.cgi?category_id=national&feed=1,ok,,社会
2026-08-19,2026-08-19T06:11:02.697166+09:00,その他メディア,,テレビ朝日,秋篠宮ご夫妻がパラグアイに出発,https://news.tv-asahi.co.jp/news_society/articles/000527168.html,https://news.ceek.jp/search.cgi?category_id=national&feed=1,ok,,社会
2026-08-19,2026-08-19T06:11:02.697166+09:00,その他メディア,,フジテレビ,"“ヘヴィメタル""がつなぐ支援の輪 フェスに込めた猫への思い",https://www.fnn.jp/articles/-/1097030,https://news.ceek.jp/search.cgi?category_id=national&feed=1,ok,,社会
2026-08-19,2026-08-19T06:11:02.697166+09:00,その他メディア,,Abema TIMES,"“勾留の執行停止""とは...妻を殴り殺人未遂の罪で起訴された男(77)が逃走 函館",https://times.abema.tv/articles/-/10267876?page=1,https://news.ceek.jp/search.cgi?category_id=national&feed=1,ok,,社会
2026-08-19,2026-08-19T06:11:02.697166+09:00,その他メディア,,フジテレビ,秋篠宮ご夫妻 パラグアイに向け出発 佳子さまが見送り 日本人移住90周年にあたり,https://www.fnn.jp/articles/-/1097027,https://news.ceek.jp/search.cgi?category_id=national&feed=1,ok,,社会
2026-08-19,2026-08-19T06:11:02.697166+09:00,その他メディア,,日本テレビ,お笑いトリオ「四千頭身」都築メンバーが書類送検 女性の顔や下半身触ったか,https://news.ntv.co.jp/category/society/4abfa6f7554948b8a70b210746c2c5a2,https://news.ceek.jp/search.cgi?category_id=national&feed=1,ok,,社会
2026-08-19,2026-08-19T06:11:02.697166+09:00,その他メディア,,フジテレビ,千葉豪雨 死者13人に 幹線道路に放置車両600台,https://www.fnn.jp/articles/-/1097025,https://news.ceek.jp/search.cgi?category_id=national&feed=1,ok,,社会
2026-08-19,2026-08-19T06:11:02.697166+09:00,その他メディア,,日本テレビ,"千葉豪雨から5日も残る爪痕 水も冷蔵庫も使えず...マンションで続く“隠れ停電""",https://news.ntv.co.jp/category/society/cdf8fa0cc4bc4309b58aa75bc5ba7910,https://news.ceek.jp/search.cgi?category_id=national&feed=1,ok,,社会
2026-08-19,2026-08-19T06:11:02.697166+09:00,その他メディア,,サンケイスポーツ,中国機にスクランブル 防衛省公表、2機確認,https://www.sanspo.com/article/20260819-QNZ72MCIMBP43PPFDHLUEQCFTQ/,https://news.ceek.jp/search.cgi?category_id=national&feed=1,ok,,社会
2026-08-19,2026-08-19T06:11:02.697166+09:00,その他メディア,,日本テレビ,"2歳児死亡...顔に複数のあざ、鼻から出血も 母親の交際相手逮捕 近隣住民は“赤ちゃんの泣き声がずっとしていた""子どもの悲鳴も 横浜市",https://news.ntv.co.jp/category/society/f3e6c60d67ab4996b6a7b9457298e309,https://news.ceek.jp/search.cgi?category_id=national&feed=1,ok,,社会
2026-08-19,2026-08-19T06:11:02.697166+09:00,その他メディア,,フジテレビ,"15歳中学生“放火""と“殺人未遂""で逮捕 「日頃からお父さんが暴力を振るってくる」",https://www.fnn.jp/articles/-/1097023,https://news.ceek.jp/search.cgi?category_id=national&feed=1,ok,,社会
2026-08-19,2026-08-19T06:11:02.697166+09:00,その他メディア,,日本テレビ,"JAFの“精鋭部隊""全国から集結 千葉豪雨でレッカー作業にあたる2人の隊員に密着 依頼は路上に放置された車にとどまらず",https://news.ntv.co.jp/category/society/eac63f92fc204b3e8111e081722ccb24,https://news.ceek.jp/search.cgi?category_id=national&feed=1,ok,,社会
2026-08-19,2026-08-19T06:11:02.697166+09:00,その他メディア,,TBSテレビ,東京都でツキノワグマ狩猟が限定的に解禁へ 2027年度から,https://newsdig.tbs.co.jp/articles/-/2880652?display=1,https://news.ceek.jp/search.cgi?category_id=national&feed=1,ok,,社会
2026-08-19,2026-08-19T06:11:02.697166+09:00,その他メディア,,日刊スポーツ,夏の全国高等学校野球で作新学院が史上初の春夏連覇/今日は?,https://www.nikkansports.com/general/news/202608180000683.html,https://news.ceek.jp/search.cgi?category_id=national&feed=1,ok,,社会
2026-08-19,2026-08-19T06:11:02.697166+09:00,その他メディア,,フジテレビ,復旧進む一方で「見えない課題」も 熊本地震発生から3週間,https://www.fnn.jp/articles/-/1097020,https://news.ceek.jp/search.cgi?category_id=national&feed=1,ok,,社会
2026-08-19,2026-08-19T06:11:02.697166+09:00,その他メディア,,日本テレビ,"【解説】千葉豪雨 車や家が浸水 県内で車両約600台“放置"" 補償どうなる?",https://news.ntv.co.jp/category/society/15b5529c04014b8d9ffe88bef3b19d4b,https://news.ceek.jp/search.cgi?category_id=national&feed=1,ok,,社会
2026-08-19,2026-08-19T06:11:02.697166+09:00,全国紙,全国,読売新聞,秋篠宮ご夫妻、パラグアイ公式訪問のため政府専用機で東京・羽田を出発,https://www.yomiuri.co.jp/koushitsu/20260818-GYT1T00489/,https://news.ceek.jp/search.cgi?category_id=national&feed=1,ok,,社会
2026-08-19,2026-08-19T06:11:02.697166+09:00,その他メディア,,TBSテレビ,自衛隊戦闘機が那覇空港で動けなくなるトラブル 滑走路一時閉鎖で一部の便に欠航など影響,https://newsdig.tbs.co.jp/articles/-/2880641?display=1,https://news.ceek.jp/search.cgi?category_id=national&feed=1,ok,,社会
2026-08-19,2026-08-19T06:11:02.697166+09:00,その他メディア,,TBSテレビ,交際相手の2歳長男を殴ったか 36歳男を逮捕「寝たふりをしたので腹を立て...」 長男はその後死亡 事件の数日前から容疑者の自宅で暮らす,https://newsdig.tbs.co.jp/articles/-/2880640?display=1,https://news.ceek.jp/search.cgi?category_id=national&feed=1,ok,,社会
2026-08-19,2026-08-19T06:11:02.697166+09:00,その他メディア,,日本テレビ,熱中症で43人救急搬送 40代男性と80代女性の2人が重篤 東京消防庁管内(午後9時まで),https://news.ntv.co.jp/category/society/f4b754bc2f1e4d15848191de9b7bee29,https://news.ceek.jp/search.cgi?category_id=national&feed=1,ok,,社会
2026-08-19,2026-08-19T06:11:02.697166+09:00,その他メディア,,TBSテレビ,"殺人未遂の罪で起訴の男が行方不明 がん治療のため“勾留停止""で入院中 北海道・函館市の大川清被告",https://newsdig.tbs.co.jp/articles/-/2880638?display=1,https://news.ceek.jp/search.cgi?category_id=national&feed=1,ok,,社会
2026-08-19,2026-08-19T06:11:02.697166+09:00,その他メディア,,TBSテレビ,「四千頭身」都築拓紀メンバーを書類送検 イベント会場で女性に痴漢か 「酒を飲んでいた」おおむね容疑認める,https://newsdig.tbs.co.jp/articles/-/2880637?display=1,https://news.ceek.jp/search.cgi?category_id=national&feed=1,ok,,社会
2026-08-19,2026-08-19T06:11:02.697166+09:00,その他メディア,,テレビ朝日,"“勾留の執行停止""とは...妻を殴り殺人未遂の罪で起訴された男(77)が逃走 函館",https://news.tv-asahi.co.jp/news_society/articles/900197405.html,https://news.ceek.jp/search.cgi?category_id=national&feed=1,ok,,社会
2026-08-19,2026-08-19T06:11:02.697166+09:00,その他メディア,,デイリースポーツ,70代男性出血、意識不明,https://www.daily.co.jp/society/national/2026/08/18/0020720473.shtml,https://news.ceek.jp/search.cgi?category_id=national&feed=1,ok,,社会
2026-08-19,2026-08-19T06:11:02.697166+09:00,その他メディア,,共同通信,70代男性出血、意識不明 島根・出雲、長男自殺か,https://www.47news.jp/14808315.html,https://news.ceek.jp/search.cgi?category_id=national&feed=1,ok,,社会
2026-08-19,2026-08-19T06:11:02.697166+09:00,その他メディア,,テレビ朝日,駐禁除外の標章 生成AIで偽造か 書類送検の53歳男性「小遣い無駄に使いたくなかった」,https://news.tv-asahi.co.jp/news_society/articles/000527121.html,https://news.ceek.jp/search.cgi?category_id=national&feed=1,ok,,社会
2026-08-19,2026-08-19T06:11:02.697166+09:00,その他メディア,,フジテレビ,【台風情報】熱帯低気圧「台風のたまご」の進路予想は 24時間以内に台風に発達する可能性 トラック諸島近海をゆっくり西へ,https://www.fnn.jp/articles/-/1097018,https://news.ceek.jp/search.cgi?category_id=national&feed=1,ok,,社会
2026-08-19,2026-08-19T06:11:02.697166+09:00,その他メディア,,共同通信,【速報】ロ占拠原発のバス停で無人機爆発、1人死亡,https://www.47news.jp/14809040.html,https://news.ceek.jp/search.cgi?category_id=national&feed=1,ok,,社会
2026-08-19,2026-08-19T06:11:02.697166+09:00,その他メディア,,日本テレビ,【みんなのギモン】車水没の備え...補償は?千葉豪雨で約2500台の車両が道路に放置 追突事故も相次ぐ,https://news.ntv.co.jp/category/society/bfce65d3c4ce4108848c92ab9339d05f,https://news.ceek.jp/search.cgi?category_id=national&feed=1,ok,,社会
2026-08-19,2026-08-19T06:11:02.697166+09:00,その他メディア,,日本テレビ,"天皇皇后両陛下 東京国立博物館で “空海生誕1250年記念""特別展を鑑賞",https://news.ntv.co.jp/category/society/75871893492944439ac309b6161f7c1a,https://news.ceek.jp/search.cgi?category_id=national&feed=1,ok,,社会
2026-08-19,2026-08-19T06:11:02.697166+09:00,全国紙,全国,読売新聞,天皇、皇后両陛下、東京国立博物館で開催中の特別展「空海と真言の名宝」を鑑賞,https://www.yomiuri.co.jp/koushitsu/20260818-GYT1T00310/,https://news.ceek.jp/search.cgi?category_id=national&feed=1,ok,,社会
2026-08-19,2026-08-19T06:11:02.697166+09:00,その他メディア,,日本テレビ,お笑いトリオ「四千頭身」都築メンバー書類送検 女性の下半身触ったか,https://news.ntv.co.jp/category/society/335f1876bbd34f5eadc4ff3f5b2708ec,https://news.ceek.jp/search.cgi?category_id=national&feed=1,ok,,社会
2026-08-19,2026-08-19T06:11:02.697166+09:00,その他メディア,,日本テレビ,秋篠宮ご夫妻がパラグアイ公式訪問に出発 佳子さまに見送られ 日本人移住90周年の節目の訪問,https://news.ntv.co.jp/category/society/63ac23903d1d43578fc1ec69f59c4769,https://news.ceek.jp/search.cgi?category_id=national&feed=1,ok,,社会
2026-08-19,2026-08-19T06:11:02.697166+09:00,その他メディア,,テレビ朝日,父親の遺体を放置し遺棄か 27歳男を逮捕 山梨・甲州市,https://news.tv-asahi.co.jp/news_society/articles/000527104.html,https://news.ceek.jp/search.cgi?category_id=national&feed=1,ok,,社会
2026-08-19,2026-08-19T06:11:02.697166+09:00,全国紙,全国,日本経済新聞,殺人未遂被告が行方不明 北海道・函館、病院から,https://www.nikkei.com/article/DGXZQOUD18AAG0Y6A810C2000000/,https://news.ceek.jp/search.cgi?category_id=national&feed=1,ok,,社会
2026-08-19,2026-08-19T06:11:02.697166+09:00,全国紙,全国,読売新聞,アイフル、顧客の信用情報94万件を不正利用...うち88万件はグループ会社ライフカードに提供,https://www.yomiuri.co.jp/national/20260818-GYT1T00349/,https://news.ceek.jp/search.cgi?category_id=national&feed=1,ok,,社会
2026-08-19,2026-08-19T06:11:02.697166+09:00,その他メディア,,フジテレビ,天皇皇后両陛下「技術の粋を集めて」 空海や真言宗にまつわる国宝や重要文化財をご覧に,https://www.fnn.jp/articles/-/1097014,https://news.ceek.jp/search.cgi?category_id=national&feed=1,ok,,社会
2026-08-19,2026-08-19T06:11:02.697166+09:00,その他メディア,,フジテレビ,台風の卵 熱帯低気圧 19日にも台風になる見込みか 西太平洋から日本列島へ 最新の進路予想,https://www.fnn.jp/articles/-/1097016,https://news.ceek.jp/search.cgi?category_id=national&feed=1,ok,,社会
2026-08-19,2026-08-19T06:11:02.697166+09:00,その他メディア,,日刊スポーツ,熊本地震に特別財政支援 生活、なりわい再建 発生3週間、3000人避難,https://www.nikkansports.com/general/news/202608180001323.html,https://news.ceek.jp/search.cgi?category_id=national&feed=1,ok,,社会
2026-08-19,2026-08-19T06:11:02.697166+09:00,その他メディア,,フジテレビ,秋篠宮ご夫妻 パラグアイに向け出発 佳子さまが見送り 日本人パラグアイ移住90周年にあたり,https://www.fnn.jp/articles/-/1097010,https://news.ceek.jp/search.cgi?category_id=national&feed=1,ok,,社会
2026-08-19,2026-08-19T06:11:02.697166+09:00,その他メディア,,日刊スポーツ,秋篠宮ご夫妻がパラグアイへ出発 日本人移住90周年の式典に出席 佳子さまが手を振りお見送り,https://www.nikkansports.com/general/news/202608180001811.html,https://news.ceek.jp/search.cgi?category_id=national&feed=1,ok,,社会
2026-08-19,2026-08-19T06:11:02.697166+09:00,その他メディア,,TBSテレビ,天皇皇后両陛下 弘法大師生誕1250年特別展へ,https://newsdig.tbs.co.jp/articles/-/2880549?display=1,https://news.ceek.jp/search.cgi?category_id=national&feed=1,ok,,社会
2026-08-19,2026-08-19T06:11:02.697166+09:00,その他メディア,,TBSテレビ,千葉豪雨 放置車両対応に向けてプロジェクトチーム設置 千葉市が管轄する幹線道路上の放置車両は残り約200台...あすの撤去完了を目指す,https://newsdig.tbs.co.jp/articles/-/2880548?display=1,https://news.ceek.jp/search.cgi?category_id=national&feed=1,ok,,社会
2026-08-19,2026-08-19T06:11:02.697166+09:00,その他メディア,,テレ東BIZ,長期金利 約30年ぶり高水準 新発10年物国債 一時 2.945%,https://txbiz.tv-tokyo.co.jp/txn/news_txn/post_346871,https://news.ceek.jp/search.cgi?category_id=national&feed=1,ok,,社会
2026-08-19,2026-08-19T06:11:02.697166+09:00,その他メディア,,テレ東BIZ,明治「きのこの山」「たけのこの里」など最大8%値上げ 飲料3品は最大21%,https://txbiz.tv-tokyo.co.jp/txn/news_txn/post_346872,https://news.ceek.jp/search.cgi?category_id=national&feed=1,ok,,社会
2026-08-19,2026-08-19T06:11:02.697166+09:00,その他メディア,,テレ東BIZ,ドンキのパンパシHD純利益 初の1000億円超 インバウンド需要が好調,https://txbiz.tv-tokyo.co.jp/txn/news_txn/post_346873,https://news.ceek.jp/search.cgi?category_id=national&feed=1,ok,,社会
2026-08-19,2026-08-19T06:11:02.697166+09:00,その他メディア,,テレ東BIZ,新潟 新米概算金4割値下がり 在庫積み上がりが影響,https://txbiz.tv-tokyo.co.jp/txn/news_txn/post_346874,https://news.ceek.jp/search.cgi?category_id=national&feed=1,ok,,社会
2026-08-19,2026-08-19T06:11:02.697166+09:00,その他メディア,,テレ東BIZ,シャンパーニュ地方 猛暑でブドウ収穫前倒し,https://txbiz.tv-tokyo.co.jp/txn/news_txn/post_346875,https://news.ceek.jp/search.cgi?category_id=national&feed=1,ok,,社会
2026-08-19,2026-08-19T06:11:02.697166+09:00,その他メディア,,テレビ朝日,母親殺害疑いで逮捕の女 約3300万円「投げ銭」か 母親の口座から引き出し,https://news.tv-asahi.co.jp/news_society/articles/000527138.html,https://news.ceek.jp/search.cgi?category_id=national&feed=1,ok,,社会
2026-08-19,2026-08-19T06:11:02.697166+09:00,その他メディア,,TBSテレビ,"夏休みの宿題の“ラスボス""自由研究に変化 AIやタイムラプス撮影で支援 小学生の発想が商品化も【Nスタ解説】",https://newsdig.tbs.co.jp/articles/-/2880501?display=1,https://news.ceek.jp/search.cgi?category_id=national&feed=1,ok,,社会
2026-08-19,2026-08-19T06:11:02.697166+09:00,その他メディア,,日本テレビ,【緊迫】天井まで残り50センチ 水の中で救助待ち3時間「命の危険を本当に感じて」【千葉豪雨】,https://news.ntv.co.jp/category/society/c2f900c4a96346e1b4cb47ccceb48027,https://news.ceek.jp/search.cgi?category_id=national&feed=1,ok,,社会
2026-08-19,2026-08-19T06:11:02.697166+09:00,その他メディア,,フジテレビ,出雲市の住宅で頭などを負傷した70代男性を発見 警察が殺人未遂事件として捜査 離れでは長男が死亡,https://www.fnn.jp/articles/-/1097004,https://news.ceek.jp/search.cgi?category_id=national&feed=1,ok,,社会
2026-08-19,2026-08-19T06:11:02.697166+09:00,全国紙,全国,日本経済新聞,トランプ氏、イラン協議「予定もない」 ホルムズ通過船舶は激減,https://www.nikkei.com/article/DGXZQOGN18AXW0Y6A810C2000000/,https://news.ceek.jp/search.cgi?category_id=world&feed=1,ok,,国際
2026-08-19,2026-08-19T06:11:02.697166+09:00,その他メディア,,TBSテレビ,トランプ大統領「イランと協議や対話は行われておらず、予定も一切ない」 戦闘終結に向けた交渉期限切れで,https://newsdig.tbs.co.jp/articles/-/2880736?display=1,https://news.ceek.jp/search.cgi?category_id=world&feed=1,ok,,国際
2026-08-19,2026-08-19T06:11:02.697166+09:00,その他メディア,,デイリースポーツ,ロシアとミャンマー首脳が会談,https://www.daily.co.jp/society/world/2026/08/19/0020722112.shtml,https://news.ceek.jp/search.cgi?category_id=world&feed=1,ok,,国際
2026-08-19,2026-08-19T06:11:02.697166+09:00,その他メディア,,デイリースポーツ,ディズニー、放送巡り米当局提訴,https://www.daily.co.jp/society/world/2026/08/19/0020722105.shtml,https://news.ceek.jp/search.cgi?category_id=world&feed=1,ok,,国際
2026-08-19,2026-08-19T06:11:02.697166+09:00,その他メディア,,VIETJO,ラザダ運営会社に罰金210万円、不正確情報で消費者に誤解,https://www.viet-jo.com/news/economy/260818151159.html,https://news.ceek.jp/search.cgi?category_id=world&feed=1,ok,,国際
2026-08-19,2026-08-19T06:11:02.697166+09:00,その他メディア,,現代ビジネス,「今回の震災は天罰だ。2030年までに日本を地球上から消滅させよう」...中国で飛び交う「熊本地震」への罵詈雑言,https://gendai.media/articles/-/170040,https://news.ceek.jp/search.cgi?category_id=world&feed=1,ok,,国際
2026-08-19,2026-08-19T06:11:02.697166+09:00,その他メディア,,現代ビジネス,「相手兵を負傷させたら8ポイント、殺害したら12ポイント」...ウクライナ侵攻から4年半、戦争が「ゲーム化」している,https://gendai.media/articles/-/170320,https://news.ceek.jp/search.cgi?category_id=world&feed=1,ok,,国際
2026-08-19,2026-08-19T06:11:02.697166+09:00,その他メディア,,現代ビジネス,先進国の中で一番移住ハードルが低い日本に雪崩を打って逃げ込んできた中国人への、ベテラン在日中国人の嘆き,https://gendai.media/articles/-/170330,https://news.ceek.jp/search.cgi?category_id=world&feed=1,ok,,国際
2026-08-19,2026-08-19T06:11:02.697166+09:00,その他メディア,,現代ビジネス,ビザ厳格化で「緩い日本」終了へ...日本社会にまったく溶け込む意思がない中国人の逆ギレと本音,https://gendai.media/articles/-/170331,https://news.ceek.jp/search.cgi?category_id=world&feed=1,ok,,国際
2026-08-19,2026-08-19T06:11:02.697166+09:00,その他メディア,,JBpress,"【ドラマなふたり】ゼンデイヤ×パティンソンのラブコメを反転させる、銃社会アメリカを覆う「鈍い恐怖」愛する人が「学校銃撃」を計画していたら...『ドラマなふたり』が描く結婚直前の告白と“やり直せない過去""",https://jbpress.ismedia.jp/articles/-/96483,https://news.ceek.jp/search.cgi?category_id=world&feed=1,ok,,国際
2026-08-19,2026-08-19T06:11:02.697166+09:00,その他メディア,,JBpress,偽りのFDI景気と「迂回貿易」の罠...中国からの工場移転に揺れるベトナムのジレンマ深刻な構造的矛盾が噴出、ベトナム経済は「持続可能な独立」を果たせるか,https://jbpress.ismedia.jp/articles/-/96487,https://news.ceek.jp/search.cgi?category_id=world&feed=1,ok,,国際
2026-08-19,2026-08-19T06:11:02.697166+09:00,その他メディア,,JBpress,人民の石油、今や中国が「世界の石油強国」だ,https://jbpress.ismedia.jp/articles/-/96515,https://news.ceek.jp/search.cgi?category_id=world&feed=1,ok,,国際
2026-08-19,2026-08-19T06:11:02.697166+09:00,その他メディア,,JBpress,中国「鉄腕宰相」朱鎔基、なぜ世界はその死を惜しむのか...習近平が逆走させた「改革開放」の実行者,https://jbpress.ismedia.jp/articles/-/96522,https://news.ceek.jp/search.cgi?category_id=world&feed=1,ok,,国際
2026-08-19,2026-08-19T06:11:02.697166+09:00,その他メディア,,デイリースポーツ,エボラ熱、感染者5千人迫る,https://www.daily.co.jp/society/world/2026/08/19/0020722100.shtml,https://news.ceek.jp/search.cgi?category_id=world&feed=1,ok,,国際
2026-08-19,2026-08-19T06:11:02.697166+09:00,その他メディア,,デイリースポーツ,ロシア、国境に無人機10基地,https://www.daily.co.jp/society/world/2026/08/19/0020722097.shtml,https://news.ceek.jp/search.cgi?category_id=world&feed=1,ok,,国際
2026-08-19,2026-08-19T06:11:02.697166+09:00,その他メディア,,テレビ朝日,トランプ政権 ICC=国際刑事裁判所の赤根所長らを制裁対象に指定,https://news.tv-asahi.co.jp/news_international/articles/000527197.html,https://news.ceek.jp/search.cgi?category_id=world&feed=1,ok,,国際
2026-08-19,2026-08-19T06:11:02.697166+09:00,その他メディア,,TBSテレビ,UAEがイラン発射ミサイル検知 「海上交通が標的」 ホルムズ緊張続く,https://newsdig.tbs.co.jp/articles/-/2880733?display=1,https://news.ceek.jp/search.cgi?category_id=world&feed=1,ok,,国際
2026-08-19,2026-08-19T06:11:02.697166+09:00,その他メディア,,VIETJO,サンG、フーコックLRT運行でホーチミン・メトロ運行会社と契約,https://www.viet-jo.com/news/economy/260818164111.html,https://news.ceek.jp/search.cgi?category_id=world&feed=1,ok,,国際
2026-08-19,2026-08-19T06:11:02.697166+09:00,その他メディア,,VIETJO,ホーチミン市自然科学大、大阪公立大の竹中教授に初の名誉教授称号,https://www.viet-jo.com/news/nikkei/260818183902.html,https://news.ceek.jp/search.cgi?category_id=world&feed=1,ok,,国際
2026-08-19,2026-08-19T06:11:02.697166+09:00,その他メディア,,デイリースポーツ,防空シェルターで外相会談,https://www.daily.co.jp/society/world/2026/08/19/0020722088.shtml,https://news.ceek.jp/search.cgi?category_id=world&feed=1,ok,,国際
2026-08-19,2026-08-19T06:11:02.697166+09:00,その他メディア,,Pars Today,イラン外相;「『脆弱なイラン』のイメージは完全に崩壊,https://parstoday.ir/ja/news/iran-i134158,https://news.ceek.jp/search.cgi?category_id=world&feed=1,ok,,国際
2026-08-19,2026-08-19T06:11:02.697166+09:00,全国紙,全国,日本経済新聞,メタSNS裁判開始 未成年の依存性争点、「無限スクロール」の是非問う,https://www.nikkei.com/article/DGXZQOGN181J50Y6A810C2000000/,https://news.ceek.jp/search.cgi?category_id=world&feed=1,ok,,国際
2026-08-19,2026-08-19T06:11:02.697166+09:00,その他メディア,,TBSテレビ,ミネソタ州司法長官 移民男性に発砲したICE職員の身柄引き渡し求めテキサス州知事を提訴,https://newsdig.tbs.co.jp/articles/-/2880732?display=1,https://news.ceek.jp/search.cgi?category_id=world&feed=1,ok,,国際
2026-08-19,2026-08-19T06:11:02.697166+09:00,全国紙,全国,読売新聞,パラグアイ 日本学校の絆 移住90年 文化拠点 今では半数が非日系,https://www.yomiuri.co.jp/world/20260819-GYT1T00004/,https://news.ceek.jp/search.cgi?category_id=world&feed=1,ok,,国際
2026-08-19,2026-08-19T06:11:02.697166+09:00,全国紙,全国,読売新聞,露「反戦」野党 除外確定 下院比例選 最高裁が異議棄却,https://www.yomiuri.co.jp/world/20260819-GYT1T00013/,https://news.ceek.jp/search.cgi?category_id=world&feed=1,ok,,国際
2026-08-19,2026-08-19T06:11:02.697166+09:00,全国紙,全国,読売新聞,比、南シナ海 高まる緊張 補給活動合意 中国と対立 国内で実効性に疑念,https://www.yomiuri.co.jp/world/20260819-GYT1T00014/,https://news.ceek.jp/search.cgi?category_id=world&feed=1,ok,,国際
2026-08-19,2026-08-19T06:11:02.697166+09:00,全国紙,全国,日本経済新聞,「日豪印韓で中堅国連合」豪州大使提唱 中国対抗へ米国との同盟補完,https://www.nikkei.com/article/DGXZQOCB137DT0T10C26A8000000/,https://news.ceek.jp/search.cgi?category_id=world&feed=1,ok,,国際
2026-08-19,2026-08-19T06:11:02.697166+09:00,全国紙,全国,日本経済新聞,「中国の総理になれ」 最高実力者の打診蹴った朱鎔基氏が変えた歴史,https://www.nikkei.com/article/DGXZQOCD133VO0T10C26A8000000/,https://news.ceek.jp/search.cgi?category_id=world&feed=1,ok,,国際
2026-08-19,2026-08-19T06:11:02.697166+09:00,全国紙,全国,日本経済新聞,ウクライナ侵略4年半、袋小路のプーチン政権 国力衰退の代償重く,https://www.nikkei.com/article/DGXZQOCD144SG0U6A810C2000000/,https://news.ceek.jp/search.cgi?category_id=world&feed=1,ok,,国際
2026-08-19,2026-08-19T06:11:02.697166+09:00,全国紙,全国,読売新聞,トランプ氏 交渉期限「ない」 イラン協議 覚書の60日経過,https://www.yomiuri.co.jp/world/20260819-GYT1T00028/,https://news.ceek.jp/search.cgi?category_id=world&feed=1,ok,,国際
2026-08-19,2026-08-19T06:11:02.697166+09:00,全国紙,全国,読売新聞,米韓演習短縮 21日終了 トランプ氏指示受け 韓国報道,https://www.yomiuri.co.jp/world/20260819-GYT1T00029/,https://news.ceek.jp/search.cgi?category_id=world&feed=1,ok,,国際
2026-08-19,2026-08-19T06:11:02.697166+09:00,全国紙,全国,読売新聞,中国の太平洋進出に対抗 抑止力強化 米つなぎとめ 日豪防衛相会談,https://www.yomiuri.co.jp/world/20260819-GYT1T00033/,https://news.ceek.jp/search.cgi?category_id=world&feed=1,ok,,国際
2026-08-19,2026-08-19T06:11:02.697166+09:00,その他メディア,,Pars Today,殉教した先代最高指導者の40日忌追悼式典が開催、テヘラン・モサッラー大礼拝所にて,https://parstoday.ir/ja/news/iran-i134156,https://news.ceek.jp/search.cgi?category_id=world&feed=1,ok,,国際
2026-08-19,2026-08-19T06:11:02.697166+09:00,その他メディア,,TBSテレビ,トランプ政権 ICC赤根智子所長ら2人を制裁対象に指定,https://newsdig.tbs.co.jp/articles/-/2880730?display=1,https://news.ceek.jp/search.cgi?category_id=world&feed=1,ok,,国際
2026-08-19,2026-08-19T06:11:02.697166+09:00,全国紙,全国,日本経済新聞,米国の対カナダ50%関税、発動迫る 両首脳が電話協議,https://www.nikkei.com/article/DGXZQOGN179KC0X10C26A8000000/,https://news.ceek.jp/search.cgi?category_id=world&feed=1,ok,,国際
2026-08-19,2026-08-19T06:11:02.697166+09:00,その他メディア,,TBSテレビ,ザポリージャ原発職員らが利用するバス停でドローン爆発 1人死亡15人重軽傷 IAEA発表,https://newsdig.tbs.co.jp/articles/-/2880726?display=1,https://news.ceek.jp/search.cgi?category_id=world&feed=1,ok,,国際
2026-08-19,2026-08-19T06:11:02.697166+09:00,その他メディア,,VIETJO,ダナン:リゾート内のヴィラでロレックスなど窃盗、ロシア人女逮捕,https://www.viet-jo.com/news/sanmen/260818122127.html,https://news.ceek.jp/search.cgi?category_id=world&feed=1,ok,,国際
2026-08-19,2026-08-19T06:11:02.697166+09:00,その他メディア,,共同通信,【速報】米制裁は「法の支配を台無しに」とICC,https://www.47news.jp/14809298.html,https://news.ceek.jp/search.cgi?category_id=world&feed=1,ok,,国際
2026-08-19,2026-08-19T06:11:02.697166+09:00,全国紙,全国,日本経済新聞,AIに脅かされる米国の労働者、86%が女性 「産休育休で解雇」の疑念,https://www.nikkei.com/article/DGXZQOGN09BD50Z00C26A2000000/,https://news.ceek.jp/search.cgi?category_id=world&feed=1,ok,,国際
2026-08-19,2026-08-19T06:11:02.697166+09:00,その他メディア,,共同通信,【速報】イラン発射のミサイル2発検知とUAE,https://www.47news.jp/14809284.html,https://news.ceek.jp/search.cgi?category_id=world&feed=1,ok,,国際
2026-08-19,2026-08-19T06:11:02.697166+09:00,その他メディア,,VIETJO,実子2人を川に投げ落とし長女死亡、父親に禁固20年,https://www.viet-jo.com/news/social/260818133604.html,https://news.ceek.jp/search.cgi?category_id=world&feed=1,ok,,国際
2026-08-19,2026-08-19T06:11:02.697166+09:00,全国紙,全国,読売新聞,トランプ政権、国際刑事裁判所の赤根智子所長らを制裁対象に...「権限を悪意をもって乱用している」,https://www.yomiuri.co.jp/world/20260819-GYT1T00049/,https://news.ceek.jp/search.cgi?category_id=world&feed=1,ok,,国際
2026-08-19,2026-08-19T06:11:02.697166+09:00,その他メディア,,テレビ朝日,トランプ氏 イランとの協議「予定なし」 娘の夫クシュナー氏は「対話は活発」と強調,https://news.tv-asahi.co.jp/news_international/articles/000527190.html,https://news.ceek.jp/search.cgi?category_id=world&feed=1,ok,,国際
2026-08-19,2026-08-19T06:11:02.697166+09:00,その他メディア,,テレビ朝日,UAEにイランから弾道ミサイル 米との交渉行き詰まる中...約3カ月ぶりの攻撃か,https://news.tv-asahi.co.jp/news_international/articles/000527189.html,https://news.ceek.jp/search.cgi?category_id=world&feed=1,ok,,国際
2026-08-19,2026-08-19T06:11:02.697166+09:00,その他メディア,,共同通信,【速報】「国家主権への攻撃容認せず」と米国務長官,https://www.47news.jp/14809281.html,https://news.ceek.jp/search.cgi?category_id=world&feed=1,ok,,国際
2026-08-19,2026-08-19T06:11:02.697166+09:00,その他メディア,,共同通信,【速報】米国、ICCの赤根所長に制裁,https://www.47news.jp/14809280.html,https://news.ceek.jp/search.cgi?category_id=world&feed=1,ok,,国際
2026-08-19,2026-08-19T06:11:02.697166+09:00,その他メディア,,VIETJO,ベトナム茶の日越巡回写真展、秋葉原で8月29日まで開催中,https://www.viet-jo.com/news/event/260818124929.html,https://news.ceek.jp/search.cgi?category_id=world&feed=1,ok,,国際
2026-08-19,2026-08-19T06:11:02.697166+09:00,その他メディア,,日本テレビ,トランプ大統領「イランと協議は行われておらず、予定もされていない」,https://news.ntv.co.jp/category/international/8ec76a69261d41d8befe6ad71244384b,https://news.ceek.jp/search.cgi?category_id=world&feed=1,ok,,国際
2026-08-19,2026-08-19T06:11:02.697166+09:00,その他メディア,,フジテレビ,イギリスのバーナム首相 トランプ大統領の補佐官装う人物とメッセージやり取りか 英報道,https://www.fnn.jp/articles/-/1097033,https://news.ceek.jp/search.cgi?category_id=world&feed=1,ok,,国際
2026-08-19,2026-08-19T06:11:02.697166+09:00,全国紙,全国,日本経済新聞,[FT]暴走AIを止めるには 不備は人間にあり、防衛投資で協調を,https://www.nikkei.com/article/DGXZQOCB180GN0Y6A810C2000000/,https://news.ceek.jp/search.cgi?category_id=world&feed=1,ok,,国際
2026-08-19,2026-08-19T06:11:02.697166+09:00,その他メディア,,アラブニュース,UAE国防省、イランが同国領土に向けて弾道ミサイル2発を発射したと発表,https://www.arabnews.jp/article/middle-east/article_184457/,https://news.ceek.jp/search.cgi?category_id=world&feed=1,ok,,国際
2026-08-19,2026-08-19T06:11:02.697166+09:00,その他メディア,,TBSテレビ,トランプ大統領 「イランと協議や対話は行われていない」 戦闘終結の最終合意に向けた交渉期限切れで クシュナー氏は対話の継続を強調,https://newsdig.tbs.co.jp/articles/-/2880703?display=1,https://news.ceek.jp/search.cgi?category_id=world&feed=1,ok,,国際
2026-08-19,2026-08-19T06:11:02.697166+09:00,その他メディア,,台湾国際放送,台大病院の胃がん予防モデル、費用対効果は5倍に 成果が国際医学誌に掲載,https://www.rti.org.tw/jp/news?uid=3&pid=227000,https://news.ceek.jp/search.cgi?category_id=world&feed=1,ok,,国際
2026-08-19,2026-08-19T06:11:02.697166+09:00,その他メディア,,フジテレビ,ディズニーとABC 放送免許更新めぐり当局を提訴 トランプ政権による圧力を主張,https://www.fnn.jp/articles/-/1097031,https://news.ceek.jp/search.cgi?category_id=world&feed=1,ok,,国際
2026-08-19,2026-08-19T06:11:02.697166+09:00,その他メディア,,日本テレビ,米韓合同軍事演習 トランプ大統領の指示受け、日程を半分に短縮か 防衛作戦の演習のみ実施...反撃作戦は行わず,https://news.ntv.co.jp/category/international/d9567f87419443e6898aed1b74505d88,https://news.ceek.jp/search.cgi?category_id=world&feed=1,ok,,国際
2026-08-19,2026-08-19T06:11:02.697166+09:00,その他メディア,,アラブニュース,トルコ代表団の訪問を受け、イスラエルがシリアの軍事飛行場を空爆,https://www.arabnews.jp/article/middle-east/article_184447/,https://news.ceek.jp/search.cgi?category_id=world&feed=1,ok,,国際
2026-08-19,2026-08-19T06:11:02.697166+09:00,その他メディア,,アラブニュース,トランプ大統領の特使クシュナー氏、ハマスの武装解除が30日以内に開始される可能性,https://www.arabnews.jp/article/middle-east/article_184418/,https://news.ceek.jp/search.cgi?category_id=world&feed=1,ok,,国際
2026-08-19,2026-08-19T06:11:02.697166+09:00,その他メディア,,テレビ朝日,英首相 ロシアが警告もウクライナに「寄り添う姿勢は変わらない」攻撃で7.5兆の損失,https://news.tv-asahi.co.jp/news_international/articles/000527184.html,https://news.ceek.jp/search.cgi?category_id=world&feed=1,ok,,国際
2026-08-19,2026-08-19T06:11:02.697166+09:00,その他メディア,,アラブニュース,トランプ大統領、イランとの協議は予定されていないと表明、ホルムズ海峡を「米国の新たな領土」と主張,https://www.arabnews.jp/article/middle-east/article_184455/,https://news.ceek.jp/search.cgi?category_id=world&feed=1,ok,,国際
2026-08-19,2026-08-19T06:11:02.697166+09:00,その他メディア,,Abema TIMES,"過熱したメディアの追及の末に...“盗用疑惑""英名門大・黒人教授死亡 波紋広がる",https://times.abema.tv/articles/-/10267878?page=1,https://news.ceek.jp/search.cgi?category_id=world&feed=1,ok,,国際
2026-08-19,2026-08-19T06:11:02.697166+09:00,その他メディア,,フジテレビ,トランプ大統領「イランと協議する予定ない」ホルムズ海峡は開放されていると主張するも隔たり大きく先行き不透明,https://www.fnn.jp/articles/-/1097029,https://news.ceek.jp/search.cgi?category_id=world&feed=1,ok,,国際
2026-08-19,2026-08-19T06:11:02.697166+09:00,その他メディア,,フジテレビ,ウクライナ・ザポリージャ原発 職員が利用するバス停でドローン爆発 16人死傷,https://www.fnn.jp/articles/-/1097028,https://news.ceek.jp/search.cgi?category_id=world&feed=1,ok,,国際
2026-08-19,2026-08-19T06:11:02.697166+09:00,全国紙,全国,日本経済新聞,7月の米住宅着工、予想下回る 戸建て・集合住宅とも減少,https://www.nikkei.com/article/DGXZQOGN18AAI0Y6A810C2000000/,https://news.ceek.jp/search.cgi?category_id=world&feed=1,ok,,国際
2026-08-19,2026-08-19T06:11:02.697166+09:00,全国紙,全国,日本経済新聞,中国・王毅外相が20〜22日にインドネシア訪問へ 2プラス2開催,https://www.nikkei.com/article/DGXZQOGM18AIP0Y6A810C2000000/,https://news.ceek.jp/search.cgi?category_id=world&feed=1,ok,,国際
2026-08-19,2026-08-19T06:11:02.697166+09:00,その他メディア,,テレビ朝日,ウクライナ北部にミサイル攻撃 10人死亡 ロシアには過去最大規模のドローン攻撃,https://news.tv-asahi.co.jp/news_international/articles/000527180.html,https://news.ceek.jp/search.cgi?category_id=world&feed=1,ok,,国際
2026-08-19,2026-08-19T06:11:02.697166+09:00,その他メディア,,フジテレビ,日本大使がロシア外務省へ プーチン氏 北方領土訪問めぐり,https://www.fnn.jp/articles/-/1097024,https://news.ceek.jp/search.cgi?category_id=world&feed=1,ok,,国際
2026-08-19,2026-08-19T06:11:02.697166+09:00,その他メディア,,フジテレビ,トランプ氏支持率 過去最低の33% イラン攻撃やガソリン価格の高騰などが影響か,https://www.fnn.jp/articles/-/1097022,https://news.ceek.jp/search.cgi?category_id=world&feed=1,ok,,国際
2026-08-19,2026-08-19T06:11:02.697166+09:00,全国紙,全国,日本経済新聞,トランプ氏の支持率、33%で過去最低 8割がイラン関与の長期化予想,https://www.nikkei.com/article/DGXZQOGN18ACC0Y6A810C2000000/,https://news.ceek.jp/search.cgi?category_id=world&feed=1,ok,,国際
2026-08-19,2026-08-19T06:11:02.697166+09:00,その他メディア,,NNA ASIA,横河電機、安定操業を支援,https://www.nna.jp/news/2953155,https://news.ceek.jp/search.cgi?category_id=world&feed=1,ok,,国際
2026-08-19,2026-08-19T06:11:02.697166+09:00,その他メディア,,NNA ASIA,クレカのマイル獲得が縮小、乗り換え加速へ,https://www.nna.jp/news/2954883,https://news.ceek.jp/search.cgi?category_id=world&feed=1,ok,,国際
2026-08-19,2026-08-19T06:11:02.697166+09:00,その他メディア,,NNA ASIA,【グラフでみるASEAN】対日貿易(6月),https://www.nna.jp/news/2955525,https://news.ceek.jp/search.cgi?category_id=world&feed=1,ok,,国際
2026-08-19,2026-08-19T06:11:02.697166+09:00,その他メディア,,NNA ASIA,【インサイドASEAN】自動車関連投資は過去最高,https://www.nna.jp/news/2956748,https://news.ceek.jp/search.cgi?category_id=world&feed=1,ok,,国際
2026-08-19,2026-08-19T06:11:02.697166+09:00,その他メディア,,NNA ASIA,テイクオフ:インド料理をこの上なく...,https://www.nna.jp/news/2956802,https://news.ceek.jp/search.cgi?category_id=world&feed=1,ok,,国際
2026-08-19,2026-08-19T06:11:02.697166+09:00,その他メディア,,NNA ASIA,アガスティア、インゴットとウエハー工場新設,https://www.nna.jp/news/2957130,https://news.ceek.jp/search.cgi?category_id=world&feed=1,ok,,国際
2026-08-19,2026-08-19T06:11:02.697166+09:00,その他メディア,,NNA ASIA,デイワン、生物学的DCの試験施設を開設,https://www.nna.jp/news/2957422,https://news.ceek.jp/search.cgi?category_id=world&feed=1,ok,,国際
2026-08-19,2026-08-19T06:11:02.697166+09:00,その他メディア,,NNA ASIA,家電のデザイン工夫知って、シャープが展覧会,https://www.nna.jp/news/2957440,https://news.ceek.jp/search.cgi?category_id=world&feed=1,ok,,国際
2026-08-19,2026-08-19T06:11:02.697166+09:00,その他メディア,,NNA ASIA,米カナダ首脳が関税協議へ、19日の50%発動前に,https://www.nna.jp/news/2957443,https://news.ceek.jp/search.cgi?category_id=world&feed=1,ok,,国際
2026-08-19,2026-08-19T06:11:02.697166+09:00,その他メディア,,NNA ASIA,病院に太陽光発電、電気代とガス削減を推進,https://www.nna.jp/news/2957445,https://news.ceek.jp/search.cgi?category_id=world&feed=1,ok,,国際
2026-08-19,2026-08-19T06:11:02.697166+09:00,その他メディア,,NNA ASIA,テイクオフ:シドニーのダイソーで買...,https://www.nna.jp/news/2957458,https://news.ceek.jp/search.cgi?category_id=world&feed=1,ok,,国際
2026-08-19,2026-08-19T06:11:02.697166+09:00,その他メディア,,NNA ASIA,テイクオフ:今でも、あの光景をはっ...,https://www.nna.jp/news/2957462,https://news.ceek.jp/search.cgi?category_id=world&feed=1,ok,,国際
2026-08-19,2026-08-19T06:11:02.697166+09:00,その他メディア,,NNA ASIA,EEC、東南アの製造ハブで首位=調査,https://www.nna.jp/news/2957464,https://news.ceek.jp/search.cgi?category_id=world&feed=1,ok,,国際
2026-08-19,2026-08-19T06:11:02.697166+09:00,その他メディア,,NNA ASIA,レンドリース通期、多額の減損処理で赤字転落,https://www.nna.jp/news/2957466,https://news.ceek.jp/search.cgi?category_id=world&feed=1,ok,,国際
2026-08-19,2026-08-19T06:11:02.697166+09:00,その他メディア,,NNA ASIA,北陸ファンド、車サブスクのムーブスに出資,https://www.nna.jp/news/2957489,https://news.ceek.jp/search.cgi?category_id=world&feed=1,ok,,国際
2026-08-19,2026-08-19T06:11:02.697166+09:00,その他メディア,,NNA ASIA,7月失業率は5.1%、前月から改善,https://www.nna.jp/news/2957499,https://news.ceek.jp/search.cgi?category_id=world&feed=1,ok,,国際
2026-08-19,2026-08-19T06:11:02.697166+09:00,その他メディア,,NNA ASIA,メイバンク、中国の海爾新能源と新エネ提携,https://www.nna.jp/news/2957500,https://news.ceek.jp/search.cgi?category_id=world&feed=1,ok,,国際
2026-08-19,2026-08-19T06:11:02.697166+09:00,その他メディア,,NNA ASIA,即席麺ママー、購買力低下と国境係争で減収,https://www.nna.jp/news/2957515,https://news.ceek.jp/search.cgi?category_id=world&feed=1,ok,,国際
2026-08-19,2026-08-19T06:11:02.697166+09:00,その他メディア,,NNA ASIA,精密金型YBS、生産拡大でペナンの工場取得,https://www.nna.jp/news/2957516,https://news.ceek.jp/search.cgi?category_id=world&feed=1,ok,,国際
2026-08-19,2026-08-19T06:11:02.697166+09:00,その他メディア,,NNA ASIA,JBハイファイ7月減収、電子機器値上げで,https://www.nna.jp/news/2957524,https://news.ceek.jp/search.cgi?category_id=world&feed=1,ok,,国際
2026-08-19,2026-08-19T06:11:02.697166+09:00,その他メディア,,NNA ASIA,BYDの成約4千台超、MPV好調,https://www.nna.jp/news/2957553,https://news.ceek.jp/search.cgi?category_id=world&feed=1,ok,,国際
2026-08-19,2026-08-19T06:11:02.697166+09:00,その他メディア,,NNA ASIA,BOI、投資課題解決に向け4機関と連携,https://www.nna.jp/news/2957554,https://news.ceek.jp/search.cgi?category_id=world&feed=1,ok,,国際
2026-08-19,2026-08-19T06:11:02.697166+09:00,その他メディア,,NNA ASIA,社保機関、豪雨被災者に融資利用呼びかけ,https://www.nna.jp/news/2957556,https://news.ceek.jp/search.cgi?category_id=world&feed=1,ok,,国際
2026-08-19,2026-08-19T06:11:02.697166+09:00,その他メディア,,NNA ASIA,非公式事業者のデジタル化支援、官民が覚書,https://www.nna.jp/news/2957567,https://news.ceek.jp/search.cgi?category_id=world&feed=1,ok,,国際
2026-08-19,2026-08-19T06:11:02.697166+09:00,その他メディア,,福井新聞,サンマルクの新業態カフェ、神戸・さんちかにオープン 全国3店舗目、韓国発「クロッチ」も,https://www.fukuishimbun.co.jp/articles/-/2677367,https://news.ceek.jp/search.cgi?category_id=local&feed=1,ok,,地方・地域
2026-08-19,2026-08-19T06:11:02.697166+09:00,その他メディア,,福井新聞,バドミントン世界選手権2026、山口茜は試合時間わずか26分で初戦突破 女子シングルス、連覇へ好発進,https://www.fukuishimbun.co.jp/articles/-/2677767,https://news.ceek.jp/search.cgi?category_id=local&feed=1,ok,,地方・地域
2026-08-19,2026-08-19T06:11:02.697166+09:00,全国紙,全国,朝日新聞,知的障害や発達障害ある若者も大学で学ぶ 相模原で9月からセミナー,https://www.asahi.com/articles/ASV8K2VG6V8KULOB01FM.html,https://news.ceek.jp/search.cgi?category_id=local&feed=1,ok,,地方・地域
2026-08-19,2026-08-19T06:11:02.697166+09:00,その他メディア,,山梨日日新聞,【顔】県アマチュア将棋名人戦で優勝した 竹内 広也さん,https://www.sannichi.co.jp/article/2026/08/19/00897700,https://news.ceek.jp/search.cgi?category_id=local&feed=1,ok,,地方・地域
2026-08-19,2026-08-19T06:11:02.697166+09:00,地方紙,長野,信濃毎日新聞,飯山市長選 現職の江沢岸生氏が事務所開き 「広く皆さんの意見を聞く」,https://www.shinmai.co.jp/news/article/gf01da2277hgf3e481imf58g,https://news.ceek.jp/search.cgi?category_id=local&feed=1,ok,,地方・地域
2026-08-19,2026-08-19T06:11:02.697166+09:00,地方紙,長野,信濃毎日新聞,長野県議選長野市・上水内郡区 3期目の埋橋茂人氏、引退を正式表明,https://www.shinmai.co.jp/news/article/gf01da22s19gf3e481imfafg,https://news.ceek.jp/search.cgi?category_id=local&feed=1,ok,,地方・地域
2026-08-19,2026-08-19T06:11:02.697166+09:00,全国紙,全国,朝日新聞,豪雨のなかボートひき6人救助、復旧作業も結束 千葉・佐倉の町内会,https://www.asahi.com/articles/ASV8L36TQV8LUDCB00CM.html,https://news.ceek.jp/search.cgi?category_id=local&feed=1,ok,,地方・地域
2026-08-19,2026-08-19T06:11:02.697166+09:00,地方紙,沖縄,沖縄タイムス,【沖縄の天気】8月19日から20日 沖縄本島地方・宮古島地方・八重山地方・大東島地方,https://www.okinawatimes.co.jp/articles/-/1905037,https://news.ceek.jp/search.cgi?category_id=local&feed=1,ok,,地方・地域
2026-08-19,2026-08-19T06:11:02.697166+09:00,その他メディア,,佐賀新聞,鳥にちなんだアート展「とりさがし」 山口亮一旧宅、9作家が出品 8月22日~30日,https://www.saga-s.co.jp/articles/-/1773467,https://news.ceek.jp/search.cgi?category_id=local&feed=1,ok,,地方・地域
2026-08-19,2026-08-19T06:11:02.697166+09:00,その他メディア,,朝日放送,【速報】大阪市都島区の住宅で火災 近隣の住宅にも延焼 90代女性が意識不明の重体,https://www.asahi.co.jp/webnews/pages/abc_62107.html,https://news.ceek.jp/search.cgi?category_id=local&feed=1,ok,,地方・地域
2026-08-19,2026-08-19T06:11:02.697166+09:00,地方紙,広島,中国新聞,NY原油続伸、終値84ドル台,https://www.chugoku-np.co.jp/articles/-/881474,https://news.ceek.jp/search.cgi?category_id=local&feed=1,ok,,地方・地域
2026-08-19,2026-08-19T06:11:02.697166+09:00,地方紙,広島,中国新聞,コンゴのエボラ出血熱感染者5千人超える,https://www.chugoku-np.co.jp/articles/-/881475,https://news.ceek.jp/search.cgi?category_id=local&feed=1,ok,,地方・地域
2026-08-19,2026-08-19T06:11:02.697166+09:00,地方紙,広島,中国新聞,北朝鮮メディアが米韓軍事演習の開始批判,https://www.chugoku-np.co.jp/articles/-/881472,https://news.ceek.jp/search.cgi?category_id=local&feed=1,ok,,地方・地域
2026-08-19,2026-08-19T06:11:02.697166+09:00,その他メディア,,福井新聞,1万円で2千円分お得、福井駅周辺や浜町・片町で使える商品券 8月中に2回販売 購入には「デジタル引換券」必要,https://www.fukuishimbun.co.jp/articles/-/2677385,https://news.ceek.jp/search.cgi?category_id=local&feed=1,ok,,地方・地域
2026-08-19,2026-08-19T06:11:02.697166+09:00,その他メディア,,札幌テレビ,介護施設で80代女性を盗撮 元スタッフの男(66)逮捕「弁解はありません」容疑認める 札幌,https://www.stv.jp/news/stvnews/kiji/st584d2a325a044b48be50b31d8b78c9e9.html,https://news.ceek.jp/search.cgi?category_id=local&feed=1,ok,,地方・地域
2026-08-19,2026-08-19T06:11:02.697166+09:00,その他メディア,,フジテレビ,「クリームをもう少しきれいに」夏休みに子どもたちがプロのパティシエと本格ケーキ作りに挑戦 富山,https://www.fnn.jp/articles/-/1097098,https://news.ceek.jp/search.cgi?category_id=local&feed=1,ok,,地方・地域
2026-08-19,2026-08-19T06:11:02.697166+09:00,その他メディア,,福井新聞,台風18号発生へ...気象庁の予想進路、米軍・ヨーロッパの見方 24日にも小笠原近海に接近おそれ,https://www.fukuishimbun.co.jp/articles/-/2677762,https://news.ceek.jp/search.cgi?category_id=local&feed=1,ok,,地方・地域
2026-08-19,2026-08-19T06:11:02.697166+09:00,その他メディア,,佐賀新聞,キューデンHD、玄海原発の安全協定に加入検討 九州電力の体制移行に伴い 西山社長が山口知事に報告,https://www.saga-s.co.jp/articles/-/1773584,https://news.ceek.jp/search.cgi?category_id=local&feed=1,ok,,地方・地域
2026-08-19,2026-08-19T06:11:02.697166+09:00,その他メディア,,山梨日日新聞,今朝の気温(19日午前6時),https://www.sannichi.co.jp/article/2026/08/19/80716977,https://news.ceek.jp/search.cgi?category_id=local&feed=1,ok,,地方・地域
2026-08-19,2026-08-19T06:11:02.697166+09:00,その他メディア,,福井新聞,虹色に染まったハート形の雲、園児が気付く 「環水平アーク」の可能性 福井県若狭町,https://www.fukuishimbun.co.jp/articles/-/2677425,https://news.ceek.jp/search.cgi?category_id=local&feed=1,ok,,地方・地域
2026-08-19,2026-08-19T06:11:02.697166+09:00,その他メディア,,東海テレビ,"危険生じさせる速度で追い上げ...無免許で“あおり運転""し車に衝突して相手にケガさせ逃走か 34歳男逮捕「運転に腹が立った」",https://www.tokai-tv.com/tokainews/feature/article_20260819_47824,https://news.ceek.jp/search.cgi?category_id=local&feed=1,ok,,地方・地域
2026-08-19,2026-08-19T06:11:02.697166+09:00,地方紙,広島,中国新聞,ロシアとミャンマー首脳が会談,https://www.chugoku-np.co.jp/articles/-/881470,https://news.ceek.jp/search.cgi?category_id=local&feed=1,ok,,地方・地域
2026-08-19,2026-08-19T06:11:02.697166+09:00,全国紙,全国,中日新聞,ロシアとミャンマー首脳が会談 西側諸国の制裁対抗で協力,https://www.chunichi.co.jp/article/1298452,https://news.ceek.jp/search.cgi?category_id=local&feed=1,ok,,地方・地域
2026-08-19,2026-08-19T06:11:02.697166+09:00,その他メディア,,中部日本放送,しろくじちゃんの自由研究、公園のアリが一番運んだものは?,https://hicbc.com/magazine/article/?id=radichubu-64644,https://news.ceek.jp/search.cgi?category_id=local&feed=1,ok,,地方・地域
2026-08-19,2026-08-19T06:11:02.697166+09:00,その他メディア,,山陽新聞,高円宮杯日本武道館書道展 倉敷 山水さん(児島中3年)5位 岩﨑さん(茶屋町小5年)は15位,https://www.sanyonews.jp/article/1973307/,https://news.ceek.jp/search.cgi?category_id=local&feed=1,ok,,地方・地域
2026-08-19,2026-08-19T06:11:02.697166+09:00,その他メディア,,Lmaga.jp,"予告の6秒間を占めた、意外な2人が“号泣回""へ?...「豊臣兄弟!」第32回あらすじ・賤ケ岳の決闘",https://www.lmaga.jp/news/2026/08/1090329/,https://news.ceek.jp/search.cgi?category_id=local&feed=1,ok,,地方・地域
2026-08-19,2026-08-19T06:11:02.697166+09:00,地方紙,広島,中国新聞,NY株続落、116ドル安,https://www.chugoku-np.co.jp/articles/-/881469,https://news.ceek.jp/search.cgi?category_id=local&feed=1,ok,,地方・地域
2026-08-19,2026-08-19T06:11:02.697166+09:00,全国紙,全国,中日新聞,NY株続落、116ドル安 米イラン協議停滞を懸念,https://www.chunichi.co.jp/article/1298451,https://news.ceek.jp/search.cgi?category_id=local&feed=1,ok,,地方・地域
2026-08-19,2026-08-19T06:11:02.697166+09:00,地方紙,広島,中国新聞,ディズニー、放送巡り米当局提訴,https://www.chugoku-np.co.jp/articles/-/881468,https://news.ceek.jp/search.cgi?category_id=local&feed=1,ok,,地方・地域
2026-08-19,2026-08-19T06:11:02.697166+09:00,全国紙,全国,中日新聞,ディズニー、放送巡り米当局提訴 トランプ政権の報復と非難,https://www.chunichi.co.jp/article/1298450,https://news.ceek.jp/search.cgi?category_id=local&feed=1,ok,,地方・地域
2026-08-19,2026-08-19T06:11:02.697166+09:00,全国紙,全国,中日新聞,為替相場 19日(日本時間 6時),https://www.chunichi.co.jp/article/1298436,https://news.ceek.jp/search.cgi?category_id=local&feed=1,ok,,地方・地域
2026-08-19,2026-08-19T06:11:02.697166+09:00,その他メディア,,茨城新聞,茨城県内刑法犯 2年連続減 1~6月 特殊詐欺は過去最悪,https://ibarakinews.jp/news/newsdetail.php?f_jun=1787060098540600,https://news.ceek.jp/search.cgi?category_id=local&feed=1,ok,,地方・地域
2026-08-19,2026-08-19T06:11:02.697166+09:00,地方紙,宮城,河北新報,五重の塔建築の夢目指し研さんの日々 女性宮大工の後藤夢空さん<きらり 人・まち やまがた>,https://kahoku.news/articles/20260818khn000041.html,https://news.ceek.jp/search.cgi?category_id=local&feed=1,ok,,地方・地域
2026-08-19,2026-08-19T06:11:02.697166+09:00,地方紙,宮城,河北新報,飛び出す絵本片手に良き旅を 福島・白河と奥会津地域の観光協議会が仕掛け構造の観光パンフ「たびえほん」作成,https://kahoku.news/articles/20260818khn000042.html,https://news.ceek.jp/search.cgi?category_id=local&feed=1,ok,,地方・地域
2026-08-19,2026-08-19T06:11:02.697166+09:00,地方紙,宮城,河北新報,【動画あり】暑さ忘れる氷点下20度の異空間 宮城・気仙沼の「氷の水族館」<ここに涼あり・完>,https://kahoku.news/articles/20260818khn000052.html,https://news.ceek.jp/search.cgi?category_id=local&feed=1,ok,,地方・地域
2026-08-19,2026-08-19T06:11:02.697166+09:00,地方紙,宮城,河北新報,東北の高速道路、お盆期間の利用率は3%減 東日本高速道路東北支社まとめ,https://kahoku.news/articles/20260818khn000065.html,https://news.ceek.jp/search.cgi?category_id=local&feed=1,ok,,地方・地域
2026-08-19,2026-08-19T06:11:02.697166+09:00,地方紙,宮城,河北新報,宮城・山元町議会 議会に参考人として出席の女性に侮辱的質疑をした議員の問責決議案まとめる 「議会の場に相応しくない」,https://kahoku.news/articles/20260818khn000076.html,https://news.ceek.jp/search.cgi?category_id=local&feed=1,ok,,地方・地域
2026-08-19,2026-08-19T06:11:02.697166+09:00,地方紙,宮城,河北新報,仙台育英 記録員としてベンチ入りした初の女子部員・星よつはさん「甲子園は夢みたいな場所だった」<全国高校野球選手権>,https://kahoku.news/articles/20260818khn000077.html,https://news.ceek.jp/search.cgi?category_id=local&feed=1,ok,,地方・地域
2026-08-19,2026-08-19T06:11:02.697166+09:00,全国紙,全国,朝日新聞,土砂災害警報、空振り回避へ 広島地方気象台「避難意識強く持って」,https://www.asahi.com/articles/ASV8K3HSGV8KPITB001M.html,https://news.ceek.jp/search.cgi?category_id=local&feed=1,ok,,地方・地域
2026-08-19,2026-08-19T06:11:02.697166+09:00,全国紙,全国,朝日新聞,大岡越前ゆかりの寺 茅ケ崎の内陸部を歩く 絶景・富士にも感動,https://www.asahi.com/articles/ASV8L0D90V8LULOB010M.html,https://news.ceek.jp/search.cgi?category_id=local&feed=1,ok,,地方・地域
2026-08-19,2026-08-19T06:11:02.697166+09:00,全国紙,全国,朝日新聞,ヤギのミーとムーが除草にひと役 文京区・目白台運動公園で実証実験,https://www.asahi.com/articles/ASV8L2BZ2V8LOXIE025M.html,https://news.ceek.jp/search.cgi?category_id=local&feed=1,ok,,地方・地域
2026-08-19,2026-08-19T06:11:02.697166+09:00,その他メディア,,福井新聞,再処理工場遅れ可能性で関電が福井県に再説明 「搬出量に大きな影響ない」強調 県の乾式貯蔵判断、8月中がヤマ場,https://www.fukuishimbun.co.jp/articles/-/2677480,https://news.ceek.jp/search.cgi?category_id=local&feed=1,ok,,地方・地域
2026-08-19,2026-08-19T06:11:02.697166+09:00,地方紙,福岡,西日本新聞,[大分県]「現地の環境意識変えたい」 日田市出身・五島岳春さん...,https://www.nishinippon.co.jp/item/1528177/,https://news.ceek.jp/search.cgi?category_id=local&feed=1,ok,,地方・地域
2026-08-19,2026-08-19T06:11:02.697166+09:00,地方紙,福岡,西日本新聞,[熊本県]伝統をつなぐ夏 山鹿灯籠まつり 「千人踊り」は中止,https://www.nishinippon.co.jp/item/1528178/,https://news.ceek.jp/search.cgi?category_id=local&feed=1,ok,,地方・地域
2026-08-19,2026-08-19T06:11:02.697166+09:00,地方紙,福岡,西日本新聞,[熊本県]南九州道一部通行止め解除 八代南-田浦IC間,https://www.nishinippon.co.jp/item/1528179/,https://news.ceek.jp/search.cgi?category_id=local&feed=1,ok,,地方・地域
2026-08-19,2026-08-19T06:11:02.697166+09:00,地方紙,福岡,西日本新聞,[熊本県]認定審査会の欠陥痛感 医師 原田正純さん,https://www.nishinippon.co.jp/item/1528180/,https://news.ceek.jp/search.cgi?category_id=local&feed=1,ok,,地方・地域
2026-08-19,2026-08-19T06:11:02.697166+09:00,地方紙,福岡,西日本新聞,[熊本県]都市ガス復旧業界タッグ 八代・一時8900戸停止 応...,https://www.nishinippon.co.jp/item/1528181/,https://news.ceek.jp/search.cgi?category_id=local&feed=1,ok,,地方・地域
2026-08-19,2026-08-19T06:11:02.697166+09:00,地方紙,福岡,西日本新聞,[長崎県]検討にも熱 地元出身・深浦九段ら,https://www.nishinippon.co.jp/item/1528183/,https://news.ceek.jp/search.cgi?category_id=local&feed=1,ok,,地方・地域
2026-08-19,2026-08-19T06:11:02.697166+09:00,地方紙,福岡,西日本新聞,[長崎県]郡川河川敷で不発弾 大村市、付近に規制線,https://www.nishinippon.co.jp/item/1528184/,https://news.ceek.jp/search.cgi?category_id=local&feed=1,ok,,地方・地域
2026-08-19,2026-08-19T06:11:02.697166+09:00,地方紙,福岡,西日本新聞,[長崎県]王位戦気になる「勝負めし」 長崎市で第4局始まる 藤...,https://www.nishinippon.co.jp/item/1528185/,https://news.ceek.jp/search.cgi?category_id=local&feed=1,ok,,地方・地域
2026-08-19,2026-08-19T06:11:02.697166+09:00,地方紙,福岡,西日本新聞,[長崎県]障害者の就労考える相談会 21日、大村市,https://www.nishinippon.co.jp/item/1528186/,https://news.ceek.jp/search.cgi?category_id=local&feed=1,ok,,地方・地域
2026-08-19,2026-08-19T06:11:02.697166+09:00,地方紙,福岡,西日本新聞,[長崎県]犯罪収益を隠した疑いで男を再逮捕,https://www.nishinippon.co.jp/item/1528187/,https://news.ceek.jp/search.cgi?category_id=local&feed=1,ok,,地方・地域
2026-08-19,2026-08-19T06:11:02.697166+09:00,地方紙,福岡,西日本新聞,[佐賀県]佐賀市嘉瀬町の寺で火災,https://www.nishinippon.co.jp/item/1528188/,https://news.ceek.jp/search.cgi?category_id=local&feed=1,ok,,地方・地域
2026-08-19,2026-08-19T06:11:02.697166+09:00,地方紙,福岡,西日本新聞,[佐賀県]菜畑遺跡に再び熱視線 環境、稲作伝播究明へ 新プロジ...,https://www.nishinippon.co.jp/item/1528189/,https://news.ceek.jp/search.cgi?category_id=local&feed=1,ok,,地方・地域
2026-08-19,2026-08-19T06:11:02.697166+09:00,地方紙,福岡,西日本新聞,[佐賀県]「栄の国まつり」来年も5月開催,https://www.nishinippon.co.jp/item/1528190/,https://news.ceek.jp/search.cgi?category_id=local&feed=1,ok,,地方・地域
2026-08-19,2026-08-19T06:11:02.697166+09:00,地方紙,福岡,西日本新聞,[佐賀県]鳥栖のまつり写真コンテスト 最優秀賞に橋本さん 「藤...,https://www.nishinippon.co.jp/item/1528191/,https://news.ceek.jp/search.cgi?category_id=local&feed=1,ok,,地方・地域
2026-08-19,2026-08-19T06:11:02.697166+09:00,地方紙,福岡,西日本新聞,[佐賀県]「来年もノリ日本一に」 県有明海漁協新組合長ら県庁訪問,https://www.nishinippon.co.jp/item/1528192/,https://news.ceek.jp/search.cgi?category_id=local&feed=1,ok,,地方・地域
2026-08-19,2026-08-19T06:11:02.697166+09:00,地方紙,福岡,西日本新聞,[佐賀県]パトカーが追跡の自転車と接触,https://www.nishinippon.co.jp/item/1528193/,https://news.ceek.jp/search.cgi?category_id=local&feed=1,ok,,地方・地域
2026-08-19,2026-08-19T06:11:02.697166+09:00,地方紙,福岡,西日本新聞,自宅に放火、両親への殺人未遂疑い 15歳の男子中学生を逮捕 福岡県警,https://www.nishinippon.co.jp/item/1528196/,https://news.ceek.jp/search.cgi?category_id=local&feed=1,ok,,地方・地域
2026-08-19,2026-08-19T06:11:02.697166+09:00,地方紙,福岡,西日本新聞,全力疾走、チーム最年長柳田悠岐の自負【タカ番コラム好球筆打】,https://www.nishinippon.co.jp/item/1528197/,https://news.ceek.jp/search.cgi?category_id=local&feed=1,ok,,地方・地域
2026-08-19,2026-08-19T06:11:02.697166+09:00,地方紙,福岡,西日本新聞,福岡県議会の「緊急動議」、賛成議員に批判殺到 県民「もう支援で...,https://www.nishinippon.co.jp/item/1528199/,https://news.ceek.jp/search.cgi?category_id=local&feed=1,ok,,地方・地域
2026-08-19,2026-08-19T06:11:02.697166+09:00,地方紙,福岡,西日本新聞,知事「公式の場で説明を」,https://www.nishinippon.co.jp/item/1528201/,https://news.ceek.jp/search.cgi?category_id=local&feed=1,ok,,地方・地域
2026-08-19,2026-08-19T06:11:02.697166+09:00,その他メディア,,Jタウンネット,片足だけ裸足で道を歩いていた女子高校生 見知らぬ女性の行為に気が動転して(宮城県・40代女性),https://j-town.net/2026/08/19367012.html,https://news.ceek.jp/search.cgi?category_id=local&feed=1,ok,,地方・地域
2026-08-19,2026-08-19T06:11:02.697166+09:00,その他メディア,,TBSテレビ,8/19(水)宮崎県内の交通取り締まり情報,https://newsdig.tbs.co.jp/articles/-/2872739?display=1,https://news.ceek.jp/search.cgi?category_id=local&feed=1,ok,,地方・地域
2026-08-19,2026-08-19T06:11:02.697166+09:00,その他メディア,,TBSテレビ,「青森あっぱれっす!」蛇口からリンゴジュース! 青森市で開催のサッカー大会で選手たちに県産リンゴジュースふるまわれる 普段よりも「こっちの方が100倍うまい!」,https://newsdig.tbs.co.jp/articles/-/2879820?display=1,https://news.ceek.jp/search.cgi?category_id=local&feed=1,ok,,地方・地域
2026-08-19,2026-08-19T06:11:02.697166+09:00,その他メディア,,TBSテレビ,これからお盆の沖縄 お中元は「もらって嬉しい高価格帯」「まとめ買いでお得」どちらも人気?,https://newsdig.tbs.co.jp/articles/-/2880528?display=1,https://news.ceek.jp/search.cgi?category_id=local&feed=1,ok,,地方・地域
2026-08-19,2026-08-19T06:11:02.697166+09:00,その他メディア,,NEWSつくば,大切な行事と「森の薬膳coco Tea」《ご飯は世界を救う》74,https://newstsukuba.jp/62102/19/08/,https://news.ceek.jp/search.cgi?category_id=local&feed=1,ok,,地方・地域
2026-08-19,2026-08-19T06:11:02.697166+09:00,全国紙,全国,朝日新聞,「人への思いやり、出所後も」 ぼろぼろの野球ボールと受刑者の再生,https://www.asahi.com/articles/ASV8K3VS2V8KPIHB00JM.html,https://news.ceek.jp/search.cgi?category_id=local&feed=1,ok,,地方・地域
2026-08-19,2026-08-19T06:11:02.697166+09:00,その他メディア,,上毛新聞,《2026熊本地震》現地の被害「想像以上」キッチンカーで支援のNPO法人(群馬・太田市) 寄付の物資、避難所に届ける,https://www.jomo-news.co.jp/articles/-/1003951,https://news.ceek.jp/search.cgi?category_id=local&feed=1,ok,,地方・地域
2026-08-19,2026-08-19T06:11:02.697166+09:00,地方紙,京都,京都新聞,【京都の歴史】京都府長岡京市の「合体大師」 頭は菩薩、体は弘法 誕生の経緯は?,https://www.kyoto-np.co.jp/articles/-/1727899,https://news.ceek.jp/search.cgi?category_id=local&feed=1,ok,,地方・地域
2026-08-19,2026-08-19T06:11:02.697166+09:00,地方紙,京都,京都新聞,京都・丹波の戦争の記憶継承「伝えつなぐ81年」記者は何を感じたか 政治の動きがきな臭い今だからこそ,https://www.kyoto-np.co.jp/articles/-/1773347,https://news.ceek.jp/search.cgi?category_id=local&feed=1,ok,,地方・地域
2026-08-19,2026-08-19T06:11:02.697166+09:00,地方紙,京都,京都新聞,「寛永行幸」400年記念祭「百人一首と寛永の三筆」ゆかりの史跡巡るバスツアー開催へ 先着順,https://www.kyoto-np.co.jp/articles/-/1773488,https://news.ceek.jp/search.cgi?category_id=local&feed=1,ok,,地方・地域
2026-08-19,2026-08-19T06:11:02.697166+09:00,地方紙,京都,京都新聞,京都サンガのDF福田が存在感 得意のミドル弾に絶妙アシストも 「右サイド制圧」へ成長誓う,https://www.kyoto-np.co.jp/articles/-/1774150,https://news.ceek.jp/search.cgi?category_id=local&feed=1,ok,,地方・地域
2026-08-19,2026-08-19T06:11:02.697166+09:00,地方紙,京都,京都新聞,ボクシング世界3階級制覇の拳四朗「絶対勝てる自信は一番強かった」3階級目の団体統一へ活躍宣言,https://www.kyoto-np.co.jp/articles/-/1774157,https://news.ceek.jp/search.cgi?category_id=local&feed=1,ok,,地方・地域
2026-08-19,2026-08-19T06:11:02.697166+09:00,その他メディア,,Lmaga.jp,【京都・老舗の継承】スポーツ新聞社から5代目へ...芥川龍之介も称賛した「西陣織」で海外へ挑戦,https://www.lmaga.jp/news/2026/08/1082705/,https://news.ceek.jp/search.cgi?category_id=local&feed=1,ok,,地方・地域
2026-08-19,2026-08-19T06:11:02.697166+09:00,その他メディア,,室蘭民報,8月19日(水)朝刊14面,https://www.muromin.jp/news.php?id=148608,https://news.ceek.jp/search.cgi?category_id=local&feed=1,ok,,地方・地域
2026-08-19,2026-08-19T06:11:02.697166+09:00,その他メディア,,奈良新聞,キトラ古墳国宝壁画の朱雀/玄武/青龍、10年ぶり同時公開 奈良県明日香村で9月19日から,https://www.nara-np.co.jp/news/20260819211221.html,https://news.ceek.jp/search.cgi?category_id=local&feed=1,ok,,地方・地域
2026-08-19,2026-08-19T06:11:02.697166+09:00,その他メディア,,奈良新聞,奈良市の部活地域移行「外部委託」も検討 人材確保未だ課題 「指導員の質」問う声も,https://www.nara-np.co.jp/news/20260819211331.html,https://news.ceek.jp/search.cgi?category_id=local&feed=1,ok,,地方・地域
2026-08-19,2026-08-19T06:11:02.697166+09:00,その他メディア,,奈良新聞,奈良県代表の天理、三重に快勝、準決勝に進出 - 第108回全国高校野球選手権大会,https://www.nara-np.co.jp/news/20260819211915.html,https://news.ceek.jp/search.cgi?category_id=local&feed=1,ok,,地方・地域
2026-08-19,2026-08-19T06:11:02.697166+09:00,地方紙,長野,信濃毎日新聞,斜面(8月19日)一字違いで大違い,https://www.shinmai.co.jp/news/article/gf01da22fmoh93r5kired1g0,https://news.ceek.jp/search.cgi?category_id=local&feed=1,ok,,地方・地域
