date,collected_at,category,region,newspaper,headline,url,source_url,status,error_message,topic
2026-08-15,2026-08-15T06:12:47.518954+09:00,全国紙,全国,読売新聞,,,,skipped,robots.txtが一般クローラー/AI系UAを名指しで包括的にDisallow。2024年1月のToS改定で自動収集・生成AI学習目的の収集を明示的に禁止しているため、自動取得の対象外とする。,
2026-08-15,2026-08-15T06:12:47.518954+09:00,全国紙,全国,朝日新聞,「いい盆栽ゲット」 海外SNS投稿に仰天「うちの!」 盗難頻発,http://www.asahi.com/articles/ASV870QB3V87ULOB00HM.html,https://www.asahi.com/rss/asahi/newsheadlines.rdf,ok,,社会
2026-08-15,2026-08-15T06:12:47.518954+09:00,全国紙,全国,朝日新聞,きょう終戦81年 全国戦没者追悼式に遺族ら 戦後生まれは過去最高,http://www.asahi.com/articles/ASV8G2HMRV8GUQIP04XM.html,https://www.asahi.com/rss/asahi/newsheadlines.rdf,ok,,社会
2026-08-15,2026-08-15T06:12:47.518954+09:00,全国紙,全国,朝日新聞,千葉豪雨で冠水の国道アンダーパス 停電で排水できず 運転手重体,http://www.asahi.com/articles/ASV8G4SVRV8GUDCB01TM.html,https://www.asahi.com/rss/asahi/newsheadlines.rdf,ok,,社会
2026-08-15,2026-08-15T06:12:47.518954+09:00,全国紙,全国,朝日新聞,韓国岳で流星群ツアーに参加の男性が滑落か 火口で発見、死亡を確認,http://www.asahi.com/articles/ASV8F2FS2V8FTIPE00PM.html,https://www.asahi.com/rss/asahi/newsheadlines.rdf,ok,,社会
2026-08-15,2026-08-15T06:12:47.518954+09:00,全国紙,全国,朝日新聞,遊泳中に一時行方不明 30代くらいの男性死亡 愛知・豊田の郡界川,http://www.asahi.com/articles/ASV8G3JTJV8GOIPE009M.html,https://www.asahi.com/rss/asahi/newsheadlines.rdf,ok,,社会
2026-08-15,2026-08-15T06:12:47.518954+09:00,全国紙,全国,朝日新聞,「ヒグマの危険は続いている」 息子を奪った「百名山」、父の警鐘,http://www.asahi.com/articles/ASV8G340XV8GIIPE00CM.html,https://www.asahi.com/rss/asahi/newsheadlines.rdf,ok,,社会
2026-08-15,2026-08-15T06:12:47.518954+09:00,全国紙,全国,朝日新聞,阪神高速160キロ走行で死亡事故、危険運転罪 新基準を適用し起訴,http://www.asahi.com/articles/ASV8G2QYFV8GPTIL009M.html,https://www.asahi.com/rss/asahi/newsheadlines.rdf,ok,,社会
2026-08-15,2026-08-15T06:12:47.518954+09:00,全国紙,全国,朝日新聞,辺野古転覆、遺族が学校法人に要望書「教育活動の検証体制、公表を」,http://www.asahi.com/articles/ASV8G2QVSV8GPLZB00CM.html,https://www.asahi.com/rss/asahi/newsheadlines.rdf,ok,,社会
2026-08-15,2026-08-15T06:12:47.518954+09:00,全国紙,全国,朝日新聞,ラブホテルから会見、たばこ吸う 秋田県職員を停職6カ月、降格処分,http://www.asahi.com/articles/ASV8G30SPV8GUBUB003M.html,https://www.asahi.com/rss/asahi/newsheadlines.rdf,ok,,社会
2026-08-15,2026-08-15T06:12:47.518954+09:00,全国紙,全国,朝日新聞,スパイス調合の妙味、10年かけ試行錯誤 イスラエルのファラフェル,http://www.asahi.com/articles/ASV8D2GJ5V8DUTFL00GM.html,https://www.asahi.com/rss/asahi/newsheadlines.rdf,ok,,社会
2026-08-15,2026-08-15T06:12:47.518954+09:00,全国紙,全国,朝日新聞,横浜・織田翔希が語った怪物像とは 大ピンチを最速156キロで脱出,http://www.asahi.com/articles/ASV8G3RLNV8GOXIE07LM.html,https://www.asahi.com/rss/asahi/newsheadlines.rdf,ok,,スポーツ
2026-08-15,2026-08-15T06:12:47.518954+09:00,全国紙,全国,朝日新聞,横浜、終盤の集中打で快勝 日南学園は一時同点も4併殺が響く,http://www.asahi.com/articles/ASV8G3TVCV8GUTQP00JM.html,https://www.asahi.com/rss/asahi/newsheadlines.rdf,ok,,スポーツ
2026-08-15,2026-08-15T06:12:47.518954+09:00,全国紙,全国,朝日新聞,横浜・織田が156キロ、甲子園の史上最速を更新 日南学園戦で救援,http://www.asahi.com/articles/ASV8G3PSTV8GUTQP004M.html,https://www.asahi.com/rss/asahi/newsheadlines.rdf,ok,,スポーツ
2026-08-15,2026-08-15T06:12:47.518954+09:00,全国紙,全国,朝日新聞,霞ケ浦は逆方向への打撃を徹底、逃げ切る 鳴門渦潮は狙い球絞れず,http://www.asahi.com/articles/ASV8G34B0V8GUTQP00HM.html,https://www.asahi.com/rss/asahi/newsheadlines.rdf,ok,,スポーツ
2026-08-15,2026-08-15T06:12:47.518954+09:00,全国紙,全国,朝日新聞,履正社―三重、打線好調の両校 投手陣がカギ 第11日の見どころ,http://www.asahi.com/articles/ASV8G1SQLV8GPTQP008M.html,https://www.asahi.com/rss/asahi/newsheadlines.rdf,ok,,スポーツ
2026-08-15,2026-08-15T06:12:47.518954+09:00,全国紙,全国,朝日新聞,ニチレイ、従業員の個人情報が漏洩した可能性 7月のサイバー攻撃で,http://www.asahi.com/articles/ASV8G35RQV8GULFA00SM.html,https://www.asahi.com/rss/asahi/newsheadlines.rdf,ok,,ビジネス
2026-08-15,2026-08-15T06:12:47.518954+09:00,全国紙,全国,朝日新聞,アシックス、売り上げ予想を年間1兆円に引き上げ なぜ、急成長,http://www.asahi.com/articles/ASV8G2V5DV8GPLFA005M.html,https://www.asahi.com/rss/asahi/newsheadlines.rdf,ok,,ビジネス
2026-08-15,2026-08-15T06:12:47.518954+09:00,全国紙,全国,朝日新聞,太平洋クロマグロ国際会議、異例の再開催へ 漁獲増枠の合意が焦点,http://www.asahi.com/articles/ASV8G20GQV8GULFA003M.html,https://www.asahi.com/rss/asahi/newsheadlines.rdf,ok,,ビジネス
2026-08-15,2026-08-15T06:12:47.518954+09:00,全国紙,全国,朝日新聞,豚肉と鶏肉が最高値を更新 物価高で牛→豚鶏への需要シフトも影響か,http://www.asahi.com/articles/ASV8F2V63V8FULFA019M.html,https://www.asahi.com/rss/asahi/newsheadlines.rdf,ok,,ビジネス
2026-08-15,2026-08-15T06:12:47.518954+09:00,全国紙,全国,朝日新聞,ロシアの大きな存在、エネルギー政策に影響は 大統領の北方領土訪問,http://www.asahi.com/articles/ASV8F2G9PV8FULFA00ZM.html,https://www.asahi.com/rss/asahi/newsheadlines.rdf,ok,,ビジネス
2026-08-15,2026-08-15T06:12:47.518954+09:00,全国紙,全国,朝日新聞,「信頼失った」パワハラ問題の横浜市長 市議会で辞職要求の動き加速,http://www.asahi.com/articles/ASV8G3PM8V8GDIFI00HM.html,https://www.asahi.com/rss/asahi/newsheadlines.rdf,ok,,政治
2026-08-15,2026-08-15T06:12:47.518954+09:00,全国紙,全国,朝日新聞,石破元首相が使った「反省」 高市首相は終戦の日の式辞でどう語る,http://www.asahi.com/articles/ASV870TLSV87UTFK00RM.html,https://www.asahi.com/rss/asahi/newsheadlines.rdf,ok,,政治
2026-08-15,2026-08-15T06:12:47.518954+09:00,全国紙,全国,朝日新聞,パワハラ認定の横浜市長 市議会で涙浮かべ謝罪繰り返す 辞職は否定,http://www.asahi.com/articles/ASV8F3PY0V8FULOB013M.html,https://www.asahi.com/rss/asahi/newsheadlines.rdf,ok,,政治
2026-08-15,2026-08-15T06:12:47.518954+09:00,全国紙,全国,朝日新聞,辺野古移設より経済対策が争点か 沖縄県知事選、投開票まで1カ月,http://www.asahi.com/articles/ASV8D3TC6V8DTPOB002M.html,https://www.asahi.com/rss/asahi/newsheadlines.rdf,ok,,政治
2026-08-15,2026-08-15T06:12:47.518954+09:00,全国紙,全国,朝日新聞,高市首相「断じて許容できぬ」 プーチン氏の択捉島訪問、外相も抗議,http://www.asahi.com/articles/ASV8F2FRHV8FULFA014M.html,https://www.asahi.com/rss/asahi/newsheadlines.rdf,ok,,政治
2026-08-15,2026-08-15T06:12:47.518954+09:00,全国紙,全国,朝日新聞,ロシア外相、茂木外相の発言否定 侵攻後の初接触は「握手しただけ」,http://www.asahi.com/articles/ASV8G6D4ZV8GUHBI022M.html,https://www.asahi.com/rss/asahi/newsheadlines.rdf,ok,,国際
2026-08-15,2026-08-15T06:12:47.518954+09:00,全国紙,全国,朝日新聞,対立候補はゴミバケツをかぶった「伯爵」 英の右派党首が出直し再選,http://www.asahi.com/articles/ASV8G418WV8GUHBI00QM.html,https://www.asahi.com/rss/asahi/newsheadlines.rdf,ok,,国際
2026-08-15,2026-08-15T06:12:47.518954+09:00,全国紙,全国,朝日新聞,ワシントンの第2次大戦記念施設に落書き いたずら?当局が捜査,http://www.asahi.com/articles/ASV8G43Q7V8GUHBI01JM.html,https://www.asahi.com/rss/asahi/newsheadlines.rdf,ok,,国際
2026-08-15,2026-08-15T06:12:47.518954+09:00,全国紙,全国,朝日新聞,好かれ、嫌われた中国の故・朱鎔基元首相 記者に見せた意外な一面,http://www.asahi.com/articles/ASV8G34QXV8GUHBI01YM.html,https://www.asahi.com/rss/asahi/newsheadlines.rdf,ok,,国際
2026-08-15,2026-08-15T06:12:47.518954+09:00,全国紙,全国,朝日新聞,秘められたオモニの歴史、アワビがゆの優しさにじむ ヤンヨンヒさん,http://www.asahi.com/articles/ASV8D1SM0V8DUTFL025M.html,https://www.asahi.com/rss/asahi/newsheadlines.rdf,ok,,国際
2026-08-15,2026-08-15T06:12:47.518954+09:00,全国紙,全国,朝日新聞,東京高専、小石川中等、R高・S高が決勝へ 全国高校麻雀選手権,http://www.asahi.com/articles/ASV8G4Q1LV8GUCVL030M.html,https://www.asahi.com/rss/asahi/newsheadlines.rdf,ok,,文化芸能
2026-08-15,2026-08-15T06:12:47.518954+09:00,全国紙,全国,朝日新聞,NHKがミス、民放BS6チャンネルで番組映らず 送信設備の更新で,http://www.asahi.com/articles/ASV8G41DMV8GUCVL02KM.html,https://www.asahi.com/rss/asahi/newsheadlines.rdf,ok,,文化芸能
2026-08-15,2026-08-15T06:12:47.518954+09:00,全国紙,全国,朝日新聞,準決勝進出の16チーム決まる 高校麻雀選手権、全国大会1日目終了,http://www.asahi.com/articles/ASV8F44NZV8FUCVL01WM.html,https://www.asahi.com/rss/asahi/newsheadlines.rdf,ok,,文化芸能
2026-08-15,2026-08-15T06:12:47.518954+09:00,全国紙,全国,朝日新聞,高校麻雀の夏、開幕 全国選手権大会に32チーム、熱戦繰り広げる,http://www.asahi.com/articles/ASV8F10B1V8FUCVL00BM.html,https://www.asahi.com/rss/asahi/newsheadlines.rdf,ok,,文化芸能
2026-08-15,2026-08-15T06:12:47.518954+09:00,全国紙,全国,朝日新聞,「チェイサー」で二日酔いは軽くなる? ただし同じ酒量を飲む場合は,http://www.asahi.com/articles/ASV8735KTV87UTFL01PM.html,https://www.asahi.com/rss/asahi/newsheadlines.rdf,ok,,サイエンス
2026-08-15,2026-08-15T06:12:47.518954+09:00,全国紙,全国,朝日新聞,記憶保つ仕組み、冬眠させたマウスで解明 カギは強さより配置,http://www.asahi.com/articles/ASV8D2H05V8DUTFL02HM.html,https://www.asahi.com/rss/asahi/newsheadlines.rdf,ok,,サイエンス
2026-08-15,2026-08-15T06:12:47.518954+09:00,全国紙,全国,朝日新聞,千葉で特別警報 巨大な渦「モンスーンジャイア」異例の台風も影響か,http://www.asahi.com/articles/ASV8F4K9ZV8FUTFL01QM.html,https://www.asahi.com/rss/asahi/newsheadlines.rdf,ok,,サイエンス
2026-08-15,2026-08-15T06:12:47.518954+09:00,全国紙,全国,朝日新聞,児童文学作家の高木敏子さん死去 戦争体験描いた「ガラスのうさぎ」,http://www.asahi.com/articles/ASV8F35T4V8FUCLV01SM.html,https://www.asahi.com/rss/asahi/newsheadlines.rdf,ok,,おくやみ
2026-08-15,2026-08-15T06:12:47.518954+09:00,全国紙,全国,朝日新聞,「世界の工場」へ突き進んだ改革 故・朱鎔基氏、引退後は揺り戻しも,http://www.asahi.com/articles/ASV8D4518V8DUHBI01JM.html,https://www.asahi.com/rss/asahi/newsheadlines.rdf,ok,,おくやみ
2026-08-15,2026-08-15T06:12:47.518954+09:00,全国紙,全国,朝日新聞,中国の朱鎔基・元首相が死去 改革路線進めた「剛腕首相」,http://www.asahi.com/articles/ASV8D3SXFV8DUHBI020M.html,https://www.asahi.com/rss/asahi/newsheadlines.rdf,ok,,おくやみ
2026-08-15,2026-08-15T06:12:47.518954+09:00,全国紙,全国,毎日新聞,揺らぐ「平和」:「高市首相に賄賂」 偽情報が飛び交うSNS 脳も新たな戦場か,https://mainichi.jp/articles/20260813/k00/00m/040/209000c,https://mainichi.jp/rss/etc/mainichi-flash.rss,ok,,ニュース
2026-08-15,2026-08-15T06:12:47.518954+09:00,全国紙,全国,毎日新聞,「イザベラ・バード」を歩く:/8 快適だった日光「侍屋敷」,https://mainichi.jp/articles/20260813/k00/00m/200/081000c,https://mainichi.jp/rss/etc/mainichi-flash.rss,ok,,ニュース
2026-08-15,2026-08-15T06:12:47.518954+09:00,全国紙,全国,毎日新聞,ゆるやかな糖質制限のススメ~健康の常識・非常識~ :ご飯の量は半分だけど... ロカボ流、理想の和朝食を専門医が紹介,https://mainichi.jp/articles/20260813/k00/00m/100/263000c,https://mainichi.jp/rss/etc/mainichi-flash.rss,ok,,ニュース
2026-08-15,2026-08-15T06:12:47.518954+09:00,全国紙,全国,毎日新聞,皇室スケッチ:愛子さま訪問の伊勢神宮 節目ごとに参拝、皇室との深い結びつき,https://mainichi.jp/articles/20260812/k00/00m/040/252000c,https://mainichi.jp/rss/etc/mainichi-flash.rss,ok,,ニュース
2026-08-15,2026-08-15T06:12:47.518954+09:00,全国紙,全国,毎日新聞,81回目の終戦の日 戦没者追悼式の参列者、戦後生まれが5割超,https://mainichi.jp/articles/20260814/k00/00m/040/283000c,https://mainichi.jp/rss/etc/mainichi-flash.rss,ok,,ニュース
2026-08-15,2026-08-15T06:12:47.518954+09:00,全国紙,全国,毎日新聞,八村塁、河村勇輝が合流 バスケ男子日本代表が練習公開,https://mainichi.jp/articles/20260814/k00/00m/050/432000c,https://mainichi.jp/rss/etc/mainichi-flash.rss,ok,,ニュース
2026-08-15,2026-08-15T06:12:47.518954+09:00,全国紙,全国,毎日新聞,快勝の横浜・村田監督、登板前に「織田、悪いなと...」夏の甲子園,https://mainichi.jp/articles/20260814/k00/00m/050/418000c,https://mainichi.jp/rss/etc/mainichi-flash.rss,ok,,ニュース
2026-08-15,2026-08-15T06:12:47.518954+09:00,全国紙,全国,毎日新聞,日南学園監督、横浜・織田は「最高の高校生投手」 夏の甲子園,https://mainichi.jp/articles/20260814/k00/00m/050/414000c,https://mainichi.jp/rss/etc/mainichi-flash.rss,ok,,ニュース
2026-08-15,2026-08-15T06:12:47.518954+09:00,全国紙,全国,毎日新聞,ピンチに「これが高校野球だろう」 横浜・小野主将 夏の甲子園,https://mainichi.jp/articles/20260814/k00/00m/050/402000c,https://mainichi.jp/rss/etc/mainichi-flash.rss,ok,,ニュース
2026-08-15,2026-08-15T06:12:47.518954+09:00,全国紙,全国,毎日新聞,甲子園最速156キロ「大怪物」伝説の始まり 横浜・織田の5球,https://mainichi.jp/articles/20260814/k00/00m/050/401000c,https://mainichi.jp/rss/etc/mainichi-flash.rss,ok,,ニュース
2026-08-15,2026-08-15T06:12:47.518954+09:00,全国紙,全国,毎日新聞,日メルコスルEPA首席交渉官、林禎二・前ブラジル大使を起用へ,https://mainichi.jp/articles/20260814/k00/00m/010/189000c,https://mainichi.jp/rss/etc/mainichi-flash.rss,ok,,ニュース
2026-08-15,2026-08-15T06:12:47.518954+09:00,全国紙,全国,毎日新聞,フィリピン大統領、中国と石油・天然ガス共同探査に意欲,https://mainichi.jp/articles/20260814/k00/00m/030/392000c,https://mainichi.jp/rss/etc/mainichi-flash.rss,ok,,ニュース
2026-08-15,2026-08-15T06:12:47.518954+09:00,全国紙,全国,毎日新聞,甲子園最速156キロ 打者の日南学園・谷口「楽しくて」,https://mainichi.jp/articles/20260814/k00/00m/050/389000c,https://mainichi.jp/rss/etc/mainichi-flash.rss,ok,,ニュース
2026-08-15,2026-08-15T06:12:47.518954+09:00,全国紙,全国,毎日新聞,インドネシア、二重国籍を限定的許可へ 「国益貢献の人材」対象,https://mainichi.jp/articles/20260814/k00/00m/030/381000c,https://mainichi.jp/rss/etc/mainichi-flash.rss,ok,,ニュース
2026-08-15,2026-08-15T06:12:47.518954+09:00,全国紙,全国,毎日新聞,156キロ、横浜・織田「1球で雰囲気を変える」 夏の甲子園,https://mainichi.jp/articles/20260814/k00/00m/050/383000c,https://mainichi.jp/rss/etc/mainichi-flash.rss,ok,,ニュース
2026-08-15,2026-08-15T06:12:47.518954+09:00,全国紙,全国,毎日新聞,千葉豪雨、被害大きく 半日で1カ月の降水量の3倍超えた地域も,https://mainichi.jp/articles/20260814/k00/00m/040/370000c,https://mainichi.jp/rss/etc/mainichi-flash.rss,ok,,ニュース
2026-08-15,2026-08-15T06:12:47.518954+09:00,全国紙,全国,毎日新聞,右肘、腰... けがに苦しんだ元球児、理学療法士として甲子園へ,https://mainichi.jp/articles/20260814/k00/00m/050/364000c,https://mainichi.jp/rss/etc/mainichi-flash.rss,ok,,ニュース
2026-08-15,2026-08-15T06:12:47.518954+09:00,全国紙,全国,毎日新聞,横浜とらえた日南学園クリーンアップ、一時同点に 夏の甲子園,https://mainichi.jp/articles/20260814/k00/00m/050/361000c,https://mainichi.jp/rss/etc/mainichi-flash.rss,ok,,ニュース
2026-08-15,2026-08-15T06:12:47.518954+09:00,全国紙,全国,毎日新聞,植松死刑囚が最高裁に特別抗告 2度目再審請求巡り 相模原殺傷,https://mainichi.jp/articles/20260814/k00/00m/040/348000c,https://mainichi.jp/rss/etc/mainichi-flash.rss,ok,,ニュース
2026-08-15,2026-08-15T06:12:47.518954+09:00,全国紙,全国,毎日新聞,甲子園最速156キロ 「大怪物」横浜・織田、ピンチしのぐ,https://mainichi.jp/articles/20260814/k00/00m/050/346000c,https://mainichi.jp/rss/etc/mainichi-flash.rss,ok,,ニュース
2026-08-15,2026-08-15T06:12:47.518954+09:00,全国紙,全国,日本経済新聞,,,,skipped,公式無料RSSなし。著作権ページで自動収集を明確に禁止しているため、自動取得の対象外とする。,
2026-08-15,2026-08-15T06:12:47.518954+09:00,全国紙,全国,産経新聞,欧州初の仏15歳未満SNS禁止は違憲 仏違憲審査機関が判断、大統領に打撃,https://www.sankei.com/article/20260815-ZF65WPWWYBNJHIH72RTIKXHF3E/,https://www.sankei.com/,ok,,
2026-08-15,2026-08-15T06:12:47.518954+09:00,全国紙,全国,産経新聞,政府が外国と疑われる不審アカウント把握 高市首相「選挙への影...,https://www.sankei.com/article/20260318-U6PW4754BNE3XKFYBTQWPKM65A/,https://www.sankei.com/,ok,,
2026-08-15,2026-08-15T06:12:47.518954+09:00,全国紙,全国,産経新聞,衆院選で国会議員の部屋割り一変 小沢、岡田、安住氏ら自民に明...,https://www.sankei.com/article/20260304-C5JCVB743FEVZMNEAU76GY4VNQ/,https://www.sankei.com/,ok,,
2026-08-15,2026-08-15T06:12:47.518954+09:00,全国紙,全国,産経新聞,立正佼成会が衆院選で中道103人推薦 公明合流影響か 前回立...,https://www.sankei.com/article/20260303-EHLBLQ2BTRCSVGSJVFHI5TBX4U/,https://www.sankei.com/,ok,,
2026-08-15,2026-08-15T06:12:47.518954+09:00,全国紙,全国,産経新聞,中道落選者ヒアリングに170人 公明出身の比例名簿上位に不満...,https://www.sankei.com/article/20260228-EVZDJVSJZBANXN7Y4DVXWAX5RU/,https://www.sankei.com/,ok,,
2026-08-15,2026-08-15T06:12:47.518954+09:00,全国紙,全国,産経新聞,自衛官の「犠牲」慰霊はどうすべきか 安保環境悪化で焦点 問われる靖国神社との連続性,https://www.sankei.com/article/20260814-BKIDLMOF35OTJEYANUBKJXKKKM/,https://www.sankei.com/,ok,,
2026-08-15,2026-08-15T06:12:47.518954+09:00,全国紙,全国,産経新聞,エアコン「2027年問題」にらみ、中国勢が価格攻勢 8万円切る水準、日本勢も対応急ぐ,https://www.sankei.com/article/20260814-UYRBSBJYG5OXLK2RU7ZEQZNX5Q/,https://www.sankei.com/,ok,,
2026-08-15,2026-08-15T06:12:47.518954+09:00,全国紙,全国,産経新聞,「行っちゃダメだ!」水没車両から救出試みた男性ら、間一髪で逃れたケースも 千葉豪雨,https://www.sankei.com/article/20260814-NYDGJYDC4VJG5P7KZEMMNDXAKM/,https://www.sankei.com/,ok,,
2026-08-15,2026-08-15T06:12:47.518954+09:00,全国紙,全国,産経新聞,日本国憲法起草の実務責任者が語った「起源」 「日本を永久に非武装に」10日ほどで作業,https://www.sankei.com/article/20260814-2VFT2FLE65PZFHFE6BH373B5WE/,https://www.sankei.com/,ok,,
2026-08-15,2026-08-15T06:12:47.518954+09:00,全国紙,全国,産経新聞,<独自>グロブリン製剤自給100%へ献血ルーム・新型採血装置拡充へ 感染症対策で政府,https://www.sankei.com/article/20260814-VWJ6QUCT2VOJXESH4E7SGHK6QY/,https://www.sankei.com/,ok,,
2026-08-15,2026-08-15T06:12:47.518954+09:00,全国紙,全国,産経新聞,「強烈な塩素臭」「ぬるぬる」家庭用浄水器カートリッジ偽物出回る 中国やベトナムからか,https://www.sankei.com/article/20260814-V4WLSZYIHFDNVLUY57CWVOPMSA/,https://www.sankei.com/,ok,,
2026-08-15,2026-08-15T06:12:47.518954+09:00,全国紙,全国,産経新聞,千葉の大雨で「水没車」多数 浸水時はエンジン止め放置し避難を 修理には車両保険が適用,https://www.sankei.com/article/20260814-YWYPPUNSQVCMDN62E3EGKCYODE/,https://www.sankei.com/,ok,,
2026-08-15,2026-08-15T06:12:47.518954+09:00,全国紙,全国,産経新聞,英国籍の女子中学生が旅行滞在中に行方不明 警視庁が顔写真を公開、情報提供呼びかけ,https://www.sankei.com/article/20260814-F5EZGTRVYRKE5IUNRTJSYSW4OQ/,https://www.sankei.com/,ok,,
2026-08-15,2026-08-15T06:12:47.518954+09:00,全国紙,全国,産経新聞,アシックス、最高益更新へ 初の売上高1兆円超え 26年12月期、「オニツカ」好調,https://www.sankei.com/article/20260814-56QFVYPXEVLH3MISVSMMFOEA4M/,https://www.sankei.com/,ok,,
2026-08-15,2026-08-15T06:12:47.518954+09:00,全国紙,全国,産経新聞,辺野古沖事故、遺族が同志社に緊急要望書 学校法人の検証「早期の幕引き」懸念,https://www.sankei.com/article/20260814-SKTNJTR2YJIQTBSQ4SWVHGE6HM/,https://www.sankei.com/,ok,,
2026-08-15,2026-08-15T06:12:47.518954+09:00,全国紙,全国,産経新聞,「AI & DX Leaders’ Conference 2026」9月11日 大手...,https://www.sankei.com/article/20260729-JONX5ORFAJBSBG4D2MGTPB6NP4/,https://www.sankei.com/,ok,,
2026-08-15,2026-08-15T06:12:47.518954+09:00,全国紙,全国,産経新聞,【アーカイブ配信中】人事部門向けセミナー「AIが駆動する人事3.0:採用・育成・タレ...,https://www.sankei.com/article/20260701-7TY77265CVCN5LQS464VQVIRPI/,https://www.sankei.com/,ok,,
2026-08-15,2026-08-15T06:12:47.518954+09:00,全国紙,全国,産経新聞,15日に全国戦没者追悼式 大戦犠牲者を悼む,https://www.sankei.com/article/20260814-FKU2R3PHT5NRJBLSP67SLKDKUI/,https://www.sankei.com/,ok,,
2026-08-15,2026-08-15T06:12:47.518954+09:00,全国紙,全国,産経新聞,千葉の大雨、8人死亡 避難指示40万人超,https://www.sankei.com/article/20260814-RULQ75GRVVLOREYT3ZPG6PFXCU/,https://www.sankei.com/,ok,,
2026-08-15,2026-08-15T06:12:47.518954+09:00,全国紙,全国,産経新聞,政府、プーチン氏北方領土訪問に対抗措置検討,https://www.sankei.com/article/20260814-66VVJWH4NZPRFJ3MZOO2KJXR4M/,https://www.sankei.com/,ok,,
2026-08-15,2026-08-15T06:12:47.518954+09:00,全国紙,全国,東京新聞,特攻を「熱望」した16歳少年飛行兵は、玉音放送に「これからどう生きればいいのか」途方に暮れた,https://www.tokyo-np.co.jp/article/508672,https://www.tokyo-np.co.jp/,ok,,
2026-08-15,2026-08-15T06:12:47.518954+09:00,全国紙,全国,東京新聞,「チアリーダー」から「選手」へ...甲子園ガイド本が、30年続いた表紙を変えた理由,https://www.tokyo-np.co.jp/article/508704,https://www.tokyo-np.co.jp/,ok,,
2026-08-15,2026-08-15T06:12:47.518954+09:00,全国紙,全国,東京新聞,熊本地震に千葉豪雨...相次ぐ災害、対策の司令塔「防災庁」にできることは? 縦割り行政は変えられる?,https://www.tokyo-np.co.jp/article/508703,https://www.tokyo-np.co.jp/,ok,,
2026-08-15,2026-08-15T06:12:47.518954+09:00,全国紙,全国,東京新聞,林家三平さん「一番怖いのは戦争に向かう心をつくること」...祖父が作った「国策落語」を継ぐ思い,https://www.tokyo-np.co.jp/article/508647,https://www.tokyo-np.co.jp/,ok,,
2026-08-15,2026-08-15T06:12:47.518954+09:00,全国紙,全国,東京新聞,千葉豪雨、全半壊や浸水170棟 放置車1000台、土砂崩れも,https://www.tokyo-np.co.jp/article/508729,https://www.tokyo-np.co.jp/,ok,,
2026-08-15,2026-08-15T06:12:47.518954+09:00,全国紙,全国,東京新聞,「あいたい」38歳で戦死した父のはがき、お守りに 戦地から届いた150通「どんな思いで書いたのか」,https://www.tokyo-np.co.jp/article/508640,https://www.tokyo-np.co.jp/,ok,,
2026-08-15,2026-08-15T06:12:47.518954+09:00,全国紙,全国,東京新聞,平和への切なる願い、5・7・5に込めて〈平和の俳句特集〉,https://www.tokyo-np.co.jp/article/505533,https://www.tokyo-np.co.jp/,ok,,
2026-08-15,2026-08-15T06:12:47.518954+09:00,全国紙,全国,東京新聞,〈ふくしま作業員日誌・56歳男性〉涼しい8月...お盆明けが心配 福島第1原発,https://www.tokyo-np.co.jp/article/508710,https://www.tokyo-np.co.jp/,ok,,
2026-08-15,2026-08-15T06:12:47.518954+09:00,全国紙,全国,東京新聞,中国の国産旅客機「C919」、初の国際線就航は毎日1往復のモンゴル便 欧米認証取れなくても周辺国から普及,https://www.tokyo-np.co.jp/article/508690,https://www.tokyo-np.co.jp/,ok,,
2026-08-15,2026-08-15T06:12:47.518954+09:00,全国紙,全国,東京新聞,仏15歳未満SNS禁止は違憲 監視機関、大統領に打撃,https://www.tokyo-np.co.jp/article/508726,https://www.tokyo-np.co.jp/,ok,,
2026-08-15,2026-08-15T06:12:47.518954+09:00,全国紙,全国,東京新聞,車が水没!どうしたら? JAF認定講師が教える「脱出法」と日頃の備えは,https://www.tokyo-np.co.jp/article/508691,https://www.tokyo-np.co.jp/,ok,,
2026-08-15,2026-08-15T06:12:47.518954+09:00,全国紙,全国,東京新聞,イギリス人12歳少女が行方不明 家族旅行で都内の民泊に滞在中 蒲田署が情報提供を呼びかけ,https://www.tokyo-np.co.jp/article/508686,https://www.tokyo-np.co.jp/,ok,,
2026-08-15,2026-08-15T06:12:47.518954+09:00,全国紙,全国,東京新聞,終戦81年、きょう戦没者追悼式 高市首相が初の式辞,https://www.tokyo-np.co.jp/article/508725,https://www.tokyo-np.co.jp/,ok,,
2026-08-15,2026-08-15T06:12:47.518954+09:00,全国紙,全国,東京新聞,花巻東、横浜など3回戦へ 全国高校野球選手権第10日,https://www.tokyo-np.co.jp/article/508642,https://www.tokyo-np.co.jp/,ok,,
2026-08-15,2026-08-15T06:12:47.518954+09:00,全国紙,全国,東京新聞,千葉を襲った「記録的短時間大雨」...気象庁「雨雲が1カ所に停滞、予測は難しい」,https://www.tokyo-np.co.jp/article/508697,https://www.tokyo-np.co.jp/,ok,,
2026-08-15,2026-08-15T06:12:47.518954+09:00,全国紙,全国,東京新聞,スキマバイトで「カイジの世界」を見た高校生からのメール 仮眠は土足の床、「左手輪ゴムの人」と呼ばれ...,https://www.tokyo-np.co.jp/article/377300,https://www.tokyo-np.co.jp/,ok,,
2026-08-15,2026-08-15T06:12:47.518954+09:00,全国紙,全国,東京新聞,〈動画〉望月衣塑子記者が漫画家・小林よしのり氏に聞く 皇室典範改正 「男系男子」に固執するリスクとは,https://www.tokyo-np.co.jp/article/508332,https://www.tokyo-np.co.jp/,ok,,tag_movie
2026-08-15,2026-08-15T06:12:47.518954+09:00,全国紙,全国,東京新聞,〈動画〉世耕弘成氏の自民党復党、結論を持ち越し 派閥裏金事件で離党、旧安倍派幹部「5人衆」,https://www.tokyo-np.co.jp/article/507018,https://www.tokyo-np.co.jp/,ok,,tag_movie
2026-08-15,2026-08-15T06:12:47.518954+09:00,全国紙,全国,東京新聞,〈動画〉山本太郎流との違いは? れいわ・山本譲司新代表 就任後初の会見で何を語った 新しい党名は,https://www.tokyo-np.co.jp/article/506743,https://www.tokyo-np.co.jp/,ok,,tag_movie
2026-08-15,2026-08-15T06:12:47.518954+09:00,全国紙,全国,東京新聞,真夏のプールに「雪」が舞う グランドプリンスホテル高輪「氷彫刻」チームが魅せるワザ,https://www.tokyo-np.co.jp/article/507769,https://www.tokyo-np.co.jp/,ok,,square
2026-08-15,2026-08-15T06:12:47.518954+09:00,全国紙,全国,中日新聞,熊本地震 義援金受け付けています,https://www.chunichi.co.jp/article/1291440,https://www.chunichi.co.jp/,ok,,
2026-08-15,2026-08-15T06:12:47.518954+09:00,全国紙,全国,中日新聞,アジア大会は「平和の象徴であり続ける」 発祥の地・インドのオリンピック協会前会長インタビュー,https://www.chunichi.co.jp/article/1296653,https://www.chunichi.co.jp/,ok,,
2026-08-15,2026-08-15T06:12:47.518954+09:00,全国紙,全国,中日新聞,豊川市民病院の敷地内にイラン人男性の遺体遺棄疑い イランやブラジル国籍の男女3人、豊川署が逮捕,https://www.chunichi.co.jp/article/1296702,https://www.chunichi.co.jp/,ok,,
2026-08-15,2026-08-15T06:12:47.518954+09:00,全国紙,全国,中日新聞,反響するのは同じ声 発言加工の「切り抜き系」再生回数圧倒,https://www.chunichi.co.jp/article/1291375,https://www.chunichi.co.jp/,ok,,
2026-08-15,2026-08-15T06:12:47.518954+09:00,全国紙,全国,中日新聞,「笑顔だった人たちが犠牲に」 現代に語りかける兵士たちの写真450枚、託された写真家の思い,https://www.chunichi.co.jp/article/1296649,https://www.chunichi.co.jp/,ok,,
2026-08-15,2026-08-15T06:12:47.518954+09:00,全国紙,全国,中日新聞,独立目指したパティシエと、融資に奔走した元信金職員のカフェ店主が「20年目の約束」 岐阜県大垣市で月1コラボメニュー,https://www.chunichi.co.jp/article/1296556,https://www.chunichi.co.jp/,ok,,
2026-08-15,2026-08-15T06:12:47.518954+09:00,全国紙,全国,中日新聞,【動画】東海市の大同特殊鋼知多工場の火災、鎮火の見通し立たず 大量の廃棄物、消火困難な理由は,https://www.chunichi.co.jp/article/1296515,https://www.chunichi.co.jp/,ok,,
2026-08-15,2026-08-15T06:12:47.518954+09:00,全国紙,全国,中日新聞,「自分の役割は元気や明るさの提供係」 トヨタ自動車野球部コーチ・細山田武史さんが考える強いチームの形,https://www.chunichi.co.jp/article/1296365,https://www.chunichi.co.jp/,ok,,
2026-08-15,2026-08-15T06:12:47.518954+09:00,全国紙,全国,中日新聞,鳥羽水族館最後のダイオウグソクムシ死ぬ 担当飼育員「歴代37個体に感謝」、新個体の輸入目途は立たず,https://www.chunichi.co.jp/article/1296340,https://www.chunichi.co.jp/,ok,,
2026-08-15,2026-08-15T06:12:47.518954+09:00,全国紙,全国,中日新聞,岐阜県白川村で「二十歳を祝う会」 全員村外から再会、合掌造りの前で記念写真,https://www.chunichi.co.jp/article/1296549,https://www.chunichi.co.jp/,ok,,
2026-08-15,2026-08-15T06:12:47.518954+09:00,全国紙,全国,中日新聞,空き家を狙った侵入盗疑いでベトナム人の男2人逮捕 愛知県警、被害8県か,https://www.chunichi.co.jp/article/1296499,https://www.chunichi.co.jp/,ok,,
2026-08-15,2026-08-15T06:12:47.518954+09:00,全国紙,全国,中日新聞,中日・斎藤綱記、3年連続40試合登板!1イニング8球3人斬りで到達 謙虚な左腕「投げさせてもらえて感謝です」,https://www.chunichi.co.jp/article/1296700,https://www.chunichi.co.jp/,ok,,
2026-08-15,2026-08-15T06:12:47.518954+09:00,全国紙,全国,中日新聞,「移民ビジネス」外国人の受け入れを巡る現実と課題,https://www.chunichi.co.jp/article/1233264,https://www.chunichi.co.jp/,ok,,
2026-08-15,2026-08-15T06:12:47.518954+09:00,全国紙,全国,中日新聞,【南山大&中日新聞ポッドキャスト企画】アメリカを考える~独立宣言から250年の大変動,https://www.chunichi.co.jp/article/1270383,https://www.chunichi.co.jp/,ok,,
2026-08-15,2026-08-15T06:12:47.518954+09:00,全国紙,全国,中日新聞,【第1部・外国人団地】共生を目指す外国人労働者の姿を描く,https://www.chunichi.co.jp/article/1237076,https://www.chunichi.co.jp/,ok,,
2026-08-15,2026-08-15T06:12:47.518954+09:00,全国紙,全国,中日新聞,読者が選んだグッとコラム大賞は...?,https://www.chunichi.co.jp/article/1230731,https://www.chunichi.co.jp/,ok,,
2026-08-15,2026-08-15T06:12:47.518954+09:00,全国紙,全国,中日新聞,【デジタル地図】南海トラフ巨大地震の想定震度マップ。あなたの地域の想定震度をチェック,https://www.chunichi.co.jp/article/1046009,https://www.chunichi.co.jp/,ok,,
2026-08-15,2026-08-15T06:12:47.518954+09:00,全国紙,全国,中日新聞,男性恩師は戦争に行ったきり...女性恩師に学んだ物語の力 元教員の児童文学者・藤井則行さん「人の心を育てることが平和につながる」,https://www.chunichi.co.jp/article/1296418,https://www.chunichi.co.jp/,ok,,video
2026-08-15,2026-08-15T06:12:47.518954+09:00,全国紙,全国,中日新聞,【動画】郡上・徹夜おどり始まる おはやし、げた、手拍子...夜が更けるごとに高まる熱気,https://www.chunichi.co.jp/article/1295980,https://www.chunichi.co.jp/,ok,,video
2026-08-15,2026-08-15T06:12:47.518954+09:00,地方紙,北海道,北海道新聞,,,,skipped,公式RSSはあるが、見出し・本文の公開(再配信)を認めない旨の規約があるため自動取得の対象外とする。,
2026-08-15,2026-08-15T06:12:47.518954+09:00,地方紙,宮城,河北新報,,,,skipped,robots.txtが/rss/をDisallowしておりRSS購読不可。私的利用限定・二次利用禁止の規約があるため自動取得の対象外とする。,
2026-08-15,2026-08-15T06:12:47.518954+09:00,地方紙,新潟,新潟日報,,,,skipped,利用規約でデータマイニング・テキストマイニング・AI学習目的の情報処理・解析利用を明示的に禁止しているため自動取得の対象外とする。,
2026-08-15,2026-08-15T06:12:47.518954+09:00,地方紙,長野,信濃毎日新聞,かつて道埋めた参列者、今や4人に 長野市の「戦没者慰霊塔」、修繕の見込み立たず08/15 06:05太平洋戦争中にビルマ(現ミャンマー)戦線で死亡した兵士を慰霊しようと、1977(昭和52)年に建てられた長野市箱清水の「ビルマ戦没者慰霊塔」の老朽化が進んでいる。塔は元兵士や遺族らでつくる委員会が建立したが、当時の会員のほとんどが既に他界。悲惨な戦争の記憶と平和への願いが込められた塔を次代にどうつなげるか、関係者は頭...,https://www.shinmai.co.jp/news/article/gf01d9veq11gf3e481im4jlg,https://www.shinmai.co.jp/,ok,,
2026-08-15,2026-08-15T06:12:47.518954+09:00,地方紙,長野,信濃毎日新聞,【熊本地震】長野県から今できる支援は?情報をまとめました08/04 17:00,https://www.shinmai.co.jp/news/article/SHEX2026080300004812,https://www.shinmai.co.jp/,ok,,
2026-08-15,2026-08-15T06:12:47.518954+09:00,地方紙,長野,信濃毎日新聞,3人の支援は大きなコストじゃない 長野市の炭平がアスリート社員を雇う理由08/15 06:01,https://www.shinmai.co.jp/news/article/gf01d9tdrc6m5strh1favnn0,https://www.shinmai.co.jp/,ok,,
2026-08-15,2026-08-15T06:12:47.518954+09:00,地方紙,長野,信濃毎日新聞,81年後の夏 楽観と陶酔を見逃すまい(論説主幹 五十嵐裕)08/15 06:03,https://www.shinmai.co.jp/news/article/gf01d9val70h93r5kire1fr0,https://www.shinmai.co.jp/,ok,,
2026-08-15,2026-08-15T06:12:47.518954+09:00,地方紙,長野,信濃毎日新聞,投資に次ぐ投資「やらざるを得ない」 長野県の農家を苦しめる猛暑08/15 06:02,https://www.shinmai.co.jp/news/article/gf01d9piq2mm5strh1fadpr0,https://www.shinmai.co.jp/,ok,,
2026-08-15,2026-08-15T06:12:47.518954+09:00,地方紙,長野,信濃毎日新聞,千葉県の豪雨でも観測 各地で甚大な被害をもたらす「線状降水帯」を正しく理解する08/15 06:01,https://www.shinmai.co.jp/news/article/gf01d9q8jnem5strh1fahll0,https://www.shinmai.co.jp/,ok,,
2026-08-15,2026-08-15T06:12:47.518954+09:00,地方紙,長野,信濃毎日新聞,1イオンモール松本の飲食店でぼや けが人なし,https://www.shinmai.co.jp/news/article/gf01d9vgmv1gf3e481im4v2g,https://www.shinmai.co.jp/,ok,,
2026-08-15,2026-08-15T06:12:47.518954+09:00,地方紙,長野,信濃毎日新聞,2おくやみ(8月15日付),https://www.shinmai.co.jp/news/article/gf01d9vevipgf3e481im4klg,https://www.shinmai.co.jp/,ok,,
2026-08-15,2026-08-15T06:12:47.518954+09:00,地方紙,長野,信濃毎日新聞,3おくやみ速報(8月15日付分),https://www.shinmai.co.jp/news/article/gf01d9vevdoh93r5kire2jc0,https://www.shinmai.co.jp/,ok,,
2026-08-15,2026-08-15T06:12:47.518954+09:00,地方紙,長野,信濃毎日新聞,4おくやみ(8月14日付),https://www.shinmai.co.jp/news/article/gf01d9upu16m5strh1fb67k0,https://www.shinmai.co.jp/,ok,,
2026-08-15,2026-08-15T06:12:47.518954+09:00,地方紙,長野,信濃毎日新聞,5長野市の一部にレベル4の土砂災害危険警報 北部の5地区で一時避難指示(14日),https://www.shinmai.co.jp/news/article/gf01d9viug0h93r5kire32e0,https://www.shinmai.co.jp/,ok,,
2026-08-15,2026-08-15T06:12:47.518954+09:00,地方紙,長野,信濃毎日新聞,6山形村の大型商業施設「アイシティ21」内の化粧品店でぼや,https://www.shinmai.co.jp/news/article/gf01d9vg1kpgf3e481im4p60,https://www.shinmai.co.jp/,ok,,
2026-08-15,2026-08-15T06:12:47.518954+09:00,地方紙,長野,信濃毎日新聞,7斜面(8月15日)戦後を終わらせない,https://www.shinmai.co.jp/news/article/gf01d9vevtpgf3e481im4kq0,https://www.shinmai.co.jp/,ok,,
2026-08-15,2026-08-15T06:12:47.518954+09:00,地方紙,長野,信濃毎日新聞,8「決めきれ」練習でコーチから厳しい声 山雅、4月12日以来のホーム勝利へ磨く決定力,https://www.shinmai.co.jp/news/article/gf01d9vcu6gh93r5kire23dg,https://www.shinmai.co.jp/,ok,,
2026-08-15,2026-08-15T06:12:47.518954+09:00,地方紙,長野,信濃毎日新聞,10「ある部屋で人影を...」心霊ツアー参加者がぽつり 無断立ち入りに悩む信濃町の廃ホテル,https://www.shinmai.co.jp/news/article/gf01d9ur29gh93r5kirdvecg,https://www.shinmai.co.jp/,ok,,
2026-08-15,2026-08-15T06:12:47.518954+09:00,地方紙,長野,信濃毎日新聞,「ばーば」が忘れなかった大切な人 認知症になってから出会ったのに長野県主要くらし・話題ウェブオリジナルイブニング信毎朝日新聞コラボ「いつも、どこかで」08/14 17:00,https://www.shinmai.co.jp/news/article/gf01d9knc3a374791src776g,https://www.shinmai.co.jp/,ok,,
2026-08-15,2026-08-15T06:12:47.518954+09:00,地方紙,長野,信濃毎日新聞,41年ぶりの南アルプス縦走 変わりゆく光景、変わらぬ姿 北アルプスとは違うたたずまい〈山と人と信州と〉長野県社会主要信州の山ウェブオリジナルイブニング信毎山と人と信州と南アルプス08/14 06:04,https://www.shinmai.co.jp/news/article/gf01d9ul67um5strh1fb4sog,https://www.shinmai.co.jp/,ok,,
2026-08-15,2026-08-15T06:12:47.518954+09:00,地方紙,長野,信濃毎日新聞,「ここがわからんばい!信州」と「ちゅ~も」が初のコラボ! 夏休み特別マンガ公開長野県くらし・話題主要ウェブオリジナルイブニング信毎ちゅ~もここがわからんばい!信州上田市08/14 06:03,https://www.shinmai.co.jp/news/article/gf01d9cs0otnt8tr77semb1g,https://www.shinmai.co.jp/,ok,,
2026-08-15,2026-08-15T06:12:47.518954+09:00,地方紙,長野,信濃毎日新聞,天龍村の平岡ダム 戦後81年の夏に触れた、底見えぬ村民の苦悩長野県社会ウェブオリジナルイブニング信毎天龍村コラム「硬面軟面」08/13 06:05,https://www.shinmai.co.jp/news/article/gf01d9rg1em1rg84iapjepeg,https://www.shinmai.co.jp/,ok,,
2026-08-15,2026-08-15T06:12:47.518954+09:00,地方紙,長野,信濃毎日新聞,【Coming soon】「ここがわからんばい!信州」と「ちゅ~も」に一体何が...? 夏休み特別企画へ長野県くらし・話題ウェブオリジナルちゅ~もここがわからんばい!信州08/12 07:00,https://www.shinmai.co.jp/news/article/gf01d9crvu3bbaif2vd4d9kg,https://www.shinmai.co.jp/,ok,,
2026-08-15,2026-08-15T06:12:47.518954+09:00,地方紙,静岡,静岡新聞,,,https://www.at-s.com/,error,405 Client Error: Not Allowed for url: https://www.at-s.com/,
2026-08-15,2026-08-15T06:12:47.518954+09:00,地方紙,京都,京都新聞,人事異動ポータル,https://www.kyoto-np.co.jp/articles/-/1250583,https://www.kyoto-np.co.jp/,ok,,
2026-08-15,2026-08-15T06:12:47.518954+09:00,地方紙,京都,京都新聞,速報NY株反落、107ドル安,https://www.kyoto-np.co.jp/articles/-/1772362,https://www.kyoto-np.co.jp/,ok,,
2026-08-15,2026-08-15T06:12:47.518954+09:00,地方紙,京都,京都新聞,京都市南区の創業100年近い「ラーメン店の相棒」をなぜ売却したのか 3代目社長が決断した深い理由4:50市内京都市南区の製麺所「麺屋棣鄂(ていがく)」は、全国約800店に200種類の中華麺を供給し、日本のラーメン界を支えるプラットフォームでもある...,https://www.kyoto-np.co.jp/articles/-/1772155,https://www.kyoto-np.co.jp/,ok,,
2026-08-15,2026-08-15T06:12:47.518954+09:00,地方紙,京都,京都新聞,沈没が引き起こした渦は、京都と滋賀の人々も巻き込んだ 軽巡洋艦「長良」撃沈の瞬間5:00地域波のない穏やかな海に走った衝撃で、約40メートルの水柱が立ったという。1944年8月7日午後0時40分ごろ、現在の熊本県天草市牛深町の沖合...,https://www.kyoto-np.co.jp/articles/-/1771951,https://www.kyoto-np.co.jp/,ok,,
2026-08-15,2026-08-15T06:12:47.518954+09:00,地方紙,京都,京都新聞,ハリセンで鍛えられた19歳「勝負せなあかんと思った」 森脇健児さんが語るKBS京都への愛5:00市内1951年創立のKBS京都(京都放送、京都市上京区)が今年75周年を迎えた。地域に根を張るとともに、数々の人気者を輩出してきた。その中でラ...,https://www.kyoto-np.co.jp/articles/-/1769920,https://www.kyoto-np.co.jp/,ok,,
2026-08-15,2026-08-15T06:12:47.518954+09:00,地方紙,京都,京都新聞,「乳酸菌で育てた米」京都府南丹市で一般販売へ「甘みが強く、冷めても味が落ちない」5:40地域環境に配慮したまちづくりを進める京都府南丹市八木町のNPO法人「南丹市エコタウン推進協議会」(エコ南丹)は、乳酸菌を活用して栽培した「京み...,https://www.kyoto-np.co.jp/articles/-/1771907,https://www.kyoto-np.co.jp/,ok,,
2026-08-15,2026-08-15T06:12:47.518954+09:00,地方紙,京都,京都新聞,ひんやりと透き通る琵琶湖で泳いだ後は「本格的なおすし」はいかが 天然酵母のパンも魅力5:00地域JR湖西線の志賀駅(大津市)に降り立つと、比良山地と琵琶湖が織りなす絶景に、思わず息をのむ。暑さの厳しい夏の旅。お目当ては、ひんやりと透き...,https://www.kyoto-np.co.jp/articles/-/1766708,https://www.kyoto-np.co.jp/,ok,,
2026-08-15,2026-08-15T06:12:47.518954+09:00,地方紙,京都,京都新聞,東海道新幹線が意外すぎる夏の風物詩に「転生」 第1弾は完売する人気ぶり、愛好家は一気にまとめ買い5:30地域夢舞台の甲子園で高校球児たちが躍動し、キーンという金属音がテレビから流れる季節だ。意外な物から転生を果たした児童向けのバットがある。なんと...,https://www.kyoto-np.co.jp/articles/-/1768421,https://www.kyoto-np.co.jp/,ok,,
2026-08-15,2026-08-15T06:12:47.518954+09:00,地方紙,京都,京都新聞,【速報】近畿地方の高温と少雨、9月にかけ長期化の見通し お盆明け以降、京都市など35度続く可能性8月14日地域大阪管区気象台は14日、高温と少雨に関する気象情報を発表し、近畿地方は7月から続いている「記録的な高温」や「少雨」の傾向が、今後も続く見通...,https://www.kyoto-np.co.jp/articles/-/1772146,https://www.kyoto-np.co.jp/,ok,,
2026-08-15,2026-08-15T06:12:47.518954+09:00,地方紙,京都,京都新聞,全国唯一「謎を呼ぶ」埴輪の「ミステリーサークル」 京都市西京区の「古墳」の意図は8月14日市内,https://www.kyoto-np.co.jp/articles/-/1746016,https://www.kyoto-np.co.jp/,ok,,
2026-08-15,2026-08-15T06:12:47.518954+09:00,地方紙,京都,京都新聞,京都市中京区の看護系大学「第1志望への高い就職実績」が強み 総合大学の看護学部との違いは?8月14日市内,https://www.kyoto-np.co.jp/articles/-/1770791,https://www.kyoto-np.co.jp/,ok,,
2026-08-15,2026-08-15T06:12:47.518954+09:00,地方紙,京都,京都新聞,京都市中心部「創業300年以上」の11代目、京都大学から家業へ 作業着に染みた「父の匂い」が道しるべ8月14日市内,https://www.kyoto-np.co.jp/articles/-/1770869,https://www.kyoto-np.co.jp/,ok,,
2026-08-15,2026-08-15T06:12:47.518954+09:00,地方紙,京都,京都新聞,京都の大手学習塾「京進」が少子化乗り越え成長へ 売上高のけん引役は今や塾にあらず8月14日市内,https://www.kyoto-np.co.jp/articles/-/1771438,https://www.kyoto-np.co.jp/,ok,,
2026-08-15,2026-08-15T06:12:47.518954+09:00,地方紙,京都,京都新聞,京都でも過熱する「お受験」私立小学校を考える家庭の「年収」は? 共働きで増える「ファジー層」8月13日地域,https://www.kyoto-np.co.jp/articles/-/1767562,https://www.kyoto-np.co.jp/,ok,,
2026-08-15,2026-08-15T06:12:47.518954+09:00,地方紙,京都,京都新聞,なぜ滋賀に「京阪電車」が走っているのか 100年前にあった鉄道版「国盗り物語」幻の超特急を追って8月13日地域,https://www.kyoto-np.co.jp/articles/-/1763134,https://www.kyoto-np.co.jp/,ok,,
2026-08-15,2026-08-15T06:12:47.518954+09:00,地方紙,京都,京都新聞,大阪の老舗出版社が「ブックカフェ」始めた理由 「本が身近ではなくなった」関西の出版界、今後どうなる?8月12日地域,https://www.kyoto-np.co.jp/articles/-/1768172,https://www.kyoto-np.co.jp/,ok,,
2026-08-15,2026-08-15T06:12:47.518954+09:00,地方紙,京都,京都新聞,京都市左京区の私立小学校が「募集削減」、入試見直す学校も 変化する京都の「お受験」の現状は8月12日地域,https://www.kyoto-np.co.jp/articles/-/1766723,https://www.kyoto-np.co.jp/,ok,,
2026-08-15,2026-08-15T06:12:47.518954+09:00,地方紙,京都,京都新聞,京都市バスで小学生女児を「取り残し」 「命に関わる」のに見落としたのはなぜ 見えているのに見えない8月12日市内,https://www.kyoto-np.co.jp/articles/-/1767648,https://www.kyoto-np.co.jp/,ok,,
2026-08-15,2026-08-15T06:12:47.518954+09:00,地方紙,京都,京都新聞,京都市北区の大学と祇園祭「知られざる」関係とは?「彬子さま」が鉾に搭乗、背景に「名物ゼミ」の縁8月11日市内,https://www.kyoto-np.co.jp/articles/-/1766745,https://www.kyoto-np.co.jp/,ok,,
2026-08-15,2026-08-15T06:12:47.518954+09:00,地方紙,京都,京都新聞,「広尾学園大阪」は洛星、高槻...関西名門をごぼう抜きするのか 偏差値上昇&志願者急増?国内外トップ大合格へ8月11日地域,https://www.kyoto-np.co.jp/articles/-/1763110,https://www.kyoto-np.co.jp/,ok,,
2026-08-15,2026-08-15T06:12:47.518954+09:00,地方紙,兵庫,神戸新聞,戦争というのは無残なもの 空襲2回経験した元教師の武市さん 住んでいた城周辺は火の海,https://www.kobe-np.co.jp/news/himeji/202608/0020706156.shtml,https://www.kobe-np.co.jp/,ok,,
2026-08-15,2026-08-15T06:12:47.518954+09:00,地方紙,兵庫,神戸新聞,<もう一つの空襲 二見の海とまちの記憶>(上)停泊の練習船 執拗な攻撃、燃え上がる進徳丸,https://www.kobe-np.co.jp/news/akashi/202608/0020706279.shtml,https://www.kobe-np.co.jp/,ok,,
2026-08-15,2026-08-15T06:12:47.518954+09:00,地方紙,兵庫,神戸新聞,「爆弾落として帰って来い」特攻隊の岩本大尉、軍に背いて部下に命令 9回出撃し9回生還した人も,https://www.kobe-np.co.jp/news/society/202608/0020705629.shtml,https://www.kobe-np.co.jp/,ok,,
2026-08-15,2026-08-15T06:12:47.518954+09:00,地方紙,兵庫,神戸新聞,三田駅がみどりの窓口廃止へ JR西、9月末で 市内の設置駅ゼロに,https://www.kobe-np.co.jp/news/sanda/202608/0020706298.shtml,https://www.kobe-np.co.jp/,ok,,
2026-08-15,2026-08-15T06:12:47.518954+09:00,地方紙,兵庫,神戸新聞,全国中学校体育大会17日開幕、小学生からの好敵手が頂点争い激突 競泳男子短距離 原田と粂田,https://www.kobe-np.co.jp/news/sports/202608/0020707030.shtml,https://www.kobe-np.co.jp/,ok,,
2026-08-15,2026-08-15T06:12:47.518954+09:00,地方紙,兵庫,神戸新聞,【名簿付き】全国中学校体育大会 兵庫のメンバー紹介 目指せ日本一 17日開幕,https://www.kobe-np.co.jp/news/sports/202608/0020707027.shtml,https://www.kobe-np.co.jp/,ok,,
2026-08-15,2026-08-15T06:12:47.518954+09:00,地方紙,兵庫,神戸新聞,住民になりすまし同僚の明石市職員に架空の苦情 59歳職員を停職3カ月 市が調査、うそと認める,https://www.kobe-np.co.jp/news/akashi/202608/0020706277.shtml,https://www.kobe-np.co.jp/,ok,,
2026-08-15,2026-08-15T06:12:47.518954+09:00,地方紙,兵庫,神戸新聞,子どもとの向き合い方、会費設定...運営の悩みや疑問を意見交換 指導者ら30人が勉強会,https://www.kobe-np.co.jp/news/kobe/202608/0020706191.shtml,https://www.kobe-np.co.jp/,ok,,
2026-08-15,2026-08-15T06:12:47.518954+09:00,地方紙,兵庫,神戸新聞,「姫カツ」指導者に研修会 ヴィクトリーナU15アドバイザーの中垣さん「練習意図の理解が大切」,https://www.kobe-np.co.jp/news/himeji/202608/0020706154.shtml,https://www.kobe-np.co.jp/,ok,,
2026-08-15,2026-08-15T06:12:47.518954+09:00,地方紙,兵庫,神戸新聞,神戸市室内管、評論家団体が表彰 音楽クリティック・クラブ 関学大博物館も特別賞,https://www.kobe-np.co.jp/news/culture/202608/0020706765.shtml,https://www.kobe-np.co.jp/,ok,,
2026-08-15,2026-08-15T06:12:47.518954+09:00,地方紙,兵庫,神戸新聞,Vチューバーと恐竜コラボ 16日、丹波篠山で初イベント,https://www.kobe-np.co.jp/news/tanba/202608/0020706057.shtml,https://www.kobe-np.co.jp/,ok,,
2026-08-15,2026-08-15T06:12:47.518954+09:00,地方紙,兵庫,神戸新聞,熊本地震「さらなる支援必要」 赤穂市民病院の災害派遣医療チーム 市役所で活動報告,https://www.kobe-np.co.jp/news/seiban/202608/0020706313.shtml,https://www.kobe-np.co.jp/,ok,,
2026-08-15,2026-08-15T06:12:47.518954+09:00,地方紙,兵庫,神戸新聞,<はりまの怪異譚-舞台を訪ねて>(3)巨岩(宍粟市山崎町市場) 鬼面さま 時代変われど衰えぬ迫力,https://www.kobe-np.co.jp/news/seiban/202608/0020706315.shtml,https://www.kobe-np.co.jp/,ok,,
2026-08-15,2026-08-15T06:12:47.518954+09:00,地方紙,兵庫,神戸新聞,「しあわせ運べるように」天国へ響け 7月逝去の臼井さん追悼 ゆかりの東京音大生ら加古川で演奏会,https://www.kobe-np.co.jp/news/touban/202608/0020706139.shtml,https://www.kobe-np.co.jp/,ok,,
2026-08-15,2026-08-15T06:12:47.518954+09:00,地方紙,兵庫,神戸新聞,赤穂西中の2人が全国中学校体育大会へ 陸上・由居さんと水泳・東口さん,https://www.kobe-np.co.jp/news/seiban/202608/0020706311.shtml,https://www.kobe-np.co.jp/,ok,,
2026-08-15,2026-08-15T06:12:47.518954+09:00,地方紙,兵庫,神戸新聞,<県政リアル 知事就任5年>(6)距離感 離れた大阪、県内首長も模索,https://www.kobe-np.co.jp/news/society/202608/0020681985.shtml,https://www.kobe-np.co.jp/,ok,,
2026-08-15,2026-08-15T06:12:47.518954+09:00,地方紙,兵庫,神戸新聞,<さいとうさんと「私」再び>対立 乗り越えるには 読者の反響編,https://www.kobe-np.co.jp/news/society/202607/0020625928.shtml,https://www.kobe-np.co.jp/,ok,,
2026-08-15,2026-08-15T06:12:47.518954+09:00,地方紙,兵庫,神戸新聞,高卒人材獲得あの手この手 県内高校生求人倍率4倍超、過去最高,https://www.kobe-np.co.jp/news/economy/202608/0020674757.shtml,https://www.kobe-np.co.jp/,ok,,
2026-08-15,2026-08-15T06:12:47.518954+09:00,地方紙,兵庫,神戸新聞,西宮市の「危ない交差点」 駅や大学の近く、高架下の変則六差路 自転車と車の事故多発,https://www.kobe-np.co.jp/news/richb/202608/0020694703.shtml,https://www.kobe-np.co.jp/,ok,,
2026-08-15,2026-08-15T06:12:47.518954+09:00,地方紙,兵庫,神戸新聞,<近日公開 8月のオススメ記事>あかふじ米野球、夏の甲子園、「丹波竜」発見20年...etc.,https://www.kobe-np.co.jp/news/richa/202607/0020647485.shtml,https://www.kobe-np.co.jp/,ok,,
2026-08-15,2026-08-15T06:12:47.518954+09:00,地方紙,広島,中国新聞,,,,skipped,利用規約でAI開発目的のディープラーニング等の情報処理・解析利用を明示的に禁止しているため自動取得の対象外とする。,
2026-08-15,2026-08-15T06:12:47.518954+09:00,地方紙,福岡,西日本新聞,,,,skipped,公式RSSはあるが、利用規約でAI学習目的の情報処理・解析利用を明示的に禁止しているため自動取得の対象外とする。,
2026-08-15,2026-08-15T06:12:47.518954+09:00,地方紙,熊本,熊本日日新聞,車両基地生まれのビール,https://kumanichi.com/articles/2025451,https://kumanichi.com/rss.xml,ok,,
2026-08-15,2026-08-15T06:12:47.518954+09:00,地方紙,熊本,熊本日日新聞,七夕へ世界平和の願ひごとデネブは戦地に光りてをるか(植木町)宮本睦美【小島ゆかり選】,https://kumanichi.com/articles/2025224,https://kumanichi.com/rss.xml,ok,,
2026-08-15,2026-08-15T06:12:47.518954+09:00,地方紙,熊本,熊本日日新聞,気象庁つひに酷暑と名付けたり(楡木)島田好【高野ムツオ選】,https://kumanichi.com/articles/2025222,https://kumanichi.com/rss.xml,ok,,
2026-08-15,2026-08-15T06:12:47.518954+09:00,地方紙,熊本,熊本日日新聞,シューマイに自由を包む町おこし(南高江)川井倫次【木本朱夏選】,https://kumanichi.com/articles/2025216,https://kumanichi.com/rss.xml,ok,,
2026-08-15,2026-08-15T06:12:47.518954+09:00,地方紙,熊本,熊本日日新聞,自由研究 三分で芽の出らんどか(出水)興梠小枝【鳴神景勝選】,https://kumanichi.com/articles/2025187,https://kumanichi.com/rss.xml,ok,,
2026-08-15,2026-08-15T06:12:47.518954+09:00,地方紙,熊本,熊本日日新聞,「塔」会員・垣野さん(熊本市)初歌集 職場詠や受賞作など収録,https://kumanichi.com/articles/2025248,https://kumanichi.com/rss.xml,ok,,
2026-08-15,2026-08-15T06:12:47.518954+09:00,地方紙,熊本,熊本日日新聞,山彦(898号)【郷土雑誌】,https://kumanichi.com/articles/2025243,https://kumanichi.com/rss.xml,ok,,
2026-08-15,2026-08-15T06:12:47.518954+09:00,地方紙,熊本,熊本日日新聞,川柳若葉(355号)【郷土雑誌】,https://kumanichi.com/articles/2025242,https://kumanichi.com/rss.xml,ok,,
2026-08-15,2026-08-15T06:12:47.518954+09:00,地方紙,熊本,熊本日日新聞,川尻句会合同句集(第十三集)「青蘆」【郷土雑誌】,https://kumanichi.com/articles/2025240,https://kumanichi.com/rss.xml,ok,,
2026-08-15,2026-08-15T06:12:47.518954+09:00,地方紙,熊本,熊本日日新聞,塔(6月号)【郷土雑誌】,https://kumanichi.com/articles/2025239,https://kumanichi.com/rss.xml,ok,,
2026-08-15,2026-08-15T06:12:47.518954+09:00,地方紙,鹿児島,南日本新聞,女子ホッケーU15代表に瀬戸山さん(樋脇中3年)選出 県内初、21日からオランダ遠征「ボールを取られても取り返すつもりで頑張る」薩摩川内市樋脇中学校3年生の瀬戸山莉愛(りの)さんが、ホッケー女子U15(15歳以下)日本代表に選ばれた。21~29日にあるオランダ遠征を前に、市役所を訪れて田中良二市長を表敬し「初の海外。ボールを取られても取り返すつもりで頑張る」と意気込んだ。 瀬戸山さんは小学1年生から競技を始め、現在は地元のクラブ「SS樋脇HC」でキャプテンを務める。市ホッケー連盟によると女子U15の代表選出は県内8月14日 16:30,https://373news.com/news/local/detail/238017/,https://373news.com/,ok,,local
2026-08-15,2026-08-15T06:12:47.518954+09:00,地方紙,鹿児島,南日本新聞,置かれたままの幼稚園ピアノ、管理台帳なく詳細不明――音楽教室の吉田さんがチャリティーコン企画、再生へ調律費募る8月14日 20:30,https://373news.com/news/local/detail/237697/,https://373news.com/,ok,,local
2026-08-15,2026-08-15T06:12:47.518954+09:00,地方紙,鹿児島,南日本新聞,祖父のバトンを受け継ぎ、命の大切さを伝えていきたい――椋鳩十の孫ら「ハトの日」にちなみトークショー 鹿児島市8月14日 20:00,https://373news.com/news/local/detail/238018/,https://373news.com/,ok,,local
2026-08-15,2026-08-15T06:12:47.518954+09:00,地方紙,鹿児島,南日本新聞,鹿児島―福岡高速バス 15日一部再開 九州道全線通行受け8月14日 18:40,https://373news.com/news/local/detail/238047/,https://373news.com/,ok,,local
2026-08-15,2026-08-15T06:12:47.518954+09:00,地方紙,鹿児島,南日本新聞,レジ補修詐欺疑いの男性不起訴 鹿児島地検8月14日 18:29,https://373news.com/news/local/detail/238046/,https://373news.com/,ok,,local
2026-08-15,2026-08-15T06:12:47.518954+09:00,地方紙,鹿児島,南日本新聞,速度違反の取り締まりで止めたら無免許運転だった――オートバイの59歳男を道交法違反容疑で現行犯逮捕 鹿児島南署8月14日 17:54,https://373news.com/news/local/detail/238041/,https://373news.com/,ok,,local
2026-08-15,2026-08-15T06:12:47.518954+09:00,地方紙,鹿児島,南日本新聞,副町長候補者は30代キャリア官僚――中種子町議会が人事議案に不同意で住民に波紋...「地元の人を」という理解を示す一方、「国との関係悪化」「政争では」と不安視する声も8月14日 14:30,https://373news.com/news/local/detail/237766/,https://373news.com/,ok,,local
2026-08-15,2026-08-15T06:12:47.518954+09:00,地方紙,鹿児島,南日本新聞,窓リノベ、塩系チョコ、スマホ冷却シート...「涼」求め広がるニーズ、猛暑が暮らしと消費の形を変えている8月14日 11:46,https://373news.com/news/local/detail/238016/,https://373news.com/,ok,,local
2026-08-15,2026-08-15T06:12:47.518954+09:00,地方紙,鹿児島,南日本新聞,この時季ならではの「テナガエビ釣り」...慌てず待つことが醍醐味。唐揚げや素揚げにすると殻まで香ばしく、おいしく味わえます!8月14日 11:30,https://373news.com/news/local/detail/237988/,https://373news.com/,ok,,local
2026-08-15,2026-08-15T06:12:47.518954+09:00,地方紙,鹿児島,南日本新聞,1焼酎ブーム去り、量販店増え...町の酒販店30軒から2、3軒へ――「人生ささげたのに何も残らない」70歳店主、地元米で新銘柄に挑む,https://373news.com/news/local/detail/237630/,https://373news.com/,ok,,local
2026-08-15,2026-08-15T06:12:47.518954+09:00,地方紙,鹿児島,南日本新聞,2想像以上の被害...でも橋は落ちなかった――九州自動車道、予定よりスピード復旧なぜ? 「24時間総動員」ずれた橋桁ジャッキアップ,https://373news.com/news/local/detail/238010/,https://373news.com/,ok,,local
2026-08-15,2026-08-15T06:12:47.518954+09:00,地方紙,鹿児島,南日本新聞,3【俳優・迫田孝也のオモ語り】悪役会議室、始動!,https://373news.com/news/local/detail/237867/,https://373news.com/,ok,,local
2026-08-15,2026-08-15T06:12:47.518954+09:00,地方紙,鹿児島,南日本新聞,6孫たちと韓国岳で流星群ツアー...夜明け前、最後のやりとりに 頂上から約150メートル下の火口で74歳男性が心肺停止,https://373news.com/news/local/detail/238006/,https://373news.com/,ok,,local
2026-08-15,2026-08-15T06:12:47.518954+09:00,地方紙,鹿児島,南日本新聞,7〈詳報〉H3ロケット打ち上げ2回連続成功 日本版GPS「みちびき」7機体制へ前進 種子島,https://373news.com/news/local/detail/237963/,https://373news.com/,ok,,local
2026-08-15,2026-08-15T06:12:47.518954+09:00,地方紙,鹿児島,南日本新聞,8走行中、突然ハンドル取られ目の前で地割れ...間一髪で急ブレーキ「本当恐ろしかった」 九州道で熊本地震遭遇のトラック運転手語る,https://373news.com/news/local/detail/237250/,https://373news.com/,ok,,local
2026-08-15,2026-08-15T06:12:47.518954+09:00,地方紙,鹿児島,南日本新聞,9大崎町・菱田川で見つかった遺体の身元判明 埼玉県の27歳男性,https://373news.com/news/local/detail/237987/,https://373news.com/,ok,,local
2026-08-15,2026-08-15T06:12:47.518954+09:00,地方紙,鹿児島,南日本新聞,10〈詳報〉九州自動車道、17日ぶり全線開通へ 一部区間は対面通行、渋滞予測の時間帯も「被災地のため避けて」,https://373news.com/news/local/detail/238011/,https://373news.com/,ok,,local
2026-08-15,2026-08-15T06:12:47.518954+09:00,地方紙,鹿児島,南日本新聞,「あって当然」「心の中に踏み込むようだ」...国会で審議続く国旗損壊罪 「日の丸のふるさと」鹿児島の人たちの思いはさまざま7月6日 14:48,https://373news.com/lineup/kotimina/detail/236152/,https://373news.com/,ok,,
2026-08-15,2026-08-15T06:12:47.518954+09:00,地方紙,鹿児島,南日本新聞,千葉豪雨、全半壊や浸水170棟 放置車1000台、土砂崩れも8月15日 01:20,https://373news.com/news/national/detail/2026081401001720/,https://373news.com/,ok,,national
2026-08-15,2026-08-15T06:12:47.518954+09:00,地方紙,鹿児島,南日本新聞,仏15歳未満SNS禁止は違憲 監視機関、大統領に打撃8月15日 00:02,https://373news.com/news/national/detail/2026081401001700/,https://373news.com/,ok,,national
2026-08-15,2026-08-15T06:12:47.518954+09:00,地方紙,沖縄,琉球新報,,,,skipped,利用規約で複製・複写・送信・頒布・蓄積・転載等を会社の承認なく行うことを広範に禁止しているため自動取得の対象外とする。,
2026-08-15,2026-08-15T06:12:47.518954+09:00,地方紙,沖縄,沖縄タイムス,古謝玄太氏、公約実現へ数値目標 沖縄県知事選へ政策発表 政府交渉で予算増額【主要政策の要旨】8月15日 4:59沖縄県知事選[知事選 9.13] 9月13日投開票の知事選に向け、古謝玄太氏は沖縄を前に進めるため、(1)県民所得(2)子育て支援予算(3)観光収入-の3つの倍増を約束すると強調し、120の政策を打ち出した。,https://www.okinawatimes.co.jp/articles/-/1902699,https://www.okinawatimes.co.jp/,ok,,
2026-08-15,2026-08-15T06:12:47.518954+09:00,地方紙,沖縄,沖縄タイムス,終戦81年、きょう戦没者追悼式 高市首相が初の式辞0:01#全国の社会,https://www.okinawatimes.co.jp/articles/-/1902643,https://www.okinawatimes.co.jp/,ok,,
2026-08-15,2026-08-15T06:12:47.518954+09:00,地方紙,沖縄,沖縄タイムス,千葉豪雨、8人死亡 道路冠水、車閉じ込め多発 県庁に帰宅困難者1700人以上5:34有料#千葉豪雨,https://www.okinawatimes.co.jp/articles/-/1902659,https://www.okinawatimes.co.jp/,ok,,
2026-08-15,2026-08-15T06:12:47.518954+09:00,地方紙,沖縄,沖縄タイムス,那覇西・平良吏美華が2位 競泳女子50メートル自由形【全国高校総体】5:15#全国高校総合体育大会,https://www.okinawatimes.co.jp/articles/-/1902660,https://www.okinawatimes.co.jp/,ok,,
2026-08-15,2026-08-15T06:12:47.518954+09:00,地方紙,沖縄,沖縄タイムス,[大弦小弦]3:57有料#大弦小弦,https://www.okinawatimes.co.jp/articles/-/1902662,https://www.okinawatimes.co.jp/,ok,,
2026-08-15,2026-08-15T06:12:47.518954+09:00,地方紙,沖縄,沖縄タイムス,[戦後81年]きょう終戦81年3:57有料,https://www.okinawatimes.co.jp/articles/-/1902661,https://www.okinawatimes.co.jp/,ok,,
2026-08-15,2026-08-15T06:12:47.518954+09:00,地方紙,沖縄,沖縄タイムス,港町の駐車場不足改善へ 那覇 兼正青果など4社が組合 路上駐車800台 解消目指す 賛助会員募り意見集約4:00有料#経済,https://www.okinawatimes.co.jp/articles/-/1902546,https://www.okinawatimes.co.jp/,ok,,
2026-08-15,2026-08-15T06:12:47.518954+09:00,地方紙,沖縄,沖縄タイムス,千葉豪雨、お盆直撃 成田空港で7000人足止め タクシーやバス待つ長蛇の列 冠水道路に車取り残される6:09有料#千葉豪雨,https://www.okinawatimes.co.jp/articles/-/1902664,https://www.okinawatimes.co.jp/,ok,,
2026-08-15,2026-08-15T06:12:47.518954+09:00,地方紙,沖縄,沖縄タイムス,[戦後81年]相次ぐ家族との死別 きょう終戦の日 喜納勝子さん(82)=宜野湾市 米兵にひかれた姉死亡「戦後も戦争」4:00有料#社会・くらし,https://www.okinawatimes.co.jp/articles/-/1902645,https://www.okinawatimes.co.jp/,ok,,
2026-08-15,2026-08-15T06:12:47.518954+09:00,地方紙,沖縄,沖縄タイムス,健康マージャン学び交流 恩納で講座 頭脳スポーツ 中学生から70代楽しむ4:00有料#地域,https://www.okinawatimes.co.jp/articles/-/1902577,https://www.okinawatimes.co.jp/,ok,,
2026-08-15,2026-08-15T06:12:47.518954+09:00,地方紙,沖縄,沖縄タイムス,ラジオ体操普及で評価 国頭桃原モーニング会に府県等表彰 健康と地域交流に一役4:00有料#地域,https://www.okinawatimes.co.jp/articles/-/1902537,https://www.okinawatimes.co.jp/,ok,,
2026-08-15,2026-08-15T06:12:47.518954+09:00,地方紙,沖縄,沖縄タイムス,[全国高校 近畿総体]平良(那覇西)2位 0秒03差 50自25秒57県新 自分信じ泳ぎ切る4:00有料#スポーツ,https://www.okinawatimes.co.jp/articles/-/1902680,https://www.okinawatimes.co.jp/,ok,,
2026-08-15,2026-08-15T06:12:47.518954+09:00,地方紙,沖縄,沖縄タイムス,民間人の死者急増 ウクライナ 迎撃に苦戦 7月437人死亡 最多4:00有料#国際,https://www.okinawatimes.co.jp/articles/-/1902615,https://www.okinawatimes.co.jp/,ok,,
2026-08-15,2026-08-15T06:12:47.518954+09:00,地方紙,沖縄,沖縄タイムス,NY株反落、107ドル安 中東情勢の悪化懸念6:04#全国の経済,https://www.okinawatimes.co.jp/articles/-/1902724,https://www.okinawatimes.co.jp/,ok,,
2026-08-15,2026-08-15T06:12:47.518954+09:00,地方紙,沖縄,沖縄タイムス,車両基地生まれのビール JR東、交流のきっかけに6:03#暮らし・話題,https://www.okinawatimes.co.jp/articles/-/1902723,https://www.okinawatimes.co.jp/,ok,,
2026-08-15,2026-08-15T06:12:47.518954+09:00,地方紙,沖縄,沖縄タイムス,為替相場 15日(日本時間 6時)6:00#為替,https://www.okinawatimes.co.jp/articles/-/1902713,https://www.okinawatimes.co.jp/,ok,,
2026-08-15,2026-08-15T06:12:47.518954+09:00,地方紙,沖縄,沖縄タイムス,親川志奈子 さんがコメント(8月14日 8:30),https://www.okinawatimes.co.jp/articles/-/1901324,https://www.okinawatimes.co.jp/,ok,,
2026-08-15,2026-08-15T06:12:47.518954+09:00,地方紙,沖縄,沖縄タイムス,親川志奈子 さんがコメント(8月14日 7:12),https://www.okinawatimes.co.jp/articles/-/1901143,https://www.okinawatimes.co.jp/,ok,,
2026-08-15,2026-08-15T06:12:47.518954+09:00,その他メディア,,現代ビジネス,"昭和天皇が懇願し、「売国奴の覚悟」で戦争を終わらせた""帝国最後の宰相""...孫娘が語る、「悲壮な決意」とは",https://gendai.media/articles/-/170110,https://news.ceek.jp/search.cgi?category_id=politics&feed=1,ok,,政治
2026-08-15,2026-08-15T06:12:47.518954+09:00,その他メディア,,現代ビジネス,"「終戦時の首相」鈴木貫太郎が死の間際に繰り返した""悲痛な言葉""とは...涙の決断を背負った男の「秘められた本音」",https://gendai.media/articles/-/170126,https://news.ceek.jp/search.cgi?category_id=politics&feed=1,ok,,政治
2026-08-15,2026-08-15T06:12:47.518954+09:00,その他メディア,,WEDGE Infinity,あの日、戦争は終わらなかった...終戦81年に知っておきたいサハリンと日ソ戦争、歴史と今を知れる記事5選,https://wedge.ismedia.jp/articles/-/40949,https://news.ceek.jp/search.cgi?category_id=politics&feed=1,ok,,政治
2026-08-15,2026-08-15T06:12:47.518954+09:00,全国紙,全国,産経新聞,高市日誌14日(金),https://www.sankei.com/article/20260815-XXIUSF645BMRNHUFOQOCELFOUI/,https://news.ceek.jp/search.cgi?category_id=politics&feed=1,ok,,政治
2026-08-15,2026-08-15T06:12:47.518954+09:00,全国紙,全国,読売新聞,終戦記念日 各党が談話,https://www.yomiuri.co.jp/politics/20260814-GYT1T00412/,https://news.ceek.jp/search.cgi?category_id=politics&feed=1,ok,,政治
2026-08-15,2026-08-15T06:12:47.518954+09:00,全国紙,全国,読売新聞,高市首相の一日(14日),https://www.yomiuri.co.jp/politics/20260815-GYT1T00030/,https://news.ceek.jp/search.cgi?category_id=politics&feed=1,ok,,政治
2026-08-15,2026-08-15T06:12:47.518954+09:00,全国紙,全国,読売新聞,[政策点検 高市政権]<7>対外国人 「秩序」前面に...「もっと厳しく」規制暗礁も,https://www.yomiuri.co.jp/politics/20260814-GYT1T00415/,https://news.ceek.jp/search.cgi?category_id=politics&feed=1,ok,,政治
2026-08-15,2026-08-15T06:12:47.518954+09:00,全国紙,全国,読売新聞,消費税減税と新たな給付制度創設、法案一本化へ政府調整...「1%は暫定」強調,https://www.yomiuri.co.jp/politics/20260814-GYT1T00380/,https://news.ceek.jp/search.cgi?category_id=politics&feed=1,ok,,政治
2026-08-15,2026-08-15T06:12:47.518954+09:00,全国紙,全国,読売新聞,立民 財政難に直面...政党交付金急減 存続なら党運営に支障も,https://www.yomiuri.co.jp/politics/20260814-GYT1T00413/,https://news.ceek.jp/search.cgi?category_id=politics&feed=1,ok,,政治
2026-08-15,2026-08-15T06:12:47.518954+09:00,全国紙,全国,毎日新聞,首相日々 14日,https://mainichi.jp/articles/20260815/ddm/002/010/108000c,https://news.ceek.jp/search.cgi?category_id=politics&feed=1,ok,,政治
2026-08-15,2026-08-15T06:12:47.518954+09:00,全国紙,全国,産経新聞,中国が北方領土でロシア寄りの立場示す 「第2次大戦の成果尊重を」と外務省,https://www.sankei.com/article/20260815-NKLL4BH5OZMMJHC3PBXHMMUSBU/,https://news.ceek.jp/search.cgi?category_id=politics&feed=1,ok,,政治
2026-08-15,2026-08-15T06:12:47.518954+09:00,その他メディア,,時事通信,終戦記念日で与野党談話,https://www.jiji.com/jc/article?k=2026081500003&g=pol,https://news.ceek.jp/search.cgi?category_id=politics&feed=1,ok,,政治
2026-08-15,2026-08-15T06:12:47.518954+09:00,全国紙,全国,産経新聞,終戦81年で各党が談話 自民「歴史の教訓胸に揺るがぬ安保」 中道「厳格な専守防衛」,https://www.sankei.com/article/20260815-433KZ4H2UBPSZGBNOHPPDB34DI/,https://news.ceek.jp/search.cgi?category_id=politics&feed=1,ok,,政治
2026-08-15,2026-08-15T06:12:47.518954+09:00,全国紙,全国,日本経済新聞,81回目の終戦の日、各党が談話,https://www.nikkei.com/article/DGXZQOUA141KJ0U6A810C2000000/,https://news.ceek.jp/search.cgi?category_id=politics&feed=1,ok,,政治
2026-08-15,2026-08-15T06:12:47.518954+09:00,全国紙,全国,日本経済新聞,14日の高市首相の動静,https://www.nikkei.com/article/DGXZQOUA140X70U6A810C2000000/,https://news.ceek.jp/search.cgi?category_id=politics&feed=1,ok,,政治
2026-08-15,2026-08-15T06:12:47.518954+09:00,その他メディア,,共同通信,【独自】衆院区割り改定、12道府県有力 対象選挙区は数十,https://www.47news.jp/14790775.html,https://news.ceek.jp/search.cgi?category_id=politics&feed=1,ok,,政治
2026-08-15,2026-08-15T06:12:47.518954+09:00,全国紙,全国,産経新聞,高市首相、千葉豪雨の死者に哀悼の意 「危機管理に全力で取り組む」,https://www.sankei.com/article/20260814-WYF3EUBUXRK2LFYWPEIKAJ3JPI/,https://news.ceek.jp/search.cgi?category_id=politics&feed=1,ok,,政治
2026-08-15,2026-08-15T06:12:47.518954+09:00,全国紙,全国,東京新聞,パワハラ問題の山中竹春・横浜市長に辞職申し入れ 自公立3会派「昨夏の選挙で支援した責任がある」,https://www.tokyo-np.co.jp/article/508694,https://news.ceek.jp/search.cgi?category_id=politics&feed=1,ok,,政治
2026-08-15,2026-08-15T06:12:47.518954+09:00,その他メディア,,フジテレビ,終戦の日 自民・鈴木幹事長ら党幹部が揃って靖国参拝へ 高市総理は見送る方向 小林政調会長は地元・千葉の豪雨被害で取りやめへ,https://www.fnn.jp/articles/-/1094992,https://news.ceek.jp/search.cgi?category_id=politics&feed=1,ok,,政治
2026-08-15,2026-08-15T06:12:47.518954+09:00,全国紙,全国,東京新聞,高市首相「国会審議の重要性は十分に認識」... 7月27日会見で指名なかったメディアに書面で回答,https://www.tokyo-np.co.jp/article/508693,https://news.ceek.jp/search.cgi?category_id=politics&feed=1,ok,,政治
2026-08-15,2026-08-15T06:12:47.518954+09:00,全国紙,全国,毎日新聞,横浜市長のパワハラ問題 市議会3会派が辞職要求「信頼感ない」,https://mainichi.jp/articles/20260814/k00/00m/010/336000c,https://news.ceek.jp/search.cgi?category_id=politics&feed=1,ok,,政治
2026-08-15,2026-08-15T06:12:47.518954+09:00,その他メディア,,日本テレビ,「AI搭載無人潜水機」導入へ 防衛3文書にも盛り込む方針,https://news.ntv.co.jp/category/politics/13db3a924ca24a32904f7953b3c75b82,https://news.ceek.jp/search.cgi?category_id=politics&feed=1,ok,,政治
2026-08-15,2026-08-15T06:12:47.518954+09:00,全国紙,全国,産経新聞,中露駐日大使が共同で第二次大戦勝利の「成果」擁護を主張 日本念頭に「軍国主義」批判,https://www.sankei.com/article/20260814-U63OH5KT7BLAHIUJVJU6QLKF5Y/,https://news.ceek.jp/search.cgi?category_id=politics&feed=1,ok,,政治
2026-08-15,2026-08-15T06:12:47.518954+09:00,全国紙,全国,日本経済新聞,公明党、合流協議への影響配慮 沖縄知事選の「県本部」推薦,https://www.nikkei.com/article/DGXZQOUA1453Q0U6A810C2000000/,https://news.ceek.jp/search.cgi?category_id=politics&feed=1,ok,,政治
2026-08-15,2026-08-15T06:12:47.518954+09:00,全国紙,全国,日本経済新聞,高市首相、物価高対策をXで「5連投」 補正予算など実績アピール,https://www.nikkei.com/article/DGXZQOUA147LS0U6A810C2000000/,https://news.ceek.jp/search.cgi?category_id=politics&feed=1,ok,,政治
2026-08-15,2026-08-15T06:12:47.518954+09:00,全国紙,全国,朝日新聞,【社説】戦後81年と日本の平和 理想と現実の接点を求めて,https://www.asahi.com/articles/ASV8D14JQV8DUSPT009M.html,https://news.ceek.jp/search.cgi?category_id=politics&feed=1,ok,,政治
2026-08-15,2026-08-15T06:12:47.518954+09:00,全国紙,全国,朝日新聞,横浜市長に自民など3会派が辞職求める 不信任決議案提出も視野に,https://www.asahi.com/articles/ASV8G3274V8GULOB00HM.html,https://news.ceek.jp/search.cgi?category_id=politics&feed=1,ok,,政治
2026-08-15,2026-08-15T06:12:47.518954+09:00,全国紙,全国,日本経済新聞,国民民主代表選「玉木氏頼み」の党運営問う 若手の橋本氏と一騎打ち,https://www.nikkei.com/article/DGXZQOUA143MH0U6A810C2000000/,https://news.ceek.jp/search.cgi?category_id=politics&feed=1,ok,,政治
2026-08-15,2026-08-15T06:12:47.518954+09:00,全国紙,全国,毎日新聞,自民党幹部、靖国神社への集団参拝を調整 高市首相は見送りか,https://mainichi.jp/articles/20260814/k00/00m/010/281000c,https://news.ceek.jp/search.cgi?category_id=politics&feed=1,ok,,政治
2026-08-15,2026-08-15T06:12:47.518954+09:00,その他メディア,,デイリースポーツ,首相、物価高対策巡り反論,https://www.daily.co.jp/society/politics/2026/08/14/0020705975.shtml,https://news.ceek.jp/search.cgi?category_id=politics&feed=1,ok,,政治
2026-08-15,2026-08-15T06:12:47.518954+09:00,その他メディア,,共同通信,首相、物価高対策巡り反論 Xに5連投、家計支援説明,https://www.47news.jp/14790321.html,https://news.ceek.jp/search.cgi?category_id=politics&feed=1,ok,,政治
2026-08-15,2026-08-15T06:12:47.518954+09:00,その他メディア,,日本テレビ,"終戦の日に自民党幹部がそろって靖国参拝へ 就任前“国のトップでもずっと参拝""に意欲も...高市首相の最終判断は【解説】",https://news.ntv.co.jp/category/politics/082e5f33923743479e00e044cffd5a8c,https://news.ceek.jp/search.cgi?category_id=politics&feed=1,ok,,政治
2026-08-15,2026-08-15T06:12:47.518954+09:00,その他メディア,,フジテレビ,「バスローブ姿でたばこ」の秋田県職員 「体調悪く自宅で寝間着」はウソ 妻でない女性とラブホテルと判明 停職6カ月・2段階降格,https://www.fnn.jp/articles/-/1094813,https://news.ceek.jp/search.cgi?category_id=politics&feed=1,ok,,政治
2026-08-15,2026-08-15T06:12:47.518954+09:00,全国紙,全国,朝日新聞,福岡県議会の副議長選に緊張感 水面下の調整一変、異例の名乗りも,https://www.asahi.com/articles/ASV8G2T9YV8GTIPE007M.html,https://news.ceek.jp/search.cgi?category_id=politics&feed=1,ok,,政治
2026-08-15,2026-08-15T06:12:47.518954+09:00,全国紙,全国,日本経済新聞,睡眠時間の確保「生産性高い仕事に重要」 高市首相、自身の投稿巡り,https://www.nikkei.com/article/DGXZQOUA146PR0U6A810C2000000/,https://news.ceek.jp/search.cgi?category_id=politics&feed=1,ok,,政治
2026-08-15,2026-08-15T06:12:47.518954+09:00,その他メディア,,共同通信,所得倍増、辺野古は容認 沖縄知事選で元那覇副市長,https://www.47news.jp/14789972.html,https://news.ceek.jp/search.cgi?category_id=politics&feed=1,ok,,政治
2026-08-15,2026-08-15T06:12:47.518954+09:00,全国紙,全国,読売新聞,高市首相、物価高対策批判に対しXに反論5件連続投稿...「ファクトで見てみよう」,https://www.yomiuri.co.jp/politics/20260814-GYT1T00222/,https://news.ceek.jp/search.cgi?category_id=politics&feed=1,ok,,政治
2026-08-15,2026-08-15T06:12:47.518954+09:00,その他メディア,,Abema TIMES,"“パワハラ認定""横浜市長に 辞職要求・不信任決議案の動き",https://times.abema.tv/articles/-/10267185?page=1,https://news.ceek.jp/search.cgi?category_id=politics&feed=1,ok,,政治
2026-08-15,2026-08-15T06:12:47.518954+09:00,その他メディア,,フジテレビ,"「ワンへルスの森」ツアー参加者に“謝礼3万3000円"" 知事の“事業凍結""宣言前から...県がHPで募集 “金銭授受""疑惑告発の吉松県議は蔵内氏の議長職辞職勧告決議案を提出 福岡",https://www.fnn.jp/articles/-/1094825,https://news.ceek.jp/search.cgi?category_id=politics&feed=1,ok,,政治
2026-08-15,2026-08-15T06:12:47.518954+09:00,その他メディア,,共同通信,7道府県が副首都検討 首都機能代替地域は4県,https://www.47news.jp/14790108.html,https://news.ceek.jp/search.cgi?category_id=politics&feed=1,ok,,政治
2026-08-15,2026-08-15T06:12:47.518954+09:00,その他メディア,,日本テレビ,終戦の日 自民党幹部ら靖国参拝へ...小林政調会長は不参加の見通し 高市首相の最終判断は直前か,https://news.ntv.co.jp/category/politics/272730f690ba46cc8b5f0f1aae074903,https://news.ceek.jp/search.cgi?category_id=politics&feed=1,ok,,政治
2026-08-15,2026-08-15T06:12:47.518954+09:00,全国紙,全国,毎日新聞,茂木外相、中東歴訪へ ホルムズ海峡の無料通航継続へ機運醸成,https://mainichi.jp/articles/20260814/k00/00m/010/241000c,https://news.ceek.jp/search.cgi?category_id=politics&feed=1,ok,,政治
2026-08-15,2026-08-15T06:12:47.518954+09:00,全国紙,全国,産経新聞,10年で所得倍増、鉄軌道地下区間は「一時避難施設」に 沖縄県知事選、古謝氏が政策発表,https://www.sankei.com/article/20260814-SYHHNSLH2ZMRNDVTY3OR5L6B6Y/,https://news.ceek.jp/search.cgi?category_id=politics&feed=1,ok,,政治
2026-08-15,2026-08-15T06:12:47.518954+09:00,その他メディア,,共同通信,自民幹部、靖国参拝を検討 終戦の日にそろっては異例,https://www.47news.jp/14789976.html,https://news.ceek.jp/search.cgi?category_id=politics&feed=1,ok,,政治
2026-08-15,2026-08-15T06:12:47.518954+09:00,その他メディア,,デイリースポーツ,所得倍増、辺野古は容認,https://www.daily.co.jp/society/politics/2026/08/14/0020705582.shtml,https://news.ceek.jp/search.cgi?category_id=politics&feed=1,ok,,政治
2026-08-15,2026-08-15T06:12:47.518954+09:00,その他メディア,,デイリースポーツ,自民幹部、靖国参拝を検討,https://www.daily.co.jp/society/politics/2026/08/14/0020705585.shtml,https://news.ceek.jp/search.cgi?category_id=politics&feed=1,ok,,政治
2026-08-15,2026-08-15T06:12:47.518954+09:00,その他メディア,,フジテレビ,政府が情報連絡室を設置 熊本・阿蘇山の噴火警戒レベル引き上げで,https://www.fnn.jp/articles/-/1094766,https://news.ceek.jp/search.cgi?category_id=politics&feed=1,ok,,政治
2026-08-15,2026-08-15T06:12:47.518954+09:00,全国紙,全国,日本経済新聞,小泉防衛相、オーストラリア・インド訪問へ 護衛艦共同開発で協議,https://www.nikkei.com/article/DGXZQOUA1465T0U6A810C2000000/,https://news.ceek.jp/search.cgi?category_id=politics&feed=1,ok,,政治
2026-08-15,2026-08-15T06:12:47.518954+09:00,その他メディア,,共同通信,【速報】自民幹部、そろって靖国神社参拝を検討,https://www.47news.jp/14789765.html,https://news.ceek.jp/search.cgi?category_id=politics&feed=1,ok,,政治
2026-08-15,2026-08-15T06:12:47.518954+09:00,その他メディア,,フジテレビ,元NHKアナウンサーの牛田茉友議員インタビュー「誰もが『当たり前の暮らし』を」 取材経験「役立っている」【永田町バトン3選】,https://www.fnn.jp/articles/-/1094735,https://news.ceek.jp/search.cgi?category_id=politics&feed=1,ok,,政治
2026-08-15,2026-08-15T06:12:47.518954+09:00,その他メディア,,日本テレビ,熊本・阿蘇山の噴火警戒レベル引き上げ受け 政府、情報連絡室設置,https://news.ntv.co.jp/category/politics/c9ddf522c7e9467b891b276bd3da8e87,https://news.ceek.jp/search.cgi?category_id=politics&feed=1,ok,,政治
2026-08-15,2026-08-15T06:12:47.518954+09:00,その他メディア,,共同通信,【速報】政府、阿蘇山警戒レベル引き上げで連絡室,https://www.47news.jp/14789603.html,https://news.ceek.jp/search.cgi?category_id=politics&feed=1,ok,,政治
2026-08-15,2026-08-15T06:12:47.518954+09:00,全国紙,全国,日本経済新聞,消費税減税の審議、公明幹事長「3党で対案」 中道・立民と連携,https://www.nikkei.com/article/DGXZQOUA143IT0U6A810C2000000/,https://news.ceek.jp/search.cgi?category_id=politics&feed=1,ok,,政治
2026-08-15,2026-08-15T06:12:47.518954+09:00,その他メディア,,デイリースポーツ,国民代表選、159ポイント争う,https://www.daily.co.jp/society/politics/2026/08/14/0020705316.shtml,https://news.ceek.jp/search.cgi?category_id=politics&feed=1,ok,,政治
2026-08-15,2026-08-15T06:12:47.518954+09:00,その他メディア,,Abema TIMES,"「はぁ」パワハラ認定の山中市長が会見で「大きなため息」 “涙""の理由も説明",https://times.abema.tv/articles/-/10267169?page=1,https://news.ceek.jp/search.cgi?category_id=politics&feed=1,ok,,政治
2026-08-15,2026-08-15T06:12:47.518954+09:00,全国紙,全国,日本経済新聞,政府、ロシアへの対抗措置を検討 プーチン大統領の択捉島訪問で,https://www.nikkei.com/article/DGXZQOUA143Q50U6A810C2000000/,https://news.ceek.jp/search.cgi?category_id=politics&feed=1,ok,,政治
2026-08-15,2026-08-15T06:12:47.518954+09:00,その他メディア,,共同通信,国民代表選、159ポイント争う 地方、党員票が3分の2,https://www.47news.jp/14789559.html,https://news.ceek.jp/search.cgi?category_id=politics&feed=1,ok,,政治
2026-08-15,2026-08-15T06:12:47.518954+09:00,その他メディア,,しんぶん赤旗,2026熊本地震 炊き出しでほっと ボランティア「できること何でも」 高校生が飛び入り「力になりたい」,https://www.jcp.or.jp/akahata/aik26/2026-08-14/2026081408_02_0.php,https://news.ceek.jp/search.cgi?category_id=politics&feed=1,ok,,政治
2026-08-15,2026-08-15T06:12:47.518954+09:00,その他メディア,,フジテレビ,高市総理「各自治体と連携し危機管理に全力」 千葉県の記録的大雨 被害者に「心からお見舞い」 自身のXを更新,https://www.fnn.jp/articles/-/1094661,https://news.ceek.jp/search.cgi?category_id=politics&feed=1,ok,,政治
2026-08-15,2026-08-15T06:12:47.518954+09:00,全国紙,全国,日本経済新聞,終戦の日、歴代の首相式辞が映す歴史観 「村山談話」など契機に,https://www.nikkei.com/article/DGXZQOUA031J10T00C26A8000000/,https://news.ceek.jp/search.cgi?category_id=politics&feed=1,ok,,政治
2026-08-15,2026-08-15T06:12:47.518954+09:00,その他メディア,,テレビ朝日,沖縄県知事選 公明党は新人古謝氏を推薦 合流協議続ける立憲と対応分かれる,https://news.tv-asahi.co.jp/news_politics/articles/000526256.html,https://news.ceek.jp/search.cgi?category_id=politics&feed=1,ok,,政治
2026-08-15,2026-08-15T06:12:47.518954+09:00,全国紙,全国,産経新聞,「玄関」を開く副首都構想に,https://www.sankei.com/article/20260814-HBZ4AEHPPZMFLOLPZUBYTKZ5K4/,https://news.ceek.jp/search.cgi?category_id=politics&feed=1,ok,,政治
2026-08-15,2026-08-15T06:12:47.518954+09:00,全国紙,全国,毎日新聞,福岡県議会「ドン」への辞職勧告決議案を提出へ 金銭授受疑惑,https://mainichi.jp/articles/20260814/k00/00m/010/097000c,https://news.ceek.jp/search.cgi?category_id=politics&feed=1,ok,,政治
2026-08-15,2026-08-15T06:12:47.518954+09:00,全国紙,全国,日本経済新聞,茂木外相、サウジアラビア・オマーンを訪問 インフラ復興支援表明へ,https://www.nikkei.com/article/DGXZQOUA1426S0U6A810C2000000/,https://news.ceek.jp/search.cgi?category_id=politics&feed=1,ok,,政治
2026-08-15,2026-08-15T06:12:47.518954+09:00,その他メディア,,共同通信,ロシアに対抗措置検討 政府、制裁強化浮上か,https://www.47news.jp/14788663.html,https://news.ceek.jp/search.cgi?category_id=politics&feed=1,ok,,政治
2026-08-15,2026-08-15T06:12:47.518954+09:00,その他メディア,,共同通信,【速報】ロシアに対抗措置検討と外務省幹部,https://www.47news.jp/14788420.html,https://news.ceek.jp/search.cgi?category_id=politics&feed=1,ok,,政治
2026-08-15,2026-08-15T06:12:47.518954+09:00,全国紙,全国,産経新聞,石破氏、高市首相に呼応する若手「数を頼んで...違和感」 減税慎重派へ「一緒にやろうよ」,https://www.sankei.com/article/20260814-2TOHCYMB5JGKJNOV5537OD5BRA/,https://news.ceek.jp/search.cgi?category_id=politics&feed=1,ok,,政治
2026-08-15,2026-08-15T06:12:47.518954+09:00,全国紙,全国,産経新聞,クロマグロ交渉18日にオンラインで再開 メキシコが態度一転、水産庁は漁獲枠拡大目指す,https://www.sankei.com/article/20260814-WYA4CIIUAJNNHMHSOCA2COH7CI/,https://news.ceek.jp/search.cgi?category_id=politics&feed=1,ok,,政治
2026-08-15,2026-08-15T06:12:47.518954+09:00,全国紙,全国,産経新聞,茂木外相、サウジアラビアとオマーン訪問へ ホルムズ海峡の安全な航行確保で連携へ,https://www.sankei.com/article/20260814-GDWA5JLILBKI5GZAQZVPHYTJ4M/,https://news.ceek.jp/search.cgi?category_id=politics&feed=1,ok,,政治
2026-08-15,2026-08-15T06:12:47.518954+09:00,その他メディア,,共同通信,【速報】茨城の避難指示解除,https://www.47news.jp/14788204.html,https://news.ceek.jp/search.cgi?category_id=politics&feed=1,ok,,政治
2026-08-15,2026-08-15T06:12:47.518954+09:00,その他メディア,,共同通信,茂木氏、中東2カ国訪問へ ホルムズ安全確保で連携,https://www.47news.jp/14788038.html,https://news.ceek.jp/search.cgi?category_id=politics&feed=1,ok,,政治
2026-08-15,2026-08-15T06:12:47.518954+09:00,その他メディア,,デイリースポーツ,茂木氏、中東2カ国訪問へ,https://www.daily.co.jp/society/politics/2026/08/14/0020704492.shtml,https://news.ceek.jp/search.cgi?category_id=politics&feed=1,ok,,政治
2026-08-15,2026-08-15T06:12:47.518954+09:00,その他メディア,,アサ芸プラス,「日本侵略ターゲット説」を現実的にする「プーチン北方領土上陸と北朝鮮ミサイル発射」不気味な連動,https://www.asagei.com/excerpt/349087,https://news.ceek.jp/search.cgi?category_id=politics&feed=1,ok,,政治
2026-08-15,2026-08-15T06:12:47.518954+09:00,その他メディア,,共同通信,【速報】茂木外相、17日から中東2カ国訪問へ,https://www.47news.jp/14787958.html,https://news.ceek.jp/search.cgi?category_id=politics&feed=1,ok,,政治
2026-08-15,2026-08-15T06:12:47.518954+09:00,その他メディア,,フジテレビ,"蔵内議長の「辞職勧告決議案」提出へ “金銭授受""疑惑を告発した吉松県議 17日の臨時議会で 福岡県議会",https://www.fnn.jp/articles/-/1094560,https://news.ceek.jp/search.cgi?category_id=politics&feed=1,ok,,政治
2026-08-15,2026-08-15T06:12:47.518954+09:00,その他メディア,,Abema TIMES,千葉・熊谷知事「かつて経験したことのない集中豪雨」記録的短時間大雨が25回発表 大網白里市の大規模冠水「人命救助を最優先に」,https://times.abema.tv/articles/-/10267065?page=1,https://news.ceek.jp/search.cgi?category_id=politics&feed=1,ok,,政治
2026-08-15,2026-08-15T06:12:47.518954+09:00,全国紙,全国,産経新聞,超党派議連で「立場の違いは乗り越えられる」維新・中司宏幹事長が語る〝責務の果たし方〟,https://www.sankei.com/article/20260814-N7LDKH2AUVIMRB3HWPGQFEL26A/,https://news.ceek.jp/search.cgi?category_id=politics&feed=1,ok,,政治
2026-08-15,2026-08-15T06:12:47.518954+09:00,全国紙,全国,朝日新聞,敗戦を見通していた重光葵 「大東亜共同宣言」の狙いは何だったか,https://www.asahi.com/articles/ASV8D1C2RV8DDIFI01BM.html,https://news.ceek.jp/search.cgi?category_id=politics&feed=1,ok,,政治
2026-08-15,2026-08-15T06:12:47.518954+09:00,全国紙,全国,日本経済新聞,NY債券、長期債反落 10年債利回り4.69% 原油高や日欧金利上昇で,https://www.nikkei.com/article/DGXZQOFL149FT0U6A810C2000000/,https://news.ceek.jp/search.cgi?category_id=business&feed=1,ok,,経済
2026-08-15,2026-08-15T06:12:47.518954+09:00,その他メディア,,デイリースポーツ,NY株反落、107ドル安,https://www.daily.co.jp/society/economics/2026/08/15/0020707916.shtml,https://news.ceek.jp/search.cgi?category_id=business&feed=1,ok,,経済
2026-08-15,2026-08-15T06:12:47.518954+09:00,その他メディア,,日刊工業新聞,タングステン需給逼迫...使用済み超硬工具、国内還流を促せ,https://newswitch.jp/p/49988,https://news.ceek.jp/search.cgi?category_id=business&feed=1,ok,,経済
2026-08-15,2026-08-15T06:12:47.518954+09:00,その他メディア,,日刊工業新聞,リチウム電池軽量化...東レが開発、新フィルムが満たす4つの性能,https://newswitch.jp/p/49990,https://news.ceek.jp/search.cgi?category_id=business&feed=1,ok,,経済
2026-08-15,2026-08-15T06:12:47.518954+09:00,その他メディア,,日刊工業新聞,キャパ超える受注で赤字に...公共工事で業容拡大した土木業者の倒産劇,https://newswitch.jp/p/49999,https://news.ceek.jp/search.cgi?category_id=business&feed=1,ok,,経済
2026-08-15,2026-08-15T06:12:47.518954+09:00,その他メディア,,ハーバード・ビジネス・レビュー,AIが組織にもたらす「知識の劣化」にリーダーはどう対応すべきか,https://dhbr.diamond.jp/articles/-/14289,https://news.ceek.jp/search.cgi?category_id=business&feed=1,ok,,経済
2026-08-15,2026-08-15T06:12:47.518954+09:00,その他メディア,,フジテレビ,"コンビニ“増量""なぜ人気?「得したい」より「損したくない」の心理学 背景に「大食いより節約志向」専門家が紐解く",https://www.fnn.jp/articles/-/1095009,https://news.ceek.jp/search.cgi?category_id=business&feed=1,ok,,経済
2026-08-15,2026-08-15T06:12:47.518954+09:00,その他メディア,,JBpress,『イノベーションのジレンマ』で考える、顧客の声は「救い」か「呪い」か産業構造を激変させる「7つの因果律」と成功の復讐に見舞われない方法とは?,https://jbpress.ismedia.jp/articles/-/77333,https://news.ceek.jp/search.cgi?category_id=business&feed=1,ok,,経済
2026-08-15,2026-08-15T06:12:47.518954+09:00,その他メディア,,JBpress,シベリア抑留の日本兵に台湾出身者がいた...台湾の監督が歴史上消された当事者と家族の物語を掘り起こしたワケドキュメンタリー映画『零下五十度の抑留者』の許明淳監督に聞く,https://jbpress.ismedia.jp/articles/-/96374,https://news.ceek.jp/search.cgi?category_id=business&feed=1,ok,,経済
2026-08-15,2026-08-15T06:12:47.518954+09:00,その他メディア,,JBpress,乗り鉄にはハードルが高いが価値あり、1日わずか3往復、三段式スイッチバックで標高差162mを駆け上がる木次線の旅大人の鉄道旅(20),https://jbpress.ismedia.jp/articles/-/96431,https://news.ceek.jp/search.cgi?category_id=business&feed=1,ok,,経済
2026-08-15,2026-08-15T06:12:47.518954+09:00,その他メディア,,JBpress,売り上げ15%増・決済コストは半減、米老舗ファストフードがビットコイン決済を選んだ経営上の理由【ビットコイン研究所リポート】全米約400店でビットコインを導入したSteak 'n Shake、「投機」ではなく経営戦略,https://jbpress.ismedia.jp/articles/-/96445,https://news.ceek.jp/search.cgi?category_id=business&feed=1,ok,,経済
2026-08-15,2026-08-15T06:12:47.518954+09:00,その他メディア,,TBSテレビ,コメ平均価格5キロ3220円 7週ぶりに値上がりも最高値から1200円近く値下がり,https://newsdig.tbs.co.jp/articles/-/2874080?display=1,https://news.ceek.jp/search.cgi?category_id=business&feed=1,ok,,経済
2026-08-15,2026-08-15T06:12:47.518954+09:00,その他メディア,,JBpress,"カラコンもプロテインも実はトップシェア “ものづくりの素人""ならではの「ドンキっぽいマーケットイン」とは",https://jbpress.ismedia.jp/articles/-/95471,https://news.ceek.jp/search.cgi?category_id=business&feed=1,ok,,経済
2026-08-15,2026-08-15T06:12:47.518954+09:00,全国紙,全国,日本経済新聞,米国株、ダウ反落し107ドル安 市場予想下回る経済指標で ナスダックも反落,https://www.nikkei.com/article/DGXZQOFL14A0F0U6A810C2000000/,https://news.ceek.jp/search.cgi?category_id=business&feed=1,ok,,経済
2026-08-15,2026-08-15T06:12:47.518954+09:00,全国紙,全国,読売新聞,NYダウ終値、107ドル安の5万3732ドル...2日ぶり値下がり,https://www.yomiuri.co.jp/economy/20260815-GYT1T00042/,https://news.ceek.jp/search.cgi?category_id=business&feed=1,ok,,経済
2026-08-15,2026-08-15T06:12:47.518954+09:00,全国紙,全国,日本経済新聞,NYダウ、反落し107ドル安 低調な経済指標や中東の不透明感で,https://www.nikkei.com/article/DGXZQOFL1500K0V10C26A8000000/,https://news.ceek.jp/search.cgi?category_id=business&feed=1,ok,,経済
2026-08-15,2026-08-15T06:12:47.518954+09:00,全国紙,全国,日本経済新聞,メキシコペソ、2年ぶり16ペソ台に上昇 金利差縮小の機運が後退,https://www.nikkei.com/article/DGXZQOGN149W20U6A810C2000000/,https://news.ceek.jp/search.cgi?category_id=business&feed=1,ok,,経済
2026-08-15,2026-08-15T06:12:47.518954+09:00,その他メディア,,東洋経済オンライン,「日本に好感」95%のシンガポール、なぜ「昭南島」の深い傷を抱えながら世界屈指の親日国になったのか | ビジネス,https://toyokeizai.net/articles/-/954862,https://news.ceek.jp/search.cgi?category_id=business&feed=1,ok,,経済
2026-08-15,2026-08-15T06:12:47.518954+09:00,その他メディア,,デイリースポーツ,NY原油反発、終値82ドル台,https://www.daily.co.jp/society/economics/2026/08/15/0020707892.shtml,https://news.ceek.jp/search.cgi?category_id=business&feed=1,ok,,経済
2026-08-15,2026-08-15T06:12:47.518954+09:00,全国紙,全国,日本経済新聞,日本株ADR14日、高安まちまち ソニー上昇 野村は下落,https://www.nikkei.com/article/DGXZQOFL149FA0U6A810C2000000/,https://news.ceek.jp/search.cgi?category_id=business&feed=1,ok,,経済
2026-08-15,2026-08-15T06:12:47.518954+09:00,全国紙,全国,日本経済新聞,米国株、ダウ反落 低調な経済指標や中東の不透明感で,https://www.nikkei.com/article/DGXZQOFL149IF0U6A810C2000000/,https://news.ceek.jp/search.cgi?category_id=business&feed=1,ok,,経済
2026-08-15,2026-08-15T06:12:47.518954+09:00,その他メディア,,共同通信,為替相場 15日(日本時間 5時),https://www.47news.jp/14791570.html,https://news.ceek.jp/search.cgi?category_id=business&feed=1,ok,,経済
2026-08-15,2026-08-15T06:12:47.518954+09:00,その他メディア,,現代ビジネス,"“群馬県に1店舗""なのにイオンモールを圧倒...!ご当地スーパー「まるおか」に全国から来店者が殺到するワケ",https://gendai.media/articles/-/169801,https://news.ceek.jp/search.cgi?category_id=business&feed=1,ok,,経済
2026-08-15,2026-08-15T06:12:47.518954+09:00,その他メディア,,現代ビジネス,日本全国【最強ご当地スーパー】プロが教えるマストバイ商品を一挙公開/長野「ツルヤ」福岡「ダイキョーバリュー」ほか,https://gendai.media/articles/-/169803,https://news.ceek.jp/search.cgi?category_id=business&feed=1,ok,,経済
2026-08-15,2026-08-15T06:12:47.518954+09:00,その他メディア,,WEDGE Infinity,AI時代にこそ「自由帳」を復活させよう、私を変えた小学校4年生の「自由帳」,https://wedge.ismedia.jp/articles/-/40962,https://news.ceek.jp/search.cgi?category_id=business&feed=1,ok,,経済
2026-08-15,2026-08-15T06:12:47.518954+09:00,全国紙,全国,読売新聞,ドローン関税 米が最大100%...来月から 日本は15%,https://www.yomiuri.co.jp/economy/20260815-GYT1T00031/,https://news.ceek.jp/search.cgi?category_id=business&feed=1,ok,,経済
2026-08-15,2026-08-15T06:12:47.518954+09:00,全国紙,全国,日本経済新聞,栃木・足利市の古印最中 印章モチーフ、しっかりした甘みと重量感,https://www.nikkei.com/article/DGXZQOCC0712C0X00C26A7000000/,https://news.ceek.jp/search.cgi?category_id=business&feed=1,ok,,経済
2026-08-15,2026-08-15T06:12:47.518954+09:00,全国紙,全国,日本経済新聞,住友ベークライト株が最高値接近 世界シェア4割の半導体材料好調、中国に照準,https://www.nikkei.com/article/DGXZQOUB1439N0U6A810C2000000/,https://news.ceek.jp/search.cgi?category_id=business&feed=1,ok,,経済
2026-08-15,2026-08-15T06:12:47.518954+09:00,全国紙,全国,日本経済新聞,著作権使用料、配信・外国利用の徴収に注力 JASRAC新理事長に聞く,https://www.nikkei.com/article/DGXZQOUB294WE0Z20C26A7000000/,https://news.ceek.jp/search.cgi?category_id=business&feed=1,ok,,経済
2026-08-15,2026-08-15T06:12:47.518954+09:00,全国紙,全国,日本経済新聞,イオンモール爆発、「災害に強い」LPガスの誤算 防災拠点の自負崩れる,https://www.nikkei.com/article/DGXZQOUC059K00V00C26A8000000/,https://news.ceek.jp/search.cgi?category_id=business&feed=1,ok,,経済
2026-08-15,2026-08-15T06:12:47.518954+09:00,全国紙,全国,日本経済新聞,中国Kimi、米国モデルと互角の戦い オープン型AIの大攻勢,https://www.nikkei.com/article/DGXZQOUC061OQ0W6A800C2000000/,https://news.ceek.jp/search.cgi?category_id=business&feed=1,ok,,経済
2026-08-15,2026-08-15T06:12:47.518954+09:00,全国紙,全国,日本経済新聞,不動産YouTuber、業界の内情斬る 「買い手が学べば悪徳業者は減る」,https://www.nikkei.com/article/DGXZQOUC134GJ0T10C26A7000000/,https://news.ceek.jp/search.cgi?category_id=business&feed=1,ok,,経済
2026-08-15,2026-08-15T06:12:47.518954+09:00,全国紙,全国,日本経済新聞,ペットと悔いなく別れたい 葬送の費用上昇、「自分が先」にも備え,https://www.nikkei.com/article/DGXZQOUC21A5Y0R20C26A7000000/,https://news.ceek.jp/search.cgi?category_id=business&feed=1,ok,,経済
2026-08-15,2026-08-15T06:12:47.518954+09:00,全国紙,全国,読売新聞,ビール3社 売上高最高...中間期 円安で海外事業増収,https://www.yomiuri.co.jp/economy/20260815-GYT1T00001/,https://news.ceek.jp/search.cgi?category_id=business&feed=1,ok,,経済
2026-08-15,2026-08-15T06:12:47.518954+09:00,全国紙,全国,読売新聞,低軌道衛星 参入の波 スターリンクに対抗...楽天など 通信サービス開始へ,https://www.yomiuri.co.jp/economy/20260815-GYT1T00002/,https://news.ceek.jp/search.cgi?category_id=business&feed=1,ok,,経済
2026-08-15,2026-08-15T06:12:47.518954+09:00,全国紙,全国,読売新聞,[挑む 新トップ2026]データセンター 世界で投資...NTTデータグループ 中山和彦社長 61,https://www.yomiuri.co.jp/economy/20260815-GYT1T00007/,https://news.ceek.jp/search.cgi?category_id=business&feed=1,ok,,経済
2026-08-15,2026-08-15T06:12:47.518954+09:00,全国紙,全国,日本経済新聞,シカゴ大法科大学院長「AI時代の弁護士、人間力を磨け」,https://www.nikkei.com/article/DGXZQOGN149SJ0U6A810C2000000/,https://news.ceek.jp/search.cgi?category_id=business&feed=1,ok,,経済
2026-08-15,2026-08-15T06:12:47.518954+09:00,その他メディア,,日本金融通信,Interview 国広総合法律事務所 國廣正弁護士「不祥事は第三者委員会で徹底的な原因究明を」【金融ジャーナル26年8月号】,https://www.nikkinonline.com/article/415612,https://news.ceek.jp/search.cgi?category_id=business&feed=1,ok,,経済
2026-08-15,2026-08-15T06:12:47.518954+09:00,その他メディア,,日本金融通信,第3回 厳しい人事評価,https://www.nikkinonline.com/article/406799,https://news.ceek.jp/search.cgi?category_id=business&feed=1,ok,,経済
2026-08-15,2026-08-15T06:12:47.518954+09:00,その他メディア,,日本金融通信,MUFG、新興投資の半数と協業 技術やスピード取り込む,https://www.nikkinonline.com/article/414635,https://news.ceek.jp/search.cgi?category_id=business&feed=1,ok,,経済
2026-08-15,2026-08-15T06:12:47.518954+09:00,その他メディア,,日本金融通信,人はなぜ引っかかるのか、特殊詐欺の現状と金融機関の対策 社会全体で防ぐ仕組みを,https://www.nikkinonline.com/article/415135,https://news.ceek.jp/search.cgi?category_id=business&feed=1,ok,,経済
2026-08-15,2026-08-15T06:12:47.518954+09:00,その他メディア,,日本金融通信,百十四銀岡山南支店、高校と企業つなぎ仕事体験 若者の地元就職願い奔走,https://www.nikkinonline.com/article/415010,https://news.ceek.jp/search.cgi?category_id=business&feed=1,ok,,経済
2026-08-15,2026-08-15T06:12:47.518954+09:00,その他メディア,,日本金融通信,一歩先のファンド選び バランス型アクティブの着眼点,https://www.nikkinonline.com/article/415124,https://news.ceek.jp/search.cgi?category_id=business&feed=1,ok,,経済
2026-08-15,2026-08-15T06:12:47.518954+09:00,全国紙,全国,日本経済新聞,日銀利上げ、切り上がる「到達点」 年内あと2回観測も,https://www.nikkei.com/article/DGXZQOFL140RYTU6A810C2000000/,https://news.ceek.jp/search.cgi?category_id=business&feed=1,ok,,経済
2026-08-15,2026-08-15T06:12:47.518954+09:00,その他メディア,,東洋経済オンライン,未知の世界だった「中国の鉄道」、1980年代の記憶 旧満州の「超特急」機関車やシルクロードを行く列車 | ビジネス,https://toyokeizai.net/articles/-/954365?display=b,https://news.ceek.jp/search.cgi?category_id=business&feed=1,ok,,経済
2026-08-15,2026-08-15T06:12:47.518954+09:00,その他メディア,,日本金融通信,ちょっと一言 広島平和記念資料館館長 石田芳文さん,https://www.nikkinonline.com/article/414870,https://news.ceek.jp/search.cgi?category_id=business&feed=1,ok,,経済
2026-08-15,2026-08-15T06:12:47.518954+09:00,全国紙,全国,日本経済新聞,老舗や地方の雄、PBR0.2倍台もごろごろ 最後の割安株,https://www.nikkei.com/article/DGXZQOUB070D80X00C26A8000000/,https://news.ceek.jp/search.cgi?category_id=business&feed=1,ok,,経済
2026-08-15,2026-08-15T06:12:47.518954+09:00,全国紙,全国,日本経済新聞,日経平均、7万円回復をうかがう 円相場は160円が心理的節目,https://www.nikkei.com/article/DGXZQOUB1352K0T10C26A8000000/,https://news.ceek.jp/search.cgi?category_id=business&feed=1,ok,,経済
2026-08-15,2026-08-15T06:12:47.518954+09:00,全国紙,全国,日本経済新聞,遠距離介護、負担抑える 地域支援や休業制度を活用,https://www.nikkei.com/article/DGXZQOUB1073G0Q6A810C2000000/,https://news.ceek.jp/search.cgi?category_id=business&feed=1,ok,,経済
2026-08-15,2026-08-15T06:12:47.518954+09:00,全国紙,全国,日本経済新聞,相続ここが変わる 暦年贈与が不便になり、不動産節税の封じ込めも,https://www.nikkei.com/article/DGXZQOUB134YU0T10C26A8000000/,https://news.ceek.jp/search.cgi?category_id=business&feed=1,ok,,経済
2026-08-15,2026-08-15T06:12:47.518954+09:00,全国紙,全国,日本経済新聞,ドイツ株14日 反発し最高値、ソフトウエア関連に買い,https://www.nikkei.com/article/DGXZQOFL149C80U6A810C2000000/,https://news.ceek.jp/search.cgi?category_id=business&feed=1,ok,,経済
2026-08-15,2026-08-15T06:12:47.518954+09:00,全国紙,全国,日本経済新聞,ロンドン株14日 続落、3週ぶり安値 ヘルスケアや鉱業に売り,https://www.nikkei.com/article/DGXZQOFL149C70U6A810C2000000/,https://news.ceek.jp/search.cgi?category_id=business&feed=1,ok,,経済
2026-08-15,2026-08-15T06:12:47.518954+09:00,その他メディア,,共同通信,為替相場 15日(日本時間 2時),https://www.47news.jp/14786375.html,https://news.ceek.jp/search.cgi?category_id=business&feed=1,ok,,経済
2026-08-15,2026-08-15T06:12:47.518954+09:00,全国紙,全国,日本経済新聞,浜松・三ヶ日の長坂養蜂場、「追いハチミツ」でソフトクリームを堪能,https://www.nikkei.com/article/DGXZQOCC132HJ0T10C26A6000000/,https://news.ceek.jp/search.cgi?category_id=business&feed=1,ok,,経済
2026-08-15,2026-08-15T06:12:47.518954+09:00,全国紙,全国,日本経済新聞,「ひとり出版社」無私の経営で新風 斜め書きなど書籍に新機軸,https://www.nikkei.com/article/DGXZQOCC290R30Z20C26A6000000/,https://news.ceek.jp/search.cgi?category_id=business&feed=1,ok,,経済
2026-08-15,2026-08-15T06:12:47.518954+09:00,全国紙,全国,日本経済新聞,オーストラリア、「犬とヨガ」1時間8600円 通常料金の3倍でも人気,https://www.nikkei.com/article/DGXZQOGM0459L0U6A800C2000000/,https://news.ceek.jp/search.cgi?category_id=business&feed=1,ok,,経済
2026-08-15,2026-08-15T06:12:47.518954+09:00,全国紙,全国,日本経済新聞,「まだ大丈夫」は危険を知らせる「もう」の合図,https://www.nikkei.com/article/DGXZQOSG05ALD0V00C26A8000000/,https://news.ceek.jp/search.cgi?category_id=business&feed=1,ok,,経済
2026-08-15,2026-08-15T06:12:47.518954+09:00,全国紙,全国,日本経済新聞,危険地域運航の原油タンカーの再保険、国が保険金肩代わり 新法検討,https://www.nikkei.com/article/DGXZQOUA141VR0U6A810C2000000/,https://news.ceek.jp/search.cgi?category_id=business&feed=1,ok,,経済
2026-08-15,2026-08-15T06:12:47.518954+09:00,全国紙,全国,日本経済新聞,消費減税、サイは投げられた,https://www.nikkei.com/article/DGXZQOUB07A0F0X00C26A8000000/,https://news.ceek.jp/search.cgi?category_id=business&feed=1,ok,,経済
2026-08-15,2026-08-15T06:12:47.518954+09:00,全国紙,全国,日本経済新聞,プロジェクトを導く人「危険信号は目立たない。兆しをつかめ」,https://www.nikkei.com/article/DGXZQOUC020YE0S6A700C2000000/,https://news.ceek.jp/search.cgi?category_id=business&feed=1,ok,,経済
2026-08-15,2026-08-15T06:12:47.518954+09:00,全国紙,全国,日本経済新聞,西武渋谷、9月末の閉店へカウントダウン 「宇宙兄弟」と完結コラボ,https://www.nikkei.com/article/DGXZQOUC046W80U6A800C2000000/,https://news.ceek.jp/search.cgi?category_id=business&feed=1,ok,,経済
2026-08-15,2026-08-15T06:12:47.518954+09:00,全国紙,全国,日本経済新聞,ヤッホー、水飲まないとこぼれる「U字型ビアグラス」 楽しく適正飲酒,https://www.nikkei.com/article/DGXZQOUC05A200V00C26A8000000/,https://news.ceek.jp/search.cgi?category_id=business&feed=1,ok,,経済
2026-08-15,2026-08-15T06:12:47.518954+09:00,全国紙,全国,日本経済新聞,Siri生んだ研究機関発VC、日本で先端企業を育成 ファンド立ち上げ,https://www.nikkei.com/article/DGXZQOUC070YB0X00C26A8000000/,https://news.ceek.jp/search.cgi?category_id=business&feed=1,ok,,経済
2026-08-15,2026-08-15T06:12:47.518954+09:00,全国紙,全国,日本経済新聞,楽天モバイル「通信網間借り」終了へ迫るXデー 再契約か自己投資か,https://www.nikkei.com/article/DGXZQOUC140OB0U6A810C2000000/,https://news.ceek.jp/search.cgi?category_id=business&feed=1,ok,,経済
2026-08-15,2026-08-15T06:12:47.518954+09:00,全国紙,全国,日本経済新聞,車内環境のAIカスタマイズ、利用意向は日本で3割 先進国で最も低く,https://www.nikkei.com/article/DGXZQOUC3198Z0R30C26A7000000/,https://news.ceek.jp/search.cgi?category_id=business&feed=1,ok,,経済
2026-08-15,2026-08-15T06:12:47.518954+09:00,全国紙,全国,日本経済新聞,たねや旗艦店「LAGO大津」初年度91万人 琵琶湖の森めざし植樹,https://www.nikkei.com/article/DGXZQOUF214RG0R20C26A5000000/,https://news.ceek.jp/search.cgi?category_id=business&feed=1,ok,,経済
2026-08-15,2026-08-15T06:12:47.518954+09:00,全国紙,全国,日本経済新聞,トヨタ航空子会社、「レクサス」ブランドのヘリで空の旅 8月24日開始,https://www.nikkei.com/article/DGXZQOFD314VY0R30C26A7000000/,https://news.ceek.jp/search.cgi?category_id=business&feed=1,ok,,経済
2026-08-15,2026-08-15T06:12:47.518954+09:00,全国紙,全国,日本経済新聞,全国生産の9割、熊本のイ草農家に打撃 「畳表1枚も作れない」,https://www.nikkei.com/article/DGXZQOJC102TK0Q6A810C2000000/,https://news.ceek.jp/search.cgi?category_id=business&feed=1,ok,,経済
2026-08-15,2026-08-15T06:12:47.518954+09:00,全国紙,全国,日本経済新聞,渋谷工業株が上場来高値、受注高や業績の伸びを好感,https://www.nikkei.com/article/DGXZQOCC1466P0U6A810C2000000/,https://news.ceek.jp/search.cgi?category_id=business&feed=1,ok,,経済
2026-08-15,2026-08-15T06:12:47.518954+09:00,全国紙,全国,日本経済新聞,鹿児島―福岡の高速バス、15日に運行再開 九州道全線復旧で,https://www.nikkei.com/article/DGXZQOJC143660U6A810C2000000/,https://news.ceek.jp/search.cgi?category_id=business&feed=1,ok,,経済
2026-08-15,2026-08-15T06:12:47.518954+09:00,全国紙,全国,日本経済新聞,欧州国債概況14日 独10年債利回り上昇、エネルギー高に警戒根強く,https://www.nikkei.com/article/DGXZQOFL149C10U6A810C2000000/,https://news.ceek.jp/search.cgi?category_id=business&feed=1,ok,,経済
2026-08-15,2026-08-15T06:12:47.518954+09:00,その他メディア,,フジテレビ,熊本地震で観光業に大打撃 「にぎわうことが一番の願い」,https://www.fnn.jp/articles/-/1095029,https://news.ceek.jp/search.cgi?category_id=business&feed=1,ok,,経済
2026-08-15,2026-08-15T06:12:47.518954+09:00,全国紙,全国,日本経済新聞,ロンドン外為14日 ユーロ、対ドルで一時2カ月ぶり高値 米利上げ観測後退で,https://www.nikkei.com/article/DGXZQOFL149BX0U6A810C2000000/,https://news.ceek.jp/search.cgi?category_id=business&feed=1,ok,,経済
2026-08-15,2026-08-15T06:12:47.518954+09:00,その他メディア,,フジテレビ,アパレル企業発リカバリーウェア 2030年に1700億円市場へ,https://www.fnn.jp/articles/-/1095026,https://news.ceek.jp/search.cgi?category_id=business&feed=1,ok,,経済
2026-08-15,2026-08-15T06:12:47.518954+09:00,その他メディア,,フジテレビ,営業再開へ動き加速 千葉豪雨 小売など休業相次ぐ,https://www.fnn.jp/articles/-/1095023,https://news.ceek.jp/search.cgi?category_id=business&feed=1,ok,,経済
2026-08-15,2026-08-15T06:12:47.518954+09:00,その他メディア,,週刊エコノミスト,"香港“埋め立てゼロ""視野にリサイクル5カ年計画 越川剛",https://weekly-economist.mainichi.jp/articles/20260901/se1/00m/020/059000c,https://news.ceek.jp/search.cgi?category_id=business&feed=1,ok,,経済
2026-08-15,2026-08-15T06:12:47.518954+09:00,その他メディア,,週刊エコノミスト,今秋シドニー西郊に第2空港 当面は閑古鳥が鳴く? 守屋太郎,https://weekly-economist.mainichi.jp/articles/20260901/se1/00m/020/060000c,https://news.ceek.jp/search.cgi?category_id=business&feed=1,ok,,経済
2026-08-15,2026-08-15T06:12:47.518954+09:00,全国紙,全国,日本経済新聞,東京ガスなど3社、千葉県の都市ガス復旧へ応援700人を派遣,https://www.nikkei.com/article/DGXZQOUC1499B0U6A810C2000000/,https://news.ceek.jp/search.cgi?category_id=business&feed=1,ok,,経済
2026-08-15,2026-08-15T06:12:47.518954+09:00,全国紙,全国,日本経済新聞,NYダウ、一進一退で始まる 半導体メモリーには買い,https://www.nikkei.com/article/DGXZQOFL149G80U6A810C2000000/,https://news.ceek.jp/search.cgi?category_id=business&feed=1,ok,,経済
2026-08-15,2026-08-15T06:12:47.518954+09:00,全国紙,全国,日本経済新聞,米国株、ダウ一進一退で始まる 半導体メモリーには買い,https://www.nikkei.com/article/DGXZQOFL149460U6A810C2000000/,https://news.ceek.jp/search.cgi?category_id=business&feed=1,ok,,経済
2026-08-15,2026-08-15T06:12:47.518954+09:00,その他メディア,,デイリースポーツ,NY株、小動きで始まる,https://www.daily.co.jp/society/economics/2026/08/14/0020707064.shtml,https://news.ceek.jp/search.cgi?category_id=business&feed=1,ok,,経済
2026-08-15,2026-08-15T06:12:47.518954+09:00,その他メディア,,テレビ東京,キュウリやトマト...夏野菜が高騰!農家を救う「0°C保存」新冷蔵技術とは:ガイアの夜明け,https://www.tv-tokyo.co.jp/plus/business/entry/202608/19784.html,https://news.ceek.jp/search.cgi?category_id=business&feed=1,ok,,経済
2026-08-15,2026-08-15T06:12:47.518954+09:00,その他メディア,,共同通信,NY株、小動きで始まる,https://www.47news.jp/14791141.html,https://news.ceek.jp/search.cgi?category_id=business&feed=1,ok,,経済
2026-08-15,2026-08-15T06:12:47.518954+09:00,全国紙,全国,日本経済新聞,米国の小売売上高、7月は0.6%減 「特殊要因除けば底堅さ保つ」,https://www.nikkei.com/article/DGXZQOGN1295A0S6A810C2000000/,https://news.ceek.jp/search.cgi?category_id=business&feed=1,ok,,経済
2026-08-15,2026-08-15T06:12:47.518954+09:00,その他メディア,,共同通信,【速報】NY株、小動きで始まる,https://www.47news.jp/14791139.html,https://news.ceek.jp/search.cgi?category_id=business&feed=1,ok,,経済
2026-08-15,2026-08-15T06:12:47.518954+09:00,全国紙,全国,日本経済新聞,シンガポール食品商社オラム、1〜6月の純利益6倍 子会社売却益が寄与,https://www.nikkei.com/article/DGXZQOGM147T70U6A810C2000000/,https://news.ceek.jp/search.cgi?category_id=business&feed=1,ok,,経済
2026-08-15,2026-08-15T06:12:47.518954+09:00,その他メディア,,デイリースポーツ,米小売売上高0・6%減,https://www.daily.co.jp/society/economics/2026/08/14/0020706904.shtml,https://news.ceek.jp/search.cgi?category_id=business&feed=1,ok,,経済
2026-08-15,2026-08-15T06:12:47.518954+09:00,その他メディア,,デイリースポーツ,NY円、158円台後半,https://www.daily.co.jp/society/economics/2026/08/14/0020706905.shtml,https://news.ceek.jp/search.cgi?category_id=business&feed=1,ok,,経済
2026-08-15,2026-08-15T06:12:47.518954+09:00,その他メディア,,共同通信,NY円、158円台後半,https://www.47news.jp/14791038.html,https://news.ceek.jp/search.cgi?category_id=business&feed=1,ok,,経済
2026-08-15,2026-08-15T06:12:47.518954+09:00,その他メディア,,共同通信,米小売売上高0.6%減 7月、予想大幅に下回る,https://www.47news.jp/14791037.html,https://news.ceek.jp/search.cgi?category_id=business&feed=1,ok,,経済
2026-08-15,2026-08-15T06:12:47.518954+09:00,全国紙,全国,日本経済新聞,東邦HD、3Dからの対抗策の差し止め申立書を受領,https://www.nikkei.com/article/DGXZQOUC148VA0U6A810C2000000/,https://news.ceek.jp/search.cgi?category_id=business&feed=1,ok,,経済
2026-08-15,2026-08-15T06:12:47.518954+09:00,その他メディア,,共同通信,【速報】NY円、158円81~91銭,https://www.47news.jp/14790921.html,https://news.ceek.jp/search.cgi?category_id=business&feed=1,ok,,経済
2026-08-15,2026-08-15T06:12:47.518954+09:00,その他メディア,,共同通信,【速報】米7月の小売売上高0.6%減,https://www.47news.jp/14790915.html,https://news.ceek.jp/search.cgi?category_id=business&feed=1,ok,,経済
2026-08-15,2026-08-15T06:12:47.518954+09:00,その他メディア,,テレビ朝日,ニチレイ 個人情報漏洩の恐れ認める サイバー攻撃受けた一連の問題後初めて,https://news.tv-asahi.co.jp/news_economy/articles/000526409.html,https://news.ceek.jp/search.cgi?category_id=business&feed=1,ok,,経済
2026-08-15,2026-08-15T06:12:47.518954+09:00,その他メディア,,ログミーファイナンス,【速報版】AnyMind Group株式会社 2026年12月期第2四半期決算説明,https://finance.logmi.jp/385726,https://news.ceek.jp/search.cgi?category_id=business&feed=1,ok,,経済
2026-08-15,2026-08-15T06:12:47.518954+09:00,その他メディア,,ログミーファイナンス,【速報版】株式会社Synspective 2026年12月期第2四半期決算説明,https://finance.logmi.jp/385704,https://news.ceek.jp/search.cgi?category_id=business&feed=1,ok,,経済
2026-08-15,2026-08-15T06:12:47.518954+09:00,全国紙,全国,日本経済新聞,8月14日の商品主要相場(紙面イメージ),https://www.nikkei.com/article/DGXZQOKC146I00U6A810C2000000/,https://news.ceek.jp/search.cgi?category_id=business&feed=1,ok,,経済
2026-08-15,2026-08-15T06:12:47.518954+09:00,全国紙,全国,日本経済新聞,8月10日〜14日の株式週間高低(紙面イメージ版),https://www.nikkei.com/article/DGXZQOKC147K10U6A810C2000000/,https://news.ceek.jp/search.cgi?category_id=business&feed=1,ok,,経済
2026-08-15,2026-08-15T06:12:47.518954+09:00,全国紙,全国,日本経済新聞,サイゼリヤ、千葉豪雨で複数メニュー品切れ 首都圏の店舗に配送遅れ,https://www.nikkei.com/article/DGXZQOUC148890U6A810C2000000/,https://news.ceek.jp/search.cgi?category_id=business&feed=1,ok,,経済
2026-08-15,2026-08-15T06:12:47.518954+09:00,全国紙,全国,日本経済新聞,企業の株買越額が過去最高、1兆882億円 8月第1週,https://www.nikkei.com/article/DGXZQOUB145K20U6A810C2000000/,https://news.ceek.jp/search.cgi?category_id=business&feed=1,ok,,経済
2026-08-15,2026-08-15T06:12:47.518954+09:00,その他メディア,,デイリースポーツ,「ぬい活」で歴史に触れて,https://www.daily.co.jp/society/human_interest/2026/08/15/0020707926.shtml,https://news.ceek.jp/search.cgi?category_id=national&feed=1,ok,,社会
2026-08-15,2026-08-15T06:12:47.518954+09:00,その他メディア,,フジテレビ,滝つぼ付近で泳いでいたインドネシア国籍の27歳男性が溺れて死亡 知人と3人で川遊びに訪れる,https://www.fnn.jp/articles/-/1095097,https://news.ceek.jp/search.cgi?category_id=national&feed=1,ok,,社会
2026-08-15,2026-08-15T06:12:47.518954+09:00,その他メディア,,デイリースポーツ,車両基地生まれのビール,https://www.daily.co.jp/society/human_interest/2026/08/15/0020707910.shtml,https://news.ceek.jp/search.cgi?category_id=national&feed=1,ok,,社会
2026-08-15,2026-08-15T06:12:47.518954+09:00,その他メディア,,女性自身,"【千葉豪雨災害】県庁に1200人超の帰宅困難者が避難もタオル使えず、スマホ充電できない人も...露呈した大都市の“災害対策""",https://jisin.jp/domestic/2595655/,https://news.ceek.jp/search.cgi?category_id=national&feed=1,ok,,社会
2026-08-15,2026-08-15T06:12:47.518954+09:00,その他メディア,,女性自身,"「仲が良いのは李大統領ぐらい」高市首相 靖国参拝見送りの陰で指摘される韓国への“特別な配慮""...首脳会談でも“ドラムセッション""の仲",https://jisin.jp/domestic/2595673/,https://news.ceek.jp/search.cgi?category_id=national&feed=1,ok,,社会
2026-08-15,2026-08-15T06:12:47.518954+09:00,その他メディア,,現代ビジネス,「天皇に降伏はない」と反乱を起こした厚木基地...終戦6日後に東京湾へ自爆突入した「学徒士官」の真実,https://gendai.media/articles/-/169887,https://news.ceek.jp/search.cgi?category_id=national&feed=1,ok,,社会
2026-08-15,2026-08-15T06:12:47.518954+09:00,その他メディア,,現代ビジネス,「仮祝言」を挙げた新妻を残し...「実家の上空」を3度旋回して東京湾へ自爆突入した「学徒士官」,https://gendai.media/articles/-/169889,https://news.ceek.jp/search.cgi?category_id=national&feed=1,ok,,社会
2026-08-15,2026-08-15T06:12:47.518954+09:00,その他メディア,,現代ビジネス,残忍性が増す「覚醒剤入りチョコ」の実験台にされた青年飛行兵たち...戦時下、医師たちは覚醒剤投与の危険を認識しながら推奨していた,https://gendai.media/articles/-/170137,https://news.ceek.jp/search.cgi?category_id=national&feed=1,ok,,社会
2026-08-15,2026-08-15T06:12:47.518954+09:00,その他メディア,,現代ビジネス,“お国のために“ヒロポンを強制された日本兵は戦後、犯罪者となった...元兵士たちを待ち受けていた「もう一つの敗戦」,https://gendai.media/articles/-/170138,https://news.ceek.jp/search.cgi?category_id=national&feed=1,ok,,社会
2026-08-15,2026-08-15T06:12:47.518954+09:00,その他メディア,,現代ビジネス,"“Kis-My-Ft2のジンクス""に女性ファン戦慄...!「ふぉ~ゆ~」CDデビュー発表が意味する「ジュニア推し」の怨嗟",https://gendai.media/articles/-/170251,https://news.ceek.jp/search.cgi?category_id=national&feed=1,ok,,社会
2026-08-15,2026-08-15T06:12:47.518954+09:00,その他メディア,,フジテレビ,"終戦直前に“原爆投下の練習“ 全国各地で約400人の命奪った「模擬原爆」“パンプキン""の知られざる歴史と刻まれた記憶 4発投下された神戸で未発見の1発を探す若き研究者の思い",https://www.fnn.jp/articles/-/1095094,https://news.ceek.jp/search.cgi?category_id=national&feed=1,ok,,社会
2026-08-15,2026-08-15T06:12:47.518954+09:00,全国紙,全国,朝日新聞,「正義の戦争は絶対ない」101歳が見た地獄 なお発掘される証言,https://www.asahi.com/articles/ASV8B15W4V8BUTIL01TM.html,https://news.ceek.jp/search.cgi?category_id=national&feed=1,ok,,社会
2026-08-15,2026-08-15T06:12:47.518954+09:00,その他メディア,,フジテレビ,"【車内に閉じ込められないために】千葉豪雨は人ごとじゃない...札幌でも大雨時に冠水の危険性のある道路が...運転をやめる目安は“タイヤの半分""の水深 引き返すか車から降りて避難を",https://www.fnn.jp/articles/-/1095096,https://news.ceek.jp/search.cgi?category_id=national&feed=1,ok,,社会
2026-08-15,2026-08-15T06:12:47.518954+09:00,その他メディア,,東京スポーツ新聞,ロシア将校爆殺事件で拘束「美人すぎる暗殺者」の〝異色経歴〟,https://www.tokyo-sports.co.jp/articles/-/399523,https://news.ceek.jp/search.cgi?category_id=national&feed=1,ok,,社会
2026-08-15,2026-08-15T06:12:47.518954+09:00,その他メディア,,東京スポーツ新聞,千葉豪雨で8人死亡 もしも車内に取り残されたら...常備しておきたい「必須アイテム」,https://www.tokyo-sports.co.jp/articles/-/399525,https://news.ceek.jp/search.cgi?category_id=national&feed=1,ok,,社会
2026-08-15,2026-08-15T06:12:47.518954+09:00,その他メディア,,東京スポーツ新聞,〝秋田バスローブ職員〟ラブホ利用もバレた!「疲れて1人で休みたかった」も隣に妻以外の女性,https://www.tokyo-sports.co.jp/articles/-/399526,https://news.ceek.jp/search.cgi?category_id=national&feed=1,ok,,社会
2026-08-15,2026-08-15T06:12:47.518954+09:00,その他メディア,,フジテレビ,跳ねた火花が安全靴の中に...大同特殊鋼の工場内で起きた火災 延焼防ごうとした男性作業員がやけど 消火活動続く,https://www.fnn.jp/articles/-/1095093,https://news.ceek.jp/search.cgi?category_id=national&feed=1,ok,,社会
2026-08-15,2026-08-15T06:12:47.518954+09:00,その他メディア,,フジテレビ,薬物巡るトラブルか...イラン国籍の41歳男性の遺体を病院のロータリーに遺棄した疑い 外国籍の男女3人を逮捕,https://www.fnn.jp/articles/-/1095092,https://news.ceek.jp/search.cgi?category_id=national&feed=1,ok,,社会
2026-08-15,2026-08-15T06:12:47.518954+09:00,その他メディア,,デイリースポーツ,災害関連死アプリで防げ、熊本,https://www.daily.co.jp/society/human_interest/2026/08/15/0020707897.shtml,https://news.ceek.jp/search.cgi?category_id=national&feed=1,ok,,社会
2026-08-15,2026-08-15T06:12:47.518954+09:00,その他メディア,,TBSテレビ,JR外房線と東金線は一部区間で始発から運転見合わせ 千葉豪雨,https://newsdig.tbs.co.jp/articles/-/2874076?display=1,https://news.ceek.jp/search.cgi?category_id=national&feed=1,ok,,社会
2026-08-15,2026-08-15T06:12:47.518954+09:00,その他メディア,,TBSテレビ,千葉豪雨 千葉県内で男女8人死亡 住宅被害は178棟,https://newsdig.tbs.co.jp/articles/-/2874075?display=1,https://news.ceek.jp/search.cgi?category_id=national&feed=1,ok,,社会
2026-08-15,2026-08-15T06:12:47.518954+09:00,その他メディア,,スポニチ,成田空港で7000人足止め 千葉駅などターミナルで帰宅困難者であふれる,https://www.sponichi.co.jp/society/news/2026/08/15/kiji/20260815s00042000050000c.html,https://news.ceek.jp/search.cgi?category_id=national&feed=1,ok,,社会
2026-08-15,2026-08-15T06:12:47.518954+09:00,その他メディア,,スポニチ,辺野古転覆 死亡女子高生の両親 同志社に緊急要望書提出,https://www.sponichi.co.jp/society/news/2026/08/15/kiji/20260815s00042000053000c.html,https://news.ceek.jp/search.cgi?category_id=national&feed=1,ok,,社会
2026-08-15,2026-08-15T06:12:47.518954+09:00,その他メディア,,スポニチ,窓が開かない時に備えハンマーなど用意を 車内からの脱出法,https://www.sponichi.co.jp/society/news/2026/08/15/kiji/20260815s00042000049000c.html,https://news.ceek.jp/search.cgi?category_id=national&feed=1,ok,,社会
2026-08-15,2026-08-15T06:12:47.518954+09:00,その他メディア,,スポニチ,高市首相 危機管理「全力で取り組む」 千葉県の豪雨被害受け,https://www.sponichi.co.jp/society/news/2026/08/15/kiji/20260815s00042000051000c.html,https://news.ceek.jp/search.cgi?category_id=national&feed=1,ok,,社会
2026-08-15,2026-08-15T06:12:47.518954+09:00,その他メディア,,スポニチ,市議会自公立 横浜山中市長に辞職申し入れ パワハラ問題,https://www.sponichi.co.jp/society/news/2026/08/15/kiji/20260815s00042000054000c.html,https://news.ceek.jp/search.cgi?category_id=national&feed=1,ok,,社会
2026-08-15,2026-08-15T06:12:47.518954+09:00,その他メディア,,スポニチ,ロシア・プーチン大統領、北方領土訪問受け 日本政府が対抗措置検討,https://www.sponichi.co.jp/society/news/2026/08/15/kiji/20260815s00042000056000c.html,https://news.ceek.jp/search.cgi?category_id=national&feed=1,ok,,社会
2026-08-15,2026-08-15T06:12:47.518954+09:00,その他メディア,,スポニチ,千葉豪雨死者8人 冠水で車内に閉じ込められ 千葉市中央区24時間360ミリ超,https://www.sponichi.co.jp/society/news/2026/08/15/kiji/20260815s00042000048000c.html,https://news.ceek.jp/search.cgi?category_id=national&feed=1,ok,,社会
2026-08-15,2026-08-15T06:12:47.518954+09:00,その他メディア,,スポニチ,「リカちゃん」40年ぶり米国市場に再進出 大人の需要狙う,https://www.sponichi.co.jp/society/news/2026/08/15/kiji/20260815s00042000057000c.html,https://news.ceek.jp/search.cgi?category_id=national&feed=1,ok,,社会
2026-08-15,2026-08-15T06:12:47.518954+09:00,その他メディア,,スポニチ,"九州自動車道 全線で“復活"" 熊本地震による通行止め解除",https://www.sponichi.co.jp/society/news/2026/08/15/kiji/20260815s00042000058000c.html,https://news.ceek.jp/search.cgi?category_id=national&feed=1,ok,,社会
2026-08-15,2026-08-15T06:12:47.518954+09:00,その他メディア,,スポニチ,福岡県 蔵内勇夫議長に辞職勧告決議案 金銭授受疑惑,https://www.sponichi.co.jp/society/news/2026/08/15/kiji/20260815s00042000052000c.html,https://news.ceek.jp/search.cgi?category_id=national&feed=1,ok,,社会
2026-08-15,2026-08-15T06:12:47.518954+09:00,全国紙,全国,読売新聞,観光 広範囲に打撃 宿泊キャンセル20億円超,https://www.yomiuri.co.jp/national/20260814-GYT1T00375/,https://news.ceek.jp/search.cgi?category_id=national&feed=1,ok,,社会
2026-08-15,2026-08-15T06:12:47.518954+09:00,全国紙,全国,読売新聞,160キロ飲酒危険運転 死亡事故 大阪地検 速度新基準を適用、男起訴,https://www.yomiuri.co.jp/national/20260815-GYT1T00025/,https://news.ceek.jp/search.cgi?category_id=national&feed=1,ok,,社会
2026-08-15,2026-08-15T06:12:47.518954+09:00,全国紙,全国,読売新聞,停電 排水ポンプ動かず...男性死亡のアンダーパス,https://www.yomiuri.co.jp/national/20260815-GYT1T00028/,https://news.ceek.jp/search.cgi?category_id=national&feed=1,ok,,社会
2026-08-15,2026-08-15T06:12:47.518954+09:00,その他メディア,,フジテレビ,"【東京電力】33時間以上“無施錠""...柏崎刈羽原発4号機“管理区域""に入る扉の鍵締め忘れる 11月ごろまでにオートロック化へ",https://www.fnn.jp/articles/-/1095090,https://news.ceek.jp/search.cgi?category_id=national&feed=1,ok,,社会
2026-08-15,2026-08-15T06:12:47.518954+09:00,全国紙,全国,日本経済新聞,高校受験の塾合宿を前に 消極男子に「自覚」促す,https://www.nikkei.com/article/DGXZQOCD044L90U6A800C2000000/,https://news.ceek.jp/search.cgi?category_id=national&feed=1,ok,,社会
2026-08-15,2026-08-15T06:12:47.518954+09:00,全国紙,全国,日本経済新聞,最強エルニーニョ 影響は? 来年はさらに高温の予想,https://www.nikkei.com/article/DGXZQOCD302AE0Q6A730C2000000/,https://news.ceek.jp/search.cgi?category_id=national&feed=1,ok,,社会
2026-08-15,2026-08-15T06:12:47.518954+09:00,全国紙,全国,読売新聞,千葉上空に暖気と冷気...積乱雲発生 線状降水帯に,https://www.yomiuri.co.jp/national/20260815-GYT1T00026/,https://news.ceek.jp/search.cgi?category_id=national&feed=1,ok,,社会
2026-08-15,2026-08-15T06:12:47.518954+09:00,全国紙,全国,読売新聞,[スキャナー]内水氾濫、一気に...千葉豪雨 8月降水量の2~3倍、「車中死」多発,https://www.yomiuri.co.jp/national/20260814-GYT1T00356/,https://news.ceek.jp/search.cgi?category_id=national&feed=1,ok,,社会
2026-08-15,2026-08-15T06:12:47.518954+09:00,その他メディア,,テレビ朝日,埼玉・秩父市、皆野町、神川町、横瀬町に「レベル4土砂災害危険警報」,https://news.tv-asahi.co.jp/news_society/articles/000526476.html,https://news.ceek.jp/search.cgi?category_id=national&feed=1,ok,,社会
2026-08-15,2026-08-15T06:12:47.518954+09:00,その他メディア,,フジテレビ,熊本県で最大震度2の地震 熊本県・宇城市,https://www.fnn.jp/articles/-/1095033,https://news.ceek.jp/search.cgi?category_id=national&feed=1,ok,,社会
2026-08-15,2026-08-15T06:12:47.518954+09:00,その他メディア,,テレビ朝日,奄美地方・徳之島町と天城町に「レベル4土砂災害危険警報」,https://news.tv-asahi.co.jp/news_society/articles/000526469.html,https://news.ceek.jp/search.cgi?category_id=national&feed=1,ok,,社会
2026-08-15,2026-08-15T06:12:47.518954+09:00,その他メディア,,テレビ朝日,東京・羽村市とあきる野市に「レベル4土砂災害危険警報」,https://news.tv-asahi.co.jp/news_society/articles/000526468.html,https://news.ceek.jp/search.cgi?category_id=national&feed=1,ok,,社会
2026-08-15,2026-08-15T06:12:47.518954+09:00,その他メディア,,Abema TIMES,"「怖くて」水が腰まで...“帰宅困難""続出 停電も長引く 千葉豪雨8人死亡 広範囲で浸水",https://times.abema.tv/articles/-/10267256?page=1,https://news.ceek.jp/search.cgi?category_id=national&feed=1,ok,,社会
2026-08-15,2026-08-15T06:12:47.518954+09:00,その他メディア,,Abema TIMES,"田んぼ近くの道路「湖みたいに」 生活道路の“低い場所"" でも...車水没で死者相次ぐ",https://times.abema.tv/articles/-/10267258?page=1,https://news.ceek.jp/search.cgi?category_id=national&feed=1,ok,,社会
2026-08-15,2026-08-15T06:12:47.518954+09:00,その他メディア,,Abema TIMES,"千葉中心に“異例の豪雨""原因は?局地的な雨をもたらした“異例の現象""とは",https://times.abema.tv/articles/-/10267257?page=1,https://news.ceek.jp/search.cgi?category_id=national&feed=1,ok,,社会
2026-08-15,2026-08-15T06:12:47.518954+09:00,その他メディア,,Abema TIMES,"日本軍の秘密作戦『石油部隊』とは...“戦争と石油""に翻弄された人たち 戦後81年",https://times.abema.tv/articles/-/10267260?page=1,https://news.ceek.jp/search.cgi?category_id=national&feed=1,ok,,社会
2026-08-15,2026-08-15T06:12:47.518954+09:00,その他メディア,,TBSテレビ,「兄が突入した戦艦でも尊い命が...」特攻隊員の妹と米兵遺族 海を越え重なる想い【news23】,https://newsdig.tbs.co.jp/articles/-/2874053?display=1,https://news.ceek.jp/search.cgi?category_id=national&feed=1,ok,,社会
2026-08-15,2026-08-15T06:12:47.518954+09:00,全国紙,全国,日本経済新聞,きょう終戦81年、戦没者追悼式の遺族参列者 戦後生まれ過半数,https://www.nikkei.com/article/DGXZQOUD1478K0U6A810C2000000/,https://news.ceek.jp/search.cgi?category_id=national&feed=1,ok,,社会
2026-08-15,2026-08-15T06:12:47.518954+09:00,全国紙,全国,日本経済新聞,旧日本兵「戦争トラウマ」子や孫に暗い影 癒えぬ心の傷、体験語る,https://www.nikkei.com/article/DGXZQOUD229C30S6A720C2000000/,https://news.ceek.jp/search.cgi?category_id=national&feed=1,ok,,社会
2026-08-15,2026-08-15T06:12:47.518954+09:00,その他メディア,,TBSテレビ,同居していた女性に唇を縫わせた女(50)を強要の罪で起訴 水戸地方検察庁下妻支部,https://newsdig.tbs.co.jp/articles/-/2874051?display=1,https://news.ceek.jp/search.cgi?category_id=national&feed=1,ok,,社会
2026-08-15,2026-08-15T06:12:47.518954+09:00,その他メディア,,TBSテレビ,"千葉豪雨から一夜 大きな爪痕 8人死亡のうち3人は“水没の車に閉じ込め"" 冠水の危険性と対策は【news23】",https://newsdig.tbs.co.jp/articles/-/2874050?display=1,https://news.ceek.jp/search.cgi?category_id=national&feed=1,ok,,社会
2026-08-15,2026-08-15T06:12:47.518954+09:00,その他メディア,,Abema TIMES,「被災者に勇気を与えたい」復旧の動きは文化財にも...九州自動車道 全線で通行再開,https://times.abema.tv/articles/-/10267261?page=1,https://news.ceek.jp/search.cgi?category_id=national&feed=1,ok,,社会
2026-08-15,2026-08-15T06:12:47.518954+09:00,その他メディア,,テレビ朝日,「被災者に勇気を与えたい」復旧の動きは文化財にも...九州自動車道 全線で通行再開,https://news.tv-asahi.co.jp/news_society/articles/900197170.html,https://news.ceek.jp/search.cgi?category_id=national&feed=1,ok,,社会
2026-08-15,2026-08-15T06:12:47.518954+09:00,その他メディア,,TBSテレビ,"悲願の1勝へ!青鳥特別支援野球部“3年目""の夏 “憧れの先輩""追いかけたエースの3年間に密着【news23】",https://newsdig.tbs.co.jp/articles/-/2874049?display=1,https://news.ceek.jp/search.cgi?category_id=national&feed=1,ok,,社会
2026-08-15,2026-08-15T06:12:47.518954+09:00,その他メディア,,共同通信,千葉豪雨、全半壊や浸水170棟 放置車1000台、土砂崩れも,https://www.47news.jp/14791549.html,https://news.ceek.jp/search.cgi?category_id=national&feed=1,ok,,社会
2026-08-15,2026-08-15T06:12:47.518954+09:00,その他メディア,,デイリースポーツ,千葉豪雨、全半壊や浸水170棟,https://www.daily.co.jp/society/main/2026/08/15/0020707748.shtml,https://news.ceek.jp/search.cgi?category_id=national&feed=1,ok,,社会
2026-08-15,2026-08-15T06:12:47.518954+09:00,その他メディア,,フジテレビ,大阪・鶴見区 スリランカ人留学生路上で刺される スリランカ人留学生の21歳男を殺人未遂の疑いで逮捕 「血まみれで倒れている」と通報 知人とみられるスリランカ人の男性の胸を刃物で複数回突き刺す,https://www.fnn.jp/articles/-/1095027,https://news.ceek.jp/search.cgi?category_id=national&feed=1,ok,,社会
2026-08-15,2026-08-15T06:12:47.518954+09:00,その他メディア,,フジテレビ,熊本県で最大震度1の地震 熊本県・上天草市,https://www.fnn.jp/articles/-/1095025,https://news.ceek.jp/search.cgi?category_id=national&feed=1,ok,,社会
2026-08-15,2026-08-15T06:12:47.518954+09:00,その他メディア,,フジテレビ,タクシーに閉じ込めも 8人死亡 今も放置車両1000台超 千葉記録的豪雨,https://www.fnn.jp/articles/-/1095024,https://news.ceek.jp/search.cgi?category_id=national&feed=1,ok,,社会
2026-08-15,2026-08-15T06:12:47.518954+09:00,その他メディア,,テレビ朝日,"日本軍の秘密作戦『石油部隊』とは...“戦争と石油""に翻弄された人たち 戦後81年",https://news.tv-asahi.co.jp/news_society/articles/900197169.html,https://news.ceek.jp/search.cgi?category_id=national&feed=1,ok,,社会
2026-08-15,2026-08-15T06:12:47.518954+09:00,その他メディア,,TBSテレビ,息子2人を助けようと...海に入った父親が心肺停止の状態 2人は自力で岸に上がる 家族4人でキャンプ場を訪れる 北海道・豊浦町,https://newsdig.tbs.co.jp/articles/-/2874043?display=1,https://news.ceek.jp/search.cgi?category_id=national&feed=1,ok,,社会
2026-08-15,2026-08-15T06:12:47.518954+09:00,その他メディア,,アジアプレス・ネットワーク,東京・足立区役所の改修でアスベスト漏えい 排気ダクト付近から住宅地域の260倍超検出 7月29日から最大6日間飛散か,https://www.asiapress.org/apn/2026/08/japan/asbestos-224/,https://news.ceek.jp/search.cgi?category_id=national&feed=1,ok,,社会
2026-08-15,2026-08-15T06:12:47.518954+09:00,全国紙,全国,産経新聞,スリランカ国籍の21歳男、殺人未遂容疑で逮捕 刃物で男性の胸を刺す 大阪府警,https://www.sankei.com/article/20260815-YZ4YSZNKWRPA5PVNUHNAWUWP7Q/,https://news.ceek.jp/search.cgi?category_id=national&feed=1,ok,,社会
2026-08-15,2026-08-15T06:12:47.518954+09:00,その他メディア,,Abema TIMES,埼玉・ときがわ町に「レベル4土砂災害危険警報」,https://times.abema.tv/articles/-/10267259?page=1,https://news.ceek.jp/search.cgi?category_id=national&feed=1,ok,,社会
2026-08-15,2026-08-15T06:12:47.518954+09:00,その他メディア,,日本テレビ,大雨の影響続く 冠水被害の現場...今の様子は 千葉市,https://news.ntv.co.jp/category/society/7280f23945524c21adbb2c6e76daa393,https://news.ceek.jp/search.cgi?category_id=national&feed=1,ok,,社会
2026-08-15,2026-08-15T06:12:47.518954+09:00,その他メディア,,TBSテレビ,家族旅行で来日中...12歳のイギリス人少女が行方不明に 民泊施設から1人で外出する姿が防犯カメラに 所持金は数千円程度,https://newsdig.tbs.co.jp/articles/-/2874039?display=1,https://news.ceek.jp/search.cgi?category_id=national&feed=1,ok,,社会
2026-08-15,2026-08-15T06:12:47.518954+09:00,その他メディア,,TBSテレビ,熊本・阿蘇山の噴火警戒レベルが3「入山規制」に およそ2キロの範囲では噴石や火砕流に警戒 熊本地震との関係は「明確なデータない」,https://newsdig.tbs.co.jp/articles/-/2874037?display=1,https://news.ceek.jp/search.cgi?category_id=national&feed=1,ok,,社会
2026-08-15,2026-08-15T06:12:47.518954+09:00,その他メディア,,フジテレビ,交通機関への影響続く 千葉豪雨 運休や通行止めも,https://www.fnn.jp/articles/-/1095022,https://news.ceek.jp/search.cgi?category_id=national&feed=1,ok,,社会
2026-08-15,2026-08-15T06:12:47.518954+09:00,その他メディア,,テレビ朝日,"田んぼ近くの道路「湖みたいに」 生活道路の“低い場所"" でも...車水没で死者相次ぐ",https://news.tv-asahi.co.jp/news_society/articles/900197167.html,https://news.ceek.jp/search.cgi?category_id=national&feed=1,ok,,社会
2026-08-15,2026-08-15T06:12:47.518954+09:00,その他メディア,,デイリースポーツ,仏15歳未満SNS禁止は違憲,https://www.daily.co.jp/society/main/2026/08/15/0020707480.shtml,https://news.ceek.jp/search.cgi?category_id=national&feed=1,ok,,社会
2026-08-15,2026-08-15T06:12:47.518954+09:00,その他メディア,,デイリースポーツ,終戦81年、きょう戦没者追悼式,https://www.daily.co.jp/society/main/2026/08/15/0020707476.shtml,https://news.ceek.jp/search.cgi?category_id=national&feed=1,ok,,社会
2026-08-15,2026-08-15T06:12:47.518954+09:00,全国紙,全国,日本経済新聞,地震火災防止の感震ブレーカー、導入支援自治体は15% 消防庁調査,https://www.nikkei.com/article/DGXZQOUD091RQ0Z00C26A8000000/,https://news.ceek.jp/search.cgi?category_id=national&feed=1,ok,,社会
2026-08-15,2026-08-15T06:12:47.518954+09:00,その他メディア,,共同通信,終戦81年、きょう戦没者追悼式 高市首相が初の式辞,https://www.47news.jp/14791392.html,https://news.ceek.jp/search.cgi?category_id=national&feed=1,ok,,社会
2026-08-15,2026-08-15T06:12:47.518954+09:00,その他メディア,,日刊スポーツ,歌人の与謝野晶子の第1歌集「みだれ髪」発行/今日は?,https://www.nikkansports.com/general/news/202608140000652.html,https://news.ceek.jp/search.cgi?category_id=national&feed=1,ok,,社会
2026-08-15,2026-08-15T06:12:47.518954+09:00,その他メディア,,テレビ朝日,千葉豪雨8人死亡 15日に交通への影響続く,https://news.tv-asahi.co.jp/news_society/articles/000526443.html,https://news.ceek.jp/search.cgi?category_id=national&feed=1,ok,,社会
2026-08-15,2026-08-15T06:12:47.518954+09:00,その他メディア,,テレビ朝日,"千葉中心に“異例の豪雨""原因は?局地的な雨をもたらした“異例の現象""とは",https://news.tv-asahi.co.jp/news_society/articles/900197168.html,https://news.ceek.jp/search.cgi?category_id=national&feed=1,ok,,社会
2026-08-15,2026-08-15T06:12:47.518954+09:00,その他メディア,,日本テレビ,"千葉で記録的大雨 車内“閉じ込め""など8人死亡 各地で冠水や車水没",https://news.ntv.co.jp/category/society/09a35e8b8dc44ce59f2a745899a42423,https://news.ceek.jp/search.cgi?category_id=national&feed=1,ok,,社会
2026-08-15,2026-08-15T06:12:47.518954+09:00,その他メディア,,テレビ朝日,埼玉・ときがわ町にレベル4土砂災害危険警報,https://news.tv-asahi.co.jp/news_society/articles/000526453.html,https://news.ceek.jp/search.cgi?category_id=national&feed=1,ok,,社会
2026-08-15,2026-08-15T06:12:47.518954+09:00,その他メディア,,テレビ朝日,"「怖くて」水が腰まで...“帰宅困難""続出 停電も長引く 千葉豪雨8人死亡 広範囲で浸水",https://news.tv-asahi.co.jp/news_society/articles/900197166.html,https://news.ceek.jp/search.cgi?category_id=national&feed=1,ok,,社会
2026-08-15,2026-08-15T06:12:47.518954+09:00,その他メディア,,フジテレビ,熊本県で最大震度1の地震 熊本県・球磨村、水俣市、芦北町,https://www.fnn.jp/articles/-/1095020,https://news.ceek.jp/search.cgi?category_id=national&feed=1,ok,,社会
2026-08-15,2026-08-15T06:12:47.518954+09:00,全国紙,全国,日本経済新聞,民放BS6チャンネル映らず、NHKが誤情報送出 一部テレビで,https://www.nikkei.com/article/DGXZQOUD149EF0U6A810C2000000/,https://news.ceek.jp/search.cgi?category_id=national&feed=1,ok,,社会
2026-08-15,2026-08-15T06:12:47.518954+09:00,その他メディア,,TBSテレビ,【LIVE】昼のニュース(Japan News Digest Live)最新情報など(8月15日),https://newsdig.tbs.co.jp/articles/-/2874028?display=1,https://news.ceek.jp/search.cgi?category_id=national&feed=1,ok,,社会
2026-08-15,2026-08-15T06:12:47.518954+09:00,その他メディア,,日本テレビ,東京・日の出町に警戒レベル4避難指示,https://news.ntv.co.jp/category/society/bb61f5a3bae74538a713e872e74e795d,https://news.ceek.jp/search.cgi?category_id=national&feed=1,ok,,社会
2026-08-15,2026-08-15T06:12:47.518954+09:00,その他メディア,,フジテレビ,青森県で最大震度1の地震 青森県・八戸市、七戸町、五戸町、青森南部町、岩手県・盛岡市,https://www.fnn.jp/articles/-/1095018,https://news.ceek.jp/search.cgi?category_id=national&feed=1,ok,,社会
2026-08-15,2026-08-15T06:12:47.518954+09:00,その他メディア,,フジテレビ,【地震】岩手県内で震度1 岩手県沖を震源とする最大震度1の地震が発生 津波の心配なし,https://www.fnn.jp/articles/-/1095019,https://news.ceek.jp/search.cgi?category_id=national&feed=1,ok,,社会
2026-08-15,2026-08-15T06:12:47.518954+09:00,その他メディア,,テレビ朝日,千葉豪雨で車の水没相次ぐ...ドアが開かない時どう脱出?「窓ガラスを割る」脱出用ハンマーやヘッドレストの使い方,https://news.tv-asahi.co.jp/news_society/articles/900197164.html,https://news.ceek.jp/search.cgi?category_id=national&feed=1,ok,,社会
2026-08-15,2026-08-15T06:12:47.518954+09:00,その他メディア,,Abema TIMES,千葉豪雨で車の水没相次ぐ...ドアが開かない時どう脱出?「窓ガラスを割る」脱出用ハンマーやヘッドレストの使い方,https://times.abema.tv/articles/-/10267254?page=1,https://news.ceek.jp/search.cgi?category_id=national&feed=1,ok,,社会
2026-08-15,2026-08-15T06:12:47.518954+09:00,その他メディア,,テレビ朝日,"【情報まとめ】千葉豪雨 車内“閉じ込め""などで8人死亡 駅一帯が冠水、住宅に浸水も...影響続く 道路や鉄道の復旧めどは",https://news.tv-asahi.co.jp/news_society/articles/900197106.html,https://news.ceek.jp/search.cgi?category_id=national&feed=1,ok,,社会
2026-08-15,2026-08-15T06:12:47.518954+09:00,その他メディア,,Abema TIMES,"千葉豪雨で車が相次ぎ水没...ドアが開かない“水圧の恐怖"" 水に浸かったらどう脱出?専門家「男性の力でも開けられない」",https://times.abema.tv/articles/-/10267215?page=1,https://news.ceek.jp/search.cgi?category_id=national&feed=1,ok,,社会
2026-08-15,2026-08-15T06:12:47.518954+09:00,全国紙,全国,読売新聞,熊本地震被災の高校生らの採用活動、柔軟対応を要請...文科省と厚労省,https://www.yomiuri.co.jp/national/20260814-GYT1T00336/,https://news.ceek.jp/search.cgi?category_id=national&feed=1,ok,,社会
2026-08-15,2026-08-15T06:12:47.518954+09:00,その他メディア,,フジテレビ,熊本県で最大震度1の地震 熊本県・八代市,https://www.fnn.jp/articles/-/1095014,https://news.ceek.jp/search.cgi?category_id=national&feed=1,ok,,社会
2026-08-15,2026-08-15T06:12:47.518954+09:00,その他メディア,,フジテレビ,【特殊詐欺】「海外からメールが来て怖い...」被害防止へお盆は家族で話し合いを!新潟県内6月末までの被害額は約17億3000万円,https://www.fnn.jp/articles/-/1095013,https://news.ceek.jp/search.cgi?category_id=national&feed=1,ok,,社会
2026-08-15,2026-08-15T06:12:47.518954+09:00,その他メディア,,テレビ朝日,"千葉豪雨で車が相次ぎ水没...ドアが開かない“水圧の恐怖"" 水に浸かったらどう脱出?専門家「男性の力でも開けられない」",https://news.tv-asahi.co.jp/news_society/articles/900197163.html,https://news.ceek.jp/search.cgi?category_id=national&feed=1,ok,,社会
2026-08-15,2026-08-15T06:12:47.518954+09:00,全国紙,全国,日本経済新聞,盗作疑惑のケンブリッジ大元教授が死去 研究不正の調査中に,https://www.nikkei.com/article/DGXZQOUF1500I0V10C26A8000000/,https://news.ceek.jp/search.cgi?category_id=world&feed=1,ok,,国際
2026-08-15,2026-08-15T06:12:47.518954+09:00,その他メディア,,現代ビジネス,日本のために命懸けで働いてきたのに...在日アフガン難民を切り捨てる日本の「難民保護」政策,https://gendai.media/articles/-/170115,https://news.ceek.jp/search.cgi?category_id=world&feed=1,ok,,国際
2026-08-15,2026-08-15T06:12:47.518954+09:00,その他メディア,,現代ビジネス,なぜ「アフガン難民」は救われないのか?ウクライナ対応との落差に見る「難民鎖国」日本の現状,https://gendai.media/articles/-/170154,https://news.ceek.jp/search.cgi?category_id=world&feed=1,ok,,国際
2026-08-15,2026-08-15T06:12:47.518954+09:00,その他メディア,,現代ビジネス,母国ではエリートだったのに...高市政権の難民政策が生んだ「埋もれる高学歴アフガン難民」の絶望,https://gendai.media/articles/-/170193,https://news.ceek.jp/search.cgi?category_id=world&feed=1,ok,,国際
2026-08-15,2026-08-15T06:12:47.518954+09:00,その他メディア,,TBSテレビ,"「7秒」で生死分ける戦場 ドローン攻撃を再現...“完全非公開""施設でのAI訓練の実態 日本進出へ開発者の本音",https://newsdig.tbs.co.jp/articles/-/2873957?display=1,https://news.ceek.jp/search.cgi?category_id=world&feed=1,ok,,国際
2026-08-15,2026-08-15T06:12:47.518954+09:00,その他メディア,,JBpress,「次は北朝鮮か」トランプのイラン急襲に焦る金正恩—抑止力と化した核ミサイルと日本の選択【舛添直言】日本海にミサイル撃ち込みつつ日本を「戦争国家への道を進んでいる」と非難、高市政権はどう対応する,https://jbpress.ismedia.jp/articles/-/96456,https://news.ceek.jp/search.cgi?category_id=world&feed=1,ok,,国際
2026-08-15,2026-08-15T06:12:47.518954+09:00,その他メディア,,デイリースポーツ,ダライ・ラマ写真見せ逮捕,https://www.daily.co.jp/society/world/2026/08/15/0020707898.shtml,https://news.ceek.jp/search.cgi?category_id=world&feed=1,ok,,国際
2026-08-15,2026-08-15T06:12:47.518954+09:00,その他メディア,,TBSテレビ,フランス 15歳未満SNS原則禁止法「違憲」判断 表現や通信の自由を侵害 9月施行予定も一転見直しへ,https://newsdig.tbs.co.jp/articles/-/2874078?display=1,https://news.ceek.jp/search.cgi?category_id=world&feed=1,ok,,国際
2026-08-15,2026-08-15T06:12:47.518954+09:00,その他メディア,,Pars Today,在ウィーン国際機関ロシア常駐代表;「ホルモズ海峡における米国の論理は理解不能」,https://parstoday.ir/ja/news/world-i134080,https://news.ceek.jp/search.cgi?category_id=world&feed=1,ok,,国際
2026-08-15,2026-08-15T06:12:47.518954+09:00,全国紙,全国,日本経済新聞,トランプ政権、対イランで出口失う 中間選挙へ始まったカウントダウン,https://www.nikkei.com/article/DGXZQOGN142NJ0U6A810C2000000/,https://news.ceek.jp/search.cgi?category_id=world&feed=1,ok,,国際
2026-08-15,2026-08-15T06:12:47.518954+09:00,その他メディア,,Pars Today,イラン外務次官;「ゲシュム島沿岸での原油汚染は外国の軍事侵略の結果」,https://parstoday.ir/ja/news/iran-i134078,https://news.ceek.jp/search.cgi?category_id=world&feed=1,ok,,国際
2026-08-15,2026-08-15T06:12:47.518954+09:00,その他メディア,,WEDGE Infinity,<日本統治時代に生きた台湾の人々>激動の時代、複雑な思い......日本語世代が伝えたいこと,https://wedge.ismedia.jp/articles/-/40916,https://news.ceek.jp/search.cgi?category_id=world&feed=1,ok,,国際
2026-08-15,2026-08-15T06:12:47.518954+09:00,全国紙,全国,読売新聞,ウクライナ 「黒海停戦」露に提案...非軍事目標 穀物輸出 双方停滞,https://www.yomiuri.co.jp/world/20260815-GYT1T00016/,https://news.ceek.jp/search.cgi?category_id=world&feed=1,ok,,国際
2026-08-15,2026-08-15T06:12:47.518954+09:00,全国紙,全国,読売新聞,北方領訪問 中露、対日圧力へ結束...「軍国主義反対」 大使が共同寄稿,https://www.yomiuri.co.jp/world/20260815-GYT1T00018/,https://news.ceek.jp/search.cgi?category_id=world&feed=1,ok,,国際
2026-08-15,2026-08-15T06:12:47.518954+09:00,全国紙,全国,読売新聞,[世界深層in-depth]韓国 目指せ難関大 幼児の前哨戦...塾通い過熱 「ドーピング」まで,https://www.yomiuri.co.jp/world/20260814-GYT1T00398/,https://news.ceek.jp/search.cgi?category_id=world&feed=1,ok,,国際
2026-08-15,2026-08-15T06:12:47.518954+09:00,全国紙,全国,日本経済新聞,トランプ不人気生かせぬ米民主 「水晶玉」サバト教授が中間選挙予想,https://www.nikkei.com/article/DGXZQOGN0504A0V00C26A8000000/,https://news.ceek.jp/search.cgi?category_id=world&feed=1,ok,,国際
2026-08-15,2026-08-15T06:12:47.518954+09:00,全国紙,全国,日本経済新聞,水不足の英国、2300万人にホース禁止令 2割漏水の水道会社に不満,https://www.nikkei.com/article/DGXZQOGR30BZA0Q6A730C2000000/,https://news.ceek.jp/search.cgi?category_id=world&feed=1,ok,,国際
2026-08-15,2026-08-15T06:12:47.518954+09:00,全国紙,全国,読売新聞,欧州、情報機関を強化 政府直属 司令塔・偽情報で「反撃」...露の脅威・米に不信感,https://www.yomiuri.co.jp/world/20260815-GYT1T00020/,https://news.ceek.jp/search.cgi?category_id=world&feed=1,ok,,国際
2026-08-15,2026-08-15T06:12:47.518954+09:00,全国紙,全国,読売新聞,米イラン 長期化備え 米空母交代・イラン新司令官...交渉期限16日に迫る,https://www.yomiuri.co.jp/world/20260815-GYT1T00035/,https://news.ceek.jp/search.cgi?category_id=world&feed=1,ok,,国際
2026-08-15,2026-08-15T06:12:47.518954+09:00,全国紙,全国,読売新聞,「日印 高いレベルの信頼」...駐日インド大使 関係強化訴え,https://www.yomiuri.co.jp/world/20260815-GYT1T00013/,https://news.ceek.jp/search.cgi?category_id=world&feed=1,ok,,国際
2026-08-15,2026-08-15T06:12:47.518954+09:00,全国紙,全国,読売新聞,英下院補選に「茶番」批判...寄付金疑惑 辞職の改革党党首勝利 主要政党不在,https://www.yomiuri.co.jp/world/20260815-GYT1T00014/,https://news.ceek.jp/search.cgi?category_id=world&feed=1,ok,,国際
2026-08-15,2026-08-15T06:12:47.518954+09:00,全国紙,全国,読売新聞,米イラン 妥結点見えず...慶応大教授 田中浩一郎氏,https://www.yomiuri.co.jp/world/20260815-GYT1T00015/,https://news.ceek.jp/search.cgi?category_id=world&feed=1,ok,,国際
2026-08-15,2026-08-15T06:12:47.518954+09:00,全国紙,全国,読売新聞,米「北方領 日本の主権」...平和損なう行動「反対」,https://www.yomiuri.co.jp/world/20260815-GYT1T00032/,https://news.ceek.jp/search.cgi?category_id=world&feed=1,ok,,国際
2026-08-15,2026-08-15T06:12:47.518954+09:00,その他メディア,,Pars Today,イラン外相;「EUには、他国に人権を説く倫理的資格なし」,https://parstoday.ir/ja/news/iran-i134076,https://news.ceek.jp/search.cgi?category_id=world&feed=1,ok,,国際
2026-08-15,2026-08-15T06:12:47.518954+09:00,その他メディア,,フジテレビ,トランプ政権「ボールルーム」建設継続求め最高裁に申し立て 「暗殺未遂」挙げ安全保障上の必要性主張,https://www.fnn.jp/articles/-/1095032,https://news.ceek.jp/search.cgi?category_id=world&feed=1,ok,,国際
2026-08-15,2026-08-15T06:12:47.518954+09:00,その他メディア,,アラブニュース,移民支援団体、リビア沖の海で11遺体を確認,https://www.arabnews.jp/article/middle-east/article_184193/,https://news.ceek.jp/search.cgi?category_id=world&feed=1,ok,,国際
2026-08-15,2026-08-15T06:12:47.518954+09:00,その他メディア,,TBSテレビ,再び熱波のヨーロッパ クロアチアで山火事42人負傷 焼け跡から1人の遺体 一時2000人以上が避難,https://newsdig.tbs.co.jp/articles/-/2874056?display=1,https://news.ceek.jp/search.cgi?category_id=world&feed=1,ok,,国際
2026-08-15,2026-08-15T06:12:47.518954+09:00,全国紙,全国,日本経済新聞,英国で列車の脱線事故相次ぐ 熱波で設備損傷の可能性も,https://www.nikkei.com/article/DGXZQOUF149JO0U6A810C2000000/,https://news.ceek.jp/search.cgi?category_id=world&feed=1,ok,,国際
2026-08-15,2026-08-15T06:12:47.518954+09:00,全国紙,全国,日本経済新聞,窓脱落のボーイング機、鳥衝突でエンジン損傷か 米運輸安全委,https://www.nikkei.com/article/DGXZQOGN149PQ0U6A810C2000000/,https://news.ceek.jp/search.cgi?category_id=world&feed=1,ok,,国際
2026-08-15,2026-08-15T06:12:47.518954+09:00,その他メディア,,フジテレビ,ベッセント財務長官「歴史上かつてない」対イラン制裁 来週新たな措置発表と主張,https://www.fnn.jp/articles/-/1095028,https://news.ceek.jp/search.cgi?category_id=world&feed=1,ok,,国際
2026-08-15,2026-08-15T06:12:47.518954+09:00,その他メディア,,アラブニュース,米国、ネタニヤフ首相にパレスチナ村での入植者による包囲を非難するよう求めていると当局者が明らかに,https://www.arabnews.jp/article/middle-east/article_184187/,https://news.ceek.jp/search.cgi?category_id=world&feed=1,ok,,国際
2026-08-15,2026-08-15T06:12:47.518954+09:00,その他メディア,,アラブニュース,ネタニヤフ首相、英国を「イスラム共和国」と呼び物議を醸す,https://www.arabnews.jp/article/middle-east/article_184189/,https://news.ceek.jp/search.cgi?category_id=world&feed=1,ok,,国際
2026-08-15,2026-08-15T06:12:47.518954+09:00,その他メディア,,アラブニュース,イエメン指導者、軍事衝突の再激化を受けフーシ派に武装解除を要請,https://www.arabnews.jp/article/middle-east/article_184185/,https://news.ceek.jp/search.cgi?category_id=world&feed=1,ok,,国際
2026-08-15,2026-08-15T06:12:47.518954+09:00,全国紙,全国,日本経済新聞,仏監視機関、15歳未満SNS禁止法に違憲判断 「通信の自由を侵害」,https://www.nikkei.com/article/DGXZQOGN149N50U6A810C2000000/,https://news.ceek.jp/search.cgi?category_id=world&feed=1,ok,,国際
2026-08-15,2026-08-15T06:12:47.518954+09:00,その他メディア,,共同通信,第2次大戦記念碑に落書き 米ワシントン、塗料で,https://www.47news.jp/14791460.html,https://news.ceek.jp/search.cgi?category_id=world&feed=1,ok,,国際
2026-08-15,2026-08-15T06:12:47.518954+09:00,その他メディア,,デイリースポーツ,第2次大戦記念碑に落書き,https://www.daily.co.jp/society/world/2026/08/15/0020707730.shtml,https://news.ceek.jp/search.cgi?category_id=world&feed=1,ok,,国際
2026-08-15,2026-08-15T06:12:47.518954+09:00,その他メディア,,共同通信,仏15歳未満SNS禁止は違憲 監視機関、大統領に打撃,https://www.47news.jp/14791395.html,https://news.ceek.jp/search.cgi?category_id=world&feed=1,ok,,国際
2026-08-15,2026-08-15T06:12:47.518954+09:00,その他メディア,,TBSテレビ,フランス 15歳未満SNS禁止法 憲法審査機関が「違憲判断」 9月施行予定も一転見直しへ,https://newsdig.tbs.co.jp/articles/-/2874040?display=1,https://news.ceek.jp/search.cgi?category_id=world&feed=1,ok,,国際
2026-08-15,2026-08-15T06:12:47.518954+09:00,その他メディア,,テレビ朝日,【速報】英鉄道でまた脱線事故事故 24時間で2回目,https://news.tv-asahi.co.jp/news_international/articles/000526465.html,https://news.ceek.jp/search.cgi?category_id=world&feed=1,ok,,国際
2026-08-15,2026-08-15T06:12:47.518954+09:00,全国紙,全国,日本経済新聞,8月の米消費者態度指数、4.2ポイント低下 インフレ懸念の高まりで,https://www.nikkei.com/article/DGXZQOGN149E80U6A810C2000000/,https://news.ceek.jp/search.cgi?category_id=world&feed=1,ok,,国際
2026-08-15,2026-08-15T06:12:47.518954+09:00,その他メディア,,デイリースポーツ,日印国交75年へ協力深化,https://www.daily.co.jp/society/world/2026/08/15/0020707471.shtml,https://news.ceek.jp/search.cgi?category_id=world&feed=1,ok,,国際
2026-08-15,2026-08-15T06:12:47.518954+09:00,その他メディア,,共同通信,日印国交75年へ協力深化 駐日大使、女性にエール,https://www.47news.jp/14791371.html,https://news.ceek.jp/search.cgi?category_id=world&feed=1,ok,,国際
2026-08-15,2026-08-15T06:12:47.518954+09:00,その他メディア,,newsclip.be,タイ王室御座船パレード、8月17日から予行開始 チャオプラヤー川で航行規制,https://newsclip.be/thai-news/thai-local/40659,https://news.ceek.jp/search.cgi?category_id=world&feed=1,ok,,国際
2026-08-15,2026-08-15T06:12:47.518954+09:00,その他メディア,,newsclip.be,バンコクの日本人観光客強盗事件、13〜17歳の少年7人を逮捕,https://newsclip.be/thai-news/thai-local/40654,https://news.ceek.jp/search.cgi?category_id=world&feed=1,ok,,国際
2026-08-15,2026-08-15T06:12:47.518954+09:00,全国紙,全国,読売新聞,[深層NEWS]プーチン大統領の北方領土初訪問、来月の下院選挙を見据え「政治的求心力高める意図」...兵頭慎治氏,https://www.yomiuri.co.jp/world/20260814-GYT1T00281/,https://news.ceek.jp/search.cgi?category_id=world&feed=1,ok,,国際
2026-08-15,2026-08-15T06:12:47.518954+09:00,その他メディア,,デイリースポーツ,クロアチア山火事40人負傷,https://www.daily.co.jp/society/world/2026/08/14/0020706568.shtml,https://news.ceek.jp/search.cgi?category_id=world&feed=1,ok,,国際
2026-08-15,2026-08-15T06:12:47.518954+09:00,その他メディア,,テレビ朝日,仏 15歳未満SNS禁止法案「違憲」 表現の自由「過度な侵害」 9月施行が不可能に,https://news.tv-asahi.co.jp/news_international/articles/000526464.html,https://news.ceek.jp/search.cgi?category_id=world&feed=1,ok,,国際
2026-08-15,2026-08-15T06:12:47.518954+09:00,その他メディア,,フジテレビ,フランス「15歳未満のSNS禁止」に違憲判断 「表現・コミュニケーションの自由を侵害」マクロン大統領は新たな法案検討を指示,https://www.fnn.jp/articles/-/1095021,https://news.ceek.jp/search.cgi?category_id=world&feed=1,ok,,国際
2026-08-15,2026-08-15T06:12:47.518954+09:00,その他メディア,,テレビ朝日,英・右派リフォームUKファラージ党首が下院で再選 「ゴミ箱伯爵」に倍以上の得票差,https://news.tv-asahi.co.jp/news_international/articles/000526419.html,https://news.ceek.jp/search.cgi?category_id=world&feed=1,ok,,国際
2026-08-15,2026-08-15T06:12:47.518954+09:00,その他メディア,,共同通信,クロアチア山火事40人負傷 英中部でも19人搬送,https://www.47news.jp/14790833.html,https://news.ceek.jp/search.cgi?category_id=world&feed=1,ok,,国際
2026-08-15,2026-08-15T06:12:47.518954+09:00,その他メディア,,日本テレビ,イギリス中部で大規模な林野火災...住宅に延焼も 欧州熱波の影響拡大,https://news.ntv.co.jp/category/international/2aa3cab35d3b470ba0b593e420c53e22,https://news.ceek.jp/search.cgi?category_id=world&feed=1,ok,,国際
2026-08-15,2026-08-15T06:12:47.518954+09:00,全国紙,全国,日本経済新聞,インドネシア、「8000万人給食」予算3割減に 放漫財政懸念に配慮,https://www.nikkei.com/article/DGXZQOGM111HW0R10C26A8000000/,https://news.ceek.jp/search.cgi?category_id=world&feed=1,ok,,国際
2026-08-15,2026-08-15T06:12:47.518954+09:00,その他メディア,,共同通信,【速報】仏、15歳未満SNS禁止に違憲判断,https://www.47news.jp/14791311.html,https://news.ceek.jp/search.cgi?category_id=world&feed=1,ok,,国際
2026-08-15,2026-08-15T06:12:47.518954+09:00,その他メディア,,台湾国際放送,「ポジティブニュース報道賞」、Rti記者による報道シリーズが最優秀賞受賞,https://www.rti.org.tw/jp/news?uid=3&pid=226363,https://news.ceek.jp/search.cgi?category_id=world&feed=1,ok,,国際
2026-08-15,2026-08-15T06:12:47.518954+09:00,その他メディア,,デイリースポーツ,中国、ロシア寄り立場示す,https://www.daily.co.jp/society/world/2026/08/14/0020707149.shtml,https://news.ceek.jp/search.cgi?category_id=world&feed=1,ok,,国際
2026-08-15,2026-08-15T06:12:47.518954+09:00,その他メディア,,共同通信,中国、ロシア寄り立場示す 北方領土、第2次大戦成果尊重を,https://www.47news.jp/14791198.html,https://news.ceek.jp/search.cgi?category_id=world&feed=1,ok,,国際
2026-08-15,2026-08-15T06:12:47.518954+09:00,その他メディア,,ウクルインフォルム,ロシア軍はジェット型無人機の使用割合を増加=ウクライナ空軍,https://www.ukrinform.jp/rubric-defense/4154189-roshia-junhajetto-xing-wu-ren-jino-shi-yong-ge-hewo-zeng-jiaukuraina-kong-jun.html,https://news.ceek.jp/search.cgi?category_id=world&feed=1,ok,,国際
2026-08-15,2026-08-15T06:12:47.518954+09:00,その他メディア,,フジテレビ,イタリア・シチリア島 エトナ山噴火で空港大混乱 700便以上欠航...発着停止は15日まで,https://www.fnn.jp/articles/-/1095017,https://news.ceek.jp/search.cgi?category_id=world&feed=1,ok,,国際
2026-08-15,2026-08-15T06:12:47.518954+09:00,その他メディア,,ウクルインフォルム,日本政府、ウクライナに地雷除去用機材を供与,https://www.ukrinform.jp/rubric-economy/4154181-ri-ben-zheng-fuukurainani-de-lei-chu-qu-yong-ji-caiwo-gong-yu.html,https://news.ceek.jp/search.cgi?category_id=world&feed=1,ok,,国際
2026-08-15,2026-08-15T06:12:47.518954+09:00,全国紙,全国,日本経済新聞,ロシア唯一の反戦野党、下院選除外決定に異議 最高裁が審理へ,https://www.nikkei.com/article/DGXZQOCB1498G0U6A810C2000000/,https://news.ceek.jp/search.cgi?category_id=world&feed=1,ok,,国際
2026-08-15,2026-08-15T06:12:47.518954+09:00,その他メディア,,共同通信,【速報】「第2次大戦の成果尊重を」と中国外務省,https://www.47news.jp/14791115.html,https://news.ceek.jp/search.cgi?category_id=world&feed=1,ok,,国際
2026-08-15,2026-08-15T06:12:47.518954+09:00,その他メディア,,TBSテレビ,「茶番に過ぎない」中国国防省が台湾軍事演習を批判,https://newsdig.tbs.co.jp/articles/-/2874017?display=1,https://news.ceek.jp/search.cgi?category_id=world&feed=1,ok,,国際
2026-08-15,2026-08-15T06:12:47.518954+09:00,全国紙,全国,日本経済新聞,NATO、ラトビアで無人機撃墜 ロシア国境近く,https://www.nikkei.com/article/DGXZQOCB149420U6A810C2000000/,https://news.ceek.jp/search.cgi?category_id=world&feed=1,ok,,国際
2026-08-15,2026-08-15T06:12:47.518954+09:00,その他メディア,,テレビ朝日,ロシア外相「これが話をしたということか」茂木氏に皮肉 対ロ政策を批判,https://news.tv-asahi.co.jp/news_international/articles/000526454.html,https://news.ceek.jp/search.cgi?category_id=world&feed=1,ok,,国際
2026-08-15,2026-08-15T06:12:47.518954+09:00,その他メディア,,ニューズウィーク,"【「移民の武器化」か】セウタ危機は“西サハラ寄り""スペイン政権に対するモロッコの「報復」?",https://www.newsweekjapan.jp/articles/-/331351,https://news.ceek.jp/search.cgi?category_id=world&feed=1,ok,,国際
2026-08-15,2026-08-15T06:12:47.518954+09:00,その他メディア,,世界日報,韓国開票、台湾との違い 「用紙不足」のほか機器故障も,https://www.worldtimes.co.jp/global/korean-peninsula/20260814-213626/,https://news.ceek.jp/search.cgi?category_id=world&feed=1,ok,,国際
2026-08-15,2026-08-15T06:12:47.518954+09:00,その他メディア,,swissinfo.ch,チューリヒの川に手りゅう弾、泳いでいた人が発見,https://www.swissinfo.ch/jpn/various/%e3%83%81%e3%83%a5%e3%83%bc%e3%83%aa%e3%83%92%e3%81%ae%e5%b7%9d%e3%81%ab%e6%89%8b%e3%82%8a%e3%82%85%e3%81%86%e5%bc%be%e3%80%81%e6%b3%b3%e3%81%84%e3%81%a7%e3%81%84%e3%81%9f%e4%ba%ba%e3%81%8c%e7%99%ba%e8%a6%8b/91899010,https://news.ceek.jp/search.cgi?category_id=world&feed=1,ok,,国際
2026-08-15,2026-08-15T06:12:47.518954+09:00,その他メディア,,テレビ朝日,エルニーニョ現象が歴史的な強さになる可能性 2026年は史上最も暑い年になる予想も,https://news.tv-asahi.co.jp/news_international/articles/000526411.html,https://news.ceek.jp/search.cgi?category_id=world&feed=1,ok,,国際
2026-08-15,2026-08-15T06:12:47.518954+09:00,その他メディア,,アラブニュース,リヤドで第4回AI倫理に関するグローバルフォーラムが開催へ,https://www.arabnews.jp/article/saudi-arabia/article_184178/,https://news.ceek.jp/search.cgi?category_id=world&feed=1,ok,,国際
2026-08-15,2026-08-15T06:12:47.518954+09:00,その他メディア,,TBSテレビ,リフォームUK・ファラージ党首再選 「ごみ箱伯爵」が得票率3割で2位に,https://newsdig.tbs.co.jp/articles/-/2874006?display=1,https://news.ceek.jp/search.cgi?category_id=world&feed=1,ok,,国際
2026-08-15,2026-08-15T06:12:47.518954+09:00,その他メディア,,共同通信,台湾、大規模演習が終了 頼総統「防衛強化続ける」,https://www.47news.jp/14790738.html,https://news.ceek.jp/search.cgi?category_id=world&feed=1,ok,,国際
2026-08-15,2026-08-15T06:12:47.518954+09:00,その他メディア,,TBSテレビ,フィリピン・マルコス大統領 日本との海洋境界交渉「年内の妥結」に意欲 中国は強く反発,https://newsdig.tbs.co.jp/articles/-/2874000?display=1,https://news.ceek.jp/search.cgi?category_id=world&feed=1,ok,,国際
2026-08-15,2026-08-15T06:12:47.518954+09:00,その他メディア,,デイリースポーツ,台湾、大規模演習が終了,https://www.daily.co.jp/society/world/2026/08/14/0020706474.shtml,https://news.ceek.jp/search.cgi?category_id=world&feed=1,ok,,国際
2026-08-15,2026-08-15T06:12:47.518954+09:00,その他メディア,,フジテレビ,"高市総理からの「メロン」めぐる発言問題 野党“性的侮辱""追及に「全く正しくない」オーストラリア首相が改めて釈明",https://www.fnn.jp/articles/-/1095001,https://news.ceek.jp/search.cgi?category_id=world&feed=1,ok,,国際
2026-08-15,2026-08-15T06:12:47.518954+09:00,全国紙,全国,読売新聞,米無人機「リーパー」少なくとも45機・25%失う、イランとの戦闘開始後...ミサイル枯渇に加え懸念広がる可能性,https://www.yomiuri.co.jp/world/20260814-GYT1T00294/,https://news.ceek.jp/search.cgi?category_id=world&feed=1,ok,,国際
2026-08-15,2026-08-15T06:12:47.518954+09:00,その他メディア,,英国ニュースダイジェスト,長崎の博物館、「日本の暗い歴史」を隠蔽したとして非難される,https://www.news-digest.co.uk/news/news/japan-news/27303-2026-08-06.html,https://news.ceek.jp/search.cgi?category_id=world&feed=1,ok,,国際
2026-08-15,2026-08-15T06:12:47.518954+09:00,全国紙,全国,日本経済新聞,英国の右派党首ファラージ氏、補選勝利で議員復帰 勢いには陰り,https://www.nikkei.com/article/DGXZQOGR148170U6A810C2000000/,https://news.ceek.jp/search.cgi?category_id=world&feed=1,ok,,国際
2026-08-15,2026-08-15T06:12:47.518954+09:00,その他メディア,,アラブニュース,戦争が湾岸地域およびその周辺に、いかに有害な遺産を残しているか,https://www.arabnews.jp/article/middle-east/article_184174/,https://news.ceek.jp/search.cgi?category_id=world&feed=1,ok,,国際
2026-08-15,2026-08-15T06:12:47.518954+09:00,その他メディア,,英国ニュースダイジェスト,「バンダイチャンネル」にサイバー攻撃 - 15歳の男子高校生がChatGPTを悪用,https://www.news-digest.co.uk/news/news/japan-news/27302-2026-07-16.html,https://news.ceek.jp/search.cgi?category_id=world&feed=1,ok,,国際
2026-08-15,2026-08-15T06:12:47.518954+09:00,その他メディア,,Abema TIMES,「日本への侮辱」ロ大統領の北方領土訪問を非難,https://times.abema.tv/articles/-/10267237?page=1,https://news.ceek.jp/search.cgi?category_id=world&feed=1,ok,,国際
2026-08-15,2026-08-15T06:12:47.518954+09:00,その他メディア,,英国ニュースダイジェスト,熱波の経済損失43.7億ポンド―労働生産性が低下,https://www.news-digest.co.uk/news/news/uk-news/27299-2026-08-14.html,https://news.ceek.jp/search.cgi?category_id=world&feed=1,ok,,国際
2026-08-15,2026-08-15T06:12:47.518954+09:00,全国紙,全国,日本経済新聞,暑すぎるロンドンバス、運転士が異例のスト 空調設備の改善求める,https://www.nikkei.com/article/DGXZQOUF128HC0S6A810C2000000/,https://news.ceek.jp/search.cgi?category_id=world&feed=1,ok,,国際
2026-08-15,2026-08-15T06:12:47.518954+09:00,地方紙,広島,中国新聞,NY円、159円台前半,https://www.chugoku-np.co.jp/articles/-/879978,https://news.ceek.jp/search.cgi?category_id=local&feed=1,ok,,地方・地域
2026-08-15,2026-08-15T06:12:47.518954+09:00,地方紙,広島,中国新聞,盗難セザンヌ絵画など奪還,https://www.chugoku-np.co.jp/articles/-/879977,https://news.ceek.jp/search.cgi?category_id=local&feed=1,ok,,地方・地域
2026-08-15,2026-08-15T06:12:47.518954+09:00,全国紙,全国,中日新聞,盗難セザンヌ絵画など奪還 伊当局、3点計16億円相当,https://www.chunichi.co.jp/article/1296720,https://news.ceek.jp/search.cgi?category_id=local&feed=1,ok,,地方・地域
2026-08-15,2026-08-15T06:12:47.518954+09:00,その他メディア,,佐賀新聞,「人間究極の惨劇。戦争は二度とあってはならぬ」亡母の遺品に被爆地・広島の手記 神埼市の樋口さん 救護活動、惨状を克明に 8月15日は終戦の日,https://www.saga-s.co.jp/articles/-/1771409,https://news.ceek.jp/search.cgi?category_id=local&feed=1,ok,,地方・地域
2026-08-15,2026-08-15T06:12:47.518954+09:00,全国紙,全国,中日新聞,異常な豪雨、千葉県が庁舎開放 あふれる帰宅困難者に迅速対応,https://www.chunichi.co.jp/article/1296719,https://news.ceek.jp/search.cgi?category_id=local&feed=1,ok,,地方・地域
2026-08-15,2026-08-15T06:12:47.518954+09:00,その他メディア,,神奈川新聞,相模原市民会館、アニメ「はだしのゲン」上映 30日開催、さがみ九条の会,https://www.kanaloco.jp/news/social/article-1297126.html,https://news.ceek.jp/search.cgi?category_id=local&feed=1,ok,,地方・地域
2026-08-15,2026-08-15T06:12:47.518954+09:00,全国紙,全国,毎日新聞,東京大空襲の7756人分「遺骨名簿」 墨田区役所庁舎で発見,https://mainichi.jp/articles/20260814/k00/00m/040/344000c,https://news.ceek.jp/search.cgi?category_id=local&feed=1,ok,,地方・地域
2026-08-15,2026-08-15T06:12:47.518954+09:00,地方紙,広島,中国新聞,15日の高校野球(1) 予定,https://www.chugoku-np.co.jp/articles/-/879972,https://news.ceek.jp/search.cgi?category_id=local&feed=1,ok,,地方・地域
2026-08-15,2026-08-15T06:12:47.518954+09:00,地方紙,広島,中国新聞,15日の高校野球(2) 予定,https://www.chugoku-np.co.jp/articles/-/879973,https://news.ceek.jp/search.cgi?category_id=local&feed=1,ok,,地方・地域
2026-08-15,2026-08-15T06:12:47.518954+09:00,地方紙,広島,中国新聞,15日の高校野球(3) 予定,https://www.chugoku-np.co.jp/articles/-/879974,https://news.ceek.jp/search.cgi?category_id=local&feed=1,ok,,地方・地域
2026-08-15,2026-08-15T06:12:47.518954+09:00,地方紙,広島,中国新聞,15日の高校野球(4) 予定,https://www.chugoku-np.co.jp/articles/-/879975,https://news.ceek.jp/search.cgi?category_id=local&feed=1,ok,,地方・地域
2026-08-15,2026-08-15T06:12:47.518954+09:00,地方紙,広島,中国新聞,「ぬい活」で歴史に触れて,https://www.chugoku-np.co.jp/articles/-/879971,https://news.ceek.jp/search.cgi?category_id=local&feed=1,ok,,地方・地域
2026-08-15,2026-08-15T06:12:47.518954+09:00,その他メディア,,福井新聞,姫野心愛さん、古里で夢のライブ アイドルグループPinkySpice、8月16日に全国ツアー福井公演,https://www.fukuishimbun.co.jp/articles/-/2674783,https://news.ceek.jp/search.cgi?category_id=local&feed=1,ok,,地方・地域
2026-08-15,2026-08-15T06:12:47.518954+09:00,その他メディア,,神奈川新聞,熊本地震で神奈川県警から18人が被災地へ 熊本出身者もケアや防犯指導に,https://www.kanaloco.jp/news/government/article-1297139.html,https://news.ceek.jp/search.cgi?category_id=local&feed=1,ok,,地方・地域
2026-08-15,2026-08-15T06:12:47.518954+09:00,その他メディア,,東海テレビ,滝つぼ付近で泳いでいたインドネシア国籍の27歳男性が溺れて死亡 知人と3人で川遊びに訪れる,https://www.tokai-tv.com/tokainews/feature/article_20260815_47768,https://news.ceek.jp/search.cgi?category_id=local&feed=1,ok,,地方・地域
2026-08-15,2026-08-15T06:12:47.518954+09:00,全国紙,全国,中日新聞,車両基地生まれのビール JR東、交流のきっかけに,https://www.chunichi.co.jp/article/1296716,https://news.ceek.jp/search.cgi?category_id=local&feed=1,ok,,地方・地域
2026-08-15,2026-08-15T06:12:47.518954+09:00,その他メディア,,"日本海新聞, 大阪日日新聞",米子道で事故 江府IC―蒜山IC間上り線 通行止めは解除,https://www.nnn.co.jp/articles/-/783137,https://news.ceek.jp/search.cgi?category_id=local&feed=1,ok,,地方・地域
2026-08-15,2026-08-15T06:12:47.518954+09:00,地方紙,広島,中国新聞,NY株反落、107ドル安,https://www.chugoku-np.co.jp/articles/-/879970,https://news.ceek.jp/search.cgi?category_id=local&feed=1,ok,,地方・地域
2026-08-15,2026-08-15T06:12:47.518954+09:00,全国紙,全国,中日新聞,NY株反落、107ドル安 中東情勢の悪化懸念,https://www.chunichi.co.jp/article/1296717,https://news.ceek.jp/search.cgi?category_id=local&feed=1,ok,,地方・地域
2026-08-15,2026-08-15T06:12:47.518954+09:00,その他メディア,,中部日本放送,母と同じ姿の女性がもうひとり?家族にまつわる不思議な話,https://hicbc.com/magazine/article/?id=radichubu-64599,https://news.ceek.jp/search.cgi?category_id=local&feed=1,ok,,地方・地域
2026-08-15,2026-08-15T06:12:47.518954+09:00,地方紙,広島,中国新聞,車両基地生まれのビール,https://www.chugoku-np.co.jp/articles/-/879969,https://news.ceek.jp/search.cgi?category_id=local&feed=1,ok,,地方・地域
2026-08-15,2026-08-15T06:12:47.518954+09:00,その他メディア,,TBSテレビ,50代女性800万円だまし取られる「あなたは容疑者になっています」警察名乗る男らに指示され封筒に入れた現金500万円を自宅の郵便受けに...さらに要求され300万円振り込む 警察に電話して被害に気づく,https://newsdig.tbs.co.jp/articles/-/2873824?display=1,https://news.ceek.jp/search.cgi?category_id=local&feed=1,ok,,地方・地域
2026-08-15,2026-08-15T06:12:47.518954+09:00,その他メディア,,名古屋テレビ,犬猫以外のペット「エキゾチックアニマル」の駆け込み寺 小さな命を向き合う獣医師に密着 岐阜・大垣市,https://www.nagoyatv.com/news/?id=036763,https://news.ceek.jp/search.cgi?category_id=local&feed=1,ok,,地方・地域
2026-08-15,2026-08-15T06:12:47.518954+09:00,その他メディア,,Jタウンネット,商業施設で呼び出され、駐車場へ行くと凹んだ愛車が。隣には見知らぬ家族が待っていて(埼玉県・40代女性),https://j-town.net/2026/08/15366991.html,https://news.ceek.jp/search.cgi?category_id=local&feed=1,ok,,地方・地域
2026-08-15,2026-08-15T06:12:47.518954+09:00,地方紙,宮城,河北新報,仙台・中江で休業中の銭湯脇に交流拠点「花の湯となり」が完成,https://kahoku.news/articles/20260814khn000019.html,https://news.ceek.jp/search.cgi?category_id=local&feed=1,ok,,地方・地域
2026-08-15,2026-08-15T06:12:47.518954+09:00,地方紙,宮城,河北新報,「最後の空襲」 犠牲者悼む 秋田・土崎空襲から81年で追悼式,https://kahoku.news/articles/20260814khn000033.html,https://news.ceek.jp/search.cgi?category_id=local&feed=1,ok,,地方・地域
2026-08-15,2026-08-15T06:12:47.518954+09:00,地方紙,宮城,河北新報,民間戦没者慰霊碑が継承の危機 劣化進むも、遺族会の解散で管理難しく きょう終戦81年,https://kahoku.news/articles/20260814khn000043.html,https://news.ceek.jp/search.cgi?category_id=local&feed=1,ok,,地方・地域
2026-08-15,2026-08-15T06:12:47.518954+09:00,地方紙,宮城,河北新報,また来たいと思う海の家に 宮城・南三陸の高橋さん、亡き父の店を受け継ぐ,https://kahoku.news/articles/20260814khn000044.html,https://news.ceek.jp/search.cgi?category_id=local&feed=1,ok,,地方・地域
2026-08-15,2026-08-15T06:12:47.518954+09:00,地方紙,宮城,河北新報,津波被災地 ハスの花再び 宮城・石巻の民家の庭,https://kahoku.news/articles/20260814khn000047.html,https://news.ceek.jp/search.cgi?category_id=local&feed=1,ok,,地方・地域
2026-08-15,2026-08-15T06:12:47.518954+09:00,地方紙,宮城,河北新報,民事訴訟って全面デジタル化されたの? <教えてピョン博士>,https://kahoku.news/articles/20260814khn000058.html,https://news.ceek.jp/search.cgi?category_id=local&feed=1,ok,,地方・地域
2026-08-15,2026-08-15T06:12:47.518954+09:00,その他メディア,,TBSテレビ,8/15(土)宮崎県内の交通取り締まり情報,https://newsdig.tbs.co.jp/articles/-/2864437?display=1,https://news.ceek.jp/search.cgi?category_id=local&feed=1,ok,,地方・地域
2026-08-15,2026-08-15T06:12:47.518954+09:00,その他メディア,,TBSテレビ,「情けない」検察の不祥事にOG・住田裕子さん(弁護士) 「怒鳴って自白なんておかしい」お母さん検事としての歩み【前編】,https://newsdig.tbs.co.jp/articles/-/2866070?display=1,https://news.ceek.jp/search.cgi?category_id=local&feed=1,ok,,地方・地域
2026-08-15,2026-08-15T06:12:47.518954+09:00,その他メディア,,TBSテレビ,暴力団との対峙から孫の夕食作りまで...元検事・住田裕子さん(弁護士)がRSKラジオで明かした「無理をしない」生き方【後編】,https://newsdig.tbs.co.jp/articles/-/2866182?display=1,https://news.ceek.jp/search.cgi?category_id=local&feed=1,ok,,地方・地域
2026-08-15,2026-08-15T06:12:47.518954+09:00,その他メディア,,TBSテレビ,「自分の言葉が偽物に思えた」 カンボジアの青年からの問いが変えた、81歳女性の人生【戦後81年】,https://newsdig.tbs.co.jp/articles/-/2869439?display=1,https://news.ceek.jp/search.cgi?category_id=local&feed=1,ok,,地方・地域
2026-08-15,2026-08-15T06:12:47.518954+09:00,その他メディア,,TBSテレビ,「あまりにも悔しくて泣くことが多かった」厳しい4年間を乗り越え「初めて同行した時はびっくり」訪問鍼灸に魅せられて独立 高松良多のターニングポイント,https://newsdig.tbs.co.jp/articles/-/2870664?display=1,https://news.ceek.jp/search.cgi?category_id=local&feed=1,ok,,地方・地域
2026-08-15,2026-08-15T06:12:47.518954+09:00,その他メディア,,TBSテレビ,元広告代理店社員が「しし踊り」の担い手に 遠野に移住して10年 現代音楽と融合させ、新たな表現に挑む 岩手,https://newsdig.tbs.co.jp/articles/-/2872758?display=1,https://news.ceek.jp/search.cgi?category_id=local&feed=1,ok,,地方・地域
2026-08-15,2026-08-15T06:12:47.518954+09:00,その他メディア,,TBSテレビ,JR木次線と芸備線で乗客増加 芸備線一部区間の存廃協議や増便社会実験で注目集まったか 最も多かったのは東海道線大阪・神戸間,https://newsdig.tbs.co.jp/articles/-/2872914?display=1,https://news.ceek.jp/search.cgi?category_id=local&feed=1,ok,,地方・地域
2026-08-15,2026-08-15T06:12:47.518954+09:00,その他メディア,,TBSテレビ,夏休みの夜更かし・朝寝坊は大丈夫?小児科医が教える子どもの生活リズムの戻し方,https://newsdig.tbs.co.jp/articles/-/2873047?display=1,https://news.ceek.jp/search.cgi?category_id=local&feed=1,ok,,地方・地域
2026-08-15,2026-08-15T06:12:47.518954+09:00,その他メディア,,TBSテレビ,ふるさとや行楽地へドライブ...お盆休み期間に多い「車のトラブル」は?重大事故につながる危険も JAFに聞いた「救援出動の主な理由TOP10」,https://newsdig.tbs.co.jp/articles/-/2873390?display=1,https://news.ceek.jp/search.cgi?category_id=local&feed=1,ok,,地方・地域
2026-08-15,2026-08-15T06:12:47.518954+09:00,その他メディア,,TBSテレビ,沈没寸前、艦長は最期に「自分をマストにくくれ!」と言い遺し...348人の魂と水深100mへ沈んだ軍艦「長良」82年ぶりに捉えた姿,https://newsdig.tbs.co.jp/articles/-/2873881?display=1,https://news.ceek.jp/search.cgi?category_id=local&feed=1,ok,,地方・地域
2026-08-15,2026-08-15T06:12:47.518954+09:00,その他メディア,,TBSテレビ,【ソフトバンク8/15注目点】約1か月ぶりの連敗でマジック「30」足踏み・・・3連覇へ秋山幸二氏の視点,https://newsdig.tbs.co.jp/articles/-/2874019?display=1,https://news.ceek.jp/search.cgi?category_id=local&feed=1,ok,,地方・地域
2026-08-15,2026-08-15T06:12:47.518954+09:00,その他メディア,,NEWSつくば,オオタカとハシボソガラスの記憶《鳥撮り三昧》16,https://newstsukuba.jp/62054/15/08/,https://news.ceek.jp/search.cgi?category_id=local&feed=1,ok,,地方・地域
2026-08-15,2026-08-15T06:12:47.518954+09:00,全国紙,全国,朝日新聞,北原白秋の「童謡の散歩道」 小田原に漂う詩情 ゆるやかな時間,https://www.asahi.com/articles/ASV862GHYV86ULOB016M.html,https://news.ceek.jp/search.cgi?category_id=local&feed=1,ok,,地方・地域
2026-08-15,2026-08-15T06:12:47.518954+09:00,全国紙,全国,朝日新聞,あなたと同じ誕生日の被爆者が歩んだ人生 会社員が各地訪ね証言配信,https://www.asahi.com/articles/ASV8D3VXQV8DOIPE00KM.html,https://news.ceek.jp/search.cgi?category_id=local&feed=1,ok,,地方・地域
2026-08-15,2026-08-15T06:12:47.518954+09:00,全国紙,全国,朝日新聞,花火の夜、よみがえる岐阜空襲の記憶 戦死の父に見せたかった平和,https://www.asahi.com/articles/ASV8F0RYJV8FOHGB001M.html,https://news.ceek.jp/search.cgi?category_id=local&feed=1,ok,,地方・地域
2026-08-15,2026-08-15T06:12:47.518954+09:00,全国紙,全国,朝日新聞,「念ずれば花開く」 努力にも勝利にも執念 天理のエース・長尾投手,https://www.asahi.com/articles/ASV8G20PGV8GPOMB008M.html,https://news.ceek.jp/search.cgi?category_id=local&feed=1,ok,,地方・地域
2026-08-15,2026-08-15T06:12:47.518954+09:00,その他メディア,,フジテレビ,【戦後81年 語り継ぐ】1)従軍看護婦として戦地に向かった母...88歳女性の不戦の訴え【岡山・倉敷市】,https://www.fnn.jp/articles/-/1095095,https://news.ceek.jp/search.cgi?category_id=local&feed=1,ok,,地方・地域
2026-08-15,2026-08-15T06:12:47.518954+09:00,地方紙,京都,京都新聞,【京都の歴史】京都府南丹市の「内藤ジョアンの姫伝説」 光秀に散った姫の魂、ムクロジに宿る,https://www.kyoto-np.co.jp/articles/-/1715262,https://news.ceek.jp/search.cgi?category_id=local&feed=1,ok,,地方・地域
2026-08-15,2026-08-15T06:12:47.518954+09:00,地方紙,京都,京都新聞,元特攻隊の千玄室さん「こんなもん、うそや」◆京都で墜落B29にヌード写真◆「京都府民、真剣さ足りぬ」軍部激怒,https://www.kyoto-np.co.jp/articles/-/1769058,https://news.ceek.jp/search.cgi?category_id=local&feed=1,ok,,地方・地域
2026-08-15,2026-08-15T06:12:47.518954+09:00,地方紙,京都,京都新聞,京都府城陽市と姉妹都市の鳥取県三朝町の児童ら、スポーツで交流「ゴール決まりうれしい」,https://www.kyoto-np.co.jp/articles/-/1771862,https://news.ceek.jp/search.cgi?category_id=local&feed=1,ok,,地方・地域
2026-08-15,2026-08-15T06:12:47.518954+09:00,その他メディア,,室蘭民報,4階窓もピカピカ 江尻建設が翔陽中清掃,https://www.muromin.jp/news.php?id=148425,https://news.ceek.jp/search.cgi?category_id=local&feed=1,ok,,地方・地域
2026-08-15,2026-08-15T06:12:47.518954+09:00,その他メディア,,奈良新聞,奈良県香芝市「屯鶴峯地下壕」 公園構想で保存・活用へ 老朽化進み岩盤剥落 - 物言わぬ語り部~戦争遺跡は今(上),https://www.nara-np.co.jp/news/20260815210345.html,https://news.ceek.jp/search.cgi?category_id=local&feed=1,ok,,地方・地域
2026-08-15,2026-08-15T06:12:47.518954+09:00,その他メディア,,奈良新聞,奈良県吉野町がクビアカ防除対策でサクラ被害木伐採の補助制度拡大 調査などで状況把握 チップ化して啓発も,https://www.nara-np.co.jp/news/20260815211345.html,https://news.ceek.jp/search.cgi?category_id=local&feed=1,ok,,地方・地域
2026-08-15,2026-08-15T06:12:47.518954+09:00,地方紙,新潟,新潟日報,新潟県内の港・空港の輸出額2期連続で増加 直江津港の建機類が好調、中東情勢の影響も鮮明 2026年上半期貿易概況速報,https://www.niigata-nippo.co.jp/articles/-/887658,https://news.ceek.jp/search.cgi?category_id=local&feed=1,ok,,地方・地域
2026-08-15,2026-08-15T06:12:47.518954+09:00,地方紙,福岡,西日本新聞,[熊本県]県が422億円専決処分 地震復旧 2階建て仮設住宅も,https://www.nishinippon.co.jp/item/1527062/,https://news.ceek.jp/search.cgi?category_id=local&feed=1,ok,,地方・地域
2026-08-15,2026-08-15T06:12:47.518954+09:00,地方紙,福岡,西日本新聞,[熊本県]熊本市も31億円復旧へ専決処分 避難所運営費用など,https://www.nishinippon.co.jp/item/1527063/,https://news.ceek.jp/search.cgi?category_id=local&feed=1,ok,,地方・地域
2026-08-15,2026-08-15T06:12:47.518954+09:00,地方紙,福岡,西日本新聞,[熊本県]龍峯小2学期は宮地小で 熊本地震校舎傾き大きな亀裂、...,https://www.nishinippon.co.jp/item/1527064/,https://news.ceek.jp/search.cgi?category_id=local&feed=1,ok,,地方・地域
2026-08-15,2026-08-15T06:12:47.518954+09:00,地方紙,福岡,西日本新聞,[佐賀県]新作話芸白石に集結 若手落語家ら「ソーゾーシー」 2...,https://www.nishinippon.co.jp/item/1527065/,https://news.ceek.jp/search.cgi?category_id=local&feed=1,ok,,地方・地域
2026-08-15,2026-08-15T06:12:47.518954+09:00,地方紙,福岡,西日本新聞,[佐賀県]親子で楽しく防災学ぶ 上峰町でイベント 絵本やクイズ...,https://www.nishinippon.co.jp/item/1527066/,https://news.ceek.jp/search.cgi?category_id=local&feed=1,ok,,地方・地域
2026-08-15,2026-08-15T06:12:47.518954+09:00,地方紙,福岡,西日本新聞,[佐賀県]コンビニに車突っ込む、3人けが,https://www.nishinippon.co.jp/item/1527067/,https://news.ceek.jp/search.cgi?category_id=local&feed=1,ok,,地方・地域
2026-08-15,2026-08-15T06:12:47.518954+09:00,地方紙,福岡,西日本新聞,[佐賀県]部下にパワハラ40代警部を訓戒 県警処分,https://www.nishinippon.co.jp/item/1527068/,https://news.ceek.jp/search.cgi?category_id=local&feed=1,ok,,地方・地域
2026-08-15,2026-08-15T06:12:47.518954+09:00,地方紙,福岡,西日本新聞,[佐賀県]県警本部長着任「県民の安全を」 会見で抱負,https://www.nishinippon.co.jp/item/1527069/,https://news.ceek.jp/search.cgi?category_id=local&feed=1,ok,,地方・地域
2026-08-15,2026-08-15T06:12:47.518954+09:00,地方紙,福岡,西日本新聞,[佐賀県]漫画で描く江藤新平 佐賀ゆかり「さがドーン」単行本化...,https://www.nishinippon.co.jp/item/1527070/,https://news.ceek.jp/search.cgi?category_id=local&feed=1,ok,,地方・地域
2026-08-15,2026-08-15T06:12:47.518954+09:00,地方紙,福岡,西日本新聞,[佐賀県]コスメ産業集積へ唐津市でセミナー 来月6日,https://www.nishinippon.co.jp/item/1527071/,https://news.ceek.jp/search.cgi?category_id=local&feed=1,ok,,地方・地域
2026-08-15,2026-08-15T06:12:47.518954+09:00,地方紙,福岡,西日本新聞,「第2の都市」に縁,https://www.nishinippon.co.jp/item/1527073/,https://news.ceek.jp/search.cgi?category_id=local&feed=1,ok,,地方・地域
2026-08-15,2026-08-15T06:12:47.518954+09:00,地方紙,福岡,西日本新聞,[長崎県]朝鮮通信使を250人が再現 対馬,https://www.nishinippon.co.jp/item/1527074/,https://news.ceek.jp/search.cgi?category_id=local&feed=1,ok,,地方・地域
2026-08-15,2026-08-15T06:12:47.518954+09:00,地方紙,福岡,西日本新聞,[長崎県]「エンヤマイト!」壱岐の伝統 カズラ曳き,https://www.nishinippon.co.jp/item/1527075/,https://news.ceek.jp/search.cgi?category_id=local&feed=1,ok,,地方・地域
2026-08-15,2026-08-15T06:12:47.518954+09:00,地方紙,福岡,西日本新聞,[長崎県]美輪さんの魂 円盤で追悼 西海市・音浴博物館があす「...,https://www.nishinippon.co.jp/item/1527076/,https://news.ceek.jp/search.cgi?category_id=local&feed=1,ok,,地方・地域
2026-08-15,2026-08-15T06:12:47.518954+09:00,地方紙,福岡,西日本新聞,[長崎県]親子で「生きた化石」探し 壱岐市でカブトガニ観察会,https://www.nishinippon.co.jp/item/1527077/,https://news.ceek.jp/search.cgi?category_id=local&feed=1,ok,,地方・地域
2026-08-15,2026-08-15T06:12:47.518954+09:00,地方紙,福岡,西日本新聞,ソフトバンクホークス連敗 大津初回に4失点、楽天戦で今季6被弾,https://www.nishinippon.co.jp/item/1527078/,https://news.ceek.jp/search.cgi?category_id=local&feed=1,ok,,地方・地域
2026-08-15,2026-08-15T06:12:47.518954+09:00,地方紙,福岡,西日本新聞,ソフトバンクホークス村上 2年目のドラ1が初1軍昇格,https://www.nishinippon.co.jp/item/1527079/,https://news.ceek.jp/search.cgi?category_id=local&feed=1,ok,,地方・地域
2026-08-15,2026-08-15T06:12:47.518954+09:00,地方紙,福岡,西日本新聞,ソフトバンクホークスがユニホームのデザイン変更 11月に発表予定,https://www.nishinippon.co.jp/item/1527080/,https://news.ceek.jp/search.cgi?category_id=local&feed=1,ok,,地方・地域
2026-08-15,2026-08-15T06:12:47.518954+09:00,地方紙,福岡,西日本新聞,ソフトバンクホークス栗原が2打席連続打点、84打点で近藤に2打点差,https://www.nishinippon.co.jp/item/1527081/,https://news.ceek.jp/search.cgi?category_id=local&feed=1,ok,,地方・地域
2026-08-15,2026-08-15T06:12:47.518954+09:00,地方紙,福岡,西日本新聞,白星遠い大津を王会長が鼓舞【タカ番コラム好球筆打】,https://www.nishinippon.co.jp/item/1527082/,https://news.ceek.jp/search.cgi?category_id=local&feed=1,ok,,地方・地域
2026-08-15,2026-08-15T06:12:47.518954+09:00,地方紙,長野,信濃毎日新聞,〈社説〉戦争記憶の継承 「犠牲者の物語」のその先へ,https://www.shinmai.co.jp/news/article/gf01d9vdftpgf3e481im4ad0,https://news.ceek.jp/search.cgi?category_id=local&feed=1,ok,,地方・地域
2026-08-15,2026-08-15T06:12:47.518954+09:00,その他メディア,,宮崎日日新聞,地域スポーツ(2026年8月15日付),https://www.the-miyanichi.co.jp/miyaspo/spoage/993986.html,https://news.ceek.jp/search.cgi?category_id=local&feed=1,ok,,地方・地域
2026-08-15,2026-08-15T06:12:47.518954+09:00,その他メディア,,宮崎日日新聞,日機装、売上収益前年比18%増の1184億円 26年1~6月期,https://www.the-miyanichi.co.jp/today/kennaiippan/994127.html,https://news.ceek.jp/search.cgi?category_id=local&feed=1,ok,,地方・地域
2026-08-15,2026-08-15T06:12:47.518954+09:00,その他メディア,,宮崎日日新聞,日南学園 横浜に敗退 強豪相手「よくやった」 選手奮闘に万雷拍手,https://www.the-miyanichi.co.jp/today/kennaiippan/994172.html,https://news.ceek.jp/search.cgi?category_id=local&feed=1,ok,,地方・地域
2026-08-15,2026-08-15T06:12:47.518954+09:00,その他メディア,,宮崎日日新聞,最後まで一丸 熱い応援 校内でPV,https://www.the-miyanichi.co.jp/today/kennaiippan/994178.html,https://news.ceek.jp/search.cgi?category_id=local&feed=1,ok,,地方・地域
