date,collected_at,category,region,newspaper,headline,url,source_url,status,error_message,topic
2026-08-27,2026-08-27T09:18:21.980184+09:00,全国紙,全国,読売新聞,,,,skipped,robots.txtが一般クローラー/AI系UAを名指しで包括的にDisallow。2024年1月のToS改定で自動収集・生成AI学習目的の収集を明示的に禁止しているため、自動取得の対象外とする。,
2026-08-27,2026-08-27T09:18:21.980184+09:00,全国紙,全国,朝日新聞,熱海土石流の「思い出の品」、今も千点保管 過去の被災地では廃棄も,http://www.asahi.com/articles/ASV8R0GTGV8RUTPB004M.html,https://www.asahi.com/rss/asahi/newsheadlines.rdf,ok,,社会
2026-08-27,2026-08-27T09:18:21.980184+09:00,全国紙,全国,朝日新聞,横浜園芸博前売り券、発売5カ月で200万枚超え 企業購入など好調,http://www.asahi.com/articles/ASV8V33D2V8VULOB00XM.html,https://www.asahi.com/rss/asahi/newsheadlines.rdf,ok,,社会
2026-08-27,2026-08-27T09:18:21.980184+09:00,全国紙,全国,朝日新聞,「爆撃で呼び出し」も ウクライナの「アキオ」にわいた情と疑念,http://www.asahi.com/articles/ASV8T3K81V8TOIPE016M.html,https://www.asahi.com/rss/asahi/newsheadlines.rdf,ok,,社会
2026-08-27,2026-08-27T09:18:21.980184+09:00,全国紙,全国,朝日新聞,生活道路の30キロ規制「浸透してほしい」 ドライバー周知に課題も,http://www.asahi.com/articles/ASV8V2J1RV8VUTIL03JM.html,https://www.asahi.com/rss/asahi/newsheadlines.rdf,ok,,社会
2026-08-27,2026-08-27T09:18:21.980184+09:00,全国紙,全国,朝日新聞,生活道路の法定速度60→30キロに、9月から 一般道の6~7割か,http://www.asahi.com/articles/ASV8V2F1GV8VUTIL00QM.html,https://www.asahi.com/rss/asahi/newsheadlines.rdf,ok,,社会
2026-08-27,2026-08-27T09:18:21.980184+09:00,全国紙,全国,朝日新聞,娘と別れた男子中学生に脅迫メール数千件? 母親を逮捕 北海道警,http://www.asahi.com/articles/ASV8V4HCWV8VIIPE010M.html,https://www.asahi.com/rss/asahi/newsheadlines.rdf,ok,,社会
2026-08-27,2026-08-27T09:18:21.980184+09:00,全国紙,全国,朝日新聞,中3への指導「違法」、鹿児島市に賠償命令 自殺の予見可能性は否定,http://www.asahi.com/articles/ASV8V3TTWV8VTLTB00HM.html,https://www.asahi.com/rss/asahi/newsheadlines.rdf,ok,,社会
2026-08-27,2026-08-27T09:18:21.980184+09:00,全国紙,全国,朝日新聞,ぶつ切り新幹線どうつなげる? 西九州、アセスへ技術検討会が始動,http://www.asahi.com/articles/ASV8V3F8PV8VTTHB002M.html,https://www.asahi.com/rss/asahi/newsheadlines.rdf,ok,,社会
2026-08-27,2026-08-27T09:18:21.980184+09:00,全国紙,全国,朝日新聞,道路脇に手榴弾?小学校に避難指示、自衛隊出動も「おもちゃ」と判明,http://www.asahi.com/articles/ASV8V35FRV8VIIPE00CM.html,https://www.asahi.com/rss/asahi/newsheadlines.rdf,ok,,社会
2026-08-27,2026-08-27T09:18:21.980184+09:00,全国紙,全国,朝日新聞,授業準備や子どもの相談対応の時間ある? 学校の管理職と現場にずれ,http://www.asahi.com/articles/ASV8V2WB9V8VOXIE02GM.html,https://www.asahi.com/rss/asahi/newsheadlines.rdf,ok,,社会
2026-08-27,2026-08-27T09:18:21.980184+09:00,全国紙,全国,朝日新聞,「選手村造らない」アジア大会 コンテナ型施設並ぶ交流拠点が完成,http://www.asahi.com/articles/ASV8V33SFV8VOIPE007M.html,https://www.asahi.com/rss/asahi/newsheadlines.rdf,ok,,スポーツ
2026-08-27,2026-08-27T09:18:21.980184+09:00,全国紙,全国,朝日新聞,関西六大学連盟の龍谷大学硬式野球部が活動停止 問題行為を受け,http://www.asahi.com/articles/ASV8V248VV8VPLZB00LM.html,https://www.asahi.com/rss/asahi/newsheadlines.rdf,ok,,スポーツ
2026-08-27,2026-08-27T09:18:21.980184+09:00,全国紙,全国,朝日新聞,球界最年長のヤクルト・石川が1軍合流 「結果を残すことに集中」,http://www.asahi.com/articles/ASV8T3SH2V8TUTQP01GM.html,https://www.asahi.com/rss/asahi/newsheadlines.rdf,ok,,スポーツ
2026-08-27,2026-08-27T09:18:21.980184+09:00,全国紙,全国,朝日新聞,全中スケート後継大会、長野市など主体で運営へ 荻原健司市長が表明,http://www.asahi.com/articles/ASV8T3JLHV8TUOOB00CM.html,https://www.asahi.com/rss/asahi/newsheadlines.rdf,ok,,スポーツ
2026-08-27,2026-08-27T09:18:21.980184+09:00,全国紙,全国,朝日新聞,楽天がドミニカ出身右腕と育成契約 独立・香川から久々のNPB選手,http://www.asahi.com/articles/ASV8T2QHPV8TPLXB003M.html,https://www.asahi.com/rss/asahi/newsheadlines.rdf,ok,,スポーツ
2026-08-27,2026-08-27T09:18:21.980184+09:00,全国紙,全国,朝日新聞,100万匹の虫を育てるアース製研究員が語る、猛暑で変わる虫の世界,http://www.asahi.com/articles/ASV8J1TY4V8JPLFA00BM.html,https://www.asahi.com/rss/asahi/newsheadlines.rdf,ok,,ビジネス
2026-08-27,2026-08-27T09:18:21.980184+09:00,全国紙,全国,朝日新聞,在宅勤務、見直し機運高まる 「ハイブリッド型」で管理職の負担増も,http://www.asahi.com/articles/ASV8V0TFQV8VULFA00LM.html,https://www.asahi.com/rss/asahi/newsheadlines.rdf,ok,,ビジネス
2026-08-27,2026-08-27T09:18:21.980184+09:00,全国紙,全国,朝日新聞,楽天支えたau回線、貸し出し終了へ 蜜月変えた最強プランの誤算,http://www.asahi.com/articles/ASV8T4DKCV8TULFA01DM.html,https://www.asahi.com/rss/asahi/newsheadlines.rdf,ok,,ビジネス
2026-08-27,2026-08-27T09:18:21.980184+09:00,全国紙,全国,朝日新聞,中部電力、浜岡原発の廃炉作業めぐり不適切な手続き 近く公表へ,http://www.asahi.com/articles/ASV8V46R2V8VULFA01PM.html,https://www.asahi.com/rss/asahi/newsheadlines.rdf,ok,,ビジネス
2026-08-27,2026-08-27T09:18:21.980184+09:00,全国紙,全国,朝日新聞,MUFG、ポイント還元率変動のクレカ 資産残高に応じ最大1.6%,http://www.asahi.com/articles/ASV8V35C5V8VULFA016M.html,https://www.asahi.com/rss/asahi/newsheadlines.rdf,ok,,ビジネス
2026-08-27,2026-08-27T09:18:21.980184+09:00,全国紙,全国,朝日新聞,茂木外相、クウェートの外相と会談 安定的な原油供給めぐり議論,http://www.asahi.com/articles/ASV8V3C8KV8VUTFK00BM.html,https://www.asahi.com/rss/asahi/newsheadlines.rdf,ok,,政治
2026-08-27,2026-08-27T09:18:21.980184+09:00,全国紙,全国,朝日新聞,【まとめてわかる】沖縄知事選9月13日投開票 過去の争点、今回は,http://www.asahi.com/articles/ASV8V1G9FV8VUTIL02RM.html,https://www.asahi.com/rss/asahi/newsheadlines.rdf,ok,,政治
2026-08-27,2026-08-27T09:18:21.980184+09:00,全国紙,全国,朝日新聞,「自民から持ちかけ」 沖縄県知事選の立候補取り下げ、下地氏が会見,http://www.asahi.com/articles/ASV8V3JGMV8VUTIL01ZM.html,https://www.asahi.com/rss/asahi/newsheadlines.rdf,ok,,政治
2026-08-27,2026-08-27T09:18:21.980184+09:00,全国紙,全国,朝日新聞,アニメなどクリエーター支援 予算倍増650億円を要求へ 文化庁,http://www.asahi.com/articles/ASV8V3HCVV8VUCVL01ZM.html,https://www.asahi.com/rss/asahi/newsheadlines.rdf,ok,,ビジネス
2026-08-27,2026-08-27T09:18:21.980184+09:00,全国紙,全国,朝日新聞,パワハラ認定の横浜市長に「タイムリミット」 議会側が不信任案準備,http://www.asahi.com/articles/ASV8V36JKV8VULOB00NM.html,https://www.asahi.com/rss/asahi/newsheadlines.rdf,ok,,政治
2026-08-27,2026-08-27T09:18:21.980184+09:00,全国紙,全国,朝日新聞,母親が我が子3人を殺害、原因は産後の「精神病」なのか 全米が注目,http://www.asahi.com/articles/ASV8T0HHRV8TUHBI00LM.html,https://www.asahi.com/rss/asahi/newsheadlines.rdf,ok,,国際
2026-08-27,2026-08-27T09:18:21.980184+09:00,全国紙,全国,朝日新聞,ネパールで鉄砲水、157人死亡 ツアー参加の日本人5人連絡取れず,http://www.asahi.com/articles/ASV8V45KXV8VUHBI01TM.html,https://www.asahi.com/rss/asahi/newsheadlines.rdf,ok,,国際
2026-08-27,2026-08-27T09:18:21.980184+09:00,全国紙,全国,朝日新聞,SNS1日2時間に制限 子どもの依存訴訟、メタが2.8兆円で和解,http://www.asahi.com/articles/ASV8V5SN9V8VUHBI022M.html,https://www.asahi.com/rss/asahi/newsheadlines.rdf,ok,,国際
2026-08-27,2026-08-27T09:18:21.980184+09:00,全国紙,全国,朝日新聞,【会見詳報】「決して負けない」 ICC赤根所長が会見で語ったこと,http://www.asahi.com/articles/ASV8V43QVV8VUHBI012M.html,https://www.asahi.com/rss/asahi/newsheadlines.rdf,ok,,国際
2026-08-27,2026-08-27T09:18:21.980184+09:00,全国紙,全国,朝日新聞,米制裁下のICC赤根所長「正義の信念貫く」 強気の陰で「号泣」も,http://www.asahi.com/articles/ASV8V3VJ2V8VUHBI02CM.html,https://www.asahi.com/rss/asahi/newsheadlines.rdf,ok,,国際
2026-08-27,2026-08-27T09:18:21.980184+09:00,全国紙,全国,朝日新聞,流れは一力遼名人、盤石か 芝野虎丸挑戦者はつらい展開 囲碁名人戦,http://www.asahi.com/articles/ASV8V436TV8VUCVL035M.html,https://www.asahi.com/rss/asahi/newsheadlines.rdf,ok,,文化芸能
2026-08-27,2026-08-27T09:18:21.980184+09:00,全国紙,全国,朝日新聞,人生は煮込み料理 綾戸智恵さんの「ええダシ出てる!」引き算の音楽,http://www.asahi.com/articles/ASV8B2138V8BUPQJ00PM.html,https://www.asahi.com/rss/asahi/newsheadlines.rdf,ok,,文化芸能
2026-08-27,2026-08-27T09:18:21.980184+09:00,全国紙,全国,朝日新聞,芝野虎丸挑戦者が見損じか 流れは一気に一力遼名人へ 囲碁名人戦,http://www.asahi.com/articles/ASV8T3QG7V8TUCVL00GM.html,https://www.asahi.com/rss/asahi/newsheadlines.rdf,ok,,文化芸能
2026-08-27,2026-08-27T09:18:21.980184+09:00,全国紙,全国,朝日新聞,今年の24時間テレビは29、30日放送 「家族」通じ社会を考える,http://www.asahi.com/articles/ASV8V1S9HV8VUCVL03CM.html,https://www.asahi.com/rss/asahi/newsheadlines.rdf,ok,,社会
2026-08-27,2026-08-27T09:18:21.980184+09:00,全国紙,全国,朝日新聞,原発テロ対策施設、設置期限を延長へ 規制委が決定 女川は停止回避,http://www.asahi.com/articles/ASV8V14XQV8VUTFL01GM.html,https://www.asahi.com/rss/asahi/newsheadlines.rdf,ok,,
2026-08-27,2026-08-27T09:18:21.980184+09:00,全国紙,全国,朝日新聞,線状降水帯の「正体」とは 地球温暖化の影響の実際と心配のありか,http://www.asahi.com/articles/ASV8S1QQ1V8SUPQJ001M.html,https://www.asahi.com/rss/asahi/newsheadlines.rdf,ok,,社会
2026-08-27,2026-08-27T09:18:21.980184+09:00,全国紙,全国,朝日新聞,美浜3号機、50年超運転へ 規制委が大筋了承、蒸気漏れ防止も要求,http://www.asahi.com/articles/ASV8T2QVPV8TUTFL00SM.html,https://www.asahi.com/rss/asahi/newsheadlines.rdf,ok,,
2026-08-27,2026-08-27T09:18:21.980184+09:00,全国紙,全国,朝日新聞,「がんこ」創業者、小嶋淳司さん死去 たたき上げの知恵で財界に貢献,http://www.asahi.com/articles/ASV8T3QYZV8TPLFA00GM.html,https://www.asahi.com/rss/asahi/newsheadlines.rdf,ok,,おくやみ
2026-08-27,2026-08-27T09:18:21.980184+09:00,全国紙,全国,朝日新聞,エッセイストの玉村豊男さん死去、80歳 長野・東御市でワイナリー,http://www.asahi.com/articles/ASV8T1C4MV8TUCVL00VM.html,https://www.asahi.com/rss/asahi/newsheadlines.rdf,ok,,おくやみ
2026-08-27,2026-08-27T09:18:21.980184+09:00,全国紙,全国,朝日新聞,元衆院議長の綿貫民輔氏死去、99歳 郵政民営化反対で自民一時除名,http://www.asahi.com/articles/ASV8S11GZV8SPJLB002M.html,https://www.asahi.com/rss/asahi/newsheadlines.rdf,ok,,おくやみ
2026-08-27,2026-08-27T09:18:21.980184+09:00,全国紙,全国,毎日新聞,前橋駅北の五差路に改良プロジェクト 山本知事と小川市長が視察,https://mainichi.jp/articles/20260826/k00/00m/040/223000c,https://mainichi.jp/rss/etc/mainichi-flash.rss,ok,,ニュース
2026-08-27,2026-08-27T09:18:21.980184+09:00,全国紙,全国,毎日新聞,石川県立羽咋高校が登校禁止「周辺の道路冠水」 大雨特別警報で,https://mainichi.jp/articles/20260827/k00/00m/040/020000c,https://mainichi.jp/rss/etc/mainichi-flash.rss,ok,,ニュース
2026-08-27,2026-08-27T09:18:21.980184+09:00,全国紙,全国,毎日新聞,教育のいま:元ブルーハーツ梶原さん 「一番ヘビーだった時期」に寄せる思い,https://mainichi.jp/articles/20260826/k00/00m/100/178000c,https://mainichi.jp/rss/etc/mainichi-flash.rss,ok,,ニュース
2026-08-27,2026-08-27T09:18:21.980184+09:00,全国紙,全国,毎日新聞,ネパール大洪水 橋や道路が40キロにわたり損壊、発電所流される,https://mainichi.jp/articles/20260827/k00/00m/030/015000c,https://mainichi.jp/rss/etc/mainichi-flash.rss,ok,,ニュース
2026-08-27,2026-08-27T09:18:21.980184+09:00,全国紙,全国,毎日新聞,NY円、159円台前半 日米金利差を意識、円売りやや優勢,https://mainichi.jp/articles/20260827/k00/00m/020/014000c,https://mainichi.jp/rss/etc/mainichi-flash.rss,ok,,ニュース
2026-08-27,2026-08-27T09:18:21.980184+09:00,全国紙,全国,毎日新聞,北海道新幹線建設沿線にニホンザリガニ広く生息 北大など調査,https://mainichi.jp/articles/20260826/k00/00m/040/226000c,https://mainichi.jp/rss/etc/mainichi-flash.rss,ok,,ニュース
2026-08-27,2026-08-27T09:18:21.980184+09:00,全国紙,全国,毎日新聞,「はだしのゲン」と共に 米美術家メル・チンさんが呼び覚ます声,https://mainichi.jp/articles/20260824/k00/00m/200/289000c,https://mainichi.jp/rss/etc/mainichi-flash.rss,ok,,ニュース
2026-08-27,2026-08-27T09:18:21.980184+09:00,全国紙,全国,毎日新聞,石川、富山に「緊急安全確保」 命を守る行動を 大雨特別警報,https://mainichi.jp/articles/20260827/k00/00m/040/012000c,https://mainichi.jp/rss/etc/mainichi-flash.rss,ok,,ニュース
2026-08-27,2026-08-27T09:18:21.980184+09:00,全国紙,全国,毎日新聞,大型望遠鏡、打ち上げへ ハッブルの数千年分をわずか5年で観測,https://mainichi.jp/articles/20260826/k00/00m/040/380000c,https://mainichi.jp/rss/etc/mainichi-flash.rss,ok,,ニュース
2026-08-27,2026-08-27T09:18:21.980184+09:00,全国紙,全国,毎日新聞,中国向けレアアース採掘、ミャンマーで急増 「紛争経済」指摘も,https://mainichi.jp/articles/20260826/k00/00m/030/390000c,https://mainichi.jp/rss/etc/mainichi-flash.rss,ok,,ニュース
2026-08-27,2026-08-27T09:18:21.980184+09:00,全国紙,全国,毎日新聞,トランプ氏、対イラン協議巡り「まったく急がない」 制裁に自信,https://mainichi.jp/articles/20260827/k00/00m/030/009000c,https://mainichi.jp/rss/etc/mainichi-flash.rss,ok,,ニュース
2026-08-27,2026-08-27T09:18:21.980184+09:00,全国紙,全国,毎日新聞,富山、石川に大雨特別警報 線状降水帯が発生 気象庁,https://mainichi.jp/articles/20260827/k00/00m/040/010000c,https://mainichi.jp/rss/etc/mainichi-flash.rss,ok,,ニュース
2026-08-27,2026-08-27T09:18:21.980184+09:00,全国紙,全国,毎日新聞,東京都、私立中の授業料支援を最大12万円に増額 所得制限なし,https://mainichi.jp/articles/20260825/k00/00m/040/150000c,https://mainichi.jp/rss/etc/mainichi-flash.rss,ok,,ニュース
2026-08-27,2026-08-27T09:18:21.980184+09:00,全国紙,全国,毎日新聞,「戦力外」から再び輝き 東邦ガスの大黒柱は元ヤクルト右腕,https://mainichi.jp/articles/20260825/k00/00m/050/088000c,https://mainichi.jp/rss/etc/mainichi-flash.rss,ok,,ニュース
2026-08-27,2026-08-27T09:18:21.980184+09:00,全国紙,全国,毎日新聞,知床沈没事故で露呈 海上の通信不良「スターリンク」で改善へ,https://mainichi.jp/articles/20260826/k00/00m/040/305000c,https://mainichi.jp/rss/etc/mainichi-flash.rss,ok,,ニュース
2026-08-27,2026-08-27T09:18:21.980184+09:00,全国紙,全国,毎日新聞,もっと社会人野球:JR四国の「虎太郎」 コロナで諦めかけた野球で今、目指すもの,https://mainichi.jp/articles/20260826/k00/00m/050/194000c,https://mainichi.jp/rss/etc/mainichi-flash.rss,ok,,ニュース
2026-08-27,2026-08-27T09:18:21.980184+09:00,全国紙,全国,毎日新聞,仕事仲間を殴り死亡させたか 男性を傷害致死容疑で再逮捕へ,https://mainichi.jp/articles/20260826/k00/00m/040/140000c,https://mainichi.jp/rss/etc/mainichi-flash.rss,ok,,ニュース
2026-08-27,2026-08-27T09:18:21.980184+09:00,全国紙,全国,毎日新聞,もっと社会人野球:「東大球児」が語る社会人球界「サバイバル術」の神髄 都市対抗,https://mainichi.jp/articles/20260826/k00/00m/050/227000c,https://mainichi.jp/rss/etc/mainichi-flash.rss,ok,,ニュース
2026-08-27,2026-08-27T09:18:21.980184+09:00,全国紙,全国,毎日新聞,AI新世紀:「人類絶滅が近づいた」 AI研究の巨匠ベンジオ氏の警告,https://mainichi.jp/articles/20260825/k00/00m/040/049000c,https://mainichi.jp/rss/etc/mainichi-flash.rss,ok,,ニュース
2026-08-27,2026-08-27T09:18:21.980184+09:00,全国紙,全国,毎日新聞,経済プラス:かつて石油業界が反発 復活したナフサ備蓄が直面する厳しい現状,https://mainichi.jp/articles/20260826/k00/00m/020/320000c,https://mainichi.jp/rss/etc/mainichi-flash.rss,ok,,ニュース
2026-08-27,2026-08-27T09:18:21.980184+09:00,全国紙,全国,日本経済新聞,,,,skipped,公式無料RSSなし。著作権ページで自動収集を明確に禁止しているため、自動取得の対象外とする。,
2026-08-27,2026-08-27T09:18:21.980184+09:00,全国紙,全国,産経新聞,富山、石川にレベル5大雨特別警報 避難行動を富山、石川にレベル5大雨特別警報 避難行動を,https://www.sankei.com/article/20260827-JJS6YAYKMBJT5DCLMTMUW3IEGM/,https://www.sankei.com/,ok,,
2026-08-27,2026-08-27T09:18:21.980184+09:00,全国紙,全国,産経新聞,世界遺産認定 快挙生んだ考古学者の苦闘 百年にわたる魂の系譜...,https://www.sankei.com/article/20260815-QFGOV26NZFOPTOI5VG332AGYEA/?outputType=theme_election2026,https://www.sankei.com/,ok,,
2026-08-27,2026-08-27T09:18:21.980184+09:00,全国紙,全国,産経新聞,政府が外国と疑われる不審アカウント把握 高市首相「選挙への影...,https://www.sankei.com/article/20260318-U6PW4754BNE3XKFYBTQWPKM65A/?outputType=theme_election2026,https://www.sankei.com/,ok,,
2026-08-27,2026-08-27T09:18:21.980184+09:00,全国紙,全国,産経新聞,衆院選で国会議員の部屋割り一変 小沢、岡田、安住氏ら自民に明...,https://www.sankei.com/article/20260304-C5JCVB743FEVZMNEAU76GY4VNQ/?outputType=theme_election2026,https://www.sankei.com/,ok,,
2026-08-27,2026-08-27T09:18:21.980184+09:00,全国紙,全国,産経新聞,立正佼成会が衆院選で中道103人推薦 公明合流影響か 前回立...,https://www.sankei.com/article/20260303-EHLBLQ2BTRCSVGSJVFHI5TBX4U/?outputType=theme_election2026,https://www.sankei.com/,ok,,
2026-08-27,2026-08-27T09:18:21.980184+09:00,全国紙,全国,産経新聞,ネパール洪水で死者160人、日本人5人行方不明 ツアー参加も連絡取れず...捜索依頼,https://www.sankei.com/article/20260827-KBJ4GJZQCNJJZLHX4KF5G4BYME/,https://www.sankei.com/,ok,,
2026-08-27,2026-08-27T09:18:21.980184+09:00,全国紙,全国,産経新聞,中国からNASAなど米政府機関にサイバー攻撃 司法省発表、国家安全省関連企業が関与か,https://www.sankei.com/article/20260827-H26W3HTFAJOPPDJU4DOE2LZBRY/,https://www.sankei.com/,ok,,
2026-08-27,2026-08-27T09:18:21.980184+09:00,全国紙,全国,産経新聞,地下アイドル文化、中国で浸透...日本研究の「オタク」プロデュース、中国語歌詞にこだわり,https://www.sankei.com/article/20260827-3MHKMP5CCVIY7L32UQJPDRSS3U/,https://www.sankei.com/,ok,,
2026-08-27,2026-08-27T09:18:21.980184+09:00,全国紙,全国,産経新聞,昭和天皇の改憲論と苦悩 今日を見通したような中国観に驚く,https://www.sankei.com/article/20260827-OJXVKVEJPZPGJOLBIMDCDQCN4M/,https://www.sankei.com/,ok,,
2026-08-27,2026-08-27T09:18:21.980184+09:00,全国紙,全国,産経新聞,猛暑の韓国、クラフトビールどこへ? 市場半減、関係改善で日本製も盛り返す,https://www.sankei.com/article/20260827-XYB6PW4KXBNRBPJWCG4P6BB354/,https://www.sankei.com/,ok,,
2026-08-27,2026-08-27T09:18:21.980184+09:00,全国紙,全国,産経新聞,「いやしくも姑息の計を...」同志社理事長辞任も総長に留まる八田英二氏、「過ち」自覚は?,https://www.sankei.com/article/20260827-P7LCW5RBX5JNPGTEFLUGE2FWZE/,https://www.sankei.com/,ok,,
2026-08-27,2026-08-27T09:18:21.980184+09:00,全国紙,全国,産経新聞,クマの人身被害を防ぐ「熊テクター」が登場 実験で防御効果確認、自治体や猟友会から注文,https://www.sankei.com/article/20260827-AXCYFWGQLVLCFK4EXJTR2WBYTA/,https://www.sankei.com/,ok,,
2026-08-27,2026-08-27T09:18:21.980184+09:00,全国紙,全国,産経新聞,ロシア、ウクライナ攻撃をさらに強化か 「戦術核」使用の可能性指摘する声も 米報道,https://www.sankei.com/article/20260827-MHJCW53M4JIWZMO5KQTWKKBRU4/,https://www.sankei.com/,ok,,
2026-08-27,2026-08-27T09:18:21.980184+09:00,全国紙,全国,産経新聞,年取って「トイレが近い」理由 加齢だけじゃない、足のむくみや認知機能低下も要因に,https://www.sankei.com/article/20260827-ST2FETHPRNMV5CBOAG3G7MIGBQ/,https://www.sankei.com/,ok,,
2026-08-27,2026-08-27T09:18:21.980184+09:00,全国紙,全国,産経新聞,奇跡の全員避難から死者7人 イオン爆発、原則崩した「車の鍵」と露呈したマニュアル不備,https://www.sankei.com/article/20260826-EYFVWMIHL5NQHGYTSUYFBYQPXA/,https://www.sankei.com/,ok,,
2026-08-27,2026-08-27T09:18:21.980184+09:00,全国紙,全国,産経新聞,自律型AI時代をどう生き抜くか?次世代リーダー必見のカンファレンス開催,https://www.sankei.com/article/20260729-JONX5ORFAJBSBG4D2MGTPB6NP4/?outputType=theme_event,https://www.sankei.com/,ok,,
2026-08-27,2026-08-27T09:18:21.980184+09:00,全国紙,全国,産経新聞,「ふくのわプロジェクト」で繋ぐ支援の輪 衣類が変えるパラスポーツの未来,https://www.sankei.com/article/20260407-TWVW43Z2BNAHLIGSULJSRHWT5Y/,https://www.sankei.com/,ok,,
2026-08-27,2026-08-27T09:18:21.980184+09:00,全国紙,全国,産経新聞,石川の4市町が緊急安全確保発表、命を守る行動を,https://www.sankei.com/article/20260827-5VZVMTPSSZM3VBQVZ5N3NMNHWM/,https://www.sankei.com/,ok,,
2026-08-27,2026-08-27T09:18:21.980184+09:00,全国紙,全国,産経新聞,アップルが折り畳み式iPhoneを9月に披露か,https://www.sankei.com/article/20260827-IMDYLA6LCBMBXLJIEX6Y3NOV6Y/,https://www.sankei.com/,ok,,
2026-08-27,2026-08-27T09:18:21.980184+09:00,全国紙,全国,産経新聞,ティム・カリーさん死去 ホーム・アローン2出演,https://www.sankei.com/article/20260827-V6CNDIRNAFMNPOWCVCSGSJUZA4/,https://www.sankei.com/,ok,,
2026-08-27,2026-08-27T09:18:21.980184+09:00,全国紙,全国,東京新聞,「座り過ぎ大国」日本の損失は年2800億円超 「30分に1回、立ち上がって運動」が変える未来,https://www.tokyo-np.co.jp/article/511155,https://www.tokyo-np.co.jp/,ok,,
2026-08-27,2026-08-27T09:18:21.980184+09:00,全国紙,全国,東京新聞,水届いても高齢者「ポリタンク持ち上げられない」 ...熊本地震まもなく1カ月「ラストワンマイル」の課題,https://www.tokyo-np.co.jp/article/511085,https://www.tokyo-np.co.jp/,ok,,
2026-08-27,2026-08-27T09:18:21.980184+09:00,全国紙,全国,東京新聞,トランプ政権、米軍の準機関紙「星条旗新聞」編集長らを解雇 「報道の自由」つぶしが招く日本への影響は?,https://www.tokyo-np.co.jp/article/511156,https://www.tokyo-np.co.jp/,ok,,
2026-08-27,2026-08-27T09:18:21.980184+09:00,全国紙,全国,東京新聞,〈社説〉衆院選挙制度 定数削減を進める愚策,https://www.tokyo-np.co.jp/article/511352,https://www.tokyo-np.co.jp/,ok,,
2026-08-27,2026-08-27T09:18:21.980184+09:00,全国紙,全国,東京新聞,ロッテ2軍・ボールパーク構想が動き出す 「ミスターサブマリン」渡辺俊介さんも君津の夢にわくわく,https://www.tokyo-np.co.jp/article/511062,https://www.tokyo-np.co.jp/,ok,,
2026-08-27,2026-08-27T09:18:21.980184+09:00,全国紙,全国,東京新聞,富山、石川に大雨特別警報 気象庁、線状降水帯が発生,https://www.tokyo-np.co.jp/article/511263,https://www.tokyo-np.co.jp/,ok,,
2026-08-27,2026-08-27T09:18:21.980184+09:00,全国紙,全国,東京新聞,〈社説〉福岡県議会疑惑 辞職で幕引き許されぬ,https://www.tokyo-np.co.jp/article/511353,https://www.tokyo-np.co.jp/,ok,,
2026-08-27,2026-08-27T09:18:21.980184+09:00,全国紙,全国,東京新聞,熊本・近づく新学期に子どもたちは複雑...「体育館は避難所」のまま、被災で「登校できない子も」,https://www.tokyo-np.co.jp/article/511136,https://www.tokyo-np.co.jp/,ok,,
2026-08-27,2026-08-27T09:18:21.980184+09:00,全国紙,全国,東京新聞,飲食料品の「消費税率引き下げ」農家や外食産業にどう影響? 政府の具体的な支援策は,https://www.tokyo-np.co.jp/article/511054,https://www.tokyo-np.co.jp/,ok,,
2026-08-27,2026-08-27T09:18:21.980184+09:00,全国紙,全国,東京新聞,盗んだのは「ヤモリ」 トカゲの死で高まった寂しさ...過去に窃盗を繰り返した65歳男性の「孤立」,https://www.tokyo-np.co.jp/article/511025,https://www.tokyo-np.co.jp/,ok,,
2026-08-27,2026-08-27T09:18:21.980184+09:00,全国紙,全国,東京新聞,南房総白浜に日暮れと共に人がやってきて...光の共演スタート! 灯台のエメラルドタイム、天の川も広がって,https://www.tokyo-np.co.jp/article/510500,https://www.tokyo-np.co.jp/,ok,,
2026-08-27,2026-08-27T09:18:21.980184+09:00,全国紙,全国,東京新聞,浜岡原発の廃炉費用を不正請求か 実際より作業が進んだように報告した疑い...中部電力が社内調査,https://www.tokyo-np.co.jp/article/511171,https://www.tokyo-np.co.jp/,ok,,
2026-08-27,2026-08-27T09:18:21.980184+09:00,全国紙,全国,東京新聞,「クルド人の素顔と豊かな文化を知って」 ヘイトが激化する川口で、展覧会を企画した写真家の思い,https://www.tokyo-np.co.jp/article/511024,https://www.tokyo-np.co.jp/,ok,,
2026-08-27,2026-08-27T09:18:21.980184+09:00,全国紙,全国,東京新聞,ICC赤根智子所長、トランプ氏の圧力に「決して負けない」 日本からの励ましに会見で謝意,https://www.tokyo-np.co.jp/article/511072,https://www.tokyo-np.co.jp/,ok,,
2026-08-27,2026-08-27T09:18:21.980184+09:00,全国紙,全国,東京新聞,〈ブレークスルー2026〉地形くっきり赤色立体地図 新噴火口発見、ハザードマップにも利用 月面の地図も アジア航測フェロー・千葉達朗,https://www.tokyo-np.co.jp/article/511339,https://www.tokyo-np.co.jp/,ok,,
2026-08-27,2026-08-27T09:18:21.980184+09:00,全国紙,全国,東京新聞,スキマバイトで「カイジの世界」を見た高校生からのメール 仮眠は土足の床、「左手輪ゴムの人」と呼ばれ...,https://www.tokyo-np.co.jp/article/377300,https://www.tokyo-np.co.jp/,ok,,
2026-08-27,2026-08-27T09:18:21.980184+09:00,全国紙,全国,東京新聞,〈動画〉望月衣塑子記者が立憲民主・杉尾秀哉氏に聞く 政治団体「ゴリラ」との関係 リベラルの受け皿が必要も...,https://www.tokyo-np.co.jp/article/511098,https://www.tokyo-np.co.jp/,ok,,tag_movie
2026-08-27,2026-08-27T09:18:21.980184+09:00,全国紙,全国,東京新聞,〈ザ・ニュースペーパー 紙上LIVE〉鳥取県人同士、立場は逆転? 飛ぶ鳥取落とす勢いだね~,https://www.tokyo-np.co.jp/article/510907,https://www.tokyo-np.co.jp/,ok,,tag_movie
2026-08-27,2026-08-27T09:18:21.980184+09:00,全国紙,全国,東京新聞,〈動画〉望月衣塑子記者が行く 米トランプ政権のICC赤根所長への制裁 「最も強い言葉で非難」超党派議連,https://www.tokyo-np.co.jp/article/510729,https://www.tokyo-np.co.jp/,ok,,tag_movie
2026-08-27,2026-08-27T09:18:21.980184+09:00,全国紙,全国,東京新聞,関東地方、残暑厳しく館林で38.2°C 東京都心で23日ぶり猛暑日...高島平のサルスベリ並木が見ごろ,https://www.tokyo-np.co.jp/article/510816,https://www.tokyo-np.co.jp/,ok,,square
2026-08-27,2026-08-27T09:18:21.980184+09:00,全国紙,全国,中日新聞,熊本地震 義援金受け付けています,https://www.chunichi.co.jp/article/1291440,https://www.chunichi.co.jp/,ok,,
2026-08-27,2026-08-27T09:18:21.980184+09:00,全国紙,全国,中日新聞,石川県と富山県にレベル5大雨特別警報、線状降水帯が発生 5市町約18万人に緊急安全確保,https://www.chunichi.co.jp/article/1302348,https://www.chunichi.co.jp/,ok,,
2026-08-27,2026-08-27T09:18:21.980184+09:00,全国紙,全国,中日新聞,「これがあればよか」熊本地震被災者の希望が殺到するインスタントハウス、名工大が開発,https://www.chunichi.co.jp/article/1302243,https://www.chunichi.co.jp/,ok,,
2026-08-27,2026-08-27T09:18:21.980184+09:00,全国紙,全国,中日新聞,名鉄犬山線、布袋駅ー犬山駅間で一時運転見合わせ 人身事故の影響,https://www.chunichi.co.jp/article/1302376,https://www.chunichi.co.jp/,ok,,
2026-08-27,2026-08-27T09:18:21.980184+09:00,全国紙,全国,中日新聞,特定技能1号の新規受け入れストップが外食業界に与えた衝撃 外国人材の「争奪戦」始まる,https://www.chunichi.co.jp/article/1302241,https://www.chunichi.co.jp/,ok,,
2026-08-27,2026-08-27T09:18:21.980184+09:00,全国紙,全国,中日新聞,中部電力、浜岡原発の廃炉作業巡り経費不正請求か 実際より作業が進んだように報告した疑い,https://www.chunichi.co.jp/article/1302175,https://www.chunichi.co.jp/,ok,,
2026-08-27,2026-08-27T09:18:21.980184+09:00,全国紙,全国,中日新聞,岐阜市教委、産業医の報酬を同姓同名の別人に6年間振り込み 今年3月まで、総額180万円,https://www.chunichi.co.jp/article/1302118,https://www.chunichi.co.jp/,ok,,
2026-08-27,2026-08-27T09:18:21.980184+09:00,全国紙,全国,中日新聞,名古屋城の金シャチ「藩の財政難でうろこ剥がした」は根拠なし 宇宙線「ミューオン」で分かった本当の意図は...,https://www.chunichi.co.jp/article/1302067,https://www.chunichi.co.jp/,ok,,
2026-08-27,2026-08-27T09:18:21.980184+09:00,全国紙,全国,中日新聞,【動画】これがアジア大会選手団の宿泊拠点 フィットネスセンターや選手間交流エリア初公開,https://www.chunichi.co.jp/article/1302031,https://www.chunichi.co.jp/,ok,,
2026-08-27,2026-08-27T09:18:21.980184+09:00,全国紙,全国,中日新聞,増加分への対応「時間的、物理的に難しい」 名古屋市長、OCA「1.7万人以上」公表受け,https://www.chunichi.co.jp/article/1302178,https://www.chunichi.co.jp/,ok,,
2026-08-27,2026-08-27T09:18:21.980184+09:00,全国紙,全国,中日新聞,中日、今季2度目の5連勝 先発の涌井秀章、亡き恩師・渡辺元智さんにささげる通算170勝目,https://www.chunichi.co.jp/article/1302164,https://www.chunichi.co.jp/,ok,,
2026-08-27,2026-08-27T09:18:21.980184+09:00,全国紙,全国,中日新聞,◆中日公式戦の詳細情報がバッチリわかる 8月26日『中日-阪神』のテーブルスコア【画像】,https://www.chunichi.co.jp/article/1302256,https://www.chunichi.co.jp/,ok,,
2026-08-27,2026-08-27T09:18:21.980184+09:00,全国紙,全国,中日新聞,「移民ビジネス」外国人の受け入れを巡る現実と課題,https://www.chunichi.co.jp/article/1233264,https://www.chunichi.co.jp/,ok,,
2026-08-27,2026-08-27T09:18:21.980184+09:00,全国紙,全国,中日新聞,【南山大&中日新聞ポッドキャスト企画】アメリカを考える~独立宣言から250年の大変動,https://www.chunichi.co.jp/article/1270383,https://www.chunichi.co.jp/,ok,,
2026-08-27,2026-08-27T09:18:21.980184+09:00,全国紙,全国,中日新聞,【第1部・外国人団地】共生を目指す外国人労働者の姿を描く,https://www.chunichi.co.jp/article/1237076,https://www.chunichi.co.jp/,ok,,
2026-08-27,2026-08-27T09:18:21.980184+09:00,全国紙,全国,中日新聞,読者が選んだグッとコラム大賞は...?,https://www.chunichi.co.jp/article/1230731,https://www.chunichi.co.jp/,ok,,
2026-08-27,2026-08-27T09:18:21.980184+09:00,全国紙,全国,中日新聞,【デジタル地図】南海トラフ巨大地震の想定震度マップ。あなたの地域の想定震度をチェック,https://www.chunichi.co.jp/article/1046009,https://www.chunichi.co.jp/,ok,,
2026-08-27,2026-08-27T09:18:21.980184+09:00,全国紙,全国,中日新聞,【動画】ピアニストまらしぃさん、「あいち県民の日」アンバサダーに就任,https://www.chunichi.co.jp/article/1299566,https://www.chunichi.co.jp/,ok,,video
2026-08-27,2026-08-27T09:18:21.980184+09:00,全国紙,全国,中日新聞,【動画】アジア・アジアパラ大会の選手食堂を公開 ハラル食も提供,https://www.chunichi.co.jp/article/1299751,https://www.chunichi.co.jp/,ok,,video
2026-08-27,2026-08-27T09:18:21.980184+09:00,地方紙,北海道,北海道新聞,,,,skipped,公式RSSはあるが、見出し・本文の公開(再配信)を認めない旨の規約があるため自動取得の対象外とする。,
2026-08-27,2026-08-27T09:18:21.980184+09:00,地方紙,宮城,河北新報,,,,skipped,robots.txtが/rss/をDisallowしておりRSS購読不可。私的利用限定・二次利用禁止の規約があるため自動取得の対象外とする。,
2026-08-27,2026-08-27T09:18:21.980184+09:00,地方紙,新潟,新潟日報,,,,skipped,利用規約でデータマイニング・テキストマイニング・AI学習目的の情報処理・解析利用を明示的に禁止しているため自動取得の対象外とする。,
2026-08-27,2026-08-27T09:18:21.980184+09:00,地方紙,長野,信濃毎日新聞,野生鳥獣被害の防護柵の維持、住民に負担感 熊遭遇の恐れ、足場は悪く・・・長野市の作業に同行08/27 06:05「防護柵の修理がつらい」―。長野市松代地区の住民から本紙「声のチカラ」(コエチカ)にこんな投稿が届いた。同地区では主にイノシシによる農作物被害を防ぐため、山際に延長38・6キロの防護柵を設けているという。防護柵は、山からやって来る動物との間に設ける“長城”だが、動物に壊されたり、倒木で倒れたり。修繕作業の担い手は住民...,https://www.shinmai.co.jp/news/article/gf01da79ucam9tl84se1a1ug,https://www.shinmai.co.jp/,ok,,
2026-08-27,2026-08-27T09:18:21.980184+09:00,地方紙,長野,信濃毎日新聞,【熊本地震】長野県から今できる支援は?情報をまとめました08/04 17:00,https://www.shinmai.co.jp/news/article/SHEX2026080300004812,https://www.shinmai.co.jp/,ok,,
2026-08-27,2026-08-27T09:18:21.980184+09:00,地方紙,長野,信濃毎日新聞,長野県北部を中心に大雨 大糸線と飯山線が運休08/27 09:09,https://www.shinmai.co.jp/news/article/gf01da7nmrsaejegpfu3193g,https://www.shinmai.co.jp/,ok,,
2026-08-27,2026-08-27T09:18:21.980184+09:00,地方紙,長野,信濃毎日新聞,神職なり手不足・・・長野県内の神社、重ねる工夫 ハローワークに求人や採用後に資格取得08/27 06:04,https://www.shinmai.co.jp/news/article/gf01da79c02m9tl84se19si0,https://www.shinmai.co.jp/,ok,,
2026-08-27,2026-08-27T09:18:21.980184+09:00,地方紙,長野,信濃毎日新聞,客離れの不安抱えたまま、タクシー値上げ 長野県内の業者、増収期待も先行き不透明08/27 06:03,https://www.shinmai.co.jp/news/article/gf01da7dd5qm9tl84se1b340,https://www.shinmai.co.jp/,ok,,
2026-08-27,2026-08-27T09:18:21.980184+09:00,地方紙,長野,信濃毎日新聞,長野県内25年の外国人の物損事故575件、22年から大幅増 事業者の注意点は08/27 06:02,https://www.shinmai.co.jp/news/article/gf01da7ch72m9tl84se1as5g,https://www.shinmai.co.jp/,ok,,
2026-08-27,2026-08-27T09:18:21.980184+09:00,地方紙,長野,信濃毎日新聞,2おくやみ(8月27日付),https://www.shinmai.co.jp/news/article/gf01da7bv9qm9tl84se1anv0,https://www.shinmai.co.jp/,ok,,
2026-08-27,2026-08-27T09:18:21.980184+09:00,地方紙,長野,信濃毎日新聞,3「女子」って言葉は必要ですか? 若い記者の指摘にハッとした「昭和生まれ世代」の私,https://www.shinmai.co.jp/news/article/gf01da73hd4aejegpfu2tg0g,https://www.shinmai.co.jp/,ok,,
2026-08-27,2026-08-27T09:18:21.980184+09:00,地方紙,長野,信濃毎日新聞,6イオンモール佐久平に80代が運転する車が突っ込む 男性3人けが,https://www.shinmai.co.jp/news/article/gf01da7er3kaejegpfu30avg,https://www.shinmai.co.jp/,ok,,
2026-08-27,2026-08-27T09:18:21.980184+09:00,地方紙,長野,信濃毎日新聞,8〈社説〉クールジャパン 失敗の教訓を受け止めよ,https://www.shinmai.co.jp/news/article/gf01da7bh0caejegpfu2vge0,https://www.shinmai.co.jp/,ok,,
2026-08-27,2026-08-27T09:18:21.980184+09:00,地方紙,長野,信濃毎日新聞,9長野県に野生鳥獣の侵入防ぐ柵の”長城”2282キロ 札幌-那覇の距離、被害は半分以下に,https://www.shinmai.co.jp/news/article/gf01da7bgcsaejegpfu2vfqg,https://www.shinmai.co.jp/,ok,,
2026-08-27,2026-08-27T09:18:21.980184+09:00,地方紙,長野,信濃毎日新聞,10難病で描けぬキャリア...そのとき一目惚れしたキャラの会社へ 松本市の28歳の「推しと働く幸せ」,https://www.shinmai.co.jp/news/article/gf01da6lleam9tl84se16uj0,https://www.shinmai.co.jp/,ok,,
2026-08-27,2026-08-27T09:18:21.980184+09:00,地方紙,長野,信濃毎日新聞,【動画付き】「おらほ村」成果は出たが... 玉村豊男さんの敗北感(「玉村豊男とNAGANO WINEの30年」から)長野県社会主要訃報・おくやみウェブオリジナル東御市08/25 12:26,https://www.shinmai.co.jp/news/article/gf01da6gan2m9tl84se15i9g,https://www.shinmai.co.jp/,ok,,
2026-08-27,2026-08-27T09:18:21.980184+09:00,地方紙,長野,信濃毎日新聞,【4コマ】トンネル多過ぎ問題【ここがわからんばい!信州】長野県主要くらし・話題ウェブオリジナルここがわからんばい!信州08/25 11:30,https://www.shinmai.co.jp/news/article/gf01da3v41pgf3e481imo2tg,https://www.shinmai.co.jp/,ok,,
2026-08-27,2026-08-27T09:18:21.980184+09:00,地方紙,長野,信濃毎日新聞,アウェー熊本戦に現れたオレンジの応援団 AC長野で活躍する先輩に目を輝かせた子どもたち長野県スポーツウェブオリジナルサッカーAC長野パルセイロ08/25 07:30,https://www.shinmai.co.jp/news/article/gf01da62orcaejegpfu2p1g0,https://www.shinmai.co.jp/,ok,,
2026-08-27,2026-08-27T09:18:21.980184+09:00,地方紙,長野,信濃毎日新聞,「信頼は一瞬で崩れる」 山雅の元流経大キャプテンに待っていた落とし穴 ベンチ外の現実受け止め再出発長野県スポーツウェブオリジナルサッカー松本山雅松本市08/25 06:30,https://www.shinmai.co.jp/news/article/gf01da5sbkcaejegpfu2nhlg,https://www.shinmai.co.jp/,ok,,
2026-08-27,2026-08-27T09:18:21.980184+09:00,地方紙,長野,信濃毎日新聞,エメラルド色の池と花々をゆっくり楽しむ 母のリクエストで志賀高原の裏志賀山へ【動画付き】長野県社会信州の山ウェブオリジナル山ノ内町タカシが行く08/23 11:00,https://www.shinmai.co.jp/news/article/gf01da4muh0h93r5kirepfag,https://www.shinmai.co.jp/,ok,,
2026-08-27,2026-08-27T09:18:21.980184+09:00,地方紙,長野,信濃毎日新聞,AC長野・小林監督「守り方を迷ったが・・・メンタルのたくましさ出てきた」熊本戦後の談話長野県スポーツウェブオリジナルサッカーAC長野パルセイロ08/22 22:06,https://www.shinmai.co.jp/news/article/gf01da4pna1gf3e481ims54g,https://www.shinmai.co.jp/,ok,,
2026-08-27,2026-08-27T09:18:21.980184+09:00,地方紙,長野,信濃毎日新聞,けがから復活、唯一無二のリズムを刻むドリブラー 山雅の松岡瑠夢が抱く野心長野県スポーツウェブオリジナルサッカー松本山雅08/21 17:00,https://www.shinmai.co.jp/news/article/gf01da3ttsoh93r5kirelj80,https://www.shinmai.co.jp/,ok,,
2026-08-27,2026-08-27T09:18:21.980184+09:00,地方紙,静岡,静岡新聞,,,https://www.at-s.com/,error,405 Client Error: Not Allowed for url: https://www.at-s.com/,
2026-08-27,2026-08-27T09:18:21.980184+09:00,地方紙,京都,京都新聞,人事異動ポータル,https://www.kyoto-np.co.jp/articles/-/1250583,https://www.kyoto-np.co.jp/,ok,,
2026-08-27,2026-08-27T09:18:21.980184+09:00,地方紙,京都,京都新聞,速報東証、続伸して始まり一時500円超高,https://www.kyoto-np.co.jp/articles/-/1779087,https://www.kyoto-np.co.jp/,ok,,
2026-08-27,2026-08-27T09:18:21.980184+09:00,地方紙,京都,京都新聞,BTSやマドンナと同じ舞台に立った京都市出身のダンサーがいた 「特別な瞬間」に至る道5:30市内マドンナやジャスティン・ビーバーら世界的なアーティストが登場したサッカー・ワールドカップ決勝のハーフタイムショー。その華やかな舞台で踊る一...,https://www.kyoto-np.co.jp/articles/-/1777806,https://www.kyoto-np.co.jp/,ok,,
2026-08-27,2026-08-27T09:18:21.980184+09:00,地方紙,京都,京都新聞,「失礼だが京阪でやれるかネ」大阪市トップが社長に放った67年前の強烈発言 巨大駅に結晶する京阪執念4:50地域大阪市中心部のビジネス街に位置する京阪電車淀屋橋駅(大阪市中央区)は、京阪のDNAを形づくるとも言える存在だ。淀屋橋駅は、天満橋駅(中央区...,https://www.kyoto-np.co.jp/articles/-/1774464,https://www.kyoto-np.co.jp/,ok,,
2026-08-27,2026-08-27T09:18:21.980184+09:00,地方紙,京都,京都新聞,京都府南部の児童相談所で「老朽化」と「人員不足」深刻 「一時保護の受け入れ制限」が課題5:00京都京都府は、建物の老朽化や一時保護の受け入れ体制に課題を抱える南部地域の児童相談所について、施設整備に向けた検討を開始した。対応が必要な虐待...,https://www.kyoto-np.co.jp/articles/-/1777863,https://www.kyoto-np.co.jp/,ok,,
2026-08-27,2026-08-27T09:18:21.980184+09:00,地方紙,京都,京都新聞,福岡県北九州市が発祥の「うどん店」が京都市内に初出店へ 「だし」売り物、京都人の舌に挑む5:15地域北九州市発祥のうどんチェーン「資(すけ)さんうどん」が9月、京都市内に初出店する。運営する外食大手すかいらーくホールディングス(HD、東京...,https://www.kyoto-np.co.jp/articles/-/1777810,https://www.kyoto-np.co.jp/,ok,,
2026-08-27,2026-08-27T09:18:21.980184+09:00,地方紙,京都,京都新聞,滋賀県の知事と市町長がトップ会議 県立高「全県一区制」見直し求める意見に三日月知事の答えは5:10地域滋賀県知事と市町長が意見を交わす県首長会議が、滋賀県野洲市で開かれた。県立高の在り方について三日月大造知事は、少子化による生徒数の急減で,https://www.kyoto-np.co.jp/articles/-/1778515,https://www.kyoto-np.co.jp/,ok,,
2026-08-27,2026-08-27T09:18:21.980184+09:00,地方紙,京都,京都新聞,平成彩った京都出身の人気スターが「引退」花道飾る 7777人が声援、大将軍小や北野中、山城高ゆかり5:30市内京都市出身で、新日本プロレス(新日)で活躍してきた天山広吉選手(55)が8月、東京都の両国国技館で引退試合を戦った。けがで満身創痍(まんし...,https://www.kyoto-np.co.jp/articles/-/1777056,https://www.kyoto-np.co.jp/,ok,,
2026-08-27,2026-08-27T09:18:21.980184+09:00,地方紙,京都,京都新聞,「暑さが一番の敵」熊本地震に派遣された京都の看護師、保健師、栄養士らに聞く 課題は何?5:10市内最大震度7を観測した熊本地震の発生から28日で1カ月になる。26日時点で京都府から67人、京都市から112人の職員が熊本県内に派遣され、被...,https://www.kyoto-np.co.jp/articles/-/1778629,https://www.kyoto-np.co.jp/,ok,,
2026-08-27,2026-08-27T09:18:21.980184+09:00,地方紙,京都,京都新聞,京都府立大と「系属高」になった「農業専門高校」 講義や施設活用で「教育の充実図る」5:00地域,https://www.kyoto-np.co.jp/articles/-/1778229,https://www.kyoto-np.co.jp/,ok,,
2026-08-27,2026-08-27T09:18:21.980184+09:00,地方紙,京都,京都新聞,連立与党入りした高市政権や北陸新幹線延伸ルート合意をどう考える? 維新京都府総支部代表・前原誠司氏に聞く8月26日市内,https://www.kyoto-np.co.jp/articles/-/1777305,https://www.kyoto-np.co.jp/,ok,,
2026-08-27,2026-08-27T09:18:21.980184+09:00,地方紙,京都,京都新聞,京都府中部の住民が北陸新幹線「小浜・京都」で不安視する水源問題 専門家も「掘らないと分からない」8月26日地域,https://www.kyoto-np.co.jp/articles/-/1775880,https://www.kyoto-np.co.jp/,ok,,
2026-08-27,2026-08-27T09:18:21.980184+09:00,地方紙,京都,京都新聞,京都府中部の公立高校「生き残り」に向けた一手は 地元から「なくなっては困る」と言われる存在に8月26日地域,https://www.kyoto-np.co.jp/articles/-/1775143,https://www.kyoto-np.co.jp/,ok,,
2026-08-27,2026-08-27T09:18:21.980184+09:00,地方紙,京都,京都新聞,京都サンガのMF佐藤響 守備が「少しまだ全体的にはまってない」 一問一答8月25日地域,https://www.kyoto-np.co.jp/articles/-/1777161,https://www.kyoto-np.co.jp/,ok,,
2026-08-27,2026-08-27T09:18:21.980184+09:00,地方紙,京都,京都新聞,京都サンガのMF平戸太貴「自分たちで難しい展開にしている」 一問一答8月25日地域,https://www.kyoto-np.co.jp/articles/-/1777160,https://www.kyoto-np.co.jp/,ok,,
2026-08-27,2026-08-27T09:18:21.980184+09:00,地方紙,京都,京都新聞,京都サンガのMF新井晴樹 古巣相手に「シンプルに悔しい」 一問一答8月25日地域,https://www.kyoto-np.co.jp/articles/-/1777162,https://www.kyoto-np.co.jp/,ok,,
2026-08-27,2026-08-27T09:18:21.980184+09:00,地方紙,京都,京都新聞,京都サンガのDF永田倖大が語る開幕3試合の共通点は 見つめる守備の「ずれ」 一問一答8月25日地域,https://www.kyoto-np.co.jp/articles/-/1777058,https://www.kyoto-np.co.jp/,ok,,
2026-08-27,2026-08-27T09:18:21.980184+09:00,地方紙,京都,京都新聞,京都サンガのFWエベルトン・マセイオ サンガデビュー戦で何を意識した 一問一答8月25日地域,https://www.kyoto-np.co.jp/articles/-/1777057,https://www.kyoto-np.co.jp/,ok,,
2026-08-27,2026-08-27T09:18:21.980184+09:00,地方紙,京都,京都新聞,大阪「新たなる進学校」は27年入試から人気爆発となるか 教育改革と共学化、校名変更...脅威的速度で名門に8月25日地域,https://www.kyoto-np.co.jp/articles/-/1773872,https://www.kyoto-np.co.jp/,ok,,
2026-08-27,2026-08-27T09:18:21.980184+09:00,地方紙,京都,京都新聞,京都発こだわり「ジュース」ブランドが有名百貨店に進出 「畑見てなんぼ」社長に宿る始末の心8月25日地域,https://www.kyoto-np.co.jp/articles/-/1769751,https://www.kyoto-np.co.jp/,ok,,
2026-08-27,2026-08-27T09:18:21.980184+09:00,地方紙,兵庫,神戸新聞,生活道路の法定速度30キロに改正 兵庫・瀬戸内沿岸の「全域40キロ」規制、半世紀で廃止 9月から,https://www.kobe-np.co.jp/news/society/202608/0020750309.shtml,https://www.kobe-np.co.jp/,ok,,
2026-08-27,2026-08-27T09:18:21.980184+09:00,地方紙,兵庫,神戸新聞,西宮ガーデンズ、成長軌道再び 18年間の進化、地元から厚い支持,https://www.kobe-np.co.jp/news/economy/202608/0020750299.shtml,https://www.kobe-np.co.jp/,ok,,
2026-08-27,2026-08-27T09:18:21.980184+09:00,地方紙,兵庫,神戸新聞,財政難の赤穂市、正規職員給与を3%削減方針 27年1月~30年3月,https://www.kobe-np.co.jp/news/society/202608/0020750307.shtml,https://www.kobe-np.co.jp/,ok,,
2026-08-27,2026-08-27T09:18:21.980184+09:00,地方紙,兵庫,神戸新聞,姫路市の国際戦略策定へ検討懇話会 六つの数値目標提示,https://www.kobe-np.co.jp/news/himeji/202608/0020749710.shtml,https://www.kobe-np.co.jp/,ok,,
2026-08-27,2026-08-27T09:18:21.980184+09:00,地方紙,兵庫,神戸新聞,呑吐ダム、大川瀬ダムの貯水率低下 三木市が10%の受水量制限開始,https://www.kobe-np.co.jp/news/miki/202608/0020749479.shtml,https://www.kobe-np.co.jp/,ok,,
2026-08-27,2026-08-27T09:18:21.980184+09:00,地方紙,兵庫,神戸新聞,車いすテニス上地選手、地元ファンらに偉業報告「やり切った感ない」,https://www.kobe-np.co.jp/news/akashi/202608/0020749457.shtml,https://www.kobe-np.co.jp/,ok,,
2026-08-27,2026-08-27T09:18:21.980184+09:00,地方紙,兵庫,神戸新聞,「メダル争いし勝ち切る」陸上・田中希実選手、アジア大会へ抱負,https://www.kobe-np.co.jp/news/hokuban/202608/0020749543.shtml,https://www.kobe-np.co.jp/,ok,,
2026-08-27,2026-08-27T09:18:21.980184+09:00,地方紙,兵庫,神戸新聞,<部活動 変わる放課後 コベカツ>(7)新たな種目、生徒集め難航,https://www.kobe-np.co.jp/news/kobe/202608/0020749322.shtml,https://www.kobe-np.co.jp/,ok,,
2026-08-27,2026-08-27T09:18:21.980184+09:00,地方紙,兵庫,神戸新聞,川西市長選 立候補表明の斯波氏「市民の声が反映される市政を」,https://www.kobe-np.co.jp/news/hanshin/202608/0020749373.shtml,https://www.kobe-np.co.jp/,ok,,
2026-08-27,2026-08-27T09:18:21.980184+09:00,地方紙,兵庫,神戸新聞,【表あり】高砂市議選 立候補者アンケート(下)(届け出順),https://www.kobe-np.co.jp/news/richa/202608/0020749654.shtml,https://www.kobe-np.co.jp/,ok,,
2026-08-27,2026-08-27T09:18:21.980184+09:00,地方紙,兵庫,神戸新聞,賀茂幼児園、3歳児の卒園まで閉園延期 保護者らの要望踏まえ決定 加西市教委,https://www.kobe-np.co.jp/news/hokuban/202608/0020749541.shtml,https://www.kobe-np.co.jp/,ok,,
2026-08-27,2026-08-27T09:18:21.980184+09:00,地方紙,兵庫,神戸新聞,<近日公開 9月のオススメ記事>バスケBプレミア、防災DX、「随想」新執筆陣...etc.,https://www.kobe-np.co.jp/news/richa/202608/0020749065.shtml,https://www.kobe-np.co.jp/,ok,,
2026-08-27,2026-08-27T09:18:21.980184+09:00,地方紙,兵庫,神戸新聞,渓流で水遊び,https://www.kobe-np.co.jp/news/seiban/202608/0020749836.shtml,https://www.kobe-np.co.jp/,ok,,
2026-08-27,2026-08-27T09:18:21.980184+09:00,地方紙,兵庫,神戸新聞,<県政リアル 知事就任5年>(6)距離感 離れた大阪、県内首長も模索,https://www.kobe-np.co.jp/news/society/202608/0020681985.shtml,https://www.kobe-np.co.jp/,ok,,
2026-08-27,2026-08-27T09:18:21.980184+09:00,地方紙,兵庫,神戸新聞,<さいとうさんと「私」再び>対立 乗り越えるには 読者の反響編,https://www.kobe-np.co.jp/news/society/202607/0020625928.shtml,https://www.kobe-np.co.jp/,ok,,
2026-08-27,2026-08-27T09:18:21.980184+09:00,地方紙,兵庫,神戸新聞,「住みたい街」西宮、魅力維持へ進化中 タワマン、図書館...中心部の駅前で相次ぐ再開発,https://www.kobe-np.co.jp/news/society/202608/0020742471.shtml,https://www.kobe-np.co.jp/,ok,,
2026-08-27,2026-08-27T09:18:21.980184+09:00,地方紙,兵庫,神戸新聞,神戸市中央区の「危ない交差点」 曲がってすぐの横断歩道に注意 信号見落とすケースも,https://www.kobe-np.co.jp/news/richb/202608/0020746271.shtml,https://www.kobe-np.co.jp/,ok,,
2026-08-27,2026-08-27T09:18:21.980184+09:00,地方紙,兵庫,神戸新聞,無免許でミニバイク運転、明石海峡大橋を爆走 容疑で18歳の男逮捕 県警高速隊,https://www.kobe-np.co.jp/news/jiken/202608/0020751326.shtml,https://www.kobe-np.co.jp/,ok,,
2026-08-27,2026-08-27T09:18:21.980184+09:00,地方紙,兵庫,神戸新聞,大阪・梅田から三田までタクシー無賃乗車 容疑で31歳の男逮捕 三田署,https://www.kobe-np.co.jp/news/jiken/202608/0020751231.shtml,https://www.kobe-np.co.jp/,ok,,
2026-08-27,2026-08-27T09:18:21.980184+09:00,地方紙,兵庫,神戸新聞,自転車で信号待ち中、女性がひったくり未遂被害 前かごのかばん奪われかける 尼崎,https://www.kobe-np.co.jp/news/jiken/202608/0020751219.shtml,https://www.kobe-np.co.jp/,ok,,
2026-08-27,2026-08-27T09:18:21.980184+09:00,地方紙,広島,中国新聞,,,,skipped,利用規約でAI開発目的のディープラーニング等の情報処理・解析利用を明示的に禁止しているため自動取得の対象外とする。,
2026-08-27,2026-08-27T09:18:21.980184+09:00,地方紙,福岡,西日本新聞,,,,skipped,公式RSSはあるが、利用規約でAI学習目的の情報処理・解析利用を明示的に禁止しているため自動取得の対象外とする。,
2026-08-27,2026-08-27T09:18:21.980184+09:00,地方紙,熊本,熊本日日新聞,9月「熊本元気塾」,https://kumanichi.com/event/2029085,https://kumanichi.com/rss.xml,ok,,
2026-08-27,2026-08-27T09:18:21.980184+09:00,地方紙,熊本,熊本日日新聞,東証、続伸して始まり一時500円超高,https://kumanichi.com/articles/2029396,https://kumanichi.com/rss.xml,ok,,
2026-08-27,2026-08-27T09:18:21.980184+09:00,地方紙,熊本,熊本日日新聞,【速報】上天草市で震度1,https://kumanichi.com/articles/2029394,https://kumanichi.com/rss.xml,ok,,
2026-08-27,2026-08-27T09:18:21.980184+09:00,地方紙,熊本,熊本日日新聞,沖縄知事選に6人が届け出,https://kumanichi.com/articles/2029395,https://kumanichi.com/rss.xml,ok,,
2026-08-27,2026-08-27T09:18:21.980184+09:00,地方紙,熊本,熊本日日新聞,為替相場 27日(日本時間 9時),https://kumanichi.com/articles/2029294,https://kumanichi.com/rss.xml,ok,,
2026-08-27,2026-08-27T09:18:21.980184+09:00,地方紙,熊本,熊本日日新聞,◎横浜市長パワハラ問題,https://kumanichi.com/articles/2029389,https://kumanichi.com/rss.xml,ok,,
2026-08-27,2026-08-27T09:18:21.980184+09:00,地方紙,熊本,熊本日日新聞,◎質問主意書,https://kumanichi.com/articles/2029384,https://kumanichi.com/rss.xml,ok,,
2026-08-27,2026-08-27T09:18:21.980184+09:00,地方紙,熊本,熊本日日新聞,◎海軍飛行予科練習生,https://kumanichi.com/articles/2029383,https://kumanichi.com/rss.xml,ok,,
2026-08-27,2026-08-27T09:18:21.980184+09:00,地方紙,熊本,熊本日日新聞,◎特定重大事故等対処施設,https://kumanichi.com/articles/1976081,https://kumanichi.com/rss.xml,ok,,
2026-08-27,2026-08-27T09:18:21.980184+09:00,地方紙,熊本,熊本日日新聞,◎消費税,https://kumanichi.com/articles/1824904,https://kumanichi.com/rss.xml,ok,,
2026-08-27,2026-08-27T09:18:21.980184+09:00,地方紙,鹿児島,南日本新聞,北薩トンネルで被害さらに確認 底部が15メートルにわたり40センチ隆起 地下水上昇が原因か2024年7月に土砂が流入し通行止めが続く北薩トンネル(出水市・さつま町)で、新たにトンネル本体底部のコンクリートが長さ約15メートルにわたって浮き上がる被害を受けていたことが26日分かった。同日県庁であった技術検討委員会で県が報告した。 県道路維持課によると、路面下にあるトンネル底部の厚さ45センチのコンクリートが長さ約15メートル、幅約4メートルにわたり約40センチ隆起していた。地下8月27日 07:00,https://373news.com/news/local/detail/238619/,https://373news.com/,ok,,local
2026-08-27,2026-08-27T09:18:21.980184+09:00,地方紙,鹿児島,南日本新聞,県営住宅の家賃や敷金92万円を着服 20代の鹿児島県職員が懲戒免職、50代課長補佐級はオートバイ事故で減給8月27日 07:30,https://373news.com/news/local/detail/238620/,https://373news.com/,ok,,local
2026-08-27,2026-08-27T09:18:21.980184+09:00,地方紙,鹿児島,南日本新聞,「親に内緒で会いたい」とSNSで連絡 未成年者誘拐の疑いで専門学生の男逮捕8月27日 07:00,https://373news.com/news/local/detail/238617/,https://373news.com/,ok,,local
2026-08-27,2026-08-27T09:18:21.980184+09:00,地方紙,鹿児島,南日本新聞,登山中に落雷受け 49歳男性死亡 霧島連山・大浪池8月27日 06:30,https://373news.com/news/local/detail/238618/,https://373news.com/,ok,,local
2026-08-27,2026-08-27T09:18:21.980184+09:00,地方紙,鹿児島,南日本新聞,鹿児島最賃64円上げ1090円 地方審議会が答申 10月25日適用見込み8月27日 06:30,https://373news.com/news/local/detail/238612/,https://373news.com/,ok,,local
2026-08-27,2026-08-27T09:18:21.980184+09:00,地方紙,鹿児島,南日本新聞,〈中学3年自殺賠償訴訟〉夏休みが明ける時期、あの日に引き戻される――不適切な指導がなければ生きていた...母親、控訴へ「指導で傷つけられることのない社会に」8月27日 06:10,https://373news.com/news/local/detail/238614/,https://373news.com/,ok,,local
2026-08-27,2026-08-27T09:18:21.980184+09:00,地方紙,鹿児島,南日本新聞,匿流受け子か ペルー籍少年逮捕――50代女性から810万円だまし取った容疑...「現金受け取っていない」と否認8月27日 06:00,https://373news.com/news/local/detail/238621/,https://373news.com/,ok,,local
2026-08-27,2026-08-27T09:18:21.980184+09:00,地方紙,鹿児島,南日本新聞,夏休み明け、中学3年の男子生徒が自殺...直前の担任の指導は「違法」 市に33万円賠償命令 予見可能性は認めず8月27日 06:00,https://373news.com/news/local/detail/238616/,https://373news.com/,ok,,local
2026-08-27,2026-08-27T09:18:21.980184+09:00,地方紙,鹿児島,南日本新聞,〈鹿屋市女性殺害〉自宅には1人で帰宅か 午前1時半、店近くに代行を呼ぶ 早朝までに窒息死8月27日 06:00,https://373news.com/news/local/detail/238615/,https://373news.com/,ok,,local
2026-08-27,2026-08-27T09:18:21.980184+09:00,地方紙,鹿児島,南日本新聞,1路上で「耳の手術代50万円貸して」と声かけられ......面識ない70代男性、1年で約3700万円振り込む――詐欺容疑で女逮捕,https://373news.com/news/local/detail/238605/,https://373news.com/,ok,,local
2026-08-27,2026-08-27T09:18:21.980184+09:00,地方紙,鹿児島,南日本新聞,2鹿児島市立西紫原小学校|半世紀愛された愛唱歌がそのまま校歌に,https://373news.com/news/local/detail/238598/,https://373news.com/,ok,,local
2026-08-27,2026-08-27T09:18:21.980184+09:00,地方紙,鹿児島,南日本新聞,4【速報】サッカー天皇杯 J3鹿児島ユナイテッド、J2新潟下し初の3回戦進出,https://373news.com/news/local/detail/238609/,https://373news.com/,ok,,local
2026-08-27,2026-08-27T09:18:21.980184+09:00,地方紙,鹿児島,南日本新聞,5福岡の幼い3人が奪われた飲酒運転事故から20年...鹿児島県警が九州一斉取り締まり 酒気帯び2件含む14件摘発,https://373news.com/news/local/detail/238610/,https://373news.com/,ok,,local
2026-08-27,2026-08-27T09:18:21.980184+09:00,地方紙,鹿児島,南日本新聞,6〈詳報〉遺体発見から1カ月後急転「殺人事件」に...飲食店経営女性(49)未明に帰宅後、殺害されたか 「料理上手で気さく」過去にトラブル相談も,https://373news.com/news/local/detail/238500/,https://373news.com/,ok,,local
2026-08-27,2026-08-27T09:18:21.980184+09:00,地方紙,鹿児島,南日本新聞,7火星の衛星探査へ10月20日出発――JAXA、世界初の試み H3ロケットで打ち上げ,https://373news.com/news/local/detail/238316/,https://373news.com/,ok,,local
2026-08-27,2026-08-27T09:18:21.980184+09:00,地方紙,鹿児島,南日本新聞,8深夜の路上に「不審者」...通報で警察官が駆けつけ職務質問、鞄から包丁のようなもの――「護身用に持っていた」 32歳会社員を現行犯逮捕 銃刀法違反容疑、鹿児島中央署,https://373news.com/news/local/detail/238571/,https://373news.com/,ok,,local
2026-08-27,2026-08-27T09:18:21.980184+09:00,地方紙,鹿児島,南日本新聞,「暑くないから大丈夫」そう言い張る高齢の親...冷房をつけさせたいけど、どう声かけたらいいの?――鹿児島の看護師が教える「否定しない伝え方」は8月20日 11:30,https://373news.com/lineup/kotimina/detail/238277/,https://373news.com/,ok,,
2026-08-27,2026-08-27T09:18:21.980184+09:00,地方紙,鹿児島,南日本新聞,佐々木朗希、6勝目懸け先発 大谷翔平1番、岡本和真は6番8月27日 09:12,https://373news.com/news/national/detail/2026082701000406/,https://373news.com/,ok,,national
2026-08-27,2026-08-27T09:18:21.980184+09:00,地方紙,鹿児島,南日本新聞,富山、石川に大雨特別警報 気象庁、線状降水帯が発生8月27日 05:49,https://373news.com/news/national/detail/2026082701000091/,https://373news.com/,ok,,national
2026-08-27,2026-08-27T09:18:21.980184+09:00,地方紙,鹿児島,南日本新聞,ツアー日本人5人行方不明 ネパール洪水死者160人8月27日 05:39,https://373news.com/news/national/detail/2026082701000078/,https://373news.com/,ok,,national
2026-08-27,2026-08-27T09:18:21.980184+09:00,地方紙,沖縄,琉球新報,,,,skipped,利用規約で複製・複写・送信・頒布・蓄積・転載等を会社の承認なく行うことを広範に禁止しているため自動取得の対象外とする。,
2026-08-27,2026-08-27T09:18:21.980184+09:00,地方紙,沖縄,沖縄タイムス,【速報】沖縄知事選が告示、過去最多6人が届け出 古謝、玉城両氏の事実上の一騎打ちへ(27日午前8時50分)8月27日 8:41沖縄県知事選,https://www.okinawatimes.co.jp/articles/-/1910706,https://www.okinawatimes.co.jp/,ok,,
2026-08-27,2026-08-27T09:18:21.980184+09:00,地方紙,沖縄,沖縄タイムス,国場衆院議員、自民本部に抗議 下地氏との政策協定「地元を頭越しにする決定」7:32#沖縄県知事選,https://www.okinawatimes.co.jp/articles/-/1910535,https://www.okinawatimes.co.jp/,ok,,
2026-08-27,2026-08-27T09:18:21.980184+09:00,地方紙,沖縄,沖縄タイムス,那覇―米本土に直行便 沖縄復帰後初 ユナイテッド航空、来年3月から6:02有料#那覇空港,https://www.okinawatimes.co.jp/articles/-/1910480,https://www.okinawatimes.co.jp/,ok,,
2026-08-27,2026-08-27T09:18:21.980184+09:00,地方紙,沖縄,沖縄タイムス,【沖縄知事選】水面下で動いた「3人のキーマン」 下地幹郎氏、立候補取り下げの舞台裏7:00有料#沖縄県知事選,https://www.okinawatimes.co.jp/articles/-/1910532,https://www.okinawatimes.co.jp/,ok,,
2026-08-27,2026-08-27T09:18:21.980184+09:00,地方紙,沖縄,沖縄タイムス,沖縄知事選きょう告示 玉城氏と古謝氏が対決へ 新基地や振興策など争点4:00#沖縄県知事選,https://www.okinawatimes.co.jp/articles/-/1910479,https://www.okinawatimes.co.jp/,ok,,
2026-08-27,2026-08-27T09:18:21.980184+09:00,地方紙,沖縄,沖縄タイムス,「ワンダおばさんのチーズケーキ」海外販路を開拓へ 米国の沖縄フェアでPR8:22有料#沖縄の経済,https://www.okinawatimes.co.jp/articles/-/1910413,https://www.okinawatimes.co.jp/,ok,,
2026-08-27,2026-08-27T09:18:21.980184+09:00,地方紙,沖縄,沖縄タイムス,下地幹郎氏「当選見えない」 沖縄知事選、立候補取りやめ理由を説明5:38有料#沖縄県知事選,https://www.okinawatimes.co.jp/articles/-/1910610,https://www.okinawatimes.co.jp/,ok,,
2026-08-27,2026-08-27T09:18:21.980184+09:00,地方紙,沖縄,沖縄タイムス,「沖縄のお盆はやっぱりエイサーがないとね」 台風で初日は中止も、力強い演舞でご先祖さまを歓待【動画あり】7:49#沖縄市,https://www.okinawatimes.co.jp/articles/-/1910481,https://www.okinawatimes.co.jp/,ok,,
2026-08-27,2026-08-27T09:18:21.980184+09:00,地方紙,沖縄,沖縄タイムス,【台風18号】沖縄本島全域で暴風警報を解除 北部を中心に2810戸停電10:27#台風,https://www.okinawatimes.co.jp/articles/-/1909706,https://www.okinawatimes.co.jp/,ok,,
2026-08-27,2026-08-27T09:18:21.980184+09:00,地方紙,沖縄,沖縄タイムス,[大弦小弦]時計店の閉店5:55有料#大弦小弦,https://www.okinawatimes.co.jp/articles/-/1910484,https://www.okinawatimes.co.jp/,ok,,
2026-08-27,2026-08-27T09:18:21.980184+09:00,地方紙,沖縄,沖縄タイムス,フィリピンを拠点に「かけ子」か 詐欺の疑いで21歳の男逮捕 沖縄県警20:23有料#事件・事故,https://www.okinawatimes.co.jp/articles/-/1910278,https://www.okinawatimes.co.jp/,ok,,
2026-08-27,2026-08-27T09:18:21.980184+09:00,地方紙,沖縄,沖縄タイムス,【沖縄知事選】下地幹郎氏、古謝玄太氏の支援を表明 立候補取りやめで会見|動画あり17:35#沖縄県知事選,https://www.okinawatimes.co.jp/articles/-/1910137,https://www.okinawatimes.co.jp/,ok,,
2026-08-27,2026-08-27T09:18:21.980184+09:00,地方紙,沖縄,沖縄タイムス,【WEB限定】「日本のトップが幹郎を買ってくれたと信じたい」 下地氏の立候補取りやめ、後援会長と記者団のやり取り全文 沖縄知事選15:56有料#沖縄知事選,https://www.okinawatimes.co.jp/articles/-/1910067,https://www.okinawatimes.co.jp/,ok,,
2026-08-27,2026-08-27T09:18:21.980184+09:00,地方紙,沖縄,沖縄タイムス,路駐の車からバッグ盗んだ容疑 無職の17歳少年を逮捕 那覇署20:13有料#事件・事故,https://www.okinawatimes.co.jp/articles/-/1910281,https://www.okinawatimes.co.jp/,ok,,
2026-08-27,2026-08-27T09:18:21.980184+09:00,地方紙,沖縄,沖縄タイムス,【知事選立候補取りやめ】下地幹郎氏、これまでのキャリアを振り返る 独自の政策提言も15:04有料#下地幹郎,https://www.okinawatimes.co.jp/articles/-/1910036,https://www.okinawatimes.co.jp/,ok,,
2026-08-27,2026-08-27T09:18:21.980184+09:00,地方紙,沖縄,沖縄タイムス,東証、続伸して始まり一時500円超高9:03#全国の経済,https://www.okinawatimes.co.jp/articles/-/1910714,https://www.okinawatimes.co.jp/,ok,,
2026-08-27,2026-08-27T09:18:21.980184+09:00,地方紙,沖縄,沖縄タイムス,仲座健太 さんがコメント(8月26日 9:33),https://www.okinawatimes.co.jp/articles/-/1909534,https://www.okinawatimes.co.jp/,ok,,
2026-08-27,2026-08-27T09:18:21.980184+09:00,地方紙,沖縄,沖縄タイムス,波名城翔 さんがコメント(8月26日 7:33),https://www.okinawatimes.co.jp/articles/-/1908653,https://www.okinawatimes.co.jp/,ok,,
2026-08-27,2026-08-27T09:18:21.980184+09:00,その他メディア,,デイリースポーツ,沖縄知事選事実上一騎打ち,https://www.daily.co.jp/society/politics/2026/08/27/0020751283.shtml,https://news.ceek.jp/search.cgi?category_id=politics&feed=1,ok,,政治
2026-08-27,2026-08-27T09:18:21.980184+09:00,その他メディア,,テレビ朝日,石川・富山でレベル5大雨特別警報 総理官邸 危機管理センターに官邸連絡室を設置,https://news.tv-asahi.co.jp/news_politics/articles/000529042.html,https://news.ceek.jp/search.cgi?category_id=politics&feed=1,ok,,政治
2026-08-27,2026-08-27T09:18:21.980184+09:00,全国紙,全国,東京新聞,高市首相の一日 8月26日(水),https://www.tokyo-np.co.jp/article/511355,https://news.ceek.jp/search.cgi?category_id=politics&feed=1,ok,,政治
2026-08-27,2026-08-27T09:18:21.980184+09:00,全国紙,全国,産経新聞,ネパール洪水で日本人5人不明、高市早苗首相が状況案じる 安否情報の提供を呼びかけ,https://www.sankei.com/article/20260827-JVE2EPHDRNL3BOSEUE7TJBO64M/,https://news.ceek.jp/search.cgi?category_id=politics&feed=1,ok,,政治
2026-08-27,2026-08-27T09:18:21.980184+09:00,その他メディア,,テレビ朝日,高市総理「身の安全確保し最大級の警戒を」 石川県で「レベル5大雨特別警報」,https://news.tv-asahi.co.jp/news_politics/articles/000529076.html,https://news.ceek.jp/search.cgi?category_id=politics&feed=1,ok,,政治
2026-08-27,2026-08-27T09:18:21.980184+09:00,その他メディア,,時事通信,不明邦人の情報提供呼び掛け 高市首相、ネパール洪水で,https://www.jiji.com/jc/article?k=2026082700193&g=pol,https://news.ceek.jp/search.cgi?category_id=politics&feed=1,ok,,政治
2026-08-27,2026-08-27T09:18:21.980184+09:00,全国紙,全国,朝日新聞,鳥取・大山の食パン投棄、知事「廃棄物処理法に抵触」 行為者特定へ,https://www.asahi.com/articles/ASV8V3C8WV8VPUUB001M.html,https://news.ceek.jp/search.cgi?category_id=politics&feed=1,ok,,政治
2026-08-27,2026-08-27T09:18:21.980184+09:00,その他メディア,,Abema TIMES,"本当に価格下がる?マンション“短期売買に課税強化""自民党内から対策案浮上...投機目的売買の歯止め狙うも「効果は限定的」肉乃小路ニクヨ氏が分析",https://times.abema.tv/articles/-/10269264?page=1,https://news.ceek.jp/search.cgi?category_id=politics&feed=1,ok,,政治
2026-08-27,2026-08-27T09:18:21.980184+09:00,その他メディア,,アサ芸プラス,「北朝鮮製パソコン」を使用したら人民が金正恩に「中身を自動監視」「データ書き換え」される「怖いOS」,https://www.asagei.com/excerpt/349261,https://news.ceek.jp/search.cgi?category_id=politics&feed=1,ok,,政治
2026-08-27,2026-08-27T09:18:21.980184+09:00,その他メディア,,現代ビジネス,なぜ千葉で観測史上初の浸水が起きたのか?「川があふれていないのに街が沈む」内水氾濫の構造と、私たちが迫られる覚悟,https://gendai.media/articles/-/170508,https://news.ceek.jp/search.cgi?category_id=politics&feed=1,ok,,政治
2026-08-27,2026-08-27T09:18:21.980184+09:00,その他メディア,,JBpress,中東の戦争が世界の戦争をつなぎ始めた、イラン戦争が生む新たな「合従連衡」ミサイル、無人機、石油を通じて中東・欧州・インド太平洋の戦場が一つにつながる時代,https://jbpress.ismedia.jp/articles/-/96626,https://news.ceek.jp/search.cgi?category_id=politics&feed=1,ok,,政治
2026-08-27,2026-08-27T09:18:21.980184+09:00,その他メディア,,JBpress,「太っている人は自己管理ができない」はなぜ生まれたか、イケメンは本当に美しいのか、歴史が作る感性と偏見の構造【著者に聞く】『身体の美学入門 感性から捉えなおす人間の本質』の伊藤亜紗が語る感性の成り立ち,https://jbpress.ismedia.jp/articles/-/96680,https://news.ceek.jp/search.cgi?category_id=politics&feed=1,ok,,政治
2026-08-27,2026-08-27T09:18:21.980184+09:00,その他メディア,,JBpress,手術ロボの勝負はアーム精度から「事務処理AI」へ...勃発するアップル型vsアンドロイド型の覇権争いフィジカルAIの実装が始まった手術ロボット業界(2),https://jbpress.ismedia.jp/articles/-/96690,https://news.ceek.jp/search.cgi?category_id=politics&feed=1,ok,,政治
2026-08-27,2026-08-27T09:18:21.980184+09:00,その他メディア,,JBpress,ビットコイン最悪シナリオは? 「ガチホ神話」崩壊・メタプラ赤字より怖い後発の破綻、停滞相場が上向く条件焦点はストラテジーに続く売却・撤退がどこまで広がるか、ETFへの資金流入が停滞打破のカギ,https://jbpress.ismedia.jp/articles/-/96691,https://news.ceek.jp/search.cgi?category_id=politics&feed=1,ok,,政治
2026-08-27,2026-08-27T09:18:21.980184+09:00,全国紙,全国,朝日新聞,安倍首相「僕だからできた」 特定技能、移民否定が生んだ「ひずみ」,https://www.asahi.com/articles/ASV780TV8V78UHBI00SM.html,https://news.ceek.jp/search.cgi?category_id=politics&feed=1,ok,,政治
2026-08-27,2026-08-27T09:18:21.980184+09:00,その他メディア,,テレビ朝日,"熊本地震支援策とりまとめへ “九州応援割""旅行割引など",https://news.tv-asahi.co.jp/news_politics/articles/000529022.html,https://news.ceek.jp/search.cgi?category_id=politics&feed=1,ok,,政治
2026-08-27,2026-08-27T09:18:21.980184+09:00,全国紙,全国,産経新聞,高市日誌26日(水),https://www.sankei.com/article/20260827-EAQWQLCSMJKPXOHQCGE3EYJGKM/,https://news.ceek.jp/search.cgi?category_id=politics&feed=1,ok,,政治
2026-08-27,2026-08-27T09:18:21.980184+09:00,全国紙,全国,読売新聞,消費税減税 注文相次ぐ 自民税調 手厚い農家支援 要求,https://www.yomiuri.co.jp/politics/20260826-GYT1T00406/,https://news.ceek.jp/search.cgi?category_id=politics&feed=1,ok,,政治
2026-08-27,2026-08-27T09:18:21.980184+09:00,全国紙,全国,読売新聞,厚労省概算要求36・5兆円 過去最大 高齢化で社保費増,https://www.yomiuri.co.jp/politics/20260826-GYT1T00407/,https://news.ceek.jp/search.cgi?category_id=politics&feed=1,ok,,政治
2026-08-27,2026-08-27T09:18:21.980184+09:00,全国紙,全国,読売新聞,3党協議、公明 「完全撤退」視野に慎重立民に圧力...中道には先行合流迫る,https://www.yomiuri.co.jp/politics/20260826-GYT1T00408/,https://news.ceek.jp/search.cgi?category_id=politics&feed=1,ok,,政治
2026-08-27,2026-08-27T09:18:21.980184+09:00,全国紙,全国,読売新聞,高市首相の一日(26日),https://www.yomiuri.co.jp/politics/20260827-GYT1T00031/,https://news.ceek.jp/search.cgi?category_id=politics&feed=1,ok,,政治
2026-08-27,2026-08-27T09:18:21.980184+09:00,その他メディア,,WEDGE Infinity,<「親日派問題」で読み解く韓国、歴史的変遷を見誤るな>実利と信頼を両立させる視点 ~後編~,https://wedge.ismedia.jp/articles/-/40981,https://news.ceek.jp/search.cgi?category_id=politics&feed=1,ok,,政治
2026-08-27,2026-08-27T09:18:21.980184+09:00,その他メディア,,WEDGE Infinity,〈国民必読!〉民主政治の主権者は市場にあらず...それでも市場を無視できない理由とは?日本人一人ひとりが認識すべきこと,https://wedge.ismedia.jp/articles/-/41006,https://news.ceek.jp/search.cgi?category_id=politics&feed=1,ok,,政治
2026-08-27,2026-08-27T09:18:21.980184+09:00,全国紙,全国,日本経済新聞,自衛隊病院、継戦能力向上へ有事の病床増 横須賀・福岡・那覇に新診療科,https://www.nikkei.com/article/DGXZQOUA2170Q0R20C26A8000000/,https://news.ceek.jp/search.cgi?category_id=politics&feed=1,ok,,政治
2026-08-27,2026-08-27T09:18:21.980184+09:00,全国紙,全国,読売新聞,[政策点検 高市政権]<インタビュー>経済成長 次の一手を 改憲 与党の本気感じず...国民民主党代表 玉木雄一郎氏,https://www.yomiuri.co.jp/politics/20260826-GYT1T00412/,https://news.ceek.jp/search.cgi?category_id=politics&feed=1,ok,,政治
2026-08-27,2026-08-27T09:18:21.980184+09:00,全国紙,全国,読売新聞,専門領域特化AI開発 1008億円要求へ 創薬・窓口対応など,https://www.yomiuri.co.jp/politics/20260827-GYT1T00032/,https://news.ceek.jp/search.cgi?category_id=politics&feed=1,ok,,政治
2026-08-27,2026-08-27T09:18:21.980184+09:00,全国紙,全国,読売新聞,立民が中道への合流見送りで調整、3党党首会談で伝達へ...「完全合流」求める公明の反発必至,https://www.yomiuri.co.jp/politics/20260827-GYT1T00034/,https://news.ceek.jp/search.cgi?category_id=politics&feed=1,ok,,政治
2026-08-27,2026-08-27T09:18:21.980184+09:00,全国紙,全国,読売新聞,地域産業集積 新規19件 政府選定へ 富山・薬、新潟・アニメ,https://www.yomiuri.co.jp/politics/20260827-GYT1T00036/,https://news.ceek.jp/search.cgi?category_id=politics&feed=1,ok,,政治
2026-08-27,2026-08-27T09:18:21.980184+09:00,全国紙,全国,毎日新聞,立憲が中道、公明との早期合流断念へ 地方から反対根強く,https://mainichi.jp/articles/20260826/k00/00m/010/321000c,https://news.ceek.jp/search.cgi?category_id=politics&feed=1,ok,,政治
2026-08-27,2026-08-27T09:18:21.980184+09:00,その他メディア,,WEDGE Infinity,ラテンアメリカに〝静かに〟食い込む中国...「一帯一路」からの戦略転換、確立しつつある依存的関与,https://wedge.ismedia.jp/articles/-/40991,https://news.ceek.jp/search.cgi?category_id=politics&feed=1,ok,,政治
2026-08-27,2026-08-27T09:18:21.980184+09:00,全国紙,全国,毎日新聞,首相日々 26日,https://mainichi.jp/articles/20260827/ddm/012/010/063000c,https://news.ceek.jp/search.cgi?category_id=politics&feed=1,ok,,政治
2026-08-27,2026-08-27T09:18:21.980184+09:00,全国紙,全国,日本経済新聞,消費減税・給付の財源、野党が法人増税を提起 自民党に同調論,https://www.nikkei.com/article/DGXZQOUA1947B0Z10C26A8000000/,https://news.ceek.jp/search.cgi?category_id=politics&feed=1,ok,,政治
2026-08-27,2026-08-27T09:18:21.980184+09:00,全国紙,全国,産経新聞,中国・チベットの土石流で3人死亡、265人が行方不明 国営新華社通信が報道,https://www.sankei.com/article/20260827-GUWUUIQSYVOQBF47NRIZTX4P5Y/,https://news.ceek.jp/search.cgi?category_id=politics&feed=1,ok,,政治
2026-08-27,2026-08-27T09:18:21.980184+09:00,その他メディア,,テレビ朝日,「サンラグ方式」って何だ?選挙制度の最適解とは?,https://news.tv-asahi.co.jp/news_politics/articles/000528989.html,https://news.ceek.jp/search.cgi?category_id=politics&feed=1,ok,,政治
2026-08-27,2026-08-27T09:18:21.980184+09:00,全国紙,全国,日本経済新聞,26日の高市首相の動静,https://www.nikkei.com/article/DGXZQOUA260OV0W6A820C2000000/,https://news.ceek.jp/search.cgi?category_id=politics&feed=1,ok,,政治
2026-08-27,2026-08-27T09:18:21.980184+09:00,全国紙,全国,日本経済新聞,「国際法の盾」使いにくく 日本政府の対応、欧州より控えめ,https://www.nikkei.com/article/DGXZQOUA257DT0V20C26A8000000/,https://news.ceek.jp/search.cgi?category_id=politics&feed=1,ok,,政治
2026-08-27,2026-08-27T09:18:21.980184+09:00,その他メディア,,テレビ朝日,中道の立憲出身者が意見交換会 3党合流めぐり,https://news.tv-asahi.co.jp/news_politics/articles/000528960.html,https://news.ceek.jp/search.cgi?category_id=politics&feed=1,ok,,政治
2026-08-27,2026-08-27T09:18:21.980184+09:00,全国紙,全国,産経新聞,維新、要請あれば「入閣する」 吉村代表が内閣改造めぐり明言 ポストは高市首相と調整,https://www.sankei.com/article/20260826-JOQBLVK3QBJ43C467MVC4MP4A4/,https://news.ceek.jp/search.cgi?category_id=politics&feed=1,ok,,政治
2026-08-27,2026-08-27T09:18:21.980184+09:00,全国紙,全国,産経新聞,特別区名に「大阪市」は混同の恐れ 府市幹部が懸念表明 維新は市民から意見募集へ,https://www.sankei.com/article/20260826-YMA66YDDYJISLACAGT5H3PFZNI/,https://news.ceek.jp/search.cgi?category_id=politics&feed=1,ok,,政治
2026-08-27,2026-08-27T09:18:21.980184+09:00,全国紙,全国,読売新聞,沖縄県知事選不出馬の下地幹郎氏、自民など推薦の新人・古謝玄太氏支援の方針表明,https://www.yomiuri.co.jp/election/20260826-GYT1T00294/,https://news.ceek.jp/search.cgi?category_id=politics&feed=1,ok,,政治
2026-08-27,2026-08-27T09:18:21.980184+09:00,全国紙,全国,産経新聞,<独自>消費税「中間申告」に1%適用の特例 飲食料品減税で政府検討 事業者負担軽減,https://www.sankei.com/article/20260826-7PPBCTSMABMXBFCM5P6RKBCCCM/,https://news.ceek.jp/search.cgi?category_id=politics&feed=1,ok,,政治
2026-08-27,2026-08-27T09:18:21.980184+09:00,全国紙,全国,産経新聞,外国人受け入れ、何人まで? 与党に溝 人手か総量管理か,https://www.sankei.com/article/20260826-AVFENPBGTRNCHFF77IAM44XFFY/,https://news.ceek.jp/search.cgi?category_id=politics&feed=1,ok,,政治
2026-08-27,2026-08-27T09:18:21.980184+09:00,全国紙,全国,産経新聞,復党は「ありません」 沖縄知事選 出馬断念の下地幹郎氏、自民などが推す古謝氏を支援,https://www.sankei.com/article/20260826-4JG24BRS2FLFTARZVAESRDJLQU/,https://news.ceek.jp/search.cgi?category_id=politics&feed=1,ok,,政治
2026-08-27,2026-08-27T09:18:21.980184+09:00,その他メディア,,日本テレビ,ICC・赤根所長会見で日本政府の反応 日米関係...難しい対応迫られる,https://news.ntv.co.jp/category/politics/61966698ed9d4b64a8e60f31cdf2e61a,https://news.ceek.jp/search.cgi?category_id=politics&feed=1,ok,,政治
2026-08-27,2026-08-27T09:18:21.980184+09:00,全国紙,全国,毎日新聞,告示直前の不出馬表明 沖縄知事選「保守一本化」で構図一変,https://mainichi.jp/articles/20260826/k00/00m/010/319000c,https://news.ceek.jp/search.cgi?category_id=politics&feed=1,ok,,政治
2026-08-27,2026-08-27T09:18:21.980184+09:00,全国紙,全国,読売新聞,維新・吉村代表「副大臣や政務官の役割も果たす」...内閣改造で閣僚以外の政務ポストに協力する考え示唆,https://www.yomiuri.co.jp/politics/20260826-GYT1T00280/,https://news.ceek.jp/search.cgi?category_id=politics&feed=1,ok,,政治
2026-08-27,2026-08-27T09:18:21.980184+09:00,全国紙,全国,毎日新聞,自民、熊本地震の復興へ提言 高市首相「しっかり反映させる」,https://mainichi.jp/articles/20260826/k00/00m/010/311000c,https://news.ceek.jp/search.cgi?category_id=politics&feed=1,ok,,政治
2026-08-27,2026-08-27T09:18:21.980184+09:00,全国紙,全国,日本経済新聞,船越健裕外務次官と米副長官協議へ 対中政策擦り合わせ,https://www.nikkei.com/article/DGXZQOUA26A3M0W6A820C2000000/,https://news.ceek.jp/search.cgi?category_id=politics&feed=1,ok,,政治
2026-08-27,2026-08-27T09:18:21.980184+09:00,全国紙,全国,産経新聞,ICC制裁、高市首相は難しい立場 「弱腰」批判に反論も...対米関係に苦慮、撤回要求せず,https://www.sankei.com/article/20260826-FQSR7YCW3BJI7ON5WBMTZOIJ44/,https://news.ceek.jp/search.cgi?category_id=politics&feed=1,ok,,政治
2026-08-27,2026-08-27T09:18:21.980184+09:00,その他メディア,,テレビ朝日,副首都整備へ初会合 10月下旬に指定要件策定,https://news.tv-asahi.co.jp/news_politics/articles/000528918.html,https://news.ceek.jp/search.cgi?category_id=politics&feed=1,ok,,政治
2026-08-27,2026-08-27T09:18:21.980184+09:00,全国紙,全国,毎日新聞,「後悔全くない」蔵内前議長の辞職勧告止めた元秘書 福岡県議会,https://mainichi.jp/articles/20260826/k00/00m/010/298000c,https://news.ceek.jp/search.cgi?category_id=politics&feed=1,ok,,政治
2026-08-27,2026-08-27T09:18:21.980184+09:00,その他メディア,,共同通信,支給額や対象者、柔軟変更 新給付制度で政府調整,https://www.47news.jp/14848541.html,https://news.ceek.jp/search.cgi?category_id=politics&feed=1,ok,,政治
2026-08-27,2026-08-27T09:18:21.980184+09:00,その他メディア,,フジテレビ,広島が「副首都」に? 東京一極集中を是正する...どう思う? 街の人にキキコミ!,https://www.fnn.jp/articles/-/1102028,https://news.ceek.jp/search.cgi?category_id=politics&feed=1,ok,,政治
2026-08-27,2026-08-27T09:18:21.980184+09:00,その他メディア,,共同通信,九州新幹線、秋に事前調査 佐賀区間、国交省,https://www.47news.jp/14849032.html,https://news.ceek.jp/search.cgi?category_id=politics&feed=1,ok,,政治
2026-08-27,2026-08-27T09:18:21.980184+09:00,その他メディア,,日本テレビ,【中継】ICC赤根所長会見に日本政府の反応は 米との同盟関係が重要な局面...難しい対応迫られる,https://news.ntv.co.jp/category/politics/bd6c3aad7b3a49879654f0d31b8b6b13,https://news.ceek.jp/search.cgi?category_id=politics&feed=1,ok,,政治
2026-08-27,2026-08-27T09:18:21.980184+09:00,その他メディア,,テレビ朝日,"食料品の消費減税 外食産業に“テイクアウト""導入支援",https://news.tv-asahi.co.jp/news_politics/articles/000528904.html,https://news.ceek.jp/search.cgi?category_id=politics&feed=1,ok,,政治
2026-08-27,2026-08-27T09:18:21.980184+09:00,その他メディア,,デイリースポーツ,九州新幹線、秋に事前調査,https://www.daily.co.jp/society/politics/2026/08/26/0020749241.shtml,https://news.ceek.jp/search.cgi?category_id=politics&feed=1,ok,,政治
2026-08-27,2026-08-27T09:18:21.980184+09:00,その他メディア,,テレビ朝日,消費減税で農家&外食産業を支援 そもそも財源は?,https://news.tv-asahi.co.jp/news_politics/articles/000528875.html,https://news.ceek.jp/search.cgi?category_id=politics&feed=1,ok,,政治
2026-08-27,2026-08-27T09:18:21.980184+09:00,全国紙,全国,産経新聞,「副首都」関連法 関係府省庁連絡会議が初会合 10月末までに政令制定,https://www.sankei.com/article/20260826-SMGUQGSHAZJATHLLLT6GRE3NS4/,https://news.ceek.jp/search.cgi?category_id=politics&feed=1,ok,,政治
2026-08-27,2026-08-27T09:18:21.980184+09:00,その他メディア,,デイリースポーツ,公設秘書の党務専従「違法」主張,https://www.daily.co.jp/society/politics/2026/08/26/0020749209.shtml,https://news.ceek.jp/search.cgi?category_id=politics&feed=1,ok,,政治
2026-08-27,2026-08-27T09:18:21.980184+09:00,その他メディア,,共同通信,公設秘書の党務専従「違法」主張 組織的に実施と旧れいわ元幹部,https://www.47news.jp/14849008.html,https://news.ceek.jp/search.cgi?category_id=politics&feed=1,ok,,政治
2026-08-27,2026-08-27T09:18:21.980184+09:00,全国紙,全国,産経新聞,習氏がキルギス、エジプト訪問へ SCO首脳会議に出席、中東情勢も議論か,https://www.sankei.com/article/20260826-IKETFY2GPZPHJELTRIGX65THHA/,https://news.ceek.jp/search.cgi?category_id=politics&feed=1,ok,,政治
2026-08-27,2026-08-27T09:18:21.980184+09:00,全国紙,全国,読売新聞,「副首都」の指定要件定める政令、10月下旬に決定へ...国の出先機関立地などの具体的基準を明記,https://www.yomiuri.co.jp/politics/20260826-GYT1T00258/,https://news.ceek.jp/search.cgi?category_id=politics&feed=1,ok,,政治
2026-08-27,2026-08-27T09:18:21.980184+09:00,全国紙,全国,朝日新聞,「適切なのか疑問」 都構想の区名に「大阪市」残す? 事務局が見解,https://www.asahi.com/articles/ASV8V31JQV8VOXIE03TM.html,https://news.ceek.jp/search.cgi?category_id=politics&feed=1,ok,,政治
2026-08-27,2026-08-27T09:18:21.980184+09:00,その他メディア,,共同通信,【速報】首相から要請あれば維新入閣すると吉村氏,https://www.47news.jp/14848855.html,https://news.ceek.jp/search.cgi?category_id=politics&feed=1,ok,,政治
2026-08-27,2026-08-27T09:18:21.980184+09:00,その他メディア,,Abema TIMES,米制裁受けたICC赤根所長が日本政府に要請 「周辺国を支援して、彼らが米国の新しいキャンペーンに負けて脱退などを決めないよう注力していただきたい」,https://times.abema.tv/articles/-/10269249?page=1,https://news.ceek.jp/search.cgi?category_id=politics&feed=1,ok,,政治
2026-08-27,2026-08-27T09:18:21.980184+09:00,その他メディア,,共同通信,【速報】道路陥没、25年度は1万1千件発生,https://www.47news.jp/14848821.html,https://news.ceek.jp/search.cgi?category_id=politics&feed=1,ok,,政治
2026-08-27,2026-08-27T09:18:21.980184+09:00,全国紙,全国,産経新聞,「経済政策やり抜く」「高市首相、打ち合わせでも冗談増えた」佐藤副長官インタビュー詳報,https://www.sankei.com/article/20260826-KXWOP2VMFNJ4NJS7CLJSDP7XKA/,https://news.ceek.jp/search.cgi?category_id=politics&feed=1,ok,,政治
2026-08-27,2026-08-27T09:18:21.980184+09:00,その他メディア,,共同通信,指定要件10月下旬めど決定 副首都構想で政府方針,https://www.47news.jp/14848542.html,https://news.ceek.jp/search.cgi?category_id=politics&feed=1,ok,,政治
2026-08-27,2026-08-27T09:18:21.980184+09:00,全国紙,全国,毎日新聞,日クウェート外相、原油の安定供給を確認 25年は輸入元3番手,https://mainichi.jp/articles/20260826/k00/00m/010/252000c,https://news.ceek.jp/search.cgi?category_id=politics&feed=1,ok,,政治
2026-08-27,2026-08-27T09:18:21.980184+09:00,その他メディア,,共同通信,外国人関連予算、倍増800億円 法務省の27年度概算要求,https://www.47news.jp/14848687.html,https://news.ceek.jp/search.cgi?category_id=politics&feed=1,ok,,政治
2026-08-27,2026-08-27T09:18:21.980184+09:00,その他メディア,,デイリースポーツ,外国人関連予算、倍増800億円,https://www.daily.co.jp/society/politics/2026/08/26/0020748902.shtml,https://news.ceek.jp/search.cgi?category_id=politics&feed=1,ok,,政治
2026-08-27,2026-08-27T09:18:21.980184+09:00,全国紙,全国,朝日新聞,備蓄米を買い戻しへ、農水省が最終調整 在庫膨らみ米価下落を受け,https://www.asahi.com/articles/ASV8V2VQ4V8VULFA00RM.html,https://news.ceek.jp/search.cgi?category_id=politics&feed=1,ok,,政治
2026-08-27,2026-08-27T09:18:21.980184+09:00,その他メディア,,フジテレビ,県立大学の建設工事費146億円に 資材費や人件費が想定以上に高騰【佐賀県】,https://www.fnn.jp/articles/-/1101906,https://news.ceek.jp/search.cgi?category_id=politics&feed=1,ok,,政治
2026-08-27,2026-08-27T09:18:21.980184+09:00,その他メディア,,フジテレビ,高市総理 パワーGXでエネルギーの安全保障強化 化石燃料依存の低減と成長力強化にむけ「総合パッケージ」,https://www.fnn.jp/articles/-/1101831,https://news.ceek.jp/search.cgi?category_id=politics&feed=1,ok,,政治
2026-08-27,2026-08-27T09:18:21.980184+09:00,その他メディア,,Abema TIMES,米制裁対象のICC赤根所長が会見「私には制裁を受ける理由は全くない」「ICCは決して負けません。Justice will and should prevail」 高市総理・茂木大臣の対応にも謝意,https://times.abema.tv/articles/-/10269238?page=1,https://news.ceek.jp/search.cgi?category_id=politics&feed=1,ok,,政治
2026-08-27,2026-08-27T09:18:21.980184+09:00,その他メディア,,JBpress,「坊主丸儲け」は昔?人口減少で寺が消える...後継者難、檀家減少で売りに出されるお寺も【マライ・メントラインの世界はどうなる】「月刊住職」編集記者の上野ちひろ氏に聞く、お寺のリアル(後編),https://jbpress.ismedia.jp/articles/-/96667,https://news.ceek.jp/search.cgi?category_id=politics&feed=1,ok,,政治
2026-08-27,2026-08-27T09:18:21.980184+09:00,その他メディア,,デイリースポーツ,復興庁、予算5496億円要求,https://www.daily.co.jp/society/politics/2026/08/26/0020748854.shtml,https://news.ceek.jp/search.cgi?category_id=politics&feed=1,ok,,政治
2026-08-27,2026-08-27T09:18:21.980184+09:00,全国紙,全国,産経新聞,家事・育児サービス利用の税制優遇 令和9年度改正、共働き支援 佐藤副長官インタビュー,https://www.sankei.com/article/20260826-OE763UTE25P6POWEMMR7JJ3FUI/,https://news.ceek.jp/search.cgi?category_id=politics&feed=1,ok,,政治
2026-08-27,2026-08-27T09:18:21.980184+09:00,その他メディア,,共同通信,【速報】下地氏、沖縄知事選で自民推薦候補を支援,https://www.47news.jp/14848554.html,https://news.ceek.jp/search.cgi?category_id=politics&feed=1,ok,,政治
2026-08-27,2026-08-27T09:18:21.980184+09:00,その他メディア,,デイリースポーツ,指定要件10月下旬めど決定,https://www.daily.co.jp/society/politics/2026/08/26/0020748809.shtml,https://news.ceek.jp/search.cgi?category_id=politics&feed=1,ok,,政治
2026-08-27,2026-08-27T09:18:21.980184+09:00,全国紙,全国,朝日新聞,沖縄県知事選が27日告示 6人が立候補を表明、経済対策など争点か,https://www.asahi.com/articles/ASV8V2S4ZV8VUTIL02KM.html,https://news.ceek.jp/search.cgi?category_id=politics&feed=1,ok,,政治
2026-08-27,2026-08-27T09:18:21.980184+09:00,その他メディア,,デイリースポーツ,支給額や対象者、柔軟変更,https://www.daily.co.jp/society/politics/2026/08/26/0020748770.shtml,https://news.ceek.jp/search.cgi?category_id=politics&feed=1,ok,,政治
2026-08-27,2026-08-27T09:18:21.980184+09:00,その他メディア,,フジテレビ,"「“大阪市""を残すことがふさわしいか疑問」 “大阪都構想""特別区の名称をめぐり議論 区の名称に「大阪市」残す案に事務局から否定的な見解",https://www.fnn.jp/articles/-/1101812,https://news.ceek.jp/search.cgi?category_id=politics&feed=1,ok,,政治
2026-08-27,2026-08-27T09:18:21.980184+09:00,全国紙,全国,産経新聞,厚労省概算要求、投資枠1兆円活用し過去最大36兆円 創薬・感染症危機などへの対応強化,https://www.sankei.com/article/20260826-TEICXHEZ5JM3VAAKW5CPUFJJRU/,https://news.ceek.jp/search.cgi?category_id=politics&feed=1,ok,,政治
2026-08-27,2026-08-27T09:18:21.980184+09:00,その他メディア,,フジテレビ,日・クウェート外相会談 ホルムズ海峡の通航料を認めない考えで一致 原油安定供給に向けて連携確認,https://www.fnn.jp/articles/-/1101787,https://news.ceek.jp/search.cgi?category_id=politics&feed=1,ok,,政治
2026-08-27,2026-08-27T09:18:21.980184+09:00,全国紙,全国,日本経済新聞,クウェート外相「日本に安定的な原油供給」 茂木氏と会談,https://www.nikkei.com/article/DGXZQOUA261Z50W6A820C2000000/,https://news.ceek.jp/search.cgi?category_id=politics&feed=1,ok,,政治
2026-08-27,2026-08-27T09:18:21.980184+09:00,全国紙,全国,読売新聞,日経平均、一時600円超上昇...6万6900円台で推移,https://www.yomiuri.co.jp/economy/20260827-GYT1T00072/,https://news.ceek.jp/search.cgi?category_id=business&feed=1,ok,,経済
2026-08-27,2026-08-27T09:18:21.980184+09:00,その他メディア,,日本証券新聞,[概況/寄り付き] キオクシアが高い,https://www.nsjournal.jp/%e2%98%86%e6%a6%82%e6%b3%81-%e5%af%84%e3%82%8a%e4%bb%98%e3%81%8d%e3%80%80%e3%82%ad%e3%82%aa%e3%82%af%e3%82%b7%e3%82%a2%e3%81%8c%e9%ab%98%e3%81%84/,https://news.ceek.jp/search.cgi?category_id=business&feed=1,ok,,経済
2026-08-27,2026-08-27T09:18:21.980184+09:00,全国紙,全国,日本経済新聞,日経平均、続伸で始まる 米エヌビディア好決算で,https://www.nikkei.com/article/DGXZQOFL267PS0W6A820C2000000/,https://news.ceek.jp/search.cgi?category_id=business&feed=1,ok,,経済
2026-08-27,2026-08-27T09:18:21.980184+09:00,全国紙,全国,日本経済新聞,債券寄り付き 先物、一進一退 米債安は重荷,https://www.nikkei.com/article/DGXZQOFL270IN0X20C26A8000000/,https://news.ceek.jp/search.cgi?category_id=business&feed=1,ok,,経済
2026-08-27,2026-08-27T09:18:21.980184+09:00,全国紙,全国,日本経済新聞,日経平均株価、続伸で始まる NVIDIA好決算で,https://www.nikkei.com/article/DGXZQOFL270H80X20C26A8000000/,https://news.ceek.jp/search.cgi?category_id=business&feed=1,ok,,経済
2026-08-27,2026-08-27T09:18:21.980184+09:00,全国紙,全国,日本経済新聞,中部電力、浜岡原発の廃炉で不適正手続き 25年3月期に,https://www.nikkei.com/article/DGXZQOFD270I20X20C26A8000000/,https://news.ceek.jp/search.cgi?category_id=business&feed=1,ok,,経済
2026-08-27,2026-08-27T09:18:21.980184+09:00,その他メディア,,Forbes JAPAN,アバクロンビー株が34.8%上昇、1年半ぶりの高値──約159億円の関税還付で業績上振れ,https://forbesjapan.com/articles/detail/103646,https://news.ceek.jp/search.cgi?category_id=business&feed=1,ok,,経済
2026-08-27,2026-08-27T09:18:21.980184+09:00,その他メディア,,デイリースポーツ,ビル・ゲイツ氏、AI時代に警鐘,https://www.daily.co.jp/society/economics/2026/08/27/0020751300.shtml,https://news.ceek.jp/search.cgi?category_id=business&feed=1,ok,,経済
2026-08-27,2026-08-27T09:18:21.980184+09:00,全国紙,全国,日本経済新聞,日経平均先物、大取で続伸 590円高の6万7000円で始まる,https://www.nikkei.com/article/DGXZQOFL270IQ0X20C26A8000000/,https://news.ceek.jp/search.cgi?category_id=business&feed=1,ok,,経済
2026-08-27,2026-08-27T09:18:21.980184+09:00,その他メディア,,QUICK Money World,株価インパクト予報:シードのTOB(買付対象)発表・KaizenPFの信用規制開始などに注目(注目アクション銘柄),https://moneyworld.jp/news/detail?id=217777,https://news.ceek.jp/search.cgi?category_id=business&feed=1,ok,,経済
2026-08-27,2026-08-27T09:18:21.980184+09:00,全国紙,全国,日本経済新聞,外為8時30分 円相場、下落し159円台前半 対ユーロでも小幅安,https://www.nikkei.com/article/DGXZQOFL2709Z0X20C26A8000000/,https://news.ceek.jp/search.cgi?category_id=business&feed=1,ok,,経済
2026-08-27,2026-08-27T09:18:21.980184+09:00,その他メディア,,ログミーファイナンス,情報戦略テクノロジー、2Q累計売上高は前年比+33.1%、営業利益は前年比+119.5% 売上・利益とも予算上回る,https://finance.logmi.jp/385623,https://news.ceek.jp/search.cgi?category_id=business&feed=1,ok,,経済
2026-08-27,2026-08-27T09:18:21.980184+09:00,その他メディア,,ログミーファイナンス,ケイファーマ、ALS治療薬「KP2011」国内フェーズ3に向け最終準備、亜急性期の脊髄損傷「KP8011」2027年中の治験届提出に向けて治験準備,https://finance.logmi.jp/385628,https://news.ceek.jp/search.cgi?category_id=business&feed=1,ok,,経済
2026-08-27,2026-08-27T09:18:21.980184+09:00,その他メディア,,テレビ東京,『カンブリア宮殿』×三谷幸喜1000回SPでハプニング!?金原ひとみ×ヒャダインが明かす舞台裏,https://www.tv-tokyo.co.jp/plus/business/entry/202608/19849.html,https://news.ceek.jp/search.cgi?category_id=business&feed=1,ok,,経済
2026-08-27,2026-08-27T09:18:21.980184+09:00,その他メディア,,ログミーファイナンス,共同ピーアール、過去最高を更新 全セグメントで増収増益、「フルAIシフト」 で利益は計画上振れ,https://finance.logmi.jp/385431,https://news.ceek.jp/search.cgi?category_id=business&feed=1,ok,,経済
2026-08-27,2026-08-27T09:18:21.980184+09:00,その他メディア,,東洋経済オンライン,「顧客の予測によると、当社の成長率は来年2倍になる」...エヌビディアが強気の売上高見通しを明らかに | 政治・経済・投資,https://toyokeizai.net/articles/-/956013,https://news.ceek.jp/search.cgi?category_id=business&feed=1,ok,,経済
2026-08-27,2026-08-27T09:18:21.980184+09:00,その他メディア,,東洋経済オンライン,「純受注は過去4年間で最も力強い水準」...セールスフォースが力強い売上高見通し示す、株価は時間外で7%上昇 | 政治・経済・投資,https://toyokeizai.net/articles/-/956015,https://news.ceek.jp/search.cgi?category_id=business&feed=1,ok,,経済
2026-08-27,2026-08-27T09:18:21.980184+09:00,その他メディア,,東洋経済オンライン,"「ちょっと一服してくる」彼にモヤモヤ...タバコ嫌い37歳女性がそれでも喫煙男性を選んだワケ 結婚に""許容""は必要か | ライフ",https://toyokeizai.net/articles/-/955442?display=b,https://news.ceek.jp/search.cgi?category_id=business&feed=1,ok,,経済
2026-08-27,2026-08-27T09:18:21.980184+09:00,その他メディア,,東洋経済オンライン,アンソロピックが英AIクラウド企業エヌスケールと7兆円超の契約...IPOを前にAI処理能力を確保 | 政治・経済・投資,https://toyokeizai.net/articles/-/956014,https://news.ceek.jp/search.cgi?category_id=business&feed=1,ok,,経済
2026-08-27,2026-08-27T09:18:21.980184+09:00,その他メディア,,フジテレビ,防衛産業への新規参入セミナー開催 日鉄呉跡地の複合防衛拠点整備を見据え...呉市の企業から期待の声 広島,https://www.fnn.jp/articles/-/1102244,https://news.ceek.jp/search.cgi?category_id=business&feed=1,ok,,経済
2026-08-27,2026-08-27T09:18:21.980184+09:00,その他メディア,,テレビ朝日,氷見市でおよそ1700軒など停電発生 石川・富山県に大雨特別警報,https://news.tv-asahi.co.jp/news_economy/articles/000529041.html,https://news.ceek.jp/search.cgi?category_id=business&feed=1,ok,,経済
2026-08-27,2026-08-27T09:18:21.980184+09:00,全国紙,全国,日本経済新聞,今日の株価材料(新聞など、27日)キオクシア、岩手県にメモリーの新製造棟を建設へ,https://www.nikkei.com/article/DGXZQOFL270370X20C26A8000000/,https://news.ceek.jp/search.cgi?category_id=business&feed=1,ok,,経済
2026-08-27,2026-08-27T09:18:21.980184+09:00,その他メディア,,テレビ東京,"酸素で蓄電 究極の蓄電池“リチウム空気電池""の全貌に迫る",https://www.tv-tokyo.co.jp/plus/business/entry/202608/19853.html,https://news.ceek.jp/search.cgi?category_id=business&feed=1,ok,,経済
2026-08-27,2026-08-27T09:18:21.980184+09:00,その他メディア,,フジテレビ,広島県タクシー協会 ユニバーサルドライバー研修「盲導犬ユーザーに安全なタクシー環境を...」,https://www.fnn.jp/articles/-/1102237,https://news.ceek.jp/search.cgi?category_id=business&feed=1,ok,,経済
2026-08-27,2026-08-27T09:18:21.980184+09:00,全国紙,全国,日本経済新聞,日経平均株価、NVIDIAの好決算が支え(先読み株式相場),https://www.nikkei.com/article/DGXZQOFL2694E0W6A820C2000000/,https://news.ceek.jp/search.cgi?category_id=business&feed=1,ok,,経済
2026-08-27,2026-08-27T09:18:21.980184+09:00,その他メディア,,共同通信,米エヌビディア四半期最高益更新 9.5兆円、AI需要旺盛,https://www.47news.jp/14850424.html,https://news.ceek.jp/search.cgi?category_id=business&feed=1,ok,,経済
2026-08-27,2026-08-27T09:18:21.980184+09:00,その他メディア,,デイリースポーツ,アップル、折り畳みスマホ披露か,https://www.daily.co.jp/society/economics/2026/08/27/0020751152.shtml,https://news.ceek.jp/search.cgi?category_id=business&feed=1,ok,,経済
2026-08-27,2026-08-27T09:18:21.980184+09:00,その他メディア,,Forbes JAPAN,正社員不足は5割超えの高水準が継続。「金利のある世界」で金融機関の人材需要が急増,https://forbesjapan.com/articles/detail/103441,https://news.ceek.jp/search.cgi?category_id=business&feed=1,ok,,経済
2026-08-27,2026-08-27T09:18:21.980184+09:00,全国紙,全国,読売新聞,被災地・熊本以外でも宿泊キャンセル続出、九州7県で40万件...団体・修学旅行取りやめも相次ぐ,https://www.yomiuri.co.jp/economy/20260827-GYT1T00056/,https://news.ceek.jp/search.cgi?category_id=business&feed=1,ok,,経済
2026-08-27,2026-08-27T09:18:21.980184+09:00,全国紙,全国,日本経済新聞,NY株ハイライト インテュイット大幅安、「AI破壊」リスクで銘柄選別,https://www.nikkei.com/article/DGXZQOFL26BO50W6A820C2000000/,https://news.ceek.jp/search.cgi?category_id=business&feed=1,ok,,経済
2026-08-27,2026-08-27T09:18:21.980184+09:00,全国紙,全国,日本経済新聞,シカゴ日本株先物概況・26日 日経平均先物は90円安の6万5970円,https://www.nikkei.com/article/DGXZQOFL270120X20C26A8000000/,https://news.ceek.jp/search.cgi?category_id=business&feed=1,ok,,経済
2026-08-27,2026-08-27T09:18:21.980184+09:00,その他メディア,,共同通信,為替相場 27日(日本時間 7時),https://www.47news.jp/14850122.html,https://news.ceek.jp/search.cgi?category_id=business&feed=1,ok,,経済
2026-08-27,2026-08-27T09:18:21.980184+09:00,その他メディア,,ハーバード・ビジネス・レビュー,部下を成長させる上司は何が違うのか:成人発達理論で考える「育てる力」の正体,https://dhbr.diamond.jp/articles/-/14697,https://news.ceek.jp/search.cgi?category_id=business&feed=1,ok,,経済
2026-08-27,2026-08-27T09:18:21.980184+09:00,その他メディア,,東洋経済オンライン,静岡のソウルフード《のっぽパン》突然の生産終了、ファンは「やめないで」の横断幕で...人気パンが9カ月で復活した舞台裏 | ビジネス,https://toyokeizai.net/articles/-/955290?display=b,https://news.ceek.jp/search.cgi?category_id=business&feed=1,ok,,経済
2026-08-27,2026-08-27T09:18:21.980184+09:00,その他メディア,,東洋経済オンライン,パンの袋をペンライトに被せてライブへ...静岡のご当地パンと人気アニメのコラボが呼んだ《のっぽブレード》誕生の奇跡 | ビジネス,https://toyokeizai.net/articles/-/955291?display=b,https://news.ceek.jp/search.cgi?category_id=business&feed=1,ok,,経済
2026-08-27,2026-08-27T09:18:21.980184+09:00,全国紙,全国,日本経済新聞,岐阜・白川郷の酒蔵、開業準備着々 合掌造り集落で酒米づくりも,https://www.nikkei.com/article/DGXZQOFD257RT0V20C26A8000000/,https://news.ceek.jp/search.cgi?category_id=business&feed=1,ok,,経済
2026-08-27,2026-08-27T09:18:21.980184+09:00,全国紙,全国,日本経済新聞,NY円相場、続落 1ドル=159円30〜40銭 予想上回る米物価指標受け,https://www.nikkei.com/article/DGXZQOFL26BI70W6A820C2000000/,https://news.ceek.jp/search.cgi?category_id=business&feed=1,ok,,経済
2026-08-27,2026-08-27T09:18:21.980184+09:00,全国紙,全国,日本経済新聞,NVIDIA決算、「メモリー高騰による利益率悪化に不安」 米市場関係者,https://www.nikkei.com/article/DGXZQOGN26BFU0W6A820C2000000/,https://news.ceek.jp/search.cgi?category_id=business&feed=1,ok,,経済
2026-08-27,2026-08-27T09:18:21.980184+09:00,その他メディア,,デイリースポーツ,NY円、159円台前半,https://www.daily.co.jp/society/economics/2026/08/27/0020751119.shtml,https://news.ceek.jp/search.cgi?category_id=business&feed=1,ok,,経済
2026-08-27,2026-08-27T09:18:21.980184+09:00,その他メディア,,東洋経済オンライン,《りくりゅう婚約》祝福から一転、「嘘つき」の声拡散? 手のひら返ししたネット世論への違和感...「選択的注意」という盲点 | ライフ,https://toyokeizai.net/articles/-/955972?display=b,https://news.ceek.jp/search.cgi?category_id=business&feed=1,ok,,経済
2026-08-27,2026-08-27T09:18:21.980184+09:00,その他メディア,,日本テレビ,"人手不足を解決? フィジカルAI「国内初」大型施設が稼働開始 「力加減」などデータ収集し“進化""",https://news.ntv.co.jp/category/economy/187a98f3833245a5a22bb87edea0c28d,https://news.ceek.jp/search.cgi?category_id=business&feed=1,ok,,経済
2026-08-27,2026-08-27T09:18:21.980184+09:00,その他メディア,,デイリースポーツ,米エヌビディア四半期最高益更新,https://www.daily.co.jp/society/economics/2026/08/27/0020751094.shtml,https://news.ceek.jp/search.cgi?category_id=business&feed=1,ok,,経済
2026-08-27,2026-08-27T09:18:21.980184+09:00,その他メディア,,東洋経済オンライン,「住民の2人に1人が高齢者」の限界ニュータウンに「新型ローソン」誕生→「想定の倍以上」の客が殺到した舞台裏 | ライフ,https://toyokeizai.net/articles/-/955484?display=b,https://news.ceek.jp/search.cgi?category_id=business&feed=1,ok,,経済
2026-08-27,2026-08-27T09:18:21.980184+09:00,その他メディア,,東洋経済オンライン,「唯一のスーパーも赤字」の限界ニュータウンにローソンが出店、大盛況...慈善事業じゃない「しっかり儲かる」カラクリ | ライフ,https://toyokeizai.net/articles/-/955486?display=b,https://news.ceek.jp/search.cgi?category_id=business&feed=1,ok,,経済
2026-08-27,2026-08-27T09:18:21.980184+09:00,全国紙,全国,日本経済新聞,日本株ADR26日、買い優勢 野村や三井住友FG上昇,https://www.nikkei.com/article/DGXZQOFL270110X20C26A8000000/,https://news.ceek.jp/search.cgi?category_id=business&feed=1,ok,,経済
2026-08-27,2026-08-27T09:18:21.980184+09:00,全国紙,全国,日本経済新聞,日経平均先物、大取の夜間取引で下落 290円安の6万6120円,https://www.nikkei.com/article/DGXZQOFL270100X20C26A8000000/,https://news.ceek.jp/search.cgi?category_id=business&feed=1,ok,,経済
2026-08-27,2026-08-27T09:18:21.980184+09:00,全国紙,全国,日本経済新聞,NY債券、長期債反落 10年債利回り4.64% 物価指標が根強いインフレ圧力を示す,https://www.nikkei.com/article/DGXZQOFL26BI60W6A820C2000000/,https://news.ceek.jp/search.cgi?category_id=business&feed=1,ok,,経済
2026-08-27,2026-08-27T09:18:21.980184+09:00,全国紙,全国,読売新聞,NYダウ終値が4営業日ぶり下落、113ドル安の5万3463ドル...インフレを警戒,https://www.yomiuri.co.jp/economy/20260827-GYT1T00052/,https://news.ceek.jp/search.cgi?category_id=business&feed=1,ok,,経済
2026-08-27,2026-08-27T09:18:21.980184+09:00,その他メディア,,日刊工業新聞,三菱重工サーマルシステムズが大型車両搭載向け発売、小型で軽量な電動冷凍機の機能,https://newswitch.jp/p/50102,https://news.ceek.jp/search.cgi?category_id=business&feed=1,ok,,経済
2026-08-27,2026-08-27T09:18:21.980184+09:00,その他メディア,,日刊工業新聞,ドローン部品の〝脱中国〟、ACSLが進める背景事情,https://newswitch.jp/p/50103,https://news.ceek.jp/search.cgi?category_id=business&feed=1,ok,,経済
2026-08-27,2026-08-27T09:18:21.980184+09:00,その他メディア,,日刊工業新聞,出力規模は約10kW...国内初、ペロブスカイト太陽電池でPPA,https://newswitch.jp/p/50105,https://news.ceek.jp/search.cgi?category_id=business&feed=1,ok,,経済
2026-08-27,2026-08-27T09:18:21.980184+09:00,その他メディア,,日刊工業新聞,需要低迷とコスト高に直面...電炉メーカー、低炭素鋼で収益改善なるか,https://newswitch.jp/p/50106,https://news.ceek.jp/search.cgi?category_id=business&feed=1,ok,,経済
2026-08-27,2026-08-27T09:18:21.980184+09:00,その他メディア,,日刊工業新聞,イデアハウス、部屋干し完結型の住宅が好調,https://newswitch.jp/p/50110,https://news.ceek.jp/search.cgi?category_id=business&feed=1,ok,,経済
2026-08-27,2026-08-27T09:18:21.980184+09:00,その他メディア,,ハーバード・ビジネス・レビュー,AI投資で競争力を生み出すための条件,https://dhbr.diamond.jp/articles/-/14373,https://news.ceek.jp/search.cgi?category_id=business&feed=1,ok,,経済
2026-08-27,2026-08-27T09:18:21.980184+09:00,その他メディア,,東洋経済オンライン,統合報告書・人的資本レポートなど開示情報は「将来の給与」を読み解くための宝の山、「未来の手取り」で会社を選ぶ4 | ビジネス,https://toyokeizai.net/articles/-/953067,https://news.ceek.jp/search.cgi?category_id=business&feed=1,ok,,経済
2026-08-27,2026-08-27T09:18:21.980184+09:00,その他メディア,,東洋経済オンライン,最大12.5倍...外国人の在留資格更新手数料の大幅値上げ、脆弱な中小事業者に打撃「廃業せざるを得ない事業者も」 | ビジネス,https://toyokeizai.net/articles/-/955739,https://news.ceek.jp/search.cgi?category_id=business&feed=1,ok,,経済
2026-08-27,2026-08-27T09:18:21.980184+09:00,その他メディア,,東洋経済オンライン,スペースXの上場で幹事証券入りした「みずほ」の執念...「POWL」を活用し、半日で3500億円分の株式を売り切った舞台裏 | ビジネス,https://toyokeizai.net/articles/-/955888,https://news.ceek.jp/search.cgi?category_id=business&feed=1,ok,,経済
2026-08-27,2026-08-27T09:18:21.980184+09:00,全国紙,全国,産経新聞,NY株反落、113ドル安 米利上げ警戒で売り優勢、様子見気分も,https://www.sankei.com/article/20260827-Q2QS2DSLDVIVNHQPNQLHEB635A/,https://news.ceek.jp/search.cgi?category_id=business&feed=1,ok,,経済
2026-08-27,2026-08-27T09:18:21.980184+09:00,その他メディア,,JBpress,パナソニック コネクト・山口有希子CMOが語る「マーケティング」で会社を変える道,https://jbpress.ismedia.jp/articles/-/96349,https://news.ceek.jp/search.cgi?category_id=business&feed=1,ok,,経済
2026-08-27,2026-08-27T09:18:21.980184+09:00,その他メディア,,JBpress,米メタがオープン型AIへ回帰、巨額インフラ投資と収益化の狭間で模索する新戦略対中警戒と規制緩和が後押し、オンデバイス普及狙うも問われる採算性,https://jbpress.ismedia.jp/articles/-/96684,https://news.ceek.jp/search.cgi?category_id=business&feed=1,ok,,経済
2026-08-27,2026-08-27T09:18:21.980184+09:00,その他メディア,,日刊ゲンダイ,すかいらーくも参入 テイクアウトや宅配に特化「ゴーストレストラン」は成功するか?,https://www.nikkan-gendai.com/articles/view/money/392179,https://news.ceek.jp/search.cgi?category_id=business&feed=1,ok,,経済
2026-08-27,2026-08-27T09:18:21.980184+09:00,その他メディア,,日刊ゲンダイ,換気と除湿を同時にこなすパナソニックの新型空調機「サラウェル」は高温多湿な日本の夏に威力を発揮,https://www.nikkan-gendai.com/articles/view/money/392180,https://news.ceek.jp/search.cgi?category_id=business&feed=1,ok,,経済
2026-08-27,2026-08-27T09:18:21.980184+09:00,その他メディア,,東洋経済オンライン,【大阪桐蔭高校】時代を刻んだ卒業生ファイル#6《野球選手の藤浪晋太郎、タレントの松村沙友理、八幡市長の川田翔子》 | キャリア・教育,https://toyokeizai.net/articles/-/955151?display=b,https://news.ceek.jp/search.cgi?category_id=business&feed=1,ok,,経済
2026-08-27,2026-08-27T09:18:21.980184+09:00,その他メディア,,東洋経済オンライン,アジア太平洋戦争を記録した日本人技術者・小松真一...彼の絵日記をフィリピン人はどうみたか | 政治・経済・投資,https://toyokeizai.net/articles/-/955919?display=b,https://news.ceek.jp/search.cgi?category_id=business&feed=1,ok,,経済
2026-08-27,2026-08-27T09:18:21.980184+09:00,その他メディア,,テレビ朝日,政府備蓄米 9月中にも買い戻し実施へ 「コメ余り」受け20万t程度か,https://news.tv-asahi.co.jp/news_economy/articles/000529019.html,https://news.ceek.jp/search.cgi?category_id=business&feed=1,ok,,経済
2026-08-27,2026-08-27T09:18:21.980184+09:00,その他メディア,,JBpress,IoT企業を買収したグーグル、収益性だけでは語れないM&A戦略の論理,https://jbpress.ismedia.jp/articles/-/96610,https://news.ceek.jp/search.cgi?category_id=business&feed=1,ok,,経済
2026-08-27,2026-08-27T09:18:21.980184+09:00,その他メディア,,JBpress,アシックス高成長の舞台裏、皇居ランとオニツカタイガーに見る「界隈民」との寄り添い方,https://jbpress.ismedia.jp/articles/-/96513,https://news.ceek.jp/search.cgi?category_id=business&feed=1,ok,,経済
2026-08-27,2026-08-27T09:18:21.980184+09:00,その他メディア,,共同通信,NY株式 26日終値,https://www.47news.jp/14850375.html,https://news.ceek.jp/search.cgi?category_id=business&feed=1,ok,,経済
2026-08-27,2026-08-27T09:18:21.980184+09:00,その他メディア,,共同通信,【速報】米エヌビディアの5~7月期、最高益更新,https://www.47news.jp/14850323.html,https://news.ceek.jp/search.cgi?category_id=business&feed=1,ok,,経済
2026-08-27,2026-08-27T09:18:21.980184+09:00,全国紙,全国,日本経済新聞,NYダウ、反落し113ドル安 インフレ懸念や金利上昇が重荷に,https://www.nikkei.com/article/DGXZQOFL2700L0X20C26A8000000/,https://news.ceek.jp/search.cgi?category_id=business&feed=1,ok,,経済
2026-08-27,2026-08-27T09:18:21.980184+09:00,その他メディア,,デイリースポーツ,NY株反落、113ドル安,https://www.daily.co.jp/society/economics/2026/08/27/0020751071.shtml,https://news.ceek.jp/search.cgi?category_id=business&feed=1,ok,,経済
2026-08-27,2026-08-27T09:18:21.980184+09:00,全国紙,全国,毎日新聞,輸送費支援は「小遣い程度」 原油の脱ホルムズが見通せない背景,https://mainichi.jp/articles/20260826/k00/00m/020/280000c,https://news.ceek.jp/search.cgi?category_id=business&feed=1,ok,,経済
2026-08-27,2026-08-27T09:18:21.980184+09:00,全国紙,全国,産経新聞,「北斗の拳」ケンシロウの黄金像がお披露目 大丸神戸店で大黄金展開幕、31日まで,https://www.sankei.com/article/20260827-5SRS5I5I2VIC3GJBRCS4NLS2MQ/,https://news.ceek.jp/search.cgi?category_id=business&feed=1,ok,,経済
2026-08-27,2026-08-27T09:18:21.980184+09:00,その他メディア,,東洋経済オンライン,"横浜の築55年「巨大な人工池がある団地」の中に""学生寮""をつくる→《高齢化社会を解決するヒント》がそこにはあった | ライフ",https://toyokeizai.net/articles/-/955234?display=b,https://news.ceek.jp/search.cgi?category_id=business&feed=1,ok,,経済
2026-08-27,2026-08-27T09:18:21.980184+09:00,その他メディア,,共同通信,NY株反落、113ドル安 米利上げ警戒で売り優勢,https://www.47news.jp/14850267.html,https://news.ceek.jp/search.cgi?category_id=business&feed=1,ok,,経済
2026-08-27,2026-08-27T09:18:21.980184+09:00,その他メディア,,共同通信,【速報】NY株4日ぶり反落、113ドル安,https://www.47news.jp/14850266.html,https://news.ceek.jp/search.cgi?category_id=business&feed=1,ok,,経済
2026-08-27,2026-08-27T09:18:21.980184+09:00,全国紙,全国,日本経済新聞,NY商品、原油続落 エネルギー輸送回復期待 金続落,https://www.nikkei.com/article/DGXZQOFL26BBJ0W6A820C2000000/,https://news.ceek.jp/search.cgi?category_id=business&feed=1,ok,,経済
2026-08-27,2026-08-27T09:18:21.980184+09:00,全国紙,全国,日本経済新聞,米国株、ダウ反落 インフレ懸念や金利上昇が重荷 エヌビディア決算前に様子見,https://www.nikkei.com/article/DGXZQOFL26C1M0W6A820C2000000/,https://news.ceek.jp/search.cgi?category_id=business&feed=1,ok,,経済
2026-08-27,2026-08-27T09:18:21.980184+09:00,その他メディア,,共同通信,独特の風合いを楽しむデジタルトイカメラ 録音録画やフィルター機能【経済トレンド/気になる商品】,https://www.47news.jp/14850154.html,https://news.ceek.jp/search.cgi?category_id=business&feed=1,ok,,経済
2026-08-27,2026-08-27T09:18:21.980184+09:00,その他メディア,,デイリースポーツ,NY原油続落、終値82ドル台,https://www.daily.co.jp/society/economics/2026/08/27/0020751032.shtml,https://news.ceek.jp/search.cgi?category_id=business&feed=1,ok,,経済
2026-08-27,2026-08-27T09:18:21.980184+09:00,その他メディア,,共同通信,NY原油続落、終値82ドル台 供給不安後退で売り優勢,https://www.47news.jp/14850201.html,https://news.ceek.jp/search.cgi?category_id=business&feed=1,ok,,経済
2026-08-27,2026-08-27T09:18:21.980184+09:00,その他メディア,,日本農業新聞,すぐ食べられる 国産カット野菜拡充 サラダクラブ,https://www.agrinews.co.jp/economy/index/402698,https://news.ceek.jp/search.cgi?category_id=business&feed=1,ok,,経済
2026-08-27,2026-08-27T09:18:21.980184+09:00,その他メディア,,日本農業新聞,[ニッポンの米価]業者間取引、新米中心に,https://www.agrinews.co.jp/economy/index/402699,https://news.ceek.jp/search.cgi?category_id=business&feed=1,ok,,経済
2026-08-27,2026-08-27T09:18:21.980184+09:00,その他メディア,,日本農業新聞,和子牛20万円高 頭数減で「取り合い」 26年上半期取引価格,https://www.agrinews.co.jp/economy/index/402700,https://news.ceek.jp/search.cgi?category_id=business&feed=1,ok,,経済
2026-08-27,2026-08-27T09:18:21.980184+09:00,その他メディア,,日本農業新聞,モスフード 家庭用冷食に参入 国産玄米で「焼きおにバーガー」,https://www.agrinews.co.jp/economy/index/402701,https://news.ceek.jp/search.cgi?category_id=business&feed=1,ok,,経済
2026-08-27,2026-08-27T09:18:21.980184+09:00,その他メディア,,日本農業新聞,フリマ荷物発送はセルフ機で セブンとヤマト運輸、手続き負担軽減,https://www.agrinews.co.jp/economy/index/402717,https://news.ceek.jp/search.cgi?category_id=business&feed=1,ok,,経済
2026-08-27,2026-08-27T09:18:21.980184+09:00,その他メディア,,現代ビジネス,"我々の側か、それとも敵側か...イラン産原油を「迂回輸入」する習近平政権に米国が突きつけた“踏み絵""",https://gendai.media/articles/-/170506,https://news.ceek.jp/search.cgi?category_id=business&feed=1,ok,,経済
2026-08-27,2026-08-27T09:18:21.980184+09:00,その他メディア,,現代ビジネス,恒大創業者に無期懲役、若者の5人に1人が職なし...「改革の父」朱鎔基の死とともに揺らぐ中国経済の土台,https://gendai.media/articles/-/170507,https://news.ceek.jp/search.cgi?category_id=business&feed=1,ok,,経済
2026-08-27,2026-08-27T09:18:21.980184+09:00,その他メディア,,テレビ朝日,富山・石川で17万人対象に「避難指示」 北陸豪雨,https://news.tv-asahi.co.jp/news_society/articles/000529074.html,https://news.ceek.jp/search.cgi?category_id=national&feed=1,ok,,社会
2026-08-27,2026-08-27T09:18:21.980184+09:00,その他メディア,,TBSテレビ,高市総理「日本人の行方不明者が5人と報じられ心配している」自身のX更新 ネパールでの大規模洪水発生受け,https://newsdig.tbs.co.jp/articles/-/2899806?display=1,https://news.ceek.jp/search.cgi?category_id=national&feed=1,ok,,社会
2026-08-27,2026-08-27T09:18:21.980184+09:00,全国紙,全国,毎日新聞,石川・羽咋の特養、対応追われる 大雨特別警報で近くの川が増水,https://mainichi.jp/articles/20260827/k00/00m/040/021000c,https://news.ceek.jp/search.cgi?category_id=national&feed=1,ok,,社会
2026-08-27,2026-08-27T09:18:21.980184+09:00,その他メディア,,デイリースポーツ,富山、石川に大雨特別警報,https://www.daily.co.jp/society/main/2026/08/27/0020751080.shtml,https://news.ceek.jp/search.cgi?category_id=national&feed=1,ok,,社会
2026-08-27,2026-08-27T09:18:21.980184+09:00,その他メディア,,デイリースポーツ,佐々木朗希、6勝目懸け先発,https://www.daily.co.jp/society/main/2026/08/27/0020751331.shtml,https://news.ceek.jp/search.cgi?category_id=national&feed=1,ok,,社会
2026-08-27,2026-08-27T09:18:21.980184+09:00,その他メディア,,フジテレビ,【鉄道情報】大雨の影響でハピラインふくい芦原温泉-大聖寺が上下4本を運休,https://www.fnn.jp/articles/-/1102261,https://news.ceek.jp/search.cgi?category_id=national&feed=1,ok,,社会
2026-08-27,2026-08-27T09:18:21.980184+09:00,その他メディア,,フジテレビ,41歳女性を不起訴処分 夫の弟を暴行し死亡させた疑いで逮捕 前橋地検「事実関係の立証困難と判断」 群馬・渋川市,https://www.fnn.jp/articles/-/1102228,https://news.ceek.jp/search.cgi?category_id=national&feed=1,ok,,社会
2026-08-27,2026-08-27T09:18:21.980184+09:00,その他メディア,,テレビ朝日,石川県 きょう3回目 線状降水帯が発生 身の安全確保を,https://news.tv-asahi.co.jp/news_society/articles/000529069.html,https://news.ceek.jp/search.cgi?category_id=national&feed=1,ok,,社会
2026-08-27,2026-08-27T09:18:21.980184+09:00,全国紙,全国,読売新聞,娘の元交際相手の男子中学生を脅した疑い、50歳女を逮捕...「幸せになるのは許せない」などSMS数千通,https://www.yomiuri.co.jp/national/20260827-GYT1T00070/,https://news.ceek.jp/search.cgi?category_id=national&feed=1,ok,,社会
2026-08-27,2026-08-27T09:18:21.980184+09:00,その他メディア,,フジテレビ,レベル5大雨特別警報で高市総理「命を守る行動を最優先してください」Xで注意呼びかけ,https://www.fnn.jp/articles/-/1102257,https://news.ceek.jp/search.cgi?category_id=national&feed=1,ok,,社会
2026-08-27,2026-08-27T09:18:21.980184+09:00,その他メディア,,フジテレビ,熊本県で最大震度1の地震 熊本県・上天草市,https://www.fnn.jp/articles/-/1102256,https://news.ceek.jp/search.cgi?category_id=national&feed=1,ok,,社会
2026-08-27,2026-08-27T09:18:21.980184+09:00,その他メディア,,デイリースポーツ,ドイツ貨物機、成田に緊急着陸,https://www.daily.co.jp/society/national/2026/08/27/0020751311.shtml,https://news.ceek.jp/search.cgi?category_id=national&feed=1,ok,,社会
2026-08-27,2026-08-27T09:18:21.980184+09:00,その他メディア,,スポニチ,東京建築祭・倉方俊輔氏、実行委員長活動を当面自粛 公的研究費の不正使用調査受け,https://www.sponichi.co.jp/society/news/2026/08/27/kiji/20260827s00042000099000c.html,https://news.ceek.jp/search.cgi?category_id=national&feed=1,ok,,社会
2026-08-27,2026-08-27T09:18:21.980184+09:00,その他メディア,,TBSテレビ,【速報】石川・加賀市に「線状降水帯発生」発表 「少しでも危険を感じた場合には安全な場所へ避難を」 気象庁,https://newsdig.tbs.co.jp/articles/-/2899783?display=1,https://news.ceek.jp/search.cgi?category_id=national&feed=1,ok,,社会
2026-08-27,2026-08-27T09:18:21.980184+09:00,その他メディア,,日本テレビ,石川・富山に「レベル5大雨特別警報」命を守る行動を 気象庁会見,https://news.ntv.co.jp/category/society/20222de67ec342e2ae16b0229515c883,https://news.ceek.jp/search.cgi?category_id=national&feed=1,ok,,社会
2026-08-27,2026-08-27T09:18:21.980184+09:00,その他メディア,,フジテレビ,石川県加賀に「線状降水帯」発生 災害に厳重警戒(08:48時点),https://www.fnn.jp/articles/-/1102254,https://news.ceek.jp/search.cgi?category_id=national&feed=1,ok,,社会
2026-08-27,2026-08-27T09:18:21.980184+09:00,その他メディア,,フジテレビ,【中継】道路冠水し複数の住民が取り残される 車も水没し消防がボートで救助へ レベル5大雨特別警報の石川県羽咋市,https://www.fnn.jp/articles/-/1102253,https://news.ceek.jp/search.cgi?category_id=national&feed=1,ok,,社会
2026-08-27,2026-08-27T09:18:21.980184+09:00,その他メディア,,フジテレビ,国道160号の一部区間で通行止め 富山県内で約1600戸が停電,https://www.fnn.jp/articles/-/1102259,https://news.ceek.jp/search.cgi?category_id=national&feed=1,ok,,社会
2026-08-27,2026-08-27T09:18:21.980184+09:00,その他メディア,,テレビ朝日,【速報中】石川・富山に「レベル5大雨特別警報」 今すぐ命を守る行動を 停電も発生,https://news.tv-asahi.co.jp/news_society/articles/900198026.html,https://news.ceek.jp/search.cgi?category_id=national&feed=1,ok,,社会
2026-08-27,2026-08-27T09:18:21.980184+09:00,その他メディア,,日刊スポーツ,日本肥満症予防協会・宮崎滋理事長の「11の健康障害を起こす『肥満・肥満症』対策」/連載一覧,https://www.nikkansports.com/general/nikkan/news/202605310000567.html,https://news.ceek.jp/search.cgi?category_id=national&feed=1,ok,,社会
2026-08-27,2026-08-27T09:18:21.980184+09:00,その他メディア,,フジテレビ,石川県で3河川がすでに氾濫 飯山川・菱根川・樋の川 【石川・富山にレベル5大雨特別警報】,https://www.fnn.jp/articles/-/1102250,https://news.ceek.jp/search.cgi?category_id=national&feed=1,ok,,社会
2026-08-27,2026-08-27T09:18:21.980184+09:00,その他メディア,,サンケイスポーツ,米エヌビディア、最高益更新 9.5兆円、AI需要旺盛,https://www.sanspo.com/article/20260827-GAYKZVK24JOANLEU424NTD6WP4/,https://news.ceek.jp/search.cgi?category_id=national&feed=1,ok,,社会
2026-08-27,2026-08-27T09:18:21.980184+09:00,その他メディア,,Abema TIMES,富山県・石川県に緊急安全確保石川・富山にレベル5大雨特別警報、気象庁・国交省が会見「経験したことのないような大雨」「身の安全の確保を」自動車移動にも立ち往生に注意喚起,https://times.abema.tv/articles/-/10269298?page=1,https://news.ceek.jp/search.cgi?category_id=national&feed=1,ok,,社会
2026-08-27,2026-08-27T09:18:21.980184+09:00,その他メディア,,サンケイスポーツ,アップル、折り畳み式スマホ披露か 9月の特別イベントで,https://www.sanspo.com/article/20260827-VX4AWHLJT5MGXIOT6BEMARO5GY/,https://news.ceek.jp/search.cgi?category_id=national&feed=1,ok,,社会
2026-08-27,2026-08-27T09:18:21.980184+09:00,その他メディア,,サンケイスポーツ,富山、石川にレベル5大雨特別警報 気象庁、線状降水帯が発生,https://www.sanspo.com/article/20260827-AZUOT4S2N5N2TNC6AEI6FZZEK4/,https://news.ceek.jp/search.cgi?category_id=national&feed=1,ok,,社会
2026-08-27,2026-08-27T09:18:21.980184+09:00,その他メディア,,テレビ朝日,【速報】石川県と富山県に「レベル5大雨特別警報」直ちに身の安全を確保,https://news.tv-asahi.co.jp/news_society/articles/000529075.html,https://news.ceek.jp/search.cgi?category_id=national&feed=1,ok,,社会
2026-08-27,2026-08-27T09:18:21.980184+09:00,全国紙,全国,日本経済新聞,富山県と石川県にレベル5大雨特別警報 気象庁、線状降水帯が発生,https://www.nikkei.com/article/DGXZQOUD2704X0X20C26A8000000/,https://news.ceek.jp/search.cgi?category_id=national&feed=1,ok,,社会
2026-08-27,2026-08-27T09:18:21.980184+09:00,全国紙,全国,読売新聞,石川・能登に大雨特別警報、道路冠水や床下浸水などの被害...アンダーパスで動けなくなった車も,https://www.yomiuri.co.jp/national/20260827-GYT1T00064/,https://news.ceek.jp/search.cgi?category_id=national&feed=1,ok,,社会
2026-08-27,2026-08-27T09:18:21.980184+09:00,全国紙,全国,産経新聞,富山、石川に大雨特別警報 各自治体「緊急安全確保」を発表,https://www.sankei.com/article/20260827-ORHRK4Q4EROORGX6VY7OTFCPQI/,https://news.ceek.jp/search.cgi?category_id=national&feed=1,ok,,社会
2026-08-27,2026-08-27T09:18:21.980184+09:00,全国紙,全国,東京新聞,小嶋淳司さん死去 GANKO創業者,https://www.tokyo-np.co.jp/article/511354,https://news.ceek.jp/search.cgi?category_id=national&feed=1,ok,,社会
2026-08-27,2026-08-27T09:18:21.980184+09:00,その他メディア,,TBSテレビ,【速報】高市総理「最大級の警戒を」自身のX更新 富山県・氷見市などで「レベル5大雨特別警報」発表 政府は「官邸連絡室」で情報収集・対応,https://newsdig.tbs.co.jp/articles/-/2899746?display=1,https://news.ceek.jp/search.cgi?category_id=national&feed=1,ok,,社会
2026-08-27,2026-08-27T09:18:21.980184+09:00,その他メディア,,週刊女性PRIME,"沖縄で“道路標識の老朽化""が全国ワーストに...県担当者が明かす「年間30基しか直せない」台所事情",https://www.jprime.jp/articles/-/43180,https://news.ceek.jp/search.cgi?category_id=national&feed=1,ok,,社会
2026-08-27,2026-08-27T09:18:21.980184+09:00,その他メディア,,日刊スポーツ,【政界地獄耳】自民重鎮と共産党がぴったりくる時代...,https://www.nikkansports.com/general/column/jigokumimi/news/202608270000030.html,https://news.ceek.jp/search.cgi?category_id=national&feed=1,ok,,社会
2026-08-27,2026-08-27T09:18:21.980184+09:00,その他メディア,,フジテレビ,"【続報】「段ボールのプレス機に挟まれた」産廃処理場で作業中の40代男性が死亡...助け出そうとした50代男性も""軽傷""警察が事故原因調べる〈北海道小樽市〉",https://www.fnn.jp/articles/-/1102251,https://news.ceek.jp/search.cgi?category_id=national&feed=1,ok,,社会
2026-08-27,2026-08-27T09:18:21.980184+09:00,その他メディア,,日本テレビ,あす朝にかけても記録的大雨に最大級の警戒呼びかけ...石川・富山にレベル5大雨特別警報 気象庁が緊急会見,https://news.ntv.co.jp/category/society/bff08a222fda4e368b4e3ffc572df669,https://news.ceek.jp/search.cgi?category_id=national&feed=1,ok,,社会
2026-08-27,2026-08-27T09:18:21.980184+09:00,その他メディア,,フジテレビ,【速報】富山・石川ですでに車の浸水や道路冠水の被害発生 レベル5大雨特別警報発表,https://www.fnn.jp/articles/-/1102246,https://news.ceek.jp/search.cgi?category_id=national&feed=1,ok,,社会
2026-08-27,2026-08-27T09:18:21.980184+09:00,その他メディア,,日本テレビ,"気象庁が緊急会見“特に浸水想定区域などで災害発生している可能性が極めて高い"" 石川県と富山県にレベル5大雨特別警報",https://news.ntv.co.jp/category/society/a949f7fff15a4d04ac17d1da41afb346,https://news.ceek.jp/search.cgi?category_id=national&feed=1,ok,,社会
2026-08-27,2026-08-27T09:18:21.980184+09:00,その他メディア,,TBSテレビ,【大雨特別警報】「直ちに命守る行動を むやみに移動しないで」気象庁と国交省が合同会見 石川県・富山県ではすでに観測史上最大の雨,https://newsdig.tbs.co.jp/articles/-/2899735?display=1,https://news.ceek.jp/search.cgi?category_id=national&feed=1,ok,,社会
2026-08-27,2026-08-27T09:18:21.980184+09:00,その他メディア,,テレビ朝日,氷見市でおよそ1700軒など停電発生 石川・富山県に大雨特別警報,https://news.tv-asahi.co.jp/news_society/articles/000529041.html,https://news.ceek.jp/search.cgi?category_id=national&feed=1,ok,,社会
2026-08-27,2026-08-27T09:18:21.980184+09:00,その他メディア,,フジテレビ,富山・石川でレベル5大雨特別警報 気象庁と国交省が最大限の警戒呼びかけ すでに浸水や河川氾濫のおそれも 命助かる行動を,https://www.fnn.jp/articles/-/1102236,https://news.ceek.jp/search.cgi?category_id=national&feed=1,ok,,社会
2026-08-27,2026-08-27T09:18:21.980184+09:00,その他メディア,,フジテレビ,14万人に警戒レベル5緊急安全確保を発令 石川・富山で大雨特別警報 羽咋市・志賀町・宝達志水町・中能登町・氷見市 直ちに身の安全確保を,https://www.fnn.jp/articles/-/1102240,https://news.ceek.jp/search.cgi?category_id=national&feed=1,ok,,社会
2026-08-27,2026-08-27T09:18:21.980184+09:00,その他メディア,,フジテレビ,能登南部に「レベル5大雨特別警報」、これまでに経験したことのないような大雨が続く,https://www.fnn.jp/articles/-/1102238,https://news.ceek.jp/search.cgi?category_id=national&feed=1,ok,,社会
2026-08-27,2026-08-27T09:18:21.980184+09:00,その他メディア,,週刊プレイボーイ,現役医師が体験談から明かす「夢のヤセ薬」マンジャロの嘘とホント,https://wpb.shueisha.co.jp/news/society/20260827-132601/,https://news.ceek.jp/search.cgi?category_id=national&feed=1,ok,,社会
2026-08-27,2026-08-27T09:18:21.980184+09:00,その他メディア,,フジテレビ,"交通トラブルが原因か“アイスホッケースティック""で殴打→被害男性は頭割られるも軽傷...逮捕の80歳男「今は言うことない」警察が動機など捜査―当時は双方が車を運転中〈北海道札幌市〉",https://www.fnn.jp/articles/-/1102242,https://news.ceek.jp/search.cgi?category_id=national&feed=1,ok,,社会
2026-08-27,2026-08-27T09:18:21.980184+09:00,その他メディア,,フジテレビ,富山県氷見市に「レベル5大雨特別警報」,https://www.fnn.jp/articles/-/1102255,https://news.ceek.jp/search.cgi?category_id=national&feed=1,ok,,社会
2026-08-27,2026-08-27T09:18:21.980184+09:00,全国紙,全国,読売新聞,石川県能登と富山県西部にレベル5大雨特別警報...線状降水帯発生、気象庁が厳重な警戒呼びかけ,https://www.yomiuri.co.jp/national/20260827-GYT1T00062/,https://news.ceek.jp/search.cgi?category_id=national&feed=1,ok,,社会
2026-08-27,2026-08-27T09:18:21.980184+09:00,その他メディア,,日刊スポーツ,富山、石川に大雨特別警報 線状降水帯が発生 気象庁、重大な危険差し迫っているとして呼びかけ,https://www.nikkansports.com/general/news/202608270000046.html,https://news.ceek.jp/search.cgi?category_id=national&feed=1,ok,,社会
2026-08-27,2026-08-27T09:18:21.980184+09:00,その他メディア,,TBSテレビ,【大雨特別警報】空の便:ANA・JALは目的地変更や遅延・欠航の可能性 午前7時現在,https://newsdig.tbs.co.jp/articles/-/2899712?display=1,https://news.ceek.jp/search.cgi?category_id=national&feed=1,ok,,社会
2026-08-27,2026-08-27T09:18:21.980184+09:00,その他メディア,,TBSテレビ,【大雨特別警報】北陸新幹線は通常どおりの運行 今後の遅れの可能性に注意 午前7時現在,https://newsdig.tbs.co.jp/articles/-/2899713?display=1,https://news.ceek.jp/search.cgi?category_id=national&feed=1,ok,,社会
2026-08-27,2026-08-27T09:18:21.980184+09:00,その他メディア,,日本テレビ,石川県と富山県に「レベル5大雨特別警報」を発表 ただちに命を守る行動を 気象庁,https://news.ntv.co.jp/category/society/43a62673fe254fd38f4e22bad99a0e4d,https://news.ceek.jp/search.cgi?category_id=national&feed=1,ok,,社会
2026-08-27,2026-08-27T09:18:21.980184+09:00,その他メディア,,フジテレビ,【速報】富山・石川でレベル5大雨特別警報 身の安全守る行動を,https://www.fnn.jp/articles/-/1102235,https://news.ceek.jp/search.cgi?category_id=national&feed=1,ok,,社会
2026-08-27,2026-08-27T09:18:21.980184+09:00,その他メディア,,フジテレビ,震度7の氷川町で避難所の小学校が再開へ 職員ら約100人で片付け 災害ゴミの処理も課題 令和8年熊本地震,https://www.fnn.jp/articles/-/1102223,https://news.ceek.jp/search.cgi?category_id=national&feed=1,ok,,社会
2026-08-27,2026-08-27T09:18:21.980184+09:00,その他メディア,,共同通信,富山、石川に大雨特別警報 気象庁、線状降水帯が発生,https://www.47news.jp/14850376.html,https://news.ceek.jp/search.cgi?category_id=national&feed=1,ok,,社会
2026-08-27,2026-08-27T09:18:21.980184+09:00,その他メディア,,フジテレビ,【台風情報】台風18号 熱帯低気圧 予想進路 18号は奄美・沖縄で引き続き注意 熱帯低気圧は28日にも台風に発達か 静岡県沿岸もうねりに注意,https://www.fnn.jp/articles/-/1102233,https://news.ceek.jp/search.cgi?category_id=national&feed=1,ok,,社会
2026-08-27,2026-08-27T09:18:21.980184+09:00,全国紙,全国,読売新聞,辺野古沖事故、同志社が新たな第三者委設置へ...研修内容など「教育の中立性」検証,https://www.yomiuri.co.jp/national/20260827-GYT1T00059/,https://news.ceek.jp/search.cgi?category_id=national&feed=1,ok,,社会
2026-08-27,2026-08-27T09:18:21.980184+09:00,その他メディア,,Abema TIMES,富山県・石川県に緊急安全確保,https://times.abema.tv/articles/-/10269290?page=1,https://news.ceek.jp/search.cgi?category_id=national&feed=1,ok,,社会
2026-08-27,2026-08-27T09:18:21.980184+09:00,全国紙,全国,東京新聞,ドリー・パートンさん死去 80歳 米カントリー音楽の女王,https://www.tokyo-np.co.jp/article/511297,https://news.ceek.jp/search.cgi?category_id=national&feed=1,ok,,社会
2026-08-27,2026-08-27T09:18:21.980184+09:00,その他メディア,,週刊プレイボーイ,検索サイトのAIが示した「ウーバー 不満」への回答に対してウーバーイーツ配達員が感じた疑問【チャリンコ爆走配達日誌】,https://wpb.shueisha.co.jp/news/society/20260827-132515/,https://news.ceek.jp/search.cgi?category_id=national&feed=1,ok,,社会
2026-08-27,2026-08-27T09:18:21.980184+09:00,その他メディア,,フジテレビ,地震の亀裂で「水が行き届かない」 米作りに深刻な影響 少雨でため池干上がり水不足に 令和8年熊本地震,https://www.fnn.jp/articles/-/1102045,https://news.ceek.jp/search.cgi?category_id=national&feed=1,ok,,社会
2026-08-27,2026-08-27T09:18:21.980184+09:00,その他メディア,,フジテレビ,SNSを悪用した詐欺50代女性1000万円被害 暗号資産投資「投入額大きいほど利益が」 山口・岩国市,https://www.fnn.jp/articles/-/1102232,https://news.ceek.jp/search.cgi?category_id=national&feed=1,ok,,社会
2026-08-27,2026-08-27T09:18:21.980184+09:00,その他メディア,,集英社オンライン,「特定疾病患者の特例措置をまるで財源のブルーオーシャンのように」財政制度分科会で配布された資料から透ける財務省の冷血さ 病気で苦しむ人から金を搾り取ろうと...,https://shueisha.online/articles/-/258306,https://news.ceek.jp/search.cgi?category_id=national&feed=1,ok,,社会
2026-08-27,2026-08-27T09:18:21.980184+09:00,その他メディア,,アサ芸プラス,気温47度「灼熱のデスバレー」で観光客が死亡!未舗装路に潜む「底なしズブズブ泥沼」生存率が激減する現場,https://www.asagei.com/excerpt/349264,https://news.ceek.jp/search.cgi?category_id=national&feed=1,ok,,社会
2026-08-27,2026-08-27T09:18:21.980184+09:00,その他メディア,,ポストセブン,"《相模原・17歳少年殺害》「地元の“バイクチーム""を抜けたばかりだった」黒い車に煽られ、複数人にリンチ...被害者の親友が証言「刹那は“コルク狩り""に遭ったのかも」",https://www.news-postseven.com/archives/20260827_2128177.html,https://news.ceek.jp/search.cgi?category_id=national&feed=1,ok,,社会
2026-08-27,2026-08-27T09:18:21.980184+09:00,その他メディア,,フジテレビ,"【数千件の脅迫メッセージ】娘の元交際相手の中学生に...「君が幸せになるのは許せない」SMSで1年半も繰り返す→被害男子は""心に傷""娘の別れ話がきっかけか〈北海道札幌市〉",https://www.fnn.jp/articles/-/1102241,https://news.ceek.jp/search.cgi?category_id=national&feed=1,ok,,社会
2026-08-27,2026-08-27T09:18:21.980184+09:00,全国紙,全国,朝日新聞,政治の中枢「永田町」のルーツと歩み 国会議事堂は初の大規模改修へ,https://www.asahi.com/articles/ASV8S1VZ4V8SOXIE00XM.html,https://news.ceek.jp/search.cgi?category_id=national&feed=1,ok,,社会
2026-08-27,2026-08-27T09:18:21.980184+09:00,その他メディア,,テレビ朝日,石川県で緊急安全確保,https://news.tv-asahi.co.jp/news_society/articles/000529036.html,https://news.ceek.jp/search.cgi?category_id=national&feed=1,ok,,社会
2026-08-27,2026-08-27T09:18:21.980184+09:00,その他メディア,,フジテレビ,右折禁止で市電に衝突し逃走...代行運転手の男を逮捕 22日後に自ら出頭「酒が出ると思って逃げた」【鹿児島】,https://www.fnn.jp/articles/-/1101942,https://news.ceek.jp/search.cgi?category_id=national&feed=1,ok,,社会
2026-08-27,2026-08-27T09:18:21.980184+09:00,全国紙,全国,産経新聞,石川、富山にレベル5大雨特別警報 羽咋市など,https://www.sankei.com/article/20260827-WE2LV6K3HVPNHH5VERCZJXLKNA/,https://news.ceek.jp/search.cgi?category_id=national&feed=1,ok,,社会
2026-08-27,2026-08-27T09:18:21.980184+09:00,その他メディア,,テレビ朝日,【速報】富山県と石川県に「レベル5 大雨特別警報」 直ちに命を守る行動を,https://news.tv-asahi.co.jp/news_society/articles/000529033.html,https://news.ceek.jp/search.cgi?category_id=national&feed=1,ok,,社会
2026-08-27,2026-08-27T09:18:21.980184+09:00,その他メディア,,Abema TIMES,レベル5大雨特別警報 富山県・石川県,https://times.abema.tv/articles/-/10269289?page=1,https://news.ceek.jp/search.cgi?category_id=national&feed=1,ok,,社会
2026-08-27,2026-08-27T09:18:21.980184+09:00,その他メディア,,フジテレビ,"“生卵""を投げつけ逮捕から2年後...同じ隣人に嫌がらせ繰り返した疑い 55歳女をまた逮捕 被害者「ごみを毎日...」",https://www.fnn.jp/articles/-/1102222,https://news.ceek.jp/search.cgi?category_id=national&feed=1,ok,,社会
2026-08-27,2026-08-27T09:18:21.980184+09:00,全国紙,全国,産経新聞,工事の収益を過少申告 7000万円脱税の罪で和歌山の土木会社代表を告発 大阪国税局,https://www.sankei.com/article/20260827-R6PJWXUL4JJZDEHVSSY56LRZJM/,https://news.ceek.jp/search.cgi?category_id=national&feed=1,ok,,社会
2026-08-27,2026-08-27T09:18:21.980184+09:00,その他メディア,,共同通信,【速報】富山、石川にレベル5大雨特別警報,https://www.47news.jp/14850456.html,https://news.ceek.jp/search.cgi?category_id=national&feed=1,ok,,社会
2026-08-27,2026-08-27T09:18:21.980184+09:00,その他メディア,,フジテレビ,【速報】石川・富山にレベル5大雨特別警報,https://www.fnn.jp/articles/-/1102220,https://news.ceek.jp/search.cgi?category_id=national&feed=1,ok,,社会
2026-08-27,2026-08-27T09:18:21.980184+09:00,その他メディア,,フジテレビ,【速報】北陸で記録的な大雨 富山・石川で線状降水帯発生 氷見市で観測史上1位の大雨 羽咋市に記録的短時間大雨情報,https://www.fnn.jp/articles/-/1102218,https://news.ceek.jp/search.cgi?category_id=national&feed=1,ok,,社会
2026-08-27,2026-08-27T09:18:21.980184+09:00,その他メディア,,テレビ朝日,富山県で線状降水帯が再び発生 気象庁発表,https://news.tv-asahi.co.jp/news_society/articles/000529031.html,https://news.ceek.jp/search.cgi?category_id=national&feed=1,ok,,社会
2026-08-27,2026-08-27T09:18:21.980184+09:00,その他メディア,,フジテレビ,熱中症か...畑で農作業中だったとみられる90代女性が倒れる 病院に搬送もその後死亡 市内の最高気温は37.1度,https://www.fnn.jp/articles/-/1102219,https://news.ceek.jp/search.cgi?category_id=national&feed=1,ok,,社会
2026-08-27,2026-08-27T09:18:21.980184+09:00,その他メディア,,TBSテレビ,【速報】線状降水帯発生 富山県西部 石川県能登,https://newsdig.tbs.co.jp/articles/-/2899655?display=1,https://news.ceek.jp/search.cgi?category_id=national&feed=1,ok,,社会
2026-08-27,2026-08-27T09:18:21.980184+09:00,その他メディア,,フジテレビ,酒気帯び運転で事故を起こし20代男女にケガさせた疑いで60歳団体職員の男を現行犯逮捕...基準値の2倍以上のアルコール検出「食事に行くため」運転か〈北海道千歳市〉,https://www.fnn.jp/articles/-/1102217,https://news.ceek.jp/search.cgi?category_id=national&feed=1,ok,,社会
2026-08-27,2026-08-27T09:18:21.980184+09:00,その他メディア,,フジテレビ,石川県能登に「線状降水帯」発生 災害に厳重警戒(06:19時点),https://www.fnn.jp/articles/-/1102216,https://news.ceek.jp/search.cgi?category_id=national&feed=1,ok,,社会
2026-08-27,2026-08-27T09:18:21.980184+09:00,その他メディア,,テレビ朝日,石川県と富山県に線状降水帯直前予測 発表 気象庁,https://news.tv-asahi.co.jp/news_society/articles/000529030.html,https://news.ceek.jp/search.cgi?category_id=national&feed=1,ok,,社会
2026-08-27,2026-08-27T09:18:21.980184+09:00,その他メディア,,フジテレビ,富山県西部に「線状降水帯」発生 災害に厳重警戒(06:08時点),https://www.fnn.jp/articles/-/1102215,https://news.ceek.jp/search.cgi?category_id=national&feed=1,ok,,社会
2026-08-27,2026-08-27T09:18:21.980184+09:00,その他メディア,,フジテレビ,連続放火の可能性も...畑の小屋や枯れ草など燃える不審火4件相次ぐ 畑の持ち主の70代男性が足をやけど,https://www.fnn.jp/articles/-/1102214,https://news.ceek.jp/search.cgi?category_id=national&feed=1,ok,,社会
2026-08-27,2026-08-27T09:18:21.980184+09:00,その他メディア,,現代ビジネス,「美談のある戦争はいけない」...「特攻の父」と呼ばれた男が講演で明かしていた「冷静すぎる本音」,https://gendai.media/articles/-/170011,https://news.ceek.jp/search.cgi?category_id=national&feed=1,ok,,社会
2026-08-27,2026-08-27T09:18:21.980184+09:00,その他メディア,,現代ビジネス,「握手をするとみんな先に死ぬ」614人を送り出し自刃した「特攻の父」...遺族の前で「土下座」した妻の慟哭,https://gendai.media/articles/-/170012,https://news.ceek.jp/search.cgi?category_id=national&feed=1,ok,,社会
2026-08-27,2026-08-27T09:18:21.980184+09:00,その他メディア,,現代ビジネス,"長澤まさみの「人妻力が半端ない」と業界で話題騒然...「ハリウッド進出」も囁かれる""納得のワケ""とは",https://gendai.media/articles/-/170517,https://news.ceek.jp/search.cgi?category_id=national&feed=1,ok,,社会
2026-08-27,2026-08-27T09:18:21.980184+09:00,その他メディア,,AFPBB News,ネパール・チベット洪水で160人死亡、数百人が安否不明 救助活動続く,https://www.afpbb.com/articles/-/3650094,https://news.ceek.jp/search.cgi?category_id=world&feed=1,ok,,国際
2026-08-27,2026-08-27T09:18:21.980184+09:00,その他メディア,,AFPBB News,イラン、強盗犯2人の死刑執行 武装強盗200件以上,https://www.afpbb.com/articles/-/3650093,https://news.ceek.jp/search.cgi?category_id=world&feed=1,ok,,国際
2026-08-27,2026-08-27T09:18:21.980184+09:00,全国紙,全国,産経新聞,インドと中国が国境貿易で協力合意、両軍部隊間のホットライン追加も,https://www.sankei.com/article/20260827-3X5XI5AUXBIGTPA2OBIGVUO4Q4/,https://news.ceek.jp/search.cgi?category_id=world&feed=1,ok,,国際
2026-08-27,2026-08-27T09:18:21.980184+09:00,全国紙,全国,産経新聞,イラン、ホルムズ海峡開放は管理容認が条件 海峡に機雷残存の可能性も,https://www.sankei.com/article/20260827-PA4HYLTWLZIOBP4B5AHJZW7D6E/,https://news.ceek.jp/search.cgi?category_id=world&feed=1,ok,,国際
2026-08-27,2026-08-27T09:18:21.980184+09:00,全国紙,全国,日本経済新聞,米、電力網で外国機器の設置を原則禁止 サイバー攻撃リスクに対応,https://www.nikkei.com/article/DGXZQOCB270RC0X20C26A8000000/,https://news.ceek.jp/search.cgi?category_id=world&feed=1,ok,,国際
2026-08-27,2026-08-27T09:18:21.980184+09:00,全国紙,全国,産経新聞,米中枢同時テロの主犯格、特別軍事法廷で2028年6月から公判へ アルカイダ幹部,https://www.sankei.com/article/20260827-NWB7LWRAMVLQVLLA5YZTXYUKEE/,https://news.ceek.jp/search.cgi?category_id=world&feed=1,ok,,国際
2026-08-27,2026-08-27T09:18:21.980184+09:00,全国紙,全国,日本経済新聞,米、移民ビザの面接を一時停止 審査厳格化へ研修実施,https://www.nikkei.com/article/DGXZQOCB270ME0X20C26A8000000/,https://news.ceek.jp/search.cgi?category_id=world&feed=1,ok,,国際
2026-08-27,2026-08-27T09:18:21.980184+09:00,その他メディア,,CNN.co.jp,アメリカン航空機、離陸前にタイヤ2本破裂 シカゴ・オヘア空港,https://www.cnn.co.jp/usa/35251959.html,https://news.ceek.jp/search.cgi?category_id=world&feed=1,ok,,国際
2026-08-27,2026-08-27T09:18:21.980184+09:00,その他メディア,,日本テレビ,"ルビオ米国務長官、同盟国に“イランに対して攻撃を行う予定ない""認識伝える~米メディア",https://news.ntv.co.jp/category/international/e4951f77c9a34fffbc03448269178376,https://news.ceek.jp/search.cgi?category_id=world&feed=1,ok,,国際
2026-08-27,2026-08-27T09:18:21.980184+09:00,全国紙,全国,産経新聞,米メタ、若者のSNS依存訴訟で和解 1日2時間に利用制限 深夜の投稿・閲覧不可に,https://www.sankei.com/article/20260827-WZP6FWVCH5IOZOBRYWWOHJXUOQ/,https://news.ceek.jp/search.cgi?category_id=world&feed=1,ok,,国際
2026-08-27,2026-08-27T09:18:21.980184+09:00,その他メディア,,Abema TIMES,【更新中】ネパールで大規模洪水、日本人5人と連絡取れず これまでに死亡157人、行方不明400人以上 情報まとめ,https://times.abema.tv/articles/-/10269304?page=1,https://news.ceek.jp/search.cgi?category_id=world&feed=1,ok,,国際
2026-08-27,2026-08-27T09:18:21.980184+09:00,その他メディア,,TBSテレビ,イラン 攻撃受けた核施設へのIAEA査察を拒否,https://newsdig.tbs.co.jp/articles/-/2899771?display=1,https://news.ceek.jp/search.cgi?category_id=world&feed=1,ok,,国際
2026-08-27,2026-08-27T09:18:21.980184+09:00,その他メディア,,世界日報,カナダ、米に最大50%報復関税 200億ドル相当対象,https://www.worldtimes.co.jp/global/north-america/20260827-214099/,https://news.ceek.jp/search.cgi?category_id=world&feed=1,ok,,国際
2026-08-27,2026-08-27T09:18:21.980184+09:00,全国紙,全国,産経新聞,カメルーンの93歳ビヤ大統領、欧州に70日超滞在 政権に44年...健康状態の憶測浮上,https://www.sankei.com/article/20260827-JU6URBVCNVINJE5HZGC5LITBLE/,https://news.ceek.jp/search.cgi?category_id=world&feed=1,ok,,国際
2026-08-27,2026-08-27T09:18:21.980184+09:00,その他メディア,,AFPBB News,トランプ氏、イラン最高指導者は生存,https://www.afpbb.com/articles/-/3650089,https://news.ceek.jp/search.cgi?category_id=world&feed=1,ok,,国際
2026-08-27,2026-08-27T09:18:21.980184+09:00,その他メディア,,テレビ朝日,【更新中】ネパールで大規模洪水、日本人5人と連絡取れず これまでに死亡157人、行方不明400人以上 情報まとめ,https://news.tv-asahi.co.jp/news_international/articles/900198025.html,https://news.ceek.jp/search.cgi?category_id=world&feed=1,ok,,国際
2026-08-27,2026-08-27T09:18:21.980184+09:00,その他メディア,,Jams.TV,鳥インフル不安で鶏肉需要が低迷,https://www.jams.tv/news/289768,https://news.ceek.jp/search.cgi?category_id=world&feed=1,ok,,国際
2026-08-27,2026-08-27T09:18:21.980184+09:00,その他メディア,,ブラジル日報,ブラジルASEAN=南半球で紡ぐ「新・大動脈」=カオ事務総長が初公式訪問=資源と成長センターが結合へ,https://brasilnippou.com/ja/articles/260827-11brasil,https://news.ceek.jp/search.cgi?category_id=world&feed=1,ok,,国際
2026-08-27,2026-08-27T09:18:21.980184+09:00,その他メディア,,ブラジル日報,ルーラ=議会休止前の審議で一挙可決狙う=上下両院議長とランチ交渉=労働・治安の4大優先法案が正念場,https://brasilnippou.com/ja/articles/260827-12brasil,https://news.ceek.jp/search.cgi?category_id=world&feed=1,ok,,国際
2026-08-27,2026-08-27T09:18:21.980184+09:00,その他メディア,,ブラジル日報,ルーラ氏再選でも議会右派包囲か=上院PL躍進なら司法と対立激化=下院の刷新率は過去最低水準へ,https://brasilnippou.com/ja/articles/260827-13brasil,https://news.ceek.jp/search.cgi?category_id=world&feed=1,ok,,国際
2026-08-27,2026-08-27T09:18:21.980184+09:00,その他メディア,,ブラジル日報,コロンビア、カリブ海に新ガス田/埋蔵量倍増の可能性,https://brasilnippou.com/ja/articles/260827-14brasil,https://news.ceek.jp/search.cgi?category_id=world&feed=1,ok,,国際
2026-08-27,2026-08-27T09:18:21.980184+09:00,その他メディア,,ブラジル日報,日系料理ブランド、アルゼンチンで拡大/「寿司」から日常食へ,https://brasilnippou.com/ja/articles/260827-15brasil,https://news.ceek.jp/search.cgi?category_id=world&feed=1,ok,,国際
2026-08-27,2026-08-27T09:18:21.980184+09:00,その他メディア,,ブラジル日報,景気減速と高金利、企業業績を圧迫/金融費用が重荷に,https://brasilnippou.com/ja/articles/260827-16brasil,https://news.ceek.jp/search.cgi?category_id=world&feed=1,ok,,国際
2026-08-27,2026-08-27T09:18:21.980184+09:00,その他メディア,,ブラジル日報,ブラジル富豪4人、選挙に405万レアル/資産家の政治献金が本格化,https://brasilnippou.com/ja/articles/260827-17brasil,https://news.ceek.jp/search.cgi?category_id=world&feed=1,ok,,国際
2026-08-27,2026-08-27T09:18:21.980184+09:00,その他メディア,,Economic Media Bulletin,アディオニクス、低温環境用に電池セル構造改善,https://emb-media.com/autoedge/2026/08/27/673344/,https://news.ceek.jp/search.cgi?category_id=world&feed=1,ok,,国際
2026-08-27,2026-08-27T09:18:21.980184+09:00,その他メディア,,Economic Media Bulletin,メキシコ社、小型電気トラックの試作車を公開,https://emb-media.com/autoedge/2026/08/27/673346/,https://news.ceek.jp/search.cgi?category_id=world&feed=1,ok,,国際
2026-08-27,2026-08-27T09:18:21.980184+09:00,その他メディア,,Economic Media Bulletin,旭化成、米でLIBセパレーター塗工ライン竣工,https://emb-media.com/autoedge/2026/08/27/673390/,https://news.ceek.jp/search.cgi?category_id=world&feed=1,ok,,国際
2026-08-27,2026-08-27T09:18:21.980184+09:00,その他メディア,,Economic Media Bulletin,ウェイモ、ミュンヘンでロボタクシー事業化,https://emb-media.com/autoedge/2026/08/27/673981/,https://news.ceek.jp/search.cgi?category_id=world&feed=1,ok,,国際
2026-08-27,2026-08-27T09:18:21.980184+09:00,その他メディア,,Economic Media Bulletin,オランダ鉄道新興、28年にも北欧路線を追加,https://emb-media.com/europe/2026/08/27/672921/,https://news.ceek.jp/search.cgi?category_id=world&feed=1,ok,,国際
2026-08-27,2026-08-27T09:18:21.980184+09:00,その他メディア,,Economic Media Bulletin,英政府、国民に非常食常備を呼びかけへ,https://emb-media.com/europe/2026/08/27/673080/,https://news.ceek.jp/search.cgi?category_id=world&feed=1,ok,,国際
2026-08-27,2026-08-27T09:18:21.980184+09:00,その他メディア,,Economic Media Bulletin,英政府、デボンのタングステン鉱山に出資,https://emb-media.com/europe/2026/08/27/673148/,https://news.ceek.jp/search.cgi?category_id=world&feed=1,ok,,国際
2026-08-27,2026-08-27T09:18:21.980184+09:00,その他メディア,,Economic Media Bulletin,サルビーニ伊副首相、赤字支出の必要性主張,https://emb-media.com/europe/2026/08/27/673335/,https://news.ceek.jp/search.cgi?category_id=world&feed=1,ok,,国際
2026-08-27,2026-08-27T09:18:21.980184+09:00,その他メディア,,Economic Media Bulletin,ナットウエスト、米市場への再参入進める,https://emb-media.com/europe/2026/08/27/673338/,https://news.ceek.jp/search.cgi?category_id=world&feed=1,ok,,国際
2026-08-27,2026-08-27T09:18:21.980184+09:00,その他メディア,,Economic Media Bulletin,ギリシャ観光の支出額、米国人が断トツ首位,https://emb-media.com/europe/2026/08/27/673350/,https://news.ceek.jp/search.cgi?category_id=world&feed=1,ok,,国際
2026-08-27,2026-08-27T09:18:21.980184+09:00,その他メディア,,Economic Media Bulletin,NIS、米政府に運営ライセンス更新を申請,https://emb-media.com/europe/2026/08/27/673352/,https://news.ceek.jp/search.cgi?category_id=world&feed=1,ok,,国際
2026-08-27,2026-08-27T09:18:21.980184+09:00,その他メディア,,Economic Media Bulletin,小売りM&S、独通販ザランドとの提携拡大,https://emb-media.com/europe/2026/08/27/673358/,https://news.ceek.jp/search.cgi?category_id=world&feed=1,ok,,国際
2026-08-27,2026-08-27T09:18:21.980184+09:00,その他メディア,,Economic Media Bulletin,ブルガリア、原発付近に堤建設=冷却水確保,https://emb-media.com/europe/2026/08/27/673359/,https://news.ceek.jp/search.cgi?category_id=world&feed=1,ok,,国際
2026-08-27,2026-08-27T09:18:21.980184+09:00,その他メディア,,Economic Media Bulletin,ハンガリー中銀、金利5.5%に引き下げ,https://emb-media.com/europe/2026/08/27/673380/,https://news.ceek.jp/search.cgi?category_id=world&feed=1,ok,,国際
2026-08-27,2026-08-27T09:18:21.980184+09:00,その他メディア,,Economic Media Bulletin,独政府、熱波対策を協議,https://emb-media.com/europe/2026/08/27/673386/,https://news.ceek.jp/search.cgi?category_id=world&feed=1,ok,,国際
2026-08-27,2026-08-27T09:18:21.980184+09:00,その他メディア,,Economic Media Bulletin,半導体メレキシス、中国BYDに直接供給へ,https://emb-media.com/europe/2026/08/27/673399/,https://news.ceek.jp/search.cgi?category_id=world&feed=1,ok,,国際
2026-08-27,2026-08-27T09:18:21.980184+09:00,その他メディア,,Economic Media Bulletin,アイスランド、EU加盟交渉再開で国民投票,https://emb-media.com/europe/2026/08/27/673403/,https://news.ceek.jp/search.cgi?category_id=world&feed=1,ok,,国際
2026-08-27,2026-08-27T09:18:21.980184+09:00,その他メディア,,Economic Media Bulletin,レボリュート、AI特化の研究部門を新設,https://emb-media.com/europe/2026/08/27/673404/,https://news.ceek.jp/search.cgi?category_id=world&feed=1,ok,,国際
2026-08-27,2026-08-27T09:18:21.980184+09:00,その他メディア,,Economic Media Bulletin,世界の防衛企業が独進出=国防費拡大で,https://emb-media.com/europe/2026/08/27/673425/,https://news.ceek.jp/search.cgi?category_id=world&feed=1,ok,,国際
2026-08-27,2026-08-27T09:18:21.980184+09:00,その他メディア,,Economic Media Bulletin,オランダ、冬季ガス備蓄目標は達成困難,https://emb-media.com/europe/2026/08/27/673430/,https://news.ceek.jp/search.cgi?category_id=world&feed=1,ok,,国際
2026-08-27,2026-08-27T09:18:21.980184+09:00,その他メディア,,Economic Media Bulletin,スペイン政府、データセンター規制強化も,https://emb-media.com/europe/2026/08/27/673441/,https://news.ceek.jp/search.cgi?category_id=world&feed=1,ok,,国際
2026-08-27,2026-08-27T09:18:21.980184+09:00,その他メディア,,Economic Media Bulletin,財務省、砂糖税の対象拡大を検討=前倒しも,https://emb-media.com/europe/2026/08/27/673449/,https://news.ceek.jp/search.cgi?category_id=world&feed=1,ok,,国際
2026-08-27,2026-08-27T09:18:21.980184+09:00,その他メディア,,Economic Media Bulletin,ドイツ人の余暇、オンライン利用急増=調査,https://emb-media.com/europe/2026/08/27/673471/,https://news.ceek.jp/search.cgi?category_id=world&feed=1,ok,,国際
2026-08-27,2026-08-27T09:18:21.980184+09:00,その他メディア,,Economic Media Bulletin,BNPパリバ、サウジに中東統括本部を設置,https://emb-media.com/europe/2026/08/27/673484/,https://news.ceek.jp/search.cgi?category_id=world&feed=1,ok,,国際
2026-08-27,2026-08-27T09:18:21.980184+09:00,その他メディア,,Economic Media Bulletin,セルビア、北西部にロボット工場開設へ,https://emb-media.com/europe/2026/08/27/673536/,https://news.ceek.jp/search.cgi?category_id=world&feed=1,ok,,国際
2026-08-27,2026-08-27T09:18:21.980184+09:00,その他メディア,,Economic Media Bulletin,チェコ、27年は税収増を予測=法人税除き,https://emb-media.com/europe/2026/08/27/673540/,https://news.ceek.jp/search.cgi?category_id=world&feed=1,ok,,国際
2026-08-27,2026-08-27T09:18:21.980184+09:00,その他メディア,,Economic Media Bulletin,光熱費上限、4%上昇=2年半ぶり高水準,https://emb-media.com/europe/2026/08/27/673546/,https://news.ceek.jp/search.cgi?category_id=world&feed=1,ok,,国際
2026-08-27,2026-08-27T09:18:21.980184+09:00,その他メディア,,Economic Media Bulletin,ウェイモ、ミュンヘンでロボタクシー事業化,https://emb-media.com/europe/2026/08/27/673552/,https://news.ceek.jp/search.cgi?category_id=world&feed=1,ok,,国際
2026-08-27,2026-08-27T09:18:21.980184+09:00,その他メディア,,Economic Media Bulletin,Ifo企業景況感、8月も改善,https://emb-media.com/europe/2026/08/27/673556/,https://news.ceek.jp/search.cgi?category_id=world&feed=1,ok,,国際
2026-08-27,2026-08-27T09:18:21.980184+09:00,その他メディア,,Economic Media Bulletin,ラトビア、露から本・衣類などの輸入禁止,https://emb-media.com/europe/2026/08/27/673571/,https://news.ceek.jp/search.cgi?category_id=world&feed=1,ok,,国際
2026-08-27,2026-08-27T09:18:21.980184+09:00,その他メディア,,Economic Media Bulletin,シーメンス・エナジー、ToIの分離を計画,https://emb-media.com/europe/2026/08/27/673580/,https://news.ceek.jp/search.cgi?category_id=world&feed=1,ok,,国際
2026-08-27,2026-08-27T09:18:21.980184+09:00,その他メディア,,Economic Media Bulletin,フランス消費者信頼感、8月はやや悪化,https://emb-media.com/europe/2026/08/27/673589/,https://news.ceek.jp/search.cgi?category_id=world&feed=1,ok,,国際
2026-08-27,2026-08-27T09:18:21.980184+09:00,その他メディア,,Economic Media Bulletin,加首相、欧州委で演説へ=対米関係悪化の中,https://emb-media.com/europe/2026/08/27/673611/,https://news.ceek.jp/search.cgi?category_id=world&feed=1,ok,,国際
2026-08-27,2026-08-27T09:18:21.980184+09:00,その他メディア,,Economic Media Bulletin,ロボタクシー本格展開に遅れ,https://emb-media.com/europe/2026/08/27/673620/,https://news.ceek.jp/search.cgi?category_id=world&feed=1,ok,,国際
2026-08-27,2026-08-27T09:18:21.980184+09:00,その他メディア,,Economic Media Bulletin,仏政府、干ばつでチーズ生産規制を緩和,https://emb-media.com/europe/2026/08/27/673631/,https://news.ceek.jp/search.cgi?category_id=world&feed=1,ok,,国際
2026-08-27,2026-08-27T09:18:21.980184+09:00,その他メディア,,Economic Media Bulletin,コンビニのジャプカ、加同業がTOB開始,https://emb-media.com/europe/2026/08/27/673634/,https://news.ceek.jp/search.cgi?category_id=world&feed=1,ok,,国際
2026-08-27,2026-08-27T09:18:21.980184+09:00,その他メディア,,Economic Media Bulletin,住宅価格、2%上昇=ロンドンは下落,https://emb-media.com/europe/2026/08/27/673673/,https://news.ceek.jp/search.cgi?category_id=world&feed=1,ok,,国際
2026-08-27,2026-08-27T09:18:21.980184+09:00,その他メディア,,Economic Media Bulletin,ルーマニア、節電協力者に奨励金,https://emb-media.com/europe/2026/08/27/673732/,https://news.ceek.jp/search.cgi?category_id=world&feed=1,ok,,国際
2026-08-27,2026-08-27T09:18:21.980184+09:00,その他メディア,,Economic Media Bulletin,北西欧州のLNG価格、3年ぶり高値,https://emb-media.com/europe/2026/08/27/673762/,https://news.ceek.jp/search.cgi?category_id=world&feed=1,ok,,国際
2026-08-27,2026-08-27T09:18:21.980184+09:00,その他メディア,,Economic Media Bulletin,トルコ、イスラム協力機構諸国への輸出拡大,https://emb-media.com/mea/2026/08/27/672791/,https://news.ceek.jp/search.cgi?category_id=world&feed=1,ok,,国際
2026-08-27,2026-08-27T09:18:21.980184+09:00,その他メディア,,Economic Media Bulletin,トルコ、7月の太陽光発電量が過去最高に,https://emb-media.com/mea/2026/08/27/672797/,https://news.ceek.jp/search.cgi?category_id=world&feed=1,ok,,国際
2026-08-27,2026-08-27T09:18:21.980184+09:00,その他メディア,,Economic Media Bulletin,仏オラノ、ボツワナでウラン探査を拡大,https://emb-media.com/mea/2026/08/27/673134/,https://news.ceek.jp/search.cgi?category_id=world&feed=1,ok,,国際
2026-08-27,2026-08-27T09:18:21.980184+09:00,その他メディア,,Economic Media Bulletin,サウジ電力アクワ、ウズベク事業で韓国社と提携,https://emb-media.com/mea/2026/08/27/673341/,https://news.ceek.jp/search.cgi?category_id=world&feed=1,ok,,国際
2026-08-27,2026-08-27T09:18:21.980184+09:00,その他メディア,,Economic Media Bulletin,中東のガス火力発電容量、530GWに拡大へ,https://emb-media.com/mea/2026/08/27/673355/,https://news.ceek.jp/search.cgi?category_id=world&feed=1,ok,,国際
2026-08-27,2026-08-27T09:18:21.980184+09:00,その他メディア,,Economic Media Bulletin,ドバイ空港利用者、上半期は31%減少,https://emb-media.com/mea/2026/08/27/673395/,https://news.ceek.jp/search.cgi?category_id=world&feed=1,ok,,国際
2026-08-27,2026-08-27T09:18:21.980184+09:00,その他メディア,,Economic Media Bulletin,マスダール、英でBESSが稼働開始=2件目,https://emb-media.com/mea/2026/08/27/673443/,https://news.ceek.jp/search.cgi?category_id=world&feed=1,ok,,国際
2026-08-27,2026-08-27T09:18:21.980184+09:00,その他メディア,,Economic Media Bulletin,華為、エジプトにAI半導体供給を提案,https://emb-media.com/mea/2026/08/27/673492/,https://news.ceek.jp/search.cgi?category_id=world&feed=1,ok,,国際
2026-08-27,2026-08-27T09:18:21.980184+09:00,その他メディア,,Economic Media Bulletin,UAEのAI新興ステラリア、680万ドル調達,https://emb-media.com/mea/2026/08/27/673508/,https://news.ceek.jp/search.cgi?category_id=world&feed=1,ok,,国際
2026-08-27,2026-08-27T09:18:21.980184+09:00,その他メディア,,Economic Media Bulletin,サウジの宇宙経済、35年に316億ドルに,https://emb-media.com/mea/2026/08/27/673568/,https://news.ceek.jp/search.cgi?category_id=world&feed=1,ok,,国際
2026-08-27,2026-08-27T09:18:21.980184+09:00,その他メディア,,Economic Media Bulletin,仏BNPパリバ、サウジに地域統括拠点を設置へ,https://emb-media.com/mea/2026/08/27/673979/,https://news.ceek.jp/search.cgi?category_id=world&feed=1,ok,,国際
2026-08-27,2026-08-27T09:18:21.980184+09:00,その他メディア,,Economic Media Bulletin,ウェイブ、アップル出身者がロボット開発主導へ,https://emb-media.com/autoedge/2026/08/27/673348/,https://news.ceek.jp/search.cgi?category_id=world&feed=1,ok,,国際
2026-08-27,2026-08-27T09:18:21.980184+09:00,その他メディア,,Economic Media Bulletin,テスラ、サイバートラックを米国で値上げ,https://emb-media.com/autoedge/2026/08/27/673396/,https://news.ceek.jp/search.cgi?category_id=world&feed=1,ok,,国際
2026-08-27,2026-08-27T09:18:21.980184+09:00,その他メディア,,Economic Media Bulletin,ルノー、小型EV「サンク」にLFP電池搭載へ,https://emb-media.com/autoedge/2026/08/27/673495/,https://news.ceek.jp/search.cgi?category_id=world&feed=1,ok,,国際
2026-08-27,2026-08-27T09:18:21.980184+09:00,その他メディア,,日本テレビ,"CIA長官、25日にモスクワ訪問 ロシア側の発表では“プーチン大統領との会談なし""",https://news.ntv.co.jp/category/international/c008c95c4e1249138c2972e1ab6abced,https://news.ceek.jp/search.cgi?category_id=world&feed=1,ok,,国際
2026-08-27,2026-08-27T09:18:21.980184+09:00,その他メディア,,フジテレビ,イギリス・ヘンリー王子一家がイギリスに帰国 公務復帰せず2人の子どもはイギリスの学校に,https://www.fnn.jp/articles/-/1102247,https://news.ceek.jp/search.cgi?category_id=world&feed=1,ok,,国際
2026-08-27,2026-08-27T09:18:21.980184+09:00,その他メディア,,TBSテレビ,ホルムズ海峡に機雷が残存の可能性 同盟国が米国に伝達 米通信社報道 海流で流されたか トランプ氏は「全て除去」と改めて主張,https://newsdig.tbs.co.jp/articles/-/2899737?display=1,https://news.ceek.jp/search.cgi?category_id=world&feed=1,ok,,国際
2026-08-27,2026-08-27T09:18:21.980184+09:00,その他メディア,,フジテレビ,"オープンAIがテスト中AIによる外部企業システム侵入の“異常な動き""把握もテスト停止せず",https://www.fnn.jp/articles/-/1102245,https://news.ceek.jp/search.cgi?category_id=world&feed=1,ok,,国際
2026-08-27,2026-08-27T09:18:21.980184+09:00,その他メディア,,TBSテレビ,エヌビディア四半期決算 売上高倍増 AI投資が好調,https://newsdig.tbs.co.jp/articles/-/2899731?display=1,https://news.ceek.jp/search.cgi?category_id=world&feed=1,ok,,国際
2026-08-27,2026-08-27T09:18:21.980184+09:00,その他メディア,,日本テレビ,ヘンリー王子一家がイギリスに帰国 BBCテレビ報道 6年前に王室を離脱,https://news.ntv.co.jp/category/international/7f3ea08dbce44785b0c78ec488479588,https://news.ceek.jp/search.cgi?category_id=world&feed=1,ok,,国際
2026-08-27,2026-08-27T09:18:21.980184+09:00,その他メディア,,フジテレビ,エヌビディアの売上高が3カ月で15兆円 純利益は9.5兆円に 前年同期の2倍超で過去最高を更新,https://www.fnn.jp/articles/-/1102243,https://news.ceek.jp/search.cgi?category_id=world&feed=1,ok,,国際
2026-08-27,2026-08-27T09:18:21.980184+09:00,全国紙,全国,産経新聞,ネパール洪水で米国人も被災 ルビオ国務長官が連帯を表明、人道支援の用意も,https://www.sankei.com/article/20260827-UEWEPRTLZJLENF4N5TT3RT5TOU/,https://news.ceek.jp/search.cgi?category_id=world&feed=1,ok,,国際
2026-08-27,2026-08-27T09:18:21.980184+09:00,その他メディア,,AFPBB News,米首都にギロチン積んだトラック、運転手の男逮捕,https://www.afpbb.com/articles/-/3650086,https://news.ceek.jp/search.cgi?category_id=world&feed=1,ok,,国際
2026-08-27,2026-08-27T09:18:21.980184+09:00,その他メディア,,フジテレビ,中国政府支援のハッカー集団 アメリカ当局がシステムを無力化,https://www.fnn.jp/articles/-/1102239,https://news.ceek.jp/search.cgi?category_id=world&feed=1,ok,,国際
2026-08-27,2026-08-27T09:18:21.980184+09:00,その他メディア,,デイリースポーツ,93歳大統領、欧州に70日超,https://www.daily.co.jp/society/world/2026/08/27/0020751160.shtml,https://news.ceek.jp/search.cgi?category_id=world&feed=1,ok,,国際
2026-08-27,2026-08-27T09:18:21.980184+09:00,その他メディア,,TBSテレビ,トランプ政権 移民ビザの審査手続きを一時停止 再開時期は不明,https://newsdig.tbs.co.jp/articles/-/2899719?display=1,https://news.ceek.jp/search.cgi?category_id=world&feed=1,ok,,国際
2026-08-27,2026-08-27T09:18:21.980184+09:00,その他メディア,,フジテレビ,ネパール洪水 日本人5人と連絡とれず ツアーに参加か 157人死亡外国人観光客ら484人行方不明 中国側でも被害,https://www.fnn.jp/articles/-/1102221,https://news.ceek.jp/search.cgi?category_id=world&feed=1,ok,,国際
2026-08-27,2026-08-27T09:18:21.980184+09:00,その他メディア,,TBSテレビ,ネパール洪水 アメリカ人も被災 少なくとも47人の観光客が行方不明と米メディア報道,https://newsdig.tbs.co.jp/articles/-/2899705?display=1,https://news.ceek.jp/search.cgi?category_id=world&feed=1,ok,,国際
2026-08-27,2026-08-27T09:18:21.980184+09:00,その他メディア,,長崎新聞,渇水と大雨,https://www.nagasaki-np.co.jp/kijis/?kijiid=1465501069175194286,https://news.ceek.jp/search.cgi?category_id=local&feed=1,ok,,地方・地域
2026-08-27,2026-08-27T09:18:21.980184+09:00,地方紙,長野,信濃毎日新聞,長野市で住宅の屋根や壁が焼ける 落雷が原因か,https://www.shinmai.co.jp/news/article/gf01da7o97im9tl84se1cgr0,https://news.ceek.jp/search.cgi?category_id=local&feed=1,ok,,地方・地域
2026-08-27,2026-08-27T09:18:21.980184+09:00,その他メディア,,愛媛新聞,眠る年金 愛媛の事例から 柴田友都 反響編<10>戦中戦後の加入 未把握多く 請求漏れ有無 まず確認,https://www.ehime-np.co.jp/article/news202608270168,https://news.ceek.jp/search.cgi?category_id=local&feed=1,ok,,地方・地域
2026-08-27,2026-08-27T09:18:21.980184+09:00,その他メディア,,愛媛新聞,[文化短信]松山坊っちゃん会9月読書会,https://www.ehime-np.co.jp/article/news202608270169,https://news.ceek.jp/search.cgi?category_id=local&feed=1,ok,,地方・地域
2026-08-27,2026-08-27T09:18:21.980184+09:00,その他メディア,,愛媛新聞,松山ユネスコ協会絵画展・写生会 絵で伝えよう!わたしの町のたからもの 9月1日から作品募集 写生会申し込み開始,https://www.ehime-np.co.jp/article/news202608270170,https://news.ceek.jp/search.cgi?category_id=local&feed=1,ok,,地方・地域
2026-08-27,2026-08-27T09:18:21.980184+09:00,その他メディア,,愛媛新聞,[地域を創る 四国を拓く]嶺南ふるさと創生プロジェクト(四国中央市) 山岳観光の拠点へ汗,https://www.ehime-np.co.jp/article/news202608270171,https://news.ceek.jp/search.cgi?category_id=local&feed=1,ok,,地方・地域
2026-08-27,2026-08-27T09:18:21.980184+09:00,その他メディア,,愛媛新聞,[私の原点・原動力 新居浜のパラアーティスト]山本華さん 図鑑着想 デジタル画に,https://www.ehime-np.co.jp/article/news202608270172,https://news.ceek.jp/search.cgi?category_id=local&feed=1,ok,,地方・地域
2026-08-27,2026-08-27T09:18:21.980184+09:00,その他メディア,,大分合同新聞,全日本女子学童軟式野球大会でオール大分ガールズが初優勝,https://www.oita-press.co.jp/1010000000/2026/08/27/JDC2026082700604,https://news.ceek.jp/search.cgi?category_id=local&feed=1,ok,,地方・地域
2026-08-27,2026-08-27T09:18:21.980184+09:00,その他メディア,,九州朝日放送,福岡市博多区箱崎ふ頭沖で全裸の男性見つかる 救急搬送も死亡確認,https://kbc.co.jp/news/article.php?id=18054201&ymd=2026-08-27,https://news.ceek.jp/search.cgi?category_id=local&feed=1,ok,,地方・地域
2026-08-27,2026-08-27T09:18:21.980184+09:00,その他メディア,,TBSテレビ,男性の顔をオノで殴り殺人未遂容疑で逮捕も...暴力団幹部を不起訴処分に「証拠関係に照らした」と大阪地検,https://newsdig.tbs.co.jp/articles/-/2899847?display=1,https://news.ceek.jp/search.cgi?category_id=local&feed=1,ok,,地方・地域
2026-08-27,2026-08-27T09:18:21.980184+09:00,地方紙,福岡,西日本新聞,「疑惑の福岡県議は役員辞任を」「国会議員を会長に」 福岡市7区...,https://www.nishinippon.co.jp/item/1530987/,https://news.ceek.jp/search.cgi?category_id=local&feed=1,ok,,地方・地域
2026-08-27,2026-08-27T09:18:21.980184+09:00,地方紙,広島,中国新聞,東証、一時下落に転じる,https://www.chugoku-np.co.jp/articles/-/885473,https://news.ceek.jp/search.cgi?category_id=local&feed=1,ok,,地方・地域
2026-08-27,2026-08-27T09:18:21.980184+09:00,その他メディア,,岐阜新聞,12日「川辺おどり花火大会」町民限定観覧エリアを設置 一般客の通行規制,https://www.gifu-np.co.jp/articles/-/760265,https://news.ceek.jp/search.cgi?category_id=local&feed=1,ok,,地方・地域
2026-08-27,2026-08-27T09:18:21.980184+09:00,その他メディア,,山形新聞,26年産米の概算金、9月7日決定 JA全農山形「慎重判断」,https://www.yamagata-np.jp/news/202608/27/kj_2026082700657.php,https://news.ceek.jp/search.cgi?category_id=local&feed=1,ok,,地方・地域
2026-08-27,2026-08-27T09:18:21.980184+09:00,地方紙,広島,中国新聞,富山県4市に災害救助法適用,https://www.chugoku-np.co.jp/articles/-/885472,https://news.ceek.jp/search.cgi?category_id=local&feed=1,ok,,地方・地域
2026-08-27,2026-08-27T09:18:21.980184+09:00,全国紙,全国,読売新聞,左脚骨折の女性患者、誤って右脚手術 550万円賠償で和解へ...一宮市立市民病院,https://www.yomiuri.co.jp/local/chubu/news/20260827-GYTNT00040/,https://news.ceek.jp/search.cgi?category_id=local&feed=1,ok,,地方・地域
2026-08-27,2026-08-27T09:18:21.980184+09:00,その他メディア,,岐阜新聞,南加県人会2人に知事表彰 訪米の足立岐阜県副知事、115周年祝賀会出席,https://www.gifu-np.co.jp/articles/-/760160,https://news.ceek.jp/search.cgi?category_id=local&feed=1,ok,,地方・地域
2026-08-27,2026-08-27T09:18:21.980184+09:00,その他メディア,,山形新聞,膵がん早期発見へ連携 山形大病院、村山地域の医療機関,https://www.yamagata-np.jp/news/202608/27/kj_2026082700656.php,https://news.ceek.jp/search.cgi?category_id=local&feed=1,ok,,地方・地域
2026-08-27,2026-08-27T09:18:21.980184+09:00,地方紙,広島,中国新聞,石川県気象防災速報(竜巻注意) 第14号=気象庁発表,https://www.chugoku-np.co.jp/articles/-/885471,https://news.ceek.jp/search.cgi?category_id=local&feed=1,ok,,地方・地域
2026-08-27,2026-08-27T09:18:21.980184+09:00,その他メディア,,北日本新聞,高岡・氷見・小矢部・射水の4市に災害救助法適用 大雨受け県が災害対策本部員会議,https://webun.jp/articles/-/1081629,https://news.ceek.jp/search.cgi?category_id=local&feed=1,ok,,地方・地域
2026-08-27,2026-08-27T09:18:21.980184+09:00,その他メディア,,佐賀新聞,記者日記 10年前の葛藤,https://www.saga-s.co.jp/articles/-/1778410,https://news.ceek.jp/search.cgi?category_id=local&feed=1,ok,,地方・地域
2026-08-27,2026-08-27T09:18:21.980184+09:00,全国紙,全国,中日新聞,石川県と富山県にレベル5大雨特別警報、タイムラインで現地から情報をお届け,https://www.chunichi.co.jp/article/1302393,https://news.ceek.jp/search.cgi?category_id=local&feed=1,ok,,地方・地域
2026-08-27,2026-08-27T09:18:21.980184+09:00,その他メディア,,TBSテレビ,「ご縁をつないで...」四季の花々描いた襖絵 中国の画家が泉涌寺に奉納 国境越えたコラボレーションが実現 京都・東山区,https://newsdig.tbs.co.jp/articles/-/2899836?display=1,https://news.ceek.jp/search.cgi?category_id=local&feed=1,ok,,地方・地域
2026-08-27,2026-08-27T09:18:21.980184+09:00,その他メディア,,神奈川新聞,おくやみ 8月27日,https://www.kanaloco.jp/news/obituary/article-1299772.html,https://news.ceek.jp/search.cgi?category_id=local&feed=1,ok,,地方・地域
2026-08-27,2026-08-27T09:18:21.980184+09:00,その他メディア,,十勝毎日新聞,全道共進会へ牛の仕上げ 更別農高で毛刈り指導,https://kachimai.jp/article/index.php?no=2026082500485,https://news.ceek.jp/search.cgi?category_id=local&feed=1,ok,,地方・地域
2026-08-27,2026-08-27T09:18:21.980184+09:00,地方紙,京都,京都新聞,【速報】車で右折中、横断歩道の歩行者にぶつかって逃走疑い 50代の男逮捕「当たっていない」と否認,https://www.kyoto-np.co.jp/articles/-/1779092,https://news.ceek.jp/search.cgi?category_id=local&feed=1,ok,,地方・地域
2026-08-27,2026-08-27T09:18:21.980184+09:00,その他メディア,,北國新聞,羽咋で12時間252ミリの雨、観測史上最多,https://www.hokkoku.co.jp/articles/-/2211363,https://news.ceek.jp/search.cgi?category_id=local&feed=1,ok,,地方・地域
2026-08-27,2026-08-27T09:18:21.980184+09:00,その他メディア,,佐賀新聞,山下農水副大臣がAPEC会合に出席 食料の安定供給へ課題訴え <抄録永田町>,https://www.saga-s.co.jp/articles/-/1778531,https://news.ceek.jp/search.cgi?category_id=local&feed=1,ok,,地方・地域
2026-08-27,2026-08-27T09:18:21.980184+09:00,地方紙,福岡,西日本新聞,北九州市小倉北区で男が通行中の女性の後をつけて公然わいせつ行為...,https://www.nishinippon.co.jp/item/1531126/,https://news.ceek.jp/search.cgi?category_id=local&feed=1,ok,,地方・地域
2026-08-27,2026-08-27T09:18:21.980184+09:00,地方紙,沖縄,沖縄タイムス,沖縄県知事選、新人4氏も立候補 9月13日投開票,https://www.okinawatimes.co.jp/articles/-/1910486,https://news.ceek.jp/search.cgi?category_id=local&feed=1,ok,,地方・地域
2026-08-27,2026-08-27T09:18:21.980184+09:00,地方紙,沖縄,琉球新報,【データで見る知事選2】有権者117万6316人 前回比0.92%増 あすから期日前投票 最多6人立候補予定,https://ryukyushimpo.jp/news/entry-5485026.html,https://news.ceek.jp/search.cgi?category_id=local&feed=1,ok,,地方・地域
2026-08-27,2026-08-27T09:18:21.980184+09:00,地方紙,広島,中国新聞,東証、256円高,https://www.chugoku-np.co.jp/articles/-/885467,https://news.ceek.jp/search.cgi?category_id=local&feed=1,ok,,地方・地域
2026-08-27,2026-08-27T09:18:21.980184+09:00,全国紙,全国,中日新聞,東証、256円高 午前9時15分現在,https://www.chunichi.co.jp/article/1302398,https://news.ceek.jp/search.cgi?category_id=local&feed=1,ok,,地方・地域
2026-08-27,2026-08-27T09:18:21.980184+09:00,地方紙,沖縄,沖縄タイムス,【随時更新】沖縄知事選、今何が? 過去最多の6人が激突 初日の動きを動画と写真で追う,https://www.okinawatimes.co.jp/articles/-/1910730,https://news.ceek.jp/search.cgi?category_id=local&feed=1,ok,,地方・地域
2026-08-27,2026-08-27T09:18:21.980184+09:00,その他メディア,,TBSテレビ,五島市で未明に火事 4人就寝中の家にも延焼し2棟がほぼ全焼...逃げ出して無事,https://newsdig.tbs.co.jp/articles/-/2899805?display=1,https://news.ceek.jp/search.cgi?category_id=local&feed=1,ok,,地方・地域
2026-08-27,2026-08-27T09:18:21.980184+09:00,地方紙,広島,中国新聞,富山、石川で住宅浸水の通報相次ぐ,https://www.chugoku-np.co.jp/articles/-/885469,https://news.ceek.jp/search.cgi?category_id=local&feed=1,ok,,地方・地域
2026-08-27,2026-08-27T09:18:21.980184+09:00,全国紙,全国,毎日新聞,伏兵のサイドスロー JR四国5年目右腕の駅員が挑む初の大舞台,https://mainichi.jp/articles/20260826/k00/00m/050/379000c,https://news.ceek.jp/search.cgi?category_id=local&feed=1,ok,,地方・地域
2026-08-27,2026-08-27T09:18:21.980184+09:00,その他メディア,,山形新聞,米沢市のX公式アカウント、凍結解除,https://www.yamagata-np.jp/news/202608/27/kj_2026082700655.php,https://news.ceek.jp/search.cgi?category_id=local&feed=1,ok,,地方・地域
2026-08-27,2026-08-27T09:18:21.980184+09:00,地方紙,広島,中国新聞,福井県気象防災速報(竜巻注意) 第1号=気象庁発表,https://www.chugoku-np.co.jp/articles/-/885468,https://news.ceek.jp/search.cgi?category_id=local&feed=1,ok,,地方・地域
2026-08-27,2026-08-27T09:18:21.980184+09:00,その他メディア,,福島民友新聞,天空のソバ畑...高原に白のじゅうたん、南会津高杖原地区で見頃,https://www.minyu-net.com/news/detail/2026082709261054059,https://news.ceek.jp/search.cgi?category_id=local&feed=1,ok,,地方・地域
2026-08-27,2026-08-27T09:18:21.980184+09:00,その他メディア,,八重山毎日新聞,知事選きょう告示,https://www.y-mainichi.co.jp/news/42759/,https://news.ceek.jp/search.cgi?category_id=local&feed=1,ok,,地方・地域
2026-08-27,2026-08-27T09:18:21.980184+09:00,地方紙,広島,中国新聞,東証、256円高,https://www.chugoku-np.co.jp/articles/-/885465,https://news.ceek.jp/search.cgi?category_id=local&feed=1,ok,,地方・地域
2026-08-27,2026-08-27T09:18:21.980184+09:00,その他メディア,,八重山毎日新聞,台風接近 ムシャーマ中止,https://www.y-mainichi.co.jp/news/42758/,https://news.ceek.jp/search.cgi?category_id=local&feed=1,ok,,地方・地域
2026-08-27,2026-08-27T09:18:21.980184+09:00,その他メディア,,徳島新聞,第67期王位戦・徳島対局2日目、両雄が会場入り 封じ手を開封 藤井聡太王位VS伊藤匠二冠<記事まとめ>,https://www.topics.or.jp/articles/-/1483744,https://news.ceek.jp/search.cgi?category_id=local&feed=1,ok,,地方・地域
2026-08-27,2026-08-27T09:18:21.980184+09:00,全国紙,全国,読売新聞,アジア・アジアパラ大会を前にアスリート委員らが岐阜県知事と懇談...元パラ柔道選手,https://www.yomiuri.co.jp/local/chubu/news/20260827-GYTNT00057/,https://news.ceek.jp/search.cgi?category_id=local&feed=1,ok,,地方・地域
2026-08-27,2026-08-27T09:18:21.980184+09:00,その他メディア,,徳島新聞,自転車の男性、負傷程度が判明 徳島市内の交通事故,https://www.topics.or.jp/articles/-/1484616,https://news.ceek.jp/search.cgi?category_id=local&feed=1,ok,,地方・地域
2026-08-27,2026-08-27T09:18:21.980184+09:00,その他メディア,,TBSテレビ,陸自佐賀駐屯地オスプレイが9月から霧島演習場でも飛行訓練 水陸機動団とも連携強化へ 鹿児島・宮崎,https://newsdig.tbs.co.jp/articles/-/2899809?display=1,https://news.ceek.jp/search.cgi?category_id=local&feed=1,ok,,地方・地域
2026-08-27,2026-08-27T09:18:21.980184+09:00,その他メディア,,福島民友新聞,「湯川米」受け付け開始 ふるさと納税、本年度は6品種食べ比べセットも,https://www.minyu-net.com/news/detail/2026082709262554060,https://news.ceek.jp/search.cgi?category_id=local&feed=1,ok,,地方・地域
2026-08-27,2026-08-27T09:18:21.980184+09:00,その他メディア,,八重山毎日新聞,きょう27日は旧盆の送り日「ウークイ」。...,https://www.y-mainichi.co.jp/news/42757/,https://news.ceek.jp/search.cgi?category_id=local&feed=1,ok,,地方・地域
2026-08-27,2026-08-27T09:18:21.980184+09:00,その他メディア,,TBSテレビ,【避難所開設】氷見市内 避難所8か所 27日午前9時現在,https://newsdig.tbs.co.jp/articles/-/2899803?display=1,https://news.ceek.jp/search.cgi?category_id=local&feed=1,ok,,地方・地域
2026-08-27,2026-08-27T09:18:21.980184+09:00,全国紙,全国,中日新聞,東京株式 27日09時15分,https://www.chunichi.co.jp/article/1302391,https://news.ceek.jp/search.cgi?category_id=local&feed=1,ok,,地方・地域
2026-08-27,2026-08-27T09:18:21.980184+09:00,地方紙,広島,中国新聞,東京株式 27日09時15分,https://www.chugoku-np.co.jp/articles/-/885464,https://news.ceek.jp/search.cgi?category_id=local&feed=1,ok,,地方・地域
2026-08-27,2026-08-27T09:18:21.980184+09:00,全国紙,全国,中日新聞,メタ、2・8兆円支払いで和解 SNS依存、米の州側との訴訟,https://www.chunichi.co.jp/article/1302275,https://news.ceek.jp/search.cgi?category_id=local&feed=1,ok,,地方・地域
2026-08-27,2026-08-27T09:18:21.980184+09:00,その他メディア,,日本テレビ,【近畿の天気】27日(木)朝 大阪は曇り、神戸は曇りのち雨 最高気温はきのう26日より低めのところが多い予想,https://news.ntv.co.jp/category/weather/yta8758064714d40db97c45daf8168966a,https://news.ceek.jp/search.cgi?category_id=local&feed=1,ok,,地方・地域
2026-08-27,2026-08-27T09:18:21.980184+09:00,地方紙,広島,中国新聞,佐々木朗希、6勝目懸け先発,https://www.chugoku-np.co.jp/articles/-/885462,https://news.ceek.jp/search.cgi?category_id=local&feed=1,ok,,地方・地域
2026-08-27,2026-08-27T09:18:21.980184+09:00,その他メディア,,TBSテレビ,スーパーで現金やスマホ入りのバッグ盗む 76歳パート従業員の男を緊急逮捕(山形),https://newsdig.tbs.co.jp/articles/-/2899799?display=1,https://news.ceek.jp/search.cgi?category_id=local&feed=1,ok,,地方・地域
2026-08-27,2026-08-27T09:18:21.980184+09:00,その他メディア,,徳島新聞,顔面殴り「1人15万円で合計30万払え」 恐喝と傷害の疑いで男3人を逮捕,https://www.topics.or.jp/articles/-/1484614,https://news.ceek.jp/search.cgi?category_id=local&feed=1,ok,,地方・地域
2026-08-27,2026-08-27T09:18:21.980184+09:00,全国紙,全国,読売新聞,アジア大会前に名古屋・錦三で客引きや違法看板を取り締まり...愛知県警 歓楽街対策を強化,https://www.yomiuri.co.jp/local/chubu/news/20260827-GYTNT00047/,https://news.ceek.jp/search.cgi?category_id=local&feed=1,ok,,地方・地域
2026-08-27,2026-08-27T09:18:21.980184+09:00,その他メディア,,TBSテレビ,「山が燃えているみたいだ」キャンプ場で建物火災 けが人や逃げ遅れはなし【長崎・平戸市】,https://newsdig.tbs.co.jp/articles/-/2899796?display=1,https://news.ceek.jp/search.cgi?category_id=local&feed=1,ok,,地方・地域
2026-08-27,2026-08-27T09:18:21.980184+09:00,その他メディア,,福島民友新聞,福島一、福島四、清明小を1校に集約、福島市教委が方針,https://www.minyu-net.com/news/detail/2026082709142254056,https://news.ceek.jp/search.cgi?category_id=local&feed=1,ok,,地方・地域
2026-08-27,2026-08-27T09:18:21.980184+09:00,その他メディア,,山形新聞,羽黒山で「秋の峰入り」,https://www.yamagata-np.jp/news/202608/27/kj_2026082700653.php,https://news.ceek.jp/search.cgi?category_id=local&feed=1,ok,,地方・地域
2026-08-27,2026-08-27T09:18:21.980184+09:00,地方紙,沖縄,沖縄タイムス,「勘弁してほしい」 台風18号、沖縄北部で14時間停電 橋閉鎖で観光客ら島に缶詰め,https://www.okinawatimes.co.jp/articles/-/1910701,https://news.ceek.jp/search.cgi?category_id=local&feed=1,ok,,地方・地域
2026-08-27,2026-08-27T09:18:21.980184+09:00,その他メディア,,山形新聞,園児がホウキキビ収穫作業を体験 庄内町,https://www.yamagata-np.jp/news/202608/27/kj_2026082700652.php,https://news.ceek.jp/search.cgi?category_id=local&feed=1,ok,,地方・地域
2026-08-27,2026-08-27T09:18:21.980184+09:00,その他メディア,,TBSテレビ,【台風のたまご】どんどん発生する台風のたまご=熱帯低気圧 日本への影響は,https://newsdig.tbs.co.jp/articles/-/2899787?display=1,https://news.ceek.jp/search.cgi?category_id=local&feed=1,ok,,地方・地域
2026-08-27,2026-08-27T09:18:21.980184+09:00,その他メディア,,TBSテレビ,自分が住むアパート駐車場にペットボトルなどを複数回不法投棄か 30代女逮捕 「ごみが捨てられている」とアパート住人が通報=静岡・富士宮市,https://newsdig.tbs.co.jp/articles/-/2899791?display=1,https://news.ceek.jp/search.cgi?category_id=local&feed=1,ok,,地方・地域
2026-08-27,2026-08-27T09:18:21.980184+09:00,地方紙,京都,京都新聞,【速報】近畿地方、27日昼前~28日に警報級大雨の恐れ 大阪、兵庫、京都、滋賀で警報発表の可能性,https://www.kyoto-np.co.jp/articles/-/1779080,https://news.ceek.jp/search.cgi?category_id=local&feed=1,ok,,地方・地域
2026-08-27,2026-08-27T09:18:21.980184+09:00,その他メディア,,福島民友新聞,目指すは高校生プロ 学法福島・斎藤日吉さん、キックボクシング全日本大会優勝,https://www.minyu-net.com/news/detail/2026082709151054057,https://news.ceek.jp/search.cgi?category_id=local&feed=1,ok,,地方・地域
2026-08-27,2026-08-27T09:18:21.980184+09:00,その他メディア,,徳島新聞,鳴門市で竹やぶ焼く 野焼きが原因,https://www.topics.or.jp/articles/-/1484611,https://news.ceek.jp/search.cgi?category_id=local&feed=1,ok,,地方・地域
2026-08-27,2026-08-27T09:18:21.980184+09:00,その他メディア,,日本テレビ,28日にかけて大気の状態が非常に不安定に 県内は大雨となる所がある見込み 土砂災害や河川の増水などに十分注意を 秋田 27日(午前5時6分),https://news.ntv.co.jp/category/weather/ab8cf7ab78bc344f14b1da995a7ea0c8df,https://news.ceek.jp/search.cgi?category_id=local&feed=1,ok,,地方・地域
2026-08-27,2026-08-27T09:18:21.980184+09:00,その他メディア,,山梨日日新聞,中央線 一部に遅れ,https://www.sannichi.co.jp/article/2026/08/27/80718477,https://news.ceek.jp/search.cgi?category_id=local&feed=1,ok,,地方・地域
2026-08-27,2026-08-27T09:18:21.980184+09:00,地方紙,広島,中国新聞,東証、続伸して始まり一時500円超高,https://www.chugoku-np.co.jp/articles/-/885459,https://news.ceek.jp/search.cgi?category_id=local&feed=1,ok,,地方・地域
2026-08-27,2026-08-27T09:18:21.980184+09:00,地方紙,兵庫,神戸新聞,神戸・ポーアイの会社廃材置き場から出火、木材など燃える けが人なし,https://www.kobe-np.co.jp/news/jiken/202608/0020751344.shtml,https://news.ceek.jp/search.cgi?category_id=local&feed=1,ok,,地方・地域
2026-08-27,2026-08-27T09:18:21.980184+09:00,その他メディア,,山形新聞,ヤマザワカップ県女子駅伝、11月22日開催確認 山形市で準備委,https://www.yamagata-np.jp/news/202608/27/kj_2026082700651.php,https://news.ceek.jp/search.cgi?category_id=local&feed=1,ok,,地方・地域
2026-08-27,2026-08-27T09:18:21.980184+09:00,その他メディア,,TBSテレビ,【大雨情報】東北地方は前線や暖かく湿った空気の影響で大雨に 28日昼前にかけて土砂災害や低い土地の浸水、河川の増水に十分注意を 気象庁,https://newsdig.tbs.co.jp/articles/-/2899789?display=1,https://news.ceek.jp/search.cgi?category_id=local&feed=1,ok,,地方・地域
2026-08-27,2026-08-27T09:18:21.980184+09:00,地方紙,沖縄,琉球新報,【知事選特集】投票率低下傾向 前回57・92% 1%で1万票差 勝敗に影響,https://ryukyushimpo.jp/news/entry-5484988.html,https://news.ceek.jp/search.cgi?category_id=local&feed=1,ok,,地方・地域
2026-08-27,2026-08-27T09:18:21.980184+09:00,地方紙,広島,中国新聞,沖縄知事選に6人が届け出,https://www.chugoku-np.co.jp/articles/-/885454,https://news.ceek.jp/search.cgi?category_id=local&feed=1,ok,,地方・地域
2026-08-27,2026-08-27T09:18:21.980184+09:00,全国紙,全国,中日新聞,為替相場 27日(日本時間 9時),https://www.chunichi.co.jp/article/1302294,https://news.ceek.jp/search.cgi?category_id=local&feed=1,ok,,地方・地域
2026-08-27,2026-08-27T09:18:21.980184+09:00,地方紙,広島,中国新聞,震度=気象庁発表(27日9時0分)震度順・市区町村別 :地震,https://www.chugoku-np.co.jp/articles/-/885458,https://news.ceek.jp/search.cgi?category_id=local&feed=1,ok,,地方・地域
2026-08-27,2026-08-27T09:18:21.980184+09:00,その他メディア,,山形新聞,旧吉池医院を新ステージに 山形、市民団体が来月から活用事業,https://www.yamagata-np.jp/news/202608/27/kj_2026082700650.php,https://news.ceek.jp/search.cgi?category_id=local&feed=1,ok,,地方・地域
2026-08-27,2026-08-27T09:18:21.980184+09:00,その他メディア,,山陽新聞,備前市の住宅地 無償譲渡 市方針、人口減対策と定住促進,https://www.sanyonews.jp/article/1978715/,https://news.ceek.jp/search.cgi?category_id=local&feed=1,ok,,地方・地域
2026-08-27,2026-08-27T09:18:21.980184+09:00,その他メディア,,陸奥新報,生活道路の法定速度引き下げで標識設置/青森県警,https://mutsushimpo.com/news/7175qv6f/,https://news.ceek.jp/search.cgi?category_id=local&feed=1,ok,,地方・地域
2026-08-27,2026-08-27T09:18:21.980184+09:00,全国紙,全国,朝日新聞,100年前と今の排外主義問う「ナウ・アンド・ゼン」29日から上映,https://www.asahi.com/articles/ASV8S43Q8V8SBSDS00KM.html,https://news.ceek.jp/search.cgi?category_id=local&feed=1,ok,,地方・地域
2026-08-27,2026-08-27T09:18:21.980184+09:00,全国紙,全国,朝日新聞,「愛してるの次は・・・」 愛知県警がSNS型詐欺防止へ啓発動画,https://www.asahi.com/articles/ASV8V1SGFV8VOIPE006M.html,https://news.ceek.jp/search.cgi?category_id=local&feed=1,ok,,地方・地域
2026-08-27,2026-08-27T09:18:21.980184+09:00,全国紙,全国,朝日新聞,新JA三重ビルが三重県庁前に完成、県整備の公園は災害時に活用,https://www.asahi.com/articles/ASV8V3WDFV8VONFB001M.html,https://news.ceek.jp/search.cgi?category_id=local&feed=1,ok,,地方・地域
2026-08-27,2026-08-27T09:18:21.980184+09:00,その他メディア,,宮古毎日新聞,591柱のみ霊慰める/宮古南静園,https://www.miyakomainichi.com/news/news-193189/,https://news.ceek.jp/search.cgi?category_id=local&feed=1,ok,,地方・地域
2026-08-27,2026-08-27T09:18:21.980184+09:00,その他メディア,,宮古毎日新聞,屋内で遊具遊び楽しむ/JTAドーム、30日まで開催,https://www.miyakomainichi.com/news/news-193192/,https://news.ceek.jp/search.cgi?category_id=local&feed=1,ok,,地方・地域
2026-08-27,2026-08-27T09:18:21.980184+09:00,その他メディア,,宮古毎日新聞,県知事選、きょう告示/玉城氏に古謝氏挑む構図,https://www.miyakomainichi.com/news/news-193195/,https://news.ceek.jp/search.cgi?category_id=local&feed=1,ok,,地方・地域
2026-08-27,2026-08-27T09:18:21.980184+09:00,その他メディア,,宮古毎日新聞,子供らが大綱引き合う/上野宮国,https://www.miyakomainichi.com/news/news-193197/,https://news.ceek.jp/search.cgi?category_id=local&feed=1,ok,,地方・地域
2026-08-27,2026-08-27T09:18:21.980184+09:00,その他メディア,,東奥日報,弘前の畑でモモ50個盗難,https://www.toonippo.co.jp/articles/-/2348641,https://news.ceek.jp/search.cgi?category_id=local&feed=1,ok,,地方・地域
2026-08-27,2026-08-27T09:18:21.980184+09:00,その他メディア,,東奥日報,全館停電むつ合同庁舎、復旧作業始まる,https://www.toonippo.co.jp/articles/-/2348642,https://news.ceek.jp/search.cgi?category_id=local&feed=1,ok,,地方・地域
2026-08-27,2026-08-27T09:18:21.980184+09:00,その他メディア,,東奥日報,十和田の切田中、三本木中と統合へ,https://www.toonippo.co.jp/articles/-/2348644,https://news.ceek.jp/search.cgi?category_id=local&feed=1,ok,,地方・地域
2026-08-27,2026-08-27T09:18:21.980184+09:00,その他メディア,,東奥日報,ペット同伴避難、弘前城東学園と市協定,https://www.toonippo.co.jp/articles/-/2348656,https://news.ceek.jp/search.cgi?category_id=local&feed=1,ok,,地方・地域
