date,collected_at,category,region,newspaper,headline,url,source_url,status,error_message,topic
2026-08-06,2026-08-06T07:02:03.956142+09:00,全国紙,全国,読売新聞,,,,skipped,robots.txtが一般クローラー/AI系UAを名指しで包括的にDisallow。2024年1月のToS改定で自動収集・生成AI学習目的の収集を明示的に禁止しているため、自動取得の対象外とする。,
2026-08-06,2026-08-06T07:02:03.956142+09:00,全国紙,全国,朝日新聞,原爆投下から81年の広島、追悼の朝 18歳で被爆した母に贈る言葉,http://www.asahi.com/articles/ASV850CG9V85OXIE038M.html,https://www.asahi.com/rss/asahi/newsheadlines.rdf,ok,,社会
2026-08-06,2026-08-06T07:02:03.956142+09:00,全国紙,全国,朝日新聞,支援物資が届かない背景に「三つの不足」 物流の専門家に聞く改善策,http://www.asahi.com/articles/ASV852407V85ULLI003M.html,https://www.asahi.com/rss/asahi/newsheadlines.rdf,ok,,社会
2026-08-06,2026-08-06T07:02:03.956142+09:00,全国紙,全国,朝日新聞,残した笑顔、奪われた未来 100人の子どもたちの短い人生を追う,http://www.asahi.com/articles/ASV7Q05JFV7QPTIL002M.html,https://www.asahi.com/rss/asahi/newsheadlines.rdf,ok,,社会
2026-08-06,2026-08-06T07:02:03.956142+09:00,全国紙,全国,朝日新聞,広島きょう被爆81年 核廃絶に逆行する国際情勢のなか,http://www.asahi.com/articles/ASV853D11V85PITB002M.html,https://www.asahi.com/rss/asahi/newsheadlines.rdf,ok,,社会
2026-08-06,2026-08-06T07:02:03.956142+09:00,全国紙,全国,朝日新聞,女子高生にクマスプレー誤噴射、道警ヘリで救助 北海道トムラウシ山,http://www.asahi.com/articles/ASV853DHZV85IIPE00PM.html,https://www.asahi.com/rss/asahi/newsheadlines.rdf,ok,,社会
2026-08-06,2026-08-06T07:02:03.956142+09:00,全国紙,全国,朝日新聞,高円宮家の承子さまがアーチェリー観戦 熊本地震犠牲者に哀悼の意,http://www.asahi.com/articles/ASV85342QV85UTIL021M.html,https://www.asahi.com/rss/asahi/newsheadlines.rdf,ok,,社会
2026-08-06,2026-08-06T07:02:03.956142+09:00,全国紙,全国,朝日新聞,国連事務次長「軍事力だけに頼らない安全保障は『お花畑』ではない」,http://www.asahi.com/articles/ASV853C9YV85PITB01DM.html,https://www.asahi.com/rss/asahi/newsheadlines.rdf,ok,,社会
2026-08-06,2026-08-06T07:02:03.956142+09:00,全国紙,全国,朝日新聞,ボクシング元世界王者、薬師寺氏に懲役1年求刑 養子縁組届偽造の罪,http://www.asahi.com/articles/ASV8532WNV85OIPE009M.html,https://www.asahi.com/rss/asahi/newsheadlines.rdf,ok,,社会
2026-08-06,2026-08-06T07:02:03.956142+09:00,全国紙,全国,朝日新聞,訪問介護利用者の口座から1千万円詐取した疑い、ヘルパーの男を逮捕,http://www.asahi.com/articles/ASV8531J3V85PTIL00TM.html,https://www.asahi.com/rss/asahi/newsheadlines.rdf,ok,,社会
2026-08-06,2026-08-06T07:02:03.956142+09:00,全国紙,全国,朝日新聞,警察官が発砲したのは近所の60歳 死因は胸撃たれた出血性ショック,http://www.asahi.com/articles/ASV852JNQV85PTIL01CM.html,https://www.asahi.com/rss/asahi/newsheadlines.rdf,ok,,社会
2026-08-06,2026-08-06T07:02:03.956142+09:00,全国紙,全国,朝日新聞,夏の甲子園、女性審判委員がデビュー 2児の母「また立ちたい」,http://www.asahi.com/articles/ASV854F1QV85PTQP002M.html,https://www.asahi.com/rss/asahi/newsheadlines.rdf,ok,,スポーツ
2026-08-06,2026-08-06T07:02:03.956142+09:00,全国紙,全国,朝日新聞,仙台育英、早めの継投で逃げ切った 4年ぶりVへ「もっと投げたい」,http://www.asahi.com/articles/ASV854388V85PTQP00KM.html,https://www.asahi.com/rss/asahi/newsheadlines.rdf,ok,,スポーツ
2026-08-06,2026-08-06T07:02:03.956142+09:00,全国紙,全国,朝日新聞,野球も料理もまごころ 次はミシュランの星を夢見る 札幌日大・新保,http://www.asahi.com/articles/ASV853VGVV85UTQP01HM.html,https://www.asahi.com/rss/asahi/newsheadlines.rdf,ok,,スポーツ
2026-08-06,2026-08-06T07:02:03.956142+09:00,全国紙,全国,朝日新聞,仙台育英、田山が大会第1号本塁打 札幌日大は満塁の好機で1点のみ,http://www.asahi.com/articles/ASV85368RV85UQIP047M.html,https://www.asahi.com/rss/asahi/newsheadlines.rdf,ok,,スポーツ
2026-08-06,2026-08-06T07:02:03.956142+09:00,全国紙,全国,朝日新聞,女性の審判委員が初めてジャッジ 開会式では手話も 夏の甲子園開幕,http://www.asahi.com/articles/ASV853K00V85PTQP00BM.html,https://www.asahi.com/rss/asahi/newsheadlines.rdf,ok,,スポーツ
2026-08-06,2026-08-06T07:02:03.956142+09:00,全国紙,全国,朝日新聞,「本業は事業の工場」 DeNA南場社長、AI活用し利益の循環へ,http://www.asahi.com/articles/ASV853VQKV85ULFA01SM.html,https://www.asahi.com/rss/asahi/newsheadlines.rdf,ok,,ビジネス
2026-08-06,2026-08-06T07:02:03.956142+09:00,全国紙,全国,朝日新聞,ホンダ純利益4千億円に上方修正、3月期 円安効果、中国は苦境続く,http://www.asahi.com/articles/ASV853DNNV85ULFA024M.html,https://www.asahi.com/rss/asahi/newsheadlines.rdf,ok,,ビジネス
2026-08-06,2026-08-06T07:02:03.956142+09:00,全国紙,全国,朝日新聞,大阪府内の最低賃金、1231円に 54円増額で答申,http://www.asahi.com/articles/ASV853H49V85PLFA00TM.html,https://www.asahi.com/rss/asahi/newsheadlines.rdf,ok,,ビジネス
2026-08-06,2026-08-06T07:02:03.956142+09:00,全国紙,全国,朝日新聞,トヨタや日産が生産再開へ 地震で供給網が混乱、ホンダは停止延長,http://www.asahi.com/articles/ASV853579V85ULFA007M.html,https://www.asahi.com/rss/asahi/newsheadlines.rdf,ok,,ビジネス
2026-08-06,2026-08-06T07:02:03.956142+09:00,全国紙,全国,朝日新聞,ニデック、4~6月期決算発表を延期 株主から新たな提訴請求も,http://www.asahi.com/articles/ASV852TVPV85PLFA001M.html,https://www.asahi.com/rss/asahi/newsheadlines.rdf,ok,,ビジネス
2026-08-06,2026-08-06T07:02:03.956142+09:00,全国紙,全国,朝日新聞,「反高市の急先鋒」など投稿 岩屋衆院議員への批判、選挙前後に急増,http://www.asahi.com/articles/ASV7S2RVMV7SUTFK00XM.html,https://www.asahi.com/rss/asahi/newsheadlines.rdf,ok,,政治
2026-08-06,2026-08-06T07:02:03.956142+09:00,全国紙,全国,朝日新聞,ビラに街宣車に動画配信者、なお続く批判投稿 岩屋衆院議員の危機感,http://www.asahi.com/articles/ASV7S2S2LV7SUTFK004M.html,https://www.asahi.com/rss/asahi/newsheadlines.rdf,ok,,政治
2026-08-06,2026-08-06T07:02:03.956142+09:00,全国紙,全国,朝日新聞,インドにF2戦闘機を初派遣へ 共同訓練に参加、対中牽制のねらいも,http://www.asahi.com/articles/ASV85419BV85UTFK00NM.html,https://www.asahi.com/rss/asahi/newsheadlines.rdf,ok,,政治
2026-08-06,2026-08-06T07:02:03.956142+09:00,全国紙,全国,朝日新聞,首相の熊本視察動画、BGMつきで官邸投稿 「首相のPR」と批判も,http://www.asahi.com/articles/ASV8512GBV85UTFK003M.html,https://www.asahi.com/rss/asahi/newsheadlines.rdf,ok,,政治
2026-08-06,2026-08-06T07:02:03.956142+09:00,全国紙,全国,朝日新聞,消費減税、財源・効果に懸念の声 野党反対で法案成立は楽観できず,http://www.asahi.com/articles/ASV85432SV85ULFA025M.html,https://www.asahi.com/rss/asahi/newsheadlines.rdf,ok,,政治
2026-08-06,2026-08-06T07:02:03.956142+09:00,全国紙,全国,朝日新聞,バングラのハシナ前首相「12月にも帰国」 反政府デモでインド逃亡,http://www.asahi.com/articles/ASV8554JPV85SFVU1NQM.html,https://www.asahi.com/rss/asahi/newsheadlines.rdf,ok,,国際
2026-08-06,2026-08-06T07:02:03.956142+09:00,全国紙,全国,朝日新聞,ロシア太平洋艦隊が大規模な軍事演習へ 北方領土も含まれる可能性,http://www.asahi.com/articles/ASV85644ZV85UHBI01WM.html,https://www.asahi.com/rss/asahi/newsheadlines.rdf,ok,,国際
2026-08-06,2026-08-06T07:02:03.956142+09:00,全国紙,全国,朝日新聞,ドイツ東部の空港に爆発物搭載のドローン ウクライナ機の近くで発見,http://www.asahi.com/articles/ASV855FDLV85SFVU1JRM.html,https://www.asahi.com/rss/asahi/newsheadlines.rdf,ok,,国際
2026-08-06,2026-08-06T07:02:03.956142+09:00,全国紙,全国,朝日新聞,急進左派が激戦州でも予備選勝利 ミシガン民主上院、勢い拡大,http://www.asahi.com/articles/ASV851RW5V85UHBI001M.html,https://www.asahi.com/rss/asahi/newsheadlines.rdf,ok,,国際
2026-08-06,2026-08-06T07:02:03.956142+09:00,全国紙,全国,朝日新聞,ホルムズ海峡の開放、イランとオマーンが「新航路」設定に合意間近か,http://www.asahi.com/articles/ASV853D3DV85UHBI00LM.html,https://www.asahi.com/rss/asahi/newsheadlines.rdf,ok,,国際
2026-08-06,2026-08-06T07:02:03.956142+09:00,全国紙,全国,朝日新聞,怪しい中島歩、新境地の比嘉愛未 夏ドラマで「俳優力」発揮する役者,http://www.asahi.com/articles/ASV850F4CV85UCVL02WM.html,https://www.asahi.com/rss/asahi/newsheadlines.rdf,ok,,文化芸能
2026-08-06,2026-08-06T07:02:03.956142+09:00,全国紙,全国,朝日新聞,蒼井優か高橋一生か、VIVANTか 記者が選ぶ夏ドラマの1位は?,http://www.asahi.com/articles/ASV8303VMV83UCVL053M.html,https://www.asahi.com/rss/asahi/newsheadlines.rdf,ok,,文化芸能
2026-08-06,2026-08-06T07:02:03.956142+09:00,全国紙,全国,朝日新聞,藤井聡太名人、七冠復帰への挑戦ならず 広瀬章人九段が王座戦挑戦権,http://www.asahi.com/articles/ASV8543PDV85UCVL02JM.html,https://www.asahi.com/rss/asahi/newsheadlines.rdf,ok,,文化芸能
2026-08-06,2026-08-06T07:02:03.956142+09:00,全国紙,全国,朝日新聞,NHK職員、番組出演者から性被害 別職場での復職も認められず,http://www.asahi.com/articles/ASV853HSGV85UCVL01XM.html,https://www.asahi.com/rss/asahi/newsheadlines.rdf,ok,,社会
2026-08-06,2026-08-06T07:02:03.956142+09:00,全国紙,全国,朝日新聞,実験で肝炎ウイルス感染20年超、チンパンジー治療成功 がん進行も,http://www.asahi.com/articles/ASV834PV4V83UTFL019M.html,https://www.asahi.com/rss/asahi/newsheadlines.rdf,ok,,サイエンス
2026-08-06,2026-08-06T07:02:03.956142+09:00,全国紙,全国,朝日新聞,最先端AI、人間をだましてサイバー攻撃 英政府機関「深刻な欺き」,http://www.asahi.com/articles/ASV8564KZV85UHBI02BM.html,https://www.asahi.com/rss/asahi/newsheadlines.rdf,ok,,サイエンス
2026-08-06,2026-08-06T07:02:03.956142+09:00,全国紙,全国,朝日新聞,イオン爆発 LPガスは1平米に50トンの破壊力、火災ない場合も,http://www.asahi.com/articles/ASV851GLJV85UTFL027M.html,https://www.asahi.com/rss/asahi/newsheadlines.rdf,ok,,サイエンス
2026-08-06,2026-08-06T07:02:03.956142+09:00,全国紙,全国,朝日新聞,ロシア文学者で演劇評論家の中本信幸さん死去 反戦歌の日本語訳も,http://www.asahi.com/articles/ASV852HY7V85UCVL014M.html,https://www.asahi.com/rss/asahi/newsheadlines.rdf,ok,,おくやみ
2026-08-06,2026-08-06T07:02:03.956142+09:00,全国紙,全国,朝日新聞,「捨て石も繰り返せば積み上がる」日中関係に尽力、河野洋平氏を悼む,http://www.asahi.com/articles/ASV8423P4V84UTFK01BM.html,https://www.asahi.com/rss/asahi/newsheadlines.rdf,ok,,おくやみ
2026-08-06,2026-08-06T07:02:03.956142+09:00,全国紙,全国,朝日新聞,名張毒ブドウ酒事件の再審請求弁護団長、鈴木泉さんが死去,http://www.asahi.com/articles/ASV840HZ3V84OIPE001M.html,https://www.asahi.com/rss/asahi/newsheadlines.rdf,ok,,おくやみ
2026-08-06,2026-08-06T07:02:03.956142+09:00,全国紙,全国,毎日新聞,広島の平和記念式典、参列国数3.5倍に 核使用の危機感背景か,https://mainichi.jp/articles/20260805/k00/00m/040/099000c,https://mainichi.jp/rss/etc/mainichi-flash.rss,ok,,ニュース
2026-08-06,2026-08-06T07:02:03.956142+09:00,全国紙,全国,毎日新聞,校歌が長すぎ? 甲子園で省略された過去も 福岡代表・東筑とは,https://mainichi.jp/articles/20260804/k00/00m/050/134000c,https://mainichi.jp/rss/etc/mainichi-flash.rss,ok,,ニュース
2026-08-06,2026-08-06T07:02:03.956142+09:00,全国紙,全国,毎日新聞,「本当のロック」が人生変えた 障害者の魂の叫びをメロディーに,https://mainichi.jp/articles/20260804/k00/00m/040/123000c,https://mainichi.jp/rss/etc/mainichi-flash.rss,ok,,ニュース
2026-08-06,2026-08-06T07:02:03.956142+09:00,全国紙,全国,毎日新聞,ロンドン中心部で4人刺される 47歳女性逮捕 医療ヘリも着陸,https://mainichi.jp/articles/20260806/k00/00m/030/003000c,https://mainichi.jp/rss/etc/mainichi-flash.rss,ok,,ニュース
2026-08-06,2026-08-06T07:02:03.956142+09:00,全国紙,全国,毎日新聞,もっと社会人野球:「真摯に野球を...」 都市対抗野球題材の作家が語る社会人の魅力,https://mainichi.jp/articles/20260805/k00/00m/050/187000c,https://mainichi.jp/rss/etc/mainichi-flash.rss,ok,,ニュース
2026-08-06,2026-08-06T07:02:03.956142+09:00,全国紙,全国,毎日新聞,みんなの高校野球:相談で球速アップも 出場選手に聞いたAI活用法 夏の甲子園,https://mainichi.jp/articles/20260804/k00/00m/050/172000c,https://mainichi.jp/rss/etc/mainichi-flash.rss,ok,,ニュース
2026-08-06,2026-08-06T07:02:03.956142+09:00,全国紙,全国,毎日新聞,「原爆落とすのは人間ではない」 被爆者、千葉から恐ろしさ訴え,https://mainichi.jp/articles/20260805/k00/00m/040/337000c,https://mainichi.jp/rss/etc/mainichi-flash.rss,ok,,ニュース
2026-08-06,2026-08-06T07:02:03.956142+09:00,全国紙,全国,毎日新聞,みんなの高校野球:「細かいところが...」 両親が語る神村学園エースの素顔 甲子園,https://mainichi.jp/articles/20260803/k00/00m/050/291000c,https://mainichi.jp/rss/etc/mainichi-flash.rss,ok,,ニュース
2026-08-06,2026-08-06T07:02:03.956142+09:00,全国紙,全国,毎日新聞,水面に映った自分の顔に気絶 93歳がスタバで語った被爆の記憶,https://mainichi.jp/articles/20260805/k00/00m/040/096000c,https://mainichi.jp/rss/etc/mainichi-flash.rss,ok,,ニュース
2026-08-06,2026-08-06T07:02:03.956142+09:00,全国紙,全国,毎日新聞,読む政治:長子継承への期待、麻生氏の言及も 改正皇室典範は国民の総意か,https://mainichi.jp/articles/20260803/k00/00m/010/254000c,https://mainichi.jp/rss/etc/mainichi-flash.rss,ok,,ニュース
2026-08-06,2026-08-06T07:02:03.956142+09:00,全国紙,全国,毎日新聞,「武器アート」でモザンビークの平和構築 松山のNPOが表彰,https://mainichi.jp/articles/20260804/k00/00m/040/245000c,https://mainichi.jp/rss/etc/mainichi-flash.rss,ok,,ニュース
2026-08-06,2026-08-06T07:02:03.956142+09:00,全国紙,全国,毎日新聞,なぜ人間はこんなひどいことを ヒロシマは戦争の本質に迫る入り口,https://mainichi.jp/articles/20260805/k00/00m/040/122000c,https://mainichi.jp/rss/etc/mainichi-flash.rss,ok,,ニュース
2026-08-06,2026-08-06T07:02:03.956142+09:00,全国紙,全国,毎日新聞,一生消えぬ被爆の影響 世界のリーダーに深刻さは伝わっているか,https://mainichi.jp/articles/20260805/k00/00m/040/086000c,https://mainichi.jp/rss/etc/mainichi-flash.rss,ok,,ニュース
2026-08-06,2026-08-06T07:02:03.956142+09:00,全国紙,全国,毎日新聞,原爆投下81年 高まる核リスク 被爆者減る中、広島から平和訴え,https://mainichi.jp/articles/20260805/k00/00m/040/265000c,https://mainichi.jp/rss/etc/mainichi-flash.rss,ok,,ニュース
2026-08-06,2026-08-06T07:02:03.956142+09:00,全国紙,全国,毎日新聞,東九州道迂回でも割高にせず 地震で通行止め、お盆の帰省客向け,https://mainichi.jp/articles/20260805/k00/00m/040/383000c,https://mainichi.jp/rss/etc/mainichi-flash.rss,ok,,ニュース
2026-08-06,2026-08-06T07:02:03.956142+09:00,全国紙,全国,毎日新聞,「扉がちょこっとずつ開いた」 仙台育英・須江監督 夏の甲子園,https://mainichi.jp/articles/20260805/k00/00m/050/377000c,https://mainichi.jp/rss/etc/mainichi-flash.rss,ok,,ニュース
2026-08-06,2026-08-06T07:02:03.956142+09:00,全国紙,全国,毎日新聞,ソフトバンク、マジック点灯も小久保監督「隙見せては...」,https://mainichi.jp/articles/20260805/k00/00m/050/380000c,https://mainichi.jp/rss/etc/mainichi-flash.rss,ok,,ニュース
2026-08-06,2026-08-06T07:02:03.956142+09:00,全国紙,全国,毎日新聞,甲子園初勝利お預け 札幌日大監督「やりたい野球できたが...」,https://mainichi.jp/articles/20260805/k00/00m/050/361000c,https://mainichi.jp/rss/etc/mainichi-flash.rss,ok,,ニュース
2026-08-06,2026-08-06T07:02:03.956142+09:00,全国紙,全国,毎日新聞,ミュトス5などAIが指示なくサイバー攻撃 英政府機関の試験中,https://mainichi.jp/articles/20260805/k00/00m/040/375000c,https://mainichi.jp/rss/etc/mainichi-flash.rss,ok,,ニュース
2026-08-06,2026-08-06T07:02:03.956142+09:00,全国紙,全国,毎日新聞,タイ外相、中国大使に異例の苦言 中国人巡る一連の騒動受け,https://mainichi.jp/articles/20260805/k00/00m/030/353000c,https://mainichi.jp/rss/etc/mainichi-flash.rss,ok,,ニュース
2026-08-06,2026-08-06T07:02:03.956142+09:00,全国紙,全国,日本経済新聞,,,,skipped,公式無料RSSなし。著作権ページで自動収集を明確に禁止しているため、自動取得の対象外とする。,
2026-08-06,2026-08-06T07:02:03.956142+09:00,全国紙,全国,産経新聞,「みっともない」石破氏の現状 高市首相の後ろから鉄砲 阿比留瑠比の極言御免,https://www.sankei.com/article/20260806-CM3D6K7X3RPARADJBHTSWKTHOQ/,https://www.sankei.com/,ok,,
2026-08-06,2026-08-06T07:02:03.956142+09:00,全国紙,全国,産経新聞,政府が外国と疑われる不審アカウント把握 高市首相「選挙への影...,https://www.sankei.com/article/20260318-U6PW4754BNE3XKFYBTQWPKM65A/,https://www.sankei.com/,ok,,
2026-08-06,2026-08-06T07:02:03.956142+09:00,全国紙,全国,産経新聞,衆院選で国会議員の部屋割り一変 小沢、岡田、安住氏ら自民に明...,https://www.sankei.com/article/20260304-C5JCVB743FEVZMNEAU76GY4VNQ/,https://www.sankei.com/,ok,,
2026-08-06,2026-08-06T07:02:03.956142+09:00,全国紙,全国,産経新聞,立正佼成会が衆院選で中道103人推薦 公明合流影響か 前回立...,https://www.sankei.com/article/20260303-EHLBLQ2BTRCSVGSJVFHI5TBX4U/,https://www.sankei.com/,ok,,
2026-08-06,2026-08-06T07:02:03.956142+09:00,全国紙,全国,産経新聞,中道落選者ヒアリングに170人 公明出身の比例名簿上位に不満...,https://www.sankei.com/article/20260228-EVZDJVSJZBANXN7Y4DVXWAX5RU/,https://www.sankei.com/,ok,,
2026-08-06,2026-08-06T07:02:03.956142+09:00,全国紙,全国,産経新聞,財務省の敗北 「反対」の消費減税閣議決定、首相の不信根強く 人事介入をちらつかされ...,https://www.sankei.com/article/20260805-XJ2ZXOQJ7NP3PADIT2FIORCLEA/,https://www.sankei.com/,ok,,
2026-08-06,2026-08-06T07:02:03.956142+09:00,全国紙,全国,産経新聞,不同意性交罪でジャンポケ斉藤慎二被告に懲役7年求刑 被害女性「言葉通じぬモンスター」,https://www.sankei.com/article/20260805-Y4HQ3SG76FPYRBCZQNXJRRMCGY/,https://www.sankei.com/,ok,,
2026-08-06,2026-08-06T07:02:03.956142+09:00,全国紙,全国,産経新聞,「トランプ関税」16兆円返還 米当局公表、連邦最高裁「違法」判断受け徴収総額の6割,https://www.sankei.com/article/20260806-KAYUOV3NQNJWBLEDJKV2PDDQ2U/,https://www.sankei.com/,ok,,
2026-08-06,2026-08-06T07:02:03.956142+09:00,全国紙,全国,産経新聞,米上院・民主予備選で急進左派が勝利 米ミシガン州、本選勝利なら初のムスリム上院議員,https://www.sankei.com/article/20260805-RB6WNVHGDFNQPOCKNKX65WTX3A/,https://www.sankei.com/,ok,,
2026-08-06,2026-08-06T07:02:03.956142+09:00,全国紙,全国,産経新聞,ドジャース大谷翔平5試合ぶり25号ソロ、カブス今永昇太先発、鈴木誠也は2番,https://www.sankei.com/article/20260806-OPR4DIZUF5JBBMWBRXWRRYOHLU/,https://www.sankei.com/,ok,,
2026-08-06,2026-08-06T07:02:03.956142+09:00,全国紙,全国,産経新聞,小沢一郎氏「不幸なこと利用し悪宣伝する人も」 辺野古沖事故の沖縄知事選への影響問われ,https://www.sankei.com/article/20260805-OFZAFNQGZFJBVAV3QCRIHJC7QI/,https://www.sankei.com/,ok,,
2026-08-06,2026-08-06T07:02:03.956142+09:00,全国紙,全国,産経新聞,警察官発砲の緊迫現場を通行人が撮影 大阪・河内長野の刃物男、死因は出血性ショック,https://www.sankei.com/article/20260805-PMJESLAGUZLM3F4QZMGWUXQDIY/,https://www.sankei.com/,ok,,
2026-08-06,2026-08-06T07:02:03.956142+09:00,全国紙,全国,産経新聞,<主張> 原爆の日 核抑止から目を背けまい,https://www.sankei.com/article/20260806-QQQYDX6SUVORHNC2JHFO4R6ZDA/,https://www.sankei.com/,ok,,
2026-08-06,2026-08-06T07:02:03.956142+09:00,全国紙,全国,産経新聞,<産経抄>ナイターが当たり前の景色に、暑さ対策の高校野球,https://www.sankei.com/article/20260806-UG24PMINPRPJLDLNHYS3Z5UZVI/,https://www.sankei.com/,ok,,
2026-08-06,2026-08-06T07:02:03.956142+09:00,全国紙,全国,産経新聞,消費税1%巡り「政高党低」顕著 「聖域」自民税調の存在感低下 首相支持の賛成派が圧倒,https://www.sankei.com/article/20260805-LIJSTT27XRPWDB6WNZSLNSR5VA/,https://www.sankei.com/,ok,,
2026-08-06,2026-08-06T07:02:03.956142+09:00,全国紙,全国,産経新聞,「AIが駆動する人事3.0:採用・育成・タレントマネジメントの戦略的シフト」8月5日...,https://www.sankei.com/article/20260701-7TY77265CVCN5LQS464VQVIRPI/,https://www.sankei.com/,ok,,
2026-08-06,2026-08-06T07:02:03.956142+09:00,全国紙,全国,産経新聞,「AI & DX Leaders’ Conference 2026」9月11日 大手...,https://www.sankei.com/article/20260729-JONX5ORFAJBSBG4D2MGTPB6NP4/,https://www.sankei.com/,ok,,
2026-08-06,2026-08-06T07:02:03.956142+09:00,全国紙,全国,産経新聞,<主張>食品消費税の減税 懸念払拭へ責任,https://www.sankei.com/article/20260806-PW22D2TCMZMFDDDPQ4WDIUGA4I/,https://www.sankei.com/,ok,,
2026-08-06,2026-08-06T07:02:03.956142+09:00,全国紙,全国,産経新聞,北朝鮮がロシアに弾道ミサイル40発,https://www.sankei.com/article/20260806-LQEICSWVKVO3PPEMFALWXEGLE4/,https://www.sankei.com/,ok,,
2026-08-06,2026-08-06T07:02:03.956142+09:00,全国紙,全国,産経新聞,劇場版「鬼滅の刃」最新作2冠,https://www.sankei.com/article/20260806-HJDB4POCJ5OHBNUTWVMZ3PASCA/,https://www.sankei.com/,ok,,
2026-08-06,2026-08-06T07:02:03.956142+09:00,全国紙,全国,東京新聞,非核三原則「変更の必要はない」と寺田稔・元総務相 自民「原爆議連」会長が語る 広島原爆の日,https://www.tokyo-np.co.jp/article/506724,https://www.tokyo-np.co.jp/,ok,,
2026-08-06,2026-08-06T07:02:03.956142+09:00,全国紙,全国,東京新聞,結局高市首相が独断した「消費税減税」...慶応大・駒村康平教授が「ばくち」と危うい構造を断じる,https://www.tokyo-np.co.jp/article/506714,https://www.tokyo-np.co.jp/,ok,,
2026-08-06,2026-08-06T07:02:03.956142+09:00,全国紙,全国,東京新聞,夏休み、子どもを「SNSリスク」から守るには...専門家が提案する、家庭内ルール作り,https://www.tokyo-np.co.jp/article/506765,https://www.tokyo-np.co.jp/,ok,,
2026-08-06,2026-08-06T07:02:03.956142+09:00,全国紙,全国,東京新聞,消費税減税に期待と不安「売り上げ増えれば」「値下げ...でも原料高が」 小売り・外食・農家の本音は,https://www.tokyo-np.co.jp/article/506725,https://www.tokyo-np.co.jp/,ok,,
2026-08-06,2026-08-06T07:02:03.956142+09:00,全国紙,全国,東京新聞,消費税減税で後に引けなくなった高市首相 代替財源固められないままの独断...「次世代の負担」頼みの恐れ,https://www.tokyo-np.co.jp/article/506750,https://www.tokyo-np.co.jp/,ok,,
2026-08-06,2026-08-06T07:02:03.956142+09:00,全国紙,全国,東京新聞,大谷、今季初の1試合2本塁打 今永1失点、鈴木は2番,https://www.tokyo-np.co.jp/article/506807,https://www.tokyo-np.co.jp/,ok,,
2026-08-06,2026-08-06T07:02:03.956142+09:00,全国紙,全国,東京新聞,自民の改憲草案に不安を感じる「でっかい人権持ってる17歳」...国会前デモにぶつけたシンプルな思い,https://www.tokyo-np.co.jp/article/506709,https://www.tokyo-np.co.jp/,ok,,
2026-08-06,2026-08-06T07:02:03.956142+09:00,全国紙,全国,東京新聞,女子アスリートの月経、男性指導者どう向き合う? 学んでつかんだ「遠慮はしない。配慮は必要」,https://www.tokyo-np.co.jp/article/506700,https://www.tokyo-np.co.jp/,ok,,
2026-08-06,2026-08-06T07:02:03.956142+09:00,全国紙,全国,東京新聞,万博「負の遺産」EVバスは今 大阪メトロ報告書の「常とう句」と、曖昧なまま終わらせた「核心」,https://www.tokyo-np.co.jp/article/506766,https://www.tokyo-np.co.jp/,ok,,
2026-08-06,2026-08-06T07:02:03.956142+09:00,全国紙,全国,東京新聞,核使用容認に危機感、廃絶を訴え 広島原爆81年、平和式典,https://www.tokyo-np.co.jp/article/506791,https://www.tokyo-np.co.jp/,ok,,
2026-08-06,2026-08-06T07:02:03.956142+09:00,全国紙,全国,東京新聞,今さら聞けない消費税...いつ始まった? 何に使われる? 国と地方の取り分は?〈Q&Aで解説〉,https://www.tokyo-np.co.jp/article/506710,https://www.tokyo-np.co.jp/,ok,,
2026-08-06,2026-08-06T07:02:03.956142+09:00,全国紙,全国,東京新聞,山本太郎流との違いは? れいわ・山本譲司新代表 就任後初の会見で何を語った 新しい党名は,https://www.tokyo-np.co.jp/article/506743,https://www.tokyo-np.co.jp/,ok,,
2026-08-06,2026-08-06T07:02:03.956142+09:00,全国紙,全国,東京新聞,被災地視察でイメージアップ狙った?...高市首相の動画に高度な「演出」 「誰も止めなかったのか」批判殺到,https://www.tokyo-np.co.jp/article/506749,https://www.tokyo-np.co.jp/,ok,,
2026-08-06,2026-08-06T07:02:03.956142+09:00,全国紙,全国,東京新聞,農業インフラの被害2千カ所に 熊本地震、水路やため池で深刻,https://www.tokyo-np.co.jp/article/506787,https://www.tokyo-np.co.jp/,ok,,
2026-08-06,2026-08-06T07:02:03.956142+09:00,全国紙,全国,東京新聞,仙台育英が開幕試合制す 全国高校野球選手権,https://www.tokyo-np.co.jp/article/506755,https://www.tokyo-np.co.jp/,ok,,
2026-08-06,2026-08-06T07:02:03.956142+09:00,全国紙,全国,東京新聞,スキマバイトで「カイジの世界」を見た高校生からのメール 仮眠は土足の床、「左手輪ゴムの人」と呼ばれ...,https://www.tokyo-np.co.jp/article/377300,https://www.tokyo-np.co.jp/,ok,,
2026-08-06,2026-08-06T07:02:03.956142+09:00,全国紙,全国,東京新聞,〈動画〉望月衣塑子記者が中道・伊佐進一氏にインタビュー 消費税減税の高市首相案は「悪手」,https://www.tokyo-np.co.jp/article/506661,https://www.tokyo-np.co.jp/,ok,,tag_movie
2026-08-06,2026-08-06T07:02:03.956142+09:00,全国紙,全国,東京新聞,〈動画〉望月衣塑子記者が自民党の会議を解説 高市首相の「食料品実質ゼロ%」方針に「抗議」の退席議員らに聞く,https://www.tokyo-np.co.jp/article/506228,https://www.tokyo-np.co.jp/,ok,,tag_movie
2026-08-06,2026-08-06T07:02:03.956142+09:00,全国紙,全国,東京新聞,〈動画〉望月衣塑子記者が共産・山添氏にインタビュー 熊本地震の避難所の現状から「副首都」法の矛盾まで,https://www.tokyo-np.co.jp/article/505503,https://www.tokyo-np.co.jp/,ok,,tag_movie
2026-08-06,2026-08-06T07:02:03.956142+09:00,全国紙,全国,東京新聞,〈東京新聞タイムカプセル 鉄道〉 東海道新幹線 2,https://www.tokyo-np.co.jp/article/506699,https://www.tokyo-np.co.jp/,ok,,square
2026-08-06,2026-08-06T07:02:03.956142+09:00,全国紙,全国,中日新聞,熊本地震 義援金受け付けます,https://www.chunichi.co.jp/article/1291440,https://www.chunichi.co.jp/,ok,,
2026-08-06,2026-08-06T07:02:03.956142+09:00,全国紙,全国,中日新聞,中部各地に危険度「Sランク」断層帯 専門家「南海トラフだけでなく直下型地震にも注意を」,https://www.chunichi.co.jp/article/1292499,https://www.chunichi.co.jp/,ok,,
2026-08-06,2026-08-06T07:02:03.956142+09:00,全国紙,全国,中日新聞,妻にすら10年前まで打ち明けず 愛知県犬山市の92歳が語り始めた二重被爆の記憶,https://www.chunichi.co.jp/article/1292562,https://www.chunichi.co.jp/,ok,,
2026-08-06,2026-08-06T07:02:03.956142+09:00,全国紙,全国,中日新聞,外国籍職員採用の是非問う県民アンケート「差別に当たらない」 三重県が行政指導で方針,https://www.chunichi.co.jp/article/1292591,https://www.chunichi.co.jp/,ok,,
2026-08-06,2026-08-06T07:02:03.956142+09:00,全国紙,全国,中日新聞,愛知県大治町長が「おわび状」 事務所無断立ち入り問題で岡本氏側公開,https://www.chunichi.co.jp/article/1292559,https://www.chunichi.co.jp/,ok,,
2026-08-06,2026-08-06T07:02:03.956142+09:00,全国紙,全国,中日新聞,高木美帆さんに贈られた包丁セットは岐阜県産 国民栄誉賞の副賞、「貝印」最上位ブランド,https://www.chunichi.co.jp/article/1292485,https://www.chunichi.co.jp/,ok,,
2026-08-06,2026-08-06T07:02:03.956142+09:00,全国紙,全国,中日新聞,女が薬師寺姓を名乗っていると知った妻が戸籍謄本確認し犯行が露見 薬師寺保栄被告初公判、起訴内容認める,https://www.chunichi.co.jp/article/1292399,https://www.chunichi.co.jp/,ok,,
2026-08-06,2026-08-06T07:02:03.956142+09:00,全国紙,全国,中日新聞,「生活の足しに」「減税分のしわ寄せは」 食品消費税1%、期待と2年後への不安交錯,https://www.chunichi.co.jp/article/1292592,https://www.chunichi.co.jp/,ok,,
2026-08-06,2026-08-06T07:02:03.956142+09:00,全国紙,全国,中日新聞,涌井秀章、打球直撃に耐え6回1失点 中日が後半戦初連勝,https://www.chunichi.co.jp/article/1292538,https://www.chunichi.co.jp/,ok,,
2026-08-06,2026-08-06T07:02:03.956142+09:00,全国紙,全国,中日新聞,断水続く避難生活に迫る感染症 老人ホーム職員「衛生環境を保つのが難しい」,https://www.chunichi.co.jp/article/1292553,https://www.chunichi.co.jp/,ok,,
2026-08-06,2026-08-06T07:02:03.956142+09:00,全国紙,全国,中日新聞,能登半島地震で被災の金沢城石垣、積み直し始まる 全体復旧に15年程度,https://www.chunichi.co.jp/article/1292458,https://www.chunichi.co.jp/,ok,,
2026-08-06,2026-08-06T07:02:03.956142+09:00,全国紙,全国,中日新聞,中日・細川成也が4年連続50打点 好投の涌井を援護「お世話になっているお礼です」サノー、石川昂弥とクリーンアップがそろって打点,https://www.chunichi.co.jp/article/1292598,https://www.chunichi.co.jp/,ok,,
2026-08-06,2026-08-06T07:02:03.956142+09:00,全国紙,全国,中日新聞,「移民ビジネス」外国人の受け入れを巡る現実と課題,https://www.chunichi.co.jp/article/1233264,https://www.chunichi.co.jp/,ok,,
2026-08-06,2026-08-06T07:02:03.956142+09:00,全国紙,全国,中日新聞,【南山大&中日新聞ポッドキャスト企画】アメリカを考える~独立宣言から250年の大変動,https://www.chunichi.co.jp/article/1270383,https://www.chunichi.co.jp/,ok,,
2026-08-06,2026-08-06T07:02:03.956142+09:00,全国紙,全国,中日新聞,【第1部・外国人団地】共生を目指す外国人労働者の姿を描く,https://www.chunichi.co.jp/article/1237076,https://www.chunichi.co.jp/,ok,,
2026-08-06,2026-08-06T07:02:03.956142+09:00,全国紙,全国,中日新聞,読者が選んだグッとコラム大賞は...?,https://www.chunichi.co.jp/article/1230731,https://www.chunichi.co.jp/,ok,,
2026-08-06,2026-08-06T07:02:03.956142+09:00,全国紙,全国,中日新聞,【デジタル地図】南海トラフ巨大地震の想定震度マップ。あなたの地域の想定震度をチェック,https://www.chunichi.co.jp/article/1046009,https://www.chunichi.co.jp/,ok,,
2026-08-06,2026-08-06T07:02:03.956142+09:00,全国紙,全国,中日新聞,【動画】競馬の名鉄杯でファンファーレ 15秒に命吹き込むブラスバンド部,https://www.chunichi.co.jp/article/1291910,https://www.chunichi.co.jp/,ok,,video
2026-08-06,2026-08-06T07:02:03.956142+09:00,全国紙,全国,中日新聞,【動画】名古屋港水族館のベルーガ「ナナ」が出産、オスの赤ちゃん誕生 水族館生まれの出産成功、国内初,https://www.chunichi.co.jp/article/1291695,https://www.chunichi.co.jp/,ok,,video
2026-08-06,2026-08-06T07:02:03.956142+09:00,全国紙,全国,中日新聞,【動画・写真多数】大須夏祭りでコスプレサミットパレード 商店街を華やかに練り歩き,https://www.chunichi.co.jp/article/1290522,https://www.chunichi.co.jp/,ok,,video
2026-08-06,2026-08-06T07:02:03.956142+09:00,地方紙,北海道,北海道新聞,,,,skipped,公式RSSはあるが、見出し・本文の公開(再配信)を認めない旨の規約があるため自動取得の対象外とする。,
2026-08-06,2026-08-06T07:02:03.956142+09:00,地方紙,宮城,河北新報,,,,skipped,robots.txtが/rss/をDisallowしておりRSS購読不可。私的利用限定・二次利用禁止の規約があるため自動取得の対象外とする。,
2026-08-06,2026-08-06T07:02:03.956142+09:00,地方紙,新潟,新潟日報,,,,skipped,利用規約でデータマイニング・テキストマイニング・AI学習目的の情報処理・解析利用を明示的に禁止しているため自動取得の対象外とする。,
2026-08-06,2026-08-06T07:02:03.956142+09:00,地方紙,長野,信濃毎日新聞,「高校無償化」で伸びる私立人気 長野県立高の再編にも余波08/06 06:05■問われる県のリーダーシップ 県立高校がかつてない逆風にさらされている。少子化が想定を上回るペースで進む一方、本年度に本格実施された高校授業料「無償化」の影響で私立高の人気が上昇。通信制への進学者も大幅に増えており、県立高は定員割れが目立つ。生徒の学びの選択肢を増やす「特色化」の取り組みも進んでい...,https://www.shinmai.co.jp/news/article/gf01d9pilnu1rg84iapj4md0,https://www.shinmai.co.jp/,ok,,
2026-08-06,2026-08-06T07:02:03.956142+09:00,地方紙,長野,信濃毎日新聞,【熊本地震】長野県から今できる支援は?情報をまとめました08/04 17:00,https://www.shinmai.co.jp/news/article/SHEX2026080300004812,https://www.shinmai.co.jp/,ok,,
2026-08-06,2026-08-06T07:02:03.956142+09:00,地方紙,長野,信濃毎日新聞,八ヶ岳の遭難防ぐ「最後のとりで」は人手不足 予算かつかつ、”営業”必要な事態に08/06 06:30,https://www.shinmai.co.jp/news/article/gf01d9pgcb6m5strh1fad440,https://www.shinmai.co.jp/,ok,,
2026-08-06,2026-08-06T07:02:03.956142+09:00,地方紙,長野,信濃毎日新聞,北アルプスの難所から里山まで 長野県で増え続ける遭難 救助隊長の警告08/06 06:04,https://www.shinmai.co.jp/news/article/gf01d9phlqmm5strh1fadgag,https://www.shinmai.co.jp/,ok,,
2026-08-06,2026-08-06T07:02:03.956142+09:00,地方紙,長野,信濃毎日新聞,0歳で逝った姉と兄、被爆した母の胸には 安曇野市の68歳が初めて広島市へ08/06 06:01,https://www.shinmai.co.jp/news/article/gf01d9pdjiem5strh1fac6dg,https://www.shinmai.co.jp/,ok,,
2026-08-06,2026-08-06T07:02:03.956142+09:00,地方紙,長野,信濃毎日新聞,長野県の過疎地で”買い物難民”支える移動スーパー 仕事かけ持ちで車走らせる現実08/06 06:02,https://www.shinmai.co.jp/news/article/gf01d9pgduu1rg84iapj41kg,https://www.shinmai.co.jp/,ok,,
2026-08-06,2026-08-06T07:02:03.956142+09:00,地方紙,長野,信濃毎日新聞,1おくやみ(8月6日付),https://www.shinmai.co.jp/news/article/gf01d9pg4ke1rg84iapj3un0,https://www.shinmai.co.jp/,ok,,
2026-08-06,2026-08-06T07:02:03.956142+09:00,地方紙,長野,信濃毎日新聞,3松本市のスーパーで配線など焼く,https://www.shinmai.co.jp/news/article/gf01d9pi5ee1rg84iapj4gp0,https://www.shinmai.co.jp/,ok,,
2026-08-06,2026-08-06T07:02:03.956142+09:00,地方紙,長野,信濃毎日新聞,5長野県議補選上田市・小県郡区情勢 師岡美紀氏、飯島裕貴氏、三井健太郎氏競る,https://www.shinmai.co.jp/news/article/gf01d9pk6bm1rg84iapj4sbg,https://www.shinmai.co.jp/,ok,,
2026-08-06,2026-08-06T07:02:03.956142+09:00,地方紙,長野,信濃毎日新聞,7中野市の2高校再編統合 中野総合学科新校は11月に建設工事開始,https://www.shinmai.co.jp/news/article/gf01d9pa0j6m5strh1fabdcg,https://www.shinmai.co.jp/,ok,,
2026-08-06,2026-08-06T07:02:03.956142+09:00,地方紙,長野,信濃毎日新聞,8佐久長聖の阪真琴、力出し切った2位 陸上女子100メートル障害【全国高校総体】,https://www.shinmai.co.jp/news/article/gf01d9pk53u1rg84iapj4s90,https://www.shinmai.co.jp/,ok,,
2026-08-06,2026-08-06T07:02:03.956142+09:00,地方紙,長野,信濃毎日新聞,9佐久長聖、女子1600リレーの頂点へあとわずか 思い一つに、県高校新記録の力走【全国高校総体】,https://www.shinmai.co.jp/news/article/gf01d9pk07m1rg84iapj4s4g,https://www.shinmai.co.jp/,ok,,
2026-08-06,2026-08-06T07:02:03.956142+09:00,地方紙,長野,信濃毎日新聞,10上田市と青木村で一時1190戸停電,https://www.shinmai.co.jp/news/article/gf01d9phbrm1rg84iapj4a70,https://www.shinmai.co.jp/,ok,,
2026-08-06,2026-08-06T07:02:03.956142+09:00,地方紙,長野,信濃毎日新聞,「ん」は「n」か「m」か 地名のローマ字表記“ルール”の変遷を旅する長野県くらし・話題イブニング信毎ウェブオリジナルコラム「硬面軟面」08/06 06:05,https://www.shinmai.co.jp/news/article/gf01d9nf7v2374791srcm43g,https://www.shinmai.co.jp/,ok,,
2026-08-06,2026-08-06T07:02:03.956142+09:00,地方紙,長野,信濃毎日新聞,【4コマ】諏訪湖へ突入!水陸両用バス【ここがわからんばい!信州】長野県主要くらし・話題イブニング信毎ウェブオリジナル諏訪湖ここがわからんばい!信州08/04 11:30,https://www.shinmai.co.jp/news/article/gf01d9o99uu1rg84iapitiq0,https://www.shinmai.co.jp/,ok,,
2026-08-06,2026-08-06T07:02:03.956142+09:00,地方紙,長野,信濃毎日新聞,信州山レポート 山岳情報ぎゅっとお届け長野県社会安全登山・遭難信州の山ウェブオリジナル08/02 11:15,https://www.shinmai.co.jp/news/article/SHEX2026071400004787,https://www.shinmai.co.jp/,ok,,
2026-08-06,2026-08-06T07:02:03.956142+09:00,地方紙,長野,信濃毎日新聞,「ずっと一緒にいるんだもん」 ”相思相愛”の2トップ 山雅・石崎監督が明かした起用理由長野県スポーツ主要ウェブオリジナルイブニング信毎サッカー松本山雅松本市08/02 06:04,https://www.shinmai.co.jp/news/article/gf01d9mp3ia374791srcjfug,https://www.shinmai.co.jp/,ok,,
2026-08-06,2026-08-06T07:02:03.956142+09:00,地方紙,長野,信濃毎日新聞,失意の棄権、SNS中傷...体と心守るため23歳で引退 長野県が育てたオリンピック選手の決断長野県スポーツ主要ウェブオリジナルイブニング信毎白馬村08/02 06:03,https://www.shinmai.co.jp/news/article/gf01d9mp31i374791srcjfbg,https://www.shinmai.co.jp/,ok,,
2026-08-06,2026-08-06T07:02:03.956142+09:00,地方紙,長野,信濃毎日新聞,松商学園が2年連続甲子園へ/「くらすわの森」一部除き営業休止【長野県7月ニュースまとめ】長野県主要社会経済ウェブオリジナルイブニング信毎高校野球2026県知事選セイコーエプソンミネベアミツミ松本市塩尻市御代田町富士見町08/02 06:01,https://www.shinmai.co.jp/news/article/gf01d9lgaujobcmkr5fnbftg,https://www.shinmai.co.jp/,ok,,
2026-08-06,2026-08-06T07:02:03.956142+09:00,地方紙,長野,信濃毎日新聞,「長野びんずる」の様子をインスタグラムでお届けします【動画付き】長野県主要社会くらし・話題ウェブオリジナル北信本社長野市08/01 15:00,https://www.shinmai.co.jp/news/article/gf01d9lg3bq374791srcc17g,https://www.shinmai.co.jp/,ok,,
2026-08-06,2026-08-06T07:02:03.956142+09:00,地方紙,静岡,静岡新聞,,,https://www.at-s.com/,error,405 Client Error: Not Allowed for url: https://www.at-s.com/,
2026-08-06,2026-08-06T07:02:03.956142+09:00,地方紙,京都,京都新聞,人事異動ポータル,https://www.kyoto-np.co.jp/articles/-/1250583,https://www.kyoto-np.co.jp/,ok,,
2026-08-06,2026-08-06T07:02:03.956142+09:00,地方紙,京都,京都新聞,速報NY円、157円71~81銭,https://www.kyoto-np.co.jp/articles/-/1767172,https://www.kyoto-np.co.jp/,ok,,
2026-08-06,2026-08-06T07:02:03.956142+09:00,地方紙,京都,京都新聞,京都の老舗がルーツ、宝飾販売の会社が営業終了し廃業へ バブル期に絶頂を極めた人気ジュエリー店5:00市内京都の宝飾販売の老舗ルーツの企業が店舗営業を終了する。,https://www.kyoto-np.co.jp/articles/-/1766868,https://www.kyoto-np.co.jp/,ok,,
2026-08-06,2026-08-06T07:02:03.956142+09:00,地方紙,京都,京都新聞,大阪繁華街の象徴「京橋グランシャトー」の今「ええとこだっせ~」 レジャービル草分け、絶対歌えるCMソング4:50地域1日の乗降客数が京阪電車で最多の約15万人を数える京橋駅(大阪市都島区)一帯は、昭和の雰囲気をそこかしこに残す。あちこちで再開発が進む大阪...,https://www.kyoto-np.co.jp/articles/-/1759935,https://www.kyoto-np.co.jp/,ok,,
2026-08-06,2026-08-06T07:02:03.956142+09:00,地方紙,京都,京都新聞,京都の有名銭湯支えた「愛されおばちゃん」死去「怒ってくれる人が...」 曲がった指から伝わる風呂への思い5:00市内創業100年以上の古株銭湯が、改修工事を終え、営業を再開した。長い歴史で初めてという2カ月の休みの間、屋台骨を支えた大女将(おかみ)がこの...,https://www.kyoto-np.co.jp/articles/-/1757985,https://www.kyoto-np.co.jp/,ok,,
2026-08-06,2026-08-06T07:02:03.956142+09:00,地方紙,京都,京都新聞,熊本県八代市にある京都新聞記者の実家「被災のリアル」 避難、断水、給油...痛感した「備えの大切さ」5:03地域熊本県で最大震度7を観測した地震から1週間が経過し、熊本県八代市の記者の実家でも断水などの影響が出た。現場では10年前の経験が生きた一方、...,https://www.kyoto-np.co.jp/articles/-/1766235,https://www.kyoto-np.co.jp/,ok,,
2026-08-06,2026-08-06T07:02:03.956142+09:00,地方紙,京都,京都新聞,京都市上京区の「老舗鮮魚店」がジレンマ解消 刺し身や握りずし、焼き魚...経営する「食堂」で新展開5:05市内食品ロスが社会課題となる中、京都市内外で鮮魚店を展開する「西浅」(上京区)が食堂と連携し、廃棄予定の商品の再販売を始めた。生活困窮者らの食...,https://www.kyoto-np.co.jp/articles/-/1766622,https://www.kyoto-np.co.jp/,ok,,
2026-08-06,2026-08-06T07:02:03.956142+09:00,地方紙,京都,京都新聞,滋賀県、学テで国語や算数の平均正答率が全国平均下回る 県議会で危機感や教員研修の充実訴える声5:52滋賀本年度の全国学力・学習状況調査(全国学力テスト)で、滋賀県の国語や算数の平均正答率が12回連続で全国平均を下回ったことを受け、5日の県議会...,https://www.kyoto-np.co.jp/articles/-/1766972,https://www.kyoto-np.co.jp/,ok,,
2026-08-06,2026-08-06T07:02:03.956142+09:00,地方紙,京都,京都新聞,飲食料品の消費税減税、京都府は少なくとも200億円減収見込み 代替財源はどうなる?5:51京都飲食料品の消費税率を巡り、政府が5日、2027年4月から2年間限定で8%から1%に引き下げる基本方針を閣議決定した。消費税は地方にとっても...,https://www.kyoto-np.co.jp/articles/-/1767007,https://www.kyoto-np.co.jp/,ok,,
2026-08-06,2026-08-06T07:02:03.956142+09:00,地方紙,京都,京都新聞,滋賀県立高で唯一、介護福祉士の国家試験受験資格が取れる 長浜北星高校が目指す生徒育成とは4:45地域,https://www.kyoto-np.co.jp/articles/-/1766711,https://www.kyoto-np.co.jp/,ok,,
2026-08-06,2026-08-06T07:02:03.956142+09:00,地方紙,京都,京都新聞,京都市左京区「みやこめっせ」の秘密 稼働率アップにつながるイベントとは 危機乗り越え「V字回復」8月5日市内,https://www.kyoto-np.co.jp/articles/-/1759666,https://www.kyoto-np.co.jp/,ok,,
2026-08-06,2026-08-06T07:02:03.956142+09:00,地方紙,京都,京都新聞,Bリーグ「ミスターキングス」岸本隆一はなぜ京都に? ハンナリーズ社長も驚きの移籍、決断の理由は8月4日市内,https://www.kyoto-np.co.jp/articles/-/1766234,https://www.kyoto-np.co.jp/,ok,,
2026-08-06,2026-08-06T07:02:03.956142+09:00,地方紙,京都,京都新聞,大阪中心部に東京有数「偏差値70」難関中高の姉妹校誕生へ 廃校危機からV字回復手腕で「進学校」目指す8月4日地域,https://www.kyoto-np.co.jp/articles/-/1763109,https://www.kyoto-np.co.jp/,ok,,
2026-08-06,2026-08-06T07:02:03.956142+09:00,地方紙,京都,京都新聞,あのねのね原田伸郎さんが語る母校・京都産業大学の魅力「いつか〝産関同立〟に」 鶴瓶さんとの秘話も8月4日市内,https://www.kyoto-np.co.jp/articles/-/1756878,https://www.kyoto-np.co.jp/,ok,,
2026-08-06,2026-08-06T07:02:03.956142+09:00,地方紙,京都,京都新聞,「何時間いてもOK」大阪市内に出版社直営の「カフェ&バー」誕生 本好きの「楽園」はなぜ生まれた?8月4日地域,https://www.kyoto-np.co.jp/articles/-/1755565,https://www.kyoto-np.co.jp/,ok,,
2026-08-06,2026-08-06T07:02:03.956142+09:00,地方紙,京都,京都新聞,【高校野球】猛暑の京都大会、計400球超えのピッチャーは3人 投球数を調べてみると・・・8月3日京都,https://www.kyoto-np.co.jp/articles/-/1763425,https://www.kyoto-np.co.jp/,ok,,
2026-08-06,2026-08-06T07:02:03.956142+09:00,地方紙,京都,京都新聞,京都市の公立高校で進学実績トップ級「御三家」の競争激化 堀川・嵯峨野「学科再編」で西京としのぎ8月3日市内,https://www.kyoto-np.co.jp/articles/-/1763777,https://www.kyoto-np.co.jp/,ok,,
2026-08-06,2026-08-06T07:02:03.956142+09:00,地方紙,京都,京都新聞,京都で存在感増す進学塾「馬渕」がこだわる「難関公立高校」の合格実績 来年の入試制度改革へ備えは8月3日京都,https://www.kyoto-np.co.jp/articles/-/1760852,https://www.kyoto-np.co.jp/,ok,,
2026-08-06,2026-08-06T07:02:03.956142+09:00,地方紙,京都,京都新聞,【高校野球】打線支えた「黒子」の活躍に注目 夏の京都大会「犠打」が多かったのは誰?8月2日京都,https://www.kyoto-np.co.jp/articles/-/1762844,https://www.kyoto-np.co.jp/,ok,,
2026-08-06,2026-08-06T07:02:03.956142+09:00,地方紙,京都,京都新聞,【夏の甲子園】4年連続で初戦突破 滋賀代表・八幡商業高校の夏の甲子園での激闘とは8月2日地域,https://www.kyoto-np.co.jp/articles/-/1764014,https://www.kyoto-np.co.jp/,ok,,
2026-08-06,2026-08-06T07:02:03.956142+09:00,地方紙,兵庫,神戸新聞,築60年、銀泉三宮ビルが耐震不足で建て替え検討へ 神戸・三宮センター街東口、三井住友ATMは月末終了,https://www.kobe-np.co.jp/news/society/202608/0020674458.shtml,https://www.kobe-np.co.jp/,ok,,
2026-08-06,2026-08-06T07:02:03.956142+09:00,地方紙,兵庫,神戸新聞,高卒人材獲得あの手この手 県内高校生求人倍率4倍超、過去最高,https://www.kobe-np.co.jp/news/economy/202608/0020674757.shtml,https://www.kobe-np.co.jp/,ok,,
2026-08-06,2026-08-06T07:02:03.956142+09:00,地方紙,兵庫,神戸新聞,<県政リアル 知事就任5年>(4)議員色分け 「反知事は無視」、広がる臆測,https://www.kobe-np.co.jp/news/society/202608/0020674132.shtml,https://www.kobe-np.co.jp/,ok,,
2026-08-06,2026-08-06T07:02:03.956142+09:00,地方紙,兵庫,神戸新聞,兵庫県と県内市町、年670億円減収 食品消費税1%閣議決定で試算 知事「代替財源の確保が大事」,https://www.kobe-np.co.jp/news/society/202608/0020674130.shtml,https://www.kobe-np.co.jp/,ok,,
2026-08-06,2026-08-06T07:02:03.956142+09:00,地方紙,兵庫,神戸新聞,<あの日を遺す 戦後81年>(1)焼夷弾投下、焼け跡いまも 西宮神社の大クスノキ,https://www.kobe-np.co.jp/news/hanshin/202608/0020673434.shtml,https://www.kobe-np.co.jp/,ok,,
2026-08-06,2026-08-06T07:02:03.956142+09:00,地方紙,兵庫,神戸新聞,夏の甲子園開幕 開会式司会、東播の高校生2人が担当 入場行進に彩り添える,https://www.kobe-np.co.jp/news/touban/202608/0020673866.shtml,https://www.kobe-np.co.jp/,ok,,
2026-08-06,2026-08-06T07:02:03.956142+09:00,地方紙,兵庫,神戸新聞,<戦後81年>6歳の時に広島で被爆 神戸・灘区在住の貞清百合子さん、当時語る,https://www.kobe-np.co.jp/news/kobe/202608/0020673044.shtml,https://www.kobe-np.co.jp/,ok,,
2026-08-06,2026-08-06T07:02:03.956142+09:00,地方紙,兵庫,神戸新聞,ヴィッセル神戸新加入の高橋「プレーで違い出す」 刺激受け、飛躍誓う,https://www.kobe-np.co.jp/news/sports/202608/0020674284.shtml,https://www.kobe-np.co.jp/,ok,,
2026-08-06,2026-08-06T07:02:03.956142+09:00,地方紙,兵庫,神戸新聞,生の確かさ実感、励まされて 料理家、文筆家・高山なおみさん 日記エッセー最終巻,https://www.kobe-np.co.jp/news/culture/202608/0020674192.shtml,https://www.kobe-np.co.jp/,ok,,
2026-08-06,2026-08-06T07:02:03.956142+09:00,地方紙,兵庫,神戸新聞,【成績あり】手話の魅力、豊かに熱弁 神戸でスピーチ大会、7~78歳の11組13人登壇,https://www.kobe-np.co.jp/news/kobe/202608/0020673645.shtml,https://www.kobe-np.co.jp/,ok,,
2026-08-06,2026-08-06T07:02:03.956142+09:00,地方紙,兵庫,神戸新聞,特殊詐欺被害を水際で阻止 郵便局員とコンビニ店員に感謝状 兵庫県警,https://www.kobe-np.co.jp/news/sagi/202608/0020673092.shtml,https://www.kobe-np.co.jp/,ok,,
2026-08-06,2026-08-06T07:02:03.956142+09:00,地方紙,兵庫,神戸新聞,先生は市民、得意分野で授業 尼崎双星高でサマーセミナー プログラミングなど260講座,https://www.kobe-np.co.jp/news/hanshin/202608/0020673437.shtml,https://www.kobe-np.co.jp/,ok,,
2026-08-06,2026-08-06T07:02:03.956142+09:00,地方紙,兵庫,神戸新聞,玩具や絵で乗り物の変遷紹介 ブリキ製など140点出品 兵庫県立歴史博物館,https://www.kobe-np.co.jp/news/himeji/202608/0020673834.shtml,https://www.kobe-np.co.jp/,ok,,
2026-08-06,2026-08-06T07:02:03.956142+09:00,地方紙,兵庫,神戸新聞,育てた野菜、月1回の出張販売 就労支援B型事業所「ドーナツワークス」 豊岡,https://www.kobe-np.co.jp/news/tajima/202608/0020673613.shtml,https://www.kobe-np.co.jp/,ok,,
2026-08-06,2026-08-06T07:02:03.956142+09:00,地方紙,兵庫,神戸新聞,デカンショ節の新歌詞、丹波市の村岡さんが大賞 篠山城跡を舞う桜、表現,https://www.kobe-np.co.jp/news/tanba/202608/0020673673.shtml,https://www.kobe-np.co.jp/,ok,,
2026-08-06,2026-08-06T07:02:03.956142+09:00,地方紙,兵庫,神戸新聞,<さいとうさんと「私」再び>対立 乗り越えるには 読者の反響編,https://www.kobe-np.co.jp/news/society/202607/0020625928.shtml,https://www.kobe-np.co.jp/,ok,,
2026-08-06,2026-08-06T07:02:03.956142+09:00,地方紙,兵庫,神戸新聞,みなと銀行が神戸市立中の部活動「コベカツ」支援へ 神戸大生経営のクラブに活動資金提供、指導者派遣,https://www.kobe-np.co.jp/news/economy/202607/0020655224.shtml,https://www.kobe-np.co.jp/,ok,,
2026-08-06,2026-08-06T07:02:03.956142+09:00,地方紙,兵庫,神戸新聞,芦屋市の「危ない交差点」 駅近の国道の変則五差路 24年に県内ワースト2、車同士の追突や右直事故相次ぐ,https://www.kobe-np.co.jp/news/richb/202608/0020669915.shtml,https://www.kobe-np.co.jp/,ok,,
2026-08-06,2026-08-06T07:02:03.956142+09:00,地方紙,兵庫,神戸新聞,<近日公開 8月のオススメ記事>あかふじ米野球、夏の甲子園、「丹波竜」発見20年...etc.,https://www.kobe-np.co.jp/news/richa/202607/0020647485.shtml,https://www.kobe-np.co.jp/,ok,,
2026-08-06,2026-08-06T07:02:03.956142+09:00,地方紙,兵庫,神戸新聞,渋滞緩和へ4車線化工事進む 国道2号・和坂周辺 30年度の完成目指す,https://www.kobe-np.co.jp/news/akashi/202608/0020673359.shtml,https://www.kobe-np.co.jp/,ok,,
2026-08-06,2026-08-06T07:02:03.956142+09:00,地方紙,広島,中国新聞,,,,skipped,利用規約でAI開発目的のディープラーニング等の情報処理・解析利用を明示的に禁止しているため自動取得の対象外とする。,
2026-08-06,2026-08-06T07:02:03.956142+09:00,地方紙,福岡,西日本新聞,,,,skipped,公式RSSはあるが、利用規約でAI学習目的の情報処理・解析利用を明示的に禁止しているため自動取得の対象外とする。,
2026-08-06,2026-08-06T07:02:03.956142+09:00,地方紙,熊本,熊本日日新聞,米政府、新たな核戦略を策定か,https://kumanichi.com/articles/2022461,https://kumanichi.com/rss.xml,ok,,
2026-08-06,2026-08-06T07:02:03.956142+09:00,地方紙,熊本,熊本日日新聞,米ディズニー、純利益半減,https://kumanichi.com/articles/2022460,https://kumanichi.com/rss.xml,ok,,
2026-08-06,2026-08-06T07:02:03.956142+09:00,地方紙,熊本,熊本日日新聞,NY円、157円台後半,https://kumanichi.com/articles/2022459,https://kumanichi.com/rss.xml,ok,,
2026-08-06,2026-08-06T07:02:03.956142+09:00,地方紙,熊本,熊本日日新聞,大谷、今季初の1試合2本塁打,https://kumanichi.com/articles/2022457,https://kumanichi.com/rss.xml,ok,,
2026-08-06,2026-08-06T07:02:03.956142+09:00,地方紙,熊本,熊本日日新聞,NY円、157円71~81銭,https://kumanichi.com/articles/2022458,https://kumanichi.com/rss.xml,ok,,
2026-08-06,2026-08-06T07:02:03.956142+09:00,地方紙,熊本,熊本日日新聞,ドジャース大谷が今季初の1試合2本塁打,https://kumanichi.com/articles/2022456,https://kumanichi.com/rss.xml,ok,,
2026-08-06,2026-08-06T07:02:03.956142+09:00,地方紙,熊本,熊本日日新聞,<2026年熊本地震>八代の文化財「心の古里」傷む 八代城跡、松浜軒、妙見宮...国指定の史跡や重要文化財,https://kumanichi.com/articles/2021736,https://kumanichi.com/rss.xml,ok,,
2026-08-06,2026-08-06T07:02:03.956142+09:00,地方紙,熊本,熊本日日新聞,為替相場 6日(日本時間 6時),https://kumanichi.com/articles/2022399,https://kumanichi.com/rss.xml,ok,,
2026-08-06,2026-08-06T07:02:03.956142+09:00,地方紙,熊本,熊本日日新聞,NY株式 5日終値,https://kumanichi.com/articles/2022455,https://kumanichi.com/rss.xml,ok,,
2026-08-06,2026-08-06T07:02:03.956142+09:00,地方紙,熊本,熊本日日新聞,NY原油続落、終値75ドル台,https://kumanichi.com/articles/2022454,https://kumanichi.com/rss.xml,ok,,
2026-08-06,2026-08-06T07:02:03.956142+09:00,地方紙,鹿児島,南日本新聞,熊本地震、鹿児島の観光直撃 新幹線、高速道不通でキャンセル相次ぐ 関係者「影響が長引かなければよいが...」最大震度7を観測した熊本地震による九州新幹線と九州自動車道の一部不通が、夏休みの書き入れ時を迎えた鹿児島の観光を直撃している。宿泊施設や旅行代理店はキャンセルなどの対応に追われ、影響の長期化を危惧している。 九州新幹線は現在、熊本-鹿児島中央間で運行を取りやめている。新水俣-鹿児島中央間は8月中の運行再開を目指すが、新水俣-熊本間の再開は見通せない。九州自動車道は8月後半まで熊本県の松橋8月5日 14:30,https://373news.com/news/local/detail/237572/,https://373news.com/,ok,,local
2026-08-06,2026-08-06T07:02:03.956142+09:00,地方紙,鹿児島,南日本新聞,熊本地震で陸の交通網被害... ANAが7日鹿児島-福岡線で臨時便 「九州内の移動手段を」1往復2便8月6日 07:00,https://373news.com/news/local/detail/237613/,https://373news.com/,ok,,local
2026-08-06,2026-08-06T07:02:03.956142+09:00,地方紙,鹿児島,南日本新聞,台風13号に備え、血液製剤の備蓄制度を初運用 鹿児島県立大島病院8月6日 06:30,https://373news.com/news/local/detail/237608/,https://373news.com/,ok,,local
2026-08-06,2026-08-06T07:02:03.956142+09:00,地方紙,鹿児島,南日本新聞,労働側89円、使用側41円増主張 鹿児島県最賃専門部会8月6日 06:30,https://373news.com/news/local/detail/237607/,https://373news.com/,ok,,local
2026-08-06,2026-08-06T07:02:03.956142+09:00,地方紙,鹿児島,南日本新聞,【全国高校野球選手権】神村学園、きょう6日第1試合に登場 東筑戦へ最終調整8月6日 06:30,https://373news.com/news/local/detail/237606/,https://373news.com/,ok,,local
2026-08-06,2026-08-06T07:02:03.956142+09:00,地方紙,鹿児島,南日本新聞,【全国高校野球選手権】や・か・ぜ通信-神村学園 「ゴジラ」大暴れ期待 2番打者・田中翔大8月6日 06:30,https://373news.com/news/local/detail/237605/,https://373news.com/,ok,,local
2026-08-06,2026-08-06T07:02:03.956142+09:00,地方紙,鹿児島,南日本新聞,【全国高校野球選手権】夏の甲子園開幕 神村学園、堂々と行進8月6日 06:30,https://373news.com/news/local/detail/237594/,https://373news.com/,ok,,local
2026-08-06,2026-08-06T07:02:03.956142+09:00,地方紙,鹿児島,南日本新聞,ANAお盆の予約83.6% 鹿児島空港発着便、下りのピークは8日8月6日 06:00,https://373news.com/news/local/detail/237612/,https://373news.com/,ok,,local
2026-08-06,2026-08-06T07:02:03.956142+09:00,地方紙,鹿児島,南日本新聞,「プロの演奏に吸い込まれるよう」―キリシマ祝祭管弦楽団、国内外の名手たちが一夜限りの共演...重厚な音色でホール満たす8月6日 06:00,https://373news.com/news/local/detail/237611/,https://373news.com/,ok,,local
2026-08-06,2026-08-06T07:02:03.956142+09:00,地方紙,鹿児島,南日本新聞,1東九州道、迂回利用割引に――7日から、ETC車対象,https://373news.com/news/local/detail/237610/,https://373news.com/,ok,,local
2026-08-06,2026-08-06T07:02:03.956142+09:00,地方紙,鹿児島,南日本新聞,2台風13号接近...離島の足、軒並み欠航――種子・屋久高速船は6・7日運休、空の便にも影響,https://373news.com/news/local/detail/237614/,https://373news.com/,ok,,local
2026-08-06,2026-08-06T07:02:03.956142+09:00,地方紙,鹿児島,南日本新聞,3右折禁止の交差点で鹿児島市電と衝突...軽乗用車の3人、車を放置し逃走――ドラレコに一部始終――当て逃げ事件とみて捜査,https://373news.com/news/local/detail/237560/,https://373news.com/,ok,,local
2026-08-06,2026-08-06T07:02:03.956142+09:00,地方紙,鹿児島,南日本新聞,4女性から110番、駆け付けたら窃盗容疑で捜査中の人物...脅迫容疑で男逮捕,https://373news.com/news/local/detail/237609/,https://373news.com/,ok,,local
2026-08-06,2026-08-06T07:02:03.956142+09:00,地方紙,鹿児島,南日本新聞,5九州新幹線 新水俣-鹿児島中央駅、7日から再開,https://373news.com/news/local/detail/237575/,https://373news.com/,ok,,local
2026-08-06,2026-08-06T07:02:03.956142+09:00,地方紙,鹿児島,南日本新聞,6少雨と猛暑が影響? ブレーキかけたら芝生が燃えた――市電の軌道敷数メートル、車輪から「熱い鉄の粉」飛んだか,https://373news.com/news/local/detail/237519/,https://373news.com/,ok,,local
2026-08-06,2026-08-06T07:02:03.956142+09:00,地方紙,鹿児島,南日本新聞,7鹿屋市の飲食店で客殴った疑い 傷害容疑で男逮捕,https://373news.com/news/local/detail/237525/,https://373news.com/,ok,,local
2026-08-06,2026-08-06T07:02:03.956142+09:00,地方紙,鹿児島,南日本新聞,8鹿児島市で87歳女性が行方不明 身長150センチほどで白っぽい半袖ワンピース姿,https://373news.com/news/local/detail/237540/,https://373news.com/,ok,,local
2026-08-06,2026-08-06T07:02:03.956142+09:00,地方紙,鹿児島,南日本新聞,10肥薩おれんじ鉄道、川内-水俣5日始発から再開 九州道・松橋-えびのは8月後半に通行可能に,https://373news.com/news/local/detail/237565/,https://373news.com/,ok,,local
2026-08-06,2026-08-06T07:02:03.956142+09:00,地方紙,鹿児島,南日本新聞,「あって当然」「心の中に踏み込むようだ」...国会で審議続く国旗損壊罪 「日の丸のふるさと」鹿児島の人たちの思いはさまざま7月6日 14:48,https://373news.com/lineup/kotimina/detail/236152/,https://373news.com/,ok,,
2026-08-06,2026-08-06T07:02:03.956142+09:00,地方紙,鹿児島,南日本新聞,大谷、今季初の1試合2本塁打 今永1失点、鈴木は2番8月6日 06:29,https://373news.com/news/national/detail/2026080601000987/,https://373news.com/,ok,,national
2026-08-06,2026-08-06T07:02:03.956142+09:00,地方紙,沖縄,琉球新報,,,,skipped,利用規約で複製・複写・送信・頒布・蓄積・転載等を会社の承認なく行うことを広範に禁止しているため自動取得の対象外とする。,
2026-08-06,2026-08-06T07:02:03.956142+09:00,地方紙,沖縄,沖縄タイムス,飲食料品の消費税率1%に 初の引き下げ閣議決定 2027年4月から2年間 中低所得者への現金給付で「実質ゼロ」に8月6日 3:59消費税政府は5日の臨時閣議で、現在8%としている飲食料品の消費税率を2027年4月から2年間に限り、1%に引き下げる基本方針を決定した。1989年の消費税導入後、税率の引き下げは初めてで、物価高対策の目玉とする。,https://www.okinawatimes.co.jp/articles/-/1896957,https://www.okinawatimes.co.jp/,ok,,
2026-08-06,2026-08-06T07:02:03.956142+09:00,地方紙,沖縄,沖縄タイムス,【台風13号】大東島に暴風警報 沖縄本島も今夜にも発表 最大瞬間60メートル【予想接近時間図あり】4:39#台風,https://www.okinawatimes.co.jp/articles/-/1896885,https://www.okinawatimes.co.jp/,ok,,
2026-08-06,2026-08-06T07:02:03.956142+09:00,地方紙,沖縄,沖縄タイムス,史上7校目の夏連覇狙う沖縄尚学、深紅の大優勝旗を返還 夏の甲子園が開幕5:30#夏の甲子園,https://www.okinawatimes.co.jp/articles/-/1896958,https://www.okinawatimes.co.jp/,ok,,
2026-08-06,2026-08-06T07:02:03.956142+09:00,地方紙,沖縄,沖縄タイムス,広島原爆投下から81年の「原爆の日」 最多123カ国・地域とEU代表が式典出席へ5:40有料#原爆の日,https://www.okinawatimes.co.jp/articles/-/1896959,https://www.okinawatimes.co.jp/,ok,,
2026-08-06,2026-08-06T07:02:03.956142+09:00,地方紙,沖縄,沖縄タイムス,[大弦小弦]8月6日 広島と伊江島の惨事5:45有料#大弦小弦,https://www.okinawatimes.co.jp/articles/-/1896962,https://www.okinawatimes.co.jp/,ok,,
2026-08-06,2026-08-06T07:02:03.956142+09:00,地方紙,沖縄,沖縄タイムス,[ワラビーくいず](5483)3:57#ワラビーくいず,https://www.okinawatimes.co.jp/articles/-/1896961,https://www.okinawatimes.co.jp/,ok,,
2026-08-06,2026-08-06T07:02:03.956142+09:00,地方紙,沖縄,沖縄タイムス,【台風13号】8月6~9日のイベント中止や延期相次ぐ19:43#台風,https://www.okinawatimes.co.jp/articles/-/1896745,https://www.okinawatimes.co.jp/,ok,,
2026-08-06,2026-08-06T07:02:03.956142+09:00,地方紙,沖縄,沖縄タイムス,AI事業者に300万円返金請求 「DMOなんじょう」観光振興協定の解除を通知 事業者はDMOに抗議18:55有料#南城市,https://www.okinawatimes.co.jp/articles/-/1896660,https://www.okinawatimes.co.jp/,ok,,
2026-08-06,2026-08-06T07:02:03.956142+09:00,地方紙,沖縄,沖縄タイムス,公園のトイレに10代少年を監禁し顔殴る 容疑の男と少年2人逮捕 コンビニ駐車場でトラブルか 沖縄・石川署17:45#事件・事故,https://www.okinawatimes.co.jp/articles/-/1896659,https://www.okinawatimes.co.jp/,ok,,
2026-08-06,2026-08-06T07:02:03.956142+09:00,地方紙,沖縄,沖縄タイムス,嘉手納基地で「銃乱射」と通報 米空軍「脅威確認されず」 周辺住民の被害報告なし11:43#嘉手納基地,https://www.okinawatimes.co.jp/articles/-/1896422,https://www.okinawatimes.co.jp/,ok,,
2026-08-06,2026-08-06T07:02:03.956142+09:00,地方紙,沖縄,沖縄タイムス,うるま市の弁当店で食中毒 23人が下痢や腹痛、5日間の営業停止11:50有料#食中毒,https://www.okinawatimes.co.jp/articles/-/1896426,https://www.okinawatimes.co.jp/,ok,,
2026-08-06,2026-08-06T07:02:03.956142+09:00,地方紙,沖縄,沖縄タイムス,「離島の生活費軽減を」 40項目余 県に提言へ 担い手確保など盛る 万国津梁会議4:00有料#政治,https://www.okinawatimes.co.jp/articles/-/1896908,https://www.okinawatimes.co.jp/,ok,,
2026-08-06,2026-08-06T07:02:03.956142+09:00,地方紙,沖縄,沖縄タイムス,琉銀 キャッシュレス好調 関連利益25年度9億6200万円 決済機会増やし事業成長 地銀参入5行のみ4:00有料#経済,https://www.okinawatimes.co.jp/articles/-/1896917,https://www.okinawatimes.co.jp/,ok,,
2026-08-06,2026-08-06T07:02:03.956142+09:00,地方紙,沖縄,沖縄タイムス,直撃進路に最大警戒 大東島「早く過ぎ去って」 台風13号接近で住民4:00有料#社会・くらし,https://www.okinawatimes.co.jp/articles/-/1896995,https://www.okinawatimes.co.jp/,ok,,
2026-08-06,2026-08-06T07:02:03.956142+09:00,地方紙,沖縄,沖縄タイムス,[戦後81年]被爆と沖縄戦 重なる痛み 「戦争の影響今も抱える」 きょう広島原爆の日 才木・山瀬さん体験語る4:00有料#社会・くらし,https://www.okinawatimes.co.jp/articles/-/1896983,https://www.okinawatimes.co.jp/,ok,,
2026-08-06,2026-08-06T07:02:03.956142+09:00,地方紙,沖縄,沖縄タイムス,児童 着衣泳と蘇生法学ぶ 夏休みの水難事故防止へ 八重瀬東風平小で講習会4:00有料#地域,https://www.okinawatimes.co.jp/articles/-/1896846,https://www.okinawatimes.co.jp/,ok,,
2026-08-06,2026-08-06T07:02:03.956142+09:00,地方紙,沖縄,沖縄タイムス,東恩納盛雄 さんがコメント(8月5日 14:52),https://www.okinawatimes.co.jp/articles/-/1896173,https://www.okinawatimes.co.jp/,ok,,
2026-08-06,2026-08-06T07:02:03.956142+09:00,地方紙,沖縄,沖縄タイムス,東恩納盛雄 さんがコメント(8月5日 14:35),https://www.okinawatimes.co.jp/articles/-/1896156,https://www.okinawatimes.co.jp/,ok,,
2026-08-06,2026-08-06T07:02:03.956142+09:00,全国紙,全国,朝日新聞,小池百合子知事の公約だった「七つのゼロ」、就任10年で進捗状況は,https://www.asahi.com/articles/ASV8425SBV84OXIE02PM.html,https://news.ceek.jp/search.cgi?category_id=politics&feed=1,ok,,政治
2026-08-06,2026-08-06T07:02:03.956142+09:00,その他メディア,,JBpress,隻脚の少年が追うメッシの夢、演じるのは実際に片足を失った男児...W杯の裏の現実を描く映画『バグダッド・メッシ』,https://jbpress.ismedia.jp/articles/-/96311,https://news.ceek.jp/search.cgi?category_id=politics&feed=1,ok,,政治
2026-08-06,2026-08-06T07:02:03.956142+09:00,その他メディア,,JBpress,協調介入が「効果的」なワケ、円安トレンドの反転を狙う「最後の切り札」...持続性に限界も【やさしく解説】協調介入,https://jbpress.ismedia.jp/articles/-/96307,https://news.ceek.jp/search.cgi?category_id=politics&feed=1,ok,,政治
2026-08-06,2026-08-06T07:02:03.956142+09:00,その他メディア,,JBpress,AIで学術論文にもシンギュラリティ到来? 人類が長年解けなかった未解決問題に答えが出た?!生成AIのおかげで研究の世界が大変なことに! 科学者の明日はどっちだ!,https://jbpress.ismedia.jp/articles/-/96293,https://news.ceek.jp/search.cgi?category_id=politics&feed=1,ok,,政治
2026-08-06,2026-08-06T07:02:03.956142+09:00,その他メディア,,JBpress,骨壺はバケツや鍋でもOK、葬儀費用は平均96万7300円、死後にかかるお金はどこまで削れるのか?究極の節約葬【現代死生考】東京23区の火葬料は8万7000円、DIY棺や骨壺の代替まで現役僧侶が法律と実務で検証,https://jbpress.ismedia.jp/articles/-/96261,https://news.ceek.jp/search.cgi?category_id=politics&feed=1,ok,,政治
2026-08-06,2026-08-06T07:02:03.956142+09:00,全国紙,全国,朝日新聞,熊本地震の支援物資、届かぬラストワンマイル 現場は「パンク状態」,https://www.asahi.com/articles/ASV8526HCV85ULLI014M.html,https://news.ceek.jp/search.cgi?category_id=politics&feed=1,ok,,政治
2026-08-06,2026-08-06T07:02:03.956142+09:00,全国紙,全国,読売新聞,内閣改造・党人事 次の焦点 減税閣議決定...党内亀裂 首相に難題,https://www.yomiuri.co.jp/politics/20260806-GYT1T00027/,https://news.ceek.jp/search.cgi?category_id=politics&feed=1,ok,,政治
2026-08-06,2026-08-06T07:02:03.956142+09:00,その他メディア,,フジテレビ,"【消費税】「地方財政へ手当てを」1%への引き下げ閣議決定で花角知事が訴え 新潟県は市町村合わせ約400億円の“減収""見込み",https://www.fnn.jp/articles/-/1089579,https://news.ceek.jp/search.cgi?category_id=politics&feed=1,ok,,政治
2026-08-06,2026-08-06T07:02:03.956142+09:00,全国紙,全国,産経新聞,高市日誌5日(水),https://www.sankei.com/article/20260806-OMJ7UE3NIVM73KPSANNGQEMMTE/,https://news.ceek.jp/search.cgi?category_id=politics&feed=1,ok,,政治
2026-08-06,2026-08-06T07:02:03.956142+09:00,その他メディア,,WEDGE Infinity,<〝運命共同体〟の日米台>中国こそが世界の脅威......元海兵隊大佐が語る、日本がすべき備えとは,https://wedge.ismedia.jp/articles/-/40910,https://news.ceek.jp/search.cgi?category_id=politics&feed=1,ok,,政治
2026-08-06,2026-08-06T07:02:03.956142+09:00,全国紙,全国,読売新聞,閣議決定 高市首相の発言要旨,https://www.yomiuri.co.jp/politics/20260806-GYT1T00036/,https://news.ceek.jp/search.cgi?category_id=politics&feed=1,ok,,政治
2026-08-06,2026-08-06T07:02:03.956142+09:00,全国紙,全国,読売新聞,[検証 消費税1%]<上>2年後「増税」へ退路断つ,https://www.yomiuri.co.jp/politics/20260806-GYT1T00060/,https://news.ceek.jp/search.cgi?category_id=politics&feed=1,ok,,政治
2026-08-06,2026-08-06T07:02:03.956142+09:00,全国紙,全国,読売新聞,高市首相の一日(5日),https://www.yomiuri.co.jp/politics/20260806-GYT1T00051/,https://news.ceek.jp/search.cgi?category_id=politics&feed=1,ok,,政治
2026-08-06,2026-08-06T07:02:03.956142+09:00,全国紙,全国,読売新聞,河野氏しのぶ会 首相ら900人参列,https://www.yomiuri.co.jp/politics/20260806-GYT1T00034/,https://news.ceek.jp/search.cgi?category_id=politics&feed=1,ok,,政治
2026-08-06,2026-08-06T07:02:03.956142+09:00,全国紙,全国,読売新聞,立民執行部「自党合流も」 党内に説明 中公と食い違い,https://www.yomiuri.co.jp/politics/20260806-GYT1T00024/,https://news.ceek.jp/search.cgi?category_id=politics&feed=1,ok,,政治
2026-08-06,2026-08-06T07:02:03.956142+09:00,全国紙,全国,読売新聞,消費税減税に関する基本方針要旨,https://www.yomiuri.co.jp/politics/20260805-GYT1T00394/,https://news.ceek.jp/search.cgi?category_id=politics&feed=1,ok,,政治
2026-08-06,2026-08-06T07:02:03.956142+09:00,全国紙,全国,日本経済新聞,国際機関人材、省庁に専門枠 ルール形成力の強化へ政府・自民検討,https://www.nikkei.com/article/DGXZQOUA3173T0R30C26A7000000/,https://news.ceek.jp/search.cgi?category_id=politics&feed=1,ok,,政治
2026-08-06,2026-08-06T07:02:03.956142+09:00,その他メディア,,WEDGE Infinity,強まる米国、中国、ロシアの核軍拡競争、FT紙の社説で覚えた3つの違和感,https://wedge.ismedia.jp/articles/-/40920,https://news.ceek.jp/search.cgi?category_id=politics&feed=1,ok,,政治
2026-08-06,2026-08-06T07:02:03.956142+09:00,全国紙,全国,毎日新聞,首相日々 5日,https://mainichi.jp/articles/20260806/ddm/012/010/082000c,https://news.ceek.jp/search.cgi?category_id=politics&feed=1,ok,,政治
2026-08-06,2026-08-06T07:02:03.956142+09:00,全国紙,全国,読売新聞,食品の消費税率1%に引き下げ・来年4月から2年限定、基本方針を閣議決定...財源は「赤字国債に頼らず確保」,https://www.yomiuri.co.jp/politics/20260805-GYT1T00479/,https://news.ceek.jp/search.cgi?category_id=politics&feed=1,ok,,政治
2026-08-06,2026-08-06T07:02:03.956142+09:00,その他メディア,,テレビ朝日,消費税8→1%が閣議決定 食料品価格は本当に下がる?,https://news.tv-asahi.co.jp/news_politics/articles/000524427.html,https://news.ceek.jp/search.cgi?category_id=politics&feed=1,ok,,政治
2026-08-06,2026-08-06T07:02:03.956142+09:00,全国紙,全国,日本経済新聞,国民民主・玉木代表、消費税減税「見切り発車」と批判,https://www.nikkei.com/article/DGXZQOUA05B2A0V00C26A8000000/,https://news.ceek.jp/search.cgi?category_id=politics&feed=1,ok,,政治
2026-08-06,2026-08-06T07:02:03.956142+09:00,全国紙,全国,産経新聞,中国人親子らおはぎ作りにチャレンジ 北京の日本大使館で和食の魅力を広めるイベント,https://www.sankei.com/article/20260805-F3KQKOO2NZMUDD63TZO5OH6YEI/,https://news.ceek.jp/search.cgi?category_id=politics&feed=1,ok,,政治
2026-08-06,2026-08-06T07:02:03.956142+09:00,その他メディア,,デイリースポーツ,比例復活当選の基準引き上げ提唱,https://www.daily.co.jp/society/politics/2026/08/05/0020673921.shtml,https://news.ceek.jp/search.cgi?category_id=politics&feed=1,ok,,政治
2026-08-06,2026-08-06T07:02:03.956142+09:00,その他メディア,,共同通信,比例復活当選の基準引き上げ提唱 衆院選挙制度の座長試案が判明,https://www.47news.jp/14745912.html,https://news.ceek.jp/search.cgi?category_id=politics&feed=1,ok,,政治
2026-08-06,2026-08-06T07:02:03.956142+09:00,その他メディア,,フジテレビ,イラン大使「広島と同じ悲劇が繰り返されている」アメリカ・イスラエルによる攻撃を非難 広島,https://www.fnn.jp/articles/-/1089494,https://news.ceek.jp/search.cgi?category_id=politics&feed=1,ok,,政治
2026-08-06,2026-08-06T07:02:03.956142+09:00,全国紙,全国,日本経済新聞,5日の高市首相の動静,https://www.nikkei.com/article/DGXZQOUA050X40V00C26A8000000/,https://news.ceek.jp/search.cgi?category_id=politics&feed=1,ok,,政治
2026-08-06,2026-08-06T07:02:03.956142+09:00,その他メディア,,時事通信,首相動静(8月5日),https://www.jiji.com/jc/article?k=2026080500191&g=pol,https://news.ceek.jp/search.cgi?category_id=politics&feed=1,ok,,政治
2026-08-06,2026-08-06T07:02:03.956142+09:00,全国紙,全国,読売新聞,れいわ新選組新代表の山本譲司氏が党勢回復に意欲、基本政策は維持...近く新党名を発表,https://www.yomiuri.co.jp/politics/20260805-GYT1T00420/,https://news.ceek.jp/search.cgi?category_id=politics&feed=1,ok,,政治
2026-08-06,2026-08-06T07:02:03.956142+09:00,全国紙,全国,毎日新聞,沖縄県知事選 小沢一郎氏が現職支援を表明 中道を批判,https://mainichi.jp/articles/20260805/k00/00m/010/349000c,https://news.ceek.jp/search.cgi?category_id=politics&feed=1,ok,,政治
2026-08-06,2026-08-06T07:02:03.956142+09:00,全国紙,全国,日本経済新聞,野党「2年後に大幅増税」 消費税率引き下げを一斉批判,https://www.nikkei.com/article/DGXZQOUA05AU60V00C26A8000000/,https://news.ceek.jp/search.cgi?category_id=politics&feed=1,ok,,政治
2026-08-06,2026-08-06T07:02:03.956142+09:00,その他メディア,,共同通信,【速報】衆院選挙制度改革の座長試案が判明,https://www.47news.jp/14745879.html,https://news.ceek.jp/search.cgi?category_id=politics&feed=1,ok,,政治
2026-08-06,2026-08-06T07:02:03.956142+09:00,全国紙,全国,産経新聞,中国、ドローンの対米輸出管理を強化 米規制措置に報復 首脳会談前に「抑制」姿勢も,https://www.sankei.com/article/20260805-2CIA2G24UVLUHFT42VUUC5H2UQ/,https://news.ceek.jp/search.cgi?category_id=politics&feed=1,ok,,政治
2026-08-06,2026-08-06T07:02:03.956142+09:00,その他メディア,,テレビ朝日,河野洋平氏をしのぶ会「いい人生だった」,https://news.tv-asahi.co.jp/news_politics/articles/000524346.html,https://news.ceek.jp/search.cgi?category_id=politics&feed=1,ok,,政治
2026-08-06,2026-08-06T07:02:03.956142+09:00,全国紙,全国,日本経済新聞,れいわ、共同代表に天畠大輔参院議員 新たな党名に7000案,https://www.nikkei.com/article/DGXZQOUA05AJR0V00C26A8000000/,https://news.ceek.jp/search.cgi?category_id=politics&feed=1,ok,,政治
2026-08-06,2026-08-06T07:02:03.956142+09:00,その他メディア,,フジテレビ,"高市総理「財源需要には十分対応できる」 食料品消費税1%方針“実質ゼロ""で閣議決定 「社会保障にも影響でないようにしっかりと」",https://www.fnn.jp/articles/-/1089365,https://news.ceek.jp/search.cgi?category_id=politics&feed=1,ok,,政治
2026-08-06,2026-08-06T07:02:03.956142+09:00,その他メディア,,フジテレビ,消費減税1%が閣議決定 食料品どれが対象? おもちゃ付き菓子は場合によって10% 車内販売の駅弁は1% 「わかりにくい」の声も,https://www.fnn.jp/articles/-/1089455,https://news.ceek.jp/search.cgi?category_id=politics&feed=1,ok,,政治
2026-08-06,2026-08-06T07:02:03.956142+09:00,全国紙,全国,毎日新聞,福岡県議会の金銭授受疑惑で議長「第三者委設置検討していた」,https://mainichi.jp/articles/20260805/k00/00m/010/305000c,https://news.ceek.jp/search.cgi?category_id=politics&feed=1,ok,,政治
2026-08-06,2026-08-06T07:02:03.956142+09:00,その他メディア,,デイリースポーツ,消費税巡る自民総務会、9人欠席,https://www.daily.co.jp/society/politics/2026/08/05/0020673445.shtml,https://news.ceek.jp/search.cgi?category_id=politics&feed=1,ok,,政治
2026-08-06,2026-08-06T07:02:03.956142+09:00,全国紙,全国,毎日新聞,非核三原則「堅持」が大半 与野党討論、核禁条約参加へ9党支持,https://mainichi.jp/articles/20260805/k00/00m/010/300000c,https://news.ceek.jp/search.cgi?category_id=politics&feed=1,ok,,政治
2026-08-06,2026-08-06T07:02:03.956142+09:00,その他メディア,,共同通信,消費税巡る自民総務会、9人欠席 減税慎重の中谷氏、宮沢氏ら,https://www.47news.jp/14745531.html,https://news.ceek.jp/search.cgi?category_id=politics&feed=1,ok,,政治
2026-08-06,2026-08-06T07:02:03.956142+09:00,その他メディア,,フジテレビ,消費税減税の基本方針を閣議決定 飲食料品は税率1%に引き下げ,https://www.fnn.jp/articles/-/1089450,https://news.ceek.jp/search.cgi?category_id=politics&feed=1,ok,,政治
2026-08-06,2026-08-06T07:02:03.956142+09:00,全国紙,全国,毎日新聞,財政悪化で為替介入繰り返す恐れ? 経団連会長「市場の信認を」,https://mainichi.jp/articles/20260805/k00/00m/020/301000c,https://news.ceek.jp/search.cgi?category_id=politics&feed=1,ok,,政治
2026-08-06,2026-08-06T07:02:03.956142+09:00,全国紙,全国,朝日新聞,中道・立憲・公明代表、そろって「非核三原則の堅持を」 広島で,https://www.asahi.com/articles/ASV853PHBV85UTFK00ZM.html,https://news.ceek.jp/search.cgi?category_id=politics&feed=1,ok,,政治
2026-08-06,2026-08-06T07:02:03.956142+09:00,その他メディア,,共同通信,れいわ、共同代表に天畠大輔氏 新たな党名に7000案,https://www.47news.jp/14744776.html,https://news.ceek.jp/search.cgi?category_id=politics&feed=1,ok,,政治
2026-08-06,2026-08-06T07:02:03.956142+09:00,その他メディア,,フジテレビ,"「外食産業が首を絞められている感じ」食品消費税1%も“外食は10%維持"" 飲食店から懸念の声「家で食べようってなるのでは」 街の人は「率直にうれしい」「2年後に戻るのが心配」",https://www.fnn.jp/articles/-/1089411,https://news.ceek.jp/search.cgi?category_id=politics&feed=1,ok,,政治
2026-08-06,2026-08-06T07:02:03.956142+09:00,その他メディア,,日本テレビ,"飲食料品の消費税率「1%」へ 飲食店の売り上げが減る可能性 メーカーなど“価格転嫁のチャンス""に?",https://news.ntv.co.jp/category/politics/868e689502bf4ae29a65526d5e9d1e81,https://news.ceek.jp/search.cgi?category_id=politics&feed=1,ok,,政治
2026-08-06,2026-08-06T07:02:03.956142+09:00,その他メディア,,Abema TIMES,食料品消費税「1%」を閣議決定,https://times.abema.tv/articles/-/10265592?page=1,https://news.ceek.jp/search.cgi?category_id=politics&feed=1,ok,,政治
2026-08-06,2026-08-06T07:02:03.956142+09:00,その他メディア,,テレビ朝日,NHK職員出演者から性被害 「当時の対応不適切」NHKが謝罪,https://news.tv-asahi.co.jp/news_politics/articles/000524303.html,https://news.ceek.jp/search.cgi?category_id=politics&feed=1,ok,,政治
2026-08-06,2026-08-06T07:02:03.956142+09:00,その他メディア,,フジテレビ,"「時給が上がるのはうれしいが...」北海道の最低賃金が初の“1100円台""時給56円アップで1113円に―所得税や社会保障費での働き控えで経営者からも不安の声",https://www.fnn.jp/articles/-/1089373,https://news.ceek.jp/search.cgi?category_id=politics&feed=1,ok,,政治
2026-08-06,2026-08-06T07:02:03.956142+09:00,全国紙,全国,朝日新聞,自民党元総裁・河野洋平さんの党葬 高市首相ら約900人が参列,https://www.asahi.com/articles/ASV8536D9V85UTFK00KM.html,https://news.ceek.jp/search.cgi?category_id=politics&feed=1,ok,,政治
2026-08-06,2026-08-06T07:02:03.956142+09:00,その他メディア,,テレビ朝日,食料品消費税「1%」を閣議決定,https://news.tv-asahi.co.jp/news_politics/articles/900196541.html,https://news.ceek.jp/search.cgi?category_id=politics&feed=1,ok,,政治
2026-08-06,2026-08-06T07:02:03.956142+09:00,その他メディア,,テレビ朝日,NHK職員が出演者から性被害 異動希望認めず 井上会長「対応の不適切さお詫びする」,https://news.tv-asahi.co.jp/news_politics/articles/000524372.html,https://news.ceek.jp/search.cgi?category_id=politics&feed=1,ok,,政治
2026-08-06,2026-08-06T07:02:03.956142+09:00,全国紙,全国,毎日新聞,れいわ新体制発表 共同代表に天畠氏 6日に党名検討の会合,https://mainichi.jp/articles/20260805/k00/00m/010/271000c,https://news.ceek.jp/search.cgi?category_id=politics&feed=1,ok,,政治
2026-08-06,2026-08-06T07:02:03.956142+09:00,その他メディア,,テレビ朝日,消費減税「早期の支援として効果実感」 木原長官,https://news.tv-asahi.co.jp/news_politics/articles/000524368.html,https://news.ceek.jp/search.cgi?category_id=politics&feed=1,ok,,政治
2026-08-06,2026-08-06T07:02:03.956142+09:00,全国紙,全国,日本経済新聞,高市首相、河野洋平氏しのぶ会参列 ねじれ国会対応など功績たたえる,https://www.nikkei.com/article/DGXZQOUA055O00V00C26A8000000/,https://news.ceek.jp/search.cgi?category_id=politics&feed=1,ok,,政治
2026-08-06,2026-08-06T07:02:03.956142+09:00,その他メディア,,日本テレビ,高市首相「歳入確保の取り組みをゼロベースで進める」と強調 飲食料品の消費税率1%への引き下げにあたり,https://news.ntv.co.jp/category/politics/cac24b25293f45d6a1d04ffe02175702,https://news.ceek.jp/search.cgi?category_id=politics&feed=1,ok,,政治
2026-08-06,2026-08-06T07:02:03.956142+09:00,全国紙,全国,毎日新聞,秋の臨時国会、「消費税国会」に 減税巡り与野党対決へ,https://mainichi.jp/articles/20260805/k00/00m/010/267000c,https://news.ceek.jp/search.cgi?category_id=politics&feed=1,ok,,政治
2026-08-06,2026-08-06T07:02:03.956142+09:00,全国紙,全国,朝日新聞,消費減税の財源、高市首相「さらなる歳入確保を」従来の説明繰り返す,https://www.asahi.com/articles/ASV8531CWV85ULFA01MM.html,https://news.ceek.jp/search.cgi?category_id=politics&feed=1,ok,,政治
2026-08-06,2026-08-06T07:02:03.956142+09:00,全国紙,全国,毎日新聞,先人の労苦を「逆回転」、許されぬ 消費減税の方針に消えぬ疑問,https://mainichi.jp/articles/20260805/k00/00m/020/233000c,https://news.ceek.jp/search.cgi?category_id=politics&feed=1,ok,,政治
2026-08-06,2026-08-06T07:02:03.956142+09:00,全国紙,全国,産経新聞,入院患者は追加負担対象外 OTC類似薬で厚労省案 がんの主たる疾患や副作用の薬も,https://www.sankei.com/article/20260805-7TGPLJM2Z5LPRFTOQVFNGJWOMY/,https://news.ceek.jp/search.cgi?category_id=politics&feed=1,ok,,政治
2026-08-06,2026-08-06T07:02:03.956142+09:00,その他メディア,,フジテレビ,"“ネパールは天国""発言の蔵内氏 海外出張の内容を説明「心の豊かさ感じた」ワンヘルスに関するMOU締結も 福岡",https://www.fnn.jp/articles/-/1089259,https://news.ceek.jp/search.cgi?category_id=politics&feed=1,ok,,政治
2026-08-06,2026-08-06T07:02:03.956142+09:00,その他メディア,,日本テレビ,"職員の性被害で“不適切対応""NHKが謝罪 番組出演者から性被害受け休職...部署異動認めず、関係者処分なし",https://news.ntv.co.jp/category/politics/80208261675d4577a702be1baeadfb6f,https://news.ceek.jp/search.cgi?category_id=politics&feed=1,ok,,政治
2026-08-06,2026-08-06T07:02:03.956142+09:00,その他メディア,,フジテレビ,金銭授受疑惑で揺れる福岡県議会 一転『第三者委』設置へ 出張から戻った蔵内議長「ネパールは天国」【福岡発】,https://www.fnn.jp/articles/-/1089204,https://news.ceek.jp/search.cgi?category_id=politics&feed=1,ok,,政治
2026-08-06,2026-08-06T07:02:03.956142+09:00,全国紙,全国,日本経済新聞,自民・中道の国対委員長、補正予算なら「機動的に対応」 熊本地震で,https://www.nikkei.com/article/DGXZQOUA0584Q0V00C26A8000000/,https://news.ceek.jp/search.cgi?category_id=politics&feed=1,ok,,政治
2026-08-06,2026-08-06T07:02:03.956142+09:00,全国紙,全国,毎日新聞,高市首相「負担軽減が最重要」 消費減税法案の早期成立目指す,https://mainichi.jp/articles/20260805/k00/00m/010/234000c,https://news.ceek.jp/search.cgi?category_id=politics&feed=1,ok,,政治
2026-08-06,2026-08-06T07:02:03.956142+09:00,その他メディア,,フジテレビ,「みんな高市さんに何も言えない」「半分以上が反対」 消費税減税めぐる舞台裏 自民党内でくすぶる慎重論と本音【スポットライト】,https://www.fnn.jp/articles/-/1089192,https://news.ceek.jp/search.cgi?category_id=politics&feed=1,ok,,政治
2026-08-06,2026-08-06T07:02:03.956142+09:00,全国紙,全国,産経新聞,高市早苗首相「9月に税制大綱決定、臨時国会に法案」 飲食料品への消費税1%閣議決定,https://www.sankei.com/article/20260805-NILZWXQ47FNXXCWD7LKENHYIKE/,https://news.ceek.jp/search.cgi?category_id=politics&feed=1,ok,,政治
2026-08-06,2026-08-06T07:02:03.956142+09:00,その他メディア,,テレビ朝日,「消費減税の法案を臨時国会に提出」高市総理,https://news.tv-asahi.co.jp/news_politics/articles/000524350.html,https://news.ceek.jp/search.cgi?category_id=politics&feed=1,ok,,政治
2026-08-06,2026-08-06T07:02:03.956142+09:00,その他メディア,,デイリースポーツ,れいわ、共同代表に天畠大輔氏,https://www.daily.co.jp/society/politics/2026/08/05/0020672774.shtml,https://news.ceek.jp/search.cgi?category_id=politics&feed=1,ok,,政治
2026-08-06,2026-08-06T07:02:03.956142+09:00,全国紙,全国,日本経済新聞,異論封じた高市首相「消費減税は公約のここに」 選挙圧勝で自民沈黙,https://www.nikkei.com/article/DGXZQOUA047BY0U6A800C2000000/,https://news.ceek.jp/search.cgi?category_id=politics&feed=1,ok,,政治
2026-08-06,2026-08-06T07:02:03.956142+09:00,全国紙,全国,日本経済新聞,自民党「政治とカネ」再燃、高市政権のリスクに 福岡県議会問題で,https://www.nikkei.com/article/DGXZQOUA036790T00C26A8000000/,https://news.ceek.jp/search.cgi?category_id=politics&feed=1,ok,,政治
2026-08-06,2026-08-06T07:02:03.956142+09:00,その他メディア,,日本テレビ,【動画】片山財務相が記者団にコメント 「飲食料品の消費税率1%」閣議決定,https://news.ntv.co.jp/category/politics/7fd379f1aa0e43d7a0dd046988e419de,https://news.ceek.jp/search.cgi?category_id=politics&feed=1,ok,,政治
2026-08-06,2026-08-06T07:02:03.956142+09:00,その他メディア,,電波タイムズ,総務省人事異動(2026年8月1~5日付),https://www.dempa-times.co.jp/administration/55585/,https://news.ceek.jp/search.cgi?category_id=politics&feed=1,ok,,政治
2026-08-06,2026-08-06T07:02:03.956142+09:00,その他メディア,,フジテレビ,高市総理「法案を提出し早期の成立を目指したい」 食料品の消費税減税を閣議決定,https://www.fnn.jp/articles/-/1089219,https://news.ceek.jp/search.cgi?category_id=politics&feed=1,ok,,政治
2026-08-06,2026-08-06T07:02:03.956142+09:00,全国紙,全国,読売新聞,食品の消費税減税、高市首相「制度設計をさらに進め法案の早期成立を」...基本方針の閣議決定を受けて,https://www.yomiuri.co.jp/politics/20260805-GYT1T00321/,https://news.ceek.jp/search.cgi?category_id=politics&feed=1,ok,,政治
2026-08-06,2026-08-06T07:02:03.956142+09:00,全国紙,全国,日本経済新聞,高市首相、消費税減税の決定「社会保障に影響でないようにする」,https://www.nikkei.com/article/DGXZQOUA057TY0V00C26A8000000/,https://news.ceek.jp/search.cgi?category_id=politics&feed=1,ok,,政治
2026-08-06,2026-08-06T07:02:03.956142+09:00,その他メディア,,共同通信,【速報】歳入確保をゼロベースで進めると首相,https://www.47news.jp/14744636.html,https://news.ceek.jp/search.cgi?category_id=politics&feed=1,ok,,政治
2026-08-06,2026-08-06T07:02:03.956142+09:00,その他メディア,,共同通信,【速報】社会保障に影響出ないよう対応と首相,https://www.47news.jp/14744621.html,https://news.ceek.jp/search.cgi?category_id=politics&feed=1,ok,,政治
2026-08-06,2026-08-06T07:02:03.956142+09:00,全国紙,全国,読売新聞,提訴請求のニデック株主、永守氏の「過度に高い目標設定」を問題視...請求金額50億円は損害から算出,https://www.yomiuri.co.jp/economy/20260806-GYT1T00089/,https://news.ceek.jp/search.cgi?category_id=business&feed=1,ok,,経済
2026-08-06,2026-08-06T07:02:03.956142+09:00,その他メディア,,ハーバード・ビジネス・レビュー,日本の製造業の勝ち筋は「面倒くさいものづくり」にある,https://dhbr.diamond.jp/articles/-/14564,https://news.ceek.jp/search.cgi?category_id=business&feed=1,ok,,経済
2026-08-06,2026-08-06T07:02:03.956142+09:00,全国紙,全国,朝日新聞,年収3千万円でも住めないAIの街 集まる頭脳とマネーが落とす影,https://www.asahi.com/articles/ASV7P7KVPV7PUHBI01HM.html,https://news.ceek.jp/search.cgi?category_id=business&feed=1,ok,,経済
2026-08-06,2026-08-06T07:02:03.956142+09:00,その他メディア,,デイリースポーツ,米ディズニー、純利益半減,https://www.daily.co.jp/society/economics/2026/08/06/0020674961.shtml,https://news.ceek.jp/search.cgi?category_id=business&feed=1,ok,,経済
2026-08-06,2026-08-06T07:02:03.956142+09:00,その他メディア,,フジテレビ,爆発はLPガスが原因か イオンモール熊本 地震で配管損傷し漏れたガスに引火の可能性 ガス事業者に点検要請 経産省,https://www.fnn.jp/articles/-/1089591,https://news.ceek.jp/search.cgi?category_id=business&feed=1,ok,,経済
2026-08-06,2026-08-06T07:02:03.956142+09:00,その他メディア,,デイリースポーツ,NY円、157円台後半,https://www.daily.co.jp/society/economics/2026/08/06/0020674943.shtml,https://news.ceek.jp/search.cgi?category_id=business&feed=1,ok,,経済
2026-08-06,2026-08-06T07:02:03.956142+09:00,全国紙,全国,日本経済新聞,双日、ベトナムで牛肉増産 「日本式」衛生管理でブランドづくり,https://www.nikkei.com/article/DGXZQOGM307PN0Q6A630C2000000/,https://news.ceek.jp/search.cgi?category_id=business&feed=1,ok,,経済
2026-08-06,2026-08-06T07:02:03.956142+09:00,その他メディア,,東洋経済オンライン,〈AIによる脱コンサル〉本格化の波は中東湾岸諸国から...AI国家戦略で政策アウトソーシングが反転 | 政治・経済・投資,https://toyokeizai.net/articles/-/953811,https://news.ceek.jp/search.cgi?category_id=business&feed=1,ok,,経済
2026-08-06,2026-08-06T07:02:03.956142+09:00,その他メディア,,共同通信,為替相場 6日(日本時間 6時),https://www.47news.jp/14746632.html,https://news.ceek.jp/search.cgi?category_id=business&feed=1,ok,,経済
2026-08-06,2026-08-06T07:02:03.956142+09:00,その他メディア,,日刊工業新聞,造船向けクレーン生産能力2倍、住友重機械工業が攻勢かける,https://newswitch.jp/p/49931,https://news.ceek.jp/search.cgi?category_id=business&feed=1,ok,,経済
2026-08-06,2026-08-06T07:02:03.956142+09:00,その他メディア,,日刊工業新聞,古河電工が1000億円投資、「超多心ケーブル」増産,https://newswitch.jp/p/49929,https://news.ceek.jp/search.cgi?category_id=business&feed=1,ok,,経済
2026-08-06,2026-08-06T07:02:03.956142+09:00,その他メディア,,日刊ゲンダイ,"“10億円プレーヤー""も続々 大手企業の高額役員報酬トップ50の顔ぶれ",https://www.nikkan-gendai.com/articles/view/money/391341,https://news.ceek.jp/search.cgi?category_id=business&feed=1,ok,,経済
2026-08-06,2026-08-06T07:02:03.956142+09:00,その他メディア,,日刊ゲンダイ,欧米で広がる「不動産AI買収」脅威...迷う日本企業は丸ごと買い取られる?,https://www.nikkan-gendai.com/articles/view/money/391339,https://news.ceek.jp/search.cgi?category_id=business&feed=1,ok,,経済
2026-08-06,2026-08-06T07:02:03.956142+09:00,その他メディア,,日刊ゲンダイ,「ゆで太郎」大卒初任給35万円の衝撃...外食産業で加速する劇的な人材争奪戦,https://www.nikkan-gendai.com/articles/view/money/391338,https://news.ceek.jp/search.cgi?category_id=business&feed=1,ok,,経済
2026-08-06,2026-08-06T07:02:03.956142+09:00,その他メディア,,ハーバード・ビジネス・レビュー,サービス職の離職問題をどのように解決するか,https://dhbr.diamond.jp/articles/-/14565,https://news.ceek.jp/search.cgi?category_id=business&feed=1,ok,,経済
2026-08-06,2026-08-06T07:02:03.956142+09:00,その他メディア,,東洋経済オンライン,南シナ海の支配を目論む中国の動き...世界の海上貿易の3分の1を占める要衝が遮断されるリスクに晒されている危うい現状 | 政治・経済・投資,https://toyokeizai.net/articles/-/953674,https://news.ceek.jp/search.cgi?category_id=business&feed=1,ok,,経済
2026-08-06,2026-08-06T07:02:03.956142+09:00,その他メディア,,東洋経済オンライン,ボクシングもダンスもやめた中国ヒューマノイド――焦点は「人間の相棒になれるか」に移った | 政治・経済・投資,https://toyokeizai.net/articles/-/953620,https://news.ceek.jp/search.cgi?category_id=business&feed=1,ok,,経済
2026-08-06,2026-08-06T07:02:03.956142+09:00,その他メディア,,JBpress,AIデータセンターの「電力の壁」が政治問題化、NY州の一時停止措置が投じる一石電気料金高騰や環境負荷を背景に、持続可能な地域共生を迫る新局面,https://jbpress.ismedia.jp/articles/-/96304,https://news.ceek.jp/search.cgi?category_id=business&feed=1,ok,,経済
2026-08-06,2026-08-06T07:02:03.956142+09:00,その他メディア,,JBpress,クボタ社長が明かす、自前主義を脱して挑む「企業価値経営」の道筋,https://jbpress.ismedia.jp/articles/-/96177,https://news.ceek.jp/search.cgi?category_id=business&feed=1,ok,,経済
2026-08-06,2026-08-06T07:02:03.956142+09:00,その他メディア,,現代ビジネス,会食時の手土産に「山崎25年」...ベッセント氏と「阿吽の関係」になった片山さつき財務相の「ちょっといい話」,https://gendai.media/articles/-/169944,https://news.ceek.jp/search.cgi?category_id=business&feed=1,ok,,経済
2026-08-06,2026-08-06T07:02:03.956142+09:00,その他メディア,,現代ビジネス,急激な円高の背景には何が? 日米協調介入の起点となった片山-ベッセント5月会談「なだ万の夜」,https://gendai.media/articles/-/169942,https://news.ceek.jp/search.cgi?category_id=business&feed=1,ok,,経済
2026-08-06,2026-08-06T07:02:03.956142+09:00,その他メディア,,JBpress,「IQより愛嬌」 SpiralAIが目指す「役に立たないAI」,https://jbpress.ismedia.jp/articles/-/96274,https://news.ceek.jp/search.cgi?category_id=business&feed=1,ok,,経済
2026-08-06,2026-08-06T07:02:03.956142+09:00,その他メディア,,JBpress,「この会議が会社を変える」JAL再建の転換点となった業績報告会、稲盛和夫が数字で根付かせた「経営参加」の文化,https://jbpress.ismedia.jp/articles/-/95989,https://news.ceek.jp/search.cgi?category_id=business&feed=1,ok,,経済
2026-08-06,2026-08-06T07:02:03.956142+09:00,その他メディア,,JBpress,アステラス製薬は「特許切れ」をどう乗り越えるか? 人事トップ・杉田勝好氏が語る改革の真意,https://jbpress.ismedia.jp/articles/-/96075,https://news.ceek.jp/search.cgi?category_id=business&feed=1,ok,,経済
2026-08-06,2026-08-06T07:02:03.956142+09:00,その他メディア,,東洋経済オンライン,〈乳がん治療が激変〉「エンハーツ」で患者が取り戻した日常 「自分が病気であることを忘れさせる」・・・副作用管理に壁も | ビジネス,https://toyokeizai.net/articles/-/953311,https://news.ceek.jp/search.cgi?category_id=business&feed=1,ok,,経済
2026-08-06,2026-08-06T07:02:03.956142+09:00,全国紙,全国,読売新聞,NYダウ終値、3日連続で最高値更新の5万4349ドル...前日比263ドル高,https://www.yomiuri.co.jp/economy/20260806-GYT1T00073/,https://news.ceek.jp/search.cgi?category_id=business&feed=1,ok,,経済
2026-08-06,2026-08-06T07:02:03.956142+09:00,その他メディア,,デイリースポーツ,NY原油続落、終値75ドル台,https://www.daily.co.jp/society/economics/2026/08/06/0020674932.shtml,https://news.ceek.jp/search.cgi?category_id=business&feed=1,ok,,経済
2026-08-06,2026-08-06T07:02:03.956142+09:00,その他メディア,,デイリースポーツ,NY株、3日連続の最高値,https://www.daily.co.jp/society/economics/2026/08/06/0020674926.shtml,https://news.ceek.jp/search.cgi?category_id=business&feed=1,ok,,経済
2026-08-06,2026-08-06T07:02:03.956142+09:00,全国紙,全国,日本経済新聞,米国株、ダウ続伸し263ドル高 好決算銘柄に買い入り連日の最高値 ナスダックは反落,https://www.nikkei.com/article/DGXZQOFL05BES0V00C26A8000000/,https://news.ceek.jp/search.cgi?category_id=business&feed=1,ok,,経済
2026-08-06,2026-08-06T07:02:03.956142+09:00,その他メディア,,東洋経済オンライン,初の四半期決算で見えた「スペースXの実力」...株価はなぜIPO後高値の半値近くまで下落したのか | 政治・経済・投資,https://toyokeizai.net/articles/-/953830,https://news.ceek.jp/search.cgi?category_id=business&feed=1,ok,,経済
2026-08-06,2026-08-06T07:02:03.956142+09:00,全国紙,全国,日本経済新聞,アンソロピック、独自AI半導体開発へ 「Claude」に最適化,https://www.nikkei.com/article/DGXZQOGN05BWO0V00C26A8000000/,https://news.ceek.jp/search.cgi?category_id=business&feed=1,ok,,経済
2026-08-06,2026-08-06T07:02:03.956142+09:00,その他メディア,,東洋経済オンライン,四半世紀で変わり果てた「億ション」の姿...1億円で買えるのは「港区・102m2」→「23区外・66m2」に | ビジネス,https://toyokeizai.net/articles/-/952968,https://news.ceek.jp/search.cgi?category_id=business&feed=1,ok,,経済
2026-08-06,2026-08-06T07:02:03.956142+09:00,その他メディア,,JBpress,復活したソニーと凋落したモトローラ...「ビジョナリー企業」の盛衰に見る生き残る企業が利益より大切にしていること,https://jbpress.ismedia.jp/articles/-/96045,https://news.ceek.jp/search.cgi?category_id=business&feed=1,ok,,経済
2026-08-06,2026-08-06T07:02:03.956142+09:00,その他メディア,,東洋経済オンライン,廃墟だらけの「ラピュタの島」はかつて年間10万人が訪れた《リゾート地》だった...なぜ衰退し、再び人気になったのか | ライフ,https://toyokeizai.net/articles/-/953250?display=b,https://news.ceek.jp/search.cgi?category_id=business&feed=1,ok,,経済
2026-08-06,2026-08-06T07:02:03.956142+09:00,その他メディア,,東洋経済オンライン,「まるでラピュタ」な緑に侵食される廃墟...かつて《地図から消され》《立入禁止》だった軍事機密島の謎 | ライフ,https://toyokeizai.net/articles/-/953248?display=b,https://news.ceek.jp/search.cgi?category_id=business&feed=1,ok,,経済
2026-08-06,2026-08-06T07:02:03.956142+09:00,全国紙,全国,日本経済新聞,NYダウ続伸263ドル高、連日の最高値 原油先物の下落が支え,https://www.nikkei.com/article/DGXZQOFL0600L0W6A800C2000000/,https://news.ceek.jp/search.cgi?category_id=business&feed=1,ok,,経済
2026-08-06,2026-08-06T07:02:03.956142+09:00,その他メディア,,共同通信,【速報】NY株263ドル上昇、3日連続の最高値,https://www.47news.jp/14746807.html,https://news.ceek.jp/search.cgi?category_id=business&feed=1,ok,,経済
2026-08-06,2026-08-06T07:02:03.956142+09:00,その他メディア,,東洋経済オンライン,JR西日本・倉坂社長が語る大型投資への覚悟、なにわ筋線や大阪IR見据え「羽ばたくための準備整える」 | ビジネス,https://toyokeizai.net/articles/-/952359,https://news.ceek.jp/search.cgi?category_id=business&feed=1,ok,,経済
2026-08-06,2026-08-06T07:02:03.956142+09:00,その他メディア,,日本農業新聞,8月盆相場、菊類に不足感 カーネ・リンドウも高値,https://www.agrinews.co.jp/economy/index/398406,https://news.ceek.jp/search.cgi?category_id=business&feed=1,ok,,経済
2026-08-06,2026-08-06T07:02:03.956142+09:00,その他メディア,,日本農業新聞,[ニッポンの米価]先物軒並み反発,https://www.agrinews.co.jp/economy/index/398390,https://news.ceek.jp/search.cgi?category_id=business&feed=1,ok,,経済
2026-08-06,2026-08-06T07:02:03.956142+09:00,その他メディア,,日本農業新聞,<シェア奪還>無印良品に「ほめられかぼちゃ」菓子 全農・青果卸が協力 国産シェア奪還へ,https://www.agrinews.co.jp/economy/index/398388,https://news.ceek.jp/search.cgi?category_id=business&feed=1,ok,,経済
2026-08-06,2026-08-06T07:02:03.956142+09:00,その他メディア,,日本農業新聞,キリン「一番搾り」で農家支援 売り上げの一部を寄付,https://www.agrinews.co.jp/economy/index/398386,https://news.ceek.jp/search.cgi?category_id=business&feed=1,ok,,経済
2026-08-06,2026-08-06T07:02:03.956142+09:00,その他メディア,,共同通信,快適に過ごす靴用グッズ、乾燥や消臭、抗菌 履く前、脱いだ後【経済トレンド/気になる商品】,https://www.47news.jp/14746719.html,https://news.ceek.jp/search.cgi?category_id=business&feed=1,ok,,経済
2026-08-06,2026-08-06T07:02:03.956142+09:00,その他メディア,,日本農業新聞,[大耳小耳]関東生乳販連・高橋会長 生乳の需給調整、国が責任を,https://www.agrinews.co.jp/economy/index/398387,https://news.ceek.jp/search.cgi?category_id=business&feed=1,ok,,経済
2026-08-06,2026-08-06T07:02:03.956142+09:00,その他メディア,,日本農業新聞,衣料品注力のファミマ新形態店舗 限定グッズも,https://www.agrinews.co.jp/economy/index/398392,https://news.ceek.jp/search.cgi?category_id=business&feed=1,ok,,経済
2026-08-06,2026-08-06T07:02:03.956142+09:00,その他メディア,,日本農業新聞,北海道・十勝産 お酒に合うチーズ ピリッと黒コショウ 明治,https://www.agrinews.co.jp/economy/index/398403,https://news.ceek.jp/search.cgi?category_id=business&feed=1,ok,,経済
2026-08-06,2026-08-06T07:02:03.956142+09:00,その他メディア,,日本農業新聞,中国人の免税売上高16%増 6月、客数減も単価上昇,https://www.agrinews.co.jp/economy/index/398393,https://news.ceek.jp/search.cgi?category_id=business&feed=1,ok,,経済
2026-08-06,2026-08-06T07:02:03.956142+09:00,その他メディア,,日刊工業新聞,デンカ、電子包材シート値上げ 21日出荷分から,https://www.nikkan.co.jp/articles/view/00788816,https://news.ceek.jp/search.cgi?category_id=business&feed=1,ok,,経済
2026-08-06,2026-08-06T07:02:03.956142+09:00,全国紙,全国,日本経済新聞,脱石油火力あと一歩、首都圏で4カ月発電ゼロ 原発再開に中東緊迫も,https://www.nikkei.com/article/DGXZQOUC200VQ0Q6A420C2000000/,https://news.ceek.jp/search.cgi?category_id=business&feed=1,ok,,経済
2026-08-06,2026-08-06T07:02:03.956142+09:00,全国紙,全国,日本経済新聞,英新興シンギュラー・マシーンズ、日本進出 製造業の設計AIで支援,https://www.nikkei.com/article/DGXZQOUC040L90U6A800C2000000/,https://news.ceek.jp/search.cgi?category_id=business&feed=1,ok,,経済
2026-08-06,2026-08-06T07:02:03.956142+09:00,全国紙,全国,日本経済新聞,稼ぐ高齢者、現役世代の医療保険料押し上げ 25年度は400億円,https://www.nikkei.com/article/DGXZQOUA312MC0R30C26A7000000/,https://news.ceek.jp/search.cgi?category_id=business&feed=1,ok,,経済
2026-08-06,2026-08-06T07:02:03.956142+09:00,全国紙,全国,日本経済新聞,SCREENHD後藤社長「半導体装置のものづくりは国内、技術流出防ぐ」,https://www.nikkei.com/article/DGXZQOUF160K50W6A710C2000000/,https://news.ceek.jp/search.cgi?category_id=business&feed=1,ok,,経済
2026-08-06,2026-08-06T07:02:03.956142+09:00,その他メディア,,日刊工業新聞,中小機構四国、タカヨシ工業所専務ら2人に応援士委嘱,https://www.nikkan.co.jp/articles/view/00788773,https://news.ceek.jp/search.cgi?category_id=business&feed=1,ok,,経済
2026-08-06,2026-08-06T07:02:03.956142+09:00,その他メディア,,日刊工業新聞,キヤノンMJ、久米島で心疾患予防,https://www.nikkan.co.jp/articles/view/00788753,https://news.ceek.jp/search.cgi?category_id=business&feed=1,ok,,経済
2026-08-06,2026-08-06T07:02:03.956142+09:00,その他メディア,,日刊工業新聞,ニッケルの国際相場、下値1万7000ドル 米主要3指数上昇、じり高,https://www.nikkan.co.jp/articles/view/00788769,https://news.ceek.jp/search.cgi?category_id=business&feed=1,ok,,経済
2026-08-06,2026-08-06T07:02:03.956142+09:00,その他メディア,,日刊工業新聞,みなと銀、兵庫・西宮市と連携 若手育成へ起業支援など,https://www.nikkan.co.jp/articles/view/00788750,https://news.ceek.jp/search.cgi?category_id=business&feed=1,ok,,経済
2026-08-06,2026-08-06T07:02:03.956142+09:00,全国紙,全国,日本経済新聞,従業員と「Wow」生み出す 第一滝本館の南社長「登別一番の旅館に」,https://www.nikkei.com/article/DGXZQOFC2118H0R20C26A7000000/,https://news.ceek.jp/search.cgi?category_id=business&feed=1,ok,,経済
2026-08-06,2026-08-06T07:02:03.956142+09:00,その他メディア,,日刊工業新聞,丸紅情報、米社のセキュリティー基盤 中小に提案,https://www.nikkan.co.jp/articles/view/00788784,https://news.ceek.jp/search.cgi?category_id=business&feed=1,ok,,経済
2026-08-06,2026-08-06T07:02:03.956142+09:00,その他メディア,,日刊工業新聞,日産、「キャシュカイ」走行距離でギネス コロンビアを無給油で1980km,https://www.nikkan.co.jp/articles/view/00788847,https://news.ceek.jp/search.cgi?category_id=business&feed=1,ok,,経済
2026-08-06,2026-08-06T07:02:03.956142+09:00,その他メディア,,日刊工業新聞,九大など、ニンニク精油で害虫駆除,https://www.nikkan.co.jp/articles/view/00788748,https://news.ceek.jp/search.cgi?category_id=business&feed=1,ok,,経済
2026-08-06,2026-08-06T07:02:03.956142+09:00,全国紙,全国,読売新聞,「利上げ方針維持」相次ぐ 日銀6月会合 市場は「9月」注視,https://www.yomiuri.co.jp/economy/20260806-GYT1T00011/,https://news.ceek.jp/search.cgi?category_id=business&feed=1,ok,,経済
2026-08-06,2026-08-06T07:02:03.956142+09:00,全国紙,全国,日本経済新聞,金沢の老舗青果卸・堀他、外食参入でブランドPR 売上高10年で2倍,https://www.nikkei.com/article/DGXZQOCC313GJ0R30C26A7000000/,https://news.ceek.jp/search.cgi?category_id=business&feed=1,ok,,経済
2026-08-06,2026-08-06T07:02:03.956142+09:00,その他メディア,,日刊工業新聞,トヨタ紡織、新興と共創 愛知で三菱UFJFGと展示会,https://www.nikkan.co.jp/articles/view/00788744,https://news.ceek.jp/search.cgi?category_id=business&feed=1,ok,,経済
2026-08-06,2026-08-06T07:02:03.956142+09:00,その他メディア,,日刊工業新聞,東経連ビジネスセンター、中小のグローバル成長支援 第4期活動スタート,https://www.nikkan.co.jp/articles/view/00788743,https://news.ceek.jp/search.cgi?category_id=business&feed=1,ok,,経済
2026-08-06,2026-08-06T07:02:03.956142+09:00,その他メディア,,日刊工業新聞,技術で未来拓く 産総研の挑戦(424)AIの3次元視覚,https://www.nikkan.co.jp/articles/view/00788740,https://news.ceek.jp/search.cgi?category_id=business&feed=1,ok,,経済
2026-08-06,2026-08-06T07:02:03.956142+09:00,その他メディア,,日刊工業新聞,ニュース拡大鏡/東大が産学官プロ 気象データ、社会インフラに 再解析で未来開く,https://www.nikkan.co.jp/articles/view/00788738,https://news.ceek.jp/search.cgi?category_id=business&feed=1,ok,,経済
2026-08-06,2026-08-06T07:02:03.956142+09:00,その他メディア,,日刊工業新聞,クボタ、三井不など2社と旧本社跡地活用で協定,https://www.nikkan.co.jp/articles/view/00788767,https://news.ceek.jp/search.cgi?category_id=business&feed=1,ok,,経済
2026-08-06,2026-08-06T07:02:03.956142+09:00,その他メディア,,日刊工業新聞,FSXなど、ポケットおしぼり 新工場稼働,https://www.nikkan.co.jp/articles/view/00788817,https://news.ceek.jp/search.cgi?category_id=business&feed=1,ok,,経済
2026-08-06,2026-08-06T07:02:03.956142+09:00,その他メディア,,日刊工業新聞,令和8年熊本地震/JR九州、九州新幹線 新水俣-鹿児島中央間あす再開,https://www.nikkan.co.jp/articles/view/00788812,https://news.ceek.jp/search.cgi?category_id=business&feed=1,ok,,経済
2026-08-06,2026-08-06T07:02:03.956142+09:00,その他メディア,,日刊工業新聞,高炉3社の通期見通し、2社が事業益据え置き 中東コスト影響転嫁,https://www.nikkan.co.jp/articles/view/00788833,https://news.ceek.jp/search.cgi?category_id=business&feed=1,ok,,経済
2026-08-06,2026-08-06T07:02:03.956142+09:00,全国紙,全国,読売新聞,[日米通貨新時代]協調「米国債を防衛」 介入巡り専門家 見方 円安是正で「売り」→金利上昇,https://www.yomiuri.co.jp/economy/20260806-GYT1T00012/,https://news.ceek.jp/search.cgi?category_id=business&feed=1,ok,,経済
2026-08-06,2026-08-06T07:02:03.956142+09:00,その他メディア,,日刊工業新聞,材料相場表/PDFで公開,https://www.nikkan.co.jp/articles/view/00788317,https://news.ceek.jp/search.cgi?category_id=business&feed=1,ok,,経済
2026-08-06,2026-08-06T07:02:03.956142+09:00,その他メディア,,日刊工業新聞,九大など、プラズマでイオン加速 宇宙線研究に応用,https://www.nikkan.co.jp/articles/view/00788727,https://news.ceek.jp/search.cgi?category_id=business&feed=1,ok,,経済
2026-08-06,2026-08-06T07:02:03.956142+09:00,その他メディア,,日刊工業新聞,変わりゆく高専(中)中小が学生獲得模索 給与見直し・「研究職」売りに,https://www.nikkan.co.jp/articles/view/00788728,https://news.ceek.jp/search.cgi?category_id=business&feed=1,ok,,経済
2026-08-06,2026-08-06T07:02:03.956142+09:00,その他メディア,,日刊工業新聞,TDK、LG系とパートナーシップ 人型ロボ用開発,https://www.nikkan.co.jp/articles/view/00788749,https://news.ceek.jp/search.cgi?category_id=business&feed=1,ok,,経済
2026-08-06,2026-08-06T07:02:03.956142+09:00,その他メディア,,日刊工業新聞,働く人の安全・健康・ウェルビーイング/IOSHからのメッセージ,https://www.nikkan.co.jp/articles/view/00788723,https://news.ceek.jp/search.cgi?category_id=business&feed=1,ok,,経済
2026-08-06,2026-08-06T07:02:03.956142+09:00,その他メディア,,日刊工業新聞,関西同友会、新興支援連携促す 5社に呼びかけ,https://www.nikkan.co.jp/articles/view/00788772,https://news.ceek.jp/search.cgi?category_id=business&feed=1,ok,,経済
2026-08-06,2026-08-06T07:02:03.956142+09:00,その他メディア,,日刊工業新聞,名古屋市大・豊田工大が医工連携 イノベ創出,https://www.nikkan.co.jp/articles/view/00788726,https://news.ceek.jp/search.cgi?category_id=business&feed=1,ok,,経済
2026-08-06,2026-08-06T07:02:03.956142+09:00,その他メディア,,日刊工業新聞,三菱電機、量子計算研究を加速 新興に出資,https://www.nikkan.co.jp/articles/view/00788747,https://news.ceek.jp/search.cgi?category_id=business&feed=1,ok,,経済
2026-08-06,2026-08-06T07:02:03.956142+09:00,その他メディア,,日刊工業新聞,米ラムリサーチ、四日市に新オフィス キオクシアと連携強化,https://www.nikkan.co.jp/articles/view/00788746,https://news.ceek.jp/search.cgi?category_id=business&feed=1,ok,,経済
2026-08-06,2026-08-06T07:02:03.956142+09:00,その他メディア,,日刊工業新聞,長野・安曇野市がツアー 学生に製造現場体験,https://www.nikkan.co.jp/articles/view/00788768,https://news.ceek.jp/search.cgi?category_id=business&feed=1,ok,,経済
2026-08-06,2026-08-06T07:02:03.956142+09:00,その他メディア,,日刊工業新聞,三菱電機、海外転籍制度導入 子会社100社に従業員志願,https://www.nikkan.co.jp/articles/view/00788787,https://news.ceek.jp/search.cgi?category_id=business&feed=1,ok,,経済
2026-08-06,2026-08-06T07:02:03.956142+09:00,その他メディア,,日刊工業新聞,楽天経済圏、AIを統合運用 利用者の趣向に合わせ提案,https://www.nikkan.co.jp/articles/view/00788785,https://news.ceek.jp/search.cgi?category_id=business&feed=1,ok,,経済
2026-08-06,2026-08-06T07:02:03.956142+09:00,その他メディア,,日刊工業新聞,ゼロボード、調達先情報を一元化するシステム開発,https://www.nikkan.co.jp/articles/view/00788783,https://news.ceek.jp/search.cgi?category_id=business&feed=1,ok,,経済
2026-08-06,2026-08-06T07:02:03.956142+09:00,その他メディア,,日刊工業新聞,おことわり/「中小企業 地域と共生」は休みました,https://www.nikkan.co.jp/articles/view/00788780,https://news.ceek.jp/search.cgi?category_id=business&feed=1,ok,,経済
2026-08-06,2026-08-06T07:02:03.956142+09:00,その他メディア,,日刊工業新聞,ニデック、決算開示延期 品質不正など響く,https://www.nikkan.co.jp/articles/view/00788846,https://news.ceek.jp/search.cgi?category_id=business&feed=1,ok,,経済
2026-08-06,2026-08-06T07:02:03.956142+09:00,その他メディア,,日刊工業新聞,商工中金広島、包装フィルムに協調融資20億円,https://www.nikkan.co.jp/articles/view/00788776,https://news.ceek.jp/search.cgi?category_id=business&feed=1,ok,,経済
2026-08-06,2026-08-06T07:02:03.956142+09:00,全国紙,全国,読売新聞,スペースX AI投資急増 売上高の2倍...上場後初決算 850億円赤字,https://www.yomiuri.co.jp/economy/20260806-GYT1T00054/,https://news.ceek.jp/search.cgi?category_id=business&feed=1,ok,,経済
2026-08-06,2026-08-06T07:02:03.956142+09:00,その他メディア,,日刊工業新聞,THK、通期見通し上方修正 営業益3.3倍 産業機器が内外好調,https://www.nikkan.co.jp/articles/view/00788796,https://news.ceek.jp/search.cgi?category_id=business&feed=1,ok,,経済
2026-08-06,2026-08-06T07:02:03.956142+09:00,全国紙,全国,日本経済新聞,インドにバイオ燃料車、スズキなど投入 原油依存脱却へ政府後押し,https://www.nikkei.com/article/DGXZQOGM224N60S6A720C2000000/,https://news.ceek.jp/search.cgi?category_id=business&feed=1,ok,,経済
2026-08-06,2026-08-06T07:02:03.956142+09:00,その他メディア,,日刊工業新聞,第56回機械工業デザイン賞IDEA(5)日本商工会議所会頭賞 日清工業,https://www.nikkan.co.jp/articles/view/00788797,https://news.ceek.jp/search.cgi?category_id=business&feed=1,ok,,経済
2026-08-06,2026-08-06T07:02:03.956142+09:00,その他メディア,,日刊工業新聞,鶴見製、京都工場を耐震・省人化 水中ポンプ安定供給,https://www.nikkan.co.jp/articles/view/00788800,https://news.ceek.jp/search.cgi?category_id=business&feed=1,ok,,経済
2026-08-06,2026-08-06T07:02:03.956142+09:00,その他メディア,,日刊工業新聞,フィジカルAI試行錯誤 柔軟性、ロボ反映探る,https://www.nikkan.co.jp/articles/view/00788799,https://news.ceek.jp/search.cgi?category_id=business&feed=1,ok,,経済
2026-08-06,2026-08-06T07:02:03.956142+09:00,その他メディア,,日刊工業新聞,田中貴金属、浄化性能を長期維持 メタン酸化触媒,https://www.nikkan.co.jp/articles/view/00788815,https://news.ceek.jp/search.cgi?category_id=business&feed=1,ok,,経済
2026-08-06,2026-08-06T07:02:03.956142+09:00,その他メディア,,日刊工業新聞,"“ムーミン谷""スマホで案内 園内用デジタル地図",https://www.nikkan.co.jp/articles/view/00788814,https://news.ceek.jp/search.cgi?category_id=business&feed=1,ok,,経済
2026-08-06,2026-08-06T07:02:03.956142+09:00,全国紙,全国,読売新聞,地銀14行と大型融資連携 SBI新生銀、ノウハウ提供へ,https://www.yomiuri.co.jp/economy/20260806-GYT1T00010/,https://news.ceek.jp/search.cgi?category_id=business&feed=1,ok,,経済
2026-08-06,2026-08-06T07:02:03.956142+09:00,その他メディア,,日刊工業新聞,JR3社の4-6月期、当期減益 人件費が重荷,https://www.nikkan.co.jp/articles/view/00788813,https://news.ceek.jp/search.cgi?category_id=business&feed=1,ok,,経済
2026-08-06,2026-08-06T07:02:03.956142+09:00,その他メディア,,日刊工業新聞,確かな価値の創出に向けて 挑む電中研(19)熱水流動シミュレーション,https://www.nikkan.co.jp/articles/view/00788820,https://news.ceek.jp/search.cgi?category_id=business&feed=1,ok,,経済
2026-08-06,2026-08-06T07:02:03.956142+09:00,その他メディア,,日刊工業新聞,財務省、7月判断据え置き 経済情勢報告 中東の動き警戒なお,https://www.nikkan.co.jp/articles/view/00788821,https://news.ceek.jp/search.cgi?category_id=business&feed=1,ok,,経済
2026-08-06,2026-08-06T07:02:03.956142+09:00,全国紙,全国,産経新聞,「座り込んで闘う!」も...平和記念公園に滞留の極左活動家ら 広島県警が全員排除、6日朝,https://www.sankei.com/article/20260806-36LQ3DKVZZLDVIDJR4HPNY5P2Q/,https://news.ceek.jp/search.cgi?category_id=national&feed=1,ok,,社会
2026-08-06,2026-08-06T07:02:03.956142+09:00,その他メディア,,サンケイスポーツ,米当局、トランプ関税16兆円を返還 進捗報告、徴収総額の6割,https://www.sanspo.com/article/20260806-U4V6AOIJPNJPBC7TEDI73ZNITQ/,https://news.ceek.jp/search.cgi?category_id=national&feed=1,ok,,社会
2026-08-06,2026-08-06T07:02:03.956142+09:00,その他メディア,,フジテレビ,大型トラックと軽自動車が正面衝突 炎上した軽自動車の車内から1人の焼死体 広島・竹原市 国道2号,https://www.fnn.jp/articles/-/1089598,https://news.ceek.jp/search.cgi?category_id=national&feed=1,ok,,社会
2026-08-06,2026-08-06T07:02:03.956142+09:00,その他メディア,,ポストセブン,《法被姿で伊勢をハッピーに》愛子さま、20年に1度の伊勢神宮「式年遷宮」に向けて歴史ある伝統行事にご参加 1泊2日のお伊勢参りに密着,https://www.news-postseven.com/archives/20260806_2124897.html,https://news.ceek.jp/search.cgi?category_id=national&feed=1,ok,,社会
2026-08-06,2026-08-06T07:02:03.956142+09:00,その他メディア,,ポストセブン,"《全裸で謝罪させられ...》川口侑斗被告(当時18)に無期懲役求刑 「動画撮りたいから、もう1回やって」暴行を“おかわり""する残虐性【江別暴行殺人・公判】",https://www.news-postseven.com/archives/20260806_2124854.html,https://news.ceek.jp/search.cgi?category_id=national&feed=1,ok,,社会
2026-08-06,2026-08-06T07:02:03.956142+09:00,全国紙,全国,産経新聞,投資詐欺手口を「信頼できる」と表示 広がる「検索汚染」、AIも誤回答 警視庁が警鐘,https://www.sankei.com/article/20260806-SX54RSAMKRNT5OF23CFGEWQCKU/,https://news.ceek.jp/search.cgi?category_id=national&feed=1,ok,,社会
2026-08-06,2026-08-06T07:02:03.956142+09:00,その他メディア,,ニューズウィーク,永住資格厳格化は「予行演習」...次に選別されるのは日本人か,https://www.newsweekjapan.jp/articles/-/330021,https://news.ceek.jp/search.cgi?category_id=national&feed=1,ok,,社会
2026-08-06,2026-08-06T07:02:03.956142+09:00,その他メディア,,週刊プレイボーイ,あの有名大手飲食チェーンがウーバーイーツを導入しない理由【チャリンコ爆走配達日誌】,https://wpb.shueisha.co.jp/news/society/20260806-132329/,https://news.ceek.jp/search.cgi?category_id=national&feed=1,ok,,社会
2026-08-06,2026-08-06T07:02:03.956142+09:00,その他メディア,,ポストセブン,《森山裕・自民党前幹事長インタビュー》皇室典範改正、副首都構想、消費税減税...高市政権支持率低下で変わる永田町の風景 愛子さまの高い人気も反映か,https://www.news-postseven.com/archives/20260806_2124570.html,https://news.ceek.jp/search.cgi?category_id=national&feed=1,ok,,社会
2026-08-06,2026-08-06T07:02:03.956142+09:00,その他メディア,,ポストセブン,"《台湾有事発言より前に踏んでいた“虎の尾""》森山裕・自民党前幹事長が明かした対中外交の大失態「高市総理の“個人的なSNS投稿""が習近平主席を怒らせた」",https://www.news-postseven.com/archives/20260806_2124568.html,https://news.ceek.jp/search.cgi?category_id=national&feed=1,ok,,社会
2026-08-06,2026-08-06T07:02:03.956142+09:00,その他メディア,,ポストセブン,《森山裕・自民党前幹事長インタビュー》親中派の重鎮、河野洋平・元総裁と亡くなる直前に話し合った「中国問題」 関係打開の期待もあった6月の訪中は叶わず,https://www.news-postseven.com/archives/20260806_2124567.html,https://news.ceek.jp/search.cgi?category_id=national&feed=1,ok,,社会
2026-08-06,2026-08-06T07:02:03.956142+09:00,全国紙,全国,朝日新聞,被爆者の体験、どう未来に継承する? 学生と連携、デジタル化にも力,https://www.asahi.com/articles/ASV841F7GV84DIFI004M.html,https://news.ceek.jp/search.cgi?category_id=national&feed=1,ok,,社会
2026-08-06,2026-08-06T07:02:03.956142+09:00,その他メディア,,フジテレビ,日本製紙が会見で陳謝 煙突倒壊した建屋で9人死亡 うち6人がデスクワーク中 外部専門家含め原因究明へ 熊本地震,https://www.fnn.jp/articles/-/1089587,https://news.ceek.jp/search.cgi?category_id=national&feed=1,ok,,社会
2026-08-06,2026-08-06T07:02:03.956142+09:00,その他メディア,,フジテレビ,【台風情報】台風13号あす沖縄本島直撃か 動き遅く週末に影響も 猛烈な風と雨に警戒 台風15号は週明けに北日本接近の恐れ,https://www.fnn.jp/articles/-/1089592,https://news.ceek.jp/search.cgi?category_id=national&feed=1,ok,,社会
2026-08-06,2026-08-06T07:02:03.956142+09:00,その他メディア,,フジテレビ,「かわいい」「そんなに重くない」ウミガメの赤ちゃんと触れ合いも 子どもたちが水族館の仕事体験 和歌山・串本町,https://www.fnn.jp/articles/-/1089594,https://news.ceek.jp/search.cgi?category_id=national&feed=1,ok,,社会
2026-08-06,2026-08-06T07:02:03.956142+09:00,その他メディア,,日本テレビ,"宇宙で漫画を描く“人類初の挑戦""「宇宙兄弟」作者がオリジナルストーリー書き下ろし JAXAのロボットアームで可能に",https://news.ntv.co.jp/category/society/49741bc04d534e1b98f8daa8f908875d,https://news.ceek.jp/search.cgi?category_id=national&feed=1,ok,,社会
2026-08-06,2026-08-06T07:02:03.956142+09:00,その他メディア,,デイリースポーツ,大谷、今季初の1試合2本塁打,https://www.daily.co.jp/society/main/2026/08/06/0020674941.shtml,https://news.ceek.jp/search.cgi?category_id=national&feed=1,ok,,社会
2026-08-06,2026-08-06T07:02:03.956142+09:00,全国紙,全国,読売新聞,福岡県議会、ハワイや欧州など海外視察の9割で宿泊費が基準額超え...23件中7件は1泊10万円以上,https://www.yomiuri.co.jp/national/20260806-GYT1T00080/,https://news.ceek.jp/search.cgi?category_id=national&feed=1,ok,,社会
2026-08-06,2026-08-06T07:02:03.956142+09:00,全国紙,全国,読売新聞,煙突倒壊の日本製紙工場、犠牲の9人は事務所でオフィスワーク中...地震発生直後に煙突が折れ直撃,https://www.yomiuri.co.jp/national/20260806-GYT1T00075/,https://news.ceek.jp/search.cgi?category_id=national&feed=1,ok,,社会
2026-08-06,2026-08-06T07:02:03.956142+09:00,その他メディア,,日本テレビ,"威嚇射撃後の2発目が左胸に...警察官が発砲し“刃物男""死亡 銃弾は体を貫通 大阪府警“適正な発砲""",https://news.ntv.co.jp/category/society/e8b9c7cd48f043fc9b1944317e0e4d24,https://news.ceek.jp/search.cgi?category_id=national&feed=1,ok,,社会
2026-08-06,2026-08-06T07:02:03.956142+09:00,その他メディア,,フジテレビ,【中継】広島原爆投下から81年 夜明け前から多くの人が慰霊碑に祈り 式典に高市総理や127の国と地域代表が参列へ,https://www.fnn.jp/articles/-/1089586,https://news.ceek.jp/search.cgi?category_id=national&feed=1,ok,,社会
2026-08-06,2026-08-06T07:02:03.956142+09:00,その他メディア,,フジテレビ,【ヒグマ速報】夏休み中で児童に被害なし_小学校の敷地内でクマの爪痕とふん発見_グラウンドを一部閉鎖_2学期に向けて警戒続く<北海道函館市>,https://www.fnn.jp/articles/-/1089590,https://news.ceek.jp/search.cgi?category_id=national&feed=1,ok,,社会
2026-08-06,2026-08-06T07:02:03.956142+09:00,その他メディア,,フジテレビ,"“認知症支援サイト""等で判明...未明に見つけた高齢女性に「行方不明届」保護して家族に送り届けたタクシー運転手へ感謝状",https://www.fnn.jp/articles/-/1089588,https://news.ceek.jp/search.cgi?category_id=national&feed=1,ok,,社会
2026-08-06,2026-08-06T07:02:03.956142+09:00,その他メディア,,日刊ゲンダイ,日銀に国債買い入れ要請との報道も...円安・物価高・金利上昇が示す高市政権「無責任な放漫財政」が国民生活を破壊,https://www.nikkan-gendai.com/articles/view/news/391357,https://news.ceek.jp/search.cgi?category_id=national&feed=1,ok,,社会
2026-08-06,2026-08-06T07:02:03.956142+09:00,その他メディア,,日刊ゲンダイ,不都合な過去を消し「ブレない」を自称する人間は未来に責任を持たない,https://www.nikkan-gendai.com/articles/view/news/391336,https://news.ceek.jp/search.cgi?category_id=national&feed=1,ok,,社会
2026-08-06,2026-08-06T07:02:03.956142+09:00,全国紙,全国,朝日新聞,「学校に行きたくない」と話した朝に原爆投下 中学生の最期を漫画に,https://www.asahi.com/articles/ASV831HQMV83UCVL01NM.html,https://news.ceek.jp/search.cgi?category_id=national&feed=1,ok,,社会
2026-08-06,2026-08-06T07:02:03.956142+09:00,全国紙,全国,朝日新聞,「アンパンマンのおもちゃ、お譲りします」 個人情報狙った投稿次々,https://www.asahi.com/articles/ASV841DFRV84UTIL02NM.html,https://news.ceek.jp/search.cgi?category_id=national&feed=1,ok,,社会
2026-08-06,2026-08-06T07:02:03.956142+09:00,その他メディア,,日刊ゲンダイ,内閣改造めぐり維新からの「副大臣・政務官」起用説が浮上...霞が関からも 「勘弁してくれ!」の悲鳴が,https://www.nikkan-gendai.com/articles/view/news/391319,https://news.ceek.jp/search.cgi?category_id=national&feed=1,ok,,社会
2026-08-06,2026-08-06T07:02:03.956142+09:00,その他メディア,,日刊ゲンダイ,高市早苗は安倍晋三の「忠犬」だった...服装もメークも指図された2021年総裁選の茶番,https://www.nikkan-gendai.com/articles/view/news/390680,https://news.ceek.jp/search.cgi?category_id=national&feed=1,ok,,社会
2026-08-06,2026-08-06T07:02:03.956142+09:00,その他メディア,,東京スポーツ新聞,高市首相の熊本被災地〝3分訪問説〟に内閣広報官が猛反論 視察PR動画はスルー,https://www.tokyo-sports.co.jp/articles/-/398422,https://news.ceek.jp/search.cgi?category_id=national&feed=1,ok,,社会
2026-08-06,2026-08-06T07:02:03.956142+09:00,その他メディア,,フジテレビ,"「夏にダウンジャケットを着ているような状態」“高温多湿""の日本の夏が苦手な動物たち 異常な暑さへの対策に追われる動物園に密着",https://www.fnn.jp/articles/-/1089585,https://news.ceek.jp/search.cgi?category_id=national&feed=1,ok,,社会
2026-08-06,2026-08-06T07:02:03.956142+09:00,その他メディア,,日刊ゲンダイ,堤清二が見た昭和の傑物たち...吉田茂元首相は「あんたの親父さんが死んでホッとしたよ」と口にした,https://www.nikkan-gendai.com/articles/view/news/391312,https://news.ceek.jp/search.cgi?category_id=national&feed=1,ok,,社会
2026-08-06,2026-08-06T07:02:03.956142+09:00,その他メディア,,週刊女性PRIME,高市早苗首相、消費税減税・物価高対策を後回しで支持率急落、V字回復への目玉人事は国民民主・玉木雄一郎との連携か,https://www.jprime.jp/articles/-/42912,https://news.ceek.jp/search.cgi?category_id=national&feed=1,ok,,社会
2026-08-06,2026-08-06T07:02:03.956142+09:00,その他メディア,,現代ビジネス,【大阪万博で独占受注のバス会社】「EVモーターズ・ジャパン」の事業譲受をする企業が現れた...「不具合連発のEVバス会社」を支援するワケ,https://gendai.media/articles/-/169943,https://news.ceek.jp/search.cgi?category_id=national&feed=1,ok,,社会
2026-08-06,2026-08-06T07:02:03.956142+09:00,その他メディア,,日刊ゲンダイ,"被災地を踏み台に...確かにビンビン「伝わる」高市首相の人気取り “政治の師""は激励に駆けずり回るハード視察",https://www.nikkan-gendai.com/articles/view/news/391367,https://news.ceek.jp/search.cgi?category_id=national&feed=1,ok,,社会
2026-08-06,2026-08-06T07:02:03.956142+09:00,その他メディア,,フジテレビ,3月に配属されたばかり...20代の女性白バイ隊員が鈴鹿サーキットで訓練走行中に転倒 頭などを強く打ち重傷,https://www.fnn.jp/articles/-/1089583,https://news.ceek.jp/search.cgi?category_id=national&feed=1,ok,,社会
2026-08-06,2026-08-06T07:02:03.956142+09:00,その他メディア,,テレビ朝日,寺が子どもたちを受け入れ 井戸水でプールも用意 熊本,https://news.tv-asahi.co.jp/news_society/articles/000524446.html,https://news.ceek.jp/search.cgi?category_id=national&feed=1,ok,,社会
2026-08-06,2026-08-06T07:02:03.956142+09:00,その他メディア,,テレビ朝日,大型フェリーで入浴支援を開始 船上で内科診療や熱中症治療なども,https://news.tv-asahi.co.jp/news_society/articles/000524447.html,https://news.ceek.jp/search.cgi?category_id=national&feed=1,ok,,社会
2026-08-06,2026-08-06T07:02:03.956142+09:00,その他メディア,,テレビ朝日,熊本地震 煙突倒壊で9人死亡の日本製紙 事故後初の会見 遺族に謝罪,https://news.tv-asahi.co.jp/news_society/articles/000524448.html,https://news.ceek.jp/search.cgi?category_id=national&feed=1,ok,,社会
2026-08-06,2026-08-06T07:02:03.956142+09:00,その他メディア,,フジテレビ,【児童虐待】10代の娘の頭を拳で殴りケガ負わす...41歳の母親を傷害容疑で逮捕「枕で叩いたが素手では殴っていない」_娘が自ら「暴力振るわれた」と110番<北海道帯広市>,https://www.fnn.jp/articles/-/1089582,https://news.ceek.jp/search.cgi?category_id=national&feed=1,ok,,社会
2026-08-06,2026-08-06T07:02:03.956142+09:00,その他メディア,,テレビ朝日,広島 81回目の「原爆の日」 過去最多の国・地域が参列予定 「争いのない世界を願う」,https://news.tv-asahi.co.jp/news_society/articles/000524449.html,https://news.ceek.jp/search.cgi?category_id=national&feed=1,ok,,社会
2026-08-06,2026-08-06T07:02:03.956142+09:00,その他メディア,,スポニチ,高市首相の熊本視察動画に批判相次ぐ 「災害の政治利用だ」「政権PR動画」,https://www.sponichi.co.jp/society/news/2026/08/06/kiji/20260806s00042000035000c.html,https://news.ceek.jp/search.cgi?category_id=national&feed=1,ok,,社会
2026-08-06,2026-08-06T07:02:03.956142+09:00,その他メディア,,フジテレビ,曽我さん親子拉致から48年 母・ミヨシさんは帰国果たせぬまま94歳に 早期救出願いパネル展開催「若い人に見てもらいたい」新潟,https://www.fnn.jp/articles/-/1089581,https://news.ceek.jp/search.cgi?category_id=national&feed=1,ok,,社会
2026-08-06,2026-08-06T07:02:03.956142+09:00,その他メディア,,スポニチ,自民 河野洋平氏の党葬開催 太郎氏「楽しく、いい人生だった」,https://www.sponichi.co.jp/society/news/2026/08/06/kiji/20260806s00042000031000c.html,https://news.ceek.jp/search.cgi?category_id=national&feed=1,ok,,社会
2026-08-06,2026-08-06T07:02:03.956142+09:00,その他メディア,,スポニチ,「イオンモール熊本」の爆発 LPガスの可能性が高い 経産省が公表 配管損傷、漏れたガスに着火か,https://www.sponichi.co.jp/society/news/2026/08/06/kiji/20260806s00042000025000c.html,https://news.ceek.jp/search.cgi?category_id=national&feed=1,ok,,社会
2026-08-06,2026-08-06T07:02:03.956142+09:00,その他メディア,,スポニチ,被害総額計約3460万円 訪問介護先で金貨窃盗か 24歳介護職員逮捕「判断能力低下の高齢者狙った」,https://www.sponichi.co.jp/society/news/2026/08/06/kiji/20260806s00042000037000c.html,https://news.ceek.jp/search.cgi?category_id=national&feed=1,ok,,社会
2026-08-06,2026-08-06T07:02:03.956142+09:00,その他メディア,,スポニチ,夫の弟を蹴って死亡させた疑い 41歳無職女逮捕,https://www.sponichi.co.jp/society/news/2026/08/06/kiji/20260806s00042000033000c.html,https://news.ceek.jp/search.cgi?category_id=national&feed=1,ok,,社会
2026-08-06,2026-08-06T07:02:03.956142+09:00,その他メディア,,デイリー新潮,"「首相として決めたのであれば反対はしない」は“麻生副総裁""の本心か? 高市首相とのパワーバランスを左右する「幹事長人事」と「消費税減税」という関門",https://www.dailyshincho.jp/article/2026/08060507/?all=1,https://news.ceek.jp/search.cgi?category_id=national&feed=1,ok,,社会
2026-08-06,2026-08-06T07:02:03.956142+09:00,その他メディア,,デイリー新潮,"麻生太郎氏は「現代の藤原道長」か...皇室典範改正のウラで消えた“べらんめえ""調の麻生節 高市首相を「よく頑張っている」と評するのは本音か建て前か",https://www.dailyshincho.jp/article/2026/08060506/?all=1,https://news.ceek.jp/search.cgi?category_id=national&feed=1,ok,,社会
2026-08-06,2026-08-06T07:02:03.956142+09:00,その他メディア,,デイリー新潮,「赤沢さんの能力の高さは明らかだった」 石破茂前首相が明かした「トランプ関税」交渉秘話,https://www.dailyshincho.jp/article/2026/08060504/?all=1,https://news.ceek.jp/search.cgi?category_id=national&feed=1,ok,,社会
2026-08-06,2026-08-06T07:02:03.956142+09:00,その他メディア,,デイリー新潮,被爆「原爆乙女」25人の渡米治療に尽力...「なぜ」を問われた米国人ジャーナリストの回答「心中の願いに従って最善の努力を」,https://www.dailyshincho.jp/article/2026/08060503/?all=1,https://news.ceek.jp/search.cgi?category_id=national&feed=1,ok,,社会
2026-08-06,2026-08-06T07:02:03.956142+09:00,その他メディア,,デイリー新潮,手術と治療のため米国に招かれた「原爆乙女」25人 昭和の終わりに吐露した心情「人間万事塞翁が馬」「受けたものでないと分からない苦しみ」,https://www.dailyshincho.jp/article/2026/08060502/?all=1,https://news.ceek.jp/search.cgi?category_id=national&feed=1,ok,,社会
2026-08-06,2026-08-06T07:02:03.956142+09:00,全国紙,全国,日本経済新聞,ストーカーにGPS装着、犯行抑止につながるか 動画でクイック解説,https://www.nikkei.com/article/DGXZQOFH3024G0Q6A730C2000000/,https://news.ceek.jp/search.cgi?category_id=national&feed=1,ok,,社会
2026-08-06,2026-08-06T07:02:03.956142+09:00,全国紙,全国,日本経済新聞,核兵器関連企業への投融資、3割増の1兆ドルに ウクライナ侵略が転機,https://www.nikkei.com/article/DGXZQOUF121P50S6A710C2000000/,https://news.ceek.jp/search.cgi?category_id=national&feed=1,ok,,社会
2026-08-06,2026-08-06T07:02:03.956142+09:00,全国紙,全国,読売新聞,追加負担 がん患者対象外 OTC類似薬 難病、通年処方も,https://www.yomiuri.co.jp/medical/20260806-GYT1T00052/,https://news.ceek.jp/search.cgi?category_id=national&feed=1,ok,,社会
2026-08-06,2026-08-06T07:02:03.956142+09:00,その他メディア,,フジテレビ,"「テレビドラマのように“手だけ""を狙って撃つことは現実には難しい」 “刃物男""に警察官が発砲しその後死亡 発砲は正当だったのか 元兵庫県警刑事部長が解説",https://www.fnn.jp/articles/-/1089578,https://news.ceek.jp/search.cgi?category_id=national&feed=1,ok,,社会
2026-08-06,2026-08-06T07:02:03.956142+09:00,その他メディア,,WEDGE Infinity,「生活習慣病」という呼称が消えるかもしれない理由...「自己責任論批判」の向かう先、医療の社会的責任とは何か?,https://wedge.ismedia.jp/articles/-/40933,https://news.ceek.jp/search.cgi?category_id=national&feed=1,ok,,社会
2026-08-06,2026-08-06T07:02:03.956142+09:00,全国紙,全国,読売新聞,[ロッキード事件50年]<5>識者に聞く,https://www.yomiuri.co.jp/national/20260805-GYT1T00523/,https://news.ceek.jp/search.cgi?category_id=national&feed=1,ok,,社会
2026-08-06,2026-08-06T07:02:03.956142+09:00,全国紙,全国,読売新聞,震度7観測の宇城市、熊本南病院で生きた「10年前の教訓」...素早い連携で患者115人を「病院間搬送」,https://www.yomiuri.co.jp/national/20260805-GYT1T00500/,https://news.ceek.jp/search.cgi?category_id=national&feed=1,ok,,社会
2026-08-06,2026-08-06T07:02:03.956142+09:00,全国紙,全国,読売新聞,[医療ルネサンス]糖尿病とがん<6>がん治療中 血糖管理も,https://www.yomiuri.co.jp/medical/renaissance/20260805-GYT8T00162/,https://news.ceek.jp/search.cgi?category_id=national&feed=1,ok,,社会
2026-08-06,2026-08-06T07:02:03.956142+09:00,全国紙,全国,日本経済新聞,妻子よ、相続でもめないで! 「デジタル遺言」記者が作ってみた,https://www.nikkei.com/article/DGXZQOUD026HZ0S6A700C2000000/,https://news.ceek.jp/search.cgi?category_id=national&feed=1,ok,,社会
2026-08-06,2026-08-06T07:02:03.956142+09:00,その他メディア,,サンケイスポーツ,8月10日は「ハットの日」! イエローハットなどの企業・団体が業種の垣根を越え、新テレビCMで大合唱,https://www.sanspo.com/article/20260806-X5QSVPAOUFPB5DKPA27XAHQGAM/,https://news.ceek.jp/search.cgi?category_id=national&feed=1,ok,,社会
2026-08-06,2026-08-06T07:02:03.956142+09:00,その他メディア,,フジテレビ,熊本県で最大震度1の地震 熊本県・八代市、氷川町,https://www.fnn.jp/articles/-/1089519,https://news.ceek.jp/search.cgi?category_id=national&feed=1,ok,,社会
2026-08-06,2026-08-06T07:02:03.956142+09:00,その他メディア,,フジテレビ,【台風情報】トリプル台風の影響は? 13号接近の沖縄で大雨警戒 15号で関東などは海のレジャーに影響か うねりに注意 海水浴では離岸流に注意,https://www.fnn.jp/articles/-/1089481,https://news.ceek.jp/search.cgi?category_id=national&feed=1,ok,,社会
2026-08-06,2026-08-06T07:02:03.956142+09:00,その他メディア,,フジテレビ,熊本県で最大震度1の地震 熊本県・宇土市、宇城市,https://www.fnn.jp/articles/-/1089518,https://news.ceek.jp/search.cgi?category_id=national&feed=1,ok,,社会
2026-08-06,2026-08-06T07:02:03.956142+09:00,その他メディア,,共同通信,核使用容認に危機感、廃絶を訴え 広島原爆81年、平和式典,https://www.47news.jp/14746665.html,https://news.ceek.jp/search.cgi?category_id=national&feed=1,ok,,社会
2026-08-06,2026-08-06T07:02:03.956142+09:00,その他メディア,,デイリースポーツ,核使用容認に危機感、廃絶を訴え,https://www.daily.co.jp/society/main/2026/08/06/0020674819.shtml,https://news.ceek.jp/search.cgi?category_id=national&feed=1,ok,,社会
2026-08-06,2026-08-06T07:02:03.956142+09:00,その他メディア,,フジテレビ,熊本県で最大震度2の地震 熊本県・芦北町,https://www.fnn.jp/articles/-/1089517,https://news.ceek.jp/search.cgi?category_id=national&feed=1,ok,,社会
2026-08-06,2026-08-06T07:02:03.956142+09:00,その他メディア,,デイリースポーツ,保健師らが在宅避難者巡回、熊本,https://www.daily.co.jp/society/national/2026/08/06/0020674807.shtml,https://news.ceek.jp/search.cgi?category_id=national&feed=1,ok,,社会
2026-08-06,2026-08-06T07:02:03.956142+09:00,その他メディア,,共同通信,保健師らが在宅避難者巡回、熊本 健康状態や支援ニーズを聞き取り,https://www.47news.jp/14746653.html,https://news.ceek.jp/search.cgi?category_id=national&feed=1,ok,,社会
2026-08-06,2026-08-06T07:02:03.956142+09:00,その他メディア,,デイリースポーツ,避難所の公立中学校に仮設浴場,https://www.daily.co.jp/society/national/2026/08/06/0020674799.shtml,https://news.ceek.jp/search.cgi?category_id=national&feed=1,ok,,社会
2026-08-06,2026-08-06T07:02:03.956142+09:00,その他メディア,,共同通信,避難所の公立中学校に仮設浴場 プールの水を温めて活用、熊本,https://www.47news.jp/14746650.html,https://news.ceek.jp/search.cgi?category_id=national&feed=1,ok,,社会
2026-08-06,2026-08-06T07:02:03.956142+09:00,その他メディア,,共同通信,農業インフラの被害2千カ所に 熊本地震、水路やため池で深刻,https://www.47news.jp/14746647.html,https://news.ceek.jp/search.cgi?category_id=national&feed=1,ok,,社会
2026-08-06,2026-08-06T07:02:03.956142+09:00,その他メディア,,デイリースポーツ,農業インフラの被害2千カ所に,https://www.daily.co.jp/society/main/2026/08/06/0020674795.shtml,https://news.ceek.jp/search.cgi?category_id=national&feed=1,ok,,社会
2026-08-06,2026-08-06T07:02:03.956142+09:00,その他メディア,,TBSテレビ,「酒は抜けていると思った...」飲酒運転で高速道路上の作業車など3台に相次ぎ衝突...男性3人にけがをさせたか 40代男を現行犯逮捕,https://newsdig.tbs.co.jp/articles/-/2854599?display=1,https://news.ceek.jp/search.cgi?category_id=national&feed=1,ok,,社会
2026-08-06,2026-08-06T07:02:03.956142+09:00,全国紙,全国,日本経済新聞,熊本地震、全国自治体が700人派遣 被災地分担「対口支援」で迅速に,https://www.nikkei.com/article/DGXZQOJC041TC0U6A800C2000000/,https://news.ceek.jp/search.cgi?category_id=national&feed=1,ok,,社会
2026-08-06,2026-08-06T07:02:03.956142+09:00,その他メディア,,Abema TIMES,"ボランティア活動“本格化""も...“見えない避難者""も 全容つかめず 7000人超が避難",https://times.abema.tv/articles/-/10265618?page=1,https://news.ceek.jp/search.cgi?category_id=national&feed=1,ok,,社会
2026-08-06,2026-08-06T07:02:03.956142+09:00,その他メディア,,テレビ朝日,"ボランティア活動“本格化""も...“見えない避難者""も 全容つかめず 7000人超が避難",https://news.tv-asahi.co.jp/news_society/articles/900196573.html,https://news.ceek.jp/search.cgi?category_id=national&feed=1,ok,,社会
2026-08-06,2026-08-06T07:02:03.956142+09:00,その他メディア,,フジテレビ,熊本県で最大震度1の地震 熊本県・上天草市,https://www.fnn.jp/articles/-/1089510,https://news.ceek.jp/search.cgi?category_id=national&feed=1,ok,,社会
2026-08-06,2026-08-06T07:02:03.956142+09:00,その他メディア,,TBSテレビ,"【広島原爆の日“あの夏""の少女たち】最期の日記「きょうは良い日でした」と綴った亡き友へ...“同級生223人全滅""残された少女の葛藤【news23】",https://newsdig.tbs.co.jp/articles/-/2854580?display=1,https://news.ceek.jp/search.cgi?category_id=national&feed=1,ok,,社会
2026-08-06,2026-08-06T07:02:03.956142+09:00,その他メディア,,TBSテレビ,台風13号による高波の影響で西湘バイパスと熱海ビーチラインで通行止めが発生,https://newsdig.tbs.co.jp/articles/-/2854579?display=1,https://news.ceek.jp/search.cgi?category_id=national&feed=1,ok,,社会
2026-08-06,2026-08-06T07:02:03.956142+09:00,その他メディア,,Abema TIMES,"被害後の対応も「不適切」NHK謝罪 NHK職員が出演者から“性被害""",https://times.abema.tv/articles/-/10265615?page=1,https://news.ceek.jp/search.cgi?category_id=national&feed=1,ok,,社会
2026-08-06,2026-08-06T07:02:03.956142+09:00,その他メディア,,Abema TIMES,"10年前に補強も...“煙突倒壊""建屋に直撃 9人死亡の日本製紙が初めて会見",https://times.abema.tv/articles/-/10265616?page=1,https://news.ceek.jp/search.cgi?category_id=national&feed=1,ok,,社会
2026-08-06,2026-08-06T07:02:03.956142+09:00,その他メディア,,Abema TIMES,"今月末を目標も...“予定の倍""時間要する復旧工事 4万4000戸で断水続く八代市",https://times.abema.tv/articles/-/10265617?page=1,https://news.ceek.jp/search.cgi?category_id=national&feed=1,ok,,社会
2026-08-06,2026-08-06T07:02:03.956142+09:00,その他メディア,,東京スポーツ新聞,八幡愛氏 れいわ副代表就任を報告「誰もが生きていて良かったと思える社会を絶対に諦めません」,https://www.tokyo-sports.co.jp/articles/-/398426,https://news.ceek.jp/search.cgi?category_id=national&feed=1,ok,,社会
2026-08-06,2026-08-06T07:02:03.956142+09:00,その他メディア,,TBSテレビ,「3回にわたり犯行」ジャングルポケット元メンバー・斉藤慎二被告に懲役7年求刑 これまで「同意があると思った」主張 弁護側は改めて無罪主張,https://newsdig.tbs.co.jp/articles/-/2854572?display=1,https://news.ceek.jp/search.cgi?category_id=national&feed=1,ok,,社会
2026-08-06,2026-08-06T07:02:03.956142+09:00,その他メディア,,TBSテレビ,トランプ関税 約16兆円の還付手続きが完了 徴収総額の6割に相当,https://newsdig.tbs.co.jp/articles/-/2854662?display=1,https://news.ceek.jp/search.cgi?category_id=world&feed=1,ok,,国際
2026-08-06,2026-08-06T07:02:03.956142+09:00,その他メディア,,ブラジル日報,BEGIN来伯、沖縄の絆響く=文協に1200人、会場総立ち=歌でつないだ移民100年の思い,https://brasilnippou.com/ja/articles/260806-142colonia,https://news.ceek.jp/search.cgi?category_id=world&feed=1,ok,,国際
2026-08-06,2026-08-06T07:02:03.956142+09:00,その他メディア,,ブラジル日報,沖縄県人会100周年=文協大講堂満杯で盛大に祝う=演劇『継承』で移民史振り返る=「ゆいまーる」精神継承誓う,https://brasilnippou.com/ja/articles/260806-141colonia,https://news.ceek.jp/search.cgi?category_id=world&feed=1,ok,,国際
2026-08-06,2026-08-06T07:02:03.956142+09:00,その他メディア,,ポストセブン,《金髪モデルが恋人を刺殺》公判目前に4年越し急展開...「DV被害者」は本当だったのか【米・フロリダ】,https://www.news-postseven.com/archives/20260806_2124765.html,https://news.ceek.jp/search.cgi?category_id=world&feed=1,ok,,国際
2026-08-06,2026-08-06T07:02:03.956142+09:00,その他メディア,,Forbes JAPAN,世界の原子力発電量が25年に過去最多に 中国が単独でけん引,https://forbesjapan.com/articles/detail/102339,https://news.ceek.jp/search.cgi?category_id=world&feed=1,ok,,国際
2026-08-06,2026-08-06T07:02:03.956142+09:00,その他メディア,,デイリースポーツ,米政府、新たな核戦略を策定か,https://www.daily.co.jp/society/world/2026/08/06/0020674963.shtml,https://news.ceek.jp/search.cgi?category_id=world&feed=1,ok,,国際
2026-08-06,2026-08-06T07:02:03.956142+09:00,全国紙,全国,産経新聞,ミャンマー親軍政権トップがタイ訪問 ASEAN会議復帰へ連携、仲介役として後押し,https://www.sankei.com/article/20260806-SQT57OO2AROYPNAISK7P7DSW2A/,https://news.ceek.jp/search.cgi?category_id=world&feed=1,ok,,国際
2026-08-06,2026-08-06T07:02:03.956142+09:00,全国紙,全国,産経新聞,イラン死刑増加に懸念 「国民に恐怖、反対意見を抑圧」国連人権高等弁務官、執行停止要求,https://www.sankei.com/article/20260806-NRT4J5MKMZPHPPQLBYBHYKWWXY/,https://news.ceek.jp/search.cgi?category_id=world&feed=1,ok,,国際
2026-08-06,2026-08-06T07:02:03.956142+09:00,その他メディア,,フジテレビ,イラン外務省「ホルムズ海峡めぐる交渉は最終段階」開放にはアメリカの「敵対行為」排除が必要とも強調,https://www.fnn.jp/articles/-/1089596,https://news.ceek.jp/search.cgi?category_id=world&feed=1,ok,,国際
2026-08-06,2026-08-06T07:02:03.956142+09:00,全国紙,全国,産経新聞,ホルムズ海峡「新航路」最終段階 イランとオマーンの共同声明検討、米に港湾封鎖解除要求,https://www.sankei.com/article/20260806-BEMYSAI2OJNIHKJQYCLB7OVT24/,https://news.ceek.jp/search.cgi?category_id=world&feed=1,ok,,国際
2026-08-06,2026-08-06T07:02:03.956142+09:00,全国紙,全国,産経新聞,米民主党が重要ミシガン州に急進左派 11月の中間選挙、共和党「最も過激な候補」と攻撃,https://www.sankei.com/article/20260806-S3NKF25KYRNDJFCFFU6AMVWMAY/,https://news.ceek.jp/search.cgi?category_id=world&feed=1,ok,,国際
2026-08-06,2026-08-06T07:02:03.956142+09:00,その他メディア,,VIETJO,27年テト休暇は7連休か10連休、26年文化の日は最大4連休案,https://www.viet-jo.com/news/social/260805200332.html,https://news.ceek.jp/search.cgi?category_id=world&feed=1,ok,,国際
2026-08-06,2026-08-06T07:02:03.956142+09:00,その他メディア,,TBSテレビ,イスラエル軍がレバノン南部で攻撃 13人死傷 和平協議への影響懸念,https://newsdig.tbs.co.jp/articles/-/2854648?display=1,https://news.ceek.jp/search.cgi?category_id=world&feed=1,ok,,国際
2026-08-06,2026-08-06T07:02:03.956142+09:00,その他メディア,,TBSテレビ,ホルムズ海峡に「新航路」設定へ イラン外務省「オマーンとの協議は最終段階」 最高指導者モジタバ師の承認待ち,https://newsdig.tbs.co.jp/articles/-/2854642?display=1,https://news.ceek.jp/search.cgi?category_id=world&feed=1,ok,,国際
2026-08-06,2026-08-06T07:02:03.956142+09:00,その他メディア,,VIETJO,高校卒業試験不正、328人の結果取り消し・全科目再試験へ,https://www.viet-jo.com/news/social/260805185049.html,https://news.ceek.jp/search.cgi?category_id=world&feed=1,ok,,国際
2026-08-06,2026-08-06T07:02:03.956142+09:00,全国紙,全国,日本経済新聞,米独禁当局、議決権助言事業 ISSとグラスルイスが「独占」と懸念,https://www.nikkei.com/article/DGXZQOGN05BVM0V00C26A8000000/,https://news.ceek.jp/search.cgi?category_id=world&feed=1,ok,,国際
2026-08-06,2026-08-06T07:02:03.956142+09:00,全国紙,全国,日本経済新聞,イラン大統領、モジタバ師との連絡「非常に困難」 就任から姿見せず,https://www.nikkei.com/article/DGXZQOGR0600T0W6A800C2000000/,https://news.ceek.jp/search.cgi?category_id=world&feed=1,ok,,国際
2026-08-06,2026-08-06T07:02:03.956142+09:00,その他メディア,,JBpress,米議会が国防総省に「韓国における中国の悪意ある影響力工作」の調査指示、米中間で揺れる李在明政権を猛烈牽制,https://jbpress.ismedia.jp/articles/-/96313,https://news.ceek.jp/search.cgi?category_id=world&feed=1,ok,,国際
2026-08-06,2026-08-06T07:02:03.956142+09:00,その他メディア,,JBpress,韓国、「AI・半導体」依存症で始まる社会崩壊?株価暴落で政府も庶民も「一発逆転の夢」吹き飛んだか,https://jbpress.ismedia.jp/articles/-/96312,https://news.ceek.jp/search.cgi?category_id=world&feed=1,ok,,国際
2026-08-06,2026-08-06T07:02:03.956142+09:00,その他メディア,,JBpress,ウクライナ戦争の構図が変わり始めた、ロシア深部を揺さぶる長距離ドローンによる「戦略攻撃」とプーチンの誤算,https://jbpress.ismedia.jp/articles/-/96302,https://news.ceek.jp/search.cgi?category_id=world&feed=1,ok,,国際
2026-08-06,2026-08-06T07:02:03.956142+09:00,その他メディア,,JBpress,トランプ大統領がイランへの大規模攻撃に踏み切れない二つの制約、迎撃ミサイル不足と原油高の現実【著者に聞く】『なぜ米国はイランに負けたのか』の齊藤貢が語る、米軍の弱点と能力の限界,https://jbpress.ismedia.jp/articles/-/96299,https://news.ceek.jp/search.cgi?category_id=world&feed=1,ok,,国際
2026-08-06,2026-08-06T07:02:03.956142+09:00,その他メディア,,JBpress,英国経済は「第2次チャイナ・ショック」の影響をどの程度受けるのか?,https://jbpress.ismedia.jp/articles/-/96296,https://news.ceek.jp/search.cgi?category_id=world&feed=1,ok,,国際
2026-08-06,2026-08-06T07:02:03.956142+09:00,その他メディア,,現代ビジネス,自殺者が出て、540兆円が一夜で消えた...習近平主席の「祟られた誕生日」が恐ろしすぎる,https://gendai.media/articles/-/169704,https://news.ceek.jp/search.cgi?category_id=world&feed=1,ok,,国際
2026-08-06,2026-08-06T07:02:03.956142+09:00,その他メディア,,現代ビジネス,"「プーチンが日本をスパイの巣窟に」報道で世界も注目...国家情報局設置で“スパイ天国""の汚名返上できるのか",https://gendai.media/articles/-/169700,https://news.ceek.jp/search.cgi?category_id=world&feed=1,ok,,国際
2026-08-06,2026-08-06T07:02:03.956142+09:00,全国紙,全国,日本経済新聞,イラン外務省「オマーンと合意近い」 ホルムズ開放とは無関係と主張,https://www.nikkei.com/article/DGXZQOGR05BW20V00C26A8000000/,https://news.ceek.jp/search.cgi?category_id=world&feed=1,ok,,国際
2026-08-06,2026-08-06T07:02:03.956142+09:00,その他メディア,,デイリースポーツ,北朝鮮、ロシアにミサイル40発,https://www.daily.co.jp/society/world/2026/08/06/0020674920.shtml,https://news.ceek.jp/search.cgi?category_id=world&feed=1,ok,,国際
2026-08-06,2026-08-06T07:02:03.956142+09:00,その他メディア,,VIETJO,26年7月ベトジョー記事アクセス数ランキング,https://www.viet-jo.com/news/life/260804184126.html,https://news.ceek.jp/search.cgi?category_id=world&feed=1,ok,,国際
2026-08-06,2026-08-06T07:02:03.956142+09:00,その他メディア,,VIETJO,26年7月ベトジョー記事10選:4~6月GDP成長率+8.39%など,https://www.viet-jo.com/news/life/260804173001.html,https://news.ceek.jp/search.cgi?category_id=world&feed=1,ok,,国際
2026-08-06,2026-08-06T07:02:03.956142+09:00,全国紙,全国,日本経済新聞,「米国はバラ色ではない」広がる急進左派の波 既存政治に失望感,https://www.nikkei.com/article/DGXZQOGN29CSY0Z20C26A7000000/,https://news.ceek.jp/search.cgi?category_id=world&feed=1,ok,,国際
2026-08-06,2026-08-06T07:02:03.956142+09:00,その他メディア,,デイリー新潮,"遂に「トランプ氏」最低支持率でも中間選挙は接戦予想...分断進む米社会、「MAGA」「民主社会主義」の共通点は“政策理解に乏しい支持者""か",https://www.dailyshincho.jp/article/2026/08060505/?all=1,https://news.ceek.jp/search.cgi?category_id=world&feed=1,ok,,国際
2026-08-06,2026-08-06T07:02:03.956142+09:00,その他メディア,,デイリー新潮,"「プーチンの戦争を日本製品が支えている」「パートナー企業が日本に」米紙が報じた“スパイ天国""の実態",https://www.dailyshincho.jp/article/2026/08060501/?all=1,https://news.ceek.jp/search.cgi?category_id=world&feed=1,ok,,国際
2026-08-06,2026-08-06T07:02:03.956142+09:00,全国紙,全国,日本経済新聞,韓国環境相、「石油国家から電気国家」へ転換 AI時代に先手,https://www.nikkei.com/article/DGXZQOCB05BBI0V00C26A8000000/,https://news.ceek.jp/search.cgi?category_id=world&feed=1,ok,,国際
2026-08-06,2026-08-06T07:02:03.956142+09:00,全国紙,全国,読売新聞,イラン「大統領が辞表」否定 動画拡散 モジタバ師に提出説,https://www.yomiuri.co.jp/world/20260806-GYT1T00072/,https://news.ceek.jp/search.cgi?category_id=world&feed=1,ok,,国際
2026-08-06,2026-08-06T07:02:03.956142+09:00,全国紙,全国,読売新聞,政権批判で出国 資産凍結...露で法成立 締め付け強化,https://www.yomiuri.co.jp/world/20260806-GYT1T00071/,https://news.ceek.jp/search.cgi?category_id=world&feed=1,ok,,国際
2026-08-06,2026-08-06T07:02:03.956142+09:00,全国紙,全国,日本経済新聞,米台パソコン大手、中国CXMT半導体採用 米国向け除く,https://www.nikkei.com/article/DGXZQOCB04B2Q0U6A800C2000000/,https://news.ceek.jp/search.cgi?category_id=world&feed=1,ok,,国際
2026-08-06,2026-08-06T07:02:03.956142+09:00,全国紙,全国,日本経済新聞,韓国が石炭火力のアンモニア混焼中止、環境相表明 日本の調達に逆風,https://www.nikkei.com/article/DGXZQOGM297Y00Z20C26A7000000/,https://news.ceek.jp/search.cgi?category_id=world&feed=1,ok,,国際
2026-08-06,2026-08-06T07:02:03.956142+09:00,全国紙,全国,読売新聞,[米中間選挙2026]民主 左派色強まる ミシガン予備選 急進派支援 当確,https://www.yomiuri.co.jp/world/20260806-GYT1T00057/,https://news.ceek.jp/search.cgi?category_id=world&feed=1,ok,,国際
2026-08-06,2026-08-06T07:02:03.956142+09:00,その他メディア,,WEDGE Infinity,早朝5時からキャラ弁作りなんてあり得ない......中国のお母さんが「なぜ日本人はそんなにがんばるの?」と不思議に思う理由,https://wedge.ismedia.jp/articles/-/40895,https://news.ceek.jp/search.cgi?category_id=world&feed=1,ok,,国際
2026-08-06,2026-08-06T07:02:03.956142+09:00,全国紙,全国,読売新聞,[米中間選挙2026]「民主 変革必要」 ミシガン予備選 急進左派 激戦州でも勢い,https://www.yomiuri.co.jp/world/20260806-GYT1T00061/,https://news.ceek.jp/search.cgi?category_id=world&feed=1,ok,,国際
2026-08-06,2026-08-06T07:02:03.956142+09:00,全国紙,全国,日本経済新聞,ウクライナ復興、生かしたい日本との絆 武道や災害学ぶ,https://www.nikkei.com/article/DGXZQOCB31ALX0R30C26A7000000/,https://news.ceek.jp/search.cgi?category_id=world&feed=1,ok,,国際
2026-08-06,2026-08-06T07:02:03.956142+09:00,その他メディア,,VIETJO,ダナン市と配車グラブが提携、アプリでOCOP・特産品販売へ,https://www.viet-jo.com/news/economy/260805144816.html,https://news.ceek.jp/search.cgi?category_id=world&feed=1,ok,,国際
2026-08-06,2026-08-06T07:02:03.956142+09:00,全国紙,全国,日本経済新聞,米政府、タングステン再生材など輸出禁止へ 日本にも影響,https://www.nikkei.com/article/DGXZQOGN05BJE0V00C26A8000000/,https://news.ceek.jp/search.cgi?category_id=world&feed=1,ok,,国際
2026-08-06,2026-08-06T07:02:03.956142+09:00,その他メディア,,TBSテレビ,中国がドローンなどの対米輸出規制を強化 アメリカの貿易規制に対抗,https://newsdig.tbs.co.jp/articles/-/2854619?display=1,https://news.ceek.jp/search.cgi?category_id=world&feed=1,ok,,国際
2026-08-06,2026-08-06T07:02:03.956142+09:00,その他メディア,,テレビ朝日,イスラエル軍 レバノン南部に精密攻撃で13人死傷 和平協議の中ヒズボラを標的,https://news.tv-asahi.co.jp/news_international/articles/000524450.html,https://news.ceek.jp/search.cgi?category_id=world&feed=1,ok,,国際
2026-08-06,2026-08-06T07:02:03.956142+09:00,その他メディア,,VIETJO,「ザ・ココア・プロジェクト」、実店舗2店を閉店 製造販売は継続,https://www.viet-jo.com/news/economy/260805133835.html,https://news.ceek.jp/search.cgi?category_id=world&feed=1,ok,,国際
2026-08-06,2026-08-06T07:02:03.956142+09:00,その他メディア,,共同通信,イラン、新航路合意「最終段階」 米に港湾封鎖の解除を要求,https://www.47news.jp/14746686.html,https://news.ceek.jp/search.cgi?category_id=world&feed=1,ok,,国際
2026-08-06,2026-08-06T07:02:03.956142+09:00,その他メディア,,デイリースポーツ,イラン、新航路合意「最終段階」,https://www.daily.co.jp/society/world/2026/08/06/0020674824.shtml,https://news.ceek.jp/search.cgi?category_id=world&feed=1,ok,,国際
2026-08-06,2026-08-06T07:02:03.956142+09:00,その他メディア,,VIETJO,VSIP、クアンニン省に新工業団地を建設へ 29年稼働開始,https://www.viet-jo.com/news/economy/260805153824.html,https://news.ceek.jp/search.cgi?category_id=world&feed=1,ok,,国際
2026-08-06,2026-08-06T07:02:03.956142+09:00,その他メディア,,デイリースポーツ,イランの死刑増加に懸念表明,https://www.daily.co.jp/society/world/2026/08/06/0020674788.shtml,https://news.ceek.jp/search.cgi?category_id=world&feed=1,ok,,国際
2026-08-06,2026-08-06T07:02:03.956142+09:00,その他メディア,,共同通信,イランの死刑増加に懸念表明 国連弁務官、執行停止を要求,https://www.47news.jp/14746642.html,https://news.ceek.jp/search.cgi?category_id=world&feed=1,ok,,国際
2026-08-06,2026-08-06T07:02:03.956142+09:00,全国紙,全国,日本経済新聞,米銀行のボーナス、今年は最大30%増 巨大IPOがけん引,https://www.nikkei.com/article/DGXZQOUB05BBJ0V00C26A8000000/,https://news.ceek.jp/search.cgi?category_id=world&feed=1,ok,,国際
2026-08-06,2026-08-06T07:02:03.956142+09:00,その他メディア,,フジテレビ,スペースXのロケット残骸、時速8690キロで月面に衝突か 深さ4mのクレーターできたか,https://www.fnn.jp/articles/-/1089516,https://news.ceek.jp/search.cgi?category_id=world&feed=1,ok,,国際
2026-08-06,2026-08-06T07:02:03.956142+09:00,その他メディア,,フジテレビ,ドイツ東部で貨物機が飛行物体と衝突、空港では爆発物搭載ドローンを発見 ウクライナ向け輸送機近くで,https://www.fnn.jp/articles/-/1089515,https://news.ceek.jp/search.cgi?category_id=world&feed=1,ok,,国際
2026-08-06,2026-08-06T07:02:03.956142+09:00,その他メディア,,フジテレビ,フーシ派がサウジ石油タンカー攻撃 紅海ヤンブー沖で インド船籍船舶の沈没も関与か,https://www.fnn.jp/articles/-/1089514,https://news.ceek.jp/search.cgi?category_id=world&feed=1,ok,,国際
2026-08-06,2026-08-06T07:02:03.956142+09:00,その他メディア,,アラブニュース,イラン、オマーンとホルムズ海峡の新たな航路で合意と発表,https://www.arabnews.jp/article/middle-east/article_183554/,https://news.ceek.jp/search.cgi?category_id=world&feed=1,ok,,国際
2026-08-06,2026-08-06T07:02:03.956142+09:00,その他メディア,,VIETJO,ノイバイ空港、配車アプリ車両などの乗車レーン見直し 苦情殺到で,https://www.viet-jo.com/news/social/260805192311.html,https://news.ceek.jp/search.cgi?category_id=world&feed=1,ok,,国際
2026-08-06,2026-08-06T07:02:03.956142+09:00,その他メディア,,フジテレビ,イギリス・ロンドン人気観光地で男性4人刺される 47歳女を逮捕,https://www.fnn.jp/articles/-/1089513,https://news.ceek.jp/search.cgi?category_id=world&feed=1,ok,,国際
2026-08-06,2026-08-06T07:02:03.956142+09:00,その他メディア,,フジテレビ,アメリカ民主党予備選、イスラム系急進左派が勝利 11月中間選挙の激戦区ミシガンで,https://www.fnn.jp/articles/-/1089512,https://news.ceek.jp/search.cgi?category_id=world&feed=1,ok,,国際
2026-08-06,2026-08-06T07:02:03.956142+09:00,その他メディア,,TBSテレビ,"「12月に帰国」国外逃亡のバングラデシュ前首相 政変後初めて公に発言 死刑判決受け“拘束も承知""",https://newsdig.tbs.co.jp/articles/-/2854593?display=1,https://news.ceek.jp/search.cgi?category_id=world&feed=1,ok,,国際
2026-08-06,2026-08-06T07:02:03.956142+09:00,全国紙,全国,日本経済新聞,中国・雲際航電、完全国産の航空電子システム コスト抑え欧米に挑む,https://www.nikkei.com/article/DGXZQOUC04BRA0U6A800C2000000/,https://news.ceek.jp/search.cgi?category_id=world&feed=1,ok,,国際
2026-08-06,2026-08-06T07:02:03.956142+09:00,その他メディア,,フジテレビ,ロシア軍がキーウや近郊に大規模攻撃、17人死亡 弾道ミサイル「1発も迎撃できず」,https://www.fnn.jp/articles/-/1089511,https://news.ceek.jp/search.cgi?category_id=world&feed=1,ok,,国際
2026-08-06,2026-08-06T07:02:03.956142+09:00,全国紙,全国,日本経済新聞,急進左派が激戦州ミシガンでも勝利 米中間選挙、上院の民主予備選で,https://www.nikkei.com/article/DGXZQOGN05BBS0V00C26A8000000/,https://news.ceek.jp/search.cgi?category_id=world&feed=1,ok,,国際
2026-08-06,2026-08-06T07:02:03.956142+09:00,全国紙,全国,日本経済新聞,米ISMサービス業景況感、7月0.1ポイント上昇 市場予想下回る,https://www.nikkei.com/article/DGXZQOGN05B4Y0V00C26A8000000/,https://news.ceek.jp/search.cgi?category_id=world&feed=1,ok,,国際
2026-08-06,2026-08-06T07:02:03.956142+09:00,その他メディア,,テレビ朝日,再封鎖のホルムズ海峡新航路で合意 オマーンと「共同声明を最終調整」とイラン外務省,https://news.tv-asahi.co.jp/news_international/articles/000524442.html,https://news.ceek.jp/search.cgi?category_id=world&feed=1,ok,,国際
2026-08-06,2026-08-06T07:02:03.956142+09:00,その他メディア,,アラブニュース,レバノン、イスラエルによる南部への空爆で死者1人、負傷者11人と発表,https://www.arabnews.jp/article/middle-east/article_183552/,https://news.ceek.jp/search.cgi?category_id=world&feed=1,ok,,国際
2026-08-06,2026-08-06T07:02:03.956142+09:00,その他メディア,,共同通信,【速報】ホルムズ巡る共同声明「最終段階」とイラン,https://www.47news.jp/14746552.html,https://news.ceek.jp/search.cgi?category_id=world&feed=1,ok,,国際
2026-08-06,2026-08-06T07:02:03.956142+09:00,その他メディア,,TBSテレビ,台湾最大級の軍事演習はじまる 市街地を戦車が走行 中国による侵攻などを想定,https://newsdig.tbs.co.jp/articles/-/2854573?display=1,https://news.ceek.jp/search.cgi?category_id=world&feed=1,ok,,国際
2026-08-06,2026-08-06T07:02:03.956142+09:00,全国紙,全国,日本経済新聞,中国が超富裕層の税金未納を追徴、財政不足を穴埋め FT報道,https://www.nikkei.com/article/DGXZQOGM05B680V00C26A8000000/,https://news.ceek.jp/search.cgi?category_id=world&feed=1,ok,,国際
2026-08-06,2026-08-06T07:02:03.956142+09:00,その他メディア,,テレビ朝日,「AIがIDを偽造 実在の人物を騙そうとした」ミュトス5など英政府の研究機関が報告,https://news.tv-asahi.co.jp/news_international/articles/000524440.html,https://news.ceek.jp/search.cgi?category_id=world&feed=1,ok,,国際
2026-08-06,2026-08-06T07:02:03.956142+09:00,全国紙,全国,読売新聞,[深層NEWS]中国共産党指導部は避暑地「北戴河」で夏季休暇、習近平氏の「情報収集の場に」...柯隆主席研究員,https://www.yomiuri.co.jp/world/20260805-GYT1T00440/,https://news.ceek.jp/search.cgi?category_id=world&feed=1,ok,,国際
2026-08-06,2026-08-06T07:02:03.956142+09:00,全国紙,全国,日本経済新聞,バングラデシュのハシナ前首相「国を正しい軌道へ」 12月に帰国方針,https://www.nikkei.com/article/DGXZQOGM05BD70V00C26A8000000/,https://news.ceek.jp/search.cgi?category_id=world&feed=1,ok,,国際
2026-08-06,2026-08-06T07:02:03.956142+09:00,その他メディア,,newsclip.be,タイのネットショップ業者、ECプラットフォームの不透明な手数料や不正注文を訴え,https://newsclip.be/thai-news/thai-economy/40323,https://news.ceek.jp/search.cgi?category_id=world&feed=1,ok,,国際
2026-08-06,2026-08-06T07:02:03.956142+09:00,その他メディア,,共同通信,ロシア軍、首都圏攻撃17人死亡 トヨタ販売店倉庫に被害,https://www.47news.jp/14743683.html,https://news.ceek.jp/search.cgi?category_id=world&feed=1,ok,,国際
2026-08-06,2026-08-06T07:02:03.956142+09:00,その他メディア,,newsclip.be,バンコク・スワンナプーム空港、中国人タレントの「過熱ファン騒動」で謝罪,https://newsclip.be/thai-news/thai-local/40317,https://news.ceek.jp/search.cgi?category_id=world&feed=1,ok,,国際
2026-08-06,2026-08-06T07:02:03.956142+09:00,その他メディア,,newsclip.be,タイ南部に猛毒クラゲ 13歳少年が刺されて死亡、友人らもけが,https://newsclip.be/thai-news/thai-local/40328,https://news.ceek.jp/search.cgi?category_id=world&feed=1,ok,,国際
2026-08-06,2026-08-06T07:02:03.956142+09:00,その他メディア,,デイリースポーツ,ロシア軍、首都圏攻撃17人死亡,https://www.daily.co.jp/society/world/2026/08/06/0020672146.shtml,https://news.ceek.jp/search.cgi?category_id=world&feed=1,ok,,国際
2026-08-06,2026-08-06T07:02:03.956142+09:00,その他メディア,,NNA ASIA,Sドル高継続見通し 金融政策に他国と差,https://www.nna.jp/news/2953335,https://news.ceek.jp/search.cgi?category_id=world&feed=1,ok,,国際
2026-08-06,2026-08-06T07:02:03.956142+09:00,その他メディア,,NNA ASIA,7月7日のタイ投資委員会認可事業(5件),https://www.nna.jp/news/2953337,https://news.ceek.jp/search.cgi?category_id=world&feed=1,ok,,国際
2026-08-06,2026-08-06T07:02:03.956142+09:00,その他メディア,,NNA ASIA,【JCC便り】2026年度第1回商社部会開催,https://www.nna.jp/news/2953132,https://news.ceek.jp/search.cgi?category_id=world&feed=1,ok,,国際
2026-08-06,2026-08-06T07:02:03.956142+09:00,その他メディア,,NNA ASIA,自動車整備マイカー売却、最終候補は投資2社,https://www.nna.jp/news/2953328,https://news.ceek.jp/search.cgi?category_id=world&feed=1,ok,,国際
2026-08-06,2026-08-06T07:02:03.956142+09:00,その他メディア,,NNA ASIA,次期大統領選の支持、サラ氏のリード縮まる,https://www.nna.jp/news/2953411,https://news.ceek.jp/search.cgi?category_id=world&feed=1,ok,,国際
2026-08-06,2026-08-06T07:02:03.956142+09:00,その他メディア,,NNA ASIA,日系バイオテックワークス、経産省補助に採択,https://www.nna.jp/news/2953503,https://news.ceek.jp/search.cgi?category_id=world&feed=1,ok,,国際
2026-08-06,2026-08-06T07:02:03.956142+09:00,その他メディア,,NNA ASIA,屋上太陽光発電の導入加速呼びかけ、プラ業界,https://www.nna.jp/news/2953434,https://news.ceek.jp/search.cgi?category_id=world&feed=1,ok,,国際
2026-08-06,2026-08-06T07:02:03.956142+09:00,その他メディア,,NNA ASIA,国会職員の給与、2~9%引き上げ,https://www.nna.jp/news/2953406,https://news.ceek.jp/search.cgi?category_id=world&feed=1,ok,,国際
2026-08-06,2026-08-06T07:02:03.956142+09:00,その他メディア,,福島民友新聞,企業と求職者のマッチング強化「郡山ビジネスリンク」 商議所公式サイトにリンク開設,https://www.minyu-net.com/news/detail/2026080607321153245,https://news.ceek.jp/search.cgi?category_id=local&feed=1,ok,,地方・地域
2026-08-06,2026-08-06T07:02:03.956142+09:00,その他メディア,,北海道リアルエコノミー,「スイートデコレーション室蘭中央店」完全閉店へ,https://hre-net.com/keizai/ryutu/93672/,https://news.ceek.jp/search.cgi?category_id=local&feed=1,ok,,地方・地域
2026-08-06,2026-08-06T07:02:03.956142+09:00,全国紙,全国,東京新聞,県、キャッシュレスでポイント還元 あすから30日まで 支払い額の最大10%,https://www.tokyo-np.co.jp/article/506832,https://news.ceek.jp/search.cgi?category_id=local&feed=1,ok,,地方・地域
2026-08-06,2026-08-06T07:02:03.956142+09:00,その他メディア,,陸奥新報,駅前にコース移行、祭り佳境に/弘前ねぷたまつり(青森県),https://mutsushimpo.com/news/r4kmmn3e/,https://news.ceek.jp/search.cgi?category_id=local&feed=1,ok,,地方・地域
2026-08-06,2026-08-06T07:02:03.956142+09:00,全国紙,全国,朝日新聞,3年ぶりの社、応援背に行進 「全力出す」初戦は智弁和歌山と11日,https://www.asahi.com/articles/ASV854DNTV85PIHB009M.html,https://news.ceek.jp/search.cgi?category_id=local&feed=1,ok,,地方・地域
2026-08-06,2026-08-06T07:02:03.956142+09:00,全国紙,全国,産経新聞,パリ五輪金メダリストら「ワールドサイクリスト支援競輪」開幕を前に和歌山県庁を訪問,https://www.sankei.com/article/20260806-N7YESD63BJK6DMPNZHDC4PNIKY/,https://news.ceek.jp/search.cgi?category_id=local&feed=1,ok,,地方・地域
2026-08-06,2026-08-06T07:02:03.956142+09:00,その他メディア,,福島民友新聞,大川電機製作所が大笹生に新工場建設へ 福島3カ所目、半導体や航空部品増産,https://www.minyu-net.com/news/detail/2026080607313453244,https://news.ceek.jp/search.cgi?category_id=local&feed=1,ok,,地方・地域
2026-08-06,2026-08-06T07:02:03.956142+09:00,全国紙,全国,東京新聞,遠隔「分身ロボ」が接客 川崎のカフェ 障害者ら全国で操作 就労の機会にも 社会と接点「孤独の解消」期待,https://www.tokyo-np.co.jp/article/506824,https://news.ceek.jp/search.cgi?category_id=local&feed=1,ok,,地方・地域
2026-08-06,2026-08-06T07:02:03.956142+09:00,地方紙,広島,中国新聞,震度=気象庁発表(6日7時28分)震度順・市区町村別 :地震,https://www.chugoku-np.co.jp/articles/-/875865,https://news.ceek.jp/search.cgi?category_id=local&feed=1,ok,,地方・地域
2026-08-06,2026-08-06T07:02:03.956142+09:00,地方紙,広島,中国新聞,米大統領ヘリに旅客機接近,https://www.chugoku-np.co.jp/articles/-/875864,https://news.ceek.jp/search.cgi?category_id=local&feed=1,ok,,地方・地域
2026-08-06,2026-08-06T07:02:03.956142+09:00,全国紙,全国,東京新聞,日韓の高校生 鎌倉を堪能 サプライズツアーなど「おもてなし」 買い物や名所見学で交流,https://www.tokyo-np.co.jp/article/506823,https://news.ceek.jp/search.cgi?category_id=local&feed=1,ok,,地方・地域
2026-08-06,2026-08-06T07:02:03.956142+09:00,その他メディア,,岐阜新聞,岐阜県知事、防災局誘致「南海トラフ、支援の最前線に」 防災シンポジウムで訴え,https://www.gifu-np.co.jp/articles/-/749654,https://news.ceek.jp/search.cgi?category_id=local&feed=1,ok,,地方・地域
2026-08-06,2026-08-06T07:02:03.956142+09:00,その他メディア,,山梨日日新聞,濃霧注意報を解除 雷は継続,https://www.sannichi.co.jp/article/2026/08/06/80714740,https://news.ceek.jp/search.cgi?category_id=local&feed=1,ok,,地方・地域
2026-08-06,2026-08-06T07:02:03.956142+09:00,全国紙,全国,東京新聞,〈うつしかがみ やまゆり事件と記者〉「壁」を取り払ったその先に,https://www.tokyo-np.co.jp/article/506827,https://news.ceek.jp/search.cgi?category_id=local&feed=1,ok,,地方・地域
2026-08-06,2026-08-06T07:02:03.956142+09:00,地方紙,広島,中国新聞,佐々木朗希8日、山本は9日先発,https://www.chugoku-np.co.jp/articles/-/875863,https://news.ceek.jp/search.cgi?category_id=local&feed=1,ok,,地方・地域
2026-08-06,2026-08-06T07:02:03.956142+09:00,その他メディア,,佐賀新聞,熱中症警戒アラートが発表されています!,https://www.saga-s.co.jp/articles/-/1765815,https://news.ceek.jp/search.cgi?category_id=local&feed=1,ok,,地方・地域
2026-08-06,2026-08-06T07:02:03.956142+09:00,その他メディア,,TBSテレビ,81歳男が80代知人女性宅に押しかけ ストーカー規制法違反容疑で逮捕,https://newsdig.tbs.co.jp/articles/-/2854668?display=1,https://news.ceek.jp/search.cgi?category_id=local&feed=1,ok,,地方・地域
2026-08-06,2026-08-06T07:02:03.956142+09:00,全国紙,全国,東京新聞,鎌倉市議会議長が辞意 理由不明 「勧告動議」可決後も続投,https://www.tokyo-np.co.jp/article/506826,https://news.ceek.jp/search.cgi?category_id=local&feed=1,ok,,地方・地域
2026-08-06,2026-08-06T07:02:03.956142+09:00,その他メディア,,福島民友新聞,「空也念仏踊り」で先祖供養、会津若松・八葉寺 県重要無形民俗文化財,https://www.minyu-net.com/news/detail/2026080516221953240,https://news.ceek.jp/search.cgi?category_id=local&feed=1,ok,,地方・地域
2026-08-06,2026-08-06T07:02:03.956142+09:00,地方紙,沖縄,沖縄タイムス,【玉城県政点検】遠い基地負担軽減 米軍基地返還は進まず自衛隊展開は強化 環境汚染が新たな課題に,https://www.okinawatimes.co.jp/articles/-/1896909,https://news.ceek.jp/search.cgi?category_id=local&feed=1,ok,,地方・地域
2026-08-06,2026-08-06T07:02:03.956142+09:00,その他メディア,,まいどなニュース,東京・千代田区の中央線高架に心ない落書き 歴史ある昌平橋架道橋の被害に怒りの声 「何も分かってないし、センスも古い」「罰則強化して」,https://maidonanews.jp/article/16782843,https://news.ceek.jp/search.cgi?category_id=local&feed=1,ok,,地方・地域
2026-08-06,2026-08-06T07:02:03.956142+09:00,全国紙,全国,東京新聞,まぶしく刺激的な異世界〈コラム 熱風涼風〉呉美保,https://www.tokyo-np.co.jp/article/506835,https://news.ceek.jp/search.cgi?category_id=local&feed=1,ok,,地方・地域
2026-08-06,2026-08-06T07:02:03.956142+09:00,全国紙,全国,中日新聞,デジタル購読者28万人増 NYタイムズ、4~6月期,https://www.chunichi.co.jp/article/1292635,https://news.ceek.jp/search.cgi?category_id=local&feed=1,ok,,地方・地域
2026-08-06,2026-08-06T07:02:03.956142+09:00,地方紙,広島,中国新聞,デジタル購読者28万人増,https://www.chugoku-np.co.jp/articles/-/875861,https://news.ceek.jp/search.cgi?category_id=local&feed=1,ok,,地方・地域
2026-08-06,2026-08-06T07:02:03.956142+09:00,全国紙,全国,東京新聞,かわさき市民アカデミー 26年度後期49テーマ 受講生18日まで募集,https://www.tokyo-np.co.jp/article/506825,https://news.ceek.jp/search.cgi?category_id=local&feed=1,ok,,地方・地域
2026-08-06,2026-08-06T07:02:03.956142+09:00,その他メディア,,福島民報,1300万円不正に受け取りか 仙台国税局が福島食粉告発,https://www.minpo.jp/articles/-/198373,https://news.ceek.jp/search.cgi?category_id=local&feed=1,ok,,地方・地域
2026-08-06,2026-08-06T07:02:03.956142+09:00,その他メディア,,福井新聞,台風15号...気象庁の予想進路、米軍・ヨーロッパの見方 日本への影響は,https://www.fukuishimbun.co.jp/articles/-/2668109,https://news.ceek.jp/search.cgi?category_id=local&feed=1,ok,,地方・地域
2026-08-06,2026-08-06T07:02:03.956142+09:00,その他メディア,,佐賀新聞,「古いカードは使えなくなる」などと嘘 佐賀市の70代女性からキャッシュカードと通帳詐取 佐賀南署、福岡と茨城の男を再逮捕,https://www.saga-s.co.jp/articles/-/1765664,https://news.ceek.jp/search.cgi?category_id=local&feed=1,ok,,地方・地域
2026-08-06,2026-08-06T07:02:03.956142+09:00,その他メディア,,福島民友新聞,知人女性を殴った疑い、郡山の70歳男逮捕,https://www.minyu-net.com/news/detail/2026080515541353236,https://news.ceek.jp/search.cgi?category_id=local&feed=1,ok,,地方・地域
2026-08-06,2026-08-06T07:02:03.956142+09:00,その他メディア,,TBSテレビ,蛇行しながらゆっくり走り・・・ 自転車を酒酔い運転か 自称専門学校生のネパール国籍の男逮捕 「ビール1本半飲んだ」,https://newsdig.tbs.co.jp/articles/-/2854667?display=1,https://news.ceek.jp/search.cgi?category_id=local&feed=1,ok,,地方・地域
2026-08-06,2026-08-06T07:02:03.956142+09:00,全国紙,全国,東京新聞,「共感の輪を広げたい」 アイヌ民族・井上さん「息子の誕生」で自覚 台東・18日から文化や歴史講座,https://www.tokyo-np.co.jp/article/506818,https://news.ceek.jp/search.cgi?category_id=local&feed=1,ok,,地方・地域
2026-08-06,2026-08-06T07:02:03.956142+09:00,その他メディア,,福島民報,世界の自転車選手育て 平競輪場、中学生チーム全国初発足へ 現役プロ選手指導 「経験なくても努力次第」,https://www.minpo.jp/articles/-/198371,https://news.ceek.jp/search.cgi?category_id=local&feed=1,ok,,地方・地域
2026-08-06,2026-08-06T07:02:03.956142+09:00,その他メディア,,TBSテレビ,【トリプル台風】大型で強い『台風13号』 沖縄直撃のおそれ 『台風15号』は日本の東海上へ 『台風14号』を含む今後の進路は?【気象庁・台風情報、雨風の予想シミュレーション】,https://newsdig.tbs.co.jp/articles/-/2854657?display=1,https://news.ceek.jp/search.cgi?category_id=local&feed=1,ok,,地方・地域
2026-08-06,2026-08-06T07:02:03.956142+09:00,全国紙,全国,東京新聞,東京Vと都、11分野で包括連携協定 スポーツ振興や健康増進などで,https://www.tokyo-np.co.jp/article/506817,https://news.ceek.jp/search.cgi?category_id=local&feed=1,ok,,地方・地域
2026-08-06,2026-08-06T07:02:03.956142+09:00,その他メディア,,山陽新聞,西大寺ふれあいセンター 9日まつり 開館30周年記念イベントも,https://www.sanyonews.jp/article/1966965/,https://news.ceek.jp/search.cgi?category_id=local&feed=1,ok,,地方・地域
2026-08-06,2026-08-06T07:02:03.956142+09:00,その他メディア,,まいどなニュース,もしかすると「下山ダッシュ」 リニア中央新幹線の長野県駅 在来線との乗り継ぎなし→なら走れば間に合うんじゃない? 惜しい位置関係が反響,https://maidonanews.jp/article/16775375,https://news.ceek.jp/search.cgi?category_id=local&feed=1,ok,,地方・地域
2026-08-06,2026-08-06T07:02:03.956142+09:00,その他メディア,,朝日放送,近鉄大阪線で人身事故 五位堂~大和八木間で運転見合わせ,https://www.asahi.co.jp/webnews/pages/abc_61925.html,https://news.ceek.jp/search.cgi?category_id=local&feed=1,ok,,地方・地域
2026-08-06,2026-08-06T07:02:03.956142+09:00,全国紙,全国,東京新聞,〈つなぐ 戦後81年〉「失うもの大きすぎる」 「湯の花トンネル」慰霊の集い 小金井の中学生6人が追悼,https://www.tokyo-np.co.jp/article/506816,https://news.ceek.jp/search.cgi?category_id=local&feed=1,ok,,地方・地域
2026-08-06,2026-08-06T07:02:03.956142+09:00,その他メディア,,福島民報,熊撃退スプレーに 平田激辛ハバネロ 年内にも製品化 規格外品を活用,https://www.minpo.jp/articles/-/198249,https://news.ceek.jp/search.cgi?category_id=local&feed=1,ok,,地方・地域
2026-08-06,2026-08-06T07:02:03.956142+09:00,その他メディア,,TBSテレビ,9割超が避難所の体育館に「冷房なし」 真夏の熊本地震で熱中症リスク浮き彫りに 自治体は導入急ぐ 富山,https://newsdig.tbs.co.jp/articles/-/2853459?display=1,https://news.ceek.jp/search.cgi?category_id=local&feed=1,ok,,地方・地域
2026-08-06,2026-08-06T07:02:03.956142+09:00,その他メディア,,福井新聞,台風14号...気象庁の予想進路、米軍・ヨーロッパの見方 日本への影響は,https://www.fukuishimbun.co.jp/articles/-/2668078,https://news.ceek.jp/search.cgi?category_id=local&feed=1,ok,,地方・地域
2026-08-06,2026-08-06T07:02:03.956142+09:00,その他メディア,,福島民友新聞,郡山で他人の自転車持ち去る、占有離脱物横領疑いで63歳男逮捕 職質で発覚,https://www.minyu-net.com/news/detail/2026080516060253238,https://news.ceek.jp/search.cgi?category_id=local&feed=1,ok,,地方・地域
2026-08-06,2026-08-06T07:02:03.956142+09:00,その他メディア,,福島民報,【依存・ギャンブル❹】弟の自死で再び泥沼 パチンコに溶かした数千万円 ヤミ金、盗み、やけくそ,https://www.minpo.jp/articles/-/198247,https://news.ceek.jp/search.cgi?category_id=local&feed=1,ok,,地方・地域
2026-08-06,2026-08-06T07:02:03.956142+09:00,全国紙,全国,東京新聞,〈私の東京物語〉難波弘之(7) SF絡みの仕事舞い込む,https://www.tokyo-np.co.jp/article/506815,https://news.ceek.jp/search.cgi?category_id=local&feed=1,ok,,地方・地域
2026-08-06,2026-08-06T07:02:03.956142+09:00,その他メディア,,まいどなニュース,「なんじゃこりゃ!」「ロボ?」大阪・梅田にそびえる物体の正体は? 昭和の遺産を調査してみた結果...,https://maidonanews.jp/article/16660139,https://news.ceek.jp/search.cgi?category_id=local&feed=1,ok,,地方・地域
2026-08-06,2026-08-06T07:02:03.956142+09:00,その他メディア,,佐賀新聞,熱中症警戒アラート情報,https://www.saga-s.co.jp/articles/-/1765806,https://news.ceek.jp/search.cgi?category_id=local&feed=1,ok,,地方・地域
2026-08-06,2026-08-06T07:02:03.956142+09:00,地方紙,広島,中国新聞,7日の天気(西日本),https://www.chugoku-np.co.jp/articles/-/875858,https://news.ceek.jp/search.cgi?category_id=local&feed=1,ok,,地方・地域
2026-08-06,2026-08-06T07:02:03.956142+09:00,地方紙,広島,中国新聞,7日の天気(東日本),https://www.chugoku-np.co.jp/articles/-/875857,https://news.ceek.jp/search.cgi?category_id=local&feed=1,ok,,地方・地域
2026-08-06,2026-08-06T07:02:03.956142+09:00,その他メディア,,福島民友新聞,支払い事務処理怠る、三春町職員1人を減給1カ月,https://www.minyu-net.com/news/detail/2026080517180753241,https://news.ceek.jp/search.cgi?category_id=local&feed=1,ok,,地方・地域
2026-08-06,2026-08-06T07:02:03.956142+09:00,その他メディア,,日本テレビ,「長靴で避難しないで」災害から身を守るために親子で学ぶ「周りの人に教えたい」 佐賀,https://news.ntv.co.jp/category/life/fsd0c0e1718d6c425794a23adc5d192a80,https://news.ceek.jp/search.cgi?category_id=local&feed=1,ok,,地方・地域
2026-08-06,2026-08-06T07:02:03.956142+09:00,その他メディア,,佐賀新聞,民生委員、災害時の役割確認 神埼市で研修 地域の危険箇所、要支援者を把握,https://www.saga-s.co.jp/articles/-/1765668,https://news.ceek.jp/search.cgi?category_id=local&feed=1,ok,,地方・地域
2026-08-06,2026-08-06T07:02:03.956142+09:00,その他メディア,,Lmaga.jp,"関西に4店舗だけの“高級ドトール""...普通のドトールと、何が違う?コーヒーは約2倍の600円",https://www.lmaga.jp/news/2026/08/1085880/,https://news.ceek.jp/search.cgi?category_id=local&feed=1,ok,,地方・地域
2026-08-06,2026-08-06T07:02:03.956142+09:00,地方紙,広島,中国新聞,人を引きつける力とは何か,https://www.chugoku-np.co.jp/articles/-/875859,https://news.ceek.jp/search.cgi?category_id=local&feed=1,ok,,地方・地域
2026-08-06,2026-08-06T07:02:03.956142+09:00,地方紙,広島,中国新聞,ヒロシマ81年 核は「絶対悪」、未来託せない,https://www.chugoku-np.co.jp/articles/-/875732,https://news.ceek.jp/search.cgi?category_id=local&feed=1,ok,,地方・地域
2026-08-06,2026-08-06T07:02:03.956142+09:00,地方紙,広島,中国新聞,あの日のサイレン,https://www.chugoku-np.co.jp/articles/-/875654,https://news.ceek.jp/search.cgi?category_id=local&feed=1,ok,,地方・地域
2026-08-06,2026-08-06T07:02:03.956142+09:00,地方紙,広島,中国新聞,球児の父の夏 周南支局・吉村時彦【余話@周南】,https://www.chugoku-np.co.jp/articles/-/875414,https://news.ceek.jp/search.cgi?category_id=local&feed=1,ok,,地方・地域
2026-08-06,2026-08-06T07:02:03.956142+09:00,全国紙,全国,朝日新聞,福岡県議会を批判する知事 自民県議「手のひら返しいかがなものか」,https://www.asahi.com/articles/ASV8544FXV85TIPE005M.html,https://news.ceek.jp/search.cgi?category_id=local&feed=1,ok,,地方・地域
2026-08-06,2026-08-06T07:02:03.956142+09:00,地方紙,広島,中国新聞,相生通り 祈り、願う夜に 編集委員室・平井敦子,https://www.chugoku-np.co.jp/articles/-/875274,https://news.ceek.jp/search.cgi?category_id=local&feed=1,ok,,地方・地域
2026-08-06,2026-08-06T07:02:03.956142+09:00,全国紙,全国,朝日新聞,父に続いて甲子園へ「勝つ姿見せたい」 福岡・東筑の平山護主将,https://www.asahi.com/articles/ASV8513D4V85TIPE023M.html,https://news.ceek.jp/search.cgi?category_id=local&feed=1,ok,,地方・地域
2026-08-06,2026-08-06T07:02:03.956142+09:00,全国紙,全国,朝日新聞,前海自総監が新著 27年大河ドラマ主人公描く 横須賀製鉄所を主導,https://www.asahi.com/articles/ASV8424JHV84ULOB00WM.html,https://news.ceek.jp/search.cgi?category_id=local&feed=1,ok,,地方・地域
2026-08-06,2026-08-06T07:02:03.956142+09:00,その他メディア,,TBSテレビ,【台風情報】大型の台風15号(チャンホン)7日(金)に最大瞬間風速35メートルまで発達、ウェーク島近海から日本の東の海上へ【雨と風のシミュレーション】,https://newsdig.tbs.co.jp/articles/-/2854654?display=1,https://news.ceek.jp/search.cgi?category_id=local&feed=1,ok,,地方・地域
2026-08-06,2026-08-06T07:02:03.956142+09:00,その他メディア,,TBSテレビ,"【100万円詐欺】“受け子""を勧誘した“リクルーター""の男(21)を逮捕 トクリュウに関与か(山形)",https://newsdig.tbs.co.jp/articles/-/2854320?display=1,https://news.ceek.jp/search.cgi?category_id=local&feed=1,ok,,地方・地域
2026-08-06,2026-08-06T07:02:03.956142+09:00,全国紙,全国,朝日新聞,15年越しの親子の「約束」を果たす夏 佐野日大の鈴木有投手,https://www.asahi.com/articles/ASV8524JNV85UTNB00DM.html,https://news.ceek.jp/search.cgi?category_id=local&feed=1,ok,,地方・地域
2026-08-06,2026-08-06T07:02:03.956142+09:00,全国紙,全国,朝日新聞,お茶たてポーズの考案者、日本ハム・北山亘基は研究熱心な「教授」,https://www.asahi.com/articles/ASV7Y1RYNV7YOXIE023M.html,https://news.ceek.jp/search.cgi?category_id=local&feed=1,ok,,地方・地域
2026-08-06,2026-08-06T07:02:03.956142+09:00,その他メディア,,茨城新聞,消費税1% 茨城県民、負担減を期待 2年間限りに不満も,https://ibarakinews.jp/news/newsdetail.php?f_jun=1785937829975100,https://news.ceek.jp/search.cgi?category_id=local&feed=1,ok,,地方・地域
2026-08-06,2026-08-06T07:02:03.956142+09:00,地方紙,熊本,熊本日日新聞,熊本県に8月6日「熱中症警戒アラート」,https://kumanichi.com/articles/2022462,https://news.ceek.jp/search.cgi?category_id=local&feed=1,ok,,地方・地域
2026-08-06,2026-08-06T07:02:03.956142+09:00,全国紙,全国,中日新聞,米政府、新たな核戦略を策定か 中ロ念頭、日本の安保に影響も,https://www.chunichi.co.jp/article/1292631,https://news.ceek.jp/search.cgi?category_id=local&feed=1,ok,,地方・地域
2026-08-06,2026-08-06T07:02:03.956142+09:00,その他メディア,,福井新聞,台風13号...気象庁の予想進路、米軍・ヨーロッパの見方 大型で非常に強い勢力、日本への影響は,https://www.fukuishimbun.co.jp/articles/-/2660468,https://news.ceek.jp/search.cgi?category_id=local&feed=1,ok,,地方・地域
2026-08-06,2026-08-06T07:02:03.956142+09:00,地方紙,広島,中国新聞,米政府、新たな核戦略を策定か,https://www.chugoku-np.co.jp/articles/-/875856,https://news.ceek.jp/search.cgi?category_id=local&feed=1,ok,,地方・地域
2026-08-06,2026-08-06T07:02:03.956142+09:00,その他メディア,,日本テレビ,杜の都の夜飾る1万6000発 花火に照らされ笑顔咲く 仙台七夕花火祭で観客魅了,https://news.ntv.co.jp/category/culture/mmc08fe2510c794221be8923a87246fe7f,https://news.ceek.jp/search.cgi?category_id=local&feed=1,ok,,地方・地域
2026-08-06,2026-08-06T07:02:03.956142+09:00,その他メディア,,日本テレビ,橋のプレートなど盗品売却か 時価38万円相当,https://news.ntv.co.jp/category/society/ct4e1f5357f194456c9fbad74cd75db41f,https://news.ceek.jp/search.cgi?category_id=local&feed=1,ok,,地方・地域
2026-08-06,2026-08-06T07:02:03.956142+09:00,その他メディア,,まいどなニュース,エジプトで自撮りしていたら、ガイドが「撮りますよ!」→ノリノリでポーズを取っていたら......スマホを返してもらえない 「日本人はカモ代表かも」「「私は6時間で3万円払った」,https://maidonanews.jp/article/16713432,https://news.ceek.jp/search.cgi?category_id=local&feed=1,ok,,地方・地域
2026-08-06,2026-08-06T07:02:03.956142+09:00,全国紙,全国,中日新聞,米ディズニー、純利益半減 4~6月期、売上高7%増,https://www.chunichi.co.jp/article/1292630,https://news.ceek.jp/search.cgi?category_id=local&feed=1,ok,,地方・地域
2026-08-06,2026-08-06T07:02:03.956142+09:00,地方紙,広島,中国新聞,米ディズニー、純利益半減,https://www.chugoku-np.co.jp/articles/-/875855,https://news.ceek.jp/search.cgi?category_id=local&feed=1,ok,,地方・地域
2026-08-06,2026-08-06T07:02:03.956142+09:00,その他メディア,,広島ホームテレビ,広島 81回目の 原爆の日 過去最多122カ国・地域の代表が参列へ,https://www.home-tv.co.jp/news/content/?news_id=20260806364508,https://news.ceek.jp/search.cgi?category_id=local&feed=1,ok,,地方・地域
2026-08-06,2026-08-06T07:02:03.956142+09:00,その他メディア,,TBSテレビ,"""性犯罪歴""確認を義務化「こども性暴力防止法(日本版DBS)」初の説明会 戸惑いの声も...小中学校など対象【今年12月施行】",https://newsdig.tbs.co.jp/articles/-/2853983?display=1,https://news.ceek.jp/search.cgi?category_id=local&feed=1,ok,,地方・地域
2026-08-06,2026-08-06T07:02:03.956142+09:00,その他メディア,,日本テレビ,【山口天気 朝刊8/6】熱中症警戒アラート20日連続...きょう6日(木)は体温超えの気温も続出 その後も体力消耗に要注意の日々が続く 台風13号は沖縄~大陸方面へ,https://news.ntv.co.jp/category/society/kr1d6d252fb7d249b5bb48802af659d411,https://news.ceek.jp/search.cgi?category_id=local&feed=1,ok,,地方・地域
2026-08-06,2026-08-06T07:02:03.956142+09:00,その他メディア,,佐賀新聞,「サイエンスカフェ@末盧館」 8月29日開催 小中学生向けと大人向けの講座 参加費無料、先着順 唐津市,https://www.saga-s.co.jp/articles/-/1765633,https://news.ceek.jp/search.cgi?category_id=local&feed=1,ok,,地方・地域
2026-08-06,2026-08-06T07:02:03.956142+09:00,その他メディア,,日本テレビ,屋根の上を逃げる男を発見し通報 住宅の屋根の上に浸入した疑いで36歳の男を逮捕 「お金を盗む目的で入りました」と供述 島根県出雲市,https://news.ntv.co.jp/category/society/nkf0c6982100a94cdabd2a9343202b28cc,https://news.ceek.jp/search.cgi?category_id=local&feed=1,ok,,地方・地域
2026-08-06,2026-08-06T07:02:03.956142+09:00,その他メディア,,まいどなニュース,「LINEのQRコードを添付して」社長をかたる詐欺メール続々 社員を個人アカウントへ誘導→最後は不正送金...求められる「だまされる前提」の対策,https://maidonanews.jp/article/16777071,https://news.ceek.jp/search.cgi?category_id=local&feed=1,ok,,地方・地域
2026-08-06,2026-08-06T07:02:03.956142+09:00,全国紙,全国,中日新聞,NY円、157円台後半,https://www.chunichi.co.jp/article/1292629,https://news.ceek.jp/search.cgi?category_id=local&feed=1,ok,,地方・地域
2026-08-06,2026-08-06T07:02:03.956142+09:00,その他メディア,,TBSテレビ,広島「原爆の日」から81年 平和記念式典を前に犠牲者を追悼 松井一実市長は核廃絶訴えへ,https://newsdig.tbs.co.jp/articles/-/2854653?display=1,https://news.ceek.jp/search.cgi?category_id=local&feed=1,ok,,地方・地域
2026-08-06,2026-08-06T07:02:03.956142+09:00,その他メディア,,まいどなニュース,重みも歴史もズッシリ...出雲大社の日本最大級「大しめ縄」が8年ぶり掛けかえ 伝統の「大撚り合わせ」が28万回超再生「ほんとに圧巻」,https://maidonanews.jp/article/16775769,https://news.ceek.jp/search.cgi?category_id=local&feed=1,ok,,地方・地域
2026-08-06,2026-08-06T07:02:03.956142+09:00,全国紙,全国,中日新聞,大谷、今季初の1試合2本塁打 今永1失点、鈴木は2番,https://www.chunichi.co.jp/article/1292628,https://news.ceek.jp/search.cgi?category_id=local&feed=1,ok,,地方・地域
2026-08-06,2026-08-06T07:02:03.956142+09:00,その他メディア,,山梨日日新聞,全域に雷注意報 東部・富士五湖の濃霧は継続,https://www.sannichi.co.jp/article/2026/08/06/80714734,https://news.ceek.jp/search.cgi?category_id=local&feed=1,ok,,地方・地域
2026-08-06,2026-08-06T07:02:03.956142+09:00,地方紙,広島,中国新聞,NY円、157円台後半,https://www.chugoku-np.co.jp/articles/-/875854,https://news.ceek.jp/search.cgi?category_id=local&feed=1,ok,,地方・地域
2026-08-06,2026-08-06T07:02:03.956142+09:00,その他メディア,,TBSテレビ,「いちごさん」の苗2000株盗難か 佐賀県のブランドイチゴ 警察が捜査 県は対策強化へ,https://newsdig.tbs.co.jp/articles/-/2854655?display=1,https://news.ceek.jp/search.cgi?category_id=local&feed=1,ok,,地方・地域
2026-08-06,2026-08-06T07:02:03.956142+09:00,その他メディア,,日本テレビ,「揺さぶってはいない」同部屋の2人に何が...留置施設で勾留されていた男(69)暴行容疑で逮捕 宮城・仙台市,https://news.ntv.co.jp/category/society/mm2ac080077a8242eeb6532e848cf38340,https://news.ceek.jp/search.cgi?category_id=local&feed=1,ok,,地方・地域
2026-08-06,2026-08-06T07:02:03.956142+09:00,その他メディア,,TBSテレビ,「懐中電灯で照らしたらクマがいた」安曇野市の畑でクマの目撃情報 けが人なし 付近の住民に注意呼びかけ,https://newsdig.tbs.co.jp/articles/-/2854651?display=1,https://news.ceek.jp/search.cgi?category_id=local&feed=1,ok,,地方・地域
2026-08-06,2026-08-06T07:02:03.956142+09:00,地方紙,京都,京都新聞,京都市・四条通沿い、爆発力抜群の貝出汁ラーメン 白湯・冷やしも、驚きの「朝9時から営業」,https://www.kyoto-np.co.jp/articles/-/1766766,https://news.ceek.jp/search.cgi?category_id=local&feed=1,ok,,地方・地域
2026-08-06,2026-08-06T07:02:03.956142+09:00,その他メディア,,Lmaga.jp,"【あすから】どの世代?マクドのハッピーセットに“ポケモンおもちゃ""、歴代30匹に「懐かしい」と喜びの声",https://www.lmaga.jp/news/2026/08/1085899/,https://news.ceek.jp/search.cgi?category_id=local&feed=1,ok,,地方・地域
2026-08-06,2026-08-06T07:02:03.956142+09:00,その他メディア,,日本テレビ,松江水郷祭の湖上花火大会で花火を打ち上げるための筒が焼ける火事 花火の不良が原因か 島根県松江市,https://news.ntv.co.jp/category/society/nkc0e73bdf4884461fb60866dedfb951c9,https://news.ceek.jp/search.cgi?category_id=local&feed=1,ok,,地方・地域
