date,collected_at,category,region,newspaper,headline,url,source_url,status,error_message,topic
2026-08-26,2026-08-26T06:14:38.318328+09:00,全国紙,全国,朝日新聞,出勤停止を「懲戒免職」と...北陸放送に20万円賠償命じる 金沢地裁,http://www.asahi.com/articles/ASV8T3DP3V8TPJLB00DM.html,https://www.asahi.com/rss/asahi/newsheadlines.rdf,ok,,社会
2026-08-26,2026-08-26T06:14:38.318328+09:00,全国紙,全国,朝日新聞,教員働き方改革進める自治体を財政支援へ 文科省、教委に計30億円,http://www.asahi.com/articles/ASV8T3TTYV8TUTIL02MM.html,https://www.asahi.com/rss/asahi/newsheadlines.rdf,ok,,社会
2026-08-26,2026-08-26T06:14:38.318328+09:00,全国紙,全国,朝日新聞,岐阜県大野町の民家から性別不明の3人の遺体が見つかる,http://www.asahi.com/articles/ASV8S7S4VV8SOHGB00JM.html,https://www.asahi.com/rss/asahi/newsheadlines.rdf,ok,,社会
2026-08-26,2026-08-26T06:14:38.318328+09:00,全国紙,全国,朝日新聞,家族が突然、遺族と呼ばれて苦しい 飲酒事故で3児失った母の20年,http://www.asahi.com/articles/ASV8T3JP4V8TTIPE023M.html,https://www.asahi.com/rss/asahi/newsheadlines.rdf,ok,,社会
2026-08-26,2026-08-26T06:14:38.318328+09:00,全国紙,全国,朝日新聞,同志社理事長が辞任へ 校長は退任の見通し 辺野古沖転覆事故受け,http://www.asahi.com/articles/ASV8T015TV8TPLZB00MM.html,https://www.asahi.com/rss/asahi/newsheadlines.rdf,ok,,社会
2026-08-26,2026-08-26T06:14:38.318328+09:00,全国紙,全国,朝日新聞,原発内の乾式貯蔵施設、市民団体が反対の要望 福井での長期保管危惧,http://www.asahi.com/articles/ASV8T3CJ1V8TPGJB001M.html,https://www.asahi.com/rss/asahi/newsheadlines.rdf,ok,,社会
2026-08-26,2026-08-26T06:14:38.318328+09:00,全国紙,全国,朝日新聞,車とトレーラーの事故 2人死亡、2歳女児が重傷 北海道苫小牧市,http://www.asahi.com/articles/ASV8T3FWCV8TIIPE00KM.html,https://www.asahi.com/rss/asahi/newsheadlines.rdf,ok,,社会
2026-08-26,2026-08-26T06:14:38.318328+09:00,全国紙,全国,朝日新聞,能登で被災の加賀屋、28年度末の再開めざす 33室の新館を建設へ,http://www.asahi.com/articles/ASV8T337YV8TPJLB001M.html,https://www.asahi.com/rss/asahi/newsheadlines.rdf,ok,,社会
2026-08-26,2026-08-26T06:14:38.318328+09:00,全国紙,全国,朝日新聞,独身偽装の男性に110万円の賠償命令 「結婚したい」などと説明,http://www.asahi.com/articles/ASV8T35GMV8TUTIL02ZM.html,https://www.asahi.com/rss/asahi/newsheadlines.rdf,ok,,社会
2026-08-26,2026-08-26T06:14:38.318328+09:00,全国紙,全国,朝日新聞,2日連続でクマを駆除、三重・尾鷲の民家や小学校近くに相次ぎ出没,http://www.asahi.com/articles/ASV8T31PSV8TONFB00DM.html,https://www.asahi.com/rss/asahi/newsheadlines.rdf,ok,,社会
2026-08-26,2026-08-26T06:14:38.318328+09:00,全国紙,全国,朝日新聞,球界最年長のヤクルト・石川が1軍合流 「結果を残すことに集中」,http://www.asahi.com/articles/ASV8T3SH2V8TUTQP01GM.html,https://www.asahi.com/rss/asahi/newsheadlines.rdf,ok,,スポーツ
2026-08-26,2026-08-26T06:14:38.318328+09:00,全国紙,全国,朝日新聞,全中スケート後継大会、長野市など主体で運営へ 荻原健司市長が表明,http://www.asahi.com/articles/ASV8T3JLHV8TUOOB00CM.html,https://www.asahi.com/rss/asahi/newsheadlines.rdf,ok,,スポーツ
2026-08-26,2026-08-26T06:14:38.318328+09:00,全国紙,全国,朝日新聞,楽天がドミニカ出身右腕と育成契約 独立・香川から久々のNPB選手,http://www.asahi.com/articles/ASV8T2QHPV8TPLXB003M.html,https://www.asahi.com/rss/asahi/newsheadlines.rdf,ok,,スポーツ
2026-08-26,2026-08-26T06:14:38.318328+09:00,全国紙,全国,朝日新聞,小川航基を日本へ戻す意味 「Jリーグが劣る現状変えないと」,http://www.asahi.com/articles/ASV8S3VGCV8SUTQP00MM.html,https://www.asahi.com/rss/asahi/newsheadlines.rdf,ok,,スポーツ
2026-08-26,2026-08-26T06:14:38.318328+09:00,全国紙,全国,朝日新聞,41歳の新球挑戦 宮西尚生を引退させなかった妻の「よく頑張った」,http://www.asahi.com/articles/ASV8R4V1WV8RUTQP00BM.html,https://www.asahi.com/rss/asahi/newsheadlines.rdf,ok,,スポーツ
2026-08-26,2026-08-26T06:14:38.318328+09:00,全国紙,全国,朝日新聞,政府、中小農家などへの給付金を検討 消費税率引き下げ対策,http://www.asahi.com/articles/ASV8T4TRRV8TULFA02BM.html,https://www.asahi.com/rss/asahi/newsheadlines.rdf,ok,,ビジネス
2026-08-26,2026-08-26T06:14:38.318328+09:00,全国紙,全国,朝日新聞,原油タンカー保険、政府が肩代わりの新法検討 国際情勢の悪化に備え,http://www.asahi.com/articles/ASV8T3G02V8TULFA01PM.html,https://www.asahi.com/rss/asahi/newsheadlines.rdf,ok,,ビジネス
2026-08-26,2026-08-26T06:14:38.318328+09:00,全国紙,全国,朝日新聞,明治ミルクチョコレート100年、復刻版を9月に発売 レシピを再現,http://www.asahi.com/articles/ASV8T2PQ3V8TULFA00CM.html,https://www.asahi.com/rss/asahi/newsheadlines.rdf,ok,,ビジネス
2026-08-26,2026-08-26T06:14:38.318328+09:00,全国紙,全国,朝日新聞,企業の事業売却益に税優遇 成長投資促進へ経産省が新制度を要望へ,http://www.asahi.com/articles/ASV8T2G6WV8TULFA00TM.html,https://www.asahi.com/rss/asahi/newsheadlines.rdf,ok,,ビジネス
2026-08-26,2026-08-26T06:14:38.318328+09:00,全国紙,全国,朝日新聞,米国のカナダへの関税引き上げ、日系自動車にも影 「計画前倒しも」,http://www.asahi.com/articles/ASV8T26GYV8TULFA00MM.html,https://www.asahi.com/rss/asahi/newsheadlines.rdf,ok,,ビジネス
2026-08-26,2026-08-26T06:14:38.318328+09:00,全国紙,全国,朝日新聞,ふるさと納税「赤字」19都府県 25年度、東京都は2255億円に,http://www.asahi.com/articles/ASV8S20NZV8SOXIE036M.html,https://www.asahi.com/rss/asahi/newsheadlines.rdf,ok,,ビジネス
2026-08-26,2026-08-26T06:14:38.318328+09:00,全国紙,全国,朝日新聞,疑惑噴出の福岡県議会に識者「大スキャンダル、百条委員会で検証を」,http://www.asahi.com/articles/ASV8S3HZFV8SPLXB009M.html,https://www.asahi.com/rss/asahi/newsheadlines.rdf,ok,,政治
2026-08-26,2026-08-26T06:14:38.318328+09:00,全国紙,全国,朝日新聞,「日本一高い」福岡県議会の海外視察1泊17万円 他県は「廃止」も,http://www.asahi.com/articles/ASV8S3QF8V8SUTIL01DM.html,https://www.asahi.com/rss/asahi/newsheadlines.rdf,ok,,政治
2026-08-26,2026-08-26T06:14:38.318328+09:00,全国紙,全国,朝日新聞,ふるさと納税、自治体格差も拡大 年予算並み寄付で基金も積み上がる,http://www.asahi.com/articles/ASV8S22VHV8SOXIE02KM.html,https://www.asahi.com/rss/asahi/newsheadlines.rdf,ok,,ビジネス
2026-08-26,2026-08-26T06:14:38.318328+09:00,全国紙,全国,朝日新聞,高所得者優遇? 換金性高い「純金製」のふるさと納税返礼品が続々,http://www.asahi.com/articles/ASV8S22K7V8SUJHB002M.html,https://www.asahi.com/rss/asahi/newsheadlines.rdf,ok,,ビジネス
2026-08-26,2026-08-26T06:14:38.318328+09:00,全国紙,全国,朝日新聞,UNRWA施設に立ち退き指示、強制的に立ち入りか 東エルサレム,http://www.asahi.com/articles/ASV8T677FV8TUHBI02KM.html,https://www.asahi.com/rss/asahi/newsheadlines.rdf,ok,,国際
2026-08-26,2026-08-26T06:14:38.318328+09:00,全国紙,全国,朝日新聞,CIA長官がロシア訪問、ウクライナ情勢など協議か 米メディア報道,http://www.asahi.com/articles/ASV8T6RMHV8TUHBI001M.html,https://www.asahi.com/rss/asahi/newsheadlines.rdf,ok,,国際
2026-08-26,2026-08-26T06:14:38.318328+09:00,全国紙,全国,朝日新聞,バチカン「外相」が訪ロ、ウクライナ侵攻後初めて 停戦仲介など協議,http://www.asahi.com/articles/ASV8T4SXQV8TUHBI01ZM.html,https://www.asahi.com/rss/asahi/newsheadlines.rdf,ok,,国際
2026-08-26,2026-08-26T06:14:38.318328+09:00,全国紙,全国,朝日新聞,AIで作った曲、ヒットチャートから除外 豪州の音楽団体が新ルール,http://www.asahi.com/articles/ASV8T3GTQV8TUHBI01QM.html,https://www.asahi.com/rss/asahi/newsheadlines.rdf,ok,,国際
2026-08-26,2026-08-26T06:14:38.318328+09:00,全国紙,全国,朝日新聞,米国の「制裁強化」に強気のイラン かぎ握るのは中国とUAEの対応,http://www.asahi.com/articles/ASV8T3DY9V8TUHBI00XM.html,https://www.asahi.com/rss/asahi/newsheadlines.rdf,ok,,国際
2026-08-26,2026-08-26T06:14:38.318328+09:00,全国紙,全国,朝日新聞,名人「状態上向き」、挑戦者も「悪くない」 囲碁名人戦開幕へ決意,http://www.asahi.com/articles/ASV8T45TDV8TUQIP03XM.html,https://www.asahi.com/rss/asahi/newsheadlines.rdf,ok,,文化芸能
2026-08-26,2026-08-26T06:14:38.318328+09:00,全国紙,全国,朝日新聞,正岡子規の未発表2句が見つかる 専門家「子規らしいちゃめっ気」,http://www.asahi.com/articles/ASV8T3WJ9V8TUCVL01WM.html,https://www.asahi.com/rss/asahi/newsheadlines.rdf,ok,,文化芸能
2026-08-26,2026-08-26T06:14:38.318328+09:00,全国紙,全国,朝日新聞,NHK経営委員長、相次ぐ放送の不具合に「そんなに大きな影響ない」,http://www.asahi.com/articles/ASV8T3GFNV8TUCVL022M.html,https://www.asahi.com/rss/asahi/newsheadlines.rdf,ok,,文化芸能
2026-08-26,2026-08-26T06:14:38.318328+09:00,全国紙,全国,朝日新聞,服部慎一郎七段が藤井聡太竜王に挑戦 27歳、2度目のタイトル挑戦,http://www.asahi.com/articles/ASV8S43DLV8SUCVL003M.html,https://www.asahi.com/rss/asahi/newsheadlines.rdf,ok,,文化芸能
2026-08-26,2026-08-26T06:14:38.318328+09:00,全国紙,全国,朝日新聞,美浜3号機、50年超運転へ 規制委が大筋了承、蒸気漏れ防止も要求,http://www.asahi.com/articles/ASV8T2QVPV8TUTFL00SM.html,https://www.asahi.com/rss/asahi/newsheadlines.rdf,ok,,
2026-08-26,2026-08-26T06:14:38.318328+09:00,全国紙,全国,朝日新聞,除染土、仙台市とさいたま市の国機関の花壇で再生利用へ 都外では初,http://www.asahi.com/articles/ASV8T2449V8TUTFL01NM.html,https://www.asahi.com/rss/asahi/newsheadlines.rdf,ok,,
2026-08-26,2026-08-26T06:14:38.318328+09:00,全国紙,全国,朝日新聞,大きな問いに魅せられ、先端技術で解き明かす 利根川進さんの歩み,http://www.asahi.com/articles/ASV8P215KV8PUTFL008M.html,https://www.asahi.com/rss/asahi/newsheadlines.rdf,ok,,サイエンス
2026-08-26,2026-08-26T06:14:38.318328+09:00,全国紙,全国,朝日新聞,「がんこ」創業者、小嶋淳司さん死去 たたき上げの知恵で財界に貢献,http://www.asahi.com/articles/ASV8T3QYZV8TPLFA00GM.html,https://www.asahi.com/rss/asahi/newsheadlines.rdf,ok,,おくやみ
2026-08-26,2026-08-26T06:14:38.318328+09:00,全国紙,全国,朝日新聞,エッセイストの玉村豊男さん死去、80歳 長野・東御市でワイナリー,http://www.asahi.com/articles/ASV8T1C4MV8TUCVL00VM.html,https://www.asahi.com/rss/asahi/newsheadlines.rdf,ok,,おくやみ
2026-08-26,2026-08-26T06:14:38.318328+09:00,全国紙,全国,朝日新聞,元衆院議長の綿貫民輔氏死去、99歳 郵政民営化反対で自民一時除名,http://www.asahi.com/articles/ASV8S11GZV8SPJLB002M.html,https://www.asahi.com/rss/asahi/newsheadlines.rdf,ok,,おくやみ
2026-08-26,2026-08-26T06:14:38.318328+09:00,全国紙,全国,毎日新聞,AI新世紀:ポケモンも悟空も学習? AI「ただ乗り」懸念にルール、課題は,https://mainichi.jp/articles/20260825/k00/00m/040/260000c,https://mainichi.jp/rss/etc/mainichi-flash.rss,ok,,ニュース
2026-08-26,2026-08-26T06:14:38.318328+09:00,全国紙,全国,毎日新聞,もっと社会人野球:駅員になった甲子園V智弁和歌山の元主将 都市対抗で目指す姿は,https://mainichi.jp/articles/20260825/k00/00m/050/263000c,https://mainichi.jp/rss/etc/mainichi-flash.rss,ok,,ニュース
2026-08-26,2026-08-26T06:14:38.318328+09:00,全国紙,全国,毎日新聞,読む政治:非核三原則は国是か安全保障の妨げか 理想と現実に揺れる有権者,https://mainichi.jp/articles/20260823/k00/00m/010/149000c,https://mainichi.jp/rss/etc/mainichi-flash.rss,ok,,ニュース
2026-08-26,2026-08-26T06:14:38.318328+09:00,全国紙,全国,毎日新聞,市内巡る乗り合いタクシー型交通 高校生がPR動画制作 静岡,https://mainichi.jp/articles/20260825/k00/00m/010/136000c,https://mainichi.jp/rss/etc/mainichi-flash.rss,ok,,ニュース
2026-08-26,2026-08-26T06:14:38.318328+09:00,全国紙,全国,毎日新聞,経済プラス:脱中東で日本より先に支援策 後に石油産業打撃 韓国に学ぶ教訓,https://mainichi.jp/articles/20260824/k00/00m/020/208000c,https://mainichi.jp/rss/etc/mainichi-flash.rss,ok,,ニュース
2026-08-26,2026-08-26T06:14:38.318328+09:00,全国紙,全国,毎日新聞,カナダ、米国から輸入する約700品目に最大50%の関税へ,https://mainichi.jp/articles/20260826/k00/00m/030/003000c,https://mainichi.jp/rss/etc/mainichi-flash.rss,ok,,ニュース
2026-08-26,2026-08-26T06:14:38.318328+09:00,全国紙,全国,毎日新聞,バレー推し:山本智大、首の故障から復帰の石川祐希に「彼の存在は必ず必要」,https://mainichi.jp/articles/20260825/k00/00m/050/336000c,https://mainichi.jp/rss/etc/mainichi-flash.rss,ok,,ニュース
2026-08-26,2026-08-26T06:14:38.318328+09:00,全国紙,全国,毎日新聞,100%ユウキ:首故障から復帰の石川祐希、アジア選手権へ手応え「良い状態で」,https://mainichi.jp/articles/20260825/k00/00m/050/334000c,https://mainichi.jp/rss/etc/mainichi-flash.rss,ok,,ニュース
2026-08-26,2026-08-26T06:14:38.318328+09:00,全国紙,全国,毎日新聞,バレー推し:A代表デビューの河東祐大が明かした、2枚替えでの「安心材料」,https://mainichi.jp/articles/20260825/k00/00m/050/329000c,https://mainichi.jp/rss/etc/mainichi-flash.rss,ok,,ニュース
2026-08-26,2026-08-26T06:14:38.318328+09:00,全国紙,全国,毎日新聞,立憲、28日に全議員懇談会を開催 中道、公明との合流協議巡り,https://mainichi.jp/articles/20260825/k00/00m/010/322000c,https://mainichi.jp/rss/etc/mainichi-flash.rss,ok,,ニュース
2026-08-26,2026-08-26T06:14:38.318328+09:00,全国紙,全国,毎日新聞,避難所への冷房完備計画、5年前倒しで調整 夏場の災害に対応,https://mainichi.jp/articles/20260825/k00/00m/040/321000c,https://mainichi.jp/rss/etc/mainichi-flash.rss,ok,,ニュース
2026-08-26,2026-08-26T06:14:38.318328+09:00,全国紙,全国,毎日新聞,バヌアツ諸島のアンバエ火山が噴火 日本への影響を調査 気象庁,https://mainichi.jp/articles/20260825/k00/00m/040/320000c,https://mainichi.jp/rss/etc/mainichi-flash.rss,ok,,ニュース
2026-08-26,2026-08-26T06:14:38.318328+09:00,全国紙,全国,毎日新聞,宮崎県日南市に2.4億円の賠償命令 規制の説明義務違反を認定,https://mainichi.jp/articles/20260825/k00/00m/040/300000c,https://mainichi.jp/rss/etc/mainichi-flash.rss,ok,,ニュース
2026-08-26,2026-08-26T06:14:38.318328+09:00,全国紙,全国,毎日新聞,田久保真紀・前伊東市長のPCから偽造された卒業証書データか,https://mainichi.jp/articles/20260825/k00/00m/040/296000c,https://mainichi.jp/rss/etc/mainichi-flash.rss,ok,,ニュース
2026-08-26,2026-08-26T06:14:38.318328+09:00,全国紙,全国,毎日新聞,「海の中道」事故20年 3児失った母「苦しむ人の道しるべに」,https://mainichi.jp/articles/20260825/k00/00m/040/279000c,https://mainichi.jp/rss/etc/mainichi-flash.rss,ok,,ニュース
2026-08-26,2026-08-26T06:14:38.318328+09:00,全国紙,全国,毎日新聞,正岡子規の新たな2句見つかる 寄託の「歳旦帳」に自筆で,https://mainichi.jp/articles/20260825/k00/00m/200/284000c,https://mainichi.jp/rss/etc/mainichi-flash.rss,ok,,ニュース
2026-08-26,2026-08-26T06:14:38.318328+09:00,全国紙,全国,毎日新聞,「駄作過ぎる」アニメ映画、中国で異例ヒット SNSで逆に話題に,https://mainichi.jp/articles/20260825/k00/00m/030/283000c,https://mainichi.jp/rss/etc/mainichi-flash.rss,ok,,ニュース
2026-08-26,2026-08-26T06:14:38.318328+09:00,全国紙,全国,毎日新聞,NHK経営委員長、「マネジメント不足」指摘 職員性被害問題巡り,https://mainichi.jp/articles/20260825/k00/00m/040/282000c,https://mainichi.jp/rss/etc/mainichi-flash.rss,ok,,ニュース
2026-08-26,2026-08-26T06:14:38.318328+09:00,全国紙,全国,毎日新聞,千葉豪雨で水没の持ち主不明車両 県と千葉市がナンバー公表,https://mainichi.jp/articles/20260825/k00/00m/040/281000c,https://mainichi.jp/rss/etc/mainichi-flash.rss,ok,,ニュース
2026-08-26,2026-08-26T06:14:38.318328+09:00,全国紙,全国,毎日新聞,カンボジアでの臓器移植あっせん事件 代表理事ら2人を不起訴,https://mainichi.jp/articles/20260825/k00/00m/040/278000c,https://mainichi.jp/rss/etc/mainichi-flash.rss,ok,,ニュース
2026-08-26,2026-08-26T06:14:38.318328+09:00,全国紙,全国,産経新聞,沖縄知事選、下地幹郎氏不出馬で保守系新人に追い風か 自民との「取引」印象広がる懸念も,https://www.sankei.com/article/20260825-V6Z723CX2FLLTCKB7L75HTRLVA/,https://www.sankei.com/,ok,,
2026-08-26,2026-08-26T06:14:38.318328+09:00,全国紙,全国,産経新聞,世界遺産認定 快挙生んだ考古学者の苦闘 百年にわたる魂の系譜...,https://www.sankei.com/article/20260815-QFGOV26NZFOPTOI5VG332AGYEA/?outputType=theme_election2026,https://www.sankei.com/,ok,,
2026-08-26,2026-08-26T06:14:38.318328+09:00,全国紙,全国,産経新聞,政府が外国と疑われる不審アカウント把握 高市首相「選挙への影...,https://www.sankei.com/article/20260318-U6PW4754BNE3XKFYBTQWPKM65A/?outputType=theme_election2026,https://www.sankei.com/,ok,,
2026-08-26,2026-08-26T06:14:38.318328+09:00,全国紙,全国,産経新聞,衆院選で国会議員の部屋割り一変 小沢、岡田、安住氏ら自民に明...,https://www.sankei.com/article/20260304-C5JCVB743FEVZMNEAU76GY4VNQ/?outputType=theme_election2026,https://www.sankei.com/,ok,,
2026-08-26,2026-08-26T06:14:38.318328+09:00,全国紙,全国,産経新聞,立正佼成会が衆院選で中道103人推薦 公明合流影響か 前回立...,https://www.sankei.com/article/20260303-EHLBLQ2BTRCSVGSJVFHI5TBX4U/?outputType=theme_election2026,https://www.sankei.com/,ok,,
2026-08-26,2026-08-26T06:14:38.318328+09:00,全国紙,全国,産経新聞,辺野古沖転覆、学校法人同志社は同志社国際高校長を「解任」 後任は同大副学長に,https://www.sankei.com/article/20260825-YE4GDAVKIZOZ3NFEA24LLNJLXA/,https://www.sankei.com/,ok,,
2026-08-26,2026-08-26T06:14:38.318328+09:00,全国紙,全国,産経新聞,「ゲーム感覚」「選挙ないがしろ」玉城知事陣営、沖縄知事選に不出馬表明の下地氏を批判,https://www.sankei.com/article/20260825-PQAKGQMW4RJZ3INHO22EO4Z2VY/,https://www.sankei.com/,ok,,
2026-08-26,2026-08-26T06:14:38.318328+09:00,全国紙,全国,産経新聞,トランプ氏、オンタリオ湖を「アメリカ湖」に改称提案 関税巡り対立のカナダを牽制,https://www.sankei.com/article/20260826-UZUUYAGDCRL5JGD6CKZHEV7JUM/,https://www.sankei.com/,ok,,
2026-08-26,2026-08-26T06:14:38.318328+09:00,全国紙,全国,産経新聞,インド太平洋構想提唱10年 岸田元首相独占インタビュー「日本が旗を振る覚悟が大事」,https://www.sankei.com/article/20260825-2PTFYDU6UJMPLAEH4L7HFHCIK4/,https://www.sankei.com/,ok,,
2026-08-26,2026-08-26T06:14:38.318328+09:00,全国紙,全国,産経新聞,前伊東市長、田久保被告パソコンから「卒業証書」データ発見か 「第三者作成」無罪主張へ,https://www.sankei.com/article/20260825-U2MJWYTPQ5JAPIZX2EZWPRW5XE/,https://www.sankei.com/,ok,,
2026-08-26,2026-08-26T06:14:38.318328+09:00,全国紙,全国,産経新聞,米加「関税戦争」再燃 カナダ車関税、トランプ氏「27年から50%」 カナダも対抗へ,https://www.sankei.com/article/20260825-DOSR47743VIAPEV6L3G3VFGXQY/,https://www.sankei.com/,ok,,
2026-08-26,2026-08-26T06:14:38.318328+09:00,全国紙,全国,産経新聞,鳥取・大山の国立公園に食パン39キロを点々と投棄 石原環境相「クマ誘引、危険な行為」,https://www.sankei.com/article/20260825-AOUQUKCVFFBPLGK2B5E3OY2EBI/,https://www.sankei.com/,ok,,
2026-08-26,2026-08-26T06:14:38.318328+09:00,全国紙,全国,産経新聞,2億円時計窃盗 犯行時間わずか10秒、高級ブランド「リシャール・ミル」など被害か,https://www.sankei.com/article/20260825-FOPTM5AF75IUDDW4U6ETEYRUVQ/,https://www.sankei.com/,ok,,
2026-08-26,2026-08-26T06:14:38.318328+09:00,全国紙,全国,産経新聞,消費税減税の詳細設計に着手 政府・与党、減収農家に支給金検討 外食は省力化など支援,https://www.sankei.com/article/20260825-TBZCY3F32FJG5LFBYXYIQUFHJ4/,https://www.sankei.com/,ok,,
2026-08-26,2026-08-26T06:14:38.318328+09:00,全国紙,全国,産経新聞,イランの反米強硬派、米制裁に対抗姿勢 経済失速で国民さらに窮乏の公算も、譲歩は見通せ...,https://www.sankei.com/article/20260825-T6IGGMOKPNOY7NQ55SJJSZPNLI/,https://www.sankei.com/,ok,,
2026-08-26,2026-08-26T06:14:38.318328+09:00,全国紙,全国,産経新聞,自律型AI時代をどう生き抜くか?次世代リーダー必見のカンファレンス開催,https://www.sankei.com/article/20260729-JONX5ORFAJBSBG4D2MGTPB6NP4/?outputType=theme_event,https://www.sankei.com/,ok,,
2026-08-26,2026-08-26T06:14:38.318328+09:00,全国紙,全国,産経新聞,「ふくのわプロジェクト」で繋ぐ支援の輪 衣類が変えるパラスポーツの未来,https://www.sankei.com/article/20260407-TWVW43Z2BNAHLIGSULJSRHWT5Y/,https://www.sankei.com/,ok,,
2026-08-26,2026-08-26T06:14:38.318328+09:00,全国紙,全国,産経新聞,中印高官、国境問題で協議 関係改善狙い,https://www.sankei.com/article/20260826-BM54PFTNRNIVPBNO2XJCQ3GTCA/,https://www.sankei.com/,ok,,
2026-08-26,2026-08-26T06:14:38.318328+09:00,全国紙,全国,産経新聞,窃盗容疑で男子高校生を逮捕 「出し子」か,https://www.sankei.com/article/20260826-TK3LEC7525POPF7EIUAQVGKEJQ/,https://www.sankei.com/,ok,,
2026-08-26,2026-08-26T06:14:38.318328+09:00,全国紙,全国,産経新聞,ゼレンスキー氏、日本の防衛強化に意欲,https://www.sankei.com/article/20260825-DH4NPDLCMRPXNCUKQ674RYFVMM/,https://www.sankei.com/,ok,,
2026-08-26,2026-08-26T06:14:38.318328+09:00,全国紙,全国,東京新聞,「月給より高い」「生活できなくなる」...在留許可手数料の大幅引き上げに、外国人家庭は悲鳴,https://www.tokyo-np.co.jp/article/510821,https://www.tokyo-np.co.jp/,ok,,
2026-08-26,2026-08-26T06:14:38.318328+09:00,全国紙,全国,東京新聞,さいたま新都心での汚染土再利用が抱える影...「住民との合意なき搬出は解決にならない」識者は苦言,https://www.tokyo-np.co.jp/article/510828,https://www.tokyo-np.co.jp/,ok,,
2026-08-26,2026-08-26T06:14:38.318328+09:00,全国紙,全国,東京新聞,次々炎上、そして撤回...省庁が仕掛けた「タイアップ」 人気エンタメに便乗する思惑と足りなかったもの,https://www.tokyo-np.co.jp/article/510850,https://www.tokyo-np.co.jp/,ok,,
2026-08-26,2026-08-26T06:14:38.318328+09:00,全国紙,全国,東京新聞,消費税減税「課題」はどうなった? 税収減年4兆3000億円の手当ては、地方自治体への影響は,https://www.tokyo-np.co.jp/article/510843,https://www.tokyo-np.co.jp/,ok,,
2026-08-26,2026-08-26T06:14:38.318328+09:00,全国紙,全国,東京新聞,AIで親ロシア世論操作 チャットGPT不正利用,https://www.tokyo-np.co.jp/article/510887,https://www.tokyo-np.co.jp/,ok,,
2026-08-26,2026-08-26T06:14:38.318328+09:00,全国紙,全国,東京新聞,「朝鮮学校」の記述が消された不可解な理由...司法書士会連合会のガイドブックを巡り有志が「差別的」と提訴,https://www.tokyo-np.co.jp/article/510773,https://www.tokyo-np.co.jp/,ok,,
2026-08-26,2026-08-26T06:14:38.318328+09:00,全国紙,全国,東京新聞,「遺骨を見捨てる国に未来はない」...長生炭鉱の収容成功から1年、人々の消えない熱意と新たな取り組み,https://www.tokyo-np.co.jp/article/510849,https://www.tokyo-np.co.jp/,ok,,
2026-08-26,2026-08-26T06:14:38.318328+09:00,全国紙,全国,東京新聞,高市首相、再び「大変残念」...ICC赤根智子所長への制裁問題、アメリカへの今後の働きかけは言及を避ける,https://www.tokyo-np.co.jp/article/510833,https://www.tokyo-np.co.jp/,ok,,
2026-08-26,2026-08-26T06:14:38.318328+09:00,全国紙,全国,東京新聞,トランプ氏の「手ぬるい姿勢」に熱狂的支持層が失望...イラン攻撃から半年「敵をたたきのめすはずが」,https://www.tokyo-np.co.jp/article/510839,https://www.tokyo-np.co.jp/,ok,,
2026-08-26,2026-08-26T06:14:38.318328+09:00,全国紙,全国,東京新聞,〈政治まんが〉「打つ手も枯渇してきて」 佐藤正明傑作選「一笑両断2」販売中,https://www.tokyo-np.co.jp/article/510795,https://www.tokyo-np.co.jp/,ok,,
2026-08-26,2026-08-26T06:14:38.318328+09:00,全国紙,全国,東京新聞,同志社理事長、辞任の意向 校長は解任、辺野古沖転覆事故で,https://www.tokyo-np.co.jp/article/510720,https://www.tokyo-np.co.jp/,ok,,
2026-08-26,2026-08-26T06:14:38.318328+09:00,全国紙,全国,東京新聞,すぐそこにクマがいる日常 過去最多ペースの出没...街を守るために必要な「住民の継続的な協力」,https://www.tokyo-np.co.jp/article/510811,https://www.tokyo-np.co.jp/,ok,,
2026-08-26,2026-08-26T06:14:38.318328+09:00,全国紙,全国,東京新聞,パリ郊外に「ドラゴンボール」テーマパーク マンガ好きのマクロン大統領が巨額の投資計画を明らかに,https://www.tokyo-np.co.jp/article/510826,https://www.tokyo-np.co.jp/,ok,,
2026-08-26,2026-08-26T06:14:38.318328+09:00,全国紙,全国,東京新聞,避難所冷房整備5年前倒しで調整 小中学校体育館、夏場の災害対応,https://www.tokyo-np.co.jp/article/510855,https://www.tokyo-np.co.jp/,ok,,
2026-08-26,2026-08-26T06:14:38.318328+09:00,全国紙,全国,東京新聞,【独自】消費減税、中小零細農家へ給付金 売上高に応じ減収穴埋め,https://www.tokyo-np.co.jp/article/510845,https://www.tokyo-np.co.jp/,ok,,
2026-08-26,2026-08-26T06:14:38.318328+09:00,全国紙,全国,東京新聞,スキマバイトで「カイジの世界」を見た高校生からのメール 仮眠は土足の床、「左手輪ゴムの人」と呼ばれ...,https://www.tokyo-np.co.jp/article/377300,https://www.tokyo-np.co.jp/,ok,,
2026-08-26,2026-08-26T06:14:38.318328+09:00,全国紙,全国,東京新聞,〈動画〉望月衣塑子記者が行く 米トランプ政権のICC赤根所長への制裁 「最も強い言葉で非難」超党派議連,https://www.tokyo-np.co.jp/article/510729,https://www.tokyo-np.co.jp/,ok,,tag_movie
2026-08-26,2026-08-26T06:14:38.318328+09:00,全国紙,全国,東京新聞,〈動画〉望月衣塑子記者が飯田哲也さんに聞く なぜ日本は風力発電や蓄電池の普及が進まないのか?,https://www.tokyo-np.co.jp/article/510496,https://www.tokyo-np.co.jp/,ok,,tag_movie
2026-08-26,2026-08-26T06:14:38.318328+09:00,全国紙,全国,東京新聞,〈動画〉望月衣塑子記者が法政大元総長・田中優子氏に聞く 高市首相「繰り返させない」発言の真意は?,https://www.tokyo-np.co.jp/article/509956,https://www.tokyo-np.co.jp/,ok,,tag_movie
2026-08-26,2026-08-26T06:14:38.318328+09:00,全国紙,全国,東京新聞,関東地方、残暑厳しく館林で38.2°C 東京都心で23日ぶり猛暑日...高島平のサルスベリ並木が見ごろ,https://www.tokyo-np.co.jp/article/510816,https://www.tokyo-np.co.jp/,ok,,square
2026-08-26,2026-08-26T06:14:38.318328+09:00,全国紙,全国,中日新聞,熊本地震 義援金受け付けています,https://www.chunichi.co.jp/article/1291440,https://www.chunichi.co.jp/,ok,,
2026-08-26,2026-08-26T06:14:38.318328+09:00,全国紙,全国,中日新聞,支援かビジネスか、はざまで苦悩 営業電話の受話器を握るたび「これでいいのか」,https://www.chunichi.co.jp/article/1301647,https://www.chunichi.co.jp/,ok,,
2026-08-26,2026-08-26T06:14:38.318328+09:00,全国紙,全国,中日新聞,アジア大会選手・役員数増加に大村秀章知事「対応できない」 主催団体側が2千人増を公表,https://www.chunichi.co.jp/article/1301547,https://www.chunichi.co.jp/,ok,,
2026-08-26,2026-08-26T06:14:38.318328+09:00,全国紙,全国,中日新聞,愛知県が育休カバー職員に追加休暇付与へ カバー期間1カ月につき1日,https://www.chunichi.co.jp/article/1301557,https://www.chunichi.co.jp/,ok,,
2026-08-26,2026-08-26T06:14:38.318328+09:00,全国紙,全国,中日新聞,外来種が漂流ペットボトルキャップをヒッチハイク 三重・鳥羽の名大実験所などが解析「生態系ごと長距離輸送」,https://www.chunichi.co.jp/article/1301492,https://www.chunichi.co.jp/,ok,,
2026-08-26,2026-08-26T06:14:38.318328+09:00,全国紙,全国,中日新聞,滋賀県守山市の寺で日記発見 鎌倉幕府滅亡後、混乱の京都記す 「南北朝時代研究の貴重な史料」,https://www.chunichi.co.jp/article/1301273,https://www.chunichi.co.jp/,ok,,
2026-08-26,2026-08-26T06:14:38.318328+09:00,全国紙,全国,中日新聞,4戦ぶり先発起用の上林、先制2ランで流れ変える 中日4連勝、CS圏内まで2.5差,https://www.chunichi.co.jp/article/1301595,https://www.chunichi.co.jp/,ok,,
2026-08-26,2026-08-26T06:14:38.318328+09:00,全国紙,全国,中日新聞,前伊東市長・田久保被告のPCから卒業証書作成データ発見か 弁護側は無罪主張へ,https://www.chunichi.co.jp/article/1301580,https://www.chunichi.co.jp/,ok,,
2026-08-26,2026-08-26T06:14:38.318328+09:00,全国紙,全国,中日新聞,伊賀市長、パワハラ発言を否定 百条委が証人尋問,https://www.chunichi.co.jp/article/1301591,https://www.chunichi.co.jp/,ok,,
2026-08-26,2026-08-26T06:14:38.318328+09:00,全国紙,全国,中日新聞,和倉温泉の老舗旅館「加賀屋」28年度末再開へ 新館建設地鎮祭に隈研吾さんら出席,https://www.chunichi.co.jp/article/1301521,https://www.chunichi.co.jp/,ok,,
2026-08-26,2026-08-26T06:14:38.318328+09:00,全国紙,全国,中日新聞,在宅の「かけ子」をテレワーク向けアプリで管理 愛知県警の捜査で新手法浮上、一斉摘発逃れ,https://www.chunichi.co.jp/article/1301534,https://www.chunichi.co.jp/,ok,,
2026-08-26,2026-08-26T06:14:38.318328+09:00,全国紙,全国,中日新聞,2戦連発のサノー、「いつも『打てるぞ』と思って打席に向かっている」2017年ゲレーロ以来の『1年目20発』王手,https://www.chunichi.co.jp/article/1301673,https://www.chunichi.co.jp/,ok,,
2026-08-26,2026-08-26T06:14:38.318328+09:00,全国紙,全国,中日新聞,「移民ビジネス」外国人の受け入れを巡る現実と課題,https://www.chunichi.co.jp/article/1233264,https://www.chunichi.co.jp/,ok,,
2026-08-26,2026-08-26T06:14:38.318328+09:00,全国紙,全国,中日新聞,【南山大&中日新聞ポッドキャスト企画】アメリカを考える~独立宣言から250年の大変動,https://www.chunichi.co.jp/article/1270383,https://www.chunichi.co.jp/,ok,,
2026-08-26,2026-08-26T06:14:38.318328+09:00,全国紙,全国,中日新聞,【第1部・外国人団地】共生を目指す外国人労働者の姿を描く,https://www.chunichi.co.jp/article/1237076,https://www.chunichi.co.jp/,ok,,
2026-08-26,2026-08-26T06:14:38.318328+09:00,全国紙,全国,中日新聞,読者が選んだグッとコラム大賞は...?,https://www.chunichi.co.jp/article/1230731,https://www.chunichi.co.jp/,ok,,
2026-08-26,2026-08-26T06:14:38.318328+09:00,全国紙,全国,中日新聞,【デジタル地図】南海トラフ巨大地震の想定震度マップ。あなたの地域の想定震度をチェック,https://www.chunichi.co.jp/article/1046009,https://www.chunichi.co.jp/,ok,,
2026-08-26,2026-08-26T06:14:38.318328+09:00,全国紙,全国,中日新聞,【動画】ピアニストまらしぃさん、「あいち県民の日」アンバサダーに就任,https://www.chunichi.co.jp/article/1299566,https://www.chunichi.co.jp/,ok,,video
2026-08-26,2026-08-26T06:14:38.318328+09:00,全国紙,全国,中日新聞,【動画】アジア・アジアパラ大会の選手食堂を公開 ハラル食も提供,https://www.chunichi.co.jp/article/1299751,https://www.chunichi.co.jp/,ok,,video
2026-08-26,2026-08-26T06:14:38.318328+09:00,全国紙,全国,中日新聞,【インタビュー動画】須田亜香里さん、アジア・アジアパラ大会の本紙特約記者に就任,https://www.chunichi.co.jp/article/1298121,https://www.chunichi.co.jp/,ok,,video
2026-08-26,2026-08-26T06:14:38.318328+09:00,地方紙,長野,信濃毎日新聞,2年連続、佐久市で収穫前のスモモ320キロ盗まれる被害 「防犯カメラ付けたのに」肩落とす93歳08/26 06:05佐久市志賀の畑から収穫前のスモモが盗まれたことが25日までの関係者への取材で分かった。盗難被害は昨夏に続き2年連続。被害額は不明だが、今年も昨年と同様、被害量は4本に実った計320キロほどに上る。佐久署が盗みの疑いで調べている。,https://www.shinmai.co.jp/news/article/gf01da6p8f2m9tl84se17p40,https://www.shinmai.co.jp/,ok,,
2026-08-26,2026-08-26T06:14:38.318328+09:00,地方紙,長野,信濃毎日新聞,【熊本地震】長野県から今できる支援は?情報をまとめました08/04 17:00,https://www.shinmai.co.jp/news/article/SHEX2026080300004812,https://www.shinmai.co.jp/,ok,,
2026-08-26,2026-08-26T06:14:38.318328+09:00,地方紙,長野,信濃毎日新聞,「駅伝王国」支える長野県縦断駅伝が最大の岐路 コース短縮して「続ける」意義 全国では大会終了相次ぐ08/26 06:04,https://www.shinmai.co.jp/news/article/gf01da6nu92m9tl84se17ho0,https://www.shinmai.co.jp/,ok,,
2026-08-26,2026-08-26T06:14:38.318328+09:00,地方紙,長野,信濃毎日新聞,長野市で約300年続くかつお節店、10代目が看板下ろす決断 なじみ客からは惜しむ声08/26 06:03,https://www.shinmai.co.jp/news/article/gf01da6k712m9tl84se16ggg,https://www.shinmai.co.jp/,ok,,
2026-08-26,2026-08-26T06:14:38.318328+09:00,地方紙,長野,信濃毎日新聞,難病療養と生活両立を模索する中で見つけた“推し”と働く幸せ 松本市で木造住宅の魅力伝える28歳08/26 06:02,https://www.shinmai.co.jp/news/article/gf01da6lleam9tl84se16uj0,https://www.shinmai.co.jp/,ok,,
2026-08-26,2026-08-26T06:14:38.318328+09:00,地方紙,長野,信濃毎日新聞,おくやみ(8月26日付)08/26 06:00,https://www.shinmai.co.jp/news/article/gf01da6mstsaejegpfu2s5r0,https://www.shinmai.co.jp/,ok,,
2026-08-26,2026-08-26T06:14:38.318328+09:00,地方紙,長野,信濃毎日新聞,2長野県縦断駅伝、2027年大会から新コースで開催 松本城から伊那市役所までの約50キロに,https://www.shinmai.co.jp/news/article/gf01da6l7akaejegpfu2rn40,https://www.shinmai.co.jp/,ok,,
2026-08-26,2026-08-26T06:14:38.318328+09:00,地方紙,長野,信濃毎日新聞,3おくやみ速報(8月26日付分),https://www.shinmai.co.jp/news/article/gf01da6msrkaejegpfu2s5qg,https://www.shinmai.co.jp/,ok,,
2026-08-26,2026-08-26T06:14:38.318328+09:00,地方紙,長野,信濃毎日新聞,4松本市で原付バイクが事故 運転の70代女性が意識不明の重体,https://www.shinmai.co.jp/news/article/gf01da6nfdcaejegpfu2sa1g,https://www.shinmai.co.jp/,ok,,
2026-08-26,2026-08-26T06:14:38.318328+09:00,地方紙,長野,信濃毎日新聞,5立石公園と諏訪湖イベントひろば結ぶ無料バス、今秋運行へ 諏訪市、渋滞対策で実証実験,https://www.shinmai.co.jp/news/article/gf01da6n662m9tl84se17d10,https://www.shinmai.co.jp/,ok,,
2026-08-26,2026-08-26T06:14:38.318328+09:00,地方紙,長野,信濃毎日新聞,6JA全中の神農会長「仕入れ税額相当分の補填を」 消費減税巡る農家対策を農相に要請,https://www.shinmai.co.jp/news/article/gf01da6nmtqm9tl84se17geg,https://www.shinmai.co.jp/,ok,,
2026-08-26,2026-08-26T06:14:38.318328+09:00,地方紙,長野,信濃毎日新聞,7【追悼】玉村豊男さんが居を構え、ブドウを植え、長野県に「ワインバレー」が生まれた,https://www.shinmai.co.jp/news/article/gf01da6q3vim9tl84se17s0g,https://www.shinmai.co.jp/,ok,,
2026-08-26,2026-08-26T06:14:38.318328+09:00,地方紙,長野,信濃毎日新聞,9南信州広域連合、地下のごみピット「撤去できない」 飯田市のエプソン発電所計画撤退の用地,https://www.shinmai.co.jp/news/article/gf01da6o9ecaejegpfu2see0,https://www.shinmai.co.jp/,ok,,
2026-08-26,2026-08-26T06:14:38.318328+09:00,地方紙,長野,信濃毎日新聞,10佐久市で詐欺疑い 住所不定の大学生を逮捕 「受け子」か,https://www.shinmai.co.jp/news/article/gf01da6o0b2m9tl84se17i90,https://www.shinmai.co.jp/,ok,,
2026-08-26,2026-08-26T06:14:38.318328+09:00,地方紙,長野,信濃毎日新聞,【動画付き】「おらほ村」成果は出たが... 玉村豊男さんの敗北感(「玉村豊男とNAGANO WINEの30年」から)長野県社会主要訃報・おくやみウェブオリジナル東御市08/25 12:26,https://www.shinmai.co.jp/news/article/gf01da6gan2m9tl84se15i9g,https://www.shinmai.co.jp/,ok,,
2026-08-26,2026-08-26T06:14:38.318328+09:00,地方紙,長野,信濃毎日新聞,【4コマ】トンネル多過ぎ問題【ここがわからんばい!信州】長野県主要くらし・話題ウェブオリジナルここがわからんばい!信州08/25 11:30,https://www.shinmai.co.jp/news/article/gf01da3v41pgf3e481imo2tg,https://www.shinmai.co.jp/,ok,,
2026-08-26,2026-08-26T06:14:38.318328+09:00,地方紙,長野,信濃毎日新聞,アウェー熊本戦に現れたオレンジの応援団 AC長野で活躍する先輩に目を輝かせた子どもたち長野県スポーツウェブオリジナルサッカーAC長野パルセイロ08/25 07:30,https://www.shinmai.co.jp/news/article/gf01da62orcaejegpfu2p1g0,https://www.shinmai.co.jp/,ok,,
2026-08-26,2026-08-26T06:14:38.318328+09:00,地方紙,長野,信濃毎日新聞,「信頼は一瞬で崩れる」 山雅の元流経大キャプテンに待っていた落とし穴 ベンチ外の現実受け止め再出発長野県スポーツウェブオリジナルサッカー松本山雅松本市08/25 06:30,https://www.shinmai.co.jp/news/article/gf01da5sbkcaejegpfu2nhlg,https://www.shinmai.co.jp/,ok,,
2026-08-26,2026-08-26T06:14:38.318328+09:00,地方紙,長野,信濃毎日新聞,エメラルド色の池と花々をゆっくり楽しむ 母のリクエストで志賀高原の裏志賀山へ【動画付き】長野県社会信州の山ウェブオリジナル山ノ内町タカシが行く08/23 11:00,https://www.shinmai.co.jp/news/article/gf01da4muh0h93r5kirepfag,https://www.shinmai.co.jp/,ok,,
2026-08-26,2026-08-26T06:14:38.318328+09:00,地方紙,長野,信濃毎日新聞,AC長野・小林監督「守り方を迷ったが・・・メンタルのたくましさ出てきた」熊本戦後の談話長野県スポーツウェブオリジナルサッカーAC長野パルセイロ08/22 22:06,https://www.shinmai.co.jp/news/article/gf01da4pna1gf3e481ims54g,https://www.shinmai.co.jp/,ok,,
2026-08-26,2026-08-26T06:14:38.318328+09:00,地方紙,京都,京都新聞,人事異動ポータル,https://www.kyoto-np.co.jp/articles/-/1250583,https://www.kyoto-np.co.jp/,ok,,
2026-08-26,2026-08-26T06:14:38.318328+09:00,地方紙,京都,京都新聞,速報NY株3日続伸、160ドル高,https://www.kyoto-np.co.jp/articles/-/1778071,https://www.kyoto-np.co.jp/,ok,,
2026-08-26,2026-08-26T06:14:38.318328+09:00,地方紙,京都,京都新聞,京都・由良川水系や桂川水系の源流域の「山岳トンネル」アユや農業への影響は? 流域の尽きぬ不安4:50地域川の水源に影響はないのか-。北陸新幹線敦賀(福井県)-新大阪延伸計画のルート再検証で与党整備委員会が合意したJR桂川駅(京都市南区)付近を...,https://www.kyoto-np.co.jp/articles/-/1775880,https://www.kyoto-np.co.jp/,ok,,
2026-08-26,2026-08-26T06:14:38.318328+09:00,地方紙,京都,京都新聞,連立与党入りした高市政権や北陸新幹線延伸ルート合意をどう考える? 維新京都府総支部代表・前原誠司氏に聞く5:10市内衆院選の自民党圧勝から半年が過ぎた。皇室典範改正や消費税減税議論など激しく動く政治の波は、地方にも及ぶ。次の決戦は来春の統一地方選。京都の...,https://www.kyoto-np.co.jp/articles/-/1777305,https://www.kyoto-np.co.jp/,ok,,
2026-08-26,2026-08-26T06:14:38.318328+09:00,地方紙,京都,京都新聞,京都府中部「総合学科」を置く公立高校 100超の選択科目から柔軟な学び、高校無償化の影響は?4:50地域少子化の影響で地域の中学生人口の減少に加えて、本年度から始まった国の高校授業料無償化施策の影響で都市部の私立高への進学志向が強まっている。...,https://www.kyoto-np.co.jp/articles/-/1775143,https://www.kyoto-np.co.jp/,ok,,
2026-08-26,2026-08-26T06:14:38.318328+09:00,地方紙,京都,京都新聞,学校法人同志社、理事長辞任意向も厳しい声「対応遅すぎる」「体質変えなければ同じ」理事長の受け止めは6:00沖縄県名護市辺野古沖で同志社国際高の生徒らが乗ったボートの転覆事故が発生してから半年近く。この間、公の場に姿を現わさず沈黙を続けてきた学校...,https://www.kyoto-np.co.jp/articles/-/1777926,https://www.kyoto-np.co.jp/,ok,,
2026-08-26,2026-08-26T06:14:38.318328+09:00,地方紙,京都,京都新聞,京都の産学公トップが考える京都の交通課題を共有「改革」求めて、相次いだ多彩な提案内容は5:05京都の経済団体、大学、行政のトップが都市の課題を話し合う「京都未来戦略会議」が25日、京都市中京区のホテルで開かれた。訪日客の増加で市内の...,https://www.kyoto-np.co.jp/articles/-/1777946,https://www.kyoto-np.co.jp/,ok,,
2026-08-26,2026-08-26T06:14:38.318328+09:00,地方紙,京都,京都新聞,史上空前「10.8決戦」前に巨人長嶋茂雄がエース桑田真澄に告げた言葉とは 「俺たちは...」大阪で追悼展5:40地域「ミスタープロ野球」元巨人監督の長嶋茂雄さんの追悼展が大阪市の大阪高島屋で始まったのに合わせ、元巨人投手の桑田真澄さんが来場し、長嶋さんと...,https://www.kyoto-np.co.jp/articles/-/1776942,https://www.kyoto-np.co.jp/,ok,,
2026-08-26,2026-08-26T06:14:38.318328+09:00,地方紙,京都,京都新聞,大阪中心部ショップに押し寄せる若者...目当ては最旬「新顔」スニーカー 誰もが知るメーカー「変貌」で人気に5:30地域京都市の百貨店に入っている30~40代女性向け人気アパレル店に、付き添いで足を運んで目を疑った。大阪市の有名スポーツメーカーの靴が飾られて...,https://www.kyoto-np.co.jp/articles/-/1773890,https://www.kyoto-np.co.jp/,ok,,
2026-08-26,2026-08-26T06:14:38.318328+09:00,地方紙,京都,京都新聞,京都サンガのMF佐藤響 守備が「少しまだ全体的にはまってない」 一問一答8月25日地域,https://www.kyoto-np.co.jp/articles/-/1777161,https://www.kyoto-np.co.jp/,ok,,
2026-08-26,2026-08-26T06:14:38.318328+09:00,地方紙,京都,京都新聞,京都サンガのMF平戸太貴「自分たちで難しい展開にしている」 一問一答8月25日地域,https://www.kyoto-np.co.jp/articles/-/1777160,https://www.kyoto-np.co.jp/,ok,,
2026-08-26,2026-08-26T06:14:38.318328+09:00,地方紙,京都,京都新聞,京都サンガのMF新井晴樹 古巣相手に「シンプルに悔しい」 一問一答8月25日地域,https://www.kyoto-np.co.jp/articles/-/1777162,https://www.kyoto-np.co.jp/,ok,,
2026-08-26,2026-08-26T06:14:38.318328+09:00,地方紙,京都,京都新聞,京都サンガのDF永田倖大が語る開幕3試合の共通点は 見つめる守備の「ずれ」 一問一答8月25日地域,https://www.kyoto-np.co.jp/articles/-/1777058,https://www.kyoto-np.co.jp/,ok,,
2026-08-26,2026-08-26T06:14:38.318328+09:00,地方紙,京都,京都新聞,京都サンガのFWエベルトン・マセイオ サンガデビュー戦で何を意識した 一問一答8月25日地域,https://www.kyoto-np.co.jp/articles/-/1777057,https://www.kyoto-np.co.jp/,ok,,
2026-08-26,2026-08-26T06:14:38.318328+09:00,地方紙,京都,京都新聞,大阪に誕生「第3の広尾学園」は驚異的速度で「人気難関校」になるか 教育アップデートで東京本家より「速く」8月25日地域,https://www.kyoto-np.co.jp/articles/-/1773872,https://www.kyoto-np.co.jp/,ok,,
2026-08-26,2026-08-26T06:14:38.318328+09:00,地方紙,京都,京都新聞,京都発こだわり「ジュース」ブランドが有名百貨店に進出 「畑見てなんぼ」社長に宿る始末の心8月25日地域,https://www.kyoto-np.co.jp/articles/-/1769751,https://www.kyoto-np.co.jp/,ok,,
2026-08-26,2026-08-26T06:14:38.318328+09:00,地方紙,京都,京都新聞,皇室典範改正や消費税減税議論、どう考える? 自民党京都府連会長・本田太郎氏にきく8月25日市内,https://www.kyoto-np.co.jp/articles/-/1777224,https://www.kyoto-np.co.jp/,ok,,
2026-08-26,2026-08-26T06:14:38.318328+09:00,地方紙,京都,京都新聞,大阪中心部「将来の難関進学校」が28年入試「東京実施」検討 生徒1200人規模へ、帰国生受け皿にも8月24日地域,https://www.kyoto-np.co.jp/articles/-/1773884,https://www.kyoto-np.co.jp/,ok,,
2026-08-26,2026-08-26T06:14:38.318328+09:00,地方紙,京都,京都新聞,クマトラッカー 日本各地のクマ出没情報、被害統計と対処法のガイド全国・海外,https://www.kyoto-np.co.jp/articles/-/1597013,https://www.kyoto-np.co.jp/,ok,,
2026-08-26,2026-08-26T06:14:38.318328+09:00,地方紙,京都,京都新聞,追悼特集「面影をたどって」 亡くなった著名人の生前の姿をしのぶ全国・海外,https://www.kyoto-np.co.jp/articles/-/1747763,https://www.kyoto-np.co.jp/,ok,,
2026-08-26,2026-08-26T06:14:38.318328+09:00,地方紙,兵庫,神戸新聞,淡路市の観光施設「ONOKORO」11月末閉園へ アトラクション老朽化、修理費の調達困難で,https://www.kobe-np.co.jp/news/society/202608/0020746391.shtml,https://www.kobe-np.co.jp/,ok,,
2026-08-26,2026-08-26T06:14:38.318328+09:00,地方紙,兵庫,神戸新聞,尼崎市長選 現職の松本氏が再選目指し立候補へ 11月15日投開票,https://www.kobe-np.co.jp/news/society/202608/0020746388.shtml,https://www.kobe-np.co.jp/,ok,,
2026-08-26,2026-08-26T06:14:38.318328+09:00,地方紙,兵庫,神戸新聞,加古川市、水道料金値上げ検討 物価高、人口減などで28年度の事業赤字見込み,https://www.kobe-np.co.jp/news/touban/202608/0020745716.shtml,https://www.kobe-np.co.jp/,ok,,
2026-08-26,2026-08-26T06:14:38.318328+09:00,地方紙,兵庫,神戸新聞,<兵庫⇔台湾、韓国 近づく商圏>(5)蒸し豆 トランプ関税で逆風 新天地へ,https://www.kobe-np.co.jp/news/economy/202608/0020746358.shtml,https://www.kobe-np.co.jp/,ok,,
2026-08-26,2026-08-26T06:14:38.318328+09:00,地方紙,兵庫,神戸新聞,熱中症予防 薬剤師会が一役 姫路市が「対策普及団体」に初指定 薬局で休憩、症状の相談も,https://www.kobe-np.co.jp/news/himeji/202608/0020746023.shtml,https://www.kobe-np.co.jp/,ok,,
2026-08-26,2026-08-26T06:14:38.318328+09:00,地方紙,兵庫,神戸新聞,呑吐ダムと大川瀬ダム、20%の取水制限へ 長引く少雨影響で26日から 上水・農業用水が対象,https://www.kobe-np.co.jp/news/society/202608/0020744913.shtml,https://www.kobe-np.co.jp/,ok,,
2026-08-26,2026-08-26T06:14:38.318328+09:00,地方紙,兵庫,神戸新聞,洲本副市長に大谷氏 元市理事 市会、人事案に同意,https://www.kobe-np.co.jp/news/awaji/202608/0020746100.shtml,https://www.kobe-np.co.jp/,ok,,
2026-08-26,2026-08-26T06:14:38.318328+09:00,地方紙,兵庫,神戸新聞,明石市民病院、3年連続の赤字 物価高など影響 25年度決算,https://www.kobe-np.co.jp/news/akashi/202608/0020745924.shtml,https://www.kobe-np.co.jp/,ok,,
2026-08-26,2026-08-26T06:14:38.318328+09:00,地方紙,兵庫,神戸新聞,<消えない傷跡~誘拐事件の背景にあるもの>(3)家族 「母は私を暴力のはけ口に」 同じ境遇の人とつながり求め,https://www.kobe-np.co.jp/news/miki/202608/0020745962.shtml,https://www.kobe-np.co.jp/,ok,,
2026-08-26,2026-08-26T06:14:38.318328+09:00,地方紙,兵庫,神戸新聞,北陸のソウルフード「8番らーめん」 ガッツリ系の新ブランド、姫路駅前店が26日オープン,https://www.kobe-np.co.jp/news/himeji/202608/0020742710.shtml,https://www.kobe-np.co.jp/,ok,,
2026-08-26,2026-08-26T06:14:38.318328+09:00,地方紙,兵庫,神戸新聞,須磨海岸近くに止めた車内で大麻1グラムを所持した疑い 15~19歳の男ら5人逮捕 神戸,https://www.kobe-np.co.jp/news/jiken/202608/0020744542.shtml,https://www.kobe-np.co.jp/,ok,,
2026-08-26,2026-08-26T06:14:38.318328+09:00,地方紙,兵庫,神戸新聞,食道がんの新薬発売 神戸・ポーアイ拠点のベンチャー 世界初ウイルス製剤「手術など難しい人の選択肢に」,https://www.kobe-np.co.jp/news/economy/202608/0020745490.shtml,https://www.kobe-np.co.jp/,ok,,
2026-08-26,2026-08-26T06:14:38.318328+09:00,地方紙,兵庫,神戸新聞,<北の大地と 開拓が結ぶ三田-浦河>(番外編)入植から145年、感じる当時の息吹 旧三田藩士らの足跡をたどる,https://www.kobe-np.co.jp/news/sanda/202608/0020746198.shtml,https://www.kobe-np.co.jp/,ok,,
2026-08-26,2026-08-26T06:14:38.318328+09:00,地方紙,兵庫,神戸新聞,<話題の人>大和証券・谷川弘常務執行役員 企業・資産価値の成長支援,https://www.kobe-np.co.jp/news/economy/202608/0020745089.shtml,https://www.kobe-np.co.jp/,ok,,
2026-08-26,2026-08-26T06:14:38.318328+09:00,地方紙,兵庫,神戸新聞,豊岡出身の中高生、スポーツで飛躍 女子野球、ボート、バレー,https://www.kobe-np.co.jp/news/tajima/202608/0020746066.shtml,https://www.kobe-np.co.jp/,ok,,
2026-08-26,2026-08-26T06:14:38.318328+09:00,地方紙,兵庫,神戸新聞,<県政リアル 知事就任5年>(6)距離感 離れた大阪、県内首長も模索,https://www.kobe-np.co.jp/news/society/202608/0020681985.shtml,https://www.kobe-np.co.jp/,ok,,
2026-08-26,2026-08-26T06:14:38.318328+09:00,地方紙,兵庫,神戸新聞,<さいとうさんと「私」再び>対立 乗り越えるには 読者の反響編,https://www.kobe-np.co.jp/news/society/202607/0020625928.shtml,https://www.kobe-np.co.jp/,ok,,
2026-08-26,2026-08-26T06:14:38.318328+09:00,地方紙,兵庫,神戸新聞,「住みたい街」西宮、魅力維持へ進化中 タワマン、図書館...中心部の駅前で相次ぐ再開発,https://www.kobe-np.co.jp/news/society/202608/0020742471.shtml,https://www.kobe-np.co.jp/,ok,,
2026-08-26,2026-08-26T06:14:38.318328+09:00,地方紙,兵庫,神戸新聞,<部活動 変わる放課後 コベカツ>(6)運営態勢、資金繰りに腐心 丁寧な指導好評、スポンサーも確保,https://www.kobe-np.co.jp/news/kobe/202608/0020745449.shtml,https://www.kobe-np.co.jp/,ok,,
2026-08-26,2026-08-26T06:14:38.318328+09:00,地方紙,兵庫,神戸新聞,神戸市中央区の「危ない交差点」 曲がってすぐの横断歩道に注意 信号見落とすケースも,https://www.kobe-np.co.jp/news/richb/202608/0020746271.shtml,https://www.kobe-np.co.jp/,ok,,
2026-08-26,2026-08-26T06:14:38.318328+09:00,地方紙,熊本,熊本日日新聞,【スマホ利用 トラブル防ぐには】情報見極め セキュリティー対策を(岡井将洋弁護士),https://kumanichi.com/articles/2028769,https://kumanichi.com/rss.xml,ok,,
2026-08-26,2026-08-26T06:14:38.318328+09:00,地方紙,熊本,熊本日日新聞,為替相場 26日(日本時間 6時),https://kumanichi.com/articles/2028915,https://kumanichi.com/rss.xml,ok,,
2026-08-26,2026-08-26T06:14:38.318328+09:00,地方紙,熊本,熊本日日新聞,NY原油続落、終値82ドル台,https://kumanichi.com/articles/2028968,https://kumanichi.com/rss.xml,ok,,
2026-08-26,2026-08-26T06:14:38.318328+09:00,地方紙,熊本,熊本日日新聞,NY株続伸、160ドル高,https://kumanichi.com/articles/2028967,https://kumanichi.com/rss.xml,ok,,
2026-08-26,2026-08-26T06:14:38.318328+09:00,地方紙,熊本,熊本日日新聞,教団被害「今こそ声を」,https://kumanichi.com/articles/2028966,https://kumanichi.com/rss.xml,ok,,
2026-08-26,2026-08-26T06:14:38.318328+09:00,地方紙,熊本,熊本日日新聞,海峡暫定航路「近く発表」,https://kumanichi.com/articles/2028965,https://kumanichi.com/rss.xml,ok,,
2026-08-26,2026-08-26T06:14:38.318328+09:00,地方紙,熊本,熊本日日新聞,米上院予備選で決選投票,https://kumanichi.com/articles/2028963,https://kumanichi.com/rss.xml,ok,,
2026-08-26,2026-08-26T06:14:38.318328+09:00,地方紙,熊本,熊本日日新聞,NY株式 25日終値,https://kumanichi.com/articles/2028964,https://kumanichi.com/rss.xml,ok,,
2026-08-26,2026-08-26T06:14:38.318328+09:00,地方紙,熊本,熊本日日新聞,AIで親ロシア世論操作,https://kumanichi.com/articles/2028962,https://kumanichi.com/rss.xml,ok,,
2026-08-26,2026-08-26T06:14:38.318328+09:00,地方紙,熊本,熊本日日新聞,ホンダ、米で新工場を検討,https://kumanichi.com/articles/2028960,https://kumanichi.com/rss.xml,ok,,
2026-08-26,2026-08-26T06:14:38.318328+09:00,地方紙,鹿児島,南日本新聞,2027鹿児島県議選 現職最長10期目の田之上元議長、高齢理由に不出馬を表明鹿児島県議会元議長で霧島市・姶良郡区(定数4)選出の田之上耕三議員(83)は25日、県庁で会見を開き、来春に予定される県議選に出馬しない意向を明らかにした。後継は立てない。 「気力、体力ともにまだ大丈夫だが、年齢を考えた」と述べ、高齢を理由に出馬しないと説明した。県議選には自民県連の選対副委員長として関わる。 田之上議員は1987年、3度目の挑戦で県議初当選し現職では最長の10期8月26日 06:00,https://373news.com/news/local/detail/238561/,https://373news.com/,ok,,local
2026-08-26,2026-08-26T06:14:38.318328+09:00,地方紙,鹿児島,南日本新聞,奄美地方で線状降水帯発生8月25日 23:40,https://373news.com/news/local/detail/238564/,https://373news.com/,ok,,local
2026-08-26,2026-08-26T06:14:38.318328+09:00,地方紙,鹿児島,南日本新聞,鹿児島県がようやく「公文書センター」を9月に設置、全国で最後――県庁内の既存施設に機能追加、学芸員は配置せず8月25日 22:30,https://373news.com/news/local/detail/238563/,https://373news.com/,ok,,local
2026-08-26,2026-08-26T06:14:38.318328+09:00,地方紙,鹿児島,南日本新聞,飲酒運転根絶を 先輩が犠牲の鹿大馬術部員ら訴え 福岡・3児死亡事故から20年8月25日 21:19,https://373news.com/news/local/detail/238559/,https://373news.com/,ok,,local
2026-08-26,2026-08-26T06:14:38.318328+09:00,地方紙,鹿児島,南日本新聞,2学期始業日、宿題忘れで指導受け、その後自宅で...同級生ら今も慕う15歳――母の願い「同じ悲劇を防ぎたい。大人が防げると知ってほしい」 鹿児島市中3自殺訴訟 26日判決8月25日 20:30,https://373news.com/news/local/detail/238522/,https://373news.com/,ok,,local
2026-08-26,2026-08-26T06:14:38.318328+09:00,地方紙,鹿児島,南日本新聞,【台風18号】26日昼前まで奄美暴風域か――線状降水帯が発生8月25日 20:23,https://373news.com/news/local/detail/238554/,https://373news.com/,ok,,local
2026-08-26,2026-08-26T06:14:38.318328+09:00,地方紙,鹿児島,南日本新聞,全国最年少14歳のドローン減災士の中村輝斗さん、熊本地震被災地で家屋調査――自宅被災の記憶と「恩返しがしたい」想いを胸に8月25日 20:00,https://373news.com/news/local/detail/238284/,https://373news.com/,ok,,local
2026-08-26,2026-08-26T06:14:38.318328+09:00,地方紙,鹿児島,南日本新聞,不正入手のクレカでトレカ――計3500円相当、店舗販売員を詐欺容疑で逮捕8月25日 19:30,https://373news.com/news/local/detail/238552/,https://373news.com/,ok,,local
2026-08-26,2026-08-26T06:14:38.318328+09:00,地方紙,鹿児島,南日本新聞,けがを負わせ、2000円脅し取り、殴り合いをさせる――容疑で16歳の少年2人逮捕8月25日 19:20,https://373news.com/news/local/detail/238551/,https://373news.com/,ok,,local
2026-08-26,2026-08-26T06:14:38.318328+09:00,地方紙,鹿児島,南日本新聞,2〈詳報〉遺体発見から1カ月後急転「殺人事件」に...飲食店経営女性(49)未明に帰宅後、殺害されたか 「料理上手で気さく」過去にトラブル相談も,https://373news.com/news/local/detail/238500/,https://373news.com/,ok,,local
2026-08-26,2026-08-26T06:14:38.318328+09:00,地方紙,鹿児島,南日本新聞,3不登校の娘が部屋から出なくなって30年...70代になった母は案じる「親が死んだら独りになる」――大人の「ひきこもり」の相談急増、支援に課題,https://373news.com/news/local/detail/238438/,https://373news.com/,ok,,local
2026-08-26,2026-08-26T06:14:38.318328+09:00,地方紙,鹿児島,南日本新聞,423年間、1000人のアーティストを迎えた鹿児島の天文館画廊が閉店――1階陶器、2階ギャラリー、3階絵画教室...カフェにバルも――経営者の東條さん「いろんな人と知り合い、つながっていった」,https://373news.com/news/local/detail/238520/,https://373news.com/,ok,,local
2026-08-26,2026-08-26T06:14:38.318328+09:00,地方紙,鹿児島,南日本新聞,5電気自動車のバッテリー63万円分盗んだ疑い――リサイクル業者に自ら売却か 47歳男を逮捕、鹿児島西署,https://373news.com/news/local/detail/238524/,https://373news.com/,ok,,local
2026-08-26,2026-08-26T06:14:38.318328+09:00,地方紙,鹿児島,南日本新聞,7鹿屋市で殺人事件 飲食店経営女性(49)が死亡,https://373news.com/news/local/detail/238467/,https://373news.com/,ok,,local
2026-08-26,2026-08-26T06:14:38.318328+09:00,地方紙,鹿児島,南日本新聞,8神村学園ダンス部がU18アジア大会で初優勝――正確な動き、同調性に高評価 指導者がAIで作った曲も好評,https://373news.com/news/local/detail/238504/,https://373news.com/,ok,,local
2026-08-26,2026-08-26T06:14:38.318328+09:00,地方紙,鹿児島,南日本新聞,10塗り薬とチョコレート...ズボンのポケットに隠し店を出た66歳――防犯カメラが捉えた「約2400円」の代償,https://373news.com/news/local/detail/238489/,https://373news.com/,ok,,local
2026-08-26,2026-08-26T06:14:38.318328+09:00,地方紙,鹿児島,南日本新聞,「暑くないから大丈夫」そう言い張る高齢の親...冷房をつけさせたいけど、どう声かけたらいいの?――鹿児島の看護師が教える「否定しない伝え方」は8月20日 11:30,http://373news.com/lineup/kotimina/detail/238277/,https://373news.com/,ok,,
2026-08-26,2026-08-26T06:14:38.318328+09:00,地方紙,鹿児島,南日本新聞,AIで親ロシア世論操作 チャットGPT不正利用8月26日 05:44,https://373news.com/news/national/detail/2026082601000057/,https://373news.com/,ok,,national
2026-08-26,2026-08-26T06:14:38.318328+09:00,地方紙,鹿児島,南日本新聞,避難所冷房整備5年前倒しで調整 小中学校体育館、夏場の災害対応8月25日 21:25,https://373news.com/news/national/detail/2026082501001722/,https://373news.com/,ok,,national
2026-08-26,2026-08-26T06:14:38.318328+09:00,地方紙,鹿児島,南日本新聞,【独自】消費減税、中小零細農家へ給付金 売上高に応じ減収穴埋め8月25日 21:00,https://373news.com/news/national/detail/2026082501001645/,https://373news.com/,ok,,national
2026-08-26,2026-08-26T06:14:38.318328+09:00,地方紙,沖縄,沖縄タイムス,【台風18号】沖縄本島が暴風域に 78歳女性が頭を打ち搬送 北大東で最大瞬間風速42.2メートル8月25日 22:53台風強い台風18号は25日午後9時現在、鹿児島県沖永良部島の南東にあり、沖縄本島地方を暴風に巻き込みながら時速20キロで西北西に進んでいる。大東島地方は北大東空港で最大瞬間風速42・2メートルを観測した。,https://www.okinawatimes.co.jp/articles/-/1909517,https://www.okinawatimes.co.jp/,ok,,
2026-08-26,2026-08-26T06:14:38.318328+09:00,地方紙,沖縄,沖縄タイムス,【動画あり】下地幹郎氏の立候補取り下げ「自民側から打診」 後援会長が経緯明かす 沖縄知事選22:50有料#沖縄県知事選,https://www.okinawatimes.co.jp/articles/-/1909520,https://www.okinawatimes.co.jp/,ok,,
2026-08-26,2026-08-26T06:14:38.318328+09:00,地方紙,沖縄,沖縄タイムス,2027年度沖縄予算、概算要求は2897億円 6年連続の3千億円割れ5:08有料#沖縄予算,https://www.okinawatimes.co.jp/articles/-/1909641,https://www.okinawatimes.co.jp/,ok,,
2026-08-26,2026-08-26T06:14:38.318328+09:00,地方紙,沖縄,沖縄タイムス,沖縄知事選 あす8月27日告示5:12有料#沖縄県知事選,https://www.okinawatimes.co.jp/articles/-/1909640,https://www.okinawatimes.co.jp/,ok,,
2026-08-26,2026-08-26T06:14:38.318328+09:00,地方紙,沖縄,沖縄タイムス,[大弦小弦]「通販生活」が突きつけた問い6:00有料#大弦小弦,https://www.okinawatimes.co.jp/articles/-/1909643,https://www.okinawatimes.co.jp/,ok,,
2026-08-26,2026-08-26T06:14:38.318328+09:00,地方紙,沖縄,沖縄タイムス,下地幹郎氏の県知事選不出馬 自民県連「寝耳に水」 玉城・古謝氏戦略見直しへ5:51有料#沖縄県知事選,https://www.okinawatimes.co.jp/articles/-/1909645,https://www.okinawatimes.co.jp/,ok,,
2026-08-26,2026-08-26T06:14:38.318328+09:00,地方紙,沖縄,沖縄タイムス,【台風18号】沖縄都市モノレール、26日は始発から運行21:43#台風,https://www.okinawatimes.co.jp/articles/-/1909491,https://www.okinawatimes.co.jp/,ok,,
2026-08-26,2026-08-26T06:14:38.318328+09:00,地方紙,沖縄,沖縄タイムス,【台風18号】沖縄本島の路線バス、26日は始発から通常運行 北部の一部除く18:37#台風,https://www.okinawatimes.co.jp/articles/-/1909387,https://www.okinawatimes.co.jp/,ok,,
2026-08-26,2026-08-26T06:14:38.318328+09:00,地方紙,沖縄,沖縄タイムス,沖縄知事選、下地幹郎氏が立候補取りやめを表明18:46#沖縄県知事選,https://www.okinawatimes.co.jp/articles/-/1909367,https://www.okinawatimes.co.jp/,ok,,
2026-08-26,2026-08-26T06:14:38.318328+09:00,地方紙,沖縄,沖縄タイムス,【台風18号】沖縄本島全域に暴風警報 26日昼前までに暴風域を抜ける見込み18:00#台風,https://www.okinawatimes.co.jp/articles/-/1909352,https://www.okinawatimes.co.jp/,ok,,
2026-08-26,2026-08-26T06:14:38.318328+09:00,地方紙,沖縄,沖縄タイムス,7月の沖縄観光客数96万3900人 台風接近でも前年同月比1.7%増、その理由は?19:34有料#沖縄の経済,https://www.okinawatimes.co.jp/articles/-/1909398,https://www.okinawatimes.co.jp/,ok,,
2026-08-26,2026-08-26T06:14:38.318328+09:00,地方紙,沖縄,沖縄タイムス,【台風18号】泊大橋など通行止めへ 橋や道路の規制情報(25日午後5時半:随時更新)17:40#台風,https://www.okinawatimes.co.jp/articles/-/1909224,https://www.okinawatimes.co.jp/,ok,,
2026-08-26,2026-08-26T06:14:38.318328+09:00,地方紙,沖縄,沖縄タイムス,2027年度沖縄関係予算、概算要求で2897億円 前年度比68億円増 フィジカルAI開発など新規計上10:59有料#沖縄関係予算,https://www.okinawatimes.co.jp/articles/-/1909025,https://www.okinawatimes.co.jp/,ok,,
2026-08-26,2026-08-26T06:14:38.318328+09:00,地方紙,沖縄,沖縄タイムス,基地問題で持論展開 玉城・古謝・下地の3氏、互いの政策問う 沖縄タイムスとRBC共催のクロス討論会8:52有料#沖縄県知事選,https://www.okinawatimes.co.jp/articles/-/1908777,https://www.okinawatimes.co.jp/,ok,,
2026-08-26,2026-08-26T06:14:38.318328+09:00,地方紙,沖縄,沖縄タイムス,【台風18号】那覇空港ターミナル、26日は通常通り午前6時開館(動画)17:27#台風,https://www.okinawatimes.co.jp/articles/-/1909337,https://www.okinawatimes.co.jp/,ok,,
2026-08-26,2026-08-26T06:14:38.318328+09:00,地方紙,沖縄,沖縄タイムス,【台風18号速報まとめ】最新の進路・休業・交通・イベント中止情報(随時更新)23:12#台風,https://www.okinawatimes.co.jp/articles/-/1908387,https://www.okinawatimes.co.jp/,ok,,
2026-08-26,2026-08-26T06:14:38.318328+09:00,地方紙,沖縄,沖縄タイムス,さんぺい さんがコメント(8月25日 21:15),https://www.okinawatimes.co.jp/articles/-/1908027,https://www.okinawatimes.co.jp/,ok,,
2026-08-26,2026-08-26T06:14:38.318328+09:00,地方紙,沖縄,沖縄タイムス,仲座健太 さんがコメント(8月25日 10:18),https://www.okinawatimes.co.jp/articles/-/1908676,https://www.okinawatimes.co.jp/,ok,,
2026-08-26,2026-08-26T06:14:38.318328+09:00,その他メディア,,時事通信,ウクライナのゼレンスキー大統領、日本と「価値観近い」 天皇陛下と高市首相に謝意も,https://www.jiji.com/jc/article?k=2026082600142&g=pol,https://news.ceek.jp/search.cgi?category_id=politics&feed=1,ok,,政治
2026-08-26,2026-08-26T06:14:38.318328+09:00,全国紙,全国,日本経済新聞,自民・松川るい氏、防衛用のドローン開発「スタートアップ応援を」,https://www.nikkei.com/article/DGXZQOUA107PB0Q6A810C2000000/,https://news.ceek.jp/search.cgi?category_id=politics&feed=1,ok,,政治
2026-08-26,2026-08-26T06:14:38.318328+09:00,全国紙,全国,読売新聞,沖縄知事選あす告示 自民 奪還へ保守結集 オール沖縄 牙城死守...下地氏 不出馬を表明,https://www.yomiuri.co.jp/election/20260826-GYT1T00062/,https://news.ceek.jp/search.cgi?category_id=politics&feed=1,ok,,政治
2026-08-26,2026-08-26T06:14:38.318328+09:00,全国紙,全国,読売新聞,原発と再生エネルギーを最大活用、脱炭素へGX加速...エネルギー多角化へ政策パッケージ案,https://www.yomiuri.co.jp/politics/20260825-GYT1T00417/,https://news.ceek.jp/search.cgi?category_id=politics&feed=1,ok,,政治
2026-08-26,2026-08-26T06:14:38.318328+09:00,全国紙,全国,読売新聞,AI学習「開示」原則策定 知財保護 罰則の適用見送り,https://www.yomiuri.co.jp/politics/20260826-GYT1T00059/,https://news.ceek.jp/search.cgi?category_id=politics&feed=1,ok,,政治
2026-08-26,2026-08-26T06:14:38.318328+09:00,全国紙,全国,読売新聞,高市首相の一日(25日),https://www.yomiuri.co.jp/politics/20260826-GYT1T00065/,https://news.ceek.jp/search.cgi?category_id=politics&feed=1,ok,,政治
2026-08-26,2026-08-26T06:14:38.318328+09:00,全国紙,全国,読売新聞,消費税減税 対案作成へ 中立公 来月前半すり合わせ,https://www.yomiuri.co.jp/politics/20260826-GYT1T00018/,https://news.ceek.jp/search.cgi?category_id=politics&feed=1,ok,,政治
2026-08-26,2026-08-26T06:14:38.318328+09:00,全国紙,全国,読売新聞,外務省人事(9月1日),https://www.yomiuri.co.jp/politics/20260826-GYT1T00023/,https://news.ceek.jp/search.cgi?category_id=politics&feed=1,ok,,政治
2026-08-26,2026-08-26T06:14:38.318328+09:00,全国紙,全国,読売新聞,内閣府人事(9月1日),https://www.yomiuri.co.jp/politics/20260826-GYT1T00025/,https://news.ceek.jp/search.cgi?category_id=politics&feed=1,ok,,政治
2026-08-26,2026-08-26T06:14:38.318328+09:00,全国紙,全国,読売新聞,公安調査庁強化に60億円 インテリジェンス 調査官104人増員 法務省要求,https://www.yomiuri.co.jp/politics/20260826-GYT1T00028/,https://news.ceek.jp/search.cgi?category_id=politics&feed=1,ok,,政治
2026-08-26,2026-08-26T06:14:38.318328+09:00,その他メディア,,WEDGE Infinity,日本人の「平和観」はなぜすれ違うのか?元防衛官僚が徹底解説、「消極的平和」と「積極的平和」の違い、安全保障の世界は矛盾だらけ,https://wedge.ismedia.jp/articles/-/41000,https://news.ceek.jp/search.cgi?category_id=politics&feed=1,ok,,政治
2026-08-26,2026-08-26T06:14:38.318328+09:00,その他メディア,,WEDGE Infinity,データセンターが米中間選挙の争点に?共和党にも反対を唱える動き、州や市が誘致政策の撤回へと進む事情,https://wedge.ismedia.jp/articles/-/41003,https://news.ceek.jp/search.cgi?category_id=politics&feed=1,ok,,政治
2026-08-26,2026-08-26T06:14:38.318328+09:00,その他メディア,,WEDGE Infinity,韓国・李在明政権の国防政策につもる国民の不満...拙速な陸海空軍士官学校の統合,https://wedge.ismedia.jp/articles/-/41004,https://news.ceek.jp/search.cgi?category_id=politics&feed=1,ok,,政治
2026-08-26,2026-08-26T06:14:38.318328+09:00,その他メディア,,WEDGE Infinity,アメリカのイラン経済制裁は「期待外れ」となる背景、「2次制裁」に広げるも、中国配慮で再び腰砕けか,https://wedge.ismedia.jp/articles/-/41005,https://news.ceek.jp/search.cgi?category_id=politics&feed=1,ok,,政治
2026-08-26,2026-08-26T06:14:38.318328+09:00,全国紙,全国,産経新聞,高市日誌25日(火),https://www.sankei.com/article/20260826-BZV5UC4LGNL7NKYSBFTYCF7FAQ/,https://news.ceek.jp/search.cgi?category_id=politics&feed=1,ok,,政治
2026-08-26,2026-08-26T06:14:38.318328+09:00,全国紙,全国,読売新聞,水岡氏 立民参院会長続投 4選承認 合流協議「責任大きい」,https://www.yomiuri.co.jp/politics/20260826-GYT1T00017/,https://news.ceek.jp/search.cgi?category_id=politics&feed=1,ok,,政治
2026-08-26,2026-08-26T06:14:38.318328+09:00,全国紙,全国,読売新聞,座長案 野党一斉批判 衆院選改革 「現行」が基本 定数減明記,https://www.yomiuri.co.jp/politics/20260826-GYT1T00020/,https://news.ceek.jp/search.cgi?category_id=politics&feed=1,ok,,政治
2026-08-26,2026-08-26T06:14:38.318328+09:00,その他メディア,,WEDGE Infinity,太平洋地域での中国と西側の影響力争い...天秤外交を続ける島嶼国、オーストラリアとの協定締結後に見せた姿勢の変化とは?,https://wedge.ismedia.jp/articles/-/40990,https://news.ceek.jp/search.cgi?category_id=politics&feed=1,ok,,政治
2026-08-26,2026-08-26T06:14:38.318328+09:00,全国紙,全国,毎日新聞,首相日々 25日,https://mainichi.jp/articles/20260826/ddm/012/010/077000c,https://news.ceek.jp/search.cgi?category_id=politics&feed=1,ok,,政治
2026-08-26,2026-08-26T06:14:38.318328+09:00,その他メディア,,Abema TIMES,事業者負担や財源など課題山積 地方自治体の財政に懸念も...消費税1%へ議論始まる,https://times.abema.tv/articles/-/10269070?page=1,https://news.ceek.jp/search.cgi?category_id=politics&feed=1,ok,,政治
2026-08-26,2026-08-26T06:14:38.318328+09:00,その他メディア,,テレビ朝日,事業者負担や財源など課題山積 地方自治体の財政に懸念も...消費税1%へ議論始まる,https://news.tv-asahi.co.jp/news_politics/articles/900197904.html,https://news.ceek.jp/search.cgi?category_id=politics&feed=1,ok,,政治
2026-08-26,2026-08-26T06:14:38.318328+09:00,全国紙,全国,日本経済新聞,日中関係改善、楽観できず 11月APEC巡り金杉憲治駐中国大使,https://www.nikkei.com/article/DGXZQOUA25AVE0V20C26A8000000/,https://news.ceek.jp/search.cgi?category_id=politics&feed=1,ok,,政治
2026-08-26,2026-08-26T06:14:38.318328+09:00,全国紙,全国,読売新聞,高市首相と麻生氏が2人で会食、内閣改造・党役員人事など意見交換か...鈴木幹事長「そろそろ動き出てくる」,https://www.yomiuri.co.jp/politics/20260825-GYT1T00293/,https://news.ceek.jp/search.cgi?category_id=politics&feed=1,ok,,政治
2026-08-26,2026-08-26T06:14:38.318328+09:00,全国紙,全国,日本経済新聞,25日の高市首相の動静,https://www.nikkei.com/article/DGXZQOUA256Z40V20C26A8000000/,https://news.ceek.jp/search.cgi?category_id=politics&feed=1,ok,,政治
2026-08-26,2026-08-26T06:14:38.318328+09:00,その他メディア,,日本テレビ,自民・麻生副総裁と茂木外相が会談 党内外の情勢や内閣改造・自民党役員人事をめぐり意見交換か,https://news.ntv.co.jp/category/politics/4c4fbcf982b94ef5a633bc579c50ab5c,https://news.ceek.jp/search.cgi?category_id=politics&feed=1,ok,,政治
2026-08-26,2026-08-26T06:14:38.318328+09:00,全国紙,全国,朝日新聞,中道、地方から「合流は困難」の声 公明内には「離脱案」浮上,https://www.asahi.com/articles/ASV8T3TZPV8TUTFK00BM.html,https://news.ceek.jp/search.cgi?category_id=politics&feed=1,ok,,政治
2026-08-26,2026-08-26T06:14:38.318328+09:00,その他メディア,,テレビ朝日,沖縄県知事選で自民党は下地氏と政策協定 高市総理「政権基盤占う」,https://news.tv-asahi.co.jp/news_politics/articles/000528680.html,https://news.ceek.jp/search.cgi?category_id=politics&feed=1,ok,,政治
2026-08-26,2026-08-26T06:14:38.318328+09:00,全国紙,全国,日本経済新聞,外国人の日本語学習や出入国DX...入管予算を倍増 法務省の概算要求,https://www.nikkei.com/article/DGXZQOUA2589V0V20C26A8000000/,https://news.ceek.jp/search.cgi?category_id=politics&feed=1,ok,,政治
2026-08-26,2026-08-26T06:14:38.318328+09:00,全国紙,全国,朝日新聞,衆院定数「適切に削減」 与野党の選挙制度協議会、座長が修正案,https://www.asahi.com/articles/ASV8T33J7V8TUTFK00DM.html,https://news.ceek.jp/search.cgi?category_id=politics&feed=1,ok,,政治
2026-08-26,2026-08-26T06:14:38.318328+09:00,全国紙,全国,朝日新聞,小泉防衛相、「終戦の日」靖国参拝への批判に「Xで投稿した通り」,https://www.asahi.com/articles/ASV8T3JDSV8TUTFK003M.html,https://news.ceek.jp/search.cgi?category_id=politics&feed=1,ok,,政治
2026-08-26,2026-08-26T06:14:38.318328+09:00,全国紙,全国,朝日新聞,首相、米国のICC制裁に「大変深刻」「日本の立場と相いれない」,https://www.asahi.com/articles/ASV8T3G99V8TUTFK00PM.html,https://news.ceek.jp/search.cgi?category_id=politics&feed=1,ok,,政治
2026-08-26,2026-08-26T06:14:38.318328+09:00,その他メディア,,フジテレビ,中道が落選議員と意見交換「3党合流難しい」と否定的な声多数 小川代表も「厳しい状況を想定」,https://www.fnn.jp/articles/-/1101300,https://news.ceek.jp/search.cgi?category_id=politics&feed=1,ok,,政治
2026-08-26,2026-08-26T06:14:38.318328+09:00,全国紙,全国,朝日新聞,生成AIは何を学んでいる? 政府が情報公開求める基本原則を公表,https://www.asahi.com/articles/ASV8T3JPTV8TUCVL03DM.html,https://news.ceek.jp/search.cgi?category_id=politics&feed=1,ok,,政治
2026-08-26,2026-08-26T06:14:38.318328+09:00,全国紙,全国,読売新聞,ICC赤根所長が制裁対象、高市首相「日本の立場と相いれない」「弱腰との批判当たらない」...赤根氏へ支援強調,https://www.yomiuri.co.jp/politics/20260825-GYT1T00291/,https://news.ceek.jp/search.cgi?category_id=politics&feed=1,ok,,政治
2026-08-26,2026-08-26T06:14:38.318328+09:00,その他メディア,,デイリースポーツ,自民幹部、沖縄県政奪還目指す,https://www.daily.co.jp/society/politics/2026/08/25/0020745663.shtml,https://news.ceek.jp/search.cgi?category_id=politics&feed=1,ok,,政治
2026-08-26,2026-08-26T06:14:38.318328+09:00,その他メディア,,フジテレビ,綿貫民輔さんを偲ぶ声 高市総理も追悼メッセージ 富山でのエピソード綴り思い寄せる 南砺市には記帳台,https://www.fnn.jp/articles/-/1101301,https://news.ceek.jp/search.cgi?category_id=politics&feed=1,ok,,政治
2026-08-26,2026-08-26T06:14:38.318328+09:00,その他メディア,,共同通信,自民幹部、沖縄県政奪還目指す 下地氏不出馬で「保守一本化」,https://www.47news.jp/14843917.html,https://news.ceek.jp/search.cgi?category_id=politics&feed=1,ok,,政治
2026-08-26,2026-08-26T06:14:38.318328+09:00,全国紙,全国,産経新聞,福岡県議会の金銭授受疑惑 内閣改造・自民党人事にも影響 「政治とカネ」再燃に警戒感,https://www.sankei.com/article/20260825-BVGHMPRMSZMQXDTZIMCC2G3OX4/,https://news.ceek.jp/search.cgi?category_id=politics&feed=1,ok,,政治
2026-08-26,2026-08-26T06:14:38.318328+09:00,全国紙,全国,産経新聞,朝鮮学校の「幼稚園」詐称問題巡り文科省から聴取 自民拉致問題対策本部,https://www.sankei.com/article/20260825-SPTZASL3LFJ7JEX5WM55I2I45A/,https://news.ceek.jp/search.cgi?category_id=politics&feed=1,ok,,政治
2026-08-26,2026-08-26T06:14:38.318328+09:00,全国紙,全国,産経新聞,自民・西村康稔選対委員長「保守系一本化で県政奪還を」下地氏の沖縄知事選不出馬で,https://www.sankei.com/article/20260825-5PE55LWWSRIVZFB3QXF7BXGF6I/,https://news.ceek.jp/search.cgi?category_id=politics&feed=1,ok,,政治
2026-08-26,2026-08-26T06:14:38.318328+09:00,その他メディア,,デイリースポーツ,国家戦略特区は府事業に割り当て,https://www.daily.co.jp/society/politics/2026/08/25/0020745574.shtml,https://news.ceek.jp/search.cgi?category_id=politics&feed=1,ok,,政治
2026-08-26,2026-08-26T06:14:38.318328+09:00,その他メディア,,共同通信,国家戦略特区は府事業に割り当て 維新案、副首都指定を念頭に,https://www.47news.jp/14843830.html,https://news.ceek.jp/search.cgi?category_id=politics&feed=1,ok,,政治
2026-08-26,2026-08-26T06:14:38.318328+09:00,全国紙,全国,日本経済新聞,自民党・麻生太郎氏と茂木敏充氏が会食 党役員・閣僚人事を議論か,https://www.nikkei.com/article/DGXZQOUA257TP0V20C26A8000000/,https://news.ceek.jp/search.cgi?category_id=politics&feed=1,ok,,政治
2026-08-26,2026-08-26T06:14:38.318328+09:00,その他メディア,,共同通信,【速報】自民、下地氏と政策合意交わす,https://www.47news.jp/14843763.html,https://news.ceek.jp/search.cgi?category_id=politics&feed=1,ok,,政治
2026-08-26,2026-08-26T06:14:38.318328+09:00,全国紙,全国,毎日新聞,新選挙制度の座長修正案、「現行制度を骨格」に改革 野党は反発,https://mainichi.jp/articles/20260825/k00/00m/010/276000c,https://news.ceek.jp/search.cgi?category_id=politics&feed=1,ok,,政治
2026-08-26,2026-08-26T06:14:38.318328+09:00,全国紙,全国,毎日新聞,三重県人権施策審議会、「県民アンケ」巡る知事の姿勢に批判続出,https://mainichi.jp/articles/20260825/k00/00m/040/273000c,https://news.ceek.jp/search.cgi?category_id=politics&feed=1,ok,,政治
2026-08-26,2026-08-26T06:14:38.318328+09:00,その他メディア,,共同通信,【速報】地域未来戦略、予算2千億円要求へ,https://www.47news.jp/14843731.html,https://news.ceek.jp/search.cgi?category_id=politics&feed=1,ok,,政治
2026-08-26,2026-08-26T06:14:38.318328+09:00,その他メディア,,共同通信,【速報】沖縄県政の奪還目指すと自民選対委員長,https://www.47news.jp/14843730.html,https://news.ceek.jp/search.cgi?category_id=politics&feed=1,ok,,政治
2026-08-26,2026-08-26T06:14:38.318328+09:00,その他メディア,,テレビ朝日,高市総理「弱腰批判はあたらない」と反論 ICC赤根所長の制裁に対する政府対応で,https://news.tv-asahi.co.jp/news_politics/articles/000528683.html,https://news.ceek.jp/search.cgi?category_id=politics&feed=1,ok,,政治
2026-08-26,2026-08-26T06:14:38.318328+09:00,その他メディア,,テレビ朝日,高市総理 ガソリン価格抑制策の継続を表明,https://news.tv-asahi.co.jp/news_politics/articles/000528655.html,https://news.ceek.jp/search.cgi?category_id=politics&feed=1,ok,,政治
2026-08-26,2026-08-26T06:14:38.318328+09:00,全国紙,全国,産経新聞,「自由で開かれたインド太平洋」27日で提唱10年 日本の外交ビジョンとして定着,https://www.sankei.com/article/20260825-3UMDMTEVQ5JB7JABV6IC5HPNNU/,https://news.ceek.jp/search.cgi?category_id=politics&feed=1,ok,,政治
2026-08-26,2026-08-26T06:14:38.318328+09:00,全国紙,全国,朝日新聞,麻生氏、武田氏と並び称された県議会のドン 「蔵内王国」の光と影,https://www.asahi.com/articles/ASV8T2S5NV8TUEFT00FM.html,https://news.ceek.jp/search.cgi?category_id=politics&feed=1,ok,,政治
2026-08-26,2026-08-26T06:14:38.318328+09:00,その他メディア,,テレビ朝日,立憲・辻元氏「中道結党に無理があったのでは」 3党合流めぐり,https://news.tv-asahi.co.jp/news_politics/articles/000528658.html,https://news.ceek.jp/search.cgi?category_id=politics&feed=1,ok,,政治
2026-08-26,2026-08-26T06:14:38.318328+09:00,全国紙,全国,日本経済新聞,南鳥島レアアース採掘に数千億円視野 内閣府、長期支援へ改革方針,https://www.nikkei.com/article/DGXZQOUA2456D0U6A820C2000000/,https://news.ceek.jp/search.cgi?category_id=politics&feed=1,ok,,政治
2026-08-26,2026-08-26T06:14:38.318328+09:00,全国紙,全国,産経新聞,和歌山市 尾崎太郎新市長が初登庁 「たくさんの笑顔で和歌山市を元気にしたい」,https://www.sankei.com/article/20260825-CIZYWRRS7BPQ3GKXX7TJQYNXFQ/,https://news.ceek.jp/search.cgi?category_id=politics&feed=1,ok,,政治
2026-08-26,2026-08-26T06:14:38.318328+09:00,その他メディア,,テレビ朝日,議員定数削減「適切な規模の削減を行う」 座長試案,https://news.tv-asahi.co.jp/news_politics/articles/000528659.html,https://news.ceek.jp/search.cgi?category_id=politics&feed=1,ok,,政治
2026-08-26,2026-08-26T06:14:38.318328+09:00,その他メディア,,日本テレビ,"ICC赤根所長への“制裁"" 高市首相、米トランプ政権に対し「必要な働きかけ行っていく」 “弱腰""批判には反論",https://news.ntv.co.jp/category/politics/7cdd746e68d84939866aa2d96bc8eb2d,https://news.ceek.jp/search.cgi?category_id=politics&feed=1,ok,,政治
2026-08-26,2026-08-26T06:14:38.318328+09:00,全国紙,全国,毎日新聞,高市首相、ガソリン補助金継続を表明 出口戦略は「柔軟に検討」,https://mainichi.jp/articles/20260825/k00/00m/010/264000c,https://news.ceek.jp/search.cgi?category_id=politics&feed=1,ok,,政治
2026-08-26,2026-08-26T06:14:38.318328+09:00,全国紙,全国,毎日新聞,高市首相、米ICC制裁「深刻に受け止め」 弱腰批判「当たらぬ」,https://mainichi.jp/articles/20260825/k00/00m/010/262000c,https://news.ceek.jp/search.cgi?category_id=politics&feed=1,ok,,政治
2026-08-26,2026-08-26T06:14:38.318328+09:00,その他メディア,,デイリースポーツ,現行選挙制度骨格に改革,https://www.daily.co.jp/society/politics/2026/08/25/0020745479.shtml,https://news.ceek.jp/search.cgi?category_id=politics&feed=1,ok,,政治
2026-08-26,2026-08-26T06:14:38.318328+09:00,その他メディア,,共同通信,現行選挙制度骨格に改革 座長修正案、野党反発,https://www.47news.jp/14843695.html,https://news.ceek.jp/search.cgi?category_id=politics&feed=1,ok,,政治
2026-08-26,2026-08-26T06:14:38.318328+09:00,その他メディア,,フジテレビ,仙台市とさいたま市で除染土の復興再生利用へ 福島県内の除染土を国の出先機関の花壇に 東京都以外で初,https://www.fnn.jp/articles/-/1101187,https://news.ceek.jp/search.cgi?category_id=politics&feed=1,ok,,政治
2026-08-26,2026-08-26T06:14:38.318328+09:00,その他メディア,,フジテレビ,農業用水を供給するさみだれ大堰でゲート不具合...排水ポンプ車導入で9月15日まで安定供給に努める 山形,https://www.fnn.jp/articles/-/1101185,https://news.ceek.jp/search.cgi?category_id=politics&feed=1,ok,,政治
2026-08-26,2026-08-26T06:14:38.318328+09:00,その他メディア,,フジテレビ,"野菜をたくさん食べよう! 1日の目標摂取量350グラム・健康づくりのため“見える化"" 山形・上山市",https://www.fnn.jp/articles/-/1101184,https://news.ceek.jp/search.cgi?category_id=politics&feed=1,ok,,政治
2026-08-26,2026-08-26T06:14:38.318328+09:00,全国紙,全国,産経新聞,沖縄県知事選、下地氏が不出馬表明 自民と政策協定で合意,https://www.sankei.com/article/20260825-XHHJNOXX2RL25BGW26E3NAYZCI/,https://news.ceek.jp/search.cgi?category_id=politics&feed=1,ok,,政治
2026-08-26,2026-08-26T06:14:38.318328+09:00,全国紙,全国,朝日新聞,沖縄県知事選、下地幹郎氏が立候補取りやめ表明 保守層に一定の支持,https://www.asahi.com/articles/ASV8T36CPV8TUTFK00WM.html,https://news.ceek.jp/search.cgi?category_id=politics&feed=1,ok,,政治
2026-08-26,2026-08-26T06:14:38.318328+09:00,全国紙,全国,日本経済新聞,衆院定数「適切に削減」提示 制度改革の座長案、野党は比例限定反対,https://www.nikkei.com/article/DGXZQOUA257QV0V20C26A8000000/,https://news.ceek.jp/search.cgi?category_id=politics&feed=1,ok,,政治
2026-08-26,2026-08-26T06:14:38.318328+09:00,全国紙,全国,朝日新聞,ガソリン170円程度を維持 首相、ガソリン補助金の支給継続を表明,https://www.asahi.com/articles/ASV8T3C38V8TULFA018M.html,https://news.ceek.jp/search.cgi?category_id=politics&feed=1,ok,,政治
2026-08-26,2026-08-26T06:14:38.318328+09:00,その他メディア,,フジテレビ,友だちと元気に再会・県内218校のうち70校で2学期スタート 小学校で始業式ピーク 山形,https://www.fnn.jp/articles/-/1101162,https://news.ceek.jp/search.cgi?category_id=politics&feed=1,ok,,政治
2026-08-26,2026-08-26T06:14:38.318328+09:00,その他メディア,,共同通信,【速報】下地幹郎氏、沖縄知事選の出馬取りやめ表明,https://www.47news.jp/14843581.html,https://news.ceek.jp/search.cgi?category_id=politics&feed=1,ok,,政治
2026-08-26,2026-08-26T06:14:38.318328+09:00,その他メディア,,デイリースポーツ,高市首相、米制裁「相いれず」,https://www.daily.co.jp/society/politics/2026/08/25/0020744781.shtml,https://news.ceek.jp/search.cgi?category_id=politics&feed=1,ok,,政治
2026-08-26,2026-08-26T06:14:38.318328+09:00,その他メディア,,フジテレビ,府中市の里子虐待事件 有識者の検証部会、再発防止策を検討 10月までに報告書を作成 広島,https://www.fnn.jp/articles/-/1101138,https://news.ceek.jp/search.cgi?category_id=politics&feed=1,ok,,政治
2026-08-26,2026-08-26T06:14:38.318328+09:00,その他メディア,,共同通信,高市首相、米制裁「相いれず」 国際刑事裁判所、弱腰批判に反論,https://www.47news.jp/14842625.html,https://news.ceek.jp/search.cgi?category_id=politics&feed=1,ok,,政治
2026-08-26,2026-08-26T06:14:38.318328+09:00,その他メディア,,Abema TIMES,"海外メディアがザワついた高市総理の “ゴキブリ投稿""「日本の総理『寂しすぎてゴキブリと友達に』」一方で識者は「ICC赤根所長の話もある中でチグハグ感」と苦言",https://times.abema.tv/articles/-/10269025?page=1,https://news.ceek.jp/search.cgi?category_id=politics&feed=1,ok,,政治
2026-08-26,2026-08-26T06:14:38.318328+09:00,全国紙,全国,日本経済新聞,高市首相、ICC所長制裁は「日本の立場と相いれず」 支援継続示す,https://www.nikkei.com/article/DGXZQOUA257WQ0V20C26A8000000/,https://news.ceek.jp/search.cgi?category_id=politics&feed=1,ok,,政治
2026-08-26,2026-08-26T06:14:38.318328+09:00,全国紙,全国,産経新聞,米豪陸軍と最大規模の共同訓練 米軍の中距離ミサイル発射装置「タイフォン」も参加,https://www.sankei.com/article/20260825-LCJ6LUJ64ZIM3MHHMS256PE6NA/,https://news.ceek.jp/search.cgi?category_id=politics&feed=1,ok,,政治
2026-08-26,2026-08-26T06:14:38.318328+09:00,その他メディア,,共同通信,早期3党合流、困難な情勢 立民、28日に党内説明へ,https://www.47news.jp/14843049.html,https://news.ceek.jp/search.cgi?category_id=politics&feed=1,ok,,政治
2026-08-26,2026-08-26T06:14:38.318328+09:00,全国紙,全国,日本経済新聞,沖縄振興に2897億円、政府の概算要求案 県要望を6年連続下回る,https://www.nikkei.com/article/DGXZQOUA253UI0V20C26A8000000/,https://news.ceek.jp/search.cgi?category_id=politics&feed=1,ok,,政治
2026-08-26,2026-08-26T06:14:38.318328+09:00,全国紙,全国,日本経済新聞,食品消費税1%、政府が価格の総額表示に特例検討 値札交換など考慮,https://www.nikkei.com/article/DGXZQOUA256VE0V20C26A8000000/,https://news.ceek.jp/search.cgi?category_id=politics&feed=1,ok,,政治
2026-08-26,2026-08-26T06:14:38.318328+09:00,その他メディア,,フジテレビ,蔵内氏が旗振り「ワンヘルス政策」有識者が検証 「答申出るまでバッジ外して」の声も 年度内には結論か 福岡県行政改革審議会,https://www.fnn.jp/articles/-/1101170,https://news.ceek.jp/search.cgi?category_id=politics&feed=1,ok,,政治
2026-08-26,2026-08-26T06:14:38.318328+09:00,その他メディア,,フジテレビ,高市総理「ガソリン価格を引き続き170円程度に抑制」 中東情勢関連予備費を活用へ 財務・経産両大臣に対応指示,https://www.fnn.jp/articles/-/1101106,https://news.ceek.jp/search.cgi?category_id=politics&feed=1,ok,,政治
2026-08-26,2026-08-26T06:14:38.318328+09:00,その他メディア,,フジテレビ,"“地域の食""を学ぶ高校生がメニュー考案 大野のスーパー「かじ惣」と“コラボ弁当""販売 試食会に大勢の市民",https://www.fnn.jp/articles/-/1101191,https://news.ceek.jp/search.cgi?category_id=politics&feed=1,ok,,政治
2026-08-26,2026-08-26T06:14:38.318328+09:00,その他メディア,,あたらしい経済,【8/25話題】コスモスラボがCosmos EVMのセキュリティ問題で関連チェーンに停止助言、ビットバンクのETHステーキングサービスなど(音声ニュース),https://www.neweconomy.jp/posts/602295,https://news.ceek.jp/search.cgi?category_id=business&feed=1,ok,,経済
2026-08-26,2026-08-26T06:14:38.318328+09:00,その他メディア,,日刊工業新聞,シンホリ、木造建築用制振ダンパー...地震警戒広がり問い合わせ急増,https://newswitch.jp/p/50090,https://news.ceek.jp/search.cgi?category_id=business&feed=1,ok,,経済
2026-08-26,2026-08-26T06:14:38.318328+09:00,その他メディア,,日刊工業新聞,三菱造船、1000トン型巡視船「わかさ」が進水,https://newswitch.jp/p/50092,https://news.ceek.jp/search.cgi?category_id=business&feed=1,ok,,経済
2026-08-26,2026-08-26T06:14:38.318328+09:00,その他メディア,,日刊工業新聞,特別利益5億円計上...JDI、鳥取工場譲渡が完了,https://newswitch.jp/p/50094,https://news.ceek.jp/search.cgi?category_id=business&feed=1,ok,,経済
2026-08-26,2026-08-26T06:14:38.318328+09:00,その他メディア,,日刊工業新聞,多様な屋根形状により多く設置できる...シャープ、住宅向け太陽電池で新製品,https://newswitch.jp/p/50096,https://news.ceek.jp/search.cgi?category_id=business&feed=1,ok,,経済
2026-08-26,2026-08-26T06:14:38.318328+09:00,その他メディア,,日刊工業新聞,大丸有スマートシティー化...ドコモ・三菱地所、ミリ波電波活用,https://newswitch.jp/p/50100,https://news.ceek.jp/search.cgi?category_id=business&feed=1,ok,,経済
2026-08-26,2026-08-26T06:14:38.318328+09:00,その他メディア,,ハーバード・ビジネス・レビュー,AIエージェントの多様性を高める7つの方法,https://dhbr.diamond.jp/articles/-/14377,https://news.ceek.jp/search.cgi?category_id=business&feed=1,ok,,経済
2026-08-26,2026-08-26T06:14:38.318328+09:00,その他メディア,,デイリースポーツ,NY株続伸、160ドル高,https://www.daily.co.jp/society/economics/2026/08/26/0020747324.shtml,https://news.ceek.jp/search.cgi?category_id=business&feed=1,ok,,経済
2026-08-26,2026-08-26T06:14:38.318328+09:00,全国紙,全国,読売新聞,NYダウ続伸、終値は160ドル高...ナスダックは171ポイント高,https://www.yomiuri.co.jp/economy/20260826-GYT1T00073/,https://news.ceek.jp/search.cgi?category_id=business&feed=1,ok,,経済
2026-08-26,2026-08-26T06:14:38.318328+09:00,その他メディア,,デイリースポーツ,ホンダ、米で新工場を検討,https://www.daily.co.jp/society/economics/2026/08/26/0020747306.shtml,https://news.ceek.jp/search.cgi?category_id=business&feed=1,ok,,経済
2026-08-26,2026-08-26T06:14:38.318328+09:00,その他メディア,,デイリースポーツ,沖縄、大阪直行便を新設,https://www.daily.co.jp/society/economics/2026/08/26/0020747301.shtml,https://news.ceek.jp/search.cgi?category_id=business&feed=1,ok,,経済
2026-08-26,2026-08-26T06:14:38.318328+09:00,全国紙,全国,日本経済新聞,NYダウ、続伸し160ドル高 中東情勢への警戒がやや後退,https://www.nikkei.com/article/DGXZQOFL2600J0W6A820C2000000/,https://news.ceek.jp/search.cgi?category_id=business&feed=1,ok,,経済
2026-08-26,2026-08-26T06:14:38.318328+09:00,その他メディア,,日本農業新聞,キャベツ前回比3割高 キュウリも続伸 野菜小売価格,https://www.agrinews.co.jp/economy/index/402357,https://news.ceek.jp/search.cgi?category_id=business&feed=1,ok,,経済
2026-08-26,2026-08-26T06:14:38.318328+09:00,その他メディア,,日本農業新聞,[生花見通し],https://www.agrinews.co.jp/economy/index/402365,https://news.ceek.jp/search.cgi?category_id=business&feed=1,ok,,経済
2026-08-26,2026-08-26T06:14:38.318328+09:00,その他メディア,,デイリー新潮,AIをフル活用した社長に訪れた意外な悲劇 なぜ仕事はラクにならないのか,https://www.dailyshincho.jp/article/2026/08260501/?all=1,https://news.ceek.jp/search.cgi?category_id=business&feed=1,ok,,経済
2026-08-26,2026-08-26T06:14:38.318328+09:00,その他メディア,,東洋経済オンライン,"万年筆超え「1本・約6万円」の""超高級ボールペン""がヒット!そりゃ高いわと納得...ゼブラが詰め込んだ「異様なこだわり」 | ビジネス",https://toyokeizai.net/articles/-/955294?display=b,https://news.ceek.jp/search.cgi?category_id=business&feed=1,ok,,経済
2026-08-26,2026-08-26T06:14:38.318328+09:00,その他メディア,,共同通信,為替相場 26日(日本時間 5時),https://www.47news.jp/14844679.html,https://news.ceek.jp/search.cgi?category_id=business&feed=1,ok,,経済
2026-08-26,2026-08-26T06:14:38.318328+09:00,全国紙,全国,日本経済新聞,GPIFはネンプクの亡霊振り払え 運用、加入者のためだけに,https://www.nikkei.com/article/DGXZQOCD210QK0R20C26A8000000/,https://news.ceek.jp/search.cgi?category_id=business&feed=1,ok,,経済
2026-08-26,2026-08-26T06:14:38.318328+09:00,全国紙,全国,日本経済新聞,トヨタ系KINTO社長「鑑定書付き中古車を販売」 サブスク返却車使う,https://www.nikkei.com/article/DGXZQOFD031X80T00C26A8000000/,https://news.ceek.jp/search.cgi?category_id=business&feed=1,ok,,経済
2026-08-26,2026-08-26T06:14:38.318328+09:00,全国紙,全国,日本経済新聞,BYDが爪研ぐ「豹」ブランド、中国で販売3倍に 低迷打開の突破口,https://www.nikkei.com/article/DGXZQOGM127NT0S6A810C2000000/,https://news.ceek.jp/search.cgi?category_id=business&feed=1,ok,,経済
2026-08-26,2026-08-26T06:14:38.318328+09:00,全国紙,全国,日本経済新聞,高市戦略17分野、国産ドローン8万台狙う 防衛省が大量調達へ,https://www.nikkei.com/article/DGXZQOUA276AB0X20C26A7000000/,https://news.ceek.jp/search.cgi?category_id=business&feed=1,ok,,経済
2026-08-26,2026-08-26T06:14:38.318328+09:00,全国紙,全国,日本経済新聞,中堅監査法人アヴァンティア、愛媛の法人と経営統合 地方に再編の波,https://www.nikkei.com/article/DGXZQOUB122WQ0S6A810C2000000/,https://news.ceek.jp/search.cgi?category_id=business&feed=1,ok,,経済
2026-08-26,2026-08-26T06:14:38.318328+09:00,全国紙,全国,日本経済新聞,純利益率首位はクラウドのラクス、4~6月 ゲームや地銀も伸長,https://www.nikkei.com/article/DGXZQOUB245YQ0U6A820C2000000/,https://news.ceek.jp/search.cgi?category_id=business&feed=1,ok,,経済
2026-08-26,2026-08-26T06:14:38.318328+09:00,全国紙,全国,日本経済新聞,独BMW二輪トップ「中国・インド大手と協業進める」,https://www.nikkei.com/article/DGXZQOUC184CV0Y6A810C2000000/,https://news.ceek.jp/search.cgi?category_id=business&feed=1,ok,,経済
2026-08-26,2026-08-26T06:14:38.318328+09:00,全国紙,全国,日本経済新聞,東京科学大発エレサーモ、低温の廃熱から発電 28年実用化へ8億円調達,https://www.nikkei.com/article/DGXZQOUC2921Z0Z20C26A7000000/,https://news.ceek.jp/search.cgi?category_id=business&feed=1,ok,,経済
2026-08-26,2026-08-26T06:14:38.318328+09:00,全国紙,全国,日本経済新聞,NECソリューションイノベータ岩井社長、AI時代に「先んじて組織変革」,https://www.nikkei.com/article/DGXZQOUC3185Z0R30C26A7000000/,https://news.ceek.jp/search.cgi?category_id=business&feed=1,ok,,経済
2026-08-26,2026-08-26T06:14:38.318328+09:00,全国紙,全国,日本経済新聞,パナソニックホームズ、大工を自社育成 外注依存の施工体制を転換,https://www.nikkei.com/article/DGXZQOUF065I90W6A700C2000000/,https://news.ceek.jp/search.cgi?category_id=business&feed=1,ok,,経済
2026-08-26,2026-08-26T06:14:38.318328+09:00,全国紙,全国,読売新聞,9月原油調達 8割に スエズ運河経由 遠回り,https://www.yomiuri.co.jp/economy/20260826-GYT1T00006/,https://news.ceek.jp/search.cgi?category_id=business&feed=1,ok,,経済
2026-08-26,2026-08-26T06:14:38.318328+09:00,全国紙,全国,読売新聞,ガソリン補助 継続表明 首相、1リットル170円水準を維持,https://www.yomiuri.co.jp/economy/20260826-GYT1T00061/,https://news.ceek.jp/search.cgi?category_id=business&feed=1,ok,,経済
2026-08-26,2026-08-26T06:14:38.318328+09:00,その他メディア,,フジテレビ,関西の食卓の定番「ポン酢」が生産停止に 背景には深刻なすだち不足 対策しなければ2050年には収穫ゼロへ 一大産地・徳島ではすだち農家の高齢化が問題に,https://www.fnn.jp/articles/-/1101408,https://news.ceek.jp/search.cgi?category_id=business&feed=1,ok,,経済
2026-08-26,2026-08-26T06:14:38.318328+09:00,全国紙,全国,読売新聞,医療保険 新商品続々 生保各社 高額療養費改正などで,https://www.yomiuri.co.jp/economy/20260825-GYT1T00398/,https://news.ceek.jp/search.cgi?category_id=business&feed=1,ok,,経済
2026-08-26,2026-08-26T06:14:38.318328+09:00,全国紙,全国,読売新聞,おせち商戦 「個食」も注力...弁当サイズ、お値頃感,https://www.yomiuri.co.jp/economy/20260825-GYT1T00399/,https://news.ceek.jp/search.cgi?category_id=business&feed=1,ok,,経済
2026-08-26,2026-08-26T06:14:38.318328+09:00,全国紙,全国,読売新聞,[挑む 新トップ2026]自動運転の事業化 丁寧に...いすゞ自動車 山口真宏社長 63,https://www.yomiuri.co.jp/economy/20260825-GYT1T00403/,https://news.ceek.jp/search.cgi?category_id=business&feed=1,ok,,経済
2026-08-26,2026-08-26T06:14:38.318328+09:00,全国紙,全国,読売新聞,[WATCHERS 専門家の経済講座]ゾンビ企業再生 地域経済のカギ...友田信男氏 東京商工リサーチ 常務取締役情報本部長,https://www.yomiuri.co.jp/economy/20260825-GYT8T00201/,https://news.ceek.jp/search.cgi?category_id=business&feed=1,ok,,経済
2026-08-26,2026-08-26T06:14:38.318328+09:00,全国紙,全国,読売新聞,国内卸電力価格4割高 IEA下期推計 LNG価格高騰で,https://www.yomiuri.co.jp/economy/20260826-GYT1T00001/,https://news.ceek.jp/search.cgi?category_id=business&feed=1,ok,,経済
2026-08-26,2026-08-26T06:14:38.318328+09:00,その他メディア,,現代ビジネス,総工費540億円「羽田イノベーションシティ」がガラガラ...そもそも「天空橋エリア」はどのような場所だったのか、その意外な成り立ち,https://gendai.media/articles/-/169940,https://news.ceek.jp/search.cgi?category_id=business&feed=1,ok,,経済
2026-08-26,2026-08-26T06:14:38.318328+09:00,その他メディア,,現代ビジネス,空港からのアクセス抜群なのに...「羽田イノベーションシティ」がゴーストタウン化してしまった「日本特有の事情」,https://gendai.media/articles/-/169941,https://news.ceek.jp/search.cgi?category_id=business&feed=1,ok,,経済
2026-08-26,2026-08-26T06:14:38.318328+09:00,全国紙,全国,読売新聞,米カナダ関税で応酬...カナダ 「鉄鋼などに報復」 米「車に50%」,https://www.yomiuri.co.jp/economy/20260826-GYT1T00066/,https://news.ceek.jp/search.cgi?category_id=business&feed=1,ok,,経済
2026-08-26,2026-08-26T06:14:38.318328+09:00,全国紙,全国,読売新聞,米、中国に7.5%追加関税か 過剰生産理由に 首脳会談前発表へ 米報道,https://www.yomiuri.co.jp/economy/20260826-GYT1T00072/,https://news.ceek.jp/search.cgi?category_id=business&feed=1,ok,,経済
2026-08-26,2026-08-26T06:14:38.318328+09:00,その他メディア,,東洋経済オンライン,"「1本・5万9400円って正気か?!」と思わず困惑も...ゼブラが常識破りの《超高級ボールペン》で狙う""たしかな勝機"" | ビジネス",https://toyokeizai.net/articles/-/955295?display=b,https://news.ceek.jp/search.cgi?category_id=business&feed=1,ok,,経済
2026-08-26,2026-08-26T06:14:38.318328+09:00,全国紙,全国,日本経済新聞,福証の取引活性化へ「手厚い支援で単独上場増やす」 犬塚雅彦理事長,https://www.nikkei.com/article/DGXZQOJC223TQ0S6A720C2000000/,https://news.ceek.jp/search.cgi?category_id=business&feed=1,ok,,経済
2026-08-26,2026-08-26T06:14:38.318328+09:00,その他メディア,,日本金融通信,西京銀、決済手数料「ゼロ%」へ 10月開始の「さいきょうPay」,https://www.nikkinonline.com/article/418147,https://news.ceek.jp/search.cgi?category_id=business&feed=1,ok,,経済
2026-08-26,2026-08-26T06:14:38.318328+09:00,その他メディア,,日本金融通信,第3回 eL-QRは何を変え、何を変えていないのか,https://www.nikkinonline.com/article/415600,https://news.ceek.jp/search.cgi?category_id=business&feed=1,ok,,経済
2026-08-26,2026-08-26T06:14:38.318328+09:00,その他メディア,,日本金融通信,沼津信金、ペア訪問で法人開拓、若手渉外18人が実践,https://www.nikkinonline.com/article/418151,https://news.ceek.jp/search.cgi?category_id=business&feed=1,ok,,経済
2026-08-26,2026-08-26T06:14:38.318328+09:00,その他メディア,,日本金融通信,富士宮信金芝川支店、産後ケア施設開業支援 二人三脚で事業練る,https://www.nikkinonline.com/article/418198,https://news.ceek.jp/search.cgi?category_id=business&feed=1,ok,,経済
2026-08-26,2026-08-26T06:14:38.318328+09:00,その他メディア,,日本金融通信,琉球銀、電子看板広告が6割稼働 本店外壁は年10件へ,https://www.nikkinonline.com/article/418181,https://news.ceek.jp/search.cgi?category_id=business&feed=1,ok,,経済
2026-08-26,2026-08-26T06:14:38.318328+09:00,全国紙,全国,日本経済新聞,国内債、じわり進むフラット化 米英のスティープ化に逆行,https://www.nikkei.com/article/DGXZQOFL2513PTV20C26A8000000/,https://news.ceek.jp/search.cgi?category_id=business&feed=1,ok,,経済
2026-08-26,2026-08-26T06:14:38.318328+09:00,その他メディア,,日本金融通信,日本生命、DX人材を100人育成 28年3月までに,https://www.nikkinonline.com/article/418148,https://news.ceek.jp/search.cgi?category_id=business&feed=1,ok,,経済
2026-08-26,2026-08-26T06:14:38.318328+09:00,その他メディア,,日本金融通信,作る・保つ・引き継ぐ 人脈の作法 (9) 地域イベントでの動き方,https://www.nikkinonline.com/article/418034,https://news.ceek.jp/search.cgi?category_id=business&feed=1,ok,,経済
2026-08-26,2026-08-26T06:14:38.318328+09:00,全国紙,全国,日本経済新聞,「ポイ活」は計画的に 大型セールの時期を把握,https://www.nikkei.com/article/DGXZQOUB0595F0V00C26A8000000/,https://news.ceek.jp/search.cgi?category_id=business&feed=1,ok,,経済
2026-08-26,2026-08-26T06:14:38.318328+09:00,全国紙,全国,日本経済新聞,原油相場、26年末に60ドル 経済産業研究所の藤氏,https://www.nikkei.com/article/DGXZQOUB2092B0Q6A820C2000000/,https://news.ceek.jp/search.cgi?category_id=business&feed=1,ok,,経済
2026-08-26,2026-08-26T06:14:38.318328+09:00,全国紙,全国,日本経済新聞,KADOKAWA、株価ににじむ「転生期待」 強いIPにソニーも食指,https://www.nikkei.com/article/DGXZQOUC238LJ0T20C26A6000000/,https://news.ceek.jp/search.cgi?category_id=business&feed=1,ok,,経済
2026-08-26,2026-08-26T06:14:38.318328+09:00,その他メディア,,アラブニュース,共同通信によると、来年度の日本の債務返済費用は過去最高額に達する見通し,https://www.arabnews.jp/article/business/article_184982/,https://news.ceek.jp/search.cgi?category_id=business&feed=1,ok,,経済
2026-08-26,2026-08-26T06:14:38.318328+09:00,全国紙,全国,日本経済新聞,ドイツ株25日 反発、独景気懸念が薄れる 原油値下がりも支え,https://www.nikkei.com/article/DGXZQOFL25AYV0V20C26A8000000/,https://news.ceek.jp/search.cgi?category_id=business&feed=1,ok,,経済
2026-08-26,2026-08-26T06:14:38.318328+09:00,全国紙,全国,日本経済新聞,ロンドン株25日 続伸、イラン情勢めぐる警戒感やや後退,https://www.nikkei.com/article/DGXZQOFL25AYR0V20C26A8000000/,https://news.ceek.jp/search.cgi?category_id=business&feed=1,ok,,経済
2026-08-26,2026-08-26T06:14:38.318328+09:00,その他メディア,,共同通信,為替相場 26日(日本時間 2時),https://www.47news.jp/14839185.html,https://news.ceek.jp/search.cgi?category_id=business&feed=1,ok,,経済
2026-08-26,2026-08-26T06:14:38.318328+09:00,全国紙,全国,日本経済新聞,370兆円の官民投資、無形資産の蓄積が賃上げもたらす 細野薫氏,https://www.nikkei.com/article/DGXZQOCD184B80Y6A810C2000000/,https://news.ceek.jp/search.cgi?category_id=business&feed=1,ok,,経済
2026-08-26,2026-08-26T06:14:38.318328+09:00,全国紙,全国,日本経済新聞,国債や株、即時決済可能に 政府・日銀がブロックチェーン整備へ始動,https://www.nikkei.com/article/DGXZQOUB056AP0V00C26A8000000/,https://news.ceek.jp/search.cgi?category_id=business&feed=1,ok,,経済
2026-08-26,2026-08-26T06:14:38.318328+09:00,全国紙,全国,日本経済新聞,コメ5キロ3000円割れへ価格下落ドミノ 「農家はやっていけない」,https://www.nikkei.com/article/DGXZQOUB159210V10C26A7000000/,https://news.ceek.jp/search.cgi?category_id=business&feed=1,ok,,経済
2026-08-26,2026-08-26T06:14:38.318328+09:00,全国紙,全国,日本経済新聞,物言う株主に新ルール 自民党・小林座長「脱・短期志向」を提言,https://www.nikkei.com/article/DGXZQOUC037ZK0T00C26A8000000/,https://news.ceek.jp/search.cgi?category_id=business&feed=1,ok,,経済
2026-08-26,2026-08-26T06:14:38.318328+09:00,全国紙,全国,日本経済新聞,AIキャピタリスト面談の新興に初出資 VCのアノバカ、多様な案件発掘,https://www.nikkei.com/article/DGXZQOUC183BQ0Y6A810C2000000/,https://news.ceek.jp/search.cgi?category_id=business&feed=1,ok,,経済
2026-08-26,2026-08-26T06:14:38.318328+09:00,全国紙,全国,日本経済新聞,日銀、利上げペース加速検討 元審議委員と有力エコノミストの見方は,https://www.nikkei.com/article/DGXZQOUB214WT0R20C26A8000000/,https://news.ceek.jp/search.cgi?category_id=business&feed=1,ok,,経済
2026-08-26,2026-08-26T06:14:38.318328+09:00,全国紙,全国,日本経済新聞,アドバンテスト社長「経営目標を前倒し達成へ」 推論AIで検査装置拡大,https://www.nikkei.com/article/DGXZQOUC0636F0W6A800C2000000/,https://news.ceek.jp/search.cgi?category_id=business&feed=1,ok,,経済
2026-08-26,2026-08-26T06:14:38.318328+09:00,全国紙,全国,日本経済新聞,トヨタ「ウーブン・シティ」で訪問者を募集 静岡県在住者が対象,https://www.nikkei.com/article/DGXZQOFD247QC0U6A820C2000000/,https://news.ceek.jp/search.cgi?category_id=business&feed=1,ok,,経済
2026-08-26,2026-08-26T06:14:38.318328+09:00,全国紙,全国,日本経済新聞,バイオマス容器、関西工場の生産能力1.5倍 岐阜プラ系が60億円投資,https://www.nikkei.com/article/DGXZQOFD247Z40U6A820C2000000/,https://news.ceek.jp/search.cgi?category_id=business&feed=1,ok,,経済
2026-08-26,2026-08-26T06:14:38.318328+09:00,全国紙,全国,日本経済新聞,ブラザー工業、企業博物館で体験イベント アジア大会へ機運醸成,https://www.nikkei.com/article/DGXZQOFD252UE0V20C26A8000000/,https://news.ceek.jp/search.cgi?category_id=business&feed=1,ok,,経済
2026-08-26,2026-08-26T06:14:38.318328+09:00,全国紙,全国,日本経済新聞,和倉温泉の加賀屋、新館計画2度目の延期 28年度末開業へ背水の陣,https://www.nikkei.com/article/DGXZQOCC240UO0U6A820C2000000/,https://news.ceek.jp/search.cgi?category_id=business&feed=1,ok,,経済
2026-08-26,2026-08-26T06:14:38.318328+09:00,全国紙,全国,日本経済新聞,佐賀市、ごみ発電で公共施設に電力供給 三セクで新会社,https://www.nikkei.com/article/DGXZQOJC199LR0Z10C26A8000000/,https://news.ceek.jp/search.cgi?category_id=business&feed=1,ok,,経済
2026-08-26,2026-08-26T06:14:38.318328+09:00,全国紙,全国,日本経済新聞,欧州国債概況25日 独10年債利回り、低下 北海ブレント原油は一時4%安,https://www.nikkei.com/article/DGXZQOFL25AYN0V20C26A8000000/,https://news.ceek.jp/search.cgi?category_id=business&feed=1,ok,,経済
2026-08-26,2026-08-26T06:14:38.318328+09:00,その他メディア,,フジテレビ,企業も注目!ゲーム空間マーケティング 未来の顧客獲得へ ゲーム空間が新たな市場に,https://www.fnn.jp/articles/-/1101345,https://news.ceek.jp/search.cgi?category_id=business&feed=1,ok,,経済
2026-08-26,2026-08-26T06:14:38.318328+09:00,全国紙,全国,日本経済新聞,ロンドン外為25日 ユーロ、対ドルで横ばい圏 原油先物の下落は支え,https://www.nikkei.com/article/DGXZQOFL25AYK0V20C26A8000000/,https://news.ceek.jp/search.cgi?category_id=business&feed=1,ok,,経済
2026-08-26,2026-08-26T06:14:38.318328+09:00,その他メディア,,日本テレビ,"“重要鉱物""日本は優先調達できるのか?求められる条件は...「技術・資金提供や魅力的な価格などが必要」 米州開発銀行総裁に単独インタビュー",https://news.ntv.co.jp/category/economy/3ecce634b2b5480aa0e895e84c156fc9,https://news.ceek.jp/search.cgi?category_id=business&feed=1,ok,,経済
2026-08-26,2026-08-26T06:14:38.318328+09:00,その他メディア,,Abema TIMES,「モスフード」冷凍食品市場に参入 店舗外収益強化へ,https://times.abema.tv/articles/-/10269057?page=1,https://news.ceek.jp/search.cgi?category_id=business&feed=1,ok,,経済
2026-08-26,2026-08-26T06:14:38.318328+09:00,その他メディア,,フジテレビ,"モスが“冷食""市場に本格参入 「共働き」「子育て」世代をターゲット",https://www.fnn.jp/articles/-/1101338,https://news.ceek.jp/search.cgi?category_id=business&feed=1,ok,,経済
2026-08-26,2026-08-26T06:14:38.318328+09:00,全国紙,全国,日本経済新聞,NYダウ続伸で始まる、一時200ドル高 原油安を好感,https://www.nikkei.com/article/DGXZQOFL25ARK0V20C26A8000000/,https://news.ceek.jp/search.cgi?category_id=business&feed=1,ok,,経済
2026-08-26,2026-08-26T06:14:38.318328+09:00,その他メディア,,デイリースポーツ,NY株、続伸して始まる,https://www.daily.co.jp/society/economics/2026/08/25/0020746416.shtml,https://news.ceek.jp/search.cgi?category_id=business&feed=1,ok,,経済
2026-08-26,2026-08-26T06:14:38.318328+09:00,その他メディア,,共同通信,NY株、続伸して始まる,https://www.47news.jp/14844508.html,https://news.ceek.jp/search.cgi?category_id=business&feed=1,ok,,経済
2026-08-26,2026-08-26T06:14:38.318328+09:00,その他メディア,,共同通信,【速報】NY株、続伸して始まる,https://www.47news.jp/14844484.html,https://news.ceek.jp/search.cgi?category_id=business&feed=1,ok,,経済
2026-08-26,2026-08-26T06:14:38.318328+09:00,全国紙,全国,日本経済新聞,米国株、ダウ続伸で始まる 原油安や金利低下で ナスダック反発,https://www.nikkei.com/article/DGXZQOFL25A3D0V20C26A8000000/,https://news.ceek.jp/search.cgi?category_id=business&feed=1,ok,,経済
2026-08-26,2026-08-26T06:14:38.318328+09:00,全国紙,全国,日本経済新聞,テクノスマイル、インド人材の日本送り出しを強化 印企業向けに講演会,https://www.nikkei.com/article/DGXZQOUC259180V20C26A8000000/,https://news.ceek.jp/search.cgi?category_id=business&feed=1,ok,,経済
2026-08-26,2026-08-26T06:14:38.318328+09:00,全国紙,全国,日本経済新聞,米ユナイテッド航空、米西海岸から沖縄・大阪に直行便 円安で商機,https://www.nikkei.com/article/DGXZQOGN24AG50U6A820C2000000/,https://news.ceek.jp/search.cgi?category_id=business&feed=1,ok,,経済
2026-08-26,2026-08-26T06:14:38.318328+09:00,その他メディア,,デイリースポーツ,NY円、159円台前半,https://www.daily.co.jp/society/economics/2026/08/25/0020746209.shtml,https://news.ceek.jp/search.cgi?category_id=business&feed=1,ok,,経済
2026-08-26,2026-08-26T06:14:38.318328+09:00,その他メディア,,共同通信,NY円、159円台前半,https://www.47news.jp/14844399.html,https://news.ceek.jp/search.cgi?category_id=business&feed=1,ok,,経済
2026-08-26,2026-08-26T06:14:38.318328+09:00,その他メディア,,JBpress,アウディCEOと乗るまだ世界に1台だけのスーパーカー「ヌヴォラーリ」プロトタイプ,https://jbpress.ismedia.jp/articles/-/96662,https://news.ceek.jp/search.cgi?category_id=business&feed=1,ok,,経済
2026-08-26,2026-08-26T06:14:38.318328+09:00,その他メディア,,TBSテレビ,"「高級」「丁寧」いつものお店で“プチ贅沢"" 人気チェーンの「ワンランク上」な新業態が増加中【Nスタ】",https://newsdig.tbs.co.jp/articles/-/2896138?display=1,https://news.ceek.jp/search.cgi?category_id=business&feed=1,ok,,経済
2026-08-26,2026-08-26T06:14:38.318328+09:00,その他メディア,,共同通信,【速報】NY円、159円23~33銭,https://www.47news.jp/14844339.html,https://news.ceek.jp/search.cgi?category_id=business&feed=1,ok,,経済
2026-08-26,2026-08-26T06:14:38.318328+09:00,その他メディア,,フジテレビ,NHK職員への番組出演者からの性被害問題 「マネジメントできてない」NHK経営委員長が対応批判,https://www.fnn.jp/articles/-/1101323,https://news.ceek.jp/search.cgi?category_id=business&feed=1,ok,,経済
2026-08-26,2026-08-26T06:14:38.318328+09:00,全国紙,全国,日本経済新聞,消費減税、外食産業にはテイクアウト導入支援 農家は給付金で調整,https://www.nikkei.com/article/DGXZQOUA25A5J0V20C26A8000000/,https://news.ceek.jp/search.cgi?category_id=business&feed=1,ok,,経済
2026-08-26,2026-08-26T06:14:38.318328+09:00,その他メディア,,共同通信,【独自】消費減税、中小零細農家へ給付金 売上高に応じ減収穴埋め,https://www.47news.jp/14844069.html,https://news.ceek.jp/search.cgi?category_id=business&feed=1,ok,,経済
2026-08-26,2026-08-26T06:14:38.318328+09:00,その他メディア,,デイリースポーツ,地域経済の活性化へ2千億円要求,https://www.daily.co.jp/society/economics/2026/08/25/0020745809.shtml,https://news.ceek.jp/search.cgi?category_id=business&feed=1,ok,,経済
2026-08-26,2026-08-26T06:14:38.318328+09:00,その他メディア,,共同通信,地域経済の活性化へ2千億円要求 人材育成や産業インフラ整備,https://www.47news.jp/14844020.html,https://news.ceek.jp/search.cgi?category_id=business&feed=1,ok,,経済
2026-08-26,2026-08-26T06:14:38.318328+09:00,その他メディア,,TBSテレビ,8月25日は「即席ラーメン記念日」 チリソース×ライム 意外?世界の即席ラーメン【Nスタ解説】,https://newsdig.tbs.co.jp/articles/-/2896100?display=1,https://news.ceek.jp/search.cgi?category_id=business&feed=1,ok,,経済
2026-08-26,2026-08-26T06:14:38.318328+09:00,全国紙,全国,日本経済新聞,VW社長「追加リストラ、半分はドイツで」 10万人削減巡り労使協議,https://www.nikkei.com/article/DGXZQOGR256DT0V20C26A8000000/,https://news.ceek.jp/search.cgi?category_id=business&feed=1,ok,,経済
2026-08-26,2026-08-26T06:14:38.318328+09:00,その他メディア,,テレビ朝日,アメリカ産ジャガイモの輸入解禁検討 輸入に向けた11のプロセスとは,https://news.tv-asahi.co.jp/news_economy/articles/000528671.html,https://news.ceek.jp/search.cgi?category_id=business&feed=1,ok,,経済
2026-08-26,2026-08-26T06:14:38.318328+09:00,その他メディア,,TBSテレビ,日本GLP JFE高炉の跡地の一部に大型の冷凍・冷蔵物流施設開発を発表,https://newsdig.tbs.co.jp/articles/-/2896095?display=1,https://news.ceek.jp/search.cgi?category_id=business&feed=1,ok,,経済
2026-08-26,2026-08-26T06:14:38.318328+09:00,その他メディア,,フジテレビ,コメ余り解消へ 「需給に見合った生産」目指しJA福井県が早期の方針を国に求める,https://www.fnn.jp/articles/-/1101314,https://news.ceek.jp/search.cgi?category_id=business&feed=1,ok,,経済
2026-08-26,2026-08-26T06:14:38.318328+09:00,その他メディア,,フジテレビ,コメ値下がりで農家苦悩 JAに「価格形成のリーダーシップを」 生産コスト2万円超に、内金1万6000円 大規模化に欠かせない機械更新も計画立たず,https://www.fnn.jp/articles/-/1101309,https://news.ceek.jp/search.cgi?category_id=business&feed=1,ok,,経済
2026-08-26,2026-08-26T06:14:38.318328+09:00,その他メディア,,週刊女性PRIME,伊東市・田久保真紀前市長、卒業証書の偽造データ押収も「第三者が作成した」無罪主張の被害者ムーブの背景に〈同級生からの告発文〉,https://www.jprime.jp/articles/-/43247,https://news.ceek.jp/search.cgi?category_id=national&feed=1,ok,,社会
2026-08-26,2026-08-26T06:14:38.318328+09:00,その他メディア,,フジテレビ,【台風情報】台風18号が沖縄・奄美を直撃 線状降水帯発生の奄美は一部地域でレベル4の大雨・土砂災害危険警報,https://www.fnn.jp/articles/-/1101424,https://news.ceek.jp/search.cgi?category_id=national&feed=1,ok,,社会
2026-08-26,2026-08-26T06:14:38.318328+09:00,その他メディア,,フジテレビ,【台風情報】台風が交通・生活に影響 沖縄・鹿児島発着便中心にANA100便・JAL63便欠航 奄美で3万戸超が停電,https://www.fnn.jp/articles/-/1101426,https://news.ceek.jp/search.cgi?category_id=national&feed=1,ok,,社会
2026-08-26,2026-08-26T06:14:38.318328+09:00,その他メディア,,フジテレビ,大学で男子学生のスニーカーを盗んだ疑い 75歳男を逮捕 路上で被害品と同じ靴を履いていたことが決め手に,https://www.fnn.jp/articles/-/1101427,https://news.ceek.jp/search.cgi?category_id=national&feed=1,ok,,社会
2026-08-26,2026-08-26T06:14:38.318328+09:00,その他メディア,,フジテレビ,「山から30mほど滑落」と通報...国道の法面で防災点検中だった52歳作業員が滑落 意識不明の状態で搬送も死亡,https://www.fnn.jp/articles/-/1101425,https://news.ceek.jp/search.cgi?category_id=national&feed=1,ok,,社会
2026-08-26,2026-08-26T06:14:38.318328+09:00,その他メディア,,女性自身,「想定区域外でも冠水」「道路が急に陥没」ゲリラ豪雨で高まる都市型水害のリスク...水ジャーナリストが語る「今できる対策」,https://jisin.jp/domestic/2597070/,https://news.ceek.jp/search.cgi?category_id=national&feed=1,ok,,社会
2026-08-26,2026-08-26T06:14:38.318328+09:00,その他メディア,,女性自身,"「アメリカに一切モノが言えない」高市首相 ICC・赤根所長制裁に“お気持ち表明""のみに識者が痛烈指摘...SNSでも非難続出",https://jisin.jp/domestic/2597122/,https://news.ceek.jp/search.cgi?category_id=national&feed=1,ok,,社会
2026-08-26,2026-08-26T06:14:38.318328+09:00,その他メディア,,女性自身,"木原官房長官「皇族増える」不遜発言に非難殺到...宮内庁幹部の異例人事にも滲む養子縁組への“地ならし""",https://jisin.jp/domestic/2597102/,https://news.ceek.jp/search.cgi?category_id=national&feed=1,ok,,社会
2026-08-26,2026-08-26T06:14:38.318328+09:00,その他メディア,,女性自身,"【福岡政界激震】蔵内勇夫県議辞職で補選突入...後継長男が出馬不能の危機と“三国志""崩壊へ",https://jisin.jp/domestic/2597115/,https://news.ceek.jp/search.cgi?category_id=national&feed=1,ok,,社会
2026-08-26,2026-08-26T06:14:38.318328+09:00,その他メディア,,デイリースポーツ,教団被害「今こそ声を」,https://www.daily.co.jp/society/national/2026/08/26/0020747314.shtml,https://news.ceek.jp/search.cgi?category_id=national&feed=1,ok,,社会
2026-08-26,2026-08-26T06:14:38.318328+09:00,その他メディア,,フジテレビ,【台風情報】台風18号 予想進路 沖縄本島に最接近 26日昼頃にかけて荒天ピークか 看板倒壊するような猛烈な風に警戒を 太平洋沿岸も高波注意 19号は日本に影響なし,https://www.fnn.jp/articles/-/1101419,https://news.ceek.jp/search.cgi?category_id=national&feed=1,ok,,社会
2026-08-26,2026-08-26T06:14:38.318328+09:00,その他メディア,,デイリー新潮,「教師は支配者であれ」「教育に上下関係は必要」 86歳の戸塚校長の切り抜き動画が900万回以上再生される深いワケ,https://www.dailyshincho.jp/article/2026/08260533/?all=1,https://news.ceek.jp/search.cgi?category_id=national&feed=1,ok,,社会
2026-08-26,2026-08-26T06:14:38.318328+09:00,その他メディア,,スポニチ,前伊東市長・田久保真紀被告 PCに偽造卒業証書データ?静岡県警が家宅捜索で発見,https://www.sponichi.co.jp/society/news/2026/08/26/kiji/20260825s00042000456000c.html,https://news.ceek.jp/search.cgi?category_id=national&feed=1,ok,,社会
2026-08-26,2026-08-26T06:14:38.318328+09:00,その他メディア,,スポニチ,フランスにドラゴンボール遊園地建設 仏サウジ首脳が合意,https://www.sponichi.co.jp/society/news/2026/08/26/kiji/20260825s00042000459000c.html,https://news.ceek.jp/search.cgi?category_id=national&feed=1,ok,,社会
2026-08-26,2026-08-26T06:14:38.318328+09:00,その他メディア,,スポニチ,トクリュウか 中古スマホ200万円超相当盗む 17歳少年ら逮捕,https://www.sponichi.co.jp/society/news/2026/08/26/kiji/20260825s00042000464000c.html,https://news.ceek.jp/search.cgi?category_id=national&feed=1,ok,,社会
2026-08-26,2026-08-26T06:14:38.318328+09:00,その他メディア,,スポニチ,福岡県議長が議員辞職 混乱回避へ「責任取る」 金銭授受は重ねて否定,https://www.sponichi.co.jp/society/news/2026/08/26/kiji/20260826s00042000021000c.html,https://news.ceek.jp/search.cgi?category_id=national&feed=1,ok,,社会
2026-08-26,2026-08-26T06:14:38.318328+09:00,その他メディア,,スポニチ,滞在時間約10秒...高級時計窃盗2億円被害か 中野ブロードウェイの時計店 1人は電動キックボードで逃走,https://www.sponichi.co.jp/society/news/2026/08/26/kiji/20260825s00042000469000c.html,https://news.ceek.jp/search.cgi?category_id=national&feed=1,ok,,社会
2026-08-26,2026-08-26T06:14:38.318328+09:00,その他メディア,,テレビ朝日,バヌアツのアンバエ山で大規模噴火 津波の影響なし,https://news.tv-asahi.co.jp/news_society/articles/000528758.html,https://news.ceek.jp/search.cgi?category_id=national&feed=1,ok,,社会
2026-08-26,2026-08-26T06:14:38.318328+09:00,その他メディア,,フジテレビ,福島県で最大震度2の地震 福島県・白河市、田村市、国見町、川俣町、泉崎村、玉川村、小野町、いわき市、相馬市,https://www.fnn.jp/articles/-/1101415,https://news.ceek.jp/search.cgi?category_id=national&feed=1,ok,,社会
2026-08-26,2026-08-26T06:14:38.318328+09:00,その他メディア,,フジテレビ,【地震】山形県内で震度1 福島県沖を震源とする最大震度2の地震が発生 津波の心配なし,https://www.fnn.jp/articles/-/1101416,https://news.ceek.jp/search.cgi?category_id=national&feed=1,ok,,社会
2026-08-26,2026-08-26T06:14:38.318328+09:00,その他メディア,,日本テレビ,"“異例の10秒""で高級腕時計4本窃盗「入念準備」か...2億円相当被害 逃走の2人組に似た背格好の人物目撃も 東京・中野区",https://news.ntv.co.jp/category/society/d1e4c75353474b1988177c9ca1faf1f1,https://news.ceek.jp/search.cgi?category_id=national&feed=1,ok,,社会
2026-08-26,2026-08-26T06:14:38.318328+09:00,その他メディア,,デイリー新潮,"「福岡県議会のドン」が急転直下の“議員辞職""も...自民党内で「ウチの地元は大丈夫か?」の声が絶えないワケ 「福岡以外の2つの県議会でも“上納""に関する情報提供を受けた」とジャーナリスト",https://www.dailyshincho.jp/article/2026/08260507/?all=1,https://news.ceek.jp/search.cgi?category_id=national&feed=1,ok,,社会
2026-08-26,2026-08-26T06:14:38.318328+09:00,その他メディア,,デイリー新潮,「ドカーン!」爆発の3分前、彼女たちはビルの中にいた――イオンモール熊本・爆発事故、九死に一生の証言,https://www.dailyshincho.jp/article/2026/08260506/?all=1,https://news.ceek.jp/search.cgi?category_id=national&feed=1,ok,,社会
2026-08-26,2026-08-26T06:14:38.318328+09:00,その他メディア,,デイリー新潮,楽天市場から撤退の「通販生活」創業者は「辻元清美」の大スポンサー モットーは「憲法9条があるから買い物ができる」,https://www.dailyshincho.jp/article/2026/08260504/?all=1,https://news.ceek.jp/search.cgi?category_id=national&feed=1,ok,,社会
2026-08-26,2026-08-26T06:14:38.318328+09:00,その他メディア,,デイリー新潮,"IR汚職「秋元 司」元議員を支える銀座クラブママ 「“公私共にパートナー""の関係」「司法試験の勉強中」獄中の現在",https://www.dailyshincho.jp/article/2026/08260500/?all=1,https://news.ceek.jp/search.cgi?category_id=national&feed=1,ok,,社会
2026-08-26,2026-08-26T06:14:38.318328+09:00,全国紙,全国,日本経済新聞,作品に宿る不戦の願い「世界に響く」 米研究者スーザン・ネイピア氏,https://www.nikkei.com/article/DGXZQOUF2454T0U6A720C2000000/,https://news.ceek.jp/search.cgi?category_id=national&feed=1,ok,,社会
2026-08-26,2026-08-26T06:14:38.318328+09:00,全国紙,全国,読売新聞,蔵内氏 辞職理由語らず 福岡 会派離脱の県議も,https://www.yomiuri.co.jp/national/20260826-GYT1T00049/,https://news.ceek.jp/search.cgi?category_id=national&feed=1,ok,,社会
2026-08-26,2026-08-26T06:14:38.318328+09:00,その他メディア,,フジテレビ,田久保 前伊東市長のパソコンから偽造された「卒業証書」とみられるデータ押収 犯行裏付ける重要証拠か 田久保 前市長は「卒業したと思っていて偽造する動機ない」とする文書を裁判所に提出 無罪主張へ,https://www.fnn.jp/articles/-/1101288,https://news.ceek.jp/search.cgi?category_id=national&feed=1,ok,,社会
2026-08-26,2026-08-26T06:14:38.318328+09:00,その他メディア,,フジテレビ,「赤ちゃんがプールで沈んでいる」と連絡 1歳男児プールで溺れて一時心肺停止 両親ときょうだい計4人で来ていた 心臓マッサージで意識・呼吸回復,https://www.fnn.jp/articles/-/1101310,https://news.ceek.jp/search.cgi?category_id=national&feed=1,ok,,社会
2026-08-26,2026-08-26T06:14:38.318328+09:00,その他メディア,,フジテレビ,魚の物語を価値に変える...函館から目利きと技術で鮮魚を全国へ 「マルショウ小西鮮魚店」小西一人さん,https://www.fnn.jp/articles/-/1101412,https://news.ceek.jp/search.cgi?category_id=national&feed=1,ok,,社会
2026-08-26,2026-08-26T06:14:38.318328+09:00,全国紙,全国,読売新聞,「サイバー攻撃 脅威高まる」 警察白書 昨年最多1・5万件摘発,https://www.yomiuri.co.jp/national/20260825-GYT1T00395/,https://news.ceek.jp/search.cgi?category_id=national&feed=1,ok,,社会
2026-08-26,2026-08-26T06:14:38.318328+09:00,全国紙,全国,読売新聞,文部科学省人事(9月1日),https://www.yomiuri.co.jp/national/20260825-GYT1T00416/,https://news.ceek.jp/search.cgi?category_id=national&feed=1,ok,,社会
2026-08-26,2026-08-26T06:14:38.318328+09:00,全国紙,全国,読売新聞,クマ対策 政府が本腰 処理施設や射撃場、自治体交付金対象 80億円概算要求 環境省方針,https://www.yomiuri.co.jp/national/20260826-GYT1T00041/,https://news.ceek.jp/search.cgi?category_id=national&feed=1,ok,,社会
2026-08-26,2026-08-26T06:14:38.318328+09:00,全国紙,全国,読売新聞,クマスプレー「推奨要件」...噴射距離7・5メートル以上 6秒以上、円錐状に 環境省公表,https://www.yomiuri.co.jp/national/20260826-GYT1T00043/,https://news.ceek.jp/search.cgi?category_id=national&feed=1,ok,,社会
2026-08-26,2026-08-26T06:14:38.318328+09:00,全国紙,全国,読売新聞,海や川の水を飲料用に浄化する「可搬式浄水装置」、市町村の購入費も補助...国交省が給水体制強化へ,https://www.yomiuri.co.jp/national/20260825-GYT1T00413/,https://news.ceek.jp/search.cgi?category_id=national&feed=1,ok,,社会
2026-08-26,2026-08-26T06:14:38.318328+09:00,全国紙,全国,読売新聞,[デジタル禍 増殖するbot]<5>無差別攻撃 サイトダウン 脆弱なIoT機器を悪用,https://www.yomiuri.co.jp/national/20260826-GYT1T00046/,https://news.ceek.jp/search.cgi?category_id=national&feed=1,ok,,社会
2026-08-26,2026-08-26T06:14:38.318328+09:00,全国紙,全国,読売新聞,新品種 海外流出防げ 許諾から訴訟まで一括管理 農水省認定機関が始動,https://www.yomiuri.co.jp/national/20260826-GYT1T00052/,https://news.ceek.jp/search.cgi?category_id=national&feed=1,ok,,社会
2026-08-26,2026-08-26T06:14:38.318328+09:00,全国紙,全国,読売新聞,[医療ルネサンス]がん患者会 支え合い<5>闘病の子向けにイベント,https://www.yomiuri.co.jp/medical/renaissance/20260825-GYT8T00135/,https://news.ceek.jp/search.cgi?category_id=national&feed=1,ok,,社会
2026-08-26,2026-08-26T06:14:38.318328+09:00,その他メディア,,日刊スポーツ,彬子さま、30日のNHK「日曜美術館」出演 博士号持つ日本美術テーマ X驚きの声,https://www.nikkansports.com/general/nikkan/news/202608250000859.html,https://news.ceek.jp/search.cgi?category_id=national&feed=1,ok,,社会
2026-08-26,2026-08-26T06:14:38.318328+09:00,その他メディア,,デイリー新潮,麻生副総裁の意中の「愛い奴」の名前 高市首相に推薦する自民党幹事長人事,https://www.dailyshincho.jp/article/2026/08260451/?all=1,https://news.ceek.jp/search.cgi?category_id=national&feed=1,ok,,社会
2026-08-26,2026-08-26T06:14:38.318328+09:00,その他メディア,,デイリー新潮,X連投の高市首相の「頭の中」を占めていること 「過去の首相のミスを念頭に置きながら」,https://www.dailyshincho.jp/article/2026/08260450/?all=1,https://news.ceek.jp/search.cgi?category_id=national&feed=1,ok,,社会
2026-08-26,2026-08-26T06:14:38.318328+09:00,その他メディア,,フジテレビ,熊本県で最大震度1の地震 熊本県・熊本中央区、熊本西区,https://www.fnn.jp/articles/-/1101407,https://news.ceek.jp/search.cgi?category_id=national&feed=1,ok,,社会
2026-08-26,2026-08-26T06:14:38.318328+09:00,その他メディア,,TBSテレビ,「娘と一緒に死のうと思った」3歳娘の顔を圧迫し殺害しようとしたか 母親(39)を現行犯逮捕 神奈川・藤沢市,https://newsdig.tbs.co.jp/articles/-/2896440?display=1,https://news.ceek.jp/search.cgi?category_id=national&feed=1,ok,,社会
2026-08-26,2026-08-26T06:14:38.318328+09:00,その他メディア,,TBSテレビ,「1Lあたり170円程度に抑制」高市総理がガソリン補助金継続を表明,https://newsdig.tbs.co.jp/articles/-/2896436?display=1,https://news.ceek.jp/search.cgi?category_id=national&feed=1,ok,,社会
2026-08-26,2026-08-26T06:14:38.318328+09:00,その他メディア,,フジテレビ,熊本県で最大震度1の地震 熊本県・熊本南区、宇土市、甲佐町,https://www.fnn.jp/articles/-/1101350,https://news.ceek.jp/search.cgi?category_id=national&feed=1,ok,,社会
2026-08-26,2026-08-26T06:14:38.318328+09:00,その他メディア,,スポーツ報知,中野ブロードウェイ時計店で2億円被害の窃盗...2人組が腕時計4本持ち去り電動キックボードで逃走か,https://hochi.news/articles/20260825-OHT1T51321.html?page=1,https://news.ceek.jp/search.cgi?category_id=national&feed=1,ok,,社会
2026-08-26,2026-08-26T06:14:38.318328+09:00,その他メディア,,スポーツ報知,チーム名から「東武鉄道」一部消滅...作業員死亡事故余波 Abema主催将棋大会で羽生善治九段率いる「北関東ブリッツァーズ」,https://hochi.news/articles/20260825-OHT1T51323.html?page=1,https://news.ceek.jp/search.cgi?category_id=national&feed=1,ok,,社会
2026-08-26,2026-08-26T06:14:38.318328+09:00,その他メディア,,フジテレビ,熊本県で最大震度1の地震 熊本県・芦北町,https://www.fnn.jp/articles/-/1101348,https://news.ceek.jp/search.cgi?category_id=national&feed=1,ok,,社会
2026-08-26,2026-08-26T06:14:38.318328+09:00,全国紙,全国,日本経済新聞,映画「国宝」で注目の歌舞伎に能や文楽 日本の伝統芸能を知る1冊,https://www.nikkei.com/article/DGXZQOCD028690S6A700C2000000/,https://news.ceek.jp/search.cgi?category_id=national&feed=1,ok,,社会
2026-08-26,2026-08-26T06:14:38.318328+09:00,全国紙,全国,日本経済新聞,電力大手が謝罪の法廷録音、「審理に影響」制限緩和に法曹界から慎重論,https://www.nikkei.com/article/DGXZQOUD2032B0Q6A520C2000000/,https://news.ceek.jp/search.cgi?category_id=national&feed=1,ok,,社会
2026-08-26,2026-08-26T06:14:38.318328+09:00,全国紙,全国,日本経済新聞,北九州の14大学、市や商議所と連携協定 学生募集や地元就職促進,https://www.nikkei.com/article/DGXZQOJC242VO0U6A820C2000000/,https://news.ceek.jp/search.cgi?category_id=national&feed=1,ok,,社会
2026-08-26,2026-08-26T06:14:38.318328+09:00,その他メディア,,TBSテレビ,"東京で猛暑日 暑さ逆手に“びちょ濡れ""大作戦 熊本ではアスリートが子どもたちに“夏の思い出""【news23】",https://newsdig.tbs.co.jp/articles/-/2896403?display=1,https://news.ceek.jp/search.cgi?category_id=national&feed=1,ok,,社会
2026-08-26,2026-08-26T06:14:38.318328+09:00,その他メディア,,TBSテレビ,"2億円相当の高級腕時計を窃盗...犯行時間“10秒"" 「電動キックボードで逃げた」2人組の男の行方は 東京・中野ブロードウェイ【news23】",https://newsdig.tbs.co.jp/articles/-/2896388?display=1,https://news.ceek.jp/search.cgi?category_id=national&feed=1,ok,,社会
2026-08-26,2026-08-26T06:14:38.318328+09:00,その他メディア,,Abema TIMES,白昼堂々...犯行時間わずか10秒 中野ブロードウェイで男2人が腕時計盗み逃走,https://times.abema.tv/articles/-/10269069?page=1,https://news.ceek.jp/search.cgi?category_id=national&feed=1,ok,,社会
2026-08-26,2026-08-26T06:14:38.318328+09:00,その他メディア,,TBSテレビ,【相模原市男子生徒死亡】「車に追いかけられその車に乗っていた人物から暴行を受けた」と知人が説明 同級生は「頭が真っ白に」【news23】,https://newsdig.tbs.co.jp/articles/-/2896385?display=1,https://news.ceek.jp/search.cgi?category_id=national&feed=1,ok,,社会
2026-08-26,2026-08-26T06:14:38.318328+09:00,その他メディア,,フジテレビ,台風18号が接近 沖縄・奄美で大荒れ 夏休み終盤に直撃,https://www.fnn.jp/articles/-/1101344,https://news.ceek.jp/search.cgi?category_id=national&feed=1,ok,,社会
2026-08-26,2026-08-26T06:14:38.318328+09:00,その他メディア,,日本テレビ,熊本地震の災害廃棄物「最大100万トン」の見込み...発生から1か月、仮置き場には車の列が途切れず,https://news.ntv.co.jp/category/society/21a77c7c42e843e889e111f4f5242fa8,https://news.ceek.jp/search.cgi?category_id=national&feed=1,ok,,社会
2026-08-26,2026-08-26T06:14:38.318328+09:00,その他メディア,,フジテレビ,"“4本で2億円""時計店で窃盗 「中野ブロードウェイ」で白昼堂々",https://www.fnn.jp/articles/-/1101343,https://news.ceek.jp/search.cgi?category_id=national&feed=1,ok,,社会
2026-08-26,2026-08-26T06:14:38.318328+09:00,その他メディア,,日本テレビ,灯籠と柱の間に頭挟まれ...男子高校生が死亡 伝統の祭りで「重大な事故」 新潟・阿賀野市,https://news.ntv.co.jp/category/society/088265f477ee4a03b5d8f598c9ffb655,https://news.ceek.jp/search.cgi?category_id=national&feed=1,ok,,社会
2026-08-26,2026-08-26T06:14:38.318328+09:00,その他メディア,,Abema TIMES,鹿児島・奄美地方に線状降水帯発生 気象庁,https://times.abema.tv/articles/-/10269068?page=1,https://news.ceek.jp/search.cgi?category_id=national&feed=1,ok,,社会
2026-08-26,2026-08-26T06:14:38.318328+09:00,その他メディア,,Abema TIMES,"台風18号直撃『線状降水帯直前予測』も 一方で被災地の復旧阻む“危険な暑さ""",https://times.abema.tv/articles/-/10269064?page=1,https://news.ceek.jp/search.cgi?category_id=national&feed=1,ok,,社会
2026-08-26,2026-08-26T06:14:38.318328+09:00,その他メディア,,Abema TIMES,"“2億円""腕時計窃盗 逃走に使用か 電動キックボード発見",https://times.abema.tv/articles/-/10269055?page=1,https://news.ceek.jp/search.cgi?category_id=national&feed=1,ok,,社会
2026-08-26,2026-08-26T06:14:38.318328+09:00,その他メディア,,Abema TIMES,イオン爆発「事故調査委員会」来月3日開催へ,https://times.abema.tv/articles/-/10269056?page=1,https://news.ceek.jp/search.cgi?category_id=national&feed=1,ok,,社会
2026-08-26,2026-08-26T06:14:38.318328+09:00,その他メディア,,フジテレビ,羽田空港第1ターミナルに新たな発着ゲート施設「北側サテライト」が誕生 9月1日から運用開始,https://www.fnn.jp/articles/-/1101341,https://news.ceek.jp/search.cgi?category_id=national&feed=1,ok,,社会
2026-08-26,2026-08-26T06:14:38.318328+09:00,その他メディア,,フジテレビ,競泳メダリスト・本多灯被告 初公判で危険運転を認める,https://www.fnn.jp/articles/-/1101340,https://news.ceek.jp/search.cgi?category_id=national&feed=1,ok,,社会
2026-08-26,2026-08-26T06:14:38.318328+09:00,その他メディア,,日本テレビ,「街にたった1つしかなかったスーパー」「温泉の復活で経済を活性化」 熊本地震でいま必要なもの【被災地の声】,https://news.ntv.co.jp/category/society/c1d98c8f012b499faa5f995d5311ad09,https://news.ceek.jp/search.cgi?category_id=national&feed=1,ok,,社会
2026-08-26,2026-08-26T06:14:38.318328+09:00,その他メディア,,フジテレビ,コスメ店 遺族に「事実と異なる説明」 イオンモール熊本爆発事故,https://www.fnn.jp/articles/-/1101339,https://news.ceek.jp/search.cgi?category_id=national&feed=1,ok,,社会
2026-08-26,2026-08-26T06:14:38.318328+09:00,その他メディア,,テレビ朝日,白昼堂々...犯行時間わずか10秒 中野ブロードウェイで男2人が腕時計盗み逃走,https://news.tv-asahi.co.jp/news_society/articles/900197903.html,https://news.ceek.jp/search.cgi?category_id=national&feed=1,ok,,社会
2026-08-26,2026-08-26T06:14:38.318328+09:00,その他メディア,,日刊スポーツ,芝浦とお台場を結ぶ「レインボーブリッジ」が開通/今日は?,https://www.nikkansports.com/general/news/202608250000559.html,https://news.ceek.jp/search.cgi?category_id=national&feed=1,ok,,社会
2026-08-26,2026-08-26T06:14:38.318328+09:00,その他メディア,,TBSテレビ,羽田空港の新しい搭乗エリア「北側サテライト」を初公開 木を使った内装デザインに自動運転の移動手段も 9月に利用開始,https://newsdig.tbs.co.jp/articles/-/2896301?display=1,https://news.ceek.jp/search.cgi?category_id=national&feed=1,ok,,社会
2026-08-26,2026-08-26T06:14:38.318328+09:00,その他メディア,,テレビ朝日,"台風18号直撃『線状降水帯直前予測』も 一方で被災地の復旧阻む“危険な暑さ""",https://news.tv-asahi.co.jp/news_society/articles/900197902.html,https://news.ceek.jp/search.cgi?category_id=national&feed=1,ok,,社会
2026-08-26,2026-08-26T06:14:38.318328+09:00,その他メディア,,テレビ朝日,鹿児島・奄美地方で線状降水帯発生 気象庁,https://news.tv-asahi.co.jp/news_society/articles/000528729.html,https://news.ceek.jp/search.cgi?category_id=national&feed=1,ok,,社会
2026-08-26,2026-08-26T06:14:38.318328+09:00,その他メディア,,テレビ朝日,バヌアツの火山噴火 海外の潮位変化はなし 気象庁,https://news.tv-asahi.co.jp/news_society/articles/000528734.html,https://news.ceek.jp/search.cgi?category_id=national&feed=1,ok,,社会
2026-08-26,2026-08-26T06:14:38.318328+09:00,その他メディア,,TBSテレビ,「一緒に死のうと思った」3歳娘の顔圧迫し殺害しようとした39歳母親 逮捕後は一転して殺意を否認 神奈川・藤沢市,https://newsdig.tbs.co.jp/articles/-/2896296?display=1,https://news.ceek.jp/search.cgi?category_id=national&feed=1,ok,,社会
2026-08-26,2026-08-26T06:14:38.318328+09:00,その他メディア,,テレビ朝日,東京湾アクアラインのトンネル内で車から出火 歩いて避難 上下線が通行止め,https://news.tv-asahi.co.jp/news_society/articles/000528730.html,https://news.ceek.jp/search.cgi?category_id=national&feed=1,ok,,社会
2026-08-26,2026-08-26T06:14:38.318328+09:00,全国紙,全国,日本経済新聞,熊本地震、災害関連死疑い2人に 80代男性,https://www.nikkei.com/article/DGXZQOUD258V00V20C26A8000000/,https://news.ceek.jp/search.cgi?category_id=national&feed=1,ok,,社会
2026-08-26,2026-08-26T06:14:38.318328+09:00,その他メディア,,フジテレビ,熊本県で最大震度1の地震 熊本県・八代市,https://www.fnn.jp/articles/-/1101335,https://news.ceek.jp/search.cgi?category_id=national&feed=1,ok,,社会
2026-08-26,2026-08-26T06:14:38.318328+09:00,その他メディア,,日本テレビ,"犯行時間“10秒""...中野ブロードウェイの時計店で窃盗「2億円相当」被害 男2人が逃走“入念準備""か",https://news.ntv.co.jp/category/society/eacf53d80dbb4dca903bc840c6ea0a50,https://news.ceek.jp/search.cgi?category_id=national&feed=1,ok,,社会
2026-08-26,2026-08-26T06:14:38.318328+09:00,その他メディア,,フジテレビ,鹿児島・奄美地方で線状降水帯が発生 周囲の状況を確認し安全確保を,https://www.fnn.jp/articles/-/1101334,https://news.ceek.jp/search.cgi?category_id=national&feed=1,ok,,社会
2026-08-26,2026-08-26T06:14:38.318328+09:00,その他メディア,,TBSテレビ,「子どもが波に流された」静岡・東伊豆町のビーチで親子3人が海に転落 55歳男性が死亡 14歳と10歳は命に別状なし,https://newsdig.tbs.co.jp/articles/-/2896291?display=1,https://news.ceek.jp/search.cgi?category_id=national&feed=1,ok,,社会
2026-08-26,2026-08-26T06:14:38.318328+09:00,その他メディア,,共同通信,台風18号、沖縄と奄美に接近 強い勢力、線状降水帯発生,https://www.47news.jp/14839656.html,https://news.ceek.jp/search.cgi?category_id=national&feed=1,ok,,社会
2026-08-26,2026-08-26T06:14:38.318328+09:00,その他メディア,,フジテレビ,富士山 下山中に岩の上で転倒して頭にケガ 72歳の女性動けなくなり救助,https://www.fnn.jp/articles/-/1101333,https://news.ceek.jp/search.cgi?category_id=national&feed=1,ok,,社会
2026-08-26,2026-08-26T06:14:38.318328+09:00,その他メディア,,共同通信,【速報】奄美で線状降水帯発生,https://www.47news.jp/14844598.html,https://news.ceek.jp/search.cgi?category_id=national&feed=1,ok,,社会
2026-08-26,2026-08-26T06:14:38.318328+09:00,その他メディア,,日本テレビ,【台風18号】強い勢力で沖縄や奄美に最接近 空の便への影響広がる 一部地域で停電も 那覇市から中継,https://news.ntv.co.jp/category/society/74834207b3cc4195a5d293329de1fba5,https://news.ceek.jp/search.cgi?category_id=national&feed=1,ok,,社会
2026-08-26,2026-08-26T06:14:38.318328+09:00,その他メディア,,フジテレビ,【台風情報】台風18号の最新の進路予想 強い勢力で奄美地方と沖縄本島地方にかなり接近 奄美地方では「線状降水帯」が発生して大雨災害の危険度が急激に高まるおそれ 暴風、高波、土砂災害など厳重警戒,https://www.fnn.jp/articles/-/1101332,https://news.ceek.jp/search.cgi?category_id=national&feed=1,ok,,社会
2026-08-26,2026-08-26T06:14:38.318328+09:00,その他メディア,,共同通信,【速報】堤防から海に落ち、茨城の男性死亡,https://www.47news.jp/14844580.html,https://news.ceek.jp/search.cgi?category_id=national&feed=1,ok,,社会
2026-08-26,2026-08-26T06:14:38.318328+09:00,その他メディア,,TBSテレビ,【速報】線状降水帯発生 鹿児島・奄美地方,https://newsdig.tbs.co.jp/articles/-/2896217?display=1,https://news.ceek.jp/search.cgi?category_id=national&feed=1,ok,,社会
2026-08-26,2026-08-26T06:14:38.318328+09:00,その他メディア,,フジテレビ,鹿児島県奄美地方に「線状降水帯」発生 災害に厳重警戒(23:18時点),https://www.fnn.jp/articles/-/1101330,https://news.ceek.jp/search.cgi?category_id=national&feed=1,ok,,社会
2026-08-26,2026-08-26T06:14:38.318328+09:00,その他メディア,,サンケイスポーツ,同志社理事長、辞任の意向 辺野古沖転覆巡り引責 国際高校長も交代,https://www.sanspo.com/article/20260825-ZHISYCNDKNNP7O6GD5HQC2NC5I/,https://news.ceek.jp/search.cgi?category_id=national&feed=1,ok,,社会
2026-08-26,2026-08-26T06:14:38.318328+09:00,全国紙,全国,読売新聞,強い台風18号が沖縄本島に接近、奄美で「線状降水帯」発生...徳之島で最大瞬間風速54・5m観測,https://www.yomiuri.co.jp/national/20260825-GYT1T00361/,https://news.ceek.jp/search.cgi?category_id=national&feed=1,ok,,社会
2026-08-26,2026-08-26T06:14:38.318328+09:00,全国紙,全国,産経新聞,南太平洋バヌアツで噴火か 衛星画像で火山灰確認 気象庁、日本への影響調べる,https://www.sankei.com/article/20260825-SLDJUV47BFNVNAASWYBTYPSXT4/,https://news.ceek.jp/search.cgi?category_id=national&feed=1,ok,,社会
2026-08-26,2026-08-26T06:14:38.318328+09:00,その他メディア,,テレビ朝日,鹿児島・徳之島町と天城町に「レベル4」土砂災害危険警報 気象庁,https://news.tv-asahi.co.jp/news_society/articles/000528721.html,https://news.ceek.jp/search.cgi?category_id=national&feed=1,ok,,社会
2026-08-26,2026-08-26T06:14:38.318328+09:00,全国紙,全国,読売新聞,田久保真紀・前伊東市長、押収パソコンから偽造卒業証書のデータ...田久保氏は書面で無罪主張,https://www.yomiuri.co.jp/national/20260825-GYT1T00353/,https://news.ceek.jp/search.cgi?category_id=national&feed=1,ok,,社会
2026-08-26,2026-08-26T06:14:38.318328+09:00,その他メディア,,TBSテレビ,カナダ政府がアメリカへの報復関税を発表 鉄鋼50%など対象は700品目超,https://newsdig.tbs.co.jp/articles/-/2896505?display=1,https://news.ceek.jp/search.cgi?category_id=world&feed=1,ok,,国際
2026-08-26,2026-08-26T06:14:38.318328+09:00,全国紙,全国,産経新聞,イスラエルが国連パレスチナ難民救済事業機関の施設を占拠 ネタニヤフ首相が退去命令,https://www.sankei.com/article/20260826-AZVX2KROFRMRHCZG554S25EJQE/,https://news.ceek.jp/search.cgi?category_id=world&feed=1,ok,,国際
2026-08-26,2026-08-26T06:14:38.318328+09:00,全国紙,全国,産経新聞,ロシアとベラルーシからの書籍や衣類禁輸 ラトビア政府が閣議決定,https://www.sankei.com/article/20260826-MIL7ALBZ5BN7XN53AL6XN2DKYI/,https://news.ceek.jp/search.cgi?category_id=world&feed=1,ok,,国際
2026-08-26,2026-08-26T06:14:38.318328+09:00,全国紙,全国,産経新聞,AIで親ロシア勢力が世論操作 チャットGPTを不正利用 ウクライナやEUを中傷,https://www.sankei.com/article/20260826-45OJRGLQJFMO3LTZ7P5RXKCDAY/,https://news.ceek.jp/search.cgi?category_id=world&feed=1,ok,,国際
2026-08-26,2026-08-26T06:14:38.318328+09:00,全国紙,全国,産経新聞,米上院予備選で決選投票 南部サウスカロライナ州、中間選挙に向けてトランプ大統領試金石,https://www.sankei.com/article/20260826-QWVL4K5B2BMMDJF5DN24657B44/,https://news.ceek.jp/search.cgi?category_id=world&feed=1,ok,,国際
2026-08-26,2026-08-26T06:14:38.318328+09:00,全国紙,全国,産経新聞,米、はしかで今年初の死者 2人、いずれもワクチン接種なし 過去35年で最大流行,https://www.sankei.com/article/20260826-Z6NEQ6GWH5JLJECIN2QEPIDGMY/,https://news.ceek.jp/search.cgi?category_id=world&feed=1,ok,,国際
2026-08-26,2026-08-26T06:14:38.318328+09:00,全国紙,全国,産経新聞,ホルムズ海峡の暫定航路「近く発表」 オマーン外相がイラン訪問で期待表明,https://www.sankei.com/article/20260826-7RECFTYB55J73OMBSGMW7DSYT4/,https://news.ceek.jp/search.cgi?category_id=world&feed=1,ok,,国際
2026-08-26,2026-08-26T06:14:38.318328+09:00,全国紙,全国,産経新聞,対イランでヘグセス米国防長官「武力行使を排除せず」 トランプ大統領「全ての機雷除去」,https://www.sankei.com/article/20260826-LKS4CKWMVNNRDJVRGAQ4B766RE/,https://news.ceek.jp/search.cgi?category_id=world&feed=1,ok,,国際
2026-08-26,2026-08-26T06:14:38.318328+09:00,その他メディア,,現代ビジネス,高市首相の「強気外交」がいよいよ裏目に...ロシア、中国、北朝鮮が仕掛ける「圧」に日本はどこまで耐えられるのか,https://gendai.media/articles/-/170490,https://news.ceek.jp/search.cgi?category_id=world&feed=1,ok,,国際
2026-08-26,2026-08-26T06:14:38.318328+09:00,その他メディア,,現代ビジネス,習近平が対日大攻勢を強化中 最初の標的は日本の急所である「沖ノ鳥島」かもしれない,https://gendai.media/articles/-/170504,https://news.ceek.jp/search.cgi?category_id=world&feed=1,ok,,国際
2026-08-26,2026-08-26T06:14:38.318328+09:00,その他メディア,,現代ビジネス,【検証】プーチン大統領の北方領土訪問の「原因」は茂木敏充外相だった可能性,https://gendai.media/articles/-/170514,https://news.ceek.jp/search.cgi?category_id=world&feed=1,ok,,国際
2026-08-26,2026-08-26T06:14:38.318328+09:00,その他メディア,,JBpress,AIは意識を持ちうるのか?,https://jbpress.ismedia.jp/articles/-/96616,https://news.ceek.jp/search.cgi?category_id=world&feed=1,ok,,国際
2026-08-26,2026-08-26T06:14:38.318328+09:00,その他メディア,,JBpress,ウクライナ侵攻4年半、しぶといロシア経済と揺らぐゼレンスキー政権...戦争長期化で双方に「消耗」進む,https://jbpress.ismedia.jp/articles/-/96661,https://news.ceek.jp/search.cgi?category_id=world&feed=1,ok,,国際
2026-08-26,2026-08-26T06:14:38.318328+09:00,その他メディア,,JBpress,プーチン大統領の択捉訪問は「強いロシア」の証明ではない、内政不安と経済力低下の現実【土田陽介のユーラシアモニター】支持率低下、金準備の取り崩し、ルーブル安...下院選を前に追い込まれるプーチン政権,https://jbpress.ismedia.jp/articles/-/96675,https://news.ceek.jp/search.cgi?category_id=world&feed=1,ok,,国際
2026-08-26,2026-08-26T06:14:38.318328+09:00,その他メディア,,JBpress,円とウォンの「連動」が崩れた、韓国通貨を押し上げるすさまじい半導体パワーSKハイニックスが265億ドルを調達、空前の半導体好況が為替まで動かし始めた,https://jbpress.ismedia.jp/articles/-/96676,https://news.ceek.jp/search.cgi?category_id=world&feed=1,ok,,国際
2026-08-26,2026-08-26T06:14:38.318328+09:00,その他メディア,,テレビ朝日,"人型ロボット“人類超え""相次ぐ 中国企業「強さは産学官連携」",https://news.tv-asahi.co.jp/news_international/articles/000528752.html,https://news.ceek.jp/search.cgi?category_id=world&feed=1,ok,,国際
2026-08-26,2026-08-26T06:14:38.318328+09:00,その他メディア,,デイリースポーツ,米上院予備選で決選投票,https://www.daily.co.jp/society/world/2026/08/26/0020747316.shtml,https://news.ceek.jp/search.cgi?category_id=world&feed=1,ok,,国際
2026-08-26,2026-08-26T06:14:38.318328+09:00,その他メディア,,デイリースポーツ,海峡暫定航路「近く発表」,https://www.daily.co.jp/society/world/2026/08/26/0020747319.shtml,https://news.ceek.jp/search.cgi?category_id=world&feed=1,ok,,国際
2026-08-26,2026-08-26T06:14:38.318328+09:00,全国紙,全国,日本経済新聞,米CIA長官がロシア訪問と米報道 ウクライナ停戦を協議か,https://www.nikkei.com/article/DGXZQOGN2601F0W6A820C2000000/,https://news.ceek.jp/search.cgi?category_id=world&feed=1,ok,,国際
2026-08-26,2026-08-26T06:14:38.318328+09:00,その他メディア,,VIETJO,新法施行で住宅供給が回復、高金利下の成約減で在庫積み増し,https://www.viet-jo.com/news/economy/260825171203.html,https://news.ceek.jp/search.cgi?category_id=world&feed=1,ok,,国際
2026-08-26,2026-08-26T06:14:38.318328+09:00,その他メディア,,デイリースポーツ,ロシアの書籍や衣類禁輸,https://www.daily.co.jp/society/world/2026/08/26/0020747298.shtml,https://news.ceek.jp/search.cgi?category_id=world&feed=1,ok,,国際
2026-08-26,2026-08-26T06:14:38.318328+09:00,その他メディア,,Pars Today,イラン大統領;「イスラム諸国の同調強化は、地域における安定確立の要素」,https://parstoday.ir/ja/news/iran-i134274,https://news.ceek.jp/search.cgi?category_id=world&feed=1,ok,,国際
2026-08-26,2026-08-26T06:14:38.318328+09:00,その他メディア,,VIETJO,改正投資法を可決、条件付き業種▲62削減で137業種に,https://www.viet-jo.com/news/law/260825182216.html,https://news.ceek.jp/search.cgi?category_id=world&feed=1,ok,,国際
2026-08-26,2026-08-26T06:14:38.318328+09:00,その他メディア,,デイリー新潮,"高市首相が「プーチン」の主張を突き返した...“狂気の皇帝""が意外と気にするロシア世論、北方領土訪問の狙い",https://www.dailyshincho.jp/article/2026/08260502/?all=1,https://news.ceek.jp/search.cgi?category_id=world&feed=1,ok,,国際
2026-08-26,2026-08-26T06:14:38.318328+09:00,全国紙,全国,日本経済新聞,中国の次世代占う「湖北の異変」 5中全会前に習経済路線巡り綱引き,https://www.nikkei.com/article/DGXZQOCD240JS0U6A820C2000000/,https://news.ceek.jp/search.cgi?category_id=world&feed=1,ok,,国際
2026-08-26,2026-08-26T06:14:38.318328+09:00,全国紙,全国,読売新聞,[スキャナー]対イラン圧力...米制裁 経済へシフト 中国の協力困難 実効性不透明,https://www.yomiuri.co.jp/world/20260825-GYT1T00369/,https://news.ceek.jp/search.cgi?category_id=world&feed=1,ok,,国際
2026-08-26,2026-08-26T06:14:38.318328+09:00,全国紙,全国,読売新聞,[地政学ウォッチ]鉱物覇権 グレート・ゲーム再び...アメリカ総局長 橋本潤也,https://www.yomiuri.co.jp/world/20260825-GYT1T00334/,https://news.ceek.jp/search.cgi?category_id=world&feed=1,ok,,国際
2026-08-26,2026-08-26T06:14:38.318328+09:00,全国紙,全国,読売新聞,重要施設 露政府が管理 防護不十分なら 企業介入懸念も 大統領令,https://www.yomiuri.co.jp/world/20260826-GYT1T00031/,https://news.ceek.jp/search.cgi?category_id=world&feed=1,ok,,国際
2026-08-26,2026-08-26T06:14:38.318328+09:00,全国紙,全国,読売新聞,「中国出自」台湾で疎外感 統一圧力下で「村八分」も,https://www.yomiuri.co.jp/world/20260826-GYT1T00032/,https://news.ceek.jp/search.cgi?category_id=world&feed=1,ok,,国際
2026-08-26,2026-08-26T06:14:38.318328+09:00,全国紙,全国,読売新聞,仏 高校内スマホ禁止 未成年SNS利用制限の一環,https://www.yomiuri.co.jp/world/20260826-GYT1T00060/,https://news.ceek.jp/search.cgi?category_id=world&feed=1,ok,,国際
2026-08-26,2026-08-26T06:14:38.318328+09:00,全国紙,全国,日本経済新聞,カナダが最大50%の対米報復関税 9月8日発動、「経済主権は譲らず」,https://www.nikkei.com/article/DGXZQOGN25B130V20C26A8000000/,https://news.ceek.jp/search.cgi?category_id=world&feed=1,ok,,国際
2026-08-26,2026-08-26T06:14:38.318328+09:00,その他メディア,,テレビ朝日,ドリー・パートンさん(80)死去 「カントリーミュージックの女王」トランプ氏も追悼,https://news.tv-asahi.co.jp/news_international/articles/000528757.html,https://news.ceek.jp/search.cgi?category_id=world&feed=1,ok,,国際
2026-08-26,2026-08-26T06:14:38.318328+09:00,その他メディア,,VIETJO,ワンマウント、小売店向け流通プラットフォームを開始8か月で終了,https://www.viet-jo.com/news/economy/260824165852.html,https://news.ceek.jp/search.cgi?category_id=world&feed=1,ok,,国際
2026-08-26,2026-08-26T06:14:38.318328+09:00,全国紙,全国,朝日新聞,カナダが米国への報復関税を発表 トランプ氏反発「湖の名前変える」,https://www.asahi.com/articles/ASV8T66R1V8TUHBI026M.html,https://news.ceek.jp/search.cgi?category_id=world&feed=1,ok,,国際
2026-08-26,2026-08-26T06:14:38.318328+09:00,その他メディア,,VIETJO,ベトナム入国拒否の外国人旅客、アシアナ航空に1億USD賠償請求,https://www.viet-jo.com/news/social/260825182055.html,https://news.ceek.jp/search.cgi?category_id=world&feed=1,ok,,国際
2026-08-26,2026-08-26T06:14:38.318328+09:00,その他メディア,,TBSテレビ,「日本が圧力に負けるか世界が見ている」米制裁対象のICC赤根所長が訴え 高市総理は引き続き支援強調,https://newsdig.tbs.co.jp/articles/-/2896435?display=1,https://news.ceek.jp/search.cgi?category_id=world&feed=1,ok,,国際
2026-08-26,2026-08-26T06:14:38.318328+09:00,全国紙,全国,日本経済新聞,IMF専務理事「経済成長なお下振れリスク」 冬場のエネルギー高警戒,https://www.nikkei.com/article/DGXZQOGN25BC80V20C26A8000000/,https://news.ceek.jp/search.cgi?category_id=world&feed=1,ok,,国際
2026-08-26,2026-08-26T06:14:38.318328+09:00,全国紙,全国,日本経済新聞,イランが狙うホルムズの打ち出の小づち トルコ「通航料」、4年で8倍,https://www.nikkei.com/article/DGXZQOGR237B50T20C26A7000000/,https://news.ceek.jp/search.cgi?category_id=world&feed=1,ok,,国際
2026-08-26,2026-08-26T06:14:38.318328+09:00,その他メディア,,フジテレビ,バチカン「外相」がロシア訪問、ラブロフ外相に停戦求める ウクライナ侵攻後で初,https://www.fnn.jp/articles/-/1101349,https://news.ceek.jp/search.cgi?category_id=world&feed=1,ok,,国際
2026-08-26,2026-08-26T06:14:38.318328+09:00,その他メディア,,VIETJO,トイレ洗剤誤飲で胃を全摘出の男性、ベトドク病院が消化管を再建,https://www.viet-jo.com/news/sanmen/260825154934.html,https://news.ceek.jp/search.cgi?category_id=world&feed=1,ok,,国際
2026-08-26,2026-08-26T06:14:38.318328+09:00,その他メディア,,共同通信,【速報】海峡暫定航路「近く発表期待」とオマーン,https://www.47news.jp/14844683.html,https://news.ceek.jp/search.cgi?category_id=world&feed=1,ok,,国際
2026-08-26,2026-08-26T06:14:38.318328+09:00,その他メディア,,テレビ朝日,米CIA長官がロシア訪問 当局者と協議 米政権 ウクライナに攻撃一時停止を要請,https://news.tv-asahi.co.jp/news_international/articles/000528748.html,https://news.ceek.jp/search.cgi?category_id=world&feed=1,ok,,国際
2026-08-26,2026-08-26T06:14:38.318328+09:00,全国紙,全国,日本経済新聞,米政権、最大20万人の観光・商用ビザ取り消しへ 亡命申請者が対象,https://www.nikkei.com/article/DGXZQOGN25B400V20C26A8000000/,https://news.ceek.jp/search.cgi?category_id=world&feed=1,ok,,国際
2026-08-26,2026-08-26T06:14:38.318328+09:00,その他メディア,,アラブニュース,サウジアラビア、シリアをテロ支援国家リストから除外した米国の決定を歓迎,https://www.arabnews.jp/article/saudi-arabia/article_184984/,https://news.ceek.jp/search.cgi?category_id=world&feed=1,ok,,国際
2026-08-26,2026-08-26T06:14:38.318328+09:00,全国紙,全国,日本経済新聞,投資家ピーター・ティール氏、アルゼンチンに傾倒 ミレイ改革に共鳴,https://www.nikkei.com/article/DGXZQOGN24AFI0U6A820C2000000/,https://news.ceek.jp/search.cgi?category_id=world&feed=1,ok,,国際
2026-08-26,2026-08-26T06:14:38.318328+09:00,その他メディア,,TBSテレビ,米ペンシルベニア州 はしかで2人死亡 アメリカで今年初の死者,https://newsdig.tbs.co.jp/articles/-/2896414?display=1,https://news.ceek.jp/search.cgi?category_id=world&feed=1,ok,,国際
2026-08-26,2026-08-26T06:14:38.318328+09:00,その他メディア,,VIETJO,韓国ファッションECのムシンサ、ベトナム本格進出へ,https://www.viet-jo.com/news/economy/260825193414.html,https://news.ceek.jp/search.cgi?category_id=world&feed=1,ok,,国際
2026-08-26,2026-08-26T06:14:38.318328+09:00,その他メディア,,フジテレビ,トランプ氏、オンタリオ湖を「アメリカ湖」に名称変更検討 カナダとの貿易摩擦激化で,https://www.fnn.jp/articles/-/1101347,https://news.ceek.jp/search.cgi?category_id=world&feed=1,ok,,国際
2026-08-26,2026-08-26T06:14:38.318328+09:00,その他メディア,,テレビ朝日,オンタリオ湖を「アメリカ湖」に トランプ大統領「真剣に検討」 カナダとの摩擦激化,https://news.tv-asahi.co.jp/news_international/articles/000528749.html,https://news.ceek.jp/search.cgi?category_id=world&feed=1,ok,,国際
2026-08-26,2026-08-26T06:14:38.318328+09:00,その他メディア,,フジテレビ,フランス南部で大規模竜巻、住宅300棟超が被害、48人負傷,https://www.fnn.jp/articles/-/1101346,https://news.ceek.jp/search.cgi?category_id=world&feed=1,ok,,国際
2026-08-26,2026-08-26T06:14:38.318328+09:00,その他メディア,,Abema TIMES,"100m走“人類超え""が次々と『世界ロボット大会』300社が集結“フィジカルAI""最前線",https://times.abema.tv/articles/-/10269081?page=1,https://news.ceek.jp/search.cgi?category_id=world&feed=1,ok,,国際
2026-08-26,2026-08-26T06:14:38.318328+09:00,その他メディア,,テレビ朝日,"100m走“人類超え""が次々と『世界ロボット大会』300社が集結“フィジカルAI""最前線",https://news.tv-asahi.co.jp/news_international/articles/900197908.html,https://news.ceek.jp/search.cgi?category_id=world&feed=1,ok,,国際
2026-08-26,2026-08-26T06:14:38.318328+09:00,その他メディア,,アラブニュース,トランプ氏、ホルムズ海峡の機雷は除去済みと述べ、イランに対しさらなる機雷設置を警告,https://www.arabnews.jp/article/middle-east/article_184971/,https://news.ceek.jp/search.cgi?category_id=world&feed=1,ok,,国際
2026-08-26,2026-08-26T06:14:38.318328+09:00,全国紙,全国,日本経済新聞,[FT]米国を覆う「AI恐怖症」 テックに不信、政治は応えず,https://www.nikkei.com/article/DGXZQOCB250L00V20C26A8000000/,https://news.ceek.jp/search.cgi?category_id=world&feed=1,ok,,国際
2026-08-26,2026-08-26T06:14:38.318328+09:00,全国紙,全国,日本経済新聞,日本文化を大学発で世界へ 十二単やマンガ、カプセルトイ,https://www.nikkei.com/article/DGXZQOCB030VO0T00C26A8000000/,https://news.ceek.jp/search.cgi?category_id=world&feed=1,ok,,国際
2026-08-26,2026-08-26T06:14:38.318328+09:00,その他メディア,,アラブニュース,イランとオマーン、ホルムズ海峡の一時的な航路確保と機雷除去について協議したと表明,https://www.arabnews.jp/article/middle-east/article_184980/,https://news.ceek.jp/search.cgi?category_id=world&feed=1,ok,,国際
2026-08-26,2026-08-26T06:14:38.318328+09:00,全国紙,全国,日本経済新聞,フランス人観光客なぜ「奈良推し」? 古都の歴史や仏教美術に魅了,https://www.nikkei.com/article/DGXZQOUF050HA0V00C26A7000000/,https://news.ceek.jp/search.cgi?category_id=world&feed=1,ok,,国際
2026-08-26,2026-08-26T06:14:38.318328+09:00,その他メディア,,TBSテレビ,CIA長官がモスクワ訪問 米メディア報道,https://newsdig.tbs.co.jp/articles/-/2896404?display=1,https://news.ceek.jp/search.cgi?category_id=world&feed=1,ok,,国際
2026-08-26,2026-08-26T06:14:38.318328+09:00,その他メディア,,テレビ朝日,ウクライナ 英に戦場画像500万枚「アベンジャーズ・ラボ」提供へ AI訓練に活用,https://news.tv-asahi.co.jp/news_international/articles/000528746.html,https://news.ceek.jp/search.cgi?category_id=world&feed=1,ok,,国際
2026-08-26,2026-08-26T06:14:38.318328+09:00,その他メディア,,TBSテレビ,トランプ氏「ホルムズ海峡の国際水域ですべての機雷除去」と主張 政府や軍から裏付けるような発表はなし,https://newsdig.tbs.co.jp/articles/-/2896402?display=1,https://news.ceek.jp/search.cgi?category_id=world&feed=1,ok,,国際
2026-08-26,2026-08-26T06:14:38.318328+09:00,その他メディア,,日本テレビ,トランプ政権 専門技術持つ外国人向けビザ 申請手数料を1600万円とする案発表,https://news.ntv.co.jp/category/international/905725261d6645389650f7356a200ce4,https://news.ceek.jp/search.cgi?category_id=world&feed=1,ok,,国際
2026-08-26,2026-08-26T06:14:38.318328+09:00,その他メディア,,TBSテレビ,"トランプ政権、イランには“経済的孤立""作り出す新たな制裁を発表...同盟国カナダとは“報復関税""の応酬【news23】",https://newsdig.tbs.co.jp/articles/-/2896389?display=1,https://news.ceek.jp/search.cgi?category_id=world&feed=1,ok,,国際
2026-08-26,2026-08-26T06:14:38.318328+09:00,その他メディア,,TBSテレビ,米国制裁の対象となったICC赤根智子所長 「法の支配の最後の砦を守り抜く」覚悟と今後の日本について問う【news23】,https://newsdig.tbs.co.jp/articles/-/2896387?display=1,https://news.ceek.jp/search.cgi?category_id=world&feed=1,ok,,国際
2026-08-26,2026-08-26T06:14:38.318328+09:00,全国紙,全国,読売新聞,米CIA長官がロシア訪問、ウクライナ和平協議か...ロシア滞在中の攻撃停止をウクライナに要請も,https://www.yomiuri.co.jp/world/20260826-GYT1T00029/,https://news.ceek.jp/search.cgi?category_id=world&feed=1,ok,,国際
2026-08-26,2026-08-26T06:14:38.318328+09:00,その他メディア,,TBSテレビ,バヌアツ諸島で大規模噴火 目立った潮位変化なし 気象庁,https://newsdig.tbs.co.jp/articles/-/2896384?display=1,https://news.ceek.jp/search.cgi?category_id=world&feed=1,ok,,国際
2026-08-26,2026-08-26T06:14:38.318328+09:00,その他メディア,,アラブニュース,イスラエル軍、東エルサレムのUNRWAキャンパス破壊を開始,https://www.arabnews.jp/article/middle-east/article_184956/,https://news.ceek.jp/search.cgi?category_id=world&feed=1,ok,,国際
2026-08-26,2026-08-26T06:14:38.318328+09:00,その他メディア,,台湾国際放送,陳冠廷・立法委員がAPPUで地域の強靱性強化を提唱、台日協力を造船・宇宙・AI・軍民両用技術へ拡大するよう呼びかけ,https://www.rti.org.tw/jp/news?uid=3&pid=228345,https://news.ceek.jp/search.cgi?category_id=world&feed=1,ok,,国際
2026-08-26,2026-08-26T06:14:38.318328+09:00,その他メディア,,アラブニュース,日本、深刻な食料不安に直面しているパレスチナの人々に310万ドルの無償資金協力を提供,https://www.arabnews.jp/article/japan/article_184977/,https://news.ceek.jp/search.cgi?category_id=world&feed=1,ok,,国際
2026-08-26,2026-08-26T06:14:38.318328+09:00,全国紙,全国,日本経済新聞,日本発「品出しロボ」、NYのスーパーを快走 人手不足解消に期待,https://www.nikkei.com/article/DGXZQOGN24ADP0U6A820C2000000/,https://news.ceek.jp/search.cgi?category_id=world&feed=1,ok,,国際
2026-08-26,2026-08-26T06:14:38.318328+09:00,全国紙,全国,産経新聞,米CIA長官が訪露か C17大型輸送機でモスクワ到着 ラトクリフ氏、報道,https://www.sankei.com/article/20260826-HYKA6WRAUZNXFDCTZRSTJTCDMQ/,https://news.ceek.jp/search.cgi?category_id=world&feed=1,ok,,国際
2026-08-26,2026-08-26T06:14:38.318328+09:00,その他メディア,,デイリースポーツ,米CIA長官がロシア訪問か,https://www.daily.co.jp/society/world/2026/08/26/0020747248.shtml,https://news.ceek.jp/search.cgi?category_id=world&feed=1,ok,,国際
2026-08-26,2026-08-26T06:14:38.318328+09:00,その他メディア,,共同通信,米CIA長官がロシア訪問か ラトクリフ氏、報道,https://www.47news.jp/14844668.html,https://news.ceek.jp/search.cgi?category_id=world&feed=1,ok,,国際
2026-08-26,2026-08-26T06:14:38.318328+09:00,その他メディア,,TBSテレビ,中国 白菜を発がん性指摘のホルムアルデヒドに浸したか「鮮度保つため」,https://newsdig.tbs.co.jp/articles/-/2896304?display=1,https://news.ceek.jp/search.cgi?category_id=world&feed=1,ok,,国際
2026-08-26,2026-08-26T06:14:38.318328+09:00,その他メディア,,日本テレビ,ICC赤根所長が会見へ 「アレクサ反応しなくなった」とも...米制裁でどのような制限?,https://news.ntv.co.jp/category/international/6d564091c5084c87b26f8e2540c44373,https://news.ceek.jp/search.cgi?category_id=world&feed=1,ok,,国際
2026-08-26,2026-08-26T06:14:38.318328+09:00,その他メディア,,newsclip.be,タイ社会開発人間安全保障省とJICAが「国際社会福祉・社会保障研修」、アセアン11カ国担当者に,https://newsclip.be/thai-news/thai-politics/41088,https://news.ceek.jp/search.cgi?category_id=world&feed=1,ok,,国際
2026-08-26,2026-08-26T06:14:38.318328+09:00,その他メディア,,共同通信,【速報】「ホルムズ海峡で全機雷除去」とトランプ氏,https://www.47news.jp/14844650.html,https://news.ceek.jp/search.cgi?category_id=world&feed=1,ok,,国際
2026-08-26,2026-08-26T06:14:38.318328+09:00,その他メディア,,newsclip.be,タイの観光政策を「量から価値へ」 アジア首位の最高付加価値目指す,https://newsclip.be/thai-news/thai-economy/41047,https://news.ceek.jp/search.cgi?category_id=world&feed=1,ok,,国際
2026-08-26,2026-08-26T06:14:38.318328+09:00,その他メディア,,newsclip.be,タイとカタール、エネルギーと食料で協力強化 新任大使がタイ首相表敬,https://newsclip.be/thai-news/thai-economy/41054,https://news.ceek.jp/search.cgi?category_id=world&feed=1,ok,,国際
2026-08-26,2026-08-26T06:14:38.318328+09:00,その他メディア,,newsclip.be,タイ人向け国内観光振興策を10月始動、外客収益の伸び悩み補う,https://newsclip.be/thai-news/thai-economy/41063,https://news.ceek.jp/search.cgi?category_id=world&feed=1,ok,,国際
2026-08-26,2026-08-26T06:14:38.318328+09:00,全国紙,全国,日本経済新聞,トランプ氏、オンタリオ湖を「アメリカ湖に変える」 カナダを威圧,https://www.nikkei.com/article/DGXZQOGN25AUX0V20C26A8000000/,https://news.ceek.jp/search.cgi?category_id=world&feed=1,ok,,国際
2026-08-26,2026-08-26T06:14:38.318328+09:00,その他メディア,,newsclip.be,在タイ日本国大使館「ベンジャシリ公園における殺人事件の発生について(8月21日夜間)」,https://newsclip.be/thai-news/thai-local/41109,https://news.ceek.jp/search.cgi?category_id=world&feed=1,ok,,国際
2026-08-26,2026-08-26T06:14:38.318328+09:00,その他メディア,,newsclip.be,矢崎電線、タイでアルミ電線の新工場を稼働 電力需要増で生産能力3倍に,https://newsclip.be/thai-news/thai-economy/41072,https://news.ceek.jp/search.cgi?category_id=world&feed=1,ok,,国際
2026-08-26,2026-08-26T06:14:38.318328+09:00,その他メディア,,NNA ASIA,テイクオフ:オーストラリアでは住宅...,https://www.nna.jp/news/2947976,https://news.ceek.jp/search.cgi?category_id=world&feed=1,ok,,国際
2026-08-26,2026-08-26T06:14:38.318328+09:00,その他メディア,,NNA ASIA,抹茶の次は「ユズ」ブームか,https://www.nna.jp/news/2956276,https://news.ceek.jp/search.cgi?category_id=world&feed=1,ok,,国際
2026-08-26,2026-08-26T06:14:38.318328+09:00,その他メディア,,NNA ASIA,【ASEANビジネス】新興国事業のトランスフォーメーション戦略(前編),https://www.nna.jp/news/2957946,https://news.ceek.jp/search.cgi?category_id=world&feed=1,ok,,国際
2026-08-26,2026-08-26T06:14:38.318328+09:00,その他メディア,,NNA ASIA,【マーケット情報】商品市況・為替・株式(2026年08月25日時点),https://www.nna.jp/news/2958973,https://news.ceek.jp/search.cgi?category_id=world&feed=1,ok,,国際
2026-08-26,2026-08-26T06:14:38.318328+09:00,その他メディア,,NNA ASIA,NZデータセンター建設、経済効果1200億$も,https://www.nna.jp/news/2958995,https://news.ceek.jp/search.cgi?category_id=world&feed=1,ok,,国際
2026-08-26,2026-08-26T06:14:38.318328+09:00,その他メディア,,NNA ASIA,【ビジネス法最前線】第428回 プライバシー法(スマートグラス),https://www.nna.jp/news/2959384,https://news.ceek.jp/search.cgi?category_id=world&feed=1,ok,,国際
2026-08-26,2026-08-26T06:14:38.318328+09:00,地方紙,京都,京都新聞,「和牛オリンピック」北海道大会まであと1年 滋賀の近江牛を全国発信へ「決起大会」初めての試みも,https://www.kyoto-np.co.jp/articles/-/1777763,https://news.ceek.jp/search.cgi?category_id=local&feed=1,ok,,地方・地域
2026-08-26,2026-08-26T06:14:38.318328+09:00,その他メディア,,神奈川新聞,ネット上の差別投稿9件をヘイト認定 在日女性攻撃で川崎市審査会,https://www.kanaloco.jp/news/government/article-1299440.html,https://news.ceek.jp/search.cgi?category_id=local&feed=1,ok,,地方・地域
2026-08-26,2026-08-26T06:14:38.318328+09:00,その他メディア,,Lmaga.jp,"「ザ・リッツ・カールトン大阪」食パンが650円!夕方には品薄...高級ホテルの“持ち帰りパン""",https://www.lmaga.jp/news/2026/08/1090514/,https://news.ceek.jp/search.cgi?category_id=local&feed=1,ok,,地方・地域
2026-08-26,2026-08-26T06:14:38.318328+09:00,その他メディア,,佐賀新聞,佐賀市「地域新電力会社」設立へ 電力の地産地消で、電気料金の市外流出を防ぐ 市清掃工場で発電、2027年6月に供給スタート,https://www.saga-s.co.jp/articles/-/1777968,https://news.ceek.jp/search.cgi?category_id=local&feed=1,ok,,地方・地域
2026-08-26,2026-08-26T06:14:38.318328+09:00,その他メディア,,山梨日日新聞,【顔】富士川町農村RMO中部・五開地域づくり協議会会長を務める 野中 正人さん,https://www.sannichi.co.jp/article/2026/08/26/00899235,https://news.ceek.jp/search.cgi?category_id=local&feed=1,ok,,地方・地域
2026-08-26,2026-08-26T06:14:38.318328+09:00,地方紙,鹿児島,南日本新聞,【鹿児島県ジュニアゴルフ選手権】高校男子・杉本(日章学園)初V、女子は比良田(勇志国際高)が制す,https://373news.com/news/local/detail/238556/,https://news.ceek.jp/search.cgi?category_id=local&feed=1,ok,,地方・地域
2026-08-26,2026-08-26T06:14:38.318328+09:00,地方紙,広島,中国新聞,カナダ、対米最大50%関税,https://www.chugoku-np.co.jp/articles/-/884689,https://news.ceek.jp/search.cgi?category_id=local&feed=1,ok,,地方・地域
2026-08-26,2026-08-26T06:14:38.318328+09:00,その他メディア,,山梨日日新聞,今朝の気温(26日午前6時),https://www.sannichi.co.jp/article/2026/08/26/80718253,https://news.ceek.jp/search.cgi?category_id=local&feed=1,ok,,地方・地域
2026-08-26,2026-08-26T06:14:38.318328+09:00,その他メディア,,福井新聞,石田嵩人知事が憧れる人、毛利衛さん福井県児童科学館の名誉館長に再任 10期目、委嘱状手渡す 福井県坂井市,https://www.fukuishimbun.co.jp/articles/-/2682792,https://news.ceek.jp/search.cgi?category_id=local&feed=1,ok,,地方・地域
2026-08-26,2026-08-26T06:14:38.318328+09:00,地方紙,京都,京都新聞,滋賀県甲賀市の土砂崩れ、避難指示範囲見直しの可能性も 県が現地の調査状況を報告,https://www.kyoto-np.co.jp/articles/-/1777762,https://news.ceek.jp/search.cgi?category_id=local&feed=1,ok,,地方・地域
2026-08-26,2026-08-26T06:14:38.318328+09:00,その他メディア,,TBSテレビ,「動けなくなっている登山者がいる」北アルプス鹿島槍ヶ岳付近 神奈川県の56歳男性が疲労などのため行動不能に 通りかかった登山者が通報し救助,https://newsdig.tbs.co.jp/articles/-/2896504?display=1,https://news.ceek.jp/search.cgi?category_id=local&feed=1,ok,,地方・地域
2026-08-26,2026-08-26T06:14:38.318328+09:00,その他メディア,,福井新聞,【台風情報】沖縄に接近、暴風・高波いつまで 警報級の大雨おそれも,https://www.fukuishimbun.co.jp/articles/-/2683066,https://news.ceek.jp/search.cgi?category_id=local&feed=1,ok,,地方・地域
2026-08-26,2026-08-26T06:14:38.318328+09:00,地方紙,京都,京都新聞,滋賀県大津市が48年連続黒字決算 過去2番目の決算規模で「指標は全て健全」となった要因は,https://www.kyoto-np.co.jp/articles/-/1777757,https://news.ceek.jp/search.cgi?category_id=local&feed=1,ok,,地方・地域
2026-08-26,2026-08-26T06:14:38.318328+09:00,その他メディア,,TBSテレビ,レベル4土砂災害危険警報が瀬戸内町に発表,https://newsdig.tbs.co.jp/articles/-/2896502?display=1,https://news.ceek.jp/search.cgi?category_id=local&feed=1,ok,,地方・地域
2026-08-26,2026-08-26T06:14:38.318328+09:00,地方紙,沖縄,沖縄タイムス,小泉防衛相、那覇空港F15トラブルで調査委を設置 「利用者に迷惑かけ重く受け止める」,https://www.okinawatimes.co.jp/articles/-/1909646,https://news.ceek.jp/search.cgi?category_id=local&feed=1,ok,,地方・地域
2026-08-26,2026-08-26T06:14:38.318328+09:00,地方紙,沖縄,沖縄タイムス,【台風18号】沖縄本島中南部の暴風警報を解除 北部を中心に3440戸停電(26日午前5時),https://www.okinawatimes.co.jp/articles/-/1909706,https://news.ceek.jp/search.cgi?category_id=local&feed=1,ok,,地方・地域
2026-08-26,2026-08-26T06:14:38.318328+09:00,その他メディア,,TBSテレビ,観測史上最大・最大瞬間風速54.5m観測 台風18号は奄美・沖縄本島を暴風域に巻き込み西へ(午前6時) 鹿児島,https://newsdig.tbs.co.jp/articles/-/2896495?display=1,https://news.ceek.jp/search.cgi?category_id=local&feed=1,ok,,地方・地域
2026-08-26,2026-08-26T06:14:38.318328+09:00,地方紙,京都,京都新聞,滋賀県大津市、坂本城の本丸石垣発見地を購入へ 1億3800万円の補正予算計上 観光PR事業も実施,https://www.kyoto-np.co.jp/articles/-/1777759,https://news.ceek.jp/search.cgi?category_id=local&feed=1,ok,,地方・地域
2026-08-26,2026-08-26T06:14:38.318328+09:00,その他メディア,,福井新聞,水道料金基本料の減免を2カ月間延長 福井県坂井市 介護、保育事業所は電気料金支援,https://www.fukuishimbun.co.jp/articles/-/2682788,https://news.ceek.jp/search.cgi?category_id=local&feed=1,ok,,地方・地域
2026-08-26,2026-08-26T06:14:38.318328+09:00,その他メディア,,東海テレビ,大学で男子学生のスニーカーを盗んだ疑い 75歳男を逮捕 路上で被害品と同じ靴を履いていたことが決め手に,https://www.tokai-tv.com/tokainews/feature/article_20260826_47940,https://news.ceek.jp/search.cgi?category_id=local&feed=1,ok,,地方・地域
2026-08-26,2026-08-26T06:14:38.318328+09:00,その他メディア,,福井新聞,北陸地方に今夜から前線停滞、警報級の大雨おそれ 福井・石川・富山・新潟、29日までの予想降水量は,https://www.fukuishimbun.co.jp/articles/-/2683064,https://news.ceek.jp/search.cgi?category_id=local&feed=1,ok,,地方・地域
2026-08-26,2026-08-26T06:14:38.318328+09:00,その他メディア,,TBSテレビ,レベル3土砂災害警報が瀬戸内町に発表、徳之島町、天城町へのレベル4大雨危険警報などは継続,https://newsdig.tbs.co.jp/articles/-/2896493?display=1,https://news.ceek.jp/search.cgi?category_id=local&feed=1,ok,,地方・地域
2026-08-26,2026-08-26T06:14:38.318328+09:00,その他メディア,,山陽新聞,県トラ協がBCP策定セミナー 運送事業者向け、9月に,https://www.sanyonews.jp/article/1977175/,https://news.ceek.jp/search.cgi?category_id=local&feed=1,ok,,地方・地域
2026-08-26,2026-08-26T06:14:38.318328+09:00,その他メディア,,TBSテレビ,"9月・10月は気温高く“残暑""続く予想 11月は北・東日本太平洋側や西日本で雨増加 気象庁3か月予報",https://newsdig.tbs.co.jp/articles/-/2896061?display=1,https://news.ceek.jp/search.cgi?category_id=local&feed=1,ok,,地方・地域
2026-08-26,2026-08-26T06:14:38.318328+09:00,その他メディア,,TBSテレビ,【台風18号】沖縄本島の一部を暴風域に 空の便268便欠航で約3.8万人に影響,https://newsdig.tbs.co.jp/articles/-/2896490?display=1,https://news.ceek.jp/search.cgi?category_id=local&feed=1,ok,,地方・地域
2026-08-26,2026-08-26T06:14:38.318328+09:00,その他メディア,,中部日本放送,何も言わずに髪型の希望が伝わる?長年通う散髪屋さん,https://hicbc.com/magazine/article/?id=radichubu-64743,https://news.ceek.jp/search.cgi?category_id=local&feed=1,ok,,地方・地域
2026-08-26,2026-08-26T06:14:38.318328+09:00,その他メディア,,Lmaga.jp,"狂気にじむ“クセ強""新キャストに「キター!」...「豊臣兄弟!」第33回あらすじ・北庄城の別れ",https://www.lmaga.jp/news/2026/08/1092564/,https://news.ceek.jp/search.cgi?category_id=local&feed=1,ok,,地方・地域
2026-08-26,2026-08-26T06:14:38.318328+09:00,その他メディア,,東海テレビ,「山から30mほど滑落」と通報...国道の法面で防災点検中だった52歳作業員が滑落 意識不明の状態で搬送も死亡,https://www.tokai-tv.com/tokainews/feature/article_20260826_47941,https://news.ceek.jp/search.cgi?category_id=local&feed=1,ok,,地方・地域
2026-08-26,2026-08-26T06:14:38.318328+09:00,その他メディア,,TBSテレビ,60代男性ショック約10万円失う...「賞金は6億円です」LINEで当選証明書→受取申し込み→「当選金は現金」「ドル紙幣を運びます」「ガソリン代を支払って」アップルギフトカード購入→送る→ドル換金手続きについて金融機関に問い合わせ→詐欺指摘され,https://newsdig.tbs.co.jp/articles/-/2891754?display=1,https://news.ceek.jp/search.cgi?category_id=local&feed=1,ok,,地方・地域
2026-08-26,2026-08-26T06:14:38.318328+09:00,地方紙,長野,信濃毎日新聞,"「中京の軽井沢」を阿智村が再アピール 名古屋から1時間半の別荘地、酷暑を逃れ""涼""を体感",https://www.shinmai.co.jp/news/article/gf01da620fam9tl84se142og,https://news.ceek.jp/search.cgi?category_id=local&feed=1,ok,,地方・地域
2026-08-26,2026-08-26T06:14:38.318328+09:00,その他メディア,,TOKYO HEADLINE,"3時のヒロイン・かなで “茨城の彼"" と複数回デートの過去「ピザ屋がめっちゃおいしかった!」",https://www.tokyoheadline.com/868706/,https://news.ceek.jp/search.cgi?category_id=local&feed=1,ok,,地方・地域
2026-08-26,2026-08-26T06:14:38.318328+09:00,地方紙,長野,信濃毎日新聞,斜面(8月26日)望郷の歌、つなぐ歌,https://www.shinmai.co.jp/news/article/gf01da6lstsaejegpfu2rt90,https://news.ceek.jp/search.cgi?category_id=local&feed=1,ok,,地方・地域
2026-08-26,2026-08-26T06:14:38.318328+09:00,その他メディア,,Jタウンネット,通勤ラッシュの東海道線に乗って入試へ向かう娘が、車内で嘔吐。すると周りの乗客たちが(愛知県・60代女性),https://j-town.net/2026/08/26367047.html,https://news.ceek.jp/search.cgi?category_id=local&feed=1,ok,,地方・地域
2026-08-26,2026-08-26T06:14:38.318328+09:00,地方紙,宮城,河北新報,電通・過労自殺問題、高橋まつりさん母が国の残業指導見直しに危機感 東北の遺族らと連携、教訓語り継ぐ,https://kahoku.news/articles/20260825khn000071.html,https://news.ceek.jp/search.cgi?category_id=local&feed=1,ok,,地方・地域
2026-08-26,2026-08-26T06:14:38.318328+09:00,地方紙,宮城,河北新報,宮城・栗原の6酒蔵が酒フェス初開催 東北新幹線くりこま高原駅前で9月12、13日,https://kahoku.news/articles/20260825khn000074.html,https://news.ceek.jp/search.cgi?category_id=local&feed=1,ok,,地方・地域
2026-08-26,2026-08-26T06:14:38.318328+09:00,地方紙,宮城,河北新報,震災後生まれの子ども、避難所でのプライバシー確保を学ぶ 宮城・多賀城でワークショップ,https://kahoku.news/articles/20260825khn000088.html,https://news.ceek.jp/search.cgi?category_id=local&feed=1,ok,,地方・地域
2026-08-26,2026-08-26T06:14:38.318328+09:00,地方紙,宮城,河北新報,「仲良しこよし」 熟議見えず難題残る<盤石の先に 郡仙台市長3期目1年(上)成熟の実相>,https://kahoku.news/articles/20260825khn000100.html,https://news.ceek.jp/search.cgi?category_id=local&feed=1,ok,,地方・地域
2026-08-26,2026-08-26T06:14:38.318328+09:00,地方紙,宮城,河北新報,予備自衛官タレントの豊崎リリーさん「自衛隊の世界知って」 山形花笠まつりでPR,https://kahoku.news/articles/20260825khn000101.html,https://news.ceek.jp/search.cgi?category_id=local&feed=1,ok,,地方・地域
2026-08-26,2026-08-26T06:14:38.318328+09:00,地方紙,宮城,河北新報,東日本大震災を胸に熊本地震の被災地取材 河北新報次世代塾に参加経験、熊本日日新聞記者の上野さん,https://kahoku.news/articles/20260825khn000110.html,https://news.ceek.jp/search.cgi?category_id=local&feed=1,ok,,地方・地域
2026-08-26,2026-08-26T06:14:38.318328+09:00,その他メディア,,NEWSつくば,見える人、見えない人 《短いおはなし》54,https://newstsukuba.jp/62210/26/08/,https://news.ceek.jp/search.cgi?category_id=local&feed=1,ok,,地方・地域
2026-08-26,2026-08-26T06:14:38.318328+09:00,全国紙,全国,朝日新聞,児童文学がつなぐ夏ミカン便り 甘酸っぱい味と香りを全国の小学校へ,https://www.asahi.com/articles/ASV8T0532V8TPXLB00XM.html,https://news.ceek.jp/search.cgi?category_id=local&feed=1,ok,,地方・地域
2026-08-26,2026-08-26T06:14:38.318328+09:00,全国紙,全国,朝日新聞,ユーフォニアムが吹奏楽コンで紡ぐ希望の旋律 熊本・八代白百合学園,https://www.asahi.com/articles/ASV8T22J6V8TOXIE008M.html,https://news.ceek.jp/search.cgi?category_id=local&feed=1,ok,,地方・地域
2026-08-26,2026-08-26T06:14:38.318328+09:00,その他メディア,,岩手日報,悠久の時感じる「千年の森」へ 一関市厳美町で30日に散策イベント、参加者募集,https://www.iwate-np.co.jp/article/2026/8/26/196265,https://news.ceek.jp/search.cgi?category_id=local&feed=1,ok,,地方・地域
2026-08-26,2026-08-26T06:14:38.318328+09:00,その他メディア,,神奈川新聞,マーロウ、干物、猿島航路...横須賀市のふるさと納税、3年連続で過去最高,https://www.kanaloco.jp/news/government/article-1299424.html,https://news.ceek.jp/search.cgi?category_id=local&feed=1,ok,,地方・地域
2026-08-26,2026-08-26T06:14:38.318328+09:00,地方紙,京都,京都新聞,【京都の歴史】京都市東山区の「きゃらかんさん」 嗅覚に訴えるような本尊,https://www.kyoto-np.co.jp/articles/-/1727902,https://news.ceek.jp/search.cgi?category_id=local&feed=1,ok,,地方・地域
2026-08-26,2026-08-26T06:14:38.318328+09:00,地方紙,京都,京都新聞,滋賀県中学夏季総体の結果 ソフトテニス、卓球、バドミントン、体操、新体操、柔道、剣道、ローイング、テニス,https://www.kyoto-np.co.jp/articles/-/1777441,https://news.ceek.jp/search.cgi?category_id=local&feed=1,ok,,地方・地域
2026-08-26,2026-08-26T06:14:38.318328+09:00,地方紙,京都,京都新聞,京都市人事(8月25日),https://www.kyoto-np.co.jp/articles/-/1777715,https://news.ceek.jp/search.cgi?category_id=local&feed=1,ok,,地方・地域
2026-08-26,2026-08-26T06:14:38.318328+09:00,地方紙,京都,京都新聞,滋賀県近江八幡市 市長公約「前倒しで実施する」予算案を提案 JRの駅南口の改修工事費も,https://www.kyoto-np.co.jp/articles/-/1777774,https://news.ceek.jp/search.cgi?category_id=local&feed=1,ok,,地方・地域
2026-08-26,2026-08-26T06:14:38.318328+09:00,その他メディア,,室蘭民報,奉仕のリーダーたち2026・室蘭2 室蘭東ロータリークラブ会長 内池秀樹さん,https://www.muromin.jp/news.php?id=148920,https://news.ceek.jp/search.cgi?category_id=local&feed=1,ok,,地方・地域
2026-08-26,2026-08-26T06:14:38.318328+09:00,その他メディア,,奈良新聞,25年度奈良県ふるさと納税 過去最高47億円超 奈良県分が躍進、大幅増で全国15位,https://www.nara-np.co.jp/news/20260826210208.html,https://news.ceek.jp/search.cgi?category_id=local&feed=1,ok,,地方・地域
2026-08-26,2026-08-26T06:14:38.318328+09:00,その他メディア,,奈良新聞,経験を生かし登録推進主導、壁画を未来へ継承 奈良県世界遺産室長の森井 順之さん(50) - 私の「飛鳥・藤原」物語(6),https://www.nara-np.co.jp/news/20260826210240.html,https://news.ceek.jp/search.cgi?category_id=local&feed=1,ok,,地方・地域
2026-08-26,2026-08-26T06:14:38.318328+09:00,地方紙,長野,信濃毎日新聞,〈社説〉福島原発被ばく 作業員の健康、徹底管理を,https://www.shinmai.co.jp/news/article/gf01da6naoqm9tl84se17e10,https://news.ceek.jp/search.cgi?category_id=local&feed=1,ok,,地方・地域
2026-08-26,2026-08-26T06:14:38.318328+09:00,地方紙,長野,信濃毎日新聞,〈社説〉死刑を執行 議論を棚上げにするな,https://www.shinmai.co.jp/news/article/gf01da6nivcaejegpfu2sap0,https://news.ceek.jp/search.cgi?category_id=local&feed=1,ok,,地方・地域
2026-08-26,2026-08-26T06:14:38.318328+09:00,その他メディア,,宮崎日日新聞,全国高総文祭の成果報告 上位入賞11人、宮崎県庁訪問,https://www.the-miyanichi.co.jp/today/kennaiippan/1038611.html,https://news.ceek.jp/search.cgi?category_id=local&feed=1,ok,,地方・地域
2026-08-26,2026-08-26T06:14:38.318328+09:00,その他メディア,,宮崎日日新聞,優秀な土木工事設計評価 宮崎市3社を宮崎県が初表彰,https://www.the-miyanichi.co.jp/today/kennaiippan/1038617.html,https://news.ceek.jp/search.cgi?category_id=local&feed=1,ok,,地方・地域
2026-08-26,2026-08-26T06:14:38.318328+09:00,その他メディア,,宮崎日日新聞,飲酒運転根絶を 宮崎県警、県下一斉取り締まり,https://www.the-miyanichi.co.jp/today/kennaiippan/1038623.html,https://news.ceek.jp/search.cgi?category_id=local&feed=1,ok,,地方・地域
2026-08-26,2026-08-26T06:14:38.318328+09:00,その他メディア,,宮崎日日新聞,西都児湯医療センターに2・5億円 運転資金に西都市再貸し付けへ,https://www.the-miyanichi.co.jp/today/kennaiippan/1038635.html,https://news.ceek.jp/search.cgi?category_id=local&feed=1,ok,,地方・地域
2026-08-26,2026-08-26T06:14:38.318328+09:00,その他メディア,,宮崎日日新聞,広沢ダム(綾町)取水制限強化 畜産農家不安訴え 宮崎市など,https://www.the-miyanichi.co.jp/today/kennaiippan/1038647.html,https://news.ceek.jp/search.cgi?category_id=local&feed=1,ok,,地方・地域
2026-08-26,2026-08-26T06:14:38.318328+09:00,その他メディア,,宮崎日日新聞,平和祈念資料展示室、宮崎県庁5号館か9号館に移設へ,https://www.the-miyanichi.co.jp/today/kennaiippan/1038653.html,https://news.ceek.jp/search.cgi?category_id=local&feed=1,ok,,地方・地域
2026-08-26,2026-08-26T06:14:38.318328+09:00,全国紙,全国,読売新聞,35年ぶりに生まれたゾウ、来月には会えるかな...母・シューティーは昨夏インドから来園、母子ともに健康,https://www.yomiuri.co.jp/local/kansai/news/20260825-GYO1T00100/,https://news.ceek.jp/search.cgi?category_id=local&feed=1,ok,,地方・地域
2026-08-26,2026-08-26T06:14:38.318328+09:00,全国紙,全国,読売新聞,旬の新子、親のメジカは捕れるが幼魚はなぜ釣れぬ...〈幻の魚〉提供されず県外客「カツオ食べて帰ります」,https://www.yomiuri.co.jp/local/kansai/news/20260825-GYO1T00113/,https://news.ceek.jp/search.cgi?category_id=local&feed=1,ok,,地方・地域
2026-08-26,2026-08-26T06:14:38.318328+09:00,その他メディア,,山口新聞,「公共ライドシェア」山口市・阿東で実証運行開始 車で住民ら送迎,https://yama.minato-yamaguchi.co.jp/e-yama/articles/109946,https://news.ceek.jp/search.cgi?category_id=local&feed=1,ok,,地方・地域
2026-08-26,2026-08-26T06:14:38.318328+09:00,その他メディア,,山口新聞,上関町長選挙 現職、新人の2陣営が立候補者説明会出席,https://yama.minato-yamaguchi.co.jp/e-yama/articles/109947,https://news.ceek.jp/search.cgi?category_id=local&feed=1,ok,,地方・地域
2026-08-26,2026-08-26T06:14:38.318328+09:00,その他メディア,,山口新聞,豪雨で被災の内日復旧事業など提案 31日から下関市議会,https://yama.minato-yamaguchi.co.jp/e-yama/articles/109948,https://news.ceek.jp/search.cgi?category_id=local&feed=1,ok,,地方・地域
2026-08-26,2026-08-26T06:14:38.318328+09:00,その他メディア,,山口新聞,【山口県】知事の予定/2026年8月26日,https://yama.minato-yamaguchi.co.jp/e-yama/articles/109949,https://news.ceek.jp/search.cgi?category_id=local&feed=1,ok,,地方・地域
2026-08-26,2026-08-26T06:14:38.318328+09:00,その他メディア,,山口新聞,【山口県】首長の予定/2026年8月26日,https://yama.minato-yamaguchi.co.jp/e-yama/articles/109950,https://news.ceek.jp/search.cgi?category_id=local&feed=1,ok,,地方・地域
2026-08-26,2026-08-26T06:14:38.318328+09:00,その他メディア,,山口新聞,叙位叙勲,https://yama.minato-yamaguchi.co.jp/e-yama/articles/109951,https://news.ceek.jp/search.cgi?category_id=local&feed=1,ok,,地方・地域
2026-08-26,2026-08-26T06:14:38.318328+09:00,その他メディア,,山口新聞,日本ゼオンが徳山工場で新プラント建設着手/周南市、リチウムイオン電池材料増産へ,https://yama.minato-yamaguchi.co.jp/e-yama/articles/109952,https://news.ceek.jp/search.cgi?category_id=local&feed=1,ok,,地方・地域
2026-08-26,2026-08-26T06:14:38.318328+09:00,その他メディア,,山口新聞,ボートレース下関が地域振興クーポン/今年も9月1日から330店以上で,https://yama.minato-yamaguchi.co.jp/e-yama/articles/109953,https://news.ceek.jp/search.cgi?category_id=local&feed=1,ok,,地方・地域
2026-08-26,2026-08-26T06:14:38.318328+09:00,その他メディア,,山口新聞,新聞紙包み秘蔵酒 山縣本店が第3弾/爽やかな酸味・うまみ・程よい苦み,https://yama.minato-yamaguchi.co.jp/e-yama/articles/109954,https://news.ceek.jp/search.cgi?category_id=local&feed=1,ok,,地方・地域
2026-08-26,2026-08-26T06:14:38.318328+09:00,その他メディア,,山口新聞,顎関節症は「かみ合わせ」だけが原因ではありません/なつみんのいきいき健口教室 ●143,https://yama.minato-yamaguchi.co.jp/e-yama/articles/109955,https://news.ceek.jp/search.cgi?category_id=local&feed=1,ok,,地方・地域
2026-08-26,2026-08-26T06:14:38.318328+09:00,その他メディア,,山口新聞,9、10月の行政相談月間行事のご案内/やまぐち行政相談Q&A,https://yama.minato-yamaguchi.co.jp/e-yama/articles/109956,https://news.ceek.jp/search.cgi?category_id=local&feed=1,ok,,地方・地域
2026-08-26,2026-08-26T06:14:38.318328+09:00,その他メディア,,山口新聞,情報あっちこっち/山口県内のイベント,https://yama.minato-yamaguchi.co.jp/e-yama/articles/109957,https://news.ceek.jp/search.cgi?category_id=local&feed=1,ok,,地方・地域
2026-08-26,2026-08-26T06:14:38.318328+09:00,その他メディア,,山口新聞,自分次第/東流西流 藤原瑞季さん,https://yama.minato-yamaguchi.co.jp/e-yama/articles/109958,https://news.ceek.jp/search.cgi?category_id=local&feed=1,ok,,地方・地域
2026-08-26,2026-08-26T06:14:38.318328+09:00,その他メディア,,山口新聞,未来への種まき/東流西流 網屋友美子さん,https://yama.minato-yamaguchi.co.jp/e-yama/articles/109959,https://news.ceek.jp/search.cgi?category_id=local&feed=1,ok,,地方・地域
2026-08-26,2026-08-26T06:14:38.318328+09:00,その他メディア,,山口新聞,宇部市の小中学校体育館 空調設置3年で完了へ/2027年度から、計画前倒しで猛暑期でも安全な避難所に,https://yama.minato-yamaguchi.co.jp/e-yama/articles/109960,https://news.ceek.jp/search.cgi?category_id=local&feed=1,ok,,地方・地域
2026-08-26,2026-08-26T06:14:38.318328+09:00,その他メディア,,山口新聞,下関市のみまもり地蔵尊建立60年 事故忘れず地域の安全守る/住民ら手を合わせ供養,https://yama.minato-yamaguchi.co.jp/e-yama/articles/109961,https://news.ceek.jp/search.cgi?category_id=local&feed=1,ok,,地方・地域
2026-08-26,2026-08-26T06:14:38.318328+09:00,その他メディア,,山口新聞,錦帯橋を支える土台の石に亀裂/岩国市、増水で漂流物衝突か,https://yama.minato-yamaguchi.co.jp/e-yama/articles/109962,https://news.ceek.jp/search.cgi?category_id=local&feed=1,ok,,地方・地域
2026-08-26,2026-08-26T06:14:38.318328+09:00,その他メディア,,山口新聞,ブドウたわわ、ナシも旬/周南市・須金で観光農園オープン,https://yama.minato-yamaguchi.co.jp/e-yama/articles/109963,https://news.ceek.jp/search.cgi?category_id=local&feed=1,ok,,地方・地域
2026-08-26,2026-08-26T12:58:01.503664+09:00,全国紙,全国,読売新聞,,,,skipped,robots.txtが一般クローラー/AI系UAを名指しで包括的にDisallow。2024年1月のToS改定で自動収集・生成AI学習目的の収集を明示的に禁止しているため、自動取得の対象外とする。,
2026-08-26,2026-08-26T12:58:01.503664+09:00,全国紙,全国,朝日新聞,中継見張り員、所定位置で特急のドラレコに映らず 東武4人死亡事故,http://www.asahi.com/articles/ASV8V0CK7V8VUTNB00PM.html,https://www.asahi.com/rss/asahi/newsheadlines.rdf,ok,,社会
2026-08-26,2026-08-26T12:58:01.503664+09:00,全国紙,全国,朝日新聞,外国人問題、火付け役は世論じゃなく政治 早大・田辺教授の調査から,http://www.asahi.com/articles/ASV781H9JV78UHBI033M.html,https://www.asahi.com/rss/asahi/newsheadlines.rdf,ok,,社会
2026-08-26,2026-08-26T12:58:01.503664+09:00,全国紙,全国,朝日新聞,パワハラ疑惑「発言は事実」百条委で職員証言、三重・伊賀市長は否定,http://www.asahi.com/articles/ASV8T33PFV8TONFB002M.html,https://www.asahi.com/rss/asahi/newsheadlines.rdf,ok,,社会
2026-08-26,2026-08-26T12:58:01.503664+09:00,全国紙,全国,朝日新聞,同志社国際高校長を8月末に解任、法人がHPで公表 辺野古転覆事故,http://www.asahi.com/articles/ASV8V0CNDV8VPLZB001M.html,https://www.asahi.com/rss/asahi/newsheadlines.rdf,ok,,社会
2026-08-26,2026-08-26T12:58:01.503664+09:00,全国紙,全国,朝日新聞,秋篠宮ご夫妻、パラグアイから帰国 「印象深く、有意義な旅」と感想,http://www.asahi.com/articles/ASV8T7W7NV8TUTIL00CM.html,https://www.asahi.com/rss/asahi/newsheadlines.rdf,ok,,社会
2026-08-26,2026-08-26T12:58:01.503664+09:00,全国紙,全国,朝日新聞,「性犯罪者を教育現場に配置させない」 保護者らが改善求め署名活動,http://www.asahi.com/articles/ASV8T2W0HV8TUTFL00TM.html,https://www.asahi.com/rss/asahi/newsheadlines.rdf,ok,,社会
2026-08-26,2026-08-26T12:58:01.503664+09:00,全国紙,全国,朝日新聞,上場廃止の昭和HD前代表が激白「ずっと殴られ続けてる」実印は返却,http://www.asahi.com/articles/ASV8N41QCV8NULFA001M.html,https://www.asahi.com/rss/asahi/newsheadlines.rdf,ok,,ビジネス
2026-08-26,2026-08-26T12:58:01.503664+09:00,全国紙,全国,朝日新聞,巨大IT規制のスマホ新法 アプリ事業者ら「法の目的達成されず」,http://www.asahi.com/articles/ASV8T23PQV8TULFA00SM.html,https://www.asahi.com/rss/asahi/newsheadlines.rdf,ok,,ビジネス
2026-08-26,2026-08-26T12:58:01.503664+09:00,全国紙,全国,朝日新聞,Abalanceが9月26日付で上場廃止へ 東証、改善を見込めず,http://www.asahi.com/articles/ASV8T4CMVV8TULFA024M.html,https://www.asahi.com/rss/asahi/newsheadlines.rdf,ok,,ビジネス
2026-08-26,2026-08-26T12:58:01.503664+09:00,全国紙,全国,朝日新聞,スイス「ホテル大学」卒業生の進路に異変 観光業は世界で人手不足に,http://www.asahi.com/articles/ASV8L15ZHV8LPLFA008M.html,https://www.asahi.com/rss/asahi/newsheadlines.rdf,ok,,ビジネス
2026-08-26,2026-08-26T12:58:01.503664+09:00,全国紙,全国,朝日新聞,もてなされた経験のない若者が増加? 観光業が選ばれるための一手は,http://www.asahi.com/articles/ASV8L1FGZV8LPLFA00DM.html,https://www.asahi.com/rss/asahi/newsheadlines.rdf,ok,,ビジネス
2026-08-26,2026-08-26T12:58:01.503664+09:00,全国紙,全国,朝日新聞,福岡県議会で6日間未開封だった辞職願 蔵内議長が選んだ最後の日,http://www.asahi.com/articles/ASV8T42NNV8TTIPE01HM.html,https://www.asahi.com/rss/asahi/newsheadlines.rdf,ok,,政治
2026-08-26,2026-08-26T12:58:01.503664+09:00,全国紙,全国,朝日新聞,戦場と後方地域「強く結びつくウクライナ、他人事のロシア」 仏識者,http://www.asahi.com/articles/ASV8S7FMKV8SUHBI00QM.html,https://www.asahi.com/rss/asahi/newsheadlines.rdf,ok,,国際
2026-08-26,2026-08-26T12:58:01.503664+09:00,全国紙,全国,朝日新聞,一力遼名人、挑戦者に何も譲らない? 高尾紳路九段「厳しいねぇ」,http://www.asahi.com/articles/ASV8T3QG7V8TUCVL00GM.html,https://www.asahi.com/rss/asahi/newsheadlines.rdf,ok,,文化芸能
2026-08-26,2026-08-26T12:58:01.503664+09:00,全国紙,全国,朝日新聞,津波のがれたタイムカプセルを開封 児童が書いた「30年後の女川」,http://www.asahi.com/articles/ASV8S22MXV8SUCVL00ZM.html,https://www.asahi.com/rss/asahi/newsheadlines.rdf,ok,,社会
2026-08-26,2026-08-26T12:58:01.503664+09:00,全国紙,全国,朝日新聞,線状降水帯の「正体」とは 地球温暖化の影響の実際と心配のありか,http://www.asahi.com/articles/ASV8S1QQ1V8SUPQJ001M.html,https://www.asahi.com/rss/asahi/newsheadlines.rdf,ok,,社会
2026-08-26,2026-08-26T12:58:01.503664+09:00,全国紙,全国,毎日新聞,ゴルゴ松本さん「命どう使うか考えて」 函館少年刑務所で講演,https://mainichi.jp/articles/20260826/k00/00m/040/059000c,https://mainichi.jp/rss/etc/mainichi-flash.rss,ok,,ニュース
2026-08-26,2026-08-26T12:58:01.503664+09:00,全国紙,全国,毎日新聞,クマ出没に備え「緊急銃猟」訓練 山形・鶴岡、全国最多の4件実施,https://mainichi.jp/articles/20260826/k00/00m/040/063000c,https://mainichi.jp/rss/etc/mainichi-flash.rss,ok,,ニュース
2026-08-26,2026-08-26T12:58:01.503664+09:00,全国紙,全国,毎日新聞,対テロ戦争後の世界:アフガンの教訓は生きたか? 対イラン作戦でも目標変遷に疑義,https://mainichi.jp/articles/20260826/k00/00m/030/026000c,https://mainichi.jp/rss/etc/mainichi-flash.rss,ok,,ニュース
2026-08-26,2026-08-26T12:58:01.503664+09:00,全国紙,全国,毎日新聞,甲子園の暑さ対策 「Tシャツ」ユニホーム、伝統応援取りやめも,https://mainichi.jp/articles/20260825/k00/00m/050/324000c,https://mainichi.jp/rss/etc/mainichi-flash.rss,ok,,ニュース
2026-08-26,2026-08-26T12:58:01.503664+09:00,全国紙,全国,毎日新聞,対テロ戦争後の世界:トランプ氏に感謝も、疑問募らせる米兵テロ遺族 米軍撤収5年,https://mainichi.jp/articles/20260826/k00/00m/030/016000c,https://mainichi.jp/rss/etc/mainichi-flash.rss,ok,,ニュース
2026-08-26,2026-08-26T12:58:01.503664+09:00,全国紙,全国,毎日新聞,<QAで解説>米国、対イラン戦略を軍事作戦から「経済戦争」に,https://mainichi.jp/articles/20260826/k00/00m/030/061000c,https://mainichi.jp/rss/etc/mainichi-flash.rss,ok,,ニュース
2026-08-26,2026-08-26T12:58:01.503664+09:00,全国紙,全国,毎日新聞,国籍ない難民2世の「亡命の物語」 都内でチベット現代アート展,https://mainichi.jp/articles/20260825/k00/00m/040/178000c,https://mainichi.jp/rss/etc/mainichi-flash.rss,ok,,ニュース
2026-08-26,2026-08-26T12:58:01.503664+09:00,全国紙,全国,毎日新聞,太平洋戦争開戦は「集団的発狂」 司馬遼太郎が投げかけた問い,https://mainichi.jp/articles/20260825/k00/00m/040/033000c,https://mainichi.jp/rss/etc/mainichi-flash.rss,ok,,ニュース
2026-08-26,2026-08-26T12:58:01.503664+09:00,全国紙,全国,毎日新聞,カナダが報復関税、米地方産業に打撃 トランプ政権にも圧力か,https://mainichi.jp/articles/20260826/k00/00m/030/045000c,https://mainichi.jp/rss/etc/mainichi-flash.rss,ok,,ニュース
2026-08-26,2026-08-26T12:58:01.503664+09:00,全国紙,全国,毎日新聞,北海道から本州間「最短」でも 青函トンネルが通らなかった理由,https://mainichi.jp/articles/20260825/k00/00m/040/161000c,https://mainichi.jp/rss/etc/mainichi-flash.rss,ok,,ニュース
2026-08-26,2026-08-26T12:58:01.503664+09:00,全国紙,全国,毎日新聞,台風18号、沖縄や奄美に接近 1人けが 大雨災害に警戒呼び掛け,https://mainichi.jp/articles/20260826/k00/00m/040/056000c,https://mainichi.jp/rss/etc/mainichi-flash.rss,ok,,ニュース
2026-08-26,2026-08-26T12:58:01.503664+09:00,全国紙,全国,毎日新聞,もっと社会人野球:「スカウト来ない」異例の大学3部から都市対抗「後輩の希望に」,https://mainichi.jp/articles/20260825/k00/00m/050/258000c,https://mainichi.jp/rss/etc/mainichi-flash.rss,ok,,ニュース
2026-08-26,2026-08-26T12:58:01.503664+09:00,全国紙,全国,毎日新聞,徳川慶喜家の家じまい 運命変えた遺言書 主婦が5代目当主に,https://mainichi.jp/articles/20260821/k00/00m/040/388000c,https://mainichi.jp/rss/etc/mainichi-flash.rss,ok,,ニュース
2026-08-26,2026-08-26T12:58:01.503664+09:00,全国紙,全国,毎日新聞,失踪事件「勝手に」終了か 韓国・済州島の警官 約300件再調査,https://mainichi.jp/articles/20260826/k00/00m/030/032000c,https://mainichi.jp/rss/etc/mainichi-flash.rss,ok,,ニュース
2026-08-26,2026-08-26T12:58:01.503664+09:00,全国紙,全国,毎日新聞,錦織が予選2回戦へ 今季限りで引退 全米テニス男子シングルス,https://mainichi.jp/articles/20260826/k00/00m/050/034000c,https://mainichi.jp/rss/etc/mainichi-flash.rss,ok,,ニュース
2026-08-26,2026-08-26T12:58:01.503664+09:00,全国紙,全国,毎日新聞,27年6月に奈良で全国植樹祭 大会テーマとポスター原画を表彰,https://mainichi.jp/articles/20260824/k00/00m/040/213000c,https://mainichi.jp/rss/etc/mainichi-flash.rss,ok,,ニュース
2026-08-26,2026-08-26T12:58:01.503664+09:00,全国紙,全国,毎日新聞,私のライフシフト:吉野家でトクホ開発、57歳で画家に「趣味で終わらせない」,https://mainichi.jp/articles/20260825/k00/00m/040/018000c,https://mainichi.jp/rss/etc/mainichi-flash.rss,ok,,ニュース
2026-08-26,2026-08-26T12:58:01.503664+09:00,全国紙,全国,毎日新聞,アリサ・リュウが今季の休養を発表 フィギュア・五輪金メダル,https://mainichi.jp/articles/20260826/k00/00m/050/023000c,https://mainichi.jp/rss/etc/mainichi-flash.rss,ok,,ニュース
2026-08-26,2026-08-26T12:58:01.503664+09:00,全国紙,全国,毎日新聞,旗手怜央のセルティック、欧州チャンピオンズリーグ本戦出場逃す,https://mainichi.jp/articles/20260826/k00/00m/050/017000c,https://mainichi.jp/rss/etc/mainichi-flash.rss,ok,,ニュース
2026-08-26,2026-08-26T12:58:01.503664+09:00,全国紙,全国,毎日新聞,隠れた地域資源「櫨」を1億円産業に 受賞重ねる高校生の提言,https://mainichi.jp/articles/20260824/k00/00m/040/279000c,https://mainichi.jp/rss/etc/mainichi-flash.rss,ok,,ニュース
2026-08-26,2026-08-26T12:58:01.503664+09:00,全国紙,全国,日本経済新聞,,,,skipped,公式無料RSSなし。著作権ページで自動収集を明確に禁止しているため、自動取得の対象外とする。,
2026-08-26,2026-08-26T12:58:01.503664+09:00,全国紙,全国,産経新聞,辺野古転覆事故の遺族がコメント「検証結果の責任はこれからも」 同志社理事長ら辞任受け,https://www.sankei.com/article/20260826-PS52MQXWB5OCBAGDGOHT6VSTGU/,https://www.sankei.com/,ok,,
2026-08-26,2026-08-26T12:58:01.503664+09:00,全国紙,全国,産経新聞,米艦の「台湾海峡通過」第2次トランプ政権で激減 米財団分析、中国への刺激避ける思惑か,https://www.sankei.com/article/20260826-JLOUWKDLY5IN7EFTX2NZA2TDCE/,https://www.sankei.com/,ok,,
2026-08-26,2026-08-26T12:58:01.503664+09:00,全国紙,全国,産経新聞,サブカルだけじゃない「時計の聖地」 2億円窃盗被害の中野ブロードウェイ 訪日客が増加,https://www.sankei.com/article/20260826-MGJL3HK2RNDE3KOKK27CS7WB6M/,https://www.sankei.com/,ok,,
2026-08-26,2026-08-26T12:58:01.503664+09:00,全国紙,全国,産経新聞,「もう一回整理する」石破茂前首相、皇室典範に異論 「国民の総意になっていない」,https://www.sankei.com/article/20260826-STZRN4QMIBE4LPHJLBRTDWX44M/,https://www.sankei.com/,ok,,
2026-08-26,2026-08-26T12:58:01.503664+09:00,全国紙,全国,産経新聞,猫がうずくまった姿の奈良「ネコ塚古墳」 被葬者は葛城氏重臣か 想定外の荘厳な葺石発掘,https://www.sankei.com/article/20260826-K7PNLC232RLYTODAA32KXDSZKA/,https://www.sankei.com/,ok,,
2026-08-26,2026-08-26T12:58:01.503664+09:00,全国紙,全国,産経新聞,トランプ政権「ICC潰し」攻勢 日本の対応が試金石に 「法の支配」本気度に世界が注目,https://www.sankei.com/article/20260826-ZHZ5U6WY4RJLVE7XTFIYBH23HI/,https://www.sankei.com/,ok,,
2026-08-26,2026-08-26T12:58:01.503664+09:00,全国紙,全国,産経新聞,赤根ICC所長の著書が重版 トランプ米政権の制裁発動で関心高まる 応援のため買う人も,https://www.sankei.com/article/20260826-L6DPWX4XE5FSDANDWOA5JNVEXQ/,https://www.sankei.com/,ok,,
2026-08-26,2026-08-26T12:58:01.503664+09:00,全国紙,全国,産経新聞,グリ下「薬屋さん」少女に大量の薬渡した容疑は不起訴 大阪地検「証拠関係に照らした」,https://www.sankei.com/article/20260826-2NPKFPMZCROP5G34BGEMIEQXQU/,https://www.sankei.com/,ok,,
2026-08-26,2026-08-26T12:58:01.503664+09:00,全国紙,全国,産経新聞,「渋谷戦争」終結でコラボ 閉店の西武に「感謝」、東急に「エール」 プレゼントなど企画,https://www.sankei.com/article/20260826-WPHA5744QBBNHJVQFKQBZEBFNM/,https://www.sankei.com/,ok,,
2026-08-26,2026-08-26T12:58:01.503664+09:00,全国紙,全国,産経新聞,1970年大阪万博パビリオンの生き残りはわずか6館 万博レガシー調査の集大成を書籍へ,https://www.sankei.com/article/20260826-JT5J4WOT2VLCPPFZXB4FCDH2LU/,https://www.sankei.com/,ok,,
2026-08-26,2026-08-26T12:58:01.503664+09:00,全国紙,全国,産経新聞,人気絶頂時、北海道に逃亡「俺、壊れるな、このままだと」 武論尊さん「話の肖像画」,https://www.sankei.com/article/20260826-366WTUWU2BIMZCVGDA3FOJVRLU/?outputType=theme_portrait,https://www.sankei.com/,ok,,
2026-08-26,2026-08-26T12:58:01.503664+09:00,全国紙,全国,産経新聞,秋篠宮ご夫妻が帰国 パラグアイ公式訪問終え,https://www.sankei.com/article/20260826-RPOTQL5V4BP2LLFDNGGS5VTZH4/,https://www.sankei.com/,ok,,
2026-08-26,2026-08-26T12:58:01.503664+09:00,全国紙,全国,産経新聞,「蚊」で操作誤ったか、都バスが信号機に衝突,https://www.sankei.com/article/20260826-PF2MPH2X7JOFLPUDZ7436YXKXE/,https://www.sankei.com/,ok,,
2026-08-26,2026-08-26T12:58:01.503664+09:00,全国紙,全国,産経新聞,トランプ氏息子の脅迫映像をイランが公開か,https://www.sankei.com/article/20260826-ZW4NI5JFDVO55N5OHP3S7JYHKE/,https://www.sankei.com/,ok,,
2026-08-26,2026-08-26T12:58:01.503664+09:00,全国紙,全国,東京新聞,杉並区の寺に眠るインドの「英雄」チャンドラ・ボース 終戦直後に事故死、母国で進む再評価,https://www.tokyo-np.co.jp/article/510522,https://www.tokyo-np.co.jp/,ok,,
2026-08-26,2026-08-26T12:58:01.503664+09:00,全国紙,全国,東京新聞,身寄りなく亡くなったら「わたしの骨はどこへいく?」 著者の安田依央さんが語る「家族前提社会の限界」,https://www.tokyo-np.co.jp/article/510926,https://www.tokyo-np.co.jp/,ok,,
2026-08-26,2026-08-26T12:58:01.503664+09:00,全国紙,全国,東京新聞,〈本音のコラム〉51%の民意 斎藤美奈子(文芸評論家),https://www.tokyo-np.co.jp/article/510844,https://www.tokyo-np.co.jp/,ok,,
2026-08-26,2026-08-26T12:58:01.503664+09:00,全国紙,全国,東京新聞,「94歳で人生観が180度変わった」皆川博子さん 歴史巨編『ジンタルス』で描いた「今」に重なる物語,https://www.tokyo-np.co.jp/article/508607,https://www.tokyo-np.co.jp/,ok,,
2026-08-26,2026-08-26T12:58:01.503664+09:00,全国紙,全国,東京新聞,〈社説〉パワハラ認定された山中竹春・横浜市長 組織を率いる資格あるか,https://www.tokyo-np.co.jp/article/510942,https://www.tokyo-np.co.jp/,ok,,
2026-08-26,2026-08-26T12:58:01.503664+09:00,全国紙,全国,東京新聞,大谷、九回に三塁打 岡本、村上は無安打,https://www.tokyo-np.co.jp/article/510978,https://www.tokyo-np.co.jp/,ok,,
2026-08-26,2026-08-26T12:58:01.503664+09:00,全国紙,全国,中日新聞,岐阜城「金のしゃちほこ」しばし地上に 金箔張り直しで、2027年2月に再び天守へ,https://www.chunichi.co.jp/article/1301786,https://www.chunichi.co.jp/,ok,,
2026-08-26,2026-08-26T12:58:01.503664+09:00,全国紙,全国,中日新聞,「愛してるの次はお金の話でした」 マッチングアプリ会社と愛知県警が動画で注意喚起、YouTubeで公開,https://www.chunichi.co.jp/article/1301744,https://www.chunichi.co.jp/,ok,,
2026-08-26,2026-08-26T12:58:01.503664+09:00,全国紙,全国,中日新聞,「直美」なら資格見直しも?トラブル増加の美容医療 作家・医師の朝比奈秋さんと医師・高須克弥さん対談,https://www.chunichi.co.jp/article/1301323,https://www.chunichi.co.jp/,ok,,
2026-08-26,2026-08-26T12:58:01.503664+09:00,全国紙,全国,中日新聞,中日・石橋康太、2軍巨人戦で逆転の7号3ラン!6回の守備から出て最初の打席で大仕事,https://www.chunichi.co.jp/article/1301833,https://www.chunichi.co.jp/,ok,,
2026-08-26,2026-08-26T12:58:01.503664+09:00,地方紙,北海道,北海道新聞,,,,skipped,公式RSSはあるが、見出し・本文の公開(再配信)を認めない旨の規約があるため自動取得の対象外とする。,
2026-08-26,2026-08-26T12:58:01.503664+09:00,地方紙,宮城,河北新報,,,,skipped,robots.txtが/rss/をDisallowしておりRSS購読不可。私的利用限定・二次利用禁止の規約があるため自動取得の対象外とする。,
2026-08-26,2026-08-26T12:58:01.503664+09:00,地方紙,新潟,新潟日報,,,,skipped,利用規約でデータマイニング・テキストマイニング・AI学習目的の情報処理・解析利用を明示的に禁止しているため自動取得の対象外とする。,
2026-08-26,2026-08-26T12:58:01.503664+09:00,地方紙,長野,信濃毎日新聞,1母を手術後に亡くした佐久市の26歳、看護師に 「何があったのか」問い続けた医療訴訟、和解へ,https://www.shinmai.co.jp/news/article/gf01da74hiim9tl84se18ra0,https://www.shinmai.co.jp/,ok,,
2026-08-26,2026-08-26T12:58:01.503664+09:00,地方紙,長野,信濃毎日新聞,4信州クイズチャレンジ ~長野県150周年記念~,https://www.shinmai.co.jp/news/article/SHEX2026071600004788,https://www.shinmai.co.jp/,ok,,
2026-08-26,2026-08-26T12:58:01.503664+09:00,地方紙,長野,信濃毎日新聞,5東御市のコア・イノベーション、クボタの販売店に 旧唐沢農機サービス,https://www.shinmai.co.jp/news/article/gf01da73i8saejegpfu2tg20,https://www.shinmai.co.jp/,ok,,
2026-08-26,2026-08-26T12:58:01.503664+09:00,地方紙,長野,信濃毎日新聞,8佐久市、独自に寒冷地手当を支給へ 条件満たさなくなったが必要と判断,https://www.shinmai.co.jp/news/article/gf01da6n52qm9tl84se17cog,https://www.shinmai.co.jp/,ok,,
2026-08-26,2026-08-26T12:58:01.503664+09:00,地方紙,長野,信濃毎日新聞,9秋の北信越高校野球 長野県大会の地区予選組み合わせ決まる【組み合わせ表付き】,https://www.shinmai.co.jp/news/article/gf01da6oga2m9tl84se17ljg,https://www.shinmai.co.jp/,ok,,
2026-08-26,2026-08-26T12:58:01.503664+09:00,地方紙,長野,信濃毎日新聞,10令和の米騒動を踏まえ「正確な情報を提供するのが大事」 下諏訪町出身の農林水産省事務次官59歳,https://www.shinmai.co.jp/news/article/gf01da6o41qm9tl84se17j2g,https://www.shinmai.co.jp/,ok,,
2026-08-26,2026-08-26T12:58:01.503664+09:00,地方紙,長野,信濃毎日新聞,けがから復活、唯一無二のリズムを刻むドリブラー 山雅の松岡瑠夢が抱く野心長野県スポーツウェブオリジナルサッカー松本山雅08/21 17:00,https://www.shinmai.co.jp/news/article/gf01da3ttsoh93r5kirelj80,https://www.shinmai.co.jp/,ok,,
2026-08-26,2026-08-26T12:58:01.503664+09:00,地方紙,長野,信濃毎日新聞,嵐のポスターが救った母の命 活動終了の日、はがそうとしたけれど長野県主要くらし・話題ウェブオリジナルイブニング信毎朝日新聞コラボ「いつも、どこかで」08/21 17:00,https://www.shinmai.co.jp/news/article/gf01d9skojmm5strh1fasf30,https://www.shinmai.co.jp/,ok,,
2026-08-26,2026-08-26T12:58:01.503664+09:00,地方紙,静岡,静岡新聞,,,https://www.at-s.com/,error,405 Client Error: Not Allowed for url: https://www.at-s.com/,
2026-08-26,2026-08-26T12:58:01.503664+09:00,地方紙,京都,京都新聞,速報女子生徒遺族「検証簡素になるのは避けて」,https://www.kyoto-np.co.jp/articles/-/1778259,https://www.kyoto-np.co.jp/,ok,,
2026-08-26,2026-08-26T12:58:01.503664+09:00,地方紙,京都,京都新聞,京都市中京区の三条木屋町、安藤忠雄さん設計のあの「コンクリビル」が発信拠点 「これ以上ない場所」5:00市内京都の建築文化を発信する拠点「京都建築センター」が9月2日、京都市中京区にオープンする。安藤忠雄さんが設計した三条通木屋町西入ルの建物「T...,https://www.kyoto-np.co.jp/articles/-/1777180,https://www.kyoto-np.co.jp/,ok,,
2026-08-26,2026-08-26T12:58:01.503664+09:00,地方紙,京都,京都新聞,京都府、26日昼~27日夜に急な雷雨や竜巻の恐れ 京都府北部、警報級大雨の可能性6:35地域京都地方気象台は26日朝、突風や落雷に関する気象情報を発表し、京都府は26日昼過ぎ~27日夜遅くにかけ、急な強い雷雨や竜巻などの激しい突風...,https://www.kyoto-np.co.jp/articles/-/1778091,https://www.kyoto-np.co.jp/,ok,,
2026-08-26,2026-08-26T12:58:01.503664+09:00,地方紙,兵庫,神戸新聞,将棋・王位戦第5局 藤井と伊藤、持久戦模様 角換わり右玉は三度目 徳島・渭水苑で始まる,https://www.kobe-np.co.jp/news/culture/202608/0020747801.shtml,https://www.kobe-np.co.jp/,ok,,
2026-08-26,2026-08-26T12:58:01.503664+09:00,地方紙,兵庫,神戸新聞,丹波篠山発祥・桶ット×東大生ら愛好・キムワイプ 「異種卓球」丹波の陣 学生7人来訪し交流戦,https://www.kobe-np.co.jp/news/tanba/202608/0020745851.shtml,https://www.kobe-np.co.jp/,ok,,
2026-08-26,2026-08-26T12:58:01.503664+09:00,地方紙,兵庫,神戸新聞,植林20年、県立尼崎の森中央緑地 郷土種にこだわり10万9千本 渡り鳥、キツネ目撃も 多様な生物育む,https://www.kobe-np.co.jp/news/hanshin/202608/0020746173.shtml,https://www.kobe-np.co.jp/,ok,,
2026-08-26,2026-08-26T12:58:01.503664+09:00,地方紙,兵庫,神戸新聞,【表あり】高砂市議選 立候補者アンケート(上) (届け出順),https://www.kobe-np.co.jp/news/richa/202608/0020745799.shtml,https://www.kobe-np.co.jp/,ok,,
2026-08-26,2026-08-26T12:58:01.503664+09:00,地方紙,兵庫,神戸新聞,郵便局員 なじみ客らの異変に気付き、詐欺被害防ぐ 上郡本町など3局 相生署が感謝状,https://www.kobe-np.co.jp/news/sagi/202608/0020745977.shtml,https://www.kobe-np.co.jp/,ok,,
2026-08-26,2026-08-26T12:58:01.503664+09:00,地方紙,兵庫,神戸新聞,<ワールド・ディッシュ W皿>(7)モンゴル/ツイクン カメルーン/オコック&クスクス イタリア/ラザニア&ティラミス 母国の味 思い浮かべて,https://www.kobe-np.co.jp/news/himeji/202608/0020746020.shtml,https://www.kobe-np.co.jp/,ok,,
2026-08-26,2026-08-26T12:58:01.503664+09:00,地方紙,兵庫,神戸新聞,西脇市の社会福祉法人連絡協、県の災害派遣福祉チームに登録 専門職の被災地派遣可能に,https://www.kobe-np.co.jp/news/hokuban/202608/0020745929.shtml,https://www.kobe-np.co.jp/,ok,,
2026-08-26,2026-08-26T12:58:01.503664+09:00,地方紙,兵庫,神戸新聞,<近日公開 8月のオススメ記事>あかふじ米野球、夏の甲子園、「丹波竜」発見20年...etc.,https://www.kobe-np.co.jp/news/richa/202607/0020647485.shtml,https://www.kobe-np.co.jp/,ok,,
2026-08-26,2026-08-26T12:58:01.503664+09:00,地方紙,広島,中国新聞,,,,skipped,利用規約でAI開発目的のディープラーニング等の情報処理・解析利用を明示的に禁止しているため自動取得の対象外とする。,
2026-08-26,2026-08-26T12:58:01.503664+09:00,地方紙,福岡,西日本新聞,,,,skipped,公式RSSはあるが、利用規約でAI学習目的の情報処理・解析利用を明示的に禁止しているため自動取得の対象外とする。,
2026-08-26,2026-08-26T12:58:01.503664+09:00,地方紙,熊本,熊本日日新聞,東証、一時500円超高,https://kumanichi.com/articles/2029074,https://kumanichi.com/rss.xml,ok,,
2026-08-26,2026-08-26T12:58:01.503664+09:00,地方紙,熊本,熊本日日新聞,大阪、府と特別区の事務分担議論,https://kumanichi.com/articles/2029073,https://kumanichi.com/rss.xml,ok,,
2026-08-26,2026-08-26T12:58:01.503664+09:00,地方紙,熊本,熊本日日新聞,東京株式 26日12時45分,https://kumanichi.com/articles/2028992,https://kumanichi.com/rss.xml,ok,,
2026-08-26,2026-08-26T12:58:01.503664+09:00,地方紙,熊本,熊本日日新聞,合流協議「容易でない」,https://kumanichi.com/articles/2029072,https://kumanichi.com/rss.xml,ok,,
2026-08-26,2026-08-26T12:58:01.503664+09:00,地方紙,熊本,熊本日日新聞,女子生徒遺族「検証簡素になるのは避けて」,https://kumanichi.com/articles/2029070,https://kumanichi.com/rss.xml,ok,,
2026-08-26,2026-08-26T12:58:01.503664+09:00,地方紙,熊本,熊本日日新聞,福岡県議長辞任言及避ける,https://kumanichi.com/articles/2029069,https://kumanichi.com/rss.xml,ok,,
2026-08-26,2026-08-26T12:58:01.503664+09:00,地方紙,熊本,熊本日日新聞,NYでウクライナ楽団が公演,https://kumanichi.com/articles/2029068,https://kumanichi.com/rss.xml,ok,,
2026-08-26,2026-08-26T12:58:01.503664+09:00,地方紙,熊本,熊本日日新聞,大谷、九回に三塁打,https://kumanichi.com/articles/2029046,https://kumanichi.com/rss.xml,ok,,
2026-08-26,2026-08-26T12:58:01.503664+09:00,地方紙,熊本,熊本日日新聞,堺市長選、来春統一選で,https://kumanichi.com/articles/2029067,https://kumanichi.com/rss.xml,ok,,
2026-08-26,2026-08-26T12:58:01.503664+09:00,地方紙,熊本,熊本日日新聞,民家1棟全焼 住人1人けが 玉名市,https://kumanichi.com/articles/2029026,https://kumanichi.com/rss.xml,ok,,
2026-08-26,2026-08-26T12:58:01.503664+09:00,地方紙,鹿児島,南日本新聞,2年連続出場の鹿児島実業高、書道パフォーマンス甲子園で曲に乗り「承道」揮毫――新体操部や応援団部から助言受け練習...「最後の舞台、幸せだった」鹿児島市の鹿児島実業高校書道部が、愛媛県四国中央市で開催された「書道パフォーマンス甲子園」に2年連続の出場を果たした。音楽に合わせ巨大な紙に文字や絵を表現し、出来栄えを競う大会。12人は、これまで支えてくれた人たちへの感謝の思いを込め、伸びやかな動きと力強い筆さばきを披露した。 大会は2日にあり、33都府県計109校による地方予選を勝ち抜いた22校が出場。九州からは動画審査で選ばれた鹿実8月26日 11:30,https://373news.com/news/local/detail/238569/,https://373news.com/,ok,,local
2026-08-26,2026-08-26T12:58:01.503664+09:00,地方紙,鹿児島,南日本新聞,深夜の路上に「不審者」...通報で警察官が駆けつけ職務質問、鞄から包丁のようなもの――「護身用に持っていた」 32歳会社員を現行犯逮捕 銃刀法違反容疑、鹿児島中央署8月26日 11:28,https://373news.com/news/local/detail/238571/,https://373news.com/,ok,,local
2026-08-26,2026-08-26T12:58:01.503664+09:00,地方紙,鹿児島,南日本新聞,"「子連れで車中泊はつらかった」「疲れが癒やされた」――ノートに残る感謝の言葉...熊本地震でキャンセル続出の古民家宿、宿主が選んだ""無償受け入れ"" 飲食店主ら料理差し入れ、支援の輪広がる8月26日 11:00",https://373news.com/news/local/detail/238567/,https://373news.com/,ok,,local
2026-08-26,2026-08-26T12:58:01.503664+09:00,地方紙,鹿児島,南日本新聞,俺、ワタナベのダウンタウンになるわ!(連載サンシャイン池崎の「イケザキクエスト第41話」)8月26日 11:00,https://373news.com/news/local/detail/238485/,https://373news.com/,ok,,local
2026-08-26,2026-08-26T12:58:01.503664+09:00,地方紙,鹿児島,南日本新聞,南日本文学賞受賞者の馬場広大さん(宮崎市)、九州戯曲賞を受賞 「活動の幅が広がった」8月26日 10:30,https://373news.com/news/local/detail/238140/,https://373news.com/,ok,,local
2026-08-26,2026-08-26T12:58:01.503664+09:00,地方紙,鹿児島,南日本新聞,〈続報〉鹿屋女性殺害 「数年前に数百万円盗まれた」と知人に話していた飲食店経営者、県警に被害届を提出していた 自宅に防犯カメラも設置8月26日 10:00,https://373news.com/news/local/detail/238566/,https://373news.com/,ok,,local
2026-08-26,2026-08-26T12:58:01.503664+09:00,地方紙,鹿児島,南日本新聞,【速報】【台風18号】奄美地方、昼前にかけて線状降水帯発生恐れ8月26日 08:52,https://373news.com/news/local/detail/238565/,https://373news.com/,ok,,local
2026-08-26,2026-08-26T12:58:01.503664+09:00,地方紙,鹿児島,南日本新聞,鹿児島県内のダイオキシン類調査 25年度、曽於市クリーンセンターで基準超過8月26日 07:30,https://373news.com/news/local/detail/238562/,https://373news.com/,ok,,local
2026-08-26,2026-08-26T12:58:01.503664+09:00,地方紙,鹿児島,南日本新聞,インド大使館で交流会「鹿児島DAY」 人材受け入れや輸出拡大狙い、県が初開催 特産品や観光など11ブースでPR8月26日 07:00,https://373news.com/news/local/detail/238560/,https://373news.com/,ok,,local
2026-08-26,2026-08-26T12:58:01.503664+09:00,地方紙,鹿児島,南日本新聞,7火星の衛星探査へ10月20日出発――JAXA、世界初の試み H3ロケットで打ち上げ,https://373news.com/news/local/detail/238316/,https://373news.com/,ok,,local
2026-08-26,2026-08-26T12:58:01.503664+09:00,地方紙,沖縄,琉球新報,,,,skipped,利用規約で複製・複写・送信・頒布・蓄積・転載等を会社の承認なく行うことを広範に禁止しているため自動取得の対象外とする。,
2026-08-26,2026-08-26T12:58:01.503664+09:00,地方紙,沖縄,沖縄タイムス,【独自インタビュー】下地幹郎氏、知事選立候補取りやめの背景語る 自民側から参院比例の条件提示「ない」8:47有料#沖縄の選挙,https://www.okinawatimes.co.jp/articles/-/1909760,https://www.okinawatimes.co.jp/,ok,,
2026-08-26,2026-08-26T12:58:01.503664+09:00,地方紙,沖縄,沖縄タイムス,旧盆時に台風...各地でため息 那覇空港は大混雑 親戚回りの後に避難所で過ごす人も8:04有料#台風,https://www.okinawatimes.co.jp/articles/-/1909656,https://www.okinawatimes.co.jp/,ok,,
2026-08-26,2026-08-26T12:58:01.503664+09:00,地方紙,沖縄,沖縄タイムス,沖縄県知事選の告示日目前、台風18号でポスター掲示板撤去 「再設置間に合わない」と自治体から悲鳴8:25有料#沖縄県知事選,https://www.okinawatimes.co.jp/articles/-/1909597,https://www.okinawatimes.co.jp/,ok,,
2026-08-26,2026-08-26T12:58:01.503664+09:00,地方紙,沖縄,沖縄タイムス,沖縄産バニラ、5年で生産10倍へ 年2トン目標、産業推進協が栽培技術の標準化に着手6:52有料#沖縄の経済,https://www.okinawatimes.co.jp/articles/-/1909666,https://www.okinawatimes.co.jp/,ok,,
2026-08-26,2026-08-26T12:58:01.503664+09:00,地方紙,沖縄,沖縄タイムス,「あしたが見えない母たちに光を」 困窮世帯・DV被害者支援シェルターが10月始動 住居や食事提供 沖縄市9:50有料#沖縄市,https://www.okinawatimes.co.jp/articles/-/1909540,https://www.okinawatimes.co.jp/,ok,,
2026-08-26,2026-08-26T12:58:01.503664+09:00,地方紙,沖縄,沖縄タイムス,【写真特集】姿変えた「生物の宝庫」 海藻やカニなど一部の生き物はどこに... 沖縄市の泡瀬干潟8:37有料#うちな~う,https://www.okinawatimes.co.jp/articles/-/1909561,https://www.okinawatimes.co.jp/,ok,,
2026-08-26,2026-08-26T12:58:01.503664+09:00,地方紙,沖縄,沖縄タイムス,サトウキビ生産量 25年は少雨が影響、前年比9.4%減の76万5771トン 平年やや上回る7:00有料#沖縄の経済,https://www.okinawatimes.co.jp/articles/-/1909667,https://www.okinawatimes.co.jp/,ok,,
2026-08-26,2026-08-26T12:58:01.503664+09:00,地方紙,沖縄,沖縄タイムス,錦織が予選1回戦突破 全米テニス男子シングルス12:50#スポーツ,https://www.okinawatimes.co.jp/articles/-/1909731,https://www.okinawatimes.co.jp/,ok,,
2026-08-26,2026-08-26T12:58:01.503664+09:00,地方紙,沖縄,沖縄タイムス,東証、一時500円超高12:49#全国の経済,https://www.okinawatimes.co.jp/articles/-/1909944,https://www.okinawatimes.co.jp/,ok,,
2026-08-26,2026-08-26T12:58:01.503664+09:00,地方紙,沖縄,沖縄タイムス,大阪、府と特別区の事務分担議論 法定協、副首都念頭に12:47#全国の政治,https://www.okinawatimes.co.jp/articles/-/1909943,https://www.okinawatimes.co.jp/,ok,,
2026-08-26,2026-08-26T12:58:01.503664+09:00,地方紙,沖縄,沖縄タイムス,仲座健太 さんがコメント(8月26日 9:33),https://www.okinawatimes.co.jp/articles/-/1909534,https://www.okinawatimes.co.jp/,ok,,
2026-08-26,2026-08-26T12:58:01.503664+09:00,地方紙,沖縄,沖縄タイムス,波名城翔 さんがコメント(8月26日 7:33),https://www.okinawatimes.co.jp/articles/-/1908653,https://www.okinawatimes.co.jp/,ok,,
2026-08-26,2026-08-26T12:58:01.503664+09:00,その他メディア,,デイリースポーツ,合流協議「容易でない」,https://www.daily.co.jp/society/politics/2026/08/26/0020747862.shtml,https://news.ceek.jp/search.cgi?category_id=politics&feed=1,ok,,政治
2026-08-26,2026-08-26T12:58:01.503664+09:00,その他メディア,,日本テレビ,消費減税に伴う中小零細農家への支援 自民党会合で異論出ず,https://news.ntv.co.jp/category/politics/c22c44fa9da94986acab66618a24dd9b,https://news.ceek.jp/search.cgi?category_id=politics&feed=1,ok,,政治
2026-08-26,2026-08-26T12:58:01.503664+09:00,その他メディア,,フジテレビ,食料品消費減税で農家に給付金支給案 政府が新たな支援策検討 「免税事業者」など中小規模農家の収入下がる指摘受け,https://www.fnn.jp/articles/-/1101527,https://news.ceek.jp/search.cgi?category_id=politics&feed=1,ok,,政治
2026-08-26,2026-08-26T12:58:01.503664+09:00,その他メディア,,デイリースポーツ,堺市長選、来春統一選で,https://www.daily.co.jp/society/politics/2026/08/26/0020747805.shtml,https://news.ceek.jp/search.cgi?category_id=politics&feed=1,ok,,政治
2026-08-26,2026-08-26T12:58:01.503664+09:00,その他メディア,,テレビ朝日,食料品の消費減税 農家に給付金の方針 外食のテイクアウト導入支援へ,https://news.tv-asahi.co.jp/news_politics/articles/000528828.html,https://news.ceek.jp/search.cgi?category_id=politics&feed=1,ok,,政治
2026-08-26,2026-08-26T12:58:01.503664+09:00,その他メディア,,フジテレビ,「守るべき子供に欲求満たす行為」愛媛県職員が子供にわいせつ行為 不祥事受け綱紀粛正を訓示【愛媛】,https://www.fnn.jp/articles/-/1101497,https://news.ceek.jp/search.cgi?category_id=politics&feed=1,ok,,政治
2026-08-26,2026-08-26T12:58:01.503664+09:00,その他メディア,,フジテレビ,"“都構想""の特別区の名称に「大阪市」残す提言めぐり批判も 法定協で唯一参加の維新からの""提言""を議論か 他会派からは「論点隠しだ」との批判",https://www.fnn.jp/articles/-/1101524,https://news.ceek.jp/search.cgi?category_id=politics&feed=1,ok,,政治
2026-08-26,2026-08-26T12:58:01.503664+09:00,全国紙,全国,産経新聞,業績不振のコンビニ、常連の小学生3人に救われる 釣りで謝意 中国・広州,https://www.sankei.com/article/20260826-WGD46HAACFP5PKKYOW3SV2XNEI/,https://news.ceek.jp/search.cgi?category_id=politics&feed=1,ok,,政治
2026-08-26,2026-08-26T12:58:01.503664+09:00,全国紙,全国,産経新聞,中印高官が北京で国境問題協議、王外相「前進堅持を」 習近平氏の7年ぶり訪印も調整か,https://www.sankei.com/article/20260826-VXW2VN25TROZ7A46ESFPYOPTPQ/,https://news.ceek.jp/search.cgi?category_id=politics&feed=1,ok,,政治
2026-08-26,2026-08-26T12:58:01.503664+09:00,その他メディア,,フジテレビ,蔵内議長辞職から一夜...顔写真パネル取り外される 「心身共に張り詰めた状態で過ごしてきた」自民党県議団にメッセージ 新議長選びへ臨時総会 福岡,https://www.fnn.jp/articles/-/1101501,https://news.ceek.jp/search.cgi?category_id=politics&feed=1,ok,,政治
2026-08-26,2026-08-26T12:58:01.503664+09:00,その他メディア,,フジテレビ,下地幹郎氏が県知事選立候補を取り下げ 自民党と政策協定,https://www.fnn.jp/articles/-/1101536,https://news.ceek.jp/search.cgi?category_id=politics&feed=1,ok,,政治
2026-08-26,2026-08-26T12:58:01.503664+09:00,全国紙,全国,産経新聞,堺市長選、知事・大阪市長選と同日実施の公算 来春の統一地方選に合わせ前倒し意向,https://www.sankei.com/article/20260826-4DMHR6RFVRPU7MIFSXRIYIU4PY/,https://news.ceek.jp/search.cgi?category_id=politics&feed=1,ok,,政治
2026-08-26,2026-08-26T12:58:01.503664+09:00,その他メディア,,フジテレビ,消費減税で農家支援へ 税負担の緩和で給付金を検討 給付額は年末の予算編成過程で具体化,https://www.fnn.jp/articles/-/1101472,https://news.ceek.jp/search.cgi?category_id=politics&feed=1,ok,,政治
2026-08-26,2026-08-26T12:58:01.503664+09:00,その他メディア,,Abema TIMES,消費税減税の議論スタート 「値札」議論も「財源」議題に上がらず 地方自治体は懸念,https://times.abema.tv/articles/-/10269131?page=1,https://news.ceek.jp/search.cgi?category_id=politics&feed=1,ok,,政治
2026-08-26,2026-08-26T12:58:01.503664+09:00,全国紙,全国,産経新聞,尖閣周辺に中国船 18日連続 中国当局の船2隻確認 機関砲を搭載,https://www.sankei.com/article/20260826-CCFRQLRVTRMKZLHTEGKCHYSU2A/,https://news.ceek.jp/search.cgi?category_id=politics&feed=1,ok,,政治
2026-08-26,2026-08-26T12:58:01.503664+09:00,その他メディア,,テレビ朝日,消費税減税の議論スタート 「値札」議論も「財源」議題に上がらず 地方自治体は懸念,https://news.tv-asahi.co.jp/news_politics/articles/900197919.html,https://news.ceek.jp/search.cgi?category_id=politics&feed=1,ok,,政治
2026-08-26,2026-08-26T12:58:01.503664+09:00,その他メディア,,フジテレビ,尾道市の談合事件で市民団体 第三者委員会の設置求める嘆願書 「自浄作用が働いていない」 広島,https://www.fnn.jp/articles/-/1101458,https://news.ceek.jp/search.cgi?category_id=politics&feed=1,ok,,政治
2026-08-26,2026-08-26T12:58:01.503664+09:00,その他メディア,,しんぶん赤旗,普天間返還 辺野古断念を 沖縄知事選あす告示 デニー知事に聞く/県民が心一つに政府に迫るとき,https://www.jcp.or.jp/akahata/aik26/2026-08-26/2026082601_01_0.php,https://news.ceek.jp/search.cgi?category_id=politics&feed=1,ok,,政治
2026-08-26,2026-08-26T12:58:01.503664+09:00,その他メディア,,しんぶん赤旗,長野県議補選 改選1で勝利 要求対話を生かしきる,https://www.jcp.or.jp/akahata/aik26/2026-08-26/2026082601_02_0.php,https://news.ceek.jp/search.cgi?category_id=politics&feed=1,ok,,政治
2026-08-26,2026-08-26T12:58:01.503664+09:00,その他メディア,,しんぶん赤旗,日本・ベトナム両共産党 第12回理論交流開催へ あすから東京で,https://www.jcp.or.jp/akahata/aik26/2026-08-26/2026082601_03_0.php,https://news.ceek.jp/search.cgi?category_id=politics&feed=1,ok,,政治
2026-08-26,2026-08-26T12:58:01.503664+09:00,その他メディア,,しんぶん赤旗,米、イラン制裁拡大 デジタル資産など5分野標的,https://www.jcp.or.jp/akahata/aik26/2026-08-26/2026082601_04_0.php,https://news.ceek.jp/search.cgi?category_id=politics&feed=1,ok,,政治
2026-08-26,2026-08-26T12:58:01.503664+09:00,その他メディア,,しんぶん赤旗,潮流 「図書館のエアコンが去年から故障中で、夏休みなのに子どもたちが...,https://www.jcp.or.jp/akahata/aik26/2026-08-26/2026082601_05_0.php,https://news.ceek.jp/search.cgi?category_id=politics&feed=1,ok,,政治
2026-08-26,2026-08-26T12:58:01.503664+09:00,その他メディア,,しんぶん赤旗,主張 あす知事選告示/平和で誇りある豊かな沖縄を,https://www.jcp.or.jp/akahata/aik26/2026-08-26/2026082602_01_0.php,https://news.ceek.jp/search.cgi?category_id=politics&feed=1,ok,,政治
2026-08-26,2026-08-26T12:58:01.503664+09:00,その他メディア,,しんぶん赤旗,「ひとりから政策提言」 市民連合がキャンペーン デニー沖縄知事支援も/共産党と懇談,https://www.jcp.or.jp/akahata/aik26/2026-08-26/2026082602_02_0.php,https://news.ceek.jp/search.cgi?category_id=politics&feed=1,ok,,政治
2026-08-26,2026-08-26T12:58:01.503664+09:00,その他メディア,,しんぶん赤旗,ICC「制裁」を非難 超党派人権議連が声明,https://www.jcp.or.jp/akahata/aik26/2026-08-26/2026082602_03_0.php,https://news.ceek.jp/search.cgi?category_id=politics&feed=1,ok,,政治
2026-08-26,2026-08-26T12:58:01.503664+09:00,その他メディア,,しんぶん赤旗,定数減・小選挙区温存 衆院選挙制度協の修正試案/塩川氏が批判,https://www.jcp.or.jp/akahata/aik26/2026-08-26/2026082602_04_0.php,https://news.ceek.jp/search.cgi?category_id=politics&feed=1,ok,,政治
2026-08-26,2026-08-26T12:58:01.503664+09:00,その他メディア,,しんぶん赤旗,第12回日越両党理論交流会談に参加する両党代表団 玉城デニー知事へのご支援を心からお願いします 党大会成功の成否握る「飛躍期間」 8月残る1週間を一丸となって 緊急の全国都道府県委員長会議,https://www.jcp.or.jp/akahata/aik26/2026-08-26/2026082602_05_0.php,https://news.ceek.jp/search.cgi?category_id=politics&feed=1,ok,,政治
2026-08-26,2026-08-26T12:58:01.503664+09:00,その他メディア,,しんぶん赤旗,子どもの権利から考える 不登校 共産党人権委が学習会,https://www.jcp.or.jp/akahata/aik26/2026-08-26/2026082611_01_0.php,https://news.ceek.jp/search.cgi?category_id=politics&feed=1,ok,,政治
2026-08-26,2026-08-26T12:58:01.503664+09:00,全国紙,全国,朝日新聞,押収PCから偽造卒業証書のデータ 静岡県警、田久保氏の自宅捜索で,https://www.asahi.com/articles/ASV8T7TH5V8TUTPB00TM.html,https://news.ceek.jp/search.cgi?category_id=politics&feed=1,ok,,政治
2026-08-26,2026-08-26T12:58:01.503664+09:00,その他メディア,,Abema TIMES,"“制裁""への対応「弱腰批判はあたらない」",https://times.abema.tv/articles/-/10269086?page=1,https://news.ceek.jp/search.cgi?category_id=politics&feed=1,ok,,政治
2026-08-26,2026-08-26T12:58:01.503664+09:00,全国紙,全国,東京新聞,高市首相の一日 8月25日(火),https://www.tokyo-np.co.jp/article/510945,https://news.ceek.jp/search.cgi?category_id=politics&feed=1,ok,,政治
2026-08-26,2026-08-26T12:58:01.503664+09:00,その他メディア,,Abema TIMES,20%超が「外食の機会減る」食料品消費税1%でも外食は10%のまま...外食産業の懸念どうなる「高級路線の店への支援はいらないと思うが...」識者が見解,https://times.abema.tv/articles/-/10269048?page=1,https://news.ceek.jp/search.cgi?category_id=politics&feed=1,ok,,政治
2026-08-26,2026-08-26T12:58:01.503664+09:00,その他メディア,,アサ芸プラス,「異様な日本敵視政策」経済崩壊が近い中国と無理を重ねて付き合う必要なし!日中2000年の「断絶裏面史」,https://www.asagei.com/excerpt/349240,https://news.ceek.jp/search.cgi?category_id=politics&feed=1,ok,,政治
2026-08-26,2026-08-26T12:58:01.503664+09:00,その他メディア,,日本テレビ,米制裁のICC赤根所長きょう会見 政府は撤回など求めず「みんな怖くて言えない」自民議員から本音も,https://news.ntv.co.jp/category/politics/ca447059a1404cdf84051c75f9c29170,https://news.ceek.jp/search.cgi?category_id=politics&feed=1,ok,,政治
2026-08-26,2026-08-26T12:58:01.503664+09:00,その他メディア,,フジテレビ,"「一身上の都合」と記し署名は直筆で...蔵内議長の“議員辞職願"" 事前に預けられ「開封してかまわない」と副議長に伝える 福岡県議会",https://www.fnn.jp/articles/-/1101423,https://news.ceek.jp/search.cgi?category_id=politics&feed=1,ok,,政治
2026-08-26,2026-08-26T12:58:01.503664+09:00,その他メディア,,JBpress,防衛力を強くするほど「専守防衛」が重要になる理由反撃能力の強化で高まる「信憑性」、戦争を防ぐため同時に必要な「安定性」とは,https://jbpress.ismedia.jp/articles/-/96619,https://news.ceek.jp/search.cgi?category_id=politics&feed=1,ok,,政治
2026-08-26,2026-08-26T12:58:01.503664+09:00,その他メディア,,JBpress,"コメの値段はどこまで下がるのか、「令和の米騒動」がもたらした“需要破壊""の行く末積み上がった在庫でさらに強まる先安観、値崩れは生産者も直撃",https://jbpress.ismedia.jp/articles/-/96657,https://news.ceek.jp/search.cgi?category_id=politics&feed=1,ok,,政治
2026-08-26,2026-08-26T12:58:01.503664+09:00,全国紙,全国,朝日新聞,維新の連立合意文書「更新」要求に自民警戒 新たな火種生じる懸念も,https://www.asahi.com/articles/ASV8T3Q4CV8TUTFK00KM.html,https://news.ceek.jp/search.cgi?category_id=politics&feed=1,ok,,政治
2026-08-26,2026-08-26T12:58:01.503664+09:00,その他メディア,,共同通信,東京株式 26日午前終値,https://www.47news.jp/14845563.html,https://news.ceek.jp/search.cgi?category_id=business&feed=1,ok,,経済
2026-08-26,2026-08-26T12:58:01.503664+09:00,その他メディア,,TBSテレビ,【倒産情報】負債総額155億円か ゴルフ場運営会社が破産開始決定 ピーク時は16億超える売上高を計上も...利益低迷やバブル崩壊の影響で赤字に 東京・千代田区【東京商工リサーチ】,https://newsdig.tbs.co.jp/articles/-/2897256?display=1,https://news.ceek.jp/search.cgi?category_id=business&feed=1,ok,,経済
2026-08-26,2026-08-26T12:58:01.503664+09:00,その他メディア,,QUICK Money World,エヌビディア決算 売上高は922億ドルか、97%増収 ルービンの需要焦点,https://moneyworld.jp/news/detail?id=217736,https://news.ceek.jp/search.cgi?category_id=business&feed=1,ok,,経済
2026-08-26,2026-08-26T12:58:01.503664+09:00,全国紙,全国,読売新聞,政府、食料品の消費税減税巡り小規模農家へ給付金を検討...「手取り減」対策,https://www.yomiuri.co.jp/economy/20260826-GYT1T00142/,https://news.ceek.jp/search.cgi?category_id=business&feed=1,ok,,経済
2026-08-26,2026-08-26T12:58:01.503664+09:00,その他メディア,,日本テレビ,中東情勢の混乱踏まえ...政府、エネルギー安定確保へ新計画 ホルムズ海峡通らず原油調達も,https://news.ntv.co.jp/category/economy/b620b8a9319e4a0585648ea739d1c2af,https://news.ceek.jp/search.cgi?category_id=business&feed=1,ok,,経済
2026-08-26,2026-08-26T12:58:01.503664+09:00,その他メディア,,帝国データバンク,東京グリーン株式会社(ゴルフ場 東京都千代田区 )破産手続き開始決定受ける 負債155億円,https://www.tdb.co.jp/report/bankruptcy/flash/5254/,https://news.ceek.jp/search.cgi?category_id=business&feed=1,ok,,経済
2026-08-26,2026-08-26T12:58:01.503664+09:00,その他メディア,,Forbes JAPAN,スペースX、米ルイジアナ州に「地球最大」の宇宙港を建設へ 16兆円投資,https://forbesjapan.com/articles/detail/103601,https://news.ceek.jp/search.cgi?category_id=business&feed=1,ok,,経済
2026-08-26,2026-08-26T12:58:01.503664+09:00,その他メディア,,テレビ朝日,ファミリーマート 制服に新ルール 人材確保へ髪色も自由に,https://news.tv-asahi.co.jp/news_economy/articles/000528818.html,https://news.ceek.jp/search.cgi?category_id=business&feed=1,ok,,経済
2026-08-26,2026-08-26T12:58:01.503664+09:00,全国紙,全国,日本経済新聞,外為12時 円相場、上昇 一時158円台後半 輸出企業など実需の買いで,https://www.nikkei.com/article/DGXZQOFL260TR0W6A820C2000000/,https://news.ceek.jp/search.cgi?category_id=business&feed=1,ok,,経済
2026-08-26,2026-08-26T12:58:01.503664+09:00,全国紙,全国,日本経済新聞,アモーヴァ、ベトナムで国営銀と運用会社 富裕層開拓へ,https://www.nikkei.com/article/DGXZQOUB257AT0V20C26A8000000/,https://news.ceek.jp/search.cgi?category_id=business&feed=1,ok,,経済
2026-08-26,2026-08-26T12:58:01.503664+09:00,全国紙,全国,産経新聞,東証、一転値上がりに 一時300円超高 6万6000円回復 割安銘柄に買い戻し,https://www.sankei.com/article/20260826-IV4FWPQNMFI4POFVF2EIIRKUVQ/,https://news.ceek.jp/search.cgi?category_id=business&feed=1,ok,,経済
2026-08-26,2026-08-26T12:58:01.503664+09:00,その他メディア,,デイリースポーツ,東証、午前終値は6万6227円,https://www.daily.co.jp/society/economics/2026/08/26/0020747790.shtml,https://news.ceek.jp/search.cgi?category_id=business&feed=1,ok,,経済
2026-08-26,2026-08-26T12:58:01.503664+09:00,その他メディア,,日本金融通信,新庄信金、本店前で給水活動 「新庄まつり」のパレード応援,https://www.nikkinonline.com/article/418354,https://news.ceek.jp/search.cgi?category_id=business&feed=1,ok,,経済
2026-08-26,2026-08-26T12:58:01.503664+09:00,全国紙,全国,日本経済新聞,日経平均午前終値371円高 業績相場持続も拭えぬ「9月不安」,https://www.nikkei.com/article/DGXZQOUB260IOTW6A820C2000000/,https://news.ceek.jp/search.cgi?category_id=business&feed=1,ok,,経済
2026-08-26,2026-08-26T12:58:01.503664+09:00,その他メディア,,日刊工業新聞,五つの船倉備える...川重、バラ積み船 「アトランティック ロイヤル」引き渡し,https://newswitch.jp/p/50098,https://news.ceek.jp/search.cgi?category_id=business&feed=1,ok,,経済
2026-08-26,2026-08-26T12:58:01.503664+09:00,その他メディア,,ニューズウィーク,"バイオ燃料が変えるエネルギー安全保障...「日本は""買う""から""製造する""への転換を」",https://www.newsweekjapan.jp/articles/-/330867,https://news.ceek.jp/search.cgi?category_id=business&feed=1,ok,,経済
2026-08-26,2026-08-26T12:58:01.503664+09:00,その他メディア,,ハーバード・ビジネス・レビュー,複雑・多様な業務をどうこなすか,https://dhbr.diamond.jp/articles/-/14202,https://news.ceek.jp/search.cgi?category_id=business&feed=1,ok,,経済
2026-08-26,2026-08-26T12:58:01.503664+09:00,その他メディア,,フジテレビ,"1万円で2000円分“お得""に 福井駅前で使える「ふくトク」商品券 27日販売スタート 先着順で約3900セット",https://www.fnn.jp/articles/-/1101520,https://news.ceek.jp/search.cgi?category_id=business&feed=1,ok,,経済
2026-08-26,2026-08-26T12:58:01.503664+09:00,全国紙,全国,読売新聞,厳しさの中に愛情、「白い帽子」の工長...トヨタの「おやじ」が目指したリーダー像,https://www.yomiuri.co.jp/economy/20260818-GYT1T00250/,https://news.ceek.jp/search.cgi?category_id=business&feed=1,ok,,経済
2026-08-26,2026-08-26T12:58:01.503664+09:00,全国紙,全国,日本経済新聞,東証前引け 日経平均は続伸 朝安後上昇、銀行や証券が高い,https://www.nikkei.com/article/DGXZQOFL261FW0W6A820C2000000/,https://news.ceek.jp/search.cgi?category_id=business&feed=1,ok,,経済
2026-08-26,2026-08-26T12:58:01.503664+09:00,その他メディア,,フジテレビ,"ケンシロウ“等身大""の黄金像も登場 神戸で「黄金展」 2億円越えのサッカーボールも 金の価格が高値で推移「昔らかすると10倍になった...」",https://www.fnn.jp/articles/-/1101523,https://news.ceek.jp/search.cgi?category_id=business&feed=1,ok,,経済
2026-08-26,2026-08-26T12:58:01.503664+09:00,その他メディア,,東京商工リサーチ,ホクシンメディカルの第2回債権者集会が開催、管財人が資金流出に言及,https://www.tsr-net.co.jp/data/detail/1203172_1527.html,https://news.ceek.jp/search.cgi?category_id=business&feed=1,ok,,経済
2026-08-26,2026-08-26T12:58:01.503664+09:00,その他メディア,,フジテレビ,【独自】厚岸漁協所属のサンマ漁船が中国公船の臨検受けるも問題なし~太平洋上の公海で操業日誌や船体表示を確認か...全さんま「サンマ漁船が中国の臨検受けるのは珍しい」,https://www.fnn.jp/articles/-/1101570,https://news.ceek.jp/search.cgi?category_id=business&feed=1,ok,,経済
2026-08-26,2026-08-26T12:58:01.503664+09:00,その他メディア,,フジテレビ,"暑い中...早くも来年の“おせち料理""披露 一段すべてが肉 “好き""だけ詰め込んだおせちも",https://www.fnn.jp/articles/-/1101522,https://news.ceek.jp/search.cgi?category_id=business&feed=1,ok,,経済
2026-08-26,2026-08-26T12:58:01.503664+09:00,その他メディア,,デイリースポーツ,植田日銀総裁、米経済会合欠席,https://www.daily.co.jp/society/economics/2026/08/26/0020747755.shtml,https://news.ceek.jp/search.cgi?category_id=business&feed=1,ok,,経済
2026-08-26,2026-08-26T12:58:01.503664+09:00,その他メディア,,東京商工リサーチ,元ゴルフ場運営の東京グリーン(株)(千代田区)が破産,https://www.tsr-net.co.jp/news/tsr/detail/1203171_1521.html,https://news.ceek.jp/search.cgi?category_id=business&feed=1,ok,,経済
2026-08-26,2026-08-26T12:58:01.503664+09:00,その他メディア,,日本証券新聞,[概況/前引け] 371円高。証券の即時決済整備を好感,https://www.nsjournal.jp/%e2%98%86%e6%a6%82%e6%b3%81-%e5%89%8d%e5%bc%95%e3%81%91%e3%80%80371%e5%86%86%e9%ab%98%e3%80%82%e8%a8%bc%e5%88%b8%e3%81%ae%e5%8d%b3%e6%99%82%e6%b1%ba%e6%b8%88%e6%95%b4%e5%82%99%e3%82%92%e5%a5%bd/,https://news.ceek.jp/search.cgi?category_id=business&feed=1,ok,,経済
2026-08-26,2026-08-26T12:58:01.503664+09:00,全国紙,全国,日本経済新聞,債券11時 長期金利、低下幅縮小 2.880% 持ち高調整の売りも,https://www.nikkei.com/article/DGXZQOFL25A1S0V20C26A8000000/,https://news.ceek.jp/search.cgi?category_id=business&feed=1,ok,,経済
2026-08-26,2026-08-26T12:58:01.503664+09:00,全国紙,全国,日本経済新聞,新興株前引け グロース250が続伸 テラドローンがストップ高,https://www.nikkei.com/article/DGXZQOFL261FY0W6A820C2000000/,https://news.ceek.jp/search.cgi?category_id=business&feed=1,ok,,経済
2026-08-26,2026-08-26T12:58:01.503664+09:00,全国紙,全国,日本経済新聞,バンダイナムコHD株価1年ぶり最高値 「ONE PIECE」トレカも注目,https://www.nikkei.com/article/DGXZQOFL261JW0W6A820C2000000/,https://news.ceek.jp/search.cgi?category_id=business&feed=1,ok,,経済
2026-08-26,2026-08-26T12:58:01.503664+09:00,その他メディア,,フジテレビ,平均年齢28歳「急成長が見込まれる」ウズベキスタンに新規ビジネス開拓を...石川の企業がフォーラム,https://www.fnn.jp/articles/-/1101532,https://news.ceek.jp/search.cgi?category_id=business&feed=1,ok,,経済
2026-08-26,2026-08-26T12:58:01.503664+09:00,全国紙,全国,日本経済新聞,MTG株価が連日最高値 SMBC日興証券が目標株価を引き上げ,https://www.nikkei.com/article/DGXZQOFL261BA0W6A820C2000000/,https://news.ceek.jp/search.cgi?category_id=business&feed=1,ok,,経済
2026-08-26,2026-08-26T12:58:01.503664+09:00,その他メディア,,フジテレビ,コンビニで店員介さず荷物発送 セブンーイレブンとヤマト運輸がセルフ発送機を導入 バーコードかざしラベル貼り投函,https://www.fnn.jp/articles/-/1101475,https://news.ceek.jp/search.cgi?category_id=business&feed=1,ok,,経済
2026-08-26,2026-08-26T12:58:01.503664+09:00,その他メディア,,ニューズウィーク,トランプの「グリーンランド欲」が石油開発の邪魔に? 英企業が異例の苦言,https://www.newsweekjapan.jp/articles/-/332301,https://news.ceek.jp/search.cgi?category_id=business&feed=1,ok,,経済
2026-08-26,2026-08-26T12:58:01.503664+09:00,全国紙,全国,日本経済新聞,キャッシュフロー計算書の理想と現実,https://www.nikkei.com/article/DGXZQOUB198FL0Z10C26A8000000/,https://news.ceek.jp/search.cgi?category_id=business&feed=1,ok,,経済
2026-08-26,2026-08-26T12:58:01.503664+09:00,全国紙,全国,日本経済新聞,富士フイルム、X線で骨密度測る装置で新モデル 骨粗しょう症発見,https://www.nikkei.com/article/DGXZQOUC261DE0W6A820C2000000/,https://news.ceek.jp/search.cgi?category_id=business&feed=1,ok,,経済
2026-08-26,2026-08-26T12:58:01.503664+09:00,その他メディア,,テレビ朝日,モスがスーパーで「焼きおに」販売へ 消費減税に対応「食料品1%」店内食は対象外で,https://news.tv-asahi.co.jp/news_economy/articles/900197922.html,https://news.ceek.jp/search.cgi?category_id=business&feed=1,ok,,経済
2026-08-26,2026-08-26T12:58:01.503664+09:00,その他メディア,,共同通信,【速報】植田日銀総裁、米経済会合欠席,https://www.47news.jp/14846547.html,https://news.ceek.jp/search.cgi?category_id=business&feed=1,ok,,経済
2026-08-26,2026-08-26T12:58:01.503664+09:00,全国紙,全国,産経新聞,東証、一時400円超安 半導体株に売り注文 午前10時現在は6万5495円,https://www.sankei.com/article/20260826-D5463MY6NNJ55LCCGGDLKRE6EA/,https://news.ceek.jp/search.cgi?category_id=business&feed=1,ok,,経済
2026-08-26,2026-08-26T12:58:01.503664+09:00,その他メディア,,あたらしい経済,日本政府と日銀、国債・株式の即時決済へブロックチェーン基盤整備。日銀当座預金をトークン化=報道,https://www.neweconomy.jp/posts/602317,https://news.ceek.jp/search.cgi?category_id=business&feed=1,ok,,経済
2026-08-26,2026-08-26T12:58:01.503664+09:00,全国紙,全国,日本経済新聞,熊本復興へ、岐阜のものづくりの技 医療現場にトイレ付き多目的車両,https://www.nikkei.com/article/DGXZQOFD175CA0X10C26A8000000/,https://news.ceek.jp/search.cgi?category_id=business&feed=1,ok,,経済
2026-08-26,2026-08-26T12:58:01.503664+09:00,全国紙,全国,日本経済新聞,GPIF、大きすぎる「クジラ」の苦悩 資産300兆円が縛る運用改革,https://www.nikkei.com/article/DGXZQOUB208L90Q6A820C2000000/,https://news.ceek.jp/search.cgi?category_id=business&feed=1,ok,,経済
2026-08-26,2026-08-26T12:58:01.503664+09:00,全国紙,全国,日本経済新聞,洋上風力でJFEエンジが部品初製造 三菱商事撤退1年、国産65%へ始動,https://www.nikkei.com/article/DGXZQOUC241JZ0U6A820C2000000/,https://news.ceek.jp/search.cgi?category_id=business&feed=1,ok,,経済
2026-08-26,2026-08-26T12:58:01.503664+09:00,その他メディア,,東洋経済オンライン,気象情報提供大手ウェザーニューズ「10年後に売上高1000億円」達成のカギ AIをフル活用、M&Aも視野 | 政治・経済・投資,https://toyokeizai.net/articles/-/955131,https://news.ceek.jp/search.cgi?category_id=business&feed=1,ok,,経済
2026-08-26,2026-08-26T12:58:01.503664+09:00,全国紙,全国,日本経済新聞,タクシー運転手、20代前半で年収500万円迫る 配車アプリが経験補う,https://www.nikkei.com/article/DGXZQOUB037MC0T00C26A8000000/,https://news.ceek.jp/search.cgi?category_id=business&feed=1,ok,,経済
2026-08-26,2026-08-26T12:58:01.503664+09:00,その他メディア,,東洋経済オンライン,"【""言葉の順番""がポイント】「宿題しない子」「勉強しない子」を上手に動かす「親の声かけ」3つのコツ | キャリア・教育",https://toyokeizai.net/articles/-/953847?display=b,https://news.ceek.jp/search.cgi?category_id=business&feed=1,ok,,経済
2026-08-26,2026-08-26T12:58:01.503664+09:00,全国紙,全国,日本経済新聞,タカラトミー、欧州30万個出荷のお風呂玩具を日本初上陸,https://www.nikkei.com/article/DGXZQOMG00002_W6A820C2000000/,https://news.ceek.jp/search.cgi?category_id=business&feed=1,ok,,経済
2026-08-26,2026-08-26T12:58:01.503664+09:00,その他メディア,,CNN.co.jp,米国、イランの取引相手国に「経済版Dデー」を宣言 どの国を意味しているのか,https://www.cnn.co.jp/business/35251921.html,https://news.ceek.jp/search.cgi?category_id=business&feed=1,ok,,経済
2026-08-26,2026-08-26T12:58:01.503664+09:00,全国紙,全国,日本経済新聞,日東工器、データセンター冷却装置の配管向け部品 従来より2割安,https://www.nikkei.com/article/DGXZQOUC2551C0V20C26A8000000/,https://news.ceek.jp/search.cgi?category_id=business&feed=1,ok,,経済
2026-08-26,2026-08-26T12:58:01.503664+09:00,その他メディア,,デイリースポーツ,東京円、159円台前半,https://www.daily.co.jp/society/economics/2026/08/26/0020747623.shtml,https://news.ceek.jp/search.cgi?category_id=business&feed=1,ok,,経済
2026-08-26,2026-08-26T12:58:01.503664+09:00,全国紙,全国,日本経済新聞,東京海上HD、株価続伸 株式15分割「個人引き付ける」との指摘,https://www.nikkei.com/article/DGXZQOFL2611G0W6A820C2000000/,https://news.ceek.jp/search.cgi?category_id=business&feed=1,ok,,経済
2026-08-26,2026-08-26T12:58:01.503664+09:00,全国紙,全国,日本経済新聞,上海株寄り付き 反落して始まる 資源株に売り,https://www.nikkei.com/article/DGXZQOFL261AK0W6A820C2000000/,https://news.ceek.jp/search.cgi?category_id=business&feed=1,ok,,経済
2026-08-26,2026-08-26T12:58:01.503664+09:00,その他メディア,,共同通信,東京円、159円台前半,https://www.47news.jp/14846058.html,https://news.ceek.jp/search.cgi?category_id=business&feed=1,ok,,経済
2026-08-26,2026-08-26T12:58:01.503664+09:00,全国紙,全国,日本経済新聞,香港株寄り付き 反発して始まる 中国本土系テックが高い,https://www.nikkei.com/article/DGXZQOFL261330W6A820C2000000/,https://news.ceek.jp/search.cgi?category_id=business&feed=1,ok,,経済
2026-08-26,2026-08-26T12:58:01.503664+09:00,その他メディア,,日刊ゲンダイ,高市首相ゴリ押し「消費税減税」制度設計スタートも...不公平だらけの「特例」オンパレードで混乱必至,https://www.nikkan-gendai.com/articles/view/money/392160,https://news.ceek.jp/search.cgi?category_id=business&feed=1,ok,,経済
2026-08-26,2026-08-26T12:58:01.503664+09:00,全国紙,全国,日本経済新聞,テラドローン、株価一時20%高 国産迎撃ドローン量産,https://www.nikkei.com/article/DGXZQOFL260BN0W6A820C2000000/,https://news.ceek.jp/search.cgi?category_id=business&feed=1,ok,,経済
2026-08-26,2026-08-26T12:58:01.503664+09:00,全国紙,全国,日本経済新聞,アドバンテスト、株価続落 NVIDIA決算控え利益確定売りの動き,https://www.nikkei.com/article/DGXZQOFL260IY0W6A820C2000000/,https://news.ceek.jp/search.cgi?category_id=business&feed=1,ok,,経済
2026-08-26,2026-08-26T12:58:01.503664+09:00,その他メディア,,フジテレビ,初期投資の返済負担が重く...購入マンションを地元企業に社宅として貸し出すも入居率低下で資金繰り悪化 越前市の不動産賃貸業者が破産 負債約3億1000万円,https://www.fnn.jp/articles/-/1101470,https://news.ceek.jp/search.cgi?category_id=business&feed=1,ok,,経済
2026-08-26,2026-08-26T12:58:01.503664+09:00,全国紙,全国,日本経済新聞,大阪チタニウムテクノロジーズの株価売買交錯 220億円公募増資,https://www.nikkei.com/article/DGXZQOFL260RH0W6A820C2000000/,https://news.ceek.jp/search.cgi?category_id=business&feed=1,ok,,経済
2026-08-26,2026-08-26T12:58:01.503664+09:00,全国紙,全国,日本経済新聞,外為10時 円相場、上げ拡大 159円台前半 中値「ドル売り優勢」の声,https://www.nikkei.com/article/DGXZQOFL260TO0W6A820C2000000/,https://news.ceek.jp/search.cgi?category_id=business&feed=1,ok,,経済
2026-08-26,2026-08-26T12:58:01.503664+09:00,その他メディア,,東洋経済オンライン,"家族3人「2772円」で満腹に...京都北白川「ラーメン魁力屋」で""懐かしの味""に歓喜する夜 背脂入りでも""あっさり""の魅力とは | ライフ",https://toyokeizai.net/articles/-/955302?display=b,https://news.ceek.jp/search.cgi?category_id=business&feed=1,ok,,経済
2026-08-26,2026-08-26T12:58:01.503664+09:00,全国紙,全国,日本経済新聞,対顧客電信売相場・26日,https://www.nikkei.com/article/DGXZMSM7IAAD3_W6A820C2000000/,https://news.ceek.jp/search.cgi?category_id=business&feed=1,ok,,経済
2026-08-26,2026-08-26T12:58:01.503664+09:00,全国紙,全国,日本経済新聞,人民元基準値、対米ドルで6.7829元 前日比で元高設定,https://www.nikkei.com/article/DGXZQOFL2616I0W6A820C2000000/,https://news.ceek.jp/search.cgi?category_id=business&feed=1,ok,,経済
2026-08-26,2026-08-26T12:58:01.503664+09:00,全国紙,全国,日本経済新聞,カーブスジャパン、フィットネス国内3ブランド2100店舗突破,https://www.nikkei.com/article/DGXZQOMG00001_W6A820C2000000/,https://news.ceek.jp/search.cgi?category_id=business&feed=1,ok,,経済
2026-08-26,2026-08-26T12:58:01.503664+09:00,全国紙,全国,日本経済新聞,7月の企業向けサービス価格3.6%上昇 伸び率拡大,https://www.nikkei.com/article/DGXZQOUB242RD0U6A820C2000000/,https://news.ceek.jp/search.cgi?category_id=business&feed=1,ok,,経済
2026-08-26,2026-08-26T12:58:01.503664+09:00,全国紙,全国,産経新聞,東京円、159円台前半で取引始まる 米長期金利低下で円買いドル売り優勢,https://www.sankei.com/article/20260826-SDCMYZJWBFKITFJA7JALNEEXPA/,https://news.ceek.jp/search.cgi?category_id=business&feed=1,ok,,経済
2026-08-26,2026-08-26T12:58:01.503664+09:00,全国紙,全国,日本経済新聞,東証10時 日経平均は下げ幅拡大 半導体に売り続く、銀行は堅調,https://www.nikkei.com/article/DGXZQOFL260XO0W6A820C2000000/,https://news.ceek.jp/search.cgi?category_id=business&feed=1,ok,,経済
2026-08-26,2026-08-26T12:58:01.503664+09:00,その他メディア,,日本証券新聞,[概況/10時] 日経平均は安いがTOPIXは小幅高,https://www.nsjournal.jp/%e2%98%86%e6%a6%82%e6%b3%81-10%e6%99%82%e3%80%80%e6%97%a5%e7%b5%8c%e5%b9%b3%e5%9d%87%e3%81%af%e5%ae%89%e3%81%84%e3%81%8ctopix%e3%81%af%e5%b0%8f%e5%b9%85%e9%ab%98/,https://news.ceek.jp/search.cgi?category_id=business&feed=1,ok,,経済
2026-08-26,2026-08-26T12:58:01.503664+09:00,その他メディア,,Forbes JAPAN,米ディックス株が16%急落、過去3年最悪の下げ幅 フットロッカー買収が重荷,https://forbesjapan.com/articles/detail/103573,https://news.ceek.jp/search.cgi?category_id=business&feed=1,ok,,経済
2026-08-26,2026-08-26T12:58:01.503664+09:00,全国紙,全国,日本経済新聞,パワー・アジアの「再起動」 日本は中東とASEANを石油で結べ,https://www.nikkei.com/article/DGXZQOCD2326W0T20C26A8000000/,https://news.ceek.jp/search.cgi?category_id=business&feed=1,ok,,経済
2026-08-26,2026-08-26T12:58:01.503664+09:00,その他メディア,,TBSテレビ,なぜドラッグストアは「一番儲からない食品」を売るのか? 9兆円市場を支える仕組みとは,https://newsdig.tbs.co.jp/articles/-/2896140?display=1,https://news.ceek.jp/search.cgi?category_id=business&feed=1,ok,,経済
2026-08-26,2026-08-26T12:58:01.503664+09:00,その他メディア,,東洋経済オンライン,千葉県豪雨「10キロ先で冠水」なのに後続車が続々...国道で3時間の立ち往生、スマホ時代でも埋まらない「災害情報の空白」 | 政治・経済・投資,https://toyokeizai.net/articles/-/955701?display=b,https://news.ceek.jp/search.cgi?category_id=business&feed=1,ok,,経済
2026-08-26,2026-08-26T12:58:01.503664+09:00,全国紙,全国,日本経済新聞,商品9時30分 原油が反落、米イランの対立懸念が後退 金は小幅続伸,https://www.nikkei.com/article/DGXZQOFL260O90W6A820C2000000/,https://news.ceek.jp/search.cgi?category_id=business&feed=1,ok,,経済
2026-08-26,2026-08-26T12:58:01.503664+09:00,全国紙,全国,日本経済新聞,関西電力、大阪府箕面市にデータセンター新設 29年にも完成,https://www.nikkei.com/article/DGXZQOUF260DM0W6A820C2000000/,https://news.ceek.jp/search.cgi?category_id=business&feed=1,ok,,経済
2026-08-26,2026-08-26T12:58:01.503664+09:00,その他メディア,,テレビ朝日,金が3カ月ぶり高値 背景にアメリカの財政赤字 米政府債務は過去最悪40兆ドル,https://news.tv-asahi.co.jp/news_economy/articles/000528775.html,https://news.ceek.jp/search.cgi?category_id=business&feed=1,ok,,経済
2026-08-26,2026-08-26T12:58:01.503664+09:00,その他メディア,,共同通信,政府エネ計画、原油調達を多角化 パイプライン建設支援へ,https://www.47news.jp/14845670.html,https://news.ceek.jp/search.cgi?category_id=business&feed=1,ok,,経済
2026-08-26,2026-08-26T12:58:01.503664+09:00,全国紙,全国,日本経済新聞,ドバイ原油・26日午前、下落,https://www.nikkei.com/article/DGXZQOUB260ZQ0W6A820C2000000/,https://news.ceek.jp/search.cgi?category_id=business&feed=1,ok,,経済
2026-08-26,2026-08-26T12:58:01.503664+09:00,その他メディア,,東洋経済オンライン,同型のパワートレインを搭載、大柄になったA5との差別化は...アウディ新型「A6」が単なるサイズ違いではない明確な理由 | ライフ,https://toyokeizai.net/articles/-/954938?display=b,https://news.ceek.jp/search.cgi?category_id=business&feed=1,ok,,経済
2026-08-26,2026-08-26T12:58:01.503664+09:00,全国紙,全国,日本経済新聞,東証寄り付き 日経平均は反落で始まる 一時400円安、米エヌビディア決算控え,https://www.nikkei.com/article/DGXZQOFL260IP0W6A820C2000000/,https://news.ceek.jp/search.cgi?category_id=business&feed=1,ok,,経済
2026-08-26,2026-08-26T12:58:01.503664+09:00,全国紙,全国,日本経済新聞,転職後のリアルな勤務実態や給与、AIで生成 ミスマッチ防ぐサービス,https://www.nikkei.com/article/DGXZQOUC2930O0Z20C26A7000000/,https://news.ceek.jp/search.cgi?category_id=business&feed=1,ok,,経済
2026-08-26,2026-08-26T12:58:01.503664+09:00,その他メディア,,デイリースポーツ,東証、242円安,https://www.daily.co.jp/society/economics/2026/08/26/0020747525.shtml,https://news.ceek.jp/search.cgi?category_id=business&feed=1,ok,,経済
2026-08-26,2026-08-26T12:58:01.503664+09:00,その他メディア,,サンケイスポーツ,藤井聡太王位の昼食は「渭水御膳」 伊藤匠二冠は「大鳴門鯛のアヒージョパスタ」 王位戦第5局1日目/将棋,https://www.sanspo.com/article/20260826-IO2UA3JG7JB7JIWP4LQWBOH2JU/,https://news.ceek.jp/search.cgi?category_id=national&feed=1,ok,,社会
2026-08-26,2026-08-26T12:58:01.503664+09:00,その他メディア,,サンケイスポーツ,大阪都構想、府と特別区の事務分担について議論,https://www.sanspo.com/article/20260826-S3OINN7X4NKYBGD46JGZEVCFZA/,https://news.ceek.jp/search.cgi?category_id=national&feed=1,ok,,社会
2026-08-26,2026-08-26T12:58:01.503664+09:00,その他メディア,,テレビ朝日,勤務実態のない従業員を休職扱い 新型コロナ給付金を詐取か 計7000万円以上の可能性,https://news.tv-asahi.co.jp/news_society/articles/000528819.html,https://news.ceek.jp/search.cgi?category_id=national&feed=1,ok,,社会
2026-08-26,2026-08-26T12:58:01.503664+09:00,その他メディア,,J-CAST,乙武洋匡さんが答えた「究極の二択」 来世は健常者、その理由に込めた障害観,https://www.j-cast.com/2026/08/26517442.html?p=all,https://news.ceek.jp/search.cgi?category_id=national&feed=1,ok,,社会
2026-08-26,2026-08-26T12:58:01.503664+09:00,その他メディア,,フジテレビ,"東京・新宿区のレンタルルームでマッチングアプリ使い“ぼったくり"" 23歳女を逮捕 詐欺グループ被害額あわせて約2300万円か",https://www.fnn.jp/articles/-/1101580,https://news.ceek.jp/search.cgi?category_id=national&feed=1,ok,,社会
2026-08-26,2026-08-26T12:58:01.503664+09:00,その他メディア,,サンケイスポーツ,上院予備選グラム氏妹勝利 南部州、トランプ氏試金石,https://www.sanspo.com/article/20260826-GI7N5KMB5ZIZNAKO5MGK5D7G3Q/,https://news.ceek.jp/search.cgi?category_id=national&feed=1,ok,,社会
2026-08-26,2026-08-26T12:58:01.503664+09:00,その他メディア,,テレビ朝日,わずか10秒の犯行 中野ブロードウェイの高級時計店で2億円相当窃盗 2人組の男逃走中,https://news.tv-asahi.co.jp/news_society/articles/000528843.html,https://news.ceek.jp/search.cgi?category_id=national&feed=1,ok,,社会
2026-08-26,2026-08-26T12:58:01.503664+09:00,その他メディア,,サンケイスポーツ,木原官房長官「個人の出処進退」 福岡県議長辞任言及避ける,https://www.sanspo.com/article/20260826-QSV7Y4GNY5II3ENRQZ5IP33DIE/,https://news.ceek.jp/search.cgi?category_id=national&feed=1,ok,,社会
2026-08-26,2026-08-26T12:58:01.503664+09:00,その他メディア,,フジテレビ,夏休み終盤のお天気どうなる 秋雨前線が「雨雲製造ライン」となり日本海側を中心に大雨のおそれ,https://www.fnn.jp/articles/-/1101507,https://news.ceek.jp/search.cgi?category_id=national&feed=1,ok,,社会
2026-08-26,2026-08-26T12:58:01.503664+09:00,その他メディア,,J-CAST,福岡政界のドン・蔵内議長、辞職するというが...「私人になって追及逃げ切りか」政治学者が心配,https://www.j-cast.com/2026/08/26517437.html?p=all,https://news.ceek.jp/search.cgi?category_id=national&feed=1,ok,,社会
2026-08-26,2026-08-26T12:58:01.503664+09:00,その他メディア,,フジテレビ,犯人の1人は電動キックボードで現場へ 別々に逃げた男2人遊歩道で再合流、中野駅方向へ逃走か 中野ブロードウェイ2億円高級時計窃盗,https://www.fnn.jp/articles/-/1101577,https://news.ceek.jp/search.cgi?category_id=national&feed=1,ok,,社会
2026-08-26,2026-08-26T12:58:01.503664+09:00,その他メディア,,フジテレビ,「盗撮のカウンセリング受けたが自制できなかった」女子トイレに侵入し個室の女性を盗撮しようと 20代男を逮捕 東京・品川,https://www.fnn.jp/articles/-/1101567,https://news.ceek.jp/search.cgi?category_id=national&feed=1,ok,,社会
2026-08-26,2026-08-26T12:58:01.503664+09:00,その他メディア,,日本テレビ,【熊本地震】県内2000戸超で断水...復旧工事続く宇城市から中継 「とにかく風呂に入りたい。もうまいった」県は今月末までに断水解消目指す,https://news.ntv.co.jp/category/society/bebf5b54e44f4f67a93e73e5e09ff61d,https://news.ceek.jp/search.cgi?category_id=national&feed=1,ok,,社会
2026-08-26,2026-08-26T12:58:01.503664+09:00,その他メディア,,TBSテレビ,勤務実績ない親族と共謀し「新型コロナ休業支援金」約250万円詐取か 葬儀会社の元代表の男(57)逮捕 他にも計約2300万円詐取か 警視庁,https://newsdig.tbs.co.jp/articles/-/2897183?display=1,https://news.ceek.jp/search.cgi?category_id=national&feed=1,ok,,社会
2026-08-26,2026-08-26T12:58:01.503664+09:00,その他メディア,,フジテレビ,"日中の予想最高気温は名古屋で38度...東海3県は26日も“体温超え""の厳しい暑さか 午前中から各地で猛暑日に",https://www.fnn.jp/articles/-/1101575,https://news.ceek.jp/search.cgi?category_id=national&feed=1,ok,,社会
2026-08-26,2026-08-26T12:58:01.503664+09:00,その他メディア,,デイリー新潮,大阪万博工事で「水増しさせた金」は「米粉カフェ」に...映画ロケ地と紹介 カンヌ受賞監督は「とても驚き」,https://www.dailyshincho.jp/article/2026/08261223/?all=1,https://news.ceek.jp/search.cgi?category_id=national&feed=1,ok,,社会
2026-08-26,2026-08-26T12:58:01.503664+09:00,その他メディア,,テレビ朝日,海水浴の親子流され...水難事故相次ぎ2人死亡 静岡,https://news.tv-asahi.co.jp/news_society/articles/000528824.html,https://news.ceek.jp/search.cgi?category_id=national&feed=1,ok,,社会
2026-08-26,2026-08-26T12:58:01.503664+09:00,その他メディア,,フジテレビ,【北海道の天気 26日(水)】午後は天気下り坂...夜は道央・道南で雨!大気の不安定な状態が続く 局地的な雷雨に注意を!,https://www.fnn.jp/articles/-/1101571,https://news.ceek.jp/search.cgi?category_id=national&feed=1,ok,,社会
2026-08-26,2026-08-26T12:58:01.503664+09:00,その他メディア,,フジテレビ,老朽化で建て替えられる...三重県津市の中心部で『JA三重ビル』が竣工 隣接する県庁前公園もあわせて整備,https://www.fnn.jp/articles/-/1101563,https://news.ceek.jp/search.cgi?category_id=national&feed=1,ok,,社会
2026-08-26,2026-08-26T12:58:01.503664+09:00,その他メディア,,テレビ朝日,台風18号 沖縄と奄美地方で被害 強風でけが、停電続く,https://news.tv-asahi.co.jp/news_society/articles/000528831.html,https://news.ceek.jp/search.cgi?category_id=national&feed=1,ok,,社会
2026-08-26,2026-08-26T12:58:01.503664+09:00,その他メディア,,テレビ朝日,熊本地震 宇土から八代で代行バス拡大 JR線一部区間で運転見合わせ続く,https://news.tv-asahi.co.jp/news_society/articles/000528826.html,https://news.ceek.jp/search.cgi?category_id=national&feed=1,ok,,社会
2026-08-26,2026-08-26T12:58:01.503664+09:00,その他メディア,,フジテレビ,逃走中の男2人は現場から300メートル先の遊歩道で合流か 衣服を脱ぎ捨て中野駅方向へ 中野ブロードウェイ高級時計窃盗事件,https://www.fnn.jp/articles/-/1101513,https://news.ceek.jp/search.cgi?category_id=national&feed=1,ok,,社会
2026-08-26,2026-08-26T12:58:01.503664+09:00,その他メディア,,テレビ朝日,"2億円高級腕時計窃盗事件 “逆走""キックボード15分前に借りたか",https://news.tv-asahi.co.jp/news_society/articles/000528827.html,https://news.ceek.jp/search.cgi?category_id=national&feed=1,ok,,社会
2026-08-26,2026-08-26T12:58:01.503664+09:00,その他メディア,,フジテレビ,「ガソリンだぞ、金出せ」郵便局で強盗対応訓練 拳銃を持った男が現金を奪う想定 男の逃走後にすぐ110番、特徴を記録 犯人が残した証拠には触れない「身を守り落ち着いた対応を」,https://www.fnn.jp/articles/-/1101540,https://news.ceek.jp/search.cgi?category_id=national&feed=1,ok,,社会
2026-08-26,2026-08-26T12:58:01.503664+09:00,その他メディア,,TBSテレビ,「中野ブロードウェイ」2億円相当の高級腕時計窃盗 実行役の男は犯行の約10分前に電動キックボードを借りる 別々に逃げた後合流し着替えて逃走か 警視庁,https://newsdig.tbs.co.jp/articles/-/2897155?display=1,https://news.ceek.jp/search.cgi?category_id=national&feed=1,ok,,社会
2026-08-26,2026-08-26T12:58:01.503664+09:00,その他メディア,,テレビ朝日,"【速報】路上に“手りゅう弾と実弾"" 近くの小学校は避難 北海道釧路市",https://news.tv-asahi.co.jp/news_society/articles/000528835.html,https://news.ceek.jp/search.cgi?category_id=national&feed=1,ok,,社会
2026-08-26,2026-08-26T12:58:01.503664+09:00,その他メディア,,フジテレビ,"きょうも「猛暑日」予想 26日の予想最高気温は松本・飯田36度、長野・諏訪35度 午後は天気の“急変""に注意 落雷や突風、ゲリラ雷雨、ひょうが降る恐れも",https://www.fnn.jp/articles/-/1101539,https://news.ceek.jp/search.cgi?category_id=national&feed=1,ok,,社会
2026-08-26,2026-08-26T12:58:01.503664+09:00,その他メディア,,サンケイスポーツ,台風18号、猛烈な風に警戒 奄美、沖縄本島接近,https://www.sanspo.com/article/20260826-SFSFHVJHPZPPROCRE6K2RMYO3Y/,https://news.ceek.jp/search.cgi?category_id=national&feed=1,ok,,社会
2026-08-26,2026-08-26T12:58:01.503664+09:00,その他メディア,,フジテレビ,「動けないので助けてほしい」神奈川県の56歳公務員が疲労で行動不能に 通りかかった登山者が通報 救助隊が付き添い、深夜に山小屋に収容 けがはない模様 北アルプス鹿島槍ヶ岳で遭難,https://www.fnn.jp/articles/-/1101538,https://news.ceek.jp/search.cgi?category_id=national&feed=1,ok,,社会
2026-08-26,2026-08-26T12:58:01.503664+09:00,その他メディア,,テレビ朝日,台風18号 奄美で線状降水帯も 九州~関東は災害級の残暑警戒,https://news.tv-asahi.co.jp/news_society/articles/000528830.html,https://news.ceek.jp/search.cgi?category_id=national&feed=1,ok,,社会
2026-08-26,2026-08-26T12:58:01.503664+09:00,その他メディア,,TBSテレビ,「追いかけてきた乗用車に乗っていた複数の男に襲われた」一緒にいて暴行を受けた少年が証言 相模原市で高2男子生徒(17)死亡,https://newsdig.tbs.co.jp/articles/-/2897147?display=1,https://news.ceek.jp/search.cgi?category_id=national&feed=1,ok,,社会
2026-08-26,2026-08-26T12:58:01.503664+09:00,その他メディア,,日本テレビ,"“マチアプ""で知り合った男性をニセ飲食店に連れ込み...高額請求で現金詐取か 女を逮捕",https://news.ntv.co.jp/category/society/3a45c7b9021240ea9cf926f27a111732,https://news.ceek.jp/search.cgi?category_id=national&feed=1,ok,,社会
2026-08-26,2026-08-26T12:58:01.503664+09:00,その他メディア,,フジテレビ,「浮石を踏んでバランスを崩した」登山中に転倒し、救助要請 神奈川県の68歳女性が左手首骨折で重傷 長野県警のヘリコプターが救助し、病院に搬送 中央アルプス木曽駒ケ岳で遭難,https://www.fnn.jp/articles/-/1101531,https://news.ceek.jp/search.cgi?category_id=national&feed=1,ok,,社会
2026-08-26,2026-08-26T12:58:01.503664+09:00,その他メディア,,フジテレビ,"マッチングアプリ使いぼったくり 詐欺グループの23歳女を逮捕 飲食代や“賠償金""名目で247万円だまし取ったか",https://www.fnn.jp/articles/-/1101509,https://news.ceek.jp/search.cgi?category_id=national&feed=1,ok,,社会
2026-08-26,2026-08-26T12:58:01.503664+09:00,その他メディア,,フジテレビ,アジア・アジアパラ大会開幕を前に...名古屋の繁華街『錦三』で警察などが一斉取り締まり 客待ち行為等を指導,https://www.fnn.jp/articles/-/1101534,https://news.ceek.jp/search.cgi?category_id=national&feed=1,ok,,社会
2026-08-26,2026-08-26T12:58:01.503664+09:00,その他メディア,,テレビ朝日,【台風情報まとめ】台風18号は沖縄や奄美に直撃 動き遅く影響長引く 新たに鹿児島県・奄美地方に線状降水帯半日前予測,https://news.tv-asahi.co.jp/news_society/articles/900197463.html,https://news.ceek.jp/search.cgi?category_id=national&feed=1,ok,,社会
2026-08-26,2026-08-26T12:58:01.503664+09:00,その他メディア,,フジテレビ,【天気予報】「雷を伴って激しい雨」夜は加賀地方で要警戒、県内全域に雷注意報,https://www.fnn.jp/articles/-/1101562,https://news.ceek.jp/search.cgi?category_id=national&feed=1,ok,,社会
2026-08-26,2026-08-26T12:58:01.503664+09:00,その他メディア,,フジテレビ,"一晩で23件の飲酒運転を検挙 県内約60カ所で“飲酒検問"" 海の中道大橋の飲酒運転事故から20年 県警本部長が現場で黙とう 福岡",https://www.fnn.jp/articles/-/1101564,https://news.ceek.jp/search.cgi?category_id=national&feed=1,ok,,社会
2026-08-26,2026-08-26T12:58:01.503664+09:00,その他メディア,,フジテレビ,「蚊を追い払おうとした」都営バスが信号機に衝突 運転手ハンドル操作誤る 乗客2人けが 東京・西葛西,https://www.fnn.jp/articles/-/1101506,https://news.ceek.jp/search.cgi?category_id=national&feed=1,ok,,社会
2026-08-26,2026-08-26T12:58:01.503664+09:00,その他メディア,,Abema TIMES,「福岡県議会のドン」前議長が議員辞職 統一地方選を控え 自民党内から懸念の声,https://times.abema.tv/articles/-/10269144?page=1,https://news.ceek.jp/search.cgi?category_id=national&feed=1,ok,,社会
2026-08-26,2026-08-26T12:58:01.503664+09:00,その他メディア,,フジテレビ,雨が降らない...農作物にも影響 嬉野市で32年ぶりに「雨乞い」 【佐賀県】,https://www.fnn.jp/articles/-/1101572,https://news.ceek.jp/search.cgi?category_id=national&feed=1,ok,,社会
2026-08-26,2026-08-26T12:58:01.503664+09:00,その他メディア,,フジテレビ,パトカーに追跡されていた軽自動車が信号無視し乗用車と衝突 運転手は車乗り捨て逃走もその後現れた男から事情聴く,https://www.fnn.jp/articles/-/1101521,https://news.ceek.jp/search.cgi?category_id=national&feed=1,ok,,社会
2026-08-26,2026-08-26T12:58:01.503664+09:00,その他メディア,,テレビ朝日,台風18号 空の便 欠航便相次ぐ 約2万5000人に影響,https://news.tv-asahi.co.jp/news_society/articles/000528829.html,https://news.ceek.jp/search.cgi?category_id=national&feed=1,ok,,社会
2026-08-26,2026-08-26T12:58:01.503664+09:00,その他メディア,,フジテレビ,【台風18号】空の便きょうも影響続く 那覇空港発着などANA100便、JAL63便で欠航 約25000人に影響,https://www.fnn.jp/articles/-/1101508,https://news.ceek.jp/search.cgi?category_id=national&feed=1,ok,,社会
2026-08-26,2026-08-26T12:58:01.503664+09:00,その他メディア,,フジテレビ,【アクセス向上と混雑緩和に期待】道道「屯田・茨戸通」26日午後3時に全線開通~創成川通と花川通を結ぶ全長4.5キロ...記念式典で地域住民が『走り初め』〈北海道札幌市〉,https://www.fnn.jp/articles/-/1101561,https://news.ceek.jp/search.cgi?category_id=national&feed=1,ok,,社会
2026-08-26,2026-08-26T12:58:01.503664+09:00,その他メディア,,フジテレビ,"値上げに負けずお得に!『お中元ギフト解体品セール』大にぎわい~約1000種類の食品が2―4割引き“日替わり詰め放題""も人気...31日まで〈北海道札幌市〉",https://www.fnn.jp/articles/-/1101581,https://news.ceek.jp/search.cgi?category_id=national&feed=1,ok,,社会
2026-08-26,2026-08-26T12:58:01.503664+09:00,その他メディア,,TBSテレビ,すでに福岡・博多区37.6°C、熊本・八代市37.0°C 西日本・東日本で危険な暑さ 午後は広範囲で大気の状態が不安定...急な雷雨に警戒,https://newsdig.tbs.co.jp/articles/-/2897139?display=1,https://news.ceek.jp/search.cgi?category_id=national&feed=1,ok,,社会
2026-08-26,2026-08-26T12:58:01.503664+09:00,その他メディア,,フジテレビ,福島市渡利の住宅地で25日夕方クマの目撃相次ぐ 小学校では警戒のなか登校 別の場所でも目撃相次ぐ,https://www.fnn.jp/articles/-/1101510,https://news.ceek.jp/search.cgi?category_id=national&feed=1,ok,,社会
2026-08-26,2026-08-26T12:58:01.503664+09:00,その他メディア,,日本テレビ,秋篠宮ご夫妻、パラグアイ公式訪問を終え帰国,https://news.ntv.co.jp/category/society/a34a9d818d814409b5eb43291bf2865d,https://news.ceek.jp/search.cgi?category_id=national&feed=1,ok,,社会
2026-08-26,2026-08-26T12:58:01.503664+09:00,その他メディア,,フジテレビ,2日連続熱中症警戒アラートが発表 静岡・浜松で36°C予想 万全な対策を,https://www.fnn.jp/articles/-/1101517,https://news.ceek.jp/search.cgi?category_id=national&feed=1,ok,,社会
2026-08-26,2026-08-26T12:58:01.503664+09:00,その他メディア,,フジテレビ,東伊豆と河津で水難事故相次ぎ2人死亡 小中学生3人ケガ いずれの海岸も海水浴場は閉鎖 台風の影響で波高く,https://www.fnn.jp/articles/-/1101518,https://news.ceek.jp/search.cgi?category_id=national&feed=1,ok,,社会
2026-08-26,2026-08-26T12:58:01.503664+09:00,その他メディア,,フジテレビ,九州から関東で命に関わる暑さ 福岡・久留米市や大分・日田市で39度予想 熱中症厳重警戒,https://www.fnn.jp/articles/-/1101503,https://news.ceek.jp/search.cgi?category_id=national&feed=1,ok,,社会
2026-08-26,2026-08-26T12:58:01.503664+09:00,その他メディア,,日本テレビ,"東京・中野“2億円""腕時計窃盗事件 逃走した2人組の男は中野駅方面に向かったか",https://news.ntv.co.jp/category/society/82675edf760444aa84713ab523dc203f,https://news.ceek.jp/search.cgi?category_id=national&feed=1,ok,,社会
2026-08-26,2026-08-26T12:58:01.503664+09:00,その他メディア,,サンケイスポーツ,植田日銀総裁、ジャクソンホール会合欠席 田村審議委員が代理出席,https://www.sanspo.com/article/20260826-TILNUWLXUVOBNC3WIWYDOVULGI/,https://news.ceek.jp/search.cgi?category_id=national&feed=1,ok,,社会
2026-08-26,2026-08-26T12:58:01.503664+09:00,その他メディア,,スポニチ,「蒙古タンメン中本」9月から値上げ 無料提供メニューも一部有料に「誠に不本意ではございますが」,https://www.sponichi.co.jp/society/news/2026/08/26/kiji/20260826s00042000150000c.html,https://news.ceek.jp/search.cgi?category_id=national&feed=1,ok,,社会
2026-08-26,2026-08-26T12:58:01.503664+09:00,その他メディア,,Abema TIMES,田久保前伊東市長 押収のパソコンから卒業証書偽造のデータ発見 裁判では無罪主張へ,https://times.abema.tv/articles/-/10269139?page=1,https://news.ceek.jp/search.cgi?category_id=national&feed=1,ok,,社会
2026-08-26,2026-08-26T12:58:01.503664+09:00,その他メディア,,フジテレビ,「被災者に安心してもらえるよう」救護班が出発 日本赤十字社福井県支部から熊本県宇城市へ第2陣 医師や看護師ら9人が30日まで活動,https://www.fnn.jp/articles/-/1101519,https://news.ceek.jp/search.cgi?category_id=national&feed=1,ok,,社会
2026-08-26,2026-08-26T12:58:01.503664+09:00,その他メディア,,J-CAST,石丸伸二氏、酔って財布紛失も無事戻る タクシー運転手に感謝「チップ上限が千円で申し訳ない」,https://www.j-cast.com/2026/08/26517439.html?p=all,https://news.ceek.jp/search.cgi?category_id=national&feed=1,ok,,社会
2026-08-26,2026-08-26T12:58:01.503664+09:00,その他メディア,,Abema TIMES,時速70キロで走る車に追われたか 鑑定人が映像を解析 相模原市の17歳男子高校生死亡,https://times.abema.tv/articles/-/10269149?page=1,https://news.ceek.jp/search.cgi?category_id=national&feed=1,ok,,社会
2026-08-26,2026-08-26T12:58:01.503664+09:00,その他メディア,,フジテレビ,【台風情報】台風18号直撃し沖縄奄美は大荒れ 奄美で昨夜、線状降水帯発生 動き遅く影響長引くおそれ 風雨に警戒,https://www.fnn.jp/articles/-/1101498,https://news.ceek.jp/search.cgi?category_id=national&feed=1,ok,,社会
2026-08-26,2026-08-26T12:58:01.503664+09:00,その他メディア,,フジテレビ,台風18号の暴風で奄美・徳之島に被害 建物損壊や原付バイク大破 3万3000戸超で停電続く,https://www.fnn.jp/articles/-/1101492,https://news.ceek.jp/search.cgi?category_id=national&feed=1,ok,,社会
2026-08-26,2026-08-26T12:58:01.503664+09:00,その他メディア,,テレビ朝日,時速70キロで走る車に追われたか 鑑定人が映像を解析 相模原市の17歳男子高校生死亡,https://news.tv-asahi.co.jp/news_society/articles/900197927.html,https://news.ceek.jp/search.cgi?category_id=national&feed=1,ok,,社会
2026-08-26,2026-08-26T12:58:01.503664+09:00,その他メディア,,フジテレビ,JR鹿児島本線の全不通区間を結ぶ代行バス運行開始 通勤・通学の時間帯に限り【令和8年熊本地震】,https://www.fnn.jp/articles/-/1101476,https://news.ceek.jp/search.cgi?category_id=national&feed=1,ok,,社会
2026-08-26,2026-08-26T12:58:01.503664+09:00,その他メディア,,フジテレビ,【台風18号】本島地方の暴風警報解除 激しい雨による土砂災害に注意,https://www.fnn.jp/articles/-/1101537,https://news.ceek.jp/search.cgi?category_id=national&feed=1,ok,,社会
2026-08-26,2026-08-26T12:58:01.503664+09:00,その他メディア,,Abema TIMES,台風18号、徳之島で最大瞬間風速54.5m「観測史上1位」更新の記録的暴風 気象予報士「大雨に警戒を」奄美地方に線状降水帯発生の恐れも,https://times.abema.tv/articles/-/10269146?page=1,https://news.ceek.jp/search.cgi?category_id=national&feed=1,ok,,社会
2026-08-26,2026-08-26T12:58:01.503664+09:00,その他メディア,,フジテレビ,北陸放送が「懲戒免職」と誤記載 金沢地裁が北陸放送に20万円の賠償命じる判決,https://www.fnn.jp/articles/-/1101541,https://news.ceek.jp/search.cgi?category_id=national&feed=1,ok,,社会
2026-08-26,2026-08-26T12:58:01.503664+09:00,その他メディア,,フジテレビ,熊本県で最大震度2の地震 熊本県・上天草市,https://www.fnn.jp/articles/-/1101499,https://news.ceek.jp/search.cgi?category_id=national&feed=1,ok,,社会
2026-08-26,2026-08-26T12:58:01.503664+09:00,その他メディア,,日刊スポーツ,【王位戦】藤井聡太王位の午前おやつは「季節の練切 桔梗」、伊藤匠2冠は「酢橘のレアチーズケーキ」,https://www.nikkansports.com/general/news/202608260000280.html,https://news.ceek.jp/search.cgi?category_id=national&feed=1,ok,,社会
2026-08-26,2026-08-26T12:58:01.503664+09:00,その他メディア,,サンケイスポーツ,原発テロ対策、期限延長決定 東北電女川、停止回避へ,https://www.sanspo.com/article/20260826-ZIQ5ECPZA5J5NPKN7PKK5ZXSPI/,https://news.ceek.jp/search.cgi?category_id=national&feed=1,ok,,社会
2026-08-26,2026-08-26T12:58:01.503664+09:00,その他メディア,,フジテレビ,秋篠宮ご夫妻 パラグアイご訪問から帰国 日系人や若い世代とも交流「私たちにとって、パラグアイは大変思い出深い地」,https://www.fnn.jp/articles/-/1101474,https://news.ceek.jp/search.cgi?category_id=national&feed=1,ok,,社会
2026-08-26,2026-08-26T12:58:01.503664+09:00,その他メディア,,デイリー新潮,〈東武鉄道4人死亡〉運転士が事故後に発した「驚きの言葉」 一切報じられていない事実とは 「会社が会見で語った内容と食い違っている」,https://www.dailyshincho.jp/article/2026/08261132/?all=1,https://news.ceek.jp/search.cgi?category_id=national&feed=1,ok,,社会
2026-08-26,2026-08-26T12:58:01.503664+09:00,その他メディア,,J-CAST,ヤフコメなら「本人に向けて書いてない」は通じない 元巨人・戸根千明さん、選手への中傷に警鐘,https://www.j-cast.com/2026/08/26517438.html?p=all,https://news.ceek.jp/search.cgi?category_id=national&feed=1,ok,,社会
2026-08-26,2026-08-26T12:58:01.503664+09:00,その他メディア,,フジテレビ,【台風情報】台風18号の進路予想と影響 強い勢力を維持したまま28日にかけて東シナ海を西寄りに進む見込み 奄美地方と沖縄地方では26日は非常に強い風が吹きうねりを伴い大しけとなる見込み,https://www.fnn.jp/articles/-/1101500,https://news.ceek.jp/search.cgi?category_id=national&feed=1,ok,,社会
2026-08-26,2026-08-26T12:58:01.503664+09:00,その他メディア,,アサ芸プラス,【キケン!中国産】「段ボール肉まん」「下水油」では飽き足らない「遺体ホルマリン漬け白菜」日本への流通は「確認中」という恐怖,https://www.asagei.com/excerpt/349256,https://news.ceek.jp/search.cgi?category_id=national&feed=1,ok,,社会
2026-08-26,2026-08-26T12:58:01.503664+09:00,その他メディア,,フジテレビ,八代~宇土間で代行バス運行始まる JR鹿児島本線の運行見合わせ区間【令和8年熊本地震】,https://www.fnn.jp/articles/-/1101535,https://news.ceek.jp/search.cgi?category_id=national&feed=1,ok,,社会
2026-08-26,2026-08-26T12:58:01.503664+09:00,その他メディア,,フジテレビ,イオンモール熊本爆発事故 遺族に事実と異なる説明 テナント側が謝罪【令和8年熊本地震】,https://www.fnn.jp/articles/-/1101542,https://news.ceek.jp/search.cgi?category_id=national&feed=1,ok,,社会
2026-08-26,2026-08-26T12:58:01.503664+09:00,その他メディア,,Abema TIMES,"金利上昇の波が奨学金直撃で悲鳴...「毎月の返済5000円増」企業の「入社・返還不要」“給付型奨学金""に注目も「根本的な問題は国の制度設計、給付型奨学金増やす必要がある」と識者が指摘",https://times.abema.tv/articles/-/10269049?page=1,https://news.ceek.jp/search.cgi?category_id=national&feed=1,ok,,社会
2026-08-26,2026-08-26T12:58:01.503664+09:00,その他メディア,,サンケイスポーツ,金正恩氏、経済目標で指示 政治局会議、対米は触れず,https://www.sanspo.com/article/20260826-V4RLVTLO7BI7NN2BX7WMC3SJUA/,https://news.ceek.jp/search.cgi?category_id=national&feed=1,ok,,社会
2026-08-26,2026-08-26T12:58:01.503664+09:00,その他メディア,,Abema TIMES,ドコモ 鹿児島・沖縄の一部地域で障害 台風18号の影響で,https://times.abema.tv/articles/-/10269138?page=1,https://news.ceek.jp/search.cgi?category_id=national&feed=1,ok,,社会
2026-08-26,2026-08-26T12:58:01.503664+09:00,その他メディア,,フジテレビ,「隣りの建物が燃えている」玉名市で住宅1棟全焼 男性が足に軽いけが【熊本】,https://www.fnn.jp/articles/-/1101543,https://news.ceek.jp/search.cgi?category_id=national&feed=1,ok,,社会
2026-08-26,2026-08-26T12:58:01.503664+09:00,その他メディア,,フジテレビ,国分町で無許可の風俗営業か ガールズバーを家宅捜索し4人逮捕 トクリュウとの関わりも視野に捜査 仙台,https://www.fnn.jp/articles/-/1101530,https://news.ceek.jp/search.cgi?category_id=national&feed=1,ok,,社会
2026-08-26,2026-08-26T12:58:01.503664+09:00,その他メディア,,サンケイスポーツ,UNRWAの施設占拠 イスラエルが退去命令,https://www.sanspo.com/article/20260826-VZOSISOMGVO3HHFL7FDRVAQMEQ/,https://news.ceek.jp/search.cgi?category_id=national&feed=1,ok,,社会
2026-08-26,2026-08-26T12:58:01.503664+09:00,その他メディア,,テレビ朝日,「福岡県議会のドン」前議長が議員辞職 統一地方選を控え 自民党内から懸念の声,https://news.tv-asahi.co.jp/news_society/articles/900197923.html,https://news.ceek.jp/search.cgi?category_id=national&feed=1,ok,,社会
2026-08-26,2026-08-26T12:58:01.503664+09:00,その他メディア,,フジテレビ,【台風情報】台風18号の今後の進路予想は 台風は強い勢力を維持したまま28日にかけて東シナ海を西寄りに進む見込み,https://www.fnn.jp/articles/-/1101504,https://news.ceek.jp/search.cgi?category_id=national&feed=1,ok,,社会
2026-08-26,2026-08-26T12:58:01.503664+09:00,その他メディア,,J-CAST,撤退した下地幹郎氏、古謝玄太氏に残した「宿題」 看板政策「所得2倍」に「あなたおかしいですよ」,https://www.j-cast.com/2026/08/26517436.html?p=all,https://news.ceek.jp/search.cgi?category_id=national&feed=1,ok,,社会
2026-08-26,2026-08-26T12:58:01.503664+09:00,その他メディア,,デイリースポーツ,大谷、九回に三塁打,https://www.daily.co.jp/society/main/2026/08/26/0020747692.shtml,https://news.ceek.jp/search.cgi?category_id=national&feed=1,ok,,社会
2026-08-26,2026-08-26T12:58:01.503664+09:00,その他メディア,,共同通信,原発テロ対策、期限延長決定 東北電女川、停止回避へ,https://www.47news.jp/14846484.html,https://news.ceek.jp/search.cgi?category_id=national&feed=1,ok,,社会
2026-08-26,2026-08-26T12:58:01.503664+09:00,その他メディア,,TBSテレビ,新「マイナアプリ」提供開始 スマホ一つでマイナンバーカード不要の機会拡大へ,https://newsdig.tbs.co.jp/articles/-/2896872?display=1,https://news.ceek.jp/search.cgi?category_id=national&feed=1,ok,,社会
2026-08-26,2026-08-26T12:58:01.503664+09:00,その他メディア,,サンケイスポーツ,JR九州、通学向けバス代行輸送拡大 熊本地震で宇土―八代間,https://www.sanspo.com/article/20260826-RILRRELTOVJKPHUJISNKKR7TUQ/,https://news.ceek.jp/search.cgi?category_id=national&feed=1,ok,,社会
2026-08-26,2026-08-26T12:58:01.503664+09:00,その他メディア,,テレ東BIZ,オマーンとイラン ホルムズ海峡の管理を議論 暫定航路設置を近く発表へ,https://txbiz.tv-tokyo.co.jp/hiru/news/post_347452,https://news.ceek.jp/search.cgi?category_id=national&feed=1,ok,,社会
2026-08-26,2026-08-26T12:58:01.503664+09:00,その他メディア,,テレ東BIZ,スペースX 米南部に世界最大のロケット発射施設 投資額約16兆円,https://txbiz.tv-tokyo.co.jp/hiru/news/post_347453,https://news.ceek.jp/search.cgi?category_id=national&feed=1,ok,,社会
2026-08-26,2026-08-26T12:58:01.503664+09:00,その他メディア,,テレ東BIZ,マッチングアプリを悪用 飲食代ぼったくり250万円だまし取ったか 詐欺容疑で女ら逮捕,https://txbiz.tv-tokyo.co.jp/hiru/news/post_347454,https://news.ceek.jp/search.cgi?category_id=national&feed=1,ok,,社会
2026-08-26,2026-08-26T12:58:01.503664+09:00,その他メディア,,テレ東BIZ,8月26日午前のマーケットまとめ(日経CNBC),https://txbiz.tv-tokyo.co.jp/hiru/cnbc/post_347456,https://news.ceek.jp/search.cgi?category_id=national&feed=1,ok,,社会
2026-08-26,2026-08-26T12:58:01.503664+09:00,その他メディア,,テレ東BIZ,カナダが対米報復関税発表 米と同規模 トランプ氏はオンタリオ湖を「アメリカ湖」に変更検討,https://txbiz.tv-tokyo.co.jp/hiru/news/post_347450,https://news.ceek.jp/search.cgi?category_id=national&feed=1,ok,,社会
2026-08-26,2026-08-26T12:58:01.503664+09:00,その他メディア,,AFPBB News,米、最大20万人のビザ取り消しへ 短期滞在ビザで入国して難民認定申請は「詐欺行為」,https://www.afpbb.com/articles/-/3649999,https://news.ceek.jp/search.cgi?category_id=world&feed=1,ok,,国際
2026-08-26,2026-08-26T12:58:01.503664+09:00,全国紙,全国,朝日新聞,「全く変わらない赤根先生」 日本からICC支援を訴える教え子たち,https://www.asahi.com/articles/ASV8T42BKV8TUHBI00TM.html,https://news.ceek.jp/search.cgi?category_id=world&feed=1,ok,,国際
2026-08-26,2026-08-26T12:58:01.503664+09:00,全国紙,全国,朝日新聞,ICC赤根所長がオンライン会見へ、米国による制裁指定後初,https://www.asahi.com/articles/ASV8T3WK6V8TUHBI01XM.html,https://news.ceek.jp/search.cgi?category_id=world&feed=1,ok,,国際
2026-08-26,2026-08-26T12:58:01.503664+09:00,その他メディア,,CNN.co.jp,ホルムズ海峡の機雷は「全て除去」、トランプ氏が再度主張 イラン船が設置を試みれば破壊,https://www.cnn.co.jp/usa/35251928.html,https://news.ceek.jp/search.cgi?category_id=world&feed=1,ok,,国際
2026-08-26,2026-08-26T12:58:01.503664+09:00,全国紙,全国,朝日新聞,カナダが米国に報復関税、全面対決の背景は 「米国にも悪い戦略」,https://www.asahi.com/articles/ASV8V129VV8VUHBI00NM.html,https://news.ceek.jp/search.cgi?category_id=world&feed=1,ok,,国際
2026-08-26,2026-08-26T12:58:01.503664+09:00,その他メディア,,アラブニュース,シリア、イスラエル国防相の同国南部への「違法」訪問を非難,https://www.arabnews.jp/article/middle-east/article_184992/,https://news.ceek.jp/search.cgi?category_id=world&feed=1,ok,,国際
2026-08-26,2026-08-26T12:58:01.503664+09:00,その他メディア,,VIETJO,名港海運のベトナム現地法人、ホーチミン支店を開設,https://www.viet-jo.com/news/nikkei/260826104302.html,https://news.ceek.jp/search.cgi?category_id=world&feed=1,ok,,国際
2026-08-26,2026-08-26T12:58:01.503664+09:00,その他メディア,,アラブニュース,シリアのクルド系武装勢力の指導者、政府軍との統合を受け解散を発表,https://www.arabnews.jp/article/middle-east/article_184990/,https://news.ceek.jp/search.cgi?category_id=world&feed=1,ok,,国際
2026-08-26,2026-08-26T12:58:01.503664+09:00,その他メディア,,NNA ASIA,フェデックス、デリー空港で1.5億ドル投資,https://www.nna.jp/news/2960340,https://news.ceek.jp/search.cgi?category_id=world&feed=1,ok,,国際
2026-08-26,2026-08-26T12:58:01.503664+09:00,その他メディア,,ポストセブン,"《金髪ピンヒールのトランプ氏最側近》「あなたは私のすべて」と“ラブレター""...いつもそばにいる“人間プリンター""35歳女性からの熱い手紙 2人の関係の本質は背景に「父親の喪失感」か",https://www.news-postseven.com/archives/20260826_2128000.html,https://news.ceek.jp/search.cgi?category_id=world&feed=1,ok,,国際
2026-08-26,2026-08-26T12:58:01.503664+09:00,その他メディア,,テレビ朝日,CIA長官がロシアを訪問 プーチン大統領に警告か,https://news.tv-asahi.co.jp/news_international/articles/000528822.html,https://news.ceek.jp/search.cgi?category_id=world&feed=1,ok,,国際
2026-08-26,2026-08-26T12:58:01.503664+09:00,その他メディア,,AFPBB News,ドイツ、アフガン人男性23人を強制送還 大半が犯罪者,https://www.afpbb.com/articles/-/3649987,https://news.ceek.jp/search.cgi?category_id=world&feed=1,ok,,国際
2026-08-26,2026-08-26T12:58:01.503664+09:00,その他メディア,,デイリースポーツ,NYでウクライナ楽団が公演,https://www.daily.co.jp/society/world/2026/08/26/0020747819.shtml,https://news.ceek.jp/search.cgi?category_id=world&feed=1,ok,,国際
2026-08-26,2026-08-26T12:58:01.503664+09:00,その他メディア,,テレビ朝日,米ルビオ国務長官 イランへの攻撃見送りか 中間選挙まで維持の見通し,https://news.tv-asahi.co.jp/news_international/articles/000528825.html,https://news.ceek.jp/search.cgi?category_id=world&feed=1,ok,,国際
2026-08-26,2026-08-26T12:58:01.503664+09:00,その他メディア,,BBC,米CIA長官がモスクワ訪問、予定発表なしの会談で 米報道,https://www.bbc.com/japanese/articles/cqlwv5exq03o,https://news.ceek.jp/search.cgi?category_id=world&feed=1,ok,,国際
2026-08-26,2026-08-26T12:58:01.503664+09:00,その他メディア,,BBC,中国、アメリカの対イラン制裁は「違法」 貿易相手国に「対象拡大」で反発,https://www.bbc.com/japanese/articles/cx2zkqzdj4do,https://news.ceek.jp/search.cgi?category_id=world&feed=1,ok,,国際
2026-08-26,2026-08-26T12:58:01.503664+09:00,その他メディア,,フジテレビ,"“銃""で脅迫!母娘が乗る車に「報復運転」 キリでタイヤ刺しガラス叩いて「降りろ」 恐怖でパニックに陥る瞬間映像 韓国",https://www.fnn.jp/articles/-/1101502,https://news.ceek.jp/search.cgi?category_id=world&feed=1,ok,,国際
2026-08-26,2026-08-26T12:58:01.503664+09:00,その他メディア,,アラブニュース,フランスとサウジアラビア、イランからガザに至るまで戦略的連携の深化を示す,https://www.arabnews.jp/article/middle-east/article_184988/,https://news.ceek.jp/search.cgi?category_id=world&feed=1,ok,,国際
2026-08-26,2026-08-26T12:58:01.503664+09:00,その他メディア,,フジテレビ,"スペースXが「スターベース・ルイジアナ」建設へ 東京ドーム1万800個分の面積で世界最大に “最初の打ち上げ“""2029年予定",https://www.fnn.jp/articles/-/1101544,https://news.ceek.jp/search.cgi?category_id=world&feed=1,ok,,国際
2026-08-26,2026-08-26T12:58:01.503664+09:00,その他メディア,,フジテレビ,"トランプ大統領「ホルムズ海峡の機雷を全て除去・爆破」 再敷設する船は“直ちに破壊""とイランに通告 新たな攻撃は当面見送り報道も",https://www.fnn.jp/articles/-/1101528,https://news.ceek.jp/search.cgi?category_id=world&feed=1,ok,,国際
2026-08-26,2026-08-26T12:58:01.503664+09:00,その他メディア,,ニューズウィーク,認知戦レポート827件を検証して分かった「SNS分析」の盲点──本当の脅威は「街灯の外」にある,https://www.newsweekjapan.jp/articles/-/332244,https://news.ceek.jp/search.cgi?category_id=world&feed=1,ok,,国際
2026-08-26,2026-08-26T12:58:01.503664+09:00,全国紙,全国,読売新聞,トランプ氏、カナダと国境またがる「オンタリオ湖」→「アメリカ湖」に変更検討と主張...貿易交渉決裂で圧力か,https://www.yomiuri.co.jp/world/20260826-GYT1T00159/,https://news.ceek.jp/search.cgi?category_id=world&feed=1,ok,,国際
2026-08-26,2026-08-26T12:58:01.503664+09:00,その他メディア,,フジテレビ,"トランプ大統領の三男バロン氏「どこで殺すか」 イラン国営テレビが動画を放送 “15億円の懸賞金""報道も",https://www.fnn.jp/articles/-/1101496,https://news.ceek.jp/search.cgi?category_id=world&feed=1,ok,,国際
2026-08-26,2026-08-26T12:58:01.503664+09:00,その他メディア,,CNN.co.jp,オンタリオ湖を「アメリカ湖」に、トランプ氏が改名検討を示唆 カナダとの対立激化受け,https://www.cnn.co.jp/usa/35251922.html,https://news.ceek.jp/search.cgi?category_id=world&feed=1,ok,,国際
2026-08-26,2026-08-26T12:58:01.503664+09:00,その他メディア,,ニューズウィーク,トランプ政権が極端化する背景にある2026年問題と2028年問題,https://www.newsweekjapan.jp/articles/-/332307,https://news.ceek.jp/search.cgi?category_id=world&feed=1,ok,,国際
2026-08-26,2026-08-26T12:58:01.503664+09:00,その他メディア,,CNN.co.jp,はしか関連で今年初の死者、2人ともワクチン未接種 米ペンシルベニア州,https://www.cnn.co.jp/usa/35251925.html,https://news.ceek.jp/search.cgi?category_id=world&feed=1,ok,,国際
2026-08-26,2026-08-26T12:58:01.503664+09:00,その他メディア,,日本テレビ,ホルムズ海峡の通航めぐり オマーン外相「暫定的な航路を近く発表できると期待」 イラン外相と会談,https://news.ntv.co.jp/category/international/893ec45eb011409ba6a6a837703160c8,https://news.ceek.jp/search.cgi?category_id=world&feed=1,ok,,国際
2026-08-26,2026-08-26T12:58:01.503664+09:00,全国紙,全国,読売新聞,米歌手ドリー・パートンさんが死去、80歳...グラミー賞10回受賞・トランプ氏「1週間半旗」表明,https://www.yomiuri.co.jp/world/20260826-GYT1T00127/,https://news.ceek.jp/search.cgi?category_id=world&feed=1,ok,,国際
2026-08-26,2026-08-26T12:58:01.503664+09:00,その他メディア,,AFPBB News,スウェーデン、海軍基地近くのロシア人所有の土地を収用へ,https://www.afpbb.com/articles/-/3649964,https://news.ceek.jp/search.cgi?category_id=world&feed=1,ok,,国際
2026-08-26,2026-08-26T12:58:01.503664+09:00,全国紙,全国,産経新聞,米上院予備選でトランプ氏推薦のグラム氏妹が勝利 南部サウスカロライナ州,https://www.sankei.com/article/20260826-D4U4SZTUTJJIVCMRZ76WFLXOAY/,https://news.ceek.jp/search.cgi?category_id=world&feed=1,ok,,国際
2026-08-26,2026-08-26T12:58:01.503664+09:00,その他メディア,,テレビ朝日,米CIA長官がロシア訪問 当局者と協議 米政権 ウクライナに攻撃一時停止を要請,https://news.tv-asahi.co.jp/news_international/articles/000528796.html,https://news.ceek.jp/search.cgi?category_id=world&feed=1,ok,,国際
2026-08-26,2026-08-26T12:58:01.503664+09:00,その他メディア,,ニューズウィーク,アルメニア検察、親ロ派のコチャリャン元大統領拘束...マネーロンダリングや収賄、職権乱用などの罪で罪で訴追,https://www.newsweekjapan.jp/articles/-/332304,https://news.ceek.jp/search.cgi?category_id=world&feed=1,ok,,国際
2026-08-26,2026-08-26T12:58:01.503664+09:00,その他メディア,,Jams.TV,豪州の移民数を左右するNOMとは,https://www.jams.tv/news/289747,https://news.ceek.jp/search.cgi?category_id=world&feed=1,ok,,国際
2026-08-26,2026-08-26T12:58:01.503664+09:00,その他メディア,,フジテレビ,"ウクライナ“戦争""に見え隠れする極東有事の影 北朝鮮製のさらに危険な存在「KN-30 」は日本の安全保障にも直結の恐れ",https://www.fnn.jp/articles/-/1100929,https://news.ceek.jp/search.cgi?category_id=world&feed=1,ok,,国際
2026-08-26,2026-08-26T12:58:01.503664+09:00,その他メディア,,ニューズウィーク,トランプ、ホルムズ海峡の機雷を全て除去したと主張...新たに設置なら破壊と警告も,https://www.newsweekjapan.jp/articles/-/332303,https://news.ceek.jp/search.cgi?category_id=world&feed=1,ok,,国際
2026-08-26,2026-08-26T12:58:01.503664+09:00,その他メディア,,Forbes JAPAN,エターナルな資産を、纏う。重みまで眩しい、田中貴金属のプラチナ・ジュエリー,https://forbesjapan.com/articles/detail/103431,https://news.ceek.jp/search.cgi?category_id=world&feed=1,ok,,国際
2026-08-26,2026-08-26T12:58:01.503664+09:00,その他メディア,,フジテレビ,"トランプ大統領“アメリカ湖""に名称変更「真剣に検討」 カナダとの国境またぐオンタリオ湖 関税めぐり貿易摩擦激化",https://www.fnn.jp/articles/-/1101049,https://news.ceek.jp/search.cgi?category_id=world&feed=1,ok,,国際
2026-08-26,2026-08-26T12:58:01.503664+09:00,全国紙,全国,産経新聞,ナイジェリアで住民拉致 武装集団がモスク襲撃 数十人殺害、数百人連れ去りとの情報,https://www.sankei.com/article/20260826-VPT6QWZ6YZP3PFLT526AGYXKEA/,https://news.ceek.jp/search.cgi?category_id=world&feed=1,ok,,国際
2026-08-26,2026-08-26T12:58:01.503664+09:00,その他メディア,,共同通信,上院予備選、グラム氏の妹勝利 南部州、トランプ氏試金石,https://www.47news.jp/14844959.html,https://news.ceek.jp/search.cgi?category_id=world&feed=1,ok,,国際
2026-08-26,2026-08-26T12:58:01.503664+09:00,全国紙,全国,産経新聞,米西部モンタナ州で親族8人殺害か 現地報道、容疑者の男自殺 住宅の裏手から銃声,https://www.sankei.com/article/20260826-2AWKI5V4FNP3BNJGEQLMBYGZ5I/,https://news.ceek.jp/search.cgi?category_id=world&feed=1,ok,,国際
2026-08-26,2026-08-26T12:58:01.503664+09:00,その他メディア,,Abema TIMES,カナダがアメリカに報復関税 最大50%,https://times.abema.tv/articles/-/10269129?page=1,https://news.ceek.jp/search.cgi?category_id=world&feed=1,ok,,国際
2026-08-26,2026-08-26T12:58:01.503664+09:00,全国紙,全国,読売新聞,バチカン外相が訪露、ラブロフ外相と会談「この戦争は終わらせなければ」訴え...和平交渉の仲介にも意欲,https://www.yomiuri.co.jp/world/20260826-GYT1T00099/,https://news.ceek.jp/search.cgi?category_id=world&feed=1,ok,,国際
2026-08-26,2026-08-26T12:58:01.503664+09:00,その他メディア,,AFPBB News,親中派のキリバス、中国漁船を拿捕 違反操業でフカヒレ採取,https://www.afpbb.com/articles/-/3649943,https://news.ceek.jp/search.cgi?category_id=world&feed=1,ok,,国際
2026-08-26,2026-08-26T12:58:01.503664+09:00,その他メディア,,共同通信,【速報】米南部州上院予備選で故グラム氏の妹が勝利,https://www.47news.jp/14846004.html,https://news.ceek.jp/search.cgi?category_id=world&feed=1,ok,,国際
2026-08-26,2026-08-26T12:58:01.503664+09:00,全国紙,全国,産経新聞,米とサウジの原子力協定 トランプ政権が議会に通知 核拡散リスクへの懸念も,https://www.sankei.com/article/20260826-ETNXF3X4MBJLHFJWYQBOOY3XRU/,https://news.ceek.jp/search.cgi?category_id=world&feed=1,ok,,国際
2026-08-26,2026-08-26T12:58:01.503664+09:00,その他メディア,,TBSテレビ,オマーン外相「ホルムズ暫定航路の設置を近く発表」 イラン外相と協議,https://newsdig.tbs.co.jp/articles/-/2896676?display=1,https://news.ceek.jp/search.cgi?category_id=world&feed=1,ok,,国際
2026-08-26,2026-08-26T12:58:01.503664+09:00,その他メディア,,CNN.co.jp,ウクライナの攻撃で甚大な被害受けるロシアのインフラ、プーチン氏が接収求める,https://www.cnn.co.jp/world/35251915.html,https://news.ceek.jp/search.cgi?category_id=world&feed=1,ok,,国際
2026-08-26,2026-08-26T12:58:01.503664+09:00,その他メディア,,Abema TIMES,米CIA長官がロシア訪問 プーチン氏に警告か,https://times.abema.tv/articles/-/10269101?page=1,https://news.ceek.jp/search.cgi?category_id=world&feed=1,ok,,国際
2026-08-26,2026-08-26T12:58:01.503664+09:00,その他メディア,,Abema TIMES,フランス南西部で竜巻 41人けが 約300軒被害,https://times.abema.tv/articles/-/10269103?page=1,https://news.ceek.jp/search.cgi?category_id=world&feed=1,ok,,国際
2026-08-26,2026-08-26T12:58:01.503664+09:00,全国紙,全国,産経新聞,ミャンマーの人権状況悪化 国軍による空爆や放火などで「民間人が苦境」と国連,https://www.sankei.com/article/20260826-PNF63JNIZFKETFADLDDZ2ZJ4CQ/,https://news.ceek.jp/search.cgi?category_id=world&feed=1,ok,,国際
2026-08-26,2026-08-26T12:58:01.503664+09:00,その他メディア,,共同通信,トランプ氏の息子脅迫を把握 対イランで米大統領警護隊,https://www.47news.jp/14845492.html,https://news.ceek.jp/search.cgi?category_id=world&feed=1,ok,,国際
2026-08-26,2026-08-26T12:58:01.503664+09:00,全国紙,全国,産経新聞,米次官がNATO訪問、高官と会談へ 国防総省ナンバー3のコルビー氏,https://www.sankei.com/article/20260826-JV3ES3XPIVMSXEU3MQKFDUODGM/,https://news.ceek.jp/search.cgi?category_id=world&feed=1,ok,,国際
2026-08-26,2026-08-26T12:58:01.503664+09:00,全国紙,全国,産経新聞,米韓、9月の合同訓練も中止 対イラン戦で兵力に制約 朝鮮半島の即応態勢に影響の懸念,https://www.sankei.com/article/20260826-RDBAR5JTYRO7RBD2T74KX4JMKE/,https://news.ceek.jp/search.cgi?category_id=world&feed=1,ok,,国際
2026-08-26,2026-08-26T12:58:01.503664+09:00,全国紙,全国,日本経済新聞,クルド民兵組織が解散 シリア軍との統合プロセス完了,https://www.nikkei.com/article/DGXZQOCB260XA0W6A820C2000000/,https://news.ceek.jp/search.cgi?category_id=world&feed=1,ok,,国際
2026-08-26,2026-08-26T12:58:01.503664+09:00,その他メディア,,デイリースポーツ,米次官がNATO訪問へ,https://www.daily.co.jp/society/world/2026/08/26/0020747557.shtml,https://news.ceek.jp/search.cgi?category_id=world&feed=1,ok,,国際
2026-08-26,2026-08-26T12:58:01.503664+09:00,その他メディア,,デイリースポーツ,米西部、親族8人殺害か,https://www.daily.co.jp/society/world/2026/08/26/0020747558.shtml,https://news.ceek.jp/search.cgi?category_id=world&feed=1,ok,,国際
2026-08-26,2026-08-26T12:58:01.503664+09:00,全国紙,全国,産経新聞,7月は約5万人拘束 米移民局、第2次トランプ政権で最多 電気ショックなど強硬姿勢維持,https://www.sankei.com/article/20260826-JNJGSBHGNNPYFHN7JOXDPGXXXM/,https://news.ceek.jp/search.cgi?category_id=world&feed=1,ok,,国際
2026-08-26,2026-08-26T12:58:01.503664+09:00,その他メディア,,共同通信,米西部、親族8人殺害か 現地報道、容疑者の男自殺,https://www.47news.jp/14845716.html,https://news.ceek.jp/search.cgi?category_id=world&feed=1,ok,,国際
2026-08-26,2026-08-26T12:58:01.503664+09:00,その他メディア,,共同通信,米次官がNATO訪問へ 国防総省ナンバー3,https://www.47news.jp/14845715.html,https://news.ceek.jp/search.cgi?category_id=world&feed=1,ok,,国際
2026-08-26,2026-08-26T12:58:01.503664+09:00,その他メディア,,共同通信,金正恩氏、経済目標で指示 政治局会議、対米は触れず,https://www.47news.jp/14845676.html,https://news.ceek.jp/search.cgi?category_id=world&feed=1,ok,,国際
2026-08-26,2026-08-26T12:58:01.503664+09:00,その他メディア,,デイリースポーツ,金正恩氏、経済目標で指示,https://www.daily.co.jp/society/world/2026/08/26/0020747546.shtml,https://news.ceek.jp/search.cgi?category_id=world&feed=1,ok,,国際
2026-08-26,2026-08-26T12:58:01.503664+09:00,その他メディア,,CNN.co.jp,車が泥に突っ込み徒歩で移動、観光客の男性死亡 気温46.6度のデスバレー,https://www.cnn.co.jp/usa/35251916.html,https://news.ceek.jp/search.cgi?category_id=world&feed=1,ok,,国際
2026-08-26,2026-08-26T12:58:01.503664+09:00,全国紙,全国,日本経済新聞,親ロシア勢力、AIで世論操作 チャットGPTを不正利用,https://www.nikkei.com/article/DGXZQOCB260SH0W6A820C2000000/,https://news.ceek.jp/search.cgi?category_id=world&feed=1,ok,,国際
2026-08-26,2026-08-26T12:58:01.503664+09:00,全国紙,全国,日本経済新聞,ラトビア、ロシアの書籍や衣類禁輸 プロパガンダの流入阻止,https://www.nikkei.com/article/DGXZQOCB260V10W6A820C2000000/,https://news.ceek.jp/search.cgi?category_id=world&feed=1,ok,,国際
2026-08-26,2026-08-26T12:58:01.503664+09:00,その他メディア,,newsclip.be,バンコク北郊でタイ様式住宅が火災 飼育の猫が死亡・重傷・行方不明,https://newsclip.be/thai-news/thai-local/41130,https://news.ceek.jp/search.cgi?category_id=world&feed=1,ok,,国際
2026-08-26,2026-08-26T12:58:01.503664+09:00,その他メディア,,Forbes JAPAN,カナダが数百品目の米国製品に最大50%の関税、鉄鋼とアルミニウムへの課税は倍増,https://forbesjapan.com/articles/detail/103575,https://news.ceek.jp/search.cgi?category_id=world&feed=1,ok,,国際
2026-08-26,2026-08-26T12:58:01.503664+09:00,その他メディア,,日本テレビ,"トランプ大統領“ホルムズ海峡のすべての機雷除去と軍から報告""",https://news.ntv.co.jp/category/international/8e6abb58d411459ba967d3114f19d512,https://news.ceek.jp/search.cgi?category_id=world&feed=1,ok,,国際
2026-08-26,2026-08-26T12:58:01.503664+09:00,その他メディア,,AFPBB News,イスラエル人入植者、AFP記者を攻撃 ヨルダン川西岸,https://www.afpbb.com/articles/-/3649928,https://news.ceek.jp/search.cgi?category_id=world&feed=1,ok,,国際
2026-08-26,2026-08-26T12:58:01.503664+09:00,その他メディア,,共同通信,海峡暫定航路「近く発表期待」 オマーン外相、イラン協議進展か,https://www.47news.jp/14844961.html,https://news.ceek.jp/search.cgi?category_id=world&feed=1,ok,,国際
2026-08-26,2026-08-26T12:58:01.503664+09:00,その他メディア,,テレビ朝日,仏南西部 大規模竜巻で41人負傷 住宅約300軒被災 飛行機や電車に欠航・遅延も,https://news.tv-asahi.co.jp/news_international/articles/000528794.html,https://news.ceek.jp/search.cgi?category_id=world&feed=1,ok,,国際
2026-08-26,2026-08-26T12:58:01.503664+09:00,全国紙,全国,毎日新聞,イランとオマーン、ホルムズ海峡の管理巡り協議 共同事業実施へ,https://mainichi.jp/articles/20260826/k00/00m/030/015000c,https://news.ceek.jp/search.cgi?category_id=world&feed=1,ok,,国際
2026-08-26,2026-08-26T12:58:01.503664+09:00,その他メディア,,デイリースポーツ,米移民局、1カ月で約5万人拘束,https://www.daily.co.jp/society/world/2026/08/26/0020747509.shtml,https://news.ceek.jp/search.cgi?category_id=world&feed=1,ok,,国際
2026-08-26,2026-08-26T12:58:01.503664+09:00,その他メディア,,共同通信,米移民局、1カ月で約5万人拘束 不法摘発、強硬な姿勢維持,https://www.47news.jp/14845539.html,https://news.ceek.jp/search.cgi?category_id=world&feed=1,ok,,国際
2026-08-26,2026-08-26T12:58:01.503664+09:00,全国紙,全国,産経新聞,トランプ氏、ホルムズの機雷「全て除去」 オマーンはイランと海峡管理協議で「近く発表」,https://www.sankei.com/article/20260826-6AVSPNNIHVLYVPXFE3WGDQI7KQ/,https://news.ceek.jp/search.cgi?category_id=world&feed=1,ok,,国際
2026-08-26,2026-08-26T12:58:01.503664+09:00,その他メディア,,デイリースポーツ,トランプ氏の息子脅迫を把握,https://www.daily.co.jp/society/world/2026/08/26/0020747506.shtml,https://news.ceek.jp/search.cgi?category_id=world&feed=1,ok,,国際
2026-08-26,2026-08-26T12:58:01.503664+09:00,その他メディア,,TBSテレビ,米ルビオ国務長官 イランへの軍事攻撃を当面見送りか 経済制裁などに注力の方針 アクシオス報道,https://newsdig.tbs.co.jp/articles/-/2896575?display=1,https://news.ceek.jp/search.cgi?category_id=world&feed=1,ok,,国際
2026-08-26,2026-08-26T12:58:01.503664+09:00,全国紙,全国,日本経済新聞,Apple「Mac mini」刷新、AI処理を4倍高速に 14万9800円から,https://www.nikkei.com/article/DGXZQOGN253DJ0V20C26A8000000/,https://news.ceek.jp/search.cgi?category_id=world&feed=1,ok,,国際
2026-08-26,2026-08-26T12:58:01.503664+09:00,その他メディア,,newsclip.be,タイ国際航空、燃油サーチャージを引き下げ 9月発券分から最大65ドル減,https://newsclip.be/thai-news/thai-economy/41128,https://news.ceek.jp/search.cgi?category_id=world&feed=1,ok,,国際
2026-08-26,2026-08-26T12:58:01.503664+09:00,地方紙,広島,中国新聞,呉でクリスマス前に花火 中止の「呉海上花火大会」の代わり イルミネーションと連携へ,https://www.chugoku-np.co.jp/articles/-/884831,https://news.ceek.jp/search.cgi?category_id=local&feed=1,ok,,地方・地域
2026-08-26,2026-08-26T12:58:01.503664+09:00,地方紙,長野,信濃毎日新聞,みんなが選んだ「推し」の1句を紹介 弱い存在に光 50年前の思い出,https://www.shinmai.co.jp/news/article/gf01da76besaejegpfu2u0gg,https://news.ceek.jp/search.cgi?category_id=local&feed=1,ok,,地方・地域
2026-08-26,2026-08-26T12:58:01.503664+09:00,その他メディア,,TOKYO HEADLINE,稲城市の小学生たちが守るべきものと変えてもいいものについて考えた。「自然と便利さ、どっちも大事」をテーマに議論。最優秀賞は「稲城世界進出大作戦」〈国連を支える世界こども未来会議〉,https://www.tokyoheadline.com/868758/,https://news.ceek.jp/search.cgi?category_id=local&feed=1,ok,,地方・地域
2026-08-26,2026-08-26T12:58:01.503664+09:00,その他メディア,,TBSテレビ,未明の公園で、面識のない男性の顔を拳で2度にわたり殴る暴行...18歳の少年を逮捕 被害男性(19)は鼻骨骨折など全治2週間のけが,https://newsdig.tbs.co.jp/articles/-/2897422?display=1,https://news.ceek.jp/search.cgi?category_id=local&feed=1,ok,,地方・地域
2026-08-26,2026-08-26T12:58:01.503664+09:00,その他メディア,,まいどなニュース,1歳の双子、ケンカ勃発で号泣→かけつけた2歳の小さなママ、最後には...「泣き顔が瓜二つ」「優しいお姉ちゃん♡」,https://maidonanews.jp/article/16832397,https://news.ceek.jp/search.cgi?category_id=local&feed=1,ok,,地方・地域
2026-08-26,2026-08-26T12:58:01.503664+09:00,その他メディア,,十勝毎日新聞,芽室・ふるさと歴史館「ねんりん」~知ってる?まちの博物館(1),https://kachimai.jp/article/index.php?no=2026080900190,https://news.ceek.jp/search.cgi?category_id=local&feed=1,ok,,地方・地域
2026-08-26,2026-08-26T12:58:01.503664+09:00,地方紙,京都,京都新聞,【速報】JR湖西線が堅田ー近江今津で運転見合わせ 和邇駅で客と接触,https://www.kyoto-np.co.jp/articles/-/1778267,https://news.ceek.jp/search.cgi?category_id=local&feed=1,ok,,地方・地域
2026-08-26,2026-08-26T12:58:01.503664+09:00,その他メディア,,札幌テレビ,「ストーカーを捕まえた」共同住宅に侵入か 36歳の男を逮捕 女性から相談受けた知人が確保 札幌市,https://www.stv.jp/news/stvnews/kiji/st914479dab36b44899f7d9572c673067a.html,https://news.ceek.jp/search.cgi?category_id=local&feed=1,ok,,地方・地域
2026-08-26,2026-08-26T12:58:01.503664+09:00,地方紙,広島,中国新聞,ベンチッチ組4強入り,https://www.chugoku-np.co.jp/articles/-/884843,https://news.ceek.jp/search.cgi?category_id=local&feed=1,ok,,地方・地域
2026-08-26,2026-08-26T12:58:01.503664+09:00,全国紙,全国,中日新聞,ベンチッチ組4強入り 全米混合ダブルス,https://www.chunichi.co.jp/article/1301858,https://news.ceek.jp/search.cgi?category_id=local&feed=1,ok,,地方・地域
2026-08-26,2026-08-26T12:58:01.503664+09:00,地方紙,広島,中国新聞,震度=気象庁発表(26日13時15分)震度順・市区町村別 :地震,https://www.chugoku-np.co.jp/articles/-/884845,https://news.ceek.jp/search.cgi?category_id=local&feed=1,ok,,地方・地域
2026-08-26,2026-08-26T12:58:01.503664+09:00,その他メディア,,TBSテレビ,松江市在住の女性(30代)の写真を勝手に使い、卑猥な文面と共にSNSに投稿した疑い...栃木県宇都宮市の会社員の男(32)を逮捕 「間違いありません」容疑認める 女性とは面識なし,https://newsdig.tbs.co.jp/articles/-/2897407?display=1,https://news.ceek.jp/search.cgi?category_id=local&feed=1,ok,,地方・地域
2026-08-26,2026-08-26T12:58:01.503664+09:00,全国紙,全国,中日新聞,"中日・根尾昂、2軍巨人戦で今季""初セーブ"" 2点差の9回、岸田を空振り三振、リチャードは中飛、キャベッジを空振り三振と1軍でも実績ある3人を完璧に封じる",https://www.chunichi.co.jp/article/1301854,https://news.ceek.jp/search.cgi?category_id=local&feed=1,ok,,地方・地域
2026-08-26,2026-08-26T12:58:01.503664+09:00,地方紙,新潟,新潟日報,"出雲崎の土蔵が“海水魚ワールド""に♪カクレクマノミ、ハリセンボン...移住者が開業「町民と海の生き物つなぐ場に」",https://www.niigata-nippo.co.jp/articles/-/894374,https://news.ceek.jp/search.cgi?category_id=local&feed=1,ok,,地方・地域
2026-08-26,2026-08-26T12:58:01.503664+09:00,その他メディア,,山陰中央新聞,若者の「結婚式離れ」 高校生が模擬挙式で魅力体感・米子,https://www.sanin-chuo.co.jp/articles/-/1067514,https://news.ceek.jp/search.cgi?category_id=local&feed=1,ok,,地方・地域
2026-08-26,2026-08-26T12:58:01.503664+09:00,地方紙,広島,中国新聞,農水省、概算要求3兆円,https://www.chugoku-np.co.jp/articles/-/884842,https://news.ceek.jp/search.cgi?category_id=local&feed=1,ok,,地方・地域
2026-08-26,2026-08-26T12:58:01.503664+09:00,全国紙,全国,中日新聞,農水省、概算要求3兆円 消費税対策費は金額示さず,https://www.chunichi.co.jp/article/1301857,https://news.ceek.jp/search.cgi?category_id=local&feed=1,ok,,地方・地域
2026-08-26,2026-08-26T12:58:01.503664+09:00,その他メディア,,TBSテレビ,【台風情報】最大瞬間風速55m/s・ 960hPa「台風18号(ソウデル)」久米島の北付近に...今後の進路は? 雨・風シミュレーションで確認【気象庁26日12時45分発表】,https://newsdig.tbs.co.jp/articles/-/2897400?display=1,https://news.ceek.jp/search.cgi?category_id=local&feed=1,ok,,地方・地域
2026-08-26,2026-08-26T12:58:01.503664+09:00,全国紙,全国,毎日新聞,シーズン終了後の海水浴場で死亡事故相次ぐ 監視は不在、注意を,https://mainichi.jp/articles/20260826/k00/00m/040/072000c,https://news.ceek.jp/search.cgi?category_id=local&feed=1,ok,,地方・地域
2026-08-26,2026-08-26T12:58:01.503664+09:00,全国紙,全国,読売新聞,熊本地震の被災地・八代市の全域で断水解消...宇城市・氷川町の280戸では続く,https://www.yomiuri.co.jp/local/kyushu/news/20260826-GYS1T00108/,https://news.ceek.jp/search.cgi?category_id=local&feed=1,ok,,地方・地域
2026-08-26,2026-08-26T12:58:01.503664+09:00,全国紙,全国,読売新聞,台風18号で奄美市など9自治体8万人に避難指示...風にあおられて倒れたり屋根が飛ばされたりする被害,https://www.yomiuri.co.jp/local/kyushu/news/20260826-GYS1T00110/,https://news.ceek.jp/search.cgi?category_id=local&feed=1,ok,,地方・地域
2026-08-26,2026-08-26T12:58:01.503664+09:00,地方紙,広島,中国新聞,中国新聞輸送の人事異動(8月24日),https://www.chugoku-np.co.jp/articles/-/884823,https://news.ceek.jp/search.cgi?category_id=local&feed=1,ok,,地方・地域
2026-08-26,2026-08-26T12:58:01.503664+09:00,地方紙,広島,中国新聞,「今日から楽しい学校生活」 広島市の小中学校87校、夏休み明け授業再開,https://www.chugoku-np.co.jp/articles/-/884815,https://news.ceek.jp/search.cgi?category_id=local&feed=1,ok,,地方・地域
2026-08-26,2026-08-26T12:58:01.503664+09:00,その他メディア,,"日本海新聞, 大阪日日新聞",建造物侵入と器物損壊の疑いで鳥取署が男再逮捕,https://www.nnn.co.jp/articles/-/788498,https://news.ceek.jp/search.cgi?category_id=local&feed=1,ok,,地方・地域
2026-08-26,2026-08-26T12:58:01.503664+09:00,その他メディア,,下野新聞,さい銭盗もうとした疑いで男逮捕 小山署,https://www.shimotsuke.co.jp/articles/-/1409830,https://news.ceek.jp/search.cgi?category_id=local&feed=1,ok,,地方・地域
2026-08-26,2026-08-26T12:58:01.503664+09:00,その他メディア,,TBSテレビ,【速報】雲仙で枯れ草が燃える火事,https://newsdig.tbs.co.jp/articles/-/2897398?display=1,https://news.ceek.jp/search.cgi?category_id=local&feed=1,ok,,地方・地域
2026-08-26,2026-08-26T12:58:01.503664+09:00,その他メディア,,TBSテレビ,長野県内のタクシー料金値上げへ 北陸信越運輸局が新運賃を公表 9月28日から実施 初乗りは普通車が1.06キロで640円~700円 距離のみの比較で長野駅~長野赤十字病院が100円アップ 松本駅~信大医学部附属病院が200円アップ,https://newsdig.tbs.co.jp/articles/-/2897395?display=1,https://news.ceek.jp/search.cgi?category_id=local&feed=1,ok,,地方・地域
2026-08-26,2026-08-26T12:58:01.503664+09:00,地方紙,広島,中国新聞,「急に具合が悪くなる」を選出,https://www.chugoku-np.co.jp/articles/-/884835,https://news.ceek.jp/search.cgi?category_id=local&feed=1,ok,,地方・地域
2026-08-26,2026-08-26T12:58:01.503664+09:00,全国紙,全国,中日新聞,「急に具合が悪くなる」を選出 米アカデミー長編映画選考に出品,https://www.chunichi.co.jp/article/1301856,https://news.ceek.jp/search.cgi?category_id=local&feed=1,ok,,地方・地域
2026-08-26,2026-08-26T12:58:01.503664+09:00,その他メディア,,徳島新聞,藤井聡太王位と伊藤匠二冠の勝負メシは? 王位戦徳島対局,https://www.topics.or.jp/articles/-/1483671,https://news.ceek.jp/search.cgi?category_id=local&feed=1,ok,,地方・地域
2026-08-26,2026-08-26T12:58:01.503664+09:00,地方紙,新潟,新潟日報,[熊目撃情報]加茂市(8月26日),https://www.niigata-nippo.co.jp/articles/-/894414,https://news.ceek.jp/search.cgi?category_id=local&feed=1,ok,,地方・地域
2026-08-26,2026-08-26T12:58:01.503664+09:00,地方紙,広島,中国新聞,「簡素な検証避けて」,https://www.chugoku-np.co.jp/articles/-/884834,https://news.ceek.jp/search.cgi?category_id=local&feed=1,ok,,地方・地域
2026-08-26,2026-08-26T12:58:01.503664+09:00,全国紙,全国,中日新聞,「簡素な検証避けて」 同志社理事長引責で遺族,https://www.chunichi.co.jp/article/1301860,https://news.ceek.jp/search.cgi?category_id=local&feed=1,ok,,地方・地域
2026-08-26,2026-08-26T12:58:01.503664+09:00,全国紙,全国,中日新聞,為替相場 26日(日本時間13時),https://www.chunichi.co.jp/article/1301683,https://news.ceek.jp/search.cgi?category_id=local&feed=1,ok,,地方・地域
2026-08-26,2026-08-26T12:58:01.503664+09:00,地方紙,鹿児島,南日本新聞,「東昇先生は大久保が生んだ偉人」――日本初の電子顕微鏡を製造した医学博士の足跡、川辺・大久保集落で掘り起こされ顕彰碑建立...長女を招き交流会,https://373news.com/news/local/detail/238240/,https://news.ceek.jp/search.cgi?category_id=local&feed=1,ok,,地方・地域
2026-08-26,2026-08-26T12:58:01.503664+09:00,地方紙,宮城,河北新報,夏はタオヤギソウ、冬はマツモ、陸上で海藻養殖 宮城・南三陸の建設会社が施設整備 商業用では県内初,https://kahoku.news/articles/20260825khn000123.html,https://news.ceek.jp/search.cgi?category_id=local&feed=1,ok,,地方・地域
2026-08-26,2026-08-26T12:58:01.503664+09:00,その他メディア,,徳島新聞,鳴門駅前の交流スペース、平日の開放時間を延長,https://www.topics.or.jp/articles/-/1484142,https://news.ceek.jp/search.cgi?category_id=local&feed=1,ok,,地方・地域
2026-08-26,2026-08-26T12:58:01.503664+09:00,地方紙,宮城,河北新報,スニーカーやチノパンもOK 宮城県庁が服装をカジュアル化 村井嘉浩知事、自分もやってみたけど「恥ずかしい」,https://kahoku.news/articles/20260826khn000017.html,https://news.ceek.jp/search.cgi?category_id=local&feed=1,ok,,地方・地域
2026-08-26,2026-08-26T12:58:01.503664+09:00,地方紙,沖縄,沖縄タイムス,「全員がうれし泣き」小中高生23人が熱演 劇団かなやらび「碧の涙雨」に観客釘付け 宮古島市,https://www.okinawatimes.co.jp/articles/-/1909551,https://news.ceek.jp/search.cgi?category_id=local&feed=1,ok,,地方・地域
2026-08-26,2026-08-26T12:58:01.503664+09:00,その他メディア,,TBSテレビ,月山でキノコ採りの男性が行方不明に 警察が同行者から話を聞き、状況を確認中(山形・鶴岡市),https://newsdig.tbs.co.jp/articles/-/2897380?display=1,https://news.ceek.jp/search.cgi?category_id=local&feed=1,ok,,地方・地域
2026-08-26,2026-08-26T12:58:01.503664+09:00,地方紙,広島,中国新聞,「生徒、保護者に長期間負担をかけて申し訳ない」。浜田市教委、2018年のスキーの授業で重傷を負った男子生徒と和解へ,https://www.chugoku-np.co.jp/articles/-/884806,https://news.ceek.jp/search.cgi?category_id=local&feed=1,ok,,地方・地域
2026-08-26,2026-08-26T12:58:01.503664+09:00,その他メディア,,山形新聞,枝豆、めざせ食味アップ 鶴岡で関係者、先行事例学ぶ,https://www.yamagata-np.jp/news/202608/26/kj_2026082600636.php,https://news.ceek.jp/search.cgi?category_id=local&feed=1,ok,,地方・地域
2026-08-26,2026-08-26T12:58:01.503664+09:00,全国紙,全国,中日新聞,錦織が予選1回戦突破 全米テニス男子シングルス,https://www.chunichi.co.jp/article/1301715,https://news.ceek.jp/search.cgi?category_id=local&feed=1,ok,,地方・地域
2026-08-26,2026-08-26T12:58:01.503664+09:00,全国紙,全国,読売新聞,マッチングアプリで知り合った公務員男性から6800万円を詐取したか...「夫の会社が」「弁護士費用が」などと虚偽のSNSで振り込ませる,https://www.yomiuri.co.jp/local/kansai/news/20260826-GYO1T00085/,https://news.ceek.jp/search.cgi?category_id=local&feed=1,ok,,地方・地域
2026-08-26,2026-08-26T12:58:01.503664+09:00,その他メディア,,フジテレビ,いわき市で火事 「煙が見える」などと通報<福島県>,https://www.fnn.jp/articles/-/1101582,https://news.ceek.jp/search.cgi?category_id=local&feed=1,ok,,地方・地域
2026-08-26,2026-08-26T12:58:01.503664+09:00,地方紙,沖縄,沖縄タイムス,身近だが生活の質を損なう「腰下肢痛」 原因はさまざま 神経ブロック治療や「切らない手術」も,https://www.okinawatimes.co.jp/articles/-/1909528,https://news.ceek.jp/search.cgi?category_id=local&feed=1,ok,,地方・地域
2026-08-26,2026-08-26T12:58:01.503664+09:00,地方紙,広島,中国新聞,東証、一時500円超高,https://www.chugoku-np.co.jp/articles/-/884829,https://news.ceek.jp/search.cgi?category_id=local&feed=1,ok,,地方・地域
2026-08-26,2026-08-26T12:58:01.503664+09:00,全国紙,全国,中日新聞,大阪、府と特別区の事務分担議論 法定協、副首都念頭に,https://www.chunichi.co.jp/article/1301852,https://news.ceek.jp/search.cgi?category_id=local&feed=1,ok,,地方・地域
2026-08-26,2026-08-26T12:58:01.503664+09:00,地方紙,広島,中国新聞,大阪、府と特別区の事務分担議論,https://www.chugoku-np.co.jp/articles/-/884828,https://news.ceek.jp/search.cgi?category_id=local&feed=1,ok,,地方・地域
2026-08-26,2026-08-26T12:58:01.503664+09:00,その他メディア,,山形新聞,再エネ条例、周知強化 県方針・認定に条件、事業者に合意形成促す,https://www.yamagata-np.jp/news/202608/26/kj_2026082600635.php,https://news.ceek.jp/search.cgi?category_id=local&feed=1,ok,,地方・地域
2026-08-26,2026-08-26T12:58:01.503664+09:00,地方紙,沖縄,沖縄タイムス,【台風18号】運転免許センター、台風明けの窓口対応 北部支所は26日午後開始、他支所は通常通り,https://www.okinawatimes.co.jp/articles/-/1909942,https://news.ceek.jp/search.cgi?category_id=local&feed=1,ok,,地方・地域
2026-08-26,2026-08-26T12:58:01.503664+09:00,その他メディア,,日本テレビ,名古屋市「プレミアム付き電子商品券」 購入口数が決定 56万人超が申し込み,https://news.ntv.co.jp/category/society/ctcb97abda907b4bfba6eb309b3692d0b2,https://news.ceek.jp/search.cgi?category_id=local&feed=1,ok,,地方・地域
2026-08-26,2026-08-26T12:58:01.503664+09:00,その他メディア,,日本テレビ,青森県も協力 つがる市の脱炭素電源活用型産業団地の整備2029年度までに完成 宮下青森県知事,https://news.ntv.co.jp/category/society/ra26a9b2968671415680c2419c8c5218a5,https://news.ceek.jp/search.cgi?category_id=local&feed=1,ok,,地方・地域
2026-08-26,2026-08-26T12:58:01.503664+09:00,その他メディア,,朝日放送,"心斎橋に西日本最大級のディズニーストア開業 ""大阪らしい""商品も",https://www.asahi.co.jp/webnews/pages/abc_62225.html,https://news.ceek.jp/search.cgi?category_id=local&feed=1,ok,,地方・地域
2026-08-26,2026-08-26T12:58:01.503664+09:00,その他メディア,,九州朝日放送,九州一斉飲酒運転撲滅特別取り締まり,https://kbc.co.jp/news/article.php?id=18046974&ymd=2026-08-26,https://news.ceek.jp/search.cgi?category_id=local&feed=1,ok,,地方・地域
2026-08-26,2026-08-26T12:58:01.503664+09:00,その他メディア,,日本テレビ,【天気情報】山陰地方は残暑が厳しくなる見込み 予想最高気温は鳥取・米子・松江で37°C 鳥取県・島根県,https://news.ntv.co.jp/category/society/nkd09d19f1f49044a5b9dde7846859cd70,https://news.ceek.jp/search.cgi?category_id=local&feed=1,ok,,地方・地域
2026-08-26,2026-08-26T12:58:01.503664+09:00,その他メディア,,TOKYO HEADLINE,M!LK 塩﨑太智と=LOVE 佐々木舞香が浴衣で最新月見バーガー「目が飛び出ます!」新CMに出演,https://www.tokyoheadline.com/868752/,https://news.ceek.jp/search.cgi?category_id=local&feed=1,ok,,地方・地域
2026-08-26,2026-08-26T12:58:01.503664+09:00,地方紙,福岡,西日本新聞,福岡・宗像市の火災で消防隊出動 田野270番付近(8月26日午...,https://www.nishinippon.co.jp/item/1530740/,https://news.ceek.jp/search.cgi?category_id=local&feed=1,ok,,地方・地域
2026-08-26,2026-08-26T12:58:01.503664+09:00,その他メディア,,日本テレビ,食パンなどの不法投棄問題 平井知事は「餌付けによってパン食文化が始まる可能性が」 毒物は検出されず 鳥取県,https://news.ntv.co.jp/category/society/nk32683ab3c2d148fb839a54ee250316d0,https://news.ceek.jp/search.cgi?category_id=local&feed=1,ok,,地方・地域
2026-08-26,2026-08-26T12:58:01.503664+09:00,その他メディア,,TBSテレビ,「復興ではなく復活」熊本地震と去年の大雨被害から再起へ 危機に直面する国内9割のイ草産地 熊本地震まもなく1か月【 現場から、】,https://newsdig.tbs.co.jp/articles/-/2897301?display=1,https://news.ceek.jp/search.cgi?category_id=local&feed=1,ok,,地方・地域
2026-08-26,2026-08-26T12:58:01.503664+09:00,地方紙,広島,中国新聞,合流協議「容易でない」,https://www.chugoku-np.co.jp/articles/-/884827,https://news.ceek.jp/search.cgi?category_id=local&feed=1,ok,,地方・地域
2026-08-26,2026-08-26T12:58:01.503664+09:00,全国紙,全国,中日新聞,合流協議「容易でない」 中道・小川氏,https://www.chunichi.co.jp/article/1301851,https://news.ceek.jp/search.cgi?category_id=local&feed=1,ok,,地方・地域
2026-08-26,2026-08-26T12:58:01.503664+09:00,地方紙,広島,中国新聞,女子生徒遺族「検証簡素になるのは避けて」,https://www.chugoku-np.co.jp/articles/-/884825,https://news.ceek.jp/search.cgi?category_id=local&feed=1,ok,,地方・地域
2026-08-26,2026-08-26T12:58:01.503664+09:00,その他メディア,,朝日放送,最高32万4000円で価格は二極化 高島屋大阪店で来年のおせち発表,https://www.asahi.co.jp/webnews/pages/abc_62226.html,https://news.ceek.jp/search.cgi?category_id=local&feed=1,ok,,地方・地域
2026-08-26,2026-08-26T12:58:01.503664+09:00,その他メディア,,神奈川新聞,川崎競輪場でワールドシリーズ 「クールポコ。」ライブも開催、30日から,https://www.kanaloco.jp/news/life/article-1299504.html,https://news.ceek.jp/search.cgi?category_id=local&feed=1,ok,,地方・地域
2026-08-26,2026-08-26T12:58:01.503664+09:00,その他メディア,,北日本新聞,雨晴駅を改修へ、観光客急増に対応し魅力高める 高岡市が9月補正予算案発表,https://webun.jp/articles/-/1080718,https://news.ceek.jp/search.cgi?category_id=local&feed=1,ok,,地方・地域
2026-08-26,2026-08-26T12:58:01.503664+09:00,その他メディア,,フジテレビ,高岡市伏木地区で液状化対策の実証実験に向けた工事が本格化 「地下水位低下工法」による再発防止策を検討,https://www.fnn.jp/articles/-/1101579,https://news.ceek.jp/search.cgi?category_id=local&feed=1,ok,,地方・地域
2026-08-26,2026-08-26T12:58:01.503664+09:00,地方紙,京都,京都新聞,【速報】辺野古転覆事故の遺族「検証が簡素になることは避けてほしい」学校法人理事長の辞任発表受け,https://www.kyoto-np.co.jp/articles/-/1778250,https://news.ceek.jp/search.cgi?category_id=local&feed=1,ok,,地方・地域
2026-08-26,2026-08-26T12:58:01.503664+09:00,その他メディア,,宮崎日日新聞,ラグビー日本代表あすから宮崎県合宿 竹内(宮工高出)ら34人参加,https://www.the-miyanichi.co.jp/miyaspo/ippan/1039817.html,https://news.ceek.jp/search.cgi?category_id=local&feed=1,ok,,地方・地域
2026-08-26,2026-08-26T12:58:01.503664+09:00,地方紙,福岡,西日本新聞,住居侵入と窃盗の疑いで福岡市博多区の女を再逮捕 容疑を一部否認,https://www.nishinippon.co.jp/item/1530736/,https://news.ceek.jp/search.cgi?category_id=local&feed=1,ok,,地方・地域
2026-08-26,2026-08-26T12:58:01.503664+09:00,その他メディア,,佐賀新聞,行方不明者の手配,https://www.saga-s.co.jp/articles/-/1778278,https://news.ceek.jp/search.cgi?category_id=local&feed=1,ok,,地方・地域
2026-08-26,2026-08-26T12:58:01.503664+09:00,その他メディア,,山形新聞,同僚に銃口を向けた警部補を所属長訓戒 県警本部に勤務,https://www.yamagata-np.jp/news/202608/26/kj_2026082600634.php,https://news.ceek.jp/search.cgi?category_id=local&feed=1,ok,,地方・地域
2026-08-26,2026-08-26T12:58:01.503664+09:00,その他メディア,,愛媛新聞,愛媛大、社会人対象に「観光サービス人材リカレントプログラム」受講生募集,https://www.ehime-np.co.jp/article/news202608260172,https://news.ceek.jp/search.cgi?category_id=local&feed=1,ok,,地方・地域
2026-08-26,2026-08-26T12:58:01.503664+09:00,その他メディア,,日本テレビ,青森県八戸市沖 イカ釣り漁船が漁船と衝突後タンカーとも衝突 けが人なし、油の流出なし 八戸海上保安部発表,https://news.ntv.co.jp/category/society/ra663f0b02b5cb4658809e33bdca0c1d63,https://news.ceek.jp/search.cgi?category_id=local&feed=1,ok,,地方・地域
2026-08-26,2026-08-26T12:58:01.503664+09:00,その他メディア,,TBSテレビ,奄美地方で大手3社など通信障害 台風18号の影響 音声通話やデータ通信が利用しづらく 鹿児島,https://newsdig.tbs.co.jp/articles/-/2897254?display=1,https://news.ceek.jp/search.cgi?category_id=local&feed=1,ok,,地方・地域
2026-08-26,2026-08-26T12:58:01.503664+09:00,その他メディア,,岩手日報,盛岡のマンション契約で詐欺疑い 共犯の東京都の男を逮捕 岩手県警,https://www.iwate-np.co.jp/article/2026/8/26/196280,https://news.ceek.jp/search.cgi?category_id=local&feed=1,ok,,地方・地域
2026-08-26,2026-08-26T12:58:01.503664+09:00,地方紙,京都,京都新聞,【コメント全文】「理事長辞任で、検証が簡素になることは避けていただきたい」辺野古転覆事故の遺族,https://www.kyoto-np.co.jp/articles/-/1778240,https://news.ceek.jp/search.cgi?category_id=local&feed=1,ok,,地方・地域
2026-08-26,2026-08-26T12:58:01.503664+09:00,その他メディア,,朝日放送,「特別区は身近な住民サービスに専念」大阪都構想、6回目の法定協,https://www.asahi.co.jp/webnews/pages/abc_62224.html,https://news.ceek.jp/search.cgi?category_id=local&feed=1,ok,,地方・地域
2026-08-26,2026-08-26T12:58:01.503664+09:00,その他メディア,,日本テレビ,「すごく助かる」地震で運転見合わせのJR鹿児島線 宇土~八代で代行バス運行始まる,https://news.ntv.co.jp/category/society/kk14b0f8a820c54ad7b17a7ef9611c7ad3,https://news.ceek.jp/search.cgi?category_id=local&feed=1,ok,,地方・地域
2026-08-26,2026-08-26T12:58:01.503664+09:00,その他メディア,,宮崎日日新聞,宮日早起き野球 高鍋/小林/えびの,https://www.the-miyanichi.co.jp/miyaspo/kiroku/1039814.html,https://news.ceek.jp/search.cgi?category_id=local&feed=1,ok,,地方・地域
2026-08-26,2026-08-26T12:58:01.503664+09:00,その他メディア,,TBSテレビ,「非常に難しい。冷静に判断していきたい」13人がワンヘルス政策を検証「行政改革審議会」で初会合 福岡県,https://newsdig.tbs.co.jp/articles/-/2896865?display=1,https://news.ceek.jp/search.cgi?category_id=local&feed=1,ok,,地方・地域
2026-08-26,2026-08-26T12:58:01.503664+09:00,その他メディア,,大分合同新聞,別府市で浜脇薬師祭りと温泉ぶっかけフェス開催へ 堀江貴文氏「ぜひ来てほしい」,https://www.oita-press.co.jp/1010000000/2026/08/26/JDC2026082501134,https://news.ceek.jp/search.cgi?category_id=local&feed=1,ok,,地方・地域
2026-08-26,2026-08-26T12:58:01.503664+09:00,全国紙,全国,中日新聞,福岡県議長辞任言及避ける 木原氏「個人の出処進退」,https://www.chunichi.co.jp/article/1301847,https://news.ceek.jp/search.cgi?category_id=local&feed=1,ok,,地方・地域
2026-08-26,2026-08-26T12:58:01.503664+09:00,地方紙,広島,中国新聞,福岡県議長辞任言及避ける,https://www.chugoku-np.co.jp/articles/-/884824,https://news.ceek.jp/search.cgi?category_id=local&feed=1,ok,,地方・地域
2026-08-26,2026-08-26T12:58:01.503664+09:00,その他メディア,,TBSテレビ,「安定供給の実現に向けて託送料金単価を見直す」電気代に直結...電線や鉄塔など送配線の利用料を11%値上げへ モデル家計で月429円負担増 11月から 中国電力ネットワーク,https://newsdig.tbs.co.jp/articles/-/2897237?display=1,https://news.ceek.jp/search.cgi?category_id=local&feed=1,ok,,地方・地域
2026-08-26,2026-08-26T12:58:01.503664+09:00,その他メディア,,宮崎日日新聞,県高校1年生大会 登山、スポーツクライミング,https://www.the-miyanichi.co.jp/miyaspo/kiroku/1039811.html,https://news.ceek.jp/search.cgi?category_id=local&feed=1,ok,,地方・地域
2026-08-26,2026-08-26T12:58:01.503664+09:00,その他メディア,,長崎新聞,十八親和銀行、長崎県内シェア82.71%...東京商工リサーチのメインバンク調査,https://www.nagasaki-np.co.jp/kijis/?kijiid=1465187932579627593,https://news.ceek.jp/search.cgi?category_id=local&feed=1,ok,,地方・地域
2026-08-26,2026-08-26T12:58:01.503664+09:00,その他メディア,,日本テレビ,「未明に出火」玉名市で住宅を全焼 住んでいた男性がけが,https://news.ntv.co.jp/category/society/kkd41514a371244b3c86bfe87662c33204,https://news.ceek.jp/search.cgi?category_id=local&feed=1,ok,,地方・地域
2026-08-26,2026-08-26T12:58:01.503664+09:00,その他メディア,,日本テレビ,【近畿の天気】26日(水)昼 大阪は晴れ時々曇りで厳しい暑さ 最高気温は25日と同じくらいのところが多い予想,https://news.ntv.co.jp/category/weather/yt9aa41dc708414779a0d07a0d230b621b,https://news.ceek.jp/search.cgi?category_id=local&feed=1,ok,,地方・地域
2026-08-26,2026-08-26T12:58:01.503664+09:00,その他メディア,,TBSテレビ,台風18号で3人がけが 本島北部では影響残り2200戸が停電 航空便は268便が欠航,https://newsdig.tbs.co.jp/articles/-/2897311?display=1,https://news.ceek.jp/search.cgi?category_id=local&feed=1,ok,,地方・地域
2026-08-26,2026-08-26T12:58:01.503664+09:00,その他メディア,,日本テレビ,熊本市新庁舎検証委員会 市が5つのパターンに分け議論する方向性示す,https://news.ntv.co.jp/category/society/kk5ed34f7f2f0a445795024d20f57c6720,https://news.ceek.jp/search.cgi?category_id=local&feed=1,ok,,地方・地域
2026-08-26,2026-08-26T12:58:01.503664+09:00,その他メディア,,上毛新聞,靴選びや悩みをサポート 楽歩堂と群馬パース大の学生が連携 29日に高崎本店でイベント,https://www.jomo-news.co.jp/articles/-/1008708,https://news.ceek.jp/search.cgi?category_id=local&feed=1,ok,,地方・地域
