date,collected_at,category,region,newspaper,headline,url,source_url,status,error_message,topic
2026-08-14,2026-08-14T06:31:43.614533+09:00,全国紙,全国,読売新聞,,,,skipped,robots.txtが一般クローラー/AI系UAを名指しで包括的にDisallow。2024年1月のToS改定で自動収集・生成AI学習目的の収集を明示的に禁止しているため、自動取得の対象外とする。,
2026-08-14,2026-08-14T06:31:43.614533+09:00,全国紙,全国,朝日新聞,反戦デモに罵倒、それでも街頭に立った 忘れられない元兵士の慟哭,http://www.asahi.com/articles/ASV8B12W9V8BUTIL016M.html,https://www.asahi.com/rss/asahi/newsheadlines.rdf,ok,,社会
2026-08-14,2026-08-14T06:31:43.614533+09:00,全国紙,全国,朝日新聞,立ち往生する車、道路は至るところで冠水 千葉で大雨特別警報,http://www.asahi.com/articles/ASV8F4HGKV8FUEFT011M.html,https://www.asahi.com/rss/asahi/newsheadlines.rdf,ok,,社会
2026-08-14,2026-08-14T06:31:43.614533+09:00,全国紙,全国,朝日新聞,海峡挟んで花火が競演 夜空を彩る関門海峡花火大会,http://www.asahi.com/articles/ASV8F44J0V8FPQIP02HM.html,https://www.asahi.com/rss/asahi/newsheadlines.rdf,ok,,社会
2026-08-14,2026-08-14T06:31:43.614533+09:00,全国紙,全国,朝日新聞,【動画まとめ】千葉県にレベル5大雨特別警報 「身の安全の確保を」,http://www.asahi.com/articles/ASV8F45LTV8FUEFT00YM.html,https://www.asahi.com/rss/asahi/newsheadlines.rdf,ok,,社会
2026-08-14,2026-08-14T06:31:43.614533+09:00,全国紙,全国,朝日新聞,母の口座から約2800万円引き出し 殺人容疑の長女、投げ銭か,http://www.asahi.com/articles/ASV8F2CPDV8FUDCB00BM.html,https://www.asahi.com/rss/asahi/newsheadlines.rdf,ok,,社会
2026-08-14,2026-08-14T06:31:43.614533+09:00,全国紙,全国,朝日新聞,熊本地震、被災の氷川町に2階建て仮設住宅、自宅敷地での仮設も推進,http://www.asahi.com/articles/ASV8F23C5V8FTLVB001M.html,https://www.asahi.com/rss/asahi/newsheadlines.rdf,ok,,社会
2026-08-14,2026-08-14T06:31:43.614533+09:00,全国紙,全国,朝日新聞,皇室典範の議論 秋篠宮さま「生身の人間、色々と思うところある」,http://www.asahi.com/articles/ASV8F11LSV8FUTIL00KM.html,https://www.asahi.com/rss/asahi/newsheadlines.rdf,ok,,社会
2026-08-14,2026-08-14T06:31:43.614533+09:00,全国紙,全国,朝日新聞,皇室典範改正めぐる発言「控える」 秋篠宮さまが評価示さない背景は,http://www.asahi.com/articles/ASV8F2SLJV8FUTIL00RM.html,https://www.asahi.com/rss/asahi/newsheadlines.rdf,ok,,社会
2026-08-14,2026-08-14T06:31:43.614533+09:00,全国紙,全国,朝日新聞,逆風の東京地検トップに女性初の松下氏 「行きすぎた正義感改める」,http://www.asahi.com/articles/ASV8F2SJCV8FUTIL02FM.html,https://www.asahi.com/rss/asahi/newsheadlines.rdf,ok,,社会
2026-08-14,2026-08-14T06:31:43.614533+09:00,全国紙,全国,朝日新聞,60代男性がクマに襲われ、顔などにけが 仙台・上愛子の園芸店近く,http://www.asahi.com/articles/ASV8F2QXWV8FUNHB003M.html,https://www.asahi.com/rss/asahi/newsheadlines.rdf,ok,,社会
2026-08-14,2026-08-14T06:31:43.614533+09:00,全国紙,全国,朝日新聞,英明が隙見逃さず得点、松本は5回無失点の好投 大分商は九回に一矢,http://www.asahi.com/articles/ASV8F313TV8FUQIP03PM.html,https://www.asahi.com/rss/asahi/newsheadlines.rdf,ok,,スポーツ
2026-08-14,2026-08-14T06:31:43.614533+09:00,全国紙,全国,朝日新聞,花巻東・萬谷の鋭い変化球、岡山学芸館崩せるか 第10日の見どころ,http://www.asahi.com/articles/ASV8F1TYLV8FPTQP006M.html,https://www.asahi.com/rss/asahi/newsheadlines.rdf,ok,,スポーツ
2026-08-14,2026-08-14T06:31:43.614533+09:00,全国紙,全国,朝日新聞,あと1死で勝利のはずが...きっとあの夏も財産 棚橋弘至さんの観戦記,http://www.asahi.com/articles/ASV8F33CRV8FUTQP02GM.html,https://www.asahi.com/rss/asahi/newsheadlines.rdf,ok,,スポーツ
2026-08-14,2026-08-14T06:31:43.614533+09:00,全国紙,全国,朝日新聞,東日大昌平、同点の五回に一挙5点 青森山田は好機を生かしきれず,http://www.asahi.com/articles/ASV8F2RS2V8FUQIP02QM.html,https://www.asahi.com/rss/asahi/newsheadlines.rdf,ok,,スポーツ
2026-08-14,2026-08-14T06:31:43.614533+09:00,全国紙,全国,朝日新聞,健大高崎の哲学は継投で勝つ 監督が「勝因」と語った2番手の好投,http://www.asahi.com/articles/ASV8F20YRV8FUTQP02KM.html,https://www.asahi.com/rss/asahi/newsheadlines.rdf,ok,,スポーツ
2026-08-14,2026-08-14T06:31:43.614533+09:00,全国紙,全国,朝日新聞,豚肉と鶏肉が最高値を更新 物価高で牛→豚鶏への需要シフトも影響か,http://www.asahi.com/articles/ASV8F2V63V8FULFA019M.html,https://www.asahi.com/rss/asahi/newsheadlines.rdf,ok,,ビジネス
2026-08-14,2026-08-14T06:31:43.614533+09:00,全国紙,全国,朝日新聞,ロシアの大きな存在、エネルギー政策に影響は 大統領の北方領土訪問,http://www.asahi.com/articles/ASV8F2G9PV8FULFA00ZM.html,https://www.asahi.com/rss/asahi/newsheadlines.rdf,ok,,ビジネス
2026-08-14,2026-08-14T06:31:43.614533+09:00,全国紙,全国,朝日新聞,7月の企業物価指数、2カ月連続で7%超え 「川下」への波及が焦点,http://www.asahi.com/articles/ASV8F0TXWV8FULFA005M.html,https://www.asahi.com/rss/asahi/newsheadlines.rdf,ok,,ビジネス
2026-08-14,2026-08-14T06:31:43.614533+09:00,全国紙,全国,朝日新聞,レシピやビジネスも...新聞や雑誌から回答 KDDIが新AIサービス,http://www.asahi.com/articles/ASV8712HVV87ULFA031M.html,https://www.asahi.com/rss/asahi/newsheadlines.rdf,ok,,ビジネス
2026-08-14,2026-08-14T06:31:43.614533+09:00,全国紙,全国,朝日新聞,AI時代に新聞・出版はどう稼ぐ 利益分配の新モデル、担当者に聞く,http://www.asahi.com/articles/ASV87142HV87ULFA016M.html,https://www.asahi.com/rss/asahi/newsheadlines.rdf,ok,,ビジネス
2026-08-14,2026-08-14T06:31:43.614533+09:00,全国紙,全国,朝日新聞,パワハラ認定の横浜市長 市議会で涙浮かべ謝罪繰り返す 辞職は否定,http://www.asahi.com/articles/ASV8F3PY0V8FULOB013M.html,https://www.asahi.com/rss/asahi/newsheadlines.rdf,ok,,政治
2026-08-14,2026-08-14T06:31:43.614533+09:00,全国紙,全国,朝日新聞,辺野古移設より経済対策が争点か 沖縄県知事選、投開票まで1カ月,http://www.asahi.com/articles/ASV8D3TC6V8DTPOB002M.html,https://www.asahi.com/rss/asahi/newsheadlines.rdf,ok,,政治
2026-08-14,2026-08-14T06:31:43.614533+09:00,全国紙,全国,朝日新聞,高市首相「断じて許容できぬ」 プーチン氏の択捉島訪問、外相も抗議,http://www.asahi.com/articles/ASV8F2FRHV8FULFA014M.html,https://www.asahi.com/rss/asahi/newsheadlines.rdf,ok,,政治
2026-08-14,2026-08-14T06:31:43.614533+09:00,全国紙,全国,朝日新聞,香川知事選が告示、現新4人が立候補 それぞれの主張と目指す社会は,http://www.asahi.com/articles/ASV8D7H4ZV8DPLXB002M.html,https://www.asahi.com/rss/asahi/newsheadlines.rdf,ok,,政治
2026-08-14,2026-08-14T06:31:43.614533+09:00,全国紙,全国,朝日新聞,JR東海の「上から目線」と川勝氏の思惑 有識者に聞くリニアの教訓,http://www.asahi.com/articles/ASV8D0H0HV8DUTPB00CM.html,https://www.asahi.com/rss/asahi/newsheadlines.rdf,ok,,政治
2026-08-14,2026-08-14T06:31:43.614533+09:00,全国紙,全国,朝日新聞,プーチン氏の北方領土訪問「今後も続く」 日本に原因、ロシア専門家,http://www.asahi.com/articles/ASV8F555KV8FUHBI01XM.html,https://www.asahi.com/rss/asahi/newsheadlines.rdf,ok,,国際
2026-08-14,2026-08-14T06:31:43.614533+09:00,全国紙,全国,朝日新聞,米空母、対イラン戦闘の配備長期化で家族らに募る不満 士気にも影響,http://www.asahi.com/articles/ASV8F6RL5V8FSFVU2RYM.html,https://www.asahi.com/rss/asahi/newsheadlines.rdf,ok,,国際
2026-08-14,2026-08-14T06:31:43.614533+09:00,全国紙,全国,朝日新聞,プーチン氏、日本に揺さぶり 募った不満と不要になった「気遣い」,http://www.asahi.com/articles/ASV8F36F7V8FUHBI00NM.html,https://www.asahi.com/rss/asahi/newsheadlines.rdf,ok,,国際
2026-08-14,2026-08-14T06:31:43.614533+09:00,全国紙,全国,朝日新聞,「平和的解決を」「なぜ今」 プーチン氏の択捉訪問に不安と懸念の声,http://www.asahi.com/articles/ASV8F3390V8FUTIL01KM.html,https://www.asahi.com/rss/asahi/newsheadlines.rdf,ok,,国際
2026-08-14,2026-08-14T06:31:43.614533+09:00,全国紙,全国,朝日新聞,コロンビア地震、死者265人に 熊本やベネズエラとの比較報道も,http://www.asahi.com/articles/ASV8F2DMHV8FUEFT00FM.html,https://www.asahi.com/rss/asahi/newsheadlines.rdf,ok,,国際
2026-08-14,2026-08-14T06:31:43.614533+09:00,全国紙,全国,朝日新聞,準決勝進出の16チーム決まる 高校麻雀選手権、全国大会1日目終了,http://www.asahi.com/articles/ASV8F44NZV8FUCVL01WM.html,https://www.asahi.com/rss/asahi/newsheadlines.rdf,ok,,文化芸能
2026-08-14,2026-08-14T06:31:43.614533+09:00,全国紙,全国,朝日新聞,高校麻雀の夏、開幕 全国選手権大会に32チーム、熱戦繰り広げる,http://www.asahi.com/articles/ASV8F10B1V8FUCVL00BM.html,https://www.asahi.com/rss/asahi/newsheadlines.rdf,ok,,文化芸能
2026-08-14,2026-08-14T06:31:43.614533+09:00,全国紙,全国,朝日新聞,沖縄はカラオケ大国だった でも「歌うま県」は最下位 県民性を探る,http://www.asahi.com/articles/ASV88430DV88PTIL016M.html,https://www.asahi.com/rss/asahi/newsheadlines.rdf,ok,,社会
2026-08-14,2026-08-14T06:31:43.614533+09:00,全国紙,全国,朝日新聞,「憲法ミュージカル」10年ぶりに復活 施行80年の来年5月に上演,http://www.asahi.com/articles/ASV8B227QV8BOXIE04PM.html,https://www.asahi.com/rss/asahi/newsheadlines.rdf,ok,,社会
2026-08-14,2026-08-14T06:31:43.614533+09:00,全国紙,全国,朝日新聞,記憶保つ仕組み、冬眠させたマウスで解明 カギは強さより配置,http://www.asahi.com/articles/ASV8D2H05V8DUTFL02HM.html,https://www.asahi.com/rss/asahi/newsheadlines.rdf,ok,,サイエンス
2026-08-14,2026-08-14T06:31:43.614533+09:00,全国紙,全国,朝日新聞,千葉で特別警報 巨大な渦「モンスーンジャイア」異例の台風も影響か,http://www.asahi.com/articles/ASV8F4K9ZV8FUTFL01QM.html,https://www.asahi.com/rss/asahi/newsheadlines.rdf,ok,,サイエンス
2026-08-14,2026-08-14T06:31:43.614533+09:00,全国紙,全国,朝日新聞,火星の月から砂を持ち帰れ 探査機MMX、世界初の挑戦へ機体公開,http://www.asahi.com/articles/ASV8F1VZDV8FUTFL00RM.html,https://www.asahi.com/rss/asahi/newsheadlines.rdf,ok,,サイエンス
2026-08-14,2026-08-14T06:31:43.614533+09:00,全国紙,全国,朝日新聞,児童文学作家の高木敏子さん死去 戦争体験描いた「ガラスのうさぎ」,http://www.asahi.com/articles/ASV8F35T4V8FUCLV01SM.html,https://www.asahi.com/rss/asahi/newsheadlines.rdf,ok,,おくやみ
2026-08-14,2026-08-14T06:31:43.614533+09:00,全国紙,全国,朝日新聞,「世界の工場」へ突き進んだ改革 故・朱鎔基氏、引退後は揺り戻しも,http://www.asahi.com/articles/ASV8D4518V8DUHBI01JM.html,https://www.asahi.com/rss/asahi/newsheadlines.rdf,ok,,おくやみ
2026-08-14,2026-08-14T06:31:43.614533+09:00,全国紙,全国,朝日新聞,中国の朱鎔基・元首相が死去 改革路線進めた「剛腕首相」,http://www.asahi.com/articles/ASV8D3SXFV8DUHBI020M.html,https://www.asahi.com/rss/asahi/newsheadlines.rdf,ok,,おくやみ
2026-08-14,2026-08-14T06:31:43.614533+09:00,全国紙,全国,毎日新聞,揺らぐ「平和」:「平和都市」か「防衛産業」か 揺れる長崎が選択した道,https://mainichi.jp/articles/20260811/k00/00m/040/132000c,https://mainichi.jp/rss/etc/mainichi-flash.rss,ok,,ニュース
2026-08-14,2026-08-14T06:31:43.614533+09:00,全国紙,全国,毎日新聞,揺らぐ「平和」:「君シカオラン」とあおる国 人手不足の活況に中小企業が熱視線,https://mainichi.jp/articles/20260811/k00/00m/040/093000c,https://mainichi.jp/rss/etc/mainichi-flash.rss,ok,,ニュース
2026-08-14,2026-08-14T06:31:43.614533+09:00,全国紙,全国,毎日新聞,タイ公務員試験で大規模な点数改ざん 再計算で132位→1位に,https://mainichi.jp/articles/20260813/k00/00m/030/406000c,https://mainichi.jp/rss/etc/mainichi-flash.rss,ok,,ニュース
2026-08-14,2026-08-14T06:31:43.614533+09:00,全国紙,全国,毎日新聞,紀子さまがボローニャ国際絵本原画展を鑑賞 「さわる絵本」体験,https://mainichi.jp/articles/20260813/k00/00m/040/395000c,https://mainichi.jp/rss/etc/mainichi-flash.rss,ok,,ニュース
2026-08-14,2026-08-14T06:31:43.614533+09:00,全国紙,全国,毎日新聞,千葉・市原の村田川に氾濫発生情報 県水防対策本部,https://mainichi.jp/articles/20260814/k00/00m/040/002000c,https://mainichi.jp/rss/etc/mainichi-flash.rss,ok,,ニュース
2026-08-14,2026-08-14T06:31:43.614533+09:00,全国紙,全国,毎日新聞,千葉県18市1町に大雨特別警報 市川市で1人死亡 けが人も,https://mainichi.jp/articles/20260813/k00/00m/040/405000c,https://mainichi.jp/rss/etc/mainichi-flash.rss,ok,,ニュース
2026-08-14,2026-08-14T06:31:43.614533+09:00,全国紙,全国,毎日新聞,3年目の阪神・下村海翔 「5度目の正直」で涙のプロ初勝利,https://mainichi.jp/articles/20260813/k00/00m/050/401000c,https://mainichi.jp/rss/etc/mainichi-flash.rss,ok,,ニュース
2026-08-14,2026-08-14T06:31:43.614533+09:00,全国紙,全国,毎日新聞,千葉の大雨 政府、情報連絡室を官邸連絡室に格上げ,https://mainichi.jp/articles/20260813/k00/00m/010/402000c,https://mainichi.jp/rss/etc/mainichi-flash.rss,ok,,ニュース
2026-08-14,2026-08-14T06:31:43.614533+09:00,全国紙,全国,毎日新聞,げたの音、朝まで 郡上おどりで4日間の「徹夜おどり」スタート,https://mainichi.jp/articles/20260813/k00/00m/040/399000c,https://mainichi.jp/rss/etc/mainichi-flash.rss,ok,,ニュース
2026-08-14,2026-08-14T06:31:43.614533+09:00,全国紙,全国,毎日新聞,大分商の那賀監督「平田の伸びしろはまだまだある」 夏の甲子園,https://mainichi.jp/articles/20260813/k00/00m/050/392000c,https://mainichi.jp/rss/etc/mainichi-flash.rss,ok,,ニュース
2026-08-14,2026-08-14T06:31:43.614533+09:00,全国紙,全国,毎日新聞,関門海峡の夜空彩る大輪の花、観客魅了 熊本地震の復興へ願いも,https://mainichi.jp/articles/20260813/k00/00m/040/387000c,https://mainichi.jp/rss/etc/mainichi-flash.rss,ok,,ニュース
2026-08-14,2026-08-14T06:31:43.614533+09:00,全国紙,全国,毎日新聞,バスケットボール女子が韓国と親善試合 熊本地震の支援募金も,https://mainichi.jp/articles/20260813/k00/00m/050/389000c,https://mainichi.jp/rss/etc/mainichi-flash.rss,ok,,ニュース
2026-08-14,2026-08-14T06:31:43.614533+09:00,全国紙,全国,毎日新聞,中国・朱鎔基元首相の死去受け 高市首相が習近平氏らに弔意,https://mainichi.jp/articles/20260813/k00/00m/010/386000c,https://mainichi.jp/rss/etc/mainichi-flash.rss,ok,,ニュース
2026-08-14,2026-08-14T06:31:43.614533+09:00,全国紙,全国,毎日新聞,「道路に男性が浮いている」と通報 千葉・市川で1人が意識不明,https://mainichi.jp/articles/20260813/k00/00m/040/370000c,https://mainichi.jp/rss/etc/mainichi-flash.rss,ok,,ニュース
2026-08-14,2026-08-14T06:31:43.614533+09:00,全国紙,全国,毎日新聞,「平田で負けたら仕方ない」 大分商の「二刀流」夏の甲子園去る,https://mainichi.jp/articles/20260813/k00/00m/050/369000c,https://mainichi.jp/rss/etc/mainichi-flash.rss,ok,,ニュース
2026-08-14,2026-08-14T06:31:43.614533+09:00,全国紙,全国,毎日新聞,千葉・市川で崖崩れ 人的被害、確認されず 大雨特別警報,https://mainichi.jp/articles/20260813/k00/00m/040/368000c,https://mainichi.jp/rss/etc/mainichi-flash.rss,ok,,ニュース
2026-08-14,2026-08-14T06:31:43.614533+09:00,全国紙,全国,毎日新聞,英明監督「平田君にのびのび野球をやられたら...」 夏の甲子園,https://mainichi.jp/articles/20260813/k00/00m/050/367000c,https://mainichi.jp/rss/etc/mainichi-flash.rss,ok,,ニュース
2026-08-14,2026-08-14T06:31:43.614533+09:00,全国紙,全国,毎日新聞,「関西走り屋の聖地」で暴走行為 容疑で延べ40人を検挙 大阪,https://mainichi.jp/articles/20260813/k00/00m/040/362000c,https://mainichi.jp/rss/etc/mainichi-flash.rss,ok,,ニュース
2026-08-14,2026-08-14T06:31:43.614533+09:00,全国紙,全国,毎日新聞,プーチン氏の北方領土訪問 「特別軍事作戦」長引き国内アピール,https://mainichi.jp/articles/20260813/k00/00m/030/364000c,https://mainichi.jp/rss/etc/mainichi-flash.rss,ok,,ニュース
2026-08-14,2026-08-14T06:31:43.614533+09:00,全国紙,全国,毎日新聞,「球場が全部敵のように」英明・冨岡、ピンチしのぐ 夏の甲子園,https://mainichi.jp/articles/20260813/k00/00m/050/365000c,https://mainichi.jp/rss/etc/mainichi-flash.rss,ok,,ニュース
2026-08-14,2026-08-14T06:31:43.614533+09:00,全国紙,全国,日本経済新聞,,,,skipped,公式無料RSSなし。著作権ページで自動収集を明確に禁止しているため、自動取得の対象外とする。,
2026-08-14,2026-08-14T06:31:43.614533+09:00,全国紙,全国,産経新聞,千葉にレベル5大雨・土砂災害特別警報 2人死亡、1人心肺停止 避難指示40万人超え,https://www.sankei.com/article/20260814-SYCOUMEJHBOB7L5NTGPMFZBBYM/,https://www.sankei.com/,ok,,
2026-08-14,2026-08-14T06:31:43.614533+09:00,全国紙,全国,産経新聞,政府が外国と疑われる不審アカウント把握 高市首相「選挙への影...,https://www.sankei.com/article/20260318-U6PW4754BNE3XKFYBTQWPKM65A/,https://www.sankei.com/,ok,,
2026-08-14,2026-08-14T06:31:43.614533+09:00,全国紙,全国,産経新聞,衆院選で国会議員の部屋割り一変 小沢、岡田、安住氏ら自民に明...,https://www.sankei.com/article/20260304-C5JCVB743FEVZMNEAU76GY4VNQ/,https://www.sankei.com/,ok,,
2026-08-14,2026-08-14T06:31:43.614533+09:00,全国紙,全国,産経新聞,立正佼成会が衆院選で中道103人推薦 公明合流影響か 前回立...,https://www.sankei.com/article/20260303-EHLBLQ2BTRCSVGSJVFHI5TBX4U/,https://www.sankei.com/,ok,,
2026-08-14,2026-08-14T06:31:43.614533+09:00,全国紙,全国,産経新聞,中道落選者ヒアリングに170人 公明出身の比例名簿上位に不満...,https://www.sankei.com/article/20260228-EVZDJVSJZBANXN7Y4DVXWAX5RU/,https://www.sankei.com/,ok,,
2026-08-14,2026-08-14T06:31:43.614533+09:00,全国紙,全国,産経新聞,<主張>露大統領択捉上陸 「暴挙」を最大限非難する,https://www.sankei.com/article/20260814-RZD5HNYWVVMHDL5UB2YYMOMYHI/,https://www.sankei.com/,ok,,
2026-08-14,2026-08-14T06:31:43.614533+09:00,全国紙,全国,産経新聞,ビジュアル時空散歩 高校野球編 平成の怪物250球完投...炎天下に刻まれた名勝負,https://www.sankei.com/article/20260814-GL4ZGXU4JFLDHMP7CGMKGYRYLU/,https://www.sankei.com/,ok,,
2026-08-14,2026-08-14T06:31:43.614533+09:00,全国紙,全国,産経新聞,<産経抄>愚かな振る舞いいつまで、択捉島訪れたプーチン大統領,https://www.sankei.com/article/20260814-7N7EINCD45PMFDLMGADF4R5STM/,https://www.sankei.com/,ok,,
2026-08-14,2026-08-14T06:31:43.614533+09:00,全国紙,全国,産経新聞,車内に水「身の危険感じた」 徒歩での帰宅断念も 千葉県庁に500人 レベル5大雨警報,https://www.sankei.com/article/20260813-LAEWSFCTKRJ7VNJD3OHNIVQ6TI/,https://www.sankei.com/,ok,,
2026-08-14,2026-08-14T06:31:43.614533+09:00,全国紙,全国,産経新聞,「北方領土は日本主権」米国務省報道担当、日本政府を支持 プーチン氏の択捉島初訪問に,https://www.sankei.com/article/20260814-RZX6LJJO4NMLFL5NUQ2JEOCUPE/,https://www.sankei.com/,ok,,
2026-08-14,2026-08-14T06:31:43.614533+09:00,全国紙,全国,産経新聞,北方領土返還、交渉いっそう困難に 安倍政権で環境整備図るも停滞、ウクライナ侵略で中断,https://www.sankei.com/article/20260813-5L4AWCWBK5KNBJMPUWSYYTA57Q/,https://www.sankei.com/,ok,,
2026-08-14,2026-08-14T06:31:43.614533+09:00,全国紙,全国,産経新聞,ビルに流れ込む雨水、立ち往生する車、テレビ受信できず...千葉市中央区 レベル5大雨警報,https://www.sankei.com/article/20260813-OA7PWL33UZMNVLPW4RZS47ZTMY/,https://www.sankei.com/,ok,,
2026-08-14,2026-08-14T06:31:43.614533+09:00,全国紙,全国,産経新聞,プーチン氏、「愛国」で政権浮揚図る 北方領土初訪問 低下する支持率、迫る下院選,https://www.sankei.com/article/20260813-OGAXXMUTSFJEJIFQBZZ5LR4CIQ/,https://www.sankei.com/,ok,,
2026-08-14,2026-08-14T06:31:43.614533+09:00,全国紙,全国,産経新聞,葛飾北斎の「大波」を描く花のじゅうたん ダリア75万本 日ベルギー国交160年で,https://www.sankei.com/article/20260814-TCPGJGG56FNT7L7KE3S2F2464M/,https://www.sankei.com/,ok,,
2026-08-14,2026-08-14T06:31:43.614533+09:00,全国紙,全国,産経新聞,パワハラ認定の横浜・山中市長に市議会の自民会派が辞職申し入れへ 立民、公明は対応協議,https://www.sankei.com/article/20260813-S2L6F5626JL2BKSBW6GM6KI7PI/,https://www.sankei.com/,ok,,
2026-08-14,2026-08-14T06:31:43.614533+09:00,全国紙,全国,産経新聞,「AI & DX Leaders’ Conference 2026」9月11日 大手...,https://www.sankei.com/article/20260729-JONX5ORFAJBSBG4D2MGTPB6NP4/,https://www.sankei.com/,ok,,
2026-08-14,2026-08-14T06:31:43.614533+09:00,全国紙,全国,産経新聞,【アーカイブ配信中】人事部門向けセミナー「AIが駆動する人事3.0:採用・育成・タレ...,https://www.sankei.com/article/20260701-7TY77265CVCN5LQS464VQVIRPI/,https://www.sankei.com/,ok,,
2026-08-14,2026-08-14T06:31:43.614533+09:00,全国紙,全国,産経新聞,横須賀拠点の米空母を中東へ、対イラン軍事作戦で,https://www.sankei.com/article/20260814-MZRQN4LC5ROTPDAJAONV7C7Q2Q/,https://www.sankei.com/,ok,,
2026-08-14,2026-08-14T06:31:43.614533+09:00,全国紙,全国,産経新聞,ウクライナ外相、プーチン氏訪問「日本への侮辱」,https://www.sankei.com/article/20260813-74NGV477VROP7OKK6MYBYVH4CI/,https://www.sankei.com/,ok,,
2026-08-14,2026-08-14T06:31:43.614533+09:00,全国紙,全国,産経新聞,<主張>相次ぐ台風 油断せずに早めの備えを,https://www.sankei.com/article/20260814-HR7NCDDOFZOYLHGI2DZIIAFKB4/,https://www.sankei.com/,ok,,
2026-08-14,2026-08-14T06:31:43.614533+09:00,全国紙,全国,東京新聞,高市氏、首相として初の「終戦の日」何を語る? 過去には「反省なんかしない」「村山談話を無効にする」,https://www.tokyo-np.co.jp/article/508369,https://www.tokyo-np.co.jp/,ok,,
2026-08-14,2026-08-14T06:31:43.614533+09:00,全国紙,全国,東京新聞,「なんでこんな戦争で死んじゃったのか」戦友を失い冷めた熱...100歳の元通信兵が送る鎮魂のモールス信号,https://www.tokyo-np.co.jp/article/508356,https://www.tokyo-np.co.jp/,ok,,
2026-08-14,2026-08-14T06:31:43.614533+09:00,全国紙,全国,東京新聞,能登でも熊本でも、快適な2次避難所への移行が進まない...被災者のニーズとマッチしない現実、どうすれば?,https://www.tokyo-np.co.jp/article/508436,https://www.tokyo-np.co.jp/,ok,,
2026-08-14,2026-08-14T06:31:43.614533+09:00,全国紙,全国,東京新聞,会社法見直しは脱原発提案つぶし? 株主提案権制限の動きに「健全な経営監視」への影響を危惧する声,https://www.tokyo-np.co.jp/article/508434,https://www.tokyo-np.co.jp/,ok,,
2026-08-14,2026-08-14T06:31:43.614533+09:00,全国紙,全国,東京新聞,千葉県内で大雨、3人が死亡 避難指示一時40万人超,https://www.tokyo-np.co.jp/article/508502,https://www.tokyo-np.co.jp/,ok,,
2026-08-14,2026-08-14T06:31:43.614533+09:00,全国紙,全国,東京新聞,〈追悼〉「ガラスのうさぎ」高木敏子さん、最後のインタビューの時に明かした「いま許せないこと」,https://www.tokyo-np.co.jp/article/508458,https://www.tokyo-np.co.jp/,ok,,
2026-08-14,2026-08-14T06:31:43.614533+09:00,全国紙,全国,東京新聞,ナゼ電力会社が農業応援? 狙いはソーラーシェアリングの普及「農地守ることでエネルギーの未来支える」,https://www.tokyo-np.co.jp/article/508385,https://www.tokyo-np.co.jp/,ok,,
2026-08-14,2026-08-14T06:31:43.614533+09:00,全国紙,全国,東京新聞,トランプ大統領が「最も優れた報道官の一人」レビット報道官の退任を発表 家族との時間を優先,https://www.tokyo-np.co.jp/article/508386,https://www.tokyo-np.co.jp/,ok,,
2026-08-14,2026-08-14T06:31:43.614533+09:00,全国紙,全国,東京新聞,千葉県内レベル5の大雨特別警報 1人死亡、40万人超に避難指示,https://www.tokyo-np.co.jp/article/508396,https://www.tokyo-np.co.jp/,ok,,
2026-08-14,2026-08-14T06:31:43.614533+09:00,全国紙,全国,東京新聞,山中竹春・横浜市長、パワハラ謝罪も続投意欲「生まれ変わって、責任果たす」 人事への関与は「今後検証」,https://www.tokyo-np.co.jp/article/508301,https://www.tokyo-np.co.jp/,ok,,
2026-08-14,2026-08-14T06:31:43.614533+09:00,全国紙,全国,東京新聞,〈解説〉プーチン大統領の択捉島訪問、その狙いは...関係改善か圧力か、日本に迫る「踏み絵」的な揺さぶり,https://www.tokyo-np.co.jp/article/508408,https://www.tokyo-np.co.jp/,ok,,
2026-08-14,2026-08-14T06:31:43.614533+09:00,全国紙,全国,東京新聞,【独自】村山談話を機に「侵略」削る 終戦50年の国連安保理声明,https://www.tokyo-np.co.jp/article/508428,https://www.tokyo-np.co.jp/,ok,,
2026-08-14,2026-08-14T06:31:43.614533+09:00,全国紙,全国,東京新聞,千葉県にレベル5大雨特別警報 千葉駅前が冠水、帰宅困難者に県庁ホールを開放 都内の川も一時氾濫の恐れ,https://www.tokyo-np.co.jp/article/508421,https://www.tokyo-np.co.jp/,ok,,
2026-08-14,2026-08-14T06:31:43.614533+09:00,全国紙,全国,東京新聞,有明、昌平など3回戦へ 全国高校野球選手権第9日,https://www.tokyo-np.co.jp/article/508316,https://www.tokyo-np.co.jp/,ok,,
2026-08-14,2026-08-14T06:31:43.614533+09:00,全国紙,全国,東京新聞,天皇陛下の「国民の理解」発言に秋篠宮さま「その通りだと思っています」 改正皇室典範に初言及,https://www.tokyo-np.co.jp/article/508404,https://www.tokyo-np.co.jp/,ok,,
2026-08-14,2026-08-14T06:31:43.614533+09:00,全国紙,全国,東京新聞,スキマバイトで「カイジの世界」を見た高校生からのメール 仮眠は土足の床、「左手輪ゴムの人」と呼ばれ...,https://www.tokyo-np.co.jp/article/377300,https://www.tokyo-np.co.jp/,ok,,
2026-08-14,2026-08-14T06:31:43.614533+09:00,全国紙,全国,東京新聞,〈動画〉世耕弘成氏の自民党復党、結論を持ち越し 派閥裏金事件で離党、旧安倍派幹部「5人衆」,https://www.tokyo-np.co.jp/article/507018,https://www.tokyo-np.co.jp/,ok,,tag_movie
2026-08-14,2026-08-14T06:31:43.614533+09:00,全国紙,全国,東京新聞,〈動画〉山本太郎流との違いは? れいわ・山本譲司新代表 就任後初の会見で何を語った 新しい党名は,https://www.tokyo-np.co.jp/article/506743,https://www.tokyo-np.co.jp/,ok,,tag_movie
2026-08-14,2026-08-14T06:31:43.614533+09:00,全国紙,全国,東京新聞,〈動画〉望月衣塑子記者が中道・伊佐進一氏にインタビュー 消費税減税の高市首相案は「悪手」,https://www.tokyo-np.co.jp/article/506661,https://www.tokyo-np.co.jp/,ok,,tag_movie
2026-08-14,2026-08-14T06:31:43.614533+09:00,全国紙,全国,東京新聞,真夏のプールに「雪」が舞う グランドプリンスホテル高輪「氷彫刻」チームが魅せるワザ,https://www.tokyo-np.co.jp/article/507769,https://www.tokyo-np.co.jp/,ok,,square
2026-08-14,2026-08-14T06:31:43.614533+09:00,全国紙,全国,中日新聞,熊本地震 義援金受け付けています,https://www.chunichi.co.jp/article/1291440,https://www.chunichi.co.jp/,ok,,
2026-08-14,2026-08-14T06:31:43.614533+09:00,全国紙,全国,中日新聞,駐輪用木製バイクラック、災害時はベッドに変身 アジア大会に向け田口高校林業科の生徒が製作中,https://www.chunichi.co.jp/article/1296099,https://www.chunichi.co.jp/,ok,,
2026-08-14,2026-08-14T06:31:43.614533+09:00,全国紙,全国,中日新聞,肉眼でもくっきり「ペルセウス座流星群」 出現のピーク、新月と重なり観察に好条件,https://www.chunichi.co.jp/article/1296212,https://www.chunichi.co.jp/,ok,,
2026-08-14,2026-08-14T06:31:43.614533+09:00,全国紙,全国,中日新聞,【動画】郡上・徹夜おどり始まる おはやし、げた、手拍子...夜が更けるごとに高まる熱気,https://www.chunichi.co.jp/article/1295980,https://www.chunichi.co.jp/,ok,,
2026-08-14,2026-08-14T06:31:43.614533+09:00,全国紙,全国,中日新聞,千葉県内で大雨、3人が死亡 避難指示一時40万人超,https://www.chunichi.co.jp/article/1296236,https://www.chunichi.co.jp/,ok,,
2026-08-14,2026-08-14T06:31:43.614533+09:00,全国紙,全国,中日新聞,ティモール人はいつも犠牲者だった。支配する国が変わっただけ 「日本はもっと個人や遺族に関心を向けて」,https://www.chunichi.co.jp/article/1296151,https://www.chunichi.co.jp/,ok,,
2026-08-14,2026-08-14T06:31:43.614533+09:00,全国紙,全国,中日新聞,誰もが愛した玩具店「おもちゃのよこい」が期間限定復活 亡きおじちゃんは「きっと喜んでいる」,https://www.chunichi.co.jp/article/1296064,https://www.chunichi.co.jp/,ok,,
2026-08-14,2026-08-14T06:31:43.614533+09:00,全国紙,全国,中日新聞,福井県産米の内金、最大の引き下げ幅の1万2千円減 過去最高額だった昨年から一転,https://www.chunichi.co.jp/article/1296120,https://www.chunichi.co.jp/,ok,,
2026-08-14,2026-08-14T06:31:43.614533+09:00,全国紙,全国,中日新聞,東海市の大同特殊鋼知多工場で火災 出火から40時間以上、消火活動続く,https://www.chunichi.co.jp/article/1295905,https://www.chunichi.co.jp/,ok,,
2026-08-14,2026-08-14T06:31:43.614533+09:00,全国紙,全国,中日新聞,隻腕の売れっ子漫画家「笹山しげる」が語らなかった戦争体験 「俺は地獄へ行く身」演劇で生涯に迫る,https://www.chunichi.co.jp/article/1296124,https://www.chunichi.co.jp/,ok,,
2026-08-14,2026-08-14T06:31:43.614533+09:00,全国紙,全国,中日新聞,組み立て37分「熊本に思いを寄せる時間に」 熊本城の段ボール模型キットを販売、売上全額を寄付へ,https://www.chunichi.co.jp/article/1296044,https://www.chunichi.co.jp/,ok,,
2026-08-14,2026-08-14T06:31:43.614533+09:00,全国紙,全国,中日新聞,中日・岡林勇希、15戦ぶりスタメン落ちも代打安打で意地見せた 「きょうはよかった」鮮やかセンター返しを復調の兆しにできるか,https://www.chunichi.co.jp/article/1296199,https://www.chunichi.co.jp/,ok,,
2026-08-14,2026-08-14T06:31:43.614533+09:00,全国紙,全国,中日新聞,「移民ビジネス」外国人の受け入れを巡る現実と課題,https://www.chunichi.co.jp/article/1233264,https://www.chunichi.co.jp/,ok,,
2026-08-14,2026-08-14T06:31:43.614533+09:00,全国紙,全国,中日新聞,【南山大&中日新聞ポッドキャスト企画】アメリカを考える~独立宣言から250年の大変動,https://www.chunichi.co.jp/article/1270383,https://www.chunichi.co.jp/,ok,,
2026-08-14,2026-08-14T06:31:43.614533+09:00,全国紙,全国,中日新聞,【第1部・外国人団地】共生を目指す外国人労働者の姿を描く,https://www.chunichi.co.jp/article/1237076,https://www.chunichi.co.jp/,ok,,
2026-08-14,2026-08-14T06:31:43.614533+09:00,全国紙,全国,中日新聞,読者が選んだグッとコラム大賞は...?,https://www.chunichi.co.jp/article/1230731,https://www.chunichi.co.jp/,ok,,
2026-08-14,2026-08-14T06:31:43.614533+09:00,全国紙,全国,中日新聞,【デジタル地図】南海トラフ巨大地震の想定震度マップ。あなたの地域の想定震度をチェック,https://www.chunichi.co.jp/article/1046009,https://www.chunichi.co.jp/,ok,,
2026-08-14,2026-08-14T06:31:43.614533+09:00,全国紙,全国,中日新聞,【動画・写真多数】ぎふ長良川花火大会、どれも圧巻の1万発,https://www.chunichi.co.jp/article/1293215,https://www.chunichi.co.jp/,ok,,video
2026-08-14,2026-08-14T06:31:43.614533+09:00,全国紙,全国,中日新聞,【動画】八村塁選手の若手育成プロジェクトが最終日 豪快プレーで成果発揮,https://www.chunichi.co.jp/article/1293775,https://www.chunichi.co.jp/,ok,,video
2026-08-14,2026-08-14T06:31:43.614533+09:00,地方紙,北海道,北海道新聞,,,,skipped,公式RSSはあるが、見出し・本文の公開(再配信)を認めない旨の規約があるため自動取得の対象外とする。,
2026-08-14,2026-08-14T06:31:43.614533+09:00,地方紙,宮城,河北新報,,,,skipped,robots.txtが/rss/をDisallowしておりRSS購読不可。私的利用限定・二次利用禁止の規約があるため自動取得の対象外とする。,
2026-08-14,2026-08-14T06:31:43.614533+09:00,地方紙,新潟,新潟日報,,,,skipped,利用規約でデータマイニング・テキストマイニング・AI学習目的の情報処理・解析利用を明示的に禁止しているため自動取得の対象外とする。,
2026-08-14,2026-08-14T06:31:43.614533+09:00,地方紙,長野,信濃毎日新聞,イオンモールで働く妹は「間一髪だった」 熊本出身のAC長野・樋口叶選手、地震後に芽生えた思い08/14 06:05■実家も被害 再び故郷を襲った地震 サッカーJ3のAC長野パルセイロでプレーする熊本県出身の樋口叶選手(25)が7月28日に故郷を襲った地震に心を痛めている。震度6弱を観測した御船町にある実家は物が散乱するなど被害が出た。8歳下の妹は当日、イオンモール熊本でアルバイトをしていた。家族は全員無事だったが、10年前に実家...,https://www.shinmai.co.jp/news/article/gf01d9urm21gf3e481im1kpg,https://www.shinmai.co.jp/,ok,,
2026-08-14,2026-08-14T06:31:43.614533+09:00,地方紙,長野,信濃毎日新聞,【熊本地震】長野県から今できる支援は?情報をまとめました08/04 17:00,https://www.shinmai.co.jp/news/article/SHEX2026080300004812,https://www.shinmai.co.jp/,ok,,
2026-08-14,2026-08-14T06:31:43.614533+09:00,地方紙,長野,信濃毎日新聞,41年ぶりの南アルプス縦走 変わりゆく光景、変わらぬ姿 北アルプスとは違うたたずまい〈山と人と信州と〉08/14 06:04,https://www.shinmai.co.jp/news/article/gf01d9ul67um5strh1fb4sog,https://www.shinmai.co.jp/,ok,,
2026-08-14,2026-08-14T06:31:43.614533+09:00,地方紙,長野,信濃毎日新聞,「ここがわからんばい!信州」と「ちゅ~も」が初のコラボ! 夏休み特別マンガ公開08/14 06:03,https://www.shinmai.co.jp/news/article/gf01d9cs0otnt8tr77semb1g,https://www.shinmai.co.jp/,ok,,
2026-08-14,2026-08-14T06:31:43.614533+09:00,地方紙,長野,信濃毎日新聞,「自分たちが上」レッテルを作り替え温存される差別 他者の生きづらさにも目を(長野市)08/14 06:02,https://www.shinmai.co.jp/news/article/gf01d9umbc6m5strh1fb56h0,https://www.shinmai.co.jp/,ok,,
2026-08-14,2026-08-14T06:31:43.614533+09:00,地方紙,長野,信濃毎日新聞,「政治的中立」という名の圧力 辺野古事故後の平和学習 長野県の現場は萎縮を懸念08/14 06:01,https://www.shinmai.co.jp/news/article/gf01d9uq4t0h93r5kirdv830,https://www.shinmai.co.jp/,ok,,
2026-08-14,2026-08-14T06:31:43.614533+09:00,地方紙,長野,信濃毎日新聞,1おくやみ(8月14日付),https://www.shinmai.co.jp/news/article/gf01d9upu16m5strh1fb67k0,https://www.shinmai.co.jp/,ok,,
2026-08-14,2026-08-14T06:31:43.614533+09:00,地方紙,長野,信濃毎日新聞,2上田市で4棟焼く火災 3人がけが,https://www.shinmai.co.jp/news/article/gf01d9us39pgf3e481im1n6g,https://www.shinmai.co.jp/,ok,,
2026-08-14,2026-08-14T06:31:43.614533+09:00,地方紙,長野,信濃毎日新聞,4元妻勤務先で多額の不明金発覚 東御市の親子3人死傷事件、嘱託殺人容疑で46歳男再逮捕,https://www.shinmai.co.jp/news/article/gf01d9ut5c9gf3e481im1rig,https://www.shinmai.co.jp/,ok,,
2026-08-14,2026-08-14T06:31:43.614533+09:00,地方紙,長野,信濃毎日新聞,5「ある部屋で人影を...」心霊ツアー参加者がぽつり 無断立ち入りに悩む信濃町の廃ホテル,https://www.shinmai.co.jp/news/article/gf01d9ur29gh93r5kirdvecg,https://www.shinmai.co.jp/,ok,,
2026-08-14,2026-08-14T06:31:43.614533+09:00,地方紙,長野,信濃毎日新聞,7おくやみ(8月13日付),https://www.shinmai.co.jp/news/article/gf01d9u58oem5strh1fb31og,https://www.shinmai.co.jp/,ok,,
2026-08-14,2026-08-14T06:31:43.614533+09:00,地方紙,長野,信濃毎日新聞,8信州クイズチャレンジ ~長野県150周年記念~,https://www.shinmai.co.jp/news/article/SHEX2026071600004788,https://www.shinmai.co.jp/,ok,,
2026-08-14,2026-08-14T06:31:43.614533+09:00,地方紙,長野,信濃毎日新聞,9東御市の親子3人死傷事件 元妻への嘱託殺人容疑で46歳男を再逮捕,https://www.shinmai.co.jp/news/article/gf01d9uj7u61rg84iapjr6kg,https://www.shinmai.co.jp/,ok,,
2026-08-14,2026-08-14T06:31:43.614533+09:00,地方紙,長野,信濃毎日新聞,10長野県産ワイン高まる評価、盛り上がり期待の裏で苦慮する生産者の姿,https://www.shinmai.co.jp/news/article/gf01d9op4ie1rg84iapivp60,https://www.shinmai.co.jp/,ok,,
2026-08-14,2026-08-14T06:31:43.614533+09:00,地方紙,長野,信濃毎日新聞,天龍村の平岡ダム 戦後81年の夏に触れた、底見えぬ村民の苦悩長野県社会ウェブオリジナルイブニング信毎天龍村コラム「硬面軟面」08/13 06:05,https://www.shinmai.co.jp/news/article/gf01d9rg1em1rg84iapjepeg,https://www.shinmai.co.jp/,ok,,
2026-08-14,2026-08-14T06:31:43.614533+09:00,地方紙,長野,信濃毎日新聞,【Coming soon】「ここがわからんばい!信州」と「ちゅ~も」に一体何が...? 夏休み特別企画へ長野県くらし・話題ウェブオリジナルちゅ~もここがわからんばい!信州08/12 07:00,https://www.shinmai.co.jp/news/article/gf01d9crvu3bbaif2vd4d9kg,https://www.shinmai.co.jp/,ok,,
2026-08-14,2026-08-14T06:31:43.614533+09:00,地方紙,長野,信濃毎日新聞,想定外のサヨナラ押し出し死球 カメラマンが見た松商学園「伝説の一戦」【プレイバック1991】長野県スポーツイブニング信毎ウェブオリジナル高校野球コラム「硬面軟面」08/11 14:30,https://www.shinmai.co.jp/news/article/gf01d9tbqhmm5strh1favee0,https://www.shinmai.co.jp/,ok,,
2026-08-14,2026-08-14T06:31:43.614533+09:00,地方紙,長野,信濃毎日新聞,【4コマ】三日三晩踊り続けたら...【ここがわからんばい!信州】長野県主要くらし・話題ウェブオリジナルここがわからんばい!信州阿南町08/11 11:30,https://www.shinmai.co.jp/news/article/gf01d9sn0eum5strh1fastmg,https://www.shinmai.co.jp/,ok,,
2026-08-14,2026-08-14T06:31:43.614533+09:00,地方紙,長野,信濃毎日新聞,「メンバーが偉いわけではない」 SNSで称賛受けた松商学園の監督の信念【夏の甲子園】長野県主要スポーツウェブオリジナルイブニング信毎高校野球08/09 06:05,https://www.shinmai.co.jp/news/article/gf01d9rd6o6m5strh1fanarg,https://www.shinmai.co.jp/,ok,,
2026-08-14,2026-08-14T06:31:43.614533+09:00,地方紙,長野,信濃毎日新聞,信州山レポート 山岳情報ぎゅっとお届け長野県社会安全登山・遭難信州の山ウェブオリジナル08/09 15:00,https://www.shinmai.co.jp/news/article/SHEX2026071400004787,https://www.shinmai.co.jp/,ok,,
2026-08-14,2026-08-14T06:31:43.614533+09:00,地方紙,静岡,静岡新聞,,,https://www.at-s.com/,error,405 Client Error: Not Allowed for url: https://www.at-s.com/,
2026-08-14,2026-08-14T06:31:43.614533+09:00,地方紙,京都,京都新聞,人事異動ポータル,https://www.kyoto-np.co.jp/articles/-/1250583,https://www.kyoto-np.co.jp/,ok,,
2026-08-14,2026-08-14T06:31:43.614533+09:00,地方紙,京都,京都新聞,速報通行止めの九州道、全線で通行可能に,https://www.kyoto-np.co.jp/articles/-/1771795,https://www.kyoto-np.co.jp/,ok,,
2026-08-14,2026-08-14T06:31:43.614533+09:00,地方紙,京都,京都新聞,京都市中心部「創業300年以上」の11代目、京都大学から家業へ 作業着に染みた「父の匂い」が道しるべ4:50市内「加茂川や 清き流れに 千鳥すむ」京都・鴨川で憩う鳥を詠んだ古歌を商標とした「千鳥酢」。京都の名だたる料亭から家庭まで広く愛用され、京の食...,https://www.kyoto-np.co.jp/articles/-/1770869,https://www.kyoto-np.co.jp/,ok,,
2026-08-14,2026-08-14T06:31:43.614533+09:00,地方紙,京都,京都新聞,京都屈指「行列」人気店にほとんど並ばずに入店する裏技あった どうやって?観光タイム捻出や熱中症防止に威力5:00市内酷暑の中、京都有数の人気飲食店が、熱中症対策に力を入れている。行列に並んで1時間以上待つこともある中、各種の取り組みを展開。中でも目を引く...,https://www.kyoto-np.co.jp/articles/-/1769740,https://www.kyoto-np.co.jp/,ok,,
2026-08-14,2026-08-14T06:31:43.614533+09:00,地方紙,京都,京都新聞,京都市中京区の「京の台所」がユネスコ遺産を目指すワケ イタリアの歴史ある市場が抱える同じ悩みとは5:05市内京の台所として400年以上の歴史を持つ錦市場(京都市中京区)は本年度、ユネスコ無形文化遺産の登録に向けた検討を本格化させる。外国人観光客の...,https://www.kyoto-np.co.jp/articles/-/1771407,https://www.kyoto-np.co.jp/,ok,,
2026-08-14,2026-08-14T06:31:43.614533+09:00,地方紙,京都,京都新聞,「つらくて長らく話せなかったが」京都府中部の「戦争遺児」が苦労を語る理由1月15日地域太平洋戦争で父親を亡くした丹波地方の戦争遺児2人が、京都新聞社の取材に答え、戦後も続いた自身の苦労を語った。ともに「戦争は残された家族につ...,https://www.kyoto-np.co.jp/articles/-/1636496,https://www.kyoto-np.co.jp/,ok,,
2026-08-14,2026-08-14T06:31:43.614533+09:00,地方紙,京都,京都新聞,全国唯一「謎を呼ぶ」埴輪の「ミステリーサークル」 京都市西京区の「古墳」の意図は5:00市内長年、発掘調査を見てきたが、古墳ほど謎の多い遺構はない。権力者の埋葬施設に違いないが、まだ文字が普通に使われていない時代のものなので、当時...,https://www.kyoto-np.co.jp/articles/-/1746016,https://www.kyoto-np.co.jp/,ok,,
2026-08-14,2026-08-14T06:31:43.614533+09:00,地方紙,京都,京都新聞,京都市中京区の看護系大学「第1志望への高い就職実績」が強み 総合大学の看護学部との違いは?4:55市内大学教育を取り巻く環境が大きく変化している。少子化による競争激化、生成AIをはじめとする技術の進化、社会で求められるスキルの高度化―。こう...,https://www.kyoto-np.co.jp/articles/-/1770791,https://www.kyoto-np.co.jp/,ok,,
2026-08-14,2026-08-14T06:31:43.614533+09:00,地方紙,京都,京都新聞,京都の大手学習塾「京進」が少子化乗り越え成長へ 売上高のけん引役は今や塾にあらず4:45市内京進(京都市下京区)が事業の多角化を急いでいる。1975年に個人塾から出発した祖業の学習塾は少子化で市場の成長が限界に近づく一方、近年注力...,https://www.kyoto-np.co.jp/articles/-/1771438,https://www.kyoto-np.co.jp/,ok,,
2026-08-14,2026-08-14T06:31:43.614533+09:00,地方紙,京都,京都新聞,京都でも過熱する「お受験」私立小学校を考える家庭の「年収」は? 共働きで増える「ファジー層」8月13日地域,https://www.kyoto-np.co.jp/articles/-/1767562,https://www.kyoto-np.co.jp/,ok,,
2026-08-14,2026-08-14T06:31:43.614533+09:00,地方紙,京都,京都新聞,なぜ滋賀に「京阪電車」が走っているのか 100年前にあった鉄道版「国盗り物語」幻の超特急を追って8月13日地域,https://www.kyoto-np.co.jp/articles/-/1763134,https://www.kyoto-np.co.jp/,ok,,
2026-08-14,2026-08-14T06:31:43.614533+09:00,地方紙,京都,京都新聞,大阪の老舗出版社が「ブックカフェ」始めた理由 「本が身近ではなくなった」関西の出版界、今後どうなる?8月12日地域,https://www.kyoto-np.co.jp/articles/-/1768172,https://www.kyoto-np.co.jp/,ok,,
2026-08-14,2026-08-14T06:31:43.614533+09:00,地方紙,京都,京都新聞,京都市左京区の私立小学校が「募集削減」、入試見直す学校も 変化する京都の「お受験」の現状は8月12日地域,https://www.kyoto-np.co.jp/articles/-/1766723,https://www.kyoto-np.co.jp/,ok,,
2026-08-14,2026-08-14T06:31:43.614533+09:00,地方紙,京都,京都新聞,京都市バスで小学生女児を「取り残し」 「命に関わる」のに見落としたのはなぜ 見えているのに見えない8月12日市内,https://www.kyoto-np.co.jp/articles/-/1767648,https://www.kyoto-np.co.jp/,ok,,
2026-08-14,2026-08-14T06:31:43.614533+09:00,地方紙,京都,京都新聞,京都市北区の大学と祇園祭「知られざる」関係とは?「彬子さま」が鉾に搭乗、背景に「名物ゼミ」の縁8月11日市内,https://www.kyoto-np.co.jp/articles/-/1766745,https://www.kyoto-np.co.jp/,ok,,
2026-08-14,2026-08-14T06:31:43.614533+09:00,地方紙,京都,京都新聞,「広尾学園大阪」は洛星、高槻...関西名門をごぼう抜きするのか 偏差値上昇&志願者急増?国内外トップ大合格へ8月11日地域,https://www.kyoto-np.co.jp/articles/-/1763110,https://www.kyoto-np.co.jp/,ok,,
2026-08-14,2026-08-14T06:31:43.614533+09:00,地方紙,京都,京都新聞,京都の大手企業「AI」「データセンター」で業績上振れ 京セラや村田製作所が「増産投資」8月11日地域,https://www.kyoto-np.co.jp/articles/-/1770007,https://www.kyoto-np.co.jp/,ok,,
2026-08-14,2026-08-14T06:31:43.614533+09:00,地方紙,京都,京都新聞,高校野球 京都,https://www.kyoto-np.co.jp/articles/-/1746883,https://www.kyoto-np.co.jp/,ok,,
2026-08-14,2026-08-14T06:31:43.614533+09:00,地方紙,京都,京都新聞,高校野球 滋賀,https://www.kyoto-np.co.jp/articles/-/1747142,https://www.kyoto-np.co.jp/,ok,,
2026-08-14,2026-08-14T06:31:43.614533+09:00,地方紙,京都,京都新聞,ニッポンの課題、企業の考えは 2026年夏、主要111社景気アンケート全国・海外,https://www.kyoto-np.co.jp/articles/-/1770959,https://www.kyoto-np.co.jp/,ok,,
2026-08-14,2026-08-14T06:31:43.614533+09:00,地方紙,兵庫,神戸新聞,危険運転「曖昧な判断」解消へ 法改正で飲酒・速度違反に数値基準 兵庫県内で適用件数増の可能性,https://www.kobe-np.co.jp/news/society/202608/0020702989.shtml,https://www.kobe-np.co.jp/,ok,,
2026-08-14,2026-08-14T06:31:43.614533+09:00,地方紙,兵庫,神戸新聞,小学校教師から出征、残った肖像画に募る無念の思い 戦死した伯父の遺品保管、元高校教員の脇素子さん,https://www.kobe-np.co.jp/news/awaji/202608/0020702571.shtml,https://www.kobe-np.co.jp/,ok,,
2026-08-14,2026-08-14T06:31:43.614533+09:00,地方紙,兵庫,神戸新聞,次世代に平和つなぐ、憲法9条の碑を市民らが建立 40人が集い除幕式 神戸・灘区,https://www.kobe-np.co.jp/news/kobe/202608/0020702136.shtml,https://www.kobe-np.co.jp/,ok,,
2026-08-14,2026-08-14T06:31:43.614533+09:00,地方紙,兵庫,神戸新聞,三田・松が丘幼稚園、統合へ 29年4月、市が方針 ありまふじ幼稚園と,https://www.kobe-np.co.jp/news/sanda/202608/0020702490.shtml,https://www.kobe-np.co.jp/,ok,,
2026-08-14,2026-08-14T06:31:43.614533+09:00,地方紙,兵庫,神戸新聞,姫路の「スペシャルティコーヒー」味わって 4専門店、PRへチーム結成 焙煎・抽出のコラボイベント盛況,https://www.kobe-np.co.jp/news/himeji/202608/0020702182.shtml,https://www.kobe-np.co.jp/,ok,,
2026-08-14,2026-08-14T06:31:43.614533+09:00,地方紙,兵庫,神戸新聞,熊本地震受け備え再確認 上郡の防災教室に児童30人 非常食作りなど体験,https://www.kobe-np.co.jp/news/seiban/202608/0020702202.shtml,https://www.kobe-np.co.jp/,ok,,
2026-08-14,2026-08-14T06:31:43.614533+09:00,地方紙,兵庫,神戸新聞,文化、歴史の理解深め合う 書道を互いに披露、大屋小6年生とパラオの小学生オンライン交流,https://www.kobe-np.co.jp/news/tajima/202608/0020702212.shtml,https://www.kobe-np.co.jp/,ok,,
2026-08-14,2026-08-14T06:31:43.614533+09:00,地方紙,兵庫,神戸新聞,幕末-明治に活躍 絵師の河鍋暁斎、軽妙自在に躍る絵筆 110点公開、6割が日本初 神戸市博で特別展,https://www.kobe-np.co.jp/news/culture/202608/0020702969.shtml,https://www.kobe-np.co.jp/,ok,,
2026-08-14,2026-08-14T06:31:43.614533+09:00,地方紙,兵庫,神戸新聞,<あの日を遺す 戦後81年>(6)甲子園球場の鉄扉 西宮市甲子園町 惨禍くぐり抜けた「聖地」,https://www.kobe-np.co.jp/news/hanshin/202608/0020702141.shtml,https://www.kobe-np.co.jp/,ok,,
2026-08-14,2026-08-14T06:31:43.614533+09:00,地方紙,兵庫,神戸新聞,<丹波竜と歩む 化石発見から20年>(5)接点 生命、地層「ちーたん」が表現 公募重ね「誕生」、みんなのものに,https://www.kobe-np.co.jp/news/tanba/202608/0020702485.shtml,https://www.kobe-np.co.jp/,ok,,
2026-08-14,2026-08-14T06:31:43.614533+09:00,地方紙,兵庫,神戸新聞,次世代つなぐ防災人材育成を 災害ボランティア支援機構・高橋代表講演 丹波,https://www.kobe-np.co.jp/news/tanba/202608/0020702488.shtml,https://www.kobe-np.co.jp/,ok,,
2026-08-14,2026-08-14T06:31:43.614533+09:00,地方紙,兵庫,神戸新聞,熊本地震の被災者支援を 神戸市社協が市内15カ所に募金箱設置,https://www.kobe-np.co.jp/news/kobe/202608/0020702134.shtml,https://www.kobe-np.co.jp/,ok,,
2026-08-14,2026-08-14T06:31:43.614533+09:00,地方紙,兵庫,神戸新聞,定期旅客船「家島ライナー」9月から減便へ 燃料高騰、利用減で 最終便も出発繰り上げ,https://www.kobe-np.co.jp/news/himeji/202608/0020702189.shtml,https://www.kobe-np.co.jp/,ok,,
2026-08-14,2026-08-14T06:31:43.614533+09:00,地方紙,兵庫,神戸新聞,<新八さんが描いた戦争>(24)兵に窃盗の濡れ衣,https://www.kobe-np.co.jp/news/akashi/202608/0020702525.shtml,https://www.kobe-np.co.jp/,ok,,
2026-08-14,2026-08-14T06:31:43.614533+09:00,地方紙,兵庫,神戸新聞,<こうこはく通信>調査員を公募 縄文時代の昆虫を発掘,https://www.kobe-np.co.jp/news/touban/202608/0020702170.shtml,https://www.kobe-np.co.jp/,ok,,
2026-08-14,2026-08-14T06:31:43.614533+09:00,地方紙,兵庫,神戸新聞,<県政リアル 知事就任5年>(6)距離感 離れた大阪、県内首長も模索,https://www.kobe-np.co.jp/news/society/202608/0020681985.shtml,https://www.kobe-np.co.jp/,ok,,
2026-08-14,2026-08-14T06:31:43.614533+09:00,地方紙,兵庫,神戸新聞,<さいとうさんと「私」再び>対立 乗り越えるには 読者の反響編,https://www.kobe-np.co.jp/news/society/202607/0020625928.shtml,https://www.kobe-np.co.jp/,ok,,
2026-08-14,2026-08-14T06:31:43.614533+09:00,地方紙,兵庫,神戸新聞,高卒人材獲得あの手この手 県内高校生求人倍率4倍超、過去最高,https://www.kobe-np.co.jp/news/economy/202608/0020674757.shtml,https://www.kobe-np.co.jp/,ok,,
2026-08-14,2026-08-14T06:31:43.614533+09:00,地方紙,兵庫,神戸新聞,豊地小の統合方針、21日決定へ 三木市で総合教育会議 中学部活動の地域展開「課題解消へ努力」,https://www.kobe-np.co.jp/news/miki/202608/0020699121.shtml,https://www.kobe-np.co.jp/,ok,,
2026-08-14,2026-08-14T06:31:43.614533+09:00,地方紙,兵庫,神戸新聞,西宮市の「危ない交差点」 駅や大学の近く、高架下の変則六差路 自転車と車の事故多発,https://www.kobe-np.co.jp/news/richb/202608/0020694703.shtml,https://www.kobe-np.co.jp/,ok,,
2026-08-14,2026-08-14T06:31:43.614533+09:00,地方紙,広島,中国新聞,,,,skipped,利用規約でAI開発目的のディープラーニング等の情報処理・解析利用を明示的に禁止しているため自動取得の対象外とする。,
2026-08-14,2026-08-14T06:31:43.614533+09:00,地方紙,福岡,西日本新聞,,,,skipped,公式RSSはあるが、利用規約でAI学習目的の情報処理・解析利用を明示的に禁止しているため自動取得の対象外とする。,
2026-08-14,2026-08-14T06:31:43.614533+09:00,地方紙,熊本,熊本日日新聞,熊本市人事(2026年8月14日付),https://kumanichi.com/articles/2024956,https://kumanichi.com/rss.xml,ok,,
2026-08-14,2026-08-14T06:31:43.614533+09:00,地方紙,熊本,熊本日日新聞,NY株反発、69ドル高,https://kumanichi.com/articles/2025105,https://kumanichi.com/rss.xml,ok,,
2026-08-14,2026-08-14T06:31:43.614533+09:00,地方紙,熊本,熊本日日新聞,必要なネットワーク速度6割確保,https://kumanichi.com/articles/2025104,https://kumanichi.com/rss.xml,ok,,
2026-08-14,2026-08-14T06:31:43.614533+09:00,地方紙,熊本,熊本日日新聞,通行止めの九州道、全線で通行可能に,https://kumanichi.com/articles/2025106,https://kumanichi.com/rss.xml,ok,,
2026-08-14,2026-08-14T06:31:43.614533+09:00,地方紙,熊本,熊本日日新聞,ハーバード大巡る訴訟で政権敗訴,https://kumanichi.com/articles/2025103,https://kumanichi.com/rss.xml,ok,,
2026-08-14,2026-08-14T06:31:43.614533+09:00,地方紙,熊本,熊本日日新聞,【速報】九州道が全線通行可能に<2026年熊本地震>,https://kumanichi.com/articles/2024988,https://kumanichi.com/rss.xml,ok,,
2026-08-14,2026-08-14T06:31:43.614533+09:00,地方紙,熊本,熊本日日新聞,千葉県内で大雨、3人が死亡,https://kumanichi.com/articles/2025095,https://kumanichi.com/rss.xml,ok,,
2026-08-14,2026-08-14T06:31:43.614533+09:00,地方紙,熊本,熊本日日新聞,イラン軍事作戦の米空母交代へ,https://kumanichi.com/articles/2025101,https://kumanichi.com/rss.xml,ok,,
2026-08-14,2026-08-14T06:31:43.614533+09:00,地方紙,熊本,熊本日日新聞,為替相場 14日(日本時間 6時),https://kumanichi.com/articles/2025049,https://kumanichi.com/rss.xml,ok,,
2026-08-14,2026-08-14T06:31:43.614533+09:00,地方紙,熊本,熊本日日新聞,気象庁、千葉のレベル5特別警報を引き下げ,https://kumanichi.com/articles/2025102,https://kumanichi.com/rss.xml,ok,,
2026-08-14,2026-08-14T06:31:43.614533+09:00,地方紙,鹿児島,南日本新聞,〈詳報〉九州自動車道、17日ぶり全線開通へ 一部区間は対面通行、渋滞予測の時間帯も「被災地のため避けて」西日本高速道路は13日、熊本地震で通行止めとなっている九州自動車道の松橋インターチェンジ(IC)-えびのICについて、14日午前6時ごろ通行止めを解除すると発表した。応急復旧にめどがついたため。一部区間で片側1車線の対面通行や速度規制を設ける。九州道は17日ぶりに全線で一般車両の通行が可能になる。 対面通行は、宮原サービスエリア(SA)-八代ICの1.5キロ。上り線は川田橋の橋桁が変形し8月14日 05:45,https://373news.com/news/local/detail/238011/,https://373news.com/,ok,,local
2026-08-14,2026-08-14T06:31:43.614533+09:00,地方紙,鹿児島,南日本新聞,【近畿総体】フェンシング男子団体、鹿児島南3位 昨年まで2年連続準優勝「三度目の正直」ならず8月14日 06:30,https://373news.com/news/local/detail/238001/,https://373news.com/,ok,,local
2026-08-14,2026-08-14T06:31:43.614533+09:00,地方紙,鹿児島,南日本新聞,【近畿総体】卓球男子団体 れいめい、強豪に健闘 2年生主体のチーム「自信に」8月14日 06:30,https://373news.com/news/local/detail/237999/,https://373news.com/,ok,,local
2026-08-14,2026-08-14T06:31:43.614533+09:00,地方紙,鹿児島,南日本新聞,【近畿総体】フェンシング女子団体、鹿児島ベスト16 全国の難しさ実感8月14日 06:30,https://373news.com/news/local/detail/237997/,https://373news.com/,ok,,local
2026-08-14,2026-08-14T06:31:43.614533+09:00,地方紙,鹿児島,南日本新聞,【全国高校野球】や・か・ぜ通信-神村学園 初のベンチ入り、声で選手を鼓舞8月14日 06:30,https://373news.com/news/local/detail/237996/,https://373news.com/,ok,,local
2026-08-14,2026-08-14T06:31:43.614533+09:00,地方紙,鹿児島,南日本新聞,想像以上の被害...でも橋は落ちなかった――九州自動車道、予定よりスピード復旧なぜ? 「24時間総動員」ずれた橋桁ジャッキアップ8月14日 06:25,https://373news.com/news/local/detail/238010/,https://373news.com/,ok,,local
2026-08-14,2026-08-14T06:31:43.614533+09:00,地方紙,鹿児島,南日本新聞,孫たちと韓国岳で流星群ツアー...夜明け前、最後のやりとりに 頂上から約150メートル下の火口で74歳男性が心肺停止8月14日 06:15,https://373news.com/news/local/detail/238006/,https://373news.com/,ok,,local
2026-08-14,2026-08-14T06:31:43.614533+09:00,地方紙,鹿児島,南日本新聞,「予想より早くて驚いた」「効率段違い」 九州道全線再開に鹿児島県内の運送関係者安堵8月14日 06:00,https://373news.com/news/local/detail/238008/,https://373news.com/,ok,,local
2026-08-14,2026-08-14T06:31:43.614533+09:00,地方紙,鹿児島,南日本新聞,酒屋が選ぶ焼酎大賞 鹿県勢が3部門独占 国分「蔓無源氏」、本坊「蔵の隠き魅やげ」、原田「昇龍 原酒 BARREL」8月14日 06:00,https://373news.com/news/local/detail/238007/,https://373news.com/,ok,,local
2026-08-14,2026-08-14T06:31:43.614533+09:00,地方紙,鹿児島,南日本新聞,1焼酎ブーム去り、量販店増え...町の酒販店30軒から2、3軒へ――「人生ささげたのに何も残らない」70歳店主、地元米で新銘柄に挑む,https://373news.com/news/local/detail/237630/,https://373news.com/,ok,,local
2026-08-14,2026-08-14T06:31:43.614533+09:00,地方紙,鹿児島,南日本新聞,2大崎町・菱田川で見つかった遺体の身元判明 埼玉県の27歳男性,https://373news.com/news/local/detail/237987/,https://373news.com/,ok,,local
2026-08-14,2026-08-14T06:31:43.614533+09:00,地方紙,鹿児島,南日本新聞,3韓国岳火口で心肺停止の男性見つかる 流星群ツアー参加者を捜索中,https://373news.com/news/local/detail/237983/,https://373news.com/,ok,,local
2026-08-14,2026-08-14T06:31:43.614533+09:00,地方紙,鹿児島,南日本新聞,4【俳優・迫田孝也のオモ語り】悪役会議室、始動!,https://373news.com/news/local/detail/237867/,https://373news.com/,ok,,local
2026-08-14,2026-08-14T06:31:43.614533+09:00,地方紙,鹿児島,南日本新聞,5九州新幹線・鹿中央―新水俣 17日から6→14往復に増便 8月中の全線再開は困難,https://373news.com/news/local/detail/237910/,https://373news.com/,ok,,local
2026-08-14,2026-08-14T06:31:43.614533+09:00,地方紙,鹿児島,南日本新聞,6午前4時、国道を走るパトカーの前で止まった車...酒気帯び運転疑いで会社役員の男を逮捕,https://373news.com/news/local/detail/237935/,https://373news.com/,ok,,local
2026-08-14,2026-08-14T06:31:43.614533+09:00,地方紙,鹿児島,南日本新聞,7ゴルフ場従業員「不審な男を捕まえている」――35歳男を建造物侵入疑いで現行犯逮捕 昨年末にも同じゴルフ場に侵入,https://373news.com/news/local/detail/237950/,https://373news.com/,ok,,local
2026-08-14,2026-08-14T06:31:43.614533+09:00,地方紙,鹿児島,南日本新聞,8「白トラ」で魚を輸送した2社長に罰金50万円 鹿屋簡裁が略式命令,https://373news.com/news/local/detail/237964/,https://373news.com/,ok,,local
2026-08-14,2026-08-14T06:31:43.614533+09:00,地方紙,鹿児島,南日本新聞,9〈詳報〉H3ロケット打ち上げ2回連続成功 日本版GPS「みちびき」7機体制へ前進 種子島,https://373news.com/news/local/detail/237963/,https://373news.com/,ok,,local
2026-08-14,2026-08-14T06:31:43.614533+09:00,地方紙,鹿児島,南日本新聞,10九州自動車道、14日朝から松橋-えびの間通行止め解除,https://373news.com/news/local/detail/237989/,https://373news.com/,ok,,local
2026-08-14,2026-08-14T06:31:43.614533+09:00,地方紙,鹿児島,南日本新聞,「あって当然」「心の中に踏み込むようだ」...国会で審議続く国旗損壊罪 「日の丸のふるさと」鹿児島の人たちの思いはさまざま7月6日 14:48,https://373news.com/lineup/kotimina/detail/236152/,https://373news.com/,ok,,
2026-08-14,2026-08-14T06:31:43.614533+09:00,地方紙,沖縄,琉球新報,,,,skipped,利用規約で複製・複写・送信・頒布・蓄積・転載等を会社の承認なく行うことを広範に禁止しているため自動取得の対象外とする。,
2026-08-14,2026-08-14T06:31:43.614533+09:00,地方紙,沖縄,沖縄タイムス,陸自、身分隠し市民に接触 対象者ごとに4段階の基準で運用 仕事内容は「ぼかす」よう指示8月14日 5:43陸上自衛隊陸上自衛隊中央情報隊の対外情報部門「現地情報隊」が国内の市民の個人情報を収集していた問題で、対象者に接触する際、身分を秘匿する4段階の独自基準を設けていたことが13日、本紙が入手した資料や元隊員の証言で分かった。,https://www.okinawatimes.co.jp/articles/-/1901915,https://www.okinawatimes.co.jp/,ok,,
2026-08-14,2026-08-14T06:31:43.614533+09:00,地方紙,沖縄,沖縄タイムス,表計算ソフトの計算式の誤りが原因 名桜大学、本来合格の10人を不合格に 成績開示請求で判明5:50有料#名桜大学,https://www.okinawatimes.co.jp/articles/-/1901916,https://www.okinawatimes.co.jp/,ok,,
2026-08-14,2026-08-14T06:31:43.614533+09:00,地方紙,沖縄,沖縄タイムス,沖縄県知事選 県内9政党が白熱議論 経済・基地・暮らし...候補者に求める政策は 投開票まで1カ月4:00有料#沖縄県知事選,https://www.okinawatimes.co.jp/articles/-/1901946,https://www.okinawatimes.co.jp/,ok,,
2026-08-14,2026-08-14T06:31:43.614533+09:00,地方紙,沖縄,沖縄タイムス,プーチン氏、北方領土訪問 制裁科す日本に反発 実効支配を誇示5:58有料#プーチン,https://www.okinawatimes.co.jp/articles/-/1901918,https://www.okinawatimes.co.jp/,ok,,
2026-08-14,2026-08-14T06:31:43.614533+09:00,地方紙,沖縄,沖縄タイムス,辺野古新基地関連工事で3千万円脱税の疑い 名護市の会社と前代表取締役の男性を告発 沖縄国税事務所20:23有料#事件・事故,https://www.okinawatimes.co.jp/articles/-/1901714,https://www.okinawatimes.co.jp/,ok,,
2026-08-14,2026-08-14T06:31:43.614533+09:00,地方紙,沖縄,沖縄タイムス,全保連の決算、増収増益 売上高66億9千万円 2027年3月期第1四半期20:03有料#沖縄の経済,https://www.okinawatimes.co.jp/articles/-/1901708,https://www.okinawatimes.co.jp/,ok,,
2026-08-14,2026-08-14T06:31:43.614533+09:00,地方紙,沖縄,沖縄タイムス,[大弦小弦]地元紙の矜持6:16有料#大弦小弦,https://www.okinawatimes.co.jp/articles/-/1901919,https://www.okinawatimes.co.jp/,ok,,
2026-08-14,2026-08-14T06:31:43.614533+09:00,地方紙,沖縄,沖縄タイムス,与那原大綱曳は8月16日 誰でも参加可能 15日から交通規制【地図あり】20:43#交通規制,https://www.okinawatimes.co.jp/articles/-/1901715,https://www.okinawatimes.co.jp/,ok,,
2026-08-14,2026-08-14T06:31:43.614533+09:00,地方紙,沖縄,沖縄タイムス,全保連、本社移転へ 天久から東町の那覇ポートビル 12月から営業20:08有料#沖縄の経済,https://www.okinawatimes.co.jp/articles/-/1901707,https://www.okinawatimes.co.jp/,ok,,
2026-08-14,2026-08-14T06:31:43.614533+09:00,地方紙,沖縄,沖縄タイムス,規格外バナナを価値ある一品に KOUKI FARMが「ハッピーバナナケーキ」開発 目標は「東京バナナ」6:28有料#沖縄の経済,https://www.okinawatimes.co.jp/articles/-/1901880,https://www.okinawatimes.co.jp/,ok,,
2026-08-14,2026-08-14T06:31:43.614533+09:00,地方紙,沖縄,沖縄タイムス,合否ミス「人生を左右」 名桜大入試 教育関係者ら指摘 再発防止へ改善求める声4:00有料#社会・くらし,https://www.okinawatimes.co.jp/articles/-/1901929,https://www.okinawatimes.co.jp/,ok,,
2026-08-14,2026-08-14T06:31:43.614533+09:00,地方紙,沖縄,沖縄タイムス,普天間の早期閉鎖 要求 沖国大ヘリ墜落22年 安里学長「合意30年 状況は悪化」4:00有料#社会・くらし,https://www.okinawatimes.co.jp/articles/-/1901980,https://www.okinawatimes.co.jp/,ok,,
2026-08-14,2026-08-14T06:31:43.614533+09:00,地方紙,沖縄,沖縄タイムス,心臓病の中3 救命の授業 「今度は誰かを助けたい」 看護師目指す長木さん 浦添で4:00有料#地域,https://www.okinawatimes.co.jp/articles/-/1901834,https://www.okinawatimes.co.jp/,ok,,
2026-08-14,2026-08-14T06:31:43.614533+09:00,地方紙,沖縄,沖縄タイムス,泡瀬 海中道路跡に緑地 全長1558メートル 沖縄市が整備 戦前戦後渡った住民 感慨4:00有料#地域,https://www.okinawatimes.co.jp/articles/-/1901840,https://www.okinawatimes.co.jp/,ok,,
2026-08-14,2026-08-14T06:31:43.614533+09:00,地方紙,沖縄,沖縄タイムス,[セ・リーグ][プロ野球]トラ佐藤 27号 3戦連発4:00有料#スポーツ,https://www.okinawatimes.co.jp/articles/-/1901921,https://www.okinawatimes.co.jp/,ok,,
2026-08-14,2026-08-14T06:31:43.614533+09:00,地方紙,沖縄,沖縄タイムス,[全国高校 近畿総体]興南4強 粘り勝ち4:00有料#スポーツ,https://www.okinawatimes.co.jp/articles/-/1901960,https://www.okinawatimes.co.jp/,ok,,
2026-08-14,2026-08-14T06:31:43.614533+09:00,地方紙,沖縄,沖縄タイムス,波名城翔 さんがコメント(8月13日 8:48),https://www.okinawatimes.co.jp/articles/-/1900119,https://www.okinawatimes.co.jp/,ok,,
2026-08-14,2026-08-14T06:31:43.614533+09:00,地方紙,沖縄,沖縄タイムス,東恩納盛雄 さんがコメント(8月12日 14:44),https://www.okinawatimes.co.jp/articles/-/1900182,https://www.okinawatimes.co.jp/,ok,,
2026-08-14,2026-08-14T06:31:43.614533+09:00,その他メディア,,デイリースポーツ,NY株反発、69ドル高,https://www.daily.co.jp/society/economics/2026/08/14/0020703959.shtml,https://news.ceek.jp/search.cgi?category_id=business&feed=1,ok,,経済
2026-08-14,2026-08-14T06:31:43.614533+09:00,全国紙,全国,産経新聞,NY原油反落、終値81ドル台 世界需要鈍化で売り優勢,https://www.sankei.com/article/20260814-KWRD3MWQQNOFXJNH7BZCOJI2RQ/,https://news.ceek.jp/search.cgi?category_id=business&feed=1,ok,,経済
2026-08-14,2026-08-14T06:31:43.614533+09:00,全国紙,全国,日本経済新聞,米国株で消える「恐怖」、最高値演出 ウォーシュ氏はぬるま湯冷ますか,https://www.nikkei.com/article/DGXZQOGN139Q90T10C26A8000000/,https://news.ceek.jp/search.cgi?category_id=business&feed=1,ok,,経済
2026-08-14,2026-08-14T06:31:43.614533+09:00,その他メディア,,ハーバード・ビジネス・レビュー,AIの浸透で変わるCレベル職や取締役会のあり方,https://dhbr.diamond.jp/articles/-/14235,https://news.ceek.jp/search.cgi?category_id=business&feed=1,ok,,経済
2026-08-14,2026-08-14T06:31:43.614533+09:00,その他メディア,,JBpress,顧客を「沼らせる」一流サービスの意外な条件、ウォルト・ディズニーが語った「明確な定義」とは?,https://jbpress.ismedia.jp/articles/-/96379,https://news.ceek.jp/search.cgi?category_id=business&feed=1,ok,,経済
2026-08-14,2026-08-14T06:31:43.614533+09:00,その他メディア,,JBpress,トヨタ一強はなぜここまで進んだのか、リセールバリュー偏重で変わった日本人の「クルマの選び方」,https://jbpress.ismedia.jp/articles/-/96395,https://news.ceek.jp/search.cgi?category_id=business&feed=1,ok,,経済
2026-08-14,2026-08-14T06:31:43.614533+09:00,その他メディア,,JBpress,"AIがウイルスのゲノムを設計し、人間の想定を超えて“勝手に""サーバー攻撃...「行動するAI」の衝撃【やさしく解説】AIがウイルス生成",https://jbpress.ismedia.jp/articles/-/96417,https://news.ceek.jp/search.cgi?category_id=business&feed=1,ok,,経済
2026-08-14,2026-08-14T06:31:43.614533+09:00,その他メディア,,JBpress,AI暴走事故が投げかけた自衛の課題、NVIDIAなど米IT大手が「オープン型」防御同盟安全規制の死角と中国製モデルの功罪、問われるインフラの自律性,https://jbpress.ismedia.jp/articles/-/96434,https://news.ceek.jp/search.cgi?category_id=business&feed=1,ok,,経済
2026-08-14,2026-08-14T06:31:43.614533+09:00,全国紙,全国,朝日新聞,キャッシュレスなら上乗せは不公平? 他国では「現金維持」の動きも,https://www.asahi.com/articles/ASV7P3TRWV7POXIE01KM.html,https://news.ceek.jp/search.cgi?category_id=business&feed=1,ok,,経済
2026-08-14,2026-08-14T06:31:43.614533+09:00,その他メディア,,日刊ゲンダイ,日本は5期連続で「監視リスト」入り...それでも米国が為替介入に踏み切った怪しげな理由,https://www.nikkan-gendai.com/articles/view/money/391626,https://news.ceek.jp/search.cgi?category_id=business&feed=1,ok,,経済
2026-08-14,2026-08-14T06:31:43.614533+09:00,その他メディア,,日刊ゲンダイ,(3)不安を解消するための3つの基本,https://www.nikkan-gendai.com/articles/view/money/391627,https://news.ceek.jp/search.cgi?category_id=business&feed=1,ok,,経済
2026-08-14,2026-08-14T06:31:43.614533+09:00,全国紙,全国,日本経済新聞,米国株、ダウ反発し69ドル高 PPI受け早期利上げ観測後退 S&P500種は最高値,https://www.nikkei.com/article/DGXZQOFL1396W0T10C26A8000000/,https://news.ceek.jp/search.cgi?category_id=business&feed=1,ok,,経済
2026-08-14,2026-08-14T06:31:43.614533+09:00,全国紙,全国,読売新聞,NYダウ終値、69ドル高の5万3839ドル...卸売物価指数の上昇率が予想を下回り買い注文につながる,https://www.yomiuri.co.jp/economy/20260814-GYT1T00063/,https://news.ceek.jp/search.cgi?category_id=business&feed=1,ok,,経済
2026-08-14,2026-08-14T06:31:43.614533+09:00,その他メディア,,JBpress,ドンキの何を捨て何を残す?ロビン・フッドの迷わせない売り場設計,https://jbpress.ismedia.jp/articles/-/96277,https://news.ceek.jp/search.cgi?category_id=business&feed=1,ok,,経済
2026-08-14,2026-08-14T06:31:43.614533+09:00,その他メディア,,東洋経済オンライン,アメリカによる「円救済」、本当の狙いは株式市場の救済? 円安の副作用に震える投資家たち | 政治・経済・投資,https://toyokeizai.net/articles/-/954661,https://news.ceek.jp/search.cgi?category_id=business&feed=1,ok,,経済
2026-08-14,2026-08-14T06:31:43.614533+09:00,その他メディア,,デイリースポーツ,NY原油反落、終値81ドル台,https://www.daily.co.jp/society/economics/2026/08/14/0020703932.shtml,https://news.ceek.jp/search.cgi?category_id=business&feed=1,ok,,経済
2026-08-14,2026-08-14T06:31:43.614533+09:00,その他メディア,,東洋経済オンライン,自民党・木原誠二氏が仕掛ける「令和の金融ビッグバン」...AIとオンチェーン化が壊す銀行・証券・保険の壁 | ビジネス,https://toyokeizai.net/articles/-/954085,https://news.ceek.jp/search.cgi?category_id=business&feed=1,ok,,経済
2026-08-14,2026-08-14T06:31:43.614533+09:00,その他メディア,,東洋経済オンライン,テレビ離れの日本市場をどう攻める?中国TCLがソニーのブランド力と大画面化で狙う「推し活」「スポーツ」という潜在市場 | ビジネス,https://toyokeizai.net/articles/-/954447,https://news.ceek.jp/search.cgi?category_id=business&feed=1,ok,,経済
2026-08-14,2026-08-14T06:31:43.614533+09:00,その他メディア,,JBpress,リコーが「デジタルサービスの会社」へ変革を加速 社員とビジネスを「同時成長」させるデジタル人材育成法とは?,https://jbpress.ismedia.jp/articles/-/95961,https://news.ceek.jp/search.cgi?category_id=business&feed=1,ok,,経済
2026-08-14,2026-08-14T06:31:43.614533+09:00,その他メディア,,日本金融通信,小山・気仙沼信金理事長、9月に創立100周年 人材呼び込み好循環を,https://www.nikkinonline.com/article/413905,https://news.ceek.jp/search.cgi?category_id=business&feed=1,ok,,経済
2026-08-14,2026-08-14T06:31:43.614533+09:00,その他メディア,,共同通信,為替相場 14日(日本時間 5時),https://www.47news.jp/14786375.html,https://news.ceek.jp/search.cgi?category_id=business&feed=1,ok,,経済
2026-08-14,2026-08-14T06:31:43.614533+09:00,その他メディア,,日本農業新聞,[小物見通し]スダチ→裏年も数量前年並み 食用菊→需要期へ強もちあい,https://www.agrinews.co.jp/economy/index/399963,https://news.ceek.jp/search.cgi?category_id=business&feed=1,ok,,経済
2026-08-14,2026-08-14T06:31:43.614533+09:00,その他メディア,,日本農業新聞,好きな「肉、魚」と野菜を キユーピー 摂取量向上へ新戦略,https://www.agrinews.co.jp/economy/index/399966,https://news.ceek.jp/search.cgi?category_id=business&feed=1,ok,,経済
2026-08-14,2026-08-14T06:31:43.614533+09:00,その他メディア,,日本農業新聞,「かくれフードロス」知って 搾りかす、規格外...料理を通して発信,https://www.agrinews.co.jp/economy/index/399968,https://news.ceek.jp/search.cgi?category_id=business&feed=1,ok,,経済
2026-08-14,2026-08-14T06:31:43.614533+09:00,その他メディア,,日本農業新聞,7月ビール類の販売7%減 梅雨明け遅れ、物価高影響,https://www.agrinews.co.jp/economy/index/399972,https://news.ceek.jp/search.cgi?category_id=business&feed=1,ok,,経済
2026-08-14,2026-08-14T06:31:43.614533+09:00,その他メディア,,日刊工業新聞,オフサイトPPAに脚光 設備コスト上昇緩やか,https://www.nikkan.co.jp/articles/view/00789245,https://news.ceek.jp/search.cgi?category_id=business&feed=1,ok,,経済
2026-08-14,2026-08-14T06:31:43.614533+09:00,その他メディア,,日刊工業新聞,日本を変える17Goals(317)山形大学,https://www.nikkan.co.jp/articles/view/00789246,https://news.ceek.jp/search.cgi?category_id=business&feed=1,ok,,経済
2026-08-14,2026-08-14T06:31:43.614533+09:00,その他メディア,,日刊工業新聞,サステナブルリポート/環境法令違反リスク高まる,https://www.nikkan.co.jp/articles/view/00789247,https://news.ceek.jp/search.cgi?category_id=business&feed=1,ok,,経済
2026-08-14,2026-08-14T06:31:43.614533+09:00,その他メディア,,日刊工業新聞,材料相場表/PDFで公開,https://www.nikkan.co.jp/articles/view/00789248,https://news.ceek.jp/search.cgi?category_id=business&feed=1,ok,,経済
2026-08-14,2026-08-14T06:31:43.614533+09:00,その他メディア,,日刊工業新聞,富士フイルム、半導体材料開発でデジタルツイン活用加速,https://www.nikkan.co.jp/articles/view/00789249,https://news.ceek.jp/search.cgi?category_id=business&feed=1,ok,,経済
2026-08-14,2026-08-14T06:31:43.614533+09:00,その他メディア,,日刊工業新聞,経営ひと言/LIXIL・吉田聡執行役専務「廃プラ再生進む」,https://www.nikkan.co.jp/articles/view/00789250,https://news.ceek.jp/search.cgi?category_id=business&feed=1,ok,,経済
2026-08-14,2026-08-14T06:31:43.614533+09:00,その他メディア,,日刊工業新聞,たちばな、風通織の兵児帯制作,https://www.nikkan.co.jp/articles/view/00789251,https://news.ceek.jp/search.cgi?category_id=business&feed=1,ok,,経済
2026-08-14,2026-08-14T06:31:43.614533+09:00,その他メディア,,日刊工業新聞,カネカ、奈良防災公園に生分解性人工芝提供 自治体向け初,https://www.nikkan.co.jp/articles/view/00789252,https://news.ceek.jp/search.cgi?category_id=business&feed=1,ok,,経済
2026-08-14,2026-08-14T06:31:43.614533+09:00,その他メディア,,日刊工業新聞,東亞合成、優待導入で株主1.6倍 個人向け施策拡充,https://www.nikkan.co.jp/articles/view/00789253,https://news.ceek.jp/search.cgi?category_id=business&feed=1,ok,,経済
2026-08-14,2026-08-14T06:31:43.614533+09:00,その他メディア,,日刊工業新聞,アキレス、メキシコに販売拠点 車内装など強化,https://www.nikkan.co.jp/articles/view/00789254,https://news.ceek.jp/search.cgi?category_id=business&feed=1,ok,,経済
2026-08-14,2026-08-14T06:31:43.614533+09:00,その他メディア,,日刊工業新聞,TOTO、住設機器値上げ,https://www.nikkan.co.jp/articles/view/00789255,https://news.ceek.jp/search.cgi?category_id=business&feed=1,ok,,経済
2026-08-14,2026-08-14T06:31:43.614533+09:00,その他メディア,,日刊工業新聞,エイトノット、東南アに船舶向け自律航行AI 市場性調査,https://www.nikkan.co.jp/articles/view/00789256,https://news.ceek.jp/search.cgi?category_id=business&feed=1,ok,,経済
2026-08-14,2026-08-14T06:31:43.614533+09:00,その他メディア,,日刊工業新聞,東京建物、地域食材用い料理提供 八重洲に新拠点,https://www.nikkan.co.jp/articles/view/00789257,https://news.ceek.jp/search.cgi?category_id=business&feed=1,ok,,経済
2026-08-14,2026-08-14T06:31:43.614533+09:00,その他メディア,,日刊工業新聞,NANKAIなど、都区部オフィス取得 50億円規模,https://www.nikkan.co.jp/articles/view/00789258,https://news.ceek.jp/search.cgi?category_id=business&feed=1,ok,,経済
2026-08-14,2026-08-14T06:31:43.614533+09:00,その他メディア,,日刊工業新聞,帝人系など、在宅人工呼吸器 気管切開不要、最適治療を提案,https://www.nikkan.co.jp/articles/view/00789259,https://news.ceek.jp/search.cgi?category_id=business&feed=1,ok,,経済
2026-08-14,2026-08-14T06:31:43.614533+09:00,その他メディア,,日刊工業新聞,経営ひと言/三機工業社員・JOCネクストアスリートの小池智也さん「着実に実力向上」,https://www.nikkan.co.jp/articles/view/00789260,https://news.ceek.jp/search.cgi?category_id=business&feed=1,ok,,経済
2026-08-14,2026-08-14T06:31:43.614533+09:00,その他メディア,,日刊工業新聞,インタビュー/大阪大学教授・石黒浩氏 AI・アンドロイドに記憶継承,https://www.nikkan.co.jp/articles/view/00789261,https://news.ceek.jp/search.cgi?category_id=business&feed=1,ok,,経済
2026-08-14,2026-08-14T06:31:43.614533+09:00,その他メディア,,日刊工業新聞,沖縄科技大など、人工冬眠で長期記憶調査 特定神経細胞の接合部画像化,https://www.nikkan.co.jp/articles/view/00789262,https://news.ceek.jp/search.cgi?category_id=business&feed=1,ok,,経済
2026-08-14,2026-08-14T06:31:43.614533+09:00,その他メディア,,日刊工業新聞,仮想試験、勝敗の決め手 ジャガーTCSレーシング、「フォーミュラE」で活用,https://www.nikkan.co.jp/articles/view/00789263,https://news.ceek.jp/search.cgi?category_id=business&feed=1,ok,,経済
2026-08-14,2026-08-14T06:31:43.614533+09:00,その他メディア,,日刊工業新聞,生活産業ビジネス塾(112)透明・準透明・半透明(9),https://www.nikkan.co.jp/articles/view/00789264,https://news.ceek.jp/search.cgi?category_id=business&feed=1,ok,,経済
2026-08-14,2026-08-14T06:31:43.614533+09:00,その他メディア,,日刊工業新聞,"経営ひと言/筑波大学・落合陽一教授「自分を “多重化"" 」",https://www.nikkan.co.jp/articles/view/00789265,https://news.ceek.jp/search.cgi?category_id=business&feed=1,ok,,経済
2026-08-14,2026-08-14T06:31:43.614533+09:00,その他メディア,,日刊工業新聞,5G×AIでレース配信 富士通など、KYOJO杯で実証,https://www.nikkan.co.jp/articles/view/00789266,https://news.ceek.jp/search.cgi?category_id=business&feed=1,ok,,経済
2026-08-14,2026-08-14T06:31:43.614533+09:00,その他メディア,,日刊工業新聞,富士急G、エンタメ・自然で誘客 脱“絶叫遊園地“,https://www.nikkan.co.jp/articles/view/00789267,https://news.ceek.jp/search.cgi?category_id=business&feed=1,ok,,経済
2026-08-14,2026-08-14T06:31:43.614533+09:00,その他メディア,,日刊工業新聞,野球少年をデータで指導 ネクストベース、来月アカデミー開校,https://www.nikkan.co.jp/articles/view/00789268,https://news.ceek.jp/search.cgi?category_id=business&feed=1,ok,,経済
2026-08-14,2026-08-14T06:31:43.614533+09:00,その他メディア,,日刊工業新聞,電子カルテに音声入力 富士通Japan、無床診療所向け機能追加,https://www.nikkan.co.jp/articles/view/00789269,https://news.ceek.jp/search.cgi?category_id=business&feed=1,ok,,経済
2026-08-14,2026-08-14T06:31:43.614533+09:00,その他メディア,,日刊工業新聞,キオクシア、次世代DC用SSDを投入 処理能力38%増,https://www.nikkan.co.jp/articles/view/00789270,https://news.ceek.jp/search.cgi?category_id=business&feed=1,ok,,経済
2026-08-14,2026-08-14T06:31:43.614533+09:00,その他メディア,,日刊工業新聞,VAIOとノジマ、個人用パソコンを店頭でカスタム,https://www.nikkan.co.jp/articles/view/00789271,https://news.ceek.jp/search.cgi?category_id=business&feed=1,ok,,経済
2026-08-14,2026-08-14T06:31:43.614533+09:00,その他メディア,,日刊工業新聞,経営ひと言/NEC・雨宮邦和副社長「AI実装で先手」,https://www.nikkan.co.jp/articles/view/00789272,https://news.ceek.jp/search.cgi?category_id=business&feed=1,ok,,経済
2026-08-14,2026-08-14T06:31:43.614533+09:00,その他メディア,,日刊工業新聞,離島の活性化支援 九州電力、福岡・相島のすしを冷凍商品で全国販売,https://www.nikkan.co.jp/articles/view/00789273,https://news.ceek.jp/search.cgi?category_id=business&feed=1,ok,,経済
2026-08-14,2026-08-14T06:31:43.614533+09:00,その他メディア,,日刊工業新聞,シャボン玉石けん、ユーザー交流サイト,https://www.nikkan.co.jp/articles/view/00789274,https://news.ceek.jp/search.cgi?category_id=business&feed=1,ok,,経済
2026-08-14,2026-08-14T06:31:43.614533+09:00,その他メディア,,日刊工業新聞,クレハ、産総研などと持続可能農業で連携,https://www.nikkan.co.jp/articles/view/00789275,https://news.ceek.jp/search.cgi?category_id=business&feed=1,ok,,経済
2026-08-14,2026-08-14T06:31:43.614533+09:00,その他メディア,,日刊工業新聞,東レエンジ、航空機に照準 炭素繊維装置・AI 本格営業,https://www.nikkan.co.jp/articles/view/00789276,https://news.ceek.jp/search.cgi?category_id=business&feed=1,ok,,経済
2026-08-14,2026-08-14T06:31:43.614533+09:00,その他メディア,,日刊工業新聞,産業TREND/羅針盤 野村総合研究所(197)【クルマのエコシステム】,https://www.nikkan.co.jp/articles/view/00789278,https://news.ceek.jp/search.cgi?category_id=business&feed=1,ok,,経済
2026-08-14,2026-08-14T06:31:43.614533+09:00,その他メディア,,日刊工業新聞,中国系AI新興、メタから独立,https://www.nikkan.co.jp/articles/view/00789281,https://news.ceek.jp/search.cgi?category_id=business&feed=1,ok,,経済
2026-08-14,2026-08-14T06:31:43.614533+09:00,その他メディア,,日刊工業新聞,ベリサーブ、10月にIoTサイバー防衛の訓練研修,https://www.nikkan.co.jp/articles/view/00789282,https://news.ceek.jp/search.cgi?category_id=business&feed=1,ok,,経済
2026-08-14,2026-08-14T06:31:43.614533+09:00,その他メディア,,日刊工業新聞,西日本シティ銀、子ども支援でフードバンク団体に寄付,https://www.nikkan.co.jp/articles/view/00789283,https://news.ceek.jp/search.cgi?category_id=business&feed=1,ok,,経済
2026-08-14,2026-08-14T06:31:43.614533+09:00,その他メディア,,日刊工業新聞,インタビュー/ソディック社長・圷祐次氏 AI・DC重点,https://www.nikkan.co.jp/articles/view/00789284,https://news.ceek.jp/search.cgi?category_id=business&feed=1,ok,,経済
2026-08-14,2026-08-14T06:31:43.614533+09:00,その他メディア,,日刊工業新聞,サカナを創る 「第三の波」陸上養殖 「装置産業化」に挑む,https://www.nikkan.co.jp/articles/view/00789285,https://news.ceek.jp/search.cgi?category_id=business&feed=1,ok,,経済
2026-08-14,2026-08-14T06:31:43.614533+09:00,その他メディア,,日刊工業新聞,第56回機械工業デザイン賞IDEA(9)日本ロボット工業会賞 ダイヘン,https://www.nikkan.co.jp/articles/view/00789287,https://news.ceek.jp/search.cgi?category_id=business&feed=1,ok,,経済
2026-08-14,2026-08-14T06:31:43.614533+09:00,その他メディア,,日刊工業新聞,ファーメントベース、日本酒でスイーツ 発酵食の魅力発信,https://www.nikkan.co.jp/articles/view/00789288,https://news.ceek.jp/search.cgi?category_id=business&feed=1,ok,,経済
2026-08-14,2026-08-14T06:31:43.614533+09:00,その他メディア,,日刊工業新聞,川重、LPG・アンモニア混載 運搬船引き渡し,https://www.nikkan.co.jp/articles/view/00789290,https://news.ceek.jp/search.cgi?category_id=business&feed=1,ok,,経済
2026-08-14,2026-08-14T06:31:43.614533+09:00,その他メディア,,日刊工業新聞,霞ヶ関キャピタル、埼玉に冷凍自動倉庫 業務負担を改善,https://www.nikkan.co.jp/articles/view/00789291,https://news.ceek.jp/search.cgi?category_id=business&feed=1,ok,,経済
2026-08-14,2026-08-14T06:31:43.614533+09:00,その他メディア,,日刊工業新聞,銅、1万4000ドル到達 高止まり,https://www.nikkan.co.jp/articles/view/00789292,https://news.ceek.jp/search.cgi?category_id=business&feed=1,ok,,経済
2026-08-14,2026-08-14T06:31:43.614533+09:00,その他メディア,,日刊工業新聞,NTN、沖縄・竹富町と連携 インフラ課題解決,https://www.nikkan.co.jp/articles/view/00789293,https://news.ceek.jp/search.cgi?category_id=business&feed=1,ok,,経済
2026-08-14,2026-08-14T06:31:43.614533+09:00,その他メディア,,日刊工業新聞,物流新ステージ/水素大動脈構想実現会議 FCトラック燃料を安く,https://www.nikkan.co.jp/articles/view/00789294,https://news.ceek.jp/search.cgi?category_id=business&feed=1,ok,,経済
2026-08-14,2026-08-14T06:31:43.614533+09:00,その他メディア,,日刊工業新聞,鉄スクラップ輸出入札、5万円割れ 関東鉄源8月契約,https://www.nikkan.co.jp/articles/view/00789295,https://news.ceek.jp/search.cgi?category_id=business&feed=1,ok,,経済
2026-08-14,2026-08-14T06:31:43.614533+09:00,その他メディア,,日刊工業新聞,型技術9月号/「CAE×AI駆動」の金型製作・成形加工―広がるサロゲートモデル―,https://www.nikkan.co.jp/articles/view/00789296,https://news.ceek.jp/search.cgi?category_id=business&feed=1,ok,,経済
2026-08-14,2026-08-14T06:31:43.614533+09:00,その他メディア,,日刊工業新聞,インタビュー/大崎電気工業常務執行役員・江頭浩久氏 事業部改編で住生活開拓,https://www.nikkan.co.jp/articles/view/00789297,https://news.ceek.jp/search.cgi?category_id=business&feed=1,ok,,経済
2026-08-14,2026-08-14T06:31:43.614533+09:00,その他メディア,,日刊工業新聞,来週の株価、6万2000-6万9000円台 中長期成長期待で底堅く,https://www.nikkan.co.jp/articles/view/00789298,https://news.ceek.jp/search.cgi?category_id=business&feed=1,ok,,経済
2026-08-14,2026-08-14T06:31:43.614533+09:00,その他メディア,,日刊工業新聞,ORENDA、実践型AI人材育成 福島大で体験会,https://www.nikkan.co.jp/articles/view/00789299,https://news.ceek.jp/search.cgi?category_id=business&feed=1,ok,,経済
2026-08-14,2026-08-14T06:31:43.614533+09:00,その他メディア,,日刊工業新聞,サステナチェーン/HIOKI 下取り拡大 再資源化率97%に,https://www.nikkan.co.jp/articles/view/00789300,https://news.ceek.jp/search.cgi?category_id=business&feed=1,ok,,経済
2026-08-14,2026-08-14T06:31:43.614533+09:00,その他メディア,,日刊工業新聞,ジーグラビティ、AI駆動リスク管理 米製基盤を日本投入,https://www.nikkan.co.jp/articles/view/00789301,https://news.ceek.jp/search.cgi?category_id=business&feed=1,ok,,経済
2026-08-14,2026-08-14T06:31:43.614533+09:00,その他メディア,,日刊工業新聞,経営ひと言/アンリツ・浜田宏一社長「信頼に応える」,https://www.nikkan.co.jp/articles/view/00789302,https://news.ceek.jp/search.cgi?category_id=business&feed=1,ok,,経済
2026-08-14,2026-08-14T06:31:43.614533+09:00,その他メディア,,日刊工業新聞,ちょっと訪問/アケボノ 塗装・防水施工に強み,https://www.nikkan.co.jp/articles/view/00789303,https://news.ceek.jp/search.cgi?category_id=business&feed=1,ok,,経済
2026-08-14,2026-08-14T06:31:43.614533+09:00,その他メディア,,日刊工業新聞,経営ひと言/西村陶業・西村昂取締役「『頼みの綱』に」,https://www.nikkan.co.jp/articles/view/00789304,https://news.ceek.jp/search.cgi?category_id=business&feed=1,ok,,経済
2026-08-14,2026-08-14T06:31:43.614533+09:00,その他メディア,,日刊工業新聞,深層断面/中小、設備保全DX加速 遠隔監視・故障予防など強化,https://www.nikkan.co.jp/articles/view/00789305,https://news.ceek.jp/search.cgi?category_id=business&feed=1,ok,,経済
2026-08-14,2026-08-14T06:31:43.614533+09:00,その他メディア,,日刊工業新聞,愛知、世界に先端技術魅せる 「アジア競技大会」新産業も競演,https://www.nikkan.co.jp/articles/view/00789306,https://news.ceek.jp/search.cgi?category_id=business&feed=1,ok,,経済
2026-08-14,2026-08-14T06:31:43.614533+09:00,その他メディア,,日刊工業新聞,企業庁、中小予算を当初で一本化 切れ目なく投資支援 総額1兆円規模,https://www.nikkan.co.jp/articles/view/00789350,https://news.ceek.jp/search.cgi?category_id=business&feed=1,ok,,経済
2026-08-14,2026-08-14T06:31:43.614533+09:00,その他メディア,,日刊工業新聞,長期休暇を価値ある時間に 中小、データ蓄積・DX推進,https://www.nikkan.co.jp/articles/view/00789352,https://news.ceek.jp/search.cgi?category_id=business&feed=1,ok,,経済
2026-08-14,2026-08-14T06:31:43.614533+09:00,その他メディア,,日刊工業新聞,記憶刻印(3)旧日立航空機立川工場変電所 戦争の恐ろしさ伝える,https://www.nikkan.co.jp/articles/view/00789354,https://news.ceek.jp/search.cgi?category_id=business&feed=1,ok,,経済
2026-08-14,2026-08-14T06:31:43.614533+09:00,その他メディア,,日刊工業新聞,産業春秋/為替より「価格決定権」,https://www.nikkan.co.jp/articles/view/00789355,https://news.ceek.jp/search.cgi?category_id=business&feed=1,ok,,経済
2026-08-14,2026-08-14T06:31:43.614533+09:00,その他メディア,,日刊工業新聞,文科省、大型試験設備を更新 産学官で宇宙開発促進,https://www.nikkan.co.jp/articles/view/00789359,https://news.ceek.jp/search.cgi?category_id=business&feed=1,ok,,経済
2026-08-14,2026-08-14T06:31:43.614533+09:00,その他メディア,,日刊工業新聞,4-6月期の実質GDP、年1.67%増 民間予測,https://www.nikkan.co.jp/articles/view/00789360,https://news.ceek.jp/search.cgi?category_id=business&feed=1,ok,,経済
2026-08-14,2026-08-14T06:31:43.614533+09:00,その他メディア,,日刊工業新聞,社説/経団連発足80年 自らの責任を果たす政策集団に,https://www.nikkan.co.jp/articles/view/00789361,https://news.ceek.jp/search.cgi?category_id=business&feed=1,ok,,経済
2026-08-14,2026-08-14T06:31:43.614533+09:00,その他メディア,,日刊工業新聞,金融庁、生保に内部管理強化要請 相次ぐ不祥事受け,https://www.nikkan.co.jp/articles/view/00789362,https://news.ceek.jp/search.cgi?category_id=business&feed=1,ok,,経済
2026-08-14,2026-08-14T06:31:43.614533+09:00,その他メディア,,日刊工業新聞,農水省、古河電工・浅井農園認定 スマート農業促進計画,https://www.nikkan.co.jp/articles/view/00789364,https://news.ceek.jp/search.cgi?category_id=business&feed=1,ok,,経済
2026-08-14,2026-08-14T06:31:43.614533+09:00,その他メディア,,日刊工業新聞,MiRaIウェルス・パートナーズ、預かり資産30年度1000億円,https://www.nikkan.co.jp/articles/view/00789365,https://news.ceek.jp/search.cgi?category_id=business&feed=1,ok,,経済
2026-08-14,2026-08-14T06:31:43.614533+09:00,その他メディア,,日刊工業新聞,【おくやみ】南部実氏(元損害保険ジャパン常務執行役員),https://www.nikkan.co.jp/articles/view/00789368,https://news.ceek.jp/search.cgi?category_id=business&feed=1,ok,,経済
2026-08-14,2026-08-14T06:31:43.614533+09:00,その他メディア,,日刊工業新聞,日の丸交通、ロボタクシー試験運行に協力,https://www.nikkan.co.jp/articles/view/00789371,https://news.ceek.jp/search.cgi?category_id=business&feed=1,ok,,経済
2026-08-14,2026-08-14T06:31:43.614533+09:00,その他メディア,,日刊工業新聞,7月のビール類販売7%減、4カ月ぶりマイナス 前年需要好調の反動,https://www.nikkan.co.jp/articles/view/00789372,https://news.ceek.jp/search.cgi?category_id=business&feed=1,ok,,経済
2026-08-14,2026-08-14T06:31:43.614533+09:00,その他メディア,,日刊工業新聞,セレンディクス、JA三井リースと3D造形建築で提携 普及促進・量産強化,https://www.nikkan.co.jp/articles/view/00789373,https://news.ceek.jp/search.cgi?category_id=business&feed=1,ok,,経済
2026-08-14,2026-08-14T06:31:43.614533+09:00,その他メディア,,日刊工業新聞,協調領域支える団体の力(3)日本電機工業会 専門人材確保に動く,https://www.nikkan.co.jp/articles/view/00789375,https://news.ceek.jp/search.cgi?category_id=business&feed=1,ok,,経済
2026-08-14,2026-08-14T06:31:43.614533+09:00,その他メディア,,日刊工業新聞,令和8年熊本地震/復旧支援・義援金 住友三井オートサービスほか,https://www.nikkan.co.jp/articles/view/00789378,https://news.ceek.jp/search.cgi?category_id=business&feed=1,ok,,経済
2026-08-14,2026-08-14T06:31:43.614533+09:00,全国紙,全国,日本経済新聞,3分でわかる通信業界 ネットインフラ提供、スマホ回線からAIまで,https://www.nikkei.com/article/DGXZQOUC26AFD0W5A121C2000000/,https://news.ceek.jp/search.cgi?category_id=business&feed=1,ok,,経済
2026-08-14,2026-08-14T06:31:43.614533+09:00,その他メディア,,WEDGE Infinity,夏休みは日本のマンガで学ぼう!ビジネスから国際情勢、人生まで...コンテンツから知識を得れる記事5選,https://wedge.ismedia.jp/articles/-/40948,https://news.ceek.jp/search.cgi?category_id=business&feed=1,ok,,経済
2026-08-14,2026-08-14T06:31:43.614533+09:00,その他メディア,,TBSテレビ,千葉県が自衛隊の災害派遣を要請,https://newsdig.tbs.co.jp/articles/-/2871973?display=1,https://news.ceek.jp/search.cgi?category_id=national&feed=1,ok,,社会
2026-08-14,2026-08-14T06:31:43.614533+09:00,その他メディア,,フジテレビ,【交通情報】成田エクスプレスが始発から運休、成田スカイアクセス線は本数減で始発から運転 高速道路も一部で通行止め 記録的豪雨の影響,https://www.fnn.jp/articles/-/1094496,https://news.ceek.jp/search.cgi?category_id=national&feed=1,ok,,社会
2026-08-14,2026-08-14T06:31:43.614533+09:00,その他メディア,,フジテレビ,14日午後から千葉県内に発達した雨雲、再び激しい雨の恐れ 1時間に80ミリの猛烈な雨予想 東京や埼玉でも警報級大雨か,https://www.fnn.jp/articles/-/1094495,https://news.ceek.jp/search.cgi?category_id=national&feed=1,ok,,社会
2026-08-14,2026-08-14T06:31:43.614533+09:00,その他メディア,,デイリースポーツ,必要なネットワーク速度6割確保,https://www.daily.co.jp/society/national/2026/08/14/0020703953.shtml,https://news.ceek.jp/search.cgi?category_id=national&feed=1,ok,,社会
2026-08-14,2026-08-14T06:31:43.614533+09:00,全国紙,全国,産経新聞,千葉大雨で3人死亡 避難指示40万人超え 県庁に帰宅困難者500人 レベル5特別警報,https://www.sankei.com/article/20260814-DGLD4N3HQBLSPIJUDLPAMPJCWA/,https://news.ceek.jp/search.cgi?category_id=national&feed=1,ok,,社会
2026-08-14,2026-08-14T06:31:43.614533+09:00,その他メディア,,フジテレビ,千葉県きょうも非常に激しい雨の予想 昼頃から発達した雨雲が次々と流れ込む見込み 土砂災害に厳重警戒,https://www.fnn.jp/articles/-/1094494,https://news.ceek.jp/search.cgi?category_id=national&feed=1,ok,,社会
2026-08-14,2026-08-14T06:31:43.614533+09:00,その他メディア,,フジテレビ,【中継】「初めての経験」千葉県内で約1万人の帰宅困難者 県庁や幕張メッセが開放 成田空港で7000人が帰宅できず,https://www.fnn.jp/articles/-/1094493,https://news.ceek.jp/search.cgi?category_id=national&feed=1,ok,,社会
2026-08-14,2026-08-14T06:31:43.614533+09:00,その他メディア,,フジテレビ,記録的豪雨で千葉県内3人死亡、1人心肺停止 冠水した道路で車内閉じ込めも 千葉・茨城で一時55万人に避難指示,https://www.fnn.jp/articles/-/1094492,https://news.ceek.jp/search.cgi?category_id=national&feed=1,ok,,社会
2026-08-14,2026-08-14T06:31:43.614533+09:00,その他メディア,,TBSテレビ,【速報】千葉県佐倉市 道路冠水で車内に閉じ込め 66歳女性死亡,https://newsdig.tbs.co.jp/articles/-/2871962?display=1,https://news.ceek.jp/search.cgi?category_id=national&feed=1,ok,,社会
2026-08-14,2026-08-14T06:31:43.614533+09:00,その他メディア,,日刊ゲンダイ,熊本地震から2週間...被災者生活再建「支援金最大300万円」では全然足りない、倍増へ待ったなし,https://www.nikkan-gendai.com/articles/view/news/391607,https://news.ceek.jp/search.cgi?category_id=national&feed=1,ok,,社会
2026-08-14,2026-08-14T06:31:43.614533+09:00,その他メディア,,日刊ゲンダイ,"択捉島を電撃訪問したプーチン氏が「建設的だった」と評価した安倍外交...日本はカネと譲歩の“ロマンス詐欺""被害者",https://www.nikkan-gendai.com/articles/view/news/391643,https://news.ceek.jp/search.cgi?category_id=national&feed=1,ok,,社会
2026-08-14,2026-08-14T06:31:43.614533+09:00,その他メディア,,日刊ゲンダイ,長崎平和式典で注目 国光文乃外務副大臣の「黒歴史」...高市首相の傲慢ヨソに「非核三原則」堅持明言,https://www.nikkan-gendai.com/articles/view/news/391649,https://news.ceek.jp/search.cgi?category_id=national&feed=1,ok,,社会
2026-08-14,2026-08-14T06:31:43.614533+09:00,その他メディア,,日刊ゲンダイ,"女性宅のドア隙間から「1万円で下半身を見て」と懇願...35歳“露出好き男""の「決まり文句」",https://www.nikkan-gendai.com/articles/view/newsx/391624,https://news.ceek.jp/search.cgi?category_id=national&feed=1,ok,,社会
2026-08-14,2026-08-14T06:31:43.614533+09:00,その他メディア,,TBSテレビ,【速報】千葉県の「レベル5大雨特別警報」を「レベル4大雨危険警報」に切り替え,https://newsdig.tbs.co.jp/articles/-/2871956?display=1,https://news.ceek.jp/search.cgi?category_id=national&feed=1,ok,,社会
2026-08-14,2026-08-14T06:31:43.614533+09:00,その他メディア,,デイリースポーツ,公園で花火を楽しもう!,https://www.daily.co.jp/society/human_interest/2026/08/14/0020703934.shtml,https://news.ceek.jp/search.cgi?category_id=national&feed=1,ok,,社会
2026-08-14,2026-08-14T06:31:43.614533+09:00,その他メディア,,Abema TIMES,大雨の影響 千葉県内JR各線で運休,https://times.abema.tv/articles/-/10266976?page=1,https://news.ceek.jp/search.cgi?category_id=national&feed=1,ok,,社会
2026-08-14,2026-08-14T06:31:43.614533+09:00,その他メディア,,フジテレビ,"「エンジンがかからない。救助してほしい」8歳の男の子を含む4人が乗ったボートが""漂流""...118番通報で駆けつけた漁船によって救助、4人にケガなし<北海道余市町>",https://www.fnn.jp/articles/-/1094487,https://news.ceek.jp/search.cgi?category_id=national&feed=1,ok,,社会
2026-08-14,2026-08-14T06:31:43.614533+09:00,その他メディア,,フジテレビ,熊本県で最大震度2の地震 熊本県・水俣市,https://www.fnn.jp/articles/-/1094486,https://news.ceek.jp/search.cgi?category_id=national&feed=1,ok,,社会
2026-08-14,2026-08-14T06:31:43.614533+09:00,その他メディア,,テレビ朝日,"【随時更新】千葉の「レベル5大雨・土砂災害特別警報」が「レベル4危険警報」に 車内“閉じ込め""など...千葉で3人死亡、1人心肺停止 線状降水帯3回、記録的短時間大雨の気象防災速報は25回",https://news.tv-asahi.co.jp/news_society/articles/900197093.html,https://news.ceek.jp/search.cgi?category_id=national&feed=1,ok,,社会
2026-08-14,2026-08-14T06:31:43.614533+09:00,全国紙,全国,読売新聞,千葉県の「レベル5大雨特別警報」、すべて解除...「レベル4大雨危険警報」などに切り替え,https://www.yomiuri.co.jp/national/20260814-GYT1T00061/,https://news.ceek.jp/search.cgi?category_id=national&feed=1,ok,,社会
2026-08-14,2026-08-14T06:31:43.614533+09:00,その他メディア,,フジテレビ,石川県で最大震度1の地震 石川県・珠洲市,https://www.fnn.jp/articles/-/1094485,https://news.ceek.jp/search.cgi?category_id=national&feed=1,ok,,社会
2026-08-14,2026-08-14T06:31:43.614533+09:00,その他メディア,,デイリー新潮,「プロモ視察」高市首相の被災地訪問が、安倍、岸田、石破政権と決定的に異なっていた点,https://www.dailyshincho.jp/article/2026/08140532/?all=1,https://news.ceek.jp/search.cgi?category_id=national&feed=1,ok,,社会
2026-08-14,2026-08-14T06:31:43.614533+09:00,その他メディア,,デイリー新潮,中居正広氏・フジテレビ問題で「第三者委員会」を痛烈批判 古市憲寿氏が指摘してきた「正義の味方」の危うさ,https://www.dailyshincho.jp/article/2026/08140531/?all=1,https://news.ceek.jp/search.cgi?category_id=national&feed=1,ok,,社会
2026-08-14,2026-08-14T06:31:43.614533+09:00,その他メディア,,フジテレビ,"“特別な夏""の挑戦 ある新人イルカトレーナーが挑む大舞台 憧れの世界に飛び込んだきっかけは“大先輩""の父親 難易度高い人気の大技に挑むショー",https://www.fnn.jp/articles/-/1094484,https://news.ceek.jp/search.cgi?category_id=national&feed=1,ok,,社会
2026-08-14,2026-08-14T06:31:43.614533+09:00,その他メディア,,スポニチ,千葉県内14市にレベル5大雨特別警報 北西部と南部で線状降水帯発生,https://www.sponichi.co.jp/society/news/2026/08/14/kiji/20260814s00042000039000c.html,https://news.ceek.jp/search.cgi?category_id=national&feed=1,ok,,社会
2026-08-14,2026-08-14T06:31:43.614533+09:00,その他メディア,,スポニチ,不同意性交罪 青森の元警官に懲役5年を求刑 判決は10月29日,https://www.sponichi.co.jp/society/news/2026/08/14/kiji/20260814s00042000040000c.html,https://news.ceek.jp/search.cgi?category_id=national&feed=1,ok,,社会
2026-08-14,2026-08-14T06:31:43.614533+09:00,その他メディア,,スポニチ,プーチン大統領、初の北方領土入り...高市首相は抗議「中長期的な関係回復を困難にした」,https://www.sponichi.co.jp/society/news/2026/08/14/kiji/20260814s00042000037000c.html,https://news.ceek.jp/search.cgi?category_id=national&feed=1,ok,,社会
2026-08-14,2026-08-14T06:31:43.614533+09:00,その他メディア,,スポニチ,秋篠宮さま 改正皇室典範「いろいろ考えるところはある」 7月の成立後、皇族で初の言及,https://www.sponichi.co.jp/society/news/2026/08/14/kiji/20260814s00042000038000c.html,https://news.ceek.jp/search.cgi?category_id=national&feed=1,ok,,社会
2026-08-14,2026-08-14T06:31:43.614533+09:00,その他メディア,,スポニチ,福岡・蔵内議長 「ワンヘルス」政策、知事の凍結表明に「早期再開望む」,https://www.sponichi.co.jp/society/news/2026/08/14/kiji/20260814s00042000042000c.html,https://news.ceek.jp/search.cgi?category_id=national&feed=1,ok,,社会
2026-08-14,2026-08-14T06:31:43.614533+09:00,その他メディア,,スポニチ,芸能事務所「佐藤企画」破産 かつて欽ちゃんマネジメント コロナ禍以降は売り上げ減少,https://www.sponichi.co.jp/society/news/2026/08/14/kiji/20260814s00042000048000c.html,https://news.ceek.jp/search.cgi?category_id=national&feed=1,ok,,社会
2026-08-14,2026-08-14T06:31:43.614533+09:00,その他メディア,,共同通信,【速報】千葉県八千代市でも男性死亡、計3人に,https://www.47news.jp/14786489.html,https://news.ceek.jp/search.cgi?category_id=national&feed=1,ok,,社会
2026-08-14,2026-08-14T06:31:43.614533+09:00,その他メディア,,フジテレビ,北海道で最大震度1の地震 北海道・むかわ町,https://www.fnn.jp/articles/-/1094483,https://news.ceek.jp/search.cgi?category_id=national&feed=1,ok,,社会
2026-08-14,2026-08-14T06:31:43.614533+09:00,その他メディア,,日本テレビ,"【交通の影響】JR東日本“千葉方面""多くの路線で運転見合わせ 「成田エクスプレス」も午後3時までとりやめ 千葉大雨",https://news.ntv.co.jp/category/society/ee34a8cce7e7452b9005fd9cef2f47e4,https://news.ceek.jp/search.cgi?category_id=national&feed=1,ok,,社会
2026-08-14,2026-08-14T06:31:43.614533+09:00,その他メディア,,デイリー新潮,「政治家とは正反対の資質の持ち主なんですが...」 論破王「ひろゆき氏」新党への期待と懸念 旧知のジャーナリストが「当選者が出てからが正念場」と語る納得の理由,https://www.dailyshincho.jp/article/2026/08140508/?all=1,https://news.ceek.jp/search.cgi?category_id=national&feed=1,ok,,社会
2026-08-14,2026-08-14T06:31:43.614533+09:00,その他メディア,,共同通信,【速報】千葉県佐倉市で女性死亡、大雨の死者2人に,https://www.47news.jp/14786468.html,https://news.ceek.jp/search.cgi?category_id=national&feed=1,ok,,社会
2026-08-14,2026-08-14T06:31:43.614533+09:00,全国紙,全国,読売新聞,稼働半世紀の鹿島火力発電所、進む解体作業をドローンで撮る【空中ルポ】,https://www.yomiuri.co.jp/national/20260813-GYT1T00324/,https://news.ceek.jp/search.cgi?category_id=national&feed=1,ok,,社会
2026-08-14,2026-08-14T06:31:43.614533+09:00,その他メディア,,デイリー新潮,「取り外し可能なGPSでは意味がない」 被害者支援の弁護士が訴える、ストーカー対策の2つの提言,https://www.dailyshincho.jp/article/2026/08140502/?all=1,https://news.ceek.jp/search.cgi?category_id=national&feed=1,ok,,社会
2026-08-14,2026-08-14T06:31:43.614533+09:00,その他メディア,,デイリー新潮,"超極秘の戦艦「大和」造船計画で現場の設計を監督...戦後に見た沈没後の船体、生粋の技術屋がショックを受けた“意外な理由""とは",https://www.dailyshincho.jp/article/2026/08140501/?all=1,https://news.ceek.jp/search.cgi?category_id=national&feed=1,ok,,社会
2026-08-14,2026-08-14T06:31:43.614533+09:00,その他メディア,,WEDGE Infinity,「ゾンビたばこ」問題に揺れる広島カープ、今季前半は観客減少率もワーストに...「野球くじ」検討に悪影響の懸念も,https://wedge.ismedia.jp/articles/-/40957,https://news.ceek.jp/search.cgi?category_id=national&feed=1,ok,,社会
2026-08-14,2026-08-14T06:31:43.614533+09:00,その他メディア,,フジテレビ,"「警察いないっすもん」深夜の爆音止まらぬ暴走 ""走り屋の聖地""阪奈道路で38人一斉検挙 繰り返し取り締まりも続く“暴走"" “伝統""言い放つ“走り屋""も 実態を緊急取材",https://www.fnn.jp/articles/-/1094480,https://news.ceek.jp/search.cgi?category_id=national&feed=1,ok,,社会
2026-08-14,2026-08-14T06:31:43.614533+09:00,全国紙,全国,日本経済新聞,関東地方14日も激しい雨の恐れ 千葉の大雨、避難指示40万人超,https://www.nikkei.com/article/DGXZQOUD1396B0T10C26A8000000/,https://news.ceek.jp/search.cgi?category_id=national&feed=1,ok,,社会
2026-08-14,2026-08-14T06:31:43.614533+09:00,全国紙,全国,日本経済新聞,数字から見る太平洋戦争 海外出兵348万人、コメ価格は今の5倍,https://www.nikkei.com/article/DGXZQOUD157U80V10C26A7000000/,https://news.ceek.jp/search.cgi?category_id=national&feed=1,ok,,社会
2026-08-14,2026-08-14T06:31:43.614533+09:00,全国紙,全国,読売新聞,[からだの質問箱]手がこわばり字が書けない,https://www.yomiuri.co.jp/medical/20260813-GYT8T00132/,https://news.ceek.jp/search.cgi?category_id=national&feed=1,ok,,社会
2026-08-14,2026-08-14T06:31:43.614533+09:00,全国紙,全国,読売新聞,[医療ルネサンス]めまい治療最前線<5>片頭痛発作 予防薬で半減,https://www.yomiuri.co.jp/medical/renaissance/20260813-GYT8T00139/,https://news.ceek.jp/search.cgi?category_id=national&feed=1,ok,,社会
2026-08-14,2026-08-14T06:31:43.614533+09:00,全国紙,全国,読売新聞,非上場会社株の算定ルール、国税庁が見直す方針...「評価額下げ節税」抑止,https://www.yomiuri.co.jp/national/20260814-GYT1T00016/,https://news.ceek.jp/search.cgi?category_id=national&feed=1,ok,,社会
2026-08-14,2026-08-14T06:31:43.614533+09:00,全国紙,全国,読売新聞,[2026年 熊本地震]文化財 爪痕深く 国宝や名勝 被害234件,https://www.yomiuri.co.jp/national/20260814-GYT1T00044/,https://news.ceek.jp/search.cgi?category_id=national&feed=1,ok,,社会
2026-08-14,2026-08-14T06:31:43.614533+09:00,その他メディア,,フジテレビ,熊本県で最大震度1の地震 熊本県・水俣市,https://www.fnn.jp/articles/-/1094481,https://news.ceek.jp/search.cgi?category_id=national&feed=1,ok,,社会
2026-08-14,2026-08-14T06:31:43.614533+09:00,その他メディア,,日本テレビ,千葉大雨、2人死亡1人心肺停止......冠水道路に浮いていた男性死亡、車に閉じ込められ66歳女性死亡,https://news.ntv.co.jp/category/society/a0bbc447ab3949ea916919f7e61221c5,https://news.ceek.jp/search.cgi?category_id=national&feed=1,ok,,社会
2026-08-14,2026-08-14T06:31:43.614533+09:00,その他メディア,,フジテレビ,熊本県で最大震度2の地震 熊本県・八代市、上天草市,https://www.fnn.jp/articles/-/1094478,https://news.ceek.jp/search.cgi?category_id=national&feed=1,ok,,社会
2026-08-14,2026-08-14T06:31:43.614533+09:00,その他メディア,,フジテレビ,熊本県で最大震度2の地震 熊本県・上天草市,https://www.fnn.jp/articles/-/1094477,https://news.ceek.jp/search.cgi?category_id=national&feed=1,ok,,社会
2026-08-14,2026-08-14T06:31:43.614533+09:00,その他メディア,,デイリー新潮,夢のプロジェクトとも称された「みんなで大家さん」 ついに大阪府と東京都が業務の許可取り消しへ,https://www.dailyshincho.jp/article/2026/08140450/?all=1,https://news.ceek.jp/search.cgi?category_id=national&feed=1,ok,,社会
2026-08-14,2026-08-14T06:31:43.614533+09:00,その他メディア,,サンケイスポーツ,千葉大雨で1人死亡、一時40万人超に避難指示 レベル5特別警報、大雨と土砂災害では初,https://www.sanspo.com/article/20260814-BWAXHULONFOCTMDF3R5IHN35OY/,https://news.ceek.jp/search.cgi?category_id=national&feed=1,ok,,社会
2026-08-14,2026-08-14T06:31:43.614533+09:00,その他メディア,,日本テレビ,千葉県庁など17施設に約3900人滞在 大雨の影響で帰宅困難,https://news.ntv.co.jp/category/society/b292fbddadd3451eba8b6518ecf57ae1,https://news.ceek.jp/search.cgi?category_id=national&feed=1,ok,,社会
2026-08-14,2026-08-14T06:31:43.614533+09:00,その他メディア,,TBSテレビ,【速報】成田空港で6000人以上が滞留 大雨の影響で空港から出発の電車やバスが運休,https://newsdig.tbs.co.jp/articles/-/2871920?display=1,https://news.ceek.jp/search.cgi?category_id=national&feed=1,ok,,社会
2026-08-14,2026-08-14T06:31:43.614533+09:00,その他メディア,,フジテレビ,福島県で最大震度1の地震 福島県・いわき市、福島広野町、楢葉町、大熊町、双葉町、浪江町、茨城県・日立市、高萩市,https://www.fnn.jp/articles/-/1094419,https://news.ceek.jp/search.cgi?category_id=national&feed=1,ok,,社会
2026-08-14,2026-08-14T06:31:43.614533+09:00,その他メディア,,TBSテレビ,「断じて許容できない」高市総理 プーチン大統領の北方領土訪問を非難 茂木外務大臣は駐日ロシア大使に強く抗議,https://newsdig.tbs.co.jp/articles/-/2871917?display=1,https://news.ceek.jp/search.cgi?category_id=national&feed=1,ok,,社会
2026-08-14,2026-08-14T06:31:43.614533+09:00,その他メディア,,テレビ朝日,【速報】千葉県に大雨・土砂災害特別警報 JR各線で運休,https://news.tv-asahi.co.jp/news_society/articles/000526219.html,https://news.ceek.jp/search.cgi?category_id=national&feed=1,ok,,社会
2026-08-14,2026-08-14T06:31:43.614533+09:00,その他メディア,,TBSテレビ,千葉県庁などを一時滞在施設として開放 帰宅困難者650人超が避難,https://newsdig.tbs.co.jp/articles/-/2871909?display=1,https://news.ceek.jp/search.cgi?category_id=national&feed=1,ok,,社会
2026-08-14,2026-08-14T06:31:43.614533+09:00,その他メディア,,フジテレビ,岩手県で最大震度1の地震 岩手県・宮古市,https://www.fnn.jp/articles/-/1094417,https://news.ceek.jp/search.cgi?category_id=national&feed=1,ok,,社会
2026-08-14,2026-08-14T06:31:43.614533+09:00,その他メディア,,フジテレビ,【地震】岩手県内で震度1 岩手県沖を震源とする最大震度1の地震が発生 津波の心配なし,https://www.fnn.jp/articles/-/1094418,https://news.ceek.jp/search.cgi?category_id=national&feed=1,ok,,社会
2026-08-14,2026-08-14T06:31:43.614533+09:00,その他メディア,,テレビ朝日,【速報】千葉・北西部、北東部で線状降水帯が発生,https://news.tv-asahi.co.jp/news_society/articles/000526209.html,https://news.ceek.jp/search.cgi?category_id=national&feed=1,ok,,社会
2026-08-14,2026-08-14T06:31:43.614533+09:00,その他メディア,,Abema TIMES,千葉・北西部、北東部に線状降水帯が発生,https://times.abema.tv/articles/-/10266974?page=1,https://news.ceek.jp/search.cgi?category_id=national&feed=1,ok,,社会
2026-08-14,2026-08-14T06:31:43.614533+09:00,その他メディア,,Abema TIMES,車内閉じ込められた女性が心肺停止...千葉県『レベル5大雨特別警報』帰宅の足に影響,https://times.abema.tv/articles/-/10266973?page=1,https://news.ceek.jp/search.cgi?category_id=national&feed=1,ok,,社会
2026-08-14,2026-08-14T06:31:43.614533+09:00,その他メディア,,フジテレビ,千葉県北西部、北東部に「線状降水帯」発生 災害に厳重警戒(02:08時点),https://www.fnn.jp/articles/-/1094415,https://news.ceek.jp/search.cgi?category_id=national&feed=1,ok,,社会
2026-08-14,2026-08-14T06:31:43.614533+09:00,その他メディア,,テレビ朝日,車内閉じ込められた女性が心肺停止...千葉県『レベル5大雨特別警報』帰宅の足に影響,https://news.tv-asahi.co.jp/news_society/articles/900197100.html,https://news.ceek.jp/search.cgi?category_id=national&feed=1,ok,,社会
2026-08-14,2026-08-14T06:31:43.614533+09:00,全国紙,全国,日本経済新聞,動物と衝突「ロードキル」年12万件 防止へ国がDB、カーナビ連携,https://www.nikkei.com/article/DGXZQOUD1126Q0R10C26A6000000/,https://news.ceek.jp/search.cgi?category_id=national&feed=1,ok,,社会
2026-08-14,2026-08-14T06:31:43.614533+09:00,その他メディア,,TBSテレビ,JR東日本 14日(金)千葉県内の複数路線で始発から昼頃まで運転見合わせ,https://newsdig.tbs.co.jp/articles/-/2871885?display=1,https://news.ceek.jp/search.cgi?category_id=national&feed=1,ok,,社会
2026-08-14,2026-08-14T06:31:43.614533+09:00,その他メディア,,テレビ朝日,【速報】大雨の影響で高速道路が一部で通行止め 千葉,https://news.tv-asahi.co.jp/news_society/articles/000526213.html,https://news.ceek.jp/search.cgi?category_id=national&feed=1,ok,,社会
2026-08-14,2026-08-14T06:31:43.614533+09:00,その他メディア,,TBSテレビ,「記録的短時間大雨」の速報 千葉県九十九里町で発表,https://newsdig.tbs.co.jp/articles/-/2871884?display=1,https://news.ceek.jp/search.cgi?category_id=national&feed=1,ok,,社会
2026-08-14,2026-08-14T06:31:43.614533+09:00,その他メディア,,TBSテレビ,「記録的短時間大雨」の速報 千葉県山武市で発表,https://newsdig.tbs.co.jp/articles/-/2871882?display=1,https://news.ceek.jp/search.cgi?category_id=national&feed=1,ok,,社会
2026-08-14,2026-08-14T06:31:43.614533+09:00,その他メディア,,テレビ朝日,【速報】冠水した坂道で男性流され行方不明に 千葉・市原市,https://news.tv-asahi.co.jp/news_society/articles/000526217.html,https://news.ceek.jp/search.cgi?category_id=national&feed=1,ok,,社会
2026-08-14,2026-08-14T06:31:43.614533+09:00,その他メディア,,TBSテレビ,イオンモール爆発事故「あのとき、何が起きていたのか?」199テナントの運営会社に独自アンケート マニュアルを認識していなかった会社も【news23】,https://newsdig.tbs.co.jp/articles/-/2871878?display=1,https://news.ceek.jp/search.cgi?category_id=national&feed=1,ok,,社会
2026-08-14,2026-08-14T06:31:43.614533+09:00,その他メディア,,フジテレビ,線状降水帯相次ぎ発生 気象庁「直ちに身の安全確保を」 道路冠水も相次ぎ車立ち往生 千葉で初の土砂災害特別警報,https://www.fnn.jp/articles/-/1094413,https://news.ceek.jp/search.cgi?category_id=national&feed=1,ok,,社会
2026-08-14,2026-08-14T06:31:43.614533+09:00,その他メディア,,フジテレビ,千葉県東金市に「記録的短時間大雨」に関する情報発表(01:17時点),https://www.fnn.jp/articles/-/1094414,https://news.ceek.jp/search.cgi?category_id=national&feed=1,ok,,社会
2026-08-14,2026-08-14T06:31:43.614533+09:00,その他メディア,,日本テレビ,「九州自動車道」全線再開へ 救援物資などの輸送改善に期待,https://news.ntv.co.jp/category/society/c0fdfd9b483d4a6c9207a930c2851d38,https://news.ceek.jp/search.cgi?category_id=national&feed=1,ok,,社会
2026-08-14,2026-08-14T06:31:43.614533+09:00,その他メディア,,フジテレビ,気象庁と国交省が緊急会見 最大限の警戒を 千葉県にレベル5大雨・土砂災害特別警報,https://www.fnn.jp/articles/-/1094411,https://news.ceek.jp/search.cgi?category_id=national&feed=1,ok,,社会
2026-08-14,2026-08-14T06:31:43.614533+09:00,その他メディア,,共同通信,千葉県内レベル5の大雨特別警報 1人死亡、40万人超に避難指示,https://www.47news.jp/14784780.html,https://news.ceek.jp/search.cgi?category_id=national&feed=1,ok,,社会
2026-08-14,2026-08-14T06:31:43.614533+09:00,その他メディア,,フジテレビ,千葉県九十九里町に「記録的短時間大雨」に関する情報発表(01:07時点),https://www.fnn.jp/articles/-/1094412,https://news.ceek.jp/search.cgi?category_id=national&feed=1,ok,,社会
2026-08-14,2026-08-14T06:31:43.614533+09:00,その他メディア,,日本テレビ,「熊本城」16日ぶりに見学再開 朝から多くの人 地震で石垣など59か所被害,https://news.ntv.co.jp/category/society/03b93b00d674452c923601272677bb08,https://news.ceek.jp/search.cgi?category_id=national&feed=1,ok,,社会
2026-08-14,2026-08-14T06:31:43.614533+09:00,その他メディア,,TBSテレビ,千葉県の22市町で「レベル5大雨特別警報」 千葉市と市原市には「レベル5土砂災害特別警報」 千葉と茨城では午前0時時点で計40万3000人に避難指示,https://newsdig.tbs.co.jp/articles/-/2871869?display=1,https://news.ceek.jp/search.cgi?category_id=national&feed=1,ok,,社会
2026-08-14,2026-08-14T06:31:43.614533+09:00,その他メディア,,フジテレビ,熊本城の一般公開を再開 地震で石垣40カ所崩れ...200人行列も 観光客受け入れながら復旧へ,https://www.fnn.jp/articles/-/1094409,https://news.ceek.jp/search.cgi?category_id=national&feed=1,ok,,社会
2026-08-14,2026-08-14T06:31:43.614533+09:00,その他メディア,,共同通信,【速報】千葉県山武市、九十九里町にも大雨特別警報,https://www.47news.jp/14786315.html,https://news.ceek.jp/search.cgi?category_id=national&feed=1,ok,,社会
2026-08-14,2026-08-14T06:31:43.614533+09:00,その他メディア,,日本テレビ,千葉県「災害救助法」20市町に適用へ,https://news.ntv.co.jp/category/society/56c08716e0c7407388dc53fec2265f0a,https://news.ceek.jp/search.cgi?category_id=national&feed=1,ok,,社会
2026-08-14,2026-08-14T06:31:43.614533+09:00,その他メディア,,フジテレビ,14日も危険な雨続く見込み 土砂災害など終日警戒を 千葉で初の土砂災害特別警報,https://www.fnn.jp/articles/-/1094408,https://news.ceek.jp/search.cgi?category_id=national&feed=1,ok,,社会
2026-08-14,2026-08-14T06:31:43.614533+09:00,その他メディア,,フジテレビ,周南市の国道でクマ1頭目撃 約200メートル先を横切る JR徳佐駅から約8キロの場所 体長50~60センチ 注意呼びかけ 山口,https://www.fnn.jp/articles/-/1094410,https://news.ceek.jp/search.cgi?category_id=national&feed=1,ok,,社会
2026-08-14,2026-08-14T06:31:43.614533+09:00,その他メディア,,フジテレビ,道路冠水、崖崩れ、通行止めも... 千葉で初の土砂災害特別警報,https://www.fnn.jp/articles/-/1094406,https://news.ceek.jp/search.cgi?category_id=national&feed=1,ok,,社会
2026-08-14,2026-08-14T06:31:43.614533+09:00,その他メディア,,TBSテレビ,千葉県山武市と九十九里町に「レベル5大雨特別警報」が新たに発表 東金市と八街市に「レベル5土砂災害特別警報」が発表,https://newsdig.tbs.co.jp/articles/-/2871863?display=1,https://news.ceek.jp/search.cgi?category_id=national&feed=1,ok,,社会
2026-08-14,2026-08-14T06:31:43.614533+09:00,その他メディア,,Abema TIMES,雷鳴り続ける中、立往生?大雨で冠水した道路でハザード点灯させ続ける車の姿も,https://times.abema.tv/articles/-/10266948?page=1,https://news.ceek.jp/search.cgi?category_id=national&feed=1,ok,,社会
2026-08-14,2026-08-14T06:31:43.614533+09:00,その他メディア,,TBSテレビ,【速報】レベル5土砂災害特別警報 千葉県東金市・八街市,https://newsdig.tbs.co.jp/articles/-/2871858?display=1,https://news.ceek.jp/search.cgi?category_id=national&feed=1,ok,,社会
2026-08-14,2026-08-14T06:31:43.614533+09:00,その他メディア,,TBSテレビ,「記録的短時間大雨」の速報 千葉県八街市で発表,https://newsdig.tbs.co.jp/articles/-/2871857?display=1,https://news.ceek.jp/search.cgi?category_id=national&feed=1,ok,,社会
2026-08-14,2026-08-14T06:31:43.614533+09:00,その他メディア,,フジテレビ,"コンビニで“顔が赤い男""が車に乗り込み...不審に思いパトカー追跡 酒気帯び運転容疑で逮捕「酒は抜けていると思った」と否認 福岡",https://www.fnn.jp/articles/-/1094407,https://news.ceek.jp/search.cgi?category_id=national&feed=1,ok,,社会
2026-08-14,2026-08-14T06:31:43.614533+09:00,その他メディア,,TBSテレビ,「記録的短時間大雨」の速報 千葉市付近・東金市付近で発表,https://newsdig.tbs.co.jp/articles/-/2871856?display=1,https://news.ceek.jp/search.cgi?category_id=national&feed=1,ok,,社会
2026-08-14,2026-08-14T06:31:43.614533+09:00,その他メディア,,フジテレビ,崖近くは早めの避難 適切な行動を 初の土砂災害特別警報 現在の状況は?,https://www.fnn.jp/articles/-/1094403,https://news.ceek.jp/search.cgi?category_id=national&feed=1,ok,,社会
2026-08-14,2026-08-14T06:31:43.614533+09:00,その他メディア,,Abema TIMES,"冠水した道路から複数の水柱...千葉県市川市で路上“水浸し""",https://times.abema.tv/articles/-/10266949?page=1,https://news.ceek.jp/search.cgi?category_id=national&feed=1,ok,,社会
2026-08-14,2026-08-14T06:31:43.614533+09:00,その他メディア,,フジテレビ,千葉県山武市に「記録的短時間大雨」に関する情報発表(00:37時点),https://www.fnn.jp/articles/-/1094405,https://news.ceek.jp/search.cgi?category_id=national&feed=1,ok,,社会
2026-08-14,2026-08-14T06:31:43.614533+09:00,その他メディア,,Abema TIMES,千葉県市原市で夜道が冠水...排水追い付かず水面が波打つ様子も,https://times.abema.tv/articles/-/10266947?page=1,https://news.ceek.jp/search.cgi?category_id=national&feed=1,ok,,社会
2026-08-14,2026-08-14T06:31:43.614533+09:00,その他メディア,,時事通信,米国務省、北方領土は「日本が主権」 平和損なう行動に反対,https://www.jiji.com/jc/article?k=2026081400149&g=int,https://news.ceek.jp/search.cgi?category_id=world&feed=1,ok,,国際
2026-08-14,2026-08-14T06:31:43.614533+09:00,その他メディア,,世界日報,ロボットカフェと低価格カフェ【セゲイルボを読む】,https://www.worldtimes.co.jp/global/korean-peninsula/20260814-213613/,https://news.ceek.jp/search.cgi?category_id=world&feed=1,ok,,国際
2026-08-14,2026-08-14T06:31:43.614533+09:00,その他メディア,,世界日報,「台湾経験」で中国統一目指す、李登輝元総統の民主改革と対中政策,https://www.worldtimes.co.jp/global/taiwan/20260814-213606/,https://news.ceek.jp/search.cgi?category_id=world&feed=1,ok,,国際
2026-08-14,2026-08-14T06:31:43.614533+09:00,その他メディア,,TBSテレビ,ウクライナ・オデーサ州 340人乗車の旅客列車にロシアがドローン攻撃 運転士ら2人死亡,https://newsdig.tbs.co.jp/articles/-/2871967?display=1,https://news.ceek.jp/search.cgi?category_id=world&feed=1,ok,,国際
2026-08-14,2026-08-14T06:31:43.614533+09:00,その他メディア,,デイリースポーツ,ハーバード大巡る訴訟で政権敗訴,https://www.daily.co.jp/society/world/2026/08/14/0020703950.shtml,https://news.ceek.jp/search.cgi?category_id=world&feed=1,ok,,国際
2026-08-14,2026-08-14T06:31:43.614533+09:00,その他メディア,,JBpress,"「ロシア富豪の息子」を演じた19歳青年の転落死...倫理観マヒした“マネーロンダリング都市""ロンドンの罠",https://jbpress.ismedia.jp/articles/-/96443,https://news.ceek.jp/search.cgi?category_id=world&feed=1,ok,,国際
2026-08-14,2026-08-14T06:31:43.614533+09:00,その他メディア,,JBpress,奥田碩氏逝去が中国で大きく報じられる理由、トヨタの中国進出を決断し「政冷経熱」を水面下で支えた財界総理の足跡東アジア「深層取材ノート」(第337回),https://jbpress.ismedia.jp/articles/-/96444,https://news.ceek.jp/search.cgi?category_id=world&feed=1,ok,,国際
2026-08-14,2026-08-14T06:31:43.614533+09:00,全国紙,全国,日本経済新聞,AMDが社債発行、AIチップ開発に投資 最大8000億円,https://www.nikkei.com/article/DGXZQOGN139O40T10C26A8000000/,https://news.ceek.jp/search.cgi?category_id=world&feed=1,ok,,国際
2026-08-14,2026-08-14T06:31:43.614533+09:00,全国紙,全国,産経新聞,コロンビア地震の死者273人に なお377人行方不明、救助隊遅れに政府批判の声も,https://www.sankei.com/article/20260814-WTP6FM2DKVKB5BSPWDDNZQL4VQ/,https://news.ceek.jp/search.cgi?category_id=world&feed=1,ok,,国際
2026-08-14,2026-08-14T06:31:43.614533+09:00,その他メディア,,VIETJO,独でビンファスト「VF 6」の自動運転試験、イスラエル企業が実施,https://www.viet-jo.com/news/economy/260813185109.html,https://news.ceek.jp/search.cgi?category_id=world&feed=1,ok,,国際
2026-08-14,2026-08-14T06:31:43.614533+09:00,全国紙,全国,産経新聞,サウジアラビア南部の製油所を攻撃と報道 イエメンの親イラン組織フーシ派、「報復」主張,https://www.sankei.com/article/20260814-DBDSL5M6LJJC7HBGHKM7PHOBXM/,https://news.ceek.jp/search.cgi?category_id=world&feed=1,ok,,国際
2026-08-14,2026-08-14T06:31:43.614533+09:00,その他メディア,,TBSテレビ,トランプ政権のハーバード大学に対する訴えを棄却 ユダヤ人学生などへの嫌がらせ放置などと訴えも連邦地裁「個別の事例」,https://newsdig.tbs.co.jp/articles/-/2871940?display=1,https://news.ceek.jp/search.cgi?category_id=world&feed=1,ok,,国際
2026-08-14,2026-08-14T06:31:43.614533+09:00,全国紙,全国,日本経済新聞,米軍が中東展開の空母交代へ 240日以上寄港なく、艦内の環境悪化,https://www.nikkei.com/article/DGXZQOGN139RG0T10C26A8000000/,https://news.ceek.jp/search.cgi?category_id=world&feed=1,ok,,国際
2026-08-14,2026-08-14T06:31:43.614533+09:00,その他メディア,,デイリー新潮,"韓国メディアは「日本人審判も“接待""を受けていた」と論点をずらし...衝撃の韓国サッカー協会「レフェリーに性接待」疑惑 専門家は「ソウル五輪招致の頃から行われていた」",https://www.dailyshincho.jp/article/2026/08140504/?all=1,https://news.ceek.jp/search.cgi?category_id=world&feed=1,ok,,国際
2026-08-14,2026-08-14T06:31:43.614533+09:00,全国紙,全国,日本経済新聞,中国発フィジカルAIは本当にすごいのか 柯隆氏×CDI是枝邦洋氏,https://www.nikkei.com/article/DGXZQODK134120T10C26A8000000/,https://news.ceek.jp/search.cgi?category_id=world&feed=1,ok,,国際
2026-08-14,2026-08-14T06:31:43.614533+09:00,全国紙,全国,日本経済新聞,中国、出入国管理を厳格化 先端技術の流出防止でヒトの流れを規制,https://www.nikkei.com/article/DGXZQOGM060RH0W6A800C2000000/,https://news.ceek.jp/search.cgi?category_id=world&feed=1,ok,,国際
2026-08-14,2026-08-14T06:31:43.614533+09:00,全国紙,全国,読売新聞,露、北方領議論しない姿勢...青山学院大名誉教授(現代ロシア論)袴田茂樹氏,https://www.yomiuri.co.jp/world/20260814-GYT1T00022/,https://news.ceek.jp/search.cgi?category_id=world&feed=1,ok,,国際
2026-08-14,2026-08-14T06:31:43.614533+09:00,全国紙,全国,読売新聞,核ごみ、初の最終処分場 フィンランド稼働へ 地下400メートル、10万年保管,https://www.yomiuri.co.jp/world/20260814-GYT1T00023/,https://news.ceek.jp/search.cgi?category_id=world&feed=1,ok,,国際
2026-08-14,2026-08-14T06:31:43.614533+09:00,全国紙,全国,読売新聞,タリバン、路線対立深刻 アフガン掌握5年 強権派と米欧協調派,https://www.yomiuri.co.jp/world/20260814-GYT1T00032/,https://news.ceek.jp/search.cgi?category_id=world&feed=1,ok,,国際
2026-08-14,2026-08-14T06:31:43.614533+09:00,全国紙,全国,読売新聞,「トランプ氏SNS有料 違憲」 米メディアなどが提訴 「平等に受け取る権利」侵害,https://www.yomiuri.co.jp/world/20260814-GYT1T00052/,https://news.ceek.jp/search.cgi?category_id=world&feed=1,ok,,国際
2026-08-14,2026-08-14T06:31:43.614533+09:00,その他メディア,,VIETJO,ハノイ:犬肉食べ殺鼠剤中毒に、がん治療中の男性が眼出血で重体,https://www.viet-jo.com/news/sanmen/260813115155.html,https://news.ceek.jp/search.cgi?category_id=world&feed=1,ok,,国際
2026-08-14,2026-08-14T06:31:43.614533+09:00,その他メディア,,VIETJO,決済アプリ「MoMo」、グリーンSMフードの出店登録を開始,https://www.viet-jo.com/news/economy/260813163520.html,https://news.ceek.jp/search.cgi?category_id=world&feed=1,ok,,国際
2026-08-14,2026-08-14T06:31:43.614533+09:00,全国紙,全国,日本経済新聞,米国の法廷を惑わす「AIの噓」 1年で10倍、厄介な「悪意なし」,https://www.nikkei.com/article/DGXZQOGN060130W6A800C2000000/,https://news.ceek.jp/search.cgi?category_id=world&feed=1,ok,,国際
2026-08-14,2026-08-14T06:31:43.614533+09:00,その他メディア,,共同通信,【速報】北方領土は日本主権と米当局者,https://www.47news.jp/14786377.html,https://news.ceek.jp/search.cgi?category_id=world&feed=1,ok,,国際
2026-08-14,2026-08-14T06:31:43.614533+09:00,全国紙,全国,読売新聞,プーチン大統領の択捉島訪問、米政府「日本の主権を長年認めてきた」「インド太平洋の平和と安定を損なおうとするいかなる行動にも強く反対」とコメント,https://www.yomiuri.co.jp/world/20260814-GYT1T00059/,https://news.ceek.jp/search.cgi?category_id=world&feed=1,ok,,国際
2026-08-14,2026-08-14T06:31:43.614533+09:00,その他メディア,,VIETJO,ホーチミン高島屋にガンダムベースが期間限定オープン、8月23日まで,https://www.viet-jo.com/news/nikkei/260813181911.html,https://news.ceek.jp/search.cgi?category_id=world&feed=1,ok,,国際
2026-08-14,2026-08-14T06:31:43.614533+09:00,その他メディア,,ウクルインフォルム,シビハ宇外相、プーチン氏の択捉島訪問を非難 ウクライナの対日連帯を表明,https://www.ukrinform.jp/rubric-polytics/4153965-shibiha-yu-wai-xiangpuchin-shino-ze-zhuo-dao-fang-wenwo-fei-nanukurainano-dui-ri-lian-daiwo-biao-ming.html,https://news.ceek.jp/search.cgi?category_id=world&feed=1,ok,,国際
2026-08-14,2026-08-14T06:31:43.614533+09:00,その他メディア,,VIETJO,Green Carbon、水稲メタン削減でアンザン大学の研究所と覚書,https://www.viet-jo.com/news/nikkei/260813125702.html,https://news.ceek.jp/search.cgi?category_id=world&feed=1,ok,,国際
2026-08-14,2026-08-14T06:31:43.614533+09:00,その他メディア,,アラブニュース,アラブ連盟事務総長、イスラエルの事態悪化が地域全体の対立拡大を招く恐れがあると警告,https://www.arabnews.jp/article/middle-east/article_184129/,https://news.ceek.jp/search.cgi?category_id=world&feed=1,ok,,国際
2026-08-14,2026-08-14T06:31:43.614533+09:00,その他メディア,,アラブニュース,レバノン首相、イスラエルの行動を非難する投稿が削除されたことを受け、Xアカウントがハッキングされたと表明,https://www.arabnews.jp/article/middle-east/article_184127/,https://news.ceek.jp/search.cgi?category_id=world&feed=1,ok,,国際
2026-08-14,2026-08-14T06:31:43.614533+09:00,その他メディア,,アラブニュース,ホルムズ海峡での原油流出を受け、イランが賠償を要求,https://www.arabnews.jp/article/middle-east/article_184125/,https://news.ceek.jp/search.cgi?category_id=world&feed=1,ok,,国際
2026-08-14,2026-08-14T06:31:43.614533+09:00,その他メディア,,フジテレビ,ウクライナ外相、プーチン氏の北方領土訪問を非難 「日本に対する完全な侮辱」 日本への連帯表明,https://www.fnn.jp/articles/-/1094416,https://news.ceek.jp/search.cgi?category_id=world&feed=1,ok,,国際
2026-08-14,2026-08-14T06:31:43.614533+09:00,その他メディア,,テレビ朝日,英南部で150人乗る列車脱線 11人けが うち2人重傷,https://news.tv-asahi.co.jp/news_international/articles/000526216.html,https://news.ceek.jp/search.cgi?category_id=world&feed=1,ok,,国際
2026-08-14,2026-08-14T06:31:43.614533+09:00,全国紙,全国,日本経済新聞,[FT]すべての視線は円に 日本発の債務危機に現実味,https://www.nikkei.com/article/DGXZQOCB130E30T10C26A8000000/,https://news.ceek.jp/search.cgi?category_id=world&feed=1,ok,,国際
2026-08-14,2026-08-14T06:31:43.614533+09:00,その他メディア,,TBSテレビ,"ルーマニアの原発が全停止へ ドナウ川の水位低下の影響“唯一稼働していた原子炉停止へ""",https://newsdig.tbs.co.jp/articles/-/2871886?display=1,https://news.ceek.jp/search.cgi?category_id=world&feed=1,ok,,国際
2026-08-14,2026-08-14T06:31:43.614533+09:00,全国紙,全国,日本経済新聞,「第2次大戦の成果守る」 中ロ駐日大使、足並み誇示,https://www.nikkei.com/article/DGXZQOCB139OX0T10C26A8000000/,https://news.ceek.jp/search.cgi?category_id=world&feed=1,ok,,国際
2026-08-14,2026-08-14T06:31:43.614533+09:00,全国紙,全国,日本経済新聞,米国で広がる「訴訟ファンド」に規制、導入州5年で3倍 一部で禁止も,https://www.nikkei.com/article/DGXZQOUB07BUM0X00C26A8000000/,https://news.ceek.jp/search.cgi?category_id=world&feed=1,ok,,国際
2026-08-14,2026-08-14T06:31:43.614533+09:00,その他メディア,,TBSテレビ,"中国企業が“トランプ関税回避""の迂回輸出 米政府発表 経由地でラベル貼り替えや簡易な組み立てなどを実施か",https://newsdig.tbs.co.jp/articles/-/2871879?display=1,https://news.ceek.jp/search.cgi?category_id=world&feed=1,ok,,国際
2026-08-14,2026-08-14T06:31:43.614533+09:00,その他メディア,,TBSテレビ,"プーチン大統領が北方領土を電撃訪問 なぜいま? 専門家が分析 国内の選挙と日本への“揺さぶり""【news23】",https://newsdig.tbs.co.jp/articles/-/2871875?display=1,https://news.ceek.jp/search.cgi?category_id=world&feed=1,ok,,国際
2026-08-14,2026-08-14T06:31:43.614533+09:00,その他メディア,,テレビ朝日,ウクライナ外相「日本への侮辱だ」プーチン氏の北方領土訪問を非難 日本への連帯示す,https://news.tv-asahi.co.jp/news_international/articles/000526210.html,https://news.ceek.jp/search.cgi?category_id=world&feed=1,ok,,国際
2026-08-14,2026-08-14T06:31:43.614533+09:00,その他メディア,,テレビ朝日,ルーマニア 国内唯一の原発が完全停止へ ドナウ川の水位低下が影響,https://news.tv-asahi.co.jp/news_international/articles/000526207.html,https://news.ceek.jp/search.cgi?category_id=world&feed=1,ok,,国際
2026-08-14,2026-08-14T06:31:43.614533+09:00,全国紙,全国,日本経済新聞,伊シチリア島、火山噴火で空港閉鎖 夏の観光シーズンを直撃,https://www.nikkei.com/article/DGXZQOUF139EO0T10C26A8000000/,https://news.ceek.jp/search.cgi?category_id=world&feed=1,ok,,国際
2026-08-14,2026-08-14T06:31:43.614533+09:00,その他メディア,,共同通信,【速報】フーシ派がサウジ製油所を無人機攻撃と報道,https://www.47news.jp/14786232.html,https://news.ceek.jp/search.cgi?category_id=world&feed=1,ok,,国際
2026-08-14,2026-08-14T06:31:43.614533+09:00,その他メディア,,アラブニュース,トランプ大統領が「米国が支配」と主張したのを受け、イランはホルムズ海峡を管理していると表明,https://www.arabnews.jp/article/middle-east/article_184078/,https://news.ceek.jp/search.cgi?category_id=world&feed=1,ok,,国際
2026-08-14,2026-08-14T06:31:43.614533+09:00,その他メディア,,アラブニュース,ガザ地区のハーン・ユーニスおよびガザ市で、イスラエルの空爆によりパレスチナ人2人が死亡,https://www.arabnews.jp/article/middle-east/article_184119/,https://news.ceek.jp/search.cgi?category_id=world&feed=1,ok,,国際
2026-08-14,2026-08-14T06:31:43.614533+09:00,その他メディア,,アラブニュース,日本、プーチン大統領の係争中のエトロフ島訪問を非難,https://www.arabnews.jp/article/japan/article_184099/,https://news.ceek.jp/search.cgi?category_id=world&feed=1,ok,,国際
2026-08-14,2026-08-14T06:31:43.614533+09:00,全国紙,全国,日本経済新聞,7月米卸売物価横ばい、市場予想下回る ガソリンや化学品が低下,https://www.nikkei.com/article/DGXZQOGN1201F0S6A810C2000000/,https://news.ceek.jp/search.cgi?category_id=world&feed=1,ok,,国際
2026-08-14,2026-08-14T06:31:43.614533+09:00,その他メディア,,newsclip.be,コメダ珈琲店、タイに初出店 バンコク・アソークの「Exchange Tower」に2026年内開業へ,https://newsclip.be/thai-news/thai-economy/40624,https://news.ceek.jp/search.cgi?category_id=world&feed=1,ok,,国際
2026-08-14,2026-08-14T06:31:43.614533+09:00,その他メディア,,newsclip.be,タイ政府、データセンター投資の審査強化へ 電力安定と誘致の両立図る,https://newsclip.be/thai-news/thai-economy/40599,https://news.ceek.jp/search.cgi?category_id=world&feed=1,ok,,国際
2026-08-14,2026-08-14T06:31:43.614533+09:00,その他メディア,,newsclip.be,来タイ中国人、今年は510万人の見込み 訪日中国人を上回る期待,https://newsclip.be/thai-news/thai-economy/40603,https://news.ceek.jp/search.cgi?category_id=world&feed=1,ok,,国際
2026-08-14,2026-08-14T06:31:43.614533+09:00,その他メディア,,newsclip.be,タイで8月末までのSIM登録更新を呼びかけ 不正利用対策で本人確認を義務化,https://newsclip.be/thai-news/thai-politics/40606,https://news.ceek.jp/search.cgi?category_id=world&feed=1,ok,,国際
2026-08-14,2026-08-14T06:31:43.614533+09:00,その他メディア,,newsclip.be,タイ砂糖業界、エルニーニョ強化で減産懸念 干ばつで価格上昇の可能性,https://newsclip.be/thai-news/thai-economy/40610,https://news.ceek.jp/search.cgi?category_id=world&feed=1,ok,,国際
2026-08-14,2026-08-14T06:31:43.614533+09:00,その他メディア,,newsclip.be,タイ国鉄、南部複線化に6000億円相当 洪水対策で事業費増額,https://newsclip.be/thai-news/thai-economy/40612,https://news.ceek.jp/search.cgi?category_id=world&feed=1,ok,,国際
2026-08-14,2026-08-14T06:31:43.614533+09:00,その他メディア,,newsclip.be,タイ郷土料理231品を文化資源化 「The Lost Taste」で経済・観光政策に活用,https://newsclip.be/thai-news/thai-economy/40617,https://news.ceek.jp/search.cgi?category_id=world&feed=1,ok,,国際
2026-08-14,2026-08-14T06:31:43.614533+09:00,その他メディア,,Abema TIMES,専門家「狙いは支持回復と日本けん制」プーチン大統領が北方領土を初訪問,https://times.abema.tv/articles/-/10266957?page=1,https://news.ceek.jp/search.cgi?category_id=world&feed=1,ok,,国際
2026-08-14,2026-08-14T06:31:43.614533+09:00,その他メディア,,NNA ASIA,越人材、二大都市で志向に差,https://www.nna.jp/news/2945761,https://news.ceek.jp/search.cgi?category_id=world&feed=1,ok,,国際
2026-08-14,2026-08-14T06:31:43.614533+09:00,その他メディア,,NNA ASIA,【マクロ経済ウオッチ】第37回,https://www.nna.jp/news/2951940,https://news.ceek.jp/search.cgi?category_id=world&feed=1,ok,,国際
2026-08-14,2026-08-14T06:31:43.614533+09:00,その他メディア,,NNA ASIA,【タイ法律解説】第60回 新ライセンス円滑化法が施行,https://www.nna.jp/news/2953862,https://news.ceek.jp/search.cgi?category_id=world&feed=1,ok,,国際
2026-08-14,2026-08-14T06:31:43.614533+09:00,その他メディア,,NNA ASIA,【マーケット情報】商品市況・為替・株式(2026年08月13日時点),https://www.nna.jp/news/2954422,https://news.ceek.jp/search.cgi?category_id=world&feed=1,ok,,国際
2026-08-14,2026-08-14T06:31:43.614533+09:00,その他メディア,,NNA ASIA,CBA、従業員監視アプリ巡り労組と対立,https://www.nna.jp/news/2954456,https://news.ceek.jp/search.cgi?category_id=world&feed=1,ok,,国際
2026-08-14,2026-08-14T06:31:43.614533+09:00,その他メディア,,NNA ASIA,レンドリース、商業施設ファンドを清算へ,https://www.nna.jp/news/2955132,https://news.ceek.jp/search.cgi?category_id=world&feed=1,ok,,国際
2026-08-14,2026-08-14T06:31:43.614533+09:00,その他メディア,,NNA ASIA,マッコーリー傘下、米AI大手とDC投資拡大,https://www.nna.jp/news/2955491,https://news.ceek.jp/search.cgi?category_id=world&feed=1,ok,,国際
2026-08-14,2026-08-14T06:31:43.614533+09:00,その他メディア,,NNA ASIA,テイクオフ:オーストラリアの住宅市...,https://www.nna.jp/news/2955632,https://news.ceek.jp/search.cgi?category_id=world&feed=1,ok,,国際
2026-08-14,2026-08-14T06:31:43.614533+09:00,その他メディア,,NNA ASIA,建設L&T、レアアース磁石の国内生産検討,https://www.nna.jp/news/2955659,https://news.ceek.jp/search.cgi?category_id=world&feed=1,ok,,国際
2026-08-14,2026-08-14T06:31:43.614533+09:00,その他メディア,,NNA ASIA,日用品各社、7~9月期も値上げ実施へ,https://www.nna.jp/news/2955877,https://news.ceek.jp/search.cgi?category_id=world&feed=1,ok,,国際
2026-08-14,2026-08-14T06:31:43.614533+09:00,その他メディア,,NNA ASIA,本日のニュージーランド1行情報(13日付),https://www.nna.jp/news/2955923,https://news.ceek.jp/search.cgi?category_id=world&feed=1,ok,,国際
2026-08-14,2026-08-14T06:31:43.614533+09:00,その他メディア,,NNA ASIA,ジオ・クレジット株49.9%、バンカメが取得,https://www.nna.jp/news/2955967,https://news.ceek.jp/search.cgi?category_id=world&feed=1,ok,,国際
2026-08-14,2026-08-14T06:31:43.614533+09:00,その他メディア,,NNA ASIA,シアヌークビル港第2期、円借款契約を締結,https://www.nna.jp/news/2955975,https://news.ceek.jp/search.cgi?category_id=world&feed=1,ok,,国際
2026-08-14,2026-08-14T06:31:43.614533+09:00,その他メディア,,NNA ASIA,米7月物価3.4%上昇、2カ月連続で伸び縮小,https://www.nna.jp/news/2955979,https://news.ceek.jp/search.cgi?category_id=world&feed=1,ok,,国際
2026-08-14,2026-08-14T06:31:43.614533+09:00,その他メディア,,NNA ASIA,アーチオン利益3千億円へ、統合で上方修正,https://www.nna.jp/news/2955980,https://news.ceek.jp/search.cgi?category_id=world&feed=1,ok,,国際
2026-08-14,2026-08-14T06:31:43.614533+09:00,その他メディア,,NNA ASIA,金融団体、人権NGOの主張に反論,https://www.nna.jp/news/2955984,https://news.ceek.jp/search.cgi?category_id=world&feed=1,ok,,国際
2026-08-14,2026-08-14T06:31:43.614533+09:00,その他メディア,,NNA ASIA,CAB、1億リンギでトレンガヌに近代養鶏場,https://www.nna.jp/news/2955989,https://news.ceek.jp/search.cgi?category_id=world&feed=1,ok,,国際
2026-08-14,2026-08-14T06:31:43.614533+09:00,その他メディア,,NNA ASIA,NXP、マ後工程工場を拡張,https://www.nna.jp/news/2955994,https://news.ceek.jp/search.cgi?category_id=world&feed=1,ok,,国際
2026-08-14,2026-08-14T06:31:43.614533+09:00,その他メディア,,NNA ASIA,サザンスコア、DC向け電気設備工事を受注,https://www.nna.jp/news/2956001,https://news.ceek.jp/search.cgi?category_id=world&feed=1,ok,,国際
2026-08-14,2026-08-14T06:31:43.614533+09:00,その他メディア,,NNA ASIA,比産カカオ、ニュージーランドに初出荷,https://www.nna.jp/news/2956023,https://news.ceek.jp/search.cgi?category_id=world&feed=1,ok,,国際
2026-08-14,2026-08-14T06:31:43.614533+09:00,その他メディア,,NNA ASIA,ダナン市、3千億円超の臨海都市開発を再始動,https://www.nna.jp/news/2956034,https://news.ceek.jp/search.cgi?category_id=world&feed=1,ok,,国際
2026-08-14,2026-08-14T06:31:43.614533+09:00,その他メディア,,NNA ASIA,LINE銀行、貸付残高3年で500億バーツへ,https://www.nna.jp/news/2956037,https://news.ceek.jp/search.cgi?category_id=world&feed=1,ok,,国際
2026-08-14,2026-08-14T06:31:43.614533+09:00,その他メディア,,NNA ASIA,マニラウオーター、日量2億リットル増強へ,https://www.nna.jp/news/2956042,https://news.ceek.jp/search.cgi?category_id=world&feed=1,ok,,国際
2026-08-14,2026-08-14T06:31:43.614533+09:00,その他メディア,,NNA ASIA,南部アフリカ同盟との協定、1年内の妥結目標,https://www.nna.jp/news/2956045,https://news.ceek.jp/search.cgi?category_id=world&feed=1,ok,,国際
2026-08-14,2026-08-14T06:31:43.614533+09:00,その他メディア,,NNA ASIA,通信シングテル、4~6月期は72%減益,https://www.nna.jp/news/2956048,https://news.ceek.jp/search.cgi?category_id=world&feed=1,ok,,国際
2026-08-14,2026-08-14T06:31:43.614533+09:00,その他メディア,,NNA ASIA,7月の乗用車販売、34.3%増,https://www.nna.jp/news/2956052,https://news.ceek.jp/search.cgi?category_id=world&feed=1,ok,,国際
2026-08-14,2026-08-14T06:31:43.614533+09:00,その他メディア,,NNA ASIA,バリューデザインが地場バナナムと連携,https://www.nna.jp/news/2956056,https://news.ceek.jp/search.cgi?category_id=world&feed=1,ok,,国際
2026-08-14,2026-08-14T06:31:43.614533+09:00,その他メディア,,NNA ASIA,シンガポール発着の米クルーズ船、運航延長,https://www.nna.jp/news/2956057,https://news.ceek.jp/search.cgi?category_id=world&feed=1,ok,,国際
2026-08-14,2026-08-14T06:31:43.614533+09:00,その他メディア,,NNA ASIA,首都LRTのマンガライ延伸、26日開業へ,https://www.nna.jp/news/2956059,https://news.ceek.jp/search.cgi?category_id=world&feed=1,ok,,国際
2026-08-14,2026-08-14T06:31:43.614533+09:00,その他メディア,,NNA ASIA,〔クラクション〕首都圏の冠水地でごみ散乱の偽画像,https://www.nna.jp/news/2956063,https://news.ceek.jp/search.cgi?category_id=world&feed=1,ok,,国際
2026-08-14,2026-08-14T06:31:43.614533+09:00,その他メディア,,NNA ASIA,7月CPI上昇率4.45%、9カ月連続加速,https://www.nna.jp/news/2956065,https://news.ceek.jp/search.cgi?category_id=world&feed=1,ok,,国際
2026-08-14,2026-08-14T06:31:43.614533+09:00,その他メディア,,NNA ASIA,中国高級車「紅旗」が参入、EV投入へ,https://www.nna.jp/news/2956067,https://news.ceek.jp/search.cgi?category_id=world&feed=1,ok,,国際
2026-08-14,2026-08-14T06:31:43.614533+09:00,その他メディア,,NNA ASIA,SMグループが鉱業撤退へ、再エネ重視,https://www.nna.jp/news/2956068,https://news.ceek.jp/search.cgi?category_id=world&feed=1,ok,,国際
2026-08-14,2026-08-14T06:31:43.614533+09:00,その他メディア,,NNA ASIA,「乗車前のチップ」、配車アプリに是正指示,https://www.nna.jp/news/2956073,https://news.ceek.jp/search.cgi?category_id=world&feed=1,ok,,国際
2026-08-14,2026-08-14T06:31:43.614533+09:00,その他メディア,,NNA ASIA,首相、民間投資の促進へ手続き簡素化,https://www.nna.jp/news/2956074,https://news.ceek.jp/search.cgi?category_id=world&feed=1,ok,,国際
2026-08-14,2026-08-14T06:31:43.614533+09:00,その他メディア,,NNA ASIA,比経済減速は構造的な問題=米シンクタンク,https://www.nna.jp/news/2956080,https://news.ceek.jp/search.cgi?category_id=world&feed=1,ok,,国際
2026-08-14,2026-08-14T06:31:43.614533+09:00,その他メディア,,NNA ASIA,クルジャヤ、ジョ州でSOHO開発事業を受注,https://www.nna.jp/news/2956081,https://news.ceek.jp/search.cgi?category_id=world&feed=1,ok,,国際
2026-08-14,2026-08-14T06:31:43.614533+09:00,その他メディア,,TBSテレビ,【台風情報】最大瞬間風速30m/s・990hPa「台風17号」(ナンカー)」南鳥島近海を時速30kmで東北東へ...日本への影響、今後の予想進路は? 24日(月)までの雨・風シミュレーションで確認【気象庁14日6時45分発表】,https://newsdig.tbs.co.jp/articles/-/2871976?display=1,https://news.ceek.jp/search.cgi?category_id=local&feed=1,ok,,地方・地域
2026-08-14,2026-08-14T06:31:43.614533+09:00,地方紙,広島,中国新聞,NY円、159円台半ば,https://www.chugoku-np.co.jp/articles/-/879613,https://news.ceek.jp/search.cgi?category_id=local&feed=1,ok,,地方・地域
2026-08-14,2026-08-14T06:31:43.614533+09:00,その他メディア,,TBSテレビ,【台風情報】台風17号(ナンカー)は南鳥島近海を北上中 最大瞬間風速30 m/s 南鳥島近海で「ほとんど停滞」へ【14日午前6時現在】,https://newsdig.tbs.co.jp/articles/-/2871975?display=1,https://news.ceek.jp/search.cgi?category_id=local&feed=1,ok,,地方・地域
2026-08-14,2026-08-14T06:31:43.614533+09:00,地方紙,沖縄,沖縄タイムス,[社説]熊本イオン爆発事故 「再入館許可」の検証を,https://www.okinawatimes.co.jp/articles/-/1901856,https://news.ceek.jp/search.cgi?category_id=local&feed=1,ok,,地方・地域
2026-08-14,2026-08-14T06:31:43.614533+09:00,地方紙,広島,中国新聞,NY円、159円台半ば,https://www.chugoku-np.co.jp/articles/-/879614,https://news.ceek.jp/search.cgi?category_id=local&feed=1,ok,,地方・地域
2026-08-14,2026-08-14T06:31:43.614533+09:00,その他メディア,,Lmaga.jp,"「ひき肉です!」中学生で一世風靡したYouTuber集団、高校生でまさかの“ランウェイ""デビュー",https://www.lmaga.jp/news/2026/08/1088874/,https://news.ceek.jp/search.cgi?category_id=local&feed=1,ok,,地方・地域
2026-08-14,2026-08-14T06:31:43.614533+09:00,地方紙,広島,中国新聞,九州自動車道、全線で通行再開,https://www.chugoku-np.co.jp/articles/-/879612,https://news.ceek.jp/search.cgi?category_id=local&feed=1,ok,,地方・地域
2026-08-14,2026-08-14T06:31:43.614533+09:00,地方紙,沖縄,沖縄タイムス,県開発品種でスイーツ ドラゴンフルーツ インパクトルビー,https://www.okinawatimes.co.jp/articles/-/1901886,https://news.ceek.jp/search.cgi?category_id=local&feed=1,ok,,地方・地域
2026-08-14,2026-08-14T06:31:43.614533+09:00,その他メディア,,福島民報,猪苗代の小学生陸上競技熱高まる 全児童の2割、100人超活動 猪苗代T&F参加日自由の「緩さ」魅力,https://www.minpo.jp/articles/-/203761,https://news.ceek.jp/search.cgi?category_id=local&feed=1,ok,,地方・地域
2026-08-14,2026-08-14T06:31:43.614533+09:00,地方紙,広島,中国新聞,指定河川洪水予報=仙台河川国道事務所 仙台管区気象台 共同発表,https://www.chugoku-np.co.jp/articles/-/879610,https://news.ceek.jp/search.cgi?category_id=local&feed=1,ok,,地方・地域
2026-08-14,2026-08-14T06:31:43.614533+09:00,地方紙,沖縄,沖縄タイムス,ジャズの生演奏とビールに酔う 沖縄ハーバービューホテル「ビアナイト」、那覇市できょう14日まで,https://www.okinawatimes.co.jp/articles/-/1901884,https://news.ceek.jp/search.cgi?category_id=local&feed=1,ok,,地方・地域
2026-08-14,2026-08-14T06:31:43.614533+09:00,地方紙,沖縄,沖縄タイムス,26年県産モズクの生産量、28%減の1万6593トン 記録的な高水温や台風直撃が影響,https://www.okinawatimes.co.jp/articles/-/1901881,https://news.ceek.jp/search.cgi?category_id=local&feed=1,ok,,地方・地域
2026-08-14,2026-08-14T06:31:43.614533+09:00,その他メディア,,TBSテレビ,【関東大雨】東京で「レベル4土砂災害危険警報」発表の可能性、関東南部で時間雨量80ミリ「猛烈な雨」予想 千葉では観測史上1位の367ミリ【雨風シミュレーション】,https://newsdig.tbs.co.jp/articles/-/2871970?display=1,https://news.ceek.jp/search.cgi?category_id=local&feed=1,ok,,地方・地域
2026-08-14,2026-08-14T06:31:43.614533+09:00,その他メディア,,神奈川新聞,eモータースポーツ「アオハルGP」 横浜・都筑区で全国の高校生熱戦,https://www.kanaloco.jp/news/economy/article-1296857.html,https://news.ceek.jp/search.cgi?category_id=local&feed=1,ok,,地方・地域
2026-08-14,2026-08-14T06:31:43.614533+09:00,その他メディア,,佐賀新聞,<福岡県議会の金銭授受疑惑、波紋>佐賀県議会では「聞いたことがない」 「文化が違う」議員ら一様に否定,https://www.saga-s.co.jp/articles/-/1770680,https://news.ceek.jp/search.cgi?category_id=local&feed=1,ok,,地方・地域
2026-08-14,2026-08-14T06:31:43.614533+09:00,その他メディア,,フジテレビ,【ヒグマ速報】釣り人危機一髪_川釣り中に中州からガサガサと物音がしたので、ふとそちらを見ると、体長1.8mのクマが!その距離20m...釣り人はその場から離れ無事<北海道新冠町>,https://www.fnn.jp/articles/-/1094497,https://news.ceek.jp/search.cgi?category_id=local&feed=1,ok,,地方・地域
2026-08-14,2026-08-14T06:31:43.614533+09:00,その他メディア,,まいどなニュース,【台風から愛車を守ろう】飛来物や横転、浸水に備えてまずやるべきこと9選 被災時の対処法は,https://maidonanews.jp/article/16785360,https://news.ceek.jp/search.cgi?category_id=local&feed=1,ok,,地方・地域
2026-08-14,2026-08-14T06:31:43.614533+09:00,その他メディア,,Lmaga.jp,「戦いたくない」異色の新作「ウルトラマンテオ」や歴代ヒーローが梅田に集結...シリーズ60周年のレアアイテムも,https://www.lmaga.jp/news/2026/08/1088497/,https://news.ceek.jp/search.cgi?category_id=local&feed=1,ok,,地方・地域
2026-08-14,2026-08-14T06:31:43.614533+09:00,その他メディア,,福島民報,「海浜緑地」29日オープン 浪江・請戸地区 パークゴルフ場など整備,https://www.minpo.jp/articles/-/203752,https://news.ceek.jp/search.cgi?category_id=local&feed=1,ok,,地方・地域
2026-08-14,2026-08-14T06:31:43.614533+09:00,その他メディア,,福井新聞,不二家から真っ黒スイーツ登場 ミルクレープや黒いシュー、「裏不二家の日」ちなみ14日発売,https://www.fukuishimbun.co.jp/articles/-/2665890,https://news.ceek.jp/search.cgi?category_id=local&feed=1,ok,,地方・地域
2026-08-14,2026-08-14T06:31:43.614533+09:00,その他メディア,,福島民報,福島市を拠点に活動 歌手サニウロエさん26 「県内から元気届ける」 プレデビュー、海外歌手と連携,https://www.minpo.jp/articles/-/203758,https://news.ceek.jp/search.cgi?category_id=local&feed=1,ok,,地方・地域
2026-08-14,2026-08-14T06:31:43.614533+09:00,その他メディア,,福島民報,資料でひもとく福島の姿 県立図書館来月30日まで「県政150周年展」,https://www.minpo.jp/articles/-/203756,https://news.ceek.jp/search.cgi?category_id=local&feed=1,ok,,地方・地域
2026-08-14,2026-08-14T06:31:43.614533+09:00,その他メディア,,秋田魁新報,熊本地震被災地へ派遣、秋田県職員「第1陣」 被害認定調査に汗流す,https://www.sakigake.jp/news/article/20260813AK0015/,https://news.ceek.jp/search.cgi?category_id=local&feed=1,ok,,地方・地域
2026-08-14,2026-08-14T06:31:43.614533+09:00,全国紙,全国,中日新聞,NY株反発、69ドル高 景気減速懸念が和らぎ,https://www.chunichi.co.jp/article/1296248,https://news.ceek.jp/search.cgi?category_id=local&feed=1,ok,,地方・地域
2026-08-14,2026-08-14T06:31:43.614533+09:00,その他メディア,,TBSテレビ,【熊本地震】移動式ランドリー車が避難所に 洗濯から乾燥まで無料の洗濯支援スタート 熊本・八代市,https://newsdig.tbs.co.jp/articles/-/2871968?display=1,https://news.ceek.jp/search.cgi?category_id=local&feed=1,ok,,地方・地域
2026-08-14,2026-08-14T06:31:43.614533+09:00,地方紙,広島,中国新聞,NY株反発、69ドル高,https://www.chugoku-np.co.jp/articles/-/879608,https://news.ceek.jp/search.cgi?category_id=local&feed=1,ok,,地方・地域
2026-08-14,2026-08-14T06:31:43.614533+09:00,全国紙,全国,中日新聞,必要なネットワーク速度6割確保 小中高校23年比42ポイント増,https://www.chunichi.co.jp/article/1296247,https://news.ceek.jp/search.cgi?category_id=local&feed=1,ok,,地方・地域
2026-08-14,2026-08-14T06:31:43.614533+09:00,地方紙,広島,中国新聞,必要なネットワーク速度6割確保,https://www.chugoku-np.co.jp/articles/-/879607,https://news.ceek.jp/search.cgi?category_id=local&feed=1,ok,,地方・地域
2026-08-14,2026-08-14T06:31:43.614533+09:00,地方紙,広島,中国新聞,通行止めの九州道、全線で通行可能に,https://www.chugoku-np.co.jp/articles/-/879609,https://news.ceek.jp/search.cgi?category_id=local&feed=1,ok,,地方・地域
2026-08-14,2026-08-14T06:31:43.614533+09:00,地方紙,沖縄,沖縄タイムス,嘉手納基地の降下訓練「常態化」に抗議 県議会軍特委が日米に中止求める,https://www.okinawatimes.co.jp/articles/-/1901947,https://news.ceek.jp/search.cgi?category_id=local&feed=1,ok,,地方・地域
2026-08-14,2026-08-14T06:31:43.614533+09:00,その他メディア,,福井新聞,主要銘柄米、軒並み大幅減額 コシヒカリは過去最大の下落幅 福井県、2026年産の内金,https://www.fukuishimbun.co.jp/articles/-/2674121,https://news.ceek.jp/search.cgi?category_id=local&feed=1,ok,,地方・地域
2026-08-14,2026-08-14T06:31:43.614533+09:00,その他メディア,,Lmaga.jp,"関コレに“W杯日本代表エース""の美人モデル妻登場、肩見せコーデでランウェイ練り歩く",https://www.lmaga.jp/news/2026/08/1088876/,https://news.ceek.jp/search.cgi?category_id=local&feed=1,ok,,地方・地域
2026-08-14,2026-08-14T06:31:43.614533+09:00,全国紙,全国,中日新聞,ハーバード大巡る訴訟で政権敗訴 米地裁、ユダヤ人差別を認めず,https://www.chunichi.co.jp/article/1296245,https://news.ceek.jp/search.cgi?category_id=local&feed=1,ok,,地方・地域
2026-08-14,2026-08-14T06:31:43.614533+09:00,地方紙,広島,中国新聞,ハーバード大巡る訴訟で政権敗訴,https://www.chugoku-np.co.jp/articles/-/879606,https://news.ceek.jp/search.cgi?category_id=local&feed=1,ok,,地方・地域
2026-08-14,2026-08-14T06:31:43.614533+09:00,その他メディア,,まいどなニュース,友人の離婚協議の場に付き添った女性 見守るだけのつもりが気づけば交渉役 後日、弁護士から届いた通知は「あなたの行為は法律違反です」【弁護士が解説】,https://maidonanews.jp/article/16764630,https://news.ceek.jp/search.cgi?category_id=local&feed=1,ok,,地方・地域
2026-08-14,2026-08-14T06:31:43.614533+09:00,その他メディア,,山梨日日新聞,今朝の気温(14日午前6時),https://www.sannichi.co.jp/article/2026/08/14/80716153,https://news.ceek.jp/search.cgi?category_id=local&feed=1,ok,,地方・地域
2026-08-14,2026-08-14T06:31:43.614533+09:00,その他メディア,,Lmaga.jp,"“シン・清須会議""は最新研究を反映、間もなく「賤ヶ岳の戦い」重要ポイントも登場【豊臣兄弟】",https://www.lmaga.jp/news/2026/08/1088412/,https://news.ceek.jp/search.cgi?category_id=local&feed=1,ok,,地方・地域
2026-08-14,2026-08-14T06:31:43.614533+09:00,その他メディア,,中部日本放送,「岐阜タンメンより好き」店舗限定の特別メニュー「岐阜タン○○」とは?特殊な調理方法を公開,https://hicbc.com/magazine/article/?id=delalover-column-26072903,https://news.ceek.jp/search.cgi?category_id=local&feed=1,ok,,地方・地域
2026-08-14,2026-08-14T06:31:43.614533+09:00,その他メディア,,TBSテレビ,20代男性1万7000円被害 SNSで「性的サービスを提供する」投稿見つけ...DM送り PayPayで支払い済ませ、指定されたホテルで待つも...相手は一向に現れず 詐欺被害に気づく,https://newsdig.tbs.co.jp/articles/-/2864710?display=1,https://news.ceek.jp/search.cgi?category_id=local&feed=1,ok,,地方・地域
2026-08-14,2026-08-14T06:31:43.614533+09:00,その他メディア,,TBSテレビ,沖縄県知事選立候補予定者が学生と討論 個性や候補者の体験に触れて理解深める,https://newsdig.tbs.co.jp/articles/-/2871552?display=1,https://news.ceek.jp/search.cgi?category_id=local&feed=1,ok,,地方・地域
2026-08-14,2026-08-14T06:31:43.614533+09:00,全国紙,全国,中日新聞,為替相場 14日(日本時間 6時),https://www.chunichi.co.jp/article/1296225,https://news.ceek.jp/search.cgi?category_id=local&feed=1,ok,,地方・地域
2026-08-14,2026-08-14T06:31:43.614533+09:00,その他メディア,,茨城新聞,茨城県内、激しい雨 守谷、取手、利根3市町 レベル4大雨危険警報 交通機関にも乱れ,https://ibarakinews.jp/news/newsdetail.php?f_jun=1786628806226500,https://news.ceek.jp/search.cgi?category_id=local&feed=1,ok,,地方・地域
2026-08-14,2026-08-14T06:31:43.614533+09:00,地方紙,宮城,河北新報,初めて知った埋葬地 宮城・石巻の女性、モンゴルに抑留された父の死亡証明書を入手,https://kahoku.news/articles/20260812khn000008.html,https://news.ceek.jp/search.cgi?category_id=local&feed=1,ok,,地方・地域
2026-08-14,2026-08-14T06:31:43.614533+09:00,地方紙,宮城,河北新報,青森空襲 演じて考える 地元中高生35人が戦争の実相学び、16日上演,https://kahoku.news/articles/20260813khn000028.html,https://news.ceek.jp/search.cgi?category_id=local&feed=1,ok,,地方・地域
2026-08-14,2026-08-14T06:31:43.614533+09:00,地方紙,宮城,河北新報,城下の空き古民家、まちづくりの拠点に 宮城・白石の20代2人が改修 15日オープン,https://kahoku.news/articles/20260813khn000030.html,https://news.ceek.jp/search.cgi?category_id=local&feed=1,ok,,地方・地域
2026-08-14,2026-08-14T06:31:43.614533+09:00,地方紙,宮城,河北新報,ベガルタ仙台、新時代へ アイリス体制で初のリーグ戦に突入 「限界」からJ1定着クラブに一歩,https://kahoku.news/articles/20260813khn000036.html,https://news.ceek.jp/search.cgi?category_id=local&feed=1,ok,,地方・地域
2026-08-14,2026-08-14T06:31:43.614533+09:00,地方紙,宮城,河北新報,岩手・岩手町にトウモロコシの巨大迷路 高さ3メートルの緑の壁、走り回る子どもたち,https://kahoku.news/articles/20260813khn000059.html,https://news.ceek.jp/search.cgi?category_id=local&feed=1,ok,,地方・地域
2026-08-14,2026-08-14T06:31:43.614533+09:00,全国紙,全国,朝日新聞,純喫茶に昭和の香り・公園の滝で涼 にぎわいの名残を戸塚宿に訪ねて,https://www.asahi.com/articles/ASV8623DGV86ULOB008M.html,https://news.ceek.jp/search.cgi?category_id=local&feed=1,ok,,地方・地域
2026-08-14,2026-08-14T06:31:43.614533+09:00,全国紙,全国,朝日新聞,日本唯一、10種類のペンギンと出会える アドベンチャーワールド,https://www.asahi.com/articles/ASV8D2PKYV8DPXLB00CM.html,https://news.ceek.jp/search.cgi?category_id=local&feed=1,ok,,地方・地域
2026-08-14,2026-08-14T06:31:43.614533+09:00,全国紙,全国,朝日新聞,学校を「だいじょうぶ感」持てる場に 岐阜・美濃市の挑戦、4年目に,https://www.asahi.com/articles/ASV8F0H47V8FOIPE00DM.html,https://news.ceek.jp/search.cgi?category_id=local&feed=1,ok,,地方・地域
2026-08-14,2026-08-14T06:31:43.614533+09:00,その他メディア,,福井新聞,お盆の墓参り、先祖しのぶ 福井県内各地、帰省の家族ら手合わせ,https://www.fukuishimbun.co.jp/articles/-/2673951,https://news.ceek.jp/search.cgi?category_id=local&feed=1,ok,,地方・地域
2026-08-14,2026-08-14T06:31:43.614533+09:00,その他メディア,,神奈川新聞,全国初、横浜商大に「スマートライフデザイン学」 AI共生へ人材育成,https://www.kanaloco.jp/news/economy/article-1296777.html,https://news.ceek.jp/search.cgi?category_id=local&feed=1,ok,,地方・地域
2026-08-14,2026-08-14T06:31:43.614533+09:00,地方紙,京都,京都新聞,京都市上京区の遊郭、客帳簿を調べてみると◇資料少なく謎多い本能寺◇「同志社病院」知っていますか,https://www.kyoto-np.co.jp/articles/-/1769020,https://news.ceek.jp/search.cgi?category_id=local&feed=1,ok,,地方・地域
2026-08-14,2026-08-14T06:31:43.614533+09:00,地方紙,新潟,新潟日報,古民家宿で名作上映、まったり感想語り合おう 十日町市の市民グループ「映画通じ交流する場に」,https://www.niigata-nippo.co.jp/articles/-/886985,https://news.ceek.jp/search.cgi?category_id=local&feed=1,ok,,地方・地域
2026-08-14,2026-08-14T06:31:43.614533+09:00,その他メディア,,福島民報,目覚めた東日大昌平打線 肩に不安「照沼を援護」 冷静に一気呵成,https://www.minpo.jp/articles/-/203801,https://news.ceek.jp/search.cgi?category_id=local&feed=1,ok,,地方・地域
2026-08-14,2026-08-14T06:31:43.614533+09:00,その他メディア,,福島民報,つなぐ 戦争遺産の行方~福島から~中 風化進む遺構の記憶 教訓継承へ保存・活用模索,https://www.minpo.jp/articles/-/203749,https://news.ceek.jp/search.cgi?category_id=local&feed=1,ok,,地方・地域
2026-08-14,2026-08-14T06:31:43.614533+09:00,その他メディア,,山梨日日新聞,[戦後81年・非核三原則]「国是」堅持し続けるべきだ,https://www.sannichi.co.jp/article/2026/08/14/00896825,https://news.ceek.jp/search.cgi?category_id=local&feed=1,ok,,地方・地域
2026-08-14,2026-08-14T06:31:43.614533+09:00,その他メディア,,山梨日日新聞,風林火山(14日)夢中になる前に,https://www.sannichi.co.jp/article/2026/08/14/00896897,https://news.ceek.jp/search.cgi?category_id=local&feed=1,ok,,地方・地域
2026-08-14,2026-08-14T06:31:43.614533+09:00,地方紙,広島,中国新聞,イラン軍事作戦の米空母交代へ,https://www.chugoku-np.co.jp/articles/-/879602,https://news.ceek.jp/search.cgi?category_id=local&feed=1,ok,,地方・地域
2026-08-14,2026-08-14T06:31:43.614533+09:00,全国紙,全国,中日新聞,イラン軍事作戦の米空母交代へ 長期展開で艦内環境が悪化,https://www.chunichi.co.jp/article/1296240,https://news.ceek.jp/search.cgi?category_id=local&feed=1,ok,,地方・地域
2026-08-14,2026-08-14T06:31:43.614533+09:00,地方紙,広島,中国新聞,気象庁、千葉のレベル5特別警報を引き下げ,https://www.chugoku-np.co.jp/articles/-/879603,https://news.ceek.jp/search.cgi?category_id=local&feed=1,ok,,地方・地域
2026-08-14,2026-08-14T06:31:43.614533+09:00,その他メディア,,TBSテレビ,牧師が50代男性に「ビンタ」 男性は「硬膜下血種」と診断 68歳の牧師の男を逮捕 長野・上田市,https://newsdig.tbs.co.jp/articles/-/2871955?display=1,https://news.ceek.jp/search.cgi?category_id=local&feed=1,ok,,地方・地域
2026-08-14,2026-08-14T06:31:43.614533+09:00,地方紙,広島,中国新聞,公園で花火を楽しもう!,https://www.chugoku-np.co.jp/articles/-/879601,https://news.ceek.jp/search.cgi?category_id=local&feed=1,ok,,地方・地域
2026-08-14,2026-08-14T06:31:43.614533+09:00,地方紙,京都,京都新聞,亡くなる直前に語った「実在しない記憶」 京都府亀岡市の男性が「言葉に残した」兄の思い,https://www.kyoto-np.co.jp/articles/-/1770790,https://news.ceek.jp/search.cgi?category_id=local&feed=1,ok,,地方・地域
2026-08-14,2026-08-14T06:31:43.614533+09:00,その他メディア,,山梨日日新聞,おくやみ(8月14日付),https://www.sannichi.co.jp/article/2026/08/14/00896809,https://news.ceek.jp/search.cgi?category_id=local&feed=1,ok,,地方・地域
2026-08-14,2026-08-14T06:31:43.614533+09:00,その他メディア,,北海道文化放送,"「エンジンがかからない。救助してほしい」8歳の男の子を含む4人が乗ったボートが""漂流""...118番通報で駆けつけた漁船によって救助、4人にケガなし<北海道余市町>",https://www.uhb.jp/news/single.html?id=61433,https://news.ceek.jp/search.cgi?category_id=local&feed=1,ok,,地方・地域
2026-08-14,2026-08-14T06:31:43.614533+09:00,地方紙,広島,中国新聞,NY株式 13日終値,https://www.chugoku-np.co.jp/articles/-/879600,https://news.ceek.jp/search.cgi?category_id=local&feed=1,ok,,地方・地域
2026-08-14,2026-08-14T06:31:43.614533+09:00,全国紙,全国,中日新聞,NY株式 13日終値,https://www.chunichi.co.jp/article/1296242,https://news.ceek.jp/search.cgi?category_id=local&feed=1,ok,,地方・地域
2026-08-14,2026-08-14T06:31:43.614533+09:00,地方紙,京都,京都新聞,京都府向日市で「バレエ教室」主宰女性、2度目の人工関節手術から復帰、再び舞台へ,https://www.kyoto-np.co.jp/articles/-/1770860,https://news.ceek.jp/search.cgi?category_id=local&feed=1,ok,,地方・地域
2026-08-14,2026-08-14T06:31:43.614533+09:00,地方紙,京都,京都新聞,熊本地震支援に「心象画で思い伝えたい」自身の 絵画展で義援金 滋賀県高島市,https://www.kyoto-np.co.jp/articles/-/1771209,https://news.ceek.jp/search.cgi?category_id=local&feed=1,ok,,地方・地域
2026-08-14,2026-08-14T06:31:43.614533+09:00,地方紙,広島,中国新聞,NY原油反落、終値81ドル台,https://www.chugoku-np.co.jp/articles/-/879598,https://news.ceek.jp/search.cgi?category_id=local&feed=1,ok,,地方・地域
2026-08-14,2026-08-14T06:31:43.614533+09:00,全国紙,全国,中日新聞,NY原油反落、終値81ドル台 世界需要鈍化で売り優勢,https://www.chunichi.co.jp/article/1296244,https://news.ceek.jp/search.cgi?category_id=local&feed=1,ok,,地方・地域
2026-08-14,2026-08-14T06:31:43.614533+09:00,地方紙,広島,中国新聞,震度=気象庁発表(14日5時41分)震度順・市区町村別 :地震,https://www.chugoku-np.co.jp/articles/-/879599,https://news.ceek.jp/search.cgi?category_id=local&feed=1,ok,,地方・地域
2026-08-14,2026-08-14T06:31:43.614533+09:00,全国紙,全国,中日新聞,ネコひねり、なぜできる? 鍵は胸椎のねじれやすさ,https://www.chunichi.co.jp/article/1296243,https://news.ceek.jp/search.cgi?category_id=local&feed=1,ok,,地方・地域
2026-08-14,2026-08-14T06:31:43.614533+09:00,地方紙,広島,中国新聞,ネコひねり、なぜできる?,https://www.chugoku-np.co.jp/articles/-/879596,https://news.ceek.jp/search.cgi?category_id=local&feed=1,ok,,地方・地域
2026-08-14,2026-08-14T06:31:43.614533+09:00,その他メディア,,神奈川新聞,横須賀・田浦の土で「現代風の縄文土器」 陶芸家・薬王寺太一さん個展,https://www.kanaloco.jp/news/life/article-1296853.html,https://news.ceek.jp/search.cgi?category_id=local&feed=1,ok,,地方・地域
2026-08-14,2026-08-14T06:31:43.614533+09:00,地方紙,京都,京都新聞,「日中友好のアサガオ」栽培で交流推進へ 「ラストエンペラー」ゆかり、京都府与謝野町,https://www.kyoto-np.co.jp/articles/-/1771208,https://news.ceek.jp/search.cgi?category_id=local&feed=1,ok,,地方・地域
2026-08-14,2026-08-14T06:31:43.614533+09:00,その他メディア,,TBSテレビ,"日本三大盆踊り「郡上おどり」で“徹夜おどり""始まる 8月17日明け方まで",https://newsdig.tbs.co.jp/articles/-/2871789?display=1,https://news.ceek.jp/search.cgi?category_id=local&feed=1,ok,,地方・地域
2026-08-14,2026-08-14T06:31:43.614533+09:00,地方紙,京都,京都新聞,沖縄戦で24歳で戦死した叔父、81年ぶりに京都府井手町に帰郷 「家族で大事にしたい」,https://www.kyoto-np.co.jp/articles/-/1770657,https://news.ceek.jp/search.cgi?category_id=local&feed=1,ok,,地方・地域
2026-08-14,2026-08-14T06:31:43.614533+09:00,地方紙,広島,中国新聞,震度=気象庁発表(14日5時33分)震度順・市区町村別 :地震,https://www.chugoku-np.co.jp/articles/-/879597,https://news.ceek.jp/search.cgi?category_id=local&feed=1,ok,,地方・地域
2026-08-14,2026-08-14T06:31:43.614533+09:00,地方紙,広島,中国新聞,千葉県内で大雨、3人が死亡,https://www.chugoku-np.co.jp/articles/-/879595,https://news.ceek.jp/search.cgi?category_id=local&feed=1,ok,,地方・地域
2026-08-14,2026-08-14T06:31:43.614533+09:00,その他メディア,,TBSテレビ,8月19日頃から「この時期としては10年に1度程度しか起きないような著しい高温」となる可能性が高まっている...気象庁が北海道地方に「高温に関する早期天候情報」発表,https://newsdig.tbs.co.jp/articles/-/2870839?display=1,https://news.ceek.jp/search.cgi?category_id=local&feed=1,ok,,地方・地域
2026-08-14,2026-08-14T06:31:43.614533+09:00,その他メディア,,佐賀新聞,<インターハイ>競泳男子400メートルリレー 佐賀学園、予選敗退も渾身の泳ぎ アンカー佐々木「この舞台で泳げて良かった」 全国高校総体・近畿総体,https://www.saga-s.co.jp/articles/-/1770619,https://news.ceek.jp/search.cgi?category_id=local&feed=1,ok,,地方・地域
2026-08-14,2026-08-14T06:31:43.614533+09:00,地方紙,長野,信濃毎日新聞,山雅 DF北爪健吾 #30 「キャリアハイを出す」スピードとクロスが武器の34歳,https://www.shinmai.co.jp/news/article/gf01d9uqoa8h93r5kirdvcg0,https://news.ceek.jp/search.cgi?category_id=local&feed=1,ok,,地方・地域
