date,collected_at,category,region,newspaper,headline,url,source_url,status,error_message,topic
2026-08-28,2026-08-28T05:02:52.827761+09:00,全国紙,全国,読売新聞,,,,skipped,robots.txtが一般クローラー/AI系UAを名指しで包括的にDisallow。2024年1月のToS改定で自動収集・生成AI学習目的の収集を明示的に禁止しているため、自動取得の対象外とする。,
2026-08-28,2026-08-28T05:02:52.827761+09:00,全国紙,全国,朝日新聞,中野ブロードウェイ2億円分の腕時計窃盗容疑、チリ国籍の男2人逮捕,http://www.asahi.com/articles/ASV8W4JMMV8WUTIL01KM.html,https://www.asahi.com/rss/asahi/newsheadlines.rdf,ok,,社会
2026-08-28,2026-08-28T05:02:52.827761+09:00,全国紙,全国,朝日新聞,図書館のエレベーターに母子3人閉じ込め ドア開閉に不具合か 山口,http://www.asahi.com/articles/ASV8W33MBV8WTZNB003M.html,https://www.asahi.com/rss/asahi/newsheadlines.rdf,ok,,社会
2026-08-28,2026-08-28T05:02:52.827761+09:00,全国紙,全国,朝日新聞,滋賀県警、証拠品600点放置 2年前の大規模発覚の際に見落とし,http://www.asahi.com/articles/ASV8W3JZPV8WOXIE02DM.html,https://www.asahi.com/rss/asahi/newsheadlines.rdf,ok,,社会
2026-08-28,2026-08-28T05:02:52.827761+09:00,全国紙,全国,朝日新聞,新幹線の整備費「佐賀の分を長崎も負担」はあり? 両県知事が会談,http://www.asahi.com/articles/ASV8W3D0XV8WTTHB002M.html,https://www.asahi.com/rss/asahi/newsheadlines.rdf,ok,,社会
2026-08-28,2026-08-28T05:02:52.827761+09:00,全国紙,全国,朝日新聞,転落巻き添えで女性死亡、飛び降りた男を重過失致死容疑で逮捕 愛知,http://www.asahi.com/articles/ASV8W34K2V8WOIPE009M.html,https://www.asahi.com/rss/asahi/newsheadlines.rdf,ok,,社会
2026-08-28,2026-08-28T05:02:52.827761+09:00,全国紙,全国,朝日新聞,「あらゆるがんに有効」と説明 医師の義務違反を認め賠償命じる判決,http://www.asahi.com/articles/ASV8W35N2V8WUTIL02FM.html,https://www.asahi.com/rss/asahi/newsheadlines.rdf,ok,,社会
2026-08-28,2026-08-28T05:02:52.827761+09:00,全国紙,全国,朝日新聞,生活道路の最高速度引き下げ、北海道は約4万キロ対象 柔軟な対応も,http://www.asahi.com/articles/ASV8W2RFJV8WIIPE001M.html,https://www.asahi.com/rss/asahi/newsheadlines.rdf,ok,,社会
2026-08-28,2026-08-28T05:02:52.827761+09:00,全国紙,全国,朝日新聞,「水が引くことを祈るしか...」大雨の石川・富山、住民に不安と疲弊,http://www.asahi.com/articles/ASV8W2RW4V8WPTIL008M.html,https://www.asahi.com/rss/asahi/newsheadlines.rdf,ok,,社会
2026-08-28,2026-08-28T05:02:52.827761+09:00,全国紙,全国,朝日新聞,行政書士事務所の元経営者を傷害致死容疑で逮捕 部下に暴行か、否認,http://www.asahi.com/articles/ASV8W1FFYV8WPTIL007M.html,https://www.asahi.com/rss/asahi/newsheadlines.rdf,ok,,社会
2026-08-28,2026-08-28T05:02:52.827761+09:00,全国紙,全国,朝日新聞,洲本商工会議所の事務局長を750万円横領容疑で逮捕 神戸地検,http://www.asahi.com/articles/ASV8W2V7QV8WPIHB00ZM.html,https://www.asahi.com/rss/asahi/newsheadlines.rdf,ok,,社会
2026-08-28,2026-08-28T05:02:52.827761+09:00,全国紙,全国,朝日新聞,ヤクルト・石川、25年連続勝利は遠く 左肩痛発症で1回途中6失点,http://www.asahi.com/articles/ASV8W4GBNV8WUTQP00BM.html,https://www.asahi.com/rss/asahi/newsheadlines.rdf,ok,,スポーツ
2026-08-28,2026-08-28T05:02:52.827761+09:00,全国紙,全国,朝日新聞,小川航基がJリーグ復帰で会見 「5大リーグに行けたとしても」,http://www.asahi.com/articles/ASV8W2V2XV8WUTQP002M.html,https://www.asahi.com/rss/asahi/newsheadlines.rdf,ok,,スポーツ
2026-08-28,2026-08-28T05:02:52.827761+09:00,全国紙,全国,朝日新聞,「焦らず、焦りながら」ヤクルト石川雅規、46歳がたどりついた場所,http://www.asahi.com/articles/ASV8W0TB3V8WUTQP01JM.html,https://www.asahi.com/rss/asahi/newsheadlines.rdf,ok,,スポーツ
2026-08-28,2026-08-28T05:02:52.827761+09:00,全国紙,全国,朝日新聞,下級生への暴力複数回、寮内の盗難報告せず 龍谷大野球部が活動停止,http://www.asahi.com/articles/ASV8W0F09V8WPLZB001M.html,https://www.asahi.com/rss/asahi/newsheadlines.rdf,ok,,スポーツ
2026-08-28,2026-08-28T05:02:52.827761+09:00,全国紙,全国,朝日新聞,「選手村造らない」アジア大会 コンテナ型施設並ぶ交流拠点が完成,http://www.asahi.com/articles/ASV8V33SFV8VOIPE007M.html,https://www.asahi.com/rss/asahi/newsheadlines.rdf,ok,,スポーツ
2026-08-28,2026-08-28T05:02:52.827761+09:00,全国紙,全国,朝日新聞,浜岡原発で新たな不正 地元は「またか」と憤り、幹部ら市議会で謝罪,http://www.asahi.com/articles/ASV8W3R48V8WUTPB00MM.html,https://www.asahi.com/rss/asahi/newsheadlines.rdf,ok,,ビジネス
2026-08-28,2026-08-28T05:02:52.827761+09:00,全国紙,全国,朝日新聞,日銀の氷見野副総裁、物価上昇リスク強調「これまで以上に意識必要」,http://www.asahi.com/articles/ASV8V22V8V8VULFA013M.html,https://www.asahi.com/rss/asahi/newsheadlines.rdf,ok,,ビジネス
2026-08-28,2026-08-28T05:02:52.827761+09:00,全国紙,全国,朝日新聞,使用済み歯ブラシが「ガンプラ」に 花王など3社がリサイクルで連携,http://www.asahi.com/articles/ASV8W3385V8WULFA00QM.html,https://www.asahi.com/rss/asahi/newsheadlines.rdf,ok,,ビジネス
2026-08-28,2026-08-28T05:02:52.827761+09:00,全国紙,全国,朝日新聞,子どもの心のケア、AI活用で先生を支援 ソフトバンクが新サービス,http://www.asahi.com/articles/ASV8W2W6FV8WULFA009M.html,https://www.asahi.com/rss/asahi/newsheadlines.rdf,ok,,ビジネス
2026-08-28,2026-08-28T05:02:52.827761+09:00,全国紙,全国,朝日新聞,AIミュトス、メガバンクへの提供を米政府が許可 一時は提供停止,http://www.asahi.com/articles/ASV8W2HV9V8WULFA00RM.html,https://www.asahi.com/rss/asahi/newsheadlines.rdf,ok,,ビジネス
2026-08-28,2026-08-28T05:02:52.827761+09:00,全国紙,全国,朝日新聞,中道・大島敦衆院議員と埼玉の地元議員が政治団体 統一選見据え連携,http://www.asahi.com/articles/ASV8W3R14V8WUTNB00JM.html,https://www.asahi.com/rss/asahi/newsheadlines.rdf,ok,,政治
2026-08-28,2026-08-28T05:02:52.827761+09:00,全国紙,全国,朝日新聞,福岡県議会、民主会派分裂の可能性 国民・玉木氏も「わかれるべき」,http://www.asahi.com/articles/ASV8W3SF3V8WTIPE01WM.html,https://www.asahi.com/rss/asahi/newsheadlines.rdf,ok,,政治
2026-08-28,2026-08-28T05:02:52.827761+09:00,全国紙,全国,朝日新聞,立憲、3党合流を断念 「公党間の約束だったはずなのに」の声も,http://www.asahi.com/articles/ASV8W3SQMV8WUTFK00XM.html,https://www.asahi.com/rss/asahi/newsheadlines.rdf,ok,,政治
2026-08-28,2026-08-28T05:02:52.827761+09:00,全国紙,全国,朝日新聞,兵庫県の財政健全化、新潟県より遠いゴール 投資経費1割減らしても,http://www.asahi.com/articles/ASV8W2TF7V8WPIHB003M.html,https://www.asahi.com/rss/asahi/newsheadlines.rdf,ok,,政治
2026-08-28,2026-08-28T05:02:52.827761+09:00,全国紙,全国,朝日新聞,政府が「九州応援割」を創設 熊本地震を受け、高市首相が表明,http://www.asahi.com/articles/ASV8W2QM6V8WUTFK00DM.html,https://www.asahi.com/rss/asahi/newsheadlines.rdf,ok,,政治
2026-08-28,2026-08-28T05:02:52.827761+09:00,全国紙,全国,朝日新聞,ムラジッチ受刑者が死亡 集団殺害で終身刑 「ボスニアの虐殺者」,http://www.asahi.com/articles/ASV8W55DMV8WUHBI01KM.html,https://www.asahi.com/rss/asahi/newsheadlines.rdf,ok,,国際
2026-08-28,2026-08-28T05:02:52.827761+09:00,全国紙,全国,朝日新聞,ロシアのサンクトペテルブルクで車が爆発、軍幹部が死亡 事件で捜査,http://www.asahi.com/articles/ASV8W4DC5V8WUHBI01JM.html,https://www.asahi.com/rss/asahi/newsheadlines.rdf,ok,,国際
2026-08-28,2026-08-28T05:02:52.827761+09:00,全国紙,全国,朝日新聞,行方不明の日本人「夫婦と子3人」 ネパール土石流の死者362人に,http://www.asahi.com/articles/ASV8V45KXV8VUHBI01TM.html,https://www.asahi.com/rss/asahi/newsheadlines.rdf,ok,,国際
2026-08-28,2026-08-28T05:02:52.827761+09:00,全国紙,全国,朝日新聞,ネパール土石流で800人の外国人不明 なぜこれほどの被害に,http://www.asahi.com/articles/ASV8W2W99V8WUHBI011M.html,https://www.asahi.com/rss/asahi/newsheadlines.rdf,ok,,国際
2026-08-28,2026-08-28T05:02:52.827761+09:00,全国紙,全国,朝日新聞,インドネシアで再び大規模デモ 経済政策、汚職に不満 市民怒りの声,http://www.asahi.com/articles/ASV8W3HG6V8WUHBI00SM.html,https://www.asahi.com/rss/asahi/newsheadlines.rdf,ok,,国際
2026-08-28,2026-08-28T05:02:52.827761+09:00,全国紙,全国,朝日新聞,一力遼名人が中押し勝ち、1日目の優位を守り切る 囲碁名人戦第1局,http://www.asahi.com/articles/ASV8V436TV8VUCVL035M.html,https://www.asahi.com/rss/asahi/newsheadlines.rdf,ok,,文化芸能
2026-08-28,2026-08-28T05:02:52.827761+09:00,全国紙,全国,朝日新聞,「週刊ダイヤモンド」の紙の発行、来年3月で終了 完全デジタル化へ,http://www.asahi.com/articles/ASV8W34NGV8WUCVL03JM.html,https://www.asahi.com/rss/asahi/newsheadlines.rdf,ok,,文化芸能
2026-08-28,2026-08-28T05:02:52.827761+09:00,全国紙,全国,朝日新聞,米国籍の有名ダンサー、大麻所持の疑いで逮捕 ロックダンス広める,http://www.asahi.com/articles/ASV8W2S51V8WUJHB00KM.html,https://www.asahi.com/rss/asahi/newsheadlines.rdf,ok,,社会
2026-08-28,2026-08-28T05:02:52.827761+09:00,全国紙,全国,朝日新聞,草間彌生さん死去、ゆかりの地から相次ぐ悼む声 都庁ピアノは行列,http://www.asahi.com/articles/ASV8W2D6CV8WOXIE01JM.html,https://www.asahi.com/rss/asahi/newsheadlines.rdf,ok,,社会
2026-08-28,2026-08-28T05:02:52.827761+09:00,全国紙,全国,朝日新聞,圧力容器底の穴は直径3メートル 福島第一原発3号機で初の推定,http://www.asahi.com/articles/ASV8W3T1DV8WUTFL021M.html,https://www.asahi.com/rss/asahi/newsheadlines.rdf,ok,,
2026-08-28,2026-08-28T05:02:52.827761+09:00,全国紙,全国,朝日新聞,ネパールで大規模な土石流 崩れた氷河が引き金か、周辺は気温高く,http://www.asahi.com/articles/ASV8W0NTDV8WUTFL004M.html,https://www.asahi.com/rss/asahi/newsheadlines.rdf,ok,,サイエンス
2026-08-28,2026-08-28T05:02:52.827761+09:00,全国紙,全国,朝日新聞,Google副社長、子どものSNS利用年齢制限「間違っている」,http://www.asahi.com/articles/ASV8W2H1GV8WUTFL00MM.html,https://www.asahi.com/rss/asahi/newsheadlines.rdf,ok,,サイエンス
2026-08-28,2026-08-28T05:02:52.827761+09:00,全国紙,全国,朝日新聞,草間彌生さん死去 「現代美術のアイコン」 横尾忠則さんら追悼,http://www.asahi.com/articles/ASV8W365JV8WUCVL02ZM.html,https://www.asahi.com/rss/asahi/newsheadlines.rdf,ok,,おくやみ
2026-08-28,2026-08-28T05:02:52.827761+09:00,全国紙,全国,朝日新聞,香取慎吾さん 草間彌生さんに「描き続けることの大切さ」を教わった,http://www.asahi.com/articles/ASV8W1S34V8WUCVL022M.html,https://www.asahi.com/rss/asahi/newsheadlines.rdf,ok,,おくやみ
2026-08-28,2026-08-28T05:02:52.827761+09:00,全国紙,全国,朝日新聞,「ハットリくん」が胸ポケットに秘めた信念 元厚労相・坂口氏を悼む,http://www.asahi.com/articles/ASV8V0GTPV8VUZPS001M.html,https://www.asahi.com/rss/asahi/newsheadlines.rdf,ok,,おくやみ
2026-08-28,2026-08-28T05:02:52.827761+09:00,全国紙,全国,毎日新聞,「自己暗示のように...」 娘亡くした母が感じたAI相談の危うさ,https://mainichi.jp/articles/20260827/k00/00m/040/121000c,https://mainichi.jp/rss/etc/mainichi-flash.rss,ok,,ニュース
2026-08-28,2026-08-28T05:02:52.827761+09:00,全国紙,全国,毎日新聞,AIも防げなかった悲劇 悩み相談の末、女子高校生は命を絶った,https://mainichi.jp/articles/20260827/k00/00m/040/114000c,https://mainichi.jp/rss/etc/mainichi-flash.rss,ok,,ニュース
2026-08-28,2026-08-28T05:02:52.827761+09:00,全国紙,全国,毎日新聞,トランプ氏、オンタリオ湖を「アメリカ湖」に改称 カナダと対立,https://mainichi.jp/articles/20260828/k00/00m/030/010000c,https://mainichi.jp/rss/etc/mainichi-flash.rss,ok,,ニュース
2026-08-28,2026-08-28T05:02:52.827761+09:00,全国紙,全国,毎日新聞,エルニーニョ、温暖化で激化か 近年は過去1000年で最強水準,https://mainichi.jp/articles/20260827/k00/00m/040/154000c,https://mainichi.jp/rss/etc/mainichi-flash.rss,ok,,ニュース
2026-08-28,2026-08-28T05:02:52.827761+09:00,全国紙,全国,毎日新聞,「人間のクズ」暴言 パワハラ認定の山中竹春・横浜市長が辞職へ,https://mainichi.jp/articles/20260828/k00/00m/040/006000c,https://mainichi.jp/rss/etc/mainichi-flash.rss,ok,,ニュース
2026-08-28,2026-08-28T05:02:52.827761+09:00,全国紙,全国,毎日新聞,中野ブロードウェイで高級腕時計盗んだ疑い チリ国籍の2人逮捕,https://mainichi.jp/articles/20260828/k00/00m/040/001000c,https://mainichi.jp/rss/etc/mainichi-flash.rss,ok,,ニュース
2026-08-28,2026-08-28T05:02:52.827761+09:00,全国紙,全国,毎日新聞,高市首相、大規模土石流で中国とネパールに「お見舞い」発出,https://mainichi.jp/articles/20260827/k00/00m/010/419000c,https://mainichi.jp/rss/etc/mainichi-flash.rss,ok,,ニュース
2026-08-28,2026-08-28T05:02:52.827761+09:00,全国紙,全国,毎日新聞,大敗の日本製鉄瀬戸内監督「松浦君の2ランが...」 都市対抗野球,https://mainichi.jp/articles/20260827/k00/00m/050/412000c,https://mainichi.jp/rss/etc/mainichi-flash.rss,ok,,ニュース
2026-08-28,2026-08-28T05:02:52.827761+09:00,全国紙,全国,毎日新聞,ネパール・中国の巨大土石流 死者362人、不明者1400人に,https://mainichi.jp/articles/20260827/k00/00m/030/407000c,https://mainichi.jp/rss/etc/mainichi-flash.rss,ok,,ニュース
2026-08-28,2026-08-28T05:02:52.827761+09:00,全国紙,全国,毎日新聞,同志社、教育内容の中立性検証に第三者委設立へ 辺野古転覆事故,https://mainichi.jp/articles/20260827/k00/00m/040/405000c,https://mainichi.jp/rss/etc/mainichi-flash.rss,ok,,ニュース
2026-08-28,2026-08-28T05:02:52.827761+09:00,全国紙,全国,毎日新聞,甲子園4強の意地 日本製鉄瀬戸内・重宮が一矢 都市対抗野球,https://mainichi.jp/articles/20260827/k00/00m/050/404000c,https://mainichi.jp/rss/etc/mainichi-flash.rss,ok,,ニュース
2026-08-28,2026-08-28T05:02:52.827761+09:00,全国紙,全国,毎日新聞,公明も中道への合流見送り視野に 立憲は早期合流見送りを伝達,https://mainichi.jp/articles/20260827/k00/00m/010/381000c,https://mainichi.jp/rss/etc/mainichi-flash.rss,ok,,ニュース
2026-08-28,2026-08-28T05:02:52.827761+09:00,全国紙,全国,毎日新聞,2026都市対抗野球:24年覇者・三菱重工East、3階席や外野席からも大応援 都市対抗,https://mainichi.jp/articles/20260827/k00/00m/050/380000c,https://mainichi.jp/rss/etc/mainichi-flash.rss,ok,,ニュース
2026-08-28,2026-08-28T05:02:52.827761+09:00,全国紙,全国,毎日新聞,日本製鉄瀬戸内・杉本、四回途中5失点苦しいマウンド 都市対抗,https://mainichi.jp/articles/20260827/k00/00m/050/356000c,https://mainichi.jp/rss/etc/mainichi-flash.rss,ok,,ニュース
2026-08-28,2026-08-28T05:02:52.827761+09:00,全国紙,全国,毎日新聞,父は元日ハムの守備名手 補強の横浜市・飯山が先制打 都市対抗,https://mainichi.jp/articles/20260827/k00/00m/050/366000c,https://mainichi.jp/rss/etc/mainichi-flash.rss,ok,,ニュース
2026-08-28,2026-08-28T05:02:52.827761+09:00,全国紙,全国,毎日新聞,日本製鉄瀬戸内 「華麗なる一族」モデル企業のキャラも応援,https://mainichi.jp/articles/20260827/k00/00m/050/369000c,https://mainichi.jp/rss/etc/mainichi-flash.rss,ok,,ニュース
2026-08-28,2026-08-28T05:02:52.827761+09:00,全国紙,全国,毎日新聞,ネパール・中国の大洪水 死者273人、不明者1300人超に,https://mainichi.jp/articles/20260827/k00/00m/030/374000c,https://mainichi.jp/rss/etc/mainichi-flash.rss,ok,,ニュース
2026-08-28,2026-08-28T05:02:52.827761+09:00,全国紙,全国,毎日新聞,三菱重工East初戦大勝 日本製鉄瀬戸内を破る 都市対抗野球,https://mainichi.jp/articles/20260827/k00/00m/050/252000c,https://mainichi.jp/rss/etc/mainichi-flash.rss,ok,,ニュース
2026-08-28,2026-08-28T05:02:52.827761+09:00,全国紙,全国,毎日新聞,沖縄知事選2026:「所得向上」「平和な沖縄を」 最多6人争う沖縄知事選への期待,https://mainichi.jp/articles/20260827/k00/00m/010/352000c,https://mainichi.jp/rss/etc/mainichi-flash.rss,ok,,ニュース
2026-08-28,2026-08-28T05:02:52.827761+09:00,全国紙,全国,毎日新聞,ネパール大洪水、地球温暖化が影響か 昨年も2度、氷河湖が決壊,https://mainichi.jp/articles/20260827/k00/00m/030/340000c,https://mainichi.jp/rss/etc/mainichi-flash.rss,ok,,ニュース
2026-08-28,2026-08-28T05:02:52.827761+09:00,全国紙,全国,日本経済新聞,,,,skipped,公式無料RSSなし。著作権ページで自動収集を明確に禁止しているため、自動取得の対象外とする。,
2026-08-28,2026-08-28T05:02:52.827761+09:00,全国紙,全国,産経新聞,ネパール土石流、不明5邦人は子供含む家族か 氷河崩落で雪崩発生、死者359人に,https://www.sankei.com/article/20260827-EYMKFSMJ3JLM7CK33IJNHVL62I/,https://www.sankei.com/,ok,,
2026-08-28,2026-08-28T05:02:52.827761+09:00,全国紙,全国,産経新聞,世界遺産認定 快挙生んだ考古学者の苦闘 百年にわたる魂の系譜...,https://www.sankei.com/article/20260815-QFGOV26NZFOPTOI5VG332AGYEA/?outputType=theme_election2026,https://www.sankei.com/,ok,,
2026-08-28,2026-08-28T05:02:52.827761+09:00,全国紙,全国,産経新聞,政府が外国と疑われる不審アカウント把握 高市首相「選挙への影...,https://www.sankei.com/article/20260318-U6PW4754BNE3XKFYBTQWPKM65A/?outputType=theme_election2026,https://www.sankei.com/,ok,,
2026-08-28,2026-08-28T05:02:52.827761+09:00,全国紙,全国,産経新聞,衆院選で国会議員の部屋割り一変 小沢、岡田、安住氏ら自民に明...,https://www.sankei.com/article/20260304-C5JCVB743FEVZMNEAU76GY4VNQ/?outputType=theme_election2026,https://www.sankei.com/,ok,,
2026-08-28,2026-08-28T05:02:52.827761+09:00,全国紙,全国,産経新聞,立正佼成会が衆院選で中道103人推薦 公明合流影響か 前回立...,https://www.sankei.com/article/20260303-EHLBLQ2BTRCSVGSJVFHI5TBX4U/?outputType=theme_election2026,https://www.sankei.com/,ok,,
2026-08-28,2026-08-28T05:02:52.827761+09:00,全国紙,全国,産経新聞,千葉豪雨の2週間後に北陸大雨、原因は地球温暖化 「どこで起きてもおかしくない時代」,https://www.sankei.com/article/20260827-LABZSSJIFVIEHHDJQJ2DMRKG24/,https://www.sankei.com/,ok,,
2026-08-28,2026-08-28T05:02:52.827761+09:00,全国紙,全国,産経新聞,中野ブロードウェイの高級腕時計窃盗事件 チリ国籍の男2人を逮捕 警視庁、大阪で確保,https://www.sankei.com/article/20260827-GC3NWFW5RROD5HOB3A534CPVIY/,https://www.sankei.com/,ok,,
2026-08-28,2026-08-28T05:02:52.827761+09:00,全国紙,全国,産経新聞,北陸大雨「台風の動きにも警戒を」 川村隆一・九州大名誉教授,https://www.sankei.com/article/20260827-EZMN34KYIRIM3NVOLSRH7EZ3EU/,https://www.sankei.com/,ok,,
2026-08-28,2026-08-28T05:02:52.827761+09:00,全国紙,全国,産経新聞,「薬品をかぶってしまった人がいる」北大理学部でフッ化水素酸浴びたか 院生1人死亡,https://www.sankei.com/article/20260827-EUHUKDBG7BN7PNNGLPWOFZZTTI/,https://www.sankei.com/,ok,,
2026-08-28,2026-08-28T05:02:52.827761+09:00,全国紙,全国,産経新聞,ネパール土石流で習近平氏「重要指示」 首相は現地入り 相次ぐ災害、神経とがらす指導部,https://www.sankei.com/article/20260827-YYXI5HVTF5LPVD3WBAY4MCJBEM/,https://www.sankei.com/,ok,,
2026-08-28,2026-08-28T05:02:52.827761+09:00,全国紙,全国,産経新聞,日増しに傾く壊れた「わが家」 在宅避難の4人暮らし一家の苦悩 熊本地震1カ月,https://www.sankei.com/article/20260827-52YKEX72CRIWLJKWKGK7TIRD24/,https://www.sankei.com/,ok,,
2026-08-28,2026-08-28T05:02:52.827761+09:00,全国紙,全国,産経新聞,企業が災害への備え急ぐ BCP策定2割 熊本ミスドも対応、日生は富士山噴火まで想定,https://www.sankei.com/article/20260827-UQYZZANXCBMYTDUQ53RQ72HCNE/,https://www.sankei.com/,ok,,
2026-08-28,2026-08-28T05:02:52.827761+09:00,全国紙,全国,産経新聞,NISA口座「もぬけの殻」に 不正アクセス被害者らが証券4社に原状回復求め調停,https://www.sankei.com/article/20260827-HJO7DKCWRNMB7MSDJCOSEMK4PY/,https://www.sankei.com/,ok,,
2026-08-28,2026-08-28T05:02:52.827761+09:00,全国紙,全国,産経新聞,「防犯指導」で貴重品を1カ所にまとめさせてから空き巣 新手口確認で警視庁が注意喚起,https://www.sankei.com/article/20260827-CWAKGB3IXVMLFFQUSOTI42JPHI/,https://www.sankei.com/,ok,,
2026-08-28,2026-08-28T05:02:52.827761+09:00,全国紙,全国,産経新聞,沖縄県知事選、野党は足並みそろわず 与党候補に相乗り、中道は自主投票,https://www.sankei.com/article/20260827-MTJ2FFFZNJMMFJVBJC4RXYKR2I/,https://www.sankei.com/,ok,,
2026-08-28,2026-08-28T05:02:52.827761+09:00,全国紙,全国,産経新聞,自律型AI時代をどう生き抜くか?次世代リーダー必見のカンファレンス開催,https://www.sankei.com/article/20260729-JONX5ORFAJBSBG4D2MGTPB6NP4/?outputType=theme_event,https://www.sankei.com/,ok,,
2026-08-28,2026-08-28T05:02:52.827761+09:00,全国紙,全国,産経新聞,「ふくのわプロジェクト」で繋ぐ支援の輪 衣類が変えるパラスポーツの未来,https://www.sankei.com/article/20260407-TWVW43Z2BNAHLIGSULJSRHWT5Y/,https://www.sankei.com/,ok,,
2026-08-28,2026-08-28T05:02:52.827761+09:00,全国紙,全国,産経新聞,東京発の航空機から男性遺体 マレーシア,https://www.sankei.com/article/20260828-FNMRN4EN4NJ2DBYF44A4FZXIFI/,https://www.sankei.com/,ok,,
2026-08-28,2026-08-28T05:02:52.827761+09:00,全国紙,全国,産経新聞,「被害回復を祈念」首相、中国に見舞いの書簡,https://www.sankei.com/article/20260827-BU522TN4RFPBDDJR5U2SS3K6NI/,https://www.sankei.com/,ok,,
2026-08-28,2026-08-28T05:02:52.827761+09:00,全国紙,全国,産経新聞,クウェート、パキスタンと軍事協力協定,https://www.sankei.com/article/20260828-K2LBPIOW6JM5DPYDCR45NRPNUI/,https://www.sankei.com/,ok,,
2026-08-28,2026-08-28T05:02:52.827761+09:00,全国紙,全国,東京新聞,インスタ・Facebookで子どもに「1日2時間」利用制限 訴えられた「Meta」が巨額和解金と合わせて合意,https://www.tokyo-np.co.jp/article/511509,https://www.tokyo-np.co.jp/,ok,,
2026-08-28,2026-08-28T05:02:52.827761+09:00,全国紙,全国,東京新聞,立憲民主が中道・公明への合流見送り 政策の溝が埋まらず「決裂含み」の展開,https://www.tokyo-np.co.jp/article/511549,https://www.tokyo-np.co.jp/,ok,,
2026-08-28,2026-08-28T05:02:52.827761+09:00,全国紙,全国,東京新聞,藤井聡太王位が一気に勝負を決めて7連覇に王手 王位戦第5局 伊藤匠二冠に3勝2敗,https://www.tokyo-np.co.jp/article/511491,https://www.tokyo-np.co.jp/,ok,,
2026-08-28,2026-08-28T05:02:52.827761+09:00,全国紙,全国,東京新聞,リニア工事、北品川工区で掘進が止まっていた JR東海「7月29日にシールドマシンから通常と異なる音」,https://www.tokyo-np.co.jp/article/511517,https://www.tokyo-np.co.jp/,ok,,
2026-08-28,2026-08-28T05:02:52.827761+09:00,全国紙,全国,東京新聞,〈悼む〉草間彌生さんが「水玉と網の目」で彩った作品に託した、未来へのメッセージ,https://www.tokyo-np.co.jp/article/511461,https://www.tokyo-np.co.jp/,ok,,
2026-08-28,2026-08-28T05:02:52.827761+09:00,全国紙,全国,東京新聞,「関係が悪い時こそ直接会うことが大事」... 超党派の国会議員団が、北京で中国共産党幹部と会談,https://www.tokyo-np.co.jp/article/511543,https://www.tokyo-np.co.jp/,ok,,
2026-08-28,2026-08-28T05:02:52.827761+09:00,全国紙,全国,東京新聞,町田ゼルビア加入の小川航基「4年後のW杯に一番近い選択肢」 オランダ1部から3年ぶり国内復帰,https://www.tokyo-np.co.jp/article/511499,https://www.tokyo-np.co.jp/,ok,,
2026-08-28,2026-08-28T05:02:52.827761+09:00,全国紙,全国,東京新聞,川崎市が「万博EVバス」の不具合を「ごまかし」 前扉の修理など計10回...なのに2件と東京新聞に回答,https://www.tokyo-np.co.jp/article/511319,https://www.tokyo-np.co.jp/,ok,,
2026-08-28,2026-08-28T05:02:52.827761+09:00,全国紙,全国,東京新聞,「トランプ氏を2度も大統領に選んだ国民の責任」 揺らぐアメリカの多様性、強制収容経験の日系人俳優は語る,https://www.tokyo-np.co.jp/article/509508,https://www.tokyo-np.co.jp/,ok,,
2026-08-28,2026-08-28T05:02:52.827761+09:00,全国紙,全国,東京新聞,【コメント募集】災害に備えて、日頃から心がけていることはありますか?,https://www.tokyo-np.co.jp/article/511383,https://www.tokyo-np.co.jp/,ok,,
2026-08-28,2026-08-28T05:02:52.827761+09:00,全国紙,全国,東京新聞,ネパール土石流、5邦人が不明 家族でツアー参加、死者362人,https://www.tokyo-np.co.jp/article/511256,https://www.tokyo-np.co.jp/,ok,,
2026-08-28,2026-08-28T05:02:52.827761+09:00,全国紙,全国,東京新聞,飲食料品の「消費税率引き下げ」農家や外食産業にどう影響? 政府の具体的な支援策は,https://www.tokyo-np.co.jp/article/511054,https://www.tokyo-np.co.jp/,ok,,
2026-08-28,2026-08-28T05:02:52.827761+09:00,全国紙,全国,東京新聞,異様な状況をどう脱するか 高市首相の言葉への危機感と悪法への怒り〈水島朝穂 東京新聞への直言〉,https://www.tokyo-np.co.jp/article/510484,https://www.tokyo-np.co.jp/,ok,,
2026-08-28,2026-08-28T05:02:52.827761+09:00,全国紙,全国,東京新聞,「消費減税の財源5兆円を確保」 自民、税収増や経済対策見直し,https://www.tokyo-np.co.jp/article/511554,https://www.tokyo-np.co.jp/,ok,,
2026-08-28,2026-08-28T05:02:52.827761+09:00,全国紙,全国,東京新聞,「座り過ぎ大国」日本の損失は年2800億円超 「30分に1回、立ち上がって運動」が変える未来,https://www.tokyo-np.co.jp/article/511155,https://www.tokyo-np.co.jp/,ok,,
2026-08-28,2026-08-28T05:02:52.827761+09:00,全国紙,全国,東京新聞,スキマバイトで「カイジの世界」を見た高校生からのメール 仮眠は土足の床、「左手輪ゴムの人」と呼ばれ...,https://www.tokyo-np.co.jp/article/377300,https://www.tokyo-np.co.jp/,ok,,
2026-08-28,2026-08-28T05:02:52.827761+09:00,全国紙,全国,東京新聞,〈動画〉望月衣塑子記者が立憲民主・杉尾秀哉氏に聞く 政治団体「ゴリラ」との関係 リベラルの受け皿が必要も...,https://www.tokyo-np.co.jp/article/511098,https://www.tokyo-np.co.jp/,ok,,tag_movie
2026-08-28,2026-08-28T05:02:52.827761+09:00,全国紙,全国,東京新聞,〈ザ・ニュースペーパー 紙上LIVE〉鳥取県人同士、立場は逆転? 飛ぶ鳥取落とす勢いだね~,https://www.tokyo-np.co.jp/article/510907,https://www.tokyo-np.co.jp/,ok,,tag_movie
2026-08-28,2026-08-28T05:02:52.827761+09:00,全国紙,全国,東京新聞,〈動画〉望月衣塑子記者が行く 米トランプ政権のICC赤根所長への制裁 「最も強い言葉で非難」超党派議連,https://www.tokyo-np.co.jp/article/510729,https://www.tokyo-np.co.jp/,ok,,tag_movie
2026-08-28,2026-08-28T05:02:52.827761+09:00,全国紙,全国,東京新聞,関東地方、残暑厳しく館林で38.2°C 東京都心で23日ぶり猛暑日...高島平のサルスベリ並木が見ごろ,https://www.tokyo-np.co.jp/article/510816,https://www.tokyo-np.co.jp/,ok,,square
2026-08-28,2026-08-28T05:02:52.827761+09:00,全国紙,全国,中日新聞,熊本地震 義援金受け付けています,https://www.chunichi.co.jp/article/1291440,https://www.chunichi.co.jp/,ok,,
2026-08-28,2026-08-28T05:02:52.827761+09:00,全国紙,全国,中日新聞,守りのミスで6連勝逃す 中日、複数失策の試合は今季1勝6敗,https://www.chunichi.co.jp/article/1302933,https://www.chunichi.co.jp/,ok,,
2026-08-28,2026-08-28T05:02:52.827761+09:00,全国紙,全国,中日新聞,藤井聡太王位が勝ち7連覇に王手 王位戦第5局,https://www.chunichi.co.jp/article/1302752,https://www.chunichi.co.jp/,ok,,
2026-08-28,2026-08-28T05:02:52.827761+09:00,全国紙,全国,中日新聞,「栗きんとん」口の中に広がる秋の味覚 岐阜県中津川市の「川上屋本店」製造販売始まる,https://www.chunichi.co.jp/article/1302797,https://www.chunichi.co.jp/,ok,,
2026-08-28,2026-08-28T05:02:52.827761+09:00,全国紙,全国,中日新聞,「社風に問題がある」「またか」 御前崎市議会に中電原子力部門トップが説明、市議から憤りの声,https://www.chunichi.co.jp/article/1302819,https://www.chunichi.co.jp/,ok,,
2026-08-28,2026-08-28T05:02:52.827761+09:00,全国紙,全国,中日新聞,【動画】石川県と富山県にレベル5大雨特別警報、線状降水帯が発生 5市町約18万人に緊急安全確保,https://www.chunichi.co.jp/article/1302348,https://www.chunichi.co.jp/,ok,,
2026-08-28,2026-08-28T05:02:52.827761+09:00,全国紙,全国,中日新聞,ネパール土石流、5邦人が不明 家族でツアー参加、死者362人,https://www.chunichi.co.jp/article/1302319,https://www.chunichi.co.jp/,ok,,
2026-08-28,2026-08-28T05:02:52.827761+09:00,全国紙,全国,中日新聞,石川県と富山県にレベル5大雨特別警報、現地からの情報をタイムラインで,https://www.chunichi.co.jp/article/1302393,https://www.chunichi.co.jp/,ok,,
2026-08-28,2026-08-28T05:02:52.827761+09:00,全国紙,全国,中日新聞,前衛芸術家の草間彌生さん死去、97歳 水玉や網目を表現する作品で世界的に評価,https://www.chunichi.co.jp/article/1302452,https://www.chunichi.co.jp/,ok,,
2026-08-28,2026-08-28T05:02:52.827761+09:00,全国紙,全国,中日新聞,国税の滞納残高3年ぶり減少、720億9800万円 25年度末の名古屋国税局管内,https://www.chunichi.co.jp/article/1302744,https://www.chunichi.co.jp/,ok,,
2026-08-28,2026-08-28T05:02:52.827761+09:00,全国紙,全国,中日新聞,「消費減税の財源5兆円を確保」 自民、税収増や経済対策見直し,https://www.chunichi.co.jp/article/1302815,https://www.chunichi.co.jp/,ok,,
2026-08-28,2026-08-28T05:02:52.827761+09:00,全国紙,全国,中日新聞,【吉見一起の目】下位に勝負強い坂本...1番の近本も4安打と上り調子、首位決戦に向け勢いの出る勝ち方...猛虎復活を”予言”,https://www.chunichi.co.jp/article/1302936,https://www.chunichi.co.jp/,ok,,
2026-08-28,2026-08-28T05:02:52.827761+09:00,全国紙,全国,中日新聞,「移民ビジネス」外国人の受け入れを巡る現実と課題,https://www.chunichi.co.jp/article/1233264,https://www.chunichi.co.jp/,ok,,
2026-08-28,2026-08-28T05:02:52.827761+09:00,全国紙,全国,中日新聞,【南山大&中日新聞ポッドキャスト企画】アメリカを考える~独立宣言から250年の大変動,https://www.chunichi.co.jp/article/1270383,https://www.chunichi.co.jp/,ok,,
2026-08-28,2026-08-28T05:02:52.827761+09:00,全国紙,全国,中日新聞,【第1部・外国人団地】共生を目指す外国人労働者の姿を描く,https://www.chunichi.co.jp/article/1237076,https://www.chunichi.co.jp/,ok,,
2026-08-28,2026-08-28T05:02:52.827761+09:00,全国紙,全国,中日新聞,読者が選んだグッとコラム大賞は...?,https://www.chunichi.co.jp/article/1230731,https://www.chunichi.co.jp/,ok,,
2026-08-28,2026-08-28T05:02:52.827761+09:00,全国紙,全国,中日新聞,【デジタル地図】南海トラフ巨大地震の想定震度マップ。あなたの地域の想定震度をチェック,https://www.chunichi.co.jp/article/1046009,https://www.chunichi.co.jp/,ok,,
2026-08-28,2026-08-28T05:02:52.827761+09:00,全国紙,全国,中日新聞,【動画】これがアジア大会選手団の宿泊拠点 フィットネスセンターや選手間交流エリア初公開,https://www.chunichi.co.jp/article/1302031,https://www.chunichi.co.jp/,ok,,video
2026-08-28,2026-08-28T05:02:52.827761+09:00,全国紙,全国,中日新聞,【動画】ピアニストまらしぃさん、「あいち県民の日」アンバサダーに就任,https://www.chunichi.co.jp/article/1299566,https://www.chunichi.co.jp/,ok,,video
2026-08-28,2026-08-28T05:02:52.827761+09:00,地方紙,北海道,北海道新聞,,,,skipped,公式RSSはあるが、見出し・本文の公開(再配信)を認めない旨の規約があるため自動取得の対象外とする。,
2026-08-28,2026-08-28T05:02:52.827761+09:00,地方紙,宮城,河北新報,,,,skipped,robots.txtが/rss/をDisallowしておりRSS購読不可。私的利用限定・二次利用禁止の規約があるため自動取得の対象外とする。,
2026-08-28,2026-08-28T05:02:52.827761+09:00,地方紙,新潟,新潟日報,,,,skipped,利用規約でデータマイニング・テキストマイニング・AI学習目的の情報処理・解析利用を明示的に禁止しているため自動取得の対象外とする。,
2026-08-28,2026-08-28T05:02:52.827761+09:00,地方紙,長野,信濃毎日新聞,世界的な前衛芸術家、草間彌生さん死去 松本市出身 比類のない独創的な表現者08/27 12:13無数の水玉を描いた独特の絵画などが国際的に注目された松本市出身の前衛芸術家で文化勲章受章者、信毎賞受賞者の草間彌生さんが14日、多臓器不全のため東京都の病院で死去した。97歳。葬儀は近親者で行った。後日お別れの会を開く予定。 水玉や網目をキャンバスいっぱいに描き込んだ抽象画のほか、布製の突起物を無数に取り付けた彫刻...,https://www.shinmai.co.jp/news/article/gf01da7qg72m9tl84se1d620,https://www.shinmai.co.jp/,ok,,
2026-08-28,2026-08-28T05:02:52.827761+09:00,地方紙,長野,信濃毎日新聞,松本市出身の前衛芸術家、草間彌生さんの歩みを振り返る【足跡と作品の写真多数】08/27 19:02,https://www.shinmai.co.jp/news/article/gf01da80ffqm9tl84se1euq0,https://www.shinmai.co.jp/,ok,,
2026-08-28,2026-08-28T05:02:52.827761+09:00,地方紙,長野,信濃毎日新聞,27日の長野県内、大雨や落雷の被害相次ぐ 大気が非常に不安定な状態、28日夕にかけて続く見込み08/27 22:21,https://www.shinmai.co.jp/news/article/gf01da83cjsaejegpfu34lh0,https://www.shinmai.co.jp/,ok,,
2026-08-28,2026-08-28T05:02:52.827761+09:00,地方紙,長野,信濃毎日新聞,【追悼】草間彌生さん、孤独感と絵筆で闘った生涯 水玉模様の原点は少女時代の幻覚08/27 22:13,https://www.shinmai.co.jp/news/article/gf01da83e4am9tl84se1fo1g,https://www.shinmai.co.jp/,ok,,
2026-08-28,2026-08-28T05:02:52.827761+09:00,地方紙,長野,信濃毎日新聞,茅野駅前ビル「ベルビア」に仮眠ができる“ナップルーム”オープンへ NTT東日本子会社08/27 21:33,https://www.shinmai.co.jp/news/article/gf01da82pqqm9tl84se1fil0,https://www.shinmai.co.jp/,ok,,
2026-08-28,2026-08-28T05:02:52.827761+09:00,地方紙,長野,信濃毎日新聞,おくやみ速報(8月28日付分)08/27 20:00,https://www.shinmai.co.jp/news/article/gf01da80kaqm9tl84se1f0mg,https://www.shinmai.co.jp/,ok,,
2026-08-28,2026-08-28T05:02:52.827761+09:00,地方紙,長野,信濃毎日新聞,速報08/27 13:57【速報】安曇野市の中房温泉への県道、通行止め 土石流被害から通行再開したばかり,https://www.shinmai.co.jp/news/article/gf01da7rvrim9tl84se1debg,https://www.shinmai.co.jp/,ok,,
2026-08-28,2026-08-28T05:02:52.827761+09:00,地方紙,長野,信濃毎日新聞,速報08/27 09:09長野県北部を中心に大雨 大糸線と飯山線が運休,https://www.shinmai.co.jp/news/article/gf01da7nmrsaejegpfu3193g,https://www.shinmai.co.jp/,ok,,
2026-08-28,2026-08-28T05:02:52.827761+09:00,地方紙,長野,信濃毎日新聞,速報08/27 11:28【速報】前衛芸術家の草間弥生さん死去 松本市出身 カラフルな水玉、カボチャで知られる,https://www.shinmai.co.jp/news/article/gf01da7q0u4aejegpfu31t20,https://www.shinmai.co.jp/,ok,,
2026-08-28,2026-08-28T05:02:52.827761+09:00,地方紙,長野,信濃毎日新聞,3長野市で男性に暴行加えてけがを負わせ、逮捕監禁した疑い 男4人を逮捕,https://www.shinmai.co.jp/news/article/gf01da81h24aejegpfu3460g,https://www.shinmai.co.jp/,ok,,
2026-08-28,2026-08-28T05:02:52.827761+09:00,地方紙,長野,信濃毎日新聞,4元長野県松本地域振興局長を盗撮の罪で起訴 地検松本支部,https://www.shinmai.co.jp/news/article/gf01da82a8qm9tl84se1ff00,https://www.shinmai.co.jp/,ok,,
2026-08-28,2026-08-28T05:02:52.827761+09:00,地方紙,長野,信濃毎日新聞,7自ら仕事つくることの苦労とやりがい 長野の良さ発信、宿泊施設開業へ注力,https://www.shinmai.co.jp/news/article/gf01da7vt44aejegpfu33k70,https://www.shinmai.co.jp/,ok,,
2026-08-28,2026-08-28T05:02:52.827761+09:00,地方紙,長野,信濃毎日新聞,9トヨタ、自動運転進化へ 28年「ほぼ操作なし」に,https://www.shinmai.co.jp/news/article/gfkn2026082701001993,https://www.shinmai.co.jp/,ok,,
2026-08-28,2026-08-28T05:02:52.827761+09:00,地方紙,長野,信濃毎日新聞,10部下の行政書士死なせたか 事務所元代表の男を逮捕,https://www.shinmai.co.jp/news/article/gfkn2026082701001480,https://www.shinmai.co.jp/,ok,,
2026-08-28,2026-08-28T05:02:52.827761+09:00,地方紙,長野,信濃毎日新聞,「女子」って言葉は必要ですか? 若い記者の指摘にハッとした「昭和生まれ世代」の私長野県社会ウェブオリジナルイブニング信毎ジェンダーLGBTQコラム「硬面軟面」08/27 06:00,https://www.shinmai.co.jp/news/article/gf01da73hd4aejegpfu2tg0g,https://www.shinmai.co.jp/,ok,,
2026-08-28,2026-08-28T05:02:52.827761+09:00,地方紙,長野,信濃毎日新聞,【動画付き】「おらほ村」成果は出たが... 玉村豊男さんの敗北感(「玉村豊男とNAGANO WINEの30年」から)長野県社会主要訃報・おくやみウェブオリジナル東御市08/25 12:26,https://www.shinmai.co.jp/news/article/gf01da6gan2m9tl84se15i9g,https://www.shinmai.co.jp/,ok,,
2026-08-28,2026-08-28T05:02:52.827761+09:00,地方紙,長野,信濃毎日新聞,【4コマ】トンネル多過ぎ問題【ここがわからんばい!信州】長野県主要くらし・話題ウェブオリジナルここがわからんばい!信州08/25 11:30,https://www.shinmai.co.jp/news/article/gf01da3v41pgf3e481imo2tg,https://www.shinmai.co.jp/,ok,,
2026-08-28,2026-08-28T05:02:52.827761+09:00,地方紙,長野,信濃毎日新聞,アウェー熊本戦に現れたオレンジの応援団 AC長野で活躍する先輩に目を輝かせた子どもたち長野県スポーツウェブオリジナルサッカーAC長野パルセイロ08/25 07:30,https://www.shinmai.co.jp/news/article/gf01da62orcaejegpfu2p1g0,https://www.shinmai.co.jp/,ok,,
2026-08-28,2026-08-28T05:02:52.827761+09:00,地方紙,長野,信濃毎日新聞,「信頼は一瞬で崩れる」 山雅の元流経大キャプテンに待っていた落とし穴 ベンチ外の現実受け止め再出発長野県スポーツウェブオリジナルサッカー松本山雅松本市08/25 06:30,https://www.shinmai.co.jp/news/article/gf01da5sbkcaejegpfu2nhlg,https://www.shinmai.co.jp/,ok,,
2026-08-28,2026-08-28T05:02:52.827761+09:00,地方紙,長野,信濃毎日新聞,エメラルド色の池と花々をゆっくり楽しむ 母のリクエストで志賀高原の裏志賀山へ【動画付き】長野県社会信州の山ウェブオリジナル山ノ内町タカシが行く08/23 11:00,https://www.shinmai.co.jp/news/article/gf01da4muh0h93r5kirepfag,https://www.shinmai.co.jp/,ok,,
2026-08-28,2026-08-28T05:02:52.827761+09:00,地方紙,静岡,静岡新聞,,,https://www.at-s.com/,error,405 Client Error: Not Allowed for url: https://www.at-s.com/,
2026-08-28,2026-08-28T05:02:52.827761+09:00,地方紙,京都,京都新聞,人事異動ポータル,https://www.kyoto-np.co.jp/articles/-/1250583,https://www.kyoto-np.co.jp/,ok,,
2026-08-28,2026-08-28T05:02:52.827761+09:00,地方紙,京都,京都新聞,速報ネパール、土石流の死者389人に,https://www.kyoto-np.co.jp/articles/-/1779883,https://www.kyoto-np.co.jp/,ok,,
2026-08-28,2026-08-28T05:02:52.827761+09:00,地方紙,京都,京都新聞,北陸新幹線の建設費は具体的な金額示さず 2027度予算で国交省が「事項要求」8月27日京都国土交通省は27日に発表した2027年度予算の概算要求で、北陸新幹線延伸事業の敦賀(福井県)-新大阪間の建設費は具体的な金額を示さない「事...,https://www.kyoto-np.co.jp/articles/-/1779547,https://www.kyoto-np.co.jp/,ok,,
2026-08-28,2026-08-28T05:02:52.827761+09:00,地方紙,京都,京都新聞,龍谷大・硬式野球部で暴力行為や不適切動画 きょう27日まで1カ月活動停止、秋季リーグは出場へ8月27日地域龍谷大は27日、硬式野球部の部員間での複数回に渡る暴力行為や、野球部員が入寮する寮内で盗難が発覚したことなどを受け、7月28日から8月27...,https://www.kyoto-np.co.jp/articles/-/1779227,https://www.kyoto-np.co.jp/,ok,,
2026-08-28,2026-08-28T05:02:52.827761+09:00,地方紙,京都,京都新聞,京都府、あす28日「土砂災害危険警報」可能性 北陸に大雨もたらした前線、京都付近に南下へ8月27日地域京都地方気象台は27日夕、大雨と落雷、突風に関する気象情報を発表し、京都府は27日夜~28日夕方にかけ、警報級の大雨になる恐れがあり、浸水...,https://www.kyoto-np.co.jp/articles/-/1779467,https://www.kyoto-np.co.jp/,ok,,
2026-08-28,2026-08-28T05:02:52.827761+09:00,地方紙,京都,京都新聞,「失礼だが京阪でやれるかネ」大阪市トップが社長に放った67年前の強烈発言 巨大駅に結晶する京阪執念8月27日地域大阪市中心部のビジネス街に位置する京阪電車淀屋橋駅(大阪市中央区)は、京阪のDNAを形づくるとも言える存在だ。淀屋橋駅は、天満橋駅(中央区...,https://www.kyoto-np.co.jp/articles/-/1774464,https://www.kyoto-np.co.jp/,ok,,
2026-08-28,2026-08-28T05:02:52.827761+09:00,地方紙,京都,京都新聞,滋賀県が「県外」の大学と初の連携協定 相手は京都市にキャンパス構える私立大 双方の狙いは8月27日地域滋賀県と大谷大は26日、県内の幼児教育・保育分野における連携協定を締結した。滋賀で保育人材の,https://www.kyoto-np.co.jp/articles/-/1778514,https://www.kyoto-np.co.jp/,ok,,
2026-08-28,2026-08-28T05:02:52.827761+09:00,地方紙,京都,京都新聞,【速報】大津市南部や草津市などに「レベル3大雨警報」1:13地域彦根地方気象台は28日午前1時、大津市南部や草津市、守山市、栗東市、野洲市、近江八幡市、東近江市、彦根市に大雨警報を発表した。既に27日午...,https://www.kyoto-np.co.jp/articles/-/1779844,https://www.kyoto-np.co.jp/,ok,,
2026-08-28,2026-08-28T05:02:52.827761+09:00,地方紙,京都,京都新聞,【速報】京都府南丹市、福知山市、舞鶴市に「レベル3大雨警報」8月27日地域気象庁は27日午後11時半、京都府南丹市にレベル3の大雨警報を発表した。その後、同11時50分には福知山市と舞鶴市にも大雨警報を出した。低...,https://www.kyoto-np.co.jp/articles/-/1779819,https://www.kyoto-np.co.jp/,ok,,
2026-08-28,2026-08-28T05:02:52.827761+09:00,地方紙,京都,京都新聞,「京都駅でひましてる」X投稿の裏に「売春あっせん集団」 接触した記者に幹部が語った「内幕」は4:50市内,https://www.kyoto-np.co.jp/articles/-/1779477,https://www.kyoto-np.co.jp/,ok,,
2026-08-28,2026-08-28T05:02:52.827761+09:00,地方紙,京都,京都新聞,京都市のライブハウス経営会社とレストラン経営会社、破産手続き開始決定 倒産に至る経緯は4:45市内,https://www.kyoto-np.co.jp/articles/-/1779449,https://www.kyoto-np.co.jp/,ok,,
2026-08-28,2026-08-28T05:02:52.827761+09:00,地方紙,京都,京都新聞,京都府立大と「系属高」になった「農業専門高校」 講義や施設活用で「教育の充実図る」8月27日地域,https://www.kyoto-np.co.jp/articles/-/1778229,https://www.kyoto-np.co.jp/,ok,,
2026-08-28,2026-08-28T05:02:52.827761+09:00,地方紙,京都,京都新聞,連立与党入りした高市政権や北陸新幹線延伸ルート合意をどう考える? 維新京都府総支部代表・前原誠司氏に聞く8月26日市内,https://www.kyoto-np.co.jp/articles/-/1777305,https://www.kyoto-np.co.jp/,ok,,
2026-08-28,2026-08-28T05:02:52.827761+09:00,地方紙,京都,京都新聞,京都府中部の住民が北陸新幹線「小浜・京都」で不安視する水源問題 専門家も「掘らないと分からない」8月26日地域,https://www.kyoto-np.co.jp/articles/-/1775880,https://www.kyoto-np.co.jp/,ok,,
2026-08-28,2026-08-28T05:02:52.827761+09:00,地方紙,京都,京都新聞,京都府中部の公立高校「生き残り」に向けた一手は 地元から「なくなっては困る」と言われる存在に8月26日地域,https://www.kyoto-np.co.jp/articles/-/1775143,https://www.kyoto-np.co.jp/,ok,,
2026-08-28,2026-08-28T05:02:52.827761+09:00,地方紙,京都,京都新聞,京都サンガのMF佐藤響 守備が「少しまだ全体的にはまってない」 一問一答8月25日地域,https://www.kyoto-np.co.jp/articles/-/1777161,https://www.kyoto-np.co.jp/,ok,,
2026-08-28,2026-08-28T05:02:52.827761+09:00,地方紙,京都,京都新聞,京都サンガのMF平戸太貴「自分たちで難しい展開にしている」 一問一答8月25日地域,https://www.kyoto-np.co.jp/articles/-/1777160,https://www.kyoto-np.co.jp/,ok,,
2026-08-28,2026-08-28T05:02:52.827761+09:00,地方紙,京都,京都新聞,京都サンガのMF新井晴樹 古巣相手に「シンプルに悔しい」 一問一答8月25日地域,https://www.kyoto-np.co.jp/articles/-/1777162,https://www.kyoto-np.co.jp/,ok,,
2026-08-28,2026-08-28T05:02:52.827761+09:00,地方紙,京都,京都新聞,京都サンガのDF永田倖大が語る開幕3試合の共通点は 見つめる守備の「ずれ」 一問一答8月25日地域,https://www.kyoto-np.co.jp/articles/-/1777058,https://www.kyoto-np.co.jp/,ok,,
2026-08-28,2026-08-28T05:02:52.827761+09:00,地方紙,京都,京都新聞,京都サンガのFWエベルトン・マセイオ サンガデビュー戦で何を意識した 一問一答8月25日地域,https://www.kyoto-np.co.jp/articles/-/1777057,https://www.kyoto-np.co.jp/,ok,,
2026-08-28,2026-08-28T05:02:52.827761+09:00,地方紙,兵庫,神戸新聞,「コベカツ」9月開始、移行後初の新人戦へ説明会 競技団体関係者ら150人理解深める,https://www.kobe-np.co.jp/news/society/202608/0020753850.shtml,https://www.kobe-np.co.jp/,ok,,
2026-08-28,2026-08-28T05:02:52.827761+09:00,地方紙,兵庫,神戸新聞,斎藤知事、公債費負担適正化計画を総務省に提出,https://www.kobe-np.co.jp/news/society/202608/0020753252.shtml,https://www.kobe-np.co.jp/,ok,,
2026-08-28,2026-08-28T05:02:52.827761+09:00,地方紙,兵庫,神戸新聞,兵庫医科大病院、9月24日開院予定の新病院棟を公開,https://www.kobe-np.co.jp/news/society/202608/0020753049.shtml,https://www.kobe-np.co.jp/,ok,,
2026-08-28,2026-08-28T05:02:52.827761+09:00,地方紙,兵庫,神戸新聞,3Dプリンター住宅のセレンディクス、県内初の建築物,https://www.kobe-np.co.jp/news/economy/202608/0020753697.shtml,https://www.kobe-np.co.jp/,ok,,
2026-08-28,2026-08-28T05:02:52.827761+09:00,地方紙,兵庫,神戸新聞,「風通しのいい組織運営を」兵庫県警・宇田川本部長が着任会見,https://www.kobe-np.co.jp/news/society/202608/0020752879.shtml,https://www.kobe-np.co.jp/,ok,,
2026-08-28,2026-08-28T05:02:52.827761+09:00,地方紙,兵庫,神戸新聞,午後7時半ごろから新温泉町・芦屋と浜坂の750軒で停電,https://www.kobe-np.co.jp/news/tajima/202608/0020753556.shtml,https://www.kobe-np.co.jp/,ok,,
2026-08-28,2026-08-28T05:02:52.827761+09:00,地方紙,兵庫,神戸新聞,将棋・王位戦第5局 藤井王位、会心局で7連覇に王手,https://www.kobe-np.co.jp/news/culture/202608/0020752967.shtml,https://www.kobe-np.co.jp/,ok,,
2026-08-28,2026-08-28T05:02:52.827761+09:00,地方紙,兵庫,神戸新聞,大東建託、ポーアイに賃貸住宅オーナー向けの情報発信拠点,https://www.kobe-np.co.jp/news/economy/202608/0020753056.shtml,https://www.kobe-np.co.jp/,ok,,
2026-08-28,2026-08-28T05:02:52.827761+09:00,地方紙,兵庫,神戸新聞,女性が働き続けられる職場環境を 企業の人事担当者らが交流会,https://www.kobe-np.co.jp/news/society/202608/0020752470.shtml,https://www.kobe-np.co.jp/,ok,,
2026-08-28,2026-08-28T05:02:52.827761+09:00,地方紙,兵庫,神戸新聞,全国の力自慢、坊勢島に集結 パワーリフティング公式大会初開催,https://www.kobe-np.co.jp/news/himeji/202608/0020752949.shtml,https://www.kobe-np.co.jp/,ok,,
2026-08-28,2026-08-28T05:02:52.827761+09:00,地方紙,兵庫,神戸新聞,明石市、ふるさと納税返礼品の紙おむつにデジタルクーポン導入へ,https://www.kobe-np.co.jp/news/akashi/202608/0020753241.shtml,https://www.kobe-np.co.jp/,ok,,
2026-08-28,2026-08-28T05:02:52.827761+09:00,地方紙,兵庫,神戸新聞,兵庫県内の信金職員、事業承継やM&A学ぶ 神戸で研修会,https://www.kobe-np.co.jp/news/economy/202608/0020753301.shtml,https://www.kobe-np.co.jp/,ok,,
2026-08-28,2026-08-28T05:02:52.827761+09:00,地方紙,兵庫,神戸新聞,洲本商工会議所の事務局長を逮捕 業務上横領容疑,https://www.kobe-np.co.jp/news/jiken/202608/0020752347.shtml,https://www.kobe-np.co.jp/,ok,,
2026-08-28,2026-08-28T05:02:52.827761+09:00,地方紙,兵庫,神戸新聞,<県政リアル 知事就任5年>(6)距離感 離れた大阪、県内首長も模索,https://www.kobe-np.co.jp/news/society/202608/0020681985.shtml,https://www.kobe-np.co.jp/,ok,,
2026-08-28,2026-08-28T05:02:52.827761+09:00,地方紙,兵庫,神戸新聞,<さいとうさんと「私」再び>対立 乗り越えるには 読者の反響編,https://www.kobe-np.co.jp/news/society/202607/0020625928.shtml,https://www.kobe-np.co.jp/,ok,,
2026-08-28,2026-08-28T05:02:52.827761+09:00,地方紙,兵庫,神戸新聞,「住みたい街」西宮、魅力維持へ進化中 タワマン、図書館...中心部の駅前で相次ぐ再開発,https://www.kobe-np.co.jp/news/society/202608/0020742471.shtml,https://www.kobe-np.co.jp/,ok,,
2026-08-28,2026-08-28T05:02:52.827761+09:00,地方紙,兵庫,神戸新聞,神戸市中央区の「危ない交差点」 曲がってすぐの横断歩道に注意 信号見落とすケースも,https://www.kobe-np.co.jp/news/richb/202608/0020746271.shtml,https://www.kobe-np.co.jp/,ok,,
2026-08-28,2026-08-28T05:02:52.827761+09:00,地方紙,兵庫,神戸新聞,<近日公開 9月のオススメ記事>バスケBプレミア、防災DX、「随想」新執筆陣...etc.,https://www.kobe-np.co.jp/news/richa/202608/0020749065.shtml,https://www.kobe-np.co.jp/,ok,,
2026-08-28,2026-08-28T05:02:52.827761+09:00,地方紙,兵庫,神戸新聞,神戸市北区の緑地で不審火 木製ケースのようなもの燃える,https://www.kobe-np.co.jp/news/jiken/202608/0020753864.shtml,https://www.kobe-np.co.jp/,ok,,
2026-08-28,2026-08-28T05:02:52.827761+09:00,地方紙,兵庫,神戸新聞,淡路市の観光施設「ONOKORO」11月末閉園へ アトラクション老朽化、修理費の調達困難で,https://www.kobe-np.co.jp/news/society/202608/0020746391.shtml,https://www.kobe-np.co.jp/,ok,,
2026-08-28,2026-08-28T05:02:52.827761+09:00,地方紙,広島,中国新聞,,,,skipped,利用規約でAI開発目的のディープラーニング等の情報処理・解析利用を明示的に禁止しているため自動取得の対象外とする。,
2026-08-28,2026-08-28T05:02:52.827761+09:00,地方紙,福岡,西日本新聞,,,,skipped,公式RSSはあるが、利用規約でAI学習目的の情報処理・解析利用を明示的に禁止しているため自動取得の対象外とする。,
2026-08-28,2026-08-28T05:02:52.827761+09:00,地方紙,熊本,熊本日日新聞,<釣行記>キスの引き 親子で堪能 遠投で狙い 20センチ超の良型も 上天草市大矢野町・松島町,https://kumanichi.com/articles/2029496,https://kumanichi.com/rss.xml,ok,,
2026-08-28,2026-08-28T05:02:52.827761+09:00,地方紙,熊本,熊本日日新聞,祭りとパレード [吉住修 自治体国際化協会ニューヨーク事務所前調査役],https://kumanichi.com/articles/2029721,https://kumanichi.com/rss.xml,ok,,
2026-08-28,2026-08-28T05:02:52.827761+09:00,地方紙,熊本,熊本日日新聞,いつか話せる日が,https://kumanichi.com/articles/2029720,https://kumanichi.com/rss.xml,ok,,
2026-08-28,2026-08-28T05:02:52.827761+09:00,地方紙,熊本,熊本日日新聞,住宅の耐震化率,https://kumanichi.com/articles/2029719,https://kumanichi.com/rss.xml,ok,,
2026-08-28,2026-08-28T05:02:52.827761+09:00,地方紙,熊本,熊本日日新聞,スポーツへの影響 練習環境の回復を早期に,https://kumanichi.com/articles/2029718,https://kumanichi.com/rss.xml,ok,,
2026-08-28,2026-08-28T05:02:52.827761+09:00,地方紙,熊本,熊本日日新聞,小国から鏡へ自転車で走破(桑原正浩、64、コンサルタント、大津町)【夏休みの思い出】,https://kumanichi.com/articles/2029665,https://kumanichi.com/rss.xml,ok,,
2026-08-28,2026-08-28T05:02:52.827761+09:00,地方紙,熊本,熊本日日新聞,人のつながり見直す復興に(吉川丈晴、61、設計士、八代市)【令和熊本地震】,https://kumanichi.com/articles/2029664,https://kumanichi.com/rss.xml,ok,,
2026-08-28,2026-08-28T05:02:52.827761+09:00,地方紙,熊本,熊本日日新聞,人のつながり大切さを実感(湯治 清、88、元建築業、芦北町)【令和熊本地震】,https://kumanichi.com/articles/2029662,https://kumanichi.com/rss.xml,ok,,
2026-08-28,2026-08-28T05:02:52.827761+09:00,地方紙,熊本,熊本日日新聞,(19)アニメと特撮進路に悩む,https://kumanichi.com/articles/2029660,https://kumanichi.com/rss.xml,ok,,
2026-08-28,2026-08-28T05:02:52.827761+09:00,地方紙,熊本,熊本日日新聞,家族晴れ(157),https://kumanichi.com/articles/2029659,https://kumanichi.com/rss.xml,ok,,
2026-08-28,2026-08-28T05:02:52.827761+09:00,地方紙,鹿児島,南日本新聞,8月28日04時54分ごろ地震がありました。【観測地域】青森県東方沖など 【震度】3今後の地震情報にご注意ください。,https://373news.com/lifestyle/disaster/earthquake/detail/20260828045449,https://373news.com/,ok,,
2026-08-28,2026-08-28T05:02:52.827761+09:00,地方紙,鹿児島,南日本新聞,炎天下の川内川で熱戦 さつま町のドラゴンボートレース「鶴田龍舟祭」さつま町のドラゴンボートレース「鶴田龍舟祭」が23日、同町神子の川内川であった。小学生の部に6チーム、一般の部に12チームが参戦。炎天下、170メートル先のゴールを目指し、熱戦を繰り広げた。 地区民やスポーツ少年団がこぎ手8人、太鼓打ち1人、かじ取り1人の計10人でチームを結成。予選、敗者復活・順位決定戦、決勝戦に臨んだ。太鼓のリズムに合わせて懸命にパドルをこぎ、岸辺からは地区民らが声を8月27日 20:00,https://373news.com/news/local/detail/238629/,https://373news.com/,ok,,local
2026-08-28,2026-08-28T05:02:52.827761+09:00,地方紙,鹿児島,南日本新聞,国税の滞納残高 県内6年連続増 25年度8月27日 22:05,https://373news.com/news/local/detail/238670/,https://373news.com/,ok,,local
2026-08-28,2026-08-28T05:02:52.827761+09:00,地方紙,鹿児島,南日本新聞,発生23分後に無事伝達、全6校を3日以内に再開――学習塾の昴、BCP生きる 熊本地震1カ月8月27日 21:44,https://373news.com/news/local/detail/238665/,https://373news.com/,ok,,local
2026-08-28,2026-08-28T05:02:52.827761+09:00,地方紙,鹿児島,南日本新聞,錦江町で豚舎1棟全焼8月27日 21:30,https://373news.com/news/local/detail/238662/,https://373news.com/,ok,,local
2026-08-28,2026-08-28T05:02:52.827761+09:00,地方紙,鹿児島,南日本新聞,砂金採り体験、誕生石探し...いちき串木野の金山製錬工場で日本遺産学ぶ8月27日 20:30,https://373news.com/news/local/detail/238630/,https://373news.com/,ok,,local
2026-08-28,2026-08-28T05:02:52.827761+09:00,地方紙,鹿児島,南日本新聞,「プレーで種子島に恩返ししたい」 西之表市出身の砂坂さんがソフトボール男子U18日本代表入り8月27日 19:00,https://373news.com/news/local/detail/238189/,https://373news.com/,ok,,local
2026-08-28,2026-08-28T05:02:52.827761+09:00,地方紙,鹿児島,南日本新聞,川内原発の乾式貯蔵施設「事実上の最終処分地では」――グリーンコープかごしま生協が懸念 県に住民説明会要望8月27日 18:54,https://373news.com/news/local/detail/238658/,https://373news.com/,ok,,local
2026-08-28,2026-08-28T05:02:52.827761+09:00,地方紙,鹿児島,南日本新聞,南さつまの海辺の集落をにぎやかに練り歩く...島津義弘の凱旋記念に由来する坊津の久志太鼓踊り8月27日 18:00,https://373news.com/news/local/detail/238288/,https://373news.com/,ok,,local
2026-08-28,2026-08-28T05:02:52.827761+09:00,地方紙,鹿児島,南日本新聞,大島紬の後継者不足解消へ――鹿児島市が初の「地域おこし協力隊」を設置、20~30代女性6人が職人技に触れる8月27日 16:30,https://373news.com/news/local/detail/238286/,https://373news.com/,ok,,local
2026-08-28,2026-08-28T05:02:52.827761+09:00,地方紙,鹿児島,南日本新聞,1路上で「耳の手術代50万円貸して」と声かけられ......面識ない70代男性、1年で約3700万円振り込む――詐欺容疑で女逮捕,https://373news.com/news/local/detail/238605/,https://373news.com/,ok,,local
2026-08-28,2026-08-28T05:02:52.827761+09:00,地方紙,鹿児島,南日本新聞,2夏休み明け、中学3年の男子生徒が自殺...直前の担任の指導は「違法」 市に33万円賠償命令 予見可能性は認めず,https://373news.com/news/local/detail/238616/,https://373news.com/,ok,,local
2026-08-28,2026-08-28T05:02:52.827761+09:00,地方紙,鹿児島,南日本新聞,3登山中に落雷受け 49歳男性死亡 霧島連山・大浪池,https://373news.com/news/local/detail/238618/,https://373news.com/,ok,,local
2026-08-28,2026-08-28T05:02:52.827761+09:00,地方紙,鹿児島,南日本新聞,4「電停から歩いて...」鹿児島市のサッカースタジアム候補に県鴨池庭球場――市長、渋滞対策問われ見解,https://373news.com/news/local/detail/238625/,https://373news.com/,ok,,local
2026-08-28,2026-08-28T05:02:52.827761+09:00,地方紙,鹿児島,南日本新聞,5指宿の港に佇む「捍海堤」――200年前、7カ月で完成した階段状の防波堤に秘められた薩摩の知恵,https://373news.com/news/local/detail/238628/,https://373news.com/,ok,,local
2026-08-28,2026-08-28T05:02:52.827761+09:00,地方紙,鹿児島,南日本新聞,6火星の衛星探査へ10月20日出発――JAXA、世界初の試み H3ロケットで打ち上げ,https://373news.com/news/local/detail/238316/,https://373news.com/,ok,,local
2026-08-28,2026-08-28T05:02:52.827761+09:00,地方紙,鹿児島,南日本新聞,7鹿児島市立西紫原小学校|半世紀愛された愛唱歌がそのまま校歌に,https://373news.com/news/local/detail/238598/,https://373news.com/,ok,,local
2026-08-28,2026-08-28T05:02:52.827761+09:00,地方紙,鹿児島,南日本新聞,9「朝まで飲酒し、酒が出るかもしれないと思い逃げた」 鹿児島市で路面電車に当て逃げ疑い、55歳運転手の男逮捕,https://373news.com/news/local/detail/238623/,https://373news.com/,ok,,local
2026-08-28,2026-08-28T05:02:52.827761+09:00,地方紙,鹿児島,南日本新聞,10〈詳報〉遺体発見から1カ月後急転「殺人事件」に...飲食店経営女性(49)未明に帰宅後、殺害されたか 「料理上手で気さく」過去にトラブル相談も,https://373news.com/news/local/detail/238500/,https://373news.com/,ok,,local
2026-08-28,2026-08-28T05:02:52.827761+09:00,地方紙,鹿児島,南日本新聞,「暑くないから大丈夫」そう言い張る高齢の親...冷房をつけさせたいけど、どう声かけたらいいの?――鹿児島の看護師が教える「否定しない伝え方」は8月20日 11:30,https://373news.com/lineup/kotimina/detail/238277/,https://373news.com/,ok,,
2026-08-28,2026-08-28T05:02:52.827761+09:00,地方紙,沖縄,琉球新報,,,,skipped,利用規約で複製・複写・送信・頒布・蓄積・転載等を会社の承認なく行うことを広範に禁止しているため自動取得の対象外とする。,
2026-08-28,2026-08-28T05:02:52.827761+09:00,地方紙,沖縄,沖縄タイムス,【WEB限定】下地氏の立候補取りやめ、鈴木宗男氏が舞台裏語る 「西銘県連会長へ事前に趣旨説明、反論なかった」 沖縄知事選8月27日 19:06沖縄県知事選【東京】元郵政民営化担当相の下地幹郎氏(65)が自民党と政策合意し、沖縄県知事選への立候補をとりやめたことを巡り、下地氏に近い鈴木宗男参院議員は27日、党本部から協力を依頼され、下地氏に働きかけたことを明らかにした。,https://www.okinawatimes.co.jp/articles/-/1911187,https://www.okinawatimes.co.jp/,ok,,
2026-08-28,2026-08-28T05:02:52.827761+09:00,地方紙,沖縄,沖縄タイムス,【WEB限定】「自民県連は下地幹郎氏に接触しない、交渉もしない」 県連の西銘恒三郎会長と記者団とのやりとり 沖縄知事選15:54有料#沖縄県知事選,https://www.okinawatimes.co.jp/articles/-/1911055,https://www.okinawatimes.co.jp/,ok,,
2026-08-28,2026-08-28T05:02:52.827761+09:00,地方紙,沖縄,沖縄タイムス,沖縄の税滞納、100億円突破 25年度の状況を発表 残高は 6年連続増、資金繰り悪化が影響か21:17有料#沖縄国税事務所,https://www.okinawatimes.co.jp/articles/-/1911255,https://www.okinawatimes.co.jp/,ok,,
2026-08-28,2026-08-28T05:02:52.827761+09:00,地方紙,沖縄,沖縄タイムス,沖縄知事選と統一地方選、9月13日投開票 3町村長選、4市議選など 期日前投票の期間に注意【日程表あり】14:24有料#沖縄の選挙,https://www.okinawatimes.co.jp/articles/-/1910965,https://www.okinawatimes.co.jp/,ok,,
2026-08-28,2026-08-28T05:02:52.827761+09:00,地方紙,沖縄,沖縄タイムス,【沖縄知事選】若者の「選挙、どう思う?」を聞かせて 10~20代の疑問や声を募集(9月4日まで)15:23#沖縄県知事選,https://www.okinawatimes.co.jp/articles/-/1910439,https://www.okinawatimes.co.jp/,ok,,
2026-08-28,2026-08-28T05:02:52.827761+09:00,地方紙,沖縄,沖縄タイムス,銀天街で43年 祝い料理の老舗が閉店へ 総菜の「三幸」、惜しまれつつ8月31日に営業終了16:11有料#沖縄市,https://www.okinawatimes.co.jp/articles/-/1910469,https://www.okinawatimes.co.jp/,ok,,
2026-08-28,2026-08-28T05:02:52.827761+09:00,地方紙,沖縄,沖縄タイムス,【速報】沖縄知事選の候補者が確定 6人で過去最多 9月13日投開票17:02#沖縄県知事選,https://www.okinawatimes.co.jp/articles/-/1911126,https://www.okinawatimes.co.jp/,ok,,
2026-08-28,2026-08-28T05:02:52.827761+09:00,地方紙,沖縄,沖縄タイムス,【随時更新】沖縄知事選、いま何が? 過去最多6人が立候補 告示日の動きを動画・写真で追う17:10#沖縄県知事選,https://www.okinawatimes.co.jp/articles/-/1910730,https://www.okinawatimes.co.jp/,ok,,
2026-08-28,2026-08-28T05:02:52.827761+09:00,地方紙,沖縄,沖縄タイムス,沖縄知事選で異例の事態 ポスター掲示板が告示日に間に合わず 候補者「早くアピールしたいのに」15:37#沖縄県知事選,https://www.okinawatimes.co.jp/articles/-/1910523,https://www.okinawatimes.co.jp/,ok,,
2026-08-28,2026-08-28T05:02:52.827761+09:00,地方紙,沖縄,沖縄タイムス,沖縄・渡名喜島「開かずの保育所」ついに開所へ 難航していた保育士確保、めどが立った理由12:00有料#渡名喜村,https://www.okinawatimes.co.jp/articles/-/1910525,https://www.okinawatimes.co.jp/,ok,,
2026-08-28,2026-08-28T05:02:52.827761+09:00,地方紙,沖縄,沖縄タイムス,自民県連・西銘会長、党本部と下地氏の政策合意に理解「知事選に勝つため」【動画あり】12:31有料#沖縄県知事選,https://www.okinawatimes.co.jp/articles/-/1910909,https://www.okinawatimes.co.jp/,ok,,
2026-08-28,2026-08-28T05:02:52.827761+09:00,地方紙,沖縄,沖縄タイムス,「沖縄のお盆はやっぱりエイサーがないとね」 台風で初日は中止も、力強い演舞でご先祖さまを歓待【動画あり】7:49#沖縄市,https://www.okinawatimes.co.jp/articles/-/1910481,https://www.okinawatimes.co.jp/,ok,,
2026-08-28,2026-08-28T05:02:52.827761+09:00,地方紙,沖縄,沖縄タイムス,酒酔い運転、法改正後に急増 わずか1カ月で半年分超え 沖縄県警「ご先祖さまも泣く」11:34有料#事件・事故,https://www.okinawatimes.co.jp/articles/-/1910526,https://www.okinawatimes.co.jp/,ok,,
2026-08-28,2026-08-28T05:02:52.827761+09:00,地方紙,沖縄,沖縄タイムス,【沖縄知事選】水面下で動いた「3人のキーマン」 下地幹郎氏、立候補取り下げの舞台裏7:00有料#沖縄県知事選,https://www.okinawatimes.co.jp/articles/-/1910532,https://www.okinawatimes.co.jp/,ok,,
2026-08-28,2026-08-28T05:02:52.827761+09:00,地方紙,沖縄,沖縄タイムス,国場衆院議員、自民本部に抗議 下地氏との政策協定「地元を頭越しにする決定」7:32#沖縄県知事選,https://www.okinawatimes.co.jp/articles/-/1910535,https://www.okinawatimes.co.jp/,ok,,
2026-08-28,2026-08-28T05:02:52.827761+09:00,地方紙,沖縄,沖縄タイムス,「下地劇場に振り回された」 突然の立候補取りやめ、支持者「第三の選択肢がなくなった」10:38有料#沖縄県知事選,https://www.okinawatimes.co.jp/articles/-/1910440,https://www.okinawatimes.co.jp/,ok,,
2026-08-28,2026-08-28T05:02:52.827761+09:00,地方紙,沖縄,沖縄タイムス,大城勝太 さんがコメント(8月27日 8:47),https://www.okinawatimes.co.jp/articles/-/1910484,https://www.okinawatimes.co.jp/,ok,,
2026-08-28,2026-08-28T05:02:52.827761+09:00,地方紙,沖縄,沖縄タイムス,兼村光 さんがコメント(8月26日 22:17),https://www.okinawatimes.co.jp/articles/-/1908835,https://www.okinawatimes.co.jp/,ok,,
2026-08-28,2026-08-28T05:02:52.827761+09:00,その他メディア,,デイリースポーツ,政府安保支援12カ国に拡大,https://www.daily.co.jp/society/politics/2026/08/28/0020754901.shtml,https://news.ceek.jp/search.cgi?category_id=politics&feed=1,ok,,政治
2026-08-28,2026-08-28T05:02:52.827761+09:00,全国紙,全国,毎日新聞,首相日々 27日,https://mainichi.jp/articles/20260828/ddm/012/010/057000c,https://news.ceek.jp/search.cgi?category_id=politics&feed=1,ok,,政治
2026-08-28,2026-08-28T05:02:52.827761+09:00,その他メディア,,共同通信,政府安保支援12カ国に拡大 対中、海洋分野で連携強化,https://www.47news.jp/14855742.html,https://news.ceek.jp/search.cgi?category_id=politics&feed=1,ok,,政治
2026-08-28,2026-08-28T05:02:52.827761+09:00,その他メディア,,時事通信,備蓄が「時間稼ぎ」、ナフサも 日本エネルギー経済研究所の小林首席研究員―米イラン攻撃半年,https://www.jiji.com/jc/article?k=2026082700897&g=pol,https://news.ceek.jp/search.cgi?category_id=politics&feed=1,ok,,政治
2026-08-28,2026-08-28T05:02:52.827761+09:00,その他メディア,,フジテレビ,土石流災害で高市総理 中国・習近平主席に見舞いの書簡 「一人でも多くの救出を祈念」,https://www.fnn.jp/articles/-/1102991,https://news.ceek.jp/search.cgi?category_id=politics&feed=1,ok,,政治
2026-08-28,2026-08-28T05:02:52.827761+09:00,その他メディア,,デイリースポーツ,横浜市長、28日に辞意表明,https://www.daily.co.jp/society/politics/2026/08/28/0020753454.shtml,https://news.ceek.jp/search.cgi?category_id=politics&feed=1,ok,,政治
2026-08-28,2026-08-28T05:02:52.827761+09:00,その他メディア,,共同通信,横浜市長、28日に辞意表明 パワハラ問題、後援会で,https://www.47news.jp/14855298.html,https://news.ceek.jp/search.cgi?category_id=politics&feed=1,ok,,政治
2026-08-28,2026-08-28T05:02:52.827761+09:00,その他メディア,,フジテレビ,東電「想像よりも大きかった」 圧力容器底部に直径3mの穴<福島第一原発>,https://www.fnn.jp/articles/-/1102988,https://news.ceek.jp/search.cgi?category_id=politics&feed=1,ok,,政治
2026-08-28,2026-08-28T05:02:52.827761+09:00,その他メディア,,テレビ朝日,高市総理 中国・習主席にお見舞いの書簡 ネパール・中国国境の洪水受け,https://news.tv-asahi.co.jp/news_politics/articles/000529322.html,https://news.ceek.jp/search.cgi?category_id=politics&feed=1,ok,,政治
2026-08-28,2026-08-28T05:02:52.827761+09:00,その他メディア,,日本テレビ,ネパール大規模洪水 外務省が「海外緊急展開チーム」を現地に派遣,https://news.ntv.co.jp/category/politics/4c158d0251e24011bbdeffd2bb24973c,https://news.ceek.jp/search.cgi?category_id=politics&feed=1,ok,,政治
2026-08-28,2026-08-28T05:02:52.827761+09:00,全国紙,全国,日本経済新聞,高市早苗首相、洪水で習近平氏に書簡 犠牲者・遺族を追悼,https://www.nikkei.com/article/DGXZQOUA27AUJ0X20C26A8000000/,https://news.ceek.jp/search.cgi?category_id=politics&feed=1,ok,,政治
2026-08-28,2026-08-28T05:02:52.827761+09:00,その他メディア,,デイリースポーツ,首相、中国に見舞いの書簡,https://www.daily.co.jp/society/politics/2026/08/27/0020754130.shtml,https://news.ceek.jp/search.cgi?category_id=politics&feed=1,ok,,政治
2026-08-28,2026-08-28T05:02:52.827761+09:00,その他メディア,,共同通信,首相、中国に見舞いの書簡 「救出、被害回復を祈念」,https://www.47news.jp/14855648.html,https://news.ceek.jp/search.cgi?category_id=politics&feed=1,ok,,政治
2026-08-28,2026-08-28T05:02:52.827761+09:00,その他メディア,,テレビ朝日,高市総理 障害者団体から防衛力強化反対の手紙,https://news.tv-asahi.co.jp/news_politics/articles/000529314.html,https://news.ceek.jp/search.cgi?category_id=politics&feed=1,ok,,政治
2026-08-28,2026-08-28T05:02:52.827761+09:00,その他メディア,,共同通信,【速報】高市首相、中国の習国家主席に哀悼の書簡,https://www.47news.jp/14855598.html,https://news.ceek.jp/search.cgi?category_id=politics&feed=1,ok,,政治
2026-08-28,2026-08-28T05:02:52.827761+09:00,その他メディア,,共同通信,【速報】茂木氏、中国の王毅外相にお見舞いの書簡,https://www.47news.jp/14855586.html,https://news.ceek.jp/search.cgi?category_id=politics&feed=1,ok,,政治
2026-08-28,2026-08-28T05:02:52.827761+09:00,その他メディア,,日本テレビ,立憲民主党 中道・公明との合流を断念する方針固める あすの党首会談で伝達へ,https://news.ntv.co.jp/category/politics/dbb79ca60c2a4af6a2a106af47112ae0,https://news.ceek.jp/search.cgi?category_id=politics&feed=1,ok,,政治
2026-08-28,2026-08-28T05:02:52.827761+09:00,全国紙,全国,日本経済新聞,27日の高市首相の動静,https://www.nikkei.com/article/DGXZQOUA271TN0X20C26A8000000/,https://news.ceek.jp/search.cgi?category_id=politics&feed=1,ok,,政治
2026-08-28,2026-08-28T05:02:52.827761+09:00,その他メディア,,デイリースポーツ,障害者代表が首相と面会,https://www.daily.co.jp/society/politics/2026/08/27/0020753531.shtml,https://news.ceek.jp/search.cgi?category_id=politics&feed=1,ok,,政治
2026-08-28,2026-08-28T05:02:52.827761+09:00,その他メディア,,共同通信,障害者代表が首相と面会 防衛費増に懸念伝える,https://www.47news.jp/14855394.html,https://news.ceek.jp/search.cgi?category_id=politics&feed=1,ok,,政治
2026-08-28,2026-08-28T05:02:52.827761+09:00,その他メディア,,デイリースポーツ,横浜市長、28日に進退表明へ,https://www.daily.co.jp/society/politics/2026/08/27/0020753454.shtml,https://news.ceek.jp/search.cgi?category_id=politics&feed=1,ok,,政治
2026-08-28,2026-08-28T05:02:52.827761+09:00,全国紙,全国,日本経済新聞,防衛装備品の供与先、新たにベトナムやパラオ シーレーンを補強,https://www.nikkei.com/article/DGXZQOUA273BR0X20C26A8000000/,https://news.ceek.jp/search.cgi?category_id=politics&feed=1,ok,,政治
2026-08-28,2026-08-28T05:02:52.827761+09:00,全国紙,全国,日本経済新聞,立民、当面の中道合流見送りへ 28日に中立公党首会談で正式伝達,https://www.nikkei.com/article/DGXZQOUA270KA0X20C26A8000000/,https://news.ceek.jp/search.cgi?category_id=politics&feed=1,ok,,政治
2026-08-28,2026-08-28T05:02:52.827761+09:00,全国紙,全国,毎日新聞,「九州応援割」で宿泊費を一部補助 被災地支援策まとまる 政府,https://mainichi.jp/articles/20260827/k00/00m/010/338000c,https://news.ceek.jp/search.cgi?category_id=politics&feed=1,ok,,政治
2026-08-28,2026-08-28T05:02:52.827761+09:00,全国紙,全国,毎日新聞,過剰な基地負担「民意見誤ったら...」 沖縄知事選、各陣営手探り,https://mainichi.jp/articles/20260827/k00/00m/010/332000c,https://news.ceek.jp/search.cgi?category_id=politics&feed=1,ok,,政治
2026-08-28,2026-08-28T05:02:52.827761+09:00,その他メディア,,共同通信,【速報】防災庁予算、651億円要求へ,https://www.47news.jp/14855140.html,https://news.ceek.jp/search.cgi?category_id=politics&feed=1,ok,,政治
2026-08-28,2026-08-28T05:02:52.827761+09:00,その他メディア,,テレビ朝日,キオクシアなど国内で5兆円投資へ 高市総理に報告 政府の補助にも期待,https://news.tv-asahi.co.jp/news_politics/articles/000529241.html,https://news.ceek.jp/search.cgi?category_id=politics&feed=1,ok,,政治
2026-08-28,2026-08-28T05:02:52.827761+09:00,全国紙,全国,日本経済新聞,千葉豪雨、激甚災害に指定へ 高市首相が表明,https://www.nikkei.com/article/DGXZQOUA276JD0X20C26A8000000/,https://news.ceek.jp/search.cgi?category_id=politics&feed=1,ok,,政治
2026-08-28,2026-08-28T05:02:52.827761+09:00,その他メディア,,フジテレビ,【備蓄米買い戻し-新米価格への影響は】コメ不足から一転2026年は供給過多の見通し_新米価格の下支え狙い政府が9月に備蓄米を買い戻す方針が浮上...北海道で新米の収穫が始まり農家も消費者も価格の動向を注視,https://www.fnn.jp/articles/-/1102926,https://news.ceek.jp/search.cgi?category_id=politics&feed=1,ok,,政治
2026-08-28,2026-08-28T05:02:52.827761+09:00,その他メディア,,フジテレビ,"【鈴木哲夫さん解説】蔵内氏の議員辞職に党本部の“圧力""はあったか 福岡県議会問題で聞き取りへ「遅ればせながらという感じする」",https://www.fnn.jp/articles/-/1102918,https://news.ceek.jp/search.cgi?category_id=politics&feed=1,ok,,政治
2026-08-28,2026-08-28T05:02:52.827761+09:00,全国紙,全国,毎日新聞,横浜市長、連日外出...会見の開催要望応じず 28日に進退表明へ,https://mainichi.jp/articles/20260827/k00/00m/010/319000c,https://news.ceek.jp/search.cgi?category_id=politics&feed=1,ok,,政治
2026-08-28,2026-08-28T05:02:52.827761+09:00,その他メディア,,デイリースポーツ,梶山氏、官房副長官と会談,https://www.daily.co.jp/society/politics/2026/08/27/0020753199.shtml,https://news.ceek.jp/search.cgi?category_id=politics&feed=1,ok,,政治
2026-08-28,2026-08-28T05:02:52.827761+09:00,その他メディア,,共同通信,梶山氏、官房副長官と会談 内閣改造、国会の日程協議,https://www.47news.jp/14854988.html,https://news.ceek.jp/search.cgi?category_id=politics&feed=1,ok,,政治
2026-08-28,2026-08-28T05:02:52.827761+09:00,全国紙,全国,毎日新聞,高市首相「お断り」の中国 議員外交じわり、「分断工作」指摘も,https://mainichi.jp/articles/20260827/k00/00m/010/308000c,https://news.ceek.jp/search.cgi?category_id=politics&feed=1,ok,,政治
2026-08-28,2026-08-28T05:02:52.827761+09:00,その他メディア,,フジテレビ,熊本地震復旧に442億円を専決処分 「不退転の決意で取り組む」熊本県議会が開会 【令和8年熊本地震】,https://www.fnn.jp/articles/-/1102862,https://news.ceek.jp/search.cgi?category_id=politics&feed=1,ok,,政治
2026-08-28,2026-08-28T05:02:52.827761+09:00,その他メディア,,フジテレビ,富山県西部4市に災害救助法を適用 避難所の設置・運営主体は県に切り替え 救助費用は「国と県が負担」へ,https://www.fnn.jp/articles/-/1102853,https://news.ceek.jp/search.cgi?category_id=politics&feed=1,ok,,政治
2026-08-28,2026-08-28T05:02:52.827761+09:00,全国紙,全国,日本経済新聞,内閣府、経済安保予算5割増を要求 軍民両用技術の支援拡大へ,https://www.nikkei.com/article/DGXZQOUA275UU0X20C26A8000000/,https://news.ceek.jp/search.cgi?category_id=politics&feed=1,ok,,政治
2026-08-28,2026-08-28T05:02:52.827761+09:00,全国紙,全国,産経新聞,沖縄知事選「辺野古」 玉城氏「政策の柱」になし、古謝氏は第一声触れず 転覆事故影響も,https://www.sankei.com/article/20260827-HFES3C534VIYRPEXRPPZ7XHUDU/,https://news.ceek.jp/search.cgi?category_id=politics&feed=1,ok,,政治
2026-08-28,2026-08-28T05:02:52.827761+09:00,全国紙,全国,毎日新聞,高市首相が「マイナスとも...」 沖縄知事選、総力戦の自民に懸念,https://mainichi.jp/articles/20260827/k00/00m/010/283000c,https://news.ceek.jp/search.cgi?category_id=politics&feed=1,ok,,政治
2026-08-28,2026-08-28T05:02:52.827761+09:00,その他メディア,,フジテレビ,政務活動費詐取容疑の盛岡市議へ各会派代表が辞職勧告の方針固める 岩手県,https://www.fnn.jp/articles/-/1102809,https://news.ceek.jp/search.cgi?category_id=politics&feed=1,ok,,政治
2026-08-28,2026-08-28T05:02:52.827761+09:00,その他メディア,,日本テレビ,千葉豪雨「激甚災害」に指定へ エレベーターや水道復旧支援も,https://news.ntv.co.jp/category/politics/95a06b1170cc4dae8538bc0cb8b3e875,https://news.ceek.jp/search.cgi?category_id=politics&feed=1,ok,,政治
2026-08-28,2026-08-28T05:02:52.827761+09:00,全国紙,全国,朝日新聞,【ライブ予告】沖縄県知事選、投開票日に那覇と東京から開票速報,https://www.asahi.com/articles/ASV8V30Q1V8VDIFI00YM.html,https://news.ceek.jp/search.cgi?category_id=politics&feed=1,ok,,政治
2026-08-28,2026-08-28T05:02:52.827761+09:00,その他メディア,,フジテレビ,"北海道・札幌市が「副首都」指定を国に要望『首都圏と同時被災リスクの低さ』を強調_大阪府とタッグを組み首都機能バックアップ""多極成長""目指す_鈴木知事が大阪府の吉村知事と会談&連携へ",https://www.fnn.jp/articles/-/1102778,https://news.ceek.jp/search.cgi?category_id=politics&feed=1,ok,,政治
2026-08-28,2026-08-28T05:02:52.827761+09:00,全国紙,全国,朝日新聞,【社説】法の支配の危機 日本はICCを守る意思を行動で示す時だ,https://www.asahi.com/articles/ASV8W134WV8WUSPT008M.html,https://news.ceek.jp/search.cgi?category_id=politics&feed=1,ok,,政治
2026-08-28,2026-08-28T05:02:52.827761+09:00,その他メディア,,日本テレビ,「キオクシア」と「サンディスク」幹部が高市首相と面会 2032年までに総額5兆円規模の投資を行う計画伝える,https://news.ntv.co.jp/category/politics/a99d1ad4ec0a45259a6078d5a08452f5,https://news.ceek.jp/search.cgi?category_id=politics&feed=1,ok,,政治
2026-08-28,2026-08-28T05:02:52.827761+09:00,その他メディア,,フジテレビ,キオクシアHD 5兆円規模の新たな投資 岩手に新棟建設へ 高市総理との面会で表明 アメリカのサンディスクと共同で,https://www.fnn.jp/articles/-/1102757,https://news.ceek.jp/search.cgi?category_id=politics&feed=1,ok,,政治
2026-08-28,2026-08-28T05:02:52.827761+09:00,全国紙,全国,毎日新聞,古謝氏「前進の県政に」 玉城氏「基地問題解決を」 沖縄知事選告示,https://mainichi.jp/articles/20260827/k00/00m/010/272000c,https://news.ceek.jp/search.cgi?category_id=politics&feed=1,ok,,政治
2026-08-28,2026-08-28T05:02:52.827761+09:00,その他メディア,,フジテレビ,"アジア大会の影響で異例日程...補正予算案等を審議する愛知県議会開会 ジブリパークの“ナウシカ""新施設関連費用も",https://www.fnn.jp/articles/-/1102751,https://news.ceek.jp/search.cgi?category_id=politics&feed=1,ok,,政治
2026-08-28,2026-08-28T05:02:52.827761+09:00,その他メディア,,共同通信,【速報】デジタル庁、予算概算要求1兆295億円,https://www.47news.jp/14854719.html,https://news.ceek.jp/search.cgi?category_id=politics&feed=1,ok,,政治
2026-08-28,2026-08-28T05:02:52.827761+09:00,全国紙,全国,日本経済新聞,中国共産党幹部「対日本政策は不変」 台湾巡る認識維持なら、議員団に,https://www.nikkei.com/article/DGXZQOGM2072I0Q6A820C2000000/,https://news.ceek.jp/search.cgi?category_id=politics&feed=1,ok,,政治
2026-08-28,2026-08-28T05:02:52.827761+09:00,全国紙,全国,毎日新聞,「高市首相の答弁変わらぬ限り、政策変えぬ」 中国側が訪中団に伝達,https://mainichi.jp/articles/20260827/k00/00m/010/248000c,https://news.ceek.jp/search.cgi?category_id=politics&feed=1,ok,,政治
2026-08-28,2026-08-28T05:02:52.827761+09:00,その他メディア,,テレビ朝日,高市総理 千葉豪雨を激甚災害に指定へ 避難所のエアコン2031年度中に100%に,https://news.tv-asahi.co.jp/news_politics/articles/000529246.html,https://news.ceek.jp/search.cgi?category_id=politics&feed=1,ok,,政治
2026-08-28,2026-08-28T05:02:52.827761+09:00,その他メディア,,テレビ朝日,政府 熊本地震の緊急支援策とりまとめ 九州全域で「九州応援割」実施へ,https://news.tv-asahi.co.jp/news_politics/articles/000529247.html,https://news.ceek.jp/search.cgi?category_id=politics&feed=1,ok,,政治
2026-08-28,2026-08-28T05:02:52.827761+09:00,全国紙,全国,産経新聞,千葉豪雨、激甚災害指定へ 農地復旧補助引き上げ 高市首相、関係閣僚会議で明らかに,https://www.sankei.com/article/20260827-XBGVRP3YCVKD7OMSZM4LSAQOFY/,https://news.ceek.jp/search.cgi?category_id=politics&feed=1,ok,,政治
2026-08-28,2026-08-28T05:02:52.827761+09:00,その他メディア,,フジテレビ,政府が「九州応援割」発表 熊本地震の支援パッケージ 熊本旅行の補助率6割で調整,https://www.fnn.jp/articles/-/1102696,https://news.ceek.jp/search.cgi?category_id=politics&feed=1,ok,,政治
2026-08-28,2026-08-28T05:02:52.827761+09:00,その他メディア,,フジテレビ,人口減少・少子高齢化の改善に向けた数値目標、達成できず 秋田市「まち・ひと・しごと創生総合戦略」検証,https://www.fnn.jp/articles/-/1102761,https://news.ceek.jp/search.cgi?category_id=politics&feed=1,ok,,政治
2026-08-28,2026-08-28T05:02:52.827761+09:00,その他メディア,,フジテレビ,香川用水の第4次取水制限が28日から始まる見通し 県が渇水対策本部を設置し取水制限対応を確認【香川】,https://www.fnn.jp/articles/-/1102752,https://news.ceek.jp/search.cgi?category_id=politics&feed=1,ok,,政治
2026-08-28,2026-08-28T05:02:52.827761+09:00,全国紙,全国,日本経済新聞,熊本地震への政府支援策、旅行割引や復興基金を検討,https://www.nikkei.com/article/DGXZQOUA273YD0X20C26A8000000/,https://news.ceek.jp/search.cgi?category_id=politics&feed=1,ok,,政治
2026-08-28,2026-08-28T05:02:52.827761+09:00,全国紙,全国,朝日新聞,沖縄県知事選が告示、候補者は何を訴えた 経済政策は、基地問題は,https://www.asahi.com/articles/ASV8V21T0V8VUTIL019M.html,https://news.ceek.jp/search.cgi?category_id=politics&feed=1,ok,,政治
2026-08-28,2026-08-28T05:02:52.827761+09:00,その他メディア,,日本テレビ,"熊本地震“支援パッケージ""とりまとめ 「九州応援割」など実施へ",https://news.ntv.co.jp/category/politics/ba01b4516e3c47709f7bc1a93b9cbac1,https://news.ceek.jp/search.cgi?category_id=politics&feed=1,ok,,政治
2026-08-28,2026-08-28T05:02:52.827761+09:00,その他メディア,,Abema TIMES,「退職自衛隊員・家族支援庁」を創設へ,https://times.abema.tv/articles/-/10269493?page=1,https://news.ceek.jp/search.cgi?category_id=politics&feed=1,ok,,政治
2026-08-28,2026-08-28T05:02:52.827761+09:00,その他メディア,,フジテレビ,"【速報】「公共投資を現在から最低10%減らす」など 兵庫県・斎藤知事が「公債費負担適正化計画」を国に提出 「起債許可団体」“転落""で義務付け",https://www.fnn.jp/articles/-/1102683,https://news.ceek.jp/search.cgi?category_id=politics&feed=1,ok,,政治
2026-08-28,2026-08-28T05:02:52.827761+09:00,全国紙,全国,読売新聞,沖縄知事選、本土復帰後最多6人の争い確定...経済政策や安全保障政策が争点,https://www.yomiuri.co.jp/election/20260827-GYT1T00273/,https://news.ceek.jp/search.cgi?category_id=politics&feed=1,ok,,政治
2026-08-28,2026-08-28T05:02:52.827761+09:00,全国紙,全国,朝日新聞,蔵内勇夫元議長「二足のわらじで批判された」 議員辞職の理由語る,https://www.asahi.com/articles/ASV8W2CZMV8WTIPE00LM.html,https://news.ceek.jp/search.cgi?category_id=politics&feed=1,ok,,政治
2026-08-28,2026-08-28T05:02:52.827761+09:00,その他メディア,,共同通信,【速報】首相、内水氾濫対策の検討会設置を表明,https://www.47news.jp/14854296.html,https://news.ceek.jp/search.cgi?category_id=politics&feed=1,ok,,政治
2026-08-28,2026-08-28T05:02:52.827761+09:00,全国紙,全国,産経新聞,立民、早期合流を見送り 中道と公明に伝達 地方組織からの反対根強く,https://www.sankei.com/article/20260827-ISVXGKCXSVIWPIP2AP4GLHXNWY/,https://news.ceek.jp/search.cgi?category_id=politics&feed=1,ok,,政治
2026-08-28,2026-08-28T05:02:52.827761+09:00,全国紙,全国,日本経済新聞,自民・古川禎久氏「将来の危機対応へ財政余力を」 消費税減税に慎重,https://www.nikkei.com/article/DGXZQOUA275MK0X20C26A8000000/,https://news.ceek.jp/search.cgi?category_id=politics&feed=1,ok,,政治
2026-08-28,2026-08-28T05:02:52.827761+09:00,その他メディア,,デイリースポーツ,千葉豪雨、激甚災害指定へ,https://www.daily.co.jp/society/politics/2026/08/27/0020752533.shtml,https://news.ceek.jp/search.cgi?category_id=politics&feed=1,ok,,政治
2026-08-28,2026-08-28T05:02:52.827761+09:00,その他メディア,,フジテレビ,若年減少対策に新たな一手 県がマイナビと全国初の包括的連携協定 「大変期待している」 広島,https://www.fnn.jp/articles/-/1102669,https://news.ceek.jp/search.cgi?category_id=politics&feed=1,ok,,政治
2026-08-28,2026-08-28T05:02:52.827761+09:00,その他メディア,,共同通信,千葉豪雨、激甚災害指定へ 農地復旧補助引き上げ,https://www.47news.jp/14854199.html,https://news.ceek.jp/search.cgi?category_id=politics&feed=1,ok,,政治
2026-08-28,2026-08-28T05:02:52.827761+09:00,全国紙,全国,読売新聞,千葉豪雨を「激甚災害」指定へ、地域限定しない「本激」...被災自治体の財政負担を軽減,https://www.yomiuri.co.jp/politics/20260827-GYT1T00266/,https://news.ceek.jp/search.cgi?category_id=politics&feed=1,ok,,政治
2026-08-28,2026-08-28T05:02:52.827761+09:00,全国紙,全国,産経新聞,「県政奪還のチャンス」 自民、沖縄県知事選に総力戦の構え 保守系一本化には不安要素も,https://www.sankei.com/article/20260827-EWECWRYLYBNXNPBKMLBJDIUV6M/,https://news.ceek.jp/search.cgi?category_id=politics&feed=1,ok,,政治
2026-08-28,2026-08-28T05:02:52.827761+09:00,その他メディア,,共同通信,【速報】沖縄知事選は6人の争い確定,https://www.47news.jp/14854170.html,https://news.ceek.jp/search.cgi?category_id=politics&feed=1,ok,,政治
2026-08-28,2026-08-28T05:02:52.827761+09:00,その他メディア,,フジテレビ,「総理の解散権」に異議 綿貫民輔元衆院議長が体現した柔らかな保守の気骨と印籠,https://www.fnn.jp/articles/-/1102494,https://news.ceek.jp/search.cgi?category_id=politics&feed=1,ok,,政治
2026-08-28,2026-08-28T05:02:52.827761+09:00,その他メディア,,フジテレビ,ネパール大規模土石流で日本人5人の安否不明 日本人保護のため外務省の海外緊急展開チームを派遣へ,https://www.fnn.jp/articles/-/1102605,https://news.ceek.jp/search.cgi?category_id=politics&feed=1,ok,,政治
2026-08-28,2026-08-28T05:02:52.827761+09:00,その他メディア,,共同通信,【速報】千葉豪雨を激甚災害指定方針と首相,https://www.47news.jp/14853987.html,https://news.ceek.jp/search.cgi?category_id=politics&feed=1,ok,,政治
2026-08-28,2026-08-28T05:02:52.827761+09:00,その他メディア,,フジテレビ,"選挙前に有権者へ“菓子折り""で有罪判決 控訴した78歳市議が“一身上の都合""で辞職願提出「安堵している」",https://www.fnn.jp/articles/-/1102604,https://news.ceek.jp/search.cgi?category_id=politics&feed=1,ok,,政治
2026-08-28,2026-08-28T05:02:52.827761+09:00,全国紙,全国,毎日新聞,「自民県議団は怒り買うばかり」福岡市7支部長、県連の刷新要望,https://mainichi.jp/articles/20260827/k00/00m/010/168000c,https://news.ceek.jp/search.cgi?category_id=politics&feed=1,ok,,政治
2026-08-28,2026-08-28T05:02:52.827761+09:00,全国紙,全国,産経新聞,「下地の男気、幹事長らの情熱」保守一本化奔走の鈴木宗男氏、県連主張に反論 沖縄知事選,https://www.sankei.com/article/20260827-PNO7KC7I5JDIZPYDBOA7Q3O5SI/,https://news.ceek.jp/search.cgi?category_id=politics&feed=1,ok,,政治
2026-08-28,2026-08-28T05:02:52.827761+09:00,その他メディア,,日本金融通信,金融界、自治体計画策定に商機 地域戦略で見直し機運,https://www.nikkinonline.com/article/418847,https://news.ceek.jp/search.cgi?category_id=business&feed=1,ok,,経済
2026-08-28,2026-08-28T05:02:52.827761+09:00,その他メディア,,日本金融通信,Vol.3 参入企業の顔ぶれと変化――黒船、新興勢力、そして大手損保,https://www.nikkinonline.com/article/415577,https://news.ceek.jp/search.cgi?category_id=business&feed=1,ok,,経済
2026-08-28,2026-08-28T05:02:52.827761+09:00,その他メディア,,日本金融通信,秋田銀、アグリビジネスに参入 低コスト農法で活性化,https://www.nikkinonline.com/article/418783,https://news.ceek.jp/search.cgi?category_id=business&feed=1,ok,,経済
2026-08-28,2026-08-28T05:02:52.827761+09:00,その他メディア,,日本金融通信,京都北都信金、次世代経営者を育成 都市部人材つなぐ,https://www.nikkinonline.com/article/418713,https://news.ceek.jp/search.cgi?category_id=business&feed=1,ok,,経済
2026-08-28,2026-08-28T05:02:52.827761+09:00,その他メディア,,日本金融通信,全東信の怪・禍(中)、急所突かれた「越境貸出」,https://www.nikkinonline.com/article/418772,https://news.ceek.jp/search.cgi?category_id=business&feed=1,ok,,経済
2026-08-28,2026-08-28T05:02:52.827761+09:00,その他メディア,,日本金融通信,【推薦図書】 「本を読む本」(モーティマー・J・アドラー、チャールズ・V・ドーレン著、外山滋比古、槇未知子訳),https://www.nikkinonline.com/article/418495,https://news.ceek.jp/search.cgi?category_id=business&feed=1,ok,,経済
2026-08-28,2026-08-28T05:02:52.827761+09:00,その他メディア,,日本金融通信,私のターニングポイント (119) 浜松いわた信金ソリューション支援部新産業創造室調査役・渡邉迅人氏(上),https://www.nikkinonline.com/article/418452,https://news.ceek.jp/search.cgi?category_id=business&feed=1,ok,,経済
2026-08-28,2026-08-28T05:02:52.827761+09:00,その他メディア,,日本金融通信,全銀協5委員長に聞く(4) 椎野・公共委員長 「顧客本位」定着後押し,https://www.nikkinonline.com/article/418944,https://news.ceek.jp/search.cgi?category_id=business&feed=1,ok,,経済
2026-08-28,2026-08-28T05:02:52.827761+09:00,全国紙,全国,日本経済新聞,中国・時価総額首位を生んだ「合肥モデル」 地方政府ファンド主導の功罪,https://www.nikkei.com/article/DGXZQOFL255KBTV20C26A8000000/,https://news.ceek.jp/search.cgi?category_id=business&feed=1,ok,,経済
2026-08-28,2026-08-28T05:02:52.827761+09:00,全国紙,全国,日本経済新聞,国債に広がる発行減額観測 「10年ゾーン」に思惑,https://www.nikkei.com/article/DGXZQOFL270P50X20C26A8000000/,https://news.ceek.jp/search.cgi?category_id=business&feed=1,ok,,経済
2026-08-28,2026-08-28T05:02:52.827761+09:00,全国紙,全国,日本経済新聞,朝日信金の投信販売、「素材革命」が首位,https://www.nikkei.com/article/DGXZQOUB250UX0V20C26A8000000/,https://news.ceek.jp/search.cgi?category_id=business&feed=1,ok,,経済
2026-08-28,2026-08-28T05:02:52.827761+09:00,その他メディア,,日本金融通信,運用業界、業務標準化へ利害調整 協会・大手の動向が鍵,https://www.nikkinonline.com/article/418848,https://news.ceek.jp/search.cgi?category_id=business&feed=1,ok,,経済
2026-08-28,2026-08-28T05:02:52.827761+09:00,全国紙,全国,日本経済新聞,米金利上昇、バラバラな政策を不安視 上昇望むFRBと下げたい財務省,https://www.nikkei.com/article/DGXZQOGN273GR0X20C26A8000000/,https://news.ceek.jp/search.cgi?category_id=business&feed=1,ok,,経済
2026-08-28,2026-08-28T05:02:52.827761+09:00,その他メディア,,日本金融通信,ニッキン抄,https://www.nikkinonline.com/article/418292,https://news.ceek.jp/search.cgi?category_id=business&feed=1,ok,,経済
2026-08-28,2026-08-28T05:02:52.827761+09:00,その他メディア,,日本金融通信,社説 災害への備え再確認しよう,https://www.nikkinonline.com/article/418330,https://news.ceek.jp/search.cgi?category_id=business&feed=1,ok,,経済
2026-08-28,2026-08-28T05:02:52.827761+09:00,その他メディア,,日本金融通信,開眼 豊かさと幸福の追求,https://www.nikkinonline.com/article/418338,https://news.ceek.jp/search.cgi?category_id=business&feed=1,ok,,経済
2026-08-28,2026-08-28T05:02:52.827761+09:00,その他メディア,,共同通信,為替相場 28日(日本時間 4時),https://www.47news.jp/14855750.html,https://news.ceek.jp/search.cgi?category_id=business&feed=1,ok,,経済
2026-08-28,2026-08-28T05:02:52.827761+09:00,その他メディア,,日本金融通信,寸言 加藤裕幸・脱炭素化支援機構代表取締役社長,https://www.nikkinonline.com/article/418321,https://news.ceek.jp/search.cgi?category_id=business&feed=1,ok,,経済
2026-08-28,2026-08-28T05:02:52.827761+09:00,全国紙,全国,日本経済新聞,日経平均、26年末の上値は7万8000円 三井住友DSの久高氏,https://www.nikkei.com/article/DGXZQOUB263TQ0W6A820C2000000/,https://news.ceek.jp/search.cgi?category_id=business&feed=1,ok,,経済
2026-08-28,2026-08-28T05:02:52.827761+09:00,全国紙,全国,日本経済新聞,関西電力悩ます原発停止と燃料高 値上げで挑むエリオットのハードル,https://www.nikkei.com/article/DGXZQOUF154AL0V10C26A7000000/,https://news.ceek.jp/search.cgi?category_id=business&feed=1,ok,,経済
2026-08-28,2026-08-28T05:02:52.827761+09:00,全国紙,全国,日本経済新聞,「時には企業を褒める」 実力投資家が実践する企業への取材術,https://www.nikkei.com/article/DGXZQOUB274KW0X20C26A8000000/,https://news.ceek.jp/search.cgi?category_id=business&feed=1,ok,,経済
2026-08-28,2026-08-28T05:02:52.827761+09:00,その他メディア,,日本金融通信,東西ペンリレー ワシントンD.C.のロビイストという仕事,https://www.nikkinonline.com/article/418344,https://news.ceek.jp/search.cgi?category_id=business&feed=1,ok,,経済
2026-08-28,2026-08-28T05:02:52.827761+09:00,全国紙,全国,日本経済新聞,ECB、9月利上げを示唆「おそらく必要になる」 7月の議事要旨,https://www.nikkei.com/article/DGXZQOCD248TF0U6A820C2000000/,https://news.ceek.jp/search.cgi?category_id=business&feed=1,ok,,経済
2026-08-28,2026-08-28T05:02:52.827761+09:00,その他メディア,,日本金融通信,金融列島 NEWS 中国、「呼びかけ」が詐欺対策,https://www.nikkinonline.com/article/418394,https://news.ceek.jp/search.cgi?category_id=business&feed=1,ok,,経済
2026-08-28,2026-08-28T05:02:52.827761+09:00,その他メディア,,日本金融通信,金融列島 NEWS 九州、「優しさ支援」で全国一,https://www.nikkinonline.com/article/418414,https://news.ceek.jp/search.cgi?category_id=business&feed=1,ok,,経済
2026-08-28,2026-08-28T05:02:52.827761+09:00,その他メディア,,日本金融通信,金融列島 NEWS 近畿、若者と地域企業つなぐ,https://www.nikkinonline.com/article/418386,https://news.ceek.jp/search.cgi?category_id=business&feed=1,ok,,経済
2026-08-28,2026-08-28T05:02:52.827761+09:00,その他メディア,,日本金融通信,金融列島 NEWS 四国、125日ありますか?,https://www.nikkinonline.com/article/418406,https://news.ceek.jp/search.cgi?category_id=business&feed=1,ok,,経済
2026-08-28,2026-08-28T05:02:52.827761+09:00,全国紙,全国,日本経済新聞,ドイツ株27日 続伸、ソフトウエア関連が上昇 仏株は下落,https://www.nikkei.com/article/DGXZQOFL27B0E0X20C26A8000000/,https://news.ceek.jp/search.cgi?category_id=business&feed=1,ok,,経済
2026-08-28,2026-08-28T05:02:52.827761+09:00,全国紙,全国,日本経済新聞,ロンドン株27日 続落、銀行や消費関連に売り,https://www.nikkei.com/article/DGXZQOFL27B0C0X20C26A8000000/,https://news.ceek.jp/search.cgi?category_id=business&feed=1,ok,,経済
2026-08-28,2026-08-28T05:02:52.827761+09:00,その他メディア,,共同通信,為替相場 28日(日本時間 2時),https://www.47news.jp/14850122.html,https://news.ceek.jp/search.cgi?category_id=business&feed=1,ok,,経済
2026-08-28,2026-08-28T05:02:52.827761+09:00,全国紙,全国,日本経済新聞,アパ、マルチブランド戦略にかじ 北米ホテル日本導入で顧客層拡大へ,https://www.nikkei.com/article/DGXZQOCD020UJ0S6A800C2000000/,https://news.ceek.jp/search.cgi?category_id=business&feed=1,ok,,経済
2026-08-28,2026-08-28T05:02:52.827761+09:00,全国紙,全国,日本経済新聞,資材インフレに濃淡 プラ材料4割高・木材は6%、米イラン衝突半年で,https://www.nikkei.com/article/DGXZQOUB137G50T10C26A8000000/,https://news.ceek.jp/search.cgi?category_id=business&feed=1,ok,,経済
2026-08-28,2026-08-28T05:02:52.827761+09:00,全国紙,全国,日本経済新聞,SBI、インドネシア証券大手に400億円超出資へ 仮想通貨で協業,https://www.nikkei.com/article/DGXZQOUB276640X20C26A8000000/,https://news.ceek.jp/search.cgi?category_id=business&feed=1,ok,,経済
2026-08-28,2026-08-28T05:02:52.827761+09:00,全国紙,全国,日本経済新聞,韓国株「アリ地獄」の教訓,https://www.nikkei.com/article/DGXZQOUB279PN0X20C26A8000000/,https://news.ceek.jp/search.cgi?category_id=business&feed=1,ok,,経済
2026-08-28,2026-08-28T05:02:52.827761+09:00,全国紙,全国,日本経済新聞,湖池屋プライドポテト刷新 「やみつきオイル」抑えて40〜50代離さず,https://www.nikkei.com/article/DGXZQOUC068VO0W6A800C2000000/,https://news.ceek.jp/search.cgi?category_id=business&feed=1,ok,,経済
2026-08-28,2026-08-28T05:02:52.827761+09:00,全国紙,全国,日本経済新聞,ディックコーポレーション、体を部位別に冷やす熱中症対策パッド発売,https://www.nikkei.com/article/DGXZQOUC088WE0Y6A700C2000000/,https://news.ceek.jp/search.cgi?category_id=business&feed=1,ok,,経済
2026-08-28,2026-08-28T05:02:52.827761+09:00,全国紙,全国,日本経済新聞,レブコム、会話分析し対面カスハラ検出 26年秋にも,https://www.nikkei.com/article/DGXZQOUC228PO0S6A720C2000000/,https://news.ceek.jp/search.cgi?category_id=business&feed=1,ok,,経済
2026-08-28,2026-08-28T05:02:52.827761+09:00,全国紙,全国,日本経済新聞,病院向け給食の富士産業、災害支援で脱・裏方 レストランも開業,https://www.nikkei.com/article/DGXZQOUC242GT0U6A820C2000000/,https://news.ceek.jp/search.cgi?category_id=business&feed=1,ok,,経済
2026-08-28,2026-08-28T05:02:52.827761+09:00,全国紙,全国,日本経済新聞,2040年の地域医療構想、供給制約や行動変容の考慮を 高橋泰氏,https://www.nikkei.com/article/DGXZQOCD134GU0T10C26A7000000/,https://news.ceek.jp/search.cgi?category_id=business&feed=1,ok,,経済
2026-08-28,2026-08-28T05:02:52.827761+09:00,全国紙,全国,日本経済新聞,熊本復興へ、岐阜のものづくりの技 医療現場にトイレ付き多目的車両,https://www.nikkei.com/article/DGXZQOFD175CA0X10C26A8000000/,https://news.ceek.jp/search.cgi?category_id=business&feed=1,ok,,経済
2026-08-28,2026-08-28T05:02:52.827761+09:00,全国紙,全国,日本経済新聞,北大発宇宙新興のレタラ、26億円調達 小型ロケットエンジンを開発,https://www.nikkei.com/article/DGXZQOUC2456W0U6A820C2000000/,https://news.ceek.jp/search.cgi?category_id=business&feed=1,ok,,経済
2026-08-28,2026-08-28T05:02:52.827761+09:00,全国紙,全国,日本経済新聞,西鉄の国際物流拠点、九州の製造業支える あまおう輸出拡大も後押し,https://www.nikkei.com/article/DGXZQOJC272B00X20C26A7000000/,https://news.ceek.jp/search.cgi?category_id=business&feed=1,ok,,経済
2026-08-28,2026-08-28T05:02:52.827761+09:00,全国紙,全国,日本経済新聞,肥薩おれんじ鉄道、水俣―肥後田浦が9月1日再開 熊本地震で被災,https://www.nikkei.com/article/DGXZQOJC081800Y6A800C2000000/,https://news.ceek.jp/search.cgi?category_id=business&feed=1,ok,,経済
2026-08-28,2026-08-28T05:02:52.827761+09:00,全国紙,全国,日本経済新聞,キオクシア岩手に新棟、東北の半導体集積に弾み 立地自治体は歓迎,https://www.nikkei.com/article/DGXZQOCC271VA0X20C26A8000000/,https://news.ceek.jp/search.cgi?category_id=business&feed=1,ok,,経済
2026-08-28,2026-08-28T05:02:52.827761+09:00,全国紙,全国,日本経済新聞,欧州国債概況27日 独10年債利回り上昇、欧州のインフレに警戒根強く,https://www.nikkei.com/article/DGXZQOFL27AZY0X20C26A8000000/,https://news.ceek.jp/search.cgi?category_id=business&feed=1,ok,,経済
2026-08-28,2026-08-28T05:02:52.827761+09:00,その他メディア,,フジテレビ,キオクシアメモリー増産に向け約5兆円投資表明 岩手に新製造棟建設,https://www.fnn.jp/articles/-/1102993,https://news.ceek.jp/search.cgi?category_id=business&feed=1,ok,,経済
2026-08-28,2026-08-28T05:02:52.827761+09:00,全国紙,全国,日本経済新聞,ロンドン外為27日 ユーロ、対ドルで横ばい圏 FRB議長講演控え様子見,https://www.nikkei.com/article/DGXZQOFL27AZX0X20C26A8000000/,https://news.ceek.jp/search.cgi?category_id=business&feed=1,ok,,経済
2026-08-28,2026-08-28T05:02:52.827761+09:00,全国紙,全国,読売新聞,三菱自、「パジェロ」軸にブランド力を強化し中国に対抗...岸浦恵介社長インタビュー,https://www.yomiuri.co.jp/economy/20260828-GYT1T00013/,https://news.ceek.jp/search.cgi?category_id=business&feed=1,ok,,経済
2026-08-28,2026-08-28T05:02:52.827761+09:00,その他メディア,,フジテレビ,2027年の野菜トレンド「メンパ」に注目 調理のストレス軽減オイシックスが発表,https://www.fnn.jp/articles/-/1102987,https://news.ceek.jp/search.cgi?category_id=business&feed=1,ok,,経済
2026-08-28,2026-08-28T05:02:52.827761+09:00,その他メディア,,日本テレビ,熊本地震 農水省が農林漁業者向け支援パッケージをとりまとめ,https://news.ntv.co.jp/category/economy/92f3dc444fe0479bb413d86927db15b8,https://news.ceek.jp/search.cgi?category_id=business&feed=1,ok,,経済
2026-08-28,2026-08-28T05:02:52.827761+09:00,その他メディア,,フジテレビ,"“動くコンビニ""災害時に活用へ ローソンがトレーラーハウス型店舗",https://www.fnn.jp/articles/-/1102980,https://news.ceek.jp/search.cgi?category_id=business&feed=1,ok,,経済
2026-08-28,2026-08-28T05:02:52.827761+09:00,その他メディア,,フジテレビ,進化するおもちゃで市場は6年連続最高 投資からセルフレジまで「東京おもちゃショー」,https://www.fnn.jp/articles/-/1102979,https://news.ceek.jp/search.cgi?category_id=business&feed=1,ok,,経済
2026-08-28,2026-08-28T05:02:52.827761+09:00,その他メディア,,フジテレビ,いつもの買い物で防災を 親子で学ぶ「ちょ備蓄」,https://www.fnn.jp/articles/-/1102978,https://news.ceek.jp/search.cgi?category_id=business&feed=1,ok,,経済
2026-08-28,2026-08-28T05:02:52.827761+09:00,全国紙,全国,日本経済新聞,USJ、3000億円でパーク拡張 大阪市から隣地借り新アトラクション,https://www.nikkei.com/article/DGXZQOUF279BZ0X20C26A8000000/,https://news.ceek.jp/search.cgi?category_id=business&feed=1,ok,,経済
2026-08-28,2026-08-28T05:02:52.827761+09:00,その他メディア,,週刊エコノミスト,『略奪美術品の行方』 福田直子著 集英社新書 1111円,https://weekly-economist.mainichi.jp/articles/20260825/se1/00m/020/001000d,https://news.ceek.jp/search.cgi?category_id=business&feed=1,ok,,経済
2026-08-28,2026-08-28T05:02:52.827761+09:00,その他メディア,,週刊エコノミスト,『世界一やさしい「ブレない自信」のつくり方』 佐藤政樹著 日本実業出版社 1980円,https://weekly-economist.mainichi.jp/articles/20260825/se1/00m/020/002000d,https://news.ceek.jp/search.cgi?category_id=business&feed=1,ok,,経済
2026-08-28,2026-08-28T05:02:52.827761+09:00,その他メディア,,週刊エコノミスト,『なぜイヌとヒトは特別に仲が良いのか』 永澤美保著 ちくまプリマー新書 1034円,https://weekly-economist.mainichi.jp/articles/20260825/se1/00m/020/003000d,https://news.ceek.jp/search.cgi?category_id=business&feed=1,ok,,経済
2026-08-28,2026-08-28T05:02:52.827761+09:00,その他メディア,,週刊エコノミスト,日本経済2026年度下期を展望する,https://weekly-economist.mainichi.jp/articles/20260827/se1/00m/020/001000d,https://news.ceek.jp/search.cgi?category_id=business&feed=1,ok,,経済
2026-08-28,2026-08-28T05:02:52.827761+09:00,その他メディア,,週刊エコノミスト,イギリスの産業革命を支えた奴隷制・奴隷貿易を詳細に考察 評者・服部茂幸,https://weekly-economist.mainichi.jp/articles/20260908/se1/00m/020/010000c,https://news.ceek.jp/search.cgi?category_id=business&feed=1,ok,,経済
2026-08-28,2026-08-28T05:02:52.827761+09:00,その他メディア,,週刊エコノミスト,米国政治に大きな影響力を持つテクノロジー右翼へのインタビュー 評者・田代秀敏,https://weekly-economist.mainichi.jp/articles/20260908/se1/00m/020/011000c,https://news.ceek.jp/search.cgi?category_id=business&feed=1,ok,,経済
2026-08-28,2026-08-28T05:02:52.827761+09:00,その他メディア,,週刊エコノミスト,『シリコンバレーによろしく』 内藤聡著 大和書房 2090円,https://weekly-economist.mainichi.jp/articles/20260908/se1/00m/020/012000c,https://news.ceek.jp/search.cgi?category_id=business&feed=1,ok,,経済
2026-08-28,2026-08-28T05:02:52.827761+09:00,その他メディア,,週刊エコノミスト,ビジネス(経営)/文芸 8月6日~8月12日,https://weekly-economist.mainichi.jp/articles/20260908/se1/00m/020/013000c,https://news.ceek.jp/search.cgi?category_id=business&feed=1,ok,,経済
2026-08-28,2026-08-28T05:02:52.827761+09:00,その他メディア,,週刊エコノミスト,彼らは自律的態度と絆でナチスに抗し、みな処刑された 孫崎享,https://weekly-economist.mainichi.jp/articles/20260908/se1/00m/020/014000c,https://news.ceek.jp/search.cgi?category_id=business&feed=1,ok,,経済
2026-08-28,2026-08-28T05:02:52.827761+09:00,その他メディア,,週刊エコノミスト,史上最大の海戦をめぐる問題点をすべて教えてくれる決定版 君塚直隆,https://weekly-economist.mainichi.jp/articles/20260908/se1/00m/020/015000c,https://news.ceek.jp/search.cgi?category_id=business&feed=1,ok,,経済
2026-08-28,2026-08-28T05:02:52.827761+09:00,その他メディア,,週刊エコノミスト,金融都市ロンドンの闇を活写するノンフィクションをNYTが今年のベストに選出 冷泉彰彦,https://weekly-economist.mainichi.jp/articles/20260908/se1/00m/020/016000c,https://news.ceek.jp/search.cgi?category_id=business&feed=1,ok,,経済
2026-08-28,2026-08-28T05:02:52.827761+09:00,その他メディア,,週刊エコノミスト,《今週のポイント》米国8月の雇用統計(9月4日)窪谷浩,https://weekly-economist.mainichi.jp/articles/20260908/se1/00m/020/018000c,https://news.ceek.jp/search.cgi?category_id=business&feed=1,ok,,経済
2026-08-28,2026-08-28T05:02:52.827761+09:00,その他メディア,,週刊エコノミスト,向こう2週間の材料 8月31日~9月11日,https://weekly-economist.mainichi.jp/articles/20260908/se1/00m/020/019000c,https://news.ceek.jp/search.cgi?category_id=business&feed=1,ok,,経済
2026-08-28,2026-08-28T05:02:52.827761+09:00,その他メディア,,週刊エコノミスト,《中国株》政策支援と技術革新が追い風 曹昭仁,https://weekly-economist.mainichi.jp/articles/20260908/se1/00m/020/029000c,https://news.ceek.jp/search.cgi?category_id=business&feed=1,ok,,経済
2026-08-28,2026-08-28T05:02:52.827761+09:00,その他メディア,,週刊エコノミスト,長期金利の上昇は違和感ない現象 藤代宏一,https://weekly-economist.mainichi.jp/articles/20260908/se1/00m/020/033000c,https://news.ceek.jp/search.cgi?category_id=business&feed=1,ok,,経済
2026-08-28,2026-08-28T05:02:52.827761+09:00,その他メディア,,週刊エコノミスト,9月8日号,https://weekly-economist.mainichi.jp/articles/20260908/se1/00m/020/038000c,https://news.ceek.jp/search.cgi?category_id=business&feed=1,ok,,経済
2026-08-28,2026-08-28T05:02:52.827761+09:00,その他メディア,,週刊エコノミスト,長期金利の3%台定着を見込む三つの理由 稲留克俊,https://weekly-economist.mainichi.jp/articles/20260908/se1/00m/020/040000c,https://news.ceek.jp/search.cgi?category_id=business&feed=1,ok,,経済
2026-08-28,2026-08-28T05:02:52.827761+09:00,その他メディア,,週刊エコノミスト,日銀利上げを後押しする合成予想インフレ率2% 星野卓也,https://weekly-economist.mainichi.jp/articles/20260908/se1/00m/020/041000c,https://news.ceek.jp/search.cgi?category_id=business&feed=1,ok,,経済
2026-08-28,2026-08-28T05:02:52.827761+09:00,その他メディア,,週刊エコノミスト,強気維持の日本株 日経平均8万円超へ 坪井裕豪,https://weekly-economist.mainichi.jp/articles/20260908/se1/00m/020/042000c,https://news.ceek.jp/search.cgi?category_id=business&feed=1,ok,,経済
2026-08-28,2026-08-28T05:02:52.827761+09:00,その他メディア,,週刊エコノミスト,潜む多くの円安要因 円相場さらに下落か 佐々木融,https://weekly-economist.mainichi.jp/articles/20260908/se1/00m/020/043000c,https://news.ceek.jp/search.cgi?category_id=business&feed=1,ok,,経済
2026-08-28,2026-08-28T05:02:52.827761+09:00,その他メディア,,週刊エコノミスト,インフレ期待の上振れで日本の長期金利3%超え 愛宕伸康,https://weekly-economist.mainichi.jp/articles/20260908/se1/00m/020/044000c,https://news.ceek.jp/search.cgi?category_id=business&feed=1,ok,,経済
2026-08-28,2026-08-28T05:02:52.827761+09:00,その他メディア,,週刊エコノミスト,義兄の迷彩服を着たら、敬礼したくなった。 和田靜香/1,https://weekly-economist.mainichi.jp/articles/20260908/se1/00m/020/048000c,https://news.ceek.jp/search.cgi?category_id=business&feed=1,ok,,経済
2026-08-28,2026-08-28T05:02:52.827761+09:00,その他メディア,,週刊エコノミスト,ニューヨーク市長公約の割引食料品店にも逆風 橋本孝,https://weekly-economist.mainichi.jp/articles/20260908/se1/00m/020/051000c,https://news.ceek.jp/search.cgi?category_id=business&feed=1,ok,,経済
2026-08-28,2026-08-28T05:02:52.827761+09:00,その他メディア,,週刊エコノミスト,独シュツットガルト郊外の広大なアウトレットモールは開業30年目 サンチェス,https://weekly-economist.mainichi.jp/articles/20260908/se1/00m/020/052000c,https://news.ceek.jp/search.cgi?category_id=business&feed=1,ok,,経済
2026-08-28,2026-08-28T05:02:52.827761+09:00,その他メディア,,Abema TIMES,"都心に小型データセンター “需要増""に省スペースで",https://times.abema.tv/articles/-/10269557?page=1,https://news.ceek.jp/search.cgi?category_id=business&feed=1,ok,,経済
2026-08-28,2026-08-28T05:02:52.827761+09:00,その他メディア,,Abema TIMES,"半導体大手エヌビディア 売上高・純利益“過去最高""",https://times.abema.tv/articles/-/10269555?page=1,https://news.ceek.jp/search.cgi?category_id=business&feed=1,ok,,経済
2026-08-28,2026-08-28T05:02:52.827761+09:00,全国紙,全国,日本経済新聞,NYダウ一進一退で始まる NVIDIA一時8%高、ナスダック総合は反発,https://www.nikkei.com/article/DGXZQOFL27AYF0X20C26A8000000/,https://news.ceek.jp/search.cgi?category_id=business&feed=1,ok,,経済
2026-08-28,2026-08-28T05:02:52.827761+09:00,その他メディア,,あたらしい経済,【8/27話題】コインチェックが「電子決済手段等取引業」登録完了、スタークウェアがビットコインで「初の量子耐性トランザクション」実証など(音声ニュース),https://www.neweconomy.jp/posts/603014,https://news.ceek.jp/search.cgi?category_id=business&feed=1,ok,,経済
2026-08-28,2026-08-28T05:02:52.827761+09:00,その他メディア,,デイリースポーツ,トヨタ、自動運転進化へ,https://www.daily.co.jp/society/economics/2026/08/27/0020754226.shtml,https://news.ceek.jp/search.cgi?category_id=business&feed=1,ok,,経済
2026-08-28,2026-08-28T05:02:52.827761+09:00,その他メディア,,共同通信,トヨタ、自動運転進化へ 28年「ほぼ操作なし」に,https://www.47news.jp/14855655.html,https://news.ceek.jp/search.cgi?category_id=business&feed=1,ok,,経済
2026-08-28,2026-08-28T05:02:52.827761+09:00,全国紙,全国,読売新聞,MUFG子会社・三菱UFJ銀とアユタヤ銀がバンコクで商談会、日タイの取引先60社を招き130案件まとまる,https://www.yomiuri.co.jp/economy/20260827-GYT1T00454/,https://news.ceek.jp/search.cgi?category_id=business&feed=1,ok,,経済
2026-08-28,2026-08-28T05:02:52.827761+09:00,全国紙,全国,日本経済新聞,米国株、一進一退で始まる エヌビディアとセールスフォースが高い,https://www.nikkei.com/article/DGXZQOFL27AOR0X20C26A8000000/,https://news.ceek.jp/search.cgi?category_id=business&feed=1,ok,,経済
2026-08-28,2026-08-28T05:02:52.827761+09:00,その他メディア,,デイリースポーツ,NY株反落、113ドル安,https://www.daily.co.jp/society/economics/2026/08/27/0020754025.shtml,https://news.ceek.jp/search.cgi?category_id=business&feed=1,ok,,経済
2026-08-28,2026-08-28T05:02:52.827761+09:00,その他メディア,,共同通信,NY株反落、113ドル安 米利上げ警戒で売り優勢,https://www.47news.jp/14855617.html,https://news.ceek.jp/search.cgi?category_id=business&feed=1,ok,,経済
2026-08-28,2026-08-28T05:02:52.827761+09:00,その他メディア,,共同通信,【速報】NY株、小動きで始まる,https://www.47news.jp/14855597.html,https://news.ceek.jp/search.cgi?category_id=business&feed=1,ok,,経済
2026-08-28,2026-08-28T05:02:52.827761+09:00,全国紙,全国,読売新聞,カカクコムTOB価格、欧州投資ファンド「EQT」が1株3571円に引き上げ...期間は9月10日まで延長,https://www.yomiuri.co.jp/economy/20260827-GYT1T00405/,https://news.ceek.jp/search.cgi?category_id=business&feed=1,ok,,経済
2026-08-28,2026-08-28T05:02:52.827761+09:00,その他メディア,,共同通信,【速報】トヨタ自動運転、28年「ほぼ操作なし」,https://www.47news.jp/14855593.html,https://news.ceek.jp/search.cgi?category_id=business&feed=1,ok,,経済
2026-08-28,2026-08-28T05:02:52.827761+09:00,その他メディア,,デイリースポーツ,3メガ、ミュトス使用可に,https://www.daily.co.jp/society/economics/2026/08/27/0020753992.shtml,https://news.ceek.jp/search.cgi?category_id=business&feed=1,ok,,経済
2026-08-28,2026-08-28T05:02:52.827761+09:00,その他メディア,,共同通信,3メガ、ミュトス使用可に 先端AI、米政府一時停止,https://www.47news.jp/14855587.html,https://news.ceek.jp/search.cgi?category_id=business&feed=1,ok,,経済
2026-08-28,2026-08-28T05:02:52.827761+09:00,その他メディア,,共同通信,【速報】メガ3行、先端AIミュトス使用可能に,https://www.47news.jp/14855567.html,https://news.ceek.jp/search.cgi?category_id=business&feed=1,ok,,経済
2026-08-28,2026-08-28T05:02:52.827761+09:00,全国紙,全国,日本経済新聞,福島第1原発3号機、原子炉底部の穴は3メートル大 東電が発表,https://www.nikkei.com/article/DGXZQOUA27AOL0X20C26A8000000/,https://news.ceek.jp/search.cgi?category_id=business&feed=1,ok,,経済
2026-08-28,2026-08-28T05:02:52.827761+09:00,その他メディア,,デイリースポーツ,NY円、159円台前半,https://www.daily.co.jp/society/economics/2026/08/27/0020753878.shtml,https://news.ceek.jp/search.cgi?category_id=business&feed=1,ok,,経済
2026-08-28,2026-08-28T05:02:52.827761+09:00,全国紙,全国,日本経済新聞,内部監査の質向上へ、業界団体が人材育成 まずメガバンクなど18社,https://www.nikkei.com/article/DGXZQOUB265YL0W6A820C2000000/,https://news.ceek.jp/search.cgi?category_id=business&feed=1,ok,,経済
2026-08-28,2026-08-28T05:02:52.827761+09:00,その他メディア,,共同通信,NY円、159円台前半,https://www.47news.jp/14855517.html,https://news.ceek.jp/search.cgi?category_id=business&feed=1,ok,,経済
2026-08-28,2026-08-28T05:02:52.827761+09:00,その他メディア,,デイリースポーツ,インドから二輪輸出増へ,https://www.daily.co.jp/society/economics/2026/08/27/0020753856.shtml,https://news.ceek.jp/search.cgi?category_id=business&feed=1,ok,,経済
2026-08-28,2026-08-28T05:02:52.827761+09:00,その他メディア,,デイリー新潮,旧皇族の皇籍復帰は「歴史的に見てもイレギュラーではない」 そして「皇籍離脱した女性皇族が復帰した前例も......」 では「黒田清子さん」「小室眞子さん」の復帰は?,https://www.dailyshincho.jp/article/2026/08280507/?all=1,https://news.ceek.jp/search.cgi?category_id=national&feed=1,ok,,社会
2026-08-28,2026-08-28T05:02:52.827761+09:00,その他メディア,,デイリー新潮,コメ農家への支援は「5キロ3500円を死守」 専門家が「コメ価格の高値維持がむしろ農家を苦しめる」と指摘する理由,https://www.dailyshincho.jp/article/2026/08280503/?all=1,https://news.ceek.jp/search.cgi?category_id=national&feed=1,ok,,社会
2026-08-28,2026-08-28T05:02:52.827761+09:00,その他メディア,,デイリー新潮,"「コメ価格にコミットしない」はずの“鈴木農水相""が「稲刈りが始まる前に備蓄米を買い戻したい」と決意表明...まれに見るコメ余りでも「米価は絶対に下げたくない」の本音",https://www.dailyshincho.jp/article/2026/08280502/?all=1,https://news.ceek.jp/search.cgi?category_id=national&feed=1,ok,,社会
2026-08-28,2026-08-28T05:02:52.827761+09:00,その他メディア,,デイリー新潮,かつて流血抗争の「山口組」と「住吉会」が恩讐を越え急接近...「稲川会」も動いた料亭での極秘会食,https://www.dailyshincho.jp/article/2026/08280501/?all=1,https://news.ceek.jp/search.cgi?category_id=national&feed=1,ok,,社会
2026-08-28,2026-08-28T05:02:52.827761+09:00,その他メディア,,デイリー新潮,"「食品ロス削減」「SDGs」が浸透しても“キャベツに虫の喰った跡""があれば「返金しろ!」 スーパーに“高品質できれいな農作物""だけが並ぶことへの違和感",https://www.dailyshincho.jp/article/2026/08280500/?all=1,https://news.ceek.jp/search.cgi?category_id=national&feed=1,ok,,社会
2026-08-28,2026-08-28T05:02:52.827761+09:00,全国紙,全国,読売新聞,[医療ルネサンス]熊本地震1か月<1>関連死防止へ医師ら巡回,https://www.yomiuri.co.jp/medical/renaissance/20260827-GYT8T00151/,https://news.ceek.jp/search.cgi?category_id=national&feed=1,ok,,社会
2026-08-28,2026-08-28T05:02:52.827761+09:00,全国紙,全国,読売新聞,警察庁人事(9月7日),https://www.yomiuri.co.jp/national/20260827-GYT1T00463/,https://news.ceek.jp/search.cgi?category_id=national&feed=1,ok,,社会
2026-08-28,2026-08-28T05:02:52.827761+09:00,全国紙,全国,読売新聞,「機長の体調不良」原因 運輸安全委 ANA機 着陸やり直し,https://www.yomiuri.co.jp/national/20260827-GYT1T00465/,https://news.ceek.jp/search.cgi?category_id=national&feed=1,ok,,社会
2026-08-28,2026-08-28T05:02:52.827761+09:00,全国紙,全国,読売新聞,千葉 エレベーター復旧遅れ マンション 停電・断水も 豪雨2週間,https://www.yomiuri.co.jp/national/20260828-GYT1T00039/,https://news.ceek.jp/search.cgi?category_id=national&feed=1,ok,,社会
2026-08-28,2026-08-28T05:02:52.827761+09:00,その他メディア,,フジテレビ,JR室蘭線で回送列車が脱線_線路に流れ込んだ土砂や倒木と衝突しトンネル内で停止_ケガ人なし_東室蘭~長万部間で始発から運転見合わせ_特急北斗など23本運休〈北海道伊達市〉,https://www.fnn.jp/articles/-/1103064,https://news.ceek.jp/search.cgi?category_id=national&feed=1,ok,,社会
2026-08-28,2026-08-28T05:02:52.827761+09:00,全国紙,全国,日本経済新聞,生活道路の法定速度、9月から標識なくても30キロ 動画でクイック解説,https://www.nikkei.com/article/DGXZQOFH240T00U6A820C2000000/,https://news.ceek.jp/search.cgi?category_id=national&feed=1,ok,,社会
2026-08-28,2026-08-28T05:02:52.827761+09:00,全国紙,全国,日本経済新聞,熊本地震、発災1時間後に生まれた命 母親「日常へ感謝できる子に」,https://www.nikkei.com/article/DGXZQOUF172PE0X10C26A8000000/,https://news.ceek.jp/search.cgi?category_id=national&feed=1,ok,,社会
2026-08-28,2026-08-28T05:02:52.827761+09:00,全国紙,全国,読売新聞,草間彌生さんを悼む,https://www.yomiuri.co.jp/national/20260827-GYT1T00317/,https://news.ceek.jp/search.cgi?category_id=national&feed=1,ok,,社会
2026-08-28,2026-08-28T05:02:52.827761+09:00,全国紙,全国,読売新聞,熊本地震1か月 猛暑 被災地の足かせ,https://www.yomiuri.co.jp/national/20260827-GYT1T00351/,https://news.ceek.jp/search.cgi?category_id=national&feed=1,ok,,社会
2026-08-28,2026-08-28T05:02:52.827761+09:00,全国紙,全国,読売新聞,民事裁判にAI 検証へ 確定記録使い 精度調査,https://www.yomiuri.co.jp/national/20260827-GYT1T00466/,https://news.ceek.jp/search.cgi?category_id=national&feed=1,ok,,社会
2026-08-28,2026-08-28T05:02:52.827761+09:00,全国紙,全国,読売新聞,北陸 大雨特別警報 石川・富山 「緊急安全確保」18万人,https://www.yomiuri.co.jp/national/20260828-GYT1T00034/,https://news.ceek.jp/search.cgi?category_id=national&feed=1,ok,,社会
2026-08-28,2026-08-28T05:02:52.827761+09:00,全国紙,全国,読売新聞,[検証 熊本地震]10年前の教訓<上>真夏の「車中泊」見守り,https://www.yomiuri.co.jp/national/20260828-GYT1T00043/,https://news.ceek.jp/search.cgi?category_id=national&feed=1,ok,,社会
2026-08-28,2026-08-28T05:02:52.827761+09:00,全国紙,全国,読売新聞,草間彌生さん 水玉 世界塗りつぶす 「前衛の女王」高い評価,https://www.yomiuri.co.jp/national/20260828-GYT1T00052/,https://news.ceek.jp/search.cgi?category_id=national&feed=1,ok,,社会
2026-08-28,2026-08-28T05:02:52.827761+09:00,全国紙,全国,朝日新聞,北海道・釧路地方で線状降水帯が発生 気象庁,https://www.asahi.com/articles/ASV8W6KGYV8WOXIE002M.html,https://news.ceek.jp/search.cgi?category_id=national&feed=1,ok,,社会
2026-08-28,2026-08-28T05:02:52.827761+09:00,その他メディア,,フジテレビ,北海道根室地方、釧路地方に「線状降水帯」発生の恐れ(04:58時点),https://www.fnn.jp/articles/-/1103063,https://news.ceek.jp/search.cgi?category_id=national&feed=1,ok,,社会
2026-08-28,2026-08-28T05:02:52.827761+09:00,その他メディア,,フジテレビ,【地震】岩手県内で震度3 青森県東方沖を震源とする最大震度3の地震が発生 津波の心配なし,https://www.fnn.jp/articles/-/1103065,https://news.ceek.jp/search.cgi?category_id=national&feed=1,ok,,社会
2026-08-28,2026-08-28T05:02:52.827761+09:00,その他メディア,,TBSテレビ,【速報】「線状降水帯直前予測」の速報 北海道根室地方に発表,https://newsdig.tbs.co.jp/articles/-/2903152?display=1,https://news.ceek.jp/search.cgi?category_id=national&feed=1,ok,,社会
2026-08-28,2026-08-28T05:02:52.827761+09:00,その他メディア,,デイリー新潮,衆参に13人の議員を送り込む「令和政経義塾」は何がすごい? 「ワシントンDCから参加するツワモノも」「受講料は運営元が負担」,https://www.dailyshincho.jp/article/2026/08280456/?all=1,https://news.ceek.jp/search.cgi?category_id=national&feed=1,ok,,社会
2026-08-28,2026-08-28T05:02:52.827761+09:00,その他メディア,,フジテレビ,青森県で最大震度3の地震 青森県・三八上北、岩手県・内陸北部,https://www.fnn.jp/articles/-/1103062,https://news.ceek.jp/search.cgi?category_id=national&feed=1,ok,,社会
2026-08-28,2026-08-28T05:02:52.827761+09:00,その他メディア,,テレビ朝日,【速報】富山県に線状降水帯直前予測 今後3時間以内に線状降水帯が発生の恐れ,https://news.tv-asahi.co.jp/news_society/articles/000529341.html,https://news.ceek.jp/search.cgi?category_id=national&feed=1,ok,,社会
2026-08-28,2026-08-28T05:02:52.827761+09:00,その他メディア,,テレビ朝日,【速報】北海道に記録的短時間大雨 釧路町付近で1時間におよそ80ミリの猛烈な雨,https://news.tv-asahi.co.jp/news_society/articles/000529343.html,https://news.ceek.jp/search.cgi?category_id=national&feed=1,ok,,社会
2026-08-28,2026-08-28T05:02:52.827761+09:00,その他メディア,,テレビ朝日,【速報】北海道で線状降水帯が発生 災害の危険度が急激に高まる,https://news.tv-asahi.co.jp/news_society/articles/000529342.html,https://news.ceek.jp/search.cgi?category_id=national&feed=1,ok,,社会
2026-08-28,2026-08-28T05:02:52.827761+09:00,その他メディア,,デイリー新潮,「ゴキブリが出た」から「成果自慢」まで高市首相の「X連投」にとびかう批判 官邸発「一方通行メッセージ」の空回り,https://www.dailyshincho.jp/article/2026/08280450/?all=1,https://news.ceek.jp/search.cgi?category_id=national&feed=1,ok,,社会
2026-08-28,2026-08-28T05:02:52.827761+09:00,その他メディア,,フジテレビ,福島県で最大震度2の地震 福島県・田村市、楢葉町、川内村、大熊町,https://www.fnn.jp/articles/-/1103059,https://news.ceek.jp/search.cgi?category_id=national&feed=1,ok,,社会
2026-08-28,2026-08-28T05:02:52.827761+09:00,その他メディア,,フジテレビ,北海道根室地方に「線状降水帯」発生の恐れ(04:48時点),https://www.fnn.jp/articles/-/1103058,https://news.ceek.jp/search.cgi?category_id=national&feed=1,ok,,社会
2026-08-28,2026-08-28T05:02:52.827761+09:00,その他メディア,,フジテレビ,北海道厚岸町に「記録的短時間大雨」に関する情報発表(04:47時点),https://www.fnn.jp/articles/-/1103057,https://news.ceek.jp/search.cgi?category_id=national&feed=1,ok,,社会
2026-08-28,2026-08-28T05:02:52.827761+09:00,その他メディア,,フジテレビ,北海道釧路町に「記録的短時間大雨」に関する情報発表(04:41時点),https://www.fnn.jp/articles/-/1103025,https://news.ceek.jp/search.cgi?category_id=national&feed=1,ok,,社会
2026-08-28,2026-08-28T05:02:52.827761+09:00,その他メディア,,フジテレビ,北海道釧路地方に「線状降水帯」発生 災害に厳重警戒(04:38時点),https://www.fnn.jp/articles/-/1103010,https://news.ceek.jp/search.cgi?category_id=national&feed=1,ok,,社会
2026-08-28,2026-08-28T05:02:52.827761+09:00,その他メディア,,フジテレビ,富山県東部に「線状降水帯」発生の恐れ(04:28時点),https://www.fnn.jp/articles/-/1102998,https://news.ceek.jp/search.cgi?category_id=national&feed=1,ok,,社会
2026-08-28,2026-08-28T05:02:52.827761+09:00,その他メディア,,TBSテレビ,"立憲“現時点で合流難しい""正式に伝える見通し 中道・立憲・公明がきょう午後に党首会談",https://newsdig.tbs.co.jp/articles/-/2903112?display=1,https://news.ceek.jp/search.cgi?category_id=national&feed=1,ok,,社会
2026-08-28,2026-08-28T05:02:52.827761+09:00,その他メディア,,テレビ朝日,【速報】大阪・茨木市に「レベル4大雨危険警報」 早めの避難を心掛けて,https://news.tv-asahi.co.jp/news_society/articles/000529332.html,https://news.ceek.jp/search.cgi?category_id=national&feed=1,ok,,社会
2026-08-28,2026-08-28T05:02:52.827761+09:00,その他メディア,,サンケイスポーツ,中野ブロードウェイでの高級時計窃盗疑いチリ国籍の2人逮捕 4本で2億円相当、大阪市内で身柄確保,https://www.sanspo.com/article/20260828-P5R5JWZ53NPEFM2EQT2LECPQH4/,https://news.ceek.jp/search.cgi?category_id=national&feed=1,ok,,社会
2026-08-28,2026-08-28T05:02:52.827761+09:00,その他メディア,,日刊スポーツ,横浜市長きょう辞意表明 パワハラ問題、後援会で 議会、支援者の要求受け,https://www.nikkansports.com/general/news/202608270001883.html,https://news.ceek.jp/search.cgi?category_id=national&feed=1,ok,,社会
2026-08-28,2026-08-28T05:02:52.827761+09:00,全国紙,全国,日本経済新聞,熊本地震1カ月 避難なお2000人超、断水ほぼ解消も交通は途上,https://www.nikkei.com/article/DGXZQOUD1468T0U6A810C2000000/,https://news.ceek.jp/search.cgi?category_id=national&feed=1,ok,,社会
2026-08-28,2026-08-28T05:02:52.827761+09:00,全国紙,全国,日本経済新聞,熊本地震、避難長期化で不眠・不調相次ぐ 日赤が「こころのケア班」,https://www.nikkei.com/article/DGXZQOUD1809D0Y6A810C2000000/,https://news.ceek.jp/search.cgi?category_id=national&feed=1,ok,,社会
2026-08-28,2026-08-28T05:02:52.827761+09:00,その他メディア,,Abema TIMES,"河川の氾濫多発 約6時間で5回の線状降水帯...石川・富山 一時“レベル5大雨特別警報""",https://times.abema.tv/articles/-/10269597?page=1,https://news.ceek.jp/search.cgi?category_id=national&feed=1,ok,,社会
2026-08-28,2026-08-28T05:02:52.827761+09:00,その他メディア,,テレビ朝日,"河川の氾濫多発 約6時間で5回の線状降水帯...石川・富山 一時“レベル5大雨特別警報""",https://news.tv-asahi.co.jp/news_society/articles/900198127.html,https://news.ceek.jp/search.cgi?category_id=national&feed=1,ok,,社会
2026-08-28,2026-08-28T05:02:52.827761+09:00,その他メディア,,日本テレビ,"「危険な大雨」各地で天気急変 “ゲリラ豪雨""が帰宅直撃...東海地方など朝にかけ線状降水帯発生のおそれも",https://news.ntv.co.jp/category/society/dc0a2b949f0a43679109bc9ee6dd74ac,https://news.ceek.jp/search.cgi?category_id=national&feed=1,ok,,社会
2026-08-28,2026-08-28T05:02:52.827761+09:00,その他メディア,,フジテレビ,"全国の道路陥没 昨年度1.1万件 下水道など“老朽化""割合高く",https://www.fnn.jp/articles/-/1102992,https://news.ceek.jp/search.cgi?category_id=national&feed=1,ok,,社会
2026-08-28,2026-08-28T05:02:52.827761+09:00,その他メディア,,TBSテレビ,「死ぬまで最先端にいたい」草間彌生さん(97)の生涯を辿る...幻覚で見た「水玉」が世界を魅了するアートに【news23】,https://newsdig.tbs.co.jp/articles/-/2903014?display=1,https://news.ceek.jp/search.cgi?category_id=national&feed=1,ok,,社会
2026-08-28,2026-08-28T05:02:52.827761+09:00,その他メディア,,Abema TIMES,水玉や網目...草間彌生さん死去 平和と愛を...闘い続けた生涯,https://times.abema.tv/articles/-/10269567?page=1,https://news.ceek.jp/search.cgi?category_id=national&feed=1,ok,,社会
2026-08-28,2026-08-28T05:02:52.827761+09:00,その他メディア,,フジテレビ,苫小牧市にレベル4大雨危険警報 石狩市と増毛町にレベル4土砂災害危険警報 28日未明にかけて厳重警戒を 非常に激しい雨で冠水相次ぐ〈北海道苫小牧市〉,https://www.fnn.jp/articles/-/1102994,https://news.ceek.jp/search.cgi?category_id=national&feed=1,ok,,社会
2026-08-28,2026-08-28T05:02:52.827761+09:00,その他メディア,,フジテレビ,"証券口座乗っ取り 被害者79人が調停申し立て 証券会社4社に“口座""回復求める",https://www.fnn.jp/articles/-/1102990,https://news.ceek.jp/search.cgi?category_id=national&feed=1,ok,,社会
2026-08-28,2026-08-28T05:02:52.827761+09:00,その他メディア,,フジテレビ,【解説】北陸・東海はあすも大雨 明け方から昼前に警戒,https://www.fnn.jp/articles/-/1102986,https://news.ceek.jp/search.cgi?category_id=national&feed=1,ok,,社会
2026-08-28,2026-08-28T05:02:52.827761+09:00,その他メディア,,TBSテレビ,「作業は大詰めを迎えています」震度7観測の氷川町で仮設住宅の建設進む 9月5日から入居開始予定 熊本地震から28日で1か月,https://newsdig.tbs.co.jp/articles/-/2902965?display=1,https://news.ceek.jp/search.cgi?category_id=national&feed=1,ok,,社会
2026-08-28,2026-08-28T05:02:52.827761+09:00,その他メディア,,フジテレビ,石川・富山で一時「大雨特別警報」 住宅街で大規模浸水や道路が冠水,https://www.fnn.jp/articles/-/1102982,https://news.ceek.jp/search.cgi?category_id=national&feed=1,ok,,社会
2026-08-28,2026-08-28T05:02:52.827761+09:00,その他メディア,,TBSテレビ,"転落男性の“巻き添え""で女性死亡 重過失致死の疑いで29歳男を逮捕 名古屋市",https://newsdig.tbs.co.jp/articles/-/2902937?display=1,https://news.ceek.jp/search.cgi?category_id=national&feed=1,ok,,社会
2026-08-28,2026-08-28T05:02:52.827761+09:00,その他メディア,,TBSテレビ,元交際相手の女子生徒(17)を殺害したとして逮捕された19歳の男を逆送 「自己の責任に向き合っておらず」横浜家裁,https://newsdig.tbs.co.jp/articles/-/2902927?display=1,https://news.ceek.jp/search.cgi?category_id=national&feed=1,ok,,社会
2026-08-28,2026-08-28T05:02:52.827761+09:00,その他メディア,,フジテレビ,先生を守る「カスハラ対応策」文科省がガイドラインまとめる 録音・弁護士への相談も,https://www.fnn.jp/articles/-/1102981,https://news.ceek.jp/search.cgi?category_id=national&feed=1,ok,,社会
2026-08-28,2026-08-28T05:02:52.827761+09:00,その他メディア,,テレビ朝日,【速報】北海道に記録的短時間大雨 増毛町付近で1時間におよそ100ミリの猛烈な雨,https://news.tv-asahi.co.jp/news_society/articles/000529323.html,https://news.ceek.jp/search.cgi?category_id=national&feed=1,ok,,社会
2026-08-28,2026-08-28T05:02:52.827761+09:00,その他メディア,,日本テレビ,「人と人の1対1のふれあい」 熊本地震でいま必要なもの【被災地の声】,https://news.ntv.co.jp/category/society/3889bf6f674e4005ad264ed4d476f19d,https://news.ceek.jp/search.cgi?category_id=national&feed=1,ok,,社会
2026-08-28,2026-08-28T05:02:52.827761+09:00,その他メディア,,デイリースポーツ,高級時計窃盗疑い2人逮捕,https://www.daily.co.jp/society/national/2026/08/28/0020754673.shtml,https://news.ceek.jp/search.cgi?category_id=national&feed=1,ok,,社会
2026-08-28,2026-08-28T05:02:52.827761+09:00,その他メディア,,共同通信,高級時計窃盗疑い2人逮捕 チリ国籍、2億円相当被害,https://www.47news.jp/14855696.html,https://news.ceek.jp/search.cgi?category_id=national&feed=1,ok,,社会
2026-08-28,2026-08-28T05:02:52.827761+09:00,その他メディア,,日本テレビ,【被害まとめ】石川・富山で一時20河川が氾濫、孤立地域や道路陥没も,https://news.ntv.co.jp/category/society/494af87cae974721887c6b3ce06859d9,https://news.ceek.jp/search.cgi?category_id=national&feed=1,ok,,社会
2026-08-28,2026-08-28T05:02:52.827761+09:00,全国紙,全国,日本経済新聞,中野ブロードウェイで時計窃盗容疑、チリ国籍2人を逮捕 2億円相当被害,https://www.nikkei.com/article/DGXZQOUD27B4T0X20C26A8000000/,https://news.ceek.jp/search.cgi?category_id=national&feed=1,ok,,社会
2026-08-28,2026-08-28T05:02:52.827761+09:00,その他メディア,,フジテレビ,熊本地震あすで1カ月 被災地支えるボランティア 自宅避難者の実態把握も今後の課題,https://www.fnn.jp/articles/-/1102977,https://news.ceek.jp/search.cgi?category_id=national&feed=1,ok,,社会
2026-08-28,2026-08-28T05:02:52.827761+09:00,その他メディア,,Abema TIMES,2億円時計窃盗 逃走中のチリ人男2人を逮捕,https://times.abema.tv/articles/-/10269559?page=1,https://news.ceek.jp/search.cgi?category_id=national&feed=1,ok,,社会
2026-08-28,2026-08-28T05:02:52.827761+09:00,その他メディア,,日刊スポーツ,「モモ」などで知られるドイツの作家ミヒャエル・エンデが死去、65歳/今日は?,https://www.nikkansports.com/general/news/202608270001526.html,https://news.ceek.jp/search.cgi?category_id=national&feed=1,ok,,社会
2026-08-28,2026-08-28T05:02:52.827761+09:00,その他メディア,,テレビ朝日,"「学生が薬剤をかぶった」北海道大学 “猛毒の薬品""で事故 大学院生死亡",https://news.tv-asahi.co.jp/news_society/articles/000529240.html,https://news.ceek.jp/search.cgi?category_id=national&feed=1,ok,,社会
2026-08-28,2026-08-28T05:02:52.827761+09:00,その他メディア,,テレビ朝日,国交省 大雨被害の石川などに「情報連絡員」派遣 28日午後には防災ヘリで被害調査も,https://news.tv-asahi.co.jp/news_society/articles/000529275.html,https://news.ceek.jp/search.cgi?category_id=national&feed=1,ok,,社会
2026-08-28,2026-08-28T05:02:52.827761+09:00,その他メディア,,日本テレビ,【中継】各地で大雨 28日にかけて災害に厳重警戒...福井駅前のようすは,https://news.ntv.co.jp/category/society/9efca54321404323bff7e69c7a48e01c,https://news.ceek.jp/search.cgi?category_id=national&feed=1,ok,,社会
2026-08-28,2026-08-28T05:02:52.827761+09:00,その他メディア,,テレビ朝日,水玉や網目...草間彌生さん死去 平和と愛を...闘い続けた生涯,https://news.tv-asahi.co.jp/news_society/articles/900198120.html,https://news.ceek.jp/search.cgi?category_id=national&feed=1,ok,,社会
2026-08-28,2026-08-28T05:02:52.827761+09:00,その他メディア,,共同通信,【速報】東京・中野で高級時計窃盗疑い、男2人逮捕,https://www.47news.jp/14855678.html,https://news.ceek.jp/search.cgi?category_id=national&feed=1,ok,,社会
2026-08-28,2026-08-28T05:02:52.827761+09:00,その他メディア,,フジテレビ,熊本県で最大震度1の地震 熊本県・八代市、上天草市,https://www.fnn.jp/articles/-/1102976,https://news.ceek.jp/search.cgi?category_id=national&feed=1,ok,,社会
2026-08-28,2026-08-28T05:02:52.827761+09:00,その他メディア,,フジテレビ,北海道増毛町に「記録的短時間大雨」に関する情報発表(23:49時点),https://www.fnn.jp/articles/-/1102974,https://news.ceek.jp/search.cgi?category_id=national&feed=1,ok,,社会
2026-08-28,2026-08-28T05:02:52.827761+09:00,その他メディア,,Abema TIMES,国交省 大雨被害の石川などに「情報連絡員」派遣,https://times.abema.tv/articles/-/10269554?page=1,https://news.ceek.jp/search.cgi?category_id=national&feed=1,ok,,社会
2026-08-28,2026-08-28T05:02:52.827761+09:00,その他メディア,,日本テレビ,石川・富山で一時20の河川が氾濫 被災地に1か月分の2倍雨量「地震と水害と結構ひどいめにあってる」,https://news.ntv.co.jp/category/society/f4293c0fb1b6454985c79dfc5fc62677,https://news.ceek.jp/search.cgi?category_id=national&feed=1,ok,,社会
2026-08-28,2026-08-28T05:02:52.827761+09:00,その他メディア,,日本テレビ,自殺を減らすために...黄川田こども政策担当大臣とGoogleの副社長が意見交換,https://news.ntv.co.jp/category/society/d9ea5d1d04c84122b59badc8724c7f80,https://news.ceek.jp/search.cgi?category_id=national&feed=1,ok,,社会
2026-08-28,2026-08-28T05:02:52.827761+09:00,その他メディア,,日本テレビ,記録的大雨で避難、車中泊する人も...富山・氷見市から中継,https://news.ntv.co.jp/category/society/f2a6d917b8c846609313b65560377f94,https://news.ceek.jp/search.cgi?category_id=national&feed=1,ok,,社会
2026-08-28,2026-08-28T05:02:52.827761+09:00,その他メディア,,デイリースポーツ,歌舞伎町ビルを一斉検査,https://www.daily.co.jp/society/national/2026/08/27/0020754437.shtml,https://news.ceek.jp/search.cgi?category_id=national&feed=1,ok,,社会
2026-08-28,2026-08-28T05:02:52.827761+09:00,その他メディア,,共同通信,歌舞伎町ビルを一斉検査 消防、44人死亡火災25年,https://www.47news.jp/14855661.html,https://news.ceek.jp/search.cgi?category_id=national&feed=1,ok,,社会
2026-08-28,2026-08-28T05:02:52.827761+09:00,その他メディア,,日本テレビ,各地で大雨 28日にかけて災害に厳重警戒...福井駅前から中継,https://news.ntv.co.jp/category/society/42775ca0b5004d848c5e1bc4b3fb4927,https://news.ceek.jp/search.cgi?category_id=national&feed=1,ok,,社会
2026-08-28,2026-08-28T05:02:52.827761+09:00,その他メディア,,サンケイスポーツ,トヨタ、自動運転を2028年に「ほぼ操作なし」へ,https://www.sanspo.com/article/20260827-3TDCGIROPFPF7GFUDPAOP4GZOE/,https://news.ceek.jp/search.cgi?category_id=national&feed=1,ok,,社会
2026-08-28,2026-08-28T05:02:52.827761+09:00,その他メディア,,TBSテレビ,チリ国籍の男2人逮捕 所持品から盗まれた時計と同じ高級腕時計1本を押収 「中野ブロードウェイ」2億円相当の高級腕時計窃盗,https://newsdig.tbs.co.jp/articles/-/2902836?display=1,https://news.ceek.jp/search.cgi?category_id=national&feed=1,ok,,社会
2026-08-28,2026-08-28T05:02:52.827761+09:00,全国紙,全国,読売新聞,「中野ブロードウェイ」の時計店で高級時計盗んだ疑い、チリ人の男2人を大阪市で逮捕...警視庁,https://www.yomiuri.co.jp/national/20260827-GYT1T00456/,https://news.ceek.jp/search.cgi?category_id=national&feed=1,ok,,社会
2026-08-28,2026-08-28T05:02:52.827761+09:00,その他メディア,,テレビ朝日,"沖縄県知事選に6人立候補“経済政策""や“基地負担のあり方""争点に",https://news.tv-asahi.co.jp/news_society/articles/000529315.html,https://news.ceek.jp/search.cgi?category_id=national&feed=1,ok,,社会
2026-08-28,2026-08-28T05:02:52.827761+09:00,その他メディア,,テレビ朝日,東京・中野の2億円相当腕時計窃盗事件でチリ人の男2人を逮捕 警視庁,https://news.tv-asahi.co.jp/news_society/articles/000529313.html,https://news.ceek.jp/search.cgi?category_id=national&feed=1,ok,,社会
2026-08-28,2026-08-28T05:02:52.827761+09:00,その他メディア,,フジテレビ,ブレーキ過熱による「フェード現象」に注意 20日に神戸の六甲有料道路でレッカー車が事故,https://www.fnn.jp/articles/-/1102973,https://news.ceek.jp/search.cgi?category_id=national&feed=1,ok,,社会
2026-08-28,2026-08-28T05:02:52.827761+09:00,その他メディア,,TBSテレビ,【速報】20代と30代のチリ国籍の男を逮捕 「中野ブロードウェイ」高級腕時計2億円相当窃盗事件 午後7時すぎに大阪府内で身柄を確保 警視庁,https://newsdig.tbs.co.jp/articles/-/2902783?display=1,https://news.ceek.jp/search.cgi?category_id=national&feed=1,ok,,社会
2026-08-28,2026-08-28T05:02:52.827761+09:00,その他メディア,,日本テレビ,"【速報】中野ブロードウェイ時計店“2億円相当""窃盗 チリ国籍の男2人を大阪市内で確保し窃盗の疑いで逮捕",https://news.ntv.co.jp/category/society/baa2a05214cd46eb8e086071d6c7de68,https://news.ceek.jp/search.cgi?category_id=national&feed=1,ok,,社会
2026-08-28,2026-08-28T05:02:52.827761+09:00,その他メディア,,テレビ朝日,中野ブロードウェイ 2億円高級腕時計窃盗事件 チリ人の男2人を逮捕 盗まれた高級腕時計と同じモデルの時計1点を押収 事件の数日前に入国,https://news.tv-asahi.co.jp/news_society/articles/900197864.html,https://news.ceek.jp/search.cgi?category_id=national&feed=1,ok,,社会
2026-08-28,2026-08-28T05:02:52.827761+09:00,その他メディア,,フジテレビ,中野ブロードウェイ高級腕時計窃盗で逃げていたチリ人の男2人逮捕 数日前に入国、逮捕時に盗まれたものと同じ型の時計を所持,https://www.fnn.jp/articles/-/1102969,https://news.ceek.jp/search.cgi?category_id=national&feed=1,ok,,社会
2026-08-28,2026-08-28T05:02:52.827761+09:00,その他メディア,,共同通信,【速報】逮捕の男、死亡行政書士に給与未払いか,https://www.47news.jp/14855594.html,https://news.ceek.jp/search.cgi?category_id=national&feed=1,ok,,社会
2026-08-28,2026-08-28T05:02:52.827761+09:00,その他メディア,,サンケイスポーツ,日本のメガバンク3行が最先端AI「クロード・ミュトス」使用可能に サイバー攻撃対策に活用へ,https://www.sanspo.com/article/20260827-NUJTYKCXBZL5BEPZLGJ66MKATE/,https://news.ceek.jp/search.cgi?category_id=national&feed=1,ok,,社会
2026-08-28,2026-08-28T05:02:52.827761+09:00,その他メディア,,日本テレビ,歌舞伎町のビルなど一斉立ち入り検査 44人死亡のビル火災から25年...現場で活動した消防隊員が当時の状況を振り返る 東京消防庁,https://news.ntv.co.jp/category/society/9a871fbc89194580b3f3c9879b480827,https://news.ceek.jp/search.cgi?category_id=national&feed=1,ok,,社会
2026-08-28,2026-08-28T05:02:52.827761+09:00,全国紙,全国,産経新聞,大雨特別警報のレベル5、行政の「お手上げ宣言」 主体的に命守る行動の徹底必要,https://www.sankei.com/article/20260827-KUH536BEZRMOPELLFXH6LQM3FQ/,https://news.ceek.jp/search.cgi?category_id=national&feed=1,ok,,社会
2026-08-28,2026-08-28T05:02:52.827761+09:00,その他メディア,,テレビ朝日,女子高校生の首絞め殺害か 逮捕の19歳を横浜家裁が検察に逆送致 相模原市,https://news.tv-asahi.co.jp/news_society/articles/000529265.html,https://news.ceek.jp/search.cgi?category_id=national&feed=1,ok,,社会
2026-08-28,2026-08-28T05:02:52.827761+09:00,その他メディア,,VIETJO,VPバンクとJCB、日本での外貨取扱手数料0%のデビットカード発行,https://www.viet-jo.com/news/nikkei/260826182527.html,https://news.ceek.jp/search.cgi?category_id=world&feed=1,ok,,国際
2026-08-28,2026-08-28T05:02:52.827761+09:00,その他メディア,,デイリー新潮,"“ホルムルアルデヒド漬け白菜""に中国人も吃驚...「毒ギョーザ」「下水油」の悪夢再来に専門家は「氷山の一角でしょう」 韓国では“中国産キムチ""パニックに",https://www.dailyshincho.jp/article/2026/08280504/?all=1,https://news.ceek.jp/search.cgi?category_id=world&feed=1,ok,,国際
2026-08-28,2026-08-28T05:02:52.827761+09:00,全国紙,全国,日本経済新聞,「中国は『デジタル出島』を築こうとしている」名古屋外大の真家陽一氏,https://www.nikkei.com/article/DGXZQODK266IP0W6A820C2000000/,https://news.ceek.jp/search.cgi?category_id=world&feed=1,ok,,国際
2026-08-28,2026-08-28T05:02:52.827761+09:00,全国紙,全国,読売新聞,露、在シリア基地再編へ 共同の訓練センター 影響力低下か,https://www.yomiuri.co.jp/world/20260828-GYT1T00062/,https://news.ceek.jp/search.cgi?category_id=world&feed=1,ok,,国際
2026-08-28,2026-08-28T05:02:52.827761+09:00,全国紙,全国,日本経済新聞,OpenAIの暴走AI、1200体が結託 「仲間のため」とシステム特攻要求,https://www.nikkei.com/article/DGXZQOGN2704N0X20C26A8000000/,https://news.ceek.jp/search.cgi?category_id=world&feed=1,ok,,国際
2026-08-28,2026-08-28T05:02:52.827761+09:00,全国紙,全国,読売新聞,米、イラン要求「丸のみ」 覚書交渉「わかった」連発 ホルムズ開放優先で,https://www.yomiuri.co.jp/world/20260828-GYT1T00064/,https://news.ceek.jp/search.cgi?category_id=world&feed=1,ok,,国際
2026-08-28,2026-08-28T05:02:52.827761+09:00,その他メディア,,テレビ朝日,トランプ氏「ロシアはNATO領土を攻撃せず」CIA局長モスクワ訪問は「通常業務」,https://news.tv-asahi.co.jp/news_international/articles/000529344.html,https://news.ceek.jp/search.cgi?category_id=world&feed=1,ok,,国際
2026-08-28,2026-08-28T05:02:52.827761+09:00,その他メディア,,VIETJO,広告電話は8~17時限定、時間外は最高1億VNDの罰金,https://www.viet-jo.com/news/law/260827145723.html,https://news.ceek.jp/search.cgi?category_id=world&feed=1,ok,,国際
2026-08-28,2026-08-28T05:02:52.827761+09:00,全国紙,全国,日本経済新聞,ネパール・中国の土石流、死者390人に 氷河崩壊が原因か,https://www.nikkei.com/article/DGXZQOGN27BMK0X20C26A8000000/,https://news.ceek.jp/search.cgi?category_id=world&feed=1,ok,,国際
2026-08-28,2026-08-28T05:02:52.827761+09:00,その他メディア,,TBSテレビ,"オンタリオ湖が“アメリカ湖""に? トランプ氏が名称変更の大統領令に署名",https://newsdig.tbs.co.jp/articles/-/2903125?display=1,https://news.ceek.jp/search.cgi?category_id=world&feed=1,ok,,国際
2026-08-28,2026-08-28T05:02:52.827761+09:00,その他メディア,,VIETJO,ホーチミン:建国記念日連休にメトロとバス増便、当日はメトロ無料,https://www.viet-jo.com/news/social/260827133919.html,https://news.ceek.jp/search.cgi?category_id=world&feed=1,ok,,国際
2026-08-28,2026-08-28T05:02:52.827761+09:00,その他メディア,,共同通信,【速報】ネパール、土石流の死者389人に,https://www.47news.jp/14855753.html,https://news.ceek.jp/search.cgi?category_id=world&feed=1,ok,,国際
2026-08-28,2026-08-28T05:02:52.827761+09:00,その他メディア,,共同通信,【速報】米大統領、ロシアによるNATO攻撃否定,https://www.47news.jp/14855752.html,https://news.ceek.jp/search.cgi?category_id=world&feed=1,ok,,国際
2026-08-28,2026-08-28T05:02:52.827761+09:00,その他メディア,,共同通信,【速報】トランプ氏、五大湖のオンタリオ湖改称指示,https://www.47news.jp/14855751.html,https://news.ceek.jp/search.cgi?category_id=world&feed=1,ok,,国際
2026-08-28,2026-08-28T05:02:52.827761+09:00,その他メディア,,テレビ朝日,"ネパール“せき止め湖""決壊の危険 土石流で川がふさがれ水流入...当局が警戒呼びかけ",https://news.tv-asahi.co.jp/news_international/articles/000529331.html,https://news.ceek.jp/search.cgi?category_id=world&feed=1,ok,,国際
2026-08-28,2026-08-28T05:02:52.827761+09:00,その他メディア,,テレビ朝日,FIFA会長を背任容疑で告発検討 UEFAが法的手続き開始 米裁判所に証拠開示申請,https://news.tv-asahi.co.jp/news_international/articles/000529330.html,https://news.ceek.jp/search.cgi?category_id=world&feed=1,ok,,国際
2026-08-28,2026-08-28T05:02:52.827761+09:00,その他メディア,,VIETJO,ECMS、ホーチミンに現地法人を設立 東南アジアの物流強化,https://www.viet-jo.com/news/nikkei/260827110147.html,https://news.ceek.jp/search.cgi?category_id=world&feed=1,ok,,国際
2026-08-28,2026-08-28T05:02:52.827761+09:00,その他メディア,,フジテレビ,ドイツ最大のフランクフルト空港で職員6人マラリア感染 このうち2人が死亡,https://www.fnn.jp/articles/-/1102997,https://news.ceek.jp/search.cgi?category_id=world&feed=1,ok,,国際
2026-08-28,2026-08-28T05:02:52.827761+09:00,その他メディア,,フジテレビ,米史上最年少のホワイトハウス報道官 レビット氏が最後の勤務日「一生に一度の冒険だった」,https://www.fnn.jp/articles/-/1102996,https://news.ceek.jp/search.cgi?category_id=world&feed=1,ok,,国際
2026-08-28,2026-08-28T05:02:52.827761+09:00,その他メディア,,ウクルインフォルム,ウクライナ防空、27日日中に約120機のロシア軍無人機を阻止 大半がキーウへ飛来,https://www.ukrinform.jp/rubric-ato/4158362-ukuraina-fang-kongri-ri-zhongni-yuejinoroshia-jun-wu-ren-jiwo-zu-zhida-bangakiuhe-fei-lai.html,https://news.ceek.jp/search.cgi?category_id=world&feed=1,ok,,国際
2026-08-28,2026-08-28T05:02:52.827761+09:00,その他メディア,,フジテレビ,ロシア北西部サンクトペテルブルクで車爆発 乗っていた軍人死亡,https://www.fnn.jp/articles/-/1102995,https://news.ceek.jp/search.cgi?category_id=world&feed=1,ok,,国際
2026-08-28,2026-08-28T05:02:52.827761+09:00,全国紙,全国,日本経済新聞,西アフリカにガス回廊計画 13カ国6900キロ、中東混迷で安定供給担保,https://www.nikkei.com/article/DGXZQOGR1081C0Q6A810C2000000/,https://news.ceek.jp/search.cgi?category_id=world&feed=1,ok,,国際
2026-08-28,2026-08-28T05:02:52.827761+09:00,その他メディア,,Abema TIMES,「地震ではなく崩落の衝撃でM5.2の揺れ」USGSが発表 ネパール大規模土石流,https://times.abema.tv/articles/-/10269596?page=1,https://news.ceek.jp/search.cgi?category_id=world&feed=1,ok,,国際
2026-08-28,2026-08-28T05:02:52.827761+09:00,その他メディア,,テレビ朝日,「地震ではなく崩落の衝撃でM5.2の揺れ」USGSが発表 ネパール大規模土石流,https://news.tv-asahi.co.jp/news_international/articles/900198135.html,https://news.ceek.jp/search.cgi?category_id=world&feed=1,ok,,国際
2026-08-28,2026-08-28T05:02:52.827761+09:00,その他メディア,,TBSテレビ,"中国の人型ロボットが“ボルト超え""100m8秒64を記録...「安全保障上の脅威」熾烈な開発競争と中国のロボット技術に懸念の声【news23】",https://newsdig.tbs.co.jp/articles/-/2903017?display=1,https://news.ceek.jp/search.cgi?category_id=world&feed=1,ok,,国際
2026-08-28,2026-08-28T05:02:52.827761+09:00,その他メディア,,TBSテレビ,"東京発の航空機“車輪格納スペース""から男性遺体 マレーシアの国際空港に到着後...点検中の整備士が発見",https://newsdig.tbs.co.jp/articles/-/2903016?display=1,https://news.ceek.jp/search.cgi?category_id=world&feed=1,ok,,国際
2026-08-28,2026-08-28T05:02:52.827761+09:00,その他メディア,,TBSテレビ,【ネパール大規模土石流】「こんな出来事は初めてだ」国境地帯で外国人観光客含む1300人が行方不明...日本人5人は幼い子どもを含む家族か【news23】,https://newsdig.tbs.co.jp/articles/-/2903015?display=1,https://news.ceek.jp/search.cgi?category_id=world&feed=1,ok,,国際
2026-08-28,2026-08-28T05:02:52.827761+09:00,その他メディア,,Abema TIMES,土砂押し寄せ...集落水没 ネパールで洪水 300人超死亡 日本人5人不明,https://times.abema.tv/articles/-/10269566?page=1,https://news.ceek.jp/search.cgi?category_id=world&feed=1,ok,,国際
2026-08-28,2026-08-28T05:02:52.827761+09:00,その他メディア,,TBSテレビ,「揺れ」は地震ではなく氷河崩壊と土石流によるもの ネパール・中国国境の土石流 USGS発表,https://newsdig.tbs.co.jp/articles/-/2903010?display=1,https://news.ceek.jp/search.cgi?category_id=world&feed=1,ok,,国際
2026-08-28,2026-08-28T05:02:52.827761+09:00,その他メディア,,日本テレビ,"中国で“ホルムアルデヒド漬け白菜""出荷 白菜の販売を一時的に取りやめる店も...影響広がる",https://news.ntv.co.jp/category/international/d6aaad1d817247a19019446a4c9f44e5,https://news.ceek.jp/search.cgi?category_id=world&feed=1,ok,,国際
2026-08-28,2026-08-28T05:02:52.827761+09:00,その他メディア,,フジテレビ,ネパール・中国の国境地帯で土石流 362人死亡、日本人5人連絡取れず,https://www.fnn.jp/articles/-/1102985,https://news.ceek.jp/search.cgi?category_id=world&feed=1,ok,,国際
2026-08-28,2026-08-28T05:02:52.827761+09:00,その他メディア,,フジテレビ,ウクライナ大統領府長官 ロシアとの和平協議 9月にも開催か,https://www.fnn.jp/articles/-/1102984,https://news.ceek.jp/search.cgi?category_id=world&feed=1,ok,,国際
2026-08-28,2026-08-28T05:02:52.827761+09:00,全国紙,全国,読売新聞,元セルビア人司令官のラトコ・ムラジッチ受刑者が死去、84歳...ボスニア虐殺を主導,https://www.yomiuri.co.jp/world/20260828-GYT1T00031/,https://news.ceek.jp/search.cgi?category_id=world&feed=1,ok,,国際
2026-08-28,2026-08-28T05:02:52.827761+09:00,その他メディア,,ウクルインフォルム,ゼレンシキー宇大統領、キシナウに到着 モルドバとルーマニアの大統領と会談へ,https://www.ukrinform.jp/rubric-polytics/4158333-zerenshiki-yu-da-tong-lingkishinauni-dao-zhemorudobatorumaniano-da-tong-lingto-hui-tanhe.html,https://news.ceek.jp/search.cgi?category_id=world&feed=1,ok,,国際
2026-08-28,2026-08-28T05:02:52.827761+09:00,その他メディア,,フジテレビ,アメリカとイスラエルがイラン攻撃から8月28日で半年 ホルムズ海峡などをめぐり収束の道筋は見えず...,https://www.fnn.jp/articles/-/1102983,https://news.ceek.jp/search.cgi?category_id=world&feed=1,ok,,国際
2026-08-28,2026-08-28T05:02:52.827761+09:00,全国紙,全国,読売新聞,[深層NEWS]ネタニヤフ首相に逮捕状出したICC、米国は「相当反感を持った」...中林美恵子教授,https://www.yomiuri.co.jp/world/20260827-GYT1T00304/,https://news.ceek.jp/search.cgi?category_id=world&feed=1,ok,,国際
2026-08-28,2026-08-28T05:02:52.827761+09:00,その他メディア,,TBSテレビ,旧ユーゴ内戦 大量虐殺の罪で終身刑の元司令官が拘置所で死去 セルビアメディアが伝える,https://newsdig.tbs.co.jp/articles/-/2902923?display=1,https://news.ceek.jp/search.cgi?category_id=world&feed=1,ok,,国際
2026-08-28,2026-08-28T05:02:52.827761+09:00,その他メディア,,共同通信,【速報】クウェートとパキスタンが軍事協力協定,https://www.47news.jp/14855693.html,https://news.ceek.jp/search.cgi?category_id=world&feed=1,ok,,国際
2026-08-28,2026-08-28T05:02:52.827761+09:00,その他メディア,,日本テレビ,ネパールで大規模洪水 日本人5人と連絡取れず...現地の旅行会社は,https://news.ntv.co.jp/category/international/e145db7593d04f50badbcf74cc514502,https://news.ceek.jp/search.cgi?category_id=world&feed=1,ok,,国際
2026-08-28,2026-08-28T05:02:52.827761+09:00,その他メディア,,TBSテレビ,中国商務省「断固として反対」 トランプ政権 対中追加関税の7.5%上乗せ検討に 対抗措置を示唆してけん制,https://newsdig.tbs.co.jp/articles/-/2902917?display=1,https://news.ceek.jp/search.cgi?category_id=world&feed=1,ok,,国際
2026-08-28,2026-08-28T05:02:52.827761+09:00,全国紙,全国,日本経済新聞,ムラディッチ受刑者が死亡 ボスニア内戦、集団殺害で終身刑,https://www.nikkei.com/article/DGXZQOGR27AZL0X20C26A8000000/,https://news.ceek.jp/search.cgi?category_id=world&feed=1,ok,,国際
2026-08-28,2026-08-28T05:02:52.827761+09:00,その他メディア,,NNA ASIA,【マーケット情報】商品市況・為替・株式(2026年08月27日時点),https://www.nna.jp/news/2958971,https://news.ceek.jp/search.cgi?category_id=world&feed=1,ok,,国際
2026-08-28,2026-08-28T05:02:52.827761+09:00,その他メディア,,NNA ASIA,NZ公共工事中断、損失は118億$=分析,https://www.nna.jp/news/2959142,https://news.ceek.jp/search.cgi?category_id=world&feed=1,ok,,国際
2026-08-28,2026-08-28T05:02:52.827761+09:00,その他メディア,,NNA ASIA,首相政策諮問委員に聞く 6%成長の実像,https://www.nna.jp/news/2959419,https://news.ceek.jp/search.cgi?category_id=world&feed=1,ok,,国際
2026-08-28,2026-08-28T05:02:52.827761+09:00,その他メディア,,NNA ASIA,Jトラストが自社ビル建設,https://www.nna.jp/news/2959504,https://news.ceek.jp/search.cgi?category_id=world&feed=1,ok,,国際
2026-08-28,2026-08-28T05:02:52.827761+09:00,その他メディア,,NNA ASIA,テイクオフ:シドニーなどの都市部を...,https://www.nna.jp/news/2959656,https://news.ceek.jp/search.cgi?category_id=world&feed=1,ok,,国際
2026-08-28,2026-08-28T05:02:52.827761+09:00,その他メディア,,NNA ASIA,外資ゼラ、QLD州でデータセンター建設,https://www.nna.jp/news/2959873,https://news.ceek.jp/search.cgi?category_id=world&feed=1,ok,,国際
2026-08-28,2026-08-28T05:02:52.827761+09:00,その他メディア,,NNA ASIA,ニデック、10月22日でカンボジア拠点の活動終了,https://www.nna.jp/news/2960377,https://news.ceek.jp/search.cgi?category_id=world&feed=1,ok,,国際
2026-08-28,2026-08-28T05:02:52.827761+09:00,その他メディア,,NNA ASIA,二輪車の包括的な安全要件、政府が導入検討,https://www.nna.jp/news/2960457,https://news.ceek.jp/search.cgi?category_id=world&feed=1,ok,,国際
2026-08-28,2026-08-28T05:02:52.827761+09:00,その他メディア,,NNA ASIA,テイクオフ:<日本発>「ねえ、この...,https://www.nna.jp/news/2960488,https://news.ceek.jp/search.cgi?category_id=world&feed=1,ok,,国際
2026-08-28,2026-08-28T05:02:52.827761+09:00,その他メディア,,NNA ASIA,MG、2028年までに年産能力を2倍の20万台超へ,https://www.nna.jp/news/2960705,https://news.ceek.jp/search.cgi?category_id=world&feed=1,ok,,国際
2026-08-28,2026-08-28T05:02:52.827761+09:00,その他メディア,,NNA ASIA,本日のオーストラリア1行情報(27日付),https://www.nna.jp/news/2960731,https://news.ceek.jp/search.cgi?category_id=world&feed=1,ok,,国際
2026-08-28,2026-08-28T05:02:52.827761+09:00,その他メディア,,NNA ASIA,本日のニュージーランド1行情報(27日付),https://www.nna.jp/news/2960732,https://news.ceek.jp/search.cgi?category_id=world&feed=1,ok,,国際
2026-08-28,2026-08-28T05:02:52.827761+09:00,その他メディア,,NNA ASIA,米エヌビディア最高益更新、AI需要旺盛,https://www.nna.jp/news/2960774,https://news.ceek.jp/search.cgi?category_id=world&feed=1,ok,,国際
2026-08-28,2026-08-28T05:02:52.827761+09:00,その他メディア,,NNA ASIA,世代を超えて楽しさ共有、東京おもちゃショー,https://www.nna.jp/news/2960775,https://news.ceek.jp/search.cgi?category_id=world&feed=1,ok,,国際
2026-08-28,2026-08-28T05:02:52.827761+09:00,その他メディア,,NNA ASIA,アップル、来月9日に折り畳み式スマホ披露か,https://www.nna.jp/news/2960776,https://news.ceek.jp/search.cgi?category_id=world&feed=1,ok,,国際
2026-08-28,2026-08-28T05:02:52.827761+09:00,その他メディア,,NNA ASIA,米FDA、膵臓がん薬承認=生存期間2倍,https://www.nna.jp/news/2960777,https://news.ceek.jp/search.cgi?category_id=world&feed=1,ok,,国際
2026-08-28,2026-08-28T05:02:52.827761+09:00,その他メディア,,NNA ASIA,1~7月衣料輸出額、8%増の69.7億米ドル,https://www.nna.jp/news/2960780,https://news.ceek.jp/search.cgi?category_id=world&feed=1,ok,,国際
2026-08-28,2026-08-28T05:02:52.827761+09:00,その他メディア,,NNA ASIA,米、牛肉の輸入拡大へ=価格高騰に対応,https://www.nna.jp/news/2960781,https://news.ceek.jp/search.cgi?category_id=world&feed=1,ok,,国際
2026-08-28,2026-08-28T05:02:52.827761+09:00,その他メディア,,NNA ASIA,メタSNS依存で巨額和解、2.8兆円支払いへ,https://www.nna.jp/news/2960784,https://news.ceek.jp/search.cgi?category_id=world&feed=1,ok,,国際
2026-08-28,2026-08-28T05:02:52.827761+09:00,その他メディア,,NNA ASIA,データセンターの電源構成、「州が判断」,https://www.nna.jp/news/2960787,https://news.ceek.jp/search.cgi?category_id=world&feed=1,ok,,国際
2026-08-28,2026-08-28T05:02:52.827761+09:00,その他メディア,,NNA ASIA,豪が観光・出張ビザ短縮へ,https://www.nna.jp/news/2960789,https://news.ceek.jp/search.cgi?category_id=world&feed=1,ok,,国際
2026-08-28,2026-08-28T05:02:52.827761+09:00,その他メディア,,NNA ASIA,越境決済で協力、ウズベキスタン中銀と覚書,https://www.nna.jp/news/2960792,https://news.ceek.jp/search.cgi?category_id=world&feed=1,ok,,国際
2026-08-28,2026-08-28T05:02:52.827761+09:00,その他メディア,,NNA ASIA,8月11日のタイ投資委員会認可事業(4件),https://www.nna.jp/news/2960793,https://news.ceek.jp/search.cgi?category_id=world&feed=1,ok,,国際
2026-08-28,2026-08-28T05:02:52.827761+09:00,その他メディア,,NNA ASIA,投資案件7件を審査、総額3.5億米ドル,https://www.nna.jp/news/2960794,https://news.ceek.jp/search.cgi?category_id=world&feed=1,ok,,国際
2026-08-28,2026-08-28T05:02:52.827761+09:00,その他メディア,,NNA ASIA,イスマイルサブリ氏起訴、首相経験者で3人目,https://www.nna.jp/news/2960797,https://news.ceek.jp/search.cgi?category_id=world&feed=1,ok,,国際
2026-08-28,2026-08-28T05:02:52.827761+09:00,その他メディア,,NNA ASIA,アウロラ経済区、防衛施設の誘致に意欲,https://www.nna.jp/news/2960800,https://news.ceek.jp/search.cgi?category_id=world&feed=1,ok,,国際
2026-08-28,2026-08-28T05:02:52.827761+09:00,その他メディア,,NNA ASIA,27日為替:1ドル=61.888ペソ、最安値更新,https://www.nna.jp/news/2960801,https://news.ceek.jp/search.cgi?category_id=world&feed=1,ok,,国際
2026-08-28,2026-08-28T05:02:52.827761+09:00,その他メディア,,NNA ASIA,7月の輸出額、21.6%増,https://www.nna.jp/news/2960802,https://news.ceek.jp/search.cgi?category_id=world&feed=1,ok,,国際
2026-08-28,2026-08-28T05:02:52.827761+09:00,その他メディア,,NNA ASIA,国内旅行振興策、利用枠を100万人に倍増へ,https://www.nna.jp/news/2960805,https://news.ceek.jp/search.cgi?category_id=world&feed=1,ok,,国際
2026-08-28,2026-08-28T05:02:52.827761+09:00,その他メディア,,NNA ASIA,MCE、プロドゥア向け部品供給を受注,https://www.nna.jp/news/2960808,https://news.ceek.jp/search.cgi?category_id=world&feed=1,ok,,国際
2026-08-28,2026-08-28T05:02:52.827761+09:00,その他メディア,,NNA ASIA,中国のテクスホンとTCL、越で投資拡大へ,https://www.nna.jp/news/2960813,https://news.ceek.jp/search.cgi?category_id=world&feed=1,ok,,国際
2026-08-28,2026-08-28T05:02:52.827761+09:00,その他メディア,,NNA ASIA,ビンホームズ、私募債を最大3兆ドン発行,https://www.nna.jp/news/2960814,https://news.ceek.jp/search.cgi?category_id=world&feed=1,ok,,国際
2026-08-28,2026-08-28T05:02:52.827761+09:00,その他メディア,,NNA ASIA,越と汚職防止機関の連携強化、ラオス政府,https://www.nna.jp/news/2960815,https://news.ceek.jp/search.cgi?category_id=world&feed=1,ok,,国際
2026-08-28,2026-08-28T05:02:52.827761+09:00,その他メディア,,NNA ASIA,NZ住宅成約件数が減、7カ月連続で前年割れ,https://www.nna.jp/news/2960816,https://news.ceek.jp/search.cgi?category_id=world&feed=1,ok,,国際
2026-08-28,2026-08-28T05:02:52.827761+09:00,その他メディア,,NNA ASIA,〔泡沫夢幻〕VIC州政府が在宅法案強行か、財界は激怒,https://www.nna.jp/news/2960823,https://news.ceek.jp/search.cgi?category_id=world&feed=1,ok,,国際
2026-08-28,2026-08-28T05:02:52.827761+09:00,その他メディア,,NNA ASIA,豪7月の家計支出1.1%増、全カテゴリーで増,https://www.nna.jp/news/2960826,https://news.ceek.jp/search.cgi?category_id=world&feed=1,ok,,国際
2026-08-28,2026-08-28T05:02:52.827761+09:00,その他メディア,,NNA ASIA,KBZ銀、システムへの不正アクセスを否定,https://www.nna.jp/news/2960828,https://news.ceek.jp/search.cgi?category_id=world&feed=1,ok,,国際
2026-08-28,2026-08-28T05:02:52.827761+09:00,その他メディア,,NNA ASIA,中銀、セテルとスタンチャートに行政罰金,https://www.nna.jp/news/2960830,https://news.ceek.jp/search.cgi?category_id=world&feed=1,ok,,国際
2026-08-28,2026-08-28T05:02:52.827761+09:00,その他メディア,,NNA ASIA,EC事業者に登録義務、政府が検討開始,https://www.nna.jp/news/2960836,https://news.ceek.jp/search.cgi?category_id=world&feed=1,ok,,国際
2026-08-28,2026-08-28T05:02:52.827761+09:00,その他メディア,,NNA ASIA,内国歳入庁、優先税務調査のリスク指標を公表,https://www.nna.jp/news/2960846,https://news.ceek.jp/search.cgi?category_id=world&feed=1,ok,,国際
2026-08-28,2026-08-28T05:02:52.827761+09:00,その他メディア,,NNA ASIA,寝具コアラと装飾ロヴィーサ、不景気も好決算,https://www.nna.jp/news/2960848,https://news.ceek.jp/search.cgi?category_id=world&feed=1,ok,,国際
2026-08-28,2026-08-28T05:02:52.827761+09:00,その他メディア,,NNA ASIA,ブカシで廃棄物発電所が着工、中国系が参画,https://www.nna.jp/news/2960850,https://news.ceek.jp/search.cgi?category_id=world&feed=1,ok,,国際
2026-08-28,2026-08-28T05:02:52.827761+09:00,その他メディア,,NNA ASIA,7~9月企業信頼感、プラスに転換,https://www.nna.jp/news/2960851,https://news.ceek.jp/search.cgi?category_id=world&feed=1,ok,,国際
2026-08-28,2026-08-28T05:02:52.827761+09:00,その他メディア,,NNA ASIA,建材各社の上期決算に明暗、セメント復調も,https://www.nna.jp/news/2960853,https://news.ceek.jp/search.cgi?category_id=world&feed=1,ok,,国際
2026-08-28,2026-08-28T05:02:52.827761+09:00,その他メディア,,NNA ASIA,証券委、株式公開などのオンライン登録を義務化,https://www.nna.jp/news/2960855,https://news.ceek.jp/search.cgi?category_id=world&feed=1,ok,,国際
2026-08-28,2026-08-28T05:02:52.827761+09:00,その他メディア,,NNA ASIA,ソンクラーの移動閣議、開発計画199件を審議,https://www.nna.jp/news/2960858,https://news.ceek.jp/search.cgi?category_id=world&feed=1,ok,,国際
2026-08-28,2026-08-28T05:02:52.827761+09:00,その他メディア,,NNA ASIA,3空港高速鉄道、CPが契約破棄を再度申し出,https://www.nna.jp/news/2960863,https://news.ceek.jp/search.cgi?category_id=world&feed=1,ok,,国際
2026-08-28,2026-08-28T05:02:52.827761+09:00,その他メディア,,NNA ASIA,共立理化学研究所、水質分析製品で合弁,https://www.nna.jp/news/2960864,https://news.ceek.jp/search.cgi?category_id=world&feed=1,ok,,国際
2026-08-28,2026-08-28T05:02:52.827761+09:00,その他メディア,,NNA ASIA,DC市場拡大で電力需給逼迫、専門家ら見解,https://www.nna.jp/news/2960865,https://news.ceek.jp/search.cgi?category_id=world&feed=1,ok,,国際
2026-08-28,2026-08-28T05:02:52.827761+09:00,その他メディア,,NNA ASIA,〔クラクション〕ベトナム人女性保護、性的搾取,https://www.nna.jp/news/2960867,https://news.ceek.jp/search.cgi?category_id=world&feed=1,ok,,国際
2026-08-28,2026-08-28T05:02:52.827761+09:00,その他メディア,,NNA ASIA,鉄道4件をFDI重点誘致リストに提案、建設省,https://www.nna.jp/news/2960868,https://news.ceek.jp/search.cgi?category_id=world&feed=1,ok,,国際
2026-08-28,2026-08-28T05:02:52.827761+09:00,その他メディア,,NNA ASIA,社会科学大、学生の社会課題型起業を支援,https://www.nna.jp/news/2960870,https://news.ceek.jp/search.cgi?category_id=world&feed=1,ok,,国際
2026-08-28,2026-08-28T05:02:52.827761+09:00,その他メディア,,神奈川新聞,川崎の文化財「乙女文楽」30日に公演会 小中高生が伝統人形芝居を披露,https://www.kanaloco.jp/news/life/article-1299969.html,https://news.ceek.jp/search.cgi?category_id=local&feed=1,ok,,地方・地域
2026-08-28,2026-08-28T05:02:52.827761+09:00,その他メディア,,神奈川新聞,川崎市議・浅野文直氏に二審も賠償命令 デマでコラボの名誉を傷つける,https://www.kanaloco.jp/news/social/article-1300001.html,https://news.ceek.jp/search.cgi?category_id=local&feed=1,ok,,地方・地域
2026-08-28,2026-08-28T05:02:52.827761+09:00,その他メディア,,神奈川新聞,藤沢のモスク建設巡る差別、似顔絵で抗議 「福笑絵」さんが思い描く社会は,https://www.kanaloco.jp/news/social/article-1300002.html,https://news.ceek.jp/search.cgi?category_id=local&feed=1,ok,,地方・地域
2026-08-28,2026-08-28T05:02:52.827761+09:00,全国紙,全国,読売新聞,「甲子園で優勝したので寄付金を集めています」...個人宅訪れ、智弁和歌山高の関係者かたる不審者現る・県警「すぐに通報を」,https://www.yomiuri.co.jp/local/kansai/news/20260827-GYO1T00144/,https://news.ceek.jp/search.cgi?category_id=local&feed=1,ok,,地方・地域
2026-08-28,2026-08-28T05:02:52.827761+09:00,全国紙,全国,読売新聞,「クビアカツヤカミキリ」から特産の桃守れ!...岡山後楽園での発見から1か月、農家ら警戒「一気に広がるので早期発見が最も大事」,https://www.yomiuri.co.jp/local/kansai/news/20260827-GYO1T00157/,https://news.ceek.jp/search.cgi?category_id=local&feed=1,ok,,地方・地域
2026-08-28,2026-08-28T05:02:52.827761+09:00,その他メディア,,福島民報,家族連れにぎわう ヴォイスふくしま納涼祭,https://www.minpo.jp/articles/-/213833,https://news.ceek.jp/search.cgi?category_id=local&feed=1,ok,,地方・地域
2026-08-28,2026-08-28T05:02:52.827761+09:00,その他メディア,,福島民報,混合 佐藤・遠藤組優勝 県卓球選手権県北地区予選,https://www.minpo.jp/articles/-/213834,https://news.ceek.jp/search.cgi?category_id=local&feed=1,ok,,地方・地域
2026-08-28,2026-08-28T05:02:52.827761+09:00,地方紙,広島,中国新聞,NY株反発、105ドル高,https://www.chugoku-np.co.jp/articles/-/886124,https://news.ceek.jp/search.cgi?category_id=local&feed=1,ok,,地方・地域
2026-08-28,2026-08-28T05:02:52.827761+09:00,その他メディア,,福島民報,優良建設工事10社表彰 二本松市,https://www.minpo.jp/articles/-/213835,https://news.ceek.jp/search.cgi?category_id=local&feed=1,ok,,地方・地域
2026-08-28,2026-08-28T05:02:52.827761+09:00,地方紙,京都,京都新聞,京都府南部で「世界トップクラスの技術」誇る研究拠点が始動 細菌使い燃料や繊維、プラスチックも,https://www.kyoto-np.co.jp/articles/-/1779191,https://news.ceek.jp/search.cgi?category_id=local&feed=1,ok,,地方・地域
2026-08-28,2026-08-28T05:02:52.827761+09:00,その他メディア,,福島民報,議会ニュース(26日),https://www.minpo.jp/articles/-/213836,https://news.ceek.jp/search.cgi?category_id=local&feed=1,ok,,地方・地域
2026-08-28,2026-08-28T05:02:52.827761+09:00,その他メディア,,福島民報,ありがとうヘアドネーション,https://www.minpo.jp/articles/-/213839,https://news.ceek.jp/search.cgi?category_id=local&feed=1,ok,,地方・地域
2026-08-28,2026-08-28T05:02:52.827761+09:00,その他メディア,,福島民報,イベント情報 福島 ■信夫芸能発表会,https://www.minpo.jp/articles/-/213838,https://news.ceek.jp/search.cgi?category_id=local&feed=1,ok,,地方・地域
2026-08-28,2026-08-28T05:02:52.827761+09:00,地方紙,京都,京都新聞,草間彌生さんが「京都時代」に見出した重要なテーマとは 「寝食を忘れ、命がけで描いた」,https://www.kyoto-np.co.jp/articles/-/1779683,https://news.ceek.jp/search.cgi?category_id=local&feed=1,ok,,地方・地域
2026-08-28,2026-08-28T05:02:52.827761+09:00,その他メディア,,福島民報,小中学校6校を廃止 郡山市 9月議会に条例改正案,https://www.minpo.jp/articles/-/213878,https://news.ceek.jp/search.cgi?category_id=local&feed=1,ok,,地方・地域
2026-08-28,2026-08-28T05:02:52.827761+09:00,その他メディア,,福島民報,大河原幸枝さん 五十嵐弥紀さん 人命救助たたえ感謝状 郡山消防署 熱中症女性に的確対応,https://www.minpo.jp/articles/-/213880,https://news.ceek.jp/search.cgi?category_id=local&feed=1,ok,,地方・地域
2026-08-28,2026-08-28T05:02:52.827761+09:00,その他メディア,,福島民報,デンソーエアリービーズ/SVリーグ 女子小中生プロに学ぶ デンソー「バレーボールスクール」開校 郡山,https://www.minpo.jp/articles/-/213881,https://news.ceek.jp/search.cgi?category_id=local&feed=1,ok,,地方・地域
2026-08-28,2026-08-28T05:02:52.827761+09:00,その他メディア,,福島民報,国分悦子さんに厚労大臣表彰 本宮で伝達式,https://www.minpo.jp/articles/-/213882,https://news.ceek.jp/search.cgi?category_id=local&feed=1,ok,,地方・地域
2026-08-28,2026-08-28T05:02:52.827761+09:00,地方紙,広島,中国新聞,釧路・根室地方気象防災速報(記録的短時間大雨)(第3報)=釧路地方気象台発表(28日5時20分) :気象防災速報,https://www.chugoku-np.co.jp/articles/-/886122,https://news.ceek.jp/search.cgi?category_id=local&feed=1,ok,,地方・地域
2026-08-28,2026-08-28T05:02:52.827761+09:00,その他メディア,,陸奥新報,大雨で奥羽線・大館ー弘前間運転見合わせ/JR東,https://mutsushimpo.com/news/0i47rdoe/,https://news.ceek.jp/search.cgi?category_id=local&feed=1,ok,,地方・地域
2026-08-28,2026-08-28T05:02:52.827761+09:00,その他メディア,,北日本新聞,28日も公共交通機関に乱れ,https://webun.jp/articles/-/1081996,https://news.ceek.jp/search.cgi?category_id=local&feed=1,ok,,地方・地域
2026-08-28,2026-08-28T05:02:52.827761+09:00,その他メディア,,神奈川新聞,神奈川県西2市8町の首長と黒岩知事が懇談会 道路整備や医師配置など訴え,https://www.kanaloco.jp/news/government/article-1299971.html,https://news.ceek.jp/search.cgi?category_id=local&feed=1,ok,,地方・地域
2026-08-28,2026-08-28T05:02:52.827761+09:00,その他メディア,,神奈川新聞,特別市「議論が必要」連合神奈川が黒岩知事に文書 3政令市長にも手渡しへ,https://www.kanaloco.jp/news/government/article-1299993.html,https://news.ceek.jp/search.cgi?category_id=local&feed=1,ok,,地方・地域
2026-08-28,2026-08-28T05:02:52.827761+09:00,その他メディア,,福島民報,農産物ブランド戦略は 福大・河野教授が公開授業 郡山,https://www.minpo.jp/articles/-/213884,https://news.ceek.jp/search.cgi?category_id=local&feed=1,ok,,地方・地域
2026-08-28,2026-08-28T05:02:52.827761+09:00,その他メディア,,福島民報,改善点話し合う 郡山シティーマラソン実行委,https://www.minpo.jp/articles/-/213885,https://news.ceek.jp/search.cgi?category_id=local&feed=1,ok,,地方・地域
2026-08-28,2026-08-28T05:02:52.827761+09:00,その他メディア,,福島民報,投資へのAI活用法を理解 福島銀行セミナー,https://www.minpo.jp/articles/-/213886,https://news.ceek.jp/search.cgi?category_id=local&feed=1,ok,,地方・地域
2026-08-28,2026-08-28T05:02:52.827761+09:00,地方紙,京都,京都新聞,滋賀県北部の遺跡で多数発見された「大地震」の痕跡 激しい液状化現象で「集落廃絶」も,https://www.kyoto-np.co.jp/articles/-/1777018,https://news.ceek.jp/search.cgi?category_id=local&feed=1,ok,,地方・地域
2026-08-28,2026-08-28T05:02:52.827761+09:00,その他メディア,,福島民報,市町村対抗野球、ソフトへ選手団激励 各地 過去最高位へ「旋風起こす」鏡石町,https://www.minpo.jp/articles/-/213869,https://news.ceek.jp/search.cgi?category_id=local&feed=1,ok,,地方・地域
2026-08-28,2026-08-28T05:02:52.827761+09:00,その他メディア,,福島民報,市町村対抗野球、ソフトへ選手団激励 各地 期待背負い上位進出誓う 西郷村,https://www.minpo.jp/articles/-/213870,https://news.ceek.jp/search.cgi?category_id=local&feed=1,ok,,地方・地域
2026-08-28,2026-08-28T05:02:52.827761+09:00,地方紙,京都,京都新聞,滋賀県警「証拠品放置」の6割は一つの警察署 2年前にも大量発覚...その原因は,https://www.kyoto-np.co.jp/articles/-/1779727,https://news.ceek.jp/search.cgi?category_id=local&feed=1,ok,,地方・地域
2026-08-28,2026-08-28T05:02:52.827761+09:00,その他メディア,,福島民報,三春出身・松下さん あすまで古里で京都夕景写真展,https://www.minpo.jp/articles/-/213871,https://news.ceek.jp/search.cgi?category_id=local&feed=1,ok,,地方・地域
2026-08-28,2026-08-28T05:02:52.827761+09:00,地方紙,広島,中国新聞,北海道釧路地方で線状降水帯発生,https://www.chugoku-np.co.jp/articles/-/886123,https://news.ceek.jp/search.cgi?category_id=local&feed=1,ok,,地方・地域
2026-08-28,2026-08-28T05:02:52.827761+09:00,地方紙,広島,中国新聞,指定河川洪水予報=能代河川国道事務所 秋田地方気象台 共同発表,https://www.chugoku-np.co.jp/articles/-/886121,https://news.ceek.jp/search.cgi?category_id=local&feed=1,ok,,地方・地域
2026-08-28,2026-08-28T05:02:52.827761+09:00,その他メディア,,佐賀新聞,熊本地震1カ月 避難生活の終了急げ,https://www.saga-s.co.jp/articles/-/1779757,https://news.ceek.jp/search.cgi?category_id=local&feed=1,ok,,地方・地域
2026-08-28,2026-08-28T05:02:52.827761+09:00,その他メディア,,福島民報,広~い滑走路 伸び伸びウオーク 朝の福島空港でイベント,https://www.minpo.jp/articles/-/213872,https://news.ceek.jp/search.cgi?category_id=local&feed=1,ok,,地方・地域
2026-08-28,2026-08-28T05:02:52.827761+09:00,その他メディア,,福島民報,大声で大越盛り上げ 鬼の里夏まつり,https://www.minpo.jp/articles/-/213873,https://news.ceek.jp/search.cgi?category_id=local&feed=1,ok,,地方・地域
2026-08-28,2026-08-28T05:02:52.827761+09:00,その他メディア,,佐賀新聞,教訓,https://www.saga-s.co.jp/articles/-/1779714,https://news.ceek.jp/search.cgi?category_id=local&feed=1,ok,,地方・地域
2026-08-28,2026-08-28T05:02:52.827761+09:00,その他メディア,,福島民報,舞木理事長ら次年度役員決定 田村JC,https://www.minpo.jp/articles/-/213874,https://news.ceek.jp/search.cgi?category_id=local&feed=1,ok,,地方・地域
2026-08-28,2026-08-28T05:02:52.827761+09:00,地方紙,京都,京都新聞,京都市に1000室超える「イギリス系」ホテルが誕生へ 既存の14施設を改装で「リブランド」,https://www.kyoto-np.co.jp/articles/-/1779473,https://news.ceek.jp/search.cgi?category_id=local&feed=1,ok,,地方・地域
2026-08-28,2026-08-28T05:02:52.827761+09:00,その他メディア,,福島民報,詐欺被害から高齢者守って 園児600人に塗り絵 孫世代から注意呼びかけ 白河署など,https://www.minpo.jp/articles/-/213875,https://news.ceek.jp/search.cgi?category_id=local&feed=1,ok,,地方・地域
2026-08-28,2026-08-28T05:02:52.827761+09:00,その他メディア,,福島民報,市町村だより 会津若松 ■歌川重雄民謡カラオケ塾発表会「慈善事業・民謡歌謡舞踊のつどい」,https://www.minpo.jp/articles/-/213850,https://news.ceek.jp/search.cgi?category_id=local&feed=1,ok,,地方・地域
2026-08-28,2026-08-28T05:02:52.827761+09:00,その他メディア,,福島民報,イベント情報 須賀川 ■県南混声合唱祭,https://www.minpo.jp/articles/-/213876,https://news.ceek.jp/search.cgi?category_id=local&feed=1,ok,,地方・地域
2026-08-28,2026-08-28T05:02:52.827761+09:00,その他メディア,,福島民報,各種団体で総会 ◆会津農業振興議員連盟,https://www.minpo.jp/articles/-/213851,https://news.ceek.jp/search.cgi?category_id=local&feed=1,ok,,地方・地域
2026-08-28,2026-08-28T05:02:52.827761+09:00,その他メディア,,中部経済新聞,中部電力・浜岡原発 三たび不適切事案 廃炉費手続き数値書き換え 底見えぬ事態続く,https://www.chukei-news.co.jp/news/2026/08/28/OK0002608280101_01/,https://news.ceek.jp/search.cgi?category_id=local&feed=1,ok,,地方・地域
2026-08-28,2026-08-28T05:02:52.827761+09:00,その他メディア,,中部経済新聞,26年度下期も価格改定 トヨタ、原価低減と支援継続,https://www.chukei-news.co.jp/news/2026/08/28/OK0002608280101_02/,https://news.ceek.jp/search.cgi?category_id=local&feed=1,ok,,地方・地域
2026-08-28,2026-08-28T05:02:52.827761+09:00,その他メディア,,中部経済新聞,トヨタ、市販車の自動運転機能 28年に導入へ,https://www.chukei-news.co.jp/news/2026/08/28/OK0002608280101_03/,https://news.ceek.jp/search.cgi?category_id=local&feed=1,ok,,地方・地域
2026-08-28,2026-08-28T05:02:52.827761+09:00,その他メディア,,中部経済新聞,8月の景気も緩やかに回復 政府、地震や豪雨注視,https://www.chukei-news.co.jp/news/2026/08/28/OK0002608280101_04/,https://news.ceek.jp/search.cgi?category_id=local&feed=1,ok,,地方・地域
2026-08-28,2026-08-28T05:02:52.827761+09:00,その他メディア,,中部経済新聞,石川、富山両県の大雨 中部の外食などで影響,https://www.chukei-news.co.jp/news/2026/08/28/OK0002608280101_05/,https://news.ceek.jp/search.cgi?category_id=local&feed=1,ok,,地方・地域
2026-08-28,2026-08-28T05:02:52.827761+09:00,その他メディア,,中部経済新聞,日銀副総裁、物価上昇警戒 利上げ、9月会合含め検討,https://www.chukei-news.co.jp/news/2026/08/28/OK0002608280101_06/,https://news.ceek.jp/search.cgi?category_id=local&feed=1,ok,,地方・地域
2026-08-28,2026-08-28T05:02:52.827761+09:00,その他メディア,,中部経済新聞,デスク席から,https://www.chukei-news.co.jp/news/2026/08/28/OK0002608280101_07/,https://news.ceek.jp/search.cgi?category_id=local&feed=1,ok,,地方・地域
2026-08-28,2026-08-28T05:02:52.827761+09:00,その他メディア,,中部経済新聞,中経手帖 「もううんざりだ」。食品の値上げが続き、庶民の心の中の叫びが聞こえてくる。,https://www.chukei-news.co.jp/news/2026/08/28/OK0002608280101_08/,https://news.ceek.jp/search.cgi?category_id=local&feed=1,ok,,地方・地域
2026-08-28,2026-08-28T05:02:52.827761+09:00,その他メディア,,中部経済新聞,中部スーパー4社 7月売上高 3社が既存店プラス 生鮮、総菜伸びる,https://www.chukei-news.co.jp/news/2026/08/28/OK0002608280201_01/,https://news.ceek.jp/search.cgi?category_id=local&feed=1,ok,,地方・地域
2026-08-28,2026-08-28T05:02:52.827761+09:00,その他メディア,,中部経済新聞,名称「ゲートフロント久屋大通」に アネックス跡地の新ビル 12月完成予定,https://www.chukei-news.co.jp/news/2026/08/28/OK0002608280201_02/,https://news.ceek.jp/search.cgi?category_id=local&feed=1,ok,,地方・地域
2026-08-28,2026-08-28T05:02:52.827761+09:00,その他メディア,,中部経済新聞,生活サービス子会社を吸収合併 中電ミライズ、来年1月,https://www.chukei-news.co.jp/news/2026/08/28/OK0002608280201_03/,https://news.ceek.jp/search.cgi?category_id=local&feed=1,ok,,地方・地域
2026-08-28,2026-08-28T05:02:52.827761+09:00,その他メディア,,中部経済新聞,29年5月期、売上高150億円へ 東海ソフトが中計策定,https://www.chukei-news.co.jp/news/2026/08/28/OK0002608280201_04/,https://news.ceek.jp/search.cgi?category_id=local&feed=1,ok,,地方・地域
2026-08-28,2026-08-28T05:02:52.827761+09:00,その他メディア,,中部経済新聞,イオンPB145品値下げ 来月2日から、期間限定,https://www.chukei-news.co.jp/news/2026/08/28/OK0002608280201_05/,https://news.ceek.jp/search.cgi?category_id=local&feed=1,ok,,地方・地域
2026-08-28,2026-08-28T05:02:52.827761+09:00,その他メディア,,中部経済新聞,キオクシア5兆円投資表明 岩手に新棟、三重も増強,https://www.chukei-news.co.jp/news/2026/08/28/OK0002608280201_06/,https://news.ceek.jp/search.cgi?category_id=local&feed=1,ok,,地方・地域
2026-08-28,2026-08-28T05:02:52.827761+09:00,その他メディア,,中部経済新聞,インドから二輪輸出増へ ヤマハ発動機の設楽社長,https://www.chukei-news.co.jp/news/2026/08/28/OK0002608280201_07/,https://news.ceek.jp/search.cgi?category_id=local&feed=1,ok,,地方・地域
2026-08-28,2026-08-28T05:02:52.827761+09:00,その他メディア,,中部経済新聞,コンテナ型DCを報道公開 ドコモビジネス、横浜市で,https://www.chukei-news.co.jp/news/2026/08/28/OK0002608280201_08/,https://news.ceek.jp/search.cgi?category_id=local&feed=1,ok,,地方・地域
2026-08-28,2026-08-28T05:02:52.827761+09:00,その他メディア,,中部経済新聞,無人航空機を整備へ 富士通、米防衛企業と,https://www.chukei-news.co.jp/news/2026/08/28/OK0002608280201_09/,https://news.ceek.jp/search.cgi?category_id=local&feed=1,ok,,地方・地域
2026-08-28,2026-08-28T05:02:52.827761+09:00,その他メディア,,中部経済新聞,4~6月新規契約9割減 プルデンシャル生命,https://www.chukei-news.co.jp/news/2026/08/28/OK0002608280201_10/,https://news.ceek.jp/search.cgi?category_id=local&feed=1,ok,,地方・地域
2026-08-28,2026-08-28T05:02:52.827761+09:00,その他メディア,,中部経済新聞,飯田会長が社長復帰 IKホールディングス,https://www.chukei-news.co.jp/news/2026/08/28/OK0002608280201_11/,https://news.ceek.jp/search.cgi?category_id=local&feed=1,ok,,地方・地域
2026-08-28,2026-08-28T05:02:52.827761+09:00,その他メディア,,中部経済新聞,樋口製作所 特殊加工の生産ライン新設 金型内で「エッジワイズ曲げ」,https://www.chukei-news.co.jp/news/2026/08/28/OK0002608280301_01/,https://news.ceek.jp/search.cgi?category_id=local&feed=1,ok,,地方・地域
2026-08-28,2026-08-28T05:02:52.827761+09:00,その他メディア,,中部経済新聞,エアメール 海外営業戦略など立案 シンガポール アスノバシンガポール社長 阿南元春さん 休日は野球や格闘技のトレーニング楽しむ,https://www.chukei-news.co.jp/news/2026/08/28/OK0002608280301_02/,https://news.ceek.jp/search.cgi?category_id=local&feed=1,ok,,地方・地域
2026-08-28,2026-08-28T05:02:52.827761+09:00,その他メディア,,中部経済新聞,核磁気共鳴システムを開発 アイシンと日本電子,https://www.chukei-news.co.jp/news/2026/08/28/OK0002608280301_03/,https://news.ceek.jp/search.cgi?category_id=local&feed=1,ok,,地方・地域
2026-08-28,2026-08-28T05:02:52.827761+09:00,その他メディア,,中部経済新聞,7月工作機械受注50%増 日工会、13ヵ月連続プラス,https://www.chukei-news.co.jp/news/2026/08/28/OK0002608280301_04/,https://news.ceek.jp/search.cgi?category_id=local&feed=1,ok,,地方・地域
2026-08-28,2026-08-28T05:02:52.827761+09:00,その他メディア,,中部経済新聞,「ジープ・チェロキー」に駆動モジュールが採用 デンソー、アイシンなど開発,https://www.chukei-news.co.jp/news/2026/08/28/OK0002608280301_05/,https://news.ceek.jp/search.cgi?category_id=local&feed=1,ok,,地方・地域
2026-08-28,2026-08-28T05:02:52.827761+09:00,その他メディア,,中部経済新聞,栄進電機を子会社化 セイワHD,https://www.chukei-news.co.jp/news/2026/08/28/OK0002608280301_06/,https://news.ceek.jp/search.cgi?category_id=local&feed=1,ok,,地方・地域
2026-08-28,2026-08-28T05:02:52.827761+09:00,全国紙,全国,中日新聞,権藤博さんや岩瀬仁紀さんら参戦 中日と巨人OBの「LEGENDS MATCH」第2弾出場者決まる,https://www.chunichi.co.jp/article/1302783,https://news.ceek.jp/search.cgi?category_id=local&feed=1,ok,,地方・地域
2026-08-28,2026-08-28T05:02:52.827761+09:00,全国紙,全国,中日新聞,「皆も、自転車の鍵は必ずかけるのだぞ!!」 ガッシュの自転車がない...岐阜県警が啓発コラボ動画,https://www.chunichi.co.jp/article/1302829,https://news.ceek.jp/search.cgi?category_id=local&feed=1,ok,,地方・地域
2026-08-28,2026-08-28T05:02:52.827761+09:00,全国紙,全国,中日新聞,アジア・アジアパラ大会の海外選手団と市民との交流事業を企画 競技体験などを予定,https://www.chunichi.co.jp/article/1302848,https://news.ceek.jp/search.cgi?category_id=local&feed=1,ok,,地方・地域
2026-08-28,2026-08-28T05:02:52.827761+09:00,全国紙,全国,中日新聞,母校で最後の校長を務めた聖火ランナー「挑戦し続ける姿を見せたい」 29日の本番へ,https://www.chunichi.co.jp/article/1302850,https://news.ceek.jp/search.cgi?category_id=local&feed=1,ok,,地方・地域
2026-08-28,2026-08-28T05:02:52.827761+09:00,全国紙,全国,中日新聞,安城市長の三星元人さんが再選目指し立候補へ 28日に正式に表明,https://www.chunichi.co.jp/article/1302854,https://news.ceek.jp/search.cgi?category_id=local&feed=1,ok,,地方・地域
2026-08-28,2026-08-28T05:02:52.827761+09:00,全国紙,全国,中日新聞,避難経路は?再入館制限は? 「イオンモール熊本」の事故受け、中部の商業施設も備え見直し,https://www.chunichi.co.jp/article/1302879,https://news.ceek.jp/search.cgi?category_id=local&feed=1,ok,,地方・地域
2026-08-28,2026-08-28T05:02:52.827761+09:00,その他メディア,,神奈川新聞,神奈川に451店...「稼げない構造にある」書店 縮小続く知のインフラ,https://www.kanaloco.jp/news/economy/article-1299974.html,https://news.ceek.jp/search.cgi?category_id=local&feed=1,ok,,地方・地域
2026-08-28,2026-08-28T05:02:52.827761+09:00,その他メディア,,神奈川新聞,大船に本との出合いの場を...鎌倉の書店、31日で閉店も公募の店主を後継に,https://www.kanaloco.jp/news/social/article-1299975.html,https://news.ceek.jp/search.cgi?category_id=local&feed=1,ok,,地方・地域
2026-08-28,2026-08-28T05:02:52.827761+09:00,地方紙,京都,京都新聞,「京都の地下に穴を開ければ文化・文明を傷つける恐れ」 国民民主党京都府連会長・中野洋一氏に聞く,https://www.kyoto-np.co.jp/articles/-/1779487,https://news.ceek.jp/search.cgi?category_id=local&feed=1,ok,,地方・地域
2026-08-28,2026-08-28T05:02:52.827761+09:00,地方紙,兵庫,神戸新聞,<兵庫⇔台湾、韓国 近づく商圏>(6)日本酒 輸出回復、不買運動前並みに,https://www.kobe-np.co.jp/news/economy/202608/0020754012.shtml,https://news.ceek.jp/search.cgi?category_id=local&feed=1,ok,,地方・地域
2026-08-28,2026-08-28T05:02:52.827761+09:00,地方紙,兵庫,神戸新聞,夏祭り企画や防災訓練、地域活動の成果発表 高校、大学生が意見交換 宝塚,https://www.kobe-np.co.jp/news/hanshin/202608/0020753826.shtml,https://news.ceek.jp/search.cgi?category_id=local&feed=1,ok,,地方・地域
2026-08-28,2026-08-28T05:02:52.827761+09:00,地方紙,兵庫,神戸新聞,加西市の25年度決算見込み 市債残高は2億2700万円増 基金に2億7700万円を積み増し,https://www.kobe-np.co.jp/news/hokuban/202608/0020753474.shtml,https://news.ceek.jp/search.cgi?category_id=local&feed=1,ok,,地方・地域
2026-08-28,2026-08-28T05:02:52.827761+09:00,地方紙,兵庫,神戸新聞,中・西播磨5市6町の市町立小中高 体育館にエアコン設置43% 202校中87校 閉校予定校への対応課題,https://www.kobe-np.co.jp/news/seiban/202608/0020753773.shtml,https://news.ceek.jp/search.cgi?category_id=local&feed=1,ok,,地方・地域
2026-08-28,2026-08-28T05:02:52.827761+09:00,地方紙,兵庫,神戸新聞,<正平調>明石の球場で,https://www.kobe-np.co.jp/opinion/202608/0020754005.shtml,https://news.ceek.jp/search.cgi?category_id=local&feed=1,ok,,地方・地域
2026-08-28,2026-08-28T05:02:52.827761+09:00,地方紙,兵庫,神戸新聞,<社説>イラン攻撃半年/米国は「失敗」を直視せよ,https://www.kobe-np.co.jp/opinion/202608/0020754009.shtml,https://news.ceek.jp/search.cgi?category_id=local&feed=1,ok,,地方・地域
2026-08-28,2026-08-28T05:02:52.827761+09:00,地方紙,兵庫,神戸新聞,<高校入試ナビ>出題傾向が変化! 読解力や社会問題への関心はどう養う?,https://www.kobe-np.co.jp/rentoku/news/richa/nyushinavi/202608/0020744284.shtml,https://news.ceek.jp/search.cgi?category_id=local&feed=1,ok,,地方・地域
2026-08-28,2026-08-28T05:02:52.827761+09:00,その他メディア,,福島民報,各種団体で総会 ◆蔵の会,https://www.minpo.jp/articles/-/213852,https://news.ceek.jp/search.cgi?category_id=local&feed=1,ok,,地方・地域
2026-08-28,2026-08-28T05:02:52.827761+09:00,地方紙,兵庫,神戸新聞,山電の駅舎活用「藤江駅前オアシス」5年 無料教室やマルシェで住民交流 9月から工事で一時休所,https://www.kobe-np.co.jp/news/akashi/202608/0020753513.shtml,https://news.ceek.jp/search.cgi?category_id=local&feed=1,ok,,地方・地域
2026-08-28,2026-08-28T05:02:52.827761+09:00,地方紙,兵庫,神戸新聞,第二神明に設置検討のスマートIC 市が9、10月に現地見学会 建設予定地や明石SAなど巡る,https://www.kobe-np.co.jp/news/akashi/202608/0020753515.shtml,https://news.ceek.jp/search.cgi?category_id=local&feed=1,ok,,地方・地域
2026-08-28,2026-08-28T05:02:52.827761+09:00,地方紙,兵庫,神戸新聞,南あわじ市 実質収支は21年連続黒字 ふるさと納税は12%超の減少 25年度決算見込み,https://www.kobe-np.co.jp/news/awaji/202608/0020753420.shtml,https://news.ceek.jp/search.cgi?category_id=local&feed=1,ok,,地方・地域
2026-08-28,2026-08-28T05:02:52.827761+09:00,地方紙,兵庫,神戸新聞,市長らの給料引き上げを 南あわじ市報酬審が答申,https://www.kobe-np.co.jp/news/awaji/202608/0020753422.shtml,https://news.ceek.jp/search.cgi?category_id=local&feed=1,ok,,地方・地域
2026-08-28,2026-08-28T05:02:52.827761+09:00,地方紙,兵庫,神戸新聞,太陽の光たっぷり、イチジク甘みギュッと 淡路島内で収穫最盛期 丁寧にパック詰め,https://www.kobe-np.co.jp/news/awaji/202608/0020753424.shtml,https://news.ceek.jp/search.cgi?category_id=local&feed=1,ok,,地方・地域
2026-08-28,2026-08-28T05:02:52.827761+09:00,地方紙,兵庫,神戸新聞,和田興産、熊本地震の被災者支援に義援金1000万円 神戸新聞厚生事業団に寄託,https://www.kobe-np.co.jp/news/economy/202608/0020753053.shtml,https://news.ceek.jp/search.cgi?category_id=local&feed=1,ok,,地方・地域
2026-08-28,2026-08-28T05:02:52.827761+09:00,地方紙,兵庫,神戸新聞,マッチ工場で野菜生産 国産最大手の「日東社」 空きスペースでベビーリーフ栽培 姫路,https://www.kobe-np.co.jp/news/himeji/202608/0020753151.shtml,https://news.ceek.jp/search.cgi?category_id=local&feed=1,ok,,地方・地域
2026-08-28,2026-08-28T05:02:52.827761+09:00,地方紙,兵庫,神戸新聞,熊本地震の被災者支援へ 神姫バスグループが義援金300万円 神戸新聞厚生事業団に寄託,https://www.kobe-np.co.jp/news/himeji/202608/0020753153.shtml,https://news.ceek.jp/search.cgi?category_id=local&feed=1,ok,,地方・地域
2026-08-28,2026-08-28T05:02:52.827761+09:00,地方紙,兵庫,神戸新聞,播磨農高の乳牛アイちゃん、6年連続「エクセレント」 全国の農業高で初 生徒の献身的な世話、結実,https://www.kobe-np.co.jp/news/hokuban/202608/0020753470.shtml,https://news.ceek.jp/search.cgi?category_id=local&feed=1,ok,,地方・地域
2026-08-28,2026-08-28T05:02:52.827761+09:00,地方紙,兵庫,神戸新聞,自転車で巡って体感 加東・西脇の食や文化 9月22日、特産なすの収穫体験など,https://www.kobe-np.co.jp/news/hokuban/202608/0020753472.shtml,https://news.ceek.jp/search.cgi?category_id=local&feed=1,ok,,地方・地域
2026-08-28,2026-08-28T05:02:52.827761+09:00,地方紙,兵庫,神戸新聞,多可町の25年度決算見込み 実質収支は2億3700万円黒字 地方債残高が20%増,https://www.kobe-np.co.jp/news/hokuban/202608/0020753476.shtml,https://news.ceek.jp/search.cgi?category_id=local&feed=1,ok,,地方・地域
2026-08-28,2026-08-28T05:02:52.827761+09:00,地方紙,兵庫,神戸新聞,<部活動 変わる放課後 コベカツ>(7)「部活なし」で教員を再志望 業務負担減、採用試験の志願者数回復,https://www.kobe-np.co.jp/news/kobe/202608/0020753852.shtml,https://news.ceek.jp/search.cgi?category_id=local&feed=1,ok,,地方・地域
2026-08-28,2026-08-28T05:02:52.827761+09:00,地方紙,兵庫,神戸新聞,<消えない傷跡~誘拐事件の背景にあるもの>(5)釈放 「犯罪になるって言ったのに」 アリサに現れる9人の別人格,https://www.kobe-np.co.jp/news/miki/202608/0020753740.shtml,https://news.ceek.jp/search.cgi?category_id=local&feed=1,ok,,地方・地域
2026-08-28,2026-08-28T05:02:52.827761+09:00,地方紙,兵庫,神戸新聞,能や狂言、子どもら熱演 三田の欣勝寺で10人、夏休み講座の発表会 有馬温泉が舞台の演目など披露,https://www.kobe-np.co.jp/news/sanda/202608/0020753844.shtml,https://news.ceek.jp/search.cgi?category_id=local&feed=1,ok,,地方・地域
2026-08-28,2026-08-28T05:02:52.827761+09:00,地方紙,兵庫,神戸新聞,日本で働く理由は? 播磨福崎高生が福伸電機訪問 外国人従業員に取材,https://www.kobe-np.co.jp/news/seiban/202608/0020753771.shtml,https://news.ceek.jp/search.cgi?category_id=local&feed=1,ok,,地方・地域
