date,collected_at,category,region,newspaper,headline,url,source_url,status,error_message,topic
2026-09-08,2026-09-08T00:22:47.043425+09:00,全国紙,全国,読売新聞,,,,skipped,robots.txtが一般クローラー/AI系UAを名指しで包括的にDisallow。2024年1月のToS改定で自動収集・生成AI学習目的の収集を明示的に禁止しているため、自動取得の対象外とする。,
2026-09-08,2026-09-08T00:22:47.043425+09:00,全国紙,全国,朝日新聞,40代男性の腹部や顔を刺した疑い、男逮捕 部屋退去巡りトラブルか,http://www.asahi.com/articles/ASV973SHZV97UTIL025M.html,https://www.asahi.com/rss/asahi/newsheadlines.rdf,ok,,社会
2026-09-08,2026-09-08T00:22:47.043425+09:00,全国紙,全国,朝日新聞,有罪立証に使われた証拠、取り調べはせず 日野町事件再審で検察同意,http://www.asahi.com/articles/ASV973GT2V97PTJB00WM.html,https://www.asahi.com/rss/asahi/newsheadlines.rdf,ok,,社会
2026-09-08,2026-09-08T00:22:47.043425+09:00,全国紙,全国,朝日新聞,社員による駅伝大会で熱中症死、遺族が賠償提訴 会社などの責任焦点,http://www.asahi.com/articles/ASV973GJ3V97ULFA00LM.html,https://www.asahi.com/rss/asahi/newsheadlines.rdf,ok,,社会
2026-09-08,2026-09-08T00:22:47.043425+09:00,全国紙,全国,朝日新聞,詐欺の「かけ子」海外移送しようとした疑い 警察官かたる台本も発見,http://www.asahi.com/articles/ASV973CMCV97PITB00CM.html,https://www.asahi.com/rss/asahi/newsheadlines.rdf,ok,,社会
2026-09-08,2026-09-08T00:22:47.043425+09:00,全国紙,全国,朝日新聞,乳児殺害事件、「ネグレクトの疑い」で職員が8月訪問 死因は窒息か,http://www.asahi.com/articles/ASV97354VV97PITB00BM.html,https://www.asahi.com/rss/asahi/newsheadlines.rdf,ok,,社会
2026-09-08,2026-09-08T00:22:47.043425+09:00,全国紙,全国,朝日新聞,死亡の会社役員宅を家宅捜索、事件に関与の疑い 岐阜のケーキ店火災,http://www.asahi.com/articles/ASV9733HTV97OIPE001M.html,https://www.asahi.com/rss/asahi/newsheadlines.rdf,ok,,社会
2026-09-08,2026-09-08T00:22:47.043425+09:00,全国紙,全国,朝日新聞,アンダーパスでまた犠牲者 全国3841カ所、予防策導入も網羅困難,http://www.asahi.com/articles/ASV972PSWV97UTIL01RM.html,https://www.asahi.com/rss/asahi/newsheadlines.rdf,ok,,社会
2026-09-08,2026-09-08T00:22:47.043425+09:00,全国紙,全国,朝日新聞,身元不明女性の似顔絵公開 北九州市の海上で遺体見つかる 福岡県警,http://www.asahi.com/articles/ASV972FZ4V97TIPE00WM.html,https://www.asahi.com/rss/asahi/newsheadlines.rdf,ok,,社会
2026-09-08,2026-09-08T00:22:47.043425+09:00,全国紙,全国,朝日新聞,医療的ケア児が楽しめる花火大会を 家族らがクラファン、13日まで,http://www.asahi.com/articles/ASV970C7NV97PQIP00DM.html,https://www.asahi.com/rss/asahi/newsheadlines.rdf,ok,,社会
2026-09-08,2026-09-08T00:22:47.043425+09:00,全国紙,全国,朝日新聞,大雨で相次いだ運行減便 その理由、運休との違いは?JRに聞いた,http://www.asahi.com/articles/ASV971P84V97UTIL00CM.html,https://www.asahi.com/rss/asahi/newsheadlines.rdf,ok,,社会
2026-09-08,2026-09-08T00:22:47.043425+09:00,全国紙,全国,朝日新聞,アジア大会選手、中部空港で入国始まる 陸上トラックのお出迎えも,http://www.asahi.com/articles/ASV943RKQV94OIPE00PM.html,https://www.asahi.com/rss/asahi/newsheadlines.rdf,ok,,スポーツ
2026-09-08,2026-09-08T00:22:47.043425+09:00,全国紙,全国,朝日新聞,吉井理人が考える令和のコーチ論 佐々木朗希の「ある変化」で痛感,http://www.asahi.com/articles/ASV931JSTV93UTQP01VM.html,https://www.asahi.com/rss/asahi/newsheadlines.rdf,ok,,スポーツ
2026-09-08,2026-09-08T00:22:47.043425+09:00,全国紙,全国,朝日新聞,小笠原が巨人で初完封 前夜の10人登板は「何かのメッセージ」,http://www.asahi.com/articles/ASV964K06V96PTQP00HM.html,https://www.asahi.com/rss/asahi/newsheadlines.rdf,ok,,スポーツ
2026-09-08,2026-09-08T00:22:47.043425+09:00,全国紙,全国,朝日新聞,「まさか」新ルールに泣いた中田璃士 ジャンプ制限、他選手も苦慮,http://www.asahi.com/articles/ASV954Q4QV95PTQP01GM.html,https://www.asahi.com/rss/asahi/newsheadlines.rdf,ok,,スポーツ
2026-09-08,2026-09-08T00:22:47.043425+09:00,全国紙,全国,朝日新聞,活動停止明けの龍谷大が秋季リーグ初戦 主将「応援されるチームに」,http://www.asahi.com/articles/ASV953SMQV95PTQP003M.html,https://www.asahi.com/rss/asahi/newsheadlines.rdf,ok,,スポーツ
2026-09-08,2026-09-08T00:22:47.043425+09:00,全国紙,全国,朝日新聞,日立、ノキア製ドローン販売 自動飛行でインフラ点検,http://www.asahi.com/articles/ASV9731JTV97ULFA015M.html,https://www.asahi.com/rss/asahi/newsheadlines.rdf,ok,,ビジネス
2026-09-08,2026-09-08T00:22:47.043425+09:00,全国紙,全国,朝日新聞,対ドル円相場、半年ぶり一時154円台 為替介入時の円高ライン超え,http://www.asahi.com/articles/ASV972T9QV97ULFA01LM.html,https://www.asahi.com/rss/asahi/newsheadlines.rdf,ok,,ビジネス
2026-09-08,2026-09-08T00:22:47.043425+09:00,全国紙,全国,朝日新聞,みずほ楽天カード、還元率2%「業界最高水準」ポイントで巻き返しへ,http://www.asahi.com/articles/ASV945WG5V94ULFA02BM.html,https://www.asahi.com/rss/asahi/newsheadlines.rdf,ok,,ビジネス
2026-09-08,2026-09-08T00:22:47.043425+09:00,全国紙,全国,朝日新聞,クレカ識者「みずほの2%還元、すごいが...」カード選びのポイントは,http://www.asahi.com/articles/ASV970Q70V97ULFA006M.html,https://www.asahi.com/rss/asahi/newsheadlines.rdf,ok,,ビジネス
2026-09-08,2026-09-08T00:22:47.043425+09:00,全国紙,全国,朝日新聞,韓国に奪われたLNG船「復活」できるか 世界1位→建造ゼロの日本,http://www.asahi.com/articles/ASV9251M1V92ULFA001M.html,https://www.asahi.com/rss/asahi/newsheadlines.rdf,ok,,ビジネス
2026-09-08,2026-09-08T00:22:47.043425+09:00,全国紙,全国,朝日新聞,内閣改造・党人事、16日にも 首相、 臨時国会へ早期の体制固め,http://www.asahi.com/articles/ASV973JGYV97UQIP014M.html,https://www.asahi.com/rss/asahi/newsheadlines.rdf,ok,,政治
2026-09-08,2026-09-08T00:22:47.043425+09:00,全国紙,全国,朝日新聞,小泉防衛相、日鉄呉の跡地を視察 「多機能な複合防衛拠点」整備で,http://www.asahi.com/articles/ASV973D0XV97UTFK00FM.html,https://www.asahi.com/rss/asahi/newsheadlines.rdf,ok,,政治
2026-09-08,2026-09-08T00:22:47.043425+09:00,全国紙,全国,朝日新聞,横浜市長の辞職、市議会が全会一致で同意 退職金は受け取らない意向,http://www.asahi.com/articles/ASV97310GV97OXIE02JM.html,https://www.asahi.com/rss/asahi/newsheadlines.rdf,ok,,政治
2026-09-08,2026-09-08T00:22:47.043425+09:00,全国紙,全国,朝日新聞,首相が鈴木幹事長と会談、人事めぐり協議 小林、萩生田両氏と昼食も,http://www.asahi.com/articles/ASV972VCLV97UTFK00MM.html,https://www.asahi.com/rss/asahi/newsheadlines.rdf,ok,,政治
2026-09-08,2026-09-08T00:22:47.043425+09:00,全国紙,全国,朝日新聞,「ポスト高市」林総務相の処遇が焦点 閣外なら「反高市」の軸に?,http://www.asahi.com/articles/ASV972HW1V97UTFK007M.html,https://www.asahi.com/rss/asahi/newsheadlines.rdf,ok,,政治
2026-09-08,2026-09-08T00:22:47.043425+09:00,全国紙,全国,朝日新聞,火山噴煙で7空港が閉鎖、34万人に影響 インドネシア首都周辺地域,http://www.asahi.com/articles/ASV974VT0V97UTIL029M.html,https://www.asahi.com/rss/asahi/newsheadlines.rdf,ok,,国際
2026-09-08,2026-09-08T00:22:47.043425+09:00,全国紙,全国,朝日新聞,ロシアとドイツ、「対抗措置」の応酬 ドイツ空港のドローン事件で,http://www.asahi.com/articles/ASV974TK0V97UHBI02SM.html,https://www.asahi.com/rss/asahi/newsheadlines.rdf,ok,,国際
2026-09-08,2026-09-08T00:22:47.043425+09:00,全国紙,全国,朝日新聞,ドイツ東部で何が起きた 極右AfD、州議会選で得票4割超の大勝,http://www.asahi.com/articles/ASV973CL0V97UHBI026M.html,https://www.asahi.com/rss/asahi/newsheadlines.rdf,ok,,国際
2026-09-08,2026-09-08T00:22:47.043425+09:00,全国紙,全国,朝日新聞,アジア開発銀、500万ドルのネパール支援を承認 今後の復興計画も,http://www.asahi.com/articles/ASV972VRQV97UHBI01MM.html,https://www.asahi.com/rss/asahi/newsheadlines.rdf,ok,,国際
2026-09-08,2026-09-08T00:22:47.043425+09:00,全国紙,全国,朝日新聞,北朝鮮で駆逐艦「姜健」が就役 金正恩氏、演説で核戦力の強化を訴え,http://www.asahi.com/articles/ASV972D3FV97UHBI005M.html,https://www.asahi.com/rss/asahi/newsheadlines.rdf,ok,,国際
2026-09-08,2026-09-08T00:22:47.043425+09:00,全国紙,全国,朝日新聞,「週刊実話」側に160万円賠償命令 労組への名誉毀損を一部認める,http://www.asahi.com/articles/ASV972SDPV97UTIL01GM.html,https://www.asahi.com/rss/asahi/newsheadlines.rdf,ok,,社会
2026-09-08,2026-09-08T00:22:47.043425+09:00,全国紙,全国,朝日新聞,川喜多かしこ賞に秦早穗子さん 名作映画を買い付け、評論で文化振興,http://www.asahi.com/articles/ASV971TFKV97UCVL01FM.html,https://www.asahi.com/rss/asahi/newsheadlines.rdf,ok,,文化芸能
2026-09-08,2026-09-08T00:22:47.043425+09:00,全国紙,全国,朝日新聞,ベネチア映画祭 抑圧された女性演じるマティルデ・アーセルのすごみ,http://www.asahi.com/articles/ASV910RFMV91UCVL00GM.html,https://www.asahi.com/rss/asahi/newsheadlines.rdf,ok,,文化芸能
2026-09-08,2026-09-08T00:22:47.043425+09:00,全国紙,全国,朝日新聞,旧ジャニーズ、音楽原盤権などの知的財産権「第三者への移転を完了」,http://www.asahi.com/articles/ASV942G6RV94UCVL043M.html,https://www.asahi.com/rss/asahi/newsheadlines.rdf,ok,,社会
2026-09-08,2026-09-08T00:22:47.043425+09:00,全国紙,全国,朝日新聞,解凍後も「ぷるん」でフードロス削減に 植物が原料の新素材で実現,http://www.asahi.com/articles/ASV942JDXV94OIPE006M.html,https://www.asahi.com/rss/asahi/newsheadlines.rdf,ok,,サイエンス
2026-09-08,2026-09-08T00:22:47.043425+09:00,全国紙,全国,朝日新聞,牛がシマウマに変身 イグ・ノーベル賞研究にのぞく畜産関係者の愛情,http://www.asahi.com/articles/ASV9424BCV94UHMC004M.html,https://www.asahi.com/rss/asahi/newsheadlines.rdf,ok,,サイエンス
2026-09-08,2026-09-08T00:22:47.043425+09:00,全国紙,全国,朝日新聞,看護の課題、工学やAIで解決を 東大講義から生まれた学生サークル,http://www.asahi.com/articles/ASV942T4QV94UTIL00DM.html,https://www.asahi.com/rss/asahi/newsheadlines.rdf,ok,,サイエンス
2026-09-08,2026-09-08T00:22:47.043425+09:00,全国紙,全国,朝日新聞,毎日新聞元専門編集委員、与良正男さん死去,http://www.asahi.com/articles/ASV972TRLV97UTFK00KM.html,https://www.asahi.com/rss/asahi/newsheadlines.rdf,ok,,おくやみ
2026-09-08,2026-09-08T00:22:47.043425+09:00,全国紙,全国,朝日新聞,俳優の品川徹さん死去、90歳 「白い巨塔」大河内教授役など,http://www.asahi.com/articles/ASV9723LWV97UCVL01SM.html,https://www.asahi.com/rss/asahi/newsheadlines.rdf,ok,,おくやみ
2026-09-08,2026-09-08T00:22:47.043425+09:00,全国紙,全国,朝日新聞,グロリア・スタイネムさん死去 米国からフェミニズム運動を牽引,http://www.asahi.com/articles/ASV940QQ9V94UHBI00BM.html,https://www.asahi.com/rss/asahi/newsheadlines.rdf,ok,,おくやみ
2026-09-08,2026-09-08T00:22:47.043425+09:00,全国紙,全国,毎日新聞,英ジャガー、4000人削減へ 全従業員の1割、米関税など影響,https://mainichi.jp/articles/20260907/k00/00m/020/312000c,https://mainichi.jp/rss/etc/mainichi-flash.rss,ok,,ニュース
2026-09-08,2026-09-08T00:22:47.043425+09:00,全国紙,全国,毎日新聞,性犯罪医師、処分まで平均4年 最長12年超、再犯事例も,https://mainichi.jp/articles/20260907/k00/00m/040/298000c,https://mainichi.jp/rss/etc/mainichi-flash.rss,ok,,ニュース
2026-09-08,2026-09-08T00:22:47.043425+09:00,全国紙,全国,毎日新聞,再び冠水の事例も 事前に職員招集、8月も豪雨の千葉は早め対応,https://mainichi.jp/articles/20260907/k00/00m/310/284000c,https://mainichi.jp/rss/etc/mainichi-flash.rss,ok,,ニュース
2026-09-08,2026-09-08T00:22:47.043425+09:00,全国紙,全国,毎日新聞,メルカリ「必要な対応進める」 くら寿司従業員ちいかわ景品横領,https://mainichi.jp/articles/20260907/k00/00m/040/306000c,https://mainichi.jp/rss/etc/mainichi-flash.rss,ok,,ニュース
2026-09-08,2026-09-08T00:22:47.043425+09:00,全国紙,全国,毎日新聞,横浜市長選、立憲市議団が独自候補を擁立の方針 候補者選定へ,https://mainichi.jp/articles/20260907/k00/00m/310/299000c,https://mainichi.jp/rss/etc/mainichi-flash.rss,ok,,ニュース
2026-09-08,2026-09-08T00:22:47.043425+09:00,全国紙,全国,毎日新聞,智弁の元エース快投 発足3年REBASEが快挙 クラブ選手権,https://mainichi.jp/articles/20260907/k00/00m/050/296000c,https://mainichi.jp/rss/etc/mainichi-flash.rss,ok,,ニュース
2026-09-08,2026-09-08T00:22:47.043425+09:00,全国紙,全国,毎日新聞,CLUB REBASE、クラブ野球選手権初優勝 日本選手権へ,https://mainichi.jp/articles/20260907/k00/00m/050/292000c,https://mainichi.jp/rss/etc/mainichi-flash.rss,ok,,ニュース
2026-09-08,2026-09-08T00:22:47.043425+09:00,全国紙,全国,毎日新聞,アンダーパスでまた犠牲者 大雨で車水没 注意喚起も規制せず,https://mainichi.jp/articles/20260907/k00/00m/040/286000c,https://mainichi.jp/rss/etc/mainichi-flash.rss,ok,,ニュース
2026-09-08,2026-09-08T00:22:47.043425+09:00,全国紙,全国,毎日新聞,本塁打数、木製バット復活後最多で「打高投低」 都市対抗野球,https://mainichi.jp/articles/20260907/k00/00m/050/289000c,https://mainichi.jp/rss/etc/mainichi-flash.rss,ok,,ニュース
2026-09-08,2026-09-08T00:22:47.043425+09:00,全国紙,全国,毎日新聞,日野町事件の再審、検察側が有罪証拠撤回 早期結審の公算大きく,https://mainichi.jp/articles/20260907/k00/00m/040/276000c,https://mainichi.jp/rss/etc/mainichi-flash.rss,ok,,ニュース
2026-09-08,2026-09-08T00:22:47.043425+09:00,全国紙,全国,毎日新聞,新設の東大5年制学部は定員100人 文学部や医学部は定員減,https://mainichi.jp/articles/20260907/k00/00m/040/263000c,https://mainichi.jp/rss/etc/mainichi-flash.rss,ok,,ニュース
2026-09-08,2026-09-08T00:22:47.043425+09:00,全国紙,全国,毎日新聞,映画の推し事:「白鳥とコウモリ」も公開 東野圭吾が映画に残した輝く軌跡,https://mainichi.jp/articles/20260907/k00/00m/200/088000c,https://mainichi.jp/rss/etc/mainichi-flash.rss,ok,,ニュース
2026-09-08,2026-09-08T00:22:47.043425+09:00,全国紙,全国,毎日新聞,ドイツ州議会選に国内外注目の理由は 政策転換、どこまで影響,https://mainichi.jp/articles/20260907/k00/00m/030/255000c,https://mainichi.jp/rss/etc/mainichi-flash.rss,ok,,ニュース
2026-09-08,2026-09-08T00:22:47.043425+09:00,全国紙,全国,毎日新聞,「代償が伴う」イランがハングルで反発 韓国がホルムズ派兵検討,https://mainichi.jp/articles/20260907/k00/00m/030/256000c,https://mainichi.jp/rss/etc/mainichi-flash.rss,ok,,ニュース
2026-09-08,2026-09-08T00:22:47.043425+09:00,全国紙,全国,毎日新聞,極右AfDは単独過半数に届かず 躍進に近隣国衝撃 ドイツ州議選,https://mainichi.jp/articles/20260907/k00/00m/030/252000c,https://mainichi.jp/rss/etc/mainichi-flash.rss,ok,,ニュース
2026-09-08,2026-09-08T00:22:47.043425+09:00,全国紙,全国,毎日新聞,「東ドイツ」民の心つかんだ極右AfD “劣等感”反転に成功,https://mainichi.jp/articles/20260907/k00/00m/030/241000c,https://mainichi.jp/rss/etc/mainichi-flash.rss,ok,,ニュース
2026-09-08,2026-09-08T00:22:47.043425+09:00,全国紙,全国,毎日新聞,円高進行、半年ぶりに一時154円台に 日米の金利差縮小を意識,https://mainichi.jp/articles/20260907/k00/00m/020/249000c,https://mainichi.jp/rss/etc/mainichi-flash.rss,ok,,ニュース
2026-09-08,2026-09-08T00:22:47.043425+09:00,全国紙,全国,毎日新聞,イオンが1000円デニム 節約志向で格安ジーンズ競争再燃か,https://mainichi.jp/articles/20260907/k00/00m/020/245000c,https://mainichi.jp/rss/etc/mainichi-flash.rss,ok,,ニュース
2026-09-08,2026-09-08T00:22:47.043425+09:00,全国紙,全国,毎日新聞,夏なのに...インフルエンザ流行 手洗い、うがい、換気の対策を,https://mainichi.jp/articles/20260907/k00/00m/100/122000c,https://mainichi.jp/rss/etc/mainichi-flash.rss,ok,,ニュース
2026-09-08,2026-09-08T00:22:47.043425+09:00,全国紙,全国,毎日新聞,横浜市長選出馬は「まだ考えられない」 辞職の山中竹春氏,https://mainichi.jp/articles/20260907/k00/00m/010/239000c,https://mainichi.jp/rss/etc/mainichi-flash.rss,ok,,ニュース
2026-09-08,2026-09-08T00:22:47.043425+09:00,全国紙,全国,日本経済新聞,,,,skipped,公式無料RSSなし。著作権ページで自動収集を明確に禁止しているため、自動取得の対象外とする。,
2026-09-08,2026-09-08T00:22:47.043425+09:00,全国紙,全国,産経新聞,内閣改造、林総務相の処遇焦点に 地方行脚で準備着々 続投なら来秋総裁選出馬は困難,https://www.sankei.com/article/20260907-GIZ756XUQVMXVKQOA4W2IUNFGI/,https://www.sankei.com/,ok,,
2026-09-08,2026-09-08T00:22:47.043425+09:00,全国紙,全国,産経新聞,世界遺産認定 快挙生んだ考古学者の苦闘 百年にわたる魂の系譜...,https://www.sankei.com/article/20260815-QFGOV26NZFOPTOI5VG332AGYEA/?outputType=theme_election2026,https://www.sankei.com/,ok,,
2026-09-08,2026-09-08T00:22:47.043425+09:00,全国紙,全国,産経新聞,政府が外国と疑われる不審アカウント把握 高市首相「選挙への影...,https://www.sankei.com/article/20260318-U6PW4754BNE3XKFYBTQWPKM65A/?outputType=theme_election2026,https://www.sankei.com/,ok,,
2026-09-08,2026-09-08T00:22:47.043425+09:00,全国紙,全国,産経新聞,衆院選で国会議員の部屋割り一変 小沢、岡田、安住氏ら自民に明...,https://www.sankei.com/article/20260304-C5JCVB743FEVZMNEAU76GY4VNQ/?outputType=theme_election2026,https://www.sankei.com/,ok,,
2026-09-08,2026-09-08T00:22:47.043425+09:00,全国紙,全国,産経新聞,立正佼成会が衆院選で中道103人推薦 公明合流影響か 前回立...,https://www.sankei.com/article/20260303-EHLBLQ2BTRCSVGSJVFHI5TBX4U/?outputType=theme_election2026,https://www.sankei.com/,ok,,
2026-09-08,2026-09-08T00:22:47.043425+09:00,全国紙,全国,産経新聞,高市首相支える自民・有村治子氏 保守派苦戦の参院選から「生還」、石破氏続投に「風穴」,https://www.sankei.com/article/20260907-JTRE3NWKFJGN3GZ2VEPK2UMVSE/,https://www.sankei.com/,ok,,
2026-09-08,2026-09-08T00:22:47.043425+09:00,全国紙,全国,産経新聞,福岡県議会高額海外視察 元県議ら公費で同行 コーディネーター役も「調整したことない」,https://www.sankei.com/article/20260907-QMENTG4KYBLVXOMAE4BAMBJQCQ/,https://www.sankei.com/,ok,,
2026-09-08,2026-09-08T00:22:47.043425+09:00,全国紙,全国,産経新聞,独州議選、反移民派第1党 メルツ独政権に「極右ショック」、州首相選出への連立交渉焦点,https://www.sankei.com/article/20260907-ZHDHLSYIE5J2JFP5NW6VB5XQ34/,https://www.sankei.com/,ok,,
2026-09-08,2026-09-08T00:22:47.043425+09:00,全国紙,全国,産経新聞,3人死亡の岐阜ケーキ店火災、10人は同学年 死亡した70歳の葬祭業経営者は招かれずか,https://www.sankei.com/article/20260907-6IJE6WICMZJ2ND63GLIVSP5ANM/,https://www.sankei.com/,ok,,
2026-09-08,2026-09-08T00:22:47.043425+09:00,全国紙,全国,産経新聞,首相、16日にも人事に着手 15日役員会で一任取り付け、自民幹部に段取り伝達か,https://www.sankei.com/article/20260907-MKXBKM6A35OZFGUZZ5TUGBOHSA/,https://www.sankei.com/,ok,,
2026-09-08,2026-09-08T00:22:47.043425+09:00,全国紙,全国,産経新聞,個人向けAIのルール形成が加速、産官学連携で開発と規制の両立へ 日本勢が主導目指す,https://www.sankei.com/article/20260907-SZ2RNN4YOVICDBOCL4TKCSLAAU/,https://www.sankei.com/,ok,,
2026-09-08,2026-09-08T00:22:47.043425+09:00,全国紙,全国,産経新聞,租特見直しに本腰 政府、賃上げ税制など〝標的〟 減税財源狙うも、議論は曲折も,https://www.sankei.com/article/20260907-JJP6JGPVF5IFPMSLZOCVG2TRZA/,https://www.sankei.com/,ok,,
2026-09-08,2026-09-08T00:22:47.043425+09:00,全国紙,全国,産経新聞,高木美帆さん「北千住駅、魔界すぎる」 講演のため東武で新桐生へ「乗り換え難しかった」,https://www.sankei.com/article/20260907-TX7BF35V6RCXJF5ZIOCV6RWGXI/,https://www.sankei.com/,ok,,
2026-09-08,2026-09-08T00:22:47.043425+09:00,全国紙,全国,産経新聞,「ちいかわ」のぼり旗がフリマサイトに違反出品 くら寿司が「削除申請」、警察に相談,https://www.sankei.com/article/20260907-ZV3ESVTEH5EYNJPWGQD26Q5X5A/,https://www.sankei.com/,ok,,
2026-09-08,2026-09-08T00:22:47.043425+09:00,全国紙,全国,産経新聞,内閣改造人事は「ロジカル」に? 刷新感より専門性重視 高市首相、政策実現へ布陣模索,https://www.sankei.com/article/20260907-XRE3LMFBAZNBTNKZVD4YSYK6I4/,https://www.sankei.com/,ok,,
2026-09-08,2026-09-08T00:22:47.043425+09:00,全国紙,全国,産経新聞,逃げ出す街から、逃げ込める街へ 「人一倍こだわる」森ビルの挑戦,https://www.sankei.com/article/20260901-RY5WWKHQZ5BQ3F53LRE3IHG3FQ/,https://www.sankei.com/,ok,,
2026-09-08,2026-09-08T00:22:47.043425+09:00,全国紙,全国,産経新聞,「人を大切にすることが、持続可能な農業へ」俳優の小林涼子さん、労災保険の大切さ語る,https://www.sankei.com/article/20260907-I2LMMWOHRNB7BJ2X6CJVNZDDCQ/,https://www.sankei.com/,ok,,
2026-09-08,2026-09-08T00:22:47.043425+09:00,全国紙,全国,産経新聞,アパート退去促すため訪問か 西東京市男性刺傷,https://www.sankei.com/article/20260907-KBWIGFRTJFLRZGHNSP6JOGLYZ4/,https://www.sankei.com/,ok,,
2026-09-08,2026-09-08T00:22:47.043425+09:00,全国紙,全国,産経新聞,車両浸水、数10センチでエンジン停止の恐れ,https://www.sankei.com/article/20260907-HRWAQ6KZGNJDVOMZTDT2XCNNWU/,https://www.sankei.com/,ok,,
2026-09-08,2026-09-08T00:22:47.043425+09:00,全国紙,全国,産経新聞,岐阜ケーキ店3人死亡火災 現場から携行缶,https://www.sankei.com/article/20260907-Z4IYWZTKL5LPPPSR3OYDIKCP64/,https://www.sankei.com/,ok,,
2026-09-08,2026-09-08T00:22:47.043425+09:00,全国紙,全国,東京新聞,横綱・大の里「久々の東京で久々に優勝したい」...大関・琴桜と20番、秋場所へ好調アピール,https://www.tokyo-np.co.jp/article/513997,https://www.tokyo-np.co.jp/,ok,,
2026-09-08,2026-09-08T00:22:47.043425+09:00,全国紙,全国,東京新聞,山中竹春・横浜市長「退職金を受け取る立場にない」約931万円は不支給へ...辞職に市議会が同意,https://www.tokyo-np.co.jp/article/513991,https://www.tokyo-np.co.jp/,ok,,
2026-09-08,2026-09-08T00:22:47.043425+09:00,全国紙,全国,東京新聞,ドイツ東部で極右政党AfDが第1党に...州政権取れば「第2次大戦後」で初の事態,https://www.tokyo-np.co.jp/article/513987,https://www.tokyo-np.co.jp/,ok,,
2026-09-08,2026-09-08T00:22:47.043425+09:00,全国紙,全国,東京新聞,「閣内にいれば総裁選に出にくい」高市首相はライバル取り込みに注力か...内閣改造・党人事の検討本格化,https://www.tokyo-np.co.jp/article/513985,https://www.tokyo-np.co.jp/,ok,,
2026-09-08,2026-09-08T00:22:47.043425+09:00,全国紙,全国,東京新聞,1日で月間雨量の2.5倍も降った...伊豆諸島や房総半島で記録的大雨 停滞した前線に大量の水蒸気が供給され,https://www.tokyo-np.co.jp/article/513986,https://www.tokyo-np.co.jp/,ok,,
2026-09-08,2026-09-08T00:22:47.043425+09:00,全国紙,全国,東京新聞,AI「人類存亡に関わるリスク」 国連高官、安全対策訴え,https://www.tokyo-np.co.jp/article/513996,https://www.tokyo-np.co.jp/,ok,,
2026-09-08,2026-09-08T00:22:47.043425+09:00,全国紙,全国,東京新聞,現代美術の根柢のイデーを問う 「瀧口修造 書くことと描くこと」展〈美術評〉藤田一人,https://www.tokyo-np.co.jp/article/513742,https://www.tokyo-np.co.jp/,ok,,
2026-09-08,2026-09-08T00:22:47.043425+09:00,全国紙,全国,東京新聞,SNSで横行「性的さらし行為」を潜入取材 閉鎖的コミュニティーで見えた危険な実態,https://www.tokyo-np.co.jp/article/513815,https://www.tokyo-np.co.jp/,ok,,
2026-09-08,2026-09-08T00:22:47.043425+09:00,全国紙,全国,東京新聞,「ことばのヤングケアラー」を知っていますか?子どもに多大な重圧...支援するアジズ・アフメッドさんの挑戦,https://www.tokyo-np.co.jp/article/513856,https://www.tokyo-np.co.jp/,ok,,
2026-09-08,2026-09-08T00:22:47.043425+09:00,全国紙,全国,東京新聞,「川が全て奪い去った」ヒンズー教聖地も濁流に ネパール土石流、一時帰還の住民らぼうぜん,https://www.tokyo-np.co.jp/article/513814,https://www.tokyo-np.co.jp/,ok,,
2026-09-08,2026-09-08T00:22:47.043425+09:00,全国紙,全国,東京新聞,首都直下地震でも、スマホはつながる? ドコモやソフトバンク...各社が垣根越え、復旧へタッグ,https://www.tokyo-np.co.jp/article/513347,https://www.tokyo-np.co.jp/,ok,,
2026-09-08,2026-09-08T00:22:47.043425+09:00,全国紙,全国,東京新聞,ルールは「人をいじめないこと」だけのパン屋さん 障害ある人が自然体で愛され16年,https://www.tokyo-np.co.jp/article/513723,https://www.tokyo-np.co.jp/,ok,,
2026-09-08,2026-09-08T00:22:47.043425+09:00,全国紙,全国,東京新聞,ロシア選手「銀メダル捨てた」 五輪フィギュア、判定に不満で,https://www.tokyo-np.co.jp/article/513984,https://www.tokyo-np.co.jp/,ok,,
2026-09-08,2026-09-08T00:22:47.043425+09:00,全国紙,全国,東京新聞,円高進行、一時154円台 2月以来、日米金利差縮小を意識,https://www.tokyo-np.co.jp/article/513977,https://www.tokyo-np.co.jp/,ok,,
2026-09-08,2026-09-08T00:22:47.043425+09:00,全国紙,全国,東京新聞,列島記録的大雨、福島で1人死亡 前線停滞、特別警報は今季6例目,https://www.tokyo-np.co.jp/article/513972,https://www.tokyo-np.co.jp/,ok,,
2026-09-08,2026-09-08T00:22:47.043425+09:00,全国紙,全国,東京新聞,なぜ妻の姓は「ソコロワ」で夫は「ソコロフ」? 話を聞いて分かった日本語にないルール,https://www.tokyo-np.co.jp/article/509286,https://www.tokyo-np.co.jp/,ok,,
2026-09-08,2026-09-08T00:22:47.043425+09:00,全国紙,全国,東京新聞,〈動画〉望月衣塑子記者が中谷元・前防衛相の会見を解説 ICC赤根所長への制裁...高市首相に求めること,https://www.tokyo-np.co.jp/article/513386,https://www.tokyo-np.co.jp/,ok,,tag_movie
2026-09-08,2026-09-08T00:22:47.043425+09:00,全国紙,全国,東京新聞,〈動画〉望月衣塑子記者が立憲民主の田名部幹事長会見を解説 3党合流断念でどうなる?,https://www.tokyo-np.co.jp/article/513114,https://www.tokyo-np.co.jp/,ok,,tag_movie
2026-09-08,2026-09-08T00:22:47.043425+09:00,全国紙,全国,東京新聞,〈動画〉望月衣塑子記者が解説 高市首相へ障害者団体が手紙を手渡すも...「本当に読むんだろうか」,https://www.tokyo-np.co.jp/article/512353,https://www.tokyo-np.co.jp/,ok,,tag_movie
2026-09-08,2026-09-08T00:22:47.043425+09:00,全国紙,全国,東京新聞,〈TOKYO 映えSPOT〉文京・ホテル椿山荘東京 庭園に浮かぶ「雲海」,https://www.tokyo-np.co.jp/article/513721,https://www.tokyo-np.co.jp/,ok,,square
2026-09-08,2026-09-08T00:22:47.043425+09:00,全国紙,全国,中日新聞,異性関係巡りトラブルか 岐阜・本巣ケーキ店3人死亡火災、葬祭会社役員男性が一度退店し再訪後に出火?,https://www.chunichi.co.jp/article/1308067,https://www.chunichi.co.jp/,ok,,
2026-09-08,2026-09-08T00:22:47.043425+09:00,全国紙,全国,中日新聞,名古屋港水族館生まれのベルーガの赤ちゃんが天国へ 8月に生まれたが、容体が悪化,https://www.chunichi.co.jp/article/1307838,https://www.chunichi.co.jp/,ok,,
2026-09-08,2026-09-08T00:22:47.043425+09:00,全国紙,全国,中日新聞,黒柴、奇跡の9匹誕生「衛の壱朗太」から「衛の九重姫」まで 日本犬保存会「初めて聞いた」,https://www.chunichi.co.jp/article/1308044,https://www.chunichi.co.jp/,ok,,
2026-09-08,2026-09-08T00:22:47.043425+09:00,全国紙,全国,中日新聞,「抑制性」神経回路、脳内にできたがん進行も抑制 名古屋市立大などの研究グループ解明,https://www.chunichi.co.jp/article/1308025,https://www.chunichi.co.jp/,ok,,
2026-09-08,2026-09-08T00:22:47.043425+09:00,全国紙,全国,中日新聞,愛知の学校聖火リレー始まる 計14校がトーチつなぐ、村上佳菜子さんも母校で参加,https://www.chunichi.co.jp/article/1308071,https://www.chunichi.co.jp/,ok,,
2026-09-08,2026-09-08T00:22:47.043425+09:00,全国紙,全国,中日新聞,「多様性が次の20年を作っていくのが伊勢らしい」 アンバサダーの歌手相川七瀬さんインタビュー,https://www.chunichi.co.jp/article/1308040,https://www.chunichi.co.jp/,ok,,
2026-09-08,2026-09-08T00:22:47.043425+09:00,全国紙,全国,中日新聞,【動画】ビジュアル系バンドはAED推し 名古屋拠点の「麗麗」、啓発にも本腰,https://www.chunichi.co.jp/article/1306927,https://www.chunichi.co.jp/,ok,,
2026-09-08,2026-09-08T00:22:47.043425+09:00,全国紙,全国,中日新聞,採掘跡地に種子吹きつけ 伊吹鉱山で独自の緑化活動、甲子園球場14個分の広さに,https://www.chunichi.co.jp/article/1307543,https://www.chunichi.co.jp/,ok,,
2026-09-08,2026-09-08T00:22:47.043425+09:00,全国紙,全国,中日新聞,眠っていた学校が芸術の舞台として再出発 11日に開幕する「下呂アートディスカバリー」の会場の一つに,https://www.chunichi.co.jp/article/1307857,https://www.chunichi.co.jp/,ok,,
2026-09-08,2026-09-08T00:22:47.043425+09:00,全国紙,全国,中日新聞,【動画】R-1優勝の今井らいぱちさん「琵琶湖八珍を世界に広める」 滋賀県庁で凱旋報告,https://www.chunichi.co.jp/article/1307944,https://www.chunichi.co.jp/,ok,,
2026-09-08,2026-09-08T00:22:47.043425+09:00,全国紙,全国,中日新聞,中日・大野雄大、今季5戦で防御率0.49と相性抜群の巨人戦で2年連続2桁勝利へ 後半戦は四球増で「細かなずれを修正したい」,https://www.chunichi.co.jp/article/1308036,https://www.chunichi.co.jp/,ok,,
2026-09-08,2026-09-08T00:22:47.043425+09:00,全国紙,全国,中日新聞,「移民ビジネス」外国人の受け入れを巡る現実と課題,https://www.chunichi.co.jp/article/1233264,https://www.chunichi.co.jp/,ok,,
2026-09-08,2026-09-08T00:22:47.043425+09:00,全国紙,全国,中日新聞,【南山大&中日新聞ポッドキャスト企画】アメリカを考える~独立宣言から250年の大変動,https://www.chunichi.co.jp/article/1270383,https://www.chunichi.co.jp/,ok,,
2026-09-08,2026-09-08T00:22:47.043425+09:00,全国紙,全国,中日新聞,【第1部・外国人団地】共生を目指す外国人労働者の姿を描く,https://www.chunichi.co.jp/article/1237076,https://www.chunichi.co.jp/,ok,,
2026-09-08,2026-09-08T00:22:47.043425+09:00,全国紙,全国,中日新聞,読者が選んだグッとコラム大賞は...?,https://www.chunichi.co.jp/article/1230731,https://www.chunichi.co.jp/,ok,,
2026-09-08,2026-09-08T00:22:47.043425+09:00,全国紙,全国,中日新聞,【デジタル地図】南海トラフ巨大地震の想定震度マップ。あなたの地域の想定震度をチェック,https://www.chunichi.co.jp/article/1046009,https://www.chunichi.co.jp/,ok,,
2026-09-08,2026-09-08T00:22:47.043425+09:00,全国紙,全国,中日新聞,【動画】元プロサッカー選手・森山泰行さんの「第3の人生」 大須商店街にスポーツバー開店,https://www.chunichi.co.jp/article/1297773,https://www.chunichi.co.jp/,ok,,video
2026-09-08,2026-09-08T00:22:47.043425+09:00,全国紙,全国,中日新聞,「登り窯」階段には子どもたちの数だけ過ごし方がある 瀬戸市の小中一貫校・にじの丘学園,https://www.chunichi.co.jp/article/1307319,https://www.chunichi.co.jp/,ok,,tag_photo
2026-09-08,2026-09-08T00:22:47.043425+09:00,地方紙,北海道,北海道新聞,,,,skipped,公式RSSはあるが、見出し・本文の公開(再配信)を認めない旨の規約があるため自動取得の対象外とする。,
2026-09-08,2026-09-08T00:22:47.043425+09:00,地方紙,宮城,河北新報,,,,skipped,robots.txtが/rss/をDisallowしておりRSS購読不可。私的利用限定・二次利用禁止の規約があるため自動取得の対象外とする。,
2026-09-08,2026-09-08T00:22:47.043425+09:00,地方紙,新潟,新潟日報,,,,skipped,利用規約でデータマイニング・テキストマイニング・AI学習目的の情報処理・解析利用を明示的に禁止しているため自動取得の対象外とする。,
2026-09-08,2026-09-08T00:22:47.043425+09:00,地方紙,長野,信濃毎日新聞,【写真企画】飯田線“秘境駅”に眠る昭和の記憶 長野県など3県境近くで愛される「小和田駅」のいま【ドローン映像付き】09/07 06:03「カーン、カーン」。6月13日、山あいに警報器の音が響き、JR飯田線小和田こわだ駅(静岡県浜松市)に観光列車「飯田線秘境駅号」が滑り込んだ。観光客が続々と下車し、普段はひっそりとした駅ににぎわいが戻る。車で近づけず、近くに住民もいない「秘境駅」だ。 小和田駅は1936(昭和11)年...,https://www.shinmai.co.jp/news/article/gf01da8ht0am9tl84se1htc0,https://www.shinmai.co.jp/,ok,,
2026-09-08,2026-09-08T00:22:47.043425+09:00,地方紙,長野,信濃毎日新聞,従業員30人以上に賃金未払いか 木曽町のスキー場運営する東京都の企業09/07 21:35,https://www.shinmai.co.jp/news/article/gf01dafalrtttbkcu3kr722g,https://www.shinmai.co.jp/,ok,,
2026-09-08,2026-09-08T00:22:47.043425+09:00,地方紙,長野,信濃毎日新聞,おくやみ速報(9月8日付分)09/07 20:00,https://www.shinmai.co.jp/news/article/gf01daf978kvl121or846t2g,https://www.shinmai.co.jp/,ok,,
2026-09-08,2026-09-08T00:22:47.043425+09:00,地方紙,長野,信濃毎日新聞,長野県、県民の政策提案から10候補を選定 投票受け付けスタート 上位を予算案で具体化へ【表付き】09/07 19:20,https://www.shinmai.co.jp/news/article/gf01daf8oncvl121or846q30,https://www.shinmai.co.jp/,ok,,
2026-09-08,2026-09-08T00:22:47.043425+09:00,地方紙,長野,信濃毎日新聞,長野県、害虫「クビアカツヤカミキリ」緊急防除で薬剤を無償配布 県内4市町村で被害確認09/07 18:54,https://www.shinmai.co.jp/news/article/gf01daf8h1cvl121or846o1g,https://www.shinmai.co.jp/,ok,,
2026-09-08,2026-09-08T00:22:47.043425+09:00,地方紙,長野,信濃毎日新聞,長野県立美術館の「古代エジプト展」入場者10万人を突破 節目を飾ったのは上田市の夫婦09/07 17:59,https://www.shinmai.co.jp/news/article/gf01daf7obtttbkcu3kr6h90,https://www.shinmai.co.jp/,ok,,
2026-09-08,2026-09-08T00:22:47.043425+09:00,地方紙,長野,信濃毎日新聞,3特急あずさや高速バスの運休相次ぐ 長野県内の広い範囲で雨(7日),https://www.shinmai.co.jp/news/article/gf01dafcm2dttbkcu3kr75c0,https://www.shinmai.co.jp/,ok,,
2026-09-08,2026-09-08T00:22:47.043425+09:00,地方紙,長野,信濃毎日新聞,4初めて見た人は驚く?! 長野県で毎日放送されている“日本一難しい”イントロクイズ【ずくだせの日々】,https://www.shinmai.co.jp/news/article/gf01dad95kkvl121or83uieg,https://www.shinmai.co.jp/,ok,,
2026-09-08,2026-09-08T00:22:47.043425+09:00,地方紙,長野,信濃毎日新聞,5長野県内 8日朝から10日にかけて大雨の恐れ 土砂災害に警戒呼びかけ,https://www.shinmai.co.jp/news/article/gf01dafcl05ttbkcu3kr759g,https://www.shinmai.co.jp/,ok,,
2026-09-08,2026-09-08T00:22:47.043425+09:00,地方紙,長野,信濃毎日新聞,6岡谷市の女子生徒盗撮事件 検察側、元中学教諭の被告に拘禁刑1年を求刑,https://www.shinmai.co.jp/news/article/gf01dafbgmcvl121or8474r0,https://www.shinmai.co.jp/,ok,,
2026-09-08,2026-09-08T00:22:47.043425+09:00,地方紙,長野,信濃毎日新聞,7自衛官募集への情報、飯綱町が紙の名簿提供を取りやめ 閲覧認める形に切り替えへ,https://www.shinmai.co.jp/news/article/gf01dafaltsvl121or8472o0,https://www.shinmai.co.jp/,ok,,
2026-09-08,2026-09-08T00:22:47.043425+09:00,地方紙,長野,信濃毎日新聞,9諏訪郡内で詐欺疑い 大阪府の少年を家裁送致,https://www.shinmai.co.jp/news/article/gf01dafalltttbkcu3kr7220,https://www.shinmai.co.jp/,ok,,
2026-09-08,2026-09-08T00:22:47.043425+09:00,地方紙,長野,信濃毎日新聞,10下伊那郡で強盗致傷疑いなどの男、強盗などの罪に切り替え起訴 地検松本支部,https://www.shinmai.co.jp/news/article/gf01dafalk4vl121or8472m0,https://www.shinmai.co.jp/,ok,,
2026-09-08,2026-09-08T00:22:47.043425+09:00,地方紙,長野,信濃毎日新聞,秋の中央アルプスへ でも予想外の足止め...「プランB」練っておく必要性実感【動画付き】長野県社会信州の山ウェブオリジナルイブニング信毎中央アルプスタカシが行く09/07 15:29,https://www.shinmai.co.jp/news/article/gf01daek3g5ttbkcu3kr3lo0,https://www.shinmai.co.jp/,ok,,
2026-09-08,2026-09-08T00:22:47.043425+09:00,地方紙,長野,信濃毎日新聞,書評「ノー・ファンタジー」(上田岳弘著、集英社) 「僕ら」の人生の戦慄とビート長野県文化・芸能ウェブオリジナル09/05 05:30,https://www.shinmai.co.jp/news/article/gf01dad742tttbkcu3kqtuq0,https://www.shinmai.co.jp/,ok,,
2026-09-08,2026-09-08T00:22:47.043425+09:00,地方紙,長野,信濃毎日新聞,信州山レポート 山岳情報ぎゅっとお届け長野県社会安全登山・遭難信州の山ウェブオリジナル09/04 17:45,https://www.shinmai.co.jp/news/article/SHEX2026071400004787,https://www.shinmai.co.jp/,ok,,
2026-09-08,2026-09-08T00:22:47.043425+09:00,地方紙,長野,信濃毎日新聞,黒猫ケンちゃん、やっと美術館に入れたね 「盟友」警備員さんの手で長野県主要くらし・話題ウェブオリジナルイブニング信毎朝日新聞コラボ「いつも、どこかで」09/04 17:00,https://www.shinmai.co.jp/news/article/gf01da5t7sqm9tl84se12rs0,https://www.shinmai.co.jp/,ok,,
2026-09-08,2026-09-08T00:22:47.043425+09:00,地方紙,長野,信濃毎日新聞,民俗芸能とは?「単なる文化事象ではないのです」 持続可能な地域づくりそのもの 長野県主催のシンポで今後を展望〈山と人と信州と〉長野県社会信州の山ウェブオリジナル山と人と信州と09/04 06:04,https://www.shinmai.co.jp/news/article/gf01dacgl44vl121or83plo0,https://www.shinmai.co.jp/,ok,,
2026-09-08,2026-09-08T00:22:47.043425+09:00,地方紙,長野,信濃毎日新聞,「信頼は一瞬で崩れる」 山雅の元流経大キャプテンに待っていた落とし穴 ベンチ外の現実受け止め再出発長野県スポーツウェブオリジナルイブニング信毎サッカー松本山雅松本市08/25 06:30,https://www.shinmai.co.jp/news/article/gf01da5sbkcaejegpfu2nhlg,https://www.shinmai.co.jp/,ok,,
2026-09-08,2026-09-08T00:22:47.043425+09:00,地方紙,長野,信濃毎日新聞,【マンガ】長野県はグミの“産地”って知ってた? きょう9月3日は「グミの日」長野県くらし・話題ウェブオリジナルちゅ~も09/03 09:47,https://www.shinmai.co.jp/news/article/gf01da949s2m9tl84se1l1mg,https://www.shinmai.co.jp/,ok,,
2026-09-08,2026-09-08T00:22:47.043425+09:00,地方紙,静岡,静岡新聞,,,https://www.at-s.com/,skipped,robots.txtによりアクセスが許可されていません: https://www.at-s.com/ (UA=japan-news-frontpage-index-bot/1.0 (+https://github.com/groundcobra009/japan-news-frontpage-index)),
2026-09-08,2026-09-08T00:22:47.043425+09:00,地方紙,京都,京都新聞,人事異動ポータル,https://www.kyoto-np.co.jp/articles/-/1250583,https://www.kyoto-np.co.jp/,ok,,
2026-09-08,2026-09-08T00:22:47.043425+09:00,地方紙,京都,京都新聞,速報内閣改造と自民役員人事、16日実施で調整,https://www.kyoto-np.co.jp/articles/-/1786566,https://www.kyoto-np.co.jp/,ok,,
2026-09-08,2026-09-08T00:22:47.043425+09:00,地方紙,京都,京都新聞,大阪に偏差値70「最難関進学校」誕生?異例の取材対応に感じた予感 関西の名門勢力図に一石投じるか9月7日地域取材で話を聞いていると、時にぞくりとする瞬間がある。経験に裏打ちされ、説得力がある言葉に触れると、そんな感覚を抱く。大阪市の...,https://www.kyoto-np.co.jp/articles/-/1773885,https://www.kyoto-np.co.jp/,ok,,
2026-09-08,2026-09-08T00:22:47.043425+09:00,地方紙,京都,京都新聞,京都市中京区に安藤忠雄さん設計の図書施設 指定管理者に京都の書店経営9月7日市内建築家安藤忠雄さんが京都市内で設計、建設する図,https://www.kyoto-np.co.jp/articles/-/1786345,https://www.kyoto-np.co.jp/,ok,,
2026-09-08,2026-09-08T00:22:47.043425+09:00,地方紙,京都,京都新聞,京都府宇治市の公共施設「駐車場が足りない」 相次ぐ路上駐車や利用断念、署名提出も9月7日地域東宇治コミュニティセンター(京都府宇治市五ケ庄)の駐車場を巡って、住民から拡張を求める声が上がっている。17台分しかなく、利用を諦めたり路...,https://www.kyoto-np.co.jp/articles/-/1785675,https://www.kyoto-np.co.jp/,ok,,
2026-09-08,2026-09-08T00:22:47.043425+09:00,地方紙,京都,京都新聞,大阪中心部の巨大複合小売り店「閉店」へ Aぇ!group、なにわ男子、M!LKファン悲しみ「嘘と言って」9月7日地域大阪にゆかりがあるアイドルグループの写真集や雑誌などの充実した品ぞろえで知られ、ファンたちは「聖地」として足しげく通った大阪市の大型店が...,https://www.kyoto-np.co.jp/articles/-/1778611,https://www.kyoto-np.co.jp/,ok,,
2026-09-08,2026-09-08T00:22:47.043425+09:00,地方紙,京都,京都新聞,京都府南部の「線路ガード下が低すぎる」問題 高さまさかの120センチ「お辞儀しないと通れない」9月7日地域大半の人が「お辞儀」をするような姿勢で通る線路下の道路が、宇治市木幡にある。それもそのはず、高さが1・2メートルしかない。「低すぎるガード...,https://www.kyoto-np.co.jp/articles/-/1785680,https://www.kyoto-np.co.jp/,ok,,
2026-09-08,2026-09-08T00:22:47.043425+09:00,地方紙,京都,京都新聞,【速報】京都府、8~10日頃にかけ長雨の見通し 土砂災害リスク高い状態継続、警報級大雨の可能性も9月7日市内京都地方気象台は7日夕、大雨に関する気象情報を発表し、京都府は8日午後~10日にかけて強弱を繰り返しながら長雨となり、雨量が増えた場合は警...,https://www.kyoto-np.co.jp/articles/-/1786305,https://www.kyoto-np.co.jp/,ok,,
2026-09-08,2026-09-08T00:22:47.043425+09:00,地方紙,京都,京都新聞,「売るべからず」と書かれた封筒の中身は「幻の手紙」だった 同志社創設・新島襄がしたためた「良心」9月7日市内同志社大の創設者・新島襄(1843~90年)が、同志社教育の原点である「良心」について綴(つづ)った幻の書簡が見つかった。最晩年に東京から...,https://www.kyoto-np.co.jp/articles/-/1786135,https://www.kyoto-np.co.jp/,ok,,
2026-09-08,2026-09-08T00:22:47.043425+09:00,地方紙,京都,京都新聞,京都大学の「就職先ランキング」トップ10は コンサルが上位席巻、メガバンクも復権目立つ9月7日市内,https://www.kyoto-np.co.jp/articles/-/1784988,https://www.kyoto-np.co.jp/,ok,,
2026-09-08,2026-09-08T00:22:47.043425+09:00,地方紙,京都,京都新聞,京都府の公立高校「存続の条件」は地域の関与にあり 関西大学教授「教育行政だけの課題ではない」9月7日地域,https://www.kyoto-np.co.jp/articles/-/1783878,https://www.kyoto-np.co.jp/,ok,,
2026-09-08,2026-09-08T00:22:47.043425+09:00,地方紙,京都,京都新聞,JR西日本の新幹線「500系」引退へ...社運かけた「開発秘話」 人気の「スター車両」はこうして生まれた9月6日大阪,https://www.kyoto-np.co.jp/articles/-/1785039,https://www.kyoto-np.co.jp/,ok,,
2026-09-08,2026-09-08T00:22:47.043425+09:00,地方紙,京都,京都新聞,高校無償化は「毒にも薬にもなる」その真意は 京都や大阪の公立高校の「あるべき姿」とは9月5日地域,https://www.kyoto-np.co.jp/articles/-/1783876,https://www.kyoto-np.co.jp/,ok,,
2026-09-08,2026-09-08T00:22:47.043425+09:00,地方紙,京都,京都新聞,【高校野球】夏の京都大会で与四死球が少なかった1、2年生を調査 チームに好リズム生んだピッチャーは?9月5日京都,https://www.kyoto-np.co.jp/articles/-/1783513,https://www.kyoto-np.co.jp/,ok,,
2026-09-08,2026-09-08T00:22:47.043425+09:00,地方紙,京都,京都新聞,京都府内のスーパーは「2強体制」? 売上1位の「あのスーパー」が強い納得の理由9月5日地域,https://www.kyoto-np.co.jp/articles/-/1783844,https://www.kyoto-np.co.jp/,ok,,
2026-09-08,2026-09-08T00:22:47.043425+09:00,地方紙,京都,京都新聞,「来年こそは京都市議会に1人擁立する」 府議会の議席にも意欲、社民党京都府連代表・中村在男氏に聞く9月5日市内,https://www.kyoto-np.co.jp/articles/-/1784999,https://www.kyoto-np.co.jp/,ok,,
2026-09-08,2026-09-08T00:22:47.043425+09:00,地方紙,京都,京都新聞,京都サンガのMF佐藤響はPKを与えた場面をどう振り返る 「あのタイミングで...」 一問一答9月4日地域,https://www.kyoto-np.co.jp/articles/-/1784132,https://www.kyoto-np.co.jp/,ok,,
2026-09-08,2026-09-08T00:22:47.043425+09:00,地方紙,京都,京都新聞,【高校野球】新チームの「スピードスター」は?夏の京都大会で盗塁数の多かった1、2年生に注目9月4日京都,https://www.kyoto-np.co.jp/articles/-/1783433,https://www.kyoto-np.co.jp/,ok,,
2026-09-08,2026-09-08T00:22:47.043425+09:00,地方紙,京都,京都新聞,京都サンガのMF尹星俊が語る相棒への思い「やっぱり11人全員で戦わないと」 一問一答9月4日地域,https://www.kyoto-np.co.jp/articles/-/1784131,https://www.kyoto-np.co.jp/,ok,,
2026-09-08,2026-09-08T00:22:47.043425+09:00,地方紙,京都,京都新聞,京都市、大工工事会社と電気工事会社の2社、破産手続き開始決定 異業種チャレンジも、低迷の背景は9月4日市内,https://www.kyoto-np.co.jp/articles/-/1784245,https://www.kyoto-np.co.jp/,ok,,
2026-09-08,2026-09-08T00:22:47.043425+09:00,地方紙,兵庫,神戸新聞,神姫バスのIC乗車券「NicoPa」27年に廃止 定期券は「ICOCA」「PiTaPa」に切り替え,https://www.kobe-np.co.jp/news/economy/202609/0020793878.shtml,https://www.kobe-np.co.jp/,ok,,
2026-09-08,2026-09-08T00:22:47.043425+09:00,地方紙,兵庫,神戸新聞,シルバーウイークの県内渋滞予測 神戸淡路鳴門道で最大25キロ 阪神高速神戸線でも20キロ以上,https://www.kobe-np.co.jp/news/society/202609/0020793123.shtml,https://www.kobe-np.co.jp/,ok,,
2026-09-08,2026-09-08T00:22:47.043425+09:00,地方紙,兵庫,神戸新聞,女子バレーのヴィクトリーナ姫路「日本で最高のチームへ」 市内で壮行会、選手ら決意,https://www.kobe-np.co.jp/news/sports/202609/0020794094.shtml,https://www.kobe-np.co.jp/,ok,,
2026-09-08,2026-09-08T00:22:47.043425+09:00,地方紙,兵庫,神戸新聞,将棋・王位戦、8日から神奈川で第6局 藤井7連覇か、伊藤しのぐか注目の一局,https://www.kobe-np.co.jp/news/culture/202609/0020793622.shtml,https://www.kobe-np.co.jp/,ok,,
2026-09-08,2026-09-08T00:22:47.043425+09:00,地方紙,兵庫,神戸新聞,淡路市のONOKORO閉園へ 市議会委員会が管理条例廃止案を可決 市議「とても残念」,https://www.kobe-np.co.jp/news/awaji/202609/0020793808.shtml,https://www.kobe-np.co.jp/,ok,,
2026-09-08,2026-09-08T00:22:47.043425+09:00,地方紙,兵庫,神戸新聞,県会各会派、財政規律の徹底求める 新年度予算編成向け、知事らに重要政策提言,https://www.kobe-np.co.jp/news/society/202609/0020793732.shtml,https://www.kobe-np.co.jp/,ok,,
2026-09-08,2026-09-08T00:22:47.043425+09:00,地方紙,兵庫,神戸新聞,兵庫県の告発文書問題巡る誤情報、Xで広く拡散 インフルエンサー経由で1000万回表示,https://www.kobe-np.co.jp/news/society/202609/0020790640.shtml,https://www.kobe-np.co.jp/,ok,,
2026-09-08,2026-09-08T00:22:47.043425+09:00,地方紙,兵庫,神戸新聞,AIがX投稿を自動要約 内容が二転三転、誤情報拡散の一因に,https://www.kobe-np.co.jp/news/society/202609/0020790642.shtml,https://www.kobe-np.co.jp/,ok,,
2026-09-08,2026-09-08T00:22:47.043425+09:00,地方紙,兵庫,神戸新聞,西宮乳児暴行死、父親に懲役8年判決 動機や経緯「身勝手かつ理不尽」 神戸地裁,https://www.kobe-np.co.jp/news/jiken/202609/0020793533.shtml,https://www.kobe-np.co.jp/,ok,,
2026-09-08,2026-09-08T00:22:47.043425+09:00,地方紙,兵庫,神戸新聞,とれたて食材で直営レストラン JAたじま「たべまんま」オープン 定食、丼など20種類提供,https://www.kobe-np.co.jp/news/tajima/202609/0020791024.shtml,https://www.kobe-np.co.jp/,ok,,
2026-09-08,2026-09-08T00:22:47.043425+09:00,地方紙,兵庫,神戸新聞,沖縄の学生が神戸の児童養護施設と交流 実習で寝食共に、子どもの心のケア学ぶ,https://www.kobe-np.co.jp/news/society/202609/0020793374.shtml,https://www.kobe-np.co.jp/,ok,,
2026-09-08,2026-09-08T00:22:47.043425+09:00,地方紙,兵庫,神戸新聞,自転車の車内持ち込みOK、乗客増へ「サイクルトレイン」 神鉄粟生線で9~11月に実証実験,https://www.kobe-np.co.jp/news/society/202609/0020793158.shtml,https://www.kobe-np.co.jp/,ok,,
2026-09-08,2026-09-08T00:22:47.043425+09:00,地方紙,兵庫,神戸新聞,北播磨医療センター25年度決算 7億7千万円の赤字、累積赤字は9億6千万円に,https://www.kobe-np.co.jp/news/miki/202609/0020790781.shtml,https://www.kobe-np.co.jp/,ok,,
2026-09-08,2026-09-08T00:22:47.043425+09:00,地方紙,兵庫,神戸新聞,子どもたちがくぎ付け,https://www.kobe-np.co.jp/news/kobe/202609/0020793778.shtml,https://www.kobe-np.co.jp/,ok,,
2026-09-08,2026-09-08T00:22:47.043425+09:00,地方紙,兵庫,神戸新聞,<県政リアル 知事就任5年>(6)距離感 離れた大阪、県内首長も模索,https://www.kobe-np.co.jp/news/society/202608/0020681985.shtml,https://www.kobe-np.co.jp/,ok,,
2026-09-08,2026-09-08T00:22:47.043425+09:00,地方紙,兵庫,神戸新聞,神戸拠点の創薬ベンチャー、食道がんで世界初のウイルス治療薬開発 倒産危機越え苦難の20年,https://www.kobe-np.co.jp/news/economy/202609/0020776285.shtml,https://www.kobe-np.co.jp/,ok,,
2026-09-08,2026-09-08T00:22:47.043425+09:00,地方紙,兵庫,神戸新聞,使わなくなった楽器「中学生に寄付を」 西宮市、部活地域展開に合わせ募集 吹奏楽クラブで活用へ,https://www.kobe-np.co.jp/news/hanshin/202609/0020783405.shtml,https://www.kobe-np.co.jp/,ok,,
2026-09-08,2026-09-08T00:22:47.043425+09:00,地方紙,兵庫,神戸新聞,播磨町の「危ない交差点」 住宅街の小さな十字路、3年間の人身事故全8件が車の信号無視,https://www.kobe-np.co.jp/news/richb/202609/0020772450.shtml,https://www.kobe-np.co.jp/,ok,,
2026-09-08,2026-09-08T00:22:47.043425+09:00,地方紙,兵庫,神戸新聞,<近日公開 9月のオススメ記事>バスケBプレミア、防災DX、「随想」新執筆陣...etc.,https://www.kobe-np.co.jp/news/richa/202608/0020749065.shtml,https://www.kobe-np.co.jp/,ok,,
2026-09-08,2026-09-08T00:22:47.043425+09:00,地方紙,兵庫,神戸新聞,警官名乗る男から「詐欺事件の関係先にあなたのカード」 神戸の31歳女性が100万円だまし取られる,https://www.kobe-np.co.jp/news/sagi/202609/0020794263.shtml,https://www.kobe-np.co.jp/,ok,,
2026-09-08,2026-09-08T00:22:47.043425+09:00,地方紙,広島,中国新聞,,,,skipped,利用規約でAI開発目的のディープラーニング等の情報処理・解析利用を明示的に禁止しているため自動取得の対象外とする。,
2026-09-08,2026-09-08T00:22:47.043425+09:00,地方紙,福岡,西日本新聞,,,,skipped,公式RSSはあるが、利用規約でAI学習目的の情報処理・解析利用を明示的に禁止しているため自動取得の対象外とする。,
2026-09-08,2026-09-08T00:22:47.043425+09:00,地方紙,熊本,熊本日日新聞,,,https://kumanichi.com/rss.xml,error,RSSの取得/パースに失敗しました: https://kumanichi.com/rss.xml (<unknown>:5:2: mismatched tag),
2026-09-08,2026-09-08T00:22:47.043425+09:00,地方紙,鹿児島,南日本新聞,9月7日23時21分ごろ地震がありました。【観測地域】熊本県熊本地方など 【震度】3今後の地震情報にご注意ください。,https://373news.com/lifestyle/disaster/earthquake/detail/20260907232129,https://373news.com/,ok,,
2026-09-08,2026-09-08T00:22:47.043425+09:00,地方紙,鹿児島,南日本新聞,指宿で伊勢えび祭り始まる――47店舗が参加「刺し身や焼き物で」...県産食材ふんだんに使う会席料理を披露鹿児島県指宿市内の飲食店やホテルで開かれている「指宿伊勢えび祭りと秋のグルメ」のメニューお披露目会が、同市の時遊館COCCOはしむれであった。経済団体や観光関係者らが出席し、PR用に展示されたメニューを撮影したり、料理人の説明に耳を傾けたりした。 祭りは市内47店舗が参加。10月末までの期間中、伊勢エビのほか、オクラ、かつお節など地元特産品や旬の食材を使ったメニューを提供する。9月7日 20:30,https://373news.com/news/local/detail/239193/,https://373news.com/,ok,,local
2026-09-08,2026-09-08T00:22:47.043425+09:00,地方紙,鹿児島,南日本新聞,フェリー航路維持へ住民ら知事に要望書「前向きな回答得られた」9月7日 21:40,https://373news.com/news/local/detail/239243/,https://373news.com/,ok,,local
2026-09-08,2026-09-08T00:22:47.043425+09:00,地方紙,鹿児島,南日本新聞,鹿児島県内の企業倒産8月は5〜6件 負債総額は9億円 民間調査会社「今後も高水準続く」9月7日 21:33,https://373news.com/news/local/detail/239242/,https://373news.com/,ok,,local
2026-09-08,2026-09-08T00:22:47.043425+09:00,地方紙,鹿児島,南日本新聞,鹿県は団体銀賞 赤嵜さん(長島町)個人金賞 九州和牛枝肉共励会9月7日 21:30,https://373news.com/news/local/detail/239244/,https://373news.com/,ok,,local
2026-09-08,2026-09-08T00:22:47.043425+09:00,地方紙,鹿児島,南日本新聞,[新社長]Wiz鹿児島(鹿児島市)は丸山健太郎氏9月7日 21:28,https://373news.com/news/local/detail/239245/,https://373news.com/,ok,,local
2026-09-08,2026-09-08T00:22:47.043425+09:00,地方紙,鹿児島,南日本新聞,鹿児島市で救急訓練、部活バス事故を想定...「名前は言えますか」28人負傷、その時現場は9月7日 20:34,https://373news.com/news/local/detail/239241/,https://373news.com/,ok,,local
2026-09-08,2026-09-08T00:22:47.043425+09:00,地方紙,鹿児島,南日本新聞,警察官名乗る電話、えっ紙幣番号の調査...? 鹿児島県曽於市の70代標的、親族の機転で阻止9月7日 19:57,https://373news.com/news/local/detail/239240/,https://373news.com/,ok,,local
2026-09-08,2026-09-08T00:22:47.043425+09:00,地方紙,鹿児島,南日本新聞,鹿児島県内のマッサージ店で客の体を触り逮捕、経営者の男 不同意わいせつ疑い9月7日 19:45,https://373news.com/news/local/detail/239230/,https://373news.com/,ok,,local
2026-09-08,2026-09-08T00:22:47.043425+09:00,地方紙,鹿児島,南日本新聞,鹿児島市・永田川の遺体、77歳男性と判明...知人の「連絡が取れない」が決め手に9月7日 19:41,https://373news.com/news/local/detail/239229/,https://373news.com/,ok,,local
2026-09-08,2026-09-08T00:22:47.043425+09:00,地方紙,鹿児島,南日本新聞,1鹿児島のホテルや車内で「隠れたばこ」増加...喫煙場所が減少、加熱式普及で心理的ハードル下がる? 事業者「臭いだけでは指摘しにくい」,https://373news.com/news/local/detail/239165/,https://373news.com/,ok,,local
2026-09-08,2026-09-08T00:22:47.043425+09:00,地方紙,鹿児島,南日本新聞,2鹿児島大准教授が熊本南部の方言翻訳サービス開発――被災地支援者へ無料提供「困りごとをうまく聞き取って」,https://373news.com/news/local/detail/239195/,https://373news.com/,ok,,local
2026-09-08,2026-09-08T00:22:47.043425+09:00,地方紙,鹿児島,南日本新聞,3コンベヤーに巻き込まれたか――南大隅町の豚舎で65歳職員死亡,https://373news.com/news/local/detail/239191/,https://373news.com/,ok,,local
2026-09-08,2026-09-08T00:22:47.043425+09:00,地方紙,鹿児島,南日本新聞,4霧島の冠婚葬祭店、金庫から66万円消える...31歳元従業員を窃盗容疑で逮捕―「盗もうと思ったのではない」と一部否認,https://373news.com/news/local/detail/239221/,https://373news.com/,ok,,local
2026-09-08,2026-09-08T00:22:47.043425+09:00,地方紙,鹿児島,南日本新聞,5「相手の口を閉ざしたかった」――46歳男、訪問してきた女性団体職員に暴行疑い 沖永良部署が逮捕,https://373news.com/news/local/detail/239091/,https://373news.com/,ok,,local
2026-09-08,2026-09-08T00:22:47.043425+09:00,地方紙,鹿児島,南日本新聞,6鹿児島50代男性が2700万円被害――「将来一緒に」SNS女性の甘い誘い...ロマンス詐欺、勾玉購入代など振り込む,https://373news.com/news/local/detail/239206/,https://373news.com/,ok,,local
2026-09-08,2026-09-08T00:22:47.043425+09:00,地方紙,鹿児島,南日本新聞,8初心者も80代も思い思いの「竹細工」に夢中――鹿児島・出水市高尾野で4年目の竹友会 市の産業祭で販売も,https://373news.com/news/local/detail/239202/,https://373news.com/,ok,,local
2026-09-08,2026-09-08T00:22:47.043425+09:00,地方紙,鹿児島,南日本新聞,92万8000円のフィギュア目的か――盗んだ後、呼び止めた客にけがを負わせた容疑で逮捕,https://373news.com/news/local/detail/239190/,https://373news.com/,ok,,local
2026-09-08,2026-09-08T00:22:47.043425+09:00,地方紙,鹿児島,南日本新聞,「暑くないから大丈夫」そう言い張る高齢の親...冷房をつけさせたいけど、どう声かけたらいいの?――鹿児島の看護師が教える「否定しない伝え方」は8月20日 11:30,https://373news.com/lineup/kotimina/detail/238277/,https://373news.com/,ok,,
2026-09-08,2026-09-08T00:22:47.043425+09:00,地方紙,鹿児島,南日本新聞,AI「人類存亡に関わるリスク」 国連高官、安全対策訴え9月7日 20:31,https://373news.com/news/national/detail/2026090701002278/,https://373news.com/,ok,,national
2026-09-08,2026-09-08T00:22:47.043425+09:00,地方紙,沖縄,琉球新報,,,,skipped,利用規約で複製・複写・送信・頒布・蓄積・転載等を会社の承認なく行うことを広範に禁止しているため自動取得の対象外とする。,
2026-09-08,2026-09-08T00:22:47.043425+09:00,地方紙,沖縄,沖縄タイムス,沖縄タイムス社はSNS時代の選挙報道指針を策定しました,https://www.okinawatimes.co.jp/articles/-/1912094,https://www.okinawatimes.co.jp/,ok,,
2026-09-08,2026-09-08T00:22:47.043425+09:00,地方紙,沖縄,沖縄タイムス,酒気帯び・無免許か 男子高校生2人がバイクで事故 パトカーから逃走 那覇市9月7日 21:43事件・事故7日午前2時5分ごろ、那覇市辻1丁目の県道で、パトカーが追跡していたバイクが転倒し、ブロック塀に衝突した。バイクに乗っていた、いずれも本島南部に住む18歳の男子高校生2人が足に軽いけがをした。,https://www.okinawatimes.co.jp/articles/-/1918993,https://www.okinawatimes.co.jp/,ok,,
2026-09-08,2026-09-08T00:22:47.043425+09:00,地方紙,沖縄,沖縄タイムス,沖縄尚学・末吉、香港打線を手玉に 日本が18-0で白星発進 U-18アジア選手権19:36有料#高校野球,https://www.okinawatimes.co.jp/articles/-/1918932,https://www.okinawatimes.co.jp/,ok,,
2026-09-08,2026-09-08T00:22:47.043425+09:00,地方紙,沖縄,沖縄タイムス,【統一地方選】南風原町議選・西原町議選・中城村議選・読谷村議選の特設サイト開設 顔ぶれや主張を紹介18:15#統一地方選,https://www.okinawatimes.co.jp/articles/-/1918874,https://www.okinawatimes.co.jp/,ok,,
2026-09-08,2026-09-08T00:22:47.043425+09:00,地方紙,沖縄,沖縄タイムス,沖縄県知事選挙、何を重視して選ぶ? 「辺野古」賛否が拮抗 無党派層61%2:09有料#沖縄県知事選,https://www.okinawatimes.co.jp/articles/-/1918429,https://www.okinawatimes.co.jp/,ok,,
2026-09-08,2026-09-08T00:22:47.043425+09:00,地方紙,沖縄,沖縄タイムス,浦添市が市内企業の成長を後押し 3社を認定、選ばれた企業とは?【写真あり】6:15有料#浦添市,https://www.okinawatimes.co.jp/articles/-/1917910,https://www.okinawatimes.co.jp/,ok,,
2026-09-08,2026-09-08T00:22:47.043425+09:00,地方紙,沖縄,沖縄タイムス,沖縄県知事選の期日前投票、6日までに7万3565人 前回比1.97ポイント増 県選管が中間状況を発表12:01#沖縄県知事選,https://www.okinawatimes.co.jp/articles/-/1918622,https://www.okinawatimes.co.jp/,ok,,
2026-09-08,2026-09-08T00:22:47.043425+09:00,地方紙,沖縄,沖縄タイムス,服作り 広がるエコな染色 「汚染産業」脱却目指す 廃棄資源活用し水も削減4:00有料#社会・くらし,https://www.okinawatimes.co.jp/articles/-/1918303,https://www.okinawatimes.co.jp/,ok,,
2026-09-08,2026-09-08T00:22:47.043425+09:00,地方紙,沖縄,沖縄タイムス,【北谷町議選】立候補予定者の顔ぶれを特設サイトで公開(随時更新)9:34#北谷町,https://www.okinawatimes.co.jp/articles/-/1918028,https://www.okinawatimes.co.jp/,ok,,
2026-09-08,2026-09-08T00:22:47.043425+09:00,地方紙,沖縄,沖縄タイムス,【南風原町議選】立候補予定者の顔ぶれを特設サイトで公開(随時更新)14:33#統一地方選,https://www.okinawatimes.co.jp/articles/-/1918749,https://www.okinawatimes.co.jp/,ok,,
2026-09-08,2026-09-08T00:22:47.043425+09:00,地方紙,沖縄,沖縄タイムス,大田革新県政8年に幕、稲嶺保守県政が誕生 選挙戦を秘蔵写真で振り返る【プレイバック知事選半世紀(4)】22:42有料#沖縄県知事選,https://www.okinawatimes.co.jp/articles/-/1918314,https://www.okinawatimes.co.jp/,ok,,
2026-09-08,2026-09-08T00:22:47.043425+09:00,地方紙,沖縄,沖縄タイムス,竹富町議選告示、定数12に13人の争い確定 投票は12日、開票は知事選と同じ13日【候補者一覧】17:04#竹富町議選,https://www.okinawatimes.co.jp/articles/-/1918544,https://www.okinawatimes.co.jp/,ok,,
2026-09-08,2026-09-08T00:22:47.043425+09:00,地方紙,沖縄,沖縄タイムス,「買い物も通院も困難」 弱者が抱える苦悩 知事選で問われる「交通空白」の現実8:13有料#沖縄県知事選,https://www.okinawatimes.co.jp/articles/-/1918382,https://www.okinawatimes.co.jp/,ok,,
2026-09-08,2026-09-08T00:22:47.043425+09:00,地方紙,沖縄,沖縄タイムス,昔の若者はマジムンと遊んでいた? 一緒に相撲...横綱級の強さで歯が立たず【邪気なし編】8:54有料#小原猛さんのマ...,https://www.okinawatimes.co.jp/articles/-/1918332,https://www.okinawatimes.co.jp/,ok,,
2026-09-08,2026-09-08T00:22:47.043425+09:00,地方紙,沖縄,沖縄タイムス,招待制SNS中心に「性的さらし行為」横行 女性の写真投稿、住所売買や侮辱も相次ぐ10:36有料#社会・くらし,https://www.okinawatimes.co.jp/articles/-/1918375,https://www.okinawatimes.co.jp/,ok,,
2026-09-08,2026-09-08T00:22:47.043425+09:00,地方紙,沖縄,沖縄タイムス,沖縄県知事選挙へ向け最後の日曜 古謝氏と玉城氏、街頭繰り出し支持訴え5:01有料#沖縄県知事選,https://www.okinawatimes.co.jp/articles/-/1918424,https://www.okinawatimes.co.jp/,ok,,
2026-09-08,2026-09-08T00:22:47.043425+09:00,地方紙,沖縄,沖縄タイムス,沖縄県知事選挙の最新情勢は? 3社合同情勢調査23:30有料#沖縄県知事選,https://www.okinawatimes.co.jp/articles/-/1917742,https://www.okinawatimes.co.jp/,ok,,
2026-09-08,2026-09-08T00:22:47.043425+09:00,地方紙,沖縄,沖縄タイムス,塩地優 さんがコメント(9月7日 12:40),https://www.okinawatimes.co.jp/articles/-/1917955,https://www.okinawatimes.co.jp/,ok,,
2026-09-08,2026-09-08T00:22:47.043425+09:00,全国紙,全国,日本経済新聞,北朝鮮選手らの入国容認へ 政府、名古屋アジア大会で,https://www.nikkei.com/article/DGXZQOUA07A9B0X00C26A9000000/,https://news.ceek.jp/search.cgi?category_id=politics&feed=1,ok,,政治
2026-09-08,2026-09-08T00:22:47.043425+09:00,全国紙,全国,日本経済新聞,高市首相、開会式に出席せず 愛知・名古屋アジア大会,https://www.nikkei.com/article/DGXZQOUA07A9F0X00C26A9000000/,https://news.ceek.jp/search.cgi?category_id=politics&feed=1,ok,,政治
2026-09-08,2026-09-08T00:22:47.043425+09:00,全国紙,全国,日本経済新聞,7日の高市首相の動静,https://www.nikkei.com/article/DGXZQOUA070F60X00C26A9000000/,https://news.ceek.jp/search.cgi?category_id=politics&feed=1,ok,,政治
2026-09-08,2026-09-08T00:22:47.043425+09:00,全国紙,全国,日本経済新聞,日米韓が東シナ海で共同訓練 サイバー空間も対象、北朝鮮は反発,https://www.nikkei.com/article/DGXZQOUA07A1Q0X00C26A9000000/,https://news.ceek.jp/search.cgi?category_id=politics&feed=1,ok,,政治
2026-09-08,2026-09-08T00:22:47.043425+09:00,その他メディア,,共同通信,【速報】内閣改造と自民役員人事、16日実施で調整,https://www.47news.jp/14906071.html,https://news.ceek.jp/search.cgi?category_id=politics&feed=1,ok,,政治
2026-09-08,2026-09-08T00:22:47.043425+09:00,全国紙,全国,読売新聞,パワハラ認定の山中竹春・横浜市長、市議会が全会一致で辞職同意...市長選「全くの白紙」「私自身が反省とおわび」,https://www.yomiuri.co.jp/politics/20260907-GYT1T00277/,https://news.ceek.jp/search.cgi?category_id=politics&feed=1,ok,,政治
2026-09-08,2026-09-08T00:22:47.043425+09:00,全国紙,全国,産経新聞,政府、北朝鮮選手らの入国容認へ 19日開幕の名古屋アジア大会 独自制裁で原則禁止も,https://www.sankei.com/article/20260907-L7N2XSS57VM3DE6UEMBCRDSNZQ/,https://news.ceek.jp/search.cgi?category_id=politics&feed=1,ok,,政治
2026-09-08,2026-09-08T00:22:47.043425+09:00,全国紙,全国,産経新聞,高市首相、愛知・名古屋アジア大会開会式に出席せず 1994年広島大会も首相出席なし,https://www.sankei.com/article/20260907-CJ6OLLZS6NJ6BN4BQILNNWSE7M/,https://news.ceek.jp/search.cgi?category_id=politics&feed=1,ok,,政治
2026-09-08,2026-09-08T00:22:47.043425+09:00,その他メディア,,Abema TIMES,"記者「最後まで話させてください」いのちの党の会見が“ヒートアップ""! ヤジも飛ぶ事態に...奥田ふみよ氏の「なんてったって公助」の活動めぐり「八幡愛さんは適性ない」",https://times.abema.tv/articles/-/10271617?page=1,https://news.ceek.jp/search.cgi?category_id=politics&feed=1,ok,,政治
2026-09-08,2026-09-08T00:22:47.043425+09:00,その他メディア,,時事通信,高市首相、トランプ氏と接触探る 訪米時、米中会談控え,https://www.jiji.com/jc/article?k=2026090700904&g=pol,https://news.ceek.jp/search.cgi?category_id=politics&feed=1,ok,,政治
2026-09-08,2026-09-08T00:22:47.043425+09:00,その他メディア,,Abema TIMES,"「有権者を愚弄」“元サヤ""否定から一転、わずか7カ月で中道解体へ...「最初から無理」元立憲幹部の告白と消えた政権交代の受け皿",https://times.abema.tv/articles/-/10271612?page=1,https://news.ceek.jp/search.cgi?category_id=politics&feed=1,ok,,政治
2026-09-08,2026-09-08T00:22:47.043425+09:00,その他メディア,,テレビ朝日,"「有権者を愚弄」“元サヤ""否定から一転、わずか7カ月で中道解体へ...「最初から無理」元立憲幹部の告白と消えた政権交代の受け皿",https://news.tv-asahi.co.jp/news_politics/articles/900199093.html,https://news.ceek.jp/search.cgi?category_id=politics&feed=1,ok,,政治
2026-09-08,2026-09-08T00:22:47.043425+09:00,その他メディア,,Abema TIMES,"“パワハラ""横浜市長 辞職承認",https://times.abema.tv/articles/-/10271600?page=1,https://news.ceek.jp/search.cgi?category_id=politics&feed=1,ok,,政治
2026-09-08,2026-09-08T00:22:47.043425+09:00,その他メディア,,フジテレビ,"「遅刻って何?10分前には全員集合」長野県民の真面目さと“あるある""がかるたに 県誕生150周年を記念し「真面目か!るた展」開催 「くすっと笑える」48種類 「長野県らしい所を発見して県民の誇りに」",https://www.fnn.jp/articles/-/1109696,https://news.ceek.jp/search.cgi?category_id=politics&feed=1,ok,,政治
2026-09-08,2026-09-08T00:22:47.043425+09:00,全国紙,全国,日本経済新聞,広島・呉市の日鉄跡地、早期整備に意欲 小泉進次郎防衛相が視察,https://www.nikkei.com/article/DGXZQOUA078G40X00C26A9000000/,https://news.ceek.jp/search.cgi?category_id=politics&feed=1,ok,,政治
2026-09-08,2026-09-08T00:22:47.043425+09:00,その他メディア,,フジテレビ,林総務大臣が秋田入り 買い物支援の現場や社員寮を視察,https://www.fnn.jp/articles/-/1109703,https://news.ceek.jp/search.cgi?category_id=politics&feed=1,ok,,政治
2026-09-08,2026-09-08T00:22:47.043425+09:00,その他メディア,,共同通信,内閣改造、16日にも人事着手 首相、臨時国会へ準備期間を確保,https://www.47news.jp/14905662.html,https://news.ceek.jp/search.cgi?category_id=politics&feed=1,ok,,政治
2026-09-08,2026-09-08T00:22:47.043425+09:00,その他メディア,,フジテレビ,日米韓3カ国が共同訓練「フリーダム・エッジ」開始 東シナ海などで11日まで 北朝鮮や中国念頭か,https://www.fnn.jp/articles/-/1109653,https://news.ceek.jp/search.cgi?category_id=politics&feed=1,ok,,政治
2026-09-08,2026-09-08T00:22:47.043425+09:00,その他メディア,,フジテレビ,"‟そして誰もいなくなる?""疑惑に揺れる福岡県議会 自民幹部の議員辞職や役職辞任相次ぐ 既に5人中4人【福岡発】",https://www.fnn.jp/articles/-/1109542,https://news.ceek.jp/search.cgi?category_id=politics&feed=1,ok,,政治
2026-09-08,2026-09-08T00:22:47.043425+09:00,その他メディア,,フジテレビ,国の来年度予算の概算要求 福島県知事「おおむね県の要求が反映」中核病院整備や帰還支援など,https://www.fnn.jp/articles/-/1109632,https://news.ceek.jp/search.cgi?category_id=politics&feed=1,ok,,政治
2026-09-08,2026-09-08T00:22:47.043425+09:00,全国紙,全国,読売新聞,海外ワインをトンネルや海底保存し「潜在能力を引き出した」か...総務省、ふるさと納税巡り返礼品の実態調査,https://www.yomiuri.co.jp/politics/20260907-GYT1T00258/,https://news.ceek.jp/search.cgi?category_id=politics&feed=1,ok,,政治
2026-09-08,2026-09-08T00:22:47.043425+09:00,全国紙,全国,朝日新聞,【社説】国民民主、問われる「対決より解決」 野党の責務果たせるか,https://www.asahi.com/articles/ASV9731XKV97USPT008M.html,https://news.ceek.jp/search.cgi?category_id=politics&feed=1,ok,,政治
2026-09-08,2026-09-08T00:22:47.043425+09:00,その他メディア,,フジテレビ,福島・須賀川市「釈迦堂川花火大会」 2027年6月5日に開催 経費高騰などから今年の開催は見送りに,https://www.fnn.jp/articles/-/1109621,https://news.ceek.jp/search.cgi?category_id=politics&feed=1,ok,,政治
2026-09-08,2026-09-08T00:22:47.043425+09:00,全国紙,全国,日本経済新聞,いのちの党、山本太郎前代表への依存脱却強調 「解党的出直し」決議,https://www.nikkei.com/article/DGXZQOUA078MR0X00C26A9000000/,https://news.ceek.jp/search.cgi?category_id=politics&feed=1,ok,,政治
2026-09-08,2026-09-08T00:22:47.043425+09:00,その他メディア,,共同通信,山本太郎氏依存からの脱却を強調 いのちの党、解党的出直し決議,https://www.47news.jp/14905542.html,https://news.ceek.jp/search.cgi?category_id=politics&feed=1,ok,,政治
2026-09-08,2026-09-08T00:22:47.043425+09:00,その他メディア,,デイリースポーツ,山本太郎氏依存からの脱却を強調,https://www.daily.co.jp/society/politics/2026/09/07/0020793841.shtml,https://news.ceek.jp/search.cgi?category_id=politics&feed=1,ok,,政治
2026-09-08,2026-09-08T00:22:47.043425+09:00,その他メディア,,共同通信,日本製鉄跡地、早期整備に意欲 小泉防衛相視察、広島・呉市,https://www.47news.jp/14905485.html,https://news.ceek.jp/search.cgi?category_id=politics&feed=1,ok,,政治
2026-09-08,2026-09-08T00:22:47.043425+09:00,その他メディア,,フジテレビ,鹿児島市が整備目指す新サッカースタジアム 基本計画などまとめる前に「費用負担の在り方を整理」,https://www.fnn.jp/articles/-/1109647,https://news.ceek.jp/search.cgi?category_id=politics&feed=1,ok,,政治
2026-09-08,2026-09-08T00:22:47.043425+09:00,その他メディア,,デイリースポーツ,日本製鉄跡地、早期整備に意欲,https://www.daily.co.jp/society/politics/2026/09/07/0020793759.shtml,https://news.ceek.jp/search.cgi?category_id=politics&feed=1,ok,,政治
2026-09-08,2026-09-08T00:22:47.043425+09:00,その他メディア,,フジテレビ,小泉防衛大臣 土地の売買契約を結んだ日本製鉄の跡地等を視察 「多機能な複合防衛拠点を整備する」 広島,https://www.fnn.jp/articles/-/1109578,https://news.ceek.jp/search.cgi?category_id=politics&feed=1,ok,,政治
2026-09-08,2026-09-08T00:22:47.043425+09:00,その他メディア,,日本テレビ,いのちの党が新ロゴを発表「解党的出直し」も,https://news.ntv.co.jp/category/politics/7c6b0e42a3f94dd6855d7a367b04043f,https://news.ceek.jp/search.cgi?category_id=politics&feed=1,ok,,政治
2026-09-08,2026-09-08T00:22:47.043425+09:00,全国紙,全国,産経新聞,「デニー人気感じた」共産・小池氏、沖縄知事選を語る「横一線の大激戦」自民には反発,https://www.sankei.com/article/20260907-Y74EEGH7BZAKBOU3CYA26RJZC4/,https://news.ceek.jp/search.cgi?category_id=politics&feed=1,ok,,政治
2026-09-08,2026-09-08T00:22:47.043425+09:00,その他メディア,,共同通信,【速報】16日にも内閣改造・自民役員人事着手,https://www.47news.jp/14905468.html,https://news.ceek.jp/search.cgi?category_id=politics&feed=1,ok,,政治
2026-09-08,2026-09-08T00:22:47.043425+09:00,その他メディア,,Abema TIMES,高市総理 改造人事などめぐり党幹部と会食,https://times.abema.tv/articles/-/10271587?page=1,https://news.ceek.jp/search.cgi?category_id=politics&feed=1,ok,,政治
2026-09-08,2026-09-08T00:22:47.043425+09:00,その他メディア,,テレビ朝日,高市総理が政権幹部と相次ぎ面会 来週にも内閣改造の見通し,https://news.tv-asahi.co.jp/news_politics/articles/000531640.html,https://news.ceek.jp/search.cgi?category_id=politics&feed=1,ok,,政治
2026-09-08,2026-09-08T00:22:47.043425+09:00,その他メディア,,フジテレビ,【沖縄県知事選】期日前投票者数、6日までに7万3000人余 前回同時期より増,https://www.fnn.jp/articles/-/1109570,https://news.ceek.jp/search.cgi?category_id=politics&feed=1,ok,,政治
2026-09-08,2026-09-08T00:22:47.043425+09:00,その他メディア,,フジテレビ,大雨が選挙に影響も 投票時間の短縮と開票作業の延期 熱海市長選で斉藤氏6選果たす,https://www.fnn.jp/articles/-/1109550,https://news.ceek.jp/search.cgi?category_id=politics&feed=1,ok,,政治
2026-09-08,2026-09-08T00:22:47.043425+09:00,全国紙,全国,日本経済新聞,太平洋東部のクロマグロ増枠、関係国が合意 西部でも妥結目指す,https://www.nikkei.com/article/DGXZQOUA061LU0W6A900C2000000/,https://news.ceek.jp/search.cgi?category_id=politics&feed=1,ok,,政治
2026-09-08,2026-09-08T00:22:47.043425+09:00,その他メディア,,日本テレビ,高市首相、鈴木幹事長ら党幹部と相次ぎ会談 小林政調会長の重要閣僚案も検討【国会記者会館から中継】,https://news.ntv.co.jp/category/politics/ae42c57f0cf54a24b2a61f66d965fd81,https://news.ceek.jp/search.cgi?category_id=politics&feed=1,ok,,政治
2026-09-08,2026-09-08T00:22:47.043425+09:00,その他メディア,,フジテレビ,来春の福岡県議選 共産党が16人以上の擁立目指すと発表 蔵内前議長辞職に伴う10月の補選にも擁立予定 いまは議席なし,https://www.fnn.jp/articles/-/1109538,https://news.ceek.jp/search.cgi?category_id=politics&feed=1,ok,,政治
2026-09-08,2026-09-08T00:22:47.043425+09:00,その他メディア,,共同通信,高市首相、トランプ氏と接触模索 国連総会で訪米、米中接近を警戒,https://www.47news.jp/14905148.html,https://news.ceek.jp/search.cgi?category_id=politics&feed=1,ok,,政治
2026-09-08,2026-09-08T00:22:47.043425+09:00,全国紙,全国,日本経済新聞,中道・野田佳彦前共同代表「深くおわび」 3党合流が頓挫,https://www.nikkei.com/article/DGXZQOUA075GV0X00C26A9000000/,https://news.ceek.jp/search.cgi?category_id=politics&feed=1,ok,,政治
2026-09-08,2026-09-08T00:22:47.043425+09:00,全国紙,全国,産経新聞,首相、党幹部と相次いで会談 党役員人事・内閣改造を協議,https://www.sankei.com/article/20260907-7ZV6SPRRGZP4BFEAFMFGBEVCHY/,https://news.ceek.jp/search.cgi?category_id=politics&feed=1,ok,,政治
2026-09-08,2026-09-08T00:22:47.043425+09:00,その他メディア,,デイリースポーツ,高市首相、トランプ氏と接触模索,https://www.daily.co.jp/society/politics/2026/09/07/0020793384.shtml,https://news.ceek.jp/search.cgi?category_id=politics&feed=1,ok,,政治
2026-09-08,2026-09-08T00:22:47.043425+09:00,全国紙,全国,日本経済新聞,高市首相、自民・鈴木幹事長と面会 人事や沖縄県知事選で意見交換,https://www.nikkei.com/article/DGXZQOUA076RW0X00C26A9000000/,https://news.ceek.jp/search.cgi?category_id=politics&feed=1,ok,,政治
2026-09-08,2026-09-08T00:22:47.043425+09:00,その他メディア,,共同通信,【速報】東京都利島村が緊急安全確保発表,https://www.47news.jp/14905001.html,https://news.ceek.jp/search.cgi?category_id=politics&feed=1,ok,,政治
2026-09-08,2026-09-08T00:22:47.043425+09:00,その他メディア,,フジテレビ,高市総理、内閣改造へ有村氏・梶山氏の入閣検討 維新からは規制改革大臣での起用案浮上,https://www.fnn.jp/articles/-/1109416,https://news.ceek.jp/search.cgi?category_id=politics&feed=1,ok,,政治
2026-09-08,2026-09-08T00:22:47.043425+09:00,その他メディア,,フジテレビ,福井アリーナ事業費 企業からの調達は8億円にとどまる 経済界が担う25億円の一部 未達成でも「親会社が負担するもの」福井市は行政負担を改めて否定,https://www.fnn.jp/articles/-/1109419,https://news.ceek.jp/search.cgi?category_id=politics&feed=1,ok,,政治
2026-09-08,2026-09-08T00:22:47.043425+09:00,その他メディア,,フジテレビ,航空自衛隊が戦闘機を相次ぎ緊急発進 5日にロシア軍の情報収集機 5日と6日に中国軍機に対応 連動した動きか不明,https://www.fnn.jp/articles/-/1109404,https://news.ceek.jp/search.cgi?category_id=politics&feed=1,ok,,政治
2026-09-08,2026-09-08T00:22:47.043425+09:00,その他メディア,,Abema TIMES,税負担先行の初年度「所得連動給付」 春と秋の分割を検討,https://times.abema.tv/articles/-/10271543?page=1,https://news.ceek.jp/search.cgi?category_id=politics&feed=1,ok,,政治
2026-09-08,2026-09-08T00:22:47.043425+09:00,その他メディア,,共同通信,中道野田氏「悔しく残念」 3党合流断念巡り,https://www.47news.jp/14904591.html,https://news.ceek.jp/search.cgi?category_id=politics&feed=1,ok,,政治
2026-09-08,2026-09-08T00:22:47.043425+09:00,その他メディア,,デイリースポーツ,中道野田氏「悔しく残念」,https://www.daily.co.jp/society/politics/2026/09/07/0020792981.shtml,https://news.ceek.jp/search.cgi?category_id=politics&feed=1,ok,,政治
2026-09-08,2026-09-08T00:22:47.043425+09:00,全国紙,全国,産経新聞,かつては怒号...変わる海上自衛隊の訓練 深刻な人員不足「パワハラにならぬよう注意」,https://www.sankei.com/article/20260907-I32YAV2YI5NBRDGUTMUCPIHYQE/,https://news.ceek.jp/search.cgi?category_id=politics&feed=1,ok,,政治
2026-09-08,2026-09-08T00:22:47.043425+09:00,全国紙,全国,産経新聞,「数合わせ」「敗戦処理」...中道で相次ぐ失敗総括も 階氏「ここで諦めたわけではない」,https://www.sankei.com/article/20260907-4FLDB6HET5HRPB3RUPHX3SZSSE/,https://news.ceek.jp/search.cgi?category_id=politics&feed=1,ok,,政治
2026-09-08,2026-09-08T00:22:47.043425+09:00,全国紙,全国,日本経済新聞,高市首相、自民・小林鷹之政調会長らと昼食 人事や国会日程を協議,https://www.nikkei.com/article/DGXZQOUA072MY0X00C26A9000000/,https://news.ceek.jp/search.cgi?category_id=politics&feed=1,ok,,政治
2026-09-08,2026-09-08T00:22:47.043425+09:00,その他メディア,,共同通信,【速報】東京都大島町が緊急安全確保発表,https://www.47news.jp/14904398.html,https://news.ceek.jp/search.cgi?category_id=politics&feed=1,ok,,政治
2026-09-08,2026-09-08T00:22:47.043425+09:00,その他メディア,,テレビ朝日,高市総理 小林氏や萩生田氏ら党幹部と昼食 内閣改造・自民党役員人事めぐり意見交換,https://news.tv-asahi.co.jp/news_politics/articles/000531615.html,https://news.ceek.jp/search.cgi?category_id=politics&feed=1,ok,,政治
2026-09-08,2026-09-08T00:22:47.043425+09:00,全国紙,全国,毎日新聞,上川陽子元外相が回顧本 「人間の尊厳と法の支配が外交の基軸」,https://mainichi.jp/articles/20260907/k00/00m/010/141000c,https://news.ceek.jp/search.cgi?category_id=politics&feed=1,ok,,政治
2026-09-08,2026-09-08T00:22:47.043425+09:00,その他メディア,,Abema TIMES,"内閣改造 “骨格""維持へ 茂木氏、小泉氏ら留任有力",https://times.abema.tv/articles/-/10271512?page=1,https://news.ceek.jp/search.cgi?category_id=politics&feed=1,ok,,政治
2026-09-08,2026-09-08T00:22:47.043425+09:00,その他メディア,,テレビ朝日,「所得連動給付」 初年度は春と秋の2回に分けて支給を検討,https://news.tv-asahi.co.jp/news_politics/articles/000531591.html,https://news.ceek.jp/search.cgi?category_id=politics&feed=1,ok,,政治
2026-09-08,2026-09-08T00:22:47.043425+09:00,全国紙,全国,産経新聞,「深く深くお詫び」中道・野田佳彦氏、3党合流断念に 落選者から「無知蒙昧」の批判も,https://www.sankei.com/article/20260907-KHOCQSQ5Z5HYXLBPR4VQPH25CU/,https://news.ceek.jp/search.cgi?category_id=politics&feed=1,ok,,政治
2026-09-08,2026-09-08T00:22:47.043425+09:00,全国紙,全国,毎日新聞,<QAで解説>国民民主代表選、玉木雄一郎氏が3度目の勝利,https://mainichi.jp/articles/20260907/k00/00m/010/102000c,https://news.ceek.jp/search.cgi?category_id=politics&feed=1,ok,,政治
2026-09-08,2026-09-08T00:22:47.043425+09:00,その他メディア,,デイリースポーツ,「ウクライナの意思尊重を」,https://www.daily.co.jp/society/politics/2026/09/07/0020792693.shtml,https://news.ceek.jp/search.cgi?category_id=politics&feed=1,ok,,政治
2026-09-08,2026-09-08T00:22:47.043425+09:00,その他メディア,,共同通信,「ウクライナの意思尊重を」 官房長官、和平協議巡り,https://www.47news.jp/14903862.html,https://news.ceek.jp/search.cgi?category_id=politics&feed=1,ok,,政治
2026-09-08,2026-09-08T00:22:47.043425+09:00,その他メディア,,テレビ朝日,"内閣改造“政権の骨格""維持へ 茂木外務大臣と小泉防衛大臣の留任も有力",https://news.tv-asahi.co.jp/news_politics/articles/000531557.html,https://news.ceek.jp/search.cgi?category_id=politics&feed=1,ok,,政治
2026-09-08,2026-09-08T00:22:47.043425+09:00,その他メディア,,フジテレビ,二戸市長選で戸舘弘幸氏が無投票初当選 前市長が体調不良で辞職 岩手県,https://www.fnn.jp/articles/-/1109316,https://news.ceek.jp/search.cgi?category_id=politics&feed=1,ok,,政治
2026-09-08,2026-09-08T00:22:47.043425+09:00,全国紙,全国,産経新聞,地図表現「イコールアース図法」採用奨励の国連決議に理解、木原官房長官「目的応じ利用」,https://www.sankei.com/article/20260907-BNAVRAPROJLSPOL4CP4WGCQJ5A/,https://news.ceek.jp/search.cgi?category_id=politics&feed=1,ok,,政治
2026-09-08,2026-09-08T00:22:47.043425+09:00,その他メディア,,フジテレビ,熊本地震の支援 宿泊客の「ふっこう応援割」に10億円余の補正予算 長崎県議会の9月定例会が開会,https://www.fnn.jp/articles/-/1109291,https://news.ceek.jp/search.cgi?category_id=politics&feed=1,ok,,政治
2026-09-08,2026-09-08T00:22:47.043425+09:00,その他メディア,,フジテレビ,大雨が影響 選挙の投票短縮と開票延期 熱海市長選で斉藤氏6選果たす,https://www.fnn.jp/articles/-/1109320,https://news.ceek.jp/search.cgi?category_id=politics&feed=1,ok,,政治
2026-09-08,2026-09-08T00:22:47.043425+09:00,その他メディア,,アサ芸プラス,「アメリカとロシアが問題だ。だから中国と仲良くしろ」という「沖縄タイムス」の謎論理を参院議員が一刀両断「小学生の作文よりひどい」,https://www.asagei.com/excerpt/349416,https://news.ceek.jp/search.cgi?category_id=politics&feed=1,ok,,政治
2026-09-08,2026-09-08T00:22:47.043425+09:00,全国紙,全国,日本経済新聞,健康管理アプリに国が認証制度 品質評価、企業健保が導入しやすく,https://www.nikkei.com/article/DGXZQOUA036II0T00C26A9000000/,https://news.ceek.jp/search.cgi?category_id=politics&feed=1,ok,,政治
2026-09-08,2026-09-08T00:22:47.043425+09:00,全国紙,全国,産経新聞,延期の静岡・熱海市長選 現職の斉藤栄氏が6選 投票率は10ポイント以上下げ最低を更新,https://www.sankei.com/article/20260907-QGSYSFYA3VM7FOATOR64CV3FUA/,https://news.ceek.jp/search.cgi?category_id=politics&feed=1,ok,,政治
2026-09-08,2026-09-08T00:22:47.043425+09:00,その他メディア,,日本テレビ,高市首相、小林政調会長の重要閣僚案も検討 内閣改造・自民党役員人事めぐり,https://news.ntv.co.jp/category/politics/77943109b7d64f9d8a7b8ee696ed86a8,https://news.ceek.jp/search.cgi?category_id=politics&feed=1,ok,,政治
2026-09-08,2026-09-08T00:22:47.043425+09:00,その他メディア,,フジテレビ,「タイ語は話せず通訳もしない」のに...元県議が公費で海外視察に2回同行 議長がコーディネーターを委嘱 知事は第三者委員会で調査へ 福岡県議会,https://www.fnn.jp/articles/-/1109268,https://news.ceek.jp/search.cgi?category_id=politics&feed=1,ok,,政治
2026-09-08,2026-09-08T00:22:47.043425+09:00,その他メディア,,フジテレビ,【独自】高市総理、内閣改造へ調整本格化 有村総務会長と梶山国対委員長の入閣検討 維新には規制改革担当大臣案が浮上,https://www.fnn.jp/articles/-/1109253,https://news.ceek.jp/search.cgi?category_id=politics&feed=1,ok,,政治
2026-09-08,2026-09-08T00:22:47.043425+09:00,その他メディア,,フジテレビ,"蔵内元議長 “県議会のドン""と呼ばれた男の軌跡 辞職後に続く“沈黙"" 記者クラブは会見要請 政治家としての転機は自民党内部抗争【福岡発】",https://www.fnn.jp/articles/-/1109247,https://news.ceek.jp/search.cgi?category_id=politics&feed=1,ok,,政治
2026-09-08,2026-09-08T00:22:47.043425+09:00,その他メディア,,フジテレビ,【沖縄県知事選挙・情勢分析】古謝氏と玉城氏の激しい競り合い,https://www.fnn.jp/articles/-/1109276,https://news.ceek.jp/search.cgi?category_id=politics&feed=1,ok,,政治
2026-09-08,2026-09-08T00:22:47.043425+09:00,その他メディア,,アサ芸プラス,高市早苗「閣僚・自民党役員人事」内閣大改造に及び腰の留任だらけ「では何のためにやるのか」,https://www.asagei.com/excerpt/349414,https://news.ceek.jp/search.cgi?category_id=politics&feed=1,ok,,政治
2026-09-08,2026-09-08T00:22:47.043425+09:00,全国紙,全国,産経新聞,メディアは落ち着いた報道を 皇室典範改正の論点は皇族数の確保 マンガ家・里中満智子氏,https://www.sankei.com/article/20260907-XLQYUY4L2RLLLMWZM7I7PAH46U/,https://news.ceek.jp/search.cgi?category_id=politics&feed=1,ok,,政治
2026-09-08,2026-09-08T00:22:47.043425+09:00,その他メディア,,フジテレビ,"なぜトランプ大統領は北朝鮮に接近するのか 金総書記との握手“再現""だけではない朝鮮半島への“関与強化戦略""も",https://www.fnn.jp/articles/-/1107880,https://news.ceek.jp/search.cgi?category_id=politics&feed=1,ok,,政治
2026-09-08,2026-09-08T00:22:47.043425+09:00,その他メディア,,Abema TIMES,国民民主代表選 玉木氏が再選,https://times.abema.tv/articles/-/10271485?page=1,https://news.ceek.jp/search.cgi?category_id=politics&feed=1,ok,,政治
2026-09-08,2026-09-08T00:22:47.043425+09:00,全国紙,全国,毎日新聞,中道・野田氏「悔しく残念、深くおわび」 3党合流見送りで謝罪,https://mainichi.jp/articles/20260907/k00/00m/010/043000c,https://news.ceek.jp/search.cgi?category_id=politics&feed=1,ok,,政治
2026-09-08,2026-09-08T00:22:47.043425+09:00,その他メディア,,フジテレビ,野田元総理「悔しく残念」中道・立憲・公明3党合流断念でも「中道勢力の結集諦めない」 小沢一郎氏は「立憲も中道も解散を」 分裂必至の中道「新たな形態」,https://www.fnn.jp/articles/-/1108877,https://news.ceek.jp/search.cgi?category_id=politics&feed=1,ok,,政治
2026-09-08,2026-09-08T00:22:47.043425+09:00,全国紙,全国,産経新聞,千葉・長生村長に岡本高直氏が初当選 自民推薦の元村議、芝崎正信氏を破る,https://www.sankei.com/article/20260907-7YRZH22TZVNNHP7QBDD7T4MC3E/,https://news.ceek.jp/search.cgi?category_id=politics&feed=1,ok,,政治
2026-09-08,2026-09-08T00:22:47.043425+09:00,全国紙,全国,産経新聞,沖縄・尖閣周辺にまた中国海警局の船 30日連続、機関砲を搭載、日本の巡視船の警告続く,https://www.sankei.com/article/20260907-MFHB2PQG5VKSVF4NEUXF773UEQ/,https://news.ceek.jp/search.cgi?category_id=politics&feed=1,ok,,政治
2026-09-08,2026-09-08T00:22:47.043425+09:00,その他メディア,,共同通信,為替相場 7日(日本時間23時),https://www.47news.jp/14902066.html,https://news.ceek.jp/search.cgi?category_id=business&feed=1,ok,,経済
2026-09-08,2026-09-08T00:22:47.043425+09:00,その他メディア,,フジテレビ,円安加速 半年ぶりに154円台 経団連会長「円安是正、好ましい」,https://www.fnn.jp/articles/-/1109798,https://news.ceek.jp/search.cgi?category_id=business&feed=1,ok,,経済
2026-09-08,2026-09-08T00:22:47.043425+09:00,その他メディア,,アラブニュース,日本のアナリスト、「世界の原油市場で『ニューノーマル』が形成されつつある」と指摘,https://www.arabnews.jp/article/business/article_185838/,https://news.ceek.jp/search.cgi?category_id=business&feed=1,ok,,経済
2026-09-08,2026-09-08T00:22:47.043425+09:00,その他メディア,,あたらしい経済,【9/7話題】リキッドネットワークが約4000BTC流出で事実上停止、ARBがソラナ上で取引可能に、ハーモニーがメインネット終了へなど(音声ニュース),https://www.neweconomy.jp/posts/605758,https://news.ceek.jp/search.cgi?category_id=business&feed=1,ok,,経済
2026-09-08,2026-09-08T00:22:47.043425+09:00,その他メディア,,あたらしい経済,【企業向けセミナー】株式が24時間オンチェーンで動く時代へ – ロビンフッドチェーンとトークン化株式が示すオンチェーン金融の未来(9/16 19:30 @幻冬舎),https://www.neweconomy.jp/features/wbh/605767,https://news.ceek.jp/search.cgi?category_id=business&feed=1,ok,,経済
2026-09-08,2026-09-08T00:22:47.043425+09:00,全国紙,全国,読売新聞,インドの乗用車販売、「代替燃料車」がガソリン車を逆転...燃料価格高騰でEVやHVなど好調,https://www.yomiuri.co.jp/economy/20260907-GYT1T00275/,https://news.ceek.jp/search.cgi?category_id=business&feed=1,ok,,経済
2026-09-08,2026-09-08T00:22:47.043425+09:00,全国紙,全国,日本経済新聞,フィリピンペソ、対ドルで最安値 利上げ観測後退で,https://www.nikkei.com/article/DGXZQOUB074PB0X00C26A9000000/,https://news.ceek.jp/search.cgi?category_id=business&feed=1,ok,,経済
2026-09-08,2026-09-08T00:22:47.043425+09:00,全国紙,全国,日本経済新聞,金利上昇、株式への影響「限定的」4割 QUICK9月調査,https://www.nikkei.com/article/DGXZQOUB073HX0X00C26A9000000/,https://news.ceek.jp/search.cgi?category_id=business&feed=1,ok,,経済
2026-09-08,2026-09-08T00:22:47.043425+09:00,その他メディア,,デイリースポーツ,英ジャガー、4千人削減へ,https://www.daily.co.jp/society/economics/2026/09/07/0020794194.shtml,https://news.ceek.jp/search.cgi?category_id=business&feed=1,ok,,経済
2026-09-08,2026-09-08T00:22:47.043425+09:00,全国紙,全国,日本経済新聞,所得連動給付、29年4月に一部前倒し 消費税1%分支給の対象者に,https://www.nikkei.com/article/DGXZQOUA078SA0X00C26A9000000/,https://news.ceek.jp/search.cgi?category_id=business&feed=1,ok,,経済
2026-09-08,2026-09-08T00:22:47.043425+09:00,その他メディア,,共同通信,英ジャガー、4千人削減へ 従業員1割、米関税影響,https://www.47news.jp/14906030.html,https://news.ceek.jp/search.cgi?category_id=business&feed=1,ok,,経済
2026-09-08,2026-09-08T00:22:47.043425+09:00,その他メディア,,TBSテレビ,"コメ価格“値下がり""見通し強まる 新米の本格流通を前に「コメ余り」も...政府の備蓄米買い戻しも影響か",https://newsdig.tbs.co.jp/articles/-/2927573?display=1,https://news.ceek.jp/search.cgi?category_id=business&feed=1,ok,,経済
2026-09-08,2026-09-08T00:22:47.043425+09:00,その他メディア,,フジテレビ,"【速報】メルカリ「不正に入手された疑いのある出品商品の削除などの対応を実施」などコメント くら寿司「ちいかわコラボ」景品巡り 「従業員が景品“横領""」判明受けてキャンペーンを急遽終了",https://www.fnn.jp/articles/-/1109781,https://news.ceek.jp/search.cgi?category_id=business&feed=1,ok,,経済
2026-09-08,2026-09-08T00:22:47.043425+09:00,その他メディア,,フジテレビ,「止められない...インフレ傾向で値上げは続く」9月の値上げで消費者もお店もギリギリ,https://www.fnn.jp/articles/-/1109569,https://news.ceek.jp/search.cgi?category_id=business&feed=1,ok,,経済
2026-09-08,2026-09-08T00:22:47.043425+09:00,その他メディア,,TOKYO MX,「民泊」全国最多の新宿区 苦情の増加受け...住宅地や学校周辺で原則禁止へ,https://s.mxtv.jp/mxnews/article/business/1keea0fivtebsm6k7.html,https://news.ceek.jp/search.cgi?category_id=business&feed=1,ok,,経済
2026-09-08,2026-09-08T00:22:47.043425+09:00,その他メディア,,TBSテレビ,"丸亀製麺に“社長AI""登場 「社長の考え」学習その完成度は?同じ質問をしてみると...【Nスタ解説】",https://newsdig.tbs.co.jp/articles/-/2927567?display=1,https://news.ceek.jp/search.cgi?category_id=business&feed=1,ok,,経済
2026-09-08,2026-09-08T00:22:47.043425+09:00,全国紙,全国,日本経済新聞,3Dインベストメント、Jフロント株を買い増し 保有比率10%超に,https://www.nikkei.com/article/DGXZQOUC079330X00C26A9000000/,https://news.ceek.jp/search.cgi?category_id=business&feed=1,ok,,経済
2026-09-08,2026-09-08T00:22:47.043425+09:00,その他メディア,,TBSテレビ,"「ちいかわ×くら寿司」突如コラボ中止 転売など“トラブル懸念""あってもなぜコラボ?企業の思惑とは【Nスタ解説】",https://newsdig.tbs.co.jp/articles/-/2927564?display=1,https://news.ceek.jp/search.cgi?category_id=business&feed=1,ok,,経済
2026-09-08,2026-09-08T00:22:47.043425+09:00,その他メディア,,共同通信,ワーゲン工場、防衛品生産へ転用 イスラエル企業に売却,https://www.47news.jp/14905888.html,https://news.ceek.jp/search.cgi?category_id=business&feed=1,ok,,経済
2026-09-08,2026-09-08T00:22:47.043425+09:00,全国紙,全国,日本経済新聞,VW、独北西部の工場をイスラエル投資会社に売却 防空システム生産,https://www.nikkei.com/article/DGXZQOGR078IQ0X00C26A9000000/,https://news.ceek.jp/search.cgi?category_id=business&feed=1,ok,,経済
2026-09-08,2026-09-08T00:22:47.043425+09:00,その他メディア,,共同通信,AI「人類存亡に関わるリスク」 国連高官、安全対策訴え,https://www.47news.jp/14905895.html,https://news.ceek.jp/search.cgi?category_id=business&feed=1,ok,,経済
2026-09-08,2026-09-08T00:22:47.043425+09:00,その他メディア,,デイリースポーツ,ワーゲン工場、防衛品生産へ転用,https://www.daily.co.jp/society/economics/2026/09/07/0020794058.shtml,https://news.ceek.jp/search.cgi?category_id=business&feed=1,ok,,経済
2026-09-08,2026-09-08T00:22:47.043425+09:00,全国紙,全国,日本経済新聞,9月7日の商品主要相場(紙面イメージ),https://www.nikkei.com/article/DGXZQOKC077A00X00C26A9000000/,https://news.ceek.jp/search.cgi?category_id=business&feed=1,ok,,経済
2026-09-08,2026-09-08T00:22:47.043425+09:00,その他メディア,,TBSテレビ,"「丸亀製麺」が“社長の考え方学んだAI""導入 商品開発の相談も気軽に? 組織・人間の役割は【Nスタ解説】",https://newsdig.tbs.co.jp/articles/-/2927547?display=1,https://news.ceek.jp/search.cgi?category_id=business&feed=1,ok,,経済
2026-09-08,2026-09-08T00:22:47.043425+09:00,全国紙,全国,日本経済新聞,太陽監査の会員権2カ月停止 ディー・ディー・エス巡り処分,https://www.nikkei.com/article/DGXZQOUB0779Q0X00C26A9000000/,https://news.ceek.jp/search.cgi?category_id=business&feed=1,ok,,経済
2026-09-08,2026-09-08T00:22:47.043425+09:00,その他メディア,,日本テレビ,"もし臨時収入1万円あったら? リアルな使い道...「出張シェフ」や「野球観戦で“良い席""を」【気になる!】",https://news.ntv.co.jp/category/economy/e4e8a5815f464d2186ee630d94d2e6e4,https://news.ceek.jp/search.cgi?category_id=business&feed=1,ok,,経済
2026-09-08,2026-09-08T00:22:47.043425+09:00,その他メディア,,デイリースポーツ,日本産特殊ガスは「ダンピング」,https://www.daily.co.jp/society/economics/2026/09/07/0020794025.shtml,https://news.ceek.jp/search.cgi?category_id=business&feed=1,ok,,経済
2026-09-08,2026-09-08T00:22:47.043425+09:00,その他メディア,,共同通信,日本産特殊ガスは「ダンピング」 中国、保証金率最大99%に,https://www.47news.jp/14905760.html,https://news.ceek.jp/search.cgi?category_id=business&feed=1,ok,,経済
2026-09-08,2026-09-08T00:22:47.043425+09:00,全国紙,全国,産経新聞,民間投資へ資金「4倍に」、アジア開銀の神田総裁 加盟国の経済成長に「不可欠」,https://www.sankei.com/article/20260907-OFWWOIF2B5LDNKKH2NRN4RBTG4/,https://news.ceek.jp/search.cgi?category_id=business&feed=1,ok,,経済
2026-09-08,2026-09-08T00:22:47.043425+09:00,その他メディア,,Abema TIMES,新宿区 住宅地の民泊 原則禁止へ,https://times.abema.tv/articles/-/10271601?page=1,https://news.ceek.jp/search.cgi?category_id=business&feed=1,ok,,経済
2026-09-08,2026-09-08T00:22:47.043425+09:00,その他メディア,,アラブニュース,円相場、7カ月ぶりの高値に,https://www.arabnews.jp/article/business/article_185819/,https://news.ceek.jp/search.cgi?category_id=business&feed=1,ok,,経済
2026-09-08,2026-09-08T00:22:47.043425+09:00,その他メディア,,デイリースポーツ,イオン、千円デニムを発売,https://www.daily.co.jp/society/economics/2026/09/07/0020793700.shtml,https://news.ceek.jp/search.cgi?category_id=business&feed=1,ok,,経済
2026-09-08,2026-09-08T00:22:47.043425+09:00,その他メディア,,共同通信,イオン、千円デニムを発売 格安ジーンズ競争が再燃か,https://www.47news.jp/14905446.html,https://news.ceek.jp/search.cgi?category_id=business&feed=1,ok,,経済
2026-09-08,2026-09-08T00:22:47.043425+09:00,その他メディア,,日本金融通信,岐阜信金、個人向けロープレ大会開催 課題解決の提案力向上へ,https://www.nikkinonline.com/article/421648,https://news.ceek.jp/search.cgi?category_id=business&feed=1,ok,,経済
2026-09-08,2026-09-08T00:22:47.043425+09:00,その他メディア,,日本金融通信,三菱UFJ銀、中部セミナーに女性経営者100人 ファミリービジネス学ぶ,https://www.nikkinonline.com/article/421641,https://news.ceek.jp/search.cgi?category_id=business&feed=1,ok,,経済
2026-09-08,2026-09-08T00:22:47.043425+09:00,その他メディア,,あたらしい経済,グレースケール、トークン化株式のオンチェーン取引「3チェーンで過半」と分析,https://www.neweconomy.jp/posts/605793,https://news.ceek.jp/search.cgi?category_id=business&feed=1,ok,,経済
2026-09-08,2026-09-08T00:22:47.043425+09:00,その他メディア,,TBSテレビ,"「ちいかわ」コラボ中止のくら寿司 従業員が横領・売却か 企業に不可欠“キャラコラボ""なぜ【Nスタ解説】",https://newsdig.tbs.co.jp/articles/-/2927506?display=1,https://news.ceek.jp/search.cgi?category_id=business&feed=1,ok,,経済
2026-09-08,2026-09-08T00:22:47.043425+09:00,その他メディア,,テレビ朝日,一時、1ドル=154円台前半に 約半年ぶり水準 日銀の利上げペース加速観測などうけ,https://news.tv-asahi.co.jp/news_economy/articles/000531681.html,https://news.ceek.jp/search.cgi?category_id=business&feed=1,ok,,経済
2026-09-08,2026-09-08T00:22:47.043425+09:00,その他メディア,,フジテレビ,「小規模の人はコメ作り続ける気力なくなる」 概算金の減額...生産者の受け止め 山形,https://www.fnn.jp/articles/-/1109677,https://news.ceek.jp/search.cgi?category_id=business&feed=1,ok,,経済
2026-09-08,2026-09-08T00:22:47.043425+09:00,その他メディア,,日本農業新聞,<最新>長雨で果菜軒並み上昇 相場は当面堅調の見方,https://www.agrinews.co.jp/economy/index/405106,https://news.ceek.jp/search.cgi?category_id=business&feed=1,ok,,経済
2026-09-08,2026-09-08T00:22:47.043425+09:00,その他メディア,,テレビ朝日,経団連、法人税増税「賛成できない」 筒井会長,https://news.tv-asahi.co.jp/news_economy/articles/000531636.html,https://news.ceek.jp/search.cgi?category_id=business&feed=1,ok,,経済
2026-09-08,2026-09-08T00:22:47.043425+09:00,その他メディア,,テレビ朝日,「個人向け国債」なぜ人気? 長期金利の上昇で脚光 一方でデメリットも,https://news.tv-asahi.co.jp/news_economy/articles/000531645.html,https://news.ceek.jp/search.cgi?category_id=business&feed=1,ok,,経済
2026-09-08,2026-09-08T00:22:47.043425+09:00,全国紙,全国,日本経済新聞,石油化学のクラサスケミカルが上場承認、29日に東証スタンダード,https://www.nikkei.com/article/DGXZQOUB0770V0X00C26A9000000/,https://news.ceek.jp/search.cgi?category_id=business&feed=1,ok,,経済
2026-09-08,2026-09-08T00:22:47.043425+09:00,全国紙,全国,日本経済新聞,円154円台に上昇 市場「円買い勢い想定以上」「年内149円も」,https://www.nikkei.com/article/DGXZQOUB078230X00C26A9000000/,https://news.ceek.jp/search.cgi?category_id=business&feed=1,ok,,経済
2026-09-08,2026-09-08T00:22:47.043425+09:00,全国紙,全国,産経新聞,企業で障害者活躍の取り組み広がる JR西、ダイキン、コクヨ... 能力出せる環境整備が鍵,https://www.sankei.com/article/20260907-NDDRL3RIP5IYPPDCYMRESTGWCI/,https://news.ceek.jp/search.cgi?category_id=business&feed=1,ok,,経済
2026-09-08,2026-09-08T00:22:47.043425+09:00,その他メディア,,Abema TIMES,円急騰 1ドル=154円台に,https://times.abema.tv/articles/-/10271596?page=1,https://news.ceek.jp/search.cgi?category_id=business&feed=1,ok,,経済
2026-09-08,2026-09-08T00:22:47.043425+09:00,全国紙,全国,日本経済新聞,中古車競売価格、8月1.9%高 円安で海外需要増,https://www.nikkei.com/article/DGXZQOUB0765H0X00C26A9000000/,https://news.ceek.jp/search.cgi?category_id=business&feed=1,ok,,経済
2026-09-08,2026-09-08T00:22:47.043425+09:00,その他メディア,,共同通信,クレカ還元率2%を恒久化 みずほ、個人客獲得に本腰,https://www.47news.jp/14905244.html,https://news.ceek.jp/search.cgi?category_id=business&feed=1,ok,,経済
2026-09-08,2026-09-08T00:22:47.043425+09:00,全国紙,全国,日本経済新聞,ジーデップ・アドバンスとシリコンスタジオ、フィジカルAIで協業,https://www.nikkei.com/article/DGXZQOCC074DI0X00C26A9000000/,https://news.ceek.jp/search.cgi?category_id=business&feed=1,ok,,経済
2026-09-08,2026-09-08T00:22:47.043425+09:00,全国紙,全国,日本経済新聞,日本製紙、欧州子会社が電池材料の事業停止 特別損失50億円計上,https://www.nikkei.com/article/DGXZQOUC075RW0X00C26A9000000/,https://news.ceek.jp/search.cgi?category_id=business&feed=1,ok,,経済
2026-09-08,2026-09-08T00:22:47.043425+09:00,全国紙,全国,日本経済新聞,英ジャガーが4000人削減、従業員の1割相当 販売不振とコスト高で,https://www.nikkei.com/article/DGXZQOGR077TY0X00C26A9000000/,https://news.ceek.jp/search.cgi?category_id=business&feed=1,ok,,経済
2026-09-08,2026-09-08T00:22:47.043425+09:00,全国紙,全国,日本経済新聞,京成電鉄、株主優待制度を拡充 沿線施設の入浴券など,https://www.nikkei.com/article/DGXZQOUB075IZ0X00C26A9000000/,https://news.ceek.jp/search.cgi?category_id=business&feed=1,ok,,経済
2026-09-08,2026-09-08T00:22:47.043425+09:00,その他メディア,,日本金融通信,山形銀、取引先組織の総会開く 40周年で大林組会長が講演,https://www.nikkinonline.com/article/421633,https://news.ceek.jp/search.cgi?category_id=business&feed=1,ok,,経済
2026-09-08,2026-09-08T00:22:47.043425+09:00,全国紙,全国,日本経済新聞,景気回復最長「いざなみ超え」の74カ月 民間試算、物価高が演出,https://www.nikkei.com/article/DGXZQOUA24BTV0U6A720C2000000/,https://news.ceek.jp/search.cgi?category_id=business&feed=1,ok,,経済
2026-09-08,2026-09-08T00:22:47.043425+09:00,その他メディア,,J-CAST,横領発覚で中止「ちいかわコラボ」でファン不満 くら寿司、お詫びの10%引きに「これじゃない」,https://www.j-cast.com/2026/09/07517728.html?p=all,https://news.ceek.jp/search.cgi?category_id=business&feed=1,ok,,経済
2026-09-08,2026-09-08T00:22:47.043425+09:00,全国紙,全国,日本経済新聞,S&P、日立の格付け見通し「ポジティブ」に引き上げ,https://www.nikkei.com/article/DGXZQOUB076SK0X00C26A9000000/,https://news.ceek.jp/search.cgi?category_id=business&feed=1,ok,,経済
2026-09-08,2026-09-08T00:22:47.043425+09:00,その他メディア,,TBSテレビ,戦後最長の景気拡大か 7月の景気の現状示す指数は7年9か月ぶり高水準,https://newsdig.tbs.co.jp/articles/-/2927427?display=1,https://news.ceek.jp/search.cgi?category_id=business&feed=1,ok,,経済
2026-09-08,2026-09-08T00:22:47.043425+09:00,その他メディア,,日本金融通信,広島銀、脱炭素セミナー開く グループ会社の支援事例紹介,https://www.nikkinonline.com/article/421630,https://news.ceek.jp/search.cgi?category_id=business&feed=1,ok,,経済
2026-09-08,2026-09-08T00:22:47.043425+09:00,その他メディア,,フジテレビ,"亡き祖父に憧れて...27歳女性が「レトロ喫茶店」オープン 美容師を辞め、名店を改装 7種類のクリームソーダと絶品フレンチトースト 祖父は2年前に他界も“夢""実現「おじいちゃんの店のように愛されるように」",https://www.fnn.jp/articles/-/1109597,https://news.ceek.jp/search.cgi?category_id=business&feed=1,ok,,経済
2026-09-08,2026-09-08T00:22:47.043425+09:00,全国紙,全国,日本経済新聞,4日の逆日歩,https://www.nikkei.com/article/DGXZMSGW08001_X00C26A9000000/,https://news.ceek.jp/search.cgi?category_id=business&feed=1,ok,,経済
2026-09-08,2026-09-08T00:22:47.043425+09:00,その他メディア,,共同通信,円高進行、一時154円台 2月以来、日米金利差縮小を意識,https://www.47news.jp/14905516.html,https://news.ceek.jp/search.cgi?category_id=business&feed=1,ok,,経済
2026-09-08,2026-09-08T00:22:47.043425+09:00,全国紙,全国,日本経済新聞,「量子の名門」NECが実機開発中止 国別の投資額、日本は米国の5割,https://www.nikkei.com/article/DGXZQOUC0745B0X00C26A9000000/,https://news.ceek.jp/search.cgi?category_id=business&feed=1,ok,,経済
2026-09-08,2026-09-08T00:22:47.043425+09:00,全国紙,全国,日本経済新聞,英シルチェスター、ニコン株を一部売却 保有比率4.98%に低下,https://www.nikkei.com/article/DGXZQOUB0773W0X00C26A9000000/,https://news.ceek.jp/search.cgi?category_id=business&feed=1,ok,,経済
2026-09-08,2026-09-08T00:22:47.043425+09:00,全国紙,全国,産経新聞,クロマグロ新管理方式採択、日本の大型魚増枠へ前進 米国・メキシコも拡大,https://www.sankei.com/article/20260907-P4CRFYCTYFNAXMGHUEVADJ5CA4/,https://news.ceek.jp/search.cgi?category_id=business&feed=1,ok,,経済
2026-09-08,2026-09-08T00:22:47.043425+09:00,全国紙,全国,日本経済新聞,FX個人「逆張り」のドル買い 対円で約4年ぶり高水準 円下落に期待,https://www.nikkei.com/article/DGXZQOUB074P20X00C26A9000000/,https://news.ceek.jp/search.cgi?category_id=business&feed=1,ok,,経済
2026-09-08,2026-09-08T00:22:47.043425+09:00,その他メディア,,日本金融通信,山陰合同銀、「プラチナえるぼしプラス」取得 中四国で初の認定企業に,https://www.nikkinonline.com/article/421618,https://news.ceek.jp/search.cgi?category_id=business&feed=1,ok,,経済
2026-09-08,2026-09-08T00:22:47.043425+09:00,その他メディア,,共同通信,クロマグロの新管理方式が採択 日本の大型魚増枠へ前進,https://www.47news.jp/14905509.html,https://news.ceek.jp/search.cgi?category_id=business&feed=1,ok,,経済
2026-09-08,2026-09-08T00:22:47.043425+09:00,その他メディア,,デイリースポーツ,クロマグロの新管理方式が採択,https://www.daily.co.jp/society/economics/2026/09/07/0020793756.shtml,https://news.ceek.jp/search.cgi?category_id=business&feed=1,ok,,経済
2026-09-08,2026-09-08T00:22:47.043425+09:00,全国紙,全国,日本経済新聞,三菱UFJ銀行、女性経営者セミナー開催 東海4県から100人参加,https://www.nikkei.com/article/DGXZQOFD037OT0T00C26A9000000/,https://news.ceek.jp/search.cgi?category_id=business&feed=1,ok,,経済
2026-09-08,2026-09-08T00:22:47.043425+09:00,その他メディア,,フジテレビ,"「不審な下見に警戒を」松山の高級時計店で強盗を想定した防犯訓練“不審な動き""は警察に通報を【愛媛】",https://www.fnn.jp/articles/-/1109579,https://news.ceek.jp/search.cgi?category_id=business&feed=1,ok,,経済
2026-09-08,2026-09-08T00:22:47.043425+09:00,その他メディア,,フジテレビ,"【解説】「ちいかわコラボ」景品は「お寿司のおまけ。注文通りお寿司が出れば契約は果たされた形に。法律上返金は難しい」と弁護士が指摘 従業員が“グッズ横領""でコラボ中止のくら寿司",https://www.fnn.jp/articles/-/1109567,https://news.ceek.jp/search.cgi?category_id=business&feed=1,ok,,経済
2026-09-08,2026-09-08T00:22:47.043425+09:00,全国紙,全国,読売新聞,東京円、74銭円高の1ドル=155円55~56銭...午後5時,https://www.yomiuri.co.jp/economy/20260907-GYT1T00256/,https://news.ceek.jp/search.cgi?category_id=business&feed=1,ok,,経済
2026-09-08,2026-09-08T00:22:47.043425+09:00,全国紙,全国,日本経済新聞,山形県とクボタ・南東北クボタ、農業DXで連携 生産性向上など,https://www.nikkei.com/article/DGXZQOCC071CQ0X00C26A9000000/,https://news.ceek.jp/search.cgi?category_id=business&feed=1,ok,,経済
2026-09-08,2026-09-08T00:22:47.043425+09:00,その他メディア,,フジテレビ,宮城の一大観光地「松島」で地元住民たちが新たな観光を提案 従来の観光スポットだけではない魅力を発信,https://www.fnn.jp/articles/-/1109650,https://news.ceek.jp/search.cgi?category_id=business&feed=1,ok,,経済
2026-09-08,2026-09-08T00:22:47.043425+09:00,その他メディア,,デイリースポーツ,29年4月に一部給付金を前倒し,https://www.daily.co.jp/society/economics/2026/09/07/0020793744.shtml,https://news.ceek.jp/search.cgi?category_id=business&feed=1,ok,,経済
2026-09-08,2026-09-08T00:22:47.043425+09:00,全国紙,全国,日本経済新聞,シンガポール株7日、4日ぶり反落 高値警戒、銀行に売り,https://www.nikkei.com/article/DGXZQOFL078090X00C26A9000000/,https://news.ceek.jp/search.cgi?category_id=business&feed=1,ok,,経済
2026-09-08,2026-09-08T00:22:47.043425+09:00,その他メディア,,日本金融通信,山形銀、「花笠まつり」で優秀賞 1カ月の練習成果を発揮,https://www.nikkinonline.com/article/421611,https://news.ceek.jp/search.cgi?category_id=business&feed=1,ok,,経済
2026-09-08,2026-09-08T00:22:47.043425+09:00,その他メディア,,共同通信,29年4月に一部給付金を前倒し 消費減税後の家計の負担軽減,https://www.47news.jp/14905463.html,https://news.ceek.jp/search.cgi?category_id=business&feed=1,ok,,経済
2026-09-08,2026-09-08T00:22:47.043425+09:00,全国紙,全国,日本経済新聞,ロンドン外為9時半 ユーロ、対ドルで上昇 中東緩和期待でドル売り,https://www.nikkei.com/article/DGXZQOFL0771E0X00C26A9000000/,https://news.ceek.jp/search.cgi?category_id=business&feed=1,ok,,経済
2026-09-08,2026-09-08T00:22:47.043425+09:00,全国紙,全国,産経新聞,三井住友信託銀行、大阪拠点を淀屋橋ゲートタワーに移転へ 首都圏での大規模災害にも備え,https://www.sankei.com/article/20260908-MD3HWIZMWVIH3J43DITXBN5UYE/,https://news.ceek.jp/search.cgi?category_id=business&feed=1,ok,,経済
2026-09-08,2026-09-08T00:22:47.043425+09:00,その他メディア,,ニューズウィーク,イランの通貨リヤルが大暴落、トランプが掲げる「経済版Dデー」も秒読み? イランが生き残るには?,https://www.newsweekjapan.jp/articles/-/333405,https://news.ceek.jp/search.cgi?category_id=business&feed=1,ok,,経済
2026-09-08,2026-09-08T00:22:47.043425+09:00,全国紙,全国,産経新聞,東京駅直結の大型複合施設、八重洲で10日開業 路面側に店を配置で古い町並み意識,https://www.sankei.com/article/20260907-L5VAK2G7CRJY3LFA3FSRRMZE6Y/,https://news.ceek.jp/search.cgi?category_id=business&feed=1,ok,,経済
2026-09-08,2026-09-08T00:22:47.043425+09:00,全国紙,全国,読売新聞,読売333終値は2営業日ぶり上昇、20円高の5万3078円,https://www.yomiuri.co.jp/economy/20260907-GYT1T00253/,https://news.ceek.jp/search.cgi?category_id=business&feed=1,ok,,経済
2026-09-08,2026-09-08T00:22:47.043425+09:00,全国紙,全国,日本経済新聞,第四北越銀や新潟県の共同ファンド、新潟大発新興に出資 1号案件,https://www.nikkei.com/article/DGXZQOCC0726C0X00C26A9000000/,https://news.ceek.jp/search.cgi?category_id=business&feed=1,ok,,経済
2026-09-08,2026-09-08T00:22:47.043425+09:00,全国紙,全国,産経新聞,住宅地での民泊新規開業、事実上禁止へ 条例改正目指す京都市の有識者会議が素案示す,https://www.sankei.com/article/20260907-6KMH7C7KHBI4FDJDHRJNGLTQJY/,https://news.ceek.jp/search.cgi?category_id=business&feed=1,ok,,経済
2026-09-08,2026-09-08T00:22:47.043425+09:00,その他メディア,,日本金融通信,名古屋銀、愛知県・名古屋市から紺綬褒章 アジパラ寄付で,https://www.nikkinonline.com/article/421607,https://news.ceek.jp/search.cgi?category_id=business&feed=1,ok,,経済
2026-09-08,2026-09-08T00:22:47.043425+09:00,その他メディア,,デイリースポーツ,中部電力会長、改ざん問題を謝罪,https://www.daily.co.jp/society/economics/2026/09/07/0020793615.shtml,https://news.ceek.jp/search.cgi?category_id=business&feed=1,ok,,経済
2026-09-08,2026-09-08T00:22:47.043425+09:00,その他メディア,,日本テレビ,外為市場で一時1ドル=154円台前半 約半年ぶりの水準...円高進む,https://news.ntv.co.jp/category/economy/80708ffe0598423cb6216fed1073ed8e,https://news.ceek.jp/search.cgi?category_id=business&feed=1,ok,,経済
2026-09-08,2026-09-08T00:22:47.043425+09:00,その他メディア,,フジテレビ,"ブランド卵の販売が好調、2割増も 通常の卵価格上昇で“お得感""",https://www.fnn.jp/articles/-/1109547,https://news.ceek.jp/search.cgi?category_id=business&feed=1,ok,,経済
2026-09-08,2026-09-08T00:22:47.043425+09:00,全国紙,全国,日本経済新聞,軽油の供給力不足、原油より深刻 インフラ破壊で燃料高長期化リスク,https://www.nikkei.com/article/DGXZQOUB1893Q0Y6A810C2000000/,https://news.ceek.jp/search.cgi?category_id=business&feed=1,ok,,経済
2026-09-08,2026-09-08T00:22:47.043425+09:00,その他メディア,,フジテレビ,ケーキ店火災 焼け跡から複数の刃物見つかる 岐阜・本巣市,https://www.fnn.jp/articles/-/1109802,https://news.ceek.jp/search.cgi?category_id=national&feed=1,ok,,社会
2026-09-08,2026-09-08T00:22:47.043425+09:00,その他メディア,,デイリースポーツ,山口組「特定抗争指定」を初解除,https://www.daily.co.jp/society/national/2026/09/08/0020794684.shtml,https://news.ceek.jp/search.cgi?category_id=national&feed=1,ok,,社会
2026-09-08,2026-09-08T00:22:47.043425+09:00,その他メディア,,フジテレビ,関東甲信地方では「警報級の大雨」となる期間や地域が拡大する可能性 24時間予想降水量は関東地方北部・南部80ミリ、甲信地方100ミリ、伊豆諸島50ミリ(9日午前0時まで 多い所で),https://www.fnn.jp/articles/-/1109801,https://news.ceek.jp/search.cgi?category_id=national&feed=1,ok,,社会
2026-09-08,2026-09-08T00:22:47.043425+09:00,その他メディア,,日刊スポーツ,女子テニスの大坂なおみが20歳で全米オ.../今日は?,https://www.nikkansports.com/general/news/202609070001414.html,https://news.ceek.jp/search.cgi?category_id=national&feed=1,ok,,社会
2026-09-08,2026-09-08T00:22:47.043425+09:00,その他メディア,,テレビ朝日,JR東日本 8日も千葉県内を走る在来線の一部路線で運転見合わせ,https://news.tv-asahi.co.jp/news_society/articles/000531677.html,https://news.ceek.jp/search.cgi?category_id=national&feed=1,ok,,社会
2026-09-08,2026-09-08T00:22:47.043425+09:00,その他メディア,,テレビ朝日,アンダーパスで車水没し女性死亡 千葉では再び冠水...伊豆諸島に『土砂災害特別警報』,https://news.tv-asahi.co.jp/news_society/articles/900199099.html,https://news.ceek.jp/search.cgi?category_id=national&feed=1,ok,,社会
2026-09-08,2026-09-08T00:22:47.043425+09:00,その他メディア,,TBSテレビ,"続投決定の国民民主・玉木代表「臨時国会でしっかりとした論戦を」 高市総理は自民幹部と相次ぎ会談で人事協議 “骨格維持""の考え",https://newsdig.tbs.co.jp/articles/-/2927624?display=1,https://news.ceek.jp/search.cgi?category_id=national&feed=1,ok,,社会
2026-09-08,2026-09-08T00:22:47.043425+09:00,その他メディア,,フジテレビ,千葉でまた冠水 7日夜の雨は 8日は一部区間で交通に影響,https://www.fnn.jp/articles/-/1109796,https://news.ceek.jp/search.cgi?category_id=national&feed=1,ok,,社会
2026-09-08,2026-09-08T00:22:47.043425+09:00,その他メディア,,日本テレビ,"アンダーパス水没の危険性 水深60cmの道に進む実験では“ドア開かず""",https://news.ntv.co.jp/category/society/17f9cc291b734afc91a06cb27f2b9dd6,https://news.ceek.jp/search.cgi?category_id=national&feed=1,ok,,社会
2026-09-08,2026-09-08T00:22:47.043425+09:00,その他メディア,,テレビ朝日,ガソリンまき放火か...岐阜・ケーキ店で火災 3人死亡 死亡した男性が関与か,https://news.tv-asahi.co.jp/news_society/articles/900199098.html,https://news.ceek.jp/search.cgi?category_id=national&feed=1,ok,,社会
2026-09-08,2026-09-08T00:22:47.043425+09:00,その他メディア,,TBSテレビ,【ニュースライブ】朝のニュース(Japan News Digest Live)最新情報など(9月8日),https://newsdig.tbs.co.jp/articles/-/2927614?display=1,https://news.ceek.jp/search.cgi?category_id=national&feed=1,ok,,社会
2026-09-08,2026-09-08T00:22:47.043425+09:00,その他メディア,,フジテレビ,熊本県で最大震度3の地震 熊本県・上天草市,https://www.fnn.jp/articles/-/1109793,https://news.ceek.jp/search.cgi?category_id=national&feed=1,ok,,社会
2026-09-08,2026-09-08T00:22:47.043425+09:00,その他メディア,,テレビ朝日,"工事作業員が熱中症で死亡 “対策とらず""業者2社書類送検 鳥取・米子市",https://news.tv-asahi.co.jp/news_society/articles/000531611.html,https://news.ceek.jp/search.cgi?category_id=national&feed=1,ok,,社会
2026-09-08,2026-09-08T00:22:47.043425+09:00,その他メディア,,日刊スポーツ,【王位戦】藤井聡太王位のV7か伊藤匠2冠が追いつくか 注目の第6局8日開始,https://www.nikkansports.com/general/news/202609070001247.html,https://news.ceek.jp/search.cgi?category_id=national&feed=1,ok,,社会
2026-09-08,2026-09-08T00:22:47.043425+09:00,その他メディア,,共同通信,男性刺した疑いで住民逮捕 アパートの家賃トラブルか,https://www.47news.jp/14906079.html,https://news.ceek.jp/search.cgi?category_id=national&feed=1,ok,,社会
2026-09-08,2026-09-08T00:22:47.043425+09:00,その他メディア,,デイリースポーツ,男性刺した疑いで住民逮捕,https://www.daily.co.jp/society/national/2026/09/07/0020794421.shtml,https://news.ceek.jp/search.cgi?category_id=national&feed=1,ok,,社会
2026-09-08,2026-09-08T00:22:47.043425+09:00,その他メディア,,テレ東BIZ,ファーウェイ 新型三つ折りスマホ発表,https://txbiz.tv-tokyo.co.jp/txn/news_txn/post_348180,https://news.ceek.jp/search.cgi?category_id=national&feed=1,ok,,社会
2026-09-08,2026-09-08T00:22:47.043425+09:00,その他メディア,,テレ東BIZ,新宿区 住宅地での民泊禁止へ 影響約2000件に,https://txbiz.tv-tokyo.co.jp/txn/news_txn/post_348181,https://news.ceek.jp/search.cgi?category_id=national&feed=1,ok,,社会
2026-09-08,2026-09-08T00:22:47.043425+09:00,全国紙,全国,産経新聞,アパートで男性刺した疑い 住民を逮捕 家賃保証会社の社員重傷、支払いトラブルか 東京,https://www.sankei.com/article/20260907-IQH2BFYOBZJEROXP7RNFO2T43Q/,https://news.ceek.jp/search.cgi?category_id=national&feed=1,ok,,社会
2026-09-08,2026-09-08T00:22:47.043425+09:00,その他メディア,,TBSテレビ,高市総理 内閣改造&党役員などの人事を16日から18日にかけて実施で調整,https://newsdig.tbs.co.jp/articles/-/2927592?display=1,https://news.ceek.jp/search.cgi?category_id=national&feed=1,ok,,社会
2026-09-08,2026-09-08T00:22:47.043425+09:00,その他メディア,,フジテレビ,"【ミャンマー人虐待農場】新たな“被害""の訴え...ペットボトルで頭を殴打も...専門家は「""北海道に行ったら大変なことになる""といううわさが広がったら来てもらえなくなってしまう」労働力不足解消に影響も",https://www.fnn.jp/articles/-/1109790,https://news.ceek.jp/search.cgi?category_id=national&feed=1,ok,,社会
2026-09-08,2026-09-08T00:22:47.043425+09:00,その他メディア,,東京スポーツ新聞,港区が食中毒巡りこめおに被害者への対応指導 健康、法律相談の窓口も設置,https://www.tokyo-sports.co.jp/articles/-/402253,https://news.ceek.jp/search.cgi?category_id=national&feed=1,ok,,社会
2026-09-08,2026-09-08T00:22:47.043425+09:00,その他メディア,,共同通信,【速報】家賃トラブルで男性刺したか、住人の男逮捕,https://www.47news.jp/14906062.html,https://news.ceek.jp/search.cgi?category_id=national&feed=1,ok,,社会
2026-09-08,2026-09-08T00:22:47.043425+09:00,その他メディア,,フジテレビ,"千葉幸也企画理事 不適切な出張で“戒告"" 県庁内で何が 岩手県",https://www.fnn.jp/articles/-/1109787,https://news.ceek.jp/search.cgi?category_id=national&feed=1,ok,,社会
2026-09-08,2026-09-08T00:22:47.043425+09:00,全国紙,全国,産経新聞,調理配達された昼食から食中毒 高齢者施設33人発症 大阪・平野の事業者を営業停止処分,https://www.sankei.com/article/20260907-CFDBPE4CB5ICJABS2FF76X5F4E/,https://news.ceek.jp/search.cgi?category_id=national&feed=1,ok,,社会
2026-09-08,2026-09-08T00:22:47.043425+09:00,全国紙,全国,日本経済新聞,豪雨の行方不明者ゼロに 千葉、死者と同一と確認,https://www.nikkei.com/article/DGXZQOUD0767A0X00C26A9000000/,https://news.ceek.jp/search.cgi?category_id=national&feed=1,ok,,社会
2026-09-08,2026-09-08T00:22:47.043425+09:00,その他メディア,,フジテレビ,【通常運賃の半額以下】ススキノ勤めの女性ら相手に「白タク」営業...72歳男を道路運送法違反などの疑いで逮捕「生活費のために白タクをやっていた」<北海道札幌市>,https://www.fnn.jp/articles/-/1109785,https://news.ceek.jp/search.cgi?category_id=national&feed=1,ok,,社会
2026-09-08,2026-09-08T00:22:47.043425+09:00,その他メディア,,フジテレビ,「兵庫県警察」なのに「警視庁」の表記も... 兵庫県警の「ニセサイト」が発見される 特殊詐欺などに悪用される恐れも 「絶対にアクセスしないで下さい」注意呼びかけ,https://www.fnn.jp/articles/-/1109786,https://news.ceek.jp/search.cgi?category_id=national&feed=1,ok,,社会
2026-09-08,2026-09-08T00:22:47.043425+09:00,全国紙,全国,読売新聞,3人死亡の岐阜ケーキ店火災、焼け跡の男性遺体に大動脈まで達する刺し傷...車から見つかった遺体ほぼ全裸,https://www.yomiuri.co.jp/national/20260907-GYT1T00281/,https://news.ceek.jp/search.cgi?category_id=national&feed=1,ok,,社会
2026-09-08,2026-09-08T00:22:47.043425+09:00,全国紙,全国,産経新聞,「危険性の非常に高い悪質な犯行」乳児暴行死、父に懲役8年の判決 神戸地裁,https://www.sankei.com/article/20260907-HCIQS5OSI5NR5INPE5D6GYDRAA/,https://news.ceek.jp/search.cgi?category_id=national&feed=1,ok,,社会
2026-09-08,2026-09-08T00:22:47.043425+09:00,その他メディア,,フジテレビ,"【最新】「布に包んで放置したのは間違いないが殺意はない」一部否認“生後間もない娘""を共同住宅の敷地に放置し殺害しようとした疑いで31歳母親を逮捕_警察が責任能力を慎重に捜査〈北海道芦別市〉",https://www.fnn.jp/articles/-/1109784,https://news.ceek.jp/search.cgi?category_id=national&feed=1,ok,,社会
2026-09-08,2026-09-08T00:22:47.043425+09:00,その他メディア,,TBSテレビ,天童よしみさん「自転車舐めずに守ってね」 板橋区で一日警察署長に 志村署管内で発生の事故 半数以上が自転車絡む月も,https://newsdig.tbs.co.jp/articles/-/2927574?display=1,https://news.ceek.jp/search.cgi?category_id=national&feed=1,ok,,社会
2026-09-08,2026-09-08T00:22:47.043425+09:00,その他メディア,,フジテレビ,"【""33キロ""スピード超過で逮捕】パトカーから停止求められるも「後日出頭するから」→「時間がない」と5か月近く出頭要請に応じず...逮捕されると「本当に私の車かわからない」と否認〈北海道札幌市〉",https://www.fnn.jp/articles/-/1109780,https://news.ceek.jp/search.cgi?category_id=national&feed=1,ok,,社会
2026-09-08,2026-09-08T00:22:47.043425+09:00,その他メディア,,日本テレビ,JR東日本 千葉の大雨影響で8日も運転見合わせや運休が発生,https://news.ntv.co.jp/category/society/06d6c6b744394e6d977bf0a1acd70914,https://news.ceek.jp/search.cgi?category_id=national&feed=1,ok,,社会
2026-09-08,2026-09-08T00:22:47.043425+09:00,その他メディア,,フジテレビ,【スピードガンで30分間測ってみた】生活道路「時速30キロ」改正1週間_記者の測定では40キロ超の車も...タクシー運転手は「客に『急いで」と言われ困る」「冬場は坂道上がれないかも...」<北海道>,https://www.fnn.jp/articles/-/1109779,https://news.ceek.jp/search.cgi?category_id=national&feed=1,ok,,社会
2026-09-08,2026-09-08T00:22:47.043425+09:00,その他メディア,,フジテレビ,"【胆振東部地震から8年】北海道で初めて“震度7""を観測した厚真町...敬愛する“おじさん""の遺志を継ぎ曲を紡ぎ続けた青年―人口減少が続く町に「僕はずっといる」悲しみを乗り越え故郷に生きる",https://www.fnn.jp/articles/-/1109772,https://news.ceek.jp/search.cgi?category_id=national&feed=1,ok,,社会
2026-09-08,2026-09-08T00:22:47.043425+09:00,全国紙,全国,読売新聞,まもなく開幕アジア大会、公式グッズの伝統工芸「名古屋扇子」製作大詰め...「手に観戦し思い出と持ち帰って」,https://www.yomiuri.co.jp/national/20260907-GYT1T00272/,https://news.ceek.jp/search.cgi?category_id=national&feed=1,ok,,社会
2026-09-08,2026-09-08T00:22:47.043425+09:00,全国紙,全国,産経新聞,関東や東北の大雨 11都県で3661校が休校 千葉849校、東京739校 文科省集計,https://www.sankei.com/article/20260907-6QP2MIN635IN3OXAXE5723ZPOA/,https://news.ceek.jp/search.cgi?category_id=national&feed=1,ok,,社会
2026-09-08,2026-09-08T00:22:47.043425+09:00,その他メディア,,デイリースポーツ,11都県で3661校が休校,https://www.daily.co.jp/society/national/2026/09/07/0020794093.shtml,https://news.ceek.jp/search.cgi?category_id=national&feed=1,ok,,社会
2026-09-08,2026-09-08T00:22:47.043425+09:00,その他メディア,,共同通信,11都県で3661校が休校 大雨、文科省集計,https://www.47news.jp/14905938.html,https://news.ceek.jp/search.cgi?category_id=national&feed=1,ok,,社会
2026-09-08,2026-09-08T00:22:47.043425+09:00,その他メディア,,日本テレビ,住宅で火事 放火の疑いで58歳男を逮捕...連続不審火にも関与か 「散歩していただけ」容疑否認,https://news.ntv.co.jp/category/society/9ac0c252d32b4e1f89290b38f307e885,https://news.ceek.jp/search.cgi?category_id=national&feed=1,ok,,社会
2026-09-08,2026-09-08T00:22:47.043425+09:00,その他メディア,,TBSテレビ,"いのちの党 “解党的出直し""に向けた党改革方針発表、独立調査委員会の立ち上げへ",https://newsdig.tbs.co.jp/articles/-/2927561?display=1,https://news.ceek.jp/search.cgi?category_id=national&feed=1,ok,,社会
2026-09-08,2026-09-08T00:22:47.043425+09:00,その他メディア,,共同通信,【速報】大雨で11都県の3661校が休校,https://www.47news.jp/14905926.html,https://news.ceek.jp/search.cgi?category_id=national&feed=1,ok,,社会
2026-09-08,2026-09-08T00:22:47.043425+09:00,その他メディア,,フジテレビ,豪雨被災者の「困りごと」を一括サポート 氷見市役所に特設行政相談所が開設 支援策や行政手続きなど相談,https://www.fnn.jp/articles/-/1109767,https://news.ceek.jp/search.cgi?category_id=national&feed=1,ok,,社会
2026-09-08,2026-09-08T00:22:47.043425+09:00,その他メディア,,日本テレビ,神社の銅板約6000枚盗まれる 被害額2000万円以上 静岡・浜松市,https://news.ntv.co.jp/category/society/3eda078cc0a94e28980b4076deabf003,https://news.ceek.jp/search.cgi?category_id=national&feed=1,ok,,社会
2026-09-08,2026-09-08T00:22:47.043425+09:00,その他メディア,,フジテレビ,「ドア開けられず...」当時の状況語る アンダーパスで車水没 福島・いわき市,https://www.fnn.jp/articles/-/1109764,https://news.ceek.jp/search.cgi?category_id=national&feed=1,ok,,社会
2026-09-08,2026-09-08T00:22:47.043425+09:00,その他メディア,,デイリースポーツ,AI「人類存亡に関わるリスク」,https://www.daily.co.jp/society/main/2026/09/07/0020794056.shtml,https://news.ceek.jp/search.cgi?category_id=national&feed=1,ok,,社会
2026-09-08,2026-09-08T00:22:47.043425+09:00,その他メディア,,フジテレビ,「一人で散歩していただけ」東京・足立区の連続放火で逮捕の男が容疑否認 防犯カメラや目撃情報から捜査線に浮上,https://www.fnn.jp/articles/-/1109762,https://news.ceek.jp/search.cgi?category_id=national&feed=1,ok,,社会
2026-09-08,2026-09-08T00:22:47.043425+09:00,その他メディア,,フジテレビ,"川沿いに“謎のスロープ"" 設置者も目的も不明 諏訪湖周辺では“釣り用台座""見つかる 撤去に税金",https://www.fnn.jp/articles/-/1109765,https://news.ceek.jp/search.cgi?category_id=national&feed=1,ok,,社会
2026-09-08,2026-09-08T00:22:47.043425+09:00,その他メディア,,フジテレビ,病気の犬に治療受けさせず衰弱 無登録で子犬3匹を販売 動物愛護法違反で59歳飲食店経営の男を逮捕 衰弱した犬は救出も絶命,https://www.fnn.jp/articles/-/1109763,https://news.ceek.jp/search.cgi?category_id=national&feed=1,ok,,社会
2026-09-08,2026-09-08T00:22:47.043425+09:00,その他メディア,,テレビ朝日,【速報中】伊豆諸島北部に引き続きレベル5土砂災害特別警報、緊急安全確保 8日以降は大雨エリアが移動【秋雨前線】,https://news.tv-asahi.co.jp/news_society/articles/900198404.html,https://news.ceek.jp/search.cgi?category_id=national&feed=1,ok,,社会
2026-09-08,2026-09-08T00:22:47.043425+09:00,その他メディア,,フジテレビ,路上教習中の大型トラックと衝突70代男性搬送 教習中の運転手「センターライン割って突っ込んできた」 岡山・津山市,https://www.fnn.jp/articles/-/1109760,https://news.ceek.jp/search.cgi?category_id=national&feed=1,ok,,社会
2026-09-08,2026-09-08T00:22:47.043425+09:00,全国紙,全国,産経新聞,「安心して暮らせるよう事件の検挙や抑止を」 奈良県警の飯崎準本部長が着任会見で抱負,https://www.sankei.com/article/20260907-5XB746SKX5LG5EZHZUVI52FYA4/,https://news.ceek.jp/search.cgi?category_id=national&feed=1,ok,,社会
2026-09-08,2026-09-08T00:22:47.043425+09:00,その他メディア,,サンケイスポーツ,岐阜のケーキ店火災、現場から携行缶発見 ガソリン使用された可能性,https://www.sanspo.com/article/20260907-HLDFQ6W4TJOXHAL4S2267HSMEM/,https://news.ceek.jp/search.cgi?category_id=national&feed=1,ok,,社会
2026-09-08,2026-09-08T00:22:47.043425+09:00,その他メディア,,フジテレビ,「お金に困っていた」元広島カープ多田大輔容疑者(30)逮捕 バス停で寝ていた他人のクレジットカード不正使用か,https://www.fnn.jp/articles/-/1109755,https://news.ceek.jp/search.cgi?category_id=national&feed=1,ok,,社会
2026-09-08,2026-09-08T00:22:47.043425+09:00,全国紙,全国,産経新聞,千葉で初のアンダーパス予防措置 全国3000カ所超、専門家「情報発信強化を」,https://www.sankei.com/article/20260907-5XUKA2NRIVL23AGPJIHAHQBC2Y/,https://news.ceek.jp/search.cgi?category_id=national&feed=1,ok,,社会
2026-09-08,2026-09-08T00:22:47.043425+09:00,その他メディア,,フジテレビ,【福島県・9月8日の天気】大雨ピーク過ぎるも油断大敵!8日は再び雨 会津地方は特に警戒,https://www.fnn.jp/articles/-/1109750,https://news.ceek.jp/search.cgi?category_id=national&feed=1,ok,,社会
2026-09-08,2026-09-08T00:22:47.043425+09:00,その他メディア,,フジテレビ,知人女性への性的暴行疑いで逮捕の66歳男性を不起訴処分 千葉地検,https://www.fnn.jp/articles/-/1109729,https://news.ceek.jp/search.cgi?category_id=national&feed=1,ok,,社会
2026-09-08,2026-09-08T00:22:47.043425+09:00,その他メディア,,フジテレビ,ふるさと納税巡る牛肉偽装事件 水迫畜産と元取締役の男(55)を起訴 半額以下の県外産牛肉を「鹿児島産」と偽装し利益を得ようとしたか,https://www.fnn.jp/articles/-/1109513,https://news.ceek.jp/search.cgi?category_id=national&feed=1,ok,,社会
2026-09-08,2026-09-08T00:22:47.043425+09:00,その他メディア,,フジテレビ,上司のパワハラで職員が自殺 敦賀市が特別職を含むハラスメント防止条例案を提案 福井県は4月に制定,https://www.fnn.jp/articles/-/1109732,https://news.ceek.jp/search.cgi?category_id=national&feed=1,ok,,社会
2026-09-08,2026-09-08T00:22:47.043425+09:00,全国紙,全国,読売新聞,「白い巨塔」「鎌倉殿の13人」などで活躍の品川徹さん死去、90歳...リンパ腫で療養,https://www.yomiuri.co.jp/national/20260907-GYT1T00265/,https://news.ceek.jp/search.cgi?category_id=national&feed=1,ok,,社会
2026-09-08,2026-09-08T00:22:47.043425+09:00,その他メディア,,フジテレビ,千葉で再び大雨 住宅街で冠水、排水口から水があふれる場所も 都内の公園では倒木被害,https://www.fnn.jp/articles/-/1109728,https://news.ceek.jp/search.cgi?category_id=national&feed=1,ok,,社会
2026-09-08,2026-09-08T00:22:47.043425+09:00,その他メディア,,フジテレビ,"的中率わずか15%...「線状降水帯」予測の難しさ 氷見市に史上最大479ミリの雨をもたらした""夜の脅威""",https://www.fnn.jp/articles/-/1109722,https://news.ceek.jp/search.cgi?category_id=national&feed=1,ok,,社会
2026-09-08,2026-09-08T00:22:47.043425+09:00,その他メディア,,J-CAST,札幌の公園トイレ54か所、蛍光管が無断でLEDに 誰が何のため?市「名乗り出てほしかった」,https://www.j-cast.com/2026/09/07517731.html?p=all,https://news.ceek.jp/search.cgi?category_id=national&feed=1,ok,,社会
2026-09-08,2026-09-08T00:22:47.043425+09:00,全国紙,全国,日本経済新聞,アイン子会社巡る入札妨害事件、最高裁で弁論 二審で元社長ら無罪,https://www.nikkei.com/article/DGXZQOUD0778S0X00C26A9000000/,https://news.ceek.jp/search.cgi?category_id=national&feed=1,ok,,社会
2026-09-08,2026-09-08T00:22:47.043425+09:00,その他メディア,,フジテレビ,【天気/山形】天気ふりかえり置賜・村山で雨量まとまる 今夜天気の崩れなし 中村気象予報士の予報(1),https://www.fnn.jp/articles/-/1109718,https://news.ceek.jp/search.cgi?category_id=national&feed=1,ok,,社会
2026-09-08,2026-09-08T00:22:47.043425+09:00,その他メディア,,共同通信,元福岡県議ら、公費で海外視察 見直し検討,https://www.47news.jp/14905798.html,https://news.ceek.jp/search.cgi?category_id=national&feed=1,ok,,社会
2026-09-08,2026-09-08T00:22:47.043425+09:00,その他メディア,,テレビ朝日,「間違えた」毒キノコ炒め食べて救急搬送 AI診断で誤食するケースも,https://news.tv-asahi.co.jp/news_society/articles/000531648.html,https://news.ceek.jp/search.cgi?category_id=national&feed=1,ok,,社会
2026-09-08,2026-09-08T00:22:47.043425+09:00,その他メディア,,テレビ朝日,岐阜ケーキ店火事で3人死亡 死亡男性が事件に関与か,https://news.tv-asahi.co.jp/news_society/articles/000531665.html,https://news.ceek.jp/search.cgi?category_id=national&feed=1,ok,,社会
2026-09-08,2026-09-08T00:22:47.043425+09:00,その他メディア,,デイリースポーツ,元福岡県議ら、公費で海外視察,https://www.daily.co.jp/society/national/2026/09/07/0020794030.shtml,https://news.ceek.jp/search.cgi?category_id=national&feed=1,ok,,社会
2026-09-08,2026-09-08T00:22:47.043425+09:00,全国紙,全国,産経新聞,日野町事件、検察側が有罪証拠を事実上「撤回」 早期の再審無罪へ 大津地裁,https://www.sankei.com/article/20260907-Y67DLK2KQJIZJK6VPFTG6BPD2M/,https://news.ceek.jp/search.cgi?category_id=national&feed=1,ok,,社会
2026-09-08,2026-09-08T00:22:47.043425+09:00,その他メディア,,TBSテレビ,西東京市で家賃保証会社の男性社員が刺され重傷 無職の66歳男を殺人未遂の疑いで現行犯逮捕 男は家賃を滞納、退去促すため訪問しトラブルか,https://newsdig.tbs.co.jp/articles/-/2927526?display=1,https://news.ceek.jp/search.cgi?category_id=national&feed=1,ok,,社会
2026-09-08,2026-09-08T00:22:47.043425+09:00,その他メディア,,東京スポーツ新聞,メルカリ ちいかわ×くら寿司コラボ景品の不正出品に「通報(違反申告)をお願いします」,https://www.tokyo-sports.co.jp/articles/-/402245,https://news.ceek.jp/search.cgi?category_id=national&feed=1,ok,,社会
2026-09-08,2026-09-08T00:22:47.043425+09:00,その他メディア,,フジテレビ,関東は木曜日ごろまで雨続く予報 南の熱帯低気圧と秋雨前線が合体か 来週末まで前線が本州付近に停滞,https://www.fnn.jp/articles/-/1109694,https://news.ceek.jp/search.cgi?category_id=national&feed=1,ok,,社会
2026-09-08,2026-09-08T00:22:47.043425+09:00,その他メディア,,アサ芸プラス,縁起の良さ最大値!9月9日「重陽の節句」に「菊酒」を呑む!大人が嗜む「秋のひやおろし」名酒と食のペアリング指南,https://www.asagei.com/excerpt/349417,https://news.ceek.jp/search.cgi?category_id=national&feed=1,ok,,社会
2026-09-08,2026-09-08T00:22:47.043425+09:00,その他メディア,,Abema TIMES,「恐怖感じた」たった30cmが命脅かす 浸水・冠水被害検証 車のスライドドアも,https://times.abema.tv/articles/-/10271605?page=1,https://news.ceek.jp/search.cgi?category_id=national&feed=1,ok,,社会
2026-09-08,2026-09-08T00:22:47.043425+09:00,全国紙,全国,日本経済新聞,警察庁と日本マイクロソフト、サイバー犯罪防止・捜査で連携協定,https://www.nikkei.com/article/DGXZQOUF077QE0X00C26A9000000/,https://news.ceek.jp/search.cgi?category_id=national&feed=1,ok,,社会
2026-09-08,2026-09-08T00:22:47.043425+09:00,その他メディア,,日本テレビ,"悠仁さま二十歳に 成年皇族として公的活動増やし...同世代との交流では親しみやすい“素顔""も",https://news.ntv.co.jp/category/society/908ce72876284e69b1a5536138e19f62,https://news.ceek.jp/search.cgi?category_id=national&feed=1,ok,,社会
2026-09-08,2026-09-08T00:22:47.043425+09:00,その他メディア,,フジテレビ,千葉で再び道路冠水 墓に浸水、土砂崩れも...各地で被害 館山市では24時間降水量が観測史上最多に,https://www.fnn.jp/articles/-/1109709,https://news.ceek.jp/search.cgi?category_id=national&feed=1,ok,,社会
2026-09-08,2026-09-08T00:22:47.043425+09:00,その他メディア,,フジテレビ,アンダーパスで一体何が!? 車2台が浸水し1人死亡 排水が適正に行われなかった可能性も,https://www.fnn.jp/articles/-/1109715,https://news.ceek.jp/search.cgi?category_id=national&feed=1,ok,,社会
2026-09-08,2026-09-08T00:22:47.043425+09:00,全国紙,全国,日本経済新聞,日産婦、「着床前診断」36件承認 26年6月までの1年間で,https://www.nikkei.com/article/DGXZQOUF075AG0X00C26A9000000/,https://news.ceek.jp/search.cgi?category_id=national&feed=1,ok,,社会
2026-09-08,2026-09-08T00:22:47.043425+09:00,その他メディア,,フジテレビ,いわきでは9月の観測史上最大の降水量 アンダーパス浸水で1人死亡 福島・浜通りを中心に大雨に,https://www.fnn.jp/articles/-/1109706,https://news.ceek.jp/search.cgi?category_id=national&feed=1,ok,,社会
2026-09-08,2026-09-08T00:22:47.043425+09:00,その他メディア,,日本テレビ,地下鉄で女子高校生の制服に体液かけたとして逮捕 男性(41)を不起訴 東京地検,https://news.ntv.co.jp/category/society/e7f33f15035044eca195e675d3f5df8f,https://news.ceek.jp/search.cgi?category_id=national&feed=1,ok,,社会
2026-09-08,2026-09-08T00:22:47.043425+09:00,その他メディア,,フジテレビ,「けがで動けない」北アルプスで東京都の35歳男性が肩を負傷 救助隊員が向かうも天候不良で一晩ビバーク 自力歩行可能で、翌日に救助隊員ら8人が付き添い下山 西穂高岳から奥穂高岳方面に縦走中、間ノ岳で遭難,https://www.fnn.jp/articles/-/1109708,https://news.ceek.jp/search.cgi?category_id=national&feed=1,ok,,社会
2026-09-08,2026-09-08T00:22:47.043425+09:00,その他メディア,,テレビ朝日,千葉のアンダーパスで通行止め「解除」,https://news.tv-asahi.co.jp/news_society/articles/000531669.html,https://news.ceek.jp/search.cgi?category_id=national&feed=1,ok,,社会
2026-09-08,2026-09-08T00:22:47.043425+09:00,その他メディア,,フジテレビ,「昼前から急に激しく降りだす」8日から10日は大雨に警戒を 線状降水帯発生のおそれも 富山県の天気【気象予報士 解説】,https://www.fnn.jp/articles/-/1109674,https://news.ceek.jp/search.cgi?category_id=national&feed=1,ok,,社会
2026-09-08,2026-09-08T00:22:47.043425+09:00,その他メディア,,フジテレビ,原爆資料館で暴行か 女性の顔を複数回殴った疑いで30代の女逮捕 被害者とは面識なし 広島,https://www.fnn.jp/articles/-/1109699,https://news.ceek.jp/search.cgi?category_id=national&feed=1,ok,,社会
2026-09-08,2026-09-08T00:22:47.043425+09:00,その他メディア,,フジテレビ,「クマと5分ほど格闘」キノコ採りの61歳男性が顔と体をひっかかれる 成獣と子グマに遭遇...70代男性もクマに襲われる 「遭遇しない対策を」2日連続クマによる人身被害が発生 長野県伊那市、軽井沢町,https://www.fnn.jp/articles/-/1109697,https://news.ceek.jp/search.cgi?category_id=national&feed=1,ok,,社会
2026-09-08,2026-09-08T00:22:47.043425+09:00,その他メディア,,テレビ朝日,パワハラ認定の横浜・山中市長が辞職 市議会が全会一致で同意,https://news.tv-asahi.co.jp/news_society/articles/000531670.html,https://news.ceek.jp/search.cgi?category_id=national&feed=1,ok,,社会
2026-09-08,2026-09-08T00:22:47.043425+09:00,その他メディア,,NNA ASIA,トヨタのEVを本格販売,https://www.nna.jp/news/2960404,https://news.ceek.jp/search.cgi?category_id=world&feed=1,ok,,国際
2026-09-08,2026-09-08T00:22:47.043425+09:00,その他メディア,,NNA ASIA,みずほ銀、越拠点の資本増強,https://www.nna.jp/news/2961413,https://news.ceek.jp/search.cgi?category_id=world&feed=1,ok,,国際
2026-09-08,2026-09-08T00:22:47.043425+09:00,その他メディア,,NNA ASIA,【つかめ商業宇宙】展示会で日本が初パビリオン,https://www.nna.jp/news/2962425,https://news.ceek.jp/search.cgi?category_id=world&feed=1,ok,,国際
2026-09-08,2026-09-08T00:22:47.043425+09:00,その他メディア,,NNA ASIA,日本のウナギ料理、マで商機,https://www.nna.jp/news/2962440,https://news.ceek.jp/search.cgi?category_id=world&feed=1,ok,,国際
2026-09-08,2026-09-08T00:22:47.043425+09:00,その他メディア,,NNA ASIA,【経営層の会計・税務知識】Enterprise Innovation Scheme (EIS)の拡充,https://www.nna.jp/news/2962742,https://news.ceek.jp/search.cgi?category_id=world&feed=1,ok,,国際
2026-09-08,2026-09-08T00:22:47.043425+09:00,その他メディア,,NNA ASIA,豪企業のAI導入加速、費用対効果が課題,https://www.nna.jp/news/2962828,https://news.ceek.jp/search.cgi?category_id=world&feed=1,ok,,国際
2026-09-08,2026-09-08T00:22:47.043425+09:00,その他メディア,,NNA ASIA,NZ企業の破綻14%増、景気回復に遅れか,https://www.nna.jp/news/2963212,https://news.ceek.jp/search.cgi?category_id=world&feed=1,ok,,国際
2026-09-08,2026-09-08T00:22:47.043425+09:00,その他メディア,,NNA ASIA,スラバヤ総領事の著書、インドネシア語で刊行,https://www.nna.jp/news/2963294,https://news.ceek.jp/search.cgi?category_id=world&feed=1,ok,,国際
2026-09-08,2026-09-08T00:22:47.043425+09:00,その他メディア,,NNA ASIA,サイバー攻撃対策、中小企業には困難=財界,https://www.nna.jp/news/2963304,https://news.ceek.jp/search.cgi?category_id=world&feed=1,ok,,国際
2026-09-08,2026-09-08T00:22:47.043425+09:00,その他メディア,,NNA ASIA,豪研究助成機関、外国からの干渉対策を強化,https://www.nna.jp/news/2963316,https://news.ceek.jp/search.cgi?category_id=world&feed=1,ok,,国際
2026-09-08,2026-09-08T00:22:47.043425+09:00,その他メディア,,NNA ASIA,新聞など部数公査ABC、新会長を選出,https://www.nna.jp/news/2963324,https://news.ceek.jp/search.cgi?category_id=world&feed=1,ok,,国際
2026-09-08,2026-09-08T00:22:47.043425+09:00,その他メディア,,NNA ASIA,9月は金輸入量減少の見通し、首相要請が奏功,https://www.nna.jp/news/2963369,https://news.ceek.jp/search.cgi?category_id=world&feed=1,ok,,国際
2026-09-08,2026-09-08T00:22:47.043425+09:00,その他メディア,,NNA ASIA,最大都市の燃油価格、前週から据え置き,https://www.nna.jp/news/2963682,https://news.ceek.jp/search.cgi?category_id=world&feed=1,ok,,国際
2026-09-08,2026-09-08T00:22:47.043425+09:00,その他メディア,,NNA ASIA,【マーケット情報】商品市況・為替・株式(2026年09月07日時点),https://www.nna.jp/news/2963820,https://news.ceek.jp/search.cgi?category_id=world&feed=1,ok,,国際
2026-09-08,2026-09-08T00:22:47.043425+09:00,その他メディア,,NNA ASIA,投資委と国家開発公社、デジタル窓口設置で連携,https://www.nna.jp/news/2963984,https://news.ceek.jp/search.cgi?category_id=world&feed=1,ok,,国際
2026-09-08,2026-09-08T00:22:47.043425+09:00,その他メディア,,NNA ASIA,上級相、ネパール洪水巡る差別発言を批判,https://www.nna.jp/news/2964141,https://news.ceek.jp/search.cgi?category_id=world&feed=1,ok,,国際
2026-09-08,2026-09-08T00:22:47.043425+09:00,その他メディア,,NNA ASIA,TCSがハイデラでDC開発、国内最大級1GW,https://www.nna.jp/news/2964151,https://news.ceek.jp/search.cgi?category_id=world&feed=1,ok,,国際
2026-09-08,2026-09-08T00:22:47.043425+09:00,その他メディア,,NNA ASIA,地上設置太陽光など、蓄電併設を義務付けへ,https://www.nna.jp/news/2964194,https://news.ceek.jp/search.cgi?category_id=world&feed=1,ok,,国際
2026-09-08,2026-09-08T00:22:47.043425+09:00,その他メディア,,NNA ASIA,〔政治スポットライト〕NZ労働党の支持率、約2年ぶり低水準に,https://www.nna.jp/news/2964240,https://news.ceek.jp/search.cgi?category_id=world&feed=1,ok,,国際
2026-09-08,2026-09-08T00:22:47.043425+09:00,その他メディア,,NNA ASIA,テイクオフ:15年前に日本から当地...,https://www.nna.jp/news/2964241,https://news.ceek.jp/search.cgi?category_id=world&feed=1,ok,,国際
2026-09-08,2026-09-08T00:22:47.043425+09:00,その他メディア,,NNA ASIA,燃料高騰で農家に貧困リスク、ADB警告,https://www.nna.jp/news/2964249,https://news.ceek.jp/search.cgi?category_id=world&feed=1,ok,,国際
2026-09-08,2026-09-08T00:22:47.043425+09:00,その他メディア,,NNA ASIA,ニーム農薬工場、高付加価値品を生産・輸出へ,https://www.nna.jp/news/2964261,https://news.ceek.jp/search.cgi?category_id=world&feed=1,ok,,国際
2026-09-08,2026-09-08T00:22:47.043425+09:00,その他メディア,,NNA ASIA,燃料価格、2週間ぶりに引き上げ,https://www.nna.jp/news/2964265,https://news.ceek.jp/search.cgi?category_id=world&feed=1,ok,,国際
2026-09-08,2026-09-08T00:22:47.043425+09:00,その他メディア,,NNA ASIA,豪ジェットゼロ、3千万$調達で工場建設へ,https://www.nna.jp/news/2964267,https://news.ceek.jp/search.cgi?category_id=world&feed=1,ok,,国際
2026-09-08,2026-09-08T00:22:47.043425+09:00,その他メディア,,NNA ASIA,ホンダ越法人、スーパーカブ新モデル発売へ,https://www.nna.jp/news/2964277,https://news.ceek.jp/search.cgi?category_id=world&feed=1,ok,,国際
2026-09-08,2026-09-08T00:22:47.043425+09:00,その他メディア,,NNA ASIA,7月卸売物価は2.4%上昇、3カ月ぶり加速,https://www.nna.jp/news/2964279,https://news.ceek.jp/search.cgi?category_id=world&feed=1,ok,,国際
2026-09-08,2026-09-08T00:22:47.043425+09:00,その他メディア,,NNA ASIA,8月車小売り18%増、環境車けん引,https://www.nna.jp/news/2964287,https://news.ceek.jp/search.cgi?category_id=world&feed=1,ok,,国際
2026-09-08,2026-09-08T00:22:47.043425+09:00,その他メディア,,NNA ASIA,OECD加盟へ賄賂関連規制を整備、NESDC,https://www.nna.jp/news/2964290,https://news.ceek.jp/search.cgi?category_id=world&feed=1,ok,,国際
2026-09-08,2026-09-08T00:22:47.043425+09:00,その他メディア,,NNA ASIA,中国人、マレーシアでの住宅購入が急増,https://www.nna.jp/news/2964293,https://news.ceek.jp/search.cgi?category_id=world&feed=1,ok,,国際
2026-09-08,2026-09-08T00:22:47.043425+09:00,その他メディア,,NNA ASIA,【自動車・二輪車小売り月報(FADA)】2026年8月,https://www.nna.jp/news/2964299,https://news.ceek.jp/search.cgi?category_id=world&feed=1,ok,,国際
2026-09-08,2026-09-08T00:22:47.043425+09:00,その他メディア,,NNA ASIA,豪野党、WA鉄鉱山への中国の出資阻止要求,https://www.nna.jp/news/2964302,https://news.ceek.jp/search.cgi?category_id=world&feed=1,ok,,国際
2026-09-08,2026-09-08T00:22:47.043425+09:00,その他メディア,,NNA ASIA,プロトン「S70」、ラインアップ拡充,https://www.nna.jp/news/2964304,https://news.ceek.jp/search.cgi?category_id=world&feed=1,ok,,国際
2026-09-08,2026-09-08T00:22:47.043425+09:00,その他メディア,,NNA ASIA,会計士協会、インドネシアに企業支援機能,https://www.nna.jp/news/2964308,https://news.ceek.jp/search.cgi?category_id=world&feed=1,ok,,国際
2026-09-08,2026-09-08T00:22:47.043425+09:00,その他メディア,,NNA ASIA,7月小売業売上1.5%上昇、6カ月連続プラス,https://www.nna.jp/news/2964313,https://news.ceek.jp/search.cgi?category_id=world&feed=1,ok,,国際
2026-09-08,2026-09-08T00:22:47.043425+09:00,その他メディア,,NNA ASIA,MRTと現地社、医療分野の海外進出支援,https://www.nna.jp/news/2964314,https://news.ceek.jp/search.cgi?category_id=world&feed=1,ok,,国際
2026-09-08,2026-09-08T00:22:47.043425+09:00,その他メディア,,NNA ASIA,iXバイオ、米軍向け鎮痛薬の緊急使用申請,https://www.nna.jp/news/2964319,https://news.ceek.jp/search.cgi?category_id=world&feed=1,ok,,国際
2026-09-08,2026-09-08T00:22:47.043425+09:00,その他メディア,,NNA ASIA,洪水への心配が8割超、自然災害に関する調査,https://www.nna.jp/news/2964326,https://news.ceek.jp/search.cgi?category_id=world&feed=1,ok,,国際
2026-09-08,2026-09-08T00:22:47.043425+09:00,その他メディア,,NNA ASIA,7月外食産業指数、2カ月連続マイナス,https://www.nna.jp/news/2964327,https://news.ceek.jp/search.cgi?category_id=world&feed=1,ok,,国際
2026-09-08,2026-09-08T00:22:47.043425+09:00,その他メディア,,NNA ASIA,車検プスパコム、来年から24時間営業へ,https://www.nna.jp/news/2964339,https://news.ceek.jp/search.cgi?category_id=world&feed=1,ok,,国際
2026-09-08,2026-09-08T00:22:47.043425+09:00,その他メディア,,NNA ASIA,トランスコスモス、AIチャットボット投入,https://www.nna.jp/news/2964340,https://news.ceek.jp/search.cgi?category_id=world&feed=1,ok,,国際
2026-09-08,2026-09-08T00:22:47.043425+09:00,その他メディア,,NNA ASIA,経済区庁、韓国に投資ミッション派遣,https://www.nna.jp/news/2964341,https://news.ceek.jp/search.cgi?category_id=world&feed=1,ok,,国際
2026-09-08,2026-09-08T00:22:47.043425+09:00,その他メディア,,NNA ASIA,包装資材メガレスタリ、27年に新施設設置,https://www.nna.jp/news/2964347,https://news.ceek.jp/search.cgi?category_id=world&feed=1,ok,,国際
2026-09-08,2026-09-08T00:22:47.043425+09:00,その他メディア,,NNA ASIA,ハラル認証義務化の延期を要請=経営者協会,https://www.nna.jp/news/2964352,https://news.ceek.jp/search.cgi?category_id=world&feed=1,ok,,国際
2026-09-08,2026-09-08T00:22:47.043425+09:00,その他メディア,,NNA ASIA,家事アヤサン、オフィス清掃で百社導入へ,https://www.nna.jp/news/2964355,https://news.ceek.jp/search.cgi?category_id=world&feed=1,ok,,国際
2026-09-08,2026-09-08T00:22:47.043425+09:00,その他メディア,,NNA ASIA,在庫調達型EC、輸出目的限定で外資に認可,https://www.nna.jp/news/2964358,https://news.ceek.jp/search.cgi?category_id=world&feed=1,ok,,国際
2026-09-08,2026-09-08T00:22:47.043425+09:00,その他メディア,,NNA ASIA,事業停止で賃金減の労働者、6月は19%増,https://www.nna.jp/news/2964359,https://news.ceek.jp/search.cgi?category_id=world&feed=1,ok,,国際
2026-09-08,2026-09-08T00:22:47.043425+09:00,その他メディア,,NNA ASIA,大雨続く予想、ルソン4州で洪水リスク,https://www.nna.jp/news/2964364,https://news.ceek.jp/search.cgi?category_id=world&feed=1,ok,,国際
2026-09-08,2026-09-08T00:22:47.043425+09:00,その他メディア,,NNA ASIA,EV業界団体、関税免除措置の延長を要望,https://www.nna.jp/news/2964366,https://news.ceek.jp/search.cgi?category_id=world&feed=1,ok,,国際
2026-09-08,2026-09-08T00:22:47.043425+09:00,その他メディア,,NNA ASIA,シリカ耐火材のラガブ、黒崎播磨と東部で合弁,https://www.nna.jp/news/2964367,https://news.ceek.jp/search.cgi?category_id=world&feed=1,ok,,国際
2026-09-08,2026-09-08T00:22:47.043425+09:00,その他メディア,,NNA ASIA,タインホア省、ゴルフ場と都市区の計画承認,https://www.nna.jp/news/2964381,https://news.ceek.jp/search.cgi?category_id=world&feed=1,ok,,国際
2026-09-08,2026-09-08T00:22:47.043425+09:00,その他メディア,,NNA ASIA,EVN、セサン第4水力発電所を拡張,https://www.nna.jp/news/2964383,https://news.ceek.jp/search.cgi?category_id=world&feed=1,ok,,国際
2026-09-08,2026-09-08T00:22:47.043425+09:00,その他メディア,,NNA ASIA,銀行口座のない1500万人、毎年200万人減目標,https://www.nna.jp/news/2964386,https://news.ceek.jp/search.cgi?category_id=world&feed=1,ok,,国際
2026-09-08,2026-09-08T00:22:47.043425+09:00,その他メディア,,NNA ASIA,ペトロナス、投資家向けデータベースにAI搭載,https://www.nna.jp/news/2964387,https://news.ceek.jp/search.cgi?category_id=world&feed=1,ok,,国際
2026-09-08,2026-09-08T00:22:47.043425+09:00,その他メディア,,NNA ASIA,NICEの希土類開発、抽出剤の製造許可取得,https://www.nna.jp/news/2964398,https://news.ceek.jp/search.cgi?category_id=world&feed=1,ok,,国際
2026-09-08,2026-09-08T00:22:47.043425+09:00,その他メディア,,NNA ASIA,マニプール州との国境フェンス、55キロ完成,https://www.nna.jp/news/2964399,https://news.ceek.jp/search.cgi?category_id=world&feed=1,ok,,国際
2026-09-08,2026-09-08T00:22:47.043425+09:00,その他メディア,,NNA ASIA,首都庁が建築許可手続きを電子化、汚職撲滅へ,https://www.nna.jp/news/2964414,https://news.ceek.jp/search.cgi?category_id=world&feed=1,ok,,国際
2026-09-08,2026-09-08T00:22:47.043425+09:00,その他メディア,,NNA ASIA,セントラル、トップススーパーの旗艦店閉店,https://www.nna.jp/news/2964421,https://news.ceek.jp/search.cgi?category_id=world&feed=1,ok,,国際
2026-09-08,2026-09-08T00:22:47.043425+09:00,その他メディア,,NNA ASIA,5年間の国民運動、読書を習慣化へ=図書館庁,https://www.nna.jp/news/2964422,https://news.ceek.jp/search.cgi?category_id=world&feed=1,ok,,国際
2026-09-08,2026-09-08T00:22:47.043425+09:00,その他メディア,,NNA ASIA,ペカット、ジョ州DC工事を9.8億円で受注,https://www.nna.jp/news/2964424,https://news.ceek.jp/search.cgi?category_id=world&feed=1,ok,,国際
2026-09-08,2026-09-08T00:22:47.043425+09:00,その他メディア,,NNA ASIA,XLスマート、年内に101都市で5G提供へ,https://www.nna.jp/news/2964426,https://news.ceek.jp/search.cgi?category_id=world&feed=1,ok,,国際
2026-09-08,2026-09-08T00:22:47.043425+09:00,その他メディア,,NNA ASIA,宇宙系テック、スラウェシの国立大などと協力,https://www.nna.jp/news/2964428,https://news.ceek.jp/search.cgi?category_id=world&feed=1,ok,,国際
2026-09-08,2026-09-08T00:22:47.043425+09:00,その他メディア,,NNA ASIA,いすゞ、1~7月トラック市場で首位維持,https://www.nna.jp/news/2964432,https://news.ceek.jp/search.cgi?category_id=world&feed=1,ok,,国際
2026-09-08,2026-09-08T00:22:47.043425+09:00,その他メディア,,NNA ASIA,欧州向け軽油供給で存在感、米ロの輸出低迷で,https://www.nna.jp/news/2964434,https://news.ceek.jp/search.cgi?category_id=world&feed=1,ok,,国際
2026-09-08,2026-09-08T00:22:47.043425+09:00,その他メディア,,NNA ASIA,HCM市、工業団地企業も電力直接取引へ,https://www.nna.jp/news/2964440,https://news.ceek.jp/search.cgi?category_id=world&feed=1,ok,,国際
2026-09-08,2026-09-08T00:22:47.043425+09:00,その他メディア,,NNA ASIA,運輸省、鉄道整備のCO2削減効果を強調,https://www.nna.jp/news/2964446,https://news.ceek.jp/search.cgi?category_id=world&feed=1,ok,,国際
2026-09-08,2026-09-08T00:22:47.043425+09:00,その他メディア,,NNA ASIA,港湾公団、北部河川港にモバイルクレーン導入,https://www.nna.jp/news/2964449,https://news.ceek.jp/search.cgi?category_id=world&feed=1,ok,,国際
2026-09-08,2026-09-08T00:22:47.043425+09:00,その他メディア,,NNA ASIA,スディルマンバル駅利用客、1~8月は179万人,https://www.nna.jp/news/2964451,https://news.ceek.jp/search.cgi?category_id=world&feed=1,ok,,国際
2026-09-08,2026-09-08T00:22:47.043425+09:00,その他メディア,,NNA ASIA,JPドラゴン関係者逮捕へ、比から2人強制送還,https://www.nna.jp/news/2964471,https://news.ceek.jp/search.cgi?category_id=world&feed=1,ok,,国際
2026-09-08,2026-09-08T00:22:47.043425+09:00,その他メディア,,NNA ASIA,DC投資、AI需要で活発化,https://www.nna.jp/news/2960315,https://news.ceek.jp/search.cgi?category_id=world&feed=1,ok,,国際
2026-09-08,2026-09-08T00:22:47.043425+09:00,その他メディア,,NNA ASIA,【会員情報NOW!】最新のオーストラリア政治情勢をNNAが解説!,https://www.nna.jp/news/2961864,https://news.ceek.jp/search.cgi?category_id=world&feed=1,ok,,国際
2026-09-08,2026-09-08T00:22:47.043425+09:00,その他メディア,,NNA ASIA,豪が外資誘致競争で2位転落、煩雑制度で,https://www.nna.jp/news/2963930,https://news.ceek.jp/search.cgi?category_id=world&feed=1,ok,,国際
2026-09-08,2026-09-08T00:22:47.043425+09:00,その他メディア,,NNA ASIA,本日のオーストラリア1行情報(7日付),https://www.nna.jp/news/2964131,https://news.ceek.jp/search.cgi?category_id=world&feed=1,ok,,国際
2026-09-08,2026-09-08T00:22:47.043425+09:00,その他メディア,,NNA ASIA,EMSディクソン、航空・防衛・医療へ進出検討,https://www.nna.jp/news/2964232,https://news.ceek.jp/search.cgi?category_id=world&feed=1,ok,,国際
2026-09-08,2026-09-08T00:22:47.043425+09:00,その他メディア,,NNA ASIA,炭素クレジット実施協定、ラオスと締結,https://www.nna.jp/news/2964238,https://news.ceek.jp/search.cgi?category_id=world&feed=1,ok,,国際
2026-09-08,2026-09-08T00:22:47.043425+09:00,その他メディア,,NNA ASIA,東映ライセンス許諾否定、仏ドラゴンボール施設,https://www.nna.jp/news/2964239,https://news.ceek.jp/search.cgi?category_id=world&feed=1,ok,,国際
2026-09-08,2026-09-08T00:22:47.043425+09:00,その他メディア,,NNA ASIA,RM1=38.2円、$1=RM4.05(7日),https://www.nna.jp/news/2964242,https://news.ceek.jp/search.cgi?category_id=world&feed=1,ok,,国際
2026-09-08,2026-09-08T00:22:47.043425+09:00,その他メディア,,NNA ASIA,4~6月「7.8%成長」に疑問符、元政府幹部ら,https://www.nna.jp/news/2964243,https://news.ceek.jp/search.cgi?category_id=world&feed=1,ok,,国際
2026-09-08,2026-09-08T00:22:47.043425+09:00,その他メディア,,NNA ASIA,豪石油生産量が過去最低、燃料安保に懸念,https://www.nna.jp/news/2964252,https://news.ceek.jp/search.cgi?category_id=world&feed=1,ok,,国際
2026-09-08,2026-09-08T00:22:47.043425+09:00,その他メディア,,NNA ASIA,フォーデジット、マ工科大でデザイン講座,https://www.nna.jp/news/2964259,https://news.ceek.jp/search.cgi?category_id=world&feed=1,ok,,国際
2026-09-08,2026-09-08T00:22:47.043425+09:00,その他メディア,,NNA ASIA,カジノ免許更新、新たな評価枠組みを協議,https://www.nna.jp/news/2964260,https://news.ceek.jp/search.cgi?category_id=world&feed=1,ok,,国際
2026-09-08,2026-09-08T00:22:47.043425+09:00,その他メディア,,NNA ASIA,ラム書記長、12日までロシア・フランスを歴訪,https://www.nna.jp/news/2964263,https://news.ceek.jp/search.cgi?category_id=world&feed=1,ok,,国際
2026-09-08,2026-09-08T00:22:47.043425+09:00,その他メディア,,NNA ASIA,7日為替:1ドル=62.586ペソ(↑),https://www.nna.jp/news/2964264,https://news.ceek.jp/search.cgi?category_id=world&feed=1,ok,,国際
2026-09-08,2026-09-08T00:22:47.043425+09:00,その他メディア,,NNA ASIA,航空整備のGTA、上場後に高度化へ研究拠点,https://www.nna.jp/news/2964271,https://news.ceek.jp/search.cgi?category_id=world&feed=1,ok,,国際
2026-09-08,2026-09-08T00:22:47.043425+09:00,その他メディア,,NNA ASIA,〔ポッサムのつぶやき〕カンタス、あのお菓子とコラボ!,https://www.nna.jp/news/2964275,https://news.ceek.jp/search.cgi?category_id=world&feed=1,ok,,国際
2026-09-08,2026-09-08T00:22:47.043425+09:00,その他メディア,,NNA ASIA,ラピッドレール、新CEOはサラワクメトロ幹部,https://www.nna.jp/news/2964276,https://news.ceek.jp/search.cgi?category_id=world&feed=1,ok,,国際
2026-09-08,2026-09-08T00:22:47.043425+09:00,その他メディア,,NNA ASIA,海外就労者の本国送金義務、政権が厳格化,https://www.nna.jp/news/2964278,https://news.ceek.jp/search.cgi?category_id=world&feed=1,ok,,国際
2026-09-08,2026-09-08T00:22:47.043425+09:00,その他メディア,,NNA ASIA,米国産鶏卵、スーパーで販売再開,https://www.nna.jp/news/2964284,https://news.ceek.jp/search.cgi?category_id=world&feed=1,ok,,国際
2026-09-08,2026-09-08T00:22:47.043425+09:00,その他メディア,,NNA ASIA,豪、競業避止条項を禁止へ,https://www.nna.jp/news/2964288,https://news.ceek.jp/search.cgi?category_id=world&feed=1,ok,,国際
2026-09-08,2026-09-08T00:22:47.043425+09:00,その他メディア,,NNA ASIA,比セブン、12月にセブで国内5千店目開業へ,https://www.nna.jp/news/2964291,https://news.ceek.jp/search.cgi?category_id=world&feed=1,ok,,国際
2026-09-08,2026-09-08T00:22:47.043425+09:00,その他メディア,,NNA ASIA,[資料]2026年8月の二輪統計(表),https://www.nna.jp/news/2964305,https://news.ceek.jp/search.cgi?category_id=world&feed=1,ok,,国際
2026-09-08,2026-09-08T00:22:47.043425+09:00,その他メディア,,NNA ASIA,8月二輪販売59.6万台、3カ月連続で前年超,https://www.nna.jp/news/2964306,https://news.ceek.jp/search.cgi?category_id=world&feed=1,ok,,国際
2026-09-08,2026-09-08T00:22:47.043425+09:00,その他メディア,,NNA ASIA,政権トップ、通信ベトテルに協力拡大要請,https://www.nna.jp/news/2964307,https://news.ceek.jp/search.cgi?category_id=world&feed=1,ok,,国際
2026-09-08,2026-09-08T00:22:47.043425+09:00,その他メディア,,NNA ASIA,マンション目的外使用、罰金最大1.3億ドン,https://www.nna.jp/news/2964309,https://news.ceek.jp/search.cgi?category_id=world&feed=1,ok,,国際
2026-09-08,2026-09-08T00:22:47.043425+09:00,その他メディア,,NNA ASIA,支持率低下のアヌティン政権、広報見直し,https://www.nna.jp/news/2964310,https://news.ceek.jp/search.cgi?category_id=world&feed=1,ok,,国際
2026-09-08,2026-09-08T00:22:47.043425+09:00,その他メディア,,NNA ASIA,タイ大林、首都中心部の複合施設開発で定礎式,https://www.nna.jp/news/2964311,https://news.ceek.jp/search.cgi?category_id=world&feed=1,ok,,国際
2026-09-08,2026-09-08T00:22:47.043425+09:00,その他メディア,,NNA ASIA,〔泡沫夢幻〕子供のSNS禁止は効果薄?罰金額1億$へ,https://www.nna.jp/news/2964315,https://news.ceek.jp/search.cgi?category_id=world&feed=1,ok,,国際
2026-09-08,2026-09-08T00:22:47.043425+09:00,その他メディア,,NNA ASIA,開発大手破綻の余波、創業者の個人破産も,https://www.nna.jp/news/2964321,https://news.ceek.jp/search.cgi?category_id=world&feed=1,ok,,国際
2026-09-08,2026-09-08T00:22:47.043425+09:00,その他メディア,,NNA ASIA,JICA、比のインフラ強化で技術協力3件,https://www.nna.jp/news/2964344,https://news.ceek.jp/search.cgi?category_id=world&feed=1,ok,,国際
2026-09-08,2026-09-08T00:22:47.043425+09:00,その他メディア,,NNA ASIA,バンコク都民、5%がうつ病に罹患,https://www.nna.jp/news/2964345,https://news.ceek.jp/search.cgi?category_id=world&feed=1,ok,,国際
2026-09-08,2026-09-08T00:22:47.043425+09:00,地方紙,長野,信濃毎日新聞,中国人も虐殺 明るみに 大島事件巡る報道 「排日」感情悪化,https://www.shinmai.co.jp/news/article/gf01daf6kl5ttbkcu3kr68a0,https://news.ceek.jp/search.cgi?category_id=local&feed=1,ok,,地方・地域
2026-09-08,2026-09-08T00:22:47.043425+09:00,全国紙,全国,中日新聞,為替相場 8日(日本時間 0時),https://www.chunichi.co.jp/article/1307708,https://news.ceek.jp/search.cgi?category_id=local&feed=1,ok,,地方・地域
2026-09-08,2026-09-08T00:22:47.043425+09:00,その他メディア,,東日新聞,模造品被害の相談多数 ドメイン公表,https://www.tonichi.net/news/index.php?id=124998,https://news.ceek.jp/search.cgi?category_id=local&feed=1,ok,,地方・地域
2026-09-08,2026-09-08T00:22:47.043425+09:00,その他メディア,,東海新報,線状降水帯確認されず 気仙3市町 目立った被害なし 発生予測に警戒強める,https://tohkaishimpo.com/2026/09/08/528995/,https://news.ceek.jp/search.cgi?category_id=local&feed=1,ok,,地方・地域
2026-09-08,2026-09-08T00:22:47.043425+09:00,その他メディア,,東海新報,電子投票システム導入へ 投票簡便化、開票の時間短縮 市議会定例会に条例案、補正予算案提出 タブレット端末を活用,https://tohkaishimpo.com/2026/09/08/528996/,https://news.ceek.jp/search.cgi?category_id=local&feed=1,ok,,地方・地域
2026-09-08,2026-09-08T00:22:47.043425+09:00,地方紙,京都,京都新聞,9月8日 マッカーサーが東京進駐式 1945(昭和20)年,https://www.kyoto-np.co.jp/articles/-/1777659,https://news.ceek.jp/search.cgi?category_id=local&feed=1,ok,,地方・地域
2026-09-08,2026-09-08T00:22:47.043425+09:00,地方紙,長野,信濃毎日新聞,朝鮮人の遺体処理を工作 報道は全容示さず 「復讐」の危機感あおる,https://www.shinmai.co.jp/news/article/gf01daf6j0svl121or84660g,https://news.ceek.jp/search.cgi?category_id=local&feed=1,ok,,地方・地域
2026-09-08,2026-09-08T00:22:47.043425+09:00,地方紙,広島,中国新聞,山口組「特定抗争指定」を初解除,https://www.chugoku-np.co.jp/articles/-/891416,https://news.ceek.jp/search.cgi?category_id=local&feed=1,ok,,地方・地域
2026-09-08,2026-09-08T00:22:47.043425+09:00,その他メディア,,タウンニュース,周年で『風のマジム』上映会,https://www.townnews.co.jp/0101/2026/09/08/851925.html,https://news.ceek.jp/search.cgi?category_id=local&feed=1,ok,,地方・地域
2026-09-08,2026-09-08T00:22:47.043425+09:00,その他メディア,,タウンニュース,手口が多様化し特殊詐欺被害相次ぐ「電話でお金の話は詐欺」,https://www.townnews.co.jp/0103/2026/09/08/851982.html,https://news.ceek.jp/search.cgi?category_id=local&feed=1,ok,,地方・地域
2026-09-08,2026-09-08T00:22:47.043425+09:00,その他メディア,,タウンニュース,団地の暮らし体感,https://www.townnews.co.jp/0105/2026/09/08/851978.html,https://news.ceek.jp/search.cgi?category_id=local&feed=1,ok,,地方・地域
2026-09-08,2026-09-08T00:22:47.043425+09:00,その他メディア,,東愛知新聞,名古屋市のIT企業「アズウェル」 自治体システムの標準化で豊橋市の支援経験を武器に活躍,https://higashiaichi.jp/news/detail.php?id=27855,https://news.ceek.jp/search.cgi?category_id=local&feed=1,ok,,地方・地域
2026-09-08,2026-09-08T00:22:47.043425+09:00,全国紙,全国,中日新聞,山口組「特定抗争指定」を初解除 7府県、岡山の池田組との対立,https://www.chunichi.co.jp/article/1308126,https://news.ceek.jp/search.cgi?category_id=local&feed=1,ok,,地方・地域
2026-09-08,2026-09-08T00:22:47.043425+09:00,その他メディア,,デーリー東北新聞,当番医(9月8日),https://www.daily-tohoku.news/archives/CNTS2026090600629,https://news.ceek.jp/search.cgi?category_id=local&feed=1,ok,,地方・地域
2026-09-08,2026-09-08T00:22:47.043425+09:00,その他メディア,,茨城新聞,【速報】つくばで車3台が絡む事故 トラックの男性が意識不明の重体 茨城,https://ibarakinews.jp/news/newsdetail.php?f_jun=1788765629261400,https://news.ceek.jp/search.cgi?category_id=local&feed=1,ok,,地方・地域
2026-09-08,2026-09-08T00:22:47.043425+09:00,その他メディア,,神奈川新聞,初公判で被告の女、内縁男性の殺害認める 弁護側、過剰防衛の成立を主張,https://www.kanaloco.jp/news/social/article-1302711.html,https://news.ceek.jp/search.cgi?category_id=local&feed=1,ok,,地方・地域
2026-09-08,2026-09-08T00:22:47.043425+09:00,地方紙,広島,中国新聞,東京都にレベル5土砂災害特別警報=気象庁発表(7日午後11時40分),https://www.chugoku-np.co.jp/articles/-/891415,https://news.ceek.jp/search.cgi?category_id=local&feed=1,ok,,地方・地域
2026-09-08,2026-09-08T00:22:47.043425+09:00,その他メディア,,北日本新聞,知事「一日も早い復旧・再建を」 8月大雨で追加補正準備 県議会9月定例会開会,https://webun.jp/articles/-/1088276,https://news.ceek.jp/search.cgi?category_id=local&feed=1,ok,,地方・地域
2026-09-08,2026-09-08T00:22:47.043425+09:00,その他メディア,,神奈川新聞,「全て否定します」平塚の自宅で両親殺害の罪に問われた男、初公判で否認,https://www.kanaloco.jp/news/social/article-1302709.html,https://news.ceek.jp/search.cgi?category_id=local&feed=1,ok,,地方・地域
2026-09-08,2026-09-08T00:22:47.043425+09:00,その他メディア,,神奈川新聞,川崎の小学校で衝撃音後に停電 設備へのヤモリ侵入原因か 8日は臨時休校,https://www.kanaloco.jp/news/government/article-1302734.html,https://news.ceek.jp/search.cgi?category_id=local&feed=1,ok,,地方・地域
2026-09-08,2026-09-08T00:22:47.043425+09:00,地方紙,長野,信濃毎日新聞,上田市で住宅全焼 けが人はなし,https://www.shinmai.co.jp/news/article/gf01dafclccvl121or847680,https://news.ceek.jp/search.cgi?category_id=local&feed=1,ok,,地方・地域
2026-09-08,2026-09-08T00:22:47.043425+09:00,地方紙,長野,信濃毎日新聞,「朝鮮人に警戒」の通達文 自警団の暴行呼ぶ、裁判もおざなり,https://www.shinmai.co.jp/news/article/gf01daf6gqsvl121or8465lg,https://news.ceek.jp/search.cgi?category_id=local&feed=1,ok,,地方・地域
2026-09-08,2026-09-08T00:22:47.043425+09:00,地方紙,福岡,西日本新聞,【やさしい日本語】2500年(ねん)以上(いじょう) 前(ま...,https://www.nishinippon.co.jp/item/1535510/,https://news.ceek.jp/search.cgi?category_id=local&feed=1,ok,,地方・地域
2026-09-08,2026-09-08T00:22:47.043425+09:00,地方紙,熊本,熊本日日新聞,【速報】上天草市で震度3,https://kumanichi.com/articles/2033457,https://news.ceek.jp/search.cgi?category_id=local&feed=1,ok,,地方・地域
2026-09-08,2026-09-08T00:22:47.043425+09:00,地方紙,広島,中国新聞,震源・震度=気象庁発表(7日23時25分),https://www.chugoku-np.co.jp/articles/-/891414,https://news.ceek.jp/search.cgi?category_id=local&feed=1,ok,,地方・地域
2026-09-08,2026-09-08T00:22:47.043425+09:00,地方紙,広島,中国新聞,震源=気象庁発表(7日23時25分),https://www.chugoku-np.co.jp/articles/-/891413,https://news.ceek.jp/search.cgi?category_id=local&feed=1,ok,,地方・地域
2026-09-08,2026-09-08T00:22:47.043425+09:00,地方紙,広島,中国新聞,震度=気象庁発表(7日23時25分)震度順・市区町村別 :地震,https://www.chugoku-np.co.jp/articles/-/891412,https://news.ceek.jp/search.cgi?category_id=local&feed=1,ok,,地方・地域
2026-09-08,2026-09-08T00:22:47.043425+09:00,その他メディア,,神奈川新聞,大雨影響で8日の川崎市立殿町小の給食中止 給食室天井で雨漏り発生,https://www.kanaloco.jp/news/government/article-1302733.html,https://news.ceek.jp/search.cgi?category_id=local&feed=1,ok,,地方・地域
2026-09-08,2026-09-08T00:22:47.043425+09:00,その他メディア,,フジテレビ,【地震】宮崎県内で震度1 熊本県熊本地方を震源とする最大震度3の地震が発生 津波の心配なし,https://www.fnn.jp/articles/-/1109794,https://news.ceek.jp/search.cgi?category_id=local&feed=1,ok,,地方・地域
2026-09-08,2026-09-08T00:22:47.043425+09:00,地方紙,広島,中国新聞,震度速報=気象庁発表(7日23時23分) :地震(震度3以上),https://www.chugoku-np.co.jp/articles/-/891411,https://news.ceek.jp/search.cgi?category_id=local&feed=1,ok,,地方・地域
2026-09-08,2026-09-08T00:22:47.043425+09:00,地方紙,福岡,西日本新聞,福岡市南区で通行中の小学生女児が見知らぬ女から顔を触られそうに...,https://www.nishinippon.co.jp/item/1535570/,https://news.ceek.jp/search.cgi?category_id=local&feed=1,ok,,地方・地域
2026-09-08,2026-09-08T00:22:47.043425+09:00,その他メディア,,神奈川新聞,横浜・山中市長辞職、パワハラ告発で暗転 政策推進、職員の犠牲の上に,https://www.kanaloco.jp/news/government/article-1302727.html,https://news.ceek.jp/search.cgi?category_id=local&feed=1,ok,,地方・地域
2026-09-08,2026-09-08T00:22:47.043425+09:00,その他メディア,,九州朝日放送,共産党が糟屋郡選挙区に候補者擁立,https://kbc.co.jp/news/article.php?id=18110787&ymd=2026-09-07,https://news.ceek.jp/search.cgi?category_id=local&feed=1,ok,,地方・地域
2026-09-08,2026-09-08T00:22:47.043425+09:00,地方紙,長野,信濃毎日新聞,長野市の障害者入所施設で利用者に暴行加え、けがを負わせた疑い 職員を逮捕,https://www.shinmai.co.jp/news/article/gf01dafc9ikvl121or8475n0,https://news.ceek.jp/search.cgi?category_id=local&feed=1,ok,,地方・地域
2026-09-08,2026-09-08T00:22:47.043425+09:00,その他メディア,,札幌経済新聞,さっぽろテレビ塔で秋の「456段 階段のぼり」 土日祝限定で11月まで,https://sapporo.keizai.biz/headline/5187/,https://news.ceek.jp/search.cgi?category_id=local&feed=1,ok,,地方・地域
2026-09-08,2026-09-08T00:22:47.043425+09:00,その他メディア,,名古屋テレビ,焼け跡から凶器の可能性ある複数の刃物押収 5人死傷...岐阜・本巣市のケーキ店火災,https://www.nagoyatv.com/news/?id=037097,https://news.ceek.jp/search.cgi?category_id=local&feed=1,ok,,地方・地域
2026-09-08,2026-09-08T00:22:47.043425+09:00,その他メディア,,高知新聞,【解説】高知県香美市議選 対執行部のスタンス流動的,https://www.kochinews.co.jp/article/detail/1041888,https://news.ceek.jp/search.cgi?category_id=local&feed=1,ok,,地方・地域
2026-09-08,2026-09-08T00:22:47.043425+09:00,その他メディア,,室蘭民報,道南バスツアー幸運の40人決定 24日に果物・名水,https://www.muromin.jp/news.php?id=149568,https://news.ceek.jp/search.cgi?category_id=local&feed=1,ok,,地方・地域
2026-09-08,2026-09-08T00:22:47.043425+09:00,地方紙,長野,信濃毎日新聞,朝鮮人の犯罪、発表うのみ 報道で掘り下げず、蔑視や関心低下背景か,https://www.shinmai.co.jp/news/article/gf01daf6dnlttbkcu3kr66cg,https://news.ceek.jp/search.cgi?category_id=local&feed=1,ok,,地方・地域
2026-09-08,2026-09-08T00:22:47.043425+09:00,その他メディア,,和歌山経済新聞,和歌山城公園で音楽フェス「ネクストヒーローズフェス」 若手が運営・出演,https://wakayama.keizai.biz/headline/3131/,https://news.ceek.jp/search.cgi?category_id=local&feed=1,ok,,地方・地域
2026-09-08,2026-09-08T00:22:47.043425+09:00,地方紙,広島,中国新聞,東京都にレベル5土砂災害特別警報=気象庁発表(7日午後10時57分),https://www.chugoku-np.co.jp/articles/-/891410,https://news.ceek.jp/search.cgi?category_id=local&feed=1,ok,,地方・地域
2026-09-08,2026-09-08T00:22:47.043425+09:00,地方紙,福岡,西日本新聞,筑肥線[姪浜~西唐津] 平常運転(9月7日),https://www.nishinippon.co.jp/item/1535518/,https://news.ceek.jp/search.cgi?category_id=local&feed=1,ok,,地方・地域
2026-09-08,2026-09-08T00:22:47.043425+09:00,地方紙,京都,京都新聞,ハンドボール少年女子で洛北高校が2年連続決勝進出 国スポ会期前競技,https://www.kyoto-np.co.jp/articles/-/1786512,https://news.ceek.jp/search.cgi?category_id=local&feed=1,ok,,地方・地域
2026-09-08,2026-09-08T00:22:47.043425+09:00,その他メディア,,神奈川新聞,「独裁体制に陥った」「遠い存在」... 横浜・山中市長辞職で議員や職員の声,https://www.kanaloco.jp/news/government/article-1302713.html,https://news.ceek.jp/search.cgi?category_id=local&feed=1,ok,,地方・地域
2026-09-08,2026-09-08T00:22:47.043425+09:00,その他メディア,,デーリー東北新聞,八戸西など3回戦へ/秋季東北高校野球青森,https://www.daily-tohoku.news/archives/CNTS2026090702248,https://news.ceek.jp/search.cgi?category_id=local&feed=1,ok,,地方・地域
2026-09-08,2026-09-08T00:22:47.043425+09:00,その他メディア,,TBSテレビ,【速報】未明の熊本県庁に侵入し70万円を盗んだ疑い 30歳の職員の男を逮捕 総務部長「復旧復興へ懸命に取り組んでいる中...」,https://newsdig.tbs.co.jp/articles/-/2927606?display=1,https://news.ceek.jp/search.cgi?category_id=local&feed=1,ok,,地方・地域
2026-09-08,2026-09-08T00:22:47.043425+09:00,地方紙,広島,中国新聞,インドネシアで欠航や遅延相次ぐ,https://www.chugoku-np.co.jp/articles/-/891409,https://news.ceek.jp/search.cgi?category_id=local&feed=1,ok,,地方・地域
2026-09-08,2026-09-08T00:22:47.043425+09:00,全国紙,全国,中日新聞,インドネシアで欠航や遅延相次ぐ 噴火による火山灰の影響、3千便,https://www.chunichi.co.jp/article/1308109,https://news.ceek.jp/search.cgi?category_id=local&feed=1,ok,,地方・地域
2026-09-08,2026-09-08T00:22:47.043425+09:00,その他メディア,,陸奥新報,青森県勢はWWカヤック成年男子の西澤、女子の佐藤が2種目表彰台/あおもり国スポ,https://mutsushimpo.com/news/1dkm0kau/,https://news.ceek.jp/search.cgi?category_id=local&feed=1,ok,,地方・地域
2026-09-08,2026-09-08T00:22:47.043425+09:00,その他メディア,,神奈川新聞,横浜市会の立民市議団、原沢氏を支援しない方針 独自候補の擁立検討,https://www.kanaloco.jp/news/government/electiondata/article-1302722.html,https://news.ceek.jp/search.cgi?category_id=local&feed=1,ok,,地方・地域
2026-09-08,2026-09-08T00:22:47.043425+09:00,その他メディア,,日本テレビ,大雨に伴い宮城県内の在来線で乗客10万人あまりに影響 JRが発表<宮城>,https://news.ntv.co.jp/category/society/mmf2ecb89fd1ef47d9ab41886a11e3e180,https://news.ceek.jp/search.cgi?category_id=local&feed=1,ok,,地方・地域
2026-09-08,2026-09-08T00:22:47.043425+09:00,地方紙,広島,中国新聞,交通死亡事故、現場での対策は? 東広島の検討会から見える実情,https://www.chugoku-np.co.jp/articles/-/890273,https://news.ceek.jp/search.cgi?category_id=local&feed=1,ok,,地方・地域
2026-09-08,2026-09-08T00:22:47.043425+09:00,その他メディア,,TBSテレビ,山形・酒田市で6歳男児が行方不明 5日朝から姿見えず 身長約120cm・スパイダーマン柄の服・はだし,https://newsdig.tbs.co.jp/articles/-/2927605?display=1,https://news.ceek.jp/search.cgi?category_id=local&feed=1,ok,,地方・地域
2026-09-08,2026-09-08T00:22:47.043425+09:00,地方紙,広島,中国新聞,適性見極め、かけ子確保か その手口とは... 海外移送誘拐事件 未遂容疑で広島の女2人再逮捕,https://www.chugoku-np.co.jp/articles/-/891393,https://news.ceek.jp/search.cgi?category_id=local&feed=1,ok,,地方・地域
2026-09-08,2026-09-08T00:22:47.043425+09:00,その他メディア,,神奈川新聞,横浜・山中市長が辞職、「信頼の失墜」謝罪 退職金受け取らない意向,https://www.kanaloco.jp/news/government/article-1302714.html,https://news.ceek.jp/search.cgi?category_id=local&feed=1,ok,,地方・地域
2026-09-08,2026-09-08T00:22:47.043425+09:00,地方紙,長野,信濃毎日新聞,長野県、県石油商業組合にカルテル再発防止計画の着実な実施を求める 会見での公表も要求,https://www.shinmai.co.jp/news/article/gf01dafb215ttbkcu3kr72vg,https://news.ceek.jp/search.cgi?category_id=local&feed=1,ok,,地方・地域
2026-09-08,2026-09-08T00:22:47.043425+09:00,その他メディア,,山梨日日新聞,山交路線バス運賃上げへ 初乗り200円,https://www.sannichi.co.jp/article/2026/09/07/80720691,https://news.ceek.jp/search.cgi?category_id=local&feed=1,ok,,地方・地域
2026-09-08,2026-09-08T00:22:47.043425+09:00,地方紙,広島,中国新聞,芸備線駆けるSLの雄姿、モノクロ写真で 三次で展示会,https://www.chugoku-np.co.jp/articles/-/891374,https://news.ceek.jp/search.cgi?category_id=local&feed=1,ok,,地方・地域
2026-09-08,2026-09-08T00:22:47.043425+09:00,地方紙,広島,中国新聞,広島県神石高原で昔話のイラスト展 9月12日にふるさと大使福本ヒデさんの講演も,https://www.chugoku-np.co.jp/articles/-/891351,https://news.ceek.jp/search.cgi?category_id=local&feed=1,ok,,地方・地域
2026-09-08,2026-09-08T00:22:47.043425+09:00,その他メディア,,陸奥新報,青森大の木村投手ら4人がプロ志望届/全日本大学野球連盟,https://mutsushimpo.com/news/uxw40s9y/,https://news.ceek.jp/search.cgi?category_id=local&feed=1,ok,,地方・地域
2026-09-08,2026-09-08T00:22:47.043425+09:00,その他メディア,,山梨日日新聞,県内に出されている注意報〈午後10時16分現在〉,https://www.sannichi.co.jp/article/2026/09/07/80720521,https://news.ceek.jp/search.cgi?category_id=local&feed=1,ok,,地方・地域
2026-09-08,2026-09-08T00:22:47.043425+09:00,その他メディア,,山陽新聞,家庭学習時間 岡山県内中3と小6過去最低更新 県教委調査、SNSや動画視聴影響か,https://www.sanyonews.jp/article/1985157/,https://news.ceek.jp/search.cgi?category_id=local&feed=1,ok,,地方・地域
2026-09-08,2026-09-08T00:22:47.043425+09:00,その他メディア,,日本テレビ,タクシー運賃1100円支払わず 詐欺容疑で無職の男(49)を逮捕<宮城・大崎市>,https://news.ntv.co.jp/category/society/mm8eb7bb8c7ac04c1bbe504f5774054cf0,https://news.ceek.jp/search.cgi?category_id=local&feed=1,ok,,地方・地域
2026-09-08,2026-09-08T00:22:47.043425+09:00,地方紙,沖縄,琉球新報,<Bリーグ>キングス快勝 千葉ジェッツに110―86 ヌワバ勢い止まらず プレシーズンゲーム,https://ryukyushimpo.jp/news/entry-5502646.html,https://news.ceek.jp/search.cgi?category_id=local&feed=1,ok,,地方・地域
2026-09-08,2026-09-08T00:22:47.043425+09:00,地方紙,広島,中国新聞,神楽6団体が共演、三次に熱気,https://www.chugoku-np.co.jp/articles/-/891365,https://news.ceek.jp/search.cgi?category_id=local&feed=1,ok,,地方・地域
2026-09-08,2026-09-08T00:22:47.043425+09:00,その他メディア,,TBSテレビ,JFLラインメール青森 兒玉先制G&妹尾が移籍後初弾 ホーム開幕戦で今季初勝利 1500人超のサポ声援背にジェイリース(大分)2対1で下す,https://newsdig.tbs.co.jp/articles/-/2926665?display=1,https://news.ceek.jp/search.cgi?category_id=local&feed=1,ok,,地方・地域
2026-09-08,2026-09-08T00:22:47.043425+09:00,その他メディア,,高知新聞,高知県警の巡査が当て逃げ事故 書類送検し処分 酔って民家に侵入の巡査長も,https://www.kochinews.co.jp/article/detail/1041884,https://news.ceek.jp/search.cgi?category_id=local&feed=1,ok,,地方・地域
2026-09-08,2026-09-08T00:22:47.043425+09:00,その他メディア,,仙台経済新聞,新しい宮沢橋の開通を前に市民見学会 4車線の車道、3300人が歩いて体験,https://sendai.keizai.biz/headline/4483/,https://news.ceek.jp/search.cgi?category_id=local&feed=1,ok,,地方・地域
2026-09-08,2026-09-08T00:22:47.043425+09:00,その他メディア,,朝日放送,「日野町事件」再審で検察が証拠を撤回へ 即日結審の可能性 服役中死亡の阪原弘さんに無罪見通し,https://www.asahi.co.jp/webnews/pages/abc_62427.html,https://news.ceek.jp/search.cgi?category_id=local&feed=1,ok,,地方・地域
2026-09-08,2026-09-08T00:22:47.043425+09:00,地方紙,宮城,河北新報,日本原燃、使用済み核燃料再処理工場の廃液処理を前倒しへ 完工前にリスクを低減,https://kahoku.news/articles/20260907khn000023.html,https://news.ceek.jp/search.cgi?category_id=local&feed=1,ok,,地方・地域
2026-09-08,2026-09-08T00:22:47.043425+09:00,地方紙,宮城,河北新報,山形・最上町長に元町議の菅孝氏が初当選<東北の市町村長選>,https://kahoku.news/articles/20260907khn000024.html,https://news.ceek.jp/search.cgi?category_id=local&feed=1,ok,,地方・地域
2026-09-08,2026-09-08T00:22:47.043425+09:00,地方紙,広島,中国新聞,東京都にレベル5土砂災害特別警報=気象庁発表(7日午後10時5分),https://www.chugoku-np.co.jp/articles/-/891408,https://news.ceek.jp/search.cgi?category_id=local&feed=1,ok,,地方・地域
2026-09-08,2026-09-08T00:22:47.043425+09:00,その他メディア,,日本テレビ,大麻所持容疑で建設業の男(20)を逮捕<宮城・石巻市>,https://news.ntv.co.jp/category/society/mm696b7c8848714115b0557de87174aeea,https://news.ceek.jp/search.cgi?category_id=local&feed=1,ok,,地方・地域
