date,collected_at,category,region,newspaper,headline,url,source_url,status,error_message,topic
2026-09-05,2026-09-05T07:35:11.396174+09:00,全国紙,全国,読売新聞,,,,skipped,robots.txtが一般クローラー/AI系UAを名指しで包括的にDisallow。2024年1月のToS改定で自動収集・生成AI学習目的の収集を明示的に禁止しているため、自動取得の対象外とする。,
2026-09-05,2026-09-05T07:35:11.396174+09:00,全国紙,全国,朝日新聞,生後2カ月の男児殺害容疑、18歳少年を逮捕 頭にポリ袋、一部否認,http://www.asahi.com/articles/ASV946Q76V94PITB00CM.html,https://www.asahi.com/rss/asahi/newsheadlines.rdf,ok,,社会
2026-09-05,2026-09-05T07:35:11.396174+09:00,全国紙,全国,朝日新聞,共同通信記者が米国東部で飲酒運転 自損事故で一時身柄拘束も,http://www.asahi.com/articles/ASV9442NTV94OXIE03MM.html,https://www.asahi.com/rss/asahi/newsheadlines.rdf,ok,,社会
2026-09-05,2026-09-05T07:35:11.396174+09:00,全国紙,全国,朝日新聞,東大教授のSNS投稿に「差別的」と批判 日本教育学会、対応を検討,http://www.asahi.com/articles/ASV943C6PV94UTIL01NM.html,https://www.asahi.com/rss/asahi/newsheadlines.rdf,ok,,社会
2026-09-05,2026-09-05T07:35:11.396174+09:00,全国紙,全国,朝日新聞,投稿名の幹部が自ら調査、それで「適切に対応」 総務省チャット問題,http://www.asahi.com/articles/ASV942QR3V94USPT00GM.html,https://www.asahi.com/rss/asahi/newsheadlines.rdf,ok,,社会
2026-09-05,2026-09-05T07:35:11.396174+09:00,全国紙,全国,朝日新聞,チャットは消しても「消えない」 総務省が調べない記録、検証で判明,http://www.asahi.com/articles/ASV943G2ZV94USPT00HM.html,https://www.asahi.com/rss/asahi/newsheadlines.rdf,ok,,社会
2026-09-05,2026-09-05T07:35:11.396174+09:00,全国紙,全国,朝日新聞,ウポポイ保管の遺骨 国のガイドラインによらない返還求める初弁論,http://www.asahi.com/articles/ASV943PLHV94IIPE00LM.html,https://www.asahi.com/rss/asahi/newsheadlines.rdf,ok,,社会
2026-09-05,2026-09-05T07:35:11.396174+09:00,全国紙,全国,朝日新聞,紀伊半島大水害15年 奈良県五條市で慰霊祭 30人が冥福祈る,http://www.asahi.com/articles/ASV9435G6V94PXLB005M.html,https://www.asahi.com/rss/asahi/newsheadlines.rdf,ok,,社会
2026-09-05,2026-09-05T07:35:11.396174+09:00,全国紙,全国,朝日新聞,台風24号で宮崎に大雨 都農町で377ミリ、県内一部に避難指示,http://www.asahi.com/articles/ASV942Q73V94TNAB002M.html,https://www.asahi.com/rss/asahi/newsheadlines.rdf,ok,,社会
2026-09-05,2026-09-05T07:35:11.396174+09:00,全国紙,全国,朝日新聞,バットで殴ったか、男女3人を再逮捕 イラン人男性への強盗致死容疑,http://www.asahi.com/articles/ASV942HGXV94OIPE00MM.html,https://www.asahi.com/rss/asahi/newsheadlines.rdf,ok,,社会
2026-09-05,2026-09-05T07:35:11.396174+09:00,全国紙,全国,朝日新聞,煙突の骨組み切断中に出火か 熊本地震で被害の日本製紙八代工場,http://www.asahi.com/articles/ASV9432Z1V94TLVB002M.html,https://www.asahi.com/rss/asahi/newsheadlines.rdf,ok,,社会
2026-09-05,2026-09-05T07:35:11.396174+09:00,全国紙,全国,朝日新聞,青森山田高野球部監督の兜森氏退任、24年は全国4強 後任は中條氏,http://www.asahi.com/articles/ASV9435X2V94UBNB00HM.html,https://www.asahi.com/rss/asahi/newsheadlines.rdf,ok,,スポーツ
2026-09-05,2026-09-05T07:35:11.396174+09:00,全国紙,全国,朝日新聞,両親も見守った地元初登板で6回無失点 1軍復帰の巨人・竹丸が好投,http://www.asahi.com/articles/ASV944K19V94PTQP00SM.html,https://www.asahi.com/rss/asahi/newsheadlines.rdf,ok,,スポーツ
2026-09-05,2026-09-05T07:35:11.396174+09:00,全国紙,全国,朝日新聞,五輪銀から4年半、ベビーカーを押して復帰戦 「感覚は残っていた」,http://www.asahi.com/articles/ASV944H5LV94PTQP00RM.html,https://www.asahi.com/rss/asahi/newsheadlines.rdf,ok,,スポーツ
2026-09-05,2026-09-05T07:35:11.396174+09:00,全国紙,全国,朝日新聞,温暖化でスキー場が7カ所に 4度上昇の条件 北大などが積雪を推定,http://www.asahi.com/articles/ASV920QB6V92UTFL012M.html,https://www.asahi.com/rss/asahi/newsheadlines.rdf,ok,,スポーツ
2026-09-05,2026-09-05T07:35:11.396174+09:00,全国紙,全国,朝日新聞,なでしこに産後復帰の選手 国内では2例目、「安心できる環境大事」,http://www.asahi.com/articles/ASV9323H0V93UTQP00VM.html,https://www.asahi.com/rss/asahi/newsheadlines.rdf,ok,,スポーツ
2026-09-05,2026-09-05T07:35:11.396174+09:00,全国紙,全国,朝日新聞,8分で1円超の円急騰、突如の買い注文 市場で何が起きたのか,http://www.asahi.com/articles/ASV943JLKV94ULFA00VM.html,https://www.asahi.com/rss/asahi/newsheadlines.rdf,ok,,ビジネス
2026-09-05,2026-09-05T07:35:11.396174+09:00,全国紙,全国,朝日新聞,現場追いつめた経営陣の圧力 ニデック品質不正、無理と矛盾が常態化,http://www.asahi.com/articles/ASV943G41V94PLFA00BM.html,https://www.asahi.com/rss/asahi/newsheadlines.rdf,ok,,ビジネス
2026-09-05,2026-09-05T07:35:11.396174+09:00,全国紙,全国,朝日新聞,波紋呼ぶ米財務長官の注文 金融市場に影響、高市政権の姿勢に変化?,http://www.asahi.com/articles/ASV943CB3V94ULFA00SM.html,https://www.asahi.com/rss/asahi/newsheadlines.rdf,ok,,ビジネス
2026-09-05,2026-09-05T07:35:11.396174+09:00,全国紙,全国,朝日新聞,造船再生へ最大2131億円の支援決定 今治・JMU・名村に,http://www.asahi.com/articles/ASV9431JWV94ULFA00LM.html,https://www.asahi.com/rss/asahi/newsheadlines.rdf,ok,,ビジネス
2026-09-05,2026-09-05T07:35:11.396174+09:00,全国紙,全国,朝日新聞,VW、2030年までに5万人の追加削減を発表 4工場の閉鎖も視野,http://www.asahi.com/articles/ASV942VG9V94UHBI00ZM.html,https://www.asahi.com/rss/asahi/newsheadlines.rdf,ok,,ビジネス
2026-09-05,2026-09-05T07:35:11.396174+09:00,全国紙,全国,朝日新聞,「聖域」参院人事、首相介入に警戒感 国会運営めぐりあつれきも,http://www.asahi.com/articles/ASV9451V9V94UTFK00KM.html,https://www.asahi.com/rss/asahi/newsheadlines.rdf,ok,,政治
2026-09-05,2026-09-05T07:35:11.396174+09:00,全国紙,全国,朝日新聞,「いまはショート動画政治、私とは違う」 石破茂前首相インタビュー,http://www.asahi.com/articles/ASV804HFLV80UQIP050M.html,https://www.asahi.com/rss/asahi/newsheadlines.rdf,ok,,政治
2026-09-05,2026-09-05T07:35:11.396174+09:00,全国紙,全国,朝日新聞,幻に終わった衆院解散 揺れた石破氏、閣内からの退陣論抗しきれず,http://www.asahi.com/articles/ASV913CDCV91UTFK017M.html,https://www.asahi.com/rss/asahi/newsheadlines.rdf,ok,,政治
2026-09-05,2026-09-05T07:35:11.396174+09:00,全国紙,全国,朝日新聞,片山財務相続投へ、茂木外相の留任有力 財政・外交の継続性を重視,http://www.asahi.com/articles/ASV944HH2V94UTFK014M.html,https://www.asahi.com/rss/asahi/newsheadlines.rdf,ok,,政治
2026-09-05,2026-09-05T07:35:11.396174+09:00,全国紙,全国,朝日新聞,防衛省、イラン情勢受け「AI活用必要」 安保3文書改定に向け,http://www.asahi.com/articles/ASV9435RPV94UTFK008M.html,https://www.asahi.com/rss/asahi/newsheadlines.rdf,ok,,政治
2026-09-05,2026-09-05T07:35:11.396174+09:00,全国紙,全国,朝日新聞,戦後初「極右の州首相」誕生なるか ドイツの州議会選、注目点を解説,http://www.asahi.com/articles/ASV943FNKV94UHBI003M.html,https://www.asahi.com/rss/asahi/newsheadlines.rdf,ok,,国際
2026-09-05,2026-09-05T07:35:11.396174+09:00,全国紙,全国,朝日新聞,土石流の現象「事前に把握できたかも...」USAID解体悔やむ研究者,http://www.asahi.com/articles/ASV943RZYV94UHBI005M.html,https://www.asahi.com/rss/asahi/newsheadlines.rdf,ok,,国際
2026-09-05,2026-09-05T07:35:11.396174+09:00,全国紙,全国,朝日新聞,フィリピン副大統領に逮捕状 「殺し屋雇った」と大統領を脅した容疑,http://www.asahi.com/articles/ASV9452PSV94UHBI01QM.html,https://www.asahi.com/rss/asahi/newsheadlines.rdf,ok,,国際
2026-09-05,2026-09-05T07:35:11.396174+09:00,全国紙,全国,朝日新聞,ウクライナ情報機関にドローン攻撃 ゼレンスキー氏「長官室標的」,http://www.asahi.com/articles/ASV944TMYV94UHBI01VM.html,https://www.asahi.com/rss/asahi/newsheadlines.rdf,ok,,国際
2026-09-05,2026-09-05T07:35:11.396174+09:00,全国紙,全国,朝日新聞,ネパール土石流、埋まった発電所で生存者2人救出 発生から9日ぶり,http://www.asahi.com/articles/ASV9421TVV94UHBI00VM.html,https://www.asahi.com/rss/asahi/newsheadlines.rdf,ok,,国際
2026-09-05,2026-09-05T07:35:11.396174+09:00,全国紙,全国,朝日新聞,「他者の自画像」潜む孤独とかなしみ 今なお共感呼ぶ石田徹也の世界,http://www.asahi.com/articles/ASV91243PV91UTPB004M.html,https://www.asahi.com/rss/asahi/newsheadlines.rdf,ok,,文化芸能
2026-09-05,2026-09-05T07:35:11.396174+09:00,全国紙,全国,朝日新聞,美村里江が持つ「二つの電池」 書くは個人競技、演じるは団体競技,http://www.asahi.com/articles/ASV932F8BV93UCVL04ZM.html,https://www.asahi.com/rss/asahi/newsheadlines.rdf,ok,,文化芸能
2026-09-05,2026-09-05T07:35:11.396174+09:00,全国紙,全国,朝日新聞,デヴィ夫人への名誉毀損、一部認定 文春側に165万円支払い命令,http://www.asahi.com/articles/ASV943G8TV94UTIL02LM.html,https://www.asahi.com/rss/asahi/newsheadlines.rdf,ok,,社会
2026-09-05,2026-09-05T07:35:11.396174+09:00,全国紙,全国,朝日新聞,62年ぶりの上演に襲名披露も 京都・南座、顔見世興行の演目決まる,http://www.asahi.com/articles/ASV943DBRV94UCVL01TM.html,https://www.asahi.com/rss/asahi/newsheadlines.rdf,ok,,文化芸能
2026-09-05,2026-09-05T07:35:11.396174+09:00,全国紙,全国,朝日新聞,子どものSNS「法律で年齢制限必要」64% でも大人の意識は複雑,http://www.asahi.com/articles/ASV930S87V93UZPS004M.html,https://www.asahi.com/rss/asahi/newsheadlines.rdf,ok,,サイエンス
2026-09-05,2026-09-05T07:35:11.396174+09:00,全国紙,全国,朝日新聞,カキ養殖支援へ電力会社がAIアプリ 瀬戸内海の今夏の測定結果は...,http://www.asahi.com/articles/ASV9246MBV92PITB00HM.html,https://www.asahi.com/rss/asahi/newsheadlines.rdf,ok,,社会
2026-09-05,2026-09-05T07:35:11.396174+09:00,全国紙,全国,朝日新聞,米国外で初、イグ・ノーベル賞授賞式 副賞は10兆ジンバブエドル,http://www.asahi.com/articles/ASV940SRZV94ULLI00WM.html,https://www.asahi.com/rss/asahi/newsheadlines.rdf,ok,,サイエンス
2026-09-05,2026-09-05T07:35:11.396174+09:00,全国紙,全国,朝日新聞,グロリア・スタイネムさん死去 米国からフェミニズム運動を牽引,http://www.asahi.com/articles/ASV940QQ9V94UHBI00BM.html,https://www.asahi.com/rss/asahi/newsheadlines.rdf,ok,,おくやみ
2026-09-05,2026-09-05T07:35:11.396174+09:00,全国紙,全国,朝日新聞,ジャズ歌手カサンドラ・ウィルソンさん死去 ブルースやポップスも,http://www.asahi.com/articles/ASV9320PSV93UCVL02XM.html,https://www.asahi.com/rss/asahi/newsheadlines.rdf,ok,,おくやみ
2026-09-05,2026-09-05T07:35:11.396174+09:00,全国紙,全国,朝日新聞,ノーベル化学賞・白川英樹さん死去 電気を通すプラスチック開発,http://www.asahi.com/articles/ASV932C2VV93UTFL010M.html,https://www.asahi.com/rss/asahi/newsheadlines.rdf,ok,,おくやみ
2026-09-05,2026-09-05T07:35:11.396174+09:00,全国紙,全国,毎日新聞,「プレゼントを...」思い出振り返る写真展 9月閉店の西武渋谷店,https://mainichi.jp/articles/20260904/k00/00m/310/284000c,https://mainichi.jp/rss/etc/mainichi-flash.rss,ok,,ニュース
2026-09-05,2026-09-05T07:35:11.396174+09:00,全国紙,全国,毎日新聞,鹿児島・屋久島町にレベル5土砂災害特別警報 最大級の警戒を,https://mainichi.jp/articles/20260905/k00/00m/040/002000c,https://mainichi.jp/rss/etc/mainichi-flash.rss,ok,,ニュース
2026-09-05,2026-09-05T07:35:11.396174+09:00,全国紙,全国,毎日新聞,子どもの目、秋も紫外線対策を 知られざる「落とし穴」にご注意,https://mainichi.jp/articles/20260831/k00/00m/100/111000c,https://mainichi.jp/rss/etc/mainichi-flash.rss,ok,,ニュース
2026-09-05,2026-09-05T07:35:11.396174+09:00,全国紙,全国,毎日新聞,もっと社会人野球:佐竹の「19」継いだトヨタ高尾響ハタチの誓い 都市対抗初登板,https://mainichi.jp/articles/20260904/k00/00m/050/281000c,https://mainichi.jp/rss/etc/mainichi-flash.rss,ok,,ニュース
2026-09-05,2026-09-05T07:35:11.396174+09:00,全国紙,全国,毎日新聞,鍋島直正が再建した本丸を復元 佐賀城本丸歴史館で幕末に触れる,https://mainichi.jp/articles/20260902/k00/00m/310/346000c,https://mainichi.jp/rss/etc/mainichi-flash.rss,ok,,ニュース
2026-09-05,2026-09-05T07:35:11.396174+09:00,全国紙,全国,毎日新聞,自民幹部「皇位男系継承は2600年超」にNO 歴史学者が抗議の声,https://mainichi.jp/articles/20260903/k00/00m/200/154000c,https://mainichi.jp/rss/etc/mainichi-flash.rss,ok,,ニュース
2026-09-05,2026-09-05T07:35:11.396174+09:00,全国紙,全国,毎日新聞,結い方、飾りの掛け方... 「島田髷まつり」に向け日本髪の勉強会,https://mainichi.jp/articles/20260901/k00/00m/310/389000c,https://mainichi.jp/rss/etc/mainichi-flash.rss,ok,,ニュース
2026-09-05,2026-09-05T07:35:11.396174+09:00,全国紙,全国,毎日新聞,生存者家族「ずっと泣いていた」 ネパール土石流、9日後の救出,https://mainichi.jp/articles/20260904/k00/00m/030/411000c,https://mainichi.jp/rss/etc/mainichi-flash.rss,ok,,ニュース
2026-09-05,2026-09-05T07:35:11.396174+09:00,全国紙,全国,毎日新聞,バレー推し:西田有志、膝を痛めて途中交代は「僕の判断で」アジア選手権初戦,https://mainichi.jp/articles/20260904/k00/00m/050/423000c,https://mainichi.jp/rss/etc/mainichi-flash.rss,ok,,ニュース
2026-09-05,2026-09-05T07:35:11.396174+09:00,全国紙,全国,毎日新聞,奈良・名阪国道で10台近く絡む玉突き事故 負傷者有無を調査中,https://mainichi.jp/articles/20260904/k00/00m/040/422000c,https://mainichi.jp/rss/etc/mainichi-flash.rss,ok,,ニュース
2026-09-05,2026-09-05T07:35:11.396174+09:00,全国紙,全国,毎日新聞,100%ユウキ:石川祐希、アジア選手権初戦白星に「とにかく勝っていくこと」,https://mainichi.jp/articles/20260904/k00/00m/050/420000c,https://mainichi.jp/rss/etc/mainichi-flash.rss,ok,,ニュース
2026-09-05,2026-09-05T07:35:11.396174+09:00,全国紙,全国,毎日新聞,ANA機、伊丹空港に引き返し タイヤ収納で不具合?警告表示,https://mainichi.jp/articles/20260904/k00/00m/040/421000c,https://mainichi.jp/rss/etc/mainichi-flash.rss,ok,,ニュース
2026-09-05,2026-09-05T07:35:11.396174+09:00,全国紙,全国,毎日新聞,V3への「ラストピース」 ソフトバンク柳町達が今季1号3ラン,https://mainichi.jp/articles/20260904/k00/00m/050/419000c,https://mainichi.jp/rss/etc/mainichi-flash.rss,ok,,ニュース
2026-09-05,2026-09-05T07:35:11.396174+09:00,全国紙,全国,毎日新聞,バレー推し:故障明けの小野寺太志「チームメートに助けてもらっている」,https://mainichi.jp/articles/20260904/k00/00m/050/417000c,https://mainichi.jp/rss/etc/mainichi-flash.rss,ok,,ニュース
2026-09-05,2026-09-05T07:35:11.396174+09:00,全国紙,全国,毎日新聞,55年ぶり4強のNTT西日本監督「今年は本気で...」 都市対抗,https://mainichi.jp/articles/20260904/k00/00m/050/418000c,https://mainichi.jp/rss/etc/mainichi-flash.rss,ok,,ニュース
2026-09-05,2026-09-05T07:35:11.396174+09:00,全国紙,全国,毎日新聞,5失点のJFE西日本・安岡「勝てる投手にならないと」 都市対抗,https://mainichi.jp/articles/20260904/k00/00m/050/415000c,https://mainichi.jp/rss/etc/mainichi-flash.rss,ok,,ニュース
2026-09-05,2026-09-05T07:35:11.396174+09:00,全国紙,全国,毎日新聞,バレー推し:ティリ監督、決勝までの選手起用の方針は「勝つことにトライ」,https://mainichi.jp/articles/20260904/k00/00m/050/412000c,https://mainichi.jp/rss/etc/mainichi-flash.rss,ok,,ニュース
2026-09-05,2026-09-05T07:35:11.396174+09:00,全国紙,全国,毎日新聞,米就業者数、8月は16万2000人増 市場予想を大幅に上回る,https://mainichi.jp/articles/20260904/k00/00m/030/050000c,https://mainichi.jp/rss/etc/mainichi-flash.rss,ok,,ニュース
2026-09-05,2026-09-05T07:35:11.396174+09:00,全国紙,全国,毎日新聞,鹿児島の種子島、屋久島地方に線状降水帯 災害の危険度高まる,https://mainichi.jp/articles/20260904/k00/00m/040/405000c,https://mainichi.jp/rss/etc/mainichi-flash.rss,ok,,ニュース
2026-09-05,2026-09-05T07:35:11.396174+09:00,全国紙,全国,毎日新聞,リンクサイド:島田麻央が2位発進「ジュニアの時より大丈夫」 木下杯,https://mainichi.jp/articles/20260904/k00/00m/050/403000c,https://mainichi.jp/rss/etc/mainichi-flash.rss,ok,,ニュース
2026-09-05,2026-09-05T07:35:11.396174+09:00,全国紙,全国,日本経済新聞,,,,skipped,公式無料RSSなし。著作権ページで自動収集を明確に禁止しているため、自動取得の対象外とする。,
2026-09-05,2026-09-05T07:35:11.396174+09:00,全国紙,全国,産経新聞,鹿児島・屋久島町にレベル5土砂災害特別警報発表「何らかの災害が発生している恐れ」鹿児島・屋久島町にレベル5土砂災害特別警報発表「何らかの災害が発生している恐れ」,https://www.sankei.com/article/20260905-HZB2DKKEJVLALB65BBCGDUCZ2E/,https://www.sankei.com/,ok,,
2026-09-05,2026-09-05T07:35:11.396174+09:00,全国紙,全国,産経新聞,世界遺産認定 快挙生んだ考古学者の苦闘 百年にわたる魂の系譜...,https://www.sankei.com/article/20260815-QFGOV26NZFOPTOI5VG332AGYEA/?outputType=theme_election2026,https://www.sankei.com/,ok,,
2026-09-05,2026-09-05T07:35:11.396174+09:00,全国紙,全国,産経新聞,政府が外国と疑われる不審アカウント把握 高市首相「選挙への影...,https://www.sankei.com/article/20260318-U6PW4754BNE3XKFYBTQWPKM65A/?outputType=theme_election2026,https://www.sankei.com/,ok,,
2026-09-05,2026-09-05T07:35:11.396174+09:00,全国紙,全国,産経新聞,衆院選で国会議員の部屋割り一変 小沢、岡田、安住氏ら自民に明...,https://www.sankei.com/article/20260304-C5JCVB743FEVZMNEAU76GY4VNQ/?outputType=theme_election2026,https://www.sankei.com/,ok,,
2026-09-05,2026-09-05T07:35:11.396174+09:00,全国紙,全国,産経新聞,立正佼成会が衆院選で中道103人推薦 公明合流影響か 前回立...,https://www.sankei.com/article/20260303-EHLBLQ2BTRCSVGSJVFHI5TBX4U/?outputType=theme_election2026,https://www.sankei.com/,ok,,
2026-09-05,2026-09-05T07:35:11.396174+09:00,全国紙,全国,産経新聞,高市人事、脱「派閥」加速か 期数主義から実力主義へ 「反高市」結束させる可能性も,https://www.sankei.com/article/20260905-JDGPPMBTGZNITFUBZGMZJB3SRA/,https://www.sankei.com/,ok,,
2026-09-05,2026-09-05T07:35:11.396174+09:00,全国紙,全国,産経新聞,復活したと思った漢字表記が...焼酎ボトル哀歓「イズべ」と「ファヨ」,https://www.sankei.com/article/20260905-IKY773ZOCZO7ZKBAB54KP2NZCU/,https://www.sankei.com/,ok,,
2026-09-05,2026-09-05T07:35:11.396174+09:00,全国紙,全国,産経新聞,北方領土「日本に引き渡すこと決してない」 ロシア極東全権代表、「確立された現実」とも,https://www.sankei.com/article/20260905-N3TBQX3MB5NDXJ3RIV67JKUFEY/,https://www.sankei.com/,ok,,
2026-09-05,2026-09-05T07:35:11.396174+09:00,全国紙,全国,産経新聞,頂上に黄金の自由の女神像、米国版「凱旋門」着工へ 建国250年でトランプ大統領主導,https://www.sankei.com/article/20260904-MGKUHBXLTZKFRNI3DZYJ2MKTSI/,https://www.sankei.com/,ok,,
2026-09-05,2026-09-05T07:35:11.396174+09:00,全国紙,全国,産経新聞,長時間占拠、ゴミ、排泄...人気釣りスポットの深刻マナー問題 駐車場の有料化で解決なるか,https://www.sankei.com/article/20260904-4EPGPWJXNRPLZCIXGOH3A3SH7Q/,https://www.sankei.com/,ok,,
2026-09-05,2026-09-05T07:35:11.396174+09:00,全国紙,全国,産経新聞,外国人材への懸念、自治体受け止めは「排外主義否定」「覚書は無秩序防ぐ」 回答全文,https://www.sankei.com/article/20260904-ZCIRECR2M5PLJFZYOL7436IZCA/,https://www.sankei.com/,ok,,
2026-09-05,2026-09-05T07:35:11.396174+09:00,全国紙,全国,産経新聞,中道の比例議員はかつて所属の立民、公明へ復党が可能 「政党への信任」形骸化の恐れも,https://www.sankei.com/article/20260904-TNCZHMT5QNKLVBJJYSEXRRGPPQ/,https://www.sankei.com/,ok,,
2026-09-05,2026-09-05T07:35:11.396174+09:00,全国紙,全国,産経新聞,米財務省、トルコの銀行を制裁対象に指定 「イランの重要な資金供給ルート断ち切った」,https://www.sankei.com/article/20260905-GCEQE3T6J5PVFFNTINA2CU6BR4/,https://www.sankei.com/,ok,,
2026-09-05,2026-09-05T07:35:11.396174+09:00,全国紙,全国,産経新聞,外国政府覚書に実効性なし? 「自治体外交」の限界とリスク ブローカー排除できず断念も,https://www.sankei.com/article/20260904-5VK7S6UWMNKQLI5GKQEYUU6JD4/,https://www.sankei.com/,ok,,
2026-09-05,2026-09-05T07:35:11.396174+09:00,全国紙,全国,産経新聞,「ここまでの演技ができるとは」中井亜美、五輪「銅」の貫禄 SPで80点超えの高得点,https://www.sankei.com/article/20260904-HVQRZ65PPJIW3NPCSGLGRSMEYU/,https://www.sankei.com/,ok,,
2026-09-05,2026-09-05T07:35:11.396174+09:00,全国紙,全国,産経新聞,逃げ出す街から、逃げ込める街へ 「人一倍こだわる」森ビルの挑戦,https://www.sankei.com/article/20260901-RY5WWKHQZ5BQ3F53LRE3IHG3FQ/,https://www.sankei.com/,ok,,
2026-09-05,2026-09-05T07:35:11.396174+09:00,全国紙,全国,産経新聞,【文系】トップ3商社独占、【理系】トヨタが首位躍進 28年卒就職人気ランキング中間...,https://www.sankei.com/article/20260901-PYB32WM5B5DQXDZCKQ7CW5UVBM/,https://www.sankei.com/,ok,,
2026-09-05,2026-09-05T07:35:11.396174+09:00,全国紙,全国,産経新聞,インドネシアで大規模噴火 日本への影響調査,https://www.sankei.com/article/20260905-2XHEBCZPDNNGHILP5CY5RFVPD4/,https://www.sankei.com/,ok,,
2026-09-05,2026-09-05T07:35:11.396174+09:00,全国紙,全国,産経新聞,エネ安保の強化策 「脱ホルムズ」を推進せよ,https://www.sankei.com/article/20260905-W2X2MI3SEFPETC3LAEV4GJZAGQ/,https://www.sankei.com/,ok,,
2026-09-05,2026-09-05T07:35:11.396174+09:00,全国紙,全国,産経新聞,中国が主張する「新型軍国主義」の滑稽さ,https://www.sankei.com/article/20260905-R5PLRRW47NLHZLEZGGJ2RNP4BM/,https://www.sankei.com/,ok,,
2026-09-05,2026-09-05T07:35:11.396174+09:00,全国紙,全国,東京新聞,航空券も購入済みだったのに...帰国予定の外国人を国費で強制送還 「人権蹂躙」の上に税金のムダ使いでは?,https://www.tokyo-np.co.jp/article/513467,https://www.tokyo-np.co.jp/,ok,,
2026-09-05,2026-09-05T07:35:11.396174+09:00,全国紙,全国,東京新聞,過去最大143兆円超の概算要求 高市首相肝いり「青天井投資」に膨らむ市場の懸念、経済効果への不安,https://www.tokyo-np.co.jp/article/513452,https://www.tokyo-np.co.jp/,ok,,
2026-09-05,2026-09-05T07:35:11.396174+09:00,全国紙,全国,東京新聞,元参政党市議が証言した「国保逃れ」の手口 手取り月額8円の法人理事に就任、半年間で浮かせた金額は,https://www.tokyo-np.co.jp/article/513478,https://www.tokyo-np.co.jp/,ok,,
2026-09-05,2026-09-05T07:35:11.396174+09:00,全国紙,全国,東京新聞,観光地で増える入場料の「二重価格」...姫路城では市民以外2500円 価格差の「理屈」と「効果」は,https://www.tokyo-np.co.jp/article/513485,https://www.tokyo-np.co.jp/,ok,,
2026-09-05,2026-09-05T07:35:11.396174+09:00,全国紙,全国,東京新聞,関西万博の工事費未払いの被害企業が踏んだり蹴ったり 工事に入り込んだ「無許可業者」に絡み処分の危機,https://www.tokyo-np.co.jp/article/513493,https://www.tokyo-np.co.jp/,ok,,
2026-09-05,2026-09-05T07:35:11.396174+09:00,全国紙,全国,東京新聞,〈社説〉AIの軍事利用 専守防衛の逸脱を憂う,https://www.tokyo-np.co.jp/article/513533,https://www.tokyo-np.co.jp/,ok,,
2026-09-05,2026-09-05T07:35:11.396174+09:00,全国紙,全国,東京新聞,「強制送還倍増計画」数値達成自体が目標になっていないか 以前は説得に応じない人だけだったのに,https://www.tokyo-np.co.jp/article/513489,https://www.tokyo-np.co.jp/,ok,,
2026-09-05,2026-09-05T07:35:11.396174+09:00,全国紙,全国,東京新聞,口座の中身は見ません...政府が強調 年金の受取口座を「公金受取」用に自動登録する制度 不安を感じる人も,https://www.tokyo-np.co.jp/article/513460,https://www.tokyo-np.co.jp/,ok,,
2026-09-05,2026-09-05T07:35:11.396174+09:00,全国紙,全国,東京新聞,「泰緬鉄道を世界遺産に」タイで勢い増す登録運動 中心人物が語る「鉄道を平和と友好を促進する教訓に」,https://www.tokyo-np.co.jp/article/513454,https://www.tokyo-np.co.jp/,ok,,
2026-09-05,2026-09-05T07:35:11.396174+09:00,全国紙,全国,東京新聞,〈ぎろんの森〉「法の支配」守る気概感じぬ,https://www.tokyo-np.co.jp/article/513532,https://www.tokyo-np.co.jp/,ok,,
2026-09-05,2026-09-05T07:35:11.396174+09:00,全国紙,全国,東京新聞,〈コラム 筆洗〉電気を通すプラスチックの発明でノーベル化学賞を受賞した白川...,https://www.tokyo-np.co.jp/article/513523,https://www.tokyo-np.co.jp/,ok,,
2026-09-05,2026-09-05T07:35:11.396174+09:00,全国紙,全国,東京新聞,鹿児島県屋久島町レベル5警報 土砂災害に最大級警戒を,https://www.tokyo-np.co.jp/article/513528,https://www.tokyo-np.co.jp/,ok,,
2026-09-05,2026-09-05T07:35:11.396174+09:00,全国紙,全国,東京新聞,NY株反落、271ドル安 米早期利上げ観測強まる,https://www.tokyo-np.co.jp/article/513510,https://www.tokyo-np.co.jp/,ok,,
2026-09-05,2026-09-05T07:35:11.396174+09:00,全国紙,全国,東京新聞,米、トルコ金融機関を制裁対象に 対イランで経済圧力強化,https://www.tokyo-np.co.jp/article/513511,https://www.tokyo-np.co.jp/,ok,,
2026-09-05,2026-09-05T07:35:11.396174+09:00,全国紙,全国,東京新聞,閣僚会議オンライン開催で調整 深センAPEC、中国が意向,https://www.tokyo-np.co.jp/article/513509,https://www.tokyo-np.co.jp/,ok,,
2026-09-05,2026-09-05T07:35:11.396174+09:00,全国紙,全国,東京新聞,なぜ妻の姓は「ソコロワ」で夫は「ソコロフ」? 話を聞いて分かった日本語にないルール,https://www.tokyo-np.co.jp/article/509286,https://www.tokyo-np.co.jp/,ok,,
2026-09-05,2026-09-05T07:35:11.396174+09:00,全国紙,全国,東京新聞,〈動画〉望月衣塑子記者が中谷元・前防衛相の会見を解説 ICC赤根所長への制裁...高市首相に求めること,https://www.tokyo-np.co.jp/article/513386,https://www.tokyo-np.co.jp/,ok,,tag_movie
2026-09-05,2026-09-05T07:35:11.396174+09:00,全国紙,全国,東京新聞,〈動画〉望月衣塑子記者が立憲民主の田名部幹事長会見を解説 3党合流断念でどうなる?,https://www.tokyo-np.co.jp/article/513114,https://www.tokyo-np.co.jp/,ok,,tag_movie
2026-09-05,2026-09-05T07:35:11.396174+09:00,全国紙,全国,東京新聞,〈動画〉望月衣塑子記者が解説 高市首相へ障害者団体が手紙を手渡すも...「本当に読むんだろうか」,https://www.tokyo-np.co.jp/article/512353,https://www.tokyo-np.co.jp/,ok,,tag_movie
2026-09-05,2026-09-05T07:35:11.396174+09:00,全国紙,全国,東京新聞,皇居・大手門で通年ライトアップがスタート 日没から午後9時まで点灯,https://www.tokyo-np.co.jp/article/512712,https://www.tokyo-np.co.jp/,ok,,square
2026-09-05,2026-09-05T07:35:11.396174+09:00,全国紙,全国,中日新聞,騒ぎ声、大音量の音楽、駐車違反...河川レジャー客問われるマナー 岐阜県関署に通報200件,https://www.chunichi.co.jp/article/1306835,https://www.chunichi.co.jp/,ok,,
2026-09-05,2026-09-05T07:35:11.396174+09:00,全国紙,全国,中日新聞,後絶たないアユ釣り客の水難事故死...ライフジャケット未着用の理由は 温水プール並みの水温「むしろ熱中症で倒れる」,https://www.chunichi.co.jp/article/1306878,https://www.chunichi.co.jp/,ok,,
2026-09-05,2026-09-05T07:35:11.396174+09:00,全国紙,全国,中日新聞,「歴史あるお社を守れなかった」浜松の神社で屋根の銅板6000枚盗まれる被害 普段は無人、宮司落胆,https://www.chunichi.co.jp/article/1306929,https://www.chunichi.co.jp/,ok,,
2026-09-05,2026-09-05T07:35:11.396174+09:00,全国紙,全国,中日新聞,中止の琵琶湖三市同時花火、元公式カメラマンが主催者に抱いた「不信感」の理由とは 「返金するとは思えない」,https://www.chunichi.co.jp/article/1306876,https://www.chunichi.co.jp/,ok,,
2026-09-05,2026-09-05T07:35:11.396174+09:00,全国紙,全国,中日新聞,タイで盛り上がる「泰緬鉄道を世界遺産に」 現地の議員が語る価値と「戦場にかける橋」のいま,https://www.chunichi.co.jp/article/1306879,https://www.chunichi.co.jp/,ok,,
2026-09-05,2026-09-05T07:35:11.396174+09:00,全国紙,全国,中日新聞,北陸大雨で決壊の堤防、能登半島地震による地盤沈下で低くなっていた 「豪雨に耐えられない」と地元市議訴えも,https://www.chunichi.co.jp/article/1306892,https://www.chunichi.co.jp/,ok,,
2026-09-05,2026-09-05T07:35:11.396174+09:00,全国紙,全国,中日新聞,特攻できず「悔しい」と泣いた 16歳の心に終生刻まれた「かせ」,https://www.chunichi.co.jp/article/1306877,https://www.chunichi.co.jp/,ok,,
2026-09-05,2026-09-05T07:35:11.396174+09:00,全国紙,全国,中日新聞,「食パンに塗る大福」半田高校の3人が老舗店と開発 「若い人も和菓子に興味持って」,https://www.chunichi.co.jp/article/1306834,https://www.chunichi.co.jp/,ok,,
2026-09-05,2026-09-05T07:35:11.396174+09:00,全国紙,全国,中日新聞,【動画】おてんばが過ぎる...でも「鼻」はピカイチ 愛知県警直轄警察犬リンダ号「犬のおまわりさん」お仕事をのぞき見,https://www.chunichi.co.jp/article/1282225,https://www.chunichi.co.jp/,ok,,
2026-09-05,2026-09-05T07:35:11.396174+09:00,全国紙,全国,中日新聞,いつか母国の教壇に立つ日を夢見て... 混迷のミャンマーから東海学園大学へ「安心して学べない子どもたちのために」,https://www.chunichi.co.jp/article/1306559,https://www.chunichi.co.jp/,ok,,
2026-09-05,2026-09-05T07:35:11.396174+09:00,全国紙,全国,中日新聞,◆中日公式戦の詳細情報がバッチリわかる 9月4日『ヤクルト-中日』のテーブルスコア【画像】,https://www.chunichi.co.jp/article/1306934,https://www.chunichi.co.jp/,ok,,
2026-09-05,2026-09-05T07:35:11.396174+09:00,全国紙,全国,中日新聞,「移民ビジネス」外国人の受け入れを巡る現実と課題,https://www.chunichi.co.jp/article/1233264,https://www.chunichi.co.jp/,ok,,
2026-09-05,2026-09-05T07:35:11.396174+09:00,全国紙,全国,中日新聞,【南山大&中日新聞ポッドキャスト企画】アメリカを考える~独立宣言から250年の大変動,https://www.chunichi.co.jp/article/1270383,https://www.chunichi.co.jp/,ok,,
2026-09-05,2026-09-05T07:35:11.396174+09:00,全国紙,全国,中日新聞,【第1部・外国人団地】共生を目指す外国人労働者の姿を描く,https://www.chunichi.co.jp/article/1237076,https://www.chunichi.co.jp/,ok,,
2026-09-05,2026-09-05T07:35:11.396174+09:00,全国紙,全国,中日新聞,読者が選んだグッとコラム大賞は...?,https://www.chunichi.co.jp/article/1230731,https://www.chunichi.co.jp/,ok,,
2026-09-05,2026-09-05T07:35:11.396174+09:00,全国紙,全国,中日新聞,【デジタル地図】南海トラフ巨大地震の想定震度マップ。あなたの地域の想定震度をチェック,https://www.chunichi.co.jp/article/1046009,https://www.chunichi.co.jp/,ok,,
2026-09-05,2026-09-05T07:35:11.396174+09:00,全国紙,全国,中日新聞,【動画】138タワーパークの巨大気温グラフ、今年が最終回,https://www.chunichi.co.jp/article/1305096,https://www.chunichi.co.jp/,ok,,video
2026-09-05,2026-09-05T07:35:11.396174+09:00,全国紙,全国,中日新聞,【動画】近鉄宇治山田駅前の明倫商店街から出火 伊勢神宮近く、複数店舗に延焼,https://www.chunichi.co.jp/article/1304621,https://www.chunichi.co.jp/,ok,,video
2026-09-05,2026-09-05T07:35:11.396174+09:00,全国紙,全国,中日新聞,【写真特集】「スウェーデン絵画 北欧の光、日常のかがやき」 澄み渡る風土と日常に溶け込む多彩な青,https://www.chunichi.co.jp/article/1305539,https://www.chunichi.co.jp/,ok,,tag_photo
2026-09-05,2026-09-05T07:35:11.396174+09:00,地方紙,北海道,北海道新聞,,,,skipped,公式RSSはあるが、見出し・本文の公開(再配信)を認めない旨の規約があるため自動取得の対象外とする。,
2026-09-05,2026-09-05T07:35:11.396174+09:00,地方紙,宮城,河北新報,,,,skipped,robots.txtが/rss/をDisallowしておりRSS購読不可。私的利用限定・二次利用禁止の規約があるため自動取得の対象外とする。,
2026-09-05,2026-09-05T07:35:11.396174+09:00,地方紙,新潟,新潟日報,,,,skipped,利用規約でデータマイニング・テキストマイニング・AI学習目的の情報処理・解析利用を明示的に禁止しているため自動取得の対象外とする。,
2026-09-05,2026-09-05T07:35:11.396174+09:00,地方紙,長野,信濃毎日新聞,下諏訪町の拠点、親会社の圧力はサンキョー時代から ニデック品質、不適切行為09/05 06:05モーター大手のニデック(旧日本電産、京都市)の品質問題を巡り、無断で製造工程を変更するといった不適切な行為が844件あったことが4日明らかになった。ニデックが公表した調査報告書によると、子会社のニデックインスツルメンツ(長野県下諏訪町)での事案が7割を占めていた。顧客や製品の種類が多く品質管理が徹底されていなかったと...,https://www.shinmai.co.jp/news/article/gf01dadakhdttbkcu3kqv0ag,https://www.shinmai.co.jp/,ok,,
2026-09-05,2026-09-05T07:35:11.396174+09:00,地方紙,長野,信濃毎日新聞,長野県のアンダーパス123カ所、冠水の可能性 過去に車が水没した場所も09/05 06:04,https://www.shinmai.co.jp/news/article/gf01dadae45ttbkcu3kquuo0,https://www.shinmai.co.jp/,ok,,
2026-09-05,2026-09-05T07:35:11.396174+09:00,地方紙,長野,信濃毎日新聞,予約制なのに”予約が取れない”・・・塩尻市の市民バス、背景に目立つキャンセル09/05 06:03,https://www.shinmai.co.jp/news/article/gf01dad9cj4vl121or83ul6g,https://www.shinmai.co.jp/,ok,,
2026-09-05,2026-09-05T07:35:11.396174+09:00,地方紙,長野,信濃毎日新聞,ドラえもんの映画で知られる首長竜の化石発掘に関わる 長谷川さん、晩年まで故郷・飯田市で研究09/05 06:02,https://www.shinmai.co.jp/news/article/gf01dadbm9svl121or83v6cg,https://www.shinmai.co.jp/,ok,,
2026-09-05,2026-09-05T07:35:11.396174+09:00,地方紙,長野,信濃毎日新聞,”短期決戦”の塩尻市長選 対決色は鮮明、見えぬ違い 告示まで1週間余09/05 06:01,https://www.shinmai.co.jp/news/article/gf01dadbvidttbkcu3kqv8ng,https://www.shinmai.co.jp/,ok,,
2026-09-05,2026-09-05T07:35:11.396174+09:00,地方紙,長野,信濃毎日新聞,おくやみ(9月5日付)09/05 06:00,https://www.shinmai.co.jp/news/article/gf01dad8indttbkcu3kquel0,https://www.shinmai.co.jp/,ok,,
2026-09-05,2026-09-05T07:35:11.396174+09:00,地方紙,長野,信濃毎日新聞,5下諏訪町の子会社の事案が7割 ニデック品質問題、不適切行為844件,https://www.shinmai.co.jp/news/article/gf01dad8e05ttbkcu3kquco0,https://www.shinmai.co.jp/,ok,,
2026-09-05,2026-09-05T07:35:11.396174+09:00,地方紙,長野,信濃毎日新聞,6長野県書道展、入賞・入選作品決まる 信濃毎日新聞デジタルに検索ページも,https://www.shinmai.co.jp/news/article/gf01dacmkq5ttbkcu3kqrgu0,https://www.shinmai.co.jp/,ok,,
2026-09-05,2026-09-05T07:35:11.396174+09:00,地方紙,長野,信濃毎日新聞,7【速報】中央道下り線、諏訪IC~岡谷JCT間が通行止め 緊急工事で2日午前6時まで,https://www.shinmai.co.jp/news/article/gf01dabc7uam9tl84se1vp7g,https://www.shinmai.co.jp/,ok,,
2026-09-05,2026-09-05T07:35:11.396174+09:00,地方紙,長野,信濃毎日新聞,8ニデック、企業の根幹でも不正 現場に諦め、業績圧力が要因 下諏訪町の拠点でも判明,https://www.shinmai.co.jp/news/article/gf01dadcdecvl121or83v90g,https://www.shinmai.co.jp/,ok,,
2026-09-05,2026-09-05T07:35:11.396174+09:00,地方紙,長野,信濃毎日新聞,9長谷川善和さんが死去 飯田市出身、日本の恐竜研究の第一人者,https://www.shinmai.co.jp/news/article/gf01dadbmvlttbkcu3kqv7m0,https://www.shinmai.co.jp/,ok,,
2026-09-05,2026-09-05T07:35:11.396174+09:00,地方紙,長野,信濃毎日新聞,10おくやみ速報(9月5日付分),https://www.shinmai.co.jp/news/article/gf01dad8ff5ttbkcu3kqud60,https://www.shinmai.co.jp/,ok,,
2026-09-05,2026-09-05T07:35:11.396174+09:00,地方紙,長野,信濃毎日新聞,書評「ノー・ファンタジー」(上田岳弘著、集英社) 「僕ら」の人生の戦慄とビート長野県文化・芸能ウェブオリジナル09/05 05:30,https://www.shinmai.co.jp/news/article/gf01dad742tttbkcu3kqtuq0,https://www.shinmai.co.jp/,ok,,
2026-09-05,2026-09-05T07:35:11.396174+09:00,地方紙,長野,信濃毎日新聞,信州山レポート 山岳情報ぎゅっとお届け長野県社会安全登山・遭難信州の山ウェブオリジナル09/04 17:45,https://www.shinmai.co.jp/news/article/SHEX2026071400004787,https://www.shinmai.co.jp/,ok,,
2026-09-05,2026-09-05T07:35:11.396174+09:00,地方紙,長野,信濃毎日新聞,黒猫ケンちゃん、やっと美術館に入れたね 「盟友」警備員さんの手で長野県主要くらし・話題ウェブオリジナルイブニング信毎朝日新聞コラボ「いつも、どこかで」09/04 17:00,https://www.shinmai.co.jp/news/article/gf01da5t7sqm9tl84se12rs0,https://www.shinmai.co.jp/,ok,,
2026-09-05,2026-09-05T07:35:11.396174+09:00,地方紙,長野,信濃毎日新聞,民俗芸能とは?「単なる文化事象ではないのです」 持続可能な地域づくりそのもの 長野県主催のシンポで今後を展望〈山と人と信州と〉長野県社会信州の山ウェブオリジナル山と人と信州と09/04 06:04,https://www.shinmai.co.jp/news/article/gf01dacgl44vl121or83plo0,https://www.shinmai.co.jp/,ok,,
2026-09-05,2026-09-05T07:35:11.396174+09:00,地方紙,長野,信濃毎日新聞,「信頼は一瞬で崩れる」 山雅の元流経大キャプテンに待っていた落とし穴 ベンチ外の現実受け止め再出発長野県スポーツウェブオリジナルイブニング信毎サッカー松本山雅松本市08/25 06:30,https://www.shinmai.co.jp/news/article/gf01da5sbkcaejegpfu2nhlg,https://www.shinmai.co.jp/,ok,,
2026-09-05,2026-09-05T07:35:11.396174+09:00,地方紙,長野,信濃毎日新聞,【マンガ】長野県はグミの“産地”って知ってた? きょう9月3日は「グミの日」長野県くらし・話題ウェブオリジナルちゅ~も09/03 09:47,https://www.shinmai.co.jp/news/article/gf01da949s2m9tl84se1l1mg,https://www.shinmai.co.jp/,ok,,
2026-09-05,2026-09-05T07:35:11.396174+09:00,地方紙,長野,信濃毎日新聞,山雅の「大器」を変えた新たな”師匠” 「力任せに蹴るな」 理詰めの指導でつかんだ成長長野県スポーツウェブオリジナルイブニング信毎サッカー松本山雅松本市09/03 06:20,https://www.shinmai.co.jp/news/article/gf01dac2cgtttbkcu3kqo230,https://www.shinmai.co.jp/,ok,,
2026-09-05,2026-09-05T07:35:11.396174+09:00,地方紙,長野,信濃毎日新聞,北アルプスの眺望や湧水に恵まれ音楽と山雅を愛でて暮らす...入社29年で実現した憧れの松本勤務長野県くらし・話題ウェブオリジナルイブニング信毎コラム「硬面軟面」松本市09/03 06:05,https://www.shinmai.co.jp/news/article/gf01daakumkaejegpfu3gisg,https://www.shinmai.co.jp/,ok,,
2026-09-05,2026-09-05T07:35:11.396174+09:00,地方紙,静岡,静岡新聞,,,https://www.at-s.com/,error,405 Client Error: Not Allowed for url: https://www.at-s.com/,
2026-09-05,2026-09-05T07:35:11.396174+09:00,地方紙,京都,京都新聞,人事異動ポータル,https://www.kyoto-np.co.jp/articles/-/1250583,https://www.kyoto-np.co.jp/,ok,,
2026-09-05,2026-09-05T07:35:11.396174+09:00,地方紙,京都,京都新聞,速報インドネシアで大規模噴火、津波の有無調査,https://www.kyoto-np.co.jp/articles/-/1785281,https://www.kyoto-np.co.jp/,ok,,
2026-09-05,2026-09-05T07:35:11.396174+09:00,地方紙,京都,京都新聞,京都府内のスーパーは「2強体制」? 売上1位の「あのスーパー」が強い納得の理由4:50地域京都府内に本社を置く食品スーパー50社の2025年度の経営実態調査を、帝国データバンク京都支店がまとめた。売上高上位の8社が総売上高の約8...,https://www.kyoto-np.co.jp/articles/-/1783844,https://www.kyoto-np.co.jp/,ok,,
2026-09-05,2026-09-05T07:35:11.396174+09:00,地方紙,京都,京都新聞,高校無償化は「毒にも薬にもなる」その真意は 京都や大阪の公立高校の「あるべき姿」とは5:30地域地域の公立高校はどうあるべきか。教育行政に詳しい髙田一宏大阪大大学院人間科学研究科教授(教育社会学)に、公立高の存続を脅かしかねない国の高...,https://www.kyoto-np.co.jp/articles/-/1783876,https://www.kyoto-np.co.jp/,ok,,
2026-09-05,2026-09-05T07:35:11.396174+09:00,地方紙,京都,京都新聞,「夜にクマ見失うと...」京都で初の緊急銃猟 夜間銃猟の有資格者育成が課題に、時間要した対応にも改善点5:05地域住宅地の民家軒下に居座っていたツキノワグマ2頭の緊急銃猟を京都府舞鶴市が3日夜に実施し、殺処分した。市町村長の判断で緊急的に発砲を可能とす...,https://www.kyoto-np.co.jp/articles/-/1785070,https://www.kyoto-np.co.jp/,ok,,
2026-09-05,2026-09-05T07:35:11.396174+09:00,地方紙,京都,京都新聞,北陸新幹線延伸「桂川案」 京都府向日市が慎重な立場をとる背景は5:35地域京都府向日市は、北陸新幹線延伸計画で市境のJR桂川駅(京都市南区)近くに新駅を設けるルート案が有力視されていることに関し、「賛否について申...,https://www.kyoto-np.co.jp/articles/-/1784479,https://www.kyoto-np.co.jp/,ok,,
2026-09-05,2026-09-05T07:35:11.396174+09:00,地方紙,京都,京都新聞,京都の保護者「食費負担大きく、娘の大学進学どこまで支援できるか」 物価高で塾代など削減する家庭増5:30京都食料品や日用品、光熱費の相次ぐ値上がりを受け、子どもの塾代や習い事などの支出を減らす家庭が増えている-。教育支援団体の調査で、物価高が学校...,https://www.kyoto-np.co.jp/articles/-/1781718,https://www.kyoto-np.co.jp/,ok,,
2026-09-05,2026-09-05T07:35:11.396174+09:00,地方紙,京都,京都新聞,「来年こそは京都市議会に1人擁立する」 府議会の議席にも意欲、社民党京都府連代表・中村在男氏に聞く4:45市内衆院選の自民党圧勝から半年が過ぎた。皇室典範改正や消費税減税議論など激しく動く政治の波は、地方にも及ぶ。次の決戦は来春の統一地方選。京都の...,https://www.kyoto-np.co.jp/articles/-/1784999,https://www.kyoto-np.co.jp/,ok,,
2026-09-05,2026-09-05T07:35:11.396174+09:00,地方紙,京都,京都新聞,「中止決断も書き残すべき」祭礼や文化で「地方紙」が果たせる役割は? 京都で第23回地方紙フォーラム9月4日市内京都新聞社など全国の地方紙12社による「第23回地方紙フォーラムin京都」は4日、京都市下京区の京都経済センターで分科会を開き、各社の記者...,https://www.kyoto-np.co.jp/articles/-/1784725,https://www.kyoto-np.co.jp/,ok,,
2026-09-05,2026-09-05T07:35:11.396174+09:00,地方紙,京都,京都新聞,【高校野球】夏の京都大会で与四死球が少なかった1、2年生を調査 チームに好リズム生んだピッチャーは?5:03京都,https://www.kyoto-np.co.jp/articles/-/1783513,https://www.kyoto-np.co.jp/,ok,,
2026-09-05,2026-09-05T07:35:11.396174+09:00,地方紙,京都,京都新聞,京都サンガのMF佐藤響はPKを与えた場面をどう振り返る 「あのタイミングで...」 一問一答9月4日地域,https://www.kyoto-np.co.jp/articles/-/1784132,https://www.kyoto-np.co.jp/,ok,,
2026-09-05,2026-09-05T07:35:11.396174+09:00,地方紙,京都,京都新聞,【高校野球】新チームの「スピードスター」は?夏の京都大会で盗塁数の多かった1、2年生に注目9月4日京都,https://www.kyoto-np.co.jp/articles/-/1783433,https://www.kyoto-np.co.jp/,ok,,
2026-09-05,2026-09-05T07:35:11.396174+09:00,地方紙,京都,京都新聞,京都サンガのMF尹星俊が語る相棒への思い「やっぱり11人全員で戦わないと」 一問一答9月4日地域,https://www.kyoto-np.co.jp/articles/-/1784131,https://www.kyoto-np.co.jp/,ok,,
2026-09-05,2026-09-05T07:35:11.396174+09:00,地方紙,京都,京都新聞,京都市、大工工事会社と電気工事会社の2社、破産手続き開始決定 異業種チャレンジも、低迷の背景は9月4日市内,https://www.kyoto-np.co.jp/articles/-/1784245,https://www.kyoto-np.co.jp/,ok,,
2026-09-05,2026-09-05T07:35:11.396174+09:00,地方紙,京都,京都新聞,京セラ「AIと先端半導体」に集中投資 国内で21年ぶりの新たな生産拠点に込めた決意9月4日地域,https://www.kyoto-np.co.jp/articles/-/1784236,https://www.kyoto-np.co.jp/,ok,,
2026-09-05,2026-09-05T07:35:11.396174+09:00,地方紙,京都,京都新聞,100年超前にルーツ?京都の京阪電車「ワースト2」駅に特急止まる納得の理由 幻の「京都大仏」復活か9月4日地域,https://www.kyoto-np.co.jp/articles/-/1777618,https://www.kyoto-np.co.jp/,ok,,
2026-09-05,2026-09-05T07:35:11.396174+09:00,地方紙,京都,京都新聞,「黙っていても生徒が集まる」時代ではない 「滋賀県随一の進学校」が抱えるジレンマとは9月4日地域,https://www.kyoto-np.co.jp/articles/-/1783832,https://www.kyoto-np.co.jp/,ok,,
2026-09-05,2026-09-05T07:35:11.396174+09:00,地方紙,京都,京都新聞,「京大がすべてではない」一方で「実績維持も必要」 「滋賀県随一の進学校」校長に聞く未来像9月4日地域,https://www.kyoto-np.co.jp/articles/-/1783824,https://www.kyoto-np.co.jp/,ok,,
2026-09-05,2026-09-05T07:35:11.396174+09:00,地方紙,京都,京都新聞,【フィギュアスケート 】2025 - 2026シーズンをニュースや写真、コラムで網羅 デジタル特集「Deep Edge」京都,https://www.kyoto-np.co.jp/articles/-/1131905,https://www.kyoto-np.co.jp/,ok,,
2026-09-05,2026-09-05T07:35:11.396174+09:00,地方紙,京都,京都新聞,クマトラッカー 日本各地のクマ出没情報、被害統計と対処法のガイド全国・海外,https://www.kyoto-np.co.jp/articles/-/1597013,https://www.kyoto-np.co.jp/,ok,,
2026-09-05,2026-09-05T07:35:11.396174+09:00,地方紙,兵庫,神戸新聞,姫路フィルムコミッション 撮影支援25年、2600件超 ロケ誘致、海外セールス活発に,https://www.kobe-np.co.jp/news/himeji/202609/0020783580.shtml,https://www.kobe-np.co.jp/,ok,,
2026-09-05,2026-09-05T07:35:11.396174+09:00,地方紙,兵庫,神戸新聞,豊岡市、下水道使用料の値上げ幅を緩和 「負担増えすぎる」意見反映 条例改正案を市会に提出,https://www.kobe-np.co.jp/news/tajima/202609/0020783692.shtml,https://www.kobe-np.co.jp/,ok,,
2026-09-05,2026-09-05T07:35:11.396174+09:00,地方紙,兵庫,神戸新聞,飛行ルート「ずれ」問題視 関西、神戸空港の新経路巡り淡路地域協議会 正確な騒音測定求める,https://www.kobe-np.co.jp/news/awaji/202609/0020783634.shtml,https://www.kobe-np.co.jp/,ok,,
2026-09-05,2026-09-05T07:35:11.396174+09:00,地方紙,兵庫,神戸新聞,三田市の三セク「サンフラワー」支援に反対 市会常任委、貸し付け案削除を可決,https://www.kobe-np.co.jp/news/sanda/202609/0020783726.shtml,https://www.kobe-np.co.jp/,ok,,
2026-09-05,2026-09-05T07:35:11.396174+09:00,地方紙,兵庫,神戸新聞,INAC、新加入組リーグデビュー 万力と松尾が下部からの挑戦、一層の貢献期待 サッカー女子WEリーグ,https://www.kobe-np.co.jp/news/sports/202609/0020784480.shtml,https://www.kobe-np.co.jp/,ok,,
2026-09-05,2026-09-05T07:35:11.396174+09:00,地方紙,兵庫,神戸新聞,天然アユ、大きく育て 餌場拡大に役立つコンクリートブロック 関西大研究室が川で実地試験,https://www.kobe-np.co.jp/news/hanshin/202609/0020783400.shtml,https://www.kobe-np.co.jp/,ok,,
2026-09-05,2026-09-05T07:35:11.396174+09:00,地方紙,兵庫,神戸新聞,高砂市のコミバス、新ルートを試験運行 市西部の北浜町牛谷とJR曽根駅結ぶ,https://www.kobe-np.co.jp/news/touban/202609/0020783610.shtml,https://www.kobe-np.co.jp/,ok,,
2026-09-05,2026-09-05T07:35:11.396174+09:00,地方紙,兵庫,神戸新聞,瓦せんべいや野球カステラ、兵庫の逸品そろう「神戸市」 大丸神戸店で9日から,https://www.kobe-np.co.jp/news/economy/202609/0020784354.shtml,https://www.kobe-np.co.jp/,ok,,
2026-09-05,2026-09-05T07:35:11.396174+09:00,地方紙,兵庫,神戸新聞,熊本地震の被災地へ、阪神から職員続々 7市1町を支援 家屋被害認定や学校再開、38人派遣,https://www.kobe-np.co.jp/news/sanda/202609/0020783722.shtml,https://www.kobe-np.co.jp/,ok,,
2026-09-05,2026-09-05T07:35:11.396174+09:00,地方紙,兵庫,神戸新聞,豊岡・但東の統合教育施設 独自の教育科目など検討、異学年交流も 小中一貫校準備委初会合,https://www.kobe-np.co.jp/news/tajima/202609/0020783690.shtml,https://www.kobe-np.co.jp/,ok,,
2026-09-05,2026-09-05T07:35:11.396174+09:00,地方紙,兵庫,神戸新聞,<話題の人>神栄・中川太郎社長 電子製品の付加価値高める,https://www.kobe-np.co.jp/news/economy/202609/0020784358.shtml,https://www.kobe-np.co.jp/,ok,,
2026-09-05,2026-09-05T07:35:11.396174+09:00,地方紙,兵庫,神戸新聞,変わるJR神戸駅前、にぎわい復活なるか 開業150年超 「楠公さん」模した大屋根、地下駐輪場を整備,https://www.kobe-np.co.jp/news/society/202609/0020783088.shtml,https://www.kobe-np.co.jp/,ok,,
2026-09-05,2026-09-05T07:35:11.396174+09:00,地方紙,兵庫,神戸新聞,神出病院集団虐待事件の教訓は? 権力者の下、思考停止に陥った職員たち 神戸で組織風土考える研修会,https://www.kobe-np.co.jp/news/society/202609/0020782413.shtml,https://www.kobe-np.co.jp/,ok,,
2026-09-05,2026-09-05T07:35:11.396174+09:00,地方紙,兵庫,神戸新聞,誰もが自分らしく働ける職場とは 政策金融公庫明石支店で講座 多様な性に理解深める,https://www.kobe-np.co.jp/news/akashi/202609/0020783427.shtml,https://www.kobe-np.co.jp/,ok,,
2026-09-05,2026-09-05T07:35:11.396174+09:00,地方紙,兵庫,神戸新聞,異業種の企業、情報交換 三木商議所、初の交流会に38人参加,https://www.kobe-np.co.jp/news/miki/202609/0020783624.shtml,https://www.kobe-np.co.jp/,ok,,
2026-09-05,2026-09-05T07:35:11.396174+09:00,地方紙,兵庫,神戸新聞,<県政リアル 知事就任5年>(6)距離感 離れた大阪、県内首長も模索,https://www.kobe-np.co.jp/news/society/202608/0020681985.shtml,https://www.kobe-np.co.jp/,ok,,
2026-09-05,2026-09-05T07:35:11.396174+09:00,地方紙,兵庫,神戸新聞,新聞協会賞受賞「兵庫県知事選 あの熱狂の中で」 第1部「さいとうさんと私」プロローグ~2話を無料公開,https://www.kobe-np.co.jp/news/richa/202609/0020774666.shtml,https://www.kobe-np.co.jp/,ok,,
2026-09-05,2026-09-05T07:35:11.396174+09:00,地方紙,兵庫,神戸新聞,神戸拠点の創薬ベンチャー、食道がんで世界初のウイルス治療薬開発 倒産危機越え苦難の20年,https://www.kobe-np.co.jp/news/economy/202609/0020776285.shtml,https://www.kobe-np.co.jp/,ok,,
2026-09-05,2026-09-05T07:35:11.396174+09:00,地方紙,兵庫,神戸新聞,使わなくなった楽器「中学生に寄付を」 西宮市、部活地域展開に合わせ募集 吹奏楽クラブで活用へ,https://www.kobe-np.co.jp/news/hanshin/202609/0020783405.shtml,https://www.kobe-np.co.jp/,ok,,
2026-09-05,2026-09-05T07:35:11.396174+09:00,地方紙,兵庫,神戸新聞,播磨町の「危ない交差点」 住宅街の小さな十字路、3年間の人身事故全8件が車の信号無視,https://www.kobe-np.co.jp/news/richb/202609/0020772450.shtml,https://www.kobe-np.co.jp/,ok,,
2026-09-05,2026-09-05T07:35:11.396174+09:00,地方紙,広島,中国新聞,,,,skipped,利用規約でAI開発目的のディープラーニング等の情報処理・解析利用を明示的に禁止しているため自動取得の対象外とする。,
2026-09-05,2026-09-05T07:35:11.396174+09:00,地方紙,福岡,西日本新聞,,,,skipped,公式RSSはあるが、利用規約でAI学習目的の情報処理・解析利用を明示的に禁止しているため自動取得の対象外とする。,
2026-09-05,2026-09-05T07:35:11.396174+09:00,地方紙,熊本,熊本日日新聞,◎概算要求,https://kumanichi.com/articles/2027766,https://kumanichi.com/rss.xml,ok,,
2026-09-05,2026-09-05T07:35:11.396174+09:00,地方紙,熊本,熊本日日新聞,◎ニデックの不正問題,https://kumanichi.com/articles/2004328,https://kumanichi.com/rss.xml,ok,,
2026-09-05,2026-09-05T07:35:11.396174+09:00,地方紙,熊本,熊本日日新聞,◎イグ・ノーベル賞,https://kumanichi.com/articles/1545211,https://kumanichi.com/rss.xml,ok,,
2026-09-05,2026-09-05T07:35:11.396174+09:00,地方紙,熊本,熊本日日新聞,◎紀伊半島豪雨,https://kumanichi.com/articles/1534694,https://kumanichi.com/rss.xml,ok,,
2026-09-05,2026-09-05T07:35:11.396174+09:00,地方紙,熊本,熊本日日新聞,インドネシアで大規模噴火,https://kumanichi.com/articles/2032804,https://kumanichi.com/rss.xml,ok,,
2026-09-05,2026-09-05T07:35:11.396174+09:00,地方紙,熊本,熊本日日新聞,ドイツの情報サイトを乗っ取りか,https://kumanichi.com/articles/2032794,https://kumanichi.com/rss.xml,ok,,
2026-09-05,2026-09-05T07:35:11.396174+09:00,地方紙,熊本,熊本日日新聞,NY円、156円台前半,https://kumanichi.com/articles/2032799,https://kumanichi.com/rss.xml,ok,,
2026-09-05,2026-09-05T07:35:11.396174+09:00,地方紙,熊本,熊本日日新聞,為替相場 5日(日本時間 7時),https://kumanichi.com/articles/2032745,https://kumanichi.com/rss.xml,ok,,
2026-09-05,2026-09-05T07:35:11.396174+09:00,地方紙,熊本,熊本日日新聞,鹿児島県屋久島町レベル5警報,https://kumanichi.com/articles/2032798,https://kumanichi.com/rss.xml,ok,,
2026-09-05,2026-09-05T07:35:11.396174+09:00,地方紙,熊本,熊本日日新聞,ロシア、情報機関に無人機攻撃,https://kumanichi.com/articles/2032797,https://kumanichi.com/rss.xml,ok,,
2026-09-05,2026-09-05T07:35:11.396174+09:00,地方紙,鹿児島,南日本新聞,屋久島町にレベル5土砂災害特別警報気象庁は5日午前5時10分、屋久島町にレベル5土砂災害特別警報を発表した。9月5日 05:40,https://373news.com/news/local/detail/239117/,https://373news.com/,ok,,local
2026-09-05,2026-09-05T07:35:11.396174+09:00,地方紙,鹿児島,南日本新聞,【青森国スポ】体操少年男子が決勝へ ハンドボール成年女子、強豪に初戦で涙9月5日 06:30,https://373news.com/news/local/detail/239100/,https://373news.com/,ok,,local
2026-09-05,2026-09-05T07:35:11.396174+09:00,地方紙,鹿児島,南日本新聞,J3鹿児島ユナイテッド 東海学園大DF今村の加入内定 「目標達成へ全身全霊でプレー」9月5日 06:30,https://373news.com/news/local/detail/239089/,https://373news.com/,ok,,local
2026-09-05,2026-09-05T07:35:11.396174+09:00,地方紙,鹿児島,南日本新聞,樟南高野球部 甲子園3度、山之口氏が退任 新監督にOB久保田氏9月5日 06:30,https://373news.com/news/local/detail/239088/,https://373news.com/,ok,,local
2026-09-05,2026-09-05T07:35:11.396174+09:00,地方紙,鹿児島,南日本新聞,J3鹿児島ユナイテッド、きょう5日ホームで琉球戦9月5日 06:30,https://373news.com/news/local/detail/239087/,https://373news.com/,ok,,local
2026-09-05,2026-09-05T07:35:11.396174+09:00,地方紙,鹿児島,南日本新聞,Bリーグ鹿児島レブナイズ・新戦力 フォワード マシュー・アキノ(29) 元日本代表、献身プレー誓う9月5日 06:30,https://373news.com/news/local/detail/239086/,https://373news.com/,ok,,local
2026-09-05,2026-09-05T07:35:11.396174+09:00,地方紙,鹿児島,南日本新聞,阿久根市、タブレット使った電子投票導入へ――県内初、12月市長選実施目指す9月5日 05:30,https://373news.com/news/local/detail/239112/,https://373news.com/,ok,,local
2026-09-05,2026-09-05T07:35:11.396174+09:00,地方紙,鹿児島,南日本新聞,「フェリーは命綱、航路維持を」 屋久島住民ら要望活動へ 不具合多発で鹿児島県や事業者に9月4日 21:52,https://373news.com/news/local/detail/239114/,https://373news.com/,ok,,local
2026-09-05,2026-09-05T07:35:11.396174+09:00,地方紙,鹿児島,南日本新聞,九州新幹線、秋の連休予約率34% JR九州発表 指宿のたまて箱は4割増9月4日 21:44,https://373news.com/news/local/detail/239111/,https://373news.com/,ok,,local
2026-09-05,2026-09-05T07:35:11.396174+09:00,地方紙,鹿児島,南日本新聞,1鹿児島県霧島市の自宅で「若干量」の大麻...建設作業員3人所持容疑で現行犯逮捕,https://373news.com/news/local/detail/239061/,https://373news.com/,ok,,local
2026-09-05,2026-09-05T07:35:11.396174+09:00,地方紙,鹿児島,南日本新聞,2九州自動車道・溝辺鹿児島空港IC-加治木JCT下り線の通行止め解除,https://373news.com/news/local/detail/239085/,https://373news.com/,ok,,local
2026-09-05,2026-09-05T07:35:11.396174+09:00,地方紙,鹿児島,南日本新聞,3いちき串木野の岩場から飛び込み、中高生3人溺れ死亡 危険な場所...でも「遊び場」に 識者「子ども目線で検証を」,https://373news.com/news/local/detail/238835/,https://373news.com/,ok,,local
2026-09-05,2026-09-05T07:35:11.396174+09:00,地方紙,鹿児島,南日本新聞,43〜4日ごろ奄美地方に接近 台風24号 動き遅く影響が長引く恐れ,https://373news.com/news/local/detail/238947/,https://373news.com/,ok,,local
2026-09-05,2026-09-05T07:35:11.396174+09:00,地方紙,鹿児島,南日本新聞,5種子島・屋久島地方に線状降水帯直前予測――今後3時間以内に発生可能性 気象庁が命の危険訴え,https://373news.com/news/local/detail/239101/,https://373news.com/,ok,,local
2026-09-05,2026-09-05T07:35:11.396174+09:00,地方紙,鹿児島,南日本新聞,6九州道溝辺空港-加治木の下り線が倒木で通行止め,https://373news.com/news/local/detail/239083/,https://373news.com/,ok,,local
2026-09-05,2026-09-05T07:35:11.396174+09:00,地方紙,鹿児島,南日本新聞,7屋久島で1時間に120ミリ――災害発生の危険高まる 気象庁発表(午後7時半),https://373news.com/news/local/detail/239095/,https://373news.com/,ok,,local
2026-09-05,2026-09-05T07:35:11.396174+09:00,地方紙,鹿児島,南日本新聞,8種子島・屋久島地方で線状降水帯――気象庁「命に危険が及ぶ災害発生恐れ」,https://373news.com/news/local/detail/239115/,https://373news.com/,ok,,local
2026-09-05,2026-09-05T07:35:11.396174+09:00,地方紙,鹿児島,南日本新聞,95日昼前にかけ線状降水帯発生の恐れ 台風24号,https://373news.com/news/local/detail/239098/,https://373news.com/,ok,,local
2026-09-05,2026-09-05T07:35:11.396174+09:00,地方紙,鹿児島,南日本新聞,10鹿児島県内に線状降水帯の恐れ 台風24号 動き複雑、大雨に警戒を,https://373news.com/news/local/detail/239036/,https://373news.com/,ok,,local
2026-09-05,2026-09-05T07:35:11.396174+09:00,地方紙,鹿児島,南日本新聞,「暑くないから大丈夫」そう言い張る高齢の親...冷房をつけさせたいけど、どう声かけたらいいの?――鹿児島の看護師が教える「否定しない伝え方」は8月20日 11:30,http://373news.com/lineup/kotimina/detail/238277/,https://373news.com/,ok,,
2026-09-05,2026-09-05T07:35:11.396174+09:00,地方紙,沖縄,琉球新報,,,,skipped,利用規約で複製・複写・送信・頒布・蓄積・転載等を会社の承認なく行うことを広範に禁止しているため自動取得の対象外とする。,
2026-09-05,2026-09-05T07:35:11.396174+09:00,地方紙,沖縄,沖縄タイムス,沖縄タイムス社はSNS時代の選挙報道指針を策定しました,https://www.okinawatimes.co.jp/articles/-/1912094,https://www.okinawatimes.co.jp/,ok,,
2026-09-05,2026-09-05T07:35:11.396174+09:00,地方紙,沖縄,沖縄タイムス,民事訴訟法の見直しへ 証拠の「目的外使用」防ぐ秘密保持命令を新設 法相、14日に諮問9月5日 5:00法相平口洋法相は4日、民事裁判のルールを定めた民事訴訟法の見直しを法制審議会(法相の諮問機関)に諮問すると表明した。裁判に提出された証拠の「目的外使用」を防ぐ秘密保持命令の新設に向け、検討を求める。,https://www.okinawatimes.co.jp/articles/-/1917550,https://www.okinawatimes.co.jp/,ok,,
2026-09-05,2026-09-05T07:35:11.396174+09:00,地方紙,沖縄,沖縄タイムス,沖縄電力、一般家庭は月570円値上げへ 託送料金引き上げを承認 11月請求分から5:56#沖縄電力,https://www.okinawatimes.co.jp/articles/-/1917553,https://www.okinawatimes.co.jp/,ok,,
2026-09-05,2026-09-05T07:35:11.396174+09:00,地方紙,沖縄,沖縄タイムス,台風で水揚げほぼ半減 沖縄で鮮魚のセリ値高騰 キハダマグロは7月比2.5倍、830円→2115円に5:34#鮮魚,https://www.okinawatimes.co.jp/articles/-/1917552,https://www.okinawatimes.co.jp/,ok,,
2026-09-05,2026-09-05T07:35:11.396174+09:00,地方紙,沖縄,沖縄タイムス,台風24号が「Uターン」、久米島に向かって南下 沖縄周辺で迷走続く 船舶54便が欠航21:35#台風,https://www.okinawatimes.co.jp/articles/-/1917361,https://www.okinawatimes.co.jp/,ok,,
2026-09-05,2026-09-05T07:35:11.396174+09:00,地方紙,沖縄,沖縄タイムス,[大弦小弦]3:57有料#大弦小弦,https://www.okinawatimes.co.jp/articles/-/1917554,https://www.okinawatimes.co.jp/,ok,,
2026-09-05,2026-09-05T07:35:11.396174+09:00,地方紙,沖縄,沖縄タイムス,「古酒(くーす)の日」に乾杯! 那覇市のホテルに泡盛ファン400人 芳醇な香りを堪能21:05#泡盛,https://www.okinawatimes.co.jp/articles/-/1917347,https://www.okinawatimes.co.jp/,ok,,
2026-09-05,2026-09-05T07:35:11.396174+09:00,地方紙,沖縄,沖縄タイムス,【沖縄県議補選】与野党一騎打ち構図 うるま市区は3氏、島尻・南城市区は2氏が立候補6:30有料#沖縄県議補選,https://www.okinawatimes.co.jp/articles/-/1917502,https://www.okinawatimes.co.jp/,ok,,
2026-09-05,2026-09-05T07:35:11.396174+09:00,地方紙,沖縄,沖縄タイムス,最賃 県経済へ影響は 63円増の1086円 県審議会委員の労使に聞く4:00有料#経済,https://www.okinawatimes.co.jp/articles/-/1917470,https://www.okinawatimes.co.jp/,ok,,
2026-09-05,2026-09-05T07:35:11.396174+09:00,地方紙,沖縄,沖縄タイムス,名護の親子 魚さばき挑戦 体験講座 シェフ大島さん プロの技伝授 刺し身に仕立て舌鼓4:00有料#地域,https://www.okinawatimes.co.jp/articles/-/1917427,https://www.okinawatimes.co.jp/,ok,,
2026-09-05,2026-09-05T07:35:11.396174+09:00,地方紙,沖縄,沖縄タイムス,[地方議会の現在地 2026統一地方選](4) 政策作りへの立場ぜい弱 島袋琉大教授が指摘 議員の役割 構造的課題4:00有料#地域,https://www.okinawatimes.co.jp/articles/-/1917436,https://www.okinawatimes.co.jp/,ok,,
2026-09-05,2026-09-05T07:35:11.396174+09:00,地方紙,沖縄,沖縄タイムス,[パ・リーグ][プロ野球]タカ 7回猛攻一挙5点4:00有料#スポーツ,https://www.okinawatimes.co.jp/articles/-/1917526,https://www.okinawatimes.co.jp/,ok,,
2026-09-05,2026-09-05T07:35:11.396174+09:00,地方紙,沖縄,沖縄タイムス,阪口・大越組 全国準V テニスジュニア選手権4:00有料#スポーツ,https://www.okinawatimes.co.jp/articles/-/1917568,https://www.okinawatimes.co.jp/,ok,,
2026-09-05,2026-09-05T07:35:11.396174+09:00,地方紙,沖縄,沖縄タイムス,ネパール 不明2人救助 土石流10日目 水力発電所トンネル 作業員多数が生存か4:00有料#国際,https://www.okinawatimes.co.jp/articles/-/1917512,https://www.okinawatimes.co.jp/,ok,,
2026-09-05,2026-09-05T07:35:11.396174+09:00,地方紙,沖縄,沖縄タイムス,インドネシアで大規模噴火 日本への影響調査7:21#全国の社会,https://www.okinawatimes.co.jp/articles/-/1917628,https://www.okinawatimes.co.jp/,ok,,
2026-09-05,2026-09-05T07:35:11.396174+09:00,地方紙,沖縄,沖縄タイムス,NY円、156円台前半 米雇用統計で一時円安進行7:16#全国の経済,https://www.okinawatimes.co.jp/articles/-/1917615,https://www.okinawatimes.co.jp/,ok,,
2026-09-05,2026-09-05T07:35:11.396174+09:00,地方紙,沖縄,沖縄タイムス,為替相場 5日(日本時間 7時)7:00#為替,https://www.okinawatimes.co.jp/articles/-/1917586,https://www.okinawatimes.co.jp/,ok,,
2026-09-05,2026-09-05T07:35:11.396174+09:00,地方紙,沖縄,沖縄タイムス,波名城翔 さんがコメント(9月4日 9:41),https://www.okinawatimes.co.jp/articles/-/1914958,https://www.okinawatimes.co.jp/,ok,,
2026-09-05,2026-09-05T07:35:11.396174+09:00,地方紙,沖縄,沖縄タイムス,波名城翔 さんがコメント(9月4日 9:22),https://www.okinawatimes.co.jp/articles/-/1916642,https://www.okinawatimes.co.jp/,ok,,
2026-09-05,2026-09-05T07:35:11.396174+09:00,全国紙,全国,東京新聞,高市首相の一日 9月4日(金),https://www.tokyo-np.co.jp/article/513534,https://news.ceek.jp/search.cgi?category_id=politics&feed=1,ok,,政治
2026-09-05,2026-09-05T07:35:11.396174+09:00,その他メディア,,時事通信,参院の英語表記、今夏変更 占領期に翻訳、誤解回避で,https://www.jiji.com/jc/article?k=2026090400796&g=pol,https://news.ceek.jp/search.cgi?category_id=politics&feed=1,ok,,政治
2026-09-05,2026-09-05T07:35:11.396174+09:00,その他メディア,,JBpress,「墓を訪ねる」米国と「墓を守る」日本、墓じまいを生むイエの継承責任という独特の構造【現代死生考】米デューク大のアン・アリソン教授と僧侶が語る、日米で異なる墓参りと死者との関係の結び方,https://jbpress.ismedia.jp/articles/-/96823,https://news.ceek.jp/search.cgi?category_id=politics&feed=1,ok,,政治
2026-09-05,2026-09-05T07:35:11.396174+09:00,その他メディア,,JBpress,変革の意志を打ち出した防衛省、概算要求で占う「安保3文書」の行方敵基地攻撃能力に関する踏み込んだ表現は盛り込まれるか?,https://jbpress.ismedia.jp/articles/-/96828,https://news.ceek.jp/search.cgi?category_id=politics&feed=1,ok,,政治
2026-09-05,2026-09-05T07:35:11.396174+09:00,その他メディア,,JBpress,戦前の「不敬罪」が復活? 皇族への誹謗中傷を厳罰化する動きと表現の自由の境界【やさしく解説】不敬罪,https://jbpress.ismedia.jp/articles/-/96829,https://news.ceek.jp/search.cgi?category_id=politics&feed=1,ok,,政治
2026-09-05,2026-09-05T07:35:11.396174+09:00,その他メディア,,現代ビジネス,国民民主・玉木雄一郎が若手議員にブチギレ?代表選で見せた「惨めなマウント」に党内から呆れ声,https://gendai.media/articles/-/170572,https://news.ceek.jp/search.cgi?category_id=politics&feed=1,ok,,政治
2026-09-05,2026-09-05T07:35:11.396174+09:00,その他メディア,,JBpress,「ヤバい」「ウザい」で深まる子どもの生きづらさ、所得格差以上に〈ことばの力〉を左右する「親の意識格差」【著者が語る】『「ことばで伝える」ができない子どもたち』の石井光太氏が語る、子どもの言葉の貧困,https://jbpress.ismedia.jp/articles/-/96825,https://news.ceek.jp/search.cgi?category_id=politics&feed=1,ok,,政治
2026-09-05,2026-09-05T07:35:11.396174+09:00,その他メディア,,JBpress,【原油ウォッチ】ホルムズ海峡の主導権は米国が奪還?イランとの軍事衝突が再び激化、戦闘終結の見通しは...,https://jbpress.ismedia.jp/articles/-/96856,https://news.ceek.jp/search.cgi?category_id=politics&feed=1,ok,,政治
2026-09-05,2026-09-05T07:35:11.396174+09:00,その他メディア,,JBpress,線状降水帯の「半日前予測」、的中率14%でも意味はある?それでも気象庁が予測を続ける大切な理由とは【やさしく解説】線状降水帯の半日前予測,https://jbpress.ismedia.jp/articles/-/96868,https://news.ceek.jp/search.cgi?category_id=politics&feed=1,ok,,政治
2026-09-05,2026-09-05T07:35:11.396174+09:00,その他メディア,,WEDGE Infinity,下水道、橋、道路...インフラ老朽化対策の鍵!今こそビッグデータを生かす時、「荒廃する日本」を防げ~大阪大学教授・貝戸清之氏に聞く~,https://wedge.ismedia.jp/articles/-/41013,https://news.ceek.jp/search.cgi?category_id=politics&feed=1,ok,,政治
2026-09-05,2026-09-05T07:35:11.396174+09:00,全国紙,全国,読売新聞,国連の防災会議 仙台で来年10月...閣僚級 震災教訓を共有,https://www.yomiuri.co.jp/politics/20260905-GYT1T00011/,https://news.ceek.jp/search.cgi?category_id=politics&feed=1,ok,,政治
2026-09-05,2026-09-05T07:35:11.396174+09:00,全国紙,全国,読売新聞,米のICC所長制裁 非難...中谷前防衛相 政府に対応求める,https://www.yomiuri.co.jp/politics/20260905-GYT1T00012/,https://news.ceek.jp/search.cgi?category_id=politics&feed=1,ok,,政治
2026-09-05,2026-09-05T07:35:11.396174+09:00,全国紙,全国,読売新聞,中道の分裂形式 焦点 「分割」と「分派」 政党交付金に影響,https://www.yomiuri.co.jp/politics/20260905-GYT1T00013/,https://news.ceek.jp/search.cgi?category_id=politics&feed=1,ok,,政治
2026-09-05,2026-09-05T07:35:11.396174+09:00,全国紙,全国,読売新聞,維新入閣者 調整急ぐ...候補に馬場、藤田、中司氏ら ポスト 総務相など希望,https://www.yomiuri.co.jp/politics/20260905-GYT1T00017/,https://news.ceek.jp/search.cgi?category_id=politics&feed=1,ok,,政治
2026-09-05,2026-09-05T07:35:11.396174+09:00,全国紙,全国,読売新聞,年金「第3号」縮小へ調査 30年制度改正で反映...検討会初会合,https://www.yomiuri.co.jp/politics/20260905-GYT1T00052/,https://news.ceek.jp/search.cgi?category_id=politics&feed=1,ok,,政治
2026-09-05,2026-09-05T07:35:11.396174+09:00,全国紙,全国,読売新聞,高市首相の一日(4日),https://www.yomiuri.co.jp/politics/20260905-GYT1T00056/,https://news.ceek.jp/search.cgi?category_id=politics&feed=1,ok,,政治
2026-09-05,2026-09-05T07:35:11.396174+09:00,全国紙,全国,産経新聞,高市日誌4日(金),https://www.sankei.com/article/20260905-3HDKTWRA5ZOEDH6FZTFDM4NYYQ/,https://news.ceek.jp/search.cgi?category_id=politics&feed=1,ok,,政治
2026-09-05,2026-09-05T07:35:11.396174+09:00,全国紙,全国,読売新聞,茂木外相留任へ、片山財務相も有力...トランプ政権との外交の継続性・円安への対応重視,https://www.yomiuri.co.jp/politics/20260904-GYT1T00287/,https://news.ceek.jp/search.cgi?category_id=politics&feed=1,ok,,政治
2026-09-05,2026-09-05T07:35:11.396174+09:00,その他メディア,,フジテレビ,年金3号縮小へ見直し議論開始 「将来的な制度廃止に向けた議論期待」の一方で「病気等で働けない人に配慮必要」の声も,https://www.fnn.jp/articles/-/1108358,https://news.ceek.jp/search.cgi?category_id=politics&feed=1,ok,,政治
2026-09-05,2026-09-05T07:35:11.396174+09:00,全国紙,全国,毎日新聞,首相日々 4日,https://mainichi.jp/articles/20260905/ddm/012/010/114000c,https://news.ceek.jp/search.cgi?category_id=politics&feed=1,ok,,政治
2026-09-05,2026-09-05T07:35:11.396174+09:00,その他メディア,,フジテレビ,"茂木外務大臣続投検討 小泉防衛大臣の続投も有力 高市内閣“小幅改造""か",https://www.fnn.jp/articles/-/1108351,https://news.ceek.jp/search.cgi?category_id=politics&feed=1,ok,,政治
2026-09-05,2026-09-05T07:35:11.396174+09:00,その他メディア,,Abema TIMES,"麻生氏留任など“骨格維持""へ...内閣改造・党人事 今月中旬にも 高市総理の狙いは?",https://times.abema.tv/articles/-/10271265?page=1,https://news.ceek.jp/search.cgi?category_id=politics&feed=1,ok,,政治
2026-09-05,2026-09-05T07:35:11.396174+09:00,その他メディア,,テレビ朝日,"麻生氏留任など“骨格維持""へ...内閣改造・党人事 今月中旬にも 高市総理の狙いは?",https://news.tv-asahi.co.jp/news_politics/articles/900198920.html,https://news.ceek.jp/search.cgi?category_id=politics&feed=1,ok,,政治
2026-09-05,2026-09-05T07:35:11.396174+09:00,全国紙,全国,産経新聞,中国の食用ガエルに基準値5倍の抗生物質 学校や飲食店に出荷、常態化か 当局が調査,https://www.sankei.com/article/20260904-O3WHPIHQGROAZAIV3IDHJ6S2R4/,https://news.ceek.jp/search.cgi?category_id=politics&feed=1,ok,,政治
2026-09-05,2026-09-05T07:35:11.396174+09:00,全国紙,全国,日本経済新聞,4日の高市首相の動静,https://www.nikkei.com/article/DGXZQOUA044PU0U6A900C2000000/,https://news.ceek.jp/search.cgi?category_id=politics&feed=1,ok,,政治
2026-09-05,2026-09-05T07:35:11.396174+09:00,全国紙,全国,産経新聞,中国、土石流災害による死者が31人に 行方不明は531人 被害甚大地域への道開通,https://www.sankei.com/article/20260904-GT5PK5RUBZJG7GWOAT2NG6F7O4/,https://news.ceek.jp/search.cgi?category_id=politics&feed=1,ok,,政治
2026-09-05,2026-09-05T07:35:11.396174+09:00,その他メディア,,フジテレビ,"新潟市・中原八一市長 “3選出馬""へ決意表明「課題進めることが私に課された責任」 “西堀ローサ""利活用は今年度中に方針示す考え",https://www.fnn.jp/articles/-/1108317,https://news.ceek.jp/search.cgi?category_id=politics&feed=1,ok,,政治
2026-09-05,2026-09-05T07:35:11.396174+09:00,全国紙,全国,毎日新聞,中露「裏庭」にくさび 外相歴訪「口だけじゃない」日本アピール,https://mainichi.jp/articles/20260904/k00/00m/030/278000c,https://news.ceek.jp/search.cgi?category_id=politics&feed=1,ok,,政治
2026-09-05,2026-09-05T07:35:11.396174+09:00,全国紙,全国,毎日新聞,茂木敏充外相の留任有力 豊富な経験、政権安定化を図る思惑か,https://mainichi.jp/articles/20260904/k00/00m/010/371000c,https://news.ceek.jp/search.cgi?category_id=politics&feed=1,ok,,政治
2026-09-05,2026-09-05T07:35:11.396174+09:00,全国紙,全国,朝日新聞,出張で甲子園観戦の県幹部処分、知事は「手続き不備」の説明繰り返す,https://www.asahi.com/articles/ASV9435RLV94UJUB005M.html,https://news.ceek.jp/search.cgi?category_id=politics&feed=1,ok,,政治
2026-09-05,2026-09-05T07:35:11.396174+09:00,全国紙,全国,東京新聞,公用車運転手へも「深くおわび」 山中竹春・横浜市長がパワハラ問題でコメント発表,https://www.tokyo-np.co.jp/article/513465,https://news.ceek.jp/search.cgi?category_id=politics&feed=1,ok,,政治
2026-09-05,2026-09-05T07:35:11.396174+09:00,その他メディア,,デイリースポーツ,公明幹部「必要なら与党と接点」,https://www.daily.co.jp/society/politics/2026/09/04/0020783586.shtml,https://news.ceek.jp/search.cgi?category_id=politics&feed=1,ok,,政治
2026-09-05,2026-09-05T07:35:11.396174+09:00,その他メディア,,共同通信,公明幹部「必要なら与党と接点」 合流断念、関係改善目的は否定,https://www.47news.jp/14893363.html,https://news.ceek.jp/search.cgi?category_id=politics&feed=1,ok,,政治
2026-09-05,2026-09-05T07:35:11.396174+09:00,その他メディア,,共同通信,茂木外相、続投有力 首相、外交の継続性重視,https://www.47news.jp/14893360.html,https://news.ceek.jp/search.cgi?category_id=politics&feed=1,ok,,政治
2026-09-05,2026-09-05T07:35:11.396174+09:00,その他メディア,,デイリースポーツ,茂木外相、続投有力,https://www.daily.co.jp/society/politics/2026/09/04/0020783575.shtml,https://news.ceek.jp/search.cgi?category_id=politics&feed=1,ok,,政治
2026-09-05,2026-09-05T07:35:11.396174+09:00,全国紙,全国,毎日新聞,年金3号見直し、対象者の実態調査へ 有識者会議初会合 厚労省,https://mainichi.jp/articles/20260904/k00/00m/010/354000c,https://news.ceek.jp/search.cgi?category_id=politics&feed=1,ok,,政治
2026-09-05,2026-09-05T07:35:11.396174+09:00,その他メディア,,フジテレビ,浜田知事「お付き合いの仕方考えないと」 消防広域化計画から離脱の須崎市に不快感示す【高知】,https://www.fnn.jp/articles/-/1108286,https://news.ceek.jp/search.cgi?category_id=politics&feed=1,ok,,政治
2026-09-05,2026-09-05T07:35:11.396174+09:00,その他メディア,,共同通信,年金「第3号」縮小へ検討着手 子育て・介護、配慮焦点,https://www.47news.jp/14893057.html,https://news.ceek.jp/search.cgi?category_id=politics&feed=1,ok,,政治
2026-09-05,2026-09-05T07:35:11.396174+09:00,全国紙,全国,読売新聞,小泉防衛相、ソウルで開かれる韓国国防省主催の国際会議出席を見送る方針...関係者「総合的に判断」,https://www.yomiuri.co.jp/politics/20260904-GYT1T00199/,https://news.ceek.jp/search.cgi?category_id=politics&feed=1,ok,,政治
2026-09-05,2026-09-05T07:35:11.396174+09:00,全国紙,全国,東京新聞,「今は緊急事態」と党分裂の中道・小川淳也代表、立憲民主系議員に結束呼びかけ 「新たな形態」週明け結論,https://www.tokyo-np.co.jp/article/513451,https://news.ceek.jp/search.cgi?category_id=politics&feed=1,ok,,政治
2026-09-05,2026-09-05T07:35:11.396174+09:00,その他メディア,,共同通信,【速報】内閣改造、茂木外相の続投有力,https://www.47news.jp/14893019.html,https://news.ceek.jp/search.cgi?category_id=politics&feed=1,ok,,政治
2026-09-05,2026-09-05T07:35:11.396174+09:00,全国紙,全国,日本経済新聞,内閣改造、対米関係安定を重視 円安・ICC・米軍経費で対日圧力,https://www.nikkei.com/article/DGXZQOUA041XE0U6A900C2000000/,https://news.ceek.jp/search.cgi?category_id=politics&feed=1,ok,,政治
2026-09-05,2026-09-05T07:35:11.396174+09:00,全国紙,全国,日本経済新聞,加藤勝信前財務相、消費税減税「実現に責任」 公約踏まえ,https://www.nikkei.com/article/DGXZQOUA049TC0U6A900C2000000/,https://news.ceek.jp/search.cgi?category_id=politics&feed=1,ok,,政治
2026-09-05,2026-09-05T07:35:11.396174+09:00,その他メディア,,デイリースポーツ,消費減税「実現する責任がある」,https://www.daily.co.jp/society/politics/2026/09/04/0020783383.shtml,https://news.ceek.jp/search.cgi?category_id=politics&feed=1,ok,,政治
2026-09-05,2026-09-05T07:35:11.396174+09:00,全国紙,全国,日本経済新聞,高市首相「政策が真に効果的か見る」 概算要求とりまとめでX投稿,https://www.nikkei.com/article/DGXZQOUA049NE0U6A900C2000000/,https://news.ceek.jp/search.cgi?category_id=politics&feed=1,ok,,政治
2026-09-05,2026-09-05T07:35:11.396174+09:00,その他メディア,,共同通信,消費減税「実現する責任がある」 加藤前財務相、公約踏まえ,https://www.47news.jp/14892961.html,https://news.ceek.jp/search.cgi?category_id=politics&feed=1,ok,,政治
2026-09-05,2026-09-05T07:35:11.396174+09:00,その他メディア,,テレビ朝日,自衛隊のホルムズ海峡派遣「決まっていない」 木原官房長官,https://news.tv-asahi.co.jp/news_politics/articles/000531124.html,https://news.ceek.jp/search.cgi?category_id=politics&feed=1,ok,,政治
2026-09-05,2026-09-05T07:35:11.396174+09:00,全国紙,全国,毎日新聞,中道・小川代表、国民民主などとの連携「いずれ求められる」,https://mainichi.jp/articles/20260904/k00/00m/010/323000c,https://news.ceek.jp/search.cgi?category_id=politics&feed=1,ok,,政治
2026-09-05,2026-09-05T07:35:11.396174+09:00,全国紙,全国,日本経済新聞,小野田経済安保相が文春記事否定 公選法違反疑い報道,https://www.nikkei.com/article/DGXZQOUA049H60U6A900C2000000/,https://news.ceek.jp/search.cgi?category_id=politics&feed=1,ok,,政治
2026-09-05,2026-09-05T07:35:11.396174+09:00,その他メディア,,フジテレビ,"「一定の成果」松山市の野志市長5期目不出馬を表明 中村知事は短くコメント 関係最後まで“溝""【愛媛】",https://www.fnn.jp/articles/-/1108000,https://news.ceek.jp/search.cgi?category_id=politics&feed=1,ok,,政治
2026-09-05,2026-09-05T07:35:11.396174+09:00,その他メディア,,フジテレビ,「もったいない」「実行力ない」松山市の野志市長が5期目不出馬を表明 市民の受け止めに賛否【愛媛】,https://www.fnn.jp/articles/-/1108006,https://news.ceek.jp/search.cgi?category_id=politics&feed=1,ok,,政治
2026-09-05,2026-09-05T07:35:11.396174+09:00,その他メディア,,フジテレビ,相続で...同一氏名の別人の戸籍謄本を誤って渡す 内子町の窓口でミス 原因は職員の確認不足【愛媛】,https://www.fnn.jp/articles/-/1107854,https://news.ceek.jp/search.cgi?category_id=politics&feed=1,ok,,政治
2026-09-05,2026-09-05T07:35:11.396174+09:00,その他メディア,,フジテレビ,島根県9月補正予算案は総額196億円 物価高騰対策のほか「耐震リフォーム」補助拡充へ,https://www.fnn.jp/articles/-/1108144,https://news.ceek.jp/search.cgi?category_id=politics&feed=1,ok,,政治
2026-09-05,2026-09-05T07:35:11.396174+09:00,その他メディア,,フジテレビ,立憲の会派を泉房穂参院議員が退会 ひろゆき氏との地域政党を7月に設立 元明石市長×「2ちゃんねる」創設者,https://www.fnn.jp/articles/-/1108064,https://news.ceek.jp/search.cgi?category_id=politics&feed=1,ok,,政治
2026-09-05,2026-09-05T07:35:11.396174+09:00,全国紙,全国,読売新聞,高市首相「真に効果的か見ていく」とX投稿...予算編成で強い経済構築と財政の持続可能性両立へ意気込み,https://www.yomiuri.co.jp/politics/20260904-GYT1T00177/,https://news.ceek.jp/search.cgi?category_id=politics&feed=1,ok,,政治
2026-09-05,2026-09-05T07:35:11.396174+09:00,その他メディア,,共同通信,【速報】自民の加藤前財務相、消費減税の必要性訴え,https://www.47news.jp/14892821.html,https://news.ceek.jp/search.cgi?category_id=politics&feed=1,ok,,政治
2026-09-05,2026-09-05T07:35:11.396174+09:00,その他メディア,,テレビ朝日,過去最大の概算要求額 木原官房長官「大きな増加ではない」,https://news.tv-asahi.co.jp/news_politics/articles/000531126.html,https://news.ceek.jp/search.cgi?category_id=politics&feed=1,ok,,政治
2026-09-05,2026-09-05T07:35:11.396174+09:00,その他メディア,,フジテレビ,島根・丸山知事 膀胱がん手術のため入院へ 入院中は県議会欠席 石原副知事が職務代理者に,https://www.fnn.jp/articles/-/1108093,https://news.ceek.jp/search.cgi?category_id=politics&feed=1,ok,,政治
2026-09-05,2026-09-05T07:35:11.396174+09:00,その他メディア,,日本テレビ,"木原官房長官「そこまで大きな増加ではない」 来年度予算の概算要求“過去最大""143兆円超めぐり",https://news.ntv.co.jp/category/politics/8b820a17a64b4c0e9c18fcc539c7ebf0,https://news.ceek.jp/search.cgi?category_id=politics&feed=1,ok,,政治
2026-09-05,2026-09-05T07:35:11.396174+09:00,全国紙,全国,産経新聞,SLBM発射は「防御的な国防政策」主張 中国、太平洋諸島フォーラム共同声明に反発せず,https://www.sankei.com/article/20260904-6EVFQGWJCJO7PIJVFW6W4UYGAE/,https://news.ceek.jp/search.cgi?category_id=politics&feed=1,ok,,政治
2026-09-05,2026-09-05T07:35:11.396174+09:00,その他メディア,,デイリースポーツ,知事同名の平井氏再出馬へ,https://www.daily.co.jp/society/politics/2026/09/04/0020783008.shtml,https://news.ceek.jp/search.cgi?category_id=politics&feed=1,ok,,政治
2026-09-05,2026-09-05T07:35:11.396174+09:00,全国紙,全国,日本経済新聞,泉房穂氏が参院・立民会派を退会 統一選見据え,https://www.nikkei.com/article/DGXZQOUA048SG0U6A900C2000000/,https://news.ceek.jp/search.cgi?category_id=politics&feed=1,ok,,政治
2026-09-05,2026-09-05T07:35:11.396174+09:00,その他メディア,,Abema TIMES,木原官房長官「片山大臣は踏み込んだ発言した」 記者「責任ある積極財政の継続はアメリカの要求を跳ねのけることになる」 ベッセント財務長官の発言めぐり議論,https://times.abema.tv/articles/-/10271192?page=1,https://news.ceek.jp/search.cgi?category_id=politics&feed=1,ok,,政治
2026-09-05,2026-09-05T07:35:11.396174+09:00,全国紙,全国,朝日新聞,国民民主代表選、7878人に投票用紙届かず 「正当性が問われる」,https://www.asahi.com/articles/ASV942VCJV94UTFK011M.html,https://news.ceek.jp/search.cgi?category_id=politics&feed=1,ok,,政治
2026-09-05,2026-09-05T07:35:11.396174+09:00,全国紙,全国,毎日新聞,国交省、造船業再生へ2131億円拠出 計8社認定、設備投資支援,https://mainichi.jp/articles/20260904/k00/00m/010/279000c,https://news.ceek.jp/search.cgi?category_id=politics&feed=1,ok,,政治
2026-09-05,2026-09-05T07:35:11.396174+09:00,その他メディア,,フジテレビ,"“福岡県議に公認を出せない""通告に若手県議は 「疑惑も二度と起こさない仕組みは絶対必要」 県連トップ「もどかしい」【福岡県議会問題3選】",https://www.fnn.jp/articles/-/1108048,https://news.ceek.jp/search.cgi?category_id=politics&feed=1,ok,,政治
2026-09-05,2026-09-05T07:35:11.396174+09:00,その他メディア,,共同通信,【速報】厚労省の労働経済白書案、概要判明,https://www.47news.jp/14892528.html,https://news.ceek.jp/search.cgi?category_id=politics&feed=1,ok,,政治
2026-09-05,2026-09-05T07:35:11.396174+09:00,その他メディア,,共同通信,小野田経済安保相が文春記事否定 公選法違反疑い報道,https://www.47news.jp/14892513.html,https://news.ceek.jp/search.cgi?category_id=politics&feed=1,ok,,政治
2026-09-05,2026-09-05T07:35:11.396174+09:00,その他メディア,,デイリースポーツ,小野田経済安保相が文春記事否定,https://www.daily.co.jp/society/politics/2026/09/04/0020782858.shtml,https://news.ceek.jp/search.cgi?category_id=politics&feed=1,ok,,政治
2026-09-05,2026-09-05T07:35:11.396174+09:00,全国紙,全国,読売新聞,小泉防衛相、自衛隊の外国人採用は「考えていない」...笹川平和財団が人口減少を踏まえ検討求める提言,https://www.yomiuri.co.jp/politics/20260904-GYT1T00166/,https://news.ceek.jp/search.cgi?category_id=politics&feed=1,ok,,政治
2026-09-05,2026-09-05T07:35:11.396174+09:00,その他メディア,,テレビ朝日,中道・小川代表 立憲出身者は「まとまって行動を」,https://news.tv-asahi.co.jp/news_politics/articles/000531129.html,https://news.ceek.jp/search.cgi?category_id=politics&feed=1,ok,,政治
2026-09-05,2026-09-05T07:35:11.396174+09:00,その他メディア,,共同通信,28年参院選へ合区解消を 対象4県知事ら与野党に,https://www.47news.jp/14892344.html,https://news.ceek.jp/search.cgi?category_id=politics&feed=1,ok,,政治
2026-09-05,2026-09-05T07:35:11.396174+09:00,その他メディア,,フジテレビ,広島市議会開会 物価高騰対策含む約101億円の補正予算案を提出 ファミリープール再整備に伴う費用も,https://www.fnn.jp/articles/-/1108039,https://news.ceek.jp/search.cgi?category_id=politics&feed=1,ok,,政治
2026-09-05,2026-09-05T07:35:11.396174+09:00,その他メディア,,フジテレビ,食料品の消費税減税めぐり税制改正大綱の骨子案 農林漁業者への給付金支給を明記へ 自民党,https://www.fnn.jp/articles/-/1108026,https://news.ceek.jp/search.cgi?category_id=politics&feed=1,ok,,政治
2026-09-05,2026-09-05T07:35:11.396174+09:00,全国紙,全国,朝日新聞,【ライブ予告】沖縄県知事選の候補者や争点 13日夜に開票速報,https://www.asahi.com/articles/ASV8V30Q1V8VDIFI00YM.html,https://news.ceek.jp/search.cgi?category_id=politics&feed=1,ok,,政治
2026-09-05,2026-09-05T07:35:11.396174+09:00,その他メディア,,日本テレビ,"片山財務相を続投の方向で調整 “政権の骨格""閣僚続投する見通し 内閣改造と自民党役員人事【中継】",https://news.ntv.co.jp/category/politics/284f9f60bc044395994ff9cc89a16588,https://news.ceek.jp/search.cgi?category_id=politics&feed=1,ok,,政治
2026-09-05,2026-09-05T07:35:11.396174+09:00,全国紙,全国,読売新聞,木原官房長官、最低賃金の引き上げを歓迎「公労使三者の真摯な議論の結果」...賃上げ環境整備を強調,https://www.yomiuri.co.jp/politics/20260904-GYT1T00157/,https://news.ceek.jp/search.cgi?category_id=politics&feed=1,ok,,政治
2026-09-05,2026-09-05T07:35:11.396174+09:00,全国紙,全国,朝日新聞,自衛隊への外国人登用「考えていない」 小泉防衛相、会見で否定,https://www.asahi.com/articles/ASV942PHDV94UTFK007M.html,https://news.ceek.jp/search.cgi?category_id=politics&feed=1,ok,,政治
2026-09-05,2026-09-05T07:35:11.396174+09:00,その他メディア,,フジテレビ,北陸の大雨「激甚災害」に指定へ 高市総理が明らかに 千葉豪雨など一連の気象現象と判断 復旧事業で国の補助率を引き上げへ,https://www.fnn.jp/articles/-/1108003,https://news.ceek.jp/search.cgi?category_id=politics&feed=1,ok,,政治
2026-09-05,2026-09-05T07:35:11.396174+09:00,その他メディア,,デイリースポーツ,28年参院選へ合区解消を,https://www.daily.co.jp/society/politics/2026/09/04/0020782719.shtml,https://news.ceek.jp/search.cgi?category_id=politics&feed=1,ok,,政治
2026-09-05,2026-09-05T07:35:11.396174+09:00,その他メディア,,フジテレビ,わずか3日で「福岡NEXT」→「県政PLUS」へ 市のキャッチフレーズに似てると指摘 「寄せる気持ちではなかった」と釈明 福岡県議会,https://www.fnn.jp/articles/-/1108034,https://news.ceek.jp/search.cgi?category_id=politics&feed=1,ok,,政治
2026-09-05,2026-09-05T07:35:11.396174+09:00,その他メディア,,フジテレビ,「安いのが新米というのがきつい」 不安定なコメ相場に農家から不満と不安の声 政府が備蓄米21万トンを買い戻しへ,https://www.fnn.jp/articles/-/1107925,https://news.ceek.jp/search.cgi?category_id=politics&feed=1,ok,,政治
2026-09-05,2026-09-05T07:35:11.396174+09:00,全国紙,全国,読売新聞,小野田経済安全保障相、選挙事務所巡る文春報道を否定...「選挙活動には利用していない」,https://www.yomiuri.co.jp/politics/20260904-GYT1T00156/,https://news.ceek.jp/search.cgi?category_id=politics&feed=1,ok,,政治
2026-09-05,2026-09-05T07:35:11.396174+09:00,その他メディア,,デイリースポーツ,防災閣僚会議、来年10月に開催,https://www.daily.co.jp/society/politics/2026/09/04/0020782693.shtml,https://news.ceek.jp/search.cgi?category_id=politics&feed=1,ok,,政治
2026-09-05,2026-09-05T07:35:11.396174+09:00,その他メディア,,共同通信,イラン、米に「非対称戦」 防衛省分析、日本に課題,https://www.47news.jp/14892288.html,https://news.ceek.jp/search.cgi?category_id=politics&feed=1,ok,,政治
2026-09-05,2026-09-05T07:35:11.396174+09:00,その他メディア,,共同通信,防災閣僚会議、来年10月に開催 アジア太平洋地域、仙台で,https://www.47news.jp/14892329.html,https://news.ceek.jp/search.cgi?category_id=politics&feed=1,ok,,政治
2026-09-05,2026-09-05T07:35:11.396174+09:00,その他メディア,,デイリースポーツ,イラン、米に「非対称戦」,https://www.daily.co.jp/society/politics/2026/09/04/0020782653.shtml,https://news.ceek.jp/search.cgi?category_id=politics&feed=1,ok,,政治
2026-09-05,2026-09-05T07:35:11.396174+09:00,その他メディア,,デイリースポーツ,NY円、156円台前半,https://www.daily.co.jp/society/economics/2026/09/05/0020784994.shtml,https://news.ceek.jp/search.cgi?category_id=business&feed=1,ok,,経済
2026-09-05,2026-09-05T07:35:11.396174+09:00,その他メディア,,週刊エコノミスト,インドIT人材、知っている日本企業のトップはソニーーーインド工科系大学アンケート,https://weekly-economist.mainichi.jp/articles/20260903/se1/00m/020/003000d,https://news.ceek.jp/search.cgi?category_id=business&feed=1,ok,,経済
2026-09-05,2026-09-05T07:35:11.396174+09:00,全国紙,全国,朝日新聞,まるでかつおだし、でもビーガン向け 風味に込めた老舗の「本気」,https://www.asahi.com/articles/ASV800SZFV80PLFA004M.html,https://news.ceek.jp/search.cgi?category_id=business&feed=1,ok,,経済
2026-09-05,2026-09-05T07:35:11.396174+09:00,その他メディア,,フジテレビ,「かわいい!」と好評 1人乗りEV、銀行や市役所でも導入広がる 近距離の訪問業務などに活用【広島発】,https://www.fnn.jp/articles/-/1102503,https://news.ceek.jp/search.cgi?category_id=business&feed=1,ok,,経済
2026-09-05,2026-09-05T07:35:11.396174+09:00,その他メディア,,週刊プレイボーイ,激変!フードデリバリー「シン戦国時代」の現在地。なぜ大企業が撤退して新興勢力が台頭しているのか!?,https://wpb.shueisha.co.jp/news/economy/20260905-132714/,https://news.ceek.jp/search.cgi?category_id=business&feed=1,ok,,経済
2026-09-05,2026-09-05T07:35:11.396174+09:00,その他メディア,,Forbes JAPAN,ルルレモン株が18%急落、通期見通しを再び下方修正,https://forbesjapan.com/articles/detail/104145,https://news.ceek.jp/search.cgi?category_id=business&feed=1,ok,,経済
2026-09-05,2026-09-05T07:35:11.396174+09:00,その他メディア,,東京商工リサーチ,泥臭い再生支援と粉飾決算、銀行員の「違和感」~ 「実務家座談会」を開催(後編)~,https://www.tsr-net.co.jp/data/detail/1203195_1527.html,https://news.ceek.jp/search.cgi?category_id=business&feed=1,ok,,経済
2026-09-05,2026-09-05T07:35:11.396174+09:00,その他メディア,,Forbes JAPAN,ルルレモン株が18%急落、通期見通しを再び下方修正,https://forbesjapan.com/articles/detail/104101,https://news.ceek.jp/search.cgi?category_id=business&feed=1,ok,,経済
2026-09-05,2026-09-05T07:35:11.396174+09:00,その他メディア,,東京商工リサーチ,再生支援とファイナンス、金融機関が徹底討論! ~ 「実務家座談会」を開催(前編)~,https://www.tsr-net.co.jp/data/detail/1203194_1527.html,https://news.ceek.jp/search.cgi?category_id=business&feed=1,ok,,経済
2026-09-05,2026-09-05T07:35:11.396174+09:00,その他メディア,,デイリースポーツ,ドイツの情報サイトを乗っ取りか,https://www.daily.co.jp/society/economics/2026/09/05/0020784972.shtml,https://news.ceek.jp/search.cgi?category_id=business&feed=1,ok,,経済
2026-09-05,2026-09-05T07:35:11.396174+09:00,その他メディア,,東洋経済オンライン,会社四季報「秋号」超先取りランキング2四季報強気予想200、慎重な会社計画を見抜いて独自に増額 | ビジネス,https://toyokeizai.net/articles/-/956731,https://news.ceek.jp/search.cgi?category_id=business&feed=1,ok,,経済
2026-09-05,2026-09-05T07:35:11.396174+09:00,その他メディア,,共同通信,為替相場 5日(日本時間 6時),https://www.47news.jp/14894024.html,https://news.ceek.jp/search.cgi?category_id=business&feed=1,ok,,経済
2026-09-05,2026-09-05T07:35:11.396174+09:00,その他メディア,,日刊工業新聞,タンデム型ペロブスカイト電池、カネカが海外展開視野...「住宅など強みを生かせる分野で、米国を中心に展開したい」,https://newswitch.jp/p/50155,https://news.ceek.jp/search.cgi?category_id=business&feed=1,ok,,経済
2026-09-05,2026-09-05T07:35:11.396174+09:00,その他メディア,,日刊工業新聞,蓄電システム、生産能力7倍...GSユアサが新工場,https://newswitch.jp/p/50186,https://news.ceek.jp/search.cgi?category_id=business&feed=1,ok,,経済
2026-09-05,2026-09-05T07:35:11.396174+09:00,その他メディア,,ハーバード・ビジネス・レビュー,不測の事態でも半歩早く動ける自律的な組織をつくる,https://dhbr.diamond.jp/articles/-/14779,https://news.ceek.jp/search.cgi?category_id=business&feed=1,ok,,経済
2026-09-05,2026-09-05T07:35:11.396174+09:00,その他メディア,,JBpress,「推し」と「おたく」はコンテンツ消費をどう変えたか? 中森明夫氏が語る、受容から参画への転換,https://jbpress.ismedia.jp/articles/-/96577,https://news.ceek.jp/search.cgi?category_id=business&feed=1,ok,,経済
2026-09-05,2026-09-05T07:35:11.396174+09:00,その他メディア,,東洋経済オンライン,〈大学ランキング〉「学生納付金比率が高い国立大」全85校、24年度1位は埼玉大38.7%、2位和歌山大36.7%、東大は7.0%で82位 | キャリア・教育,https://toyokeizai.net/articles/-/956395,https://news.ceek.jp/search.cgi?category_id=business&feed=1,ok,,経済
2026-09-05,2026-09-05T07:35:11.396174+09:00,その他メディア,,東洋経済オンライン,会社四季報「秋号」超先取りランキング1前号比上方修正200、サプライズ銘柄を一足早く探し出せ | ビジネス,https://toyokeizai.net/articles/-/956730?display=b,https://news.ceek.jp/search.cgi?category_id=business&feed=1,ok,,経済
2026-09-05,2026-09-05T07:35:11.396174+09:00,その他メディア,,日刊ゲンダイ,年間16万人「だざいふ遊園地」が純利益7102万円を稼ぐワケ 地方遊園地の閉園相次ぐ中、なぜ生き残れた?,https://www.nikkan-gendai.com/articles/view/money/392538,https://news.ceek.jp/search.cgi?category_id=business&feed=1,ok,,経済
2026-09-05,2026-09-05T07:35:11.396174+09:00,その他メディア,,日刊ゲンダイ,"止まらない「人手不足倒産」...8月は過去最多を記録、もはや“ブラック企業""は成り立たない",https://www.nikkan-gendai.com/articles/view/money/392551,https://news.ceek.jp/search.cgi?category_id=business&feed=1,ok,,経済
2026-09-05,2026-09-05T07:35:11.396174+09:00,その他メディア,,日刊ゲンダイ,明治安田生命「円建て一時払い養老保険」のお得度は? 期間10年で利率3.45%、30年ぶりの水準に引き上げ,https://www.nikkan-gendai.com/articles/view/money/392572,https://news.ceek.jp/search.cgi?category_id=business&feed=1,ok,,経済
2026-09-05,2026-09-05T07:35:11.396174+09:00,その他メディア,,日刊ゲンダイ,サブカルの聖地=東京・中野北口で相次ぐ再開発 開業60年ブロードウェイ、築53年サンプラザ...関係者に聞いた2大ビルの今後,https://www.nikkan-gendai.com/articles/view/money/390995,https://news.ceek.jp/search.cgi?category_id=business&feed=1,ok,,経済
2026-09-05,2026-09-05T07:35:11.396174+09:00,その他メディア,,日刊ゲンダイ,ファマリーマート「服装・髪型」の新ルールは変化の象徴 衣料品ブランド伸張で業績好調,https://www.nikkan-gendai.com/articles/view/money/392573,https://news.ceek.jp/search.cgi?category_id=business&feed=1,ok,,経済
2026-09-05,2026-09-05T07:35:11.396174+09:00,その他メディア,,日刊ゲンダイ,"ナフサ不足「6月に詰む」発言翌日、勝手に「事実誤認」と断定...高市政権“安心演出""の欺瞞",https://www.nikkan-gendai.com/articles/view/money/392576,https://news.ceek.jp/search.cgi?category_id=business&feed=1,ok,,経済
2026-09-05,2026-09-05T07:35:11.396174+09:00,全国紙,全国,日本経済新聞,NYダウ、反落し271ドル安 雇用統計受け米利上げ観測高まる,https://www.nikkei.com/article/DGXZQOFL050090V00C26A9000000/,https://news.ceek.jp/search.cgi?category_id=business&feed=1,ok,,経済
2026-09-05,2026-09-05T07:35:11.396174+09:00,その他メディア,,テレビ朝日,ニデック 品質不正めぐる調査報告書公表 850件の不適切行為判明,https://news.tv-asahi.co.jp/news_economy/articles/000531208.html,https://news.ceek.jp/search.cgi?category_id=business&feed=1,ok,,経済
2026-09-05,2026-09-05T07:35:11.396174+09:00,全国紙,全国,読売新聞,NYダウ終値が3日ぶり値下がり、271ドル安の5万3414ドル,https://www.yomiuri.co.jp/economy/20260905-GYT1T00067/,https://news.ceek.jp/search.cgi?category_id=business&feed=1,ok,,経済
2026-09-05,2026-09-05T07:35:11.396174+09:00,その他メディア,,デイリースポーツ,NY株反落、271ドル安,https://www.daily.co.jp/society/economics/2026/09/05/0020784940.shtml,https://news.ceek.jp/search.cgi?category_id=business&feed=1,ok,,経済
2026-09-05,2026-09-05T07:35:11.396174+09:00,全国紙,全国,産経新聞,「安定的な生産支援したい」カキ養殖現場を斎藤知事が視察 兵庫・相生湾,https://www.sankei.com/article/20260905-EIW4I33B75LYTHAJ4FRNTKRZCY/,https://news.ceek.jp/search.cgi?category_id=business&feed=1,ok,,経済
2026-09-05,2026-09-05T07:35:11.396174+09:00,全国紙,全国,産経新聞,日本酒の出来確かめる「呑み切り」姫路で 3蔵の73点を国税鑑定官がチェック,https://www.sankei.com/article/20260905-PMOZS4EI4FJQREVOEEXHSQVKBI/,https://news.ceek.jp/search.cgi?category_id=business&feed=1,ok,,経済
2026-09-05,2026-09-05T07:35:11.396174+09:00,その他メディア,,東洋経済オンライン,51歳のアップル新CEO「ジョン・ターナス」を待つ難題 オープンAIに人材流出、革新的製品を生み出せるか | 政治・経済・投資,https://toyokeizai.net/articles/-/956906,https://news.ceek.jp/search.cgi?category_id=business&feed=1,ok,,経済
2026-09-05,2026-09-05T07:35:11.396174+09:00,その他メディア,,共同通信,NY原油続伸、終値91ドル台 中東の供給不安で買い優勢,https://www.47news.jp/14894087.html,https://news.ceek.jp/search.cgi?category_id=business&feed=1,ok,,経済
2026-09-05,2026-09-05T07:35:11.396174+09:00,その他メディア,,東洋経済オンライン,"「国策に売りなし」で狙う主力20銘柄、秋以降に到来する国策相場""第2波""の中心銘柄はこれだ! | ビジネス",https://toyokeizai.net/articles/-/956738,https://news.ceek.jp/search.cgi?category_id=business&feed=1,ok,,経済
2026-09-05,2026-09-05T07:35:11.396174+09:00,その他メディア,,共同通信,【速報】NY株反落、271ドル安,https://www.47news.jp/14894178.html,https://news.ceek.jp/search.cgi?category_id=business&feed=1,ok,,経済
2026-09-05,2026-09-05T07:35:11.396174+09:00,その他メディア,,デイリースポーツ,NY原油続伸、終値91ドル台,https://www.daily.co.jp/society/economics/2026/09/05/0020784899.shtml,https://news.ceek.jp/search.cgi?category_id=business&feed=1,ok,,経済
2026-09-05,2026-09-05T07:35:11.396174+09:00,全国紙,全国,日本経済新聞,米国株、ダウ反落 雇用統計受け米利上げ観測高まる,https://www.nikkei.com/article/DGXZQOFL04BCT0U6A900C2000000/,https://news.ceek.jp/search.cgi?category_id=business&feed=1,ok,,経済
2026-09-05,2026-09-05T07:35:11.396174+09:00,その他メディア,,現代ビジネス,「食べログ・Googleで星1」不当な低評価と戦うラーメン店の悲鳴、店主が絶望する「レビュー社会」の理不尽,https://gendai.media/articles/-/170546,https://news.ceek.jp/search.cgi?category_id=business&feed=1,ok,,経済
2026-09-05,2026-09-05T07:35:11.396174+09:00,その他メディア,,現代ビジネス,客を怒らせても「独自のルール」を曲げないラーメン店の本音。店主が明かす「合理的すぎる理由」とは,https://gendai.media/articles/-/170549,https://news.ceek.jp/search.cgi?category_id=business&feed=1,ok,,経済
2026-09-05,2026-09-05T07:35:11.396174+09:00,その他メディア,,現代ビジネス,政令指定都市で唯一、夜に「ごみ収集」を行う福岡市に聞いた意外なメリット...「騒音苦情」はあるが,https://gendai.media/articles/-/170649,https://news.ceek.jp/search.cgi?category_id=business&feed=1,ok,,経済
2026-09-05,2026-09-05T07:35:11.396174+09:00,その他メディア,,現代ビジネス,「朝のごみ出し」がない街...福岡市が全国で唯一行う「夜間収集」が他都市で導入できない理由,https://gendai.media/articles/-/170650,https://news.ceek.jp/search.cgi?category_id=business&feed=1,ok,,経済
2026-09-05,2026-09-05T07:35:11.396174+09:00,全国紙,全国,読売新聞,知財侵害 輸入差し止め最多138万点 上半期、前年の3倍 シール商品激増,https://www.yomiuri.co.jp/economy/20260904-GYT1T00333/,https://news.ceek.jp/search.cgi?category_id=business&feed=1,ok,,経済
2026-09-05,2026-09-05T07:35:11.396174+09:00,全国紙,全国,読売新聞,消費支出8か月連続減 7月家計調査...物価高 節約志向,https://www.yomiuri.co.jp/economy/20260904-GYT1T00334/,https://news.ceek.jp/search.cgi?category_id=business&feed=1,ok,,経済
2026-09-05,2026-09-05T07:35:11.396174+09:00,全国紙,全国,読売新聞,利益至上 現場しわ寄せ ニデック品質不正 調査委「会計不正と同じ問題」,https://www.yomiuri.co.jp/economy/20260904-GYT1T00336/,https://news.ceek.jp/search.cgi?category_id=business&feed=1,ok,,経済
2026-09-05,2026-09-05T07:35:11.396174+09:00,全国紙,全国,読売新聞,VW、人員削減計10万人...5万人追加 グループ車種半減へ,https://www.yomiuri.co.jp/economy/20260905-GYT1T00001/,https://news.ceek.jp/search.cgi?category_id=business&feed=1,ok,,経済
2026-09-05,2026-09-05T07:35:11.396174+09:00,全国紙,全国,読売新聞,長期金利低下 2.900%,https://www.yomiuri.co.jp/economy/20260905-GYT1T00022/,https://news.ceek.jp/search.cgi?category_id=business&feed=1,ok,,経済
2026-09-05,2026-09-05T07:35:11.396174+09:00,全国紙,全国,読売新聞,米雇用16・2万人増 市場予想大きく上回る...8月,https://www.yomiuri.co.jp/economy/20260905-GYT1T00047/,https://news.ceek.jp/search.cgi?category_id=business&feed=1,ok,,経済
2026-09-05,2026-09-05T07:35:11.396174+09:00,全国紙,全国,日本経済新聞,鳥取の夏は白イカ、刺し身に上品な甘み こうこうと日本海にいさり火,https://www.nikkei.com/article/DGXZQOCC3147N0R30C26A8000000/,https://news.ceek.jp/search.cgi?category_id=business&feed=1,ok,,経済
2026-09-05,2026-09-05T07:35:11.396174+09:00,全国紙,全国,日本経済新聞,日銀のタカ派委員、利上げ加速の主張鮮明 残り1年の任期意識か,https://www.nikkei.com/article/DGXZQOUB023VP0S6A900C2000000/,https://news.ceek.jp/search.cgi?category_id=business&feed=1,ok,,経済
2026-09-05,2026-09-05T07:35:11.396174+09:00,全国紙,全国,日本経済新聞,過半数代表者の選出無効に衝撃 高松高裁判決、「労使協定」揺さぶる,https://www.nikkei.com/article/DGXZQOUB121050S6A810C2000000/,https://news.ceek.jp/search.cgi?category_id=business&feed=1,ok,,経済
2026-09-05,2026-09-05T07:35:11.396174+09:00,全国紙,全国,日本経済新聞,ボタンが主役に転身 スマホケースや既製服に彩り、自分らしさを演出,https://www.nikkei.com/article/DGXZQOUC034U90T00C26A9000000/,https://news.ceek.jp/search.cgi?category_id=business&feed=1,ok,,経済
2026-09-05,2026-09-05T07:35:11.396174+09:00,全国紙,全国,日本経済新聞,8月31日〜9月4日 スタートアップ資金調達まとめ読み,https://www.nikkei.com/article/DGXZQOUC046VQ0U6A900C2000000/,https://news.ceek.jp/search.cgi?category_id=business&feed=1,ok,,経済
2026-09-05,2026-09-05T07:35:11.396174+09:00,全国紙,全国,日本経済新聞,出社不問なら働ける 市場分析やロボ接客、障害者のキャリアへ一歩,https://www.nikkei.com/article/DGXZQOUC190YJ0Z11C25A0000000/,https://news.ceek.jp/search.cgi?category_id=business&feed=1,ok,,経済
2026-09-05,2026-09-05T07:35:11.396174+09:00,全国紙,全国,日本経済新聞,住友重機械の人事役員「未知の課題に取り組む挑戦心を重視」,https://www.nikkei.com/article/DGXZQOUC193UC0Z10C26A8000000/,https://news.ceek.jp/search.cgi?category_id=business&feed=1,ok,,経済
2026-09-05,2026-09-05T07:35:11.396174+09:00,全国紙,全国,日本経済新聞,2040年労働力推計、民間1100万人不足も国は「均衡」 AI貢献の青写真,https://www.nikkei.com/article/DGXZQOUD059RA0V00C26A8000000/,https://news.ceek.jp/search.cgi?category_id=business&feed=1,ok,,経済
2026-09-05,2026-09-05T07:35:11.396174+09:00,全国紙,全国,読売新聞,大和ハウス、新築戸建て住宅の新規販売23道県で撤退...コスト高騰・需要減で都市部に経営資源を集中,https://www.yomiuri.co.jp/economy/20260904-GYT1T00342/,https://news.ceek.jp/search.cgi?category_id=business&feed=1,ok,,経済
2026-09-05,2026-09-05T07:35:11.396174+09:00,全国紙,全国,読売新聞,[挑む 新トップ2026]「縦割り」解消で力結集...三井住友信託銀行 米山学朋社長 58,https://www.yomiuri.co.jp/economy/20260905-GYT1T00005/,https://news.ceek.jp/search.cgi?category_id=business&feed=1,ok,,経済
2026-09-05,2026-09-05T07:35:11.396174+09:00,全国紙,全国,読売新聞,ニデック品質不正 844件...外部調査委 永守氏らの圧力指摘,https://www.yomiuri.co.jp/economy/20260905-GYT1T00048/,https://news.ceek.jp/search.cgi?category_id=business&feed=1,ok,,経済
2026-09-05,2026-09-05T07:35:11.396174+09:00,全国紙,全国,読売新聞,概算要求最大143兆円 投資枠・補正一本化 影響,https://www.yomiuri.co.jp/economy/20260905-GYT1T00057/,https://news.ceek.jp/search.cgi?category_id=business&feed=1,ok,,経済
2026-09-05,2026-09-05T07:35:11.396174+09:00,その他メディア,,東洋経済オンライン,"「映画ちいかわ」入場者特典にも2度目起用...若い女性に人気の""めじるし系チャーム""が描く、推し活とカプセルトイの未来図 | ライフ",https://toyokeizai.net/articles/-/956847?display=b,https://news.ceek.jp/search.cgi?category_id=business&feed=1,ok,,経済
2026-09-05,2026-09-05T07:35:11.396174+09:00,その他メディア,,日本金融通信,横浜FG、LBOローン組成拡大 案件参加通じノウハウ蓄積,https://www.nikkinonline.com/article/419974,https://news.ceek.jp/search.cgi?category_id=business&feed=1,ok,,経済
2026-09-05,2026-09-05T07:35:11.396174+09:00,その他メディア,,日本金融通信,地域とともに 帯広信金 中田理事長 十勝最大の付加価値創出基地に【金融ジャーナル26年9月号】,https://www.nikkinonline.com/article/421162,https://news.ceek.jp/search.cgi?category_id=business&feed=1,ok,,経済
2026-09-05,2026-09-05T07:35:11.396174+09:00,その他メディア,,日本金融通信,第5回 役員の一言《前編》,https://www.nikkinonline.com/article/410342,https://news.ceek.jp/search.cgi?category_id=business&feed=1,ok,,経済
2026-09-05,2026-09-05T07:35:11.396174+09:00,その他メディア,,日本金融通信,四国地区のバンカー、なぜその資格を? 〝異分野スキル〟業務に生かす,https://www.nikkinonline.com/article/420691,https://news.ceek.jp/search.cgi?category_id=business&feed=1,ok,,経済
2026-09-05,2026-09-05T07:35:11.396174+09:00,その他メディア,,日本金融通信,日本生命、AI使った業務改善を加速 年度末までに200件目標,https://www.nikkinonline.com/article/421024,https://news.ceek.jp/search.cgi?category_id=business&feed=1,ok,,経済
2026-09-05,2026-09-05T07:35:11.396174+09:00,その他メディア,,東洋経済オンライン,全線復活の日は来るか「肥薩線」列車と駅弁の記憶 「日本三大車窓」国鉄気動車急行からSL人吉まで | ビジネス,https://toyokeizai.net/articles/-/956708?display=b,https://news.ceek.jp/search.cgi?category_id=business&feed=1,ok,,経済
2026-09-05,2026-09-05T07:35:11.396174+09:00,その他メディア,,日本金融通信,ちょっと一言 りそなコエドテラス総料理長 門平光正さん,https://www.nikkinonline.com/article/420284,https://news.ceek.jp/search.cgi?category_id=business&feed=1,ok,,経済
2026-09-05,2026-09-05T07:35:11.396174+09:00,その他メディア,,日本金融通信,未来をひらくGBA GBAの実装戦略,https://www.nikkinonline.com/article/420867,https://news.ceek.jp/search.cgi?category_id=business&feed=1,ok,,経済
2026-09-05,2026-09-05T07:35:11.396174+09:00,全国紙,全国,日本経済新聞,日経平均は上値重い展開か 金融政策の見極め、米CPIが焦点に,https://www.nikkei.com/article/DGXZQOUB040UD0U6A900C2000000/,https://news.ceek.jp/search.cgi?category_id=business&feed=1,ok,,経済
2026-09-05,2026-09-05T07:35:11.396174+09:00,全国紙,全国,日本経済新聞,アンドエスティ取締役、業績回復へ「高めの目標設定見直し値引き販売減」,https://www.nikkei.com/article/DGXZQOUB280U60Y6A820C2000000/,https://news.ceek.jp/search.cgi?category_id=business&feed=1,ok,,経済
2026-09-05,2026-09-05T07:35:11.396174+09:00,全国紙,全国,日本経済新聞,取材で感じたゲーミフィケーションの威力(佐々木明子),https://www.nikkei.com/article/DGXZQOUB0139Y0R00C26A9000000/,https://news.ceek.jp/search.cgi?category_id=business&feed=1,ok,,経済
2026-09-05,2026-09-05T07:35:11.396174+09:00,全国紙,全国,日本経済新聞,ドイツ株4日 小幅続伸、フォルクスワーゲンの上昇目立つ,https://www.nikkei.com/article/DGXZQOFL04ANV0U6A900C2000000/,https://news.ceek.jp/search.cgi?category_id=business&feed=1,ok,,経済
2026-09-05,2026-09-05T07:35:11.396174+09:00,全国紙,全国,日本経済新聞,ロンドン株4日 小幅反落、鉱業やソフトウエア関連に売り,https://www.nikkei.com/article/DGXZQOFL04ANK0U6A900C2000000/,https://news.ceek.jp/search.cgi?category_id=business&feed=1,ok,,経済
2026-09-05,2026-09-05T07:35:11.396174+09:00,その他メディア,,共同通信,為替相場 5日(日本時間 2時),https://www.47news.jp/14888938.html,https://news.ceek.jp/search.cgi?category_id=business&feed=1,ok,,経済
2026-09-05,2026-09-05T07:35:11.396174+09:00,全国紙,全国,日本経済新聞,トヨタ、「障害者スポーツ」支援拡大 アジア大会やラリー車で出走,https://www.nikkei.com/article/DGXZQOFD031RC0T00C26A9000000/,https://news.ceek.jp/search.cgi?category_id=business&feed=1,ok,,経済
2026-09-05,2026-09-05T07:35:11.396174+09:00,全国紙,全国,日本経済新聞,樹海のドローン、空から命の見守り,https://www.nikkei.com/article/DGXZQOSG26AFI0W6A820C2000000/,https://news.ceek.jp/search.cgi?category_id=business&feed=1,ok,,経済
2026-09-05,2026-09-05T07:35:11.396174+09:00,全国紙,全国,日本経済新聞,食べログにスタジアムグルメ Jリーグ全国60クラブと連携,https://www.nikkei.com/article/DGXZQOUC049A70U6A900C2000000/,https://news.ceek.jp/search.cgi?category_id=business&feed=1,ok,,経済
2026-09-05,2026-09-05T07:35:11.396174+09:00,全国紙,全国,日本経済新聞,仕事で役立つ集中術「細切れの積み重ねで1日が終わる」,https://www.nikkei.com/article/DGXZQOUC167UA0W6A610C2000000/,https://news.ceek.jp/search.cgi?category_id=business&feed=1,ok,,経済
2026-09-05,2026-09-05T07:35:11.396174+09:00,全国紙,全国,日本経済新聞,新興SNS「setlog」2秒動画を共有、気楽さが人気 BeRealとすみ分け,https://www.nikkei.com/article/DGXZQOUC240GD0U6A820C2000000/,https://news.ceek.jp/search.cgi?category_id=business&feed=1,ok,,経済
2026-09-05,2026-09-05T07:35:11.396174+09:00,全国紙,全国,日本経済新聞,サッポロが狙う東南アの個人店、カールスバーグと合弁で海外販売2倍へ,https://www.nikkei.com/article/DGXZQOUC016JK0R00C26A9000000/,https://news.ceek.jp/search.cgi?category_id=business&feed=1,ok,,経済
2026-09-05,2026-09-05T07:35:11.396174+09:00,全国紙,全国,日本経済新聞,ネスレ日本、コーヒーマシンの新モデル アプリ活用で飲用を習慣化,https://www.nikkei.com/article/DGXZQOUF2461B0U6A820C2000000/,https://news.ceek.jp/search.cgi?category_id=business&feed=1,ok,,経済
2026-09-05,2026-09-05T07:35:11.396174+09:00,全国紙,全国,日本経済新聞,ミツカン、こんにゃくの新ブランドを立ち上げ スムージーを展開,https://www.nikkei.com/article/DGXZQOFD019HO0R00C26A9000000/,https://news.ceek.jp/search.cgi?category_id=business&feed=1,ok,,経済
2026-09-05,2026-09-05T07:35:11.396174+09:00,全国紙,全国,日本経済新聞,石川の乙丸寝具、羽毛布団を防災用寝袋に再生 被災時のストレス軽減,https://www.nikkei.com/article/DGXZQOCC027WU0S6A900C2000000/,https://news.ceek.jp/search.cgi?category_id=business&feed=1,ok,,経済
2026-09-05,2026-09-05T07:35:11.396174+09:00,全国紙,全国,日本経済新聞,九経連、「フィジカルAI」の事業開発支援 九電などの参画組織で,https://www.nikkei.com/article/DGXZQOJC023GH0S6A900C2000000/,https://news.ceek.jp/search.cgi?category_id=business&feed=1,ok,,経済
2026-09-05,2026-09-05T07:35:11.396174+09:00,全国紙,全国,日本経済新聞,島津製作所、化合物の分析条件をAIが提案 4000万件の文献から解析,https://www.nikkei.com/article/DGXZQOUF015YL0R00C26A9000000/,https://news.ceek.jp/search.cgi?category_id=business&feed=1,ok,,経済
2026-09-05,2026-09-05T07:35:11.396174+09:00,全国紙,全国,読売新聞,トランプ氏が「どの国よりも低金利であるべきだ」と投稿、利上げ論をけん制か...堅調な雇用統計には「素晴らしい数字だ」,https://www.yomiuri.co.jp/economy/20260905-GYT1T00060/,https://news.ceek.jp/search.cgi?category_id=business&feed=1,ok,,経済
2026-09-05,2026-09-05T07:35:11.396174+09:00,全国紙,全国,日本経済新聞,欧州国債概況4日 独10年債利回り低下、米長期金利につれた動き,https://www.nikkei.com/article/DGXZQOFL04AND0U6A900C2000000/,https://news.ceek.jp/search.cgi?category_id=business&feed=1,ok,,経済
2026-09-05,2026-09-05T07:35:11.396174+09:00,その他メディア,,TBSテレビ,"7月家計調査 3.6%↓で8か月連続マイナス 「調理食品・飲料」減少の一方で「宿泊・外食」伸びる “メリハリつけた消費"" 総務省",https://newsdig.tbs.co.jp/articles/-/2922960?display=1,https://news.ceek.jp/search.cgi?category_id=business&feed=1,ok,,経済
2026-09-05,2026-09-05T07:35:11.396174+09:00,全国紙,全国,日本経済新聞,ロンドン外為4日 ユーロ、対ドルで横ばい圏 米雇用統計受けたドル買い失速,https://www.nikkei.com/article/DGXZQOFL04AN60U6A900C2000000/,https://news.ceek.jp/search.cgi?category_id=business&feed=1,ok,,経済
2026-09-05,2026-09-05T07:35:11.396174+09:00,その他メディア,,共同通信,習近平氏に企業代表団が同行 9月下旬のワシントン訪問,https://www.47news.jp/14894011.html,https://news.ceek.jp/search.cgi?category_id=business&feed=1,ok,,経済
2026-09-05,2026-09-05T07:35:11.396174+09:00,全国紙,全国,日本経済新聞,カナダのルルレモン株20%安 主力のレギンス、はや流行遅れに,https://www.nikkei.com/article/DGXZQOGN04B6Z0U6A900C2000000/,https://news.ceek.jp/search.cgi?category_id=business&feed=1,ok,,経済
2026-09-05,2026-09-05T07:35:11.396174+09:00,その他メディア,,デイリースポーツ,習近平氏に企業代表団が同行,https://www.daily.co.jp/society/economics/2026/09/05/0020784775.shtml,https://news.ceek.jp/search.cgi?category_id=business&feed=1,ok,,経済
2026-09-05,2026-09-05T07:35:11.396174+09:00,その他メディア,,ロイター,米当局、テスラ「サイバーキャブ」の安全基準認証を調査 株価6%安,https://jp.reuters.com/economy/GON6BYITKBIZPAPGPWCO3ULJNA-2026-09-04/,https://news.ceek.jp/search.cgi?category_id=business&feed=1,ok,,経済
2026-09-05,2026-09-05T07:35:11.396174+09:00,全国紙,全国,日本経済新聞,NYダウ反落で開始、一時300ドル超安 米雇用堅調で利上げ観測強まる,https://www.nikkei.com/article/DGXZQOFL04ARG0U6A900C2000000/,https://news.ceek.jp/search.cgi?category_id=business&feed=1,ok,,経済
2026-09-05,2026-09-05T07:35:11.396174+09:00,その他メディア,,東洋経済オンライン,中国DeepSeek、ファーウェイ製AI半導体を16万個導入へ...中国が米エヌビディア製品からの脱却を進める取り組みを後押し | 政治・経済・投資,https://toyokeizai.net/articles/-/957035,https://news.ceek.jp/search.cgi?category_id=business&feed=1,ok,,経済
2026-09-05,2026-09-05T07:35:11.396174+09:00,その他メディア,,東洋経済オンライン,エヌビディアに身売りのハギングフェイス、AI民主化を目指した共同創業者3人とも約18億ドル(約2800億円)を得ることに | 政治・経済・投資,https://toyokeizai.net/articles/-/957029,https://news.ceek.jp/search.cgi?category_id=business&feed=1,ok,,経済
2026-09-05,2026-09-05T07:35:11.396174+09:00,その他メディア,,週刊エコノミスト,韓国で酒類販売量が減少 物語のある伝統酒は人気 趙章恩,https://weekly-economist.mainichi.jp/articles/20260915/se1/00m/020/054000c,https://news.ceek.jp/search.cgi?category_id=business&feed=1,ok,,経済
2026-09-05,2026-09-05T07:35:11.396174+09:00,その他メディア,,デイリースポーツ,インドネシアで大規模噴火,https://www.daily.co.jp/society/national/2026/09/05/0020785010.shtml,https://news.ceek.jp/search.cgi?category_id=national&feed=1,ok,,社会
2026-09-05,2026-09-05T07:35:11.396174+09:00,その他メディア,,TBSテレビ,インドネシア・クラカタウ火山で大規模噴火 日本への津波の影響あるか調査中 現時点で有意な潮位変化なし 気象庁,https://newsdig.tbs.co.jp/articles/-/2923030?display=1,https://news.ceek.jp/search.cgi?category_id=national&feed=1,ok,,社会
2026-09-05,2026-09-05T07:35:11.396174+09:00,全国紙,全国,産経新聞,「気持ちの整理、まだつかない」紀伊半島豪雨から15年、奈良・五條で慰霊祭,https://www.sankei.com/article/20260905-XACKDOK5RNM2VLQ3RH4SQDXDSU/,https://news.ceek.jp/search.cgi?category_id=national&feed=1,ok,,社会
2026-09-05,2026-09-05T07:35:11.396174+09:00,その他メディア,,日刊スポーツ,鹿児島・屋久島町にレベル5土砂災害特別警報 台風...,https://www.nikkansports.com/general/news/202609050000062.html,https://news.ceek.jp/search.cgi?category_id=national&feed=1,ok,,社会
2026-09-05,2026-09-05T07:35:11.396174+09:00,その他メディア,,テレビ朝日,インドネシアで大規模噴火 日本への津波の有無を調査中 気象庁,https://news.tv-asahi.co.jp/news_society/articles/000531231.html,https://news.ceek.jp/search.cgi?category_id=national&feed=1,ok,,社会
2026-09-05,2026-09-05T07:35:11.396174+09:00,その他メディア,,TBSテレビ,新宿駅西口の駅前広場にシンボルツリー 都がデザイン公開 緑・光・人の空間に 2035年完成予定,https://newsdig.tbs.co.jp/articles/-/2923028?display=1,https://news.ceek.jp/search.cgi?category_id=national&feed=1,ok,,社会
2026-09-05,2026-09-05T07:35:11.396174+09:00,全国紙,全国,東京新聞,長谷川善和さん死去 恐竜研究の第一人者,https://www.tokyo-np.co.jp/article/513531,https://news.ceek.jp/search.cgi?category_id=national&feed=1,ok,,社会
2026-09-05,2026-09-05T07:35:11.396174+09:00,その他メディア,,デイリー新潮,午前1時に「ビルから人が落ちてきた」 44人死亡の「歌舞伎町ビル火災」から25年...「何も着ていない女性も」「内部温度は700度に」目撃者や救助隊員の証言で振り返る地獄絵図,https://www.dailyshincho.jp/article/2026/09050703/?all=1,https://news.ceek.jp/search.cgi?category_id=national&feed=1,ok,,社会
2026-09-05,2026-09-05T07:35:11.396174+09:00,全国紙,全国,読売新聞,三省堂書店池袋本店、12月末で閉店へ...大学院生「池袋のシンボルなくなってしまうのはさみしい」,https://www.yomiuri.co.jp/national/20260904-GYT1T00322/,https://news.ceek.jp/search.cgi?category_id=national&feed=1,ok,,社会
2026-09-05,2026-09-05T07:35:11.396174+09:00,その他メディア,,デイリー新潮,九州の高校スポーツでも早稲田が躍進する? 首都圏からの志願者増「早稲田佐賀」の現状を唐津在住のネット編集者が明かす「早稲田ブランドで地元が活気づいているのは事実」,https://www.dailyshincho.jp/article/2026/09050700/?all=1,https://news.ceek.jp/search.cgi?category_id=national&feed=1,ok,,社会
2026-09-05,2026-09-05T07:35:11.396174+09:00,その他メディア,,フジテレビ,"「お金が必要だった」“置き配""狙いで90万円相当を窃盗か 30歳男を逮捕 フィギュアなど15箱盗み一部売却 周辺でも被害十数件 さいたま市",https://www.fnn.jp/articles/-/1108308,https://news.ceek.jp/search.cgi?category_id=national&feed=1,ok,,社会
2026-09-05,2026-09-05T07:35:11.396174+09:00,その他メディア,,テレビ朝日,"「避難所に行きたくない」全盲の被災者が語る“避難の壁"" 白杖でトラブル...障害者が避難をためらう背景とは",https://news.tv-asahi.co.jp/news_society/articles/900198924.html,https://news.ceek.jp/search.cgi?category_id=national&feed=1,ok,,社会
2026-09-05,2026-09-05T07:35:11.396174+09:00,その他メディア,,集英社オンライン,〈外国人レンタカー事故が1.8倍に〉「逆走」「ノーマルタイヤで雪道」も...観光地で住民生活に影響、「動画見ないとエンジンかからない仕組みを」,https://shueisha.online/articles/-/258530,https://news.ceek.jp/search.cgi?category_id=national&feed=1,ok,,社会
2026-09-05,2026-09-05T07:35:11.396174+09:00,その他メディア,,ポストセブン,"《遠野なぎこさん一周忌に知人が困惑の声》「銀行口座が凍結されず、部屋の契約も...」“死後も口座から引き落とし疑惑""に「相続手続きが進んでいない可能性」と専門家が解説",https://www.news-postseven.com/archives/20260905_2130274.html,https://news.ceek.jp/search.cgi?category_id=national&feed=1,ok,,社会
2026-09-05,2026-09-05T07:35:11.396174+09:00,その他メディア,,ポストセブン,「完全に愛子さまはずし」辻元清美氏が改正皇室典範に疑問、都構想には「格差が広がって大阪の良さが失われていく」と危惧,https://www.news-postseven.com/archives/20260905_2129933.html,https://news.ceek.jp/search.cgi?category_id=national&feed=1,ok,,社会
2026-09-05,2026-09-05T07:35:11.396174+09:00,その他メディア,,女性セブンプラス,雅子さま、全力で公務に臨まれることで深まる懊悩 ご自身の発言がメディアであまり取り上げられ...,https://j7p.jp/180238,https://news.ceek.jp/search.cgi?category_id=national&feed=1,ok,,社会
2026-09-05,2026-09-05T07:35:11.396174+09:00,その他メディア,,ポストセブン,《もしも豪雨の被害に遭ったら...》避難する際に心がけておくべきこと「マンションの低層階なら早めに」「運転中なら安全な場所に停車して徒歩で」...事前の備えが命を守る,https://www.news-postseven.com/archives/20260905_2129738.html,https://news.ceek.jp/search.cgi?category_id=national&feed=1,ok,,社会
2026-09-05,2026-09-05T07:35:11.396174+09:00,その他メディア,,ポストセブン,「高市さんはショートケーキのイチゴ」「女を使い分けてる」高市首相と同学年、同じ関西出身の辻元清美氏が語る「女はまだ権力を握れていない」ワケ,https://www.news-postseven.com/archives/20260905_2129929.html,https://news.ceek.jp/search.cgi?category_id=national&feed=1,ok,,社会
2026-09-05,2026-09-05T07:35:11.396174+09:00,その他メディア,,ポストセブン,大災害から命を守るための「予測ツール」 発生2~3時間前に知らせる気象庁『線状降水帯予測マップ』、避難ルートの危険性を確かめる『重ねるハザードマップ』...活用すべきサービスを紹介,https://www.news-postseven.com/archives/20260905_2129534.html,https://news.ceek.jp/search.cgi?category_id=national&feed=1,ok,,社会
2026-09-05,2026-09-05T07:35:11.396174+09:00,その他メディア,,サンケイスポーツ,鹿児島にレベル5土砂災害特別警報 気象庁、最大級の警戒を呼びかけ,https://www.sanspo.com/article/20260905-6DXNCDXAWBKVLLKZJVNNU7ERTQ/,https://news.ceek.jp/search.cgi?category_id=national&feed=1,ok,,社会
2026-09-05,2026-09-05T07:35:11.396174+09:00,その他メディア,,TBSテレビ,【屋久島にレベル5土砂災害特別警報】「ただちに命守る行動を 普段災害が発生しない場所でも最大級警戒」すでに観測史上最大の雨 土石流などの可能性も 気象庁会見,https://newsdig.tbs.co.jp/articles/-/2923020?display=1,https://news.ceek.jp/search.cgi?category_id=national&feed=1,ok,,社会
2026-09-05,2026-09-05T07:35:11.396174+09:00,その他メディア,,TBSテレビ,臨時国会 来月上旬に召集で調整 内閣改造・自民党役員人事では政権の骨格維持との見方,https://newsdig.tbs.co.jp/articles/-/2923011?display=1,https://news.ceek.jp/search.cgi?category_id=national&feed=1,ok,,社会
2026-09-05,2026-09-05T07:35:11.396174+09:00,その他メディア,,フジテレビ,"【ジャガイモ】アメリカ産輸入解禁へ動き加速...国内産の8割を生産する北海道は大きな痛手...“天敵""の病害虫「ジャガイモシストセンチュウ」侵入リスクも高まる 農家からは反対の声相次ぐ",https://www.fnn.jp/articles/-/1108430,https://news.ceek.jp/search.cgi?category_id=national&feed=1,ok,,社会
2026-09-05,2026-09-05T07:35:11.396174+09:00,その他メディア,,フジテレビ,『ホットアイマスク』が全体の9割超...偽ブランド品等の輸入差し止め点数が名古屋税関で過去最多 前年同期比約23倍,https://www.fnn.jp/articles/-/1108429,https://news.ceek.jp/search.cgi?category_id=national&feed=1,ok,,社会
2026-09-05,2026-09-05T07:35:11.396174+09:00,その他メディア,,女性自身,野田佳彦氏「中道」分裂にダンマリ...専門家は党内に渦巻く怨嗟の声を指摘「落選議員や候補者の非難の的に」,https://jisin.jp/domestic/2598706/,https://news.ceek.jp/search.cgi?category_id=national&feed=1,ok,,社会
2026-09-05,2026-09-05T07:35:11.396174+09:00,その他メディア,,女性自身,"林芳正総務相 次期総裁選への明言避けるも“ポスト高市""虎視眈々「次は閣内に入りたくない」周囲にこぼした“真意""",https://jisin.jp/domestic/2598683/,https://news.ceek.jp/search.cgi?category_id=national&feed=1,ok,,社会
2026-09-05,2026-09-05T07:35:11.396174+09:00,その他メディア,,フジテレビ,"“NY帽""が決め手に 試着室で万引き→別店舗で返品要求か ユニクロ狙い“返品詐欺""の疑いで38歳男逮捕 「知人からのギフト」と説明",https://www.fnn.jp/articles/-/1108285,https://news.ceek.jp/search.cgi?category_id=national&feed=1,ok,,社会
2026-09-05,2026-09-05T07:35:11.396174+09:00,その他メディア,,フジテレビ,"ブローカーから“入金用口座""買う...警察官を装い高齢男性から100万円騙し取った疑い 自称自営業の30歳男を逮捕",https://www.fnn.jp/articles/-/1108425,https://news.ceek.jp/search.cgi?category_id=national&feed=1,ok,,社会
2026-09-05,2026-09-05T07:35:11.396174+09:00,その他メディア,,フジテレビ,"人気キャラの偽シールが激増 門司税関が差し止めた“ニセモノ商品""が過去最多 前年同時期の3.1倍に ネット購入に要注意 福岡",https://www.fnn.jp/articles/-/1108426,https://news.ceek.jp/search.cgi?category_id=national&feed=1,ok,,社会
2026-09-05,2026-09-05T07:35:11.396174+09:00,その他メディア,,現代ビジネス,日本橋の「暦売り」女性が見せた1枚の写真...「朝日・毎日・読売」を渡り歩いた半生,https://gendai.media/articles/-/170182,https://news.ceek.jp/search.cgi?category_id=national&feed=1,ok,,社会
2026-09-05,2026-09-05T07:35:11.396174+09:00,その他メディア,,現代ビジネス,「自宅の焼け跡」を勝手に他人に転売され...20歳の女性が「露店と行商」で土地を取り戻すまでの苦労,https://gendai.media/articles/-/170183,https://news.ceek.jp/search.cgi?category_id=national&feed=1,ok,,社会
2026-09-05,2026-09-05T07:35:11.396174+09:00,その他メディア,,デイリースポーツ,米、トルコ金融機関を制裁対象に,https://www.daily.co.jp/society/main/2026/09/05/0020784945.shtml,https://news.ceek.jp/search.cgi?category_id=national&feed=1,ok,,社会
2026-09-05,2026-09-05T07:35:11.396174+09:00,その他メディア,,テレビ朝日,レベル5土砂災害特別警報 鹿児島・屋久島町の様子は,https://news.tv-asahi.co.jp/news_society/articles/000531228.html,https://news.ceek.jp/search.cgi?category_id=national&feed=1,ok,,社会
2026-09-05,2026-09-05T07:35:11.396174+09:00,その他メディア,,テレビ朝日,鹿児島・屋久島町にレベル5土砂災害特別警報 線状降水帯が相次ぐ,https://news.tv-asahi.co.jp/news_society/articles/000531229.html,https://news.ceek.jp/search.cgi?category_id=national&feed=1,ok,,社会
2026-09-05,2026-09-05T07:35:11.396174+09:00,その他メディア,,デイリースポーツ,閣僚会議オンライン開催で調整,https://www.daily.co.jp/society/main/2026/09/05/0020784936.shtml,https://news.ceek.jp/search.cgi?category_id=national&feed=1,ok,,社会
2026-09-05,2026-09-05T07:35:11.396174+09:00,その他メディア,,日本テレビ,鹿児島・屋久島町に「レベル5土砂災害特別警報」 命を守る行動を,https://news.ntv.co.jp/category/society/163ef352ecbd4411baad054f6c730177,https://news.ceek.jp/search.cgi?category_id=national&feed=1,ok,,社会
2026-09-05,2026-09-05T07:35:11.396174+09:00,全国紙,全国,日本経済新聞,鹿児島・屋久島にレベル5土砂災害特別警報 気象庁,https://www.nikkei.com/article/DGXZQOUD050120V00C26A9000000/,https://news.ceek.jp/search.cgi?category_id=national&feed=1,ok,,社会
2026-09-05,2026-09-05T07:35:11.396174+09:00,その他メディア,,スポニチ,ネパール、不明の2人救助 土石流発生10日目 水力発電所トンネルから,https://www.sponichi.co.jp/society/news/2026/09/05/kiji/20260904s00042000428000c.html,https://news.ceek.jp/search.cgi?category_id=national&feed=1,ok,,社会
2026-09-05,2026-09-05T07:35:11.396174+09:00,その他メディア,,スポニチ,正しいはなのかみ方は? 日本人にイグ・ノーベル賞,https://www.sponichi.co.jp/society/news/2026/09/05/kiji/20260904s00042000433000c.html,https://news.ceek.jp/search.cgi?category_id=national&feed=1,ok,,社会
2026-09-05,2026-09-05T07:35:11.396174+09:00,その他メディア,,スポニチ,千葉のイオンでガス漏れか 客ら全員避難、けが人なし,https://www.sponichi.co.jp/society/news/2026/09/05/kiji/20260905s00042000023000c.html,https://news.ceek.jp/search.cgi?category_id=national&feed=1,ok,,社会
2026-09-05,2026-09-05T07:35:11.396174+09:00,その他メディア,,スポニチ,鉄柱の切断作業中に出火か 日本製紙八代工場の火災,https://www.sponichi.co.jp/society/news/2026/09/05/kiji/20260905s00042000024000c.html,https://news.ceek.jp/search.cgi?category_id=national&feed=1,ok,,社会
2026-09-05,2026-09-05T07:35:11.396174+09:00,その他メディア,,スポニチ,全国6カ所で予防通行規制 大雨時のアンダーパス 千葉冠水受け、対象拡大,https://www.sponichi.co.jp/society/news/2026/09/05/kiji/20260904s00042000420000c.html,https://news.ceek.jp/search.cgi?category_id=national&feed=1,ok,,社会
2026-09-05,2026-09-05T07:35:11.396174+09:00,その他メディア,,スポニチ,九州南部中心に激しい雨 台風24号や秋雨前線,https://www.sponichi.co.jp/society/news/2026/09/05/kiji/20260904s00042000426000c.html,https://news.ceek.jp/search.cgi?category_id=national&feed=1,ok,,社会
2026-09-05,2026-09-05T07:35:11.396174+09:00,その他メディア,,スポニチ,米首都「凱旋門」着工へ 大統領主導、政府承認まだ,https://www.sponichi.co.jp/society/news/2026/09/05/kiji/20260905s00042000045000c.html,https://news.ceek.jp/search.cgi?category_id=national&feed=1,ok,,社会
2026-09-05,2026-09-05T07:35:11.396174+09:00,その他メディア,,フジテレビ,鹿児島県屋久島町にレベル5土砂災害特別警報 直ちに安全確保を 気象庁,https://www.fnn.jp/articles/-/1108422,https://news.ceek.jp/search.cgi?category_id=national&feed=1,ok,,社会
2026-09-05,2026-09-05T07:35:11.396174+09:00,その他メディア,,テレビ朝日,【速報】鹿児島・屋久島町にレベル5土砂災害特別警報,https://news.tv-asahi.co.jp/news_society/articles/000531235.html,https://news.ceek.jp/search.cgi?category_id=national&feed=1,ok,,社会
2026-09-05,2026-09-05T07:35:11.396174+09:00,その他メディア,,スポニチ,「雨季化熱中症」ご注意 猛暑は一段落も湿度が高いと... 体内の水分保持が重要 予防の鍵はヨーグルト,https://www.sponichi.co.jp/society/news/2026/09/05/kiji/20260904s00042000416000c.html,https://news.ceek.jp/search.cgi?category_id=national&feed=1,ok,,社会
2026-09-05,2026-09-05T07:35:11.396174+09:00,全国紙,全国,読売新聞,鹿児島県屋久島町に「レベル5土砂災害特別警報」...土砂災害に最大級の警戒を呼びかけ,https://www.yomiuri.co.jp/national/20260905-GYT1T00064/,https://news.ceek.jp/search.cgi?category_id=national&feed=1,ok,,社会
2026-09-05,2026-09-05T07:35:11.396174+09:00,その他メディア,,TBSテレビ,【ライブ】鹿児島・屋久島町にレベル5土砂災害特別警報 (2026年9月5日),https://newsdig.tbs.co.jp/articles/-/2922996?display=1,https://news.ceek.jp/search.cgi?category_id=national&feed=1,ok,,社会
2026-09-05,2026-09-05T07:35:11.396174+09:00,全国紙,全国,朝日新聞,「売る」側の女性だけリスク 売春防止法巡り議論 リロン編集部から,https://www.asahi.com/articles/ASV941V7MV94ULLI00GM.html,https://news.ceek.jp/search.cgi?category_id=national&feed=1,ok,,社会
2026-09-05,2026-09-05T07:35:11.396174+09:00,その他メディア,,WEDGE Infinity,<消費税、国債、インフレ、歴史......>財政を知ることができる書籍5冊,https://wedge.ismedia.jp/articles/-/41021,https://news.ceek.jp/search.cgi?category_id=national&feed=1,ok,,社会
2026-09-05,2026-09-05T07:35:11.396174+09:00,全国紙,全国,読売新聞,障害者雇用ビジネス問題、厚労省が那覇市の仲介業者を調査...仕事与えない管理で「法の理念」逸脱の疑い,https://www.yomiuri.co.jp/national/20260904-GYT1T00299/,https://news.ceek.jp/search.cgi?category_id=national&feed=1,ok,,社会
2026-09-05,2026-09-05T07:35:11.396174+09:00,全国紙,全国,読売新聞,警察庁人事(14日),https://www.yomiuri.co.jp/national/20260904-GYT1T00328/,https://news.ceek.jp/search.cgi?category_id=national&feed=1,ok,,社会
2026-09-05,2026-09-05T07:35:11.396174+09:00,全国紙,全国,読売新聞,日本郵便に行政指導 フリーランス法違反 勧告受け 総務省,https://www.yomiuri.co.jp/national/20260905-GYT1T00037/,https://news.ceek.jp/search.cgi?category_id=national&feed=1,ok,,社会
2026-09-05,2026-09-05T07:35:11.396174+09:00,全国紙,全国,読売新聞,民事裁判 証拠収集拡充へ 法改正諮問 「秘密の保護」焦点,https://www.yomiuri.co.jp/national/20260905-GYT1T00050/,https://news.ceek.jp/search.cgi?category_id=national&feed=1,ok,,社会
2026-09-05,2026-09-05T07:35:11.396174+09:00,全国紙,全国,日本経済新聞,INMA「30 Under 30 Awards」、日経の馬嶋氏が受賞,https://www.nikkei.com/article/DGXZQOUD047TE0U6A900C2000000/,https://news.ceek.jp/search.cgi?category_id=national&feed=1,ok,,社会
2026-09-05,2026-09-05T07:35:11.396174+09:00,全国紙,全国,読売新聞,[スキャナー]障害者雇用ビジネス巡り異例の「任意調査」、資料の提出拒否や回答に不備があっても罰則なし,https://www.yomiuri.co.jp/national/20260904-GYT1T00291/,https://news.ceek.jp/search.cgi?category_id=national&feed=1,ok,,社会
2026-09-05,2026-09-05T07:35:11.396174+09:00,全国紙,全国,読売新聞,アンダーパス 冠水前規制「ありがたい」 国道6か所 北海道や山形で,https://www.yomiuri.co.jp/national/20260904-GYT1T00325/,https://news.ceek.jp/search.cgi?category_id=national&feed=1,ok,,社会
2026-09-05,2026-09-05T07:35:11.396174+09:00,全国紙,全国,読売新聞,障害者退職は「自己都合」 仲介業者 就労前、確約要求か 顧客企業に助成金 背景?,https://www.yomiuri.co.jp/national/20260905-GYT1T00032/,https://news.ceek.jp/search.cgi?category_id=national&feed=1,ok,,社会
2026-09-05,2026-09-05T07:35:11.396174+09:00,全国紙,全国,読売新聞,わいせつ解雇 免許取り上げ「妥当」確定...私立校元教員 最高裁、上告棄却,https://www.yomiuri.co.jp/national/20260905-GYT1T00038/,https://news.ceek.jp/search.cgi?category_id=national&feed=1,ok,,社会
2026-09-05,2026-09-05T07:35:11.396174+09:00,その他メディア,,フジテレビ,最北のマチ稚内市の公園で旧一万円札とみられる大量の紙幣がばらまかれる_全て切り刻まれた状態で発見_警察が本物かどうか確認へ〈北海道〉,https://www.fnn.jp/articles/-/1108420,https://news.ceek.jp/search.cgi?category_id=national&feed=1,ok,,社会
2026-09-05,2026-09-05T07:35:11.396174+09:00,その他メディア,,デイリー新潮,名作映画の「聖地カフェ」に犯罪で得た資金が... 逮捕された竹中工務店・万博責任者の家族が経営,https://www.dailyshincho.jp/article/2026/09050458/?all=1,https://news.ceek.jp/search.cgi?category_id=national&feed=1,ok,,社会
2026-09-05,2026-09-05T07:35:11.396174+09:00,その他メディア,,TBSテレビ,【速報】インドネシア付近が震源と推定される規模の大きな地震が発生 インドネシア・クラカタウ火山では大規模噴火 日本への津波の有無は調査中 気象庁,https://newsdig.tbs.co.jp/articles/-/2922990?display=1,https://news.ceek.jp/search.cgi?category_id=national&feed=1,ok,,社会
2026-09-05,2026-09-05T07:35:11.396174+09:00,その他メディア,,フジテレビ,インドネシア付近で地震発生 マグニチュード不明,https://www.fnn.jp/articles/-/1108362,https://news.ceek.jp/search.cgi?category_id=national&feed=1,ok,,社会
2026-09-05,2026-09-05T07:35:11.396174+09:00,その他メディア,,フジテレビ,神奈川・相模原市のコンビニに車で突っ込み刃物所持容疑などで逮捕 45歳男性を不起訴,https://www.fnn.jp/articles/-/1108361,https://news.ceek.jp/search.cgi?category_id=national&feed=1,ok,,社会
2026-09-05,2026-09-05T07:35:11.396174+09:00,全国紙,全国,読売新聞,鹿児島県種子島・屋久島地方で「線状降水帯発生」、気象防災速報発表,https://www.yomiuri.co.jp/national/20260905-GYT1T00062/,https://news.ceek.jp/search.cgi?category_id=national&feed=1,ok,,社会
2026-09-05,2026-09-05T07:35:11.396174+09:00,その他メディア,,フジテレビ,林家たい平さんらが交通安全呼びかけ 浅草警察署「区と連携し交通安全対策を推進」,https://www.fnn.jp/articles/-/1108360,https://news.ceek.jp/search.cgi?category_id=national&feed=1,ok,,社会
2026-09-05,2026-09-05T07:35:11.396174+09:00,その他メディア,,テレビ朝日,【速報】鹿児島県の種子島・屋久島に線状降水帯が発生 避難情報に注意,https://news.tv-asahi.co.jp/news_society/articles/000531223.html,https://news.ceek.jp/search.cgi?category_id=national&feed=1,ok,,社会
2026-09-05,2026-09-05T07:35:11.396174+09:00,その他メディア,,フジテレビ,5連休のシルバーウィークの新幹線予約は前年比約1.8倍に 下りは19日、上りは22日がピーク,https://www.fnn.jp/articles/-/1108359,https://news.ceek.jp/search.cgi?category_id=national&feed=1,ok,,社会
2026-09-05,2026-09-05T07:35:11.396174+09:00,その他メディア,,フジテレビ,鹿児島県種子島・屋久島地方に「線状降水帯」発生 災害に厳重警戒(02:48時点),https://www.fnn.jp/articles/-/1108356,https://news.ceek.jp/search.cgi?category_id=national&feed=1,ok,,社会
2026-09-05,2026-09-05T07:35:11.396174+09:00,その他メディア,,TBSテレビ,"【少年院取材】全国で相次ぐ少年たちの“闇バイト""事件 「金欲しさ」の裏に潜む心理とは【news23】",https://newsdig.tbs.co.jp/articles/-/2922968?display=1,https://news.ceek.jp/search.cgi?category_id=national&feed=1,ok,,社会
2026-09-05,2026-09-05T07:35:11.396174+09:00,全国紙,全国,日本経済新聞,学校でのAI活用、日本「教師が主導を」 OECD教育局長,https://www.nikkei.com/article/DGXZQOUD0329O0T00C26A8000000/,https://news.ceek.jp/search.cgi?category_id=national&feed=1,ok,,社会
2026-09-05,2026-09-05T07:35:11.396174+09:00,全国紙,全国,日本経済新聞,共同通信記者が飲酒運転 米東部州で自損事故,https://www.nikkei.com/article/DGXZQOUD049J30U6A900C2000000/,https://news.ceek.jp/search.cgi?category_id=national&feed=1,ok,,社会
2026-09-05,2026-09-05T07:35:11.396174+09:00,全国紙,全国,日本経済新聞,臓器移植、海外頼みの実態あらわ 違法仲介でカンボジア渡航の患者も,https://www.nikkei.com/article/DGXZQOUD229270S6A720C2000000/,https://news.ceek.jp/search.cgi?category_id=national&feed=1,ok,,社会
2026-09-05,2026-09-05T07:35:11.396174+09:00,その他メディア,,フジテレビ,鹿児島県種子島・屋久島地方に「線状降水帯」発生の恐れ(01:58時点),https://www.fnn.jp/articles/-/1108354,https://news.ceek.jp/search.cgi?category_id=national&feed=1,ok,,社会
2026-09-05,2026-09-05T07:35:11.396174+09:00,全国紙,全国,日本経済新聞,京都芸術大学、開学50周年機に新ロゴ 坂本龍一氏の機材活用拠点も,https://www.nikkei.com/article/DGXZQOUF0257C0S6A900C2000000/,https://news.ceek.jp/search.cgi?category_id=national&feed=1,ok,,社会
2026-09-05,2026-09-05T07:35:11.396174+09:00,その他メディア,,Abema TIMES,"千葉・市原市のイオンタウンで“ガス漏れ"" 全員避難で一時休業",https://times.abema.tv/articles/-/10271263?page=1,https://news.ceek.jp/search.cgi?category_id=national&feed=1,ok,,社会
2026-09-05,2026-09-05T07:35:11.396174+09:00,その他メディア,,Abema TIMES,"受け入れれば本州初“核のごみ""国が常陸大宮市議会に説明 処分地選定の文献調査",https://times.abema.tv/articles/-/10271276?page=1,https://news.ceek.jp/search.cgi?category_id=national&feed=1,ok,,社会
2026-09-05,2026-09-05T07:35:11.396174+09:00,その他メディア,,テレビ朝日,"受け入れれば本州初“核のごみ""国が常陸大宮市議会に説明 処分地選定の文献調査",https://news.tv-asahi.co.jp/news_society/articles/900198917.html,https://news.ceek.jp/search.cgi?category_id=national&feed=1,ok,,社会
2026-09-05,2026-09-05T07:35:11.396174+09:00,その他メディア,,フジテレビ,神奈川・相模原市 女子高校生殺害 元交際相手の19歳男を起訴 横浜地検が氏名を公表,https://www.fnn.jp/articles/-/1108350,https://news.ceek.jp/search.cgi?category_id=national&feed=1,ok,,社会
2026-09-05,2026-09-05T07:35:11.396174+09:00,その他メディア,,Abema TIMES,"復旧急ぐ千葉に“再び""大雨か...“教訓""踏まえ急ピッチで進む対策",https://times.abema.tv/articles/-/10271256?page=1,https://news.ceek.jp/search.cgi?category_id=national&feed=1,ok,,社会
2026-09-05,2026-09-05T07:35:11.396174+09:00,その他メディア,,TBSテレビ,連続放火か 東京・足立区で2週間で不審火6件相次ぐ 住宅の外壁が燃え女性がけが...溶けた自販機も 警視庁,https://newsdig.tbs.co.jp/articles/-/2922941?display=1,https://news.ceek.jp/search.cgi?category_id=national&feed=1,ok,,社会
2026-09-05,2026-09-05T07:35:11.396174+09:00,その他メディア,,Abema TIMES,屋久島・種子島では線状降水帯発生...災害発生の危険度が急激に高まる 大雨長期化へ,https://times.abema.tv/articles/-/10271253?page=1,https://news.ceek.jp/search.cgi?category_id=national&feed=1,ok,,社会
2026-09-05,2026-09-05T07:35:11.396174+09:00,その他メディア,,TBSテレビ,"イオンタウンでガス漏れ LPガスのタンク安全弁が“老朽化""か 従業員や客ら約70人避難 千葉・市原市",https://newsdig.tbs.co.jp/articles/-/2922935?display=1,https://news.ceek.jp/search.cgi?category_id=national&feed=1,ok,,社会
2026-09-05,2026-09-05T07:35:11.396174+09:00,その他メディア,,日本テレビ,"駆除から一夜明け...京都・舞鶴市に“再びクマ"" 警察など捜索中",https://news.ntv.co.jp/category/society/56546a657b2b4c328d78f4a7495fc6bb,https://news.ceek.jp/search.cgi?category_id=national&feed=1,ok,,社会
2026-09-05,2026-09-05T07:35:11.396174+09:00,その他メディア,,フジテレビ,鹿児島県の種子島・屋久島地方で「線状降水帯発生」 台風24号 今後の進路は?,https://www.fnn.jp/articles/-/1108346,https://news.ceek.jp/search.cgi?category_id=national&feed=1,ok,,社会
2026-09-05,2026-09-05T07:35:11.396174+09:00,その他メディア,,フジテレビ,"【台風情報】“迷走する""台風24号や別の熱帯低気圧 秋雨前線の正確な位置が予測困難に 「気象予報士も気象庁も予報が難しいと感じているのでは」 最新の気象情報確認を",https://www.fnn.jp/articles/-/1108347,https://news.ceek.jp/search.cgi?category_id=national&feed=1,ok,,社会
2026-09-05,2026-09-05T07:35:11.396174+09:00,その他メディア,,Abema TIMES,東京税関 輸入差し止め件数 過去2番目,https://times.abema.tv/articles/-/10271258?page=1,https://news.ceek.jp/search.cgi?category_id=national&feed=1,ok,,社会
2026-09-05,2026-09-05T07:35:11.396174+09:00,その他メディア,,テレビ朝日,"千葉・市原市のイオンタウンで“ガス漏れ"" 全員避難で一時休業",https://news.tv-asahi.co.jp/news_society/articles/900198921.html,https://news.ceek.jp/search.cgi?category_id=national&feed=1,ok,,社会
2026-09-05,2026-09-05T07:35:11.396174+09:00,その他メディア,,フジテレビ,"大雨長期化「あと5日は警戒を」 全国的に大雨への警戒が必要 “居座り豪雨""のピークは【気象予報士解説】",https://www.fnn.jp/articles/-/1108345,https://news.ceek.jp/search.cgi?category_id=national&feed=1,ok,,社会
2026-09-05,2026-09-05T07:35:11.396174+09:00,その他メディア,,日刊スポーツ,通算756本塁打の世界記録を樹立した巨人の王貞治が日本初の国民栄誉賞を受賞 /今日は?,https://www.nikkansports.com/general/news/202609040001858.html,https://news.ceek.jp/search.cgi?category_id=national&feed=1,ok,,社会
2026-09-05,2026-09-05T07:35:11.396174+09:00,その他メディア,,フジテレビ,北海道で最大震度2の地震 北海道・浜中町,https://www.fnn.jp/articles/-/1108343,https://news.ceek.jp/search.cgi?category_id=national&feed=1,ok,,社会
2026-09-05,2026-09-05T07:35:11.396174+09:00,その他メディア,,テレビ朝日,「国際園芸博覧会」まで約半年 工事進む会場内をメディア初公開 横浜市,https://news.tv-asahi.co.jp/news_society/articles/000531196.html,https://news.ceek.jp/search.cgi?category_id=national&feed=1,ok,,社会
2026-09-05,2026-09-05T07:35:11.396174+09:00,その他メディア,,フジテレビ,"『線状降水帯直前予想』発表の宮崎 雨とともに台風接近に伴い強風も 週末にかけて“長期化""の恐れ レベル4土砂災害危険警報も発表 厳重な警戒必要を",https://www.fnn.jp/articles/-/1108344,https://news.ceek.jp/search.cgi?category_id=national&feed=1,ok,,社会
2026-09-05,2026-09-05T07:35:11.396174+09:00,全国紙,全国,産経新聞,新大統領専用機で外遊へ トランプ氏、安全性懸念 改修完了までに「約60日」,https://www.sankei.com/article/20260905-7XHGDGDN75P4XALLUQBULEAQBY/,https://news.ceek.jp/search.cgi?category_id=world&feed=1,ok,,国際
2026-09-05,2026-09-05T07:35:11.396174+09:00,全国紙,全国,産経新聞,「100日以内に海峡渡る不法移民の入国根絶」 英右派、政権奪取を宣言,https://www.sankei.com/article/20260905-VUNBV2PF45KUJM2M46VOY57BAU/,https://news.ceek.jp/search.cgi?category_id=world&feed=1,ok,,国際
2026-09-05,2026-09-05T07:35:11.396174+09:00,全国紙,全国,朝日新聞,「メルカトル図法の世界地図やめて」 国連決議が採択、日本も賛成,https://www.asahi.com/articles/ASV947GNTV94UHBI00QM.html,https://news.ceek.jp/search.cgi?category_id=world&feed=1,ok,,国際
2026-09-05,2026-09-05T07:35:11.396174+09:00,その他メディア,,TBSテレビ,"アメリカ・トランプ大統領 ウィットコフ特使らをロシアとウクライナに派遣 “戦争終結に向けた提案を提示""",https://newsdig.tbs.co.jp/articles/-/2923034?display=1,https://news.ceek.jp/search.cgi?category_id=world&feed=1,ok,,国際
2026-09-05,2026-09-05T07:35:11.396174+09:00,その他メディア,,デイリースポーツ,イラン核問題の安保理付託を要求,https://www.daily.co.jp/society/world/2026/09/05/0020785017.shtml,https://news.ceek.jp/search.cgi?category_id=world&feed=1,ok,,国際
2026-09-05,2026-09-05T07:35:11.396174+09:00,その他メディア,,デイリースポーツ,英右派党首、政権奪取を宣言,https://www.daily.co.jp/society/world/2026/09/05/0020785022.shtml,https://news.ceek.jp/search.cgi?category_id=world&feed=1,ok,,国際
2026-09-05,2026-09-05T07:35:11.396174+09:00,全国紙,全国,産経新聞,ウクライナ治安機関本部をロシア軍ドローンが直撃 ゼレンスキー氏は報復を指示,https://www.sankei.com/article/20260905-BN2VSG7TOBMQLJ5P6KHHJX5QDA/,https://news.ceek.jp/search.cgi?category_id=world&feed=1,ok,,国際
2026-09-05,2026-09-05T07:35:11.396174+09:00,全国紙,全国,産経新聞,トランプ氏、イランのピックアックス山攻撃に言及 対イラン攻撃は「大した話ではない」,https://www.sankei.com/article/20260905-QYCCRSLGR5IP3KTWGLN3YO5KTY/,https://news.ceek.jp/search.cgi?category_id=world&feed=1,ok,,国際
2026-09-05,2026-09-05T07:35:11.396174+09:00,その他メディア,,TBSテレビ,アメリカ・トランプ政権 トルコの金融機関に制裁 イランへの経済圧力強化,https://newsdig.tbs.co.jp/articles/-/2923033?display=1,https://news.ceek.jp/search.cgi?category_id=world&feed=1,ok,,国際
2026-09-05,2026-09-05T07:35:11.396174+09:00,その他メディア,,TBSテレビ,アフリカなどが小さく見える世界地図の使用見直しを 国連総会が実際の面積をより正確に表す地図の使用促す議案採択 アメリカは唯一反対,https://newsdig.tbs.co.jp/articles/-/2923032?display=1,https://news.ceek.jp/search.cgi?category_id=world&feed=1,ok,,国際
2026-09-05,2026-09-05T07:35:11.396174+09:00,全国紙,全国,朝日新聞,日中関係打開の糸口は 高原明生氏「日本の対中政策、丁寧に説明を」,https://www.asahi.com/articles/ASV9333HCV93UHBI028M.html,https://news.ceek.jp/search.cgi?category_id=world&feed=1,ok,,国際
2026-09-05,2026-09-05T07:35:11.396174+09:00,その他メディア,,ブラジル日報,ロンドリーナ・マツリ4日開始=相川七瀬が今年も日本から出演=映画「ガイジン2」舞台裏の写真展も,https://brasilnippou.com/ja/articles/260905-22colonia,https://news.ceek.jp/search.cgi?category_id=world&feed=1,ok,,国際
2026-09-05,2026-09-05T07:35:11.396174+09:00,その他メディア,,ブラジル日報,石見神楽=五世の若者にも響いた郷土の魂=大蛇が舞い、太鼓が轟く=本場・益田の9人が熱演,https://brasilnippou.com/ja/articles/260905-23colonia,https://news.ceek.jp/search.cgi?category_id=world&feed=1,ok,,国際
2026-09-05,2026-09-05T07:35:11.396174+09:00,その他メディア,,ブラジル日報,休刊のお知らせ,https://brasilnippou.com/ja/articles/260905-25colonia,https://news.ceek.jp/search.cgi?category_id=world&feed=1,ok,,国際
2026-09-05,2026-09-05T07:35:11.396174+09:00,その他メディア,,ブラジル日報,島根県人会創立70周年=「郷土の記憶」を次世代へ=「県民歌」地球の反対側で響く,https://brasilnippou.com/ja/articles/260905-21colonia,https://news.ceek.jp/search.cgi?category_id=world&feed=1,ok,,国際
2026-09-05,2026-09-05T07:35:11.396174+09:00,その他メディア,,ブラジル日報,島根県人会の節目に感慨ひとしお=百合澤正志さんや戸田幸子さん,https://brasilnippou.com/ja/articles/260905-24colonia,https://news.ceek.jp/search.cgi?category_id=world&feed=1,ok,,国際
2026-09-05,2026-09-05T07:35:11.396174+09:00,全国紙,全国,朝日新聞,日中、現状打開の糸口は 北京大教授「互いの利益を尊重し、自制を」,https://www.asahi.com/articles/ASV932V29V93UHBI028M.html,https://news.ceek.jp/search.cgi?category_id=world&feed=1,ok,,国際
2026-09-05,2026-09-05T07:35:11.396174+09:00,その他メディア,,フジテレビ,"白昼のカーチェイス デリバリーバイクも追跡に“参戦""、逃走車を止めようと試みる 逃走劇は1時間超に アメリカ・カリフォルニア州",https://www.fnn.jp/articles/-/1105426,https://news.ceek.jp/search.cgi?category_id=world&feed=1,ok,,国際
2026-09-05,2026-09-05T07:35:11.396174+09:00,その他メディア,,フジテレビ,走行中のバス車内に男が突然飛び込んできた瞬間 一体何が?バイクで赤信号無視し衝突、勢いそのまま車内に 男は逃走 コロンビア,https://www.fnn.jp/articles/-/1107688,https://news.ceek.jp/search.cgi?category_id=world&feed=1,ok,,国際
2026-09-05,2026-09-05T07:35:11.396174+09:00,その他メディア,,デイリースポーツ,ロシア、情報機関に無人機攻撃,https://www.daily.co.jp/society/world/2026/09/05/0020784979.shtml,https://news.ceek.jp/search.cgi?category_id=world&feed=1,ok,,国際
2026-09-05,2026-09-05T07:35:11.396174+09:00,その他メディア,,デイリースポーツ,米大統領、新たな専用機で外遊へ,https://www.daily.co.jp/society/world/2026/09/05/0020784974.shtml,https://news.ceek.jp/search.cgi?category_id=world&feed=1,ok,,国際
2026-09-05,2026-09-05T07:35:11.396174+09:00,その他メディア,,デイリースポーツ,低酸素に慣れ、混乱を回避か,https://www.daily.co.jp/society/world/2026/09/05/0020784965.shtml,https://news.ceek.jp/search.cgi?category_id=world&feed=1,ok,,国際
2026-09-05,2026-09-05T07:35:11.396174+09:00,その他メディア,,共同通信,低酸素に慣れ、混乱を回避か ネパール土石流の救出劇,https://www.47news.jp/14894436.html,https://news.ceek.jp/search.cgi?category_id=world&feed=1,ok,,国際
2026-09-05,2026-09-05T07:35:11.396174+09:00,その他メディア,,テレビ朝日,米特使ら モスクワとキーウ訪問へ ゼレンスキー大統領が明らかに,https://news.tv-asahi.co.jp/news_international/articles/000531226.html,https://news.ceek.jp/search.cgi?category_id=world&feed=1,ok,,国際
2026-09-05,2026-09-05T07:35:11.396174+09:00,その他メディア,,現代ビジネス,"MBTIの次は「テト男・エゲン女」?韓国の若者が“血液型占い""以上に「自分をタイプ分類」し、恋愛や結婚の失敗を避ける心理",https://gendai.media/articles/-/170757,https://news.ceek.jp/search.cgi?category_id=world&feed=1,ok,,国際
2026-09-05,2026-09-05T07:35:11.396174+09:00,その他メディア,,JBpress,韓国で地方国立大が無償化、苛烈な学歴主義・受験競争の末路...ソウル・首都圏集中の進学希望を反転させられるか,https://jbpress.ismedia.jp/articles/-/96853,https://news.ceek.jp/search.cgi?category_id=world&feed=1,ok,,国際
2026-09-05,2026-09-05T07:35:11.396174+09:00,その他メディア,,JBpress,高市首相は習近平主席に対抗できるのか、ロシアやイランと対米欧枢軸を構築、民族団結法で国外牽制を強める中国【舛添直言】9月下旬にはホワイトハウスでトランプ・習近平会談、国際情勢に大きな地殻変動が起きる可能性も,https://jbpress.ismedia.jp/articles/-/96855,https://news.ceek.jp/search.cgi?category_id=world&feed=1,ok,,国際
2026-09-05,2026-09-05T07:35:11.396174+09:00,その他メディア,,JBpress,米軍が最先端「デジタル・電子戦部隊」を韓国に配置...中国の反発は必至、韓国は「第2のTHAAD」問題の悪夢に,https://jbpress.ismedia.jp/articles/-/96866,https://news.ceek.jp/search.cgi?category_id=world&feed=1,ok,,国際
2026-09-05,2026-09-05T07:35:11.396174+09:00,その他メディア,,共同通信,米、トルコ金融機関を制裁対象に 対イランで経済圧力強化,https://www.47news.jp/14894269.html,https://news.ceek.jp/search.cgi?category_id=world&feed=1,ok,,国際
2026-09-05,2026-09-05T07:35:11.396174+09:00,その他メディア,,テレビ朝日,ウクライナ保安庁の本部にドローン 15人けが「ロシアはさらなる痛烈な報復に直面」,https://news.tv-asahi.co.jp/news_international/articles/000531236.html,https://news.ceek.jp/search.cgi?category_id=world&feed=1,ok,,国際
2026-09-05,2026-09-05T07:35:11.396174+09:00,その他メディア,,Pars Today,ハマス;「イスラエルは未だガザ住民追放計画を放棄していない」,https://parstoday.ir/ja/news/west_asia-i134410,https://news.ceek.jp/search.cgi?category_id=world&feed=1,ok,,国際
2026-09-05,2026-09-05T07:35:11.396174+09:00,全国紙,全国,日本経済新聞,米ディーゼル価格最高値 ロシアなど世界で精製能力が低下,https://www.nikkei.com/article/DGXZQOGN04BMY0U6A900C2000000/,https://news.ceek.jp/search.cgi?category_id=world&feed=1,ok,,国際
2026-09-05,2026-09-05T07:35:11.396174+09:00,その他メディア,,Pars Today,米国で戦争受け軽油価格が最高値を記録,https://parstoday.ir/ja/news/world-i134408,https://news.ceek.jp/search.cgi?category_id=world&feed=1,ok,,国際
2026-09-05,2026-09-05T07:35:11.396174+09:00,全国紙,全国,読売新聞,伊メローニ政権、戦後最長 3年10か月 EUと協調、現実路線,https://www.yomiuri.co.jp/world/20260905-GYT1T00029/,https://news.ceek.jp/search.cgi?category_id=world&feed=1,ok,,国際
2026-09-05,2026-09-05T07:35:11.396174+09:00,全国紙,全国,日本経済新聞,中国「紅色旅行」が活況 革命聖地に親子連れ、習近平指導部が奨励,https://www.nikkei.com/article/DGXZQOGM144WD0U6A810C2000000/,https://news.ceek.jp/search.cgi?category_id=world&feed=1,ok,,国際
2026-09-05,2026-09-05T07:35:11.396174+09:00,全国紙,全国,日本経済新聞,中東に「パキスタン核の傘」 米不在の安保再編、新たな衝突の火種に,https://www.nikkei.com/article/DGXZQOGR301250Q6A830C2000000/,https://news.ceek.jp/search.cgi?category_id=world&feed=1,ok,,国際
2026-09-05,2026-09-05T07:35:11.396174+09:00,全国紙,全国,日本経済新聞,ラオス、金取引店がきらり 通貨安で客足絶えず,https://www.nikkei.com/article/DGXZQOUC037500T00C26A9000000/,https://news.ceek.jp/search.cgi?category_id=world&feed=1,ok,,国際
2026-09-05,2026-09-05T07:35:11.396174+09:00,全国紙,全国,読売新聞,中東紛争、日本の貢献期待...駐日トルコ大使,https://www.yomiuri.co.jp/world/20260905-GYT1T00027/,https://news.ceek.jp/search.cgi?category_id=world&feed=1,ok,,国際
2026-09-05,2026-09-05T07:35:11.396174+09:00,全国紙,全国,読売新聞,ネパール土石流で被災のトンネルから男性2人救助「望みを失いかけていた、奇跡だ」...まだ生存者か,https://www.yomiuri.co.jp/world/20260905-GYT1T00039/,https://news.ceek.jp/search.cgi?category_id=world&feed=1,ok,,国際
2026-09-05,2026-09-05T07:35:11.396174+09:00,その他メディア,,デイリー新潮,「200人の若い愛人が」「3機のプライベートジェットを所有」 中国の「超ド級バブル経営者」が無期懲役に,https://www.dailyshincho.jp/article/2026/09050459/?all=1,https://news.ceek.jp/search.cgi?category_id=world&feed=1,ok,,国際
2026-09-05,2026-09-05T07:35:11.396174+09:00,その他メディア,,TBSテレビ,ベネチア国際映画祭 塚本晋也監督「ネルソンさん、あなたは人を殺しましたか?」が公式上映 北野武監督以来29年ぶりの金獅子賞受賞なるか?,https://newsdig.tbs.co.jp/articles/-/2922991?display=1,https://news.ceek.jp/search.cgi?category_id=world&feed=1,ok,,国際
2026-09-05,2026-09-05T07:35:11.396174+09:00,その他メディア,,テレビ朝日,米国やカナダの運転免許証など1.6億件流出か FBIが捜査 ヘグセス長官の免許も,https://news.tv-asahi.co.jp/news_international/articles/000531230.html,https://news.ceek.jp/search.cgi?category_id=world&feed=1,ok,,国際
2026-09-05,2026-09-05T07:35:11.396174+09:00,全国紙,全国,日本経済新聞,米9月利上げ予想優勢に トランプ氏「高金利許さず」、板挟みのFRB議長,https://www.nikkei.com/article/DGXZQOGN04B7J0U6A900C2000000/,https://news.ceek.jp/search.cgi?category_id=world&feed=1,ok,,国際
2026-09-05,2026-09-05T07:35:11.396174+09:00,その他メディア,,共同通信,【速報】米制裁指定のトルコ銀行、イラン仲介を否定,https://www.47news.jp/14894025.html,https://news.ceek.jp/search.cgi?category_id=world&feed=1,ok,,国際
2026-09-05,2026-09-05T07:35:11.396174+09:00,全国紙,全国,日本経済新聞,習近平氏の訪米に企業代表団が同行 9月下旬のワシントン訪問,https://www.nikkei.com/article/DGXZQOGN04BQQ0U6A900C2000000/,https://news.ceek.jp/search.cgi?category_id=world&feed=1,ok,,国際
2026-09-05,2026-09-05T07:35:11.396174+09:00,その他メディア,,ウクルインフォルム,米特別代表は6日にキーウ訪問の予定=ゼレンシキー宇大統領,https://www.ukrinform.jp/rubric-polytics/4160991-mi-te-bie-dai-biaoharinikiu-fang-wenno-yu-dingzerenshiki-yu-da-tong-ling.html,https://news.ceek.jp/search.cgi?category_id=world&feed=1,ok,,国際
2026-09-05,2026-09-05T07:35:11.396174+09:00,その他メディア,,日本テレビ,フィリピン裁判所 ドゥテルテ前大統領の娘・サラ副大統領に逮捕状 マルコス大統領への脅迫の疑い 地元メディア,https://news.ntv.co.jp/category/international/6629aedbf7b54387925324b0efbe5fda,https://news.ceek.jp/search.cgi?category_id=world&feed=1,ok,,国際
2026-09-05,2026-09-05T07:35:11.396174+09:00,その他メディア,,日本テレビ,8月の米雇用統計、市場予想を大きく上回る 就業者数は前月から16万2000人増加,https://news.ntv.co.jp/category/international/351142c8b7cd4e02aa0304fc2caa641c,https://news.ceek.jp/search.cgi?category_id=world&feed=1,ok,,国際
2026-09-05,2026-09-05T07:35:11.396174+09:00,その他メディア,,テレビ朝日,トランプ氏の政策を基にしたゲーム公開 「SEGA」模倣し「MAGA」のロゴ,https://news.tv-asahi.co.jp/news_international/articles/000531222.html,https://news.ceek.jp/search.cgi?category_id=world&feed=1,ok,,国際
2026-09-05,2026-09-05T07:35:11.396174+09:00,その他メディア,,フジテレビ,アメリカ「トランプを殺せ」ステッカーも販売 大統領への殺害脅迫などでポッドキャスターの男逮捕,https://www.fnn.jp/articles/-/1108355,https://news.ceek.jp/search.cgi?category_id=world&feed=1,ok,,国際
2026-09-05,2026-09-05T07:35:11.396174+09:00,その他メディア,,テレビ朝日,"英領フォークランド油田掘削で“制裁""アルゼンチン大統領 英企業を牽制 英側は反発",https://news.tv-asahi.co.jp/news_international/articles/000531221.html,https://news.ceek.jp/search.cgi?category_id=world&feed=1,ok,,国際
2026-09-05,2026-09-05T07:35:11.396174+09:00,その他メディア,,日本テレビ,国境地帯から80キロ以上離れた町でも...土石流の爪痕残る現地を取材,https://news.ntv.co.jp/category/international/a5fa0898fad94a77b0c6ee789dc4a8bc,https://news.ceek.jp/search.cgi?category_id=world&feed=1,ok,,国際
2026-09-05,2026-09-05T07:35:11.396174+09:00,その他メディア,,日本テレビ,"“トンネル内の水を服でろ過して飲んでいた"" ネパール土石流の発生から9日...作業員2人を救出",https://news.ntv.co.jp/category/international/c6ad33eaabc24b70aedf2c806ec8d344,https://news.ceek.jp/search.cgi?category_id=world&feed=1,ok,,国際
2026-09-05,2026-09-05T07:35:11.396174+09:00,その他メディア,,TBSテレビ,ネパール・埋もれた発電所で約200時間ぶりに2人救出 土石流の威力を分析...時速167kmで直撃か【news23】,https://newsdig.tbs.co.jp/articles/-/2922965?display=1,https://news.ceek.jp/search.cgi?category_id=world&feed=1,ok,,国際
2026-09-05,2026-09-05T07:35:11.396174+09:00,その他メディア,,フジテレビ,ロシア軍がウクライナ保安局本部をドローン攻撃 長官執務室狙ったか 12人けが,https://www.fnn.jp/articles/-/1108353,https://news.ceek.jp/search.cgi?category_id=world&feed=1,ok,,国際
2026-09-05,2026-09-05T07:35:11.396174+09:00,その他メディア,,TBSテレビ,"“正しい鼻のかみ方""でイグ・ノーベル賞...日本人20年連続受賞!世界で“鼻のかみ方""くらべてみたら...片方ずつ?両方一緒に?文化の違いも【news23】",https://newsdig.tbs.co.jp/articles/-/2922963?display=1,https://news.ceek.jp/search.cgi?category_id=world&feed=1,ok,,国際
2026-09-05,2026-09-05T07:35:11.396174+09:00,その他メディア,,Abema TIMES,"発生9日の“奇跡""ネパール水力発電所から2人救出 いまだ5000人以上が行方不明",https://times.abema.tv/articles/-/10271257?page=1,https://news.ceek.jp/search.cgi?category_id=world&feed=1,ok,,国際
2026-09-05,2026-09-05T07:35:11.396174+09:00,その他メディア,,ウクルインフォルム,ロシア軍の自爆型無人機、キーウの保安庁本部に着弾,https://www.ukrinform.jp/rubric-ato/4160963-roshia-junno-zi-bao-xing-wu-ren-jikiuno-bao-an-ting-ben-buni-zhe-dan.html,https://news.ceek.jp/search.cgi?category_id=world&feed=1,ok,,国際
2026-09-05,2026-09-05T07:35:11.396174+09:00,全国紙,全国,読売新聞,ウクライナ情報機関の本部庁舎にロシア軍が無人機攻撃、長官執務室狙ったか...ゼレンスキー氏は報復指示,https://www.yomiuri.co.jp/world/20260905-GYT1T00023/,https://news.ceek.jp/search.cgi?category_id=world&feed=1,ok,,国際
2026-09-05,2026-09-05T07:35:11.396174+09:00,その他メディア,,日本テレビ,"【ネパール土石流】発生から9日...“救出劇""水力発電所のトンネル内から2人の生存者",https://news.ntv.co.jp/category/international/61f6b855649147f597c4acaa62f0e31b,https://news.ceek.jp/search.cgi?category_id=world&feed=1,ok,,国際
2026-09-05,2026-09-05T07:35:11.396174+09:00,その他メディア,,TBSテレビ,"米8月雇用統計 +16万2000人 市場予想を大きく上回る 失業率は4.1%で前月から横ばい FRB・今月15日からの会合で“利上げ""判断か",https://newsdig.tbs.co.jp/articles/-/2922936?display=1,https://news.ceek.jp/search.cgi?category_id=world&feed=1,ok,,国際
2026-09-05,2026-09-05T07:35:11.396174+09:00,全国紙,全国,産経新聞,ウクライナ情報機関の保安局にロシア軍が無人機攻撃、9人負傷 ゼレンスキー氏は報復指示,https://www.sankei.com/article/20260905-ZNH6POW2M5JA7DAGNOSLHSXZ7Q/,https://news.ceek.jp/search.cgi?category_id=world&feed=1,ok,,国際
2026-09-05,2026-09-05T07:35:11.396174+09:00,その他メディア,,ロイター,EXCLUSIVE 習氏訪米に大規模な企業代表団同行へ、投資意欲アピールか=関係筋,https://jp.reuters.com/world/security/FJDWICFXJRKO5EGCI2OD5TM6PE-2026-09-04/,https://news.ceek.jp/search.cgi?category_id=world&feed=1,ok,,国際
2026-09-05,2026-09-05T07:35:11.396174+09:00,その他メディア,,Abema TIMES,米特使が週末にモスクワ・キーウ訪問か,https://times.abema.tv/articles/-/10271261?page=1,https://news.ceek.jp/search.cgi?category_id=world&feed=1,ok,,国際
2026-09-05,2026-09-05T07:35:11.396174+09:00,その他メディア,,TBSテレビ,ネパール土石流 水力発電所のトンネルから生存者2人救出 発生から9日後 漏れてくる水飲み喉の渇きしのぐ ほかに1人の遺体発見,https://newsdig.tbs.co.jp/articles/-/2922868?display=1,https://news.ceek.jp/search.cgi?category_id=world&feed=1,ok,,国際
2026-09-05,2026-09-05T07:35:11.396174+09:00,その他メディア,,フジテレビ,アメリカ雇用統計 市場予想を大幅に上回る トランプ大統領「金利を下げろ」FRBに改めて要求,https://www.fnn.jp/articles/-/1108342,https://news.ceek.jp/search.cgi?category_id=world&feed=1,ok,,国際
2026-09-05,2026-09-05T07:35:11.396174+09:00,その他メディア,,テレビ朝日,"発生9日の“奇跡""ネパール水力発電所から2人救出 いまだ5000人以上が行方不明",https://news.tv-asahi.co.jp/news_international/articles/900198919.html,https://news.ceek.jp/search.cgi?category_id=world&feed=1,ok,,国際
2026-09-05,2026-09-05T07:35:11.396174+09:00,その他メディア,,台湾国際放送,洪申翰・労働部長、APEC閣僚会議に出席へ 頼政権初の訪中閣僚に,https://www.rti.org.tw/jp/news?uid=3&pid=230231,https://news.ceek.jp/search.cgi?category_id=world&feed=1,ok,,国際
2026-09-05,2026-09-05T07:35:11.396174+09:00,その他メディア,,ロイター,米英仏独、IAEA理事会でイランの安保理付託を要請=外交筋,https://jp.reuters.com/world/security/DJ4PZY7DEFKFVNZY5U7X7IVZ6E-2026-09-04/,https://news.ceek.jp/search.cgi?category_id=world&feed=1,ok,,国際
2026-09-05,2026-09-05T07:35:11.396174+09:00,その他メディア,,日本テレビ,"ゼレンスキー大統領“首都キーウの保安庁庁舎が露の無人機攻撃受けた""",https://news.ntv.co.jp/category/international/fee2e7e1207e4eb8b683550db8b159f5,https://news.ceek.jp/search.cgi?category_id=world&feed=1,ok,,国際
2026-09-05,2026-09-05T07:35:11.396174+09:00,全国紙,全国,日本経済新聞,ロシア、ウクライナ保安局庁舎を攻撃 無人機直撃とゼレンスキー氏,https://www.nikkei.com/article/DGXZQOGR04B7X0U6A900C2000000/,https://news.ceek.jp/search.cgi?category_id=world&feed=1,ok,,国際
2026-09-05,2026-09-05T07:35:11.396174+09:00,その他メディア,,ロイター,ウクライナ情報機関本部にロシア軍ドローン攻撃、ゼレンスキー氏報復表明,https://jp.reuters.com/world/ukraine/AMNSEYYBO5M7XMZLRSE3RUFRCU-2026-09-04/,https://news.ceek.jp/search.cgi?category_id=world&feed=1,ok,,国際
2026-09-05,2026-09-05T07:35:11.396174+09:00,その他メディア,,長野日報,2026年9月5日付,https://www.nagano-np.co.jp/news/detail.php?id=6450,https://news.ceek.jp/search.cgi?category_id=local&feed=1,ok,,地方・地域
2026-09-05,2026-09-05T07:35:11.396174+09:00,全国紙,全国,東京新聞,太陽光パネル下でブドウ豊作 10日からシャインマスカット販売 西武所沢駅東口,https://www.tokyo-np.co.jp/article/513564,https://news.ceek.jp/search.cgi?category_id=local&feed=1,ok,,地方・地域
2026-09-05,2026-09-05T07:35:11.396174+09:00,全国紙,全国,東京新聞,新学校給食センターのオープン祝う 入間市 アレルギー対応に専用室,https://www.tokyo-np.co.jp/article/513560,https://news.ceek.jp/search.cgi?category_id=local&feed=1,ok,,地方・地域
2026-09-05,2026-09-05T07:35:11.396174+09:00,地方紙,沖縄,沖縄タイムス,コザの街はエイサー一色 迫力の演舞に指笛や拍手 沖縄全島エイサーまつり開幕、9月6日まで,https://www.okinawatimes.co.jp/articles/-/1917560,https://news.ceek.jp/search.cgi?category_id=local&feed=1,ok,,地方・地域
2026-09-05,2026-09-05T07:35:11.396174+09:00,全国紙,全国,東京新聞,コンサート収益で障害者支援 浦和で来月、秋川雅史さんら出演,https://www.tokyo-np.co.jp/article/513563,https://news.ceek.jp/search.cgi?category_id=local&feed=1,ok,,地方・地域
2026-09-05,2026-09-05T07:35:11.396174+09:00,全国紙,全国,東京新聞,滑川町長選あす投開票 町議補選も,https://www.tokyo-np.co.jp/article/513562,https://news.ceek.jp/search.cgi?category_id=local&feed=1,ok,,地方・地域
2026-09-05,2026-09-05T07:35:11.396174+09:00,全国紙,全国,東京新聞,給与など1237万円を元長瀞町長が返還 有罪判決で当選無効,https://www.tokyo-np.co.jp/article/513561,https://news.ceek.jp/search.cgi?category_id=local&feed=1,ok,,地方・地域
2026-09-05,2026-09-05T07:35:11.396174+09:00,その他メディア,,TBSテレビ,【気象情報】鹿児島県屋久島町に警戒レベル5土砂災害特別警報 台風24号と熱帯低気圧で7日にかけ太平洋側も大雨厳重警戒【雨と風のシミュレーション】,https://newsdig.tbs.co.jp/articles/-/2923029?display=1,https://news.ceek.jp/search.cgi?category_id=local&feed=1,ok,,地方・地域
2026-09-05,2026-09-05T07:35:11.396174+09:00,全国紙,全国,毎日新聞,鹿児島・屋久島町にレベル5土砂災害特別警報 線状降水帯も発生,https://mainichi.jp/articles/20260905/k00/00m/040/004000c,https://news.ceek.jp/search.cgi?category_id=local&feed=1,ok,,地方・地域
2026-09-05,2026-09-05T07:35:11.396174+09:00,全国紙,全国,東京新聞,千葉豪雨 災害見舞金などに1億7400万円 市川市が追加補正予算案,https://www.tokyo-np.co.jp/article/513555,https://news.ceek.jp/search.cgi?category_id=local&feed=1,ok,,地方・地域
2026-09-05,2026-09-05T07:35:11.396174+09:00,その他メディア,,陸奥新報,青森県産品ブランドロゴ一新「AOMORI ONE」,https://mutsushimpo.com/news/jysff8c1/,https://news.ceek.jp/search.cgi?category_id=local&feed=1,ok,,地方・地域
2026-09-05,2026-09-05T07:35:11.396174+09:00,全国紙,全国,毎日新聞,部活動の地域展開、兵庫で本格化 加入しない子の居場所づくりも,https://mainichi.jp/articles/20260903/k00/00m/310/121000c,https://news.ceek.jp/search.cgi?category_id=local&feed=1,ok,,地方・地域
2026-09-05,2026-09-05T07:35:11.396174+09:00,全国紙,全国,東京新聞,千葉豪雨 小湊鉄道 里見-月崎間 きょうから運行再開,https://www.tokyo-np.co.jp/article/513554,https://news.ceek.jp/search.cgi?category_id=local&feed=1,ok,,地方・地域
2026-09-05,2026-09-05T07:35:11.396174+09:00,全国紙,全国,東京新聞,千葉豪雨 住宅被害相談窓口を千葉など7市で開設 県が無料で,https://www.tokyo-np.co.jp/article/513553,https://news.ceek.jp/search.cgi?category_id=local&feed=1,ok,,地方・地域
2026-09-05,2026-09-05T07:35:11.396174+09:00,全国紙,全国,東京新聞,災害関連死防止など公明県議団が要望書,https://www.tokyo-np.co.jp/article/513552,https://news.ceek.jp/search.cgi?category_id=local&feed=1,ok,,地方・地域
2026-09-05,2026-09-05T07:35:11.396174+09:00,その他メディア,,福島民友新聞,日東紡などの「郡山モデル」、CO2の循環実証で環境省委託事業に,https://www.minyu-net.com/news/detail/2026090507542854443,https://news.ceek.jp/search.cgi?category_id=local&feed=1,ok,,地方・地域
2026-09-05,2026-09-05T07:35:11.396174+09:00,全国紙,全国,中日新聞,塚本晋也監督作品に大きな拍手 ベネチア国際映画祭で公式上映,https://www.chunichi.co.jp/article/1306971,https://news.ceek.jp/search.cgi?category_id=local&feed=1,ok,,地方・地域
2026-09-05,2026-09-05T07:35:11.396174+09:00,地方紙,広島,中国新聞,塚本晋也監督作品に大きな拍手,https://www.chugoku-np.co.jp/articles/-/890418,https://news.ceek.jp/search.cgi?category_id=local&feed=1,ok,,地方・地域
2026-09-05,2026-09-05T07:35:11.396174+09:00,全国紙,全国,中日新聞,英右派党首、政権奪取を宣言 不法移民対策の強化訴え,https://www.chunichi.co.jp/article/1306970,https://news.ceek.jp/search.cgi?category_id=local&feed=1,ok,,地方・地域
2026-09-05,2026-09-05T07:35:11.396174+09:00,地方紙,広島,中国新聞,英右派党首、政権奪取を宣言,https://www.chugoku-np.co.jp/articles/-/890417,https://news.ceek.jp/search.cgi?category_id=local&feed=1,ok,,地方・地域
2026-09-05,2026-09-05T07:35:11.396174+09:00,全国紙,全国,東京新聞,補正予算案382億円 県議会開会,https://www.tokyo-np.co.jp/article/513551,https://news.ceek.jp/search.cgi?category_id=local&feed=1,ok,,地方・地域
2026-09-05,2026-09-05T07:35:11.396174+09:00,全国紙,全国,東京新聞,市川市特産の規格外品を活用 「梨ウォーター」で環境守ろう 1本につき1円を市の保全活動費に,https://www.tokyo-np.co.jp/article/513550,https://news.ceek.jp/search.cgi?category_id=local&feed=1,ok,,地方・地域
2026-09-05,2026-09-05T07:35:11.396174+09:00,全国紙,全国,中日新聞,イラン核問題の安保理付託を要求 米英仏独、決議案提出へ,https://www.chunichi.co.jp/article/1306969,https://news.ceek.jp/search.cgi?category_id=local&feed=1,ok,,地方・地域
2026-09-05,2026-09-05T07:35:11.396174+09:00,地方紙,広島,中国新聞,イラン核問題の安保理付託を要求,https://www.chugoku-np.co.jp/articles/-/890416,https://news.ceek.jp/search.cgi?category_id=local&feed=1,ok,,地方・地域
2026-09-05,2026-09-05T07:35:11.396174+09:00,全国紙,全国,東京新聞,長生村長選 あす投開票 村議補選も,https://www.tokyo-np.co.jp/article/513549,https://news.ceek.jp/search.cgi?category_id=local&feed=1,ok,,地方・地域
2026-09-05,2026-09-05T07:35:11.396174+09:00,全国紙,全国,朝日新聞,国内推薦の彦根城 世界遺産へ推せ推せ! ひこにゃん、PR役も心得,https://www.asahi.com/articles/ASV942VLCV94PTJB004M.html,https://news.ceek.jp/search.cgi?category_id=local&feed=1,ok,,地方・地域
2026-09-05,2026-09-05T07:35:11.396174+09:00,その他メディア,,Lmaga.jp,【予約早めに】JR西日本がシルバーウィークの「席予約状況」発表、早くも前年比200%に...ピークはいつ?,https://www.lmaga.jp/news/2026/09/1096914/,https://news.ceek.jp/search.cgi?category_id=local&feed=1,ok,,地方・地域
2026-09-05,2026-09-05T07:35:11.396174+09:00,その他メディア,,福井新聞,法定速度30キロ 生活道路「人優先」徹底を,https://www.fukuishimbun.co.jp/articles/-/2691484,https://news.ceek.jp/search.cgi?category_id=local&feed=1,ok,,地方・地域
2026-09-05,2026-09-05T07:35:11.396174+09:00,その他メディア,,鹿児島テレビ,屋久島町にレベル5・土砂災害特別警報,https://www.kts-tv.co.jp/news/28548/,https://news.ceek.jp/search.cgi?category_id=local&feed=1,ok,,地方・地域
2026-09-05,2026-09-05T07:35:11.396174+09:00,その他メディア,,福島民友新聞,「生活道路」速度上限引き下げ、いわき中央署が取り締まり,https://www.minyu-net.com/news/detail/2026090507340054440,https://news.ceek.jp/search.cgi?category_id=local&feed=1,ok,,地方・地域
2026-09-05,2026-09-05T07:35:11.396174+09:00,その他メディア,,佐賀新聞,スポーツビジネス、ドローンなど 地域未来戦略、参加企業を公募 政府の経済活性化策、佐賀県が計画策定へ,https://www.saga-s.co.jp/articles/-/1785454,https://news.ceek.jp/search.cgi?category_id=local&feed=1,ok,,地方・地域
2026-09-05,2026-09-05T07:35:11.396174+09:00,その他メディア,,フジテレビ,「体が元気になれる」高齢の聴覚障がい者同士が手話で気兼ねなく交流できる場所【手話が語る福祉 岡山】,https://www.fnn.jp/articles/-/1108435,https://news.ceek.jp/search.cgi?category_id=local&feed=1,ok,,地方・地域
2026-09-05,2026-09-05T07:35:11.396174+09:00,その他メディア,,まいどなニュース,昭和ツッパリ夫と平成ギャル妻の出会いは令和のAI 「私をずっと感じてほしい」と夫に贈った「妻の顔入りパンツ」にMC2人も仰天【新婚さん】,https://maidonanews.jp/article/16859765,https://news.ceek.jp/search.cgi?category_id=local&feed=1,ok,,地方・地域
2026-09-05,2026-09-05T07:35:11.396174+09:00,その他メディア,,フジテレビ,屋久島町にレベル5・土砂災害特別警報,https://www.fnn.jp/articles/-/1108436,https://news.ceek.jp/search.cgi?category_id=local&feed=1,ok,,地方・地域
2026-09-05,2026-09-05T07:35:11.396174+09:00,その他メディア,,岐阜新聞,豊かな秋の予感 中津川市と恵那市で収穫、わせ栗の選果,https://www.gifu-np.co.jp/articles/-/765040,https://news.ceek.jp/search.cgi?category_id=local&feed=1,ok,,地方・地域
2026-09-05,2026-09-05T07:35:11.396174+09:00,全国紙,全国,東京新聞,横浜・国際園芸博 チケット購入者 来場日時予約を先着順で開始 開幕半年前 18日から 混雑緩和へ シャトルバスや駐車場も,https://www.tokyo-np.co.jp/article/513540,https://news.ceek.jp/search.cgi?category_id=local&feed=1,ok,,地方・地域
2026-09-05,2026-09-05T07:35:11.396174+09:00,全国紙,全国,東京新聞,鎌倉インテルFC代表・四方(よも)健太郎さん新著 自分の枠飛び出し「越境人」に わくわくする人生のためやってみよう!!,https://www.tokyo-np.co.jp/article/513539,https://news.ceek.jp/search.cgi?category_id=local&feed=1,ok,,地方・地域
2026-09-05,2026-09-05T07:35:11.396174+09:00,その他メディア,,福島民友新聞,いわきの久伸電機が破産開始決定,https://www.minyu-net.com/news/detail/2026090507254454439,https://news.ceek.jp/search.cgi?category_id=local&feed=1,ok,,地方・地域
2026-09-05,2026-09-05T07:35:11.396174+09:00,全国紙,全国,東京新聞,支援する側の「認知症観」は 川崎・聖マリ病院 26日、交流イベント,https://www.tokyo-np.co.jp/article/513538,https://news.ceek.jp/search.cgi?category_id=local&feed=1,ok,,地方・地域
2026-09-05,2026-09-05T07:35:11.396174+09:00,その他メディア,,札幌テレビ,作付面積は9年で2倍に!ブランド化進む「道産ニンニク」消費も拡大 キーワードは気候変動 北海道,https://www.stv.jp/news/stvnews/kiji/sta6980497d6aa4e098cfedb790434007b.html,https://news.ceek.jp/search.cgi?category_id=local&feed=1,ok,,地方・地域
2026-09-05,2026-09-05T07:35:11.396174+09:00,地方紙,広島,中国新聞,インドネシアで大規模噴火,https://www.chugoku-np.co.jp/articles/-/890415,https://news.ceek.jp/search.cgi?category_id=local&feed=1,ok,,地方・地域
2026-09-05,2026-09-05T07:35:11.396174+09:00,全国紙,全国,中日新聞,インドネシアで大規模噴火 日本への影響調査,https://www.chunichi.co.jp/article/1306968,https://news.ceek.jp/search.cgi?category_id=local&feed=1,ok,,地方・地域
2026-09-05,2026-09-05T07:35:11.396174+09:00,全国紙,全国,東京新聞,綾瀬市 敬老の日お祝い 立行司・式守伊之助さんの「書」ポストカードを贈呈,https://www.tokyo-np.co.jp/article/513537,https://news.ceek.jp/search.cgi?category_id=local&feed=1,ok,,地方・地域
2026-09-05,2026-09-05T07:35:11.396174+09:00,全国紙,全国,東京新聞,米軍「根岸住宅地区」返還式典 150人出席 防衛相「戦後の歴史の節目」,https://www.tokyo-np.co.jp/article/513536,https://news.ceek.jp/search.cgi?category_id=local&feed=1,ok,,地方・地域
2026-09-05,2026-09-05T07:35:11.396174+09:00,全国紙,全国,中日新聞,NY円、156円台前半 米雇用統計で一時円安進行,https://www.chunichi.co.jp/article/1306967,https://news.ceek.jp/search.cgi?category_id=local&feed=1,ok,,地方・地域
2026-09-05,2026-09-05T07:35:11.396174+09:00,全国紙,全国,東京新聞,港運協会などが熊本に義援金 横浜市に300万円の目録贈呈 被災者の生活支援に役立てて,https://www.tokyo-np.co.jp/article/513535,https://news.ceek.jp/search.cgi?category_id=local&feed=1,ok,,地方・地域
2026-09-05,2026-09-05T07:35:11.396174+09:00,地方紙,広島,中国新聞,NY円、156円台前半,https://www.chugoku-np.co.jp/articles/-/890414,https://news.ceek.jp/search.cgi?category_id=local&feed=1,ok,,地方・地域
2026-09-05,2026-09-05T07:35:11.396174+09:00,その他メディア,,福島民友新聞,郡山の飲食店爆発事故控訴審、3社が請求棄却求める,https://www.minyu-net.com/news/detail/2026090507220054438,https://news.ceek.jp/search.cgi?category_id=local&feed=1,ok,,地方・地域
2026-09-05,2026-09-05T07:35:11.396174+09:00,全国紙,全国,東京新聞,防災庁 11月発足 期待する役割は? 品川で講演、専門家9人が課題訴え 「平時から予算つけて」「町内会とNPOつなげて」,https://www.tokyo-np.co.jp/article/513525,https://news.ceek.jp/search.cgi?category_id=local&feed=1,ok,,地方・地域
2026-09-05,2026-09-05T07:35:11.396174+09:00,その他メディア,,福島民友新聞,無保険の運転代行、福島県で横行 低価格競争原因か,https://www.minyu-net.com/news/detail/2026090507133554434,https://news.ceek.jp/search.cgi?category_id=local&feed=1,ok,,地方・地域
2026-09-05,2026-09-05T07:35:11.396174+09:00,その他メディア,,山梨日日新聞,中央道 下りで渋滞〈午前7時現在〉,https://www.sannichi.co.jp/article/2026/09/05/80720253,https://news.ceek.jp/search.cgi?category_id=local&feed=1,ok,,地方・地域
2026-09-05,2026-09-05T07:35:11.396174+09:00,全国紙,全国,東京新聞,浅草を「世界のクリエーター集う場所へ」 魅力発信へ組織発足 発表会でメンバー紹介,https://www.tokyo-np.co.jp/article/513522,https://news.ceek.jp/search.cgi?category_id=local&feed=1,ok,,地方・地域
2026-09-05,2026-09-05T07:35:11.396174+09:00,全国紙,全国,東京新聞,練馬の区立中 29年度統合 区議会で所信表明 吉田区長「区の方針に沿う」 6月議会では「いったん立ち止まる」,https://www.tokyo-np.co.jp/article/513526,https://news.ceek.jp/search.cgi?category_id=local&feed=1,ok,,地方・地域
2026-09-05,2026-09-05T07:35:11.396174+09:00,その他メディア,,山陽新聞,ヒノキの香りのせっけん エーゼログループ、端材など活用,https://www.sanyonews.jp/article/1979300/,https://news.ceek.jp/search.cgi?category_id=local&feed=1,ok,,地方・地域
2026-09-05,2026-09-05T07:35:11.396174+09:00,その他メディア,,福島民友新聞,酒気帯び運転疑いで無職の男逮捕,https://www.minyu-net.com/news/detail/2026090507163954435,https://news.ceek.jp/search.cgi?category_id=local&feed=1,ok,,地方・地域
2026-09-05,2026-09-05T07:35:11.396174+09:00,全国紙,全国,東京新聞,災害時の対処法を体験し学ぶ VR疑似避難や消火器訓練 あす 国分寺消防署「救急防災フェア」,https://www.tokyo-np.co.jp/article/513519,https://news.ceek.jp/search.cgi?category_id=local&feed=1,ok,,地方・地域
2026-09-05,2026-09-05T07:35:11.396174+09:00,全国紙,全国,東京新聞,多彩な庭「こだいらオープンガーデン」 20年の歩みや魅力紹介 市役所でパネル展,https://www.tokyo-np.co.jp/article/513518,https://news.ceek.jp/search.cgi?category_id=local&feed=1,ok,,地方・地域
2026-09-05,2026-09-05T07:35:11.396174+09:00,その他メディア,,名古屋テレビ,"揺らぐ“命の支え"" 高額療養費の負担増で治療断念の可能性も...亡き医大生が訴え続けたメッセージとは",https://www.nagoyatv.com/news/?id=037027,https://news.ceek.jp/search.cgi?category_id=local&feed=1,ok,,地方・地域
2026-09-05,2026-09-05T07:35:11.396174+09:00,全国紙,全国,中日新聞,為替相場 5日(日本時間 7時),https://www.chunichi.co.jp/article/1306944,https://news.ceek.jp/search.cgi?category_id=local&feed=1,ok,,地方・地域
2026-09-05,2026-09-05T07:35:11.396174+09:00,地方紙,広島,中国新聞,6日の天気(西日本),https://www.chugoku-np.co.jp/articles/-/890412,https://news.ceek.jp/search.cgi?category_id=local&feed=1,ok,,地方・地域
2026-09-05,2026-09-05T07:35:11.396174+09:00,地方紙,広島,中国新聞,6日の天気(東日本),https://www.chugoku-np.co.jp/articles/-/890411,https://news.ceek.jp/search.cgi?category_id=local&feed=1,ok,,地方・地域
2026-09-05,2026-09-05T07:35:11.396174+09:00,その他メディア,,岐阜新聞,きょう・あすの天気予報【岐阜県美濃 飛騨】,https://www.gifu-np.co.jp/articles/-/738961,https://news.ceek.jp/search.cgi?category_id=local&feed=1,ok,,地方・地域
2026-09-05,2026-09-05T07:35:11.396174+09:00,その他メディア,,TBSテレビ,【倒産情報】北海道産高級ナマコ販売の「海王物産」が事業停止、自己破産へ 負債約15億円 中国の禁輸措置やコロナ禍で業績悪化《帝国データバンク》,https://newsdig.tbs.co.jp/articles/-/2920839?display=1,https://news.ceek.jp/search.cgi?category_id=local&feed=1,ok,,地方・地域
2026-09-05,2026-09-05T07:35:11.396174+09:00,その他メディア,,TBSテレビ,【台風のたまご】新たな「熱帯低気圧」発生 先に北上する予想【3時間ごと雨風シミュレーション】台風24号が「ループする」理由か「藤原の効果」とは【台風情報】,https://newsdig.tbs.co.jp/articles/-/2922839?display=1,https://news.ceek.jp/search.cgi?category_id=local&feed=1,ok,,地方・地域
2026-09-05,2026-09-05T07:35:11.396174+09:00,地方紙,広島,中国新聞,授業でAI活用へ 自ら考える力こそ養わねば,https://www.chugoku-np.co.jp/articles/-/890233,https://news.ceek.jp/search.cgi?category_id=local&feed=1,ok,,地方・地域
2026-09-05,2026-09-05T07:35:11.396174+09:00,地方紙,広島,中国新聞,高橋秀さん,https://www.chugoku-np.co.jp/articles/-/890245,https://news.ceek.jp/search.cgi?category_id=local&feed=1,ok,,地方・地域
2026-09-05,2026-09-05T07:35:11.396174+09:00,その他メディア,,佐賀新聞,がん経験者の骨折リスク1.4倍 佐賀市民1万人、10年追跡調査 佐賀大の研究グループ、予防の重要性示す,https://www.saga-s.co.jp/articles/-/1785464,https://news.ceek.jp/search.cgi?category_id=local&feed=1,ok,,地方・地域
2026-09-05,2026-09-05T07:35:11.396174+09:00,その他メディア,,フジテレビ,【ヒグマ速報】デントコーン1000本食い荒らされた!幅15センチの足跡にフン残す...畑の中にはクマが掘ったとみられる穴も_市は箱わな設置へ〈北海道函館市〉,https://www.fnn.jp/articles/-/1108432,https://news.ceek.jp/search.cgi?category_id=local&feed=1,ok,,地方・地域
2026-09-05,2026-09-05T07:35:11.396174+09:00,その他メディア,,フジテレビ,「残り布が一点物に」起源は江戸時代の火消し衣装?83歳の会長もデザインで活躍・大分,https://www.fnn.jp/articles/-/1108433,https://news.ceek.jp/search.cgi?category_id=local&feed=1,ok,,地方・地域
2026-09-05,2026-09-05T07:35:11.396174+09:00,その他メディア,,TBSテレビ,警察官が「積み荷がはみ出した」トラック発見 無免許運転のパキスタン国籍の男を現行犯逮捕 同乗者はなし(山形・小国町),https://newsdig.tbs.co.jp/articles/-/2921112?display=1,https://news.ceek.jp/search.cgi?category_id=local&feed=1,ok,,地方・地域
2026-09-05,2026-09-05T07:35:11.396174+09:00,全国紙,全国,朝日新聞,明るい映画館で泣いてもOK 小さな子向け 映画デビューの上映会,https://www.asahi.com/articles/ASV9434F0V94ULOB01DM.html,https://news.ceek.jp/search.cgi?category_id=local&feed=1,ok,,地方・地域
2026-09-05,2026-09-05T07:35:11.396174+09:00,その他メディア,,茨城新聞,核ごみ調査で説明会 茨城・常陸大宮市議会 9日に市議の意見聴取,https://ibarakinews.jp/news/newsdetail.php?f_jun=1788529861311000,https://news.ceek.jp/search.cgi?category_id=local&feed=1,ok,,地方・地域
2026-09-05,2026-09-05T07:35:11.396174+09:00,その他メディア,,福島民友新聞,福島市が130人分の個人情報漏えい 地区文化祭業務でメールご送信,https://www.minyu-net.com/news/detail/2026090507191354436,https://news.ceek.jp/search.cgi?category_id=local&feed=1,ok,,地方・地域
2026-09-05,2026-09-05T07:35:11.396174+09:00,地方紙,新潟,新潟日報,[大相撲]横綱・大の里(海洋高出身)稽古総見で10勝5敗、得意の右差しで強さ発揮,https://www.niigata-nippo.co.jp/articles/-/901167,https://news.ceek.jp/search.cgi?category_id=local&feed=1,ok,,地方・地域
2026-09-05,2026-09-05T07:35:11.396174+09:00,その他メディア,,まいどなニュース,「絶対に香川だとわかる」旅行先で見つけた注意書き 特殊すぎる内容に思わず二度見,https://maidonanews.jp/article/16850037,https://news.ceek.jp/search.cgi?category_id=local&feed=1,ok,,地方・地域
2026-09-05,2026-09-05T07:35:11.396174+09:00,その他メディア,,Lmaga.jp,【あす開催】神戸・三宮の高架下で「大人の夏祭り」、縁日&ドリンク半額イベントも!入場無料で,https://www.lmaga.jp/news/2026/09/1096394/,https://news.ceek.jp/search.cgi?category_id=local&feed=1,ok,,地方・地域
2026-09-05,2026-09-05T07:35:11.396174+09:00,その他メディア,,北海道文化放送,【ヒグマ速報】デントコーン1000本食い荒らされた!幅15センチの足跡にフン残す...畑の中にはクマが掘ったとみられる穴も_市は箱わな設置へ〈北海道函館市〉,https://www.uhb.jp/news/single.html?id=61947,https://news.ceek.jp/search.cgi?category_id=local&feed=1,ok,,地方・地域
2026-09-05,2026-09-05T07:35:11.396174+09:00,その他メディア,,日本テレビ,【25年】愛知・佐久島で「アマモ」植え続けるワケとは 漁師「魚は1/10に減った」,https://news.ntv.co.jp/category/life/ct4a406acde5ca4ef8bdb93a2c2044d102,https://news.ceek.jp/search.cgi?category_id=local&feed=1,ok,,地方・地域
2026-09-05,2026-09-05T07:35:11.396174+09:00,全国紙,全国,中日新聞,鹿児島県屋久島町レベル5警報 土砂災害に最大級警戒を,https://www.chunichi.co.jp/article/1306963,https://news.ceek.jp/search.cgi?category_id=local&feed=1,ok,,地方・地域
2026-09-05,2026-09-05T07:35:11.396174+09:00,その他メディア,,TBSテレビ,【今後の雨は?】関東甲信 前線は7日にかけ再び北上する見込み 「警報級の大雨」の可能性 大気の状態が非常に不安定に 5日日中~6日夕方は雨は小康状態に(5日午前5時33分・気象庁発表),https://newsdig.tbs.co.jp/articles/-/2923026?display=1,https://news.ceek.jp/search.cgi?category_id=local&feed=1,ok,,地方・地域
2026-09-05,2026-09-05T07:35:11.396174+09:00,その他メディア,,TBSテレビ,"【台風情報】“くるり""とループ?「台風24号(クロヴァン)」は久米島の北..日本への影響が長期化、全国的に警報級大雨のおそれも...最大瞬間風速30m/s・990hPa、今後の進路は...9月14日までの雨・風シミュレーションで確認【気象庁5日6時45分発表】",https://newsdig.tbs.co.jp/articles/-/2923025?display=1,https://news.ceek.jp/search.cgi?category_id=local&feed=1,ok,,地方・地域
2026-09-05,2026-09-05T07:35:11.396174+09:00,地方紙,広島,中国新聞,鹿児島県屋久島町レベル5警報,https://www.chugoku-np.co.jp/articles/-/890410,https://news.ceek.jp/search.cgi?category_id=local&feed=1,ok,,地方・地域
2026-09-05,2026-09-05T07:35:11.396174+09:00,その他メディア,,ニュース和歌山,【和歌山】ツキノワグマがやって来る 〜 お城の動物園 名前と絵を募集,https://www.nwn.jp/news/260905_tukinowaguma/,https://news.ceek.jp/search.cgi?category_id=local&feed=1,ok,,地方・地域
2026-09-05,2026-09-05T07:35:11.396174+09:00,地方紙,沖縄,沖縄タイムス,【沖縄の天気】9月5日から6日 沖縄本島地方・宮古島地方・八重山地方・大東島地方,https://www.okinawatimes.co.jp/articles/-/1917610,https://news.ceek.jp/search.cgi?category_id=local&feed=1,ok,,地方・地域
2026-09-05,2026-09-05T07:35:11.396174+09:00,その他メディア,,ニュース和歌山,【和歌山】Unifit(ユニフィット)「きょう飲んだっけ?」を解消 〜 和大生 高齢者の服薬サポート,https://www.nwn.jp/news/260905_unifit/,https://news.ceek.jp/search.cgi?category_id=local&feed=1,ok,,地方・地域
2026-09-05,2026-09-05T07:35:11.396174+09:00,地方紙,沖縄,沖縄タイムス,豊見城市長選 大田善裕氏が立候補表明 「大型事業を見直す」,https://www.okinawatimes.co.jp/articles/-/1917506,https://news.ceek.jp/search.cgi?category_id=local&feed=1,ok,,地方・地域
2026-09-05,2026-09-05T07:35:11.396174+09:00,その他メディア,,まいどなニュース,「菅田将暉さんに似ている」と言われ続けてきた42歳女性がモノマネメイクに挑戦 「そっくりすぎてウケる」ファンの妹も太鼓判,https://maidonanews.jp/article/16732413,https://news.ceek.jp/search.cgi?category_id=local&feed=1,ok,,地方・地域
2026-09-05,2026-09-05T07:35:11.396174+09:00,その他メディア,,ニュース和歌山,【和歌山】紀陽銀行、コーナン商事 「企業の森」に 共同参画 印南で活動,https://www.nwn.jp/news/260905_kigyo_mori/,https://news.ceek.jp/search.cgi?category_id=local&feed=1,ok,,地方・地域
2026-09-05,2026-09-05T07:35:11.396174+09:00,地方紙,広島,中国新聞,ロシア、情報機関に無人機攻撃,https://www.chugoku-np.co.jp/articles/-/890408,https://news.ceek.jp/search.cgi?category_id=local&feed=1,ok,,地方・地域
2026-09-05,2026-09-05T07:35:11.396174+09:00,その他メディア,,ニュース和歌山,【和歌山】北野上小5年生が挑戦 県産梅でジュースづくり,https://www.nwn.jp/news/260905_ume_taiken/,https://news.ceek.jp/search.cgi?category_id=local&feed=1,ok,,地方・地域
2026-09-05,2026-09-05T07:35:11.396174+09:00,その他メディア,,ニュース和歌山,【和歌山】「Mr of the Year WORLD 2026」でKING賞 五十嵐俊之さん・米原崇人さん,https://www.nwn.jp/news/news260905_mr_of_the_year/,https://news.ceek.jp/search.cgi?category_id=local&feed=1,ok,,地方・地域
2026-09-05,2026-09-05T07:35:11.396174+09:00,その他メディア,,佐賀新聞,佐賀バルーナーズ、韓国チームと連携協定 大会開催でファン誘致、日韓交流の発展目指す,https://www.saga-s.co.jp/articles/-/1785527,https://news.ceek.jp/search.cgi?category_id=local&feed=1,ok,,地方・地域
2026-09-05,2026-09-05T07:35:11.396174+09:00,地方紙,沖縄,沖縄タイムス,【識者の目線】沖縄知事選 沖縄県の益を守るリーダー必要 波照間陽氏・沖縄国際大学講師,https://www.okinawatimes.co.jp/articles/-/1917505,https://news.ceek.jp/search.cgi?category_id=local&feed=1,ok,,地方・地域
2026-09-05,2026-09-05T07:35:11.396174+09:00,地方紙,広島,中国新聞,米大統領、新たな専用機で外遊へ,https://www.chugoku-np.co.jp/articles/-/890407,https://news.ceek.jp/search.cgi?category_id=local&feed=1,ok,,地方・地域
2026-09-05,2026-09-05T07:35:11.396174+09:00,全国紙,全国,中日新聞,米大統領、新たな専用機で外遊へ 安全保障上の懸念が浮上,https://www.chunichi.co.jp/article/1306961,https://news.ceek.jp/search.cgi?category_id=local&feed=1,ok,,地方・地域
2026-09-05,2026-09-05T07:35:11.396174+09:00,その他メディア,,八重山毎日新聞,石垣市議選あす告示,https://www.y-mainichi.co.jp/news/42783/,https://news.ceek.jp/search.cgi?category_id=local&feed=1,ok,,地方・地域
