date,collected_at,category,region,newspaper,headline,url,source_url,status,error_message,topic
2026-09-09,2026-09-09T08:01:31.587503+09:00,全国紙,全国,読売新聞,,,,skipped,robots.txtが一般クローラー/AI系UAを名指しで包括的にDisallow。2024年1月のToS改定で自動収集・生成AI学習目的の収集を明示的に禁止しているため、自動取得の対象外とする。,
2026-09-09,2026-09-09T08:01:31.587503+09:00,全国紙,全国,朝日新聞,皇族費の「男女不平等」は改善も 結婚後の女性皇族、男性となお格差,http://www.asahi.com/articles/ASV98216WV98UTIL00YM.html,https://www.asahi.com/rss/asahi/newsheadlines.rdf,ok,,社会
2026-09-09,2026-09-09T08:01:31.587503+09:00,全国紙,全国,朝日新聞,近畿・四国・東海で線状降水帯の恐れ 秋雨前線、9日も日本付近に,http://www.asahi.com/articles/ASV98756PV98UTIL001M.html,https://www.asahi.com/rss/asahi/newsheadlines.rdf,ok,,社会
2026-09-09,2026-09-09T08:01:31.587503+09:00,全国紙,全国,朝日新聞,線路の事故、設置進む自動警報装置 カギは「ソフト面充実も一緒に」,http://www.asahi.com/articles/ASV94119SV94UTIL01YM.html,https://www.asahi.com/rss/asahi/newsheadlines.rdf,ok,,社会
2026-09-09,2026-09-09T08:01:31.587503+09:00,全国紙,全国,朝日新聞,万博工事であらわになった関係 竹中工務店元所長の背任容疑の内幕,http://www.asahi.com/articles/ASV97471BV97PTIL00GM.html,https://www.asahi.com/rss/asahi/newsheadlines.rdf,ok,,社会
2026-09-09,2026-09-09T08:01:31.587503+09:00,全国紙,全国,朝日新聞,「お前を一生恨む」米軍基地の勤務でパワハラ認定 賠償求めて裁判も,http://www.asahi.com/articles/ASV8X1SZTV8XPTIL001M.html,https://www.asahi.com/rss/asahi/newsheadlines.rdf,ok,,社会
2026-09-09,2026-09-09T08:01:31.587503+09:00,全国紙,全国,朝日新聞,米軍基地の勤務でパワハラ、労災認定 労基署「人格否定する発言」,http://www.asahi.com/articles/ASV8X1PS3V8XPTIL002M.html,https://www.asahi.com/rss/asahi/newsheadlines.rdf,ok,,社会
2026-09-09,2026-09-09T08:01:31.587503+09:00,全国紙,全国,朝日新聞,黄土色のコートの男は誰か 上智大生殺害30年、残されたA型の血液,http://www.asahi.com/articles/ASV981D3CV98UTIL018M.html,https://www.asahi.com/rss/asahi/newsheadlines.rdf,ok,,社会
2026-09-09,2026-09-09T08:01:31.587503+09:00,全国紙,全国,朝日新聞,留学2日前に夢を絶たれた娘 夫婦で供え続ける食事は2万回を超えた,http://www.asahi.com/articles/ASV981HTRV98UTIL001M.html,https://www.asahi.com/rss/asahi/newsheadlines.rdf,ok,,社会
2026-09-09,2026-09-09T08:01:31.587503+09:00,全国紙,全国,朝日新聞,教え子の死が問いかける「今を生きる意味」 事件をのみ込めないまま,http://www.asahi.com/articles/ASV981W29V98UTIL00NM.html,https://www.asahi.com/rss/asahi/newsheadlines.rdf,ok,,社会
2026-09-09,2026-09-09T08:01:31.587503+09:00,全国紙,全国,朝日新聞,警視庁警察学校にカフェテリア、女性用シャワーも倍増 採用強化で,http://www.asahi.com/articles/ASV983K05V98UTIL01XM.html,https://www.asahi.com/rss/asahi/newsheadlines.rdf,ok,,社会
2026-09-09,2026-09-09T08:01:31.587503+09:00,全国紙,全国,朝日新聞,88歳、太平洋横断へ 衰えぬ冒険心「筋力不要、普通にゴロゴロ」,http://www.asahi.com/articles/ASV983HS4V98PTIL010M.html,https://www.asahi.com/rss/asahi/newsheadlines.rdf,ok,,社会
2026-09-09,2026-09-09T08:01:31.587503+09:00,全国紙,全国,朝日新聞,大谷翔平、今季は投手断念へ ポストシーズンも打者に専念する見通し,http://www.asahi.com/articles/ASV982BVFV98UTQP01DM.html,https://www.asahi.com/rss/asahi/newsheadlines.rdf,ok,,スポーツ
2026-09-09,2026-09-09T08:01:31.587503+09:00,全国紙,全国,朝日新聞,堀江謙一さん、88歳で「太平洋ひとりぼっち」挑戦へ ヨットで来春,http://www.asahi.com/articles/ASV971QDKV97PTIL00ZM.html,https://www.asahi.com/rss/asahi/newsheadlines.rdf,ok,,社会
2026-09-09,2026-09-09T08:01:31.587503+09:00,全国紙,全国,朝日新聞,アジア大会選手、中部空港で入国始まる 陸上トラックのお出迎えも,http://www.asahi.com/articles/ASV943RKQV94OIPE00PM.html,https://www.asahi.com/rss/asahi/newsheadlines.rdf,ok,,スポーツ
2026-09-09,2026-09-09T08:01:31.587503+09:00,全国紙,全国,朝日新聞,吉井理人が考える令和のコーチ論 佐々木朗希の「ある変化」で痛感,http://www.asahi.com/articles/ASV931JSTV93UTQP01VM.html,https://www.asahi.com/rss/asahi/newsheadlines.rdf,ok,,スポーツ
2026-09-09,2026-09-09T08:01:31.587503+09:00,全国紙,全国,朝日新聞,農家や外食業界の支援を明記 財源は後回し 消費減税の大綱案が判明,http://www.asahi.com/articles/ASV984467V98ULFA020M.html,https://www.asahi.com/rss/asahi/newsheadlines.rdf,ok,,ビジネス
2026-09-09,2026-09-09T08:01:31.587503+09:00,全国紙,全国,朝日新聞,1週間で7円超の円高「恐怖感で買い戻し」一時1ドル152円台に,http://www.asahi.com/articles/ASV983JM6V98ULFA011M.html,https://www.asahi.com/rss/asahi/newsheadlines.rdf,ok,,ビジネス
2026-09-09,2026-09-09T08:01:31.587503+09:00,全国紙,全国,朝日新聞,消費税率を戻す29年4月に「半年分」の現金給付 大綱原案,http://www.asahi.com/articles/ASV9832YSV98ULFA00CM.html,https://www.asahi.com/rss/asahi/newsheadlines.rdf,ok,,ビジネス
2026-09-09,2026-09-09T08:01:31.587503+09:00,全国紙,全国,朝日新聞,「不適切」指摘の北陸新幹線B/C 国交相、算出経緯の説明避ける,http://www.asahi.com/articles/ASV982VCBV98PLFA004M.html,https://www.asahi.com/rss/asahi/newsheadlines.rdf,ok,,ビジネス
2026-09-09,2026-09-09T08:01:31.587503+09:00,全国紙,全国,朝日新聞,7月の実質賃金、前年比2.4%増 7カ月連続プラス、約5年ぶり,http://www.asahi.com/articles/ASV973FHQV97ULFA01BM.html,https://www.asahi.com/rss/asahi/newsheadlines.rdf,ok,,ビジネス
2026-09-09,2026-09-09T08:01:31.587503+09:00,全国紙,全国,朝日新聞,裏金問題に関与した議員の閣僚起用は?これまでの入閣はゼロ,http://www.asahi.com/articles/ASV983PWMV98UTFK00GM.html,https://www.asahi.com/rss/asahi/newsheadlines.rdf,ok,,政治
2026-09-09,2026-09-09T08:01:31.587503+09:00,全国紙,全国,朝日新聞,「所得連動給付」の財政負担、国と地方でなお隔たり 協議継続へ,http://www.asahi.com/articles/ASV983VSJV98ULFA00NM.html,https://www.asahi.com/rss/asahi/newsheadlines.rdf,ok,,政治
2026-09-09,2026-09-09T08:01:31.587503+09:00,全国紙,全国,朝日新聞,事実上解体の中道 立憲系は新党、公明系は公明へ 衆院で統一会派,http://www.asahi.com/articles/ASV983T0TV98UTFK00KM.html,https://www.asahi.com/rss/asahi/newsheadlines.rdf,ok,,政治
2026-09-09,2026-09-09T08:01:31.587503+09:00,全国紙,全国,朝日新聞,小泉防衛相、有事の際の自衛隊員の治療など厚労相に協力要請,http://www.asahi.com/articles/ASV983DYVV98UTFK00HM.html,https://www.asahi.com/rss/asahi/newsheadlines.rdf,ok,,政治
2026-09-09,2026-09-09T08:01:31.587503+09:00,全国紙,全国,朝日新聞,自民・小林政調会長、続投へ 消費減税など党内議論まとめた手腕評価,http://www.asahi.com/articles/ASV982TYXV98UTFK00NM.html,https://www.asahi.com/rss/asahi/newsheadlines.rdf,ok,,政治
2026-09-09,2026-09-09T08:01:31.587503+09:00,全国紙,全国,朝日新聞,ケシの花がコーヒーチェリーに 一杯に宿る元麻薬農家の「転身物語」,http://www.asahi.com/articles/ASV972VTJV97UHBI018M.html,https://www.asahi.com/rss/asahi/newsheadlines.rdf,ok,,国際
2026-09-09,2026-09-09T08:01:31.587503+09:00,全国紙,全国,朝日新聞,イラン「米軍の無人潜水艇を拿捕」と発表 ホルムズ海峡の緊張続く,http://www.asahi.com/articles/ASV9867FTV98UHBI021M.html,https://www.asahi.com/rss/asahi/newsheadlines.rdf,ok,,国際
2026-09-09,2026-09-09T08:01:31.587503+09:00,全国紙,全国,朝日新聞,フーシ、サウジ石油施設に大規模攻撃 73人負傷、操業も一部停止,http://www.asahi.com/articles/ASV9862PJV98UHBI01RM.html,https://www.asahi.com/rss/asahi/newsheadlines.rdf,ok,,国際
2026-09-09,2026-09-09T08:01:31.587503+09:00,全国紙,全国,朝日新聞,キーウの民放にロシア軍が攻撃 「放送中の報道局標的」 6人負傷,http://www.asahi.com/articles/ASV986DWGV98UHBI01ZM.html,https://www.asahi.com/rss/asahi/newsheadlines.rdf,ok,,国際
2026-09-09,2026-09-09T08:01:31.587503+09:00,全国紙,全国,朝日新聞,レバノン南部、3日間で27人死亡 イスラエルが要衝制圧、再び緊迫,http://www.asahi.com/articles/ASV9825NDV98UHBI003M.html,https://www.asahi.com/rss/asahi/newsheadlines.rdf,ok,,国際
2026-09-09,2026-09-09T08:01:31.587503+09:00,全国紙,全国,朝日新聞,富士山「宝永噴火」で埋もれた集落、専門家「ポンペイに比肩」と指摘,http://www.asahi.com/articles/ASV9834V0V98UTPB006M.html,https://www.asahi.com/rss/asahi/newsheadlines.rdf,ok,,文化芸能
2026-09-09,2026-09-09T08:01:31.587503+09:00,全国紙,全国,朝日新聞,純烈の弟分・モナキがANN0のパーソナリティーに就任「夢みたい」,http://www.asahi.com/articles/ASV98419TV98UCVL00XM.html,https://www.asahi.com/rss/asahi/newsheadlines.rdf,ok,,文化芸能
2026-09-09,2026-09-09T08:01:31.587503+09:00,全国紙,全国,朝日新聞,「無名塾」が来年2月末で解散 仲代達矢さん死去から10カ月で声明,http://www.asahi.com/articles/ASV983J60V98UCVL04RM.html,https://www.asahi.com/rss/asahi/newsheadlines.rdf,ok,,文化芸能
2026-09-09,2026-09-09T08:01:31.587503+09:00,全国紙,全国,朝日新聞,【詳報】名人、AI超えの妙手 挑戦者も粘り腰で食らいつき形勢互角,http://www.asahi.com/articles/ASV972CCFV97UCVL01QM.html,https://www.asahi.com/rss/asahi/newsheadlines.rdf,ok,,文化芸能
2026-09-09,2026-09-09T08:01:31.587503+09:00,全国紙,全国,朝日新聞,相次ぐ豪雨の背景は? 大気中の水蒸気増加、過去と同じ気圧配置でも,http://www.asahi.com/articles/ASV9841Y4V98UTIL02QM.html,https://www.asahi.com/rss/asahi/newsheadlines.rdf,ok,,サイエンス
2026-09-09,2026-09-09T08:01:31.587503+09:00,全国紙,全国,朝日新聞,「日本の読解力、AI活用法がかぎ」 PISA調査 教育学者の分析,http://www.asahi.com/articles/ASV97771PV97UTIL002M.html,https://www.asahi.com/rss/asahi/newsheadlines.rdf,ok,,サイエンス
2026-09-09,2026-09-09T08:01:31.587503+09:00,全国紙,全国,朝日新聞,PISAの数学 男女の得点差が拡大 下位層に「学び直し」も必要,http://www.asahi.com/articles/ASV980J1WV98UTIL00CM.html,https://www.asahi.com/rss/asahi/newsheadlines.rdf,ok,,サイエンス
2026-09-09,2026-09-09T08:01:31.587503+09:00,全国紙,全国,朝日新聞,グレート義太夫さん死去、67歳 「たけし軍団」のタレント,http://www.asahi.com/articles/ASV981GJBV98UCVL01PM.html,https://www.asahi.com/rss/asahi/newsheadlines.rdf,ok,,おくやみ
2026-09-09,2026-09-09T08:01:31.587503+09:00,全国紙,全国,朝日新聞,毎日新聞元専門編集委員、与良正男さん死去,http://www.asahi.com/articles/ASV972TRLV97UTFK00KM.html,https://www.asahi.com/rss/asahi/newsheadlines.rdf,ok,,おくやみ
2026-09-09,2026-09-09T08:01:31.587503+09:00,全国紙,全国,朝日新聞,俳優の品川徹さん死去、90歳 「白い巨塔」大河内教授役など,http://www.asahi.com/articles/ASV9723LWV97UCVL01SM.html,https://www.asahi.com/rss/asahi/newsheadlines.rdf,ok,,おくやみ
2026-09-09,2026-09-09T08:01:31.587503+09:00,全国紙,全国,毎日新聞,「戦争のない世界」求め歩いた写真家人生 追悼・石川文洋さん,https://mainichi.jp/articles/20260908/k00/00m/040/125000c,https://mainichi.jp/rss/etc/mainichi-flash.rss,ok,,ニュース
2026-09-09,2026-09-09T08:01:31.587503+09:00,全国紙,全国,毎日新聞,欧州とカナダ、ユダヤ人入植地の貿易制限 イスラエルに圧力,https://mainichi.jp/articles/20260909/k00/00m/030/003000c,https://mainichi.jp/rss/etc/mainichi-flash.rss,ok,,ニュース
2026-09-09,2026-09-09T08:01:31.587503+09:00,全国紙,全国,毎日新聞,4路線乗り入れの新鎌ケ谷駅直結、商業施設オープン 千葉,https://mainichi.jp/articles/20260908/k00/00m/310/184000c,https://mainichi.jp/rss/etc/mainichi-flash.rss,ok,,ニュース
2026-09-09,2026-09-09T08:01:31.587503+09:00,全国紙,全国,毎日新聞,昭和天皇も揺れていた? ポツダム宣言受諾 「聖断」前の迷い,https://mainichi.jp/articles/20260908/k00/00m/200/154000c,https://mainichi.jp/rss/etc/mainichi-flash.rss,ok,,ニュース
2026-09-09,2026-09-09T08:01:31.587503+09:00,全国紙,全国,毎日新聞,米露首脳がウクライナ巡り電話協議 米特使の歴訪を肯定的に評価,https://mainichi.jp/articles/20260909/k00/00m/030/001000c,https://mainichi.jp/rss/etc/mainichi-flash.rss,ok,,ニュース
2026-09-09,2026-09-09T08:01:31.587503+09:00,全国紙,全国,毎日新聞,「国内で展示記録なし」 山口・海響館に“珍しい”フグ仲間入り,https://mainichi.jp/articles/20260907/k00/00m/100/201000c,https://mainichi.jp/rss/etc/mainichi-flash.rss,ok,,ニュース
2026-09-09,2026-09-09T08:01:31.587503+09:00,全国紙,全国,毎日新聞,「エヴァンゲリオン」の世界観のショベル、想定の10倍人気 大阪,https://mainichi.jp/articles/20260908/k00/00m/310/101000c,https://mainichi.jp/rss/etc/mainichi-flash.rss,ok,,ニュース
2026-09-09,2026-09-09T08:01:31.587503+09:00,全国紙,全国,毎日新聞,読む政治:内閣改造でどうなる「入閣待機組」? 狭き門に6期生49人,https://mainichi.jp/articles/20260906/k00/00m/010/088000c,https://mainichi.jp/rss/etc/mainichi-flash.rss,ok,,ニュース
2026-09-09,2026-09-09T08:01:31.587503+09:00,全国紙,全国,毎日新聞,曳山のぶつかり合いに大歓声 無形文化遺産「やま行事」 秋田,https://mainichi.jp/articles/20260908/k00/00m/310/230000c,https://mainichi.jp/rss/etc/mainichi-flash.rss,ok,,ニュース
2026-09-09,2026-09-09T08:01:31.587503+09:00,全国紙,全国,毎日新聞,23年のハマスの越境テロ UAEが事前にネタニヤフ氏に警告か,https://mainichi.jp/articles/20260908/k00/00m/030/291000c,https://mainichi.jp/rss/etc/mainichi-flash.rss,ok,,ニュース
2026-09-09,2026-09-09T08:01:31.587503+09:00,全国紙,全国,毎日新聞,真相・ニュースの現場から:「私の寿命とどちらが先か」上智大生殺害30年、父の願いと本音,https://mainichi.jp/articles/20260907/k00/00m/040/123000c,https://mainichi.jp/rss/etc/mainichi-flash.rss,ok,,ニュース
2026-09-09,2026-09-09T08:01:31.587503+09:00,全国紙,全国,毎日新聞,バレー推し:深津英臣、3連勝に「祐希が助けてくれた場面が多かったのかな」,https://mainichi.jp/articles/20260908/k00/00m/050/307000c,https://mainichi.jp/rss/etc/mainichi-flash.rss,ok,,ニュース
2026-09-09,2026-09-09T08:01:31.587503+09:00,全国紙,全国,毎日新聞,バレー推し:小野寺太志、ワンハンドトスは「遊びでやっている練習が生きた」,https://mainichi.jp/articles/20260908/k00/00m/050/302000c,https://mainichi.jp/rss/etc/mainichi-flash.rss,ok,,ニュース
2026-09-09,2026-09-09T08:01:31.587503+09:00,全国紙,全国,毎日新聞,バレー推し:山本、W智大のリベロ併用は「2人で良いものを築き上げている」,https://mainichi.jp/articles/20260908/k00/00m/050/300000c,https://mainichi.jp/rss/etc/mainichi-flash.rss,ok,,ニュース
2026-09-09,2026-09-09T08:01:31.587503+09:00,全国紙,全国,毎日新聞,西武・平良、甘くても失投にならない球威 自己最多タイ11勝目,https://mainichi.jp/articles/20260908/k00/00m/050/295000c,https://mainichi.jp/rss/etc/mainichi-flash.rss,ok,,ニュース
2026-09-09,2026-09-09T08:01:31.587503+09:00,全国紙,全国,毎日新聞,バレー推し:第3セット先発の大塚達宣「耐えたという表現の方が正しいかな」,https://mainichi.jp/articles/20260908/k00/00m/050/298000c,https://mainichi.jp/rss/etc/mainichi-flash.rss,ok,,ニュース
2026-09-09,2026-09-09T08:01:31.587503+09:00,全国紙,全国,毎日新聞,仲代達矢さん創設「無名塾」が2月末で解散 役所広司さんら輩出,https://mainichi.jp/articles/20260908/k00/00m/200/296000c,https://mainichi.jp/rss/etc/mainichi-flash.rss,ok,,ニュース
2026-09-09,2026-09-09T08:01:31.587503+09:00,全国紙,全国,毎日新聞,100%ユウキ:石川祐希「勝つこと。そこだけ」 日本A組首位で決勝T進出,https://mainichi.jp/articles/20260908/k00/00m/050/292000c,https://mainichi.jp/rss/etc/mainichi-flash.rss,ok,,ニュース
2026-09-09,2026-09-09T08:01:31.587503+09:00,全国紙,全国,毎日新聞,玄葉氏、中道を離党 「政党の帰趨に左右されず活動したい」,https://mainichi.jp/articles/20260908/k00/00m/010/286000c,https://mainichi.jp/rss/etc/mainichi-flash.rss,ok,,ニュース
2026-09-09,2026-09-09T08:01:31.587503+09:00,全国紙,全国,毎日新聞,「アジア大会施設も大雨被害」名古屋市長 愛知で線状降水帯,https://mainichi.jp/articles/20260908/k00/00m/040/277000c,https://mainichi.jp/rss/etc/mainichi-flash.rss,ok,,ニュース
2026-09-09,2026-09-09T08:01:31.587503+09:00,全国紙,全国,日本経済新聞,,,,skipped,公式無料RSSなし。著作権ページで自動収集を明確に禁止しているため、自動取得の対象外とする。,
2026-09-09,2026-09-09T08:01:31.587503+09:00,全国紙,全国,産経新聞,シャインマスカット「格安で」農家なりすまし、SNSで蔓延 詐欺狙い?中国アカウントも,https://www.sankei.com/article/20260909-HPELCFKTQZLHPM5SHOFM6ZC3FA/,https://www.sankei.com/,ok,,
2026-09-09,2026-09-09T08:01:31.587503+09:00,全国紙,全国,産経新聞,世界遺産認定 快挙生んだ考古学者の苦闘 百年にわたる魂の系譜...,https://www.sankei.com/article/20260815-QFGOV26NZFOPTOI5VG332AGYEA/?outputType=theme_election2026,https://www.sankei.com/,ok,,
2026-09-09,2026-09-09T08:01:31.587503+09:00,全国紙,全国,産経新聞,政府が外国と疑われる不審アカウント把握 高市首相「選挙への影...,https://www.sankei.com/article/20260318-U6PW4754BNE3XKFYBTQWPKM65A/?outputType=theme_election2026,https://www.sankei.com/,ok,,
2026-09-09,2026-09-09T08:01:31.587503+09:00,全国紙,全国,産経新聞,衆院選で国会議員の部屋割り一変 小沢、岡田、安住氏ら自民に明...,https://www.sankei.com/article/20260304-C5JCVB743FEVZMNEAU76GY4VNQ/?outputType=theme_election2026,https://www.sankei.com/,ok,,
2026-09-09,2026-09-09T08:01:31.587503+09:00,全国紙,全国,産経新聞,立正佼成会が衆院選で中道103人推薦 公明合流影響か 前回立...,https://www.sankei.com/article/20260303-EHLBLQ2BTRCSVGSJVFHI5TBX4U/?outputType=theme_election2026,https://www.sankei.com/,ok,,
2026-09-09,2026-09-09T08:01:31.587503+09:00,全国紙,全国,産経新聞,運転中に地震や水害に遭ったら? 緊急脱出用ハンマーの使い方と車中泊避難のポイント,https://www.sankei.com/article/20260909-L44RUGSYWBPYLMCCWIG7237LKM/,https://www.sankei.com/,ok,,
2026-09-09,2026-09-09T08:01:31.587503+09:00,全国紙,全国,産経新聞,AI悪用犯罪「増加すると思う」約9割、追いつかない家族間ルール「合言葉の共有も有効」,https://www.sankei.com/article/20260909-5YSYCV7WDVP45NASUKURYF55YQ/,https://www.sankei.com/,ok,,
2026-09-09,2026-09-09T08:01:31.587503+09:00,全国紙,全国,産経新聞,独自の「五訓」安全徹底で30年以上無事故 陸自・第103不発弾処理隊,https://www.sankei.com/article/20260909-XWH7QFPIUJPVTLADMTJD5Y5HOM/,https://www.sankei.com/,ok,,
2026-09-09,2026-09-09T08:01:31.587503+09:00,全国紙,全国,産経新聞,ヘアモデル画像酷似で無断使用と提訴 「AI生成画像」に著作権あるのか、司法判断に注目,https://www.sankei.com/article/20260908-R74BJGPGTVLPHKYJM27AZPAAY4/,https://www.sankei.com/,ok,,
2026-09-09,2026-09-09T08:01:31.587503+09:00,全国紙,全国,産経新聞,富士通、新方式の量子コンピューター試作機を世界初開発 ダイヤモンドで計算精度を向上,https://www.sankei.com/article/20260908-3XRDCFZ74NLSRKXB7RMHCQSLBQ/,https://www.sankei.com/,ok,,
2026-09-09,2026-09-09T08:01:31.587503+09:00,全国紙,全国,産経新聞,<産経抄>被害続く豪雨、進むも退くもままならず,https://www.sankei.com/article/20260909-RAGT7D7Q25LR5EJJBTIDH54FQY/,https://www.sankei.com/,ok,,
2026-09-09,2026-09-09T08:01:31.587503+09:00,全国紙,全国,産経新聞,UAE、ハマスのイスラエル奇襲を事前警告か ネタニヤフ首相に批判続出,https://www.sankei.com/article/20260908-ZITQVOIALNK4JM3EX2DM5PF4MI/,https://www.sankei.com/,ok,,
2026-09-09,2026-09-09T08:01:31.587503+09:00,全国紙,全国,産経新聞,旅行以外でも便利に 防災にアウトドアと3役こなす新型キャリーケース エースが発売,https://www.sankei.com/article/20260909-RZJRW3YKHZMCHKCUVZZ7WGC6CQ/,https://www.sankei.com/,ok,,
2026-09-09,2026-09-09T08:01:31.587503+09:00,全国紙,全国,産経新聞,ゼルダ実写映画、タイトルが「ゼルダの伝説」に決定 27年4月30日公開,https://www.sankei.com/article/20260908-BYSOMKV4RVIWDOQVNMLFKLZ5UI/,https://www.sankei.com/,ok,,
2026-09-09,2026-09-09T08:01:31.587503+09:00,全国紙,全国,産経新聞,片山財務相は「外せない」 年末へ予算編成や消費減税を牽引 首相と財務省幹部の橋渡しも,https://www.sankei.com/article/20260908-6MZPEELS5JP5XBR353PW6573OE/,https://www.sankei.com/,ok,,
2026-09-09,2026-09-09T08:01:31.587503+09:00,全国紙,全国,産経新聞,逃げ出す街から、逃げ込める街へ 「人一倍こだわる」森ビルの挑戦,https://www.sankei.com/article/20260901-RY5WWKHQZ5BQ3F53LRE3IHG3FQ/,https://www.sankei.com/,ok,,
2026-09-09,2026-09-09T08:01:31.587503+09:00,全国紙,全国,産経新聞,「人を大切にすることが、持続可能な農業へ」俳優の小林涼子さん、労災保険の大切さ語る,https://www.sankei.com/article/20260907-I2LMMWOHRNB7BJ2X6CJVNZDDCQ/,https://www.sankei.com/,ok,,
2026-09-09,2026-09-09T08:01:31.587503+09:00,全国紙,全国,産経新聞,<主張>東大教授投稿 皇族への差別看過できぬ,https://www.sankei.com/article/20260909-LU357ONFWRIZJHN47K5GOFECPY/,https://www.sankei.com/,ok,,
2026-09-09,2026-09-09T08:01:31.587503+09:00,全国紙,全国,産経新聞,<主張>国際学力調査 油断せず読解力向上を,https://www.sankei.com/article/20260909-RNTI3ULLK5K7NEB5YHIB64BU24/,https://www.sankei.com/,ok,,
2026-09-09,2026-09-09T08:01:31.587503+09:00,全国紙,全国,産経新聞,日本、8強入りならず バスケ女子W杯,https://www.sankei.com/article/20260909-37KV622OKBJQ5DNVXDJYFDXIMM/,https://www.sankei.com/,ok,,
2026-09-09,2026-09-09T08:01:31.587503+09:00,全国紙,全国,東京新聞,「有事に戦えるか」意識調査で見えた自衛隊員の心理 ソフト広報と人権被害...現場のリアルは,https://www.tokyo-np.co.jp/article/514243,https://www.tokyo-np.co.jp/,ok,,
2026-09-09,2026-09-09T08:01:31.587503+09:00,全国紙,全国,東京新聞,「すでに例年1月の勢い」インフルエンザ早期流行に警戒感...専門家「通年流行の意識で予防を」と呼びかけ,https://www.tokyo-np.co.jp/article/514236,https://www.tokyo-np.co.jp/,ok,,
2026-09-09,2026-09-09T08:01:31.587503+09:00,全国紙,全国,東京新聞,ペンギンのひな達を助けて...日本の台風被害にも通じる海面上昇で「絶滅危惧種」に WWFが支援呼びかけ,https://www.tokyo-np.co.jp/article/514229,https://www.tokyo-np.co.jp/,ok,,
2026-09-09,2026-09-09T08:01:31.587503+09:00,全国紙,全国,東京新聞,「飲食料品の消費税減税」に異論なき自民...内閣改造・党役員人事が迫る中、出席議員はほぼダンマリ,https://www.tokyo-np.co.jp/article/514240,https://www.tokyo-np.co.jp/,ok,,
2026-09-09,2026-09-09T08:01:31.587503+09:00,全国紙,全国,東京新聞,〈社説〉首相のSNS 公文書として残さねば,https://www.tokyo-np.co.jp/article/514358,https://www.tokyo-np.co.jp/,ok,,
2026-09-09,2026-09-09T08:01:31.587503+09:00,全国紙,全国,東京新聞,「逃げ得は許さない」上智大生殺人放火事件30年 時効撤廃を実現させた80歳の父が、次に打つ手,https://www.tokyo-np.co.jp/article/514174,https://www.tokyo-np.co.jp/,ok,,
2026-09-09,2026-09-09T08:01:31.587503+09:00,全国紙,全国,東京新聞,洪水や水不足の恐れも...中国の「チベット世界最大級ダム」建設に下流インドとバングラデシュが抱く危機感,https://www.tokyo-np.co.jp/article/514175,https://www.tokyo-np.co.jp/,ok,,
2026-09-09,2026-09-09T08:01:31.587503+09:00,全国紙,全国,東京新聞,高市首相は「実質賃金G7最高」と胸を張るけれど...「大事なのは賃金の絶対値」専門家は冷ややか,https://www.tokyo-np.co.jp/article/514207,https://www.tokyo-np.co.jp/,ok,,
2026-09-09,2026-09-09T08:01:31.587503+09:00,全国紙,全国,東京新聞,次回の福島県議選、双葉郡の定数が1減に...「避難者の声が届かなくなる」地元首長ら落胆,https://www.tokyo-np.co.jp/article/514198,https://www.tokyo-np.co.jp/,ok,,
2026-09-09,2026-09-09T08:01:31.587503+09:00,全国紙,全国,東京新聞,国連採択された「脱メルカトル図法」決議、アメリカだけ反対 地図より歪んでいる?トランプ氏の「世界観」,https://www.tokyo-np.co.jp/article/514245,https://www.tokyo-np.co.jp/,ok,,
2026-09-09,2026-09-09T08:01:31.587503+09:00,全国紙,全国,東京新聞,〈社説〉学童保育 「待機ゼロ」目指したい,https://www.tokyo-np.co.jp/article/514357,https://www.tokyo-np.co.jp/,ok,,
2026-09-09,2026-09-09T08:01:31.587503+09:00,全国紙,全国,東京新聞,「履歴書を送っても返事が...」中国の若者を悩ませる就職難 過去最多の大卒者に立ちはだかる「AIの衝撃」,https://www.tokyo-np.co.jp/article/514134,https://www.tokyo-np.co.jp/,ok,,
2026-09-09,2026-09-09T08:01:31.587503+09:00,全国紙,全国,東京新聞,上田綺世先制点、鈴木彩艶初出場 サッカー欧州CL開幕,https://www.tokyo-np.co.jp/article/514332,https://www.tokyo-np.co.jp/,ok,,
2026-09-09,2026-09-09T08:01:31.587503+09:00,全国紙,全国,東京新聞,韓国・投票用紙不足めぐるデモで封鎖の競技場に警察官を投入...アジア大会控え職員ら立ち入り,https://www.tokyo-np.co.jp/article/514214,https://www.tokyo-np.co.jp/,ok,,
2026-09-09,2026-09-09T08:01:31.587503+09:00,全国紙,全国,東京新聞,〈コラム 筆洗〉チェコなどに残る巨人ゴーレムの伝説によると、ゴーレムは人間...,https://www.tokyo-np.co.jp/article/514315,https://www.tokyo-np.co.jp/,ok,,
2026-09-09,2026-09-09T08:01:31.587503+09:00,全国紙,全国,東京新聞,なぜ妻の姓は「ソコロワ」で夫は「ソコロフ」? 話を聞いて分かった日本語にないルール,https://www.tokyo-np.co.jp/article/509286,https://www.tokyo-np.co.jp/,ok,,
2026-09-09,2026-09-09T08:01:31.587503+09:00,全国紙,全国,東京新聞,〈動画〉望月衣塑子記者が共産・小池氏の会見を解説 沖縄県知事選の誹謗中傷は県外からが9割?,https://www.tokyo-np.co.jp/article/514121,https://www.tokyo-np.co.jp/,ok,,tag_movie
2026-09-09,2026-09-09T08:01:31.587503+09:00,全国紙,全国,東京新聞,〈動画〉望月衣塑子記者が中谷元・前防衛相の会見を解説 ICC赤根所長への制裁...高市首相に求めること,https://www.tokyo-np.co.jp/article/513386,https://www.tokyo-np.co.jp/,ok,,tag_movie
2026-09-09,2026-09-09T08:01:31.587503+09:00,全国紙,全国,東京新聞,〈動画〉望月衣塑子記者が立憲民主の田名部幹事長会見を解説 3党合流断念でどうなる?,https://www.tokyo-np.co.jp/article/513114,https://www.tokyo-np.co.jp/,ok,,tag_movie
2026-09-09,2026-09-09T08:01:31.587503+09:00,全国紙,全国,東京新聞,「日本一面倒くさいブロック」にみんな夢中 足立区の町工場発 金属の端材がおもちゃに,https://www.tokyo-np.co.jp/article/513910,https://www.tokyo-np.co.jp/,ok,,square
2026-09-09,2026-09-09T08:01:31.587503+09:00,全国紙,全国,中日新聞,【動画】愛知県西部と岐阜県美濃地方で線状降水帯が発生 庄内川水系の矢田川にレベル5氾濫特別警報,https://www.chunichi.co.jp/article/1308375,https://www.chunichi.co.jp/,ok,,
2026-09-09,2026-09-09T08:01:31.587503+09:00,全国紙,全国,中日新聞,大雨影響、JR・名古屋市営地下鉄が広範囲で運転見合わせ 地下鉄は午後10時半に再開,https://www.chunichi.co.jp/article/1308314,https://www.chunichi.co.jp/,ok,,
2026-09-09,2026-09-09T08:01:31.587503+09:00,全国紙,全国,中日新聞,いつ帰れるのか...東海豪雨を上回るほどの雨で名古屋は大混乱 アンダーパスで立ち往生した車も,https://www.chunichi.co.jp/article/1308577,https://www.chunichi.co.jp/,ok,,
2026-09-09,2026-09-09T08:01:31.587503+09:00,全国紙,全国,中日新聞,「葬祭会社役員が人を刺しガソリンまいた」 岐阜・本巣ケーキ店3人死亡火災、救助された人が証言,https://www.chunichi.co.jp/article/1308561,https://www.chunichi.co.jp/,ok,,
2026-09-09,2026-09-09T08:01:31.587503+09:00,全国紙,全国,中日新聞,名古屋主婦殺害事件、被告側が除斥期間の成立主張 名古屋地裁で民事訴訟の初弁論、被告本人は出廷せず,https://www.chunichi.co.jp/article/1308440,https://www.chunichi.co.jp/,ok,,
2026-09-09,2026-09-09T08:01:31.587503+09:00,全国紙,全国,中日新聞,亡くなった俳優仲代達矢さんが創設した「無名塾」、2027年2月末で解散 公式サイトで発表,https://www.chunichi.co.jp/article/1308647,https://www.chunichi.co.jp/,ok,,
2026-09-09,2026-09-09T08:01:31.587503+09:00,全国紙,全国,中日新聞,土砂崩れ発生「作業員1人が巻き込まれた」 静岡県川根本町の林道、意識がないとの情報も,https://www.chunichi.co.jp/article/1308247,https://www.chunichi.co.jp/,ok,,
2026-09-09,2026-09-09T08:01:31.587503+09:00,全国紙,全国,中日新聞,大治町長選挙は無所属新人2人の争い 建造物侵入の疑いで辞職した前町長は立候補を見送り,https://www.chunichi.co.jp/article/1308562,https://www.chunichi.co.jp/,ok,,
2026-09-09,2026-09-09T08:01:31.587503+09:00,全国紙,全国,中日新聞,中日2軍誘致の事業費「青天井ではない」 犬山市の原欣伸市長が議会で答弁,https://www.chunichi.co.jp/article/1308543,https://www.chunichi.co.jp/,ok,,
2026-09-09,2026-09-09T08:01:31.587503+09:00,全国紙,全国,中日新聞,食品スーパーのアルビス、ライフの連結子会社に 北陸や中京地方での事業基盤強化を図る,https://www.chunichi.co.jp/article/1308651,https://www.chunichi.co.jp/,ok,,
2026-09-09,2026-09-09T08:01:31.587503+09:00,全国紙,全国,中日新聞,このままでは終われない...中日・岡林勇希、「見極められて芯で捉えられた」練習の成果見せた決勝3ラン 猛ダッシュでつかんだ好捕は「準備していました」,https://www.chunichi.co.jp/article/1308629,https://www.chunichi.co.jp/,ok,,
2026-09-09,2026-09-09T08:01:31.587503+09:00,全国紙,全国,中日新聞,「移民ビジネス」外国人の受け入れを巡る現実と課題,https://www.chunichi.co.jp/article/1233264,https://www.chunichi.co.jp/,ok,,
2026-09-09,2026-09-09T08:01:31.587503+09:00,全国紙,全国,中日新聞,【南山大&中日新聞ポッドキャスト企画】アメリカを考える~独立宣言から250年の大変動,https://www.chunichi.co.jp/article/1270383,https://www.chunichi.co.jp/,ok,,
2026-09-09,2026-09-09T08:01:31.587503+09:00,全国紙,全国,中日新聞,【第1部・外国人団地】共生を目指す外国人労働者の姿を描く,https://www.chunichi.co.jp/article/1237076,https://www.chunichi.co.jp/,ok,,
2026-09-09,2026-09-09T08:01:31.587503+09:00,全国紙,全国,中日新聞,読者が選んだグッとコラム大賞は...?,https://www.chunichi.co.jp/article/1230731,https://www.chunichi.co.jp/,ok,,
2026-09-09,2026-09-09T08:01:31.587503+09:00,全国紙,全国,中日新聞,【デジタル地図】南海トラフ巨大地震の想定震度マップ。あなたの地域の想定震度をチェック,https://www.chunichi.co.jp/article/1046009,https://www.chunichi.co.jp/,ok,,
2026-09-09,2026-09-09T08:01:31.587503+09:00,全国紙,全国,中日新聞,【動画】R-1優勝の今井らいぱちさん「琵琶湖八珍を世界に広める」 滋賀県庁で凱旋報告,https://www.chunichi.co.jp/article/1307944,https://www.chunichi.co.jp/,ok,,video
2026-09-09,2026-09-09T08:01:31.587503+09:00,全国紙,全国,中日新聞,【動画】ビジュアル系バンドはAED推し 名古屋拠点の「麗麗」、啓発にも本腰,https://www.chunichi.co.jp/article/1306927,https://www.chunichi.co.jp/,ok,,video
2026-09-09,2026-09-09T08:01:31.587503+09:00,全国紙,全国,中日新聞,「登り窯」階段には子どもたちの数だけ過ごし方がある 瀬戸市の小中一貫校・にじの丘学園,https://www.chunichi.co.jp/article/1307319,https://www.chunichi.co.jp/,ok,,tag_photo
2026-09-09,2026-09-09T08:01:31.587503+09:00,地方紙,北海道,北海道新聞,,,,skipped,公式RSSはあるが、見出し・本文の公開(再配信)を認めない旨の規約があるため自動取得の対象外とする。,
2026-09-09,2026-09-09T08:01:31.587503+09:00,地方紙,宮城,河北新報,,,,skipped,robots.txtが/rss/をDisallowしておりRSS購読不可。私的利用限定・二次利用禁止の規約があるため自動取得の対象外とする。,
2026-09-09,2026-09-09T08:01:31.587503+09:00,地方紙,新潟,新潟日報,,,,skipped,利用規約でデータマイニング・テキストマイニング・AI学習目的の情報処理・解析利用を明示的に禁止しているため自動取得の対象外とする。,
2026-09-09,2026-09-09T08:01:31.587503+09:00,地方紙,長野,信濃毎日新聞,廃刊のクーポン誌「500円でどうずら!?」、名前を変えて復刊へ 松本市などの100店を紹介09/09 06:05■季刊誌「ランチでどうずら!?」 松本、安曇野、塩尻の3市を核に中信地方の飲食クーポン誌として親しまれ、昨年9月に廃刊した「500円でどうずら!?」が、季刊誌「ランチでどうずら!?」として12月1日に復刊する。2015年の創刊から発行してきたスポカラ(安曇野市)が信濃毎日新聞松本専売所に事業譲渡し、8日、松本市大手4の信毎...,https://www.shinmai.co.jp/news/article/gf01dafuv5kvl121or84a92g,https://www.shinmai.co.jp/,ok,,
2026-09-09,2026-09-09T08:01:31.587503+09:00,地方紙,長野,信濃毎日新聞,秋祭り制覇目指す、人気の「スタンプラリー」10年目 長野市の12カ所巡ろう09/09 06:04,https://www.shinmai.co.jp/news/article/gf01dafqt0tttbkcu3kr902g,https://www.shinmai.co.jp/,ok,,
2026-09-09,2026-09-09T08:01:31.587503+09:00,地方紙,長野,信濃毎日新聞,飯田市のリニア長野県駅、完成は「開業時期から逆算」 駅名決定の時期・方法も未定09/09 06:03,https://www.shinmai.co.jp/news/article/gf01dag22c4vl121or84am0g,https://www.shinmai.co.jp/,ok,,
2026-09-09,2026-09-09T08:01:31.587503+09:00,地方紙,長野,信濃毎日新聞,坂城町の「伝説の黒みこし」1日限定復活へ 30年の眠りを覚ます若き担ぎ手の思い09/09 06:02,https://www.shinmai.co.jp/news/article/gf01dafqtctttbkcu3kr90a0,https://www.shinmai.co.jp/,ok,,
2026-09-09,2026-09-09T08:01:31.587503+09:00,地方紙,長野,信濃毎日新聞,諏訪湖の「厄介者」、実は食べられる ヒシの実収穫しスイーツなどに活用を模索へ09/09 06:01,https://www.shinmai.co.jp/news/article/gf01dafuabcvl121or84a5jg,https://www.shinmai.co.jp/,ok,,
2026-09-09,2026-09-09T08:01:31.587503+09:00,地方紙,長野,信濃毎日新聞,おくやみ(9月9日付)09/09 06:00,https://www.shinmai.co.jp/news/article/gf01daftrvcvl121or84a2n0,https://www.shinmai.co.jp/,ok,,
2026-09-09,2026-09-09T08:01:31.587503+09:00,地方紙,長野,信濃毎日新聞,4軽井沢町で不同意性交など疑い 29歳の男逮捕 容疑を否認,https://www.shinmai.co.jp/news/article/gf01daftet4vl121or849tvg,https://www.shinmai.co.jp/,ok,,
2026-09-09,2026-09-09T08:01:31.587503+09:00,地方紙,長野,信濃毎日新聞,5覚醒剤使用疑いで千曲市の39歳男を再逮捕,https://www.shinmai.co.jp/news/article/gf01dafu0hsvl121or84a3ug,https://www.shinmai.co.jp/,ok,,
2026-09-09,2026-09-09T08:01:31.587503+09:00,地方紙,長野,信濃毎日新聞,7エプソン(諏訪市)が「IJS製品推進部」と「MD生産技術・製造部」を新設 (10月1日付),https://www.shinmai.co.jp/news/article/gf01dag0bcdttbkcu3krafs0,https://www.shinmai.co.jp/,ok,,
2026-09-09,2026-09-09T08:01:31.587503+09:00,地方紙,長野,信濃毎日新聞,8工事費2220万円をだまし取った罪 飯山市の47歳男を追起訴,https://www.shinmai.co.jp/news/article/gf01dafvr1lttbkcu3krac3g,https://www.shinmai.co.jp/,ok,,
2026-09-09,2026-09-09T08:01:31.587503+09:00,地方紙,長野,信濃毎日新聞,9下條村の村長と副村長の給料を減額 職員の不適切事務の監督責任,https://www.shinmai.co.jp/news/article/gf01daftuhdttbkcu3kra1mg,https://www.shinmai.co.jp/,ok,,
2026-09-09,2026-09-09T08:01:31.587503+09:00,地方紙,長野,信濃毎日新聞,10今年は大粒 長野県産「ぶどう三姉妹」を東京の市場でPR 酷暑の影響少なく,https://www.shinmai.co.jp/news/article/gf01dafooklttbkcu3kr8i30,https://www.shinmai.co.jp/,ok,,
2026-09-09,2026-09-09T08:01:31.587503+09:00,地方紙,長野,信濃毎日新聞,【4コマ】南箕輪村が二つある!?【ここがわからんばい!信州】長野県主要くらし・話題イブニング信毎ウェブオリジナルここがわからんばい!信州南箕輪村09/08 11:30,https://www.shinmai.co.jp/news/article/gf01daf0j0dttbkcu3kr4sm0,https://www.shinmai.co.jp/,ok,,
2026-09-09,2026-09-09T08:01:31.587503+09:00,地方紙,長野,信濃毎日新聞,秋の中央アルプスへ でも予想外の足止め...「プランB」練っておく必要性実感【動画付き】長野県社会信州の山ウェブオリジナルイブニング信毎中央アルプスタカシが行く09/07 15:29,https://www.shinmai.co.jp/news/article/gf01daek3g5ttbkcu3kr3lo0,https://www.shinmai.co.jp/,ok,,
2026-09-09,2026-09-09T08:01:31.587503+09:00,地方紙,長野,信濃毎日新聞,初めて見た人は驚く?! 長野県で毎日放送されている“日本一難しい”イントロクイズ【ずくだせの日々】長野県文化・芸能主要エンタメウェブオリジナルイブニング信毎09/07 12:30,https://www.shinmai.co.jp/news/article/gf01dad95kkvl121or83uieg,https://www.shinmai.co.jp/,ok,,
2026-09-09,2026-09-09T08:01:31.587503+09:00,地方紙,長野,信濃毎日新聞,書評「ノー・ファンタジー」(上田岳弘著、集英社) 「僕ら」の人生の戦慄とビート長野県文化・芸能ウェブオリジナル09/05 05:30,https://www.shinmai.co.jp/news/article/gf01dad742tttbkcu3kqtuq0,https://www.shinmai.co.jp/,ok,,
2026-09-09,2026-09-09T08:01:31.587503+09:00,地方紙,長野,信濃毎日新聞,信州山レポート 山岳情報ぎゅっとお届け長野県社会安全登山・遭難信州の山ウェブオリジナル09/04 17:45,https://www.shinmai.co.jp/news/article/SHEX2026071400004787,https://www.shinmai.co.jp/,ok,,
2026-09-09,2026-09-09T08:01:31.587503+09:00,地方紙,長野,信濃毎日新聞,黒猫ケンちゃん、やっと美術館に入れたね 「盟友」警備員さんの手で長野県主要くらし・話題ウェブオリジナルイブニング信毎朝日新聞コラボ「いつも、どこかで」09/04 17:00,https://www.shinmai.co.jp/news/article/gf01da5t7sqm9tl84se12rs0,https://www.shinmai.co.jp/,ok,,
2026-09-09,2026-09-09T08:01:31.587503+09:00,地方紙,長野,信濃毎日新聞,民俗芸能とは?「単なる文化事象ではないのです」 持続可能な地域づくりそのもの 長野県主催のシンポで今後を展望〈山と人と信州と〉長野県社会信州の山ウェブオリジナル山と人と信州と09/04 06:04,https://www.shinmai.co.jp/news/article/gf01dacgl44vl121or83plo0,https://www.shinmai.co.jp/,ok,,
2026-09-09,2026-09-09T08:01:31.587503+09:00,地方紙,長野,信濃毎日新聞,「信頼は一瞬で崩れる」 山雅の元流経大キャプテンに待っていた落とし穴 ベンチ外の現実受け止め再出発長野県スポーツウェブオリジナルイブニング信毎サッカー松本山雅松本市08/25 06:30,https://www.shinmai.co.jp/news/article/gf01da5sbkcaejegpfu2nhlg,https://www.shinmai.co.jp/,ok,,
2026-09-09,2026-09-09T08:01:31.587503+09:00,地方紙,静岡,静岡新聞,,,https://www.at-s.com/,error,405 Client Error: Not Allowed for url: https://www.at-s.com/,
2026-09-09,2026-09-09T08:01:31.587503+09:00,地方紙,京都,京都新聞,人事異動ポータル,https://www.kyoto-np.co.jp/articles/-/1250583,https://www.kyoto-np.co.jp/,ok,,
2026-09-09,2026-09-09T08:01:31.587503+09:00,地方紙,京都,京都新聞,速報名古屋市全域に災害救助法適用,https://www.kyoto-np.co.jp/articles/-/1787435,https://www.kyoto-np.co.jp/,ok,,
2026-09-09,2026-09-09T08:01:31.587503+09:00,地方紙,京都,京都新聞,京都市内で「世界最大手」「国内大手」「地場」が激突 移動に便利な「電動モビリティ」覇権どこに?4:50市内街頭に置かれた電動アシスト自転車や電動キックボードを借りて移動する電動モビリティのシェアリングサービスが、京都で広がっている。世界最大手の...,https://www.kyoto-np.co.jp/articles/-/1787183,https://www.kyoto-np.co.jp/,ok,,
2026-09-09,2026-09-09T08:01:31.587503+09:00,地方紙,京都,京都新聞,「京都サンガ」ルーツのサッカークラブが変革 Jリーグ入り目標に「1億円を稼げるように」5:15市内日本最古のサッカークラブの流れをくむ「京都紫光クラブ」がJリーグ入りを目標に掲げ、変革に取り組んでいる。京都大サッカー部出身で大手商社勤務...,https://www.kyoto-np.co.jp/articles/-/1786953,https://www.kyoto-np.co.jp/,ok,,
2026-09-09,2026-09-09T08:01:31.587503+09:00,地方紙,京都,京都新聞,京都市北区の元京大教授が「北陸新幹線より効果的」と提言 林業支援と「鴨川の氾濫リスク」の関連は5:02市内京都市北区の山あいで林業を営む元京都大教授が、森林荒廃の現状と打開策を論じた書籍を出版した。北山杉の管理と森林経済学の研究を続ける経験から...,https://www.kyoto-np.co.jp/articles/-/1786471,https://www.kyoto-np.co.jp/,ok,,
2026-09-09,2026-09-09T08:01:31.587503+09:00,地方紙,京都,京都新聞,「多彩な才能迎える」京都市が芸術家に安価な賃貸住宅提供へ 月4万9千円で貸し出しも6:15市内京都市は今秋以降、国内外の芸術家らに安価な賃貸住宅を提供する。創作活動を通じて他のアーティストや地域住民と交流し、まちの魅力向上や市への定...,https://www.kyoto-np.co.jp/articles/-/1787189,https://www.kyoto-np.co.jp/,ok,,
2026-09-09,2026-09-09T08:01:31.587503+09:00,地方紙,京都,京都新聞,京都市がEVバスの運行見合わせ、大阪で発生した同型バス火災受け 運行再開のめど立たず9月8日市内京都市が今年3月に導入した電気バス2台の運行を見合わせていることが8日、市交通局への取材で分かった。7月31日に大阪市住之江区で発生した同...,https://www.kyoto-np.co.jp/articles/-/1787231,https://www.kyoto-np.co.jp/,ok,,
2026-09-09,2026-09-09T08:01:31.587503+09:00,地方紙,京都,京都新聞,【速報】【大雨】JR西日本、近畿2路線で始発から運転取りやめ JR湖西線も午前10時から一部区間運休5:50地域JR西日本は9日、大雨の影響で、近畿地方の2路線で始発から運転を取りやめている。今後、雨の状況によっては運転見合せ区間や遅れが拡大する可能...,https://www.kyoto-np.co.jp/articles/-/1787391,https://www.kyoto-np.co.jp/,ok,,
2026-09-09,2026-09-09T08:01:31.587503+09:00,地方紙,京都,京都新聞,大阪高槻に39期連続増収の人気スーパー「第1号店オープン」 因縁ライバル立地の激戦区、客争奪激化へ5:25地域関東を地盤とするスーパーが、大阪府...,https://www.kyoto-np.co.jp/articles/-/1786138,https://www.kyoto-np.co.jp/,ok,,
2026-09-09,2026-09-09T08:01:31.587503+09:00,地方紙,京都,京都新聞,滋賀県のかばんメーカー、破産手続き開始決定 滋賀発ブランド、全国に出荷も5:10地域,https://www.kyoto-np.co.jp/articles/-/1787213,https://www.kyoto-np.co.jp/,ok,,
2026-09-09,2026-09-09T08:01:31.587503+09:00,地方紙,京都,京都新聞,京都サンガのDF石田侑資が1失点目を振り返る「言ってるだけじゃ伝わらなかったかも。僕の責任でもある」 一問一答9月8日地域,https://www.kyoto-np.co.jp/articles/-/1786494,https://www.kyoto-np.co.jp/,ok,,
2026-09-09,2026-09-09T08:01:31.587503+09:00,地方紙,京都,京都新聞,京都サンガのMF中野瑠馬「もう少しスイッチを入れられれば」「全員で前を向いてやっていく」 一問一答9月8日地域,https://www.kyoto-np.co.jp/articles/-/1786495,https://www.kyoto-np.co.jp/,ok,,
2026-09-09,2026-09-09T08:01:31.587503+09:00,地方紙,京都,京都新聞,「農家のことを何も考えていない」コメ作り続けられない、京都・滋賀の農家が悲鳴9月8日地域,https://www.kyoto-np.co.jp/articles/-/1786457,https://www.kyoto-np.co.jp/,ok,,
2026-09-09,2026-09-09T08:01:31.587503+09:00,地方紙,京都,京都新聞,京都府の運送会社、自己破産申請へ 長距離輸送を手がけるも、ドライバー不足など影響9月8日地域,https://www.kyoto-np.co.jp/articles/-/1786438,https://www.kyoto-np.co.jp/,ok,,
2026-09-09,2026-09-09T08:01:31.587503+09:00,地方紙,京都,京都新聞,定食が265円!「夢の社員食堂」 京都で急成長する「ピンク色」の工場、製造業変える「DX化」とは9月8日地域,https://www.kyoto-np.co.jp/articles/-/1780393,https://www.kyoto-np.co.jp/,ok,,
2026-09-09,2026-09-09T08:01:31.587503+09:00,地方紙,京都,京都新聞,京都大学の「就職先ランキング」トップ10は コンサルが上位席巻、メガバンクも復権目立つ9月7日市内,https://www.kyoto-np.co.jp/articles/-/1784988,https://www.kyoto-np.co.jp/,ok,,
2026-09-09,2026-09-09T08:01:31.587503+09:00,地方紙,京都,京都新聞,京都府の公立高校「存続の条件」は地域の関与にあり 関西大学教授「教育行政だけの課題ではない」9月7日地域,https://www.kyoto-np.co.jp/articles/-/1783878,https://www.kyoto-np.co.jp/,ok,,
2026-09-09,2026-09-09T08:01:31.587503+09:00,地方紙,京都,京都新聞,JR西日本の新幹線「500系」引退へ...社運かけた「開発秘話」 人気の「スター車両」はこうして生まれた9月6日大阪,https://www.kyoto-np.co.jp/articles/-/1785039,https://www.kyoto-np.co.jp/,ok,,
2026-09-09,2026-09-09T08:01:31.587503+09:00,地方紙,京都,京都新聞,高校無償化は「毒にも薬にもなる」その真意は 京都や大阪の公立高校の「あるべき姿」とは9月5日地域,https://www.kyoto-np.co.jp/articles/-/1783876,https://www.kyoto-np.co.jp/,ok,,
2026-09-09,2026-09-09T08:01:31.587503+09:00,地方紙,京都,京都新聞,【高校野球】夏の京都大会で与四死球が少なかった1、2年生を調査 チームに好リズム生んだピッチャーは?9月5日京都,https://www.kyoto-np.co.jp/articles/-/1783513,https://www.kyoto-np.co.jp/,ok,,
2026-09-09,2026-09-09T08:01:31.587503+09:00,地方紙,兵庫,神戸新聞,ネパール土石流の被災地支援を 加東のギミレさん 夫のおいが犠牲「涙止まらない」 加西でネパール展,https://www.kobe-np.co.jp/news/hokuban/202609/0020797243.shtml,https://www.kobe-np.co.jp/,ok,,
2026-09-09,2026-09-09T08:01:31.587503+09:00,地方紙,兵庫,神戸新聞,日ごろの「なぜ」を研究 三木市小中学生科学作品展 仮説を立て、実験重ねた80点展示,https://www.kobe-np.co.jp/news/miki/202609/0020797224.shtml,https://www.kobe-np.co.jp/,ok,,
2026-09-09,2026-09-09T08:01:31.587503+09:00,地方紙,兵庫,神戸新聞,自治会への加入促す条例制定目指し、姫路市が初の審議会 加入率下落の現状や課題議論,https://www.kobe-np.co.jp/news/himeji/202609/0020796992.shtml,https://www.kobe-np.co.jp/,ok,,
2026-09-09,2026-09-09T08:01:31.587503+09:00,地方紙,兵庫,神戸新聞,医療・介護・福祉の垣根越え...専門職が連携、患者らを支援 NPOが呼びかけ、明石で研修会,https://www.kobe-np.co.jp/news/akashi/202609/0020797267.shtml,https://www.kobe-np.co.jp/,ok,,
2026-09-09,2026-09-09T08:01:31.587503+09:00,地方紙,兵庫,神戸新聞,国内最高齢コアラ「のぞみ」本当にありがとう 南あわじ・イングランドの丘でお別れ会,https://www.kobe-np.co.jp/news/awaji/202609/0020797254.shtml,https://www.kobe-np.co.jp/,ok,,
2026-09-09,2026-09-09T08:01:31.587503+09:00,地方紙,兵庫,神戸新聞,「豊岡演劇祭」前夜祭、但馬空港で12日開催 平田オリザさんが見どころ解説 飲食ブースも,https://www.kobe-np.co.jp/news/culture/202609/0020797801.shtml,https://www.kobe-np.co.jp/,ok,,
2026-09-09,2026-09-09T08:01:31.587503+09:00,地方紙,兵庫,神戸新聞,バス通学の可能地域を承認 西脇中・西脇東中の統合準備委 上比延、中畑、住吉、塚口の4町,https://www.kobe-np.co.jp/news/hokuban/202609/0020797241.shtml,https://www.kobe-np.co.jp/,ok,,
2026-09-09,2026-09-09T08:01:31.587503+09:00,地方紙,兵庫,神戸新聞,兵庫県南部で強い雨 9日未明から午前、線状降水帯発生の恐れ 大雨災害の危険度高まる,https://www.kobe-np.co.jp/news/society/202609/0020796536.shtml,https://www.kobe-np.co.jp/,ok,,
2026-09-09,2026-09-09T08:01:31.587503+09:00,地方紙,兵庫,神戸新聞,秋季兵庫県高校野球大会の選手名鑑アップ 出場54チーム、9月12日開幕,https://www.kobe-np.co.jp/news/information/202609/0020795443.shtml,https://www.kobe-np.co.jp/,ok,,
2026-09-09,2026-09-09T08:01:31.587503+09:00,地方紙,兵庫,神戸新聞,県債の不適切処理、検証部会が初会合 関係者複数人にヒアリングへ,https://www.kobe-np.co.jp/news/society/202609/0020797110.shtml,https://www.kobe-np.co.jp/,ok,,
2026-09-09,2026-09-09T08:01:31.587503+09:00,地方紙,兵庫,神戸新聞,神社「一の宮」など題材に40点、日本画の魅力凝縮 西田眞人さんが豊岡で作品展,https://www.kobe-np.co.jp/news/tajima/202609/0020797250.shtml,https://www.kobe-np.co.jp/,ok,,
2026-09-09,2026-09-09T08:01:31.587503+09:00,地方紙,兵庫,神戸新聞,神戸市、大雨警戒で「高齢者等避難」を発令 北、垂水、西区の1万2899世帯,https://www.kobe-np.co.jp/news/society/202609/0020796748.shtml,https://www.kobe-np.co.jp/,ok,,
2026-09-09,2026-09-09T08:01:31.587503+09:00,地方紙,兵庫,神戸新聞,赤ちゃんゾウ35年ぶり誕生,https://www.kobe-np.co.jp/news/himeji/202609/0020796996.shtml,https://www.kobe-np.co.jp/,ok,,
2026-09-09,2026-09-09T08:01:31.587503+09:00,地方紙,兵庫,神戸新聞,<県政リアル 知事就任5年>(6)距離感 離れた大阪、県内首長も模索,https://www.kobe-np.co.jp/news/society/202608/0020681985.shtml,https://www.kobe-np.co.jp/,ok,,
2026-09-09,2026-09-09T08:01:31.587503+09:00,地方紙,兵庫,神戸新聞,AIがX投稿を自動要約 内容が二転三転、誤情報拡散の一因に,https://www.kobe-np.co.jp/news/society/202609/0020790642.shtml,https://www.kobe-np.co.jp/,ok,,
2026-09-09,2026-09-09T08:01:31.587503+09:00,地方紙,兵庫,神戸新聞,神戸拠点の創薬ベンチャー、食道がんで世界初のウイルス治療薬開発 倒産危機越え苦難の20年,https://www.kobe-np.co.jp/news/economy/202609/0020776285.shtml,https://www.kobe-np.co.jp/,ok,,
2026-09-09,2026-09-09T08:01:31.587503+09:00,地方紙,兵庫,神戸新聞,加古川の部活地域展開「かこ☆くら」仮登録110クラブ 来夏本格実施 地域偏在を懸念、公設型も検討へ,https://www.kobe-np.co.jp/news/touban/202609/0020793825.shtml,https://www.kobe-np.co.jp/,ok,,
2026-09-09,2026-09-09T08:01:31.587503+09:00,地方紙,兵庫,神戸新聞,加古川市の「危ない交差点」 市役所近くの十字路、植栽や歩道で車両見えにくく 周囲の建物で死角も,https://www.kobe-np.co.jp/news/richb/202609/0020797792.shtml,https://www.kobe-np.co.jp/,ok,,
2026-09-09,2026-09-09T08:01:31.587503+09:00,地方紙,兵庫,神戸新聞,<近日公開 9月のオススメ記事>バスケBプレミア、防災DX、「随想」新執筆陣...etc.,https://www.kobe-np.co.jp/news/richa/202608/0020749065.shtml,https://www.kobe-np.co.jp/,ok,,
2026-09-09,2026-09-09T08:01:31.587503+09:00,地方紙,兵庫,神戸新聞,本のまち明石アピールへ 市が公式note開設 イベント告知や裏話、関係者らを紹介,https://www.kobe-np.co.jp/news/akashi/202609/0020797264.shtml,https://www.kobe-np.co.jp/,ok,,
2026-09-09,2026-09-09T08:01:31.587503+09:00,地方紙,広島,中国新聞,,,,skipped,利用規約でAI開発目的のディープラーニング等の情報処理・解析利用を明示的に禁止しているため自動取得の対象外とする。,
2026-09-09,2026-09-09T08:01:31.587503+09:00,地方紙,福岡,西日本新聞,,,,skipped,公式RSSはあるが、利用規約でAI学習目的の情報処理・解析利用を明示的に禁止しているため自動取得の対象外とする。,
2026-09-09,2026-09-09T08:01:31.587503+09:00,地方紙,熊本,熊本日日新聞,9/9朝,https://kumanichi.com/node/2033845,https://kumanichi.com/rss.xml,ok,,
2026-09-09,2026-09-09T08:01:31.587503+09:00,地方紙,熊本,熊本日日新聞,【随時更新】2026年熊本地震 熊日に届いた「みんなの声」,https://kumanichi.com/articles/2021956,https://kumanichi.com/rss.xml,ok,,
2026-09-09,2026-09-09T08:01:31.587503+09:00,地方紙,熊本,熊本日日新聞,名古屋市全域に災害救助法適用,https://kumanichi.com/articles/2033941,https://kumanichi.com/rss.xml,ok,,
2026-09-09,2026-09-09T08:01:31.587503+09:00,地方紙,熊本,熊本日日新聞,米博物館運営トップ退任へ,https://kumanichi.com/articles/2033939,https://kumanichi.com/rss.xml,ok,,
2026-09-09,2026-09-09T08:01:31.587503+09:00,地方紙,熊本,熊本日日新聞,大谷、再び先発を外れる,https://kumanichi.com/articles/2033940,https://kumanichi.com/rss.xml,ok,,
2026-09-09,2026-09-09T08:01:31.587503+09:00,地方紙,熊本,熊本日日新聞,NY、大気汚染の危険認識,https://kumanichi.com/articles/2033938,https://kumanichi.com/rss.xml,ok,,
2026-09-09,2026-09-09T08:01:31.587503+09:00,地方紙,熊本,熊本日日新聞,ヨルダン川西岸入植地と取引規制,https://kumanichi.com/articles/2033854,https://kumanichi.com/rss.xml,ok,,
2026-09-09,2026-09-09T08:01:31.587503+09:00,地方紙,熊本,熊本日日新聞,ジョージ英王子、名門校入学,https://kumanichi.com/articles/2033919,https://kumanichi.com/rss.xml,ok,,
2026-09-09,2026-09-09T08:01:31.587503+09:00,地方紙,熊本,熊本日日新聞,山口の純米吟醸が最優秀賞,https://kumanichi.com/articles/2033931,https://kumanichi.com/rss.xml,ok,,
2026-09-09,2026-09-09T08:01:31.587503+09:00,地方紙,熊本,熊本日日新聞,鎌田大地が今季初ゴール,https://kumanichi.com/articles/2033937,https://kumanichi.com/rss.xml,ok,,
2026-09-09,2026-09-09T08:01:31.587503+09:00,地方紙,鹿児島,南日本新聞,気象予報士ならではの「空読み」で撮った鹿児島の星空――「昼とは違う表情」写真集で魅せる南日本放送(MBC)の気象予報士、亀田晃一さん(58)=鹿児島市=が、星空の広がる鹿児島県内各地の風景をテーマにした初めての写真集「気象予報士亀ちゃんのかごしま星空日記」を出版した。昨年終了した南日本写真展では最高賞を受賞。「昼間とは違った表情を見せる鹿児島の『新しい』風景を楽しんでほしい」と話す。 2019年から本格的に星景写真を撮り始めた。写真集では桜島と彗星(すいせい)を捉えた受賞9月8日 16:30,https://373news.com/news/local/detail/239264/,https://373news.com/,ok,,local
2026-09-09,2026-09-09T08:01:31.587503+09:00,地方紙,鹿児島,南日本新聞,霧島市の量販店強盗致傷 被告男が起訴内容を認める 鹿地裁初公判9月9日 07:00,https://373news.com/news/local/detail/239303/,https://373news.com/,ok,,local
2026-09-09,2026-09-09T08:01:31.587503+09:00,地方紙,鹿児島,南日本新聞,鹿児島市の男性職員 育休取得93% 25年度過去最高、日数は113日 市議会代表質問 新サッカースタジアム交通手段、市がシャトルバス導入を情報収集9月9日 06:30,https://373news.com/news/local/detail/239302/,https://373news.com/,ok,,local
2026-09-09,2026-09-09T08:01:31.587503+09:00,地方紙,鹿児島,南日本新聞,台風被害対応優先で徳之島町議会が一般質問を自粛 9月議会会期も11日から4日間に短縮9月9日 06:05,https://373news.com/news/local/detail/239300/,https://373news.com/,ok,,local
2026-09-09,2026-09-09T08:01:31.587503+09:00,地方紙,鹿児島,南日本新聞,鹿児島中央駅コンコースに射的やミニトレイン...新幹線全線再開前の12日、JR九州が「のりもの縁日」9月9日 06:00,https://373news.com/news/local/detail/239296/,https://373news.com/,ok,,local
2026-09-09,2026-09-09T08:01:31.587503+09:00,地方紙,鹿児島,南日本新聞,インフルエンザ今季初の休園・学級閉鎖――県内流行、感染者は前年の3倍 徳之島で突出9月8日 20:30,https://373news.com/news/local/detail/239301/,https://373news.com/,ok,,local
2026-09-09,2026-09-09T08:01:31.587503+09:00,地方紙,鹿児島,南日本新聞,「りくりゅう」がおじいちゃん、おばあちゃんに?ユニークなかかし76体、出水・野田の田園彩る9月8日 20:30,https://373news.com/news/local/detail/239266/,https://373news.com/,ok,,local
2026-09-09,2026-09-09T08:01:31.587503+09:00,地方紙,鹿児島,南日本新聞,牛乳飲み比べ、味の違いに児童驚き――地元の酪農家が霧島・持松小で出前授業9月8日 20:00,https://373news.com/news/local/detail/239265/,https://373news.com/,ok,,local
2026-09-09,2026-09-09T08:01:31.587503+09:00,地方紙,鹿児島,南日本新聞,鹿屋市の日本料理店「一楽」破産開始決定 負債5億円超 設備投資とコロナ融資が重荷に9月8日 19:55,https://373news.com/news/local/detail/239291/,https://373news.com/,ok,,local
2026-09-09,2026-09-09T08:01:31.587503+09:00,地方紙,鹿児島,南日本新聞,1熊本地震でキャンセル相次ぐ中、諦めなかった修学旅行――佐賀の中学校、4時間かけ鹿児島へバスの旅,https://373news.com/news/local/detail/239250/,https://373news.com/,ok,,local
2026-09-09,2026-09-09T08:01:31.587503+09:00,地方紙,鹿児島,南日本新聞,2拾った財布、そのまま持ち去り――76歳男「4万3千円」窃盗疑いで逮捕 阿久根署,https://373news.com/news/local/detail/239299/,https://373news.com/,ok,,local
2026-09-09,2026-09-09T08:01:31.587503+09:00,地方紙,鹿児島,南日本新聞,3他人のクレカでスマホを購入...詐欺容疑で姶良市の男逮捕、「普通に買い物しただけ」と一部否認,https://373news.com/news/local/detail/239286/,https://373news.com/,ok,,local
2026-09-09,2026-09-09T08:01:31.587503+09:00,地方紙,鹿児島,南日本新聞,4牛肉の産地偽装で現金だまし取った疑い...否認し釈放された水迫畜産元役員、詐欺などの罪で在宅起訴 鹿地検 認否明らかにせず,https://373news.com/news/local/detail/239227/,https://373news.com/,ok,,local
2026-09-09,2026-09-09T08:01:31.587503+09:00,地方紙,鹿児島,南日本新聞,5川で魚を捕った帰り道、いきなり機銃掃射に襲われた。ババババと音がして、わずか2メートルほど離れた地面に次々穴が開く。怖くて祖父にしがみつくしかなかった...【証言 語り継ぐ戦争】,https://373news.com/news/local/detail/238333/,https://373news.com/,ok,,local
2026-09-09,2026-09-09T08:01:31.587503+09:00,地方紙,鹿児島,南日本新聞,7鹿児島県内のマッサージ店で客の体を触り逮捕、経営者の男 不同意わいせつ疑い,https://373news.com/news/local/detail/239230/,https://373news.com/,ok,,local
2026-09-09,2026-09-09T08:01:31.587503+09:00,地方紙,鹿児島,南日本新聞,8鹿児島市バス、運賃20円値上げ250円へ...27年8月から――10年連続の赤字で「さらに5億円超の収支改善が必要」,https://373news.com/news/local/detail/239248/,https://373news.com/,ok,,local
2026-09-09,2026-09-09T08:01:31.587503+09:00,地方紙,鹿児島,南日本新聞,9「福岡は空襲の標的、朝鮮は安全だ」父の言葉で渡った平壌...赤レンガの洋館、豊かな食卓、楽しかったのは2年間だけ――日本舞踊で見送った特攻隊員の白いスカーフは今も忘れられない【証言 語り継ぐ戦争】,https://373news.com/news/local/detail/238061/,https://373news.com/,ok,,local
2026-09-09,2026-09-09T08:01:31.587503+09:00,地方紙,鹿児島,南日本新聞,10三大エビを味わって 阿久根で「伊勢海老祭り」開幕――11店が参加、新メニュー登場...甘みのある主役、特大サイズが続々水揚げ,https://373news.com/news/local/detail/238898/,https://373news.com/,ok,,local
2026-09-09,2026-09-09T08:01:31.587503+09:00,地方紙,鹿児島,南日本新聞,「暑くないから大丈夫」そう言い張る高齢の親...冷房をつけさせたいけど、どう声かけたらいいの?――鹿児島の看護師が教える「否定しない伝え方」は8月20日 11:30,http://373news.com/lineup/kotimina/detail/238277/,https://373news.com/,ok,,
2026-09-09,2026-09-09T08:01:31.587503+09:00,地方紙,鹿児島,南日本新聞,上田綺世先制点、鈴木彩艶初出場 サッカー欧州CL開幕9月9日 07:12,https://373news.com/news/national/detail/2026090901000178/,https://373news.com/,ok,,national
2026-09-09,2026-09-09T08:01:31.587503+09:00,地方紙,沖縄,琉球新報,,,,skipped,利用規約で複製・複写・送信・頒布・蓄積・転載等を会社の承認なく行うことを広範に禁止しているため自動取得の対象外とする。,
2026-09-09,2026-09-09T08:01:31.587503+09:00,地方紙,沖縄,沖縄タイムス,沖縄タイムス社はSNS時代の選挙報道指針を策定しました,https://www.okinawatimes.co.jp/articles/-/1912094,https://www.okinawatimes.co.jp/,ok,,
2026-09-09,2026-09-09T08:01:31.587503+09:00,地方紙,沖縄,沖縄タイムス,若者の8割超が沖縄知事選「行く予定」 最多理由は「主権者としての義務や責任」 10~20代を本紙調査【表あり】9月9日 4:33沖縄県知事選[知事選 9.13] 13日投開票の知事選を前に、沖縄タイムスは10~20代の県内有権者を対象に政治や知事選への関心を問うアンケートを実施した。,https://www.okinawatimes.co.jp/articles/-/1919950,https://www.okinawatimes.co.jp/,ok,,
2026-09-09,2026-09-09T08:01:31.587503+09:00,地方紙,沖縄,沖縄タイムス,旧沖縄三越跡地に有名ブランドそろえた商業施設 2030年末の完成を想定 大和ハウス工業19:58有料#沖縄三越,https://www.okinawatimes.co.jp/articles/-/1919728,https://www.okinawatimes.co.jp/,ok,,
2026-09-09,2026-09-09T08:01:31.587503+09:00,地方紙,沖縄,沖縄タイムス,盛り土から高濃度PFAS 沖縄市・川崎川上流の湿地帯周辺 PFOS15万、PFOA5千ナノグラム検出 消火剤投棄の可能性3:59有料#沖縄市,https://www.okinawatimes.co.jp/articles/-/1919951,https://www.okinawatimes.co.jp/,ok,,
2026-09-09,2026-09-09T08:01:31.587503+09:00,地方紙,沖縄,沖縄タイムス,日銀、今月の会合で利上げへ ペース加速、政策金利1.25%に5:04有料#日銀,https://www.okinawatimes.co.jp/articles/-/1919953,https://www.okinawatimes.co.jp/,ok,,
2026-09-09,2026-09-09T08:01:31.587503+09:00,地方紙,沖縄,沖縄タイムス,[大弦小弦]3:57有料#大弦小弦,https://www.okinawatimes.co.jp/articles/-/1919954,https://www.okinawatimes.co.jp/,ok,,
2026-09-09,2026-09-09T08:01:31.587503+09:00,地方紙,沖縄,沖縄タイムス,「オール沖縄」誕生、翁長氏が初当選 保守県政16年に幕 辺野古が最大争点に【プレイバック知事選半世紀(6)】20:54有料#沖縄の選挙,https://www.okinawatimes.co.jp/articles/-/1919696,https://www.okinawatimes.co.jp/,ok,,
2026-09-09,2026-09-09T08:01:31.587503+09:00,地方紙,沖縄,沖縄タイムス,「米軍が汚染源」否定せず 官房長官、やりとり非公表 嘉手納・普天間のPFAS汚染 知事選候補者「立ち入りを」6:05有料#在日米軍,https://www.okinawatimes.co.jp/articles/-/1919981,https://www.okinawatimes.co.jp/,ok,,
2026-09-09,2026-09-09T08:01:31.587503+09:00,地方紙,沖縄,沖縄タイムス,卵が品薄 台風相次ぎ 貨物遅延 仕入れ3割減 県外生産量落ち込みも影響4:00有料#経済,https://www.okinawatimes.co.jp/articles/-/1919885,https://www.okinawatimes.co.jp/,ok,,
2026-09-09,2026-09-09T08:01:31.587503+09:00,地方紙,沖縄,沖縄タイムス,【統一地方選】女性候補15%、前回選から3ポイント増 南風原・北谷町が6人で最多 21町村議選(表あり)6:20有料#沖縄の選挙,https://www.okinawatimes.co.jp/articles/-/1919997,https://www.okinawatimes.co.jp/,ok,,
2026-09-09,2026-09-09T08:01:31.587503+09:00,地方紙,沖縄,沖縄タイムス,【沖縄知事選】若者の情報収集はSNSが最多 候補者への誹謗中傷・誤情報の拡散目立つ 投票判断への悪影響を懸念も 10~20代を本紙調査6:52有料#沖縄県知事選,https://www.okinawatimes.co.jp/articles/-/1919910,https://www.okinawatimes.co.jp/,ok,,
2026-09-09,2026-09-09T08:01:31.587503+09:00,地方紙,沖縄,沖縄タイムス,デポアイランドの整備へ 事業者から徴収 通り会に支給 北谷町、新たな負担金制度 県内初導入4:00有料#地域,https://www.okinawatimes.co.jp/articles/-/1919805,https://www.okinawatimes.co.jp/,ok,,
2026-09-09,2026-09-09T08:01:31.587503+09:00,地方紙,沖縄,沖縄タイムス,高江 年間王者に照準 54歳不屈 ジムカーナ連勝 モータースポーツ あと1勝で返り咲き4:00有料#スポーツ,https://www.okinawatimes.co.jp/articles/-/1919956,https://www.okinawatimes.co.jp/,ok,,
2026-09-09,2026-09-09T08:01:31.587503+09:00,地方紙,沖縄,沖縄タイムス,[パ・リーグ][プロ野球]平良11勝目 8回無失点 西武 甲斐野が20S目4:00有料#スポーツ,https://www.okinawatimes.co.jp/articles/-/1919937,https://www.okinawatimes.co.jp/,ok,,
2026-09-09,2026-09-09T08:01:31.587503+09:00,地方紙,沖縄,沖縄タイムス,余った牛乳 活用探る ラジオ体操で配布■飲む姿をSNSに 糸満の中高生8人提案4:00有料#教育,https://www.okinawatimes.co.jp/articles/-/1919758,https://www.okinawatimes.co.jp/,ok,,
2026-09-09,2026-09-09T08:01:31.587503+09:00,地方紙,沖縄,沖縄タイムス,[寄稿]熊本地震の経験から もりやままなみ 災害や避難情報 手話望む ニュースにアニメ活用を4:00有料#社会・くらし,https://www.okinawatimes.co.jp/articles/-/1919777,https://www.okinawatimes.co.jp/,ok,,
2026-09-09,2026-09-09T08:01:31.587503+09:00,地方紙,沖縄,沖縄タイムス,日本の学力 高水準維持 OECD調査 国内格差は拡大 読解力 平均点が低下4:00有料#国際,https://www.okinawatimes.co.jp/articles/-/1920004,https://www.okinawatimes.co.jp/,ok,,
2026-09-09,2026-09-09T08:01:31.587503+09:00,地方紙,沖縄,沖縄タイムス,波名城翔 さんがコメント(9月8日 22:44),https://www.okinawatimes.co.jp/articles/-/1919063,https://www.okinawatimes.co.jp/,ok,,
2026-09-09,2026-09-09T08:01:31.587503+09:00,地方紙,沖縄,沖縄タイムス,東恩納盛雄 さんがコメント(9月8日 19:30),https://www.okinawatimes.co.jp/articles/-/1919066,https://www.okinawatimes.co.jp/,ok,,
2026-09-09,2026-09-09T08:01:31.587503+09:00,その他メディア,,フジテレビ,官製談合事件が続いたことを受けて 尾道市長の給与カット案、2カ月間40% 常任委員会で可決 広島,https://www.fnn.jp/articles/-/1110741,https://news.ceek.jp/search.cgi?category_id=politics&feed=1,ok,,政治
2026-09-09,2026-09-09T08:01:31.587503+09:00,その他メディア,,WEDGE Infinity,習近平が訪印、インドと中国は〝友好関係〟に進んでいるのか?モディ首相はどう考えているか,https://wedge.ismedia.jp/articles/-/41061,https://news.ceek.jp/search.cgi?category_id=politics&feed=1,ok,,政治
2026-09-09,2026-09-09T08:01:31.587503+09:00,その他メディア,,アサ芸プラス,ウクライナで仰天法案審議「ポルノ収益でロシア攻撃ドローン購入」きっかけは逮捕女性の「ゼレンスキー大統領への嘆願書」だった,https://www.asagei.com/excerpt/349438,https://news.ceek.jp/search.cgi?category_id=politics&feed=1,ok,,政治
2026-09-09,2026-09-09T08:01:31.587503+09:00,その他メディア,,フジテレビ,【プーチン大統領が択捉島を初訪問】「あたかも自国のように振る舞う行為は極めて遺憾であり強い怒りを覚える」道議会がプーチン大統領の北方領土上陸への抗議決議案を可決<北海道>,https://www.fnn.jp/articles/-/1110723,https://news.ceek.jp/search.cgi?category_id=politics&feed=1,ok,,政治
2026-09-09,2026-09-09T08:01:31.587503+09:00,その他メディア,,JBpress,習い事、スマホ、旅行にも家庭の社会経済的な格差...小6・中3全国データが明かす『経験蓄積格差』家庭SESによる子どもの習い事、学習・スマホ時間、文化的経験の格差はコロナ後にどう変わったか,https://jbpress.ismedia.jp/articles/-/96869,https://news.ceek.jp/search.cgi?category_id=politics&feed=1,ok,,政治
2026-09-09,2026-09-09T08:01:31.587503+09:00,その他メディア,,JBpress,「ちいかわ」はなぜここまで売れた?映画122億円、SNS発から6年で巨大化した「ちいかわ経済圏」とは【やさしく解説】ちいかわ経済圏,https://jbpress.ismedia.jp/articles/-/96895,https://news.ceek.jp/search.cgi?category_id=politics&feed=1,ok,,政治
2026-09-09,2026-09-09T08:01:31.587503+09:00,その他メディア,,JBpress,"【ふるさと納税】お気に入りの返礼品が9月で消える?ルール変更で今年も“駆け込み寄付""が発生か地場産品基準の厳格化が海外産高級ワインなどの返礼品を直撃、制度はますます複雑なものに",https://jbpress.ismedia.jp/articles/-/96904,https://news.ceek.jp/search.cgi?category_id=politics&feed=1,ok,,政治
2026-09-09,2026-09-09T08:01:31.587503+09:00,その他メディア,,JBpress,極右躍進で揺れるドイツ、州議会選挙でAfDが圧勝...経済低迷でメルツ政権は窮地に,https://jbpress.ismedia.jp/articles/-/96916,https://news.ceek.jp/search.cgi?category_id=politics&feed=1,ok,,政治
2026-09-09,2026-09-09T08:01:31.587503+09:00,その他メディア,,JBpress,東京に500機のドローンが来たらどう守るのか?求められる装備論を超えた防衛戦略、必要な4つの戦い方と3つの能力「兵器の買い物リスト」にしてはならない安保三文書、問われる都市・基地・産業・物流のレジリエンスと継戦力,https://jbpress.ismedia.jp/articles/-/96914,https://news.ceek.jp/search.cgi?category_id=politics&feed=1,ok,,政治
2026-09-09,2026-09-09T08:01:31.587503+09:00,その他メディア,,テレビ朝日,税制改正大綱 自民部会に提示,https://news.tv-asahi.co.jp/news_politics/articles/000531935.html,https://news.ceek.jp/search.cgi?category_id=politics&feed=1,ok,,政治
2026-09-09,2026-09-09T08:01:31.587503+09:00,その他メディア,,WEDGE Infinity,NYマムダニ市政の「民主社会主義」と日本型「大きな政府」の危うさとは何か?,https://wedge.ismedia.jp/articles/-/41062,https://news.ceek.jp/search.cgi?category_id=politics&feed=1,ok,,政治
2026-09-09,2026-09-09T08:01:31.587503+09:00,全国紙,全国,産経新聞,高市日誌8日(火),https://www.sankei.com/article/20260909-UVFT6MHIN5IM3ECL422KNYLKSE/,https://news.ceek.jp/search.cgi?category_id=politics&feed=1,ok,,政治
2026-09-09,2026-09-09T08:01:31.587503+09:00,全国紙,全国,東京新聞,〈政治まんが〉「林氏の入閣は」 佐藤正明傑作選「一笑両断2」販売中,https://www.tokyo-np.co.jp/article/514206,https://news.ceek.jp/search.cgi?category_id=politics&feed=1,ok,,政治
2026-09-09,2026-09-09T08:01:31.587503+09:00,全国紙,全国,読売新聞,地方働き方改善1500億円 概算要求...男女賃金差解消など,https://www.yomiuri.co.jp/politics/20260908-GYT1T00405/,https://news.ceek.jp/search.cgi?category_id=politics&feed=1,ok,,政治
2026-09-09,2026-09-09T08:01:31.587503+09:00,全国紙,全国,読売新聞,入閣待ち議員やきもき 主要閣僚「留任」続々,https://www.yomiuri.co.jp/politics/20260908-GYT1T00408/,https://news.ceek.jp/search.cgi?category_id=politics&feed=1,ok,,政治
2026-09-09,2026-09-09T08:01:31.587503+09:00,全国紙,全国,読売新聞,自衛官の治療 協力要請 防衛×厚労 有事で連携,https://www.yomiuri.co.jp/politics/20260908-GYT1T00415/,https://news.ceek.jp/search.cgi?category_id=politics&feed=1,ok,,政治
2026-09-09,2026-09-09T08:01:31.587503+09:00,全国紙,全国,読売新聞,外務省人事(8日),https://www.yomiuri.co.jp/politics/20260908-GYT1T00417/,https://news.ceek.jp/search.cgi?category_id=politics&feed=1,ok,,政治
2026-09-09,2026-09-09T08:01:31.587503+09:00,全国紙,全国,読売新聞,高市首相の一日(8日),https://www.yomiuri.co.jp/politics/20260909-GYT1T00061/,https://news.ceek.jp/search.cgi?category_id=politics&feed=1,ok,,政治
2026-09-09,2026-09-09T08:01:31.587503+09:00,全国紙,全国,読売新聞,立民系は新党結成へ、公明系は公明に再入党で最終調整...中道「分派」は双方が対等に分かれる形に,https://www.yomiuri.co.jp/politics/20260909-GYT1T00062/,https://news.ceek.jp/search.cgi?category_id=politics&feed=1,ok,,政治
2026-09-09,2026-09-09T08:01:31.587503+09:00,全国紙,全国,日本経済新聞,戦闘機F15の改良、計画の3割どまり 「部品の共食い」でも動けぬ機体,https://www.nikkei.com/article/DGXZQOUA033FX0T00C26A9000000/,https://news.ceek.jp/search.cgi?category_id=politics&feed=1,ok,,政治
2026-09-09,2026-09-09T08:01:31.587503+09:00,全国紙,全国,日本経済新聞,立民・徳永政調会長、給付財源「法人増税の検討を」 消費減税と一線,https://www.nikkei.com/article/DGXZQOUA080ZE0Y6A900C2000000/,https://news.ceek.jp/search.cgi?category_id=politics&feed=1,ok,,政治
2026-09-09,2026-09-09T08:01:31.587503+09:00,全国紙,全国,読売新聞,入管庁、「不法就労」摘発強化へ他省庁と合同で立ち入り調査...10月にも国交省と解体業者対象に実施へ,https://www.yomiuri.co.jp/politics/20260909-GYT1T00006/,https://news.ceek.jp/search.cgi?category_id=politics&feed=1,ok,,政治
2026-09-09,2026-09-09T08:01:31.587503+09:00,全国紙,全国,読売新聞,中道分裂 臨時国会見据え「分派」 所属議員「早く態勢整えたい」,https://www.yomiuri.co.jp/politics/20260908-GYT1T00406/,https://news.ceek.jp/search.cgi?category_id=politics&feed=1,ok,,政治
2026-09-09,2026-09-09T08:01:31.587503+09:00,その他メディア,,WEDGE Infinity,米国防次官エルブリッジ・コルビーの演説から見える本音...トランプ政権の「柔軟なリアリズム」とは何か?『Japan Times』記者の鋭い質問,https://wedge.ismedia.jp/articles/-/41051,https://news.ceek.jp/search.cgi?category_id=politics&feed=1,ok,,政治
2026-09-09,2026-09-09T08:01:31.587503+09:00,全国紙,全国,毎日新聞,首相日々 8日,https://mainichi.jp/articles/20260909/ddm/012/010/082000c,https://news.ceek.jp/search.cgi?category_id=politics&feed=1,ok,,政治
2026-09-09,2026-09-09T08:01:31.587503+09:00,全国紙,全国,日本経済新聞,内閣改造、首相指示書が占う「高市人事」 片山氏は積極財政を推進,https://www.nikkei.com/article/DGXZQOUA0774L0X00C26A9000000/,https://news.ceek.jp/search.cgi?category_id=politics&feed=1,ok,,政治
2026-09-09,2026-09-09T08:01:31.587503+09:00,その他メディア,,フジテレビ,茂木外務大臣、小泉防衛大臣、小林政調会長ら留任で調整 高市総理が党役員人事の一任取り付け,https://www.fnn.jp/articles/-/1110635,https://news.ceek.jp/search.cgi?category_id=politics&feed=1,ok,,政治
2026-09-09,2026-09-09T08:01:31.587503+09:00,全国紙,全国,産経新聞,AI活用で「創薬・機器開発・業務効率化」促進 厚労省「AXプラン」、産業振興を重視,https://www.sankei.com/article/20260908-MAKXDODOGBJBRIP3MF4Y3KVGIA/,https://news.ceek.jp/search.cgi?category_id=politics&feed=1,ok,,政治
2026-09-09,2026-09-09T08:01:31.587503+09:00,全国紙,全国,読売新聞,萩生田幹事長代行が留任へ、16日にも党役員人事...高市首相「一任」取り付け,https://www.yomiuri.co.jp/politics/20260908-GYT1T00337/,https://news.ceek.jp/search.cgi?category_id=politics&feed=1,ok,,政治
2026-09-09,2026-09-09T08:01:31.587503+09:00,その他メディア,,日本テレビ,高市首相、人事の一任取り付け...自民党役員人事16日・内閣改造17日にも,https://news.ntv.co.jp/category/politics/48555f1674064ada954620c2211891d5,https://news.ceek.jp/search.cgi?category_id=politics&feed=1,ok,,政治
2026-09-09,2026-09-09T08:01:31.587503+09:00,その他メディア,,時事通信,首相動静(9月8日),https://www.jiji.com/jc/article?k=2026090800128&g=pol,https://news.ceek.jp/search.cgi?category_id=politics&feed=1,ok,,政治
2026-09-09,2026-09-09T08:01:31.587503+09:00,全国紙,全国,産経新聞,中英首脳が電話会談 習氏「相互に尊重・信頼を」 対トランプ政権を念頭に連携呼びかけ,https://www.sankei.com/article/20260908-WKVIMBCOARIHNNFKUQEXWFNUA4/,https://news.ceek.jp/search.cgi?category_id=politics&feed=1,ok,,政治
2026-09-09,2026-09-09T08:01:31.587503+09:00,全国紙,全国,日本経済新聞,8日の高市首相の動静,https://www.nikkei.com/article/DGXZQOUA082Q30Y6A900C2000000/,https://news.ceek.jp/search.cgi?category_id=politics&feed=1,ok,,政治
2026-09-09,2026-09-09T08:01:31.587503+09:00,その他メディア,,Abema TIMES,"「内閣改造」ほぼ留任のなか...焦点は“ポスト高市""の処遇",https://times.abema.tv/articles/-/10271817?page=1,https://news.ceek.jp/search.cgi?category_id=politics&feed=1,ok,,政治
2026-09-09,2026-09-09T08:01:31.587503+09:00,その他メディア,,デイリースポーツ,元法相の陣内孝雄さん死去,https://www.daily.co.jp/society/politics/2026/09/08/0020797466.shtml,https://news.ceek.jp/search.cgi?category_id=politics&feed=1,ok,,政治
2026-09-09,2026-09-09T08:01:31.587503+09:00,全国紙,全国,毎日新聞,政府、ネパールに4.6億円の無償資金協力 土石流災害の支援,https://mainichi.jp/articles/20260908/k00/00m/010/265000c,https://news.ceek.jp/search.cgi?category_id=politics&feed=1,ok,,政治
2026-09-09,2026-09-09T08:01:31.587503+09:00,その他メディア,,共同通信,中道、立民と公明系離党し分派へ 一部残り存続、衆院で連携維持,https://www.47news.jp/14910493.html,https://news.ceek.jp/search.cgi?category_id=politics&feed=1,ok,,政治
2026-09-09,2026-09-09T08:01:31.587503+09:00,全国紙,全国,日本経済新聞,皇族への誹謗中傷対策を 自民の保守系グループ、法整備も視野,https://www.nikkei.com/article/DGXZQOUA08A0I0Y6A900C2000000/,https://news.ceek.jp/search.cgi?category_id=politics&feed=1,ok,,政治
2026-09-09,2026-09-09T08:01:31.587503+09:00,全国紙,全国,日本経済新聞,衆院選挙制度の座長案「抜本改革でない」 超党派議連の申し入れ原案,https://www.nikkei.com/article/DGXZQOUA08A1L0Y6A900C2000000/,https://news.ceek.jp/search.cgi?category_id=politics&feed=1,ok,,政治
2026-09-09,2026-09-09T08:01:31.587503+09:00,その他メディア,,フジテレビ,木原官房長官「影響生じないよう対応」 中国が事実上の関税措置,https://www.fnn.jp/articles/-/1110569,https://news.ceek.jp/search.cgi?category_id=politics&feed=1,ok,,政治
2026-09-09,2026-09-09T08:01:31.587503+09:00,全国紙,全国,毎日新聞,茂木氏、イラン外相と電話協議 船舶攻撃への自制を強く求める,https://mainichi.jp/articles/20260908/k00/00m/010/251000c,https://news.ceek.jp/search.cgi?category_id=politics&feed=1,ok,,政治
2026-09-09,2026-09-09T08:01:31.587503+09:00,全国紙,全国,毎日新聞,自民・青山繁晴氏、不敬罪復活「目指さない」 PTが初会合,https://mainichi.jp/articles/20260908/k00/00m/010/250000c,https://news.ceek.jp/search.cgi?category_id=politics&feed=1,ok,,政治
2026-09-09,2026-09-09T08:01:31.587503+09:00,その他メディア,,テレビ朝日,"「内閣改造」ほぼ留任のなか...焦点は“ポスト高市""の処遇",https://news.tv-asahi.co.jp/news_politics/articles/900199173.html,https://news.ceek.jp/search.cgi?category_id=politics&feed=1,ok,,政治
2026-09-09,2026-09-09T08:01:31.587503+09:00,全国紙,全国,産経新聞,中国、前山西省長に執行猶予付き死刑判決 金品34億円受け取り 前閣僚の党籍剥奪も決定,https://www.sankei.com/article/20260908-32SWFIMAFZMNJO3D4QTY57VWUU/,https://news.ceek.jp/search.cgi?category_id=politics&feed=1,ok,,政治
2026-09-09,2026-09-09T08:01:31.587503+09:00,その他メディア,,フジテレビ,"「何か言いにくいことが出てきたりすることを懸念」 兵庫県前知事時代の“用先債""不適切処理の検証部会が初会合 ヒアリング対象者を公表しない方針 斎藤知事は「井戸前知事らにヒアリングすべき」と公言",https://www.fnn.jp/articles/-/1110543,https://news.ceek.jp/search.cgi?category_id=politics&feed=1,ok,,政治
2026-09-09,2026-09-09T08:01:31.587503+09:00,全国紙,全国,毎日新聞,中道解体へ、9日に正式決定 立憲系に新党模索の動きも,https://mainichi.jp/articles/20260908/k00/00m/010/238000c,https://news.ceek.jp/search.cgi?category_id=politics&feed=1,ok,,政治
2026-09-09,2026-09-09T08:01:31.587503+09:00,その他メディア,,テレビ朝日,都心のマンション価格を下げろ!短期売買にメス 課税引き上げを検討,https://news.tv-asahi.co.jp/news_politics/articles/000531964.html,https://news.ceek.jp/search.cgi?category_id=politics&feed=1,ok,,政治
2026-09-09,2026-09-09T08:01:31.587503+09:00,全国紙,全国,産経新聞,中国、抗日革命歌の替え歌で罰金1000万円「社会に劣悪な影響」 漫才師の公演中止に,https://www.sankei.com/article/20260908-GCJX3FLHXRNNNLS26UIL6A4D2Q/,https://news.ceek.jp/search.cgi?category_id=politics&feed=1,ok,,政治
2026-09-09,2026-09-09T08:01:31.587503+09:00,その他メディア,,フジテレビ,"双葉郡は“1減""へ 福島県議会の議員定数は「57」に 他選挙区の定員は現行通り 地元有権者の反応は",https://www.fnn.jp/articles/-/1110507,https://news.ceek.jp/search.cgi?category_id=politics&feed=1,ok,,政治
2026-09-09,2026-09-09T08:01:31.587503+09:00,その他メディア,,フジテレビ,【記者解説】新しい定数の背景に何が?福島県議会の議員定数 双葉郡の復興と人口減少への対応,https://www.fnn.jp/articles/-/1110508,https://news.ceek.jp/search.cgi?category_id=politics&feed=1,ok,,政治
2026-09-09,2026-09-09T08:01:31.587503+09:00,全国紙,全国,産経新聞,茨城県議選は12月4日告示・13日投開票 統一地方選の前哨戦、与野党の浮沈に注目,https://www.sankei.com/article/20260908-HJEULJZTCVJWFERTNQA2JSKMJI/,https://news.ceek.jp/search.cgi?category_id=politics&feed=1,ok,,政治
2026-09-09,2026-09-09T08:01:31.587503+09:00,その他メディア,,フジテレビ,大雨被害のインフラや農業「追加支援策を早急にまとめる」福井県の石田知事 復旧に向けた追加の補正予算案を上程へ,https://www.fnn.jp/articles/-/1110483,https://news.ceek.jp/search.cgi?category_id=politics&feed=1,ok,,政治
2026-09-09,2026-09-09T08:01:31.587503+09:00,その他メディア,,フジテレビ,【来春の札幌市長選】前衆議院議員・荒井優氏が出馬を正式表明「札幌から人づくり・教育をど真ん中に」IT企業経営の入沢氏に続き2人目〈北海道〉,https://www.fnn.jp/articles/-/1110488,https://news.ceek.jp/search.cgi?category_id=politics&feed=1,ok,,政治
2026-09-09,2026-09-09T08:01:31.587503+09:00,その他メディア,,フジテレビ,民間企業との3%程の差解消へ...名古屋市職員の年間給与『700万円超え』を人事委が勧告 広沢市長は検討進める方針,https://www.fnn.jp/articles/-/1110484,https://news.ceek.jp/search.cgi?category_id=politics&feed=1,ok,,政治
2026-09-09,2026-09-09T08:01:31.587503+09:00,その他メディア,,フジテレビ,元衆院議員の玄葉光一郎氏が中道改革連合を離党 党の分裂見通し受け 今後は無所属で活動継続,https://www.fnn.jp/articles/-/1110467,https://news.ceek.jp/search.cgi?category_id=politics&feed=1,ok,,政治
2026-09-09,2026-09-09T08:01:31.587503+09:00,その他メディア,,フジテレビ,2026年のサクランボ収穫量1万200トン超見込み 3年ぶり豊作も販売価格は約2割低下 山形,https://www.fnn.jp/articles/-/1110465,https://news.ceek.jp/search.cgi?category_id=politics&feed=1,ok,,政治
2026-09-09,2026-09-09T08:01:31.587503+09:00,その他メディア,,フジテレビ,「根回しする必要なし」服部知事が幹部職員に異例の訓示 県議会との関係見直しで ワンヘルスも「廃止含め聖域なく見直す」 福岡,https://www.fnn.jp/articles/-/1110458,https://news.ceek.jp/search.cgi?category_id=politics&feed=1,ok,,政治
2026-09-09,2026-09-09T08:01:31.587503+09:00,全国紙,全国,読売新聞,林総務相、内閣改造について「首相の専権事項」と発言控える...総裁選で争った他の3人は続投ほぼ固まる,https://www.yomiuri.co.jp/politics/20260908-GYT1T00263/,https://news.ceek.jp/search.cgi?category_id=politics&feed=1,ok,,政治
2026-09-09,2026-09-09T08:01:31.587503+09:00,その他メディア,,共同通信,萩生田幹事長代行、留任で調整 小林政調会長も続投有力,https://www.47news.jp/14910355.html,https://news.ceek.jp/search.cgi?category_id=politics&feed=1,ok,,政治
2026-09-09,2026-09-09T08:01:31.587503+09:00,その他メディア,,フジテレビ,本格的な稲刈り適期に入る 向こう1週間は雨予報・田んぼの排水など事前準備の徹底を 山形,https://www.fnn.jp/articles/-/1110416,https://news.ceek.jp/search.cgi?category_id=politics&feed=1,ok,,政治
2026-09-09,2026-09-09T08:01:31.587503+09:00,その他メディア,,フジテレビ,足並みそろわぬ《消防広域化計画》に知事が「反省」こぼす 体制見直し高知市に協力要請か【高知】,https://www.fnn.jp/articles/-/1110449,https://news.ceek.jp/search.cgi?category_id=politics&feed=1,ok,,政治
2026-09-09,2026-09-09T08:01:31.587503+09:00,その他メディア,,デイリースポーツ,萩生田幹事長代行、留任で調整,https://www.daily.co.jp/society/politics/2026/09/08/0020797039.shtml,https://news.ceek.jp/search.cgi?category_id=politics&feed=1,ok,,政治
2026-09-09,2026-09-09T08:01:31.587503+09:00,全国紙,全国,産経新聞,男女格差の是正へ中小企業支援を拡充、アドバイザーが助言 900→1000社 4→5回,https://www.sankei.com/article/20260908-JWNNFEPGBRJILMWPG3SDTP66GE/,https://news.ceek.jp/search.cgi?category_id=politics&feed=1,ok,,政治
2026-09-09,2026-09-09T08:01:31.587503+09:00,その他メディア,,フジテレビ,"揺れる《消防広域化計画》須崎市長の“電撃離脱""受け、高知市長が県に要望「丁寧な対応求める」",https://www.fnn.jp/articles/-/1110447,https://news.ceek.jp/search.cgi?category_id=politics&feed=1,ok,,政治
2026-09-09,2026-09-09T08:01:31.587503+09:00,全国紙,全国,日本経済新聞,中道、立民系は新党結成・公明系は復党で調整 衆院の統一会派めざす,https://www.nikkei.com/article/DGXZQOUA076Z80X00C26A9000000/,https://news.ceek.jp/search.cgi?category_id=politics&feed=1,ok,,政治
2026-09-09,2026-09-09T08:01:31.587503+09:00,全国紙,全国,産経新聞,日系大手の中国新車販売は8月も低迷続く 市場全体の冷え込み響き3社とも2桁のマイナス,https://www.sankei.com/article/20260908-ZZH7YQVFQ5IXPH5AACGGE5LZBM/,https://news.ceek.jp/search.cgi?category_id=politics&feed=1,ok,,政治
2026-09-09,2026-09-09T08:01:31.587503+09:00,その他メディア,,日本テレビ,自民党、税制改正大綱案を了承 消費減税の制度設計盛り込む,https://news.ntv.co.jp/category/politics/7f182e3184234f4694915ded404c16f3,https://news.ceek.jp/search.cgi?category_id=politics&feed=1,ok,,政治
2026-09-09,2026-09-09T08:01:31.587503+09:00,その他メディア,,テレビ朝日,ネパールに約4億7000万円の支援決定 政府,https://news.tv-asahi.co.jp/news_politics/articles/000531911.html,https://news.ceek.jp/search.cgi?category_id=politics&feed=1,ok,,政治
2026-09-09,2026-09-09T08:01:31.587503+09:00,その他メディア,,フジテレビ,尾道市長 給与2カ月間40%カット案 常任委員会で可決 官製談合事件が続いたことを受けて 広島,https://www.fnn.jp/articles/-/1110456,https://news.ceek.jp/search.cgi?category_id=politics&feed=1,ok,,政治
2026-09-09,2026-09-09T08:01:31.587503+09:00,その他メディア,,フジテレビ,33キロ速度オーバー「出勤が遅れた」松山市の40代市職員が車運転中に検挙 厳重注意処分に【愛媛】,https://www.fnn.jp/articles/-/1110135,https://news.ceek.jp/search.cgi?category_id=politics&feed=1,ok,,政治
2026-09-09,2026-09-09T08:01:31.587503+09:00,その他メディア,,共同通信,【速報】自民役員人事、萩生田幹事長代行の留任調整,https://www.47news.jp/14910204.html,https://news.ceek.jp/search.cgi?category_id=politics&feed=1,ok,,政治
2026-09-09,2026-09-09T08:01:31.587503+09:00,その他メディア,,デイリースポーツ,荒井優氏が札幌市長選出馬,https://www.daily.co.jp/society/politics/2026/09/08/0020796931.shtml,https://news.ceek.jp/search.cgi?category_id=politics&feed=1,ok,,政治
2026-09-09,2026-09-09T08:01:31.587503+09:00,その他メディア,,フジテレビ,"蔵内氏が辞職後の新議長は誰に...“逆風""で自民の独占崩れるか 各会派が水面下の調整続ける 9日に福岡県議会が開会",https://www.fnn.jp/articles/-/1110421,https://news.ceek.jp/search.cgi?category_id=politics&feed=1,ok,,政治
2026-09-09,2026-09-09T08:01:31.587503+09:00,その他メディア,,共同通信,荒井優氏が札幌市長選出馬 正式表明、元中道衆院議員,https://www.47news.jp/14910189.html,https://news.ceek.jp/search.cgi?category_id=politics&feed=1,ok,,政治
2026-09-09,2026-09-09T08:01:31.587503+09:00,全国紙,全国,産経新聞,PFAS、米軍が「基地由来と強く推測」 日本政府に回答,https://www.sankei.com/article/20260908-DIGE3DHJJVJD5DZEHH2KVWPFYE/,https://news.ceek.jp/search.cgi?category_id=politics&feed=1,ok,,政治
2026-09-09,2026-09-09T08:01:31.587503+09:00,全国紙,全国,産経新聞,中国が対日戦勝像設置でロシア側と共同歩調、対日批判を展開 「日本は軍国主義と決別を」,https://www.sankei.com/article/20260908-OTSMKIBZOVNAFEIVXNFZWJMLTU/,https://news.ceek.jp/search.cgi?category_id=politics&feed=1,ok,,政治
2026-09-09,2026-09-09T08:01:31.587503+09:00,全国紙,全国,産経新聞,自民・小林政調会長留任へ 「責任ある積極財政」キーマン 維新に規制改革担当相案が浮上,https://www.sankei.com/article/20260908-5ATDGNPTHFISPELQNLKXCRWAGA/,https://news.ceek.jp/search.cgi?category_id=politics&feed=1,ok,,政治
2026-09-09,2026-09-09T08:01:31.587503+09:00,その他メディア,,テレビ朝日,高市総理 小野寺税調会長・片山財務大臣と会談 税制改正大綱めぐり,https://news.tv-asahi.co.jp/news_politics/articles/000531852.html,https://news.ceek.jp/search.cgi?category_id=politics&feed=1,ok,,政治
2026-09-09,2026-09-09T08:01:31.587503+09:00,その他メディア,,フジテレビ,【訃報】陣内孝雄さん(93)死去 元参議院議員【佐賀県】,https://www.fnn.jp/articles/-/1110355,https://news.ceek.jp/search.cgi?category_id=politics&feed=1,ok,,政治
2026-09-09,2026-09-09T08:01:31.587503+09:00,その他メディア,,フジテレビ,分裂・中道の「新たな形態」 立憲系議員は離党し新党発足 公明系も離党し公明党に復党へ 中道は少数で残務処理後解散へ,https://www.fnn.jp/articles/-/1110344,https://news.ceek.jp/search.cgi?category_id=politics&feed=1,ok,,政治
2026-09-09,2026-09-09T08:01:31.587503+09:00,全国紙,全国,毎日新聞,小林鷹之・自民政調会長が続投へ 臨時国会は10月5日召集で調整,https://mainichi.jp/articles/20260908/k00/00m/010/183000c,https://news.ceek.jp/search.cgi?category_id=politics&feed=1,ok,,政治
2026-09-09,2026-09-09T08:01:31.587503+09:00,全国紙,全国,日本経済新聞,食品消費税1%法案、財源明示せず国会提出へ 金利3%の警鐘届かず,https://www.nikkei.com/article/DGXZQOUA0753X0X00C26A9000000/,https://news.ceek.jp/search.cgi?category_id=politics&feed=1,ok,,政治
2026-09-09,2026-09-09T08:01:31.587503+09:00,全国紙,全国,産経新聞,中国輸出10カ月連続プラス 8月25%増 関係悪化の対日堅調も新たに反ダンピング措置,https://www.sankei.com/article/20260908-LGXQHK6CQNNRLA3MF24JJYFLS4/,https://news.ceek.jp/search.cgi?category_id=politics&feed=1,ok,,政治
2026-09-09,2026-09-09T08:01:31.587503+09:00,その他メディア,,日本テレビ,「中道」存続の上で、立憲系・公明系議員らが離党へ,https://news.ntv.co.jp/category/politics/519d388eb39d4c55bc2e6d8860941ded,https://news.ceek.jp/search.cgi?category_id=politics&feed=1,ok,,政治
2026-09-09,2026-09-09T08:01:31.587503+09:00,その他メディア,,共同通信,【速報】自治体側「結論出すのは困難」、協議継続へ,https://www.47news.jp/14910031.html,https://news.ceek.jp/search.cgi?category_id=politics&feed=1,ok,,政治
2026-09-09,2026-09-09T08:01:31.587503+09:00,全国紙,全国,産経新聞,ネパール、海外救援隊受け入れに慎重な理由とは 災害復興支援で浮かぶ中印の勢力争い,https://www.sankei.com/article/20260908-L5KLAWDF6FMLVN4L5ELU7C67JQ/,https://news.ceek.jp/search.cgi?category_id=politics&feed=1,ok,,政治
2026-09-09,2026-09-09T08:01:31.587503+09:00,その他メディア,,フジテレビ,クマ被害対策に1億5000万円計上 鈴木知事「県民の生命を最優先に万全期す」 9月秋田県議会開会,https://www.fnn.jp/articles/-/1110366,https://news.ceek.jp/search.cgi?category_id=politics&feed=1,ok,,政治
2026-09-09,2026-09-09T08:01:31.587503+09:00,その他メディア,,QUICK Money World,三井金属、出光興産などが夜間PTSで値上がり(夜間PTS注目銘柄),https://moneyworld.jp/news/detail?id=218700,https://news.ceek.jp/search.cgi?category_id=business&feed=1,ok,,経済
2026-09-09,2026-09-09T08:01:31.587503+09:00,全国紙,全国,読売新聞,大阪メトロ、2031年度をめどに磁気切符を廃止...QRコードに切り替え,https://www.yomiuri.co.jp/economy/20260909-GYT1T00077/,https://news.ceek.jp/search.cgi?category_id=business&feed=1,ok,,経済
2026-09-09,2026-09-09T08:01:31.587503+09:00,全国紙,全国,日本経済新聞,日経平均、米半導体株高と円高一服が支え(先読み株式相場),https://www.nikkei.com/article/DGXZQOFL0902I0Z00C26A9000000/,https://news.ceek.jp/search.cgi?category_id=business&feed=1,ok,,経済
2026-09-09,2026-09-09T08:01:31.587503+09:00,その他メディア,,Forbes JAPAN,生成AIよりお金、学校で学ばせたい授業で親の約7割が選んだ本音,https://forbesjapan.com/articles/detail/104323,https://news.ceek.jp/search.cgi?category_id=business&feed=1,ok,,経済
2026-09-09,2026-09-09T08:01:31.587503+09:00,その他メディア,,共同通信,為替相場 9日(日本時間 7時),https://www.47news.jp/14911266.html,https://news.ceek.jp/search.cgi?category_id=business&feed=1,ok,,経済
2026-09-09,2026-09-09T08:01:31.587503+09:00,その他メディア,,Forbes JAPAN,個人投資家が今検討したい、AIデータセンター関連の株・REIT・ETF「6選」,https://forbesjapan.com/articles/detail/104273,https://news.ceek.jp/search.cgi?category_id=business&feed=1,ok,,経済
2026-09-09,2026-09-09T08:01:31.587503+09:00,全国紙,全国,日本経済新聞,シカゴ日本株先物概況・8日 日経平均先物は685円安の6万5145円,https://www.nikkei.com/article/DGXZQOFL0902R0Z00C26A9000000/,https://news.ceek.jp/search.cgi?category_id=business&feed=1,ok,,経済
2026-09-09,2026-09-09T08:01:31.587503+09:00,その他メディア,,デイリースポーツ,NY円、154円近辺,https://www.daily.co.jp/society/economics/2026/09/09/0020799064.shtml,https://news.ceek.jp/search.cgi?category_id=business&feed=1,ok,,経済
2026-09-09,2026-09-09T08:01:31.587503+09:00,その他メディア,,東洋経済オンライン,"「寝ても疲れが取れない」人へ...ジョギングでもヨガでもない、最新研究でわかった「睡眠の質を高める""ある習慣""」 | ライフ",https://toyokeizai.net/articles/-/955861?display=b,https://news.ceek.jp/search.cgi?category_id=business&feed=1,ok,,経済
2026-09-09,2026-09-09T08:01:31.587503+09:00,全国紙,全国,日本経済新聞,円乱高下への警戒度、「介入」超え 日米金融政策読めず154円前後,https://www.nikkei.com/article/DGXZQOGN08BSB0Y6A900C2000000/,https://news.ceek.jp/search.cgi?category_id=business&feed=1,ok,,経済
2026-09-09,2026-09-09T08:01:31.587503+09:00,その他メディア,,共同通信,【速報】NY円、153円97銭~154円07銭,https://www.47news.jp/14911604.html,https://news.ceek.jp/search.cgi?category_id=business&feed=1,ok,,経済
2026-09-09,2026-09-09T08:01:31.587503+09:00,その他メディア,,共同通信,NY原油、3カ月ぶり高値 6日続伸、終値93ドル台,https://www.47news.jp/14911534.html,https://news.ceek.jp/search.cgi?category_id=business&feed=1,ok,,経済
2026-09-09,2026-09-09T08:01:31.587503+09:00,その他メディア,,フジテレビ,返済期間40年・50年の超長期住宅ローン監視強化へ 住宅価格高騰や金利上昇で利用増も金利変動リスクに懸念,https://www.fnn.jp/articles/-/1110716,https://news.ceek.jp/search.cgi?category_id=business&feed=1,ok,,経済
2026-09-09,2026-09-09T08:01:31.587503+09:00,全国紙,全国,日本経済新聞,日本株ADR8日、全面安 ホンダやトヨタが下落,https://www.nikkei.com/article/DGXZQOFL0902O0Z00C26A9000000/,https://news.ceek.jp/search.cgi?category_id=business&feed=1,ok,,経済
2026-09-09,2026-09-09T08:01:31.587503+09:00,その他メディア,,共同通信,NY株続落、628ドル安 原油高でインフレに警戒感,https://www.47news.jp/14911518.html,https://news.ceek.jp/search.cgi?category_id=business&feed=1,ok,,経済
2026-09-09,2026-09-09T08:01:31.587503+09:00,その他メディア,,日刊工業新聞,リチウム電池材生産、日本製紙がハンガリー撤退の背景事情,https://newswitch.jp/p/50219,https://news.ceek.jp/search.cgi?category_id=business&feed=1,ok,,経済
2026-09-09,2026-09-09T08:01:31.587503+09:00,その他メディア,,JBpress,海底ケーブル「世界三強」のNEC、需要急増の中で直面する次の課題,https://jbpress.ismedia.jp/articles/-/96765,https://news.ceek.jp/search.cgi?category_id=business&feed=1,ok,,経済
2026-09-09,2026-09-09T08:01:31.587503+09:00,その他メディア,,JBpress,中国勢にどう勝つ? WHILLが示すパーソナルモビリティの勝ち筋、カーボン軽量モデルを投入帝人の炭素繊維複合材料を採用したModel C Lite、ハードだけではないWHILLの世界戦略を探る,https://jbpress.ismedia.jp/articles/-/96899,https://news.ceek.jp/search.cgi?category_id=business&feed=1,ok,,経済
2026-09-09,2026-09-09T08:01:31.587503+09:00,その他メディア,,JBpress,対中AI半導体規制を巡る攻防の深層、中国「限定緩和」と海外クラウド迂回利用の実態本土規制と開発継続の板挟み、米政府は計算資源アクセスの抜け穴封じを模索,https://jbpress.ismedia.jp/articles/-/96912,https://news.ceek.jp/search.cgi?category_id=business&feed=1,ok,,経済
2026-09-09,2026-09-09T08:01:31.587503+09:00,その他メディア,,デイリースポーツ,NY原油、3カ月ぶり高値,https://www.daily.co.jp/society/economics/2026/09/09/0020799040.shtml,https://news.ceek.jp/search.cgi?category_id=business&feed=1,ok,,経済
2026-09-09,2026-09-09T08:01:31.587503+09:00,その他メディア,,ハーバード・ビジネス・レビュー,経営戦略50年の進化を10の視座から読み解く,https://dhbr.diamond.jp/articles/-/14777,https://news.ceek.jp/search.cgi?category_id=business&feed=1,ok,,経済
2026-09-09,2026-09-09T08:01:31.587503+09:00,その他メディア,,現代ビジネス,歌手・ASKAがファンを困惑させる投資トラブルを起こしていた キルギスの仮想通貨取引所にファンを誘導氏...,https://gendai.media/articles/-/170629,https://news.ceek.jp/search.cgi?category_id=business&feed=1,ok,,経済
2026-09-09,2026-09-09T08:01:31.587503+09:00,その他メディア,,現代ビジネス,ASKAが推す仮想通貨の「投資トラブル」巡ってファン同士が大揉め!「元金の返金がされず困っています」,https://gendai.media/articles/-/170630,https://news.ceek.jp/search.cgi?category_id=business&feed=1,ok,,経済
2026-09-09,2026-09-09T08:01:31.587503+09:00,その他メディア,,現代ビジネス,ビジネスパーソンのための「理論の使い方」...経済学から読み解く「複雑な世界」,https://gendai.media/articles/-/170702,https://news.ceek.jp/search.cgi?category_id=business&feed=1,ok,,経済
2026-09-09,2026-09-09T08:01:31.587503+09:00,その他メディア,,フジテレビ,「やめとくれやす民泊」京都の民泊 住宅地での新規営業が事実上禁止へ 「セルフチェックイン」など100施設以上が条例違反か 初の営業停止処分も「氷山の一角」,https://www.fnn.jp/articles/-/1110712,https://news.ceek.jp/search.cgi?category_id=business&feed=1,ok,,経済
2026-09-09,2026-09-09T08:01:31.587503+09:00,その他メディア,,東洋経済オンライン,アメリカの「先例」に見る、勝ち残るレガシーメディア・新興メディアの要件とは...デジタル時代の媒体戦略を探る | ビジネス,https://toyokeizai.net/articles/-/956418,https://news.ceek.jp/search.cgi?category_id=business&feed=1,ok,,経済
2026-09-09,2026-09-09T08:01:31.587503+09:00,その他メディア,,東洋経済オンライン,〈流産や新生児仮死の報告も〉糖尿病薬・マンジャロの「やせ薬利用」が一律規制できない複雑な事情 | ビジネス,https://toyokeizai.net/articles/-/956842,https://news.ceek.jp/search.cgi?category_id=business&feed=1,ok,,経済
2026-09-09,2026-09-09T08:01:31.587503+09:00,その他メディア,,東洋経済オンライン,乗用車ではシェア0.1%未満のBYD、EVバスでは500台超...日本市場で先行した中国メーカーの次なる壁 | ビジネス,https://toyokeizai.net/articles/-/956851,https://news.ceek.jp/search.cgi?category_id=business&feed=1,ok,,経済
2026-09-09,2026-09-09T08:01:31.587503+09:00,その他メディア,,東洋経済オンライン,〈大臣に直撃〉「それは誤情報だ」と政府は介入できない...林芳正総務相が語る、選挙の偽情報は誰が正すのか | ビジネス,https://toyokeizai.net/articles/-/956856,https://news.ceek.jp/search.cgi?category_id=business&feed=1,ok,,経済
2026-09-09,2026-09-09T08:01:31.587503+09:00,その他メディア,,東洋経済オンライン,「過小評価していた...」足元の受注は倍増!日立の稼ぎ頭・送配電事業のトップが語るAIデータセンター向け需要爆増の実態 | ビジネス,https://toyokeizai.net/articles/-/957028,https://news.ceek.jp/search.cgi?category_id=business&feed=1,ok,,経済
2026-09-09,2026-09-09T08:01:31.587503+09:00,その他メディア,,東洋経済オンライン,"長期金利3%で深刻化する島根銀行の「含み損」・・・自己資本比率7%に潜む""規制の盲点""、SBI子会社化も現実味 | ビジネス",https://toyokeizai.net/articles/-/957114,https://news.ceek.jp/search.cgi?category_id=business&feed=1,ok,,経済
2026-09-09,2026-09-09T08:01:31.587503+09:00,その他メディア,,東洋経済オンライン,自動運転のティアフォー、加藤CEOが徹底解説 エヌビディアとルネサスの「使い分け」から半導体の「自前設計」まで | ビジネス,https://toyokeizai.net/articles/-/957184,https://news.ceek.jp/search.cgi?category_id=business&feed=1,ok,,経済
2026-09-09,2026-09-09T08:01:31.587503+09:00,その他メディア,,東洋経済オンライン,"富士フイルム""隠れ半導体銘柄""脱皮へ総力戦、半導体材料の売上高倍増計画は「後工程」「インド」が切り札 | ビジネス",https://toyokeizai.net/articles/-/957188,https://news.ceek.jp/search.cgi?category_id=business&feed=1,ok,,経済
2026-09-09,2026-09-09T08:01:31.587503+09:00,その他メディア,,東洋経済オンライン,"ガンホー筆頭株主に「ソニー・ミュージック」が浮上、アクティビスト対策は前進も業界が読みあぐねる""ソニーの狙い"" | ビジネス",https://toyokeizai.net/articles/-/957291,https://news.ceek.jp/search.cgi?category_id=business&feed=1,ok,,経済
2026-09-09,2026-09-09T08:01:31.587503+09:00,その他メディア,,東洋経済オンライン,日本国債の10年物金利が30年ぶりに3%に到達、実質金利とインフレ以外の「タームプレミアム」拡大が金利上昇に最も寄与 | 政治・経済・投資,https://toyokeizai.net/articles/-/957298,https://news.ceek.jp/search.cgi?category_id=business&feed=1,ok,,経済
2026-09-09,2026-09-09T08:01:31.587503+09:00,その他メディア,,日刊ゲンダイ,車検で「今すぐ交換を」と勧められたら...断っていい整備、断らないほうがいい整備の見分け方,https://www.nikkan-gendai.com/articles/view/money/392684,https://news.ceek.jp/search.cgi?category_id=business&feed=1,ok,,経済
2026-09-09,2026-09-09T08:01:31.587503+09:00,その他メディア,,日刊ゲンダイ,トレンドマイクロ×デジタルアーツ 攻撃から守るサイバーセキュリティーの大手を比較,https://www.nikkan-gendai.com/articles/view/money/392709,https://news.ceek.jp/search.cgi?category_id=business&feed=1,ok,,経済
2026-09-09,2026-09-09T08:01:31.587503+09:00,その他メディア,,東洋経済オンライン,一斉指導は限界!教室を飛び出す子どもたち・・・19年前に「多様性の包摂」で不登校を激減させた公立校に学ぶ「校長の資質」 | キャリア・教育,https://toyokeizai.net/articles/-/956388?display=b,https://news.ceek.jp/search.cgi?category_id=business&feed=1,ok,,経済
2026-09-09,2026-09-09T08:01:31.587503+09:00,その他メディア,,東洋経済オンライン,たった1社の停止で全米の医療が麻痺...「ハッキングされていない病院」の経営まで止まったサイバー攻撃の戦慄 | ビジネス,https://toyokeizai.net/articles/-/956822?display=b,https://news.ceek.jp/search.cgi?category_id=business&feed=1,ok,,経済
2026-09-09,2026-09-09T08:01:31.587503+09:00,その他メディア,,東洋経済オンライン,防衛省による国民の目を欺く前例なき160超の事項要求、「事項要求」で10兆円に膨らむ防衛費と文民統制への重大な疑問 | 政治・経済・投資,https://toyokeizai.net/articles/-/957108?display=b,https://news.ceek.jp/search.cgi?category_id=business&feed=1,ok,,経済
2026-09-09,2026-09-09T08:01:31.587503+09:00,その他メディア,,東洋経済オンライン,イスラエル次期首相は「ネタニヤフではない誰か」になるのか?対抗馬アイゼンコット氏とは何者か...その舵取りとは | 政治・経済・投資,https://toyokeizai.net/articles/-/957236?display=b,https://news.ceek.jp/search.cgi?category_id=business&feed=1,ok,,経済
2026-09-09,2026-09-09T08:01:31.587503+09:00,その他メディア,,JBpress,ゲームをAI開発の実験環境にすること 東京藝大・三宅陽一郎氏が語るゲームとAIの共進化,https://jbpress.ismedia.jp/articles/-/96643,https://news.ceek.jp/search.cgi?category_id=business&feed=1,ok,,経済
2026-09-09,2026-09-09T08:01:31.587503+09:00,その他メディア,,JBpress,「AIロボティクスカー」で始まるデータ争奪戦 日系自動車メーカーが直面する新たな競争,https://jbpress.ismedia.jp/articles/-/96800,https://news.ceek.jp/search.cgi?category_id=business&feed=1,ok,,経済
2026-09-09,2026-09-09T08:01:31.587503+09:00,その他メディア,,デイリースポーツ,NY株続落、628ドル安,https://www.daily.co.jp/society/economics/2026/09/09/0020799033.shtml,https://news.ceek.jp/search.cgi?category_id=business&feed=1,ok,,経済
2026-09-09,2026-09-09T08:01:31.587503+09:00,全国紙,全国,読売新聞,NYダウ終値、628ドル安の5万2786ドル...中東情勢の悪化で原油先物価格が上昇,https://www.yomiuri.co.jp/economy/20260909-GYT1T00073/,https://news.ceek.jp/search.cgi?category_id=business&feed=1,ok,,経済
2026-09-09,2026-09-09T08:01:31.587503+09:00,その他メディア,,共同通信,NY株式 8日終値,https://www.47news.jp/14911512.html,https://news.ceek.jp/search.cgi?category_id=business&feed=1,ok,,経済
2026-09-09,2026-09-09T08:01:31.587503+09:00,全国紙,全国,産経新聞,神戸商議所会頭、企業支援削減に懸念 「税収減るので阻止を」兵庫県の財政悪化受け,https://www.sankei.com/article/20260909-5E2QESEPJRNJPFAUVDMODUX2SI/,https://news.ceek.jp/search.cgi?category_id=business&feed=1,ok,,経済
2026-09-09,2026-09-09T08:01:31.587503+09:00,その他メディア,,東洋経済オンライン,"「給料が上がったのに、なぜか貯金が増えない」人に共通する""危ない習慣""...昇進・転職後に陥りやすい《意外な罠》 | ライフ",https://toyokeizai.net/articles/-/955491?display=b,https://news.ceek.jp/search.cgi?category_id=business&feed=1,ok,,経済
2026-09-09,2026-09-09T08:01:31.587503+09:00,その他メディア,,JBpress,注文から5分、インドの買い物はアプリ主流に 中川コージ氏が語るクイックコマース社会の攻略法,https://jbpress.ismedia.jp/articles/-/96727,https://news.ceek.jp/search.cgi?category_id=business&feed=1,ok,,経済
2026-09-09,2026-09-09T08:01:31.587503+09:00,その他メディア,,東洋経済オンライン,"SNS全盛時代に「ドモホルンリンクル」が""テレビCM""に込める意外なこだわり かつては中村玉緒や泉ピン子も出演していた | ビジネス",https://toyokeizai.net/articles/-/954637?display=b,https://news.ceek.jp/search.cgi?category_id=business&feed=1,ok,,経済
2026-09-09,2026-09-09T08:01:31.587503+09:00,その他メディア,,ハーバード・ビジネス・レビュー,60年のデータで明らかになる男女のリーダーシップ経験の違い,https://dhbr.diamond.jp/articles/-/14519,https://news.ceek.jp/search.cgi?category_id=business&feed=1,ok,,経済
2026-09-09,2026-09-09T08:01:31.587503+09:00,全国紙,全国,日本経済新聞,シーユーシー系とNDソフトウェア、服薬・介護でシステム連携,https://www.nikkei.com/article/DGXZQOUC083DD0Y6A900C2000000/,https://news.ceek.jp/search.cgi?category_id=business&feed=1,ok,,経済
2026-09-09,2026-09-09T08:01:31.587503+09:00,その他メディア,,東洋経済オンライン,"「大量のクレーム」で""会社存亡の危機""に陥った過去も...《ドモホルンリンクル》が電話勧誘から脱却した""深いワケ"" | ビジネス",https://toyokeizai.net/articles/-/954634?display=b,https://news.ceek.jp/search.cgi?category_id=business&feed=1,ok,,経済
2026-09-09,2026-09-09T08:01:31.587503+09:00,その他メディア,,共同通信,【速報】NY株続落、628ドル安,https://www.47news.jp/14911452.html,https://news.ceek.jp/search.cgi?category_id=business&feed=1,ok,,経済
2026-09-09,2026-09-09T08:01:31.587503+09:00,全国紙,全国,日本経済新聞,NY商品、原油続伸 中東情勢の緊迫化で3カ月ぶり高値 金続落,https://www.nikkei.com/article/DGXZQOFL08BC40Y6A900C2000000/,https://news.ceek.jp/search.cgi?category_id=business&feed=1,ok,,経済
2026-09-09,2026-09-09T08:01:31.587503+09:00,その他メディア,,JBpress,経営者は発想の転換を...富士フイルムとコニカミノルタに見る「経営戦略と人材戦略の一体化」で進める人的資本経営,https://jbpress.ismedia.jp/articles/-/96783,https://news.ceek.jp/search.cgi?category_id=business&feed=1,ok,,経済
2026-09-09,2026-09-09T08:01:31.587503+09:00,その他メディア,,共同通信,【速報】NY原油先物続伸、3カ月ぶり高値,https://www.47news.jp/14911357.html,https://news.ceek.jp/search.cgi?category_id=business&feed=1,ok,,経済
2026-09-09,2026-09-09T08:01:31.587503+09:00,その他メディア,,共同通信,愛知で創業の壱番屋、手作りカレーが原点 ご飯の量、辛さ客の好みで【経済トレンド/わが社のあの時】,https://www.47news.jp/14911304.html,https://news.ceek.jp/search.cgi?category_id=business&feed=1,ok,,経済
2026-09-09,2026-09-09T08:01:31.587503+09:00,その他メディア,,日本農業新聞,「ぶどう三姉妹」「りんご三兄弟」PR 全農長野と県がトップセールス,https://www.agrinews.co.jp/economy/index/405226,https://news.ceek.jp/search.cgi?category_id=business&feed=1,ok,,経済
2026-09-09,2026-09-09T08:01:31.587503+09:00,その他メディア,,日本農業新聞,5品目、2週連続下げ 土物類が入荷潤沢 野菜小売価格,https://www.agrinews.co.jp/economy/index/405359,https://news.ceek.jp/search.cgi?category_id=business&feed=1,ok,,経済
2026-09-09,2026-09-09T08:01:31.587503+09:00,その他メディア,,日本農業新聞,栗が平年比1割安に 前年産在庫多く引き弱い,https://www.agrinews.co.jp/economy/index/405380,https://news.ceek.jp/search.cgi?category_id=business&feed=1,ok,,経済
2026-09-09,2026-09-09T08:01:31.587503+09:00,その他メディア,,東洋経済オンライン,GMOペイメントゲートウェイが「在職中に無断で別会社を設立」との理由で懲戒解雇、大きく食い違う両者の主張 | ビジネス,https://toyokeizai.net/articles/-/957144?display=b,https://news.ceek.jp/search.cgi?category_id=business&feed=1,ok,,経済
2026-09-09,2026-09-09T08:01:31.587503+09:00,その他メディア,,東洋経済オンライン,GMOペイメントゲートウェイ社内では懸念の声...新会社設立は独断なのか、それとも社内了解のものだったのか | ビジネス,https://toyokeizai.net/articles/-/957142,https://news.ceek.jp/search.cgi?category_id=business&feed=1,ok,,経済
2026-09-09,2026-09-09T08:01:31.587503+09:00,その他メディア,,日本農業新聞,街角景気4カ月連続改善 8月、夏休みの消費増,https://www.agrinews.co.jp/economy/index/405367,https://news.ceek.jp/search.cgi?category_id=business&feed=1,ok,,経済
2026-09-09,2026-09-09T08:01:31.587503+09:00,その他メディア,,現代ビジネス,「本格派ラーメンファンには物足りない...?」天下一品閉店ラッシュが続く「意外な事情」,https://gendai.media/articles/-/170564,https://news.ceek.jp/search.cgi?category_id=business&feed=1,ok,,経済
2026-09-09,2026-09-09T08:01:31.587503+09:00,その他メディア,,現代ビジネス,「天下一品インスパイア系」はなぜ生まれないのか? ラーメン二郎との「決定的な違い」があった,https://gendai.media/articles/-/170565,https://news.ceek.jp/search.cgi?category_id=business&feed=1,ok,,経済
2026-09-09,2026-09-09T08:01:31.587503+09:00,全国紙,全国,読売新聞,サムスン 半導体研究拠点 横浜,https://www.yomiuri.co.jp/economy/20260908-GYT1T00419/,https://news.ceek.jp/search.cgi?category_id=business&feed=1,ok,,経済
2026-09-09,2026-09-09T08:01:31.587503+09:00,全国紙,全国,読売新聞,[挑む 新トップ2026]変わらぬ安心届ける...かんぽ生命保険 大西徹社長 60,https://www.yomiuri.co.jp/economy/20260908-GYT1T00420/,https://news.ceek.jp/search.cgi?category_id=business&feed=1,ok,,経済
2026-09-09,2026-09-09T08:01:31.587503+09:00,全国紙,全国,読売新聞,コンビニ発「おしゃれ」アパレル続々、若年層の来店動機創出狙う...物価高で客数伸び悩み,https://www.yomiuri.co.jp/economy/20260908-GYT1T00424/,https://news.ceek.jp/search.cgi?category_id=business&feed=1,ok,,経済
2026-09-09,2026-09-09T08:01:31.587503+09:00,全国紙,全国,読売新聞,中国8月輸出額 25%増...AIブーム、ハイテク産業好調,https://www.yomiuri.co.jp/economy/20260908-GYT1T00430/,https://news.ceek.jp/search.cgi?category_id=business&feed=1,ok,,経済
2026-09-09,2026-09-09T08:01:31.587503+09:00,全国紙,全国,読売新聞,円安基調 転換なるか 7か月ぶり円高水準 FRBの判断 焦点に,https://www.yomiuri.co.jp/economy/20260908-GYT1T00435/,https://news.ceek.jp/search.cgi?category_id=business&feed=1,ok,,経済
2026-09-09,2026-09-09T08:01:31.587503+09:00,全国紙,全国,読売新聞,金融庁長官 金融行政にAI活用...効率化 検査業務に人員,https://www.yomiuri.co.jp/economy/20260908-GYT1T00447/,https://news.ceek.jp/search.cgi?category_id=business&feed=1,ok,,経済
2026-09-09,2026-09-09T08:01:31.587503+09:00,全国紙,全国,読売新聞,[WATCHERS 専門家の経済講座]宇宙ビジネス 再編に期待...宮原進氏 KPMGコンサルティングアソシエイトパートナー,https://www.yomiuri.co.jp/economy/20260908-GYT8T00253/,https://news.ceek.jp/search.cgi?category_id=business&feed=1,ok,,経済
2026-09-09,2026-09-09T08:01:31.587503+09:00,全国紙,全国,日本経済新聞,福井の吉田酒造、海外専用の日本酒を国内投入 富裕層を開拓,https://www.nikkei.com/article/DGXZQOCC032U30T00C26A9000000/,https://news.ceek.jp/search.cgi?category_id=business&feed=1,ok,,経済
2026-09-09,2026-09-09T08:01:31.587503+09:00,全国紙,全国,日本経済新聞,見守りICT、単身高齢者支える 孤独死防止へ自治体も導入後押し,https://www.nikkei.com/article/DGXZQOCC271620X20C26A8000000/,https://news.ceek.jp/search.cgi?category_id=business&feed=1,ok,,経済
2026-09-09,2026-09-09T08:01:31.587503+09:00,全国紙,全国,日本経済新聞,USJがパーク拡張、手狭さ解消し集客世界一なるか 動画でクイック解説,https://www.nikkei.com/article/DGXZQOFH061BO0W6A900C2000000/,https://news.ceek.jp/search.cgi?category_id=business&feed=1,ok,,経済
2026-09-09,2026-09-09T08:01:31.587503+09:00,全国紙,全国,日本経済新聞,JR貨物、トラック王国タイに「定時運行」で挑む 初の越境輸送実験,https://www.nikkei.com/article/DGXZQOGS012BR0R00C26A9000000/,https://news.ceek.jp/search.cgi?category_id=business&feed=1,ok,,経済
2026-09-09,2026-09-09T08:01:31.587503+09:00,全国紙,全国,日本経済新聞,若者の金融資産、格差係数が拡大 20代のNISA利用なお4人に1人,https://www.nikkei.com/article/DGXZQOUA0426Z0U6A900C2000000/,https://news.ceek.jp/search.cgi?category_id=business&feed=1,ok,,経済
2026-09-09,2026-09-09T08:01:31.587503+09:00,全国紙,全国,日本経済新聞,日本生命・朝日智司社長、介護など地域課題を解決「安心の多面体」に,https://www.nikkei.com/article/DGXZQOUA206BA0Q6A820C2000000/,https://news.ceek.jp/search.cgi?category_id=business&feed=1,ok,,経済
2026-09-09,2026-09-09T08:01:31.587503+09:00,全国紙,全国,日本経済新聞,「結婚したくてもできない」が課題、未婚化減らす政策を 荒川和久氏,https://www.nikkei.com/article/DGXZQOUA252FS0V20C26A8000000/,https://news.ceek.jp/search.cgi?category_id=business&feed=1,ok,,経済
2026-09-09,2026-09-09T08:01:31.587503+09:00,全国紙,全国,日本経済新聞,最高値の銅に群がるマネー 狭まる新規鉱床、資源大手はM&Aに傾斜,https://www.nikkei.com/article/DGXZQOUB017M10R00C26A6000000/,https://news.ceek.jp/search.cgi?category_id=business&feed=1,ok,,経済
2026-09-09,2026-09-09T08:01:31.587503+09:00,全国紙,全国,日本経済新聞,丸紅、ROE15%へキャッシュ総動員 投資と還元4500億円積み増し,https://www.nikkei.com/article/DGXZQOUB028GM0S6A900C2000000/,https://news.ceek.jp/search.cgi?category_id=business&feed=1,ok,,経済
2026-09-09,2026-09-09T08:01:31.587503+09:00,全国紙,全国,日本経済新聞,「介護版タイミー」のカイテク、2年で売上高16倍 眠る有資格者を開拓,https://www.nikkei.com/article/DGXZQOUC021C40S6A900C2000000/,https://news.ceek.jp/search.cgi?category_id=business&feed=1,ok,,経済
2026-09-09,2026-09-09T08:01:31.587503+09:00,全国紙,全国,日本経済新聞,住友化学の枝松執行役員、後発の後工程「技術の転換点で先行狙う」,https://www.nikkei.com/article/DGXZQOUC037370T00C26A7000000/,https://news.ceek.jp/search.cgi?category_id=business&feed=1,ok,,経済
2026-09-09,2026-09-09T08:01:31.587503+09:00,全国紙,全国,日本経済新聞,薬局DXのカケハシ中川CEO「AI時代こそ『推しの薬剤師』」,https://www.nikkei.com/article/DGXZQOUC03BDS0T00C26A9000000/,https://news.ceek.jp/search.cgi?category_id=business&feed=1,ok,,経済
2026-09-09,2026-09-09T08:01:31.587503+09:00,全国紙,全国,日本経済新聞,総合商社、M&Aプロを社内育成 双日は専門組織で投資精度磨く,https://www.nikkei.com/article/DGXZQOUC124UM0S6A810C2000000/,https://news.ceek.jp/search.cgi?category_id=business&feed=1,ok,,経済
2026-09-09,2026-09-09T08:01:31.587503+09:00,全国紙,全国,日本経済新聞,楽天Gの採用担当が求める新卒「粘り強くやり抜ける人」,https://www.nikkei.com/article/DGXZQOUC316NE0R30C26A8000000/,https://news.ceek.jp/search.cgi?category_id=business&feed=1,ok,,経済
2026-09-09,2026-09-09T08:01:31.587503+09:00,全国紙,全国,日本経済新聞,日本のSDV、海外勢に「5年遅れ」 ホンダ・日産協業で挽回期す,https://www.nikkei.com/article/DGXZQOUC317YE0R30C26A8000000/,https://news.ceek.jp/search.cgi?category_id=business&feed=1,ok,,経済
2026-09-09,2026-09-09T08:01:31.587503+09:00,全国紙,全国,日本経済新聞,エアコン点検、AIが先生に ダイキンが27年に現場導入,https://www.nikkei.com/article/DGXZQOUF277KY0X20C26A4000000/,https://news.ceek.jp/search.cgi?category_id=business&feed=1,ok,,経済
2026-09-09,2026-09-09T08:01:31.587503+09:00,その他メディア,,東洋経済オンライン,「日本人も訪れない観光地」に外国人は惹かれない! インバウンド誘致を阻む地方のコンテンツ欠如と甘い認識 | 政治・経済・投資,https://toyokeizai.net/articles/-/956623?display=b,https://news.ceek.jp/search.cgi?category_id=business&feed=1,ok,,経済
2026-09-09,2026-09-09T08:01:31.587503+09:00,その他メディア,,東洋経済オンライン,【独自】パチンコ業界の悲願「キャッシュレス化」のアプリ開発で生じたトラブル...発端は1通のLINEメッセージだった | ビジネス,https://toyokeizai.net/articles/-/957137?display=b,https://news.ceek.jp/search.cgi?category_id=business&feed=1,ok,,経済
2026-09-09,2026-09-09T08:01:31.587503+09:00,その他メディア,,日本金融通信,金融庁、住宅ローン実態把握へ 長期・高額化で審査点検,https://www.nikkinonline.com/article/421767,https://news.ceek.jp/search.cgi?category_id=business&feed=1,ok,,経済
2026-09-09,2026-09-09T08:01:31.587503+09:00,その他メディア,,日本金融通信,Vol.8 声で測る自然資本,https://www.nikkinonline.com/article/416047,https://news.ceek.jp/search.cgi?category_id=business&feed=1,ok,,経済
2026-09-09,2026-09-09T08:01:31.587503+09:00,その他メディア,,日本金融通信,九州地区地銀3行、進化する1次産業支援 鍵はエコシステム構築,https://www.nikkinonline.com/article/421783,https://news.ceek.jp/search.cgi?category_id=business&feed=1,ok,,経済
2026-09-09,2026-09-09T08:01:31.587503+09:00,その他メディア,,日本金融通信,千田・りそな銀行社長、取引先の挑戦支える,https://www.nikkinonline.com/article/421775,https://news.ceek.jp/search.cgi?category_id=business&feed=1,ok,,経済
2026-09-09,2026-09-09T08:01:31.587503+09:00,その他メディア,,テレビ朝日,偽のシャネルやルイ・ヴィトンのピアスなど52点所持か 商標法違反容疑で女性書類送検,https://news.tv-asahi.co.jp/news_society/articles/000532058.html,https://news.ceek.jp/search.cgi?category_id=national&feed=1,ok,,社会
2026-09-09,2026-09-09T08:01:31.587503+09:00,その他メディア,,TBSテレビ,「カーブで曲がりきれず反対車線にスリップした」都内で雨に濡れた路面でスリップしたとみられる事故が相次ぐ,https://newsdig.tbs.co.jp/articles/-/2931044?display=1,https://news.ceek.jp/search.cgi?category_id=national&feed=1,ok,,社会
2026-09-09,2026-09-09T08:01:31.587503+09:00,その他メディア,,テレビ朝日,香川県にレベル4土砂災害危険警報 自治体からの避難情報確認を,https://news.tv-asahi.co.jp/news_society/articles/000532048.html,https://news.ceek.jp/search.cgi?category_id=national&feed=1,ok,,社会
2026-09-09,2026-09-09T08:01:31.587503+09:00,その他メディア,,週刊女性PRIME,"《沖縄県知事選》玉城デニー氏の那覇空港にまつわる“発言""が拡散で「理解していないの?」と指摘、選挙終盤戦への影響は",https://www.jprime.jp/articles/-/43486,https://news.ceek.jp/search.cgi?category_id=national&feed=1,ok,,社会
2026-09-09,2026-09-09T08:01:31.587503+09:00,その他メディア,,日刊スポーツ,【政界地獄耳】「改造のたび政治とカネ付きまとう政...,https://www.nikkansports.com/general/column/jigokumimi/news/202609090000083.html,https://news.ceek.jp/search.cgi?category_id=national&feed=1,ok,,社会
2026-09-09,2026-09-09T08:01:31.587503+09:00,その他メディア,,TBSテレビ,JR京葉線 全線で運転再開 越中島駅と潮見駅の間で発生した信号確認の影響 一部電車に最大20分の遅れ,https://newsdig.tbs.co.jp/articles/-/2931034?display=1,https://news.ceek.jp/search.cgi?category_id=national&feed=1,ok,,社会
2026-09-09,2026-09-09T08:01:31.587503+09:00,その他メディア,,フジテレビ,関東甲信地方では「警報級の大雨」となる期間や地域が拡大する可能性 24時間予想降水量は関東地方北部・南部100ミリ 、甲信地方120ミリ、伊豆諸島 60ミリ(10日午前6時まで 多い所で),https://www.fnn.jp/articles/-/1110742,https://news.ceek.jp/search.cgi?category_id=national&feed=1,ok,,社会
2026-09-09,2026-09-09T08:01:31.587503+09:00,その他メディア,,テレビ朝日,首都高新宿線で大型トレーラーの単独事故 壁に衝突 男性運転手を搬送,https://news.tv-asahi.co.jp/news_society/articles/000532087.html,https://news.ceek.jp/search.cgi?category_id=national&feed=1,ok,,社会
2026-09-09,2026-09-09T08:01:31.587503+09:00,全国紙,全国,朝日新聞,横浜空襲描く100歳の画集 焙煎香と共に思い出す「炎上した青春」,https://www.asahi.com/articles/ASV9236B7V92OXIE031M.html,https://news.ceek.jp/search.cgi?category_id=national&feed=1,ok,,社会
2026-09-09,2026-09-09T08:01:31.587503+09:00,その他メディア,,共同通信,山口の純米吟醸が最優秀賞 ロンドンで世界的品評会,https://www.47news.jp/14911603.html,https://news.ceek.jp/search.cgi?category_id=national&feed=1,ok,,社会
2026-09-09,2026-09-09T08:01:31.587503+09:00,その他メディア,,フジテレビ,上官の指示に従わず 陸上自衛隊1等陸曹に停職2日の懲戒処分 「指示に不満があった」,https://www.fnn.jp/articles/-/1110736,https://news.ceek.jp/search.cgi?category_id=national&feed=1,ok,,社会
2026-09-09,2026-09-09T08:01:31.587503+09:00,その他メディア,,フジテレビ,北海道で最大震度2の地震 北海道・根室市,https://www.fnn.jp/articles/-/1110733,https://news.ceek.jp/search.cgi?category_id=national&feed=1,ok,,社会
2026-09-09,2026-09-09T08:01:31.587503+09:00,その他メディア,,デイリースポーツ,上田綺世先制点、鈴木彩艶初出場,https://www.daily.co.jp/society/main/2026/09/09/0020799092.shtml,https://news.ceek.jp/search.cgi?category_id=national&feed=1,ok,,社会
2026-09-09,2026-09-09T08:01:31.587503+09:00,その他メディア,,フジテレビ,"「父に暴力を振るわれた」深夜の公園で10代半ばの娘の頬を""拳""で殴る...52歳の父親を暴行の疑いで現行犯逮捕「少し酒を飲んでいた」娘がその場で110番通報〈北海道札幌市〉",https://www.fnn.jp/articles/-/1110734,https://news.ceek.jp/search.cgi?category_id=national&feed=1,ok,,社会
2026-09-09,2026-09-09T08:01:31.587503+09:00,その他メディア,,フジテレビ,10歳未満の女児にわいせつ行為か 家族関係の男を監護者わいせつの疑いで逮捕 男は体を触ったことは認めているがわいせつ行為の内容は否認,https://www.fnn.jp/articles/-/1110735,https://news.ceek.jp/search.cgi?category_id=national&feed=1,ok,,社会
2026-09-09,2026-09-09T08:01:31.587503+09:00,その他メディア,,テレビ朝日,茨城・つくば市の路上で血を流した男性見つかる 死亡ひき逃げ事件で捜査,https://news.tv-asahi.co.jp/news_society/articles/000532043.html,https://news.ceek.jp/search.cgi?category_id=national&feed=1,ok,,社会
2026-09-09,2026-09-09T08:01:31.587503+09:00,全国紙,全国,朝日新聞,売春防止法、買う側の処罰化「売る側の非処罰化と支援をセットで」,https://www.asahi.com/articles/ASV972TYXV97UPQJ008M.html,https://news.ceek.jp/search.cgi?category_id=national&feed=1,ok,,社会
2026-09-09,2026-09-09T08:01:31.587503+09:00,全国紙,全国,産経新聞,「カッとなって殺した」79歳の母親暴行して殺害容疑、57歳男逮捕,https://www.sankei.com/article/20260909-JONNSJGSNVNZHC5W45XM6HJXPU/,https://news.ceek.jp/search.cgi?category_id=national&feed=1,ok,,社会
2026-09-09,2026-09-09T08:01:31.587503+09:00,全国紙,全国,朝日新聞,買春処罰化がはらむ矛盾 「女性やマイノリティーの権利を脅かす」,https://www.asahi.com/articles/ASV972HJKV97UPQJ00GM.html,https://news.ceek.jp/search.cgi?category_id=national&feed=1,ok,,社会
2026-09-09,2026-09-09T08:01:31.587503+09:00,全国紙,全国,東京新聞,グレート義太夫さん死去 お笑い芸人,https://www.tokyo-np.co.jp/article/514321,https://news.ceek.jp/search.cgi?category_id=national&feed=1,ok,,社会
2026-09-09,2026-09-09T08:01:31.587503+09:00,全国紙,全国,東京新聞,鴨治歳一さん死去 歌舞伎、日本舞踊の床山,https://www.tokyo-np.co.jp/article/514319,https://news.ceek.jp/search.cgi?category_id=national&feed=1,ok,,社会
2026-09-09,2026-09-09T08:01:31.587503+09:00,その他メディア,,フジテレビ,"【ジャガイモ】アメリカ産輸入解禁へ動き加速...国内産の8割を生産する北海道は大きな痛手...“天敵""の病害虫「ジャガイモシストセンチュウ」侵入リスクも高まる 農家からは反対の声相次ぐ",https://www.fnn.jp/articles/-/1110728,https://news.ceek.jp/search.cgi?category_id=national&feed=1,ok,,社会
2026-09-09,2026-09-09T08:01:31.587503+09:00,その他メディア,,フジテレビ,商業施設にいた30代女性に自身の下半身を押し付ける...66歳男を不同意わいせつ容疑で逮捕「いまさら弁解することはない」防犯カメラで特定〈北海道札幌市〉,https://www.fnn.jp/articles/-/1110729,https://news.ceek.jp/search.cgi?category_id=national&feed=1,ok,,社会
2026-09-09,2026-09-09T08:01:31.587503+09:00,その他メディア,,フジテレビ,乳児殺害事件「ネグレクトの疑い」で県が対応 先月「夜中に赤ちゃんが1人きりでは」と通告 広島・福山,https://www.fnn.jp/articles/-/1110731,https://news.ceek.jp/search.cgi?category_id=national&feed=1,ok,,社会
2026-09-09,2026-09-09T08:01:31.587503+09:00,その他メディア,,テレビ朝日,「言いたくても言えない」歌舞伎町ビル火災で44人中11人の遺族が集団訴訟への参加を辞退...娘2人を亡くした母は「遺族が生きているうちに犯人が捕まってほしい」,https://news.tv-asahi.co.jp/news_society/articles/900199220.html,https://news.ceek.jp/search.cgi?category_id=national&feed=1,ok,,社会
2026-09-09,2026-09-09T08:01:31.587503+09:00,その他メディア,,週刊女性PRIME,《岐阜ケーキ店火災》警察は放火・殺人で捜査、近隣住民が明かした女性オーナーの「気さくな人柄」と死亡の70歳男性の親族が語ったひと言,https://www.jprime.jp/articles/-/43472,https://news.ceek.jp/search.cgi?category_id=national&feed=1,ok,,社会
2026-09-09,2026-09-09T08:01:31.587503+09:00,その他メディア,,サンケイスポーツ,日本生命が4社とがんセミナー開催 運動体験で健康考えるきっかけに,https://www.sanspo.com/article/20260909-5LBBUWUU25LX7DYRF5SAHI2QL4/,https://news.ceek.jp/search.cgi?category_id=national&feed=1,ok,,社会
2026-09-09,2026-09-09T08:01:31.587503+09:00,その他メディア,,ポストセブン,"《地方議会のドン「強権番付」》西の横綱は“愛知のドン""こと愛知県議・水野富夫氏「おりゃーカネなんかもろうたことないわ。牛耳ろうとか、そんな気ないけん」",https://www.news-postseven.com/archives/20260909_2130361.html,https://news.ceek.jp/search.cgi?category_id=national&feed=1,ok,,社会
2026-09-09,2026-09-09T08:01:31.587503+09:00,その他メディア,,ポストセブン,"《同窓会にきた“招かれざる客""》「ギャー!助けて!!」「2階の住居部分から黒い煙が高く上がって...」旧友が集まる場で3人死亡、関与疑いの“葬儀屋社長""は半裸で発見【岐阜】",https://www.news-postseven.com/archives/20260909_2130703.html,https://news.ceek.jp/search.cgi?category_id=national&feed=1,ok,,社会
2026-09-09,2026-09-09T08:01:31.587503+09:00,その他メディア,,Abema TIMES,「言いたくても言えない」歌舞伎町ビル火災で44人中11人の遺族が集団訴訟への参加を辞退...娘2人を亡くした母は「遺族が生きているうちに犯人が捕まってほしい」,https://times.abema.tv/articles/-/10271823?page=1,https://news.ceek.jp/search.cgi?category_id=national&feed=1,ok,,社会
2026-09-09,2026-09-09T08:01:31.587503+09:00,全国紙,全国,朝日新聞,散歩して体操して朝マックして 施設を出て変わった障害者たちの表情,https://www.asahi.com/articles/ASV943S08V94ULOB00QM.html,https://news.ceek.jp/search.cgi?category_id=national&feed=1,ok,,社会
2026-09-09,2026-09-09T08:01:31.587503+09:00,その他メディア,,TBSテレビ,京葉線 東京と新木場駅の間の上下線で運転見合わせ 越中島と潮見駅間での信号確認の影響 運転再開は午前7時半ごろの見込み,https://newsdig.tbs.co.jp/articles/-/2930999?display=1,https://news.ceek.jp/search.cgi?category_id=national&feed=1,ok,,社会
2026-09-09,2026-09-09T08:01:31.587503+09:00,全国紙,全国,朝日新聞,「オフピーク登校」1時間目は朝10時スタート 通う高校生の実感は,https://www.asahi.com/articles/ASV967T7QV96DIFI00FM.html,https://news.ceek.jp/search.cgi?category_id=national&feed=1,ok,,社会
2026-09-09,2026-09-09T08:01:31.587503+09:00,その他メディア,,フジテレビ,駅改札内で初「移動式ごみ箱ロボット」実証実験が開始 JR新宿駅 山手線イメージの色など 集積所まで自走,https://www.fnn.jp/articles/-/1110721,https://news.ceek.jp/search.cgi?category_id=national&feed=1,ok,,社会
2026-09-09,2026-09-09T08:01:31.587503+09:00,その他メディア,,フジテレビ,静岡・愛知・岐阜・三重 9日に線状降水帯発生で大雨災害発生の危険度が急激に高まるおそれ 静岡県は9日夜遅くまで警戒を,https://www.fnn.jp/articles/-/1110727,https://news.ceek.jp/search.cgi?category_id=national&feed=1,ok,,社会
2026-09-09,2026-09-09T08:01:31.587503+09:00,その他メディア,,日本テレビ,"【解説】“全国最多""新宿区が民泊規制強化へ 約半数が営業できなくなる可能性...強化のワケは?【#みんなのギモン】",https://news.ntv.co.jp/category/society/f4fe5429ba304a7fa51602f42b71fb94,https://news.ceek.jp/search.cgi?category_id=national&feed=1,ok,,社会
2026-09-09,2026-09-09T08:01:31.587503+09:00,その他メディア,,フジテレビ,トクリュウ凶悪犯罪を未然防止へ 不審者情報をもとに強盗用の凶器受け渡しを制圧する緊急訓練 警視庁,https://www.fnn.jp/articles/-/1110725,https://news.ceek.jp/search.cgi?category_id=national&feed=1,ok,,社会
2026-09-09,2026-09-09T08:01:31.587503+09:00,その他メディア,,TBSテレビ,「Suicaのペンギン」来年3月で卒業へ 新たなイメージキャラクター候補3案を発表 JR東日本,https://newsdig.tbs.co.jp/articles/-/2930991?display=1,https://news.ceek.jp/search.cgi?category_id=national&feed=1,ok,,社会
2026-09-09,2026-09-09T08:01:31.587503+09:00,その他メディア,,フジテレビ,首都圏の交通機関はほぼ平常通り JR内房線千倉~安房鴨川間とJR久留里線久留里~上総亀山間で運転見合わせ,https://www.fnn.jp/articles/-/1110724,https://news.ceek.jp/search.cgi?category_id=national&feed=1,ok,,社会
2026-09-09,2026-09-09T08:01:31.587503+09:00,その他メディア,,フジテレビ,「食べ物探すため侵入」91歳女性への強盗殺人容疑でベトナム国籍の男再逮捕 強盗容疑については否認 埼玉,https://www.fnn.jp/articles/-/1110722,https://news.ceek.jp/search.cgi?category_id=national&feed=1,ok,,社会
2026-09-09,2026-09-09T08:01:31.587503+09:00,その他メディア,,日本テレビ,"【解説】東京・新宿区が民泊規制強化へ...背景に“住民とのトラブル"" 「ゴミ」や「騒音」昨年度の苦情や相談1334件",https://news.ntv.co.jp/category/society/b10702a5661149cc965c8fec63ea6fbc,https://news.ceek.jp/search.cgi?category_id=national&feed=1,ok,,社会
2026-09-09,2026-09-09T08:01:31.587503+09:00,その他メディア,,集英社オンライン,"〈なぜ中国EVはこんなに安いのか〉EUが暴いた「価格の裏側」...融資、土地、電池、税制まで“国家支援""...日本はどうする?",https://shueisha.online/articles/-/258599,https://news.ceek.jp/search.cgi?category_id=national&feed=1,ok,,社会
2026-09-09,2026-09-09T08:01:31.587503+09:00,その他メディア,,アサ芸プラス,50億円いるって!? 南海フェリー「和歌山~徳島」減便⇒撤退でわかった和歌山県と徳島県の「必要切実度」大きな温度差,https://www.asagei.com/excerpt/349436,https://news.ceek.jp/search.cgi?category_id=national&feed=1,ok,,社会
2026-09-09,2026-09-09T08:01:31.587503+09:00,その他メディア,,週刊プレイボーイ,韓国・済州島警察が抹消した「失踪隠蔽」事件の深層,https://wpb.shueisha.co.jp/news/society/20260909-132756/,https://news.ceek.jp/search.cgi?category_id=national&feed=1,ok,,社会
2026-09-09,2026-09-09T08:01:31.587503+09:00,その他メディア,,フジテレビ,富山県、予想降水量は最大で1時間40ミリ 24時間で120ミリ 活発な雨雲が継続 土砂災害などに警戒,https://www.fnn.jp/articles/-/1110726,https://news.ceek.jp/search.cgi?category_id=national&feed=1,ok,,社会
2026-09-09,2026-09-09T08:01:31.587503+09:00,その他メディア,,フジテレビ,名古屋市立の小中学校など臨時休校...東海3県は9日も線状降水帯発生の恐れ 三重では夕方 愛知・岐阜では夜のはじめ頃にかけて,https://www.fnn.jp/articles/-/1110720,https://news.ceek.jp/search.cgi?category_id=national&feed=1,ok,,社会
2026-09-09,2026-09-09T08:01:31.587503+09:00,その他メディア,,デイリースポーツ,山口の純米吟醸が最優秀賞,https://www.daily.co.jp/society/human_interest/2026/09/09/0020799059.shtml,https://news.ceek.jp/search.cgi?category_id=national&feed=1,ok,,社会
2026-09-09,2026-09-09T08:01:31.587503+09:00,その他メディア,,日本テレビ,検察側「十分な内省見られない」デヴィ夫人に罰金20万円求刑 「この場にいるのが不思議」も「反省」,https://news.ntv.co.jp/category/society/a364250101a8472c88ea6329047b97fc,https://news.ceek.jp/search.cgi?category_id=national&feed=1,ok,,社会
2026-09-09,2026-09-09T08:01:31.587503+09:00,その他メディア,,フジテレビ,"地下鉄駅付近で""コショウ臭""がして利用客がのどの痛み訴え...刺激性スプレーを噴射した21歳無職男を威力業務妨害容疑で逮捕...一緒にいた別の男からも事情聴く<北海道札幌市>",https://www.fnn.jp/articles/-/1110717,https://news.ceek.jp/search.cgi?category_id=national&feed=1,ok,,社会
2026-09-09,2026-09-09T08:01:31.587503+09:00,その他メディア,,フジテレビ,JRが城端・氷見・高山線を始発から通常通り運行 夜にかけて再び活発な雨雲も 引き続き警戒を,https://www.fnn.jp/articles/-/1110719,https://news.ceek.jp/search.cgi?category_id=national&feed=1,ok,,社会
2026-09-09,2026-09-09T08:01:31.587503+09:00,その他メディア,,フジテレビ,名古屋市に猛烈な雨で一時レベル5緊急安全確保 JR千種駅近くで線路が冠水 庄内川で一時レベル5氾濫特別警報,https://www.fnn.jp/articles/-/1110714,https://news.ceek.jp/search.cgi?category_id=national&feed=1,ok,,社会
2026-09-09,2026-09-09T08:01:31.587503+09:00,その他メディア,,フジテレビ,関東や東海で大雨 都内の善福寺川などで一時レベル4氾濫危険警報 東海・近畿・四国に「線状降水帯」半日前予測,https://www.fnn.jp/articles/-/1110713,https://news.ceek.jp/search.cgi?category_id=national&feed=1,ok,,社会
2026-09-09,2026-09-09T08:01:31.587503+09:00,その他メディア,,共同通信,"香川のことでん66年ぶり新型車 国と沿線支援で“脱中古""",https://www.47news.jp/14911422.html,https://news.ceek.jp/search.cgi?category_id=national&feed=1,ok,,社会
2026-09-09,2026-09-09T08:01:31.587503+09:00,その他メディア,,フジテレビ,近畿や東海で最大200ミリの雨予報 10日6時までの24時間 気象庁が大雨・氾濫・落雷について最新情報を発表,https://www.fnn.jp/articles/-/1110710,https://news.ceek.jp/search.cgi?category_id=national&feed=1,ok,,社会
2026-09-09,2026-09-09T08:01:31.587503+09:00,その他メディア,,東京スポーツ新聞,立花孝志被告「12億円自己破産」の債権者集会出席へ 勾留中なら前代未聞,https://www.tokyo-sports.co.jp/articles/-/402386,https://news.ceek.jp/search.cgi?category_id=national&feed=1,ok,,社会
2026-09-09,2026-09-09T08:01:31.587503+09:00,その他メディア,,東京スポーツ新聞,Suicaペンギンの後任キャラ3案で議論白熱 万博ミャクミャクに通ずる〝キモかわ〟も,https://www.tokyo-sports.co.jp/articles/-/402387,https://news.ceek.jp/search.cgi?category_id=national&feed=1,ok,,社会
2026-09-09,2026-09-09T08:01:31.587503+09:00,その他メディア,,現代ビジネス,「なんで死ぬのか、ピンと来んかったし」...終戦直後、司令と自決を供にする場から、「帰れ」と言われて帰った男の回想,https://gendai.media/articles/-/170187,https://news.ceek.jp/search.cgi?category_id=national&feed=1,ok,,社会
2026-09-09,2026-09-09T08:01:31.587503+09:00,その他メディア,,現代ビジネス,「他人のふり」をしながら同じ会社に潜伏...終戦から36年後にようやく終結した海軍の「皇統護持作戦」,https://gendai.media/articles/-/170188,https://news.ceek.jp/search.cgi?category_id=national&feed=1,ok,,社会
2026-09-09,2026-09-09T08:01:31.587503+09:00,その他メディア,,週刊女性PRIME,"“福岡県議会のドン""・蔵内勇夫元議長に地元民が怒り!「若いころから欲だけの男」現地取材で発覚した辞職前後の“異変""",https://www.jprime.jp/articles/-/43419,https://news.ceek.jp/search.cgi?category_id=national&feed=1,ok,,社会
2026-09-09,2026-09-09T08:01:31.587503+09:00,その他メディア,,フジテレビ,秋篠宮ご夫妻パラグアイ公式訪問「大変思い出深い地に」 日本人移住90周年式典に出席 1世含む日系人や若い世代とも交流される,https://www.fnn.jp/articles/-/1109238,https://news.ceek.jp/search.cgi?category_id=national&feed=1,ok,,社会
2026-09-09,2026-09-09T08:01:31.587503+09:00,その他メディア,,フジテレビ,"「脅すつもりだった」“あおり運転""の末に男性はね引きずり重傷負わせたか 殺人未遂容疑で25歳男を逮捕 千葉・長柄町",https://www.fnn.jp/articles/-/1110598,https://news.ceek.jp/search.cgi?category_id=national&feed=1,ok,,社会
2026-09-09,2026-09-09T08:01:31.587503+09:00,その他メディア,,フジテレビ,入浴施設で児童ポルノのデータを所持か 小学校教師の57歳男を逮捕 別の事案で提出されたスマホから見つかる,https://www.fnn.jp/articles/-/1110711,https://news.ceek.jp/search.cgi?category_id=national&feed=1,ok,,社会
2026-09-09,2026-09-09T08:01:31.587503+09:00,その他メディア,,日刊ゲンダイ,"消費税減税で浮上する「担当大臣」設置案...火中の栗を拾わされる“貧乏くじ""は誰が引く?",https://www.nikkan-gendai.com/articles/view/news/392688,https://news.ceek.jp/search.cgi?category_id=national&feed=1,ok,,社会
2026-09-09,2026-09-09T08:01:31.587503+09:00,その他メディア,,日刊ゲンダイ,(2)アフリカでエボラ出血熱が猛威...それでもワクチン開発は世界連携強化よりも「国内完結」,https://www.nikkan-gendai.com/articles/view/news/392704,https://news.ceek.jp/search.cgi?category_id=national&feed=1,ok,,社会
2026-09-09,2026-09-09T08:01:31.587503+09:00,その他メディア,,TBSテレビ,【ニュースライブ】朝のニュース(Japan News Digest Live)最新情報など(9月9日),https://newsdig.tbs.co.jp/articles/-/2930992?display=1,https://news.ceek.jp/search.cgi?category_id=national&feed=1,ok,,社会
2026-09-09,2026-09-09T08:01:31.587503+09:00,その他メディア,,テレビ朝日,名古屋で観測史上最大の雨 交通がマヒ 帰宅困難者が続出,https://news.tv-asahi.co.jp/news_society/articles/000532054.html,https://news.ceek.jp/search.cgi?category_id=national&feed=1,ok,,社会
2026-09-09,2026-09-09T08:01:31.587503+09:00,その他メディア,,フジテレビ,自宅の車庫でワイセツ行為「50~60歳代の男性からわいせつな被害を受けた」顔見知りの10代女性の上半身を触るなどした疑いで59歳男を逮捕「事実については認めます」<北海道札幌市>,https://www.fnn.jp/articles/-/1110708,https://news.ceek.jp/search.cgi?category_id=national&feed=1,ok,,社会
2026-09-09,2026-09-09T08:01:31.587503+09:00,その他メディア,,テレビ朝日,四国~東海で線状降水帯の恐れ 土砂災害や河川氾濫に警戒,https://news.tv-asahi.co.jp/news_society/articles/000532055.html,https://news.ceek.jp/search.cgi?category_id=national&feed=1,ok,,社会
2026-09-09,2026-09-09T08:01:31.587503+09:00,その他メディア,,テレ東BIZ,フーシ派 サウジのエネルギー施設攻撃 原油価格は上昇,https://txbiz.tv-tokyo.co.jp/txn/news_txn/post_348346,https://news.ceek.jp/search.cgi?category_id=national&feed=1,ok,,社会
2026-09-09,2026-09-09T08:01:31.587503+09:00,その他メディア,,テレ東BIZ,米財務省 イラン航空会社など制裁指定,https://txbiz.tv-tokyo.co.jp/txn/news_txn/post_348347,https://news.ceek.jp/search.cgi?category_id=national&feed=1,ok,,社会
2026-09-09,2026-09-09T08:01:31.587503+09:00,その他メディア,,テレ東BIZ,米クアルコム アマゾンとAI半導体共同開発へ,https://txbiz.tv-tokyo.co.jp/txn/news_txn/post_348348,https://news.ceek.jp/search.cgi?category_id=national&feed=1,ok,,社会
2026-09-09,2026-09-09T08:01:31.587503+09:00,その他メディア,,テレ東BIZ,米露首脳が電話会談 ウクライナ情勢巡り,https://txbiz.tv-tokyo.co.jp/txn/news_txn/post_348349,https://news.ceek.jp/search.cgi?category_id=national&feed=1,ok,,社会
2026-09-09,2026-09-09T08:01:31.587503+09:00,その他メディア,,テレ東BIZ,欧州・カナダが制裁 ヨルダン川西岸入植地と貿易規制,https://txbiz.tv-tokyo.co.jp/txn/news_txn/post_348350,https://news.ceek.jp/search.cgi?category_id=national&feed=1,ok,,社会
2026-09-09,2026-09-09T08:01:31.587503+09:00,その他メディア,,デイリースポーツ,米国、イランタンカー攻撃か,https://www.daily.co.jp/society/main/2026/09/09/0020799027.shtml,https://news.ceek.jp/search.cgi?category_id=national&feed=1,ok,,社会
2026-09-09,2026-09-09T08:01:31.587503+09:00,その他メディア,,デイリー新潮,徳川に完全に破壊されたはずの「豊臣大坂城」――実は現代の大阪に隠されている「秀吉の爪痕」,https://www.dailyshincho.jp/article/2026/09090534/?all=1,https://news.ceek.jp/search.cgi?category_id=national&feed=1,ok,,社会
2026-09-09,2026-09-09T08:01:31.587503+09:00,その他メディア,,デイリースポーツ,広島知事、日本酒とカキPR,https://www.daily.co.jp/society/human_interest/2026/09/09/0020799022.shtml,https://news.ceek.jp/search.cgi?category_id=national&feed=1,ok,,社会
2026-09-09,2026-09-09T08:01:31.587503+09:00,その他メディア,,デイリー新潮,"「万博に浮かれる日本人」を見て“戦艦大和の生還者""が問うた「重たいひと言」",https://www.dailyshincho.jp/article/2026/09090532/?all=1,https://news.ceek.jp/search.cgi?category_id=national&feed=1,ok,,社会
2026-09-09,2026-09-09T08:01:31.587503+09:00,その他メディア,,デイリー新潮,名作『東京物語』の主役は原節子でも笠智衆でもない。「忘れられた主役」とは?,https://www.dailyshincho.jp/article/2026/09090531/?all=1,https://news.ceek.jp/search.cgi?category_id=national&feed=1,ok,,社会
2026-09-09,2026-09-09T08:01:31.587503+09:00,その他メディア,,共同通信,広島知事、日本酒とカキPR ロンドンでイベント,https://www.47news.jp/14911457.html,https://news.ceek.jp/search.cgi?category_id=national&feed=1,ok,,社会
2026-09-09,2026-09-09T08:01:31.587503+09:00,その他メディア,,スポニチ,デヴィ夫人に罰金20万円求刑 マネジャー女性らへの暴行罪で公判,https://www.sponichi.co.jp/society/news/2026/09/09/kiji/20260908s00042000409000c.html,https://news.ceek.jp/search.cgi?category_id=national&feed=1,ok,,社会
2026-09-09,2026-09-09T08:01:31.587503+09:00,その他メディア,,TBSテレビ,茨城・つくば市で死亡ひき逃げ事件 40代男性が自宅の前で血を流して倒れる けがの状況などから乗用車にひかれたか 逃げた乗用車の行方追う 茨城県警,https://newsdig.tbs.co.jp/articles/-/2930974?display=1,https://news.ceek.jp/search.cgi?category_id=national&feed=1,ok,,社会
2026-09-09,2026-09-09T08:01:31.587503+09:00,その他メディア,,スポニチ,岐阜ケーキ店3人死亡 男性遺体の腹部に深い刺し傷,https://www.sponichi.co.jp/society/news/2026/09/09/kiji/20260908s00042000415000c.html,https://news.ceek.jp/search.cgi?category_id=national&feed=1,ok,,社会
2026-09-09,2026-09-09T08:01:31.587503+09:00,その他メディア,,スポニチ,88歳・堀江謙一さん「マグマが噴き出してきた」太平洋横断 来春世界最高齢更新へ挑戦,https://www.sponichi.co.jp/society/news/2026/09/09/kiji/20260908s00042000407000c.html,https://news.ceek.jp/search.cgi?category_id=national&feed=1,ok,,社会
2026-09-09,2026-09-09T08:01:31.587503+09:00,その他メディア,,スポニチ,スイカのペンギン 後任に3候補 11月決定,https://www.sponichi.co.jp/society/news/2026/09/09/kiji/20260908s00042000416000c.html,https://news.ceek.jp/search.cgi?category_id=national&feed=1,ok,,社会
2026-09-09,2026-09-09T08:01:31.587503+09:00,その他メディア,,スポニチ,名古屋主婦殺害訴訟 第1回口頭弁論 被告側が賠償請求の棄却求める,https://www.sponichi.co.jp/society/news/2026/09/09/kiji/20260908s00042000419000c.html,https://news.ceek.jp/search.cgi?category_id=national&feed=1,ok,,社会
2026-09-09,2026-09-09T08:01:31.587503+09:00,その他メディア,,スポニチ,東海中心に大雨 静岡で土砂崩れ 作業員1人が巻き込まれ、意識不明の重体,https://www.sponichi.co.jp/society/news/2026/09/09/kiji/20260908s00042000413000c.html,https://news.ceek.jp/search.cgi?category_id=national&feed=1,ok,,社会
2026-09-09,2026-09-09T08:01:31.587503+09:00,その他メディア,,デイリースポーツ,香川のことでん66年ぶり新型車,https://www.daily.co.jp/society/human_interest/2026/09/09/0020799013.shtml,https://news.ceek.jp/search.cgi?category_id=national&feed=1,ok,,社会
2026-09-09,2026-09-09T08:01:31.587503+09:00,その他メディア,,フジテレビ,熊本県で最大震度1の地震 熊本県・八代市、上天草市、芦北町,https://www.fnn.jp/articles/-/1110706,https://news.ceek.jp/search.cgi?category_id=national&feed=1,ok,,社会
2026-09-09,2026-09-09T08:01:31.587503+09:00,その他メディア,,デイリー新潮,"地方の大金持ちがあえて“型落ちの国産車""に乗る理由...嫉妬を買わないためだけじゃない切実すぎる理由",https://www.dailyshincho.jp/article/2026/09090501/?all=1,https://news.ceek.jp/search.cgi?category_id=national&feed=1,ok,,社会
2026-09-09,2026-09-09T08:01:31.587503+09:00,その他メディア,,デイリー新潮,"霞が関に激震...「財務省エース」が“異例の左遷""と報じられた理由...高市首相との関係を決定づけた「奈良の因縁」",https://www.dailyshincho.jp/article/2026/09090500/?all=1,https://news.ceek.jp/search.cgi?category_id=national&feed=1,ok,,社会
2026-09-09,2026-09-09T08:01:31.587503+09:00,全国紙,全国,産経新聞,和歌山県警特別派遣部隊 熊本地震被災地での活動報告 南海トラフ想定し「経験生かす」,https://www.sankei.com/article/20260909-OR5667FGKJNE3KAQGZKZJY2ASQ/,https://news.ceek.jp/search.cgi?category_id=national&feed=1,ok,,社会
2026-09-09,2026-09-09T08:01:31.587503+09:00,全国紙,全国,読売新聞,[医療ルネサンス]アピアランスケア<4>小児患者の気持ち最優先,https://www.yomiuri.co.jp/medical/renaissance/20260908-GYT8T00157/,https://news.ceek.jp/search.cgi?category_id=national&feed=1,ok,,社会
2026-09-09,2026-09-09T08:01:31.587503+09:00,全国紙,全国,読売新聞,福岡県議会 9日 議長選,https://www.yomiuri.co.jp/national/20260909-GYT1T00054/,https://news.ceek.jp/search.cgi?category_id=national&feed=1,ok,,社会
2026-09-09,2026-09-09T08:01:31.587503+09:00,全国紙,全国,日本経済新聞,米軍、イランタンカー攻撃か 石油積み出し拠点カーグ島近くで,https://www.nikkei.com/article/DGXZQOCB090J40Z00C26A9000000/,https://news.ceek.jp/search.cgi?category_id=world&feed=1,ok,,国際
2026-09-09,2026-09-09T08:01:31.587503+09:00,その他メディア,,AFPBB News,ジャーナリストら8人行方不明 インドネシア火山噴火取材で,https://www.afpbb.com/articles/-/3652021,https://news.ceek.jp/search.cgi?category_id=world&feed=1,ok,,国際
2026-09-09,2026-09-09T08:01:31.587503+09:00,全国紙,全国,産経新聞,早期終戦で関係回復期待 米トランプ氏とロシアのプーチン氏が電話会談、ウクライナ巡り,https://www.sankei.com/article/20260909-KJBAPXNSGNJ2VGDRR5BNQXQUQY/,https://news.ceek.jp/search.cgi?category_id=world&feed=1,ok,,国際
2026-09-09,2026-09-09T08:01:31.587503+09:00,その他メディア,,TBSテレビ,フランス・ルノワール美術館で絵画4点16億円相当盗まれる 2人組が逃走中に2点落として回収,https://newsdig.tbs.co.jp/articles/-/2931038?display=1,https://news.ceek.jp/search.cgi?category_id=world&feed=1,ok,,国際
2026-09-09,2026-09-09T08:01:31.587503+09:00,その他メディア,,Jams.TV,豪初、菌糸体と麻から作られた「キノコの棺」,https://www.jams.tv/news/290109,https://news.ceek.jp/search.cgi?category_id=world&feed=1,ok,,国際
2026-09-09,2026-09-09T08:01:31.587503+09:00,その他メディア,,ブラジル日報,最高裁=連邦警察長官を職務停止に=大統領選目前に統治機構激震=「判事を違法監視」で更迭劇,https://brasilnippou.com/ja/articles/260909-11brasil,https://news.ceek.jp/search.cgi?category_id=world&feed=1,ok,,国際
2026-09-09,2026-09-09T08:01:31.587503+09:00,その他メディア,,ブラジル日報,独立記念日に漂う制度的危機の暗雲=最高裁巡る汚職疑惑で与野党が泥仕合=大統領選控えて司法と政治が衝突,https://brasilnippou.com/ja/articles/260909-12brasil,https://news.ceek.jp/search.cgi?category_id=world&feed=1,ok,,国際
2026-09-09,2026-09-09T08:01:31.587503+09:00,その他メディア,,ブラジル日報,ブラジル=最高裁「史上最悪の危機」=元判事13人が真相究明要求=自浄能力問われる司法の統制崩壊,https://brasilnippou.com/ja/articles/260909-13brasil,https://news.ceek.jp/search.cgi?category_id=world&feed=1,ok,,国際
2026-09-09,2026-09-09T08:01:31.587503+09:00,その他メディア,,ブラジル日報,エル・ペロン、少年期から連続殺人/ウルグアイで最高刑の懲役30年,https://brasilnippou.com/ja/articles/260909-14brasil,https://news.ceek.jp/search.cgi?category_id=world&feed=1,ok,,国際
2026-09-09,2026-09-09T08:01:31.587503+09:00,その他メディア,,ブラジル日報,ブラジル、PISA2025で数学・読解力とも後退 OECD平均下回る,https://brasilnippou.com/ja/articles/260909-15brasil,https://news.ceek.jp/search.cgi?category_id=world&feed=1,ok,,国際
2026-09-09,2026-09-09T08:01:31.587503+09:00,その他メディア,,ブラジル日報,ボリビア最高裁長官、憲法制定議会を要求,https://brasilnippou.com/ja/articles/260909-16brasil,https://news.ceek.jp/search.cgi?category_id=world&feed=1,ok,,国際
2026-09-09,2026-09-09T08:01:31.587503+09:00,その他メディア,,ブラジル日報,ヴァスコがPK戦制し優勝=第26回ブラジル・日本友情カップ=日伯12チームが6日間の熱戦,https://brasilnippou.com/ja/articles/260909-21colonia,https://news.ceek.jp/search.cgi?category_id=world&feed=1,ok,,国際
2026-09-09,2026-09-09T08:01:31.587503+09:00,その他メディア,,ブラジル日報,ブラジリアン・デー18~20日開催=イオンモール浜松市野で=250人超のブラジル人アーティスト出演,https://brasilnippou.com/ja/articles/260909-22colonia,https://news.ceek.jp/search.cgi?category_id=world&feed=1,ok,,国際
2026-09-09,2026-09-09T08:01:31.587503+09:00,その他メディア,,Economic Media Bulletin,ランクセス、独西部に新研究ラボ開設=電池材開発,https://emb-media.com/autoedge/2026/09/09/678007/,https://news.ceek.jp/search.cgi?category_id=world&feed=1,ok,,国際
2026-09-09,2026-09-09T08:01:31.587503+09:00,その他メディア,,Economic Media Bulletin,輝能科技、台湾・桃園で新型SSBの量産開始,https://emb-media.com/autoedge/2026/09/09/678010/,https://news.ceek.jp/search.cgi?category_id=world&feed=1,ok,,国際
2026-09-09,2026-09-09T08:01:31.587503+09:00,その他メディア,,Economic Media Bulletin,アウディ、最高効率EV「A2イートロン」公開,https://emb-media.com/autoedge/2026/09/09/678012/,https://news.ceek.jp/search.cgi?category_id=world&feed=1,ok,,国際
2026-09-09,2026-09-09T08:01:31.587503+09:00,その他メディア,,Economic Media Bulletin,VWのEV版ポロ、人気で10カ月の納車待ち,https://emb-media.com/autoedge/2026/09/09/678068/,https://news.ceek.jp/search.cgi?category_id=world&feed=1,ok,,国際
2026-09-09,2026-09-09T08:01:31.587503+09:00,その他メディア,,Economic Media Bulletin,EU、EVはガソリン車よりも走行費3割安く,https://emb-media.com/autoedge/2026/09/09/678070/,https://news.ceek.jp/search.cgi?category_id=world&feed=1,ok,,国際
2026-09-09,2026-09-09T08:01:31.587503+09:00,その他メディア,,Economic Media Bulletin,BMW、EUで車両から画像収集=運転支援に活用,https://emb-media.com/autoedge/2026/09/09/678074/,https://news.ceek.jp/search.cgi?category_id=world&feed=1,ok,,国際
2026-09-09,2026-09-09T08:01:31.587503+09:00,その他メディア,,Economic Media Bulletin,VW、独北西部の工場売却で合意=防衛分野に転用,https://emb-media.com/autoedge/2026/09/09/678540/,https://news.ceek.jp/search.cgi?category_id=world&feed=1,ok,,国際
2026-09-09,2026-09-09T08:01:31.587503+09:00,その他メディア,,Economic Media Bulletin,イタリア失業率、7月は5.8%で横ばい,https://emb-media.com/europe/2026/09/09/677720/,https://news.ceek.jp/search.cgi?category_id=world&feed=1,ok,,国際
2026-09-09,2026-09-09T08:01:31.587503+09:00,その他メディア,,Economic Media Bulletin,ポルトガル景況感、8月は改善,https://emb-media.com/europe/2026/09/09/677783/,https://news.ceek.jp/search.cgi?category_id=world&feed=1,ok,,国際
2026-09-09,2026-09-09T08:01:31.587503+09:00,その他メディア,,Economic Media Bulletin,BPのバイオ燃料事業、スペイン政府が補助,https://emb-media.com/europe/2026/09/09/677901/,https://news.ceek.jp/search.cgi?category_id=world&feed=1,ok,,国際
2026-09-09,2026-09-09T08:01:31.587503+09:00,その他メディア,,Economic Media Bulletin,衣料品ネクスト、賃金訴訟で実質勝訴=二審,https://emb-media.com/europe/2026/09/09/678001/,https://news.ceek.jp/search.cgi?category_id=world&feed=1,ok,,国際
2026-09-09,2026-09-09T08:01:31.587503+09:00,その他メディア,,Economic Media Bulletin,VW、北西部の工場売却で合意=防衛分野に転用,https://emb-media.com/europe/2026/09/09/678002/,https://news.ceek.jp/search.cgi?category_id=world&feed=1,ok,,国際
2026-09-09,2026-09-09T08:01:31.587503+09:00,その他メディア,,Economic Media Bulletin,セウタ移民流入、「モロッコに責任」が9割,https://emb-media.com/europe/2026/09/09/678005/,https://news.ceek.jp/search.cgi?category_id=world&feed=1,ok,,国際
2026-09-09,2026-09-09T08:01:31.587503+09:00,その他メディア,,Economic Media Bulletin,中国国際航空、ブカレストー北京直行便導入,https://emb-media.com/europe/2026/09/09/678015/,https://news.ceek.jp/search.cgi?category_id=world&feed=1,ok,,国際
2026-09-09,2026-09-09T08:01:31.587503+09:00,その他メディア,,Economic Media Bulletin,トランスガス、垂直回廊を西バルカンへ延長,https://emb-media.com/europe/2026/09/09/678017/,https://news.ceek.jp/search.cgi?category_id=world&feed=1,ok,,国際
2026-09-09,2026-09-09T08:01:31.587503+09:00,その他メディア,,Economic Media Bulletin,欧州金属業界、部品供給網の対中依存に抗議,https://emb-media.com/europe/2026/09/09/678024/,https://news.ceek.jp/search.cgi?category_id=world&feed=1,ok,,国際
2026-09-09,2026-09-09T08:01:31.587503+09:00,その他メディア,,Economic Media Bulletin,仏、ペットボトルのデポジット義務化を撤回,https://emb-media.com/europe/2026/09/09/678026/,https://news.ceek.jp/search.cgi?category_id=world&feed=1,ok,,国際
2026-09-09,2026-09-09T08:01:31.587503+09:00,その他メディア,,Economic Media Bulletin,欧州中銀、年内2回利上げも=ドイツ銀予想,https://emb-media.com/europe/2026/09/09/678028/,https://news.ceek.jp/search.cgi?category_id=world&feed=1,ok,,国際
2026-09-09,2026-09-09T08:01:31.587503+09:00,その他メディア,,Economic Media Bulletin,砂糖税、税収増や健康効果は不透明=調査,https://emb-media.com/europe/2026/09/09/678047/,https://news.ceek.jp/search.cgi?category_id=world&feed=1,ok,,国際
2026-09-09,2026-09-09T08:01:31.587503+09:00,その他メディア,,Economic Media Bulletin,EDF、英電力供給社の買収交渉か=関係者,https://emb-media.com/europe/2026/09/09/678054/,https://news.ceek.jp/search.cgi?category_id=world&feed=1,ok,,国際
2026-09-09,2026-09-09T08:01:31.587503+09:00,その他メディア,,Economic Media Bulletin,機械メーカーの43%、国外で研究開発,https://emb-media.com/europe/2026/09/09/678072/,https://news.ceek.jp/search.cgi?category_id=world&feed=1,ok,,国際
2026-09-09,2026-09-09T08:01:31.587503+09:00,その他メディア,,Economic Media Bulletin,8月のポルトガルのメーカー別新車登録台数,https://emb-media.com/europe/2026/09/09/678077/,https://news.ceek.jp/search.cgi?category_id=world&feed=1,ok,,国際
2026-09-09,2026-09-09T08:01:31.587503+09:00,その他メディア,,Economic Media Bulletin,仏貿易収支、7月は赤字拡大,https://emb-media.com/europe/2026/09/09/678087/,https://news.ceek.jp/search.cgi?category_id=world&feed=1,ok,,国際
2026-09-09,2026-09-09T08:01:31.587503+09:00,その他メディア,,Economic Media Bulletin,正規雇用、約4年ぶり増加=8月,https://emb-media.com/europe/2026/09/09/678097/,https://news.ceek.jp/search.cgi?category_id=world&feed=1,ok,,国際
2026-09-09,2026-09-09T08:01:31.587503+09:00,その他メディア,,Economic Media Bulletin,ミストラルAI、30億ユーロ調達,https://emb-media.com/europe/2026/09/09/678099/,https://news.ceek.jp/search.cgi?category_id=world&feed=1,ok,,国際
2026-09-09,2026-09-09T08:01:31.587503+09:00,その他メディア,,Economic Media Bulletin,BRC小売売上高、8月は0.7%増加,https://emb-media.com/europe/2026/09/09/678100/,https://news.ceek.jp/search.cgi?category_id=world&feed=1,ok,,国際
2026-09-09,2026-09-09T08:01:31.587503+09:00,その他メディア,,Economic Media Bulletin,ASML装置、TSMCとサムスンが採用,https://emb-media.com/europe/2026/09/09/678123/,https://news.ceek.jp/search.cgi?category_id=world&feed=1,ok,,国際
2026-09-09,2026-09-09T08:01:31.587503+09:00,その他メディア,,Economic Media Bulletin,VW、傘下の二輪ドゥカティ売却を検討,https://emb-media.com/europe/2026/09/09/678129/,https://news.ceek.jp/search.cgi?category_id=world&feed=1,ok,,国際
2026-09-09,2026-09-09T08:01:31.587503+09:00,その他メディア,,Economic Media Bulletin,住宅ローン承認件数、7月は減少,https://emb-media.com/europe/2026/09/09/678147/,https://news.ceek.jp/search.cgi?category_id=world&feed=1,ok,,国際
2026-09-09,2026-09-09T08:01:31.587503+09:00,その他メディア,,Economic Media Bulletin,独各地で極右AfD反対デモ,https://emb-media.com/europe/2026/09/09/678154/,https://news.ceek.jp/search.cgi?category_id=world&feed=1,ok,,国際
2026-09-09,2026-09-09T08:01:31.587503+09:00,その他メディア,,Economic Media Bulletin,ポルトガル、公営住宅建設で融資確保,https://emb-media.com/europe/2026/09/09/678199/,https://news.ceek.jp/search.cgi?category_id=world&feed=1,ok,,国際
2026-09-09,2026-09-09T08:01:31.587503+09:00,その他メディア,,Economic Media Bulletin,欧州防衛MBDA、ポーランドに拠点開設,https://emb-media.com/europe/2026/09/09/678208/,https://news.ceek.jp/search.cgi?category_id=world&feed=1,ok,,国際
2026-09-09,2026-09-09T08:01:31.587503+09:00,その他メディア,,Economic Media Bulletin,独政府、ガス備蓄巡り国営2社と協議,https://emb-media.com/europe/2026/09/09/678225/,https://news.ceek.jp/search.cgi?category_id=world&feed=1,ok,,国際
2026-09-09,2026-09-09T08:01:31.587503+09:00,その他メディア,,Economic Media Bulletin,貿易収支、7月は黒字拡大,https://emb-media.com/europe/2026/09/09/678226/,https://news.ceek.jp/search.cgi?category_id=world&feed=1,ok,,国際
2026-09-09,2026-09-09T08:01:31.587503+09:00,その他メディア,,Economic Media Bulletin,独、27年の新規債務2千億ユーロ超に,https://emb-media.com/europe/2026/09/09/678250/,https://news.ceek.jp/search.cgi?category_id=world&feed=1,ok,,国際
2026-09-09,2026-09-09T08:01:31.587503+09:00,その他メディア,,Economic Media Bulletin,英、イスラエル入植地に制裁,https://emb-media.com/europe/2026/09/09/678259/,https://news.ceek.jp/search.cgi?category_id=world&feed=1,ok,,国際
2026-09-09,2026-09-09T08:01:31.587503+09:00,その他メディア,,Economic Media Bulletin,スペインのインフレ、8月は4.3%=速報値,https://emb-media.com/europe/2026/09/09/678286/,https://news.ceek.jp/search.cgi?category_id=world&feed=1,ok,,国際
2026-09-09,2026-09-09T08:01:31.587503+09:00,その他メディア,,Economic Media Bulletin,小売業界、ニートの若者に職業体験を提供,https://emb-media.com/europe/2026/09/09/678350/,https://news.ceek.jp/search.cgi?category_id=world&feed=1,ok,,国際
2026-09-09,2026-09-09T08:01:31.587503+09:00,その他メディア,,Economic Media Bulletin,通信ボーダフォンジゴ、基地局売却で合意,https://emb-media.com/europe/2026/09/09/678384/,https://news.ceek.jp/search.cgi?category_id=world&feed=1,ok,,国際
2026-09-09,2026-09-09T08:01:31.587503+09:00,その他メディア,,Forbes JAPAN,イラン攻撃という失策の代償は数十年続く──燃料高から人的損害、退役軍人の支援まで,https://forbesjapan.com/articles/detail/104217,https://news.ceek.jp/search.cgi?category_id=world&feed=1,ok,,国際
2026-09-09,2026-09-09T08:01:31.587503+09:00,その他メディア,,Economic Media Bulletin,今年のワイン生産量、70年ぶり低水準に,https://emb-media.com/europe/2026/09/09/678091/,https://news.ceek.jp/search.cgi?category_id=world&feed=1,ok,,国際
2026-09-09,2026-09-09T08:01:31.587503+09:00,その他メディア,,Economic Media Bulletin,チェコ新車登録台数、8月は0.6%増加,https://emb-media.com/europe/2026/09/09/678107/,https://news.ceek.jp/search.cgi?category_id=world&feed=1,ok,,国際
2026-09-09,2026-09-09T08:01:31.587503+09:00,その他メディア,,Economic Media Bulletin,ポルトガル新車登録台数、8月は8.4%増加,https://emb-media.com/europe/2026/09/09/678134/,https://news.ceek.jp/search.cgi?category_id=world&feed=1,ok,,国際
2026-09-09,2026-09-09T08:01:31.587503+09:00,その他メディア,,Economic Media Bulletin,伊政府、今年の成長見通しを上方修正へ,https://emb-media.com/europe/2026/09/09/678299/,https://news.ceek.jp/search.cgi?category_id=world&feed=1,ok,,国際
2026-09-09,2026-09-09T08:01:31.587503+09:00,その他メディア,,Economic Media Bulletin,ドバイ空港、移動型の旅券審査サービスを導入,https://emb-media.com/mea/2026/09/09/677910/,https://news.ceek.jp/search.cgi?category_id=world&feed=1,ok,,国際
2026-09-09,2026-09-09T08:01:31.587503+09:00,その他メディア,,Economic Media Bulletin,PIF、不動産会社を新設=観光・都市開発,https://emb-media.com/mea/2026/09/09/678051/,https://news.ceek.jp/search.cgi?category_id=world&feed=1,ok,,国際
2026-09-09,2026-09-09T08:01:31.587503+09:00,その他メディア,,Economic Media Bulletin,サウジ経済、第2四半期は4.7%縮小=改定値,https://emb-media.com/mea/2026/09/09/678063/,https://news.ceek.jp/search.cgi?category_id=world&feed=1,ok,,国際
2026-09-09,2026-09-09T08:01:31.587503+09:00,その他メディア,,Economic Media Bulletin,マスダール、コモロで太陽光・BESS施設開設,https://emb-media.com/mea/2026/09/09/678080/,https://news.ceek.jp/search.cgi?category_id=world&feed=1,ok,,国際
2026-09-09,2026-09-09T08:01:31.587503+09:00,その他メディア,,Economic Media Bulletin,ダンゴート製油所、IPO準備=処理能力倍増へ,https://emb-media.com/mea/2026/09/09/678089/,https://news.ceek.jp/search.cgi?category_id=world&feed=1,ok,,国際
2026-09-09,2026-09-09T08:01:31.587503+09:00,その他メディア,,Economic Media Bulletin,高級リゾートRSG、NTTデータと合弁設立へ,https://emb-media.com/mea/2026/09/09/678175/,https://news.ceek.jp/search.cgi?category_id=world&feed=1,ok,,国際
2026-09-09,2026-09-09T08:01:31.587503+09:00,その他メディア,,Economic Media Bulletin,イラン、ホルムズ海峡に「航行制限区域」設定へ,https://emb-media.com/mea/2026/09/09/678246/,https://news.ceek.jp/search.cgi?category_id=world&feed=1,ok,,国際
2026-09-09,2026-09-09T08:01:31.587503+09:00,その他メディア,,Economic Media Bulletin,独VW、北西部工場売却=イスラエル防衛社拠点に,https://emb-media.com/mea/2026/09/09/678273/,https://news.ceek.jp/search.cgi?category_id=world&feed=1,ok,,国際
2026-09-09,2026-09-09T08:01:31.587503+09:00,その他メディア,,Economic Media Bulletin,フーシ派、サウジ南部のエネルギー施設を攻撃,https://emb-media.com/mea/2026/09/09/678443/,https://news.ceek.jp/search.cgi?category_id=world&feed=1,ok,,国際
2026-09-09,2026-09-09T08:01:31.587503+09:00,その他メディア,,Economic Media Bulletin,英、イスラエル入植地に経済制裁,https://emb-media.com/mea/2026/09/09/678523/,https://news.ceek.jp/search.cgi?category_id=world&feed=1,ok,,国際
2026-09-09,2026-09-09T08:01:31.587503+09:00,全国紙,全国,産経新聞,トンネル内の捜索に重点 ネパール、土石流2週間 依然5800人以上が行方不明,https://www.sankei.com/article/20260909-ZQ7HJDKIMVJQFAKYVLVR4E2SDI/,https://news.ceek.jp/search.cgi?category_id=world&feed=1,ok,,国際
2026-09-09,2026-09-09T08:01:31.587503+09:00,全国紙,全国,産経新聞,韓国造船大手に損賠請求 北極LNG、建造解除で 国際仲裁センターに仲裁申し立て,https://www.sankei.com/article/20260909-5WKTL35ETZJA5IVCVHBFWFQUTU/,https://news.ceek.jp/search.cgi?category_id=world&feed=1,ok,,国際
2026-09-09,2026-09-09T08:01:31.587503+09:00,その他メディア,,AFPBB News,トランプ氏が地図投稿、カナダやアイスランドを米国領に,https://www.afpbb.com/articles/-/3652018,https://news.ceek.jp/search.cgi?category_id=world&feed=1,ok,,国際
2026-09-09,2026-09-09T08:01:31.587503+09:00,全国紙,全国,産経新聞,米軍がイランタンカー攻撃、重要拠点カーグ島近くの海域 イラン側は米軍基地攻撃を警告,https://www.sankei.com/article/20260909-SEEONGF4KBKHVPRQIUSVKMJTJA/,https://news.ceek.jp/search.cgi?category_id=world&feed=1,ok,,国際
2026-09-09,2026-09-09T08:01:31.587503+09:00,全国紙,全国,産経新聞,米博物館運営トップ退任へ スミソニアン、トランプ政権圧力,https://www.sankei.com/article/20260909-ZROZWATUU5IKHJWXNQYBVHELVY/,https://news.ceek.jp/search.cgi?category_id=world&feed=1,ok,,国際
2026-09-09,2026-09-09T08:01:31.587503+09:00,全国紙,全国,産経新聞,NY市、大気汚染の危険認識 同時多発テロ25年で文書公開 救助・復旧で粉じん被害,https://www.sankei.com/article/20260909-3NBAZRZTSJIZ3BZ5E7NUD5KID4/,https://news.ceek.jp/search.cgi?category_id=world&feed=1,ok,,国際
2026-09-09,2026-09-09T08:01:31.587503+09:00,その他メディア,,デイリースポーツ,NY、大気汚染の危険認識,https://www.daily.co.jp/society/world/2026/09/09/0020799117.shtml,https://news.ceek.jp/search.cgi?category_id=world&feed=1,ok,,国際
2026-09-09,2026-09-09T08:01:31.587503+09:00,その他メディア,,デイリースポーツ,米博物館運営トップ退任へ,https://www.daily.co.jp/society/world/2026/09/09/0020799122.shtml,https://news.ceek.jp/search.cgi?category_id=world&feed=1,ok,,国際
2026-09-09,2026-09-09T08:01:31.587503+09:00,全国紙,全国,産経新聞,英仏など12カ国、ユダヤ人入植地からの輸入規制 パレスチナ住民の強制移住に「断固反対」,https://www.sankei.com/article/20260909-52EROJL6EFPH3NLR3SZJ3C6WYE/,https://news.ceek.jp/search.cgi?category_id=world&feed=1,ok,,国際
2026-09-09,2026-09-09T08:01:31.587503+09:00,その他メディア,,デイリースポーツ,5800人以上が行方不明のまま,https://www.daily.co.jp/society/world/2026/09/09/0020799084.shtml,https://news.ceek.jp/search.cgi?category_id=world&feed=1,ok,,国際
2026-09-09,2026-09-09T08:01:31.587503+09:00,その他メディア,,ブラジル日報,訃報=福島県人会モジ支部役員 遠藤武さん,https://brasilnippou.com/ja/articles/260909-24colonia,https://news.ceek.jp/search.cgi?category_id=world&feed=1,ok,,国際
2026-09-09,2026-09-09T08:01:31.587503+09:00,その他メディア,,ブラジル日報,鹿児島県人会、日本祭り慰労会=郷土愛詰めた弁当、完売の盛況=「おはら節」で会員交流深める,https://brasilnippou.com/ja/articles/260909-23colonia,https://news.ceek.jp/search.cgi?category_id=world&feed=1,ok,,国際
2026-09-09,2026-09-09T08:01:31.587503+09:00,全国紙,全国,産経新聞,「負けてよかった」とはいえない「負けた国」から来た記者,https://www.sankei.com/article/20260909-3SUBTE4MNFKN3GSBZPJWDUNHVE/,https://news.ceek.jp/search.cgi?category_id=world&feed=1,ok,,国際
2026-09-09,2026-09-09T08:01:31.587503+09:00,全国紙,全国,産経新聞,ジョージ英王子、名門校に入学 チャールズ国王の孫、私立イートンへ,https://www.sankei.com/article/20260909-KXQMFLVF5ZJJZGANHMOLT2YYR4/,https://news.ceek.jp/search.cgi?category_id=world&feed=1,ok,,国際
2026-09-09,2026-09-09T08:01:31.587503+09:00,その他メディア,,ポストセブン,《指揮系統の外側で動く情報の門番》トランプ大統領の「最側近」ナタリー・ハープ氏とは何者か? がん闘病を経て右派系テレビキャスター、今は大統領のSNS投稿を担当 その存在がもたらす危うさとは,https://www.news-postseven.com/archives/20260909_2130369.html,https://news.ceek.jp/search.cgi?category_id=world&feed=1,ok,,国際
2026-09-09,2026-09-09T08:01:31.587503+09:00,全国紙,全国,産経新聞,米、イランタンカー攻撃か 石油拠点付近、報復必至で緊張激化の恐れ,https://www.sankei.com/article/20260909-MP4W6U2HVZJFHJGOW7JDDHZ5GU/,https://news.ceek.jp/search.cgi?category_id=world&feed=1,ok,,国際
2026-09-09,2026-09-09T08:01:31.587503+09:00,その他メディア,,VIETJO,ビングループが初の納税額首位、民間企業の存在感高まる,https://www.viet-jo.com/news/economy/260908135329.html,https://news.ceek.jp/search.cgi?category_id=world&feed=1,ok,,国際
2026-09-09,2026-09-09T08:01:31.587503+09:00,その他メディア,,VIETJO,ベトナム初の社会保険料滞納公益訴訟、企業に支払命令,https://www.viet-jo.com/news/social/260908184209.html,https://news.ceek.jp/search.cgi?category_id=world&feed=1,ok,,国際
2026-09-09,2026-09-09T08:01:31.587503+09:00,全国紙,全国,日本経済新聞,トランプ氏、ニューメキシコ州→ニューアメリカ州に改称 提案動画投稿,https://www.nikkei.com/article/DGXZQOGN0905L0Z00C26A9000000/,https://news.ceek.jp/search.cgi?category_id=world&feed=1,ok,,国際
2026-09-09,2026-09-09T08:01:31.587503+09:00,全国紙,全国,日本経済新聞,韓国、ホルムズ調査団派遣 「状況を把握」派兵は未定,https://www.nikkei.com/article/DGXZQOCB0905N0Z00C26A9000000/,https://news.ceek.jp/search.cgi?category_id=world&feed=1,ok,,国際
2026-09-09,2026-09-09T08:01:31.587503+09:00,その他メディア,,フジテレビ,ルノワール美術館で16億円相当の絵画4点盗難 2人組は作品2点を逃走中に落とす わずか5分の犯行 フランス,https://www.fnn.jp/articles/-/1110718,https://news.ceek.jp/search.cgi?category_id=world&feed=1,ok,,国際
2026-09-09,2026-09-09T08:01:31.587503+09:00,その他メディア,,山陰中央新聞,【交通情報】山陰道・松江玉造IC-宍道IC間、下り線が通行止め,https://www.sanin-chuo.co.jp/articles/-/1076397,https://news.ceek.jp/search.cgi?category_id=local&feed=1,ok,,地方・地域
2026-09-09,2026-09-09T08:01:31.587503+09:00,その他メディア,,十勝毎日新聞,プロ野球2軍戦 十勝出身・関係選手の成績(9月1~7日),https://kachimai.jp/article/index.php?no=2026090800501,https://news.ceek.jp/search.cgi?category_id=local&feed=1,ok,,地方・地域
2026-09-09,2026-09-09T08:01:31.587503+09:00,その他メディア,,福島民友新聞,全国高校サッカー県大会の一部日程を変更,https://www.minyu-net.com/news/detail/2026090908204154608,https://news.ceek.jp/search.cgi?category_id=local&feed=1,ok,,地方・地域
2026-09-09,2026-09-09T08:01:31.587503+09:00,その他メディア,,TBSテレビ,入店拒否に腹を立て... 女性店員を殴った暴行容疑 55歳無職の男を逮捕 「殴っていません」と否認 新潟・長岡市,https://newsdig.tbs.co.jp/articles/-/2931047?display=1,https://news.ceek.jp/search.cgi?category_id=local&feed=1,ok,,地方・地域
2026-09-09,2026-09-09T08:01:31.587503+09:00,その他メディア,,TBSテレビ,【大雨情報】北陸地方 警報級の大雨の可能性 雷を伴って激しい雨が降り大雨となる所も【雨と風のシミュレーション】,https://newsdig.tbs.co.jp/articles/-/2931050?display=1,https://news.ceek.jp/search.cgi?category_id=local&feed=1,ok,,地方・地域
2026-09-09,2026-09-09T08:01:31.587503+09:00,全国紙,全国,毎日新聞,視覚障害者の着こなし自由に 福岡出身デザイナーが都知事賞,https://mainichi.jp/articles/20260907/k00/00m/310/244000c,https://news.ceek.jp/search.cgi?category_id=local&feed=1,ok,,地方・地域
2026-09-09,2026-09-09T08:01:31.587503+09:00,その他メディア,,佐賀新聞,定期預金預入期間1年で特別金利1.65% 佐賀共栄銀行がキャンペーン,https://www.saga-s.co.jp/articles/-/1787721,https://news.ceek.jp/search.cgi?category_id=local&feed=1,ok,,地方・地域
2026-09-09,2026-09-09T08:01:31.587503+09:00,その他メディア,,TBSテレビ,【線状降水帯のおそれ】関東・東海・近畿・四国地方 元台風24号「熱帯低気圧」 秋雨前線と一体化へ いつまで「大雨」に注意? ※18日までの雨風シミュレーション ※19日までの雨のシミュレーション,https://newsdig.tbs.co.jp/articles/-/2931049?display=1,https://news.ceek.jp/search.cgi?category_id=local&feed=1,ok,,地方・地域
2026-09-09,2026-09-09T08:01:31.587503+09:00,その他メディア,,福島民友新聞,アジア大会、10日に一部競技開始 福島県関係選手が闘志,https://www.minyu-net.com/news/detail/2026090908184254607,https://news.ceek.jp/search.cgi?category_id=local&feed=1,ok,,地方・地域
2026-09-09,2026-09-09T08:01:31.587503+09:00,その他メディア,,山形新聞,トビタケ、香りかぐわし 尾花沢で50キロ超収穫,https://www.yamagata-np.jp/news/202609/09/kj_2026090900216.php,https://news.ceek.jp/search.cgi?category_id=local&feed=1,ok,,地方・地域
2026-09-09,2026-09-09T08:01:31.587503+09:00,その他メディア,,TBSテレビ,【レベル4土砂災害危険警報】香川県・三豊市に発表 午前8時7分,https://newsdig.tbs.co.jp/articles/-/2931045?display=1,https://news.ceek.jp/search.cgi?category_id=local&feed=1,ok,,地方・地域
2026-09-09,2026-09-09T08:01:31.587503+09:00,その他メディア,,TBSテレビ,「遺骨が泥と一緒になってしまったかも...」大雨被害で墓石10基崩壊か 寺は工事の遅れと支援なしの二重苦に,https://newsdig.tbs.co.jp/articles/-/2930343?display=1,https://news.ceek.jp/search.cgi?category_id=local&feed=1,ok,,地方・地域
2026-09-09,2026-09-09T08:01:31.587503+09:00,その他メディア,,TBSテレビ,【レベル3大雨警報】香川県・三豊市、綾川町に発表 午前8時7分,https://newsdig.tbs.co.jp/articles/-/2931043?display=1,https://news.ceek.jp/search.cgi?category_id=local&feed=1,ok,,地方・地域
2026-09-09,2026-09-09T08:01:31.587503+09:00,全国紙,全国,朝日新聞,まるで味噌汁の「万華鏡」 古民家カフェ「山の子」 津軽のけの汁,https://www.asahi.com/articles/ASV9105JDV91UNHB001M.html,https://news.ceek.jp/search.cgi?category_id=local&feed=1,ok,,地方・地域
2026-09-09,2026-09-09T08:01:31.587503+09:00,その他メディア,,岐阜新聞,岐阜・池田町の接骨院、施術せずに療養費請求か 患者「通院していないのに請求」,https://www.gifu-np.co.jp/articles/-/767180,https://news.ceek.jp/search.cgi?category_id=local&feed=1,ok,,地方・地域
2026-09-09,2026-09-09T08:01:31.587503+09:00,その他メディア,,TBSテレビ,88歳男性の財布から現金を盗もうとしたか 介護職員の男逮捕 被害男性の家族が通報=静岡・伊東市,https://newsdig.tbs.co.jp/articles/-/2931029?display=1,https://news.ceek.jp/search.cgi?category_id=local&feed=1,ok,,地方・地域
2026-09-09,2026-09-09T08:01:31.587503+09:00,その他メディア,,愛媛新聞,言葉あれこれ第227回 芋煮ではなく「いもたき」,https://www.ehime-np.co.jp/article/news202609090002,https://news.ceek.jp/search.cgi?category_id=local&feed=1,ok,,地方・地域
2026-09-09,2026-09-09T08:01:31.587503+09:00,その他メディア,,"日本海新聞, 大阪日日新聞",東郷池の湯梨浜町松崎観測所で洪水警戒レベル3,https://www.nnn.co.jp/articles/-/793154,https://news.ceek.jp/search.cgi?category_id=local&feed=1,ok,,地方・地域
2026-09-09,2026-09-09T08:01:31.587503+09:00,その他メディア,,Jタウンネット,ブロンコビリーの「鉄板」がもらえるかも 『限界OL霧切ギリ子』コラボキャンペーンが激アツすぎる件【9/1~11/30】,https://j-town.net/2026/09/09367116.html,https://news.ceek.jp/search.cgi?category_id=local&feed=1,ok,,地方・地域
2026-09-09,2026-09-09T08:01:31.587503+09:00,地方紙,宮城,河北新報,宿泊業界 外国人スタッフが存在感 28人働く仙台・秋保の緑水亭 働きぶりを評価,https://kahoku.news/articles/20260908khn000060.html,https://news.ceek.jp/search.cgi?category_id=local&feed=1,ok,,地方・地域
2026-09-09,2026-09-09T08:01:31.587503+09:00,全国紙,全国,朝日新聞,作家・泉鏡花の手先見える資料1千点 岩波書店、故郷の記念館に寄贈,https://www.asahi.com/articles/ASV940JKQV94PJLB001M.html,https://news.ceek.jp/search.cgi?category_id=local&feed=1,ok,,地方・地域
2026-09-09,2026-09-09T08:01:31.587503+09:00,全国紙,全国,朝日新聞,偽「ボンドロ」など輸入差し止め 横浜税関、シール類150倍に激増,https://www.asahi.com/articles/ASV980FQWV98ULOB016M.html,https://news.ceek.jp/search.cgi?category_id=local&feed=1,ok,,地方・地域
2026-09-09,2026-09-09T08:01:31.587503+09:00,全国紙,全国,朝日新聞,小田原城発掘など委託料1千万円超未払い 翌年度予算へ水増し常態化,https://www.asahi.com/articles/ASV983WJGV98ULOB00VM.html,https://news.ceek.jp/search.cgi?category_id=local&feed=1,ok,,地方・地域
2026-09-09,2026-09-09T08:01:31.587503+09:00,その他メディア,,岐阜新聞,牛の個体識別番号を表示せず、632人前の料理提供 関ケ原町の飲食業に是正勧告,https://www.gifu-np.co.jp/articles/-/767179,https://news.ceek.jp/search.cgi?category_id=local&feed=1,ok,,地方・地域
2026-09-09,2026-09-09T08:01:31.587503+09:00,その他メディア,,長野日報,2026年9月9日付,https://www.nagano-np.co.jp/news/detail.php?id=6474,https://news.ceek.jp/search.cgi?category_id=local&feed=1,ok,,地方・地域
2026-09-09,2026-09-09T08:01:31.587503+09:00,地方紙,長野,信濃毎日新聞,空手の全国大会、小学生2人の精進が実る 安曇野市の小2が優勝、松本市の小3が準優勝,https://www.shinmai.co.jp/news/article/gf01dafuv1lttbkcu3kra7eg,https://news.ceek.jp/search.cgi?category_id=local&feed=1,ok,,地方・地域
2026-09-09,2026-09-09T08:01:31.587503+09:00,全国紙,全国,読売新聞,記録的大雨 名古屋市200万人避難指示...雨量増おそれ 冠水、交通乱れ相次ぐ,https://www.yomiuri.co.jp/local/chubu/news/20260908-GYTNT00332/,https://news.ceek.jp/search.cgi?category_id=local&feed=1,ok,,地方・地域
2026-09-09,2026-09-09T08:01:31.587503+09:00,全国紙,全国,朝日新聞,「長く日本で」断たれた夢 福岡・留学生殺害事件、背景に三角関係か,https://www.asahi.com/articles/ASV983G5WV98TIPE001M.html,https://news.ceek.jp/search.cgi?category_id=local&feed=1,ok,,地方・地域
2026-09-09,2026-09-09T08:01:31.587503+09:00,その他メディア,,フジテレビ,「帰宅した被害者の首絞めた」91歳女性の強盗殺人容疑 「食べ物探すため...」逮捕のベトナム人一部容疑否認 埼玉,https://www.fnn.jp/articles/-/1110169,https://news.ceek.jp/search.cgi?category_id=local&feed=1,ok,,地方・地域
2026-09-09,2026-09-09T08:01:31.587503+09:00,その他メディア,,茨城新聞,茨城県議選 12月13日投票,https://ibarakinews.jp/news/newsdetail.php?f_jun=1788875214981100,https://news.ceek.jp/search.cgi?category_id=local&feed=1,ok,,地方・地域
2026-09-09,2026-09-09T08:01:31.587503+09:00,その他メディア,,まいどなニュース,お客さんが汚い道を通るのは嫌...87歳父が洋菓子店の周りをごみ拾い ワイシャツ姿で週1~2回 小さな清掃が育てる感謝のかたち,https://maidonanews.jp/article/16865826,https://news.ceek.jp/search.cgi?category_id=local&feed=1,ok,,地方・地域
2026-09-09,2026-09-09T08:01:31.587503+09:00,地方紙,広島,中国新聞,メガソーラー建設で住民に亀裂,https://www.chugoku-np.co.jp/articles/-/892081,https://news.ceek.jp/search.cgi?category_id=local&feed=1,ok,,地方・地域
2026-09-09,2026-09-09T08:01:31.587503+09:00,地方紙,京都,京都新聞,滋賀県栗東市の障害者支援財団、助成金1億5400万円を148団体に贈呈 過去最多,https://www.kyoto-np.co.jp/articles/-/1786753,https://news.ceek.jp/search.cgi?category_id=local&feed=1,ok,,地方・地域
2026-09-09,2026-09-09T08:01:31.587503+09:00,その他メディア,,福島民友新聞,若松球友会が初V 民友旗争奪・県還暦軟式野球,https://www.minyu-net.com/news/detail/2026090908082954604,https://news.ceek.jp/search.cgi?category_id=local&feed=1,ok,,地方・地域
2026-09-09,2026-09-09T08:01:31.587503+09:00,地方紙,兵庫,神戸新聞,駐車巡りトラブル、男性の顔叩く 暴行の疑いで自称歯科医師の男 容疑を否認 神戸,https://www.kobe-np.co.jp/news/jiken/202609/0020799151.shtml,https://news.ceek.jp/search.cgi?category_id=local&feed=1,ok,,地方・地域
2026-09-09,2026-09-09T08:01:31.587503+09:00,その他メディア,,佐賀新聞,佐賀空港-ソウル便運航のLCC「ティーウェイ航空」が「トリニティ航空」へと社名変更,https://www.saga-s.co.jp/articles/-/1787841,https://news.ceek.jp/search.cgi?category_id=local&feed=1,ok,,地方・地域
2026-09-09,2026-09-09T08:01:31.587503+09:00,その他メディア,,佐賀新聞,「治水事業に最大限尽力」 佐賀県政界から悼む声 陣内元法相(神埼市出身)逝去,https://www.saga-s.co.jp/articles/-/1787864,https://news.ceek.jp/search.cgi?category_id=local&feed=1,ok,,地方・地域
2026-09-09,2026-09-09T08:01:31.587503+09:00,その他メディア,,フジテレビ,【レベル4土砂災害危険警報】観音寺市・三豊市に発表 午前8時10分現在【香川】,https://www.fnn.jp/articles/-/1110744,https://news.ceek.jp/search.cgi?category_id=local&feed=1,ok,,地方・地域
2026-09-09,2026-09-09T08:01:31.587503+09:00,その他メディア,,TBSテレビ,【レベル4土砂災害危険警報】香川県・観音寺市に発表 午前7時56分,https://newsdig.tbs.co.jp/articles/-/2931037?display=1,https://news.ceek.jp/search.cgi?category_id=local&feed=1,ok,,地方・地域
2026-09-09,2026-09-09T08:01:31.587503+09:00,その他メディア,,TBSテレビ,後ろからいきなり...20代女性に抱きつき胸などをなでまわすわいせつ容疑 76歳無職の男を逮捕 新潟・中央区,https://newsdig.tbs.co.jp/articles/-/2931027?display=1,https://news.ceek.jp/search.cgi?category_id=local&feed=1,ok,,地方・地域
2026-09-09,2026-09-09T08:01:31.587503+09:00,全国紙,全国,東京新聞,実在した絶メシ食堂 ドラマに 高崎市内オールロケで共同制作 市とテレ東、全2話放送・配信,https://www.tokyo-np.co.jp/article/514355,https://news.ceek.jp/search.cgi?category_id=local&feed=1,ok,,地方・地域
2026-09-09,2026-09-09T08:01:31.587503+09:00,その他メディア,,TBSテレビ,【レベル3大雨警報】香川県・善通寺市に発表 午前7時56分,https://newsdig.tbs.co.jp/articles/-/2931035?display=1,https://news.ceek.jp/search.cgi?category_id=local&feed=1,ok,,地方・地域
2026-09-09,2026-09-09T08:01:31.587503+09:00,その他メディア,,岐阜新聞,ぎふ健康モーニングコンテスト入賞9店舗発表 県庁20階で「展望喫茶」企画,https://www.gifu-np.co.jp/articles/-/767018,https://news.ceek.jp/search.cgi?category_id=local&feed=1,ok,,地方・地域
2026-09-09,2026-09-09T08:01:31.587503+09:00,全国紙,全国,東京新聞,不用品介して群大支援を 業者と事業提携 買い取り額が寄付に,https://www.tokyo-np.co.jp/article/514354,https://news.ceek.jp/search.cgi?category_id=local&feed=1,ok,,地方・地域
2026-09-09,2026-09-09T08:01:31.587503+09:00,全国紙,全国,東京新聞,「マス釣りの聖地」日光・中禅寺湖守りたい 湖底のルアー 持続的に回収 NPO法人 クマ鈴に再利用、活動費に,https://www.tokyo-np.co.jp/article/514353,https://news.ceek.jp/search.cgi?category_id=local&feed=1,ok,,地方・地域
2026-09-09,2026-09-09T08:01:31.587503+09:00,その他メディア,,TBSテレビ,【レベル3大雨警報】香川県・観音寺市に発表 午前7時49分,https://newsdig.tbs.co.jp/articles/-/2931028?display=1,https://news.ceek.jp/search.cgi?category_id=local&feed=1,ok,,地方・地域
2026-09-09,2026-09-09T08:01:31.587503+09:00,その他メディア,,福島民友新聞,下郷町役場に「交通費がない」 51歳男、500円詐欺未遂疑いで逮捕,https://www.minyu-net.com/news/detail/2026090907554154603,https://news.ceek.jp/search.cgi?category_id=local&feed=1,ok,,地方・地域
2026-09-09,2026-09-09T08:01:31.587503+09:00,全国紙,全国,東京新聞,J1鹿島クラブハウス移転問題 鹿嶋市長「潮来市と争わない」 「要請あれば提案」一歩引く,https://www.tokyo-np.co.jp/article/514351,https://news.ceek.jp/search.cgi?category_id=local&feed=1,ok,,地方・地域
2026-09-09,2026-09-09T08:01:31.587503+09:00,その他メディア,,山陽新聞,【列車情報】津山線 倒竹で遅れ,https://www.sanyonews.jp/article/1985938/,https://news.ceek.jp/search.cgi?category_id=local&feed=1,ok,,地方・地域
2026-09-09,2026-09-09T08:01:31.587503+09:00,その他メディア,,佐賀新聞,<DNA鑑定不正問題>警察庁の特別監察は「第三者的」 佐賀県警本部長、初の県議会で答弁,https://www.saga-s.co.jp/articles/-/1787839,https://news.ceek.jp/search.cgi?category_id=local&feed=1,ok,,地方・地域
2026-09-09,2026-09-09T08:01:31.587503+09:00,その他メディア,,まいどなニュース,産後の里帰り、赤ちゃんの隣で正座するじいじ そこへ愛猫もついてきて...3.5万件超の反響「この1枚で涙腺がぁ」「幸せな世界」,https://maidonanews.jp/article/16834445,https://news.ceek.jp/search.cgi?category_id=local&feed=1,ok,,地方・地域
2026-09-09,2026-09-09T08:01:31.587503+09:00,その他メディア,,福島民友新聞,郡山で軽乗用車と大型トラック衝突、1人重傷,https://www.minyu-net.com/news/detail/2026090907474254602,https://news.ceek.jp/search.cgi?category_id=local&feed=1,ok,,地方・地域
2026-09-09,2026-09-09T08:01:31.587503+09:00,全国紙,全国,東京新聞,12月13日に投開票 県議選日程決まる,https://www.tokyo-np.co.jp/article/514352,https://news.ceek.jp/search.cgi?category_id=local&feed=1,ok,,地方・地域
2026-09-09,2026-09-09T08:01:31.587503+09:00,その他メディア,,TBSテレビ,9日夕方~夜遅くにかけ 雷を伴った激しい雨の降る所が 警報級の大雨となる期間や地域が拡大する可能性も 山梨 【積算降水量予測】,https://newsdig.tbs.co.jp/articles/-/2931011?display=1,https://news.ceek.jp/search.cgi?category_id=local&feed=1,ok,,地方・地域
2026-09-09,2026-09-09T08:01:31.587503+09:00,その他メディア,,岐阜新聞,中学生、信号待ちのタイヤを包丁で刺す 岐阜県警、パンクさせた疑いで逮捕,https://www.gifu-np.co.jp/articles/-/767185,https://news.ceek.jp/search.cgi?category_id=local&feed=1,ok,,地方・地域
2026-09-09,2026-09-09T08:01:31.587503+09:00,その他メディア,,TBSテレビ,フィリピン拠点の特殊詐欺犯罪グループ「JPドラゴン」の男2人を逮捕 カンボジア拠点の詐欺グループの女2人も逮捕,https://newsdig.tbs.co.jp/articles/-/2931036?display=1,https://news.ceek.jp/search.cgi?category_id=local&feed=1,ok,,地方・地域
2026-09-09,2026-09-09T08:01:31.587503+09:00,全国紙,全国,東京新聞,MTBクロカンで日本一! 上尾の中仙道選手(春日部共栄高) ブリスベン五輪へ飛躍誓う,https://www.tokyo-np.co.jp/article/514346,https://news.ceek.jp/search.cgi?category_id=local&feed=1,ok,,地方・地域
2026-09-09,2026-09-09T08:01:31.587503+09:00,その他メディア,,高知新聞,大雨で運転見合わせ 土讃線の繁藤と影野、予土線の宇和島で規制値に,https://www.kochinews.co.jp/article/detail/1042281,https://news.ceek.jp/search.cgi?category_id=local&feed=1,ok,,地方・地域
2026-09-09,2026-09-09T08:01:31.587503+09:00,その他メディア,,福島民友新聞,福島県内、警報級の大雨恐れ 24時間降水量、多い所で120ミリ予想,https://www.minyu-net.com/news/detail/2026090907420254600,https://news.ceek.jp/search.cgi?category_id=local&feed=1,ok,,地方・地域
2026-09-09,2026-09-09T08:01:31.587503+09:00,その他メディア,,福島民友新聞,シグマの新レンズ、30日発売 標準ズーム、中望遠の2種,https://www.minyu-net.com/news/detail/2026090907423654601,https://news.ceek.jp/search.cgi?category_id=local&feed=1,ok,,地方・地域
2026-09-09,2026-09-09T08:01:31.587503+09:00,その他メディア,,TBSテレビ,【山形】6歳男児が行方不明 きょうも検問、聞き込みを実施 川や海での捜索もこれまで有力な手掛かりなし(酒田市),https://newsdig.tbs.co.jp/articles/-/2931020?display=1,https://news.ceek.jp/search.cgi?category_id=local&feed=1,ok,,地方・地域
2026-09-09,2026-09-09T08:01:31.587503+09:00,地方紙,広島,中国新聞,名古屋市全域に災害救助法適用,https://www.chugoku-np.co.jp/articles/-/892080,https://news.ceek.jp/search.cgi?category_id=local&feed=1,ok,,地方・地域
2026-09-09,2026-09-09T08:01:31.587503+09:00,全国紙,全国,東京新聞,羽生市の学校 いじめ認定 体重広められ、不登校に,https://www.tokyo-np.co.jp/article/514345,https://news.ceek.jp/search.cgi?category_id=local&feed=1,ok,,地方・地域
2026-09-09,2026-09-09T08:01:31.587503+09:00,全国紙,全国,東京新聞,憲法のこと語ろう 12日、熊谷で講演会,https://www.tokyo-np.co.jp/article/514344,https://news.ceek.jp/search.cgi?category_id=local&feed=1,ok,,地方・地域
2026-09-09,2026-09-09T08:01:31.587503+09:00,全国紙,全国,東京新聞,〈行ってみたら 花前線〉異世界誘う彼岸花,https://www.tokyo-np.co.jp/article/514338,https://news.ceek.jp/search.cgi?category_id=local&feed=1,ok,,地方・地域
2026-09-09,2026-09-09T08:01:31.587503+09:00,全国紙,全国,東京新聞,矢切に自然育む 道の駅を 松戸、市民の会が発足 物流倉庫計画に疑問「持続可能な施設に」,https://www.tokyo-np.co.jp/article/514342,https://news.ceek.jp/search.cgi?category_id=local&feed=1,ok,,地方・地域
2026-09-09,2026-09-09T08:01:31.587503+09:00,地方紙,広島,中国新聞,米博物館運営トップ退任へ,https://www.chugoku-np.co.jp/articles/-/892078,https://news.ceek.jp/search.cgi?category_id=local&feed=1,ok,,地方・地域
2026-09-09,2026-09-09T08:01:31.587503+09:00,全国紙,全国,中日新聞,米博物館運営トップ退任へ スミソニアン、政権圧力,https://www.chunichi.co.jp/article/1308701,https://news.ceek.jp/search.cgi?category_id=local&feed=1,ok,,地方・地域
2026-09-09,2026-09-09T08:01:31.587503+09:00,地方紙,広島,中国新聞,大谷、再び先発を外れる,https://www.chugoku-np.co.jp/articles/-/892079,https://news.ceek.jp/search.cgi?category_id=local&feed=1,ok,,地方・地域
2026-09-09,2026-09-09T08:01:31.587503+09:00,全国紙,全国,中日新聞,大谷、再び先発を外れる 村上は3番、鈴木2番,https://www.chunichi.co.jp/article/1308702,https://news.ceek.jp/search.cgi?category_id=local&feed=1,ok,,地方・地域
2026-09-09,2026-09-09T08:01:31.587503+09:00,その他メディア,,まいどなニュース,小6の男の子が2年3カ月かけて伸ばした髪をヘアドネーション 動画は295万再生「本当にありがとう」「私も頑張ります」,https://maidonanews.jp/article/16863953,https://news.ceek.jp/search.cgi?category_id=local&feed=1,ok,,地方・地域
2026-09-09,2026-09-09T08:01:31.587503+09:00,その他メディア,,岐阜新聞,本巣市ケーキ店火災「死亡役員が火付けた」 無事の同級生が証言,https://www.gifu-np.co.jp/articles/-/767196,https://news.ceek.jp/search.cgi?category_id=local&feed=1,ok,,地方・地域
2026-09-09,2026-09-09T08:01:31.587503+09:00,地方紙,広島,中国新聞,NY、大気汚染の危険認識,https://www.chugoku-np.co.jp/articles/-/892077,https://news.ceek.jp/search.cgi?category_id=local&feed=1,ok,,地方・地域
2026-09-09,2026-09-09T08:01:31.587503+09:00,全国紙,全国,中日新聞,NY、大気汚染の危険認識 同時テロ25年で文書公開,https://www.chunichi.co.jp/article/1308700,https://news.ceek.jp/search.cgi?category_id=local&feed=1,ok,,地方・地域
2026-09-09,2026-09-09T08:01:31.587503+09:00,全国紙,全国,東京新聞,〈行ってみたら〉世界史の転換点を考察 寺島文庫リレー塾 10月から,https://www.tokyo-np.co.jp/article/514337,https://news.ceek.jp/search.cgi?category_id=local&feed=1,ok,,地方・地域
2026-09-09,2026-09-09T08:01:31.587503+09:00,全国紙,全国,東京新聞,住宅被害は6棟 6、7日の大雨,https://www.tokyo-np.co.jp/article/514343,https://news.ceek.jp/search.cgi?category_id=local&feed=1,ok,,地方・地域
2026-09-09,2026-09-09T08:01:31.587503+09:00,その他メディア,,北海道リアルエコノミー,稚内の「ユアーズ」、コープさっぽろが事業承継、最北の地で店舗・宅配・移動販売を展開,https://hre-net.com/keizai/ryutu/94438/,https://news.ceek.jp/search.cgi?category_id=local&feed=1,ok,,地方・地域
2026-09-09,2026-09-09T08:01:31.587503+09:00,その他メディア,,山陽新聞,【列車情報】姫新線 倒木のため上月ー津山間で遅延,https://www.sanyonews.jp/article/1985930/,https://news.ceek.jp/search.cgi?category_id=local&feed=1,ok,,地方・地域
2026-09-09,2026-09-09T08:01:31.587503+09:00,その他メディア,,陸奥新報,19、20日に「RINGО MUSIC FES.」 ガールズバンド「The Appoose」デビュー/青森県弘前,https://mutsushimpo.com/news/v14zhuvy/,https://news.ceek.jp/search.cgi?category_id=local&feed=1,ok,,地方・地域
2026-09-09,2026-09-09T08:01:31.587503+09:00,全国紙,全国,朝日新聞,ゴルゴ13になりきり「謎解き」しよう! 作者ゆかりの堺でイベント,https://www.asahi.com/articles/ASV94237SV94OXIE03DM.html,https://news.ceek.jp/search.cgi?category_id=local&feed=1,ok,,地方・地域
2026-09-09,2026-09-09T08:01:31.587503+09:00,全国紙,全国,読売新聞,紙の本 集める楽しさ...丸善四日市店,https://www.yomiuri.co.jp/local/chubu/feature/CO066116/20260908-GYTAT00082/,https://news.ceek.jp/search.cgi?category_id=local&feed=1,ok,,地方・地域
2026-09-09,2026-09-09T08:01:31.587503+09:00,その他メディア,,フジテレビ,養殖カキ「大量死」を乗り越えて...自衛隊を定年退職しカキ漁師見習いとして邑久で働き始めた男性と漁師の減少を食い止めたい地元漁協の思い【岡山発】,https://www.fnn.jp/articles/-/1110737,https://news.ceek.jp/search.cgi?category_id=local&feed=1,ok,,地方・地域
2026-09-09,2026-09-09T08:01:31.587503+09:00,その他メディア,,フジテレビ,「逃げられないし、逃げたくない」夢を諦めずチャンスをつかみ欧州でひとり世界に挑み続ける岡山市出身のバレリーナ・西山菜月さん【岡山発】,https://www.fnn.jp/articles/-/1110738,https://news.ceek.jp/search.cgi?category_id=local&feed=1,ok,,地方・地域
2026-09-09,2026-09-09T08:01:31.587503+09:00,その他メディア,,福島民友新聞,いわきの寺院墓地で土砂崩れ、墓石倒れる,https://www.minyu-net.com/news/detail/2026090907384454599,https://news.ceek.jp/search.cgi?category_id=local&feed=1,ok,,地方・地域
2026-09-09,2026-09-09T08:01:31.587503+09:00,その他メディア,,佐賀新聞,熱中症対策など相談増 2025年度の佐賀県内労働相談 人手不足、退職引き留めも,https://www.saga-s.co.jp/articles/-/1787725,https://news.ceek.jp/search.cgi?category_id=local&feed=1,ok,,地方・地域
2026-09-09,2026-09-09T08:01:31.587503+09:00,全国紙,全国,東京新聞,建設進む大山街道の高層マンション 「あきらめず最後まで監視」 川崎の住民団体 反対運動2年,https://www.tokyo-np.co.jp/article/514329,https://news.ceek.jp/search.cgi?category_id=local&feed=1,ok,,地方・地域
2026-09-09,2026-09-09T08:01:31.587503+09:00,その他メディア,,山梨日日新聞,笛吹と身延で停電,https://www.sannichi.co.jp/article/2026/09/09/80720918,https://news.ceek.jp/search.cgi?category_id=local&feed=1,ok,,地方・地域
2026-09-09,2026-09-09T08:01:31.587503+09:00,その他メディア,,TBSテレビ,大雨で冠水相次いだ名古屋 洪水が発生した植田川周辺ではのり面が崩れる被害 繁華街の駅近くの高架下に雨で動けなくなったとみられる車も,https://newsdig.tbs.co.jp/articles/-/2931003?display=1,https://news.ceek.jp/search.cgi?category_id=local&feed=1,ok,,地方・地域
2026-09-09,2026-09-09T08:01:31.587503+09:00,その他メディア,,まいどなニュース,一人暮らしの78歳母 震災後に断水...膝が悪く「給水所から持ち帰れない」 離れて暮らす娘「どこに何を伝えたらいいのか...」【社会福祉士が解説】,https://maidonanews.jp/article/16867840,https://news.ceek.jp/search.cgi?category_id=local&feed=1,ok,,地方・地域
2026-09-09,2026-09-09T08:01:31.587503+09:00,全国紙,全国,東京新聞,市民交流 これからも 米サンディエゴ市長、姉妹都市・横浜で演説,https://www.tokyo-np.co.jp/article/514330,https://news.ceek.jp/search.cgi?category_id=local&feed=1,ok,,地方・地域
2026-09-09,2026-09-09T08:01:31.587503+09:00,全国紙,全国,東京新聞,開成町が電子投票導入へ 来春の町長・町議選で,https://www.tokyo-np.co.jp/article/514327,https://news.ceek.jp/search.cgi?category_id=local&feed=1,ok,,地方・地域
