date,collected_at,category,region,newspaper,headline,url,source_url,status,error_message,topic
2026-09-13,2026-09-13T07:40:27.686830+09:00,全国紙,全国,朝日新聞,オンラインカジノ「違法情報」5259件 サイトや宣伝、大半が海外,http://www.asahi.com/articles/ASV9C2J4SV9CUTIL01GM.html,https://www.asahi.com/rss/asahi/newsheadlines.rdf,ok,,社会
2026-09-13,2026-09-13T07:40:27.686830+09:00,全国紙,全国,朝日新聞,千葉豪雨で、県内約5割のアンダーパスが冠水 危険から身を守るには,http://www.asahi.com/articles/ASV9D1GDSV9DUDCB002M.html,https://www.asahi.com/rss/asahi/newsheadlines.rdf,ok,,社会
2026-09-13,2026-09-13T07:40:27.686830+09:00,全国紙,全国,朝日新聞,行政指導の文案、大臣会見の想定問答案...総務省が消したチャットとは,http://www.asahi.com/articles/ASV9D2JCHV9DUTIL02VM.html,https://www.asahi.com/rss/asahi/newsheadlines.rdf,ok,,社会
2026-09-13,2026-09-13T07:40:27.686830+09:00,全国紙,全国,朝日新聞,鍼灸・指圧治療院兼住宅が火災、男女2人死亡 埼玉・寄居町,http://www.asahi.com/articles/ASV9D43L2V9DULZU00DM.html,https://www.asahi.com/rss/asahi/newsheadlines.rdf,ok,,社会
2026-09-13,2026-09-13T07:40:27.686830+09:00,全国紙,全国,朝日新聞,殺人容疑で84歳男逮捕 棒のようなもので80歳を殴る 鹿児島県警,http://www.asahi.com/articles/ASV9D2VLCV9DTLTB001M.html,https://www.asahi.com/rss/asahi/newsheadlines.rdf,ok,,社会
2026-09-13,2026-09-13T07:40:27.686830+09:00,全国紙,全国,朝日新聞,妖怪たちの「百鬼夜行」 新装した「京の町」を行く和製ハロウィーン,http://www.asahi.com/articles/ASV9D2DQVV9DPQIP006M.html,https://www.asahi.com/rss/asahi/newsheadlines.rdf,ok,,社会
2026-09-13,2026-09-13T07:40:27.686830+09:00,全国紙,全国,朝日新聞,全日本実業団陸上の会場、大会関係者ら23人救急搬送 下痢や嘔吐で,http://www.asahi.com/articles/ASV9D32JMV9DPLZB004M.html,https://www.asahi.com/rss/asahi/newsheadlines.rdf,ok,,社会
2026-09-13,2026-09-13T07:40:27.686830+09:00,全国紙,全国,朝日新聞,交通ルール順守を、警視総監ら呼びかけ 「尊い命が失われている」,http://www.asahi.com/articles/ASV9D337WV9DUTIL00CM.html,https://www.asahi.com/rss/asahi/newsheadlines.rdf,ok,,社会
2026-09-13,2026-09-13T07:40:27.686830+09:00,全国紙,全国,朝日新聞,岐阜ケーキ店火災、現場に多くの献花 死亡した店経営者らを悼む声,http://www.asahi.com/articles/ASV9D1VWHV9DOHGB005M.html,https://www.asahi.com/rss/asahi/newsheadlines.rdf,ok,,社会
2026-09-13,2026-09-13T07:40:27.686830+09:00,全国紙,全国,朝日新聞,歌舞伎俳優・片岡亀蔵さん死亡火災、知人を書類送検 たばこ不始末か,http://www.asahi.com/articles/ASV9D1D2YV9DUTIL001M.html,https://www.asahi.com/rss/asahi/newsheadlines.rdf,ok,,社会
2026-09-13,2026-09-13T07:40:27.686830+09:00,全国紙,全国,朝日新聞,「秘伝を伝授」は時代遅れ 今、指導者として求められる人材とは,http://www.asahi.com/articles/ASV931GCZV93UTQP02BM.html,https://www.asahi.com/rss/asahi/newsheadlines.rdf,ok,,スポーツ
2026-09-13,2026-09-13T07:40:27.686830+09:00,全国紙,全国,朝日新聞,小田凱人は年間グランドスラムならず 車いすテニス、全米決勝で敗れ,http://www.asahi.com/articles/ASV9D3PZPV9DUTQP01PM.html,https://www.asahi.com/rss/asahi/newsheadlines.rdf,ok,,スポーツ
2026-09-13,2026-09-13T07:40:27.686830+09:00,全国紙,全国,朝日新聞,ラグビー日本代表、W杯で戦う米国に快勝 広瀬雄也のトライが口火に,http://www.asahi.com/articles/ASV9D4GVKV9DUTQP005M.html,https://www.asahi.com/rss/asahi/newsheadlines.rdf,ok,,スポーツ
2026-09-13,2026-09-13T07:40:27.686830+09:00,全国紙,全国,朝日新聞,国内メジャーで全英女王が「競演」 ともに優勝の可能性残し最終日へ,http://www.asahi.com/articles/ASV9D3FC8V9DUTQP00TM.html,https://www.asahi.com/rss/asahi/newsheadlines.rdf,ok,,スポーツ
2026-09-13,2026-09-13T07:40:27.686830+09:00,全国紙,全国,朝日新聞,大谷翔平がいなくても... ドジャースが8連勝、ぜいたくな先発投手陣,http://www.asahi.com/articles/ASV9D1H7DV9DUTQP010M.html,https://www.asahi.com/rss/asahi/newsheadlines.rdf,ok,,スポーツ
2026-09-13,2026-09-13T07:40:27.686830+09:00,全国紙,全国,朝日新聞,先読みしドア開閉・運転のクセつかみ制御 アイシンがAI使い新技術,http://www.asahi.com/articles/ASV9911GXV99ULFA00JM.html,https://www.asahi.com/rss/asahi/newsheadlines.rdf,ok,,ビジネス
2026-09-13,2026-09-13T07:40:27.686830+09:00,全国紙,全国,朝日新聞,JAL、自動飛行のドローンで航空機を検査 羽田空港で国内初の検証,http://www.asahi.com/articles/ASV9C4DB8V9CUTIL01WM.html,https://www.asahi.com/rss/asahi/newsheadlines.rdf,ok,,ビジネス
2026-09-13,2026-09-13T07:40:27.686830+09:00,全国紙,全国,朝日新聞,日米欧、同時金利高の実像 ベッセント氏の師の警告「必ず敗北する」,http://www.asahi.com/articles/ASV9C5QJLV9CULFA028M.html,https://www.asahi.com/rss/asahi/newsheadlines.rdf,ok,,ビジネス
2026-09-13,2026-09-13T07:40:27.686830+09:00,全国紙,全国,朝日新聞,日本だけじゃない長期金利の上昇 米国も欧州も...共通する要因と背景,http://www.asahi.com/articles/ASV9C5HXDV9CULFA024M.html,https://www.asahi.com/rss/asahi/newsheadlines.rdf,ok,,ビジネス
2026-09-13,2026-09-13T07:40:27.686830+09:00,全国紙,全国,朝日新聞,浜岡原発再稼働の審査申請取り下げも検討 中部電、データ不正めぐり,http://www.asahi.com/articles/ASV9C048PV9CULFA01XM.html,https://www.asahi.com/rss/asahi/newsheadlines.rdf,ok,,ビジネス
2026-09-13,2026-09-13T07:40:27.686830+09:00,全国紙,全国,朝日新聞,【まとめてわかる】沖縄知事選きょう投開票 過去の争点、今回は?,http://www.asahi.com/articles/ASV8V1G9FV8VUTIL02RM.html,https://www.asahi.com/rss/asahi/newsheadlines.rdf,ok,,政治
2026-09-13,2026-09-13T07:40:27.686830+09:00,全国紙,全国,朝日新聞,横浜市長選に中谷一馬・前衆院議員が立候補表明 「政治経験役立つ」,http://www.asahi.com/articles/ASV9D3T7XV9DULOB007M.html,https://www.asahi.com/rss/asahi/newsheadlines.rdf,ok,,政治
2026-09-13,2026-09-13T07:40:27.686830+09:00,全国紙,全国,朝日新聞,福岡県議会の金銭授受疑惑、立憲の副議長経験者は全員否定 県連調査,http://www.asahi.com/articles/ASV9D34NDV9DTIPE00FM.html,https://www.asahi.com/rss/asahi/newsheadlines.rdf,ok,,政治
2026-09-13,2026-09-13T07:40:27.686830+09:00,全国紙,全国,朝日新聞,所得連動給付、国と地方が負担割合合意 消費減税の大綱、閣議決定へ,http://www.asahi.com/articles/ASV9C3VQBV9CULFA01GM.html,https://www.asahi.com/rss/asahi/newsheadlines.rdf,ok,,政治
2026-09-13,2026-09-13T07:40:27.686830+09:00,全国紙,全国,朝日新聞,高橋・水戸市長、5選不出馬の意向 14日の市議会で進退表明見込み,http://www.asahi.com/articles/ASV9C3JQPV9CUJHB00DM.html,https://www.asahi.com/rss/asahi/newsheadlines.rdf,ok,,政治
2026-09-13,2026-09-13T07:40:27.686830+09:00,全国紙,全国,朝日新聞,中印トップが3年連続で会談 関係安定化を確認も、信頼構築は道半ば,http://www.asahi.com/articles/ASV9D5SJDV9DUHBI03GM.html,https://www.asahi.com/rss/asahi/newsheadlines.rdf,ok,,国際
2026-09-13,2026-09-13T07:40:27.686830+09:00,全国紙,全国,朝日新聞,習近平氏が7年ぶり訪印 BRICSで中印関係改善探るも、警戒なお,http://www.asahi.com/articles/ASV9D3HFTV9DUHBI01DM.html,https://www.asahi.com/rss/asahi/newsheadlines.rdf,ok,,国際
2026-09-13,2026-09-13T07:40:27.686830+09:00,全国紙,全国,朝日新聞,ホルムズ海峡の代替ルートを押さえたフーシ 世界の石油供給に打撃,http://www.asahi.com/articles/ASV9D3V7XV9DUHBI00XM.html,https://www.asahi.com/rss/asahi/newsheadlines.rdf,ok,,国際
2026-09-13,2026-09-13T07:40:27.686830+09:00,全国紙,全国,朝日新聞,原油高で日本直撃か?イランに恩売り、生き残り図るフーシの思惑とは,http://www.asahi.com/articles/ASV9D3D4JV9DUHBI011M.html,https://www.asahi.com/rss/asahi/newsheadlines.rdf,ok,,国際
2026-09-13,2026-09-13T07:40:27.686830+09:00,全国紙,全国,朝日新聞,フーシの紅海海峡制圧、米イラン戦闘に影響必至 両国の思惑は,http://www.asahi.com/articles/ASV9D0RR6V9DBQBQ2LRM.html,https://www.asahi.com/rss/asahi/newsheadlines.rdf,ok,,国際
2026-09-13,2026-09-13T07:40:27.686830+09:00,全国紙,全国,朝日新聞,ベネチア映画祭日本作品受賞逃す 金獅子賞「ウーマン・アンノウン」,http://www.asahi.com/articles/ASV910RFMV91UCVL00GM.html,https://www.asahi.com/rss/asahi/newsheadlines.rdf,ok,,文化芸能
2026-09-13,2026-09-13T07:40:27.686830+09:00,全国紙,全国,朝日新聞,博多を代表する秋祭り、放生会始まる 露店500店が参道にずらり,http://www.asahi.com/articles/ASV9D2QTLV9DTIPE01VM.html,https://www.asahi.com/rss/asahi/newsheadlines.rdf,ok,,社会
2026-09-13,2026-09-13T07:40:27.686830+09:00,全国紙,全国,朝日新聞,東京大が優勝 静岡大は9位→準優勝の躍進 将棋トリプルアイズ杯,http://www.asahi.com/articles/ASV9D2R23V9DUCVL005M.html,https://www.asahi.com/rss/asahi/newsheadlines.rdf,ok,,文化芸能
2026-09-13,2026-09-13T07:40:27.686830+09:00,全国紙,全国,朝日新聞,「対象と距離取る」ユーモアのススメ 学者芸人サンキュータツオさん,http://www.asahi.com/articles/ASV8016DZV80UHMC00FM.html,https://www.asahi.com/rss/asahi/newsheadlines.rdf,ok,,サイエンス
2026-09-13,2026-09-13T07:40:27.686830+09:00,全国紙,全国,朝日新聞,科学雑誌Newtonが45周年、3代目編集長に聞く 9月にフェス,http://www.asahi.com/articles/ASV991DT6V99UTFL002M.html,https://www.asahi.com/rss/asahi/newsheadlines.rdf,ok,,サイエンス
2026-09-13,2026-09-13T07:40:27.686830+09:00,全国紙,全国,朝日新聞,地球を撮ったのは10年前のニコンD5 NASAが旧型を選んだ理由,http://www.asahi.com/articles/ASV980CHMV98UQIP026M.html,https://www.asahi.com/rss/asahi/newsheadlines.rdf,ok,,サイエンス
2026-09-13,2026-09-13T07:40:27.686830+09:00,全国紙,全国,朝日新聞,東大脳研究者の池谷裕二さん 釣り好きの父に見た「楽しい」の本質,http://www.asahi.com/articles/ASV9B26LBV9BBNQI005M.html,https://www.asahi.com/rss/asahi/newsheadlines.rdf,ok,,サイエンス
2026-09-13,2026-09-13T07:40:27.686830+09:00,全国紙,全国,朝日新聞,森本レオさん死去、83歳 穏やかな語り口、「トーマス」ナレーター,http://www.asahi.com/articles/ASV9C4CQLV9CUCVL03PM.html,https://www.asahi.com/rss/asahi/newsheadlines.rdf,ok,,おくやみ
2026-09-13,2026-09-13T07:40:27.686830+09:00,全国紙,全国,朝日新聞,長谷川閑史さん「目の前より世界に目を」 大型買収で世界のタケダに,http://www.asahi.com/articles/ASV9C3D6DV9CULFA00ZM.html,https://www.asahi.com/rss/asahi/newsheadlines.rdf,ok,,おくやみ
2026-09-13,2026-09-13T07:40:27.686830+09:00,全国紙,全国,朝日新聞,ピアニストの北川暁子さんが死去 ベートーベンの演奏で活躍,http://www.asahi.com/articles/ASV9C2PCTV9CUCVL02CM.html,https://www.asahi.com/rss/asahi/newsheadlines.rdf,ok,,おくやみ
2026-09-13,2026-09-13T07:40:27.686830+09:00,全国紙,全国,毎日新聞,映画の推し事:「ネルソンさん」が問いかけるもの 戦争の加害と被害 記憶をどう受け継ぐか,https://mainichi.jp/articles/20260911/k00/00m/200/081000c,https://mainichi.jp/rss/etc/mainichi-flash.rss,ok,,ニュース
2026-09-13,2026-09-13T07:40:27.686830+09:00,全国紙,全国,毎日新聞,豊島九段と佐々木八段 かみ合わぬ読み筋 A級順位戦観戦記,https://mainichi.jp/articles/20260913/k00/00m/200/004000c,https://mainichi.jp/rss/etc/mainichi-flash.rss,ok,,ニュース
2026-09-13,2026-09-13T07:40:27.686830+09:00,全国紙,全国,毎日新聞,フィリピン沖のフェリー火災、死者76人に 出火状況を調査,https://mainichi.jp/articles/20260913/k00/00m/030/021000c,https://mainichi.jp/rss/etc/mainichi-flash.rss,ok,,ニュース
2026-09-13,2026-09-13T07:40:27.686830+09:00,全国紙,全国,毎日新聞,1両の路面電車で初 京都「KYOTRAM」にブルーリボン賞,https://mainichi.jp/articles/20260911/k00/00m/310/352000c,https://mainichi.jp/rss/etc/mainichi-flash.rss,ok,,ニュース
2026-09-13,2026-09-13T07:40:27.686830+09:00,全国紙,全国,毎日新聞,半島の現場から:ソウルと台北の「二つの総督府」 対照的な運命の根にあるもの,https://mainichi.jp/articles/20260911/k00/00m/030/132000c,https://mainichi.jp/rss/etc/mainichi-flash.rss,ok,,ニュース
2026-09-13,2026-09-13T07:40:27.686830+09:00,全国紙,全国,毎日新聞,父は名球会入りの現役選手 長男が桐生第一で公式戦デビュー,https://mainichi.jp/articles/20260912/k00/00m/310/178000c,https://mainichi.jp/rss/etc/mainichi-flash.rss,ok,,ニュース
2026-09-13,2026-09-13T07:40:27.686830+09:00,全国紙,全国,毎日新聞,抱え続けた生きづらさ 心を解きほぐしたのは81年前の若者の姿,https://mainichi.jp/articles/20260911/k00/00m/310/164000c,https://mainichi.jp/rss/etc/mainichi-flash.rss,ok,,ニュース
2026-09-13,2026-09-13T07:40:27.686830+09:00,全国紙,全国,毎日新聞,ヒロシマの座標軸:周縁部から迫る被害の全容 山二つ越えた村の記録と記憶,https://mainichi.jp/articles/20260911/k00/00m/040/100000c,https://mainichi.jp/rss/etc/mainichi-flash.rss,ok,,ニュース
2026-09-13,2026-09-13T07:40:27.686830+09:00,全国紙,全国,毎日新聞,沖縄知事選2026:県政の継続か保守奪還か 沖縄県知事選、13日投開票,https://mainichi.jp/articles/20260912/k00/00m/010/189000c,https://mainichi.jp/rss/etc/mainichi-flash.rss,ok,,ニュース
2026-09-13,2026-09-13T07:40:27.686830+09:00,全国紙,全国,毎日新聞,マンション復旧「先が見えない」 苦境続く住民 千葉豪雨1カ月,https://mainichi.jp/articles/20260912/k00/00m/040/152000c,https://mainichi.jp/rss/etc/mainichi-flash.rss,ok,,ニュース
2026-09-13,2026-09-13T07:40:27.686830+09:00,全国紙,全国,毎日新聞,小田凱人は年間グランドスラムならず テニス全米オープン車いす,https://mainichi.jp/articles/20260913/k00/00m/050/002000c,https://mainichi.jp/rss/etc/mainichi-flash.rss,ok,,ニュース
2026-09-13,2026-09-13T07:40:27.686830+09:00,全国紙,全国,毎日新聞,埼玉・寄居の治療院で火災、男女2人死亡 住人夫婦と連絡取れず,https://mainichi.jp/articles/20260913/k00/00m/040/001000c,https://mainichi.jp/rss/etc/mainichi-flash.rss,ok,,ニュース
2026-09-13,2026-09-13T07:40:27.686830+09:00,全国紙,全国,毎日新聞,岡田監督、決勝進出は「甲子園優勝ぐらい...」 U18アジア選手権,https://mainichi.jp/articles/20260912/k00/00m/050/188000c,https://mainichi.jp/rss/etc/mainichi-flash.rss,ok,,ニュース
2026-09-13,2026-09-13T07:40:27.686830+09:00,全国紙,全国,毎日新聞,バレー推し:河東祐大、石川祐希と初めて自主練習「感覚をすりあわせながら」,https://mainichi.jp/articles/20260912/k00/00m/050/187000c,https://mainichi.jp/rss/etc/mainichi-flash.rss,ok,,ニュース
2026-09-13,2026-09-13T07:40:27.686830+09:00,全国紙,全国,毎日新聞,「素晴らしい経験」初登板の織田翔希が6回1失点の好投 U18,https://mainichi.jp/articles/20260912/k00/00m/050/183000c,https://mainichi.jp/rss/etc/mainichi-flash.rss,ok,,ニュース
2026-09-13,2026-09-13T07:40:27.686830+09:00,全国紙,全国,毎日新聞,バレー推し:快勝で五輪切符王手、深津英臣「どこに上げても決めてくれる」,https://mainichi.jp/articles/20260912/k00/00m/050/181000c,https://mainichi.jp/rss/etc/mainichi-flash.rss,ok,,ニュース
2026-09-13,2026-09-13T07:40:27.686830+09:00,全国紙,全国,毎日新聞,リンクサイド:浦松千聖、IAMは「別次元だった」 フィギュア東京夏季大会,https://mainichi.jp/articles/20260912/k00/00m/050/179000c,https://mainichi.jp/rss/etc/mainichi-flash.rss,ok,,ニュース
2026-09-13,2026-09-13T07:40:27.686830+09:00,全国紙,全国,毎日新聞,100%ユウキ:最多15得点と好調の石川祐希、左脚も「問題ないです」 韓国戦,https://mainichi.jp/articles/20260912/k00/00m/050/177000c,https://mainichi.jp/rss/etc/mainichi-flash.rss,ok,,ニュース
2026-09-13,2026-09-13T07:40:27.686830+09:00,全国紙,全国,毎日新聞,バレー推し:宮浦健人「そういった機会があればうれしいですけど...」 韓国戦,https://mainichi.jp/articles/20260912/k00/00m/050/172000c,https://mainichi.jp/rss/etc/mainichi-flash.rss,ok,,ニュース
2026-09-13,2026-09-13T07:40:27.686830+09:00,全国紙,全国,毎日新聞,沖縄知事選2026:沖縄知事選、13日投開票 候補者らが大票田で最後の訴え,https://mainichi.jp/articles/20260912/k00/00m/010/169000c,https://mainichi.jp/rss/etc/mainichi-flash.rss,ok,,ニュース
2026-09-13,2026-09-13T07:40:27.686830+09:00,全国紙,全国,産経新聞,韓国人の日本旅行、狙いは「マンジャロ」 格安・円安で利用者殺到...不正持ち帰りが横行,https://www.sankei.com/article/20260913-CNDON75NN5KHLODR7ZUKBJWAOA/,https://www.sankei.com/,ok,,
2026-09-13,2026-09-13T07:40:27.686830+09:00,全国紙,全国,産経新聞,世界遺産認定 快挙生んだ考古学者の苦闘 百年にわたる魂の系譜...,https://www.sankei.com/article/20260815-QFGOV26NZFOPTOI5VG332AGYEA/?outputType=theme_election2026,https://www.sankei.com/,ok,,
2026-09-13,2026-09-13T07:40:27.686830+09:00,全国紙,全国,産経新聞,政府が外国と疑われる不審アカウント把握 高市首相「選挙への影...,https://www.sankei.com/article/20260318-U6PW4754BNE3XKFYBTQWPKM65A/?outputType=theme_election2026,https://www.sankei.com/,ok,,
2026-09-13,2026-09-13T07:40:27.686830+09:00,全国紙,全国,産経新聞,衆院選で国会議員の部屋割り一変 小沢、岡田、安住氏ら自民に明...,https://www.sankei.com/article/20260304-C5JCVB743FEVZMNEAU76GY4VNQ/?outputType=theme_election2026,https://www.sankei.com/,ok,,
2026-09-13,2026-09-13T07:40:27.686830+09:00,全国紙,全国,産経新聞,立正佼成会が衆院選で中道103人推薦 公明合流影響か 前回立...,https://www.sankei.com/article/20260303-EHLBLQ2BTRCSVGSJVFHI5TBX4U/?outputType=theme_election2026,https://www.sankei.com/,ok,,
2026-09-13,2026-09-13T07:40:27.686830+09:00,全国紙,全国,産経新聞,AI開発「減速必要」米アンソロCEO呼びかけ 暴走リスク「ネット全体乗っ取る可能性」,https://www.sankei.com/article/20260913-E7DWXZWMCJN7JLI5MCEFJORG5Q/,https://www.sankei.com/,ok,,
2026-09-13,2026-09-13T07:40:27.686830+09:00,全国紙,全国,産経新聞,台湾有事想定のシェルター維持にコストの壁 地元負担だけでは限界、国の継続支援が不可欠,https://www.sankei.com/article/20260913-G4R36KRZEFN3FFJG4NDPYEEBUE/,https://www.sankei.com/,ok,,
2026-09-13,2026-09-13T07:40:27.686830+09:00,全国紙,全国,産経新聞,女子やり投げ北口榛花が68メートル92の日本新でV 新設大会「アルティメット選手権」,https://www.sankei.com/article/20260913-JFCYOAVKVRMSBH4PCJAIKXM2HQ/,https://www.sankei.com/,ok,,
2026-09-13,2026-09-13T07:40:27.686830+09:00,全国紙,全国,産経新聞,千葉豪雨「1万年に1度」規模 ウェザーニューズ分析、将来は発生確率2倍に,https://www.sankei.com/article/20260912-GP7OTHGWMVIBDFCMZ2JT655X6E/,https://www.sankei.com/,ok,,
2026-09-13,2026-09-13T07:40:27.686830+09:00,全国紙,全国,産経新聞,<主張>インフル早期流行 感染対策の緩み見直しを,https://www.sankei.com/article/20260913-4Z2HPQS6SNOY3LWQ7TMV4MAPUM/,https://www.sankei.com/,ok,,
2026-09-13,2026-09-13T07:40:27.686830+09:00,全国紙,全国,産経新聞,民泊活用か生活環境か 悩む政府 インバウンド「受け皿」期待も地域住民の悲鳴軽視できず,https://www.sankei.com/article/20260912-BDS6O2QXKVLC3BZQTA7KEYAUZ4/,https://www.sankei.com/,ok,,
2026-09-13,2026-09-13T07:40:27.686830+09:00,全国紙,全国,産経新聞,<主張>寧辺に新濃縮施設 北の核戦力に警戒怠れぬ,https://www.sankei.com/article/20260913-4G25VF2GJNNJNCTD2KV76WX2RU/,https://www.sankei.com/,ok,,
2026-09-13,2026-09-13T07:40:27.686830+09:00,全国紙,全国,産経新聞,記録的豪雨でも通常運行、千葉モノレールが存在感 臨時便で一時滞在施設に送り届ける,https://www.sankei.com/article/20260912-A5FI7CBKIRIALPRTUF57V7JWWQ/,https://www.sankei.com/,ok,,
2026-09-13,2026-09-13T07:40:27.686830+09:00,全国紙,全国,産経新聞,サウジ東西パイプラインが停止 ホルムズ代替路、複数の攻撃 紅海周辺でフーシ派掌握進む,https://www.sankei.com/article/20260912-ZA3QBCRRGJIFTGJFDQGJYEVYNA/,https://www.sankei.com/,ok,,
2026-09-13,2026-09-13T07:40:27.686830+09:00,全国紙,全国,産経新聞,地球外生命の発見前夜 われわれは何者か 生命の起源と未来に迫る,https://www.sankei.com/article/20260912-RV2UZKMJX5OFLAWH4LBGZ7DNAM/,https://www.sankei.com/,ok,,
2026-09-13,2026-09-13T07:40:27.686830+09:00,全国紙,全国,産経新聞,逃げ出す街から、逃げ込める街へ 「人一倍こだわる」森ビルの挑戦,https://www.sankei.com/article/20260901-RY5WWKHQZ5BQ3F53LRE3IHG3FQ/,https://www.sankei.com/,ok,,
2026-09-13,2026-09-13T07:40:27.686830+09:00,全国紙,全国,産経新聞,「人を大切にすることが、持続可能な農業へ」俳優の小林涼子さん、労災保険の大切さ語る,https://www.sankei.com/article/20260907-I2LMMWOHRNB7BJ2X6CJVNZDDCQ/,https://www.sankei.com/,ok,,
2026-09-13,2026-09-13T07:40:27.686830+09:00,全国紙,全国,産経新聞,イラン、ホルムズ海峡管理14日説明へ,https://www.sankei.com/article/20260913-YJG5ZAKERNPK3A7XQWGRIOZFWE/,https://www.sankei.com/,ok,,
2026-09-13,2026-09-13T07:40:27.686830+09:00,全国紙,全国,産経新聞,日本の弦楽四重奏団が3位 ミュンヘンコンクール,https://www.sankei.com/article/20260913-UEETC347EROTVON7DRTSKLDG6Y/,https://www.sankei.com/,ok,,
2026-09-13,2026-09-13T07:40:27.686830+09:00,全国紙,全国,産経新聞,『アメリカ横断ウルトラクイズ』国内予選スタート,https://www.sankei.com/article/20260913-LZ5Q4HHLF5O7DG7K5R2PUOOYII/?outputType=theme_oriconnews,https://www.sankei.com/,ok,,
2026-09-13,2026-09-13T07:40:27.686830+09:00,全国紙,全国,東京新聞,本格化する「金利のある世界」...激化する金融機関の預金獲得競争 富裕層向けの囲い込み作戦も,https://www.tokyo-np.co.jp/article/515156,https://www.tokyo-np.co.jp/,ok,,
2026-09-13,2026-09-13T07:40:27.686830+09:00,全国紙,全国,東京新聞,世田谷区が民泊の営業上限を「緩和」する? 実は規制強化とセット...「独自路線」選んだ狙いとは,https://www.tokyo-np.co.jp/article/514985,https://www.tokyo-np.co.jp/,ok,,
2026-09-13,2026-09-13T07:40:27.686830+09:00,全国紙,全国,東京新聞,地上げ交渉難航...「燃やして来い」 法廷に立たされた不動産会社の男 地価高騰する東京で起きた放火事件,https://www.tokyo-np.co.jp/article/515188,https://www.tokyo-np.co.jp/,ok,,
2026-09-13,2026-09-13T07:40:27.686830+09:00,全国紙,全国,東京新聞,田原総一朗さんが危ぶむ、「曖昧さがない」高市首相の政治手法 今大切なジャーナリストの仕事は,https://www.tokyo-np.co.jp/article/515137,https://www.tokyo-np.co.jp/,ok,,
2026-09-13,2026-09-13T07:40:27.686830+09:00,全国紙,全国,東京新聞,どちらが真実か...クルド人排斥デモ巡る訴訟の「攻防」 被告男性の「ヘイト対策」説明はすぐにボロが出て,https://www.tokyo-np.co.jp/article/515191,https://www.tokyo-np.co.jp/,ok,,
2026-09-13,2026-09-13T07:40:27.686830+09:00,全国紙,全国,東京新聞,千葉豪雨が浮き彫りにした都市部の「課題」 短時間のうちに迫る危険から身を守るには,https://www.tokyo-np.co.jp/article/515141,https://www.tokyo-np.co.jp/,ok,,
2026-09-13,2026-09-13T07:40:27.686830+09:00,全国紙,全国,東京新聞,「ウーマン・アンノウン」最高賞 ベネチア映画祭、日本作品は選外,https://www.tokyo-np.co.jp/article/515210,https://www.tokyo-np.co.jp/,ok,,
2026-09-13,2026-09-13T07:40:27.686830+09:00,全国紙,全国,東京新聞,妻子・親族計9人を奪った能登半島地震...生き残った元警察官の苦しみと決意 防災講座で語る「命の意味」,https://www.tokyo-np.co.jp/article/515170,https://www.tokyo-np.co.jp/,ok,,
2026-09-13,2026-09-13T07:40:27.686830+09:00,全国紙,全国,東京新聞,遺族にも寄り添う相続支援の司法書士に憧れ開業 弁護士の経営を支援する「スタイル・エッジ」島田雄左社長,https://www.tokyo-np.co.jp/article/514859,https://www.tokyo-np.co.jp/,ok,,
2026-09-13,2026-09-13T07:40:27.686830+09:00,全国紙,全国,東京新聞,上地結衣2連覇、小田凱人準優勝 全米テニス車いすの部,https://www.tokyo-np.co.jp/article/515206,https://www.tokyo-np.co.jp/,ok,,
2026-09-13,2026-09-13T07:40:27.686830+09:00,全国紙,全国,東京新聞,〈政治まんが〉「アメリカでは77万円とか」 佐藤正明傑作選「一笑両断2」販売中,https://www.tokyo-np.co.jp/article/515157,https://www.tokyo-np.co.jp/,ok,,
2026-09-13,2026-09-13T07:40:27.686830+09:00,全国紙,全国,東京新聞,9.11から25年、追悼のニューヨーク イスラム教徒の市長が式典に出席することに反発する声も,https://www.tokyo-np.co.jp/article/515187,https://www.tokyo-np.co.jp/,ok,,
2026-09-13,2026-09-13T07:40:27.686830+09:00,全国紙,全国,東京新聞,「御社」の分析は投資家目線で...就活生向けの講座が人気 「シェダル」福田多美子さん,https://www.tokyo-np.co.jp/article/514846,https://www.tokyo-np.co.jp/,ok,,
2026-09-13,2026-09-13T07:40:27.686830+09:00,全国紙,全国,東京新聞,高市首相と山本太郎氏に共通する「推し離れ」現象〈9月6日〜9月12日〉,https://www.tokyo-np.co.jp/article/515162,https://www.tokyo-np.co.jp/,ok,,
2026-09-13,2026-09-13T07:40:27.686830+09:00,全国紙,全国,東京新聞,女子やり投げ北口が日本新で優勝 68メートル92、新設大会,https://www.tokyo-np.co.jp/article/515205,https://www.tokyo-np.co.jp/,ok,,
2026-09-13,2026-09-13T07:40:27.686830+09:00,全国紙,全国,東京新聞,なぜ妻の姓は「ソコロワ」で夫は「ソコロフ」? 話を聞いて分かった日本語にないルール,https://www.tokyo-np.co.jp/article/509286,https://www.tokyo-np.co.jp/,ok,,
2026-09-13,2026-09-13T07:40:27.686830+09:00,全国紙,全国,東京新聞,〈動画〉国民民主・玉木氏が代表選で再選 インフレ抑制や消費税減税は? 望月衣塑子記者が会見を解説,https://www.tokyo-np.co.jp/article/514381,https://www.tokyo-np.co.jp/,ok,,tag_movie
2026-09-13,2026-09-13T07:40:27.686830+09:00,全国紙,全国,東京新聞,〈動画〉望月衣塑子記者が共産・小池氏の会見を解説 沖縄県知事選の誹謗中傷は県外からが9割?,https://www.tokyo-np.co.jp/article/514121,https://www.tokyo-np.co.jp/,ok,,tag_movie
2026-09-13,2026-09-13T07:40:27.686830+09:00,全国紙,全国,東京新聞,〈動画〉望月衣塑子記者が中谷元・前防衛相の会見を解説 ICC赤根所長への制裁...高市首相に求めること,https://www.tokyo-np.co.jp/article/513386,https://www.tokyo-np.co.jp/,ok,,tag_movie
2026-09-13,2026-09-13T07:40:27.686830+09:00,全国紙,全国,東京新聞,〈東京新聞タイムカプセル 鉄道〉東北・上越・北陸新幹線,https://www.tokyo-np.co.jp/article/514992,https://www.tokyo-np.co.jp/,ok,,square
2026-09-13,2026-09-13T07:40:27.686830+09:00,全国紙,全国,中日新聞,大谷翔平より人気!?クリケット界の銀河系集団・インド代表が来日へ アジア大会、世界最高峰のプレー期待,https://www.chunichi.co.jp/article/1310537,https://www.chunichi.co.jp/,ok,,
2026-09-13,2026-09-13T07:40:27.686830+09:00,全国紙,全国,中日新聞,小田凱人敗れ年間グランドスラムならず 全米オープン、車いすテニス,https://www.chunichi.co.jp/article/1310648,https://www.chunichi.co.jp/,ok,,
2026-09-13,2026-09-13T07:40:27.686830+09:00,全国紙,全国,中日新聞,「阿波おどり」も?豆みそ文化も?尾張と徳島県の深い縁とは... 礎は「豊臣兄弟!」にも登場するあの武将,https://www.chunichi.co.jp/article/1310582,https://www.chunichi.co.jp/,ok,,
2026-09-13,2026-09-13T07:40:27.686830+09:00,全国紙,全国,中日新聞,【写真多数】陶都・瀬戸に焼き物ファンが集結、せともの祭が開幕,https://www.chunichi.co.jp/article/1310549,https://www.chunichi.co.jp/,ok,,
2026-09-13,2026-09-13T07:40:27.686830+09:00,全国紙,全国,中日新聞,名古屋市中区松原の民家から出火 激しく燃え逃げ遅れか、消防が消火と救助活動,https://www.chunichi.co.jp/article/1310649,https://www.chunichi.co.jp/,ok,,
2026-09-13,2026-09-13T07:40:27.686830+09:00,全国紙,全国,中日新聞,おりひめと彗星に日本の伝統色プラス ハンドボール日本代表、新しいユニホームでアジア大会へ,https://www.chunichi.co.jp/article/1310538,https://www.chunichi.co.jp/,ok,,
2026-09-13,2026-09-13T07:40:27.686830+09:00,全国紙,全国,中日新聞,岐阜県大野町の民家3遺体、一家は地域から孤立 息子は死後数年経過、独居世帯以外は支援届きにくく,https://www.chunichi.co.jp/article/1310525,https://www.chunichi.co.jp/,ok,,
2026-09-13,2026-09-13T07:40:27.686830+09:00,全国紙,全国,中日新聞,読者が選ぶ中日グッとコラム2026上半期 投票で選ばれたのは?,https://www.chunichi.co.jp/article/1302583,https://www.chunichi.co.jp/,ok,,
2026-09-13,2026-09-13T07:40:27.686830+09:00,全国紙,全国,中日新聞,竹製の花飾り「シナイ」華やか 岐阜県郡上市で「寒水の掛踊」始まる,https://www.chunichi.co.jp/article/1310546,https://www.chunichi.co.jp/,ok,,
2026-09-13,2026-09-13T07:40:27.686830+09:00,全国紙,全国,中日新聞,【交通規制情報】13日に名古屋市西区や港区などで聖火リレー 愛知・名古屋アジア大会,https://www.chunichi.co.jp/article/1310542,https://www.chunichi.co.jp/,ok,,
2026-09-13,2026-09-13T07:40:27.686830+09:00,全国紙,全国,中日新聞,◆中日2軍戦の詳細情報がバッチリわかる 9月12日『ヤクルト-中日』のテーブルスコア【画像】,https://www.chunichi.co.jp/article/1310615,https://www.chunichi.co.jp/,ok,,
2026-09-13,2026-09-13T07:40:27.686830+09:00,全国紙,全国,中日新聞,「移民ビジネス」外国人の受け入れを巡る現実と課題,https://www.chunichi.co.jp/article/1233264,https://www.chunichi.co.jp/,ok,,
2026-09-13,2026-09-13T07:40:27.686830+09:00,全国紙,全国,中日新聞,【南山大&中日新聞ポッドキャスト企画】アメリカを考える~独立宣言から250年の大変動,https://www.chunichi.co.jp/article/1270383,https://www.chunichi.co.jp/,ok,,
2026-09-13,2026-09-13T07:40:27.686830+09:00,全国紙,全国,中日新聞,【第1部・外国人団地】共生を目指す外国人労働者の姿を描く,https://www.chunichi.co.jp/article/1237076,https://www.chunichi.co.jp/,ok,,
2026-09-13,2026-09-13T07:40:27.686830+09:00,全国紙,全国,中日新聞,読者が選んだグッとコラム大賞は...?,https://www.chunichi.co.jp/article/1230731,https://www.chunichi.co.jp/,ok,,
2026-09-13,2026-09-13T07:40:27.686830+09:00,全国紙,全国,中日新聞,【デジタル地図】南海トラフ巨大地震の想定震度マップ。あなたの地域の想定震度をチェック,https://www.chunichi.co.jp/article/1046009,https://www.chunichi.co.jp/,ok,,
2026-09-13,2026-09-13T07:40:27.686830+09:00,全国紙,全国,中日新聞,愛知・名古屋アジア大会の競技の魅力や注目点を紹介!!「スポペディア」まとめページ,https://www.chunichi.co.jp/article/1306349,https://www.chunichi.co.jp/,ok,,video
2026-09-13,2026-09-13T07:40:27.686830+09:00,全国紙,全国,中日新聞,単なるゲームではないのが「eスポーツ」、プロの世界は レーシングゲームに記者が挑戦,https://www.chunichi.co.jp/article/1309991,https://www.chunichi.co.jp/,ok,,video
2026-09-13,2026-09-13T07:40:27.686830+09:00,全国紙,全国,中日新聞,【動画】鈴鹿げんき花火大会、伊勢湾の夜空を鮮やかに彩る,https://www.chunichi.co.jp/article/1309981,https://www.chunichi.co.jp/,ok,,video
2026-09-13,2026-09-13T07:40:27.686830+09:00,全国紙,全国,中日新聞,豪雪地帯で受け継がれる「結」の心がつなぐ夏景色 白川村の荻町城跡展望台,https://www.chunichi.co.jp/article/1309084,https://www.chunichi.co.jp/,ok,,tag_photo
2026-09-13,2026-09-13T07:40:27.686830+09:00,地方紙,長野,信濃毎日新聞,【独自】ふるさと納税32億2千万円が仲介サイト手数料に“流出” 長野県全体の寄付額の11%09/13 06:05県と県内77市町村が2025年度にふるさと納税で集めた寄付金の11・2%に当たる32億2千万円が広報や決済に関わる手数料として仲介サイト運営事業者に支払われていたことが分かった。返礼品の調達費用や送料を含めると67億6千万円に上り、寄付総額の4分の1近くを占める。ふるさとへの支援という制度の趣旨が...,https://www.shinmai.co.jp/news/article/gf01daihboltvnso9aa6cf9g,https://www.shinmai.co.jp/,ok,,
2026-09-13,2026-09-13T07:40:27.686830+09:00,地方紙,長野,信濃毎日新聞,諏訪が「佐和」なら諏訪湖は...? “諏訪の人”が早くも考察する来年の朝ドラ「巡るスワン」09/13 06:04,https://www.shinmai.co.jp/news/article/gf01dahpdolttbkcu3krk6b0,https://www.shinmai.co.jp/,ok,,
2026-09-13,2026-09-13T07:40:27.686830+09:00,地方紙,長野,信濃毎日新聞,出没チェックや追い払い...熊対策を自動化 長野県内の企業が手掛ける製品開発の最前線09/13 06:03,https://www.shinmai.co.jp/news/article/gf01daihbmaknkjb9uc4s4g0,https://www.shinmai.co.jp/,ok,,
2026-09-13,2026-09-13T07:40:27.686830+09:00,地方紙,長野,信濃毎日新聞,「声なき声、拾い続けたい」 千葉豪雨の被災地で奮闘する喬木村出身の37歳09/13 06:02,https://www.shinmai.co.jp/news/article/gf01daihg2aknkjb9uc4s5mg,https://www.shinmai.co.jp/,ok,,
2026-09-13,2026-09-13T07:40:27.686830+09:00,地方紙,長野,信濃毎日新聞,業界のピークから会社の倒産まで経験 飯田市出身の映像編集者が故郷で始めた新たな挑戦09/13 06:01,https://www.shinmai.co.jp/news/article/gf01daiet35tvnso9aa6bu1g,https://www.shinmai.co.jp/,ok,,
2026-09-13,2026-09-13T07:40:27.686830+09:00,地方紙,長野,信濃毎日新聞,おくやみ(9月13日付)09/13 06:00,https://www.shinmai.co.jp/news/article/gf01daiiilttvnso9aa6cn3g,https://www.shinmai.co.jp/,ok,,
2026-09-13,2026-09-13T07:40:27.686830+09:00,地方紙,長野,信濃毎日新聞,5サイト6社が引き下げ方針表明 ふるさと納税の手数料,https://www.shinmai.co.jp/news/article/gfkn2026091101001195,https://www.shinmai.co.jp/,ok,,
2026-09-13,2026-09-13T07:40:27.686830+09:00,地方紙,長野,信濃毎日新聞,6おくやみ速報(9月13日付分),https://www.shinmai.co.jp/news/article/gf01daiijgltvnso9aa6cn70,https://www.shinmai.co.jp/,ok,,
2026-09-13,2026-09-13T07:40:27.686830+09:00,地方紙,長野,信濃毎日新聞,8人気の「鳥居峠」から観光客が流れ着く宿場町 スルーされず木祖村にどう人を呼び込むか,https://www.shinmai.co.jp/news/article/gf01dah8sssvl121or84hqhg,https://www.shinmai.co.jp/,ok,,
2026-09-13,2026-09-13T07:40:27.686830+09:00,地方紙,長野,信濃毎日新聞,9上地結衣2連覇、小田凱人準優勝 全米テニス車いすの部,https://www.shinmai.co.jp/news/article/gfkn2026091301000099,https://www.shinmai.co.jp/,ok,,
2026-09-13,2026-09-13T07:40:27.686830+09:00,地方紙,長野,信濃毎日新聞,10須坂市で車にはねられ76歳の女性重体,https://www.shinmai.co.jp/news/article/gf01dailftltvnso9aa6d5ag,https://www.shinmai.co.jp/,ok,,
2026-09-13,2026-09-13T07:40:27.686830+09:00,地方紙,長野,信濃毎日新聞,22年前のツーショット 高校で破局、再会、10回告白...そして今長野県主要くらし・話題ウェブオリジナルイブニング信毎朝日新聞コラボ「いつも、どこかで」09/11 17:00,https://www.shinmai.co.jp/news/article/gf01dabrmgdttbkcu3kqm8vg,https://www.shinmai.co.jp/,ok,,
2026-09-13,2026-09-13T07:40:27.686830+09:00,地方紙,長野,信濃毎日新聞,「脚震えた」 山雅の佐藤亮、”ラストチャンス”で一発回答 覚悟のピッチで踏み出した最初の一歩長野県スポーツウェブオリジナルサッカー松本山雅松本市09/11 06:30,https://www.shinmai.co.jp/news/article/gf01dah6erdttbkcu3krgrsg,https://www.shinmai.co.jp/,ok,,
2026-09-13,2026-09-13T07:40:27.686830+09:00,地方紙,長野,信濃毎日新聞,時代とともに変わる雨具の色 その変遷をたどると〈山と人と信州と〉長野県社会信州の山ウェブオリジナル山と人と信州と北アルプス09/11 06:04,https://www.shinmai.co.jp/news/article/gf01dah7l55ttbkcu3krham0,https://www.shinmai.co.jp/,ok,,
2026-09-13,2026-09-13T07:40:27.686830+09:00,地方紙,長野,信濃毎日新聞,長野県民おなじみの「おやき」とはまるで別物 遠く離れた地で出合い、ルーツを探る旅へ長野県くらし・話題ウェブオリジナルイブニング信毎コラム「硬面軟面」09/10 06:05,https://www.shinmai.co.jp/news/article/gf01dad5oocvl121or83t9v0,https://www.shinmai.co.jp/,ok,,
2026-09-13,2026-09-13T07:40:27.686830+09:00,地方紙,長野,信濃毎日新聞,【4コマ】南箕輪村が二つある!?【ここがわからんばい!信州】長野県主要くらし・話題イブニング信毎ウェブオリジナルここがわからんばい!信州南箕輪村09/08 11:30,https://www.shinmai.co.jp/news/article/gf01daf0j0dttbkcu3kr4sm0,https://www.shinmai.co.jp/,ok,,
2026-09-13,2026-09-13T07:40:27.686830+09:00,地方紙,長野,信濃毎日新聞,秋の中央アルプスへ でも予想外の足止め...「プランB」練っておく必要性実感【動画付き】長野県社会信州の山ウェブオリジナルイブニング信毎中央アルプスタカシが行く09/07 15:29,https://www.shinmai.co.jp/news/article/gf01daek3g5ttbkcu3kr3lo0,https://www.shinmai.co.jp/,ok,,
2026-09-13,2026-09-13T07:40:27.686830+09:00,地方紙,長野,信濃毎日新聞,初めて見た人は驚く?! 長野県で毎日放送されている“日本一難しい”イントロクイズ【ずくだせの日々】長野県文化・芸能主要エンタメウェブオリジナルイブニング信毎09/07 12:30,https://www.shinmai.co.jp/news/article/gf01dad95kkvl121or83uieg,https://www.shinmai.co.jp/,ok,,
2026-09-13,2026-09-13T07:40:27.686830+09:00,地方紙,京都,京都新聞,人事異動ポータル,https://www.kyoto-np.co.jp/articles/-/1250583,https://www.kyoto-np.co.jp/,ok,,
2026-09-13,2026-09-13T07:40:27.686830+09:00,地方紙,京都,京都新聞,速報日本の弦楽四重奏団が独コンクールで3位,https://www.kyoto-np.co.jp/articles/-/1789826,https://www.kyoto-np.co.jp/,ok,,
2026-09-13,2026-09-13T07:40:27.686830+09:00,地方紙,京都,京都新聞,京都市の地下鉄「1号車」はどっち? 新型車両の車内で「逆転現象」の謎、どうしてこうなった4:55市内京都市営地下鉄烏丸線に2022年から導入されている新型車両「20系」について、「車内の扉に貼り付けられた号車案内と、扉上のモニター表示で、...,https://www.kyoto-np.co.jp/articles/-/1788586,https://www.kyoto-np.co.jp/,ok,,
2026-09-13,2026-09-13T07:40:27.686830+09:00,地方紙,京都,京都新聞,市長も知らない...京都府宇治市に「忘れられた賞」があった 歴代受賞者は1人だけ、一体何者?5:00地域京都府宇治市には、特に優れた業績を残した市民をたたえる「市民栄誉賞」がある。12年前に創設されたが、受賞したのは直後の1人だけ。市長も知ら...,https://www.kyoto-np.co.jp/articles/-/1788850,https://www.kyoto-np.co.jp/,ok,,
2026-09-13,2026-09-13T07:40:27.686830+09:00,地方紙,京都,京都新聞,名曲「イムジン河」放送自粛もオンエア続けたKBS京都 元フォークル・きたやまさん語る当時の裏側は?5:00京都1960年代にバンド「ザ・フォーク・クルセダーズ(フォークル)」のメンバーとして人気を博したミュージシャンのきたやまおさむさん(80)。京...,https://www.kyoto-np.co.jp/articles/-/1785010,https://www.kyoto-np.co.jp/,ok,,
2026-09-13,2026-09-13T07:40:27.686830+09:00,地方紙,京都,京都新聞,滋賀県ロケーションオフィスなどが「優秀賞」 ネトフリ「岡田准一さん主演ドラマ」支援を評価5:20地域映像作品のロケ撮影を支援するフィルムコミッション(FC)を顕彰する「JFCアウォード」(ジャパン・フィルムコミッション主催)で、滋賀県と自...,https://www.kyoto-np.co.jp/articles/-/1789641,https://www.kyoto-np.co.jp/,ok,,
2026-09-13,2026-09-13T07:40:27.686830+09:00,地方紙,京都,京都新聞,京都の野球指導者たちが「面白さや深さを体感できる」教室を開く理由 背景に危機感5:20市内子どもたちが野球をじっくり楽しめる場をつくりたい-。中学生の野球人口減少に危機感を抱いた野球指導者が裾野拡大に取り組むグループ「リンクスベ...,https://www.kyoto-np.co.jp/articles/-/1789155,https://www.kyoto-np.co.jp/,ok,,
2026-09-13,2026-09-13T07:40:27.686830+09:00,地方紙,京都,京都新聞,京都府北部の「丹後震災」近代洋画の重鎮描いた大作が修復終えて公開 「震災直後のリアルな描写」5:10地域京都府京丹後市網野町の市郷土資料館(旧郷小学校)で、企画展「伊藤快彦(やすひこ)震災画修復・移設記念展―丹後震災100年」が開かれている。...,https://www.kyoto-np.co.jp/articles/-/1787726,https://www.kyoto-np.co.jp/,ok,,
2026-09-13,2026-09-13T07:40:27.686830+09:00,地方紙,京都,京都新聞,京都府中部「18日開幕の全国フェア」 地元の市民「何をやるか分からない」の声も 集客の鍵は5:05地域城郭風の公共施設がそばに立つ京都府南丹市園部町の園部公園に、花と緑をあしらった旗が揺れる。全国都市緑化フェアin京都丹波の開幕が18日に迫...,https://www.kyoto-np.co.jp/articles/-/1787601,https://www.kyoto-np.co.jp/,ok,,
2026-09-13,2026-09-13T07:40:27.686830+09:00,地方紙,京都,京都新聞,今年の夏は「熱」かった カメラは見た「近畿でインターハイ」9月12日地域,https://www.kyoto-np.co.jp/articles/-/1781806,https://www.kyoto-np.co.jp/,ok,,
2026-09-13,2026-09-13T07:40:27.686830+09:00,地方紙,京都,京都新聞,京都市の「不思議な光景」 なぜここに橋の欄干が...「廃河川」をたどる 土地に刻まれた「記憶」とは9月12日市内,https://www.kyoto-np.co.jp/articles/-/1786280,https://www.kyoto-np.co.jp/,ok,,
2026-09-13,2026-09-13T07:40:27.686830+09:00,地方紙,京都,京都新聞,京都市南部の町工場が7千万円投資でレタス工場に「大変身」 小さなスペースでも収益伸ばせる秘密は9月12日市内,https://www.kyoto-np.co.jp/articles/-/1789267,https://www.kyoto-np.co.jp/,ok,,
2026-09-13,2026-09-13T07:40:27.686830+09:00,地方紙,京都,京都新聞,京都と大阪の間の街に「関東系」スーパーが進出 社長が「京都出店」に意欲「物件探している」9月11日地域,https://www.kyoto-np.co.jp/articles/-/1786149,https://www.kyoto-np.co.jp/,ok,,
2026-09-13,2026-09-13T07:40:27.686830+09:00,地方紙,京都,京都新聞,京都市左京区の「難関中学」で出る入試問題を解いてみたら... 進学塾に聞いた「難しさの質」の変化とは9月11日市内,https://www.kyoto-np.co.jp/articles/-/1783325,https://www.kyoto-np.co.jp/,ok,,
2026-09-13,2026-09-13T07:40:27.686830+09:00,地方紙,京都,京都新聞,テレビカーや2階建て...数々のユニーク電車生んだ京阪、次の一手は? 社長が語る「新型特急」「観光列車」9月10日地域,https://www.kyoto-np.co.jp/articles/-/1777050,https://www.kyoto-np.co.jp/,ok,,
2026-09-13,2026-09-13T07:40:27.686830+09:00,地方紙,京都,京都新聞,滋賀県のかばんメーカー、破産手続き開始決定 滋賀発ブランド、全国に出荷も9月9日地域,https://www.kyoto-np.co.jp/articles/-/1787213,https://www.kyoto-np.co.jp/,ok,,
2026-09-13,2026-09-13T07:40:27.686830+09:00,地方紙,京都,京都新聞,京都市に「世界最大手」参戦でにわかに競争激化 街中の「移動手段」覇権握る企業はどこか9月9日市内,https://www.kyoto-np.co.jp/articles/-/1787183,https://www.kyoto-np.co.jp/,ok,,
2026-09-13,2026-09-13T07:40:27.686830+09:00,地方紙,京都,京都新聞,京都サンガのDF石田侑資が1失点目を振り返る「言ってるだけじゃ伝わらなかったかも。僕の責任でもある」 一問一答9月8日地域,https://www.kyoto-np.co.jp/articles/-/1786494,https://www.kyoto-np.co.jp/,ok,,
2026-09-13,2026-09-13T07:40:27.686830+09:00,地方紙,京都,京都新聞,京都サンガのMF中野瑠馬「もう少しスイッチを入れられれば」「全員で前を向いてやっていく」 一問一答9月8日地域,https://www.kyoto-np.co.jp/articles/-/1786495,https://www.kyoto-np.co.jp/,ok,,
2026-09-13,2026-09-13T07:40:27.686830+09:00,地方紙,京都,京都新聞,「農家のことを何も考えていない」コメ作り続けられない、京都・滋賀の農家が悲鳴9月8日地域,https://www.kyoto-np.co.jp/articles/-/1786457,https://www.kyoto-np.co.jp/,ok,,
2026-09-13,2026-09-13T07:40:27.686830+09:00,地方紙,兵庫,神戸新聞,オフィスでも一緒「愛犬と勤務」広がる 働き方多様化 首都圏で浸透、兵庫の企業も導入,https://www.kobe-np.co.jp/news/society/202609/0020813781.shtml,https://www.kobe-np.co.jp/,ok,,
2026-09-13,2026-09-13T07:40:27.686830+09:00,地方紙,兵庫,神戸新聞,アユづくしの名物料理でもてなし 闘竜灘の名旅館「滝寺荘」閉館へ,https://www.kobe-np.co.jp/news/hokuban/202609/0020813799.shtml,https://www.kobe-np.co.jp/,ok,,
2026-09-13,2026-09-13T07:40:27.686830+09:00,地方紙,兵庫,神戸新聞,親子の対話から「性」学んで 子育て中の保護者らに公開講座,https://www.kobe-np.co.jp/news/sanda/202609/0020814246.shtml,https://www.kobe-np.co.jp/,ok,,
2026-09-13,2026-09-13T07:40:27.686830+09:00,地方紙,兵庫,神戸新聞,アジア大会サッカー女子 なでしこジャパンにINACから4人,https://www.kobe-np.co.jp/news/sports/202609/0020813154.shtml,https://www.kobe-np.co.jp/,ok,,
2026-09-13,2026-09-13T07:40:27.686830+09:00,地方紙,兵庫,神戸新聞,竹チップ×牛ふんで堆肥 放置竹林活用、1年かけ開発,https://www.kobe-np.co.jp/news/seiban/202609/0020812862.shtml,https://www.kobe-np.co.jp/,ok,,
2026-09-13,2026-09-13T07:40:27.686830+09:00,地方紙,兵庫,神戸新聞,女子走り幅跳びで秦V 記録には不満 全日本実業団陸上,https://www.kobe-np.co.jp/news/sports/202609/0020814243.shtml,https://www.kobe-np.co.jp/,ok,,
2026-09-13,2026-09-13T07:40:27.686830+09:00,地方紙,兵庫,神戸新聞,芸術文化観光専門職大生 平田オリザさん代表作を日韓で上演へ,https://www.kobe-np.co.jp/news/tajima/202609/0020813765.shtml,https://www.kobe-np.co.jp/,ok,,
2026-09-13,2026-09-13T07:40:27.686830+09:00,地方紙,兵庫,神戸新聞,「れもん白書」など人気漫画家、吉田まゆみさんの足跡展示,https://www.kobe-np.co.jp/news/hanshin/202609/0020813469.shtml,https://www.kobe-np.co.jp/,ok,,
2026-09-13,2026-09-13T07:40:27.686830+09:00,地方紙,兵庫,神戸新聞,ため池巡ってバッジ獲得 明石高専生らゲーム開発,https://www.kobe-np.co.jp/news/touban/202609/0020813573.shtml,https://www.kobe-np.co.jp/,ok,,
2026-09-13,2026-09-13T07:40:27.686830+09:00,地方紙,兵庫,神戸新聞,「宝塚から世界へ」プロ目指すジュニアゴルファーを支援,https://www.kobe-np.co.jp/news/hanshin/202609/0020813473.shtml,https://www.kobe-np.co.jp/,ok,,
2026-09-13,2026-09-13T07:40:27.686830+09:00,地方紙,兵庫,神戸新聞,<県政リアル 知事就任5年>(6)距離感 離れた大阪、県内首長も模索,https://www.kobe-np.co.jp/news/society/202608/0020681985.shtml,https://www.kobe-np.co.jp/,ok,,
2026-09-13,2026-09-13T07:40:27.686830+09:00,地方紙,兵庫,神戸新聞,沖縄知事選、荒れるSNS 動画、Xの大半が県外発 AI悪用し中傷拡散 兵庫知事選と重なる投稿者も,https://www.kobe-np.co.jp/news/society/202609/0020810373.shtml,https://www.kobe-np.co.jp/,ok,,
2026-09-13,2026-09-13T07:40:27.686830+09:00,地方紙,兵庫,神戸新聞,国史跡の古墳出土品を3D画像化、ネット公開 スマホで拡大や回転自在「興味持つきっかけに」 加古川,https://www.kobe-np.co.jp/news/society/202609/0020805856.shtml,https://www.kobe-np.co.jp/,ok,,
2026-09-13,2026-09-13T07:40:27.686830+09:00,地方紙,兵庫,神戸新聞,加古川の部活地域展開「かこ☆くら」仮登録110クラブ 来夏本格実施 地域偏在を懸念、公設型も検討へ,https://www.kobe-np.co.jp/news/touban/202609/0020793825.shtml,https://www.kobe-np.co.jp/,ok,,
2026-09-13,2026-09-13T07:40:27.686830+09:00,地方紙,兵庫,神戸新聞,加古川市の「危ない交差点」 市役所近くの十字路、植栽や歩道で車両見えにくく 周囲の建物で死角も,https://www.kobe-np.co.jp/news/richb/202609/0020797792.shtml,https://www.kobe-np.co.jp/,ok,,
2026-09-13,2026-09-13T07:40:27.686830+09:00,地方紙,兵庫,神戸新聞,<近日公開 9月のオススメ記事>バスケBプレミア、防災DX、「随想」新執筆陣...etc.,https://www.kobe-np.co.jp/news/richa/202608/0020749065.shtml,https://www.kobe-np.co.jp/,ok,,
2026-09-13,2026-09-13T07:40:27.686830+09:00,地方紙,兵庫,神戸新聞,明石の酒蔵舞台、家族愛など描く自主製作映画「西灘、時のしずく」 11月上映へ資金協力募る,https://www.kobe-np.co.jp/news/akashi/202609/0020813609.shtml,https://www.kobe-np.co.jp/,ok,,
2026-09-13,2026-09-13T07:40:27.686830+09:00,地方紙,兵庫,神戸新聞,洲本のレトロ喫茶店、一棟貸しの宿泊施設に改装 卓球台、ファミコン...「人が集まる場に」,https://www.kobe-np.co.jp/news/awaji/202609/0020813755.shtml,https://www.kobe-np.co.jp/,ok,,
2026-09-13,2026-09-13T07:40:27.686830+09:00,地方紙,兵庫,神戸新聞,甘くて冷たくてしょっぱい?! 名物「どっぐ」のせたソフトクリーム ヤマサ蒲鉾、姫路で限定販売,https://www.kobe-np.co.jp/news/himeji/202609/0020813560.shtml,https://www.kobe-np.co.jp/,ok,,
2026-09-13,2026-09-13T07:40:27.686830+09:00,地方紙,兵庫,神戸新聞,希少イチジク「ブラックダイヤモンド」初の収穫 社会福祉法人の農園、試行錯誤重ね5年 ネット販売も,https://www.kobe-np.co.jp/news/himeji/202609/0020813562.shtml,https://www.kobe-np.co.jp/,ok,,
2026-09-13,2026-09-13T07:40:27.686830+09:00,地方紙,熊本,熊本日日新聞,日本の若手弦楽四重奏団が3位,https://kumanichi.com/articles/2035410,https://kumanichi.com/rss.xml,ok,,
2026-09-13,2026-09-13T07:40:27.686830+09:00,地方紙,熊本,熊本日日新聞,米仲介再開で限定停戦の可能性も,https://kumanichi.com/articles/2035408,https://kumanichi.com/rss.xml,ok,,
2026-09-13,2026-09-13T07:40:27.686830+09:00,地方紙,熊本,熊本日日新聞,日本の弦楽四重奏団が独コンクールで3位,https://kumanichi.com/articles/2035409,https://kumanichi.com/rss.xml,ok,,
2026-09-13,2026-09-13T07:40:27.686830+09:00,地方紙,熊本,熊本日日新聞,主婦(夫)の厳しさと希望 「対岸の家事」 朱野帰子著【わたしの三つ星】,https://kumanichi.com/articles/2035254,https://kumanichi.com/rss.xml,ok,,
2026-09-13,2026-09-13T07:40:27.686830+09:00,地方紙,熊本,熊本日日新聞,「ウーマン・アンノウン」最高賞,https://kumanichi.com/articles/2035407,https://kumanichi.com/rss.xml,ok,,
2026-09-13,2026-09-13T07:40:27.686830+09:00,地方紙,熊本,熊本日日新聞,上地結衣2連覇、小田凱人準優勝,https://kumanichi.com/articles/2035380,https://kumanichi.com/rss.xml,ok,,
2026-09-13,2026-09-13T07:40:27.686830+09:00,地方紙,熊本,熊本日日新聞,熊本地震詐欺に注意を 経済ジャーナリスト 荻原博子,https://kumanichi.com/articles/2035373,https://kumanichi.com/rss.xml,ok,,
2026-09-13,2026-09-13T07:40:27.686830+09:00,地方紙,熊本,熊本日日新聞,身の丈にあった投資を,https://kumanichi.com/articles/2035372,https://kumanichi.com/rss.xml,ok,,
2026-09-13,2026-09-13T07:40:27.686830+09:00,地方紙,熊本,熊本日日新聞,渾身の一手,https://kumanichi.com/articles/2035371,https://kumanichi.com/rss.xml,ok,,
2026-09-13,2026-09-13T07:40:27.686830+09:00,地方紙,熊本,熊本日日新聞,核ごみ最終処分 負担押しつけずに議論を,https://kumanichi.com/articles/2035370,https://kumanichi.com/rss.xml,ok,,
2026-09-13,2026-09-13T07:40:27.686830+09:00,地方紙,鹿児島,南日本新聞,鹿児島市の元教諭で食育推進支援員が毎日発信、「食育タイムズ」が1200号突破――2時間かけ原稿執筆や写真選び「ネタ探しに苦しんだ記憶はない」元高校教諭で、鹿児島市食育推進支援員などの肩書を持つ海老原純一さん(63)=鹿児島市紫原7丁目=が、ブログや交流サイト(SNS)などで発信している「えびじゅん食育タイムズ」が好評だ。定年退職を機に2023年4月1日から始め、今年7月13日に1200号に到達。毎日、農業や食材などの情報をA4用紙1枚にまとめている。 情報は多岐にわたり、退職後の日常となっている「妻のために作る弁当」をまとめ9月12日 21:30,https://373news.com/news/local/detail/239482/,https://373news.com/,ok,,local
2026-09-13,2026-09-13T07:40:27.686830+09:00,地方紙,鹿児島,南日本新聞,〈続報〉屋久島で84歳男が80歳大工を殺害...屋久島署と鹿児島県警捜査1課が容疑で男逮捕...棒で殴る? 生活道の脇、住民「何が?」9月13日 07:00,https://373news.com/news/local/detail/239512/,https://373news.com/,ok,,local
2026-09-13,2026-09-13T07:40:27.686830+09:00,地方紙,鹿児島,南日本新聞,南日本新聞社杯ナイターソフトボール 倶楽部西紫原、混成制す 西雲が準優勝9月13日 06:30,https://373news.com/news/local/detail/239519/,https://373news.com/,ok,,local
2026-09-13,2026-09-13T07:40:27.686830+09:00,地方紙,鹿児島,南日本新聞,南日本新聞社杯ナイターソフトボール ファミリーHP薩摩が単独4連覇 南さつ市役所が準優勝9月13日 06:30,https://373news.com/news/local/detail/239516/,https://373news.com/,ok,,local
2026-09-13,2026-09-13T07:40:27.686830+09:00,地方紙,鹿児島,南日本新聞,Bリーグ鹿児島レブナイズ、岡山とプレシーズンゲーム 3点シュート軸に高い攻撃力9月13日 06:30,https://373news.com/news/local/detail/239511/,https://373news.com/,ok,,local
2026-09-13,2026-09-13T07:40:27.686830+09:00,地方紙,鹿児島,南日本新聞,【青森国スポ】ライフル射撃少年男子ビームピストル 鳩野(鹿児島実高)4位 緊張の決勝で集中力光る 新里(鹿児島県協会)は3姿勢6位9月13日 06:30,https://373news.com/news/local/detail/239506/,https://373news.com/,ok,,local
2026-09-13,2026-09-13T07:40:27.686830+09:00,地方紙,鹿児島,南日本新聞,【青森国スポ】攻めの姿勢最後まで 相撲少年団体・鹿児島実が準優勝 個人で有川、菅間5位9月13日 06:30,https://373news.com/news/local/detail/239505/,https://373news.com/,ok,,local
2026-09-13,2026-09-13T07:40:27.686830+09:00,地方紙,鹿児島,南日本新聞,鹿児島県下一周駅伝肝属チーム 今季3度目の合宿、ロード走で汗9月13日 06:30,https://373news.com/news/local/detail/239504/,https://373news.com/,ok,,local
2026-09-13,2026-09-13T07:40:27.686830+09:00,地方紙,鹿児島,南日本新聞,J3鹿児島ユナイテッド3連勝へ きょう13日滋賀と対戦9月13日 06:30,https://373news.com/news/local/detail/239503/,https://373news.com/,ok,,local
2026-09-13,2026-09-13T07:40:27.686830+09:00,地方紙,鹿児島,南日本新聞,1姶良市で37年ぶり相撲巡業...12月1日、ビーラインスポーツパーク体育館――米丸市長「生で聞く張り手の音は迫力が違う」,https://373news.com/news/local/detail/239481/,https://373news.com/,ok,,local
2026-09-13,2026-09-13T07:40:27.686830+09:00,地方紙,鹿児島,南日本新聞,3強い叱責に「肩もみ」「送迎」要求まで...鹿児島・大隅曽於地区の消防司令補、部下へのパワハラで減給処分に,https://373news.com/news/local/detail/239452/,https://373news.com/,ok,,local
2026-09-13,2026-09-13T07:40:27.686830+09:00,地方紙,鹿児島,南日本新聞,4屋久島署、殺人容疑で84歳男を逮捕 棒のような物で80歳の大工を殴る,https://373news.com/news/local/detail/239486/,https://373news.com/,ok,,local
2026-09-13,2026-09-13T07:40:27.686830+09:00,地方紙,鹿児島,南日本新聞,5「自分で使うために保管していた」――大麻所持疑いで54歳男を逮捕 鹿児島中央署、使用容疑でも捜査,https://373news.com/news/local/detail/239415/,https://373news.com/,ok,,local
2026-09-13,2026-09-13T07:40:27.686830+09:00,地方紙,鹿児島,南日本新聞,6台風24号の影響、鹿児島・屋久島町の県道2本通行止め続く...山岳部の主要観光地へのアクセス寸断,https://373news.com/news/local/detail/239451/,https://373news.com/,ok,,local
2026-09-13,2026-09-13T07:40:27.686830+09:00,地方紙,鹿児島,南日本新聞,7約1カ月半の間に...レジから売上金17万円消えた――連絡取れなくなった元従業員「金に困っていた」 窃盗疑いで逮捕,https://373news.com/news/local/detail/239406/,https://373news.com/,ok,,local
2026-09-13,2026-09-13T07:40:27.686830+09:00,地方紙,鹿児島,南日本新聞,8「売ってお金にしようと」... 錦江町の資材置き場から鉄ポール盗んだ疑い 男を現行犯逮捕,https://373news.com/news/local/detail/239479/,https://373news.com/,ok,,local
2026-09-13,2026-09-13T07:40:27.686830+09:00,地方紙,鹿児島,南日本新聞,9鹿児島市の鴨池小児童「熊本は一人じゃなかど」 土のう袋60枚に応援メッセージ――被災地へ届ける思い,https://373news.com/news/local/detail/239480/,https://373news.com/,ok,,local
2026-09-13,2026-09-13T07:40:27.686830+09:00,地方紙,鹿児島,南日本新聞,10鹿児島・薩摩川内の飲食店経営者「不同意性交」で逮捕...被害女性が1カ月後に届け出,https://373news.com/news/local/detail/239386/,https://373news.com/,ok,,local
2026-09-13,2026-09-13T07:40:27.686830+09:00,地方紙,鹿児島,南日本新聞,「暑くないから大丈夫」そう言い張る高齢の親...冷房をつけさせたいけど、どう声かけたらいいの?――鹿児島の看護師が教える「否定しない伝え方」は8月20日 11:30,http://373news.com/lineup/kotimina/detail/238277/,https://373news.com/,ok,,
2026-09-13,2026-09-13T07:40:27.686830+09:00,地方紙,鹿児島,南日本新聞,「ウーマン・アンノウン」最高賞 ベネチア映画祭、日本作品は選外9月13日 05:05,http://373news.com/news/national/detail/2026091301000140/,https://373news.com/,ok,,national
2026-09-13,2026-09-13T07:40:27.686830+09:00,地方紙,沖縄,沖縄タイムス,沖縄県知事選 きょう投開票 17日間訴えた政策 経済政策や新基地賛否に審判9月13日 5:00沖縄県知事選[知事選 9.13] 任期満了に伴う第15回知事選が13日、投開票される。,https://www.okinawatimes.co.jp/articles/-/1922824,https://www.okinawatimes.co.jp/,ok,,
2026-09-13,2026-09-13T07:40:27.686830+09:00,地方紙,沖縄,沖縄タイムス,沖縄の統一地方選 きょう投開票 本部・伊是名・大宜味の3町村長選と23市町村議選 未明までに大勢判明【町村長選の候補者略歴】5:30有料#統一地方選,https://www.okinawatimes.co.jp/articles/-/1922825,https://www.okinawatimes.co.jp/,ok,,
2026-09-13,2026-09-13T07:40:27.686830+09:00,地方紙,沖縄,沖縄タイムス,サウジアラビアの原油パイプライン停止 「イラクからの無人機攻撃」と発表 ホルムズ代替経路3:58有料#物流・貿易,https://www.okinawatimes.co.jp/articles/-/1922826,https://www.okinawatimes.co.jp/,ok,,
2026-09-13,2026-09-13T07:40:27.686830+09:00,地方紙,沖縄,沖縄タイムス,投票前に政策チェック 沖縄県知事選 候補者が答えた主要14分野7:00有料#沖縄県知事選,https://www.okinawatimes.co.jp/articles/-/1922743,https://www.okinawatimes.co.jp/,ok,,
2026-09-13,2026-09-13T07:40:27.686830+09:00,地方紙,沖縄,沖縄タイムス,[大弦小弦]デマや誹謗中傷が飛び交った選挙戦 「私」を主語に判断3:57有料#大弦小弦,https://www.okinawatimes.co.jp/articles/-/1922827,https://www.okinawatimes.co.jp/,ok,,
2026-09-13,2026-09-13T07:40:27.686830+09:00,地方紙,沖縄,沖縄タイムス,沖縄県知事選・沖縄の統一地方選を開票速報 沖縄タイムス特設サイトで5:20#沖縄県知事選,https://www.okinawatimes.co.jp/articles/-/1922902,https://www.okinawatimes.co.jp/,ok,,
2026-09-13,2026-09-13T07:40:27.686830+09:00,地方紙,沖縄,沖縄タイムス,沖縄県立八重山病院 産婦人科医減で診療体制を一部制限 10月1日から17:54有料#医療・健康,https://www.okinawatimes.co.jp/articles/-/1922635,https://www.okinawatimes.co.jp/,ok,,
2026-09-13,2026-09-13T07:40:27.686830+09:00,地方紙,沖縄,沖縄タイムス,春の甲子園目指し熱戦幕開け 59校50チームが九州2枠懸け 沖縄・秋季高校野球18:21#高校野球,https://www.okinawatimes.co.jp/articles/-/1922636,https://www.okinawatimes.co.jp/,ok,,
2026-09-13,2026-09-13T07:40:27.686830+09:00,地方紙,沖縄,沖縄タイムス,大型バイクがガードレールに衝突 59歳男性が搬送後に死亡 沖縄・国頭村安波の県道17:45#事件・事故,https://www.okinawatimes.co.jp/articles/-/1922621,https://www.okinawatimes.co.jp/,ok,,
2026-09-13,2026-09-13T07:40:27.686830+09:00,地方紙,沖縄,沖縄タイムス,対米投資 次世代原発か 第3弾 AIインフラ整備 日本は知見獲得へ4:00有料#経済,https://www.okinawatimes.co.jp/articles/-/1922882,https://www.okinawatimes.co.jp/,ok,,
2026-09-13,2026-09-13T07:40:27.686830+09:00,地方紙,沖縄,沖縄タイムス,真喜良小児童 税金学ぶ オンラインで札幌と結び討論 石垣で「教室」 必要性や使い道を理解4:00有料#地域,https://www.okinawatimes.co.jp/articles/-/1922754,https://www.okinawatimes.co.jp/,ok,,
2026-09-13,2026-09-13T07:40:27.686830+09:00,地方紙,沖縄,沖縄タイムス,[セ・リーグ][プロ野球]G完封 虎に肉薄0.5差4:00有料#スポーツ,https://www.okinawatimes.co.jp/articles/-/1922830,https://www.okinawatimes.co.jp/,ok,,
2026-09-13,2026-09-13T07:40:27.686830+09:00,地方紙,沖縄,沖縄タイムス,[高校野球 第76回県秋季大会](第1日) 宮古9得点 沖水破る 九州2枠懸け開幕4:00有料#スポーツ,https://www.okinawatimes.co.jp/articles/-/1922791,https://www.okinawatimes.co.jp/,ok,,
2026-09-13,2026-09-13T07:40:27.686830+09:00,地方紙,沖縄,沖縄タイムス,平和の絵 保育園で展示 「親子で考える時間に」 保育者発案 全国を巡回4:00有料#教育,https://www.okinawatimes.co.jp/articles/-/1922732,https://www.okinawatimes.co.jp/,ok,,
2026-09-13,2026-09-13T07:40:27.686830+09:00,地方紙,沖縄,沖縄タイムス,日本の若手弦楽四重奏団が3位 ミュンヘン国際音楽コンクール7:23#文化・芸能,https://www.okinawatimes.co.jp/articles/-/1922919,https://www.okinawatimes.co.jp/,ok,,
2026-09-13,2026-09-13T07:40:27.686830+09:00,地方紙,沖縄,沖縄タイムス,14日の天気(西日本)7:00#天気予報,https://www.okinawatimes.co.jp/articles/-/1922915,https://www.okinawatimes.co.jp/,ok,,
2026-09-13,2026-09-13T07:40:27.686830+09:00,地方紙,沖縄,沖縄タイムス,沖縄タイムス社はSNS時代の選挙報道指針を策定しました,https://www.okinawatimes.co.jp/articles/-/1912094,https://www.okinawatimes.co.jp/,ok,,
2026-09-13,2026-09-13T07:40:27.686830+09:00,地方紙,沖縄,沖縄タイムス,塩地優 さんがコメント(9月11日 12:05),https://www.okinawatimes.co.jp/articles/-/1921630,https://www.okinawatimes.co.jp/,ok,,
2026-09-13,2026-09-13T07:40:27.686830+09:00,地方紙,沖縄,沖縄タイムス,山田真久 さんがコメント(9月11日 11:17),https://www.okinawatimes.co.jp/articles/-/1921562,https://www.okinawatimes.co.jp/,ok,,
2026-09-13,2026-09-13T07:40:27.686830+09:00,全国紙,全国,朝日新聞,【今夜ライブ】沖縄県知事選、開票速報を生配信 注目の結果と背景は,https://www.asahi.com/articles/ASV8V30Q1V8VDIFI00YM.html,https://news.ceek.jp/search.cgi?category_id=politics&feed=1,ok,,政治
2026-09-13,2026-09-13T07:40:27.686830+09:00,その他メディア,,時事通信,「日英伊の戦闘機開発へ貢献」 年内に経済安保・次官級協議へ―加大使インタビュー,https://www.jiji.com/jc/article?k=2026091200312&g=pol,https://news.ceek.jp/search.cgi?category_id=politics&feed=1,ok,,政治
2026-09-13,2026-09-13T07:40:27.686830+09:00,全国紙,全国,産経新聞,中印首脳会談、国境問題解決へ努力を表明 関係改善推進「ライバルではない」,https://www.sankei.com/article/20260913-NRRGQXN6ZFOY5BJSSAUD4EMVAQ/,https://news.ceek.jp/search.cgi?category_id=politics&feed=1,ok,,政治
2026-09-13,2026-09-13T07:40:27.686830+09:00,全国紙,全国,産経新聞,高市日誌12日(土),https://www.sankei.com/article/20260913-EIZRVLELDBIVBDVVY5KAGFJULY/,https://news.ceek.jp/search.cgi?category_id=politics&feed=1,ok,,政治
2026-09-13,2026-09-13T07:40:27.686830+09:00,全国紙,全国,読売新聞,高市首相、自民国会対策委員長に村井英樹・元官房副長官の起用意向固める...古川俊治参院議員の初入閣も調整,https://www.yomiuri.co.jp/politics/20260912-GYT1T00279/,https://news.ceek.jp/search.cgi?category_id=politics&feed=1,ok,,政治
2026-09-13,2026-09-13T07:40:27.686830+09:00,全国紙,全国,読売新聞,北方領にプーチン氏 1か月 政府 対露強硬策を封印...エネ調達思惑も,https://www.yomiuri.co.jp/politics/20260913-GYT1T00024/,https://news.ceek.jp/search.cgi?category_id=politics&feed=1,ok,,政治
2026-09-13,2026-09-13T07:40:27.686830+09:00,全国紙,全国,読売新聞,自民 中堅・若手が頭角 党調査会で役職...AIなど新分野 即戦力,https://www.yomiuri.co.jp/politics/20260912-GYT1T00311/,https://news.ceek.jp/search.cgi?category_id=politics&feed=1,ok,,政治
2026-09-13,2026-09-13T07:40:27.686830+09:00,全国紙,全国,読売新聞,高市首相の一日(12日),https://www.yomiuri.co.jp/politics/20260913-GYT1T00040/,https://news.ceek.jp/search.cgi?category_id=politics&feed=1,ok,,政治
2026-09-13,2026-09-13T07:40:27.686830+09:00,その他メディア,,WEDGE Infinity,沖縄県知事選投開票へ...知っておきたい〝沖縄問題〟~基地、産業、経済、貧困など課題を伝える記事6選~,https://wedge.ismedia.jp/articles/-/41073,https://news.ceek.jp/search.cgi?category_id=politics&feed=1,ok,,政治
2026-09-13,2026-09-13T07:40:27.686830+09:00,全国紙,全国,毎日新聞,首相日々 12日,https://mainichi.jp/articles/20260913/ddm/012/010/115000c,https://news.ceek.jp/search.cgi?category_id=politics&feed=1,ok,,政治
2026-09-13,2026-09-13T07:40:27.686830+09:00,全国紙,全国,産経新聞,習近平氏、インド首相に関係安定化呼びかけ 「中国は戦略的、長期的に中印関係を発展」,https://www.sankei.com/article/20260913-IR3XH4OSD5KEDMFTMHGOW6OZ2U/,https://news.ceek.jp/search.cgi?category_id=politics&feed=1,ok,,政治
2026-09-13,2026-09-13T07:40:27.686830+09:00,全国紙,全国,産経新聞,県政継続か刷新か 事実上の一騎打ちで3選目指す玉城氏と新人の古謝氏がラストスパート,https://www.sankei.com/article/20260912-JRR7SXDGXBLDNM65PKHGTUPQZI/,https://news.ceek.jp/search.cgi?category_id=politics&feed=1,ok,,政治
2026-09-13,2026-09-13T07:40:27.686830+09:00,全国紙,全国,日本経済新聞,12日の高市首相の動静,https://www.nikkei.com/article/DGXZQOUA120PF0S6A910C2000000/,https://news.ceek.jp/search.cgi?category_id=politics&feed=1,ok,,政治
2026-09-13,2026-09-13T07:40:27.686830+09:00,全国紙,全国,毎日新聞,モンゴル首相、9月下旬に来日へ 安保、経済での協力拡大を議論,https://mainichi.jp/articles/20260912/k00/00m/010/166000c,https://news.ceek.jp/search.cgi?category_id=politics&feed=1,ok,,政治
2026-09-13,2026-09-13T07:40:27.686830+09:00,全国紙,全国,産経新聞,横浜市長選に元衆院議員の中谷氏が出馬表明「政治経験が役に立つ」 立民などに支援求める,https://www.sankei.com/article/20260912-XFJVUS4MDJP4RJDB6UPIA347BY/,https://news.ceek.jp/search.cgi?category_id=politics&feed=1,ok,,政治
2026-09-13,2026-09-13T07:40:27.686830+09:00,全国紙,全国,日本経済新聞,内閣改造で維新から副大臣、政務官も 藤田共同代表「首相に任せる」,https://www.nikkei.com/article/DGXZQOUA122BR0S6A910C2000000/,https://news.ceek.jp/search.cgi?category_id=politics&feed=1,ok,,政治
2026-09-13,2026-09-13T07:40:27.686830+09:00,その他メディア,,共同通信,維新から副大臣、政務官も 藤田共同代表「首相に任せる」,https://www.47news.jp/14930472.html,https://news.ceek.jp/search.cgi?category_id=politics&feed=1,ok,,政治
2026-09-13,2026-09-13T07:40:27.686830+09:00,その他メディア,,共同通信,札幌市長選候補に自民市議を擁立 選考委投票で決定,https://www.47news.jp/14930480.html,https://news.ceek.jp/search.cgi?category_id=politics&feed=1,ok,,政治
2026-09-13,2026-09-13T07:40:27.686830+09:00,全国紙,全国,毎日新聞,横浜市長選 前衆院議員の中谷一馬氏が出馬表明 立憲が支援検討,https://mainichi.jp/articles/20260912/k00/00m/010/136000c,https://news.ceek.jp/search.cgi?category_id=politics&feed=1,ok,,政治
2026-09-13,2026-09-13T07:40:27.686830+09:00,その他メディア,,デイリースポーツ,札幌市長選候補に自民市議を擁立,https://www.daily.co.jp/society/politics/2026/09/12/0020812782.shtml,https://news.ceek.jp/search.cgi?category_id=politics&feed=1,ok,,政治
2026-09-13,2026-09-13T07:40:27.686830+09:00,その他メディア,,共同通信,TikTok、選挙に影響大きく 利用者、公示から投票先変化か,https://www.47news.jp/14930456.html,https://news.ceek.jp/search.cgi?category_id=politics&feed=1,ok,,政治
2026-09-13,2026-09-13T07:40:27.686830+09:00,その他メディア,,共同通信,沖縄県知事選13日投開票 現職と新人、事実上の一騎打ち,https://www.47news.jp/14930465.html,https://news.ceek.jp/search.cgi?category_id=politics&feed=1,ok,,政治
2026-09-13,2026-09-13T07:40:27.686830+09:00,その他メディア,,デイリースポーツ,沖縄県知事選13日投開票,https://www.daily.co.jp/society/politics/2026/09/12/0020812751.shtml,https://news.ceek.jp/search.cgi?category_id=politics&feed=1,ok,,政治
2026-09-13,2026-09-13T07:40:27.686830+09:00,その他メディア,,デイリースポーツ,維新から副大臣、政務官も,https://www.daily.co.jp/society/politics/2026/09/12/0020812756.shtml,https://news.ceek.jp/search.cgi?category_id=politics&feed=1,ok,,政治
2026-09-13,2026-09-13T07:40:27.686830+09:00,全国紙,全国,読売新聞,沖縄県知事選挙は13日に投開票、選挙人名簿登録者数117万5905人,https://www.yomiuri.co.jp/election/20260912-GYT1T00175/,https://news.ceek.jp/search.cgi?category_id=politics&feed=1,ok,,政治
2026-09-13,2026-09-13T07:40:27.686830+09:00,その他メディア,,共同通信,横浜市長選に中谷一馬氏出馬表明 前衆院議員、立憲が支援を検討,https://www.47news.jp/14930352.html,https://news.ceek.jp/search.cgi?category_id=politics&feed=1,ok,,政治
2026-09-13,2026-09-13T07:40:27.686830+09:00,その他メディア,,デイリースポーツ,横浜市長選に中谷一馬氏出馬表明,https://www.daily.co.jp/society/politics/2026/09/12/0020812610.shtml,https://news.ceek.jp/search.cgi?category_id=politics&feed=1,ok,,政治
2026-09-13,2026-09-13T07:40:27.686830+09:00,その他メディア,,フジテレビ,期日前投票は前回知事選をわずかに上回るペース【沖縄県知事選挙】,https://www.fnn.jp/articles/-/1113145,https://news.ceek.jp/search.cgi?category_id=politics&feed=1,ok,,政治
2026-09-13,2026-09-13T07:40:27.686830+09:00,その他メディア,,フジテレビ,【札幌市長選】自民党が市議・伴良隆氏を推薦候補に選出 来春の札幌市長選へ 丘珠空港拡張による広域経済圏の確立などを重点改革に掲げる_候補者は3人へ〈北海道札幌市〉,https://www.fnn.jp/articles/-/1113148,https://news.ceek.jp/search.cgi?category_id=politics&feed=1,ok,,政治
2026-09-13,2026-09-13T07:40:27.686830+09:00,その他メディア,,共同通信,1人の中道に交付金11億円超 党内外から疑問の声,https://www.47news.jp/14930140.html,https://news.ceek.jp/search.cgi?category_id=politics&feed=1,ok,,政治
2026-09-13,2026-09-13T07:40:27.686830+09:00,全国紙,全国,産経新聞,NBC攻撃想定で企業が先行、核シェルターの開発続々と 求められる統一基準の策定,https://www.sankei.com/article/20260912-Q7W6INIVW5IFFENJ3N4AUUWB3Q/,https://news.ceek.jp/search.cgi?category_id=politics&feed=1,ok,,政治
2026-09-13,2026-09-13T07:40:27.686830+09:00,その他メディア,,デイリースポーツ,1人の中道に交付金11億円超,https://www.daily.co.jp/society/politics/2026/09/12/0020812338.shtml,https://news.ceek.jp/search.cgi?category_id=politics&feed=1,ok,,政治
2026-09-13,2026-09-13T07:40:27.686830+09:00,その他メディア,,フジテレビ,「高市のやりたい放題を放っておくわけにはいかない」乱世の政治家、亀井静香氏が語る「大連立」構想,https://www.fnn.jp/articles/-/1112956,https://news.ceek.jp/search.cgi?category_id=politics&feed=1,ok,,政治
2026-09-13,2026-09-13T07:40:27.686830+09:00,その他メディア,,Abema TIMES,負担重い送料ゼロに?全国初、明石市がふるさと納税返礼品に「パンパース」デジタルクーポン導入 「サイズアウト問題解消や運送会社のリソース軽減につながる」コラムニストが評価,https://times.abema.tv/articles/-/10272686?page=1,https://news.ceek.jp/search.cgi?category_id=politics&feed=1,ok,,政治
2026-09-13,2026-09-13T07:40:27.686830+09:00,全国紙,全国,日本経済新聞,高市首相、「不記載議員」の閣僚起用を排除せず 17日にも内閣改造へ,https://www.nikkei.com/article/DGXZQOUA114QJ0R10C26A9000000/,https://news.ceek.jp/search.cgi?category_id=politics&feed=1,ok,,政治
2026-09-13,2026-09-13T07:40:27.686830+09:00,全国紙,全国,産経新聞,政党交付金11億円で選挙費用清算を国民は許さない、中道議員49人で割り勘を 平井文夫,https://www.sankei.com/article/20260912-253B2RNFE5JWFANUOVSW4RSCLA/,https://news.ceek.jp/search.cgi?category_id=politics&feed=1,ok,,政治
2026-09-13,2026-09-13T07:40:27.686830+09:00,全国紙,全国,産経新聞,災害複雑化「日本のリーダーシップに期待」UNDPの野田章子危機局長,https://www.sankei.com/article/20260912-WAE6TH5FCBL7HLUVKD44ULGBFM/,https://news.ceek.jp/search.cgi?category_id=politics&feed=1,ok,,政治
2026-09-13,2026-09-13T07:40:27.686830+09:00,全国紙,全国,日本経済新聞,災害対応も進む日米統合 米軍の支援機関トップ「同盟強めた」,https://www.nikkei.com/article/DGXZQOGN110UF0R10C26A9000000/,https://news.ceek.jp/search.cgi?category_id=politics&feed=1,ok,,政治
2026-09-13,2026-09-13T07:40:27.686830+09:00,その他メディア,,フジテレビ,期日前投票 前回知事選をわずかに上回る 沖縄県知事選挙,https://www.fnn.jp/articles/-/1113008,https://news.ceek.jp/search.cgi?category_id=politics&feed=1,ok,,政治
2026-09-13,2026-09-13T07:40:27.686830+09:00,全国紙,全国,日本経済新聞,SNS偽情報、政府名で「直接反論」 認知戦の対策強化へ国際発信,https://www.nikkei.com/article/DGXZQOUA024I50S6A900C2000000/,https://news.ceek.jp/search.cgi?category_id=politics&feed=1,ok,,政治
2026-09-13,2026-09-13T07:40:27.686830+09:00,全国紙,全国,産経新聞,沖縄・尖閣周辺にまた中国海警局の船 機関砲を搭載、日本の巡視船の警告続く,https://www.sankei.com/article/20260912-YW5TJ73VSJLJRILUWCYOYHYQYA/,https://news.ceek.jp/search.cgi?category_id=politics&feed=1,ok,,政治
2026-09-13,2026-09-13T07:40:27.686830+09:00,その他メディア,,アサ芸プラス,デジタル庁「個人情報24万6000件」漏洩疑惑の大失態でこれから起きる「国家機密が全流出」最大の脅威,https://www.asagei.com/excerpt/349481,https://news.ceek.jp/search.cgi?category_id=politics&feed=1,ok,,政治
2026-09-13,2026-09-13T07:40:27.686830+09:00,その他メディア,,共同通信,【速報】政府、十勝岳の火山活動で情報連絡室設置,https://www.47news.jp/14928652.html,https://news.ceek.jp/search.cgi?category_id=politics&feed=1,ok,,政治
2026-09-13,2026-09-13T07:40:27.686830+09:00,その他メディア,,Abema TIMES,来週にも内閣改造予定 高市総理 閣僚らと初夕食会,https://times.abema.tv/articles/-/10272658?page=1,https://news.ceek.jp/search.cgi?category_id=politics&feed=1,ok,,政治
2026-09-13,2026-09-13T07:40:27.686830+09:00,全国紙,全国,産経新聞,ちゃぶ台返しトランプ発言で米金融界が狼狽、日本の「利上げ勢力」も右往左往 高橋洋一,https://www.sankei.com/article/20260912-XSADSVO5RRMR7CGFVYXT3HRK5A/,https://news.ceek.jp/search.cgi?category_id=politics&feed=1,ok,,政治
2026-09-13,2026-09-13T07:40:27.686830+09:00,その他メディア,,しんぶん赤旗,米兵犯罪8割不起訴 25年国内 性犯罪が顕著、沖縄に集中/平和委入手の資料で判明,https://www.jcp.or.jp/akahata/aik26/2026-09-12/2026091201_01_0.php,https://news.ceek.jp/search.cgi?category_id=politics&feed=1,ok,,政治
2026-09-13,2026-09-13T07:40:27.686830+09:00,その他メディア,,しんぶん赤旗,沖縄県知事選あす投票 沖縄の将来 県民が決める/デニー知事が必勝訴え,https://www.jcp.or.jp/akahata/aik26/2026-09-12/2026091201_02_0.php,https://news.ceek.jp/search.cgi?category_id=politics&feed=1,ok,,政治
2026-09-13,2026-09-13T07:40:27.686830+09:00,その他メディア,,しんぶん赤旗,米NY・シアトルに続きプロビデンス DSA市長「ほぼ確実」/ロードアイランド州,https://www.jcp.or.jp/akahata/aik26/2026-09-12/2026091201_03_0.php,https://news.ceek.jp/search.cgi?category_id=politics&feed=1,ok,,政治
2026-09-13,2026-09-13T07:40:27.686830+09:00,その他メディア,,しんぶん赤旗,内閣広報予算72億円要求 前年の10倍増に批判殺到/「発信強化」なら「普通に会見を」,https://www.jcp.or.jp/akahata/aik26/2026-09-12/2026091201_04_0.php,https://news.ceek.jp/search.cgi?category_id=politics&feed=1,ok,,政治
2026-09-13,2026-09-13T07:40:27.686830+09:00,その他メディア,,しんぶん赤旗,潮流 自由の女神が左手に抱える独立宣言の書。アメリカの礎となった文書が...,https://www.jcp.or.jp/akahata/aik26/2026-09-12/2026091201_05_0.php,https://news.ceek.jp/search.cgi?category_id=politics&feed=1,ok,,政治
2026-09-13,2026-09-13T07:40:27.686830+09:00,その他メディア,,しんぶん赤旗,主張 沖縄のPFAS問題/国言いなりでは県民守れない,https://www.jcp.or.jp/akahata/aik26/2026-09-12/2026091202_01_0.php,https://news.ceek.jp/search.cgi?category_id=politics&feed=1,ok,,政治
2026-09-13,2026-09-13T07:40:27.686830+09:00,その他メディア,,しんぶん赤旗,"自民党沖縄県連 事実ゆがめる広告 “子どもの貧困率21.4%・学力最低水準""/県民をおとしめる内容",https://www.jcp.or.jp/akahata/aik26/2026-09-12/2026091202_02_0.php,https://news.ceek.jp/search.cgi?category_id=politics&feed=1,ok,,政治
2026-09-13,2026-09-13T07:40:27.686830+09:00,その他メディア,,しんぶん赤旗,虚偽メールに抗議 デニー選対が声明 刑事告訴へ,https://www.jcp.or.jp/akahata/aik26/2026-09-12/2026091202_03_0.php,https://news.ceek.jp/search.cgi?category_id=politics&feed=1,ok,,政治
2026-09-13,2026-09-13T07:40:27.686830+09:00,その他メディア,,しんぶん赤旗,デニー知事てい談 前那覇市長 城間幹子さん・ピアニスト 辺土名直子さんと語る,https://www.jcp.or.jp/akahata/aik26/2026-09-12/2026091204_01_0.php,https://news.ceek.jp/search.cgi?category_id=politics&feed=1,ok,,政治
2026-09-13,2026-09-13T07:40:27.686830+09:00,その他メディア,,しんぶん赤旗,リニア新幹線の掘削機停止 JRは丁寧な説明を/山添氏ら国交省に,https://www.jcp.or.jp/akahata/aik26/2026-09-12/2026091211_01_0.php,https://news.ceek.jp/search.cgi?category_id=politics&feed=1,ok,,政治
2026-09-13,2026-09-13T07:40:27.686830+09:00,全国紙,全国,産経新聞,首相、改造前に閣僚と公邸懇談「どじ踏んだこと言おう」 片山氏「くすっと笑う話ばかり」,https://www.sankei.com/article/20260912-ZDSKSUN6RJHTPLPGN26VLRYIGA/,https://news.ceek.jp/search.cgi?category_id=politics&feed=1,ok,,政治
2026-09-13,2026-09-13T07:40:27.686830+09:00,全国紙,全国,産経新聞,自民・森山裕氏、若手訪中団は「立法府を代表」 林芳正氏は首相務める能力「間違いない」,https://www.sankei.com/article/20260912-ADSZZDRTKBDVRD5M6OQ7MHBCJI/,https://news.ceek.jp/search.cgi?category_id=politics&feed=1,ok,,政治
2026-09-13,2026-09-13T07:40:27.686830+09:00,全国紙,全国,東京新聞,高市首相の一日 9月11日(金),https://www.tokyo-np.co.jp/article/515090,https://news.ceek.jp/search.cgi?category_id=politics&feed=1,ok,,政治
2026-09-13,2026-09-13T07:40:27.686830+09:00,全国紙,全国,産経新聞,研究に没頭、アレルギーの解明進める 海自・佐世保衛生隊 佐々木寿2等海佐(38),https://www.sankei.com/article/20260912-XU42SFQ725JCZBHO7FEMGEIVFQ/,https://news.ceek.jp/search.cgi?category_id=politics&feed=1,ok,,政治
2026-09-13,2026-09-13T07:40:27.686830+09:00,その他メディア,,テレビ朝日,高市総理 閣僚らと初の夕食会 来週には内閣改造予定,https://news.tv-asahi.co.jp/news_politics/articles/000532882.html,https://news.ceek.jp/search.cgi?category_id=politics&feed=1,ok,,政治
2026-09-13,2026-09-13T07:40:27.686830+09:00,その他メディア,,JBpress,SNSや週刊誌で報道される秋篠宮ご夫妻はどこまで本当なのか?パラグアイ公式訪問の同行記者が見たありのままの二人日本人移住90周年での日系社会との交流、カメラが回っていない場面で記者が目にしたご夫妻の素顔,https://jbpress.ismedia.jp/articles/-/96926,https://news.ceek.jp/search.cgi?category_id=politics&feed=1,ok,,政治
2026-09-13,2026-09-13T07:40:27.686830+09:00,その他メディア,,JBpress,子どもが減っても玩具市場1兆1664億円で過去最高、ガチャガチャを支える大人と「理解不能」の価値【TOKYOおもちゃショー2026】「カーケシ」復活に見たリバイバル戦略、キダルトと外国人へ広がる新たな販路,https://jbpress.ismedia.jp/articles/-/96941,https://news.ceek.jp/search.cgi?category_id=politics&feed=1,ok,,政治
2026-09-13,2026-09-13T07:40:27.686830+09:00,その他メディア,,JBpress,【原油ウォッチ】中東緊迫で再び100ドル超え、投機マネーも流入...価格高騰で原油の需要破壊が進む可能性も,https://jbpress.ismedia.jp/articles/-/96969,https://news.ceek.jp/search.cgi?category_id=politics&feed=1,ok,,政治
2026-09-13,2026-09-13T07:40:27.686830+09:00,全国紙,全国,毎日新聞,高市首相、旧安倍派などの不記載議員の入閣検討 裏金事件関与,https://mainichi.jp/articles/20260911/k00/00m/010/314000c,https://news.ceek.jp/search.cgi?category_id=politics&feed=1,ok,,政治
2026-09-13,2026-09-13T07:40:27.686830+09:00,全国紙,全国,読売新聞,沖縄知事選 あす投開票,https://www.yomiuri.co.jp/election/20260912-GYT1T00065/,https://news.ceek.jp/search.cgi?category_id=politics&feed=1,ok,,政治
2026-09-13,2026-09-13T07:40:27.686830+09:00,全国紙,全国,読売新聞,防衛相 「原潜 排除せず検討」,https://www.yomiuri.co.jp/politics/20260912-GYT1T00005/,https://news.ceek.jp/search.cgi?category_id=politics&feed=1,ok,,政治
2026-09-13,2026-09-13T07:40:27.686830+09:00,全国紙,全国,読売新聞,内閣改造・自民党役員人事で処遇焦点、林氏に「首相務める能力」「内閣にとっても大事な方」...森山氏がTV番組で評価,https://www.yomiuri.co.jp/politics/20260912-GYT1T00006/,https://news.ceek.jp/search.cgi?category_id=politics&feed=1,ok,,政治
2026-09-13,2026-09-13T07:40:27.686830+09:00,全国紙,全国,読売新聞,中道・立民系 新党名や体制 15日決定...「民主党」や「改革の会」案,https://www.yomiuri.co.jp/politics/20260912-GYT1T00007/,https://news.ceek.jp/search.cgi?category_id=politics&feed=1,ok,,政治
2026-09-13,2026-09-13T07:40:27.686830+09:00,全国紙,全国,読売新聞,[崩壊 中道改革]<下>急造野党 分裂の歴史 「数」拡大と政策一致 相反,https://www.yomiuri.co.jp/politics/20260912-GYT1T00011/,https://news.ceek.jp/search.cgi?category_id=politics&feed=1,ok,,政治
2026-09-13,2026-09-13T07:40:27.686830+09:00,全国紙,全国,読売新聞,脆弱性への対応 後手に 安全性向上へ導入 政府危機感 基盤ネット被害,https://www.yomiuri.co.jp/politics/20260912-GYT1T00062/,https://news.ceek.jp/search.cgi?category_id=politics&feed=1,ok,,政治
2026-09-13,2026-09-13T07:40:27.686830+09:00,全国紙,全国,読売新聞,高市首相の一日(11日),https://www.yomiuri.co.jp/politics/20260912-GYT1T00066/,https://news.ceek.jp/search.cgi?category_id=politics&feed=1,ok,,政治
2026-09-13,2026-09-13T07:40:27.686830+09:00,全国紙,全国,産経新聞,高市日誌11日(金),https://www.sankei.com/article/20260912-46D3YUWSXBI2BABIFCNXJAUAHY/,https://news.ceek.jp/search.cgi?category_id=politics&feed=1,ok,,政治
2026-09-13,2026-09-13T07:40:27.686830+09:00,全国紙,全国,朝日新聞,沖縄県知事選、13日に投開票 争点は経済や暮らし、安保論戦は低調,https://www.asahi.com/articles/ASV9C2TJPV9CUQIP012M.html,https://news.ceek.jp/search.cgi?category_id=politics&feed=1,ok,,政治
2026-09-13,2026-09-13T07:40:27.686830+09:00,全国紙,全国,読売新聞,沖縄知事選 辺野古・防衛強化も焦点 古謝・玉城氏 異なるスタンス,https://www.yomiuri.co.jp/election/20260912-GYT1T00009/,https://news.ceek.jp/search.cgi?category_id=politics&feed=1,ok,,政治
2026-09-13,2026-09-13T07:40:27.686830+09:00,全国紙,全国,朝日新聞,モンゴル首相が訪日、29日にも首脳会談へ 協力関係を確認,https://www.asahi.com/articles/ASV9C2G59V9CUTFK003M.html,https://news.ceek.jp/search.cgi?category_id=politics&feed=1,ok,,政治
2026-09-13,2026-09-13T07:40:27.686830+09:00,全国紙,全国,毎日新聞,首相日々 11日,https://mainichi.jp/articles/20260912/ddm/012/010/083000c,https://news.ceek.jp/search.cgi?category_id=politics&feed=1,ok,,政治
2026-09-13,2026-09-13T07:40:27.686830+09:00,その他メディア,,フジテレビ,高市総理 全閣僚を公邸に招き会食 来週の内閣改造を前に,https://www.fnn.jp/articles/-/1112883,https://news.ceek.jp/search.cgi?category_id=politics&feed=1,ok,,政治
2026-09-13,2026-09-13T07:40:27.686830+09:00,全国紙,全国,産経新聞,<独自>内閣改造、林総務相が留任意向 高市首相が近く処遇判断 続投なら総裁選出にくく,https://www.sankei.com/article/20260912-JPZKXSWJLVJRTN4WGOJ3KRT2GA/,https://news.ceek.jp/search.cgi?category_id=politics&feed=1,ok,,政治
2026-09-13,2026-09-13T07:40:27.686830+09:00,全国紙,全国,日本経済新聞,高市早苗首相「米国民へ連帯」 同時テロから25年、Xに投稿,https://www.nikkei.com/article/DGXZQOUA11BMM0R10C26A9000000/,https://news.ceek.jp/search.cgi?category_id=politics&feed=1,ok,,政治
2026-09-13,2026-09-13T07:40:27.686830+09:00,全国紙,全国,日本経済新聞,高市早苗首相、閣僚らと公邸で会食 内閣改造を前に慰労,https://www.nikkei.com/article/DGXZQOUA116CG0R10C26A9000000/,https://news.ceek.jp/search.cgi?category_id=politics&feed=1,ok,,政治
2026-09-13,2026-09-13T07:40:27.686830+09:00,その他メディア,,ハーバード・ビジネス・レビュー,戦略の成否を分けるのは、策定力ではなく実行力である,https://dhbr.diamond.jp/articles/-/14437,https://news.ceek.jp/search.cgi?category_id=business&feed=1,ok,,経済
2026-09-13,2026-09-13T07:40:27.686830+09:00,その他メディア,,東京商工リサーチ,三井住友銀行の「メインバンク取引社数」増加 ~ メガバンクで唯一増加、新設・中小企業向け脚光 ~,https://www.tsr-net.co.jp/data/detail/1203227_1527.html,https://news.ceek.jp/search.cgi?category_id=business&feed=1,ok,,経済
2026-09-13,2026-09-13T07:40:27.686830+09:00,その他メディア,,東洋経済オンライン,半導体大手ブロードコム決算に見る「AI計算資源」の主役交代 カスタムチップが性能でもGPUを凌駕 | 政治・経済・投資,https://toyokeizai.net/articles/-/957160,https://news.ceek.jp/search.cgi?category_id=business&feed=1,ok,,経済
2026-09-13,2026-09-13T07:40:27.686830+09:00,その他メディア,,週刊プレイボーイ,"熊本""TSMCバブル""の再来となるか!? 「SKハイニックス」工場誘致で""宮城経済ビッグバン""が到来!",https://wpb.shueisha.co.jp/news/economy/20260913-132818/,https://news.ceek.jp/search.cgi?category_id=business&feed=1,ok,,経済
2026-09-13,2026-09-13T07:40:27.686830+09:00,その他メディア,,ハーバード・ビジネス・レビュー,マネジメントとリーダーシップは何がどう違うのか,https://dhbr.diamond.jp/articles/-/14579,https://news.ceek.jp/search.cgi?category_id=business&feed=1,ok,,経済
2026-09-13,2026-09-13T07:40:27.686830+09:00,その他メディア,,東洋経済オンライン,理工系人材がTSMCだけに集中したら、次世代を誰が教えるのか?――その土台は「中学校の教育」にある | ビジネス,https://toyokeizai.net/articles/-/957807,https://news.ceek.jp/search.cgi?category_id=business&feed=1,ok,,経済
2026-09-13,2026-09-13T07:40:27.686830+09:00,その他メディア,,フジテレビ,全国初の「すしサミット」開催 6自治体のトップが渾身の一貫味わい意見交換,https://www.fnn.jp/articles/-/1113277,https://news.ceek.jp/search.cgi?category_id=business&feed=1,ok,,経済
2026-09-13,2026-09-13T07:40:27.686830+09:00,その他メディア,,東洋経済オンライン,"「早稲田は岡山にあると思ってた」宮崎から東大目指し2浪...""地元1番の秀才""が知った情報格差、今思えば「それもよかった」訳 | ライフ",https://toyokeizai.net/articles/-/957204?display=b,https://news.ceek.jp/search.cgi?category_id=business&feed=1,ok,,経済
2026-09-13,2026-09-13T07:40:27.686830+09:00,その他メディア,,日刊工業新聞,セブン―イレブン、Tシャツなど23品目発売...コンビニがアパレルを強化するワケ,https://newswitch.jp/p/50251,https://news.ceek.jp/search.cgi?category_id=business&feed=1,ok,,経済
2026-09-13,2026-09-13T07:40:27.686830+09:00,その他メディア,,日刊工業新聞,日立、国内初の販売権取得...ノキア製ドローンの機能,https://newswitch.jp/p/50233,https://news.ceek.jp/search.cgi?category_id=business&feed=1,ok,,経済
2026-09-13,2026-09-13T07:40:27.686830+09:00,その他メディア,,ハーバード・ビジネス・レビュー,「天才」を求める企業は、創造的な人材を遠ざける,https://dhbr.diamond.jp/articles/-/14436,https://news.ceek.jp/search.cgi?category_id=business&feed=1,ok,,経済
2026-09-13,2026-09-13T07:40:27.686830+09:00,全国紙,全国,朝日新聞,何に対応し、費用はいくら? 高齢者向け終身サポート利用の注意点は,https://www.asahi.com/articles/ASV9C0HBWV9CULFA01CM.html,https://news.ceek.jp/search.cgi?category_id=business&feed=1,ok,,経済
2026-09-13,2026-09-13T07:40:27.686830+09:00,その他メディア,,日刊ゲンダイ,東京の下町3兄弟「足立・葛飾・江戸川」安さだけじゃない意外な魅力 問題視された治安は今や改善,https://www.nikkan-gendai.com/articles/view/money/391062,https://news.ceek.jp/search.cgi?category_id=business&feed=1,ok,,経済
2026-09-13,2026-09-13T07:40:27.686830+09:00,その他メディア,,東洋経済オンライン,"「韓国済州のイギリス名門校」海外大の合格実績が上々の秘訣 世界トップ大が求める""優秀さ""と日本の教育にズレあり? | キャリア・教育",https://toyokeizai.net/articles/-/955308?display=b,https://news.ceek.jp/search.cgi?category_id=business&feed=1,ok,,経済
2026-09-13,2026-09-13T07:40:27.686830+09:00,その他メディア,,東洋経済オンライン,イラン戦争の真の狙いは「石油の確保」ではない、世界的な脱ドル化と膨大な財政赤字で崩壊に向かうアメリカの覇権 | 政治・経済・投資,https://toyokeizai.net/articles/-/957756?display=b,https://news.ceek.jp/search.cgi?category_id=business&feed=1,ok,,経済
2026-09-13,2026-09-13T07:40:27.686830+09:00,その他メディア,,東洋経済オンライン,日銀の政策金利が上がっても変動金利で大丈夫?住宅ローン1億円を借りた場合の意外な結末 | ライフ,https://toyokeizai.net/articles/-/957769?display=b,https://news.ceek.jp/search.cgi?category_id=business&feed=1,ok,,経済
2026-09-13,2026-09-13T07:40:27.686830+09:00,その他メディア,,東洋経済オンライン,"ケインズを罪深き捏造から解き放つ...「""流動性の罠""は危険だから低金利でインフレ率をプラスにすべき」とはどこにもない | 政治・経済・投資",https://toyokeizai.net/articles/-/957846?display=b,https://news.ceek.jp/search.cgi?category_id=business&feed=1,ok,,経済
2026-09-13,2026-09-13T07:40:27.686830+09:00,その他メディア,,東洋経済オンライン,"「9月も暑すぎる...」東京から約2時間に《隠れ避暑地》がある!...真夏に訪れてわかった、のどかな""別世界""の実力 | ライフ",https://toyokeizai.net/articles/-/956692?display=b,https://news.ceek.jp/search.cgi?category_id=business&feed=1,ok,,経済
2026-09-13,2026-09-13T07:40:27.686830+09:00,その他メディア,,東洋経済オンライン,中国の政府債務残高が100兆元(約2300兆円)の大台突破...2年で2割膨張、景気下支えで国債・地方債増発 | ビジネス,https://toyokeizai.net/articles/-/957597,https://news.ceek.jp/search.cgi?category_id=business&feed=1,ok,,経済
2026-09-13,2026-09-13T07:40:27.686830+09:00,その他メディア,,東洋経済オンライン,アメリカ企業の「オープンAI離れ」「アンソロピック離れ」が始まった AT&TはAI関連コストを80%削減 | 政治・経済・投資,https://toyokeizai.net/articles/-/957763,https://news.ceek.jp/search.cgi?category_id=business&feed=1,ok,,経済
2026-09-13,2026-09-13T07:40:27.686830+09:00,その他メディア,,東洋経済オンライン,"トイレでチェック!健康を損なう""尿のサイン"" 排尿をつかさどる「腎」をいたわる養生・ツボを漢方に詳しい薬剤師が解説 | ライフ",https://toyokeizai.net/articles/-/957483?display=b,https://news.ceek.jp/search.cgi?category_id=business&feed=1,ok,,経済
2026-09-13,2026-09-13T07:40:27.686830+09:00,その他メディア,,日本農業新聞,[今週の野菜見通し]9/13~,https://www.agrinews.co.jp/economy/index/406283,https://news.ceek.jp/search.cgi?category_id=business&feed=1,ok,,経済
2026-09-13,2026-09-13T07:40:27.686830+09:00,その他メディア,,日本農業新聞,[きてみて うちの店]JA秋田たかのす 産直おおだいこ 高さ生かし面積カバー,https://www.agrinews.co.jp/economy/index/406362,https://news.ceek.jp/search.cgi?category_id=business&feed=1,ok,,経済
2026-09-13,2026-09-13T07:40:27.686830+09:00,その他メディア,,日本農業新聞,[待ったなしの直売所改革](24)循環が育てたブランド 生消 地域の未来支える,https://www.agrinews.co.jp/economy/index/406365,https://news.ceek.jp/search.cgi?category_id=business&feed=1,ok,,経済
2026-09-13,2026-09-13T07:40:27.686830+09:00,その他メディア,,日本農業新聞,[ちょっと一服 直売所川柳],https://www.agrinews.co.jp/economy/index/406366,https://news.ceek.jp/search.cgi?category_id=business&feed=1,ok,,経済
2026-09-13,2026-09-13T07:40:27.686830+09:00,その他メディア,,現代ビジネス,「京都新聞の女帝」と元社長が交わした恐るべき「密約」...そして社内を切り裂いたクーデターは起きた,https://gendai.media/articles/-/170645,https://news.ceek.jp/search.cgi?category_id=business&feed=1,ok,,経済
2026-09-13,2026-09-13T07:40:27.686830+09:00,その他メディア,,ハーバード・ビジネス・レビュー,編集部が厳選、今週の必読記事5選:2026年9月9日〜9月11日公開,https://dhbr.diamond.jp/articles/-/14845,https://news.ceek.jp/search.cgi?category_id=business&feed=1,ok,,経済
2026-09-13,2026-09-13T07:40:27.686830+09:00,その他メディア,,現代ビジネス,「えらいことになりましたで...」京都新聞現職社長が青ざめたあの日...社内を恐怖に落とし入れた「女帝の血縁支配」,https://gendai.media/articles/-/170644,https://news.ceek.jp/search.cgi?category_id=business&feed=1,ok,,経済
2026-09-13,2026-09-13T07:40:27.686830+09:00,全国紙,全国,読売新聞,「アニメ聖地巡礼」地域経済支える一大産業に、インバウンドによる国内消費支出は4700億円規模,https://www.yomiuri.co.jp/economy/20260912-GYT1T00209/,https://news.ceek.jp/search.cgi?category_id=business&feed=1,ok,,経済
2026-09-13,2026-09-13T07:40:27.686830+09:00,その他メディア,,WEDGE Infinity,なぜ人はネオンの灯りに魅了されるのか? 横浜・本牧から始まったドラマ〝センス〟を磨いたネオン職人 スマイルネオン 神奈川県横浜市,https://wedge.ismedia.jp/articles/-/41058,https://news.ceek.jp/search.cgi?category_id=business&feed=1,ok,,経済
2026-09-13,2026-09-13T07:40:27.686830+09:00,全国紙,全国,日本経済新聞,ステーキのあさくま、「スキマ店長」採用 管理職の長時間労働を是正,https://www.nikkei.com/article/DGXZQOFD060550W6A900C2000000/,https://news.ceek.jp/search.cgi?category_id=business&feed=1,ok,,経済
2026-09-13,2026-09-13T07:40:27.686830+09:00,全国紙,全国,日本経済新聞,ハリウッドのたそがれ 撮影数が最低に、忍び寄るAIの脅威と高コスト,https://www.nikkei.com/article/DGXZQOGN06AMT0W6A700C2000000/,https://news.ceek.jp/search.cgi?category_id=business&feed=1,ok,,経済
2026-09-13,2026-09-13T07:40:27.686830+09:00,全国紙,全国,日本経済新聞,植田日銀総裁を見る機械の目、円揺らすアルゴリズム・AI 試される発信,https://www.nikkei.com/article/DGXZQOUB0504E0V00C26A9000000/,https://news.ceek.jp/search.cgi?category_id=business&feed=1,ok,,経済
2026-09-13,2026-09-13T07:40:27.686830+09:00,全国紙,全国,日本経済新聞,不動産高騰でもREIT低迷 市場創設25年、成長阻む制度が足かせ,https://www.nikkei.com/article/DGXZQOUB311290R30C26A8000000/,https://news.ceek.jp/search.cgi?category_id=business&feed=1,ok,,経済
2026-09-13,2026-09-13T07:40:27.686830+09:00,全国紙,全国,日本経済新聞,スズキの人財開発本部長が求める人材「素直に話を聞ける人」,https://www.nikkei.com/article/DGXZQOUC03BK50T00C26A9000000/,https://news.ceek.jp/search.cgi?category_id=business&feed=1,ok,,経済
2026-09-13,2026-09-13T07:40:27.686830+09:00,全国紙,全国,日本経済新聞,超常現象、あなたは信じるか オカルト誌「ムー」イベントに記者が潜入,https://www.nikkei.com/article/DGXZQOUC0881N0Y6A900C2000000/,https://news.ceek.jp/search.cgi?category_id=business&feed=1,ok,,経済
2026-09-13,2026-09-13T07:40:27.686830+09:00,全国紙,全国,日本経済新聞,物価高でも「節約お休み」27% はしご買い・PBへの切り替え減少,https://www.nikkei.com/article/DGXZQOUC106A00Q6A910C2000000/,https://news.ceek.jp/search.cgi?category_id=business&feed=1,ok,,経済
2026-09-13,2026-09-13T07:40:27.686830+09:00,全国紙,全国,日本経済新聞,シンガポール、セントーサ島大改造 訪問者増へ「カジノの次」手探り,https://www.nikkei.com/article/DGXZQOUC106OR0Q6A910C2000000/,https://news.ceek.jp/search.cgi?category_id=business&feed=1,ok,,経済
2026-09-13,2026-09-13T07:40:27.686830+09:00,全国紙,全国,日本経済新聞,ミャンマー「100歳建造物」改修 保全と強権で揺れる旧首都の原風景,https://www.nikkei.com/article/DGXZQOUC106ST0Q6A910C2000000/,https://news.ceek.jp/search.cgi?category_id=business&feed=1,ok,,経済
2026-09-13,2026-09-13T07:40:27.686830+09:00,全国紙,全国,日本経済新聞,世界の音を変えた男 高専からGoogleへ、やってみよう精神が支え,https://www.nikkei.com/article/DGXZQOUC285QJ0Y6A820C2000000/,https://news.ceek.jp/search.cgi?category_id=business&feed=1,ok,,経済
2026-09-13,2026-09-13T07:40:27.686830+09:00,全国紙,全国,朝日新聞,総務省、開示請求後に削除か 郵便不祥事チャット、法律は保存を規定,https://www.asahi.com/articles/ASV9D2JTVV9DUEFT001M.html,https://news.ceek.jp/search.cgi?category_id=business&feed=1,ok,,経済
2026-09-13,2026-09-13T07:40:27.686830+09:00,全国紙,全国,朝日新聞,総務省の対応は「脱法的」 公文書管理の専門家がチャット問題で批判,https://www.asahi.com/articles/ASV9D2RPLV9DUTIL03DM.html,https://news.ceek.jp/search.cgi?category_id=business&feed=1,ok,,経済
2026-09-13,2026-09-13T07:40:27.686830+09:00,その他メディア,,日本金融通信,第7回 部下との揺るぎない信頼関係を生み出すたった一つの鍵,https://www.nikkinonline.com/article/416358,https://news.ceek.jp/search.cgi?category_id=business&feed=1,ok,,経済
2026-09-13,2026-09-13T07:40:27.686830+09:00,その他メディア,,日本金融通信,今週の金融界(9月15日~9月18日),https://www.nikkinonline.com/article/423129,https://news.ceek.jp/search.cgi?category_id=business&feed=1,ok,,経済
2026-09-13,2026-09-13T07:40:27.686830+09:00,その他メディア,,日本金融通信,大手行、国債積み増し検討 金利水準「魅力的」,https://www.nikkinonline.com/article/423142,https://news.ceek.jp/search.cgi?category_id=business&feed=1,ok,,経済
2026-09-13,2026-09-13T07:40:27.686830+09:00,その他メディア,,日本金融通信,ひろぎんHD、U・Iターン就職促す 「広島で働く」魅力発信,https://www.nikkinonline.com/article/422652,https://news.ceek.jp/search.cgi?category_id=business&feed=1,ok,,経済
2026-09-13,2026-09-13T07:40:27.686830+09:00,その他メディア,,日本金融通信,山梨中央銀、アメフトチーム誘致 東京拠点が迅速対応,https://www.nikkinonline.com/article/422663,https://news.ceek.jp/search.cgi?category_id=business&feed=1,ok,,経済
2026-09-13,2026-09-13T07:40:27.686830+09:00,その他メディア,,日本金融通信,飯能信金、主体的成長促す 節目で自己理解深める,https://www.nikkinonline.com/article/422630,https://news.ceek.jp/search.cgi?category_id=business&feed=1,ok,,経済
2026-09-13,2026-09-13T07:40:27.686830+09:00,その他メディア,,日本金融通信,セブン銀行、ブランド認知を小学生から 小遣い管理アプリ展開,https://www.nikkinonline.com/article/422351,https://news.ceek.jp/search.cgi?category_id=business&feed=1,ok,,経済
2026-09-13,2026-09-13T07:40:27.686830+09:00,全国紙,全国,日本経済新聞,「株に投資していないこと」そのものが大きなリスクに(藤野英人),https://www.nikkei.com/article/DGXZQOUB2191I0R20C26A8000000/,https://news.ceek.jp/search.cgi?category_id=business&feed=1,ok,,経済
2026-09-13,2026-09-13T07:40:27.686830+09:00,全国紙,全国,日本経済新聞,中国ヒト型ロボのユニツリー王興興CEO 技術過信せぬ元「発明少年」,https://www.nikkei.com/article/DGXZQOGM077MQ0X00C26A9000000/,https://news.ceek.jp/search.cgi?category_id=business&feed=1,ok,,経済
2026-09-13,2026-09-13T07:40:27.686830+09:00,全国紙,全国,日本経済新聞,がん研有明など7病院、治験の症例登録短縮へ 臨床データベース設立,https://www.nikkei.com/article/DGXZQOUA077QQ0X00C26A9000000/,https://news.ceek.jp/search.cgi?category_id=business&feed=1,ok,,経済
2026-09-13,2026-09-13T07:40:27.686830+09:00,全国紙,全国,日本経済新聞,花王「KATE」がUSJでコラボグッズ パーク内で販売、訪日客に訴求,https://www.nikkei.com/article/DGXZQOUC110VS0R10C26A9000000/,https://news.ceek.jp/search.cgi?category_id=business&feed=1,ok,,経済
2026-09-13,2026-09-13T07:40:27.686830+09:00,全国紙,全国,日本経済新聞,政府系ファンド投資「米1強」加速、半分の24兆円 AI偏重で中国離れ,https://www.nikkei.com/article/DGXZQOUB20BOW0Q6A520C2000000/,https://news.ceek.jp/search.cgi?category_id=business&feed=1,ok,,経済
2026-09-13,2026-09-13T07:40:27.686830+09:00,全国紙,全国,日本経済新聞,明治ミルクチョコ、きょう誕生100年「昔はそば2杯分」 コラボ寝袋も,https://www.nikkei.com/article/DGXZQOUC113B60R10C26A9000000/,https://news.ceek.jp/search.cgi?category_id=business&feed=1,ok,,経済
2026-09-13,2026-09-13T07:40:27.686830+09:00,全国紙,全国,日本経済新聞,UCC上島珈琲、期間限定のアイスコーヒー専門店 46種を90円から提供,https://www.nikkei.com/article/DGXZQOUC310CE0R30C26A8000000/,https://news.ceek.jp/search.cgi?category_id=business&feed=1,ok,,経済
2026-09-13,2026-09-13T07:40:27.686830+09:00,その他メディア,,共同通信,「AI開発の減速必要」と主張 アンソロピック首脳、悪用懸念,https://www.47news.jp/14931446.html,https://news.ceek.jp/search.cgi?category_id=business&feed=1,ok,,経済
2026-09-13,2026-09-13T07:40:27.686830+09:00,その他メディア,,デイリースポーツ,「AI開発の減速必要」と主張,https://www.daily.co.jp/society/economics/2026/09/13/0020814358.shtml,https://news.ceek.jp/search.cgi?category_id=business&feed=1,ok,,経済
2026-09-13,2026-09-13T07:40:27.686830+09:00,その他メディア,,共同通信,【速報】アンソロCEO、AI業界に開発減速要求,https://www.47news.jp/14931420.html,https://news.ceek.jp/search.cgi?category_id=business&feed=1,ok,,経済
2026-09-13,2026-09-13T07:40:27.686830+09:00,その他メディア,,週刊エコノミスト,電動キックボードと安全歩行の両立に挑むベルリン 中山裕貴,https://weekly-economist.mainichi.jp/articles/20260929/se1/00m/020/057000c,https://news.ceek.jp/search.cgi?category_id=business&feed=1,ok,,経済
2026-09-13,2026-09-13T07:40:27.686830+09:00,その他メディア,,週刊エコノミスト,インドの最高裁長官に「ゴキブリ」と呼ばれた若年世代が国政を動かした 地頭所孝浩,https://weekly-economist.mainichi.jp/articles/20260929/se1/00m/020/058000c,https://news.ceek.jp/search.cgi?category_id=business&feed=1,ok,,経済
2026-09-13,2026-09-13T07:40:27.686830+09:00,全国紙,全国,産経新聞,変わる弁理士 権利化から企業価値化へ「伴走者」 上羽秀敏・日本弁理士会副会長の実践,https://www.sankei.com/article/20260912-OAFC62ZX4VMNHIKDRWPVBE4EDM/,https://news.ceek.jp/search.cgi?category_id=business&feed=1,ok,,経済
2026-09-13,2026-09-13T07:40:27.686830+09:00,全国紙,全国,産経新聞,民泊規制、各地の自治体で加速 訪日客人気の京都は市民7割が「強化すべき」,https://www.sankei.com/article/20260912-C2CHJUNQNZOJLICWZIKFOLJPLI/,https://news.ceek.jp/search.cgi?category_id=business&feed=1,ok,,経済
2026-09-13,2026-09-13T07:40:27.686830+09:00,全国紙,全国,読売新聞,「海底ケーブル敷設船」導入を政府支援...台湾周辺で相次ぐ切断事件、日本の大型5隻だけでリスク対応に懸念,https://www.yomiuri.co.jp/economy/20260912-GYT1T00222/,https://news.ceek.jp/search.cgi?category_id=business&feed=1,ok,,経済
2026-09-13,2026-09-13T07:40:27.686830+09:00,その他メディア,,EconomicNews,ドコモ、異なるメーカーの無線装置を接続 ノキア最新基地局で世界初の商用運用,http://economic.jp/?p=117541,https://news.ceek.jp/search.cgi?category_id=business&feed=1,ok,,経済
2026-09-13,2026-09-13T07:40:27.686830+09:00,その他メディア,,ハーバード・ビジネス・レビュー,企業広告はどんなとき必要になるか,https://dhbr.diamond.jp/articles/-/14304,https://news.ceek.jp/search.cgi?category_id=business&feed=1,ok,,経済
2026-09-13,2026-09-13T07:40:27.686830+09:00,全国紙,全国,朝日新聞,【社説】ニデックの不正 「永守流」経営と決別し、企業風土の刷新を,https://www.asahi.com/articles/ASV9C30PHV9CUSPT002M.html,https://news.ceek.jp/search.cgi?category_id=business&feed=1,ok,,経済
2026-09-13,2026-09-13T07:40:27.686830+09:00,その他メディア,,TBSテレビ,"顧客はイギリス王室、DIORも! 旅客機で輸送...世界を駆けるプラントハンター・西畠清順氏に密着! “4000万円""の植物の購入者は「にしたん社長」【ニュースキャスター】",https://newsdig.tbs.co.jp/articles/-/2936387?display=1,https://news.ceek.jp/search.cgi?category_id=business&feed=1,ok,,経済
2026-09-13,2026-09-13T07:40:27.686830+09:00,その他メディア,,フジテレビ,【コメ農家の本音】「コメ作り続けるのは厳しい」毎年変動する取引価格に困惑...300万円かけ新たな機械導入もコメの価格下落や資材高騰で苦境に,https://www.fnn.jp/articles/-/1113169,https://news.ceek.jp/search.cgi?category_id=business&feed=1,ok,,経済
2026-09-13,2026-09-13T07:40:27.686830+09:00,その他メディア,,東洋経済オンライン,"【原宿の売り場“争奪戦""】国内外のブランドが熱視線/人気区画は 「賃料2倍」のケースも/商業用不動産の空室率は0.1%/中韓勢の存在感/巨大店舗がオープン間近、超高収益・HUMAN MADEの異彩 | ビジネス",https://toyokeizai.net/articles/-/957887?display=b,https://news.ceek.jp/search.cgi?category_id=business&feed=1,ok,,経済
2026-09-13,2026-09-13T07:40:27.686830+09:00,全国紙,全国,日本経済新聞,ニデック、カンボジア生産から撤退へ タイ国境紛争受け,https://www.nikkei.com/article/DGXZQOUF121YH0S6A910C2000000/,https://news.ceek.jp/search.cgi?category_id=business&feed=1,ok,,経済
2026-09-13,2026-09-13T07:40:27.686830+09:00,全国紙,全国,日本経済新聞,iPhone18、前機種より1割超高く 国内携帯キャリア4社が予約開始,https://www.nikkei.com/article/DGXZQOUC121GG0S6A910C2000000/,https://news.ceek.jp/search.cgi?category_id=business&feed=1,ok,,経済
2026-09-13,2026-09-13T07:40:27.686830+09:00,全国紙,全国,日本経済新聞,富士通がAI半導体を輸出、スパコン技術活用 米国やアジアの需要開拓,https://www.nikkei.com/article/DGXZQOUC089IZ0Y6A900C2000000/,https://news.ceek.jp/search.cgi?category_id=business&feed=1,ok,,経済
2026-09-13,2026-09-13T07:40:27.686830+09:00,全国紙,全国,日本経済新聞,AI推論とは 学んだ内容もとに質問に回答、エージェントの性能支える,https://www.nikkei.com/article/DGXZQOUC105WR0Q6A910C2000000/,https://news.ceek.jp/search.cgi?category_id=business&feed=1,ok,,経済
2026-09-13,2026-09-13T07:40:27.686830+09:00,その他メディア,,Abema TIMES,"“焼きそばっぽいたこ焼き""もAIチラシ、多少のエラーは気にしない?スーパー・コモディイイダのキーマンが明かす“商品価格優先""完璧さを求めない戦略",https://times.abema.tv/articles/-/10272688?page=1,https://news.ceek.jp/search.cgi?category_id=business&feed=1,ok,,経済
2026-09-13,2026-09-13T07:40:27.686830+09:00,全国紙,全国,日本経済新聞,アシックス、神戸で個人向けIR説明会 全国8都市で株主獲得に汗,https://www.nikkei.com/article/DGXZQOUF106JT0Q6A910C2000000/,https://news.ceek.jp/search.cgi?category_id=business&feed=1,ok,,経済
2026-09-13,2026-09-13T07:40:27.686830+09:00,全国紙,全国,日本経済新聞,高市政権、長期金利上昇は「国際的流れ」 主張を覆う巨額債務リスク,https://www.nikkei.com/article/DGXZQOUA0280H0S6A900C2000000/,https://news.ceek.jp/search.cgi?category_id=business&feed=1,ok,,経済
2026-09-13,2026-09-13T07:40:27.686830+09:00,全国紙,全国,毎日新聞,米、利上げ予想が9割近くに 8月物価指数、上昇の勢い収まらず,https://mainichi.jp/articles/20260912/k00/00m/020/099000c,https://news.ceek.jp/search.cgi?category_id=business&feed=1,ok,,経済
2026-09-13,2026-09-13T07:40:27.686830+09:00,その他メディア,,東洋経済オンライン,日本にCIA型の秘密情報機関は不要、国家情報局に求められるのは将来予測ができる「頭脳集団」だ | キャリア・教育,https://toyokeizai.net/articles/-/957569,https://news.ceek.jp/search.cgi?category_id=business&feed=1,ok,,経済
2026-09-13,2026-09-13T07:40:27.686830+09:00,その他メディア,,東洋経済オンライン,全自動ナニー、ライフログツール...著名SF作家が描く子育てと技術の関係 テッド・チャン『息吹』を読む(上) | ライフ,https://toyokeizai.net/articles/-/957572,https://news.ceek.jp/search.cgi?category_id=business&feed=1,ok,,経済
2026-09-13,2026-09-13T07:40:27.686830+09:00,全国紙,全国,読売新聞,蒸気漏れトラブルで停止の美浜原発3号機が再起動、関西電力が発表...来月9日に営業運転を再開へ,https://www.yomiuri.co.jp/economy/20260912-GYT1T00162/,https://news.ceek.jp/search.cgi?category_id=business&feed=1,ok,,経済
2026-09-13,2026-09-13T07:40:27.686830+09:00,その他メディア,,Abema TIMES,国内初 航空機検査にドローン導入,https://times.abema.tv/articles/-/10272681?page=1,https://news.ceek.jp/search.cgi?category_id=business&feed=1,ok,,経済
2026-09-13,2026-09-13T07:40:27.686830+09:00,全国紙,全国,日本経済新聞,JR東海、中央線で特別列車「お酒学園」 「しなの」車両で地酒堪能,https://www.nikkei.com/article/DGXZQOFD120M30S6A910C2000000/,https://news.ceek.jp/search.cgi?category_id=business&feed=1,ok,,経済
2026-09-13,2026-09-13T07:40:27.686830+09:00,全国紙,全国,日本経済新聞,自治体の国債購入が急増、100倍の1.6兆円に 課題は「運用力格差」,https://www.nikkei.com/article/DGXZQOUB224S30S6A720C2000000/,https://news.ceek.jp/search.cgi?category_id=business&feed=1,ok,,経済
2026-09-13,2026-09-13T07:40:27.686830+09:00,全国紙,全国,日本経済新聞,アスクル、紙製の名札ホルダー販売 環境負荷を低減,https://www.nikkei.com/article/DGXZQOUC280X10Y6A820C2000000/,https://news.ceek.jp/search.cgi?category_id=business&feed=1,ok,,経済
2026-09-13,2026-09-13T07:40:27.686830+09:00,全国紙,全国,日本経済新聞,製造業の「リサイクル内製化」 エムダイヤが支援、車の再生プラなど,https://www.nikkei.com/article/DGXZQOCC0125K0R00C26A9000000/,https://news.ceek.jp/search.cgi?category_id=business&feed=1,ok,,経済
2026-09-13,2026-09-13T07:40:27.686830+09:00,全国紙,全国,日本経済新聞,エプソン販売、教育現場向け拡大コピー機 教材作成を効率化,https://www.nikkei.com/article/DGXZQOUC045090U6A900C2000000/,https://news.ceek.jp/search.cgi?category_id=business&feed=1,ok,,経済
2026-09-13,2026-09-13T07:40:27.686830+09:00,全国紙,全国,日本経済新聞,「串カツ田中」ロゴや店舗を刷新 若年層入りやすい店に,https://www.nikkei.com/article/DGXZQOUC046DZ0U6A900C2000000/,https://news.ceek.jp/search.cgi?category_id=business&feed=1,ok,,経済
2026-09-13,2026-09-13T07:40:27.686830+09:00,全国紙,全国,日本経済新聞,富士フイルム、小型・軽量の高性能交換レンズ 悪天候でも対応,https://www.nikkei.com/article/DGXZQOMG00010_U6A900C2000000/,https://news.ceek.jp/search.cgi?category_id=business&feed=1,ok,,経済
2026-09-13,2026-09-13T07:40:27.686830+09:00,全国紙,全国,日本経済新聞,27年園芸博の記念貨幣、財務省が発行 12月から申し込み,https://www.nikkei.com/article/DGXZQOUA112Z80R10C26A9000000/,https://news.ceek.jp/search.cgi?category_id=business&feed=1,ok,,経済
2026-09-13,2026-09-13T07:40:27.686830+09:00,その他メディア,,フジテレビ,屋久島で80歳男性が撲殺 84歳男を逮捕「事件のことはよく分からない」,https://www.fnn.jp/articles/-/1113276,https://news.ceek.jp/search.cgi?category_id=national&feed=1,ok,,社会
2026-09-13,2026-09-13T07:40:27.686830+09:00,その他メディア,,デイリー新潮,【豊臣兄弟!】家康との決戦「小牧・長久手」で壮絶な戦死を遂げた武将は 高祖父、曽祖父、父のほか6人兄弟も1人を除いて戦死した,https://www.dailyshincho.jp/article/2026/09130705/?all=1,https://news.ceek.jp/search.cgi?category_id=national&feed=1,ok,,社会
2026-09-13,2026-09-13T07:40:27.686830+09:00,その他メディア,,ポストセブン,"「SNSの“加害者晒し""が原因で犯人グループが地元の子を詰めて...」17歳少年死亡の裏にあった“犯人特定トラブル""、地元に渦巻く疑心暗鬼【相模原】",https://www.news-postseven.com/archives/20260913_2131558.html,https://news.ceek.jp/search.cgi?category_id=national&feed=1,ok,,社会
2026-09-13,2026-09-13T07:40:27.686830+09:00,その他メディア,,ポストセブン,"《10代の少年4人が“リンチ""に関与か》高2男子が煽り運転の末に死亡、「“犯人探し""のウワサが出回っていた」地元で起こっていた不穏な動き【相模原】",https://www.news-postseven.com/archives/20260913_2131557.html,https://news.ceek.jp/search.cgi?category_id=national&feed=1,ok,,社会
2026-09-13,2026-09-13T07:40:27.686830+09:00,その他メディア,,デイリー新潮,"AIの台頭で相次ぐ「フリーライター」の“廃業""...フリーランス歴25年のネット編集者が「それでも夢のある職業」と語る理由",https://www.dailyshincho.jp/article/2026/09130700/?all=1,https://news.ceek.jp/search.cgi?category_id=national&feed=1,ok,,社会
2026-09-13,2026-09-13T07:40:27.686830+09:00,全国紙,全国,朝日新聞,罪と向き合う対話サークル 他人の痛みと自分の生きづらさに気づく,https://www.asahi.com/articles/ASV9C0CKZV9CULLI00PM.html,https://news.ceek.jp/search.cgi?category_id=national&feed=1,ok,,社会
2026-09-13,2026-09-13T07:40:27.686830+09:00,その他メディア,,週刊女性PRIME,"《内閣広報室の72億円要求に批判殺到》 鈴木農水相の“かぶりもの動画""に〈血税で芸人の真似事するな〉の声...美術家・奈良美智氏も苦言",https://www.jprime.jp/articles/-/43548,https://news.ceek.jp/search.cgi?category_id=national&feed=1,ok,,社会
2026-09-13,2026-09-13T07:40:27.686830+09:00,その他メディア,,テレビ朝日,"ケーキ店 殺人・放火事件 “関与の男性""前日にも店を訪問 岐阜",https://news.tv-asahi.co.jp/news_society/articles/000533002.html,https://news.ceek.jp/search.cgi?category_id=national&feed=1,ok,,社会
2026-09-13,2026-09-13T07:40:27.686830+09:00,その他メディア,,フジテレビ,秋の交通安全運動前に「ぺこぱ」らが交通安全呼びかけ 生活道路の法定速度順守も,https://www.fnn.jp/articles/-/1113279,https://news.ceek.jp/search.cgi?category_id=national&feed=1,ok,,社会
2026-09-13,2026-09-13T07:40:27.686830+09:00,その他メディア,,フジテレビ,首都高横羽線で5台絡む事故 4人軽傷 一部区間で一時通行止めも 神奈川・川崎市,https://www.fnn.jp/articles/-/1113278,https://news.ceek.jp/search.cgi?category_id=national&feed=1,ok,,社会
2026-09-13,2026-09-13T07:40:27.686830+09:00,その他メディア,,フジテレビ,治療院兼住宅で火事 2人死亡 住人の70代夫婦と連絡取れず 埼玉・寄居町,https://www.fnn.jp/articles/-/1113274,https://news.ceek.jp/search.cgi?category_id=national&feed=1,ok,,社会
2026-09-13,2026-09-13T07:40:27.686830+09:00,その他メディア,,Smart FLASH,"【トイプードル警察犬、現場を駈ける】犬種不問になって “シェパード一強"" に変化が...指導手に聞いた育成事情「人が育たなきゃ、犬も育ちません!」",https://smart-flash.jp/sociopolitics/428116/,https://news.ceek.jp/search.cgi?category_id=national&feed=1,ok,,社会
2026-09-13,2026-09-13T07:40:27.686830+09:00,その他メディア,,現代ビジネス,"逆風が強すぎる板野友美「脱衣所撮影」の大炎上...リッツ・カールトン日光が認めた“説明不足""とは",https://gendai.media/articles/-/171108,https://news.ceek.jp/search.cgi?category_id=national&feed=1,ok,,社会
2026-09-13,2026-09-13T07:40:27.686830+09:00,その他メディア,,現代ビジネス,「引き返したフリ」で怯える敵機をおびき寄せた...「無敵零戦」伝説の始まりとなった初空戦,https://gendai.media/articles/-/170231,https://news.ceek.jp/search.cgi?category_id=national&feed=1,ok,,社会
2026-09-13,2026-09-13T07:40:27.686830+09:00,その他メディア,,現代ビジネス,敵機30機のうち27機を撃墜...無敵神話の始まりとなった「零戦の初陣」,https://gendai.media/articles/-/170230,https://news.ceek.jp/search.cgi?category_id=national&feed=1,ok,,社会
2026-09-13,2026-09-13T07:40:27.686830+09:00,その他メディア,,日刊ゲンダイ,「法の支配」の崩壊はとっくの昔から始まっていた...『新書 世界現代史』の著者が説く,https://www.nikkan-gendai.com/articles/view/news/392829,https://news.ceek.jp/search.cgi?category_id=national&feed=1,ok,,社会
2026-09-13,2026-09-13T07:40:27.686830+09:00,その他メディア,,日刊ゲンダイ,トランプ大統領「共和党が勝てば1人77万円支給」宣言の仰天...米中間選挙で票は増えるのか?,https://www.nikkan-gendai.com/articles/view/news/392910,https://news.ceek.jp/search.cgi?category_id=national&feed=1,ok,,社会
2026-09-13,2026-09-13T07:40:27.686830+09:00,その他メディア,,日刊ゲンダイ,"「中道」解体で玉木国民民主は高笑い “泉新党""合流で野党勢力の新たな結集軸になるか",https://www.nikkan-gendai.com/articles/view/news/392917,https://news.ceek.jp/search.cgi?category_id=national&feed=1,ok,,社会
2026-09-13,2026-09-13T07:40:27.686830+09:00,その他メディア,,日刊ゲンダイ,当直勤務の仮眠時間帯に...兵庫県警の不倫カップルが深夜の署内や車中で大胆ハメハメ,https://www.nikkan-gendai.com/articles/view/newsx/392911,https://news.ceek.jp/search.cgi?category_id=national&feed=1,ok,,社会
2026-09-13,2026-09-13T07:40:27.686830+09:00,その他メディア,,フジテレビ,鹿児島県で最大震度2の地震 鹿児島県・鹿児島十島村、屋久島町,https://www.fnn.jp/articles/-/1113272,https://news.ceek.jp/search.cgi?category_id=national&feed=1,ok,,社会
2026-09-13,2026-09-13T07:40:27.686830+09:00,その他メディア,,スポニチ,故ダイアナ元妃 「リベンジドレス」12月競売に 落札予想価格は約2300万~4600万円,https://www.sponichi.co.jp/society/news/2026/09/13/kiji/20260912s00042000424000c.html,https://news.ceek.jp/search.cgi?category_id=national&feed=1,ok,,社会
2026-09-13,2026-09-13T07:40:27.686830+09:00,その他メディア,,スポニチ,イオンモール熊本 全テナントに契約解除を打診,https://www.sponichi.co.jp/society/news/2026/09/13/kiji/20260912s00042000428000c.html,https://news.ceek.jp/search.cgi?category_id=national&feed=1,ok,,社会
2026-09-13,2026-09-13T07:40:27.686830+09:00,その他メディア,,スポニチ,岐阜ケーキ店火災 入院の女性店主死亡 目立つ外傷なく死因捜査中,https://www.sponichi.co.jp/society/news/2026/09/13/kiji/20260912s00042000420000c.html,https://news.ceek.jp/search.cgi?category_id=national&feed=1,ok,,社会
2026-09-13,2026-09-13T07:40:27.686830+09:00,全国紙,全国,読売新聞,血液内科医採用 3割ゼロ 業務量の多さ敬遠...診療科調査、3年で,https://www.yomiuri.co.jp/medical/20260913-GYT1T00059/,https://news.ceek.jp/search.cgi?category_id=national&feed=1,ok,,社会
2026-09-13,2026-09-13T07:40:27.686830+09:00,全国紙,全国,読売新聞,[あすへの考]【自殺を防ぐ】「つながり」 追い詰められる前に...元秋田大准教授 佐々木久長氏 66,https://www.yomiuri.co.jp/national/20260912-GYT1T00197/,https://news.ceek.jp/search.cgi?category_id=national&feed=1,ok,,社会
2026-09-13,2026-09-13T07:40:27.686830+09:00,全国紙,全国,読売新聞,「たからもの」撮り続けた母 息子の命の「証し」 CMに...2000年9月[あれから]<73>,https://www.yomiuri.co.jp/national/20260912-GYT1T00228/,https://news.ceek.jp/search.cgi?category_id=national&feed=1,ok,,社会
2026-09-13,2026-09-13T07:40:27.686830+09:00,全国紙,全国,読売新聞,[顔]酒蔵から 文理融合学問に挑む...「日本酒学」の確立を目指す新潟大学教授 岸保行さん 46,https://www.yomiuri.co.jp/national/20260912-GYT1T00266/,https://news.ceek.jp/search.cgi?category_id=national&feed=1,ok,,社会
2026-09-13,2026-09-13T07:40:27.686830+09:00,全国紙,全国,読売新聞,冠水の恐れがあるアンダーパスを持つのは148自治体、3割は「予防的通行規制」を実施・検討開始...読売新聞調査,https://www.yomiuri.co.jp/national/20260912-GYT1T00308/,https://news.ceek.jp/search.cgi?category_id=national&feed=1,ok,,社会
2026-09-13,2026-09-13T07:40:27.686830+09:00,全国紙,全国,読売新聞,[都市型水害 検証 千葉豪雨]まだ進める 誤った判断...119番パンク 車乗り捨て3100台,https://www.yomiuri.co.jp/national/20260913-GYT1T00004/,https://news.ceek.jp/search.cgi?category_id=national&feed=1,ok,,社会
2026-09-13,2026-09-13T07:40:27.686830+09:00,全国紙,全国,読売新聞,土砂・洪水氾濫 ハザードマップ整備促す...国交省 自治体向け手引公表へ,https://www.yomiuri.co.jp/national/20260913-GYT1T00061/,https://news.ceek.jp/search.cgi?category_id=national&feed=1,ok,,社会
2026-09-13,2026-09-13T07:40:27.686830+09:00,全国紙,全国,日本経済新聞,焼酎・ビール・チーズ...... わたしの働き方を変えた「好きなもの」,https://www.nikkei.com/article/DGXZQOUD108JL0Q6A910C2000000/,https://news.ceek.jp/search.cgi?category_id=national&feed=1,ok,,社会
2026-09-13,2026-09-13T07:40:27.686830+09:00,その他メディア,,フジテレビ,東京都で最大震度2の地震 東京都・三宅村、御蔵島村,https://www.fnn.jp/articles/-/1113214,https://news.ceek.jp/search.cgi?category_id=national&feed=1,ok,,社会
2026-09-13,2026-09-13T07:40:27.686830+09:00,その他メディア,,サンケイスポーツ,ネパール、土石流被害2760億円 年間予算の12%、観光業も影響拡大,https://www.sanspo.com/article/20260913-KT23PEWYQJI2TPI7STS3NGEZ3I/,https://news.ceek.jp/search.cgi?category_id=national&feed=1,ok,,社会
2026-09-13,2026-09-13T07:40:27.686830+09:00,その他メディア,,サンケイスポーツ,ゼレンスキー大統領が渡米用意 G20サミットにプーチン氏出席の場合「会談必要」,https://www.sanspo.com/article/20260913-EPVWXMUWWNPUBAYCDW3GKBOJ2M/,https://news.ceek.jp/search.cgi?category_id=national&feed=1,ok,,社会
2026-09-13,2026-09-13T07:40:27.686830+09:00,その他メディア,,サンケイスポーツ,米アンソロピックCEO「われわれはAI開発を遅らせなければならない」 制御不能、悪用のリスク,https://www.sanspo.com/article/20260913-O53AYSRGCBLNLM2LUIYWN4JAOA/,https://news.ceek.jp/search.cgi?category_id=national&feed=1,ok,,社会
2026-09-13,2026-09-13T07:40:27.686830+09:00,その他メディア,,Abema TIMES,【独自検証】48の映像と地形から紐解く浸水リスクが高い場所と注意点とは,https://times.abema.tv/articles/-/10272719?page=1,https://news.ceek.jp/search.cgi?category_id=national&feed=1,ok,,社会
2026-09-13,2026-09-13T07:40:27.686830+09:00,その他メディア,,テレビ朝日,【独自検証】48の映像と地形から紐解く浸水リスクが高い場所と注意点とは,https://news.tv-asahi.co.jp/news_society/articles/900199534.html,https://news.ceek.jp/search.cgi?category_id=national&feed=1,ok,,社会
2026-09-13,2026-09-13T07:40:27.686830+09:00,全国紙,全国,日本経済新聞,片付け追われ住民疲労、住宅被害は7000棟超 千葉豪雨1カ月,https://www.nikkei.com/article/DGXZQOUD121PD0S6A910C2000000/,https://news.ceek.jp/search.cgi?category_id=national&feed=1,ok,,社会
2026-09-13,2026-09-13T07:40:27.686830+09:00,その他メディア,,Abema TIMES,"富士山閉山後の登山道に“海外の団体客""も 閉山期に“年間1万人""の実態明らかに",https://times.abema.tv/articles/-/10272717?page=1,https://news.ceek.jp/search.cgi?category_id=national&feed=1,ok,,社会
2026-09-13,2026-09-13T07:40:27.686830+09:00,その他メディア,,テレビ朝日,"富士山閉山後の登山道に“海外の団体客""も 閉山期に“年間1万人""の実態明らかに",https://news.tv-asahi.co.jp/news_society/articles/900199533.html,https://news.ceek.jp/search.cgi?category_id=national&feed=1,ok,,社会
2026-09-13,2026-09-13T07:40:27.686830+09:00,その他メディア,,フジテレビ,世界最大級の噴水を船上から満喫 参加者は迫力に歓声 東京・お台場,https://www.fnn.jp/articles/-/1113208,https://news.ceek.jp/search.cgi?category_id=national&feed=1,ok,,社会
2026-09-13,2026-09-13T07:40:27.686830+09:00,その他メディア,,フジテレビ,前侍ジャパン・井端弘和監督が一日警察署長 自転車乗る際「頭を守って」,https://www.fnn.jp/articles/-/1113206,https://news.ceek.jp/search.cgi?category_id=national&feed=1,ok,,社会
2026-09-13,2026-09-13T07:40:27.686830+09:00,その他メディア,,TBSテレビ,横浜市で車3台が絡む事故 ひき逃げなどの疑いで40歳の男を逮捕 男からアルコール検出,https://newsdig.tbs.co.jp/articles/-/2940941?display=1,https://news.ceek.jp/search.cgi?category_id=national&feed=1,ok,,社会
2026-09-13,2026-09-13T07:40:27.686830+09:00,その他メディア,,フジテレビ,長野県で最大震度1の地震 長野県・松川村,https://www.fnn.jp/articles/-/1113205,https://news.ceek.jp/search.cgi?category_id=national&feed=1,ok,,社会
2026-09-13,2026-09-13T07:40:27.686830+09:00,その他メディア,,フジテレビ,紀子さま ベトナム王女と日本の商人の物語『アニオー姫』のミュージカルを鑑賞 手元にはベトナムの国花・蓮をあしらったバッグ,https://www.fnn.jp/articles/-/1113204,https://news.ceek.jp/search.cgi?category_id=national&feed=1,ok,,社会
2026-09-13,2026-09-13T07:40:27.686830+09:00,その他メディア,,フジテレビ,陸上大会で集団食中毒か 28人救急搬送 配布の弁当が原因か 京都市,https://www.fnn.jp/articles/-/1113203,https://news.ceek.jp/search.cgi?category_id=national&feed=1,ok,,社会
2026-09-13,2026-09-13T07:40:27.686830+09:00,その他メディア,,日本テレビ,民家の庭先で犬がクマに襲われる 飼い主が金属バットで追い払う 長野・塩尻市,https://news.ntv.co.jp/category/society/4871161be184475ca8f0e6eb0d1d93e0,https://news.ceek.jp/search.cgi?category_id=national&feed=1,ok,,社会
2026-09-13,2026-09-13T07:40:27.686830+09:00,その他メディア,,TBSテレビ,埼玉・寄居町の治療院兼住宅で火事 男女2人が死亡,https://newsdig.tbs.co.jp/articles/-/2940938?display=1,https://news.ceek.jp/search.cgi?category_id=national&feed=1,ok,,社会
2026-09-13,2026-09-13T07:40:27.686830+09:00,その他メディア,,日刊スポーツ,任天堂がファミコン用ゲームソフト「スーパーマリオブラザーズ」を発売/今日は?,https://www.nikkansports.com/general/news/202609120000484.html,https://news.ceek.jp/search.cgi?category_id=national&feed=1,ok,,社会
2026-09-13,2026-09-13T07:40:27.686830+09:00,その他メディア,,テレビ朝日,埼玉・寄居町の鍼灸院で火事 2人死亡 70代夫婦と連絡取れず,https://news.tv-asahi.co.jp/news_society/articles/000532992.html,https://news.ceek.jp/search.cgi?category_id=national&feed=1,ok,,社会
2026-09-13,2026-09-13T07:40:27.686830+09:00,全国紙,全国,読売新聞,埼玉・寄居町の治療院で火災、男女2人が搬送先で死亡...70代の夫婦と連絡取れず,https://www.yomiuri.co.jp/national/20260912-GYT1T00333/,https://news.ceek.jp/search.cgi?category_id=national&feed=1,ok,,社会
2026-09-13,2026-09-13T07:40:27.686830+09:00,その他メディア,,共同通信,店舗兼住宅で火災男女死亡 70代夫婦か、埼玉・寄居町,https://www.47news.jp/14931332.html,https://news.ceek.jp/search.cgi?category_id=national&feed=1,ok,,社会
2026-09-13,2026-09-13T07:40:27.686830+09:00,その他メディア,,デイリースポーツ,店舗兼住宅で火災男女死亡,https://www.daily.co.jp/society/national/2026/09/12/0020813925.shtml,https://news.ceek.jp/search.cgi?category_id=national&feed=1,ok,,社会
2026-09-13,2026-09-13T07:40:27.686830+09:00,全国紙,全国,読売新聞,熊本地震でSNSに根拠なき情報「炊き出しでイスラム教徒に配慮」...食事提供の自治体は「宗教的対応していない」,https://www.yomiuri.co.jp/national/20260912-GYT1T00285/,https://news.ceek.jp/search.cgi?category_id=national&feed=1,ok,,社会
2026-09-13,2026-09-13T07:40:27.686830+09:00,その他メディア,,デイリースポーツ,陸上の選手権会場で食中毒か,https://www.daily.co.jp/society/national/2026/09/12/0020812983.shtml,https://news.ceek.jp/search.cgi?category_id=national&feed=1,ok,,社会
2026-09-13,2026-09-13T07:40:27.686830+09:00,その他メディア,,共同通信,陸上の選手権会場で食中毒か 京都、スタッフら28人搬送,https://www.47news.jp/14930657.html,https://news.ceek.jp/search.cgi?category_id=national&feed=1,ok,,社会
2026-09-13,2026-09-13T07:40:27.686830+09:00,その他メディア,,共同通信,【速報】埼玉の店舗兼住宅で火災、2人死亡,https://www.47news.jp/14931172.html,https://news.ceek.jp/search.cgi?category_id=national&feed=1,ok,,社会
2026-09-13,2026-09-13T07:40:27.686830+09:00,全国紙,全国,産経新聞,19歳男性溺れ重体 高松市の海水浴場,https://www.sankei.com/article/20260912-EZ2VMO2OBZJFRGU2G6VMQCZWFU/,https://news.ceek.jp/search.cgi?category_id=national&feed=1,ok,,社会
2026-09-13,2026-09-13T07:40:27.686830+09:00,全国紙,全国,読売新聞,仕出し弁当で集団食中毒か、京都市で陸上競技関係者28人が病院搬送...全日本実業団対抗選手権の会場,https://www.yomiuri.co.jp/national/20260912-GYT1T00260/,https://news.ceek.jp/search.cgi?category_id=national&feed=1,ok,,社会
2026-09-13,2026-09-13T07:40:27.686830+09:00,その他メディア,,サンケイスポーツ,藤井聡太六冠、JT杯ベスト4逃して100敗目 「1手1万円」で大会は210万円を熊本県に寄付/将棋,https://www.sanspo.com/article/20260912-54B3ZQ2TOZBULFU67CXHS55BF4/,https://news.ceek.jp/search.cgi?category_id=national&feed=1,ok,,社会
2026-09-13,2026-09-13T07:40:27.686830+09:00,その他メディア,,共同通信,紀子さま、ミュージカル鑑賞 日越恋物語「アニオー姫」,https://www.47news.jp/14931014.html,https://news.ceek.jp/search.cgi?category_id=national&feed=1,ok,,社会
2026-09-13,2026-09-13T07:40:27.686830+09:00,その他メディア,,デイリースポーツ,紀子さま、ミュージカル鑑賞,https://www.daily.co.jp/society/national/2026/09/12/0020813315.shtml,https://news.ceek.jp/search.cgi?category_id=national&feed=1,ok,,社会
2026-09-13,2026-09-13T07:40:27.686830+09:00,その他メディア,,共同通信,【独自】対米投資、次世代原発が有力 AI覇権争い、インフラを整備,https://www.47news.jp/14930962.html,https://news.ceek.jp/search.cgi?category_id=national&feed=1,ok,,社会
2026-09-13,2026-09-13T07:40:27.686830+09:00,その他メディア,,TBSテレビ,"人権侵害の一方で...外国人労働者の獲得競争が加熱 迫る“受け入れ上限""日本が「選ばれない国」の懸念も【報道特集】",https://newsdig.tbs.co.jp/articles/-/2940905?display=1,https://news.ceek.jp/search.cgi?category_id=national&feed=1,ok,,社会
2026-09-13,2026-09-13T07:40:27.686830+09:00,その他メディア,,TBSテレビ,寮にはネズミも...劣悪環境で働く外国人労働者 暴行・人権侵害の訴え相次ぐ【報道特集】,https://newsdig.tbs.co.jp/articles/-/2940898?display=1,https://news.ceek.jp/search.cgi?category_id=national&feed=1,ok,,社会
2026-09-13,2026-09-13T07:40:27.686830+09:00,全国紙,全国,毎日新聞,全日本実業団陸上の会場でスタッフら28人搬送 集団食中毒か,https://mainichi.jp/articles/20260912/k00/00m/040/156000c,https://news.ceek.jp/search.cgi?category_id=national&feed=1,ok,,社会
2026-09-13,2026-09-13T07:40:27.686830+09:00,全国紙,全国,読売新聞,北海道北見市でタマネギの収穫が最盛期、豊作で「今年は玉も大きい」,https://www.yomiuri.co.jp/national/20260912-GYT1T00218/,https://news.ceek.jp/search.cgi?category_id=national&feed=1,ok,,社会
2026-09-13,2026-09-13T07:40:27.686830+09:00,その他メディア,,テレビ朝日,「荷物のことを考えていた」4tトラックが横断歩道に突っ込み68歳女性が意識不明の重体,https://news.tv-asahi.co.jp/news_society/articles/000532963.html,https://news.ceek.jp/search.cgi?category_id=national&feed=1,ok,,社会
2026-09-13,2026-09-13T07:40:27.686830+09:00,その他メディア,,フジテレビ,「ぺこぱ」と警視総監が交通安全呼びかけ 生活道路は時速30キロへ 秋の全国交通安全運動を前に啓発イベント,https://www.fnn.jp/articles/-/1113190,https://news.ceek.jp/search.cgi?category_id=national&feed=1,ok,,社会
2026-09-13,2026-09-13T07:40:27.686830+09:00,その他メディア,,日刊スポーツ,【白玲戦】西山朋佳白玲が逆転勝ち 女性初の棋士へあと2勝「方針の難しい将棋だった」,https://www.nikkansports.com/general/news/202609120001424.html,https://news.ceek.jp/search.cgi?category_id=national&feed=1,ok,,社会
2026-09-13,2026-09-13T07:40:27.686830+09:00,その他メディア,,フジテレビ,ねづっちさんが一日警察署長 「事故・自己に気をつけよう」交通安全を呼びかけ 秋の全国交通安全運動を前に,https://www.fnn.jp/articles/-/1113191,https://news.ceek.jp/search.cgi?category_id=national&feed=1,ok,,社会
2026-09-13,2026-09-13T07:40:27.686830+09:00,その他メディア,,フジテレビ,"【家計のミカタ】豊作タマネギを味わおう!栄養素を逃がさないコツは?水にさらさず空気にさらす&煮込むよりも電子レンジ加熱→農家おすすめ""必見レシピ""驚きの保存方法も〈北海道〉",https://www.fnn.jp/articles/-/1113189,https://news.ceek.jp/search.cgi?category_id=national&feed=1,ok,,社会
2026-09-13,2026-09-13T07:40:27.686830+09:00,全国紙,全国,日本経済新聞,陸上の全日本実業団対抗選手権会場で食中毒か、京都で28人搬送,https://www.nikkei.com/article/DGXZQOUD122E30S6A910C2000000/,https://news.ceek.jp/search.cgi?category_id=national&feed=1,ok,,社会
2026-09-13,2026-09-13T07:40:27.686830+09:00,その他メディア,,日刊スポーツ,陸上の全日本実業団対抗選手権で食中毒か 弁当食べたスタッフ23人が病院搬送 男性1人重症,https://www.nikkansports.com/general/news/202609120001373.html,https://news.ceek.jp/search.cgi?category_id=national&feed=1,ok,,社会
2026-09-13,2026-09-13T07:40:27.686830+09:00,全国紙,全国,毎日新聞,秋の訪れ告げる「放生会」筥崎宮で始まる 博多三大祭りの一つ,https://mainichi.jp/articles/20260912/k00/00m/040/145000c,https://news.ceek.jp/search.cgi?category_id=national&feed=1,ok,,社会
2026-09-13,2026-09-13T07:40:27.686830+09:00,全国紙,全国,産経新聞,千葉豪雨から1カ月、今も断水のマンション「トイレは隣のビル」高齢女性「家に戻りたい」,https://www.sankei.com/article/20260912-J3UJDVHZWZLD3JR7SGIVNJN4N4/,https://news.ceek.jp/search.cgi?category_id=national&feed=1,ok,,社会
2026-09-13,2026-09-13T07:40:27.686830+09:00,その他メディア,,日刊スポーツ,トランプ大統領の共和党後継候補、バンス副大統領の公算高まる 党大会で観衆は「48」コール,https://www.nikkansports.com/general/news/202609120001222.html,https://news.ceek.jp/search.cgi?category_id=national&feed=1,ok,,社会
2026-09-13,2026-09-13T07:40:27.686830+09:00,その他メディア,,日刊スポーツ,【JT杯】藤井聡太6冠 連覇途絶える 熊本復興応援対局で被災地に熱戦届ける,https://www.nikkansports.com/general/news/202609120001306.html,https://news.ceek.jp/search.cgi?category_id=national&feed=1,ok,,社会
2026-09-13,2026-09-13T07:40:27.686830+09:00,全国紙,全国,産経新聞,全日本実業団で集団食中毒の疑い、23人が搬送 主催者用意の弁当が原因か,https://www.sankei.com/article/20260912-7KH3466NWBPLDP3BRC2GHNY2GQ/,https://news.ceek.jp/search.cgi?category_id=national&feed=1,ok,,社会
2026-09-13,2026-09-13T07:40:27.686830+09:00,その他メディア,,TBSテレビ,維新・藤田共同代表『大臣・副大臣・政務官全て入れた上でフルスペックでの連立を』来週17日にも行う予定の内閣改造めぐり,https://newsdig.tbs.co.jp/articles/-/2940893?display=1,https://news.ceek.jp/search.cgi?category_id=national&feed=1,ok,,社会
2026-09-13,2026-09-13T07:40:27.686830+09:00,全国紙,全国,東京新聞,アムネスティ日本で「パワハラ」認定...調査委が報告書 前事務局長は既に退職、告発した被害者も退職へ,https://www.tokyo-np.co.jp/article/515171,https://news.ceek.jp/search.cgi?category_id=national&feed=1,ok,,社会
2026-09-13,2026-09-13T07:40:27.686830+09:00,その他メディア,,Abema TIMES,比 残留2世(95) 日本国籍回復認められず 最高裁へ,https://times.abema.tv/articles/-/10272696?page=1,https://news.ceek.jp/search.cgi?category_id=national&feed=1,ok,,社会
2026-09-13,2026-09-13T07:40:27.686830+09:00,その他メディア,,Abema TIMES,京都 陸上競技場で食中毒か 20人以上病院搬送,https://times.abema.tv/articles/-/10272697?page=1,https://news.ceek.jp/search.cgi?category_id=national&feed=1,ok,,社会
2026-09-13,2026-09-13T07:40:27.686830+09:00,全国紙,全国,産経新聞,ニンジン畑、種のまき直しも浸水再び「不安しかない」 千葉豪雨1カ月 農業被害80億円,https://www.sankei.com/article/20260912-MSJFCEIQNRO6HDKFYVE7WM4CY4/,https://news.ceek.jp/search.cgi?category_id=national&feed=1,ok,,社会
2026-09-13,2026-09-13T07:40:27.686830+09:00,その他メディア,,共同通信,献金被害救済「諦めないで」 旧統一教会で相談会、京都,https://www.47news.jp/14930438.html,https://news.ceek.jp/search.cgi?category_id=national&feed=1,ok,,社会
2026-09-13,2026-09-13T07:40:27.686830+09:00,その他メディア,,テレビ朝日,立川市は交通事故が都内最多 書道・ダンス...様々パフォーマンスで防止訴え,https://news.tv-asahi.co.jp/news_society/articles/000532978.html,https://news.ceek.jp/search.cgi?category_id=national&feed=1,ok,,社会
2026-09-13,2026-09-13T07:40:27.686830+09:00,その他メディア,,Jams.TV,M1延伸区間、予定前倒しで開通,https://www.jams.tv/news/290289,https://news.ceek.jp/search.cgi?category_id=world&feed=1,ok,,国際
2026-09-13,2026-09-13T07:40:27.686830+09:00,その他メディア,,TBSテレビ,10歳義足の新体操選手「亡くなった子どもたちを忘れないで...」ミサイル攻撃で左脚切断 平和を願い続ける少女を支える「LUNA SEA」SUGIZOが寄り添う理由,https://newsdig.tbs.co.jp/articles/-/2940902?display=1,https://news.ceek.jp/search.cgi?category_id=world&feed=1,ok,,国際
2026-09-13,2026-09-13T07:40:27.686830+09:00,その他メディア,,デイリースポーツ,G20で首脳会談「不可能」,https://www.daily.co.jp/society/world/2026/09/13/0020814507.shtml,https://news.ceek.jp/search.cgi?category_id=world&feed=1,ok,,国際
2026-09-13,2026-09-13T07:40:27.686830+09:00,その他メディア,,AFPBB News,BRICS首脳、中東情勢に「深い懸念」表明、「最大限の自制」呼びかけ,https://www.afpbb.com/articles/-/3652653,https://news.ceek.jp/search.cgi?category_id=world&feed=1,ok,,国際
2026-09-13,2026-09-13T07:40:27.686830+09:00,その他メディア,,AFPBB News,ゼレンスキー氏、G20でプーチン氏との会談に意欲 ロシア側は即座に拒否,https://www.afpbb.com/articles/-/3652652,https://news.ceek.jp/search.cgi?category_id=world&feed=1,ok,,国際
2026-09-13,2026-09-13T07:40:27.686830+09:00,その他メディア,,フジテレビ,"転がる巨大給水タンクと男性“間一髪""直撃を免れた瞬間 修理中のバイク炎上、息を「ふーふー」吹きかけ消火する男性も トルコ",https://www.fnn.jp/articles/-/1112853,https://news.ceek.jp/search.cgi?category_id=world&feed=1,ok,,国際
2026-09-13,2026-09-13T07:40:27.686830+09:00,その他メディア,,TBSテレビ,日本映画2作品は受賞逃す ベネチア国際映画祭 金獅子賞「Woman Unknown」,https://newsdig.tbs.co.jp/articles/-/2940966?display=1,https://news.ceek.jp/search.cgi?category_id=world&feed=1,ok,,国際
2026-09-13,2026-09-13T07:40:27.686830+09:00,その他メディア,,ポストセブン,《ピンクシャツの中年女性が両手で包丁を振り回し...》「あなたたちを殺す」 大都会で無差別襲撃し産休復帰初日の超エリート美女(32)が犠牲に【アメリカ】,https://www.news-postseven.com/archives/20260913_2130459.html,https://news.ceek.jp/search.cgi?category_id=world&feed=1,ok,,国際
2026-09-13,2026-09-13T07:40:27.686830+09:00,全国紙,全国,産経新聞,フーシ派拠点や通信システムを空爆、サウジ支援のイエメン暫定政権 サウジではモスク損傷,https://www.sankei.com/article/20260913-EMRCGDG5RZOOHCISRZVL4SOEJU/,https://news.ceek.jp/search.cgi?category_id=world&feed=1,ok,,国際
2026-09-13,2026-09-13T07:40:27.686830+09:00,その他メディア,,共同通信,米仲介再開で限定停戦の可能性も 松田元駐ウクライナ大使,https://www.47news.jp/14931880.html,https://news.ceek.jp/search.cgi?category_id=world&feed=1,ok,,国際
2026-09-13,2026-09-13T07:40:27.686830+09:00,その他メディア,,テレビ朝日,「AI開発、減速を」 アンソロピックCEOが警告 トランプ氏開発競争を重視,https://news.tv-asahi.co.jp/news_international/articles/000533009.html,https://news.ceek.jp/search.cgi?category_id=world&feed=1,ok,,国際
2026-09-13,2026-09-13T07:40:27.686830+09:00,その他メディア,,テレビ朝日,ネパール土石流 救出の作業員「祈りの言葉を何度も唱えた」,https://news.tv-asahi.co.jp/news_international/articles/000533003.html,https://news.ceek.jp/search.cgi?category_id=world&feed=1,ok,,国際
2026-09-13,2026-09-13T07:40:27.686830+09:00,その他メディア,,デイリースポーツ,米仲介再開で限定停戦の可能性も,https://www.daily.co.jp/society/world/2026/09/13/0020814477.shtml,https://news.ceek.jp/search.cgi?category_id=world&feed=1,ok,,国際
2026-09-13,2026-09-13T07:40:27.686830+09:00,その他メディア,,共同通信,【速報】日本の弦楽四重奏団が独コンクールで3位,https://www.47news.jp/14931879.html,https://news.ceek.jp/search.cgi?category_id=world&feed=1,ok,,国際
2026-09-13,2026-09-13T07:40:27.686830+09:00,その他メディア,,テレビ朝日,戦後の悲劇描く北欧映画に金獅子賞 ベネチア国際映画祭 日本の2作品は受賞ならず,https://news.tv-asahi.co.jp/news_international/articles/000533007.html,https://news.ceek.jp/search.cgi?category_id=world&feed=1,ok,,国際
2026-09-13,2026-09-13T07:40:27.686830+09:00,その他メディア,,TBSテレビ,"「尖閣に行きますか?」東シナ海の漁解禁 で“海上民兵""も乗船か...「譲歩しない」中国・習近平主席の思惑は 専門家分析",https://newsdig.tbs.co.jp/articles/-/2940176?display=1,https://news.ceek.jp/search.cgi?category_id=world&feed=1,ok,,国際
2026-09-13,2026-09-13T07:40:27.686830+09:00,その他メディア,,テレビ朝日,ホルムズ海峡巡りイランとオマーンは既に合意 14日にオマーンで公表 イランメディア,https://news.tv-asahi.co.jp/news_international/articles/000532999.html,https://news.ceek.jp/search.cgi?category_id=world&feed=1,ok,,国際
2026-09-13,2026-09-13T07:40:27.686830+09:00,全国紙,全国,読売新聞,[スキャナー]米SNS依存訴訟 メタ子供対策 標準化焦点...和解条件に利用時間制限,https://www.yomiuri.co.jp/world/20260912-GYT1T00288/,https://news.ceek.jp/search.cgi?category_id=world&feed=1,ok,,国際
2026-09-13,2026-09-13T07:40:27.686830+09:00,全国紙,全国,読売新聞,ネパール土石流 「助け来る」待ち続けた10日間...泥水迫り 換気口で呼吸,https://www.yomiuri.co.jp/world/20260913-GYT1T00013/,https://news.ceek.jp/search.cgi?category_id=world&feed=1,ok,,国際
2026-09-13,2026-09-13T07:40:27.686830+09:00,全国紙,全国,読売新聞,フーシ 紅海支配拡大 要衝上陸 イラン優位に,https://www.yomiuri.co.jp/world/20260913-GYT1T00030/,https://news.ceek.jp/search.cgi?category_id=world&feed=1,ok,,国際
2026-09-13,2026-09-13T07:40:27.686830+09:00,全国紙,全国,読売新聞,中東情勢「最大限の自制を」...BRICS開幕 首脳宣言を採択,https://www.yomiuri.co.jp/world/20260913-GYT1T00036/,https://news.ceek.jp/search.cgi?category_id=world&feed=1,ok,,国際
2026-09-13,2026-09-13T07:40:27.686830+09:00,全国紙,全国,読売新聞,AfD「あと3議席」関門...ドイツ 州政権 左派新党と協議 成否不透明,https://www.yomiuri.co.jp/world/20260913-GYT1T00042/,https://news.ceek.jp/search.cgi?category_id=world&feed=1,ok,,国際
2026-09-13,2026-09-13T07:40:27.686830+09:00,全国紙,全国,読売新聞,米、右派政権囲い込み 中南米 麻薬対策で連携...ルビオ氏3か国歴訪,https://www.yomiuri.co.jp/world/20260913-GYT1T00053/,https://news.ceek.jp/search.cgi?category_id=world&feed=1,ok,,国際
2026-09-13,2026-09-13T07:40:27.686830+09:00,全国紙,全国,読売新聞,[ワールドビュー]「小さなジャガイモ」と日米...アメリカ総局長 橋本潤也,https://www.yomiuri.co.jp/world/20260913-GYT1T00057/,https://news.ceek.jp/search.cgi?category_id=world&feed=1,ok,,国際
2026-09-13,2026-09-13T07:40:27.686830+09:00,全国紙,全国,日本経済新聞,FRBウォーシュ議長、自ら置いた「踏み絵」 利上げ予想9割が押す背中,https://www.nikkei.com/article/DGXZQOGN11BP50R10C26A9000000/,https://news.ceek.jp/search.cgi?category_id=world&feed=1,ok,,国際
2026-09-13,2026-09-13T07:40:27.686830+09:00,全国紙,全国,日本経済新聞,プーチン氏の北方領土訪問、対抗措置の判断に時間 「抗議」から1カ月,https://www.nikkei.com/article/DGXZQOUA104RH0Q6A910C2000000/,https://news.ceek.jp/search.cgi?category_id=world&feed=1,ok,,国際
2026-09-13,2026-09-13T07:40:27.686830+09:00,全国紙,全国,日本経済新聞,転機は極秘の「成田会談」 フィリピン・ミンダナオ和平、日本が貢献,https://www.nikkei.com/article/DGXZQOGM0963R0Z00C26A9000000/,https://news.ceek.jp/search.cgi?category_id=world&feed=1,ok,,国際
2026-09-13,2026-09-13T07:40:27.686830+09:00,その他メディア,,デイリースポーツ,イラン、海峡管理巡り14日説明,https://www.daily.co.jp/society/world/2026/09/13/0020814426.shtml,https://news.ceek.jp/search.cgi?category_id=world&feed=1,ok,,国際
2026-09-13,2026-09-13T07:40:27.686830+09:00,その他メディア,,共同通信,イラン、海峡管理巡り14日説明 オマーンと合意したと主張,https://www.47news.jp/14931538.html,https://news.ceek.jp/search.cgi?category_id=world&feed=1,ok,,国際
2026-09-13,2026-09-13T07:40:27.686830+09:00,その他メディア,,デイリースポーツ,要衝の海峡を「支配」と主張,https://www.daily.co.jp/society/world/2026/09/13/0020814423.shtml,https://news.ceek.jp/search.cgi?category_id=world&feed=1,ok,,国際
2026-09-13,2026-09-13T07:40:27.686830+09:00,その他メディア,,共同通信,要衝の海峡を「支配」と主張 イエメンのフーシ派幹部,https://www.47news.jp/14931534.html,https://news.ceek.jp/search.cgi?category_id=world&feed=1,ok,,国際
2026-09-13,2026-09-13T07:40:27.686830+09:00,その他メディア,,TBSテレビ,アンソロピックCEO 安全対策が追いつくよう「AIの開発スピードを緩める必要」,https://newsdig.tbs.co.jp/articles/-/2940953?display=1,https://news.ceek.jp/search.cgi?category_id=world&feed=1,ok,,国際
2026-09-13,2026-09-13T07:40:27.686830+09:00,その他メディア,,TBSテレビ,トランプ大統領「イランに責任がある」との認識示す サウジアラビアの石油パイプラインへの攻撃,https://newsdig.tbs.co.jp/articles/-/2940951?display=1,https://news.ceek.jp/search.cgi?category_id=world&feed=1,ok,,国際
2026-09-13,2026-09-13T07:40:27.686830+09:00,その他メディア,,TBSテレビ,BRICS首脳会議 共同宣言を採択 中東情勢に「深い懸念」表明も特定の国を名指しせず,https://newsdig.tbs.co.jp/articles/-/2940949?display=1,https://news.ceek.jp/search.cgi?category_id=world&feed=1,ok,,国際
2026-09-13,2026-09-13T07:40:27.686830+09:00,その他メディア,,TBSテレビ,中印首脳が会談 国境問題の一方...関係強化で一致 米中首脳会談を意識か,https://newsdig.tbs.co.jp/articles/-/2940948?display=1,https://news.ceek.jp/search.cgi?category_id=world&feed=1,ok,,国際
2026-09-13,2026-09-13T07:40:27.686830+09:00,全国紙,全国,日本経済新聞,紅茶農園に潜む少数派差別 スリランカ、人権団体が搾取批判,https://www.nikkei.com/article/DGXZQOCB046UK0U6A900C2000000/,https://news.ceek.jp/search.cgi?category_id=world&feed=1,ok,,国際
2026-09-13,2026-09-13T07:40:27.686830+09:00,全国紙,全国,日本経済新聞,[FT]インド、金購入抑制策は効果薄,https://www.nikkei.com/article/DGXZQOCB08AUY0Y6A900C2000000/,https://news.ceek.jp/search.cgi?category_id=world&feed=1,ok,,国際
2026-09-13,2026-09-13T07:40:27.686830+09:00,その他メディア,,TBSテレビ,"中国・インド首脳会談 関係発展を歓迎 モディ首相“国境の平和が不可欠な基盤""",https://newsdig.tbs.co.jp/articles/-/2940944?display=1,https://news.ceek.jp/search.cgi?category_id=world&feed=1,ok,,国際
2026-09-13,2026-09-13T07:40:27.686830+09:00,その他メディア,,テレビ朝日,"BRICS首脳会議「デリー宣言」で制裁・関税など“欧米批判""も結束示せず",https://news.tv-asahi.co.jp/news_international/articles/000532997.html,https://news.ceek.jp/search.cgi?category_id=world&feed=1,ok,,国際
2026-09-13,2026-09-13T07:40:27.686830+09:00,その他メディア,,テレビ朝日,中国とインド首脳が会談 発展を挑戦と見なさず機会と捉えようと習主席,https://news.tv-asahi.co.jp/news_international/articles/000532996.html,https://news.ceek.jp/search.cgi?category_id=world&feed=1,ok,,国際
2026-09-13,2026-09-13T07:40:27.686830+09:00,全国紙,全国,読売新聞,ゼレンスキー氏、プーチン氏がG20出席なら「会って決定を」...和平交渉の進展に意欲,https://www.yomiuri.co.jp/world/20260913-GYT1T00035/,https://news.ceek.jp/search.cgi?category_id=world&feed=1,ok,,国際
2026-09-13,2026-09-13T07:40:27.686830+09:00,その他メディア,,フジテレビ,BRICS首脳が共同宣言 中東情勢に「深い懸念」 最大限の自制を呼びかけ,https://www.fnn.jp/articles/-/1113210,https://news.ceek.jp/search.cgi?category_id=world&feed=1,ok,,国際
2026-09-13,2026-09-13T07:40:27.686830+09:00,その他メディア,,フジテレビ,トランプ大統領、中国車のアメリカ生産なら「構わない」と容認 雇用を重視 米中首脳会談を控えるなか,https://www.fnn.jp/articles/-/1113209,https://news.ceek.jp/search.cgi?category_id=world&feed=1,ok,,国際
2026-09-13,2026-09-13T07:40:27.686830+09:00,その他メディア,,台湾国際放送,外国人もおみくじが読める! 台中・南投の廟に「6カ国語対応」の電子おみくじ機,https://www.rti.org.tw/jp/news?uid=3&pid=231583,https://news.ceek.jp/search.cgi?category_id=world&feed=1,ok,,国際
2026-09-13,2026-09-13T07:40:27.686830+09:00,全国紙,全国,読売新聞,モディ首相と習主席が会談、インドと中国の「戦略的かつ長期的」発展で一致...関係改善を強調,https://www.yomiuri.co.jp/world/20260913-GYT1T00001/,https://news.ceek.jp/search.cgi?category_id=world&feed=1,ok,,国際
2026-09-13,2026-09-13T07:40:27.686830+09:00,その他メディア,,Abema TIMES,アメリカ・イスラエル迫る注目選挙 両国で与党苦戦か 勝敗は国際社会に どう影響?,https://times.abema.tv/articles/-/10272715?page=1,https://news.ceek.jp/search.cgi?category_id=world&feed=1,ok,,国際
2026-09-13,2026-09-13T07:40:27.686830+09:00,その他メディア,,日本テレビ,フィリピン沖合フェリー炎上 死者76人に 火災発生直前に爆発音か...当局が原因調べる,https://news.ntv.co.jp/category/international/b734bdfaee874be28a298b4c2f31ab81,https://news.ceek.jp/search.cgi?category_id=world&feed=1,ok,,国際
2026-09-13,2026-09-13T07:40:27.686830+09:00,その他メディア,,フジテレビ,サウジアラビアの原油パイプラインが攻撃受ける トランプ大統領はイランが関与との認識,https://www.fnn.jp/articles/-/1113202,https://news.ceek.jp/search.cgi?category_id=world&feed=1,ok,,国際
2026-09-13,2026-09-13T07:40:27.686830+09:00,その他メディア,,テレビ朝日,アメリカ・イスラエル迫る注目選挙 両国で与党苦戦か 勝敗は国際社会に どう影響?,https://news.tv-asahi.co.jp/news_international/articles/900199532.html,https://news.ceek.jp/search.cgi?category_id=world&feed=1,ok,,国際
2026-09-13,2026-09-13T07:40:27.686830+09:00,その他メディア,,TBSテレビ,イエメン武装勢力 ミサイル制御ソフト開発にAI利用 米アンソロピック報告,https://newsdig.tbs.co.jp/articles/-/2940935?display=1,https://news.ceek.jp/search.cgi?category_id=world&feed=1,ok,,国際
2026-09-13,2026-09-13T07:40:27.686830+09:00,その他メディア,,TBSテレビ,BRICS首脳会議が開幕 習近平国家主席「中東地域の平和と安定の実現」,https://newsdig.tbs.co.jp/articles/-/2940930?display=1,https://news.ceek.jp/search.cgi?category_id=world&feed=1,ok,,国際
2026-09-13,2026-09-13T07:40:27.686830+09:00,その他メディア,,デイリースポーツ,中国インド、国境問題解決へ努力,https://www.daily.co.jp/society/world/2026/09/12/0020813968.shtml,https://news.ceek.jp/search.cgi?category_id=world&feed=1,ok,,国際
2026-09-13,2026-09-13T07:40:27.686830+09:00,その他メディア,,共同通信,中国インド、国境問題解決へ努力 首脳会談、習氏7年ぶり訪問,https://www.47news.jp/14931375.html,https://news.ceek.jp/search.cgi?category_id=world&feed=1,ok,,国際
2026-09-13,2026-09-13T07:40:27.686830+09:00,全国紙,全国,読売新聞,トランプ大統領がアイルランド到着、首相らと相次ぎ会談...主な目的は所有するゴルフ場でのツアー観戦,https://www.yomiuri.co.jp/world/20260912-GYT1T00287/,https://news.ceek.jp/search.cgi?category_id=world&feed=1,ok,,国際
2026-09-13,2026-09-13T07:40:27.686830+09:00,その他メディア,,共同通信,【速報】中印首脳、国境問題解決に取り組むと表明,https://www.47news.jp/14931405.html,https://news.ceek.jp/search.cgi?category_id=world&feed=1,ok,,国際
2026-09-13,2026-09-13T07:40:27.686830+09:00,その他メディア,,共同通信,【速報】習氏、多極化世界提唱をインドに呼びかけ,https://www.47news.jp/14931328.html,https://news.ceek.jp/search.cgi?category_id=world&feed=1,ok,,国際
2026-09-13,2026-09-13T07:40:27.686830+09:00,全国紙,全国,日本経済新聞,BRICS首脳会議「関税や中東情勢を深く懸念」 共同宣言発表,https://www.nikkei.com/article/DGXZQOGM122MK0S6A910C2000000/,https://news.ceek.jp/search.cgi?category_id=world&feed=1,ok,,国際
2026-09-13,2026-09-13T07:40:27.686830+09:00,全国紙,全国,産経新聞,イラン情勢、国名挙げずに共同宣言 BRICS首脳会議 緊張高まりに「深い懸念」,https://www.sankei.com/article/20260912-Z5I4USQJPVKNPBOJW3L2HRIM74/,https://news.ceek.jp/search.cgi?category_id=world&feed=1,ok,,国際
2026-09-13,2026-09-13T07:40:27.686830+09:00,その他メディア,,フジテレビ,【世界遺産】『佐渡島の金山』追悼式 韓国側の要望開催も・・・3年連続で欠席「残念」【新潟・佐渡市】,https://www.fnn.jp/articles/-/1113198,https://news.ceek.jp/search.cgi?category_id=world&feed=1,ok,,国際
2026-09-13,2026-09-13T07:40:27.686830+09:00,その他メディア,,日本テレビ,"“靖国神社の石柱に落書き""指名手配の男、別の事件で懲役8年の有罪判決...中国の裁判所",https://news.ntv.co.jp/category/international/95b20aae7b1f4d38890df4a986bc4e8d,https://news.ceek.jp/search.cgi?category_id=world&feed=1,ok,,国際
2026-09-13,2026-09-13T07:40:27.686830+09:00,全国紙,全国,朝日新聞,娘の名は「平成」 フィリピン和平の裏で、信頼築いた日本人の30年,https://www.asahi.com/articles/ASV9C4V06V9CUHBI02PM.html,https://news.ceek.jp/search.cgi?category_id=world&feed=1,ok,,国際
2026-09-13,2026-09-13T07:40:27.686830+09:00,その他メディア,,デイリースポーツ,BRICS、中東情勢を「懸念」,https://www.daily.co.jp/society/world/2026/09/12/0020812823.shtml,https://news.ceek.jp/search.cgi?category_id=world&feed=1,ok,,国際
2026-09-13,2026-09-13T07:40:27.686830+09:00,その他メディア,,共同通信,BRICS、中東情勢を「懸念」 インドで首脳会議、共同宣言採択,https://www.47news.jp/14930509.html,https://news.ceek.jp/search.cgi?category_id=world&feed=1,ok,,国際
2026-09-13,2026-09-13T07:40:27.686830+09:00,その他メディア,,ベトナムの声,VOV、ダナン市の魅力を国内外に発信,https://vovworld.vn/ja-JP/niyusu/vovtananshinomeiliwoguoneiwainifaxin-2464977.vov5,https://news.ceek.jp/search.cgi?category_id=world&feed=1,ok,,国際
2026-09-13,2026-09-13T07:40:27.686830+09:00,全国紙,全国,読売新聞,サウジアラビアの東西パイプラインが攻撃を受け操業を一時停止、イラクの親イラン勢力が関与か,https://www.yomiuri.co.jp/world/20260912-GYT1T00252/,https://news.ceek.jp/search.cgi?category_id=world&feed=1,ok,,国際
2026-09-13,2026-09-13T07:40:27.686830+09:00,その他メディア,,ベトナムの声,フン首相 ニューデリーのホー・チ・ミン主席像に献花,https://vovworld.vn/ja-JP/niyusu/funshouxiang-niyuterinohochiminzhuxixiangnixianhua-2464976.vov5,https://news.ceek.jp/search.cgi?category_id=world&feed=1,ok,,国際
2026-09-13,2026-09-13T07:40:27.686830+09:00,その他メディア,,共同通信,ロシア大統領、欧米の制裁批判 「多国間主義強化」訴え,https://www.47news.jp/14931015.html,https://news.ceek.jp/search.cgi?category_id=world&feed=1,ok,,国際
2026-09-13,2026-09-13T07:40:27.686830+09:00,その他メディア,,デイリースポーツ,ロシア大統領、欧米の制裁批判,https://www.daily.co.jp/society/world/2026/09/12/0020813316.shtml,https://news.ceek.jp/search.cgi?category_id=world&feed=1,ok,,国際
2026-09-13,2026-09-13T07:40:27.686830+09:00,その他メディア,,TBSテレビ,台北市長選 沈伯洋候補が来日「統治のあり方を問う選挙」,https://newsdig.tbs.co.jp/articles/-/2940912?display=1,https://news.ceek.jp/search.cgi?category_id=world&feed=1,ok,,国際
2026-09-13,2026-09-13T07:40:27.686830+09:00,全国紙,全国,毎日新聞,「BRICSは歴史の正しい側に」 中国・習氏が首脳会議で演説,https://mainichi.jp/articles/20260912/k00/00m/030/163000c,https://news.ceek.jp/search.cgi?category_id=world&feed=1,ok,,国際
2026-09-13,2026-09-13T07:40:27.686830+09:00,全国紙,全国,毎日新聞,BRICS首脳会議、インドで開幕 「ニューデリー宣言」を採択,https://mainichi.jp/articles/20260912/k00/00m/030/130000c,https://news.ceek.jp/search.cgi?category_id=world&feed=1,ok,,国際
2026-09-13,2026-09-13T07:40:27.686830+09:00,その他メディア,,newsclip.be,「ここがポイント」日本人が見た建設現場内装編 その15 福孝工務店,https://newsclip.be/business/14140,https://news.ceek.jp/search.cgi?category_id=world&feed=1,ok,,国際
2026-09-13,2026-09-13T07:40:27.686830+09:00,全国紙,全国,東京新聞,習近平氏、7年ぶりにインド訪問 BRICS首脳会議でアメリカのイラン攻撃を暗に非難する共同声明採択か,https://www.tokyo-np.co.jp/article/515183,https://news.ceek.jp/search.cgi?category_id=world&feed=1,ok,,国際
2026-09-13,2026-09-13T07:40:27.686830+09:00,その他メディア,,共同通信,【速報】BRICS、中東の緊張に「深い懸念」,https://www.47news.jp/14930911.html,https://news.ceek.jp/search.cgi?category_id=world&feed=1,ok,,国際
2026-09-13,2026-09-13T07:40:27.686830+09:00,全国紙,全国,読売新聞,韓国がスパイ罪の適用範囲拡大、北朝鮮限定の「敵国」から「外国またはそれに準ずる団体」に...中国を念頭,https://www.yomiuri.co.jp/world/20260912-GYT1T00191/,https://news.ceek.jp/search.cgi?category_id=world&feed=1,ok,,国際
2026-09-13,2026-09-13T07:40:27.686830+09:00,その他メディア,,デイリースポーツ,「プーチン氏と会談必要」渡米へ,https://www.daily.co.jp/society/world/2026/09/12/0020813112.shtml,https://news.ceek.jp/search.cgi?category_id=world&feed=1,ok,,国際
2026-09-13,2026-09-13T07:40:27.686830+09:00,その他メディア,,共同通信,「プーチン氏と会談必要」渡米へ ゼレンスキー氏、12月にG20,https://www.47news.jp/14930825.html,https://news.ceek.jp/search.cgi?category_id=world&feed=1,ok,,国際
2026-09-13,2026-09-13T07:40:27.686830+09:00,全国紙,全国,産経新聞,インドでBRICS首脳会議開幕 イランとUAEに溝も共同宣言目指す 中印首脳も会談へ,https://www.sankei.com/article/20260912-G7BSFF5MZ5OXRFYTX3YIL6CAB4/,https://news.ceek.jp/search.cgi?category_id=world&feed=1,ok,,国際
2026-09-13,2026-09-13T07:40:27.686830+09:00,その他メディア,,共同通信,【速報】BRICS首脳会議で宣言採択とインド首相,https://www.47news.jp/14930821.html,https://news.ceek.jp/search.cgi?category_id=world&feed=1,ok,,国際
2026-09-13,2026-09-13T07:40:27.686830+09:00,その他メディア,,swissinfo.ch,スイスの金利がこれほど低い理由,https://www.swissinfo.ch/jpn/%e8%81%b7%e5%a0%b4/%e3%82%b9%e3%82%a4%e3%82%b9%e3%81%ae%e9%87%91%e5%88%a9%e3%81%8c%e3%81%93%e3%82%8c%e3%81%bb%e3%81%a9%e4%bd%8e%e3%81%84%e7%90%86%e7%94%b1/92039219,https://news.ceek.jp/search.cgi?category_id=world&feed=1,ok,,国際
2026-09-13,2026-09-13T07:40:27.686830+09:00,その他メディア,,中部日本放送,"きっかけは境内に落下した“B29の破片"" アメリカ兵を81年間弔う寺 「敵も味方も命は一緒」 命の尊さを次の世代へ",https://hicbc.com/magazine/article/?id=newsx-special-column-26081701,https://news.ceek.jp/search.cgi?category_id=local&feed=1,ok,,地方・地域
2026-09-13,2026-09-13T07:40:27.686830+09:00,地方紙,福岡,西日本新聞,鹿児島本線[門司港~大牟田] ダイヤ乱れ(9月13日),https://www.nishinippon.co.jp/item/1537537/,https://news.ceek.jp/search.cgi?category_id=local&feed=1,ok,,地方・地域
2026-09-13,2026-09-13T07:40:27.686830+09:00,その他メディア,,TBSテレビ,「メダル獲得が目標」アジア大会19日開幕へ カヌー・スプリント日本代表の酒井悠弦選手と細見茉弥選手 競技のために飯山市に移住「ぜひ頑張ってほしい」市民も応援!,https://newsdig.tbs.co.jp/articles/-/2940096?display=1,https://news.ceek.jp/search.cgi?category_id=local&feed=1,ok,,地方・地域
2026-09-13,2026-09-13T07:40:27.686830+09:00,その他メディア,,TBSテレビ,【サーモンショック】消費者ため息、漁業者は不安 最高値85万円も...秋サケ不漁で食卓直撃 回帰率低下で人工ふ化事業は赤字、来遊量過去最少の衝撃,https://newsdig.tbs.co.jp/articles/-/2940191?display=1,https://news.ceek.jp/search.cgi?category_id=local&feed=1,ok,,地方・地域
2026-09-13,2026-09-13T07:40:27.686830+09:00,全国紙,全国,朝日新聞,手書きイラストにオリジナルキャラも 工夫凝らす「校長先生の話」,https://www.asahi.com/articles/ASV9826KXV98OXIE023M.html,https://news.ceek.jp/search.cgi?category_id=local&feed=1,ok,,地方・地域
2026-09-13,2026-09-13T07:40:27.686830+09:00,全国紙,全国,朝日新聞,「安全な日本でなぜ...」人助けで事故死の留学生 その日も母に電話,https://www.asahi.com/articles/ASV9B2TBNV9BPTIL002M.html,https://news.ceek.jp/search.cgi?category_id=local&feed=1,ok,,地方・地域
2026-09-13,2026-09-13T07:40:27.686830+09:00,全国紙,全国,朝日新聞,白米千枚田で稲刈りスタート 技術の継承目指し「教科書」づくりも,https://www.asahi.com/articles/ASV9D52G1V9DPJLB002M.html,https://news.ceek.jp/search.cgi?category_id=local&feed=1,ok,,地方・地域
2026-09-13,2026-09-13T07:40:27.686830+09:00,全国紙,全国,朝日新聞,棟方志功と奈良美智、青森が生んだ芸術家の企画展 富山の福光美術館,https://www.asahi.com/articles/ASV9D53B0V9DPUZB001M.html,https://news.ceek.jp/search.cgi?category_id=local&feed=1,ok,,地方・地域
2026-09-13,2026-09-13T07:40:27.686830+09:00,その他メディア,,長野日報,2026年9月13日付,https://www.nagano-np.co.jp/news/detail.php?id=6498,https://news.ceek.jp/search.cgi?category_id=local&feed=1,ok,,地方・地域
2026-09-13,2026-09-13T07:40:27.686830+09:00,地方紙,新潟,新潟日報,"商店街の「お茶飲み場」から防犯を、新潟市西区の2店舗“任命"" 警察が事故や詐欺の情報を提供へ",https://www.niigata-nippo.co.jp/articles/-/902222,https://news.ceek.jp/search.cgi?category_id=local&feed=1,ok,,地方・地域
2026-09-13,2026-09-13T07:40:27.686830+09:00,その他メディア,,茨城新聞,東関道水戸線 開通前、行方IC見学 関係者ら利便性向上期待 茨城,https://ibarakinews.jp/news/newsdetail.php?f_jun=1789218292044200,https://news.ceek.jp/search.cgi?category_id=local&feed=1,ok,,地方・地域
2026-09-13,2026-09-13T07:40:27.686830+09:00,その他メディア,,Lmaga.jp,"【ビアードパパ】“濃厚マロンクリーム""の新作シュー、「嬉しい悲鳴」「やばい」とSNS喜びの声多数",https://www.lmaga.jp/news/2026/09/1098495/,https://news.ceek.jp/search.cgi?category_id=local&feed=1,ok,,地方・地域
2026-09-13,2026-09-13T07:40:27.686830+09:00,その他メディア,,佐賀新聞,"<唐津の保育園虐待問題>佐賀県「再調査も説明会もしない」と回答 “ゼロ回答""に保護者有志は反発",https://www.saga-s.co.jp/articles/-/1790527,https://news.ceek.jp/search.cgi?category_id=local&feed=1,ok,,地方・地域
2026-09-13,2026-09-13T07:40:27.686830+09:00,その他メディア,,福島民友新聞,8強決まる ろうきん杯サッカー,https://www.minyu-net.com/news/detail/2026091308014854768,https://news.ceek.jp/search.cgi?category_id=local&feed=1,ok,,地方・地域
2026-09-13,2026-09-13T07:40:27.686830+09:00,全国紙,全国,中日新聞,鎌田大地が2アシスト サッカーのプレミアリーグ,https://www.chunichi.co.jp/article/1310664,https://news.ceek.jp/search.cgi?category_id=local&feed=1,ok,,地方・地域
2026-09-13,2026-09-13T07:40:27.686830+09:00,地方紙,広島,中国新聞,全米テニス女子単でルバキナ初優勝,https://www.chugoku-np.co.jp/articles/-/894080,https://news.ceek.jp/search.cgi?category_id=local&feed=1,ok,,地方・地域
2026-09-13,2026-09-13T07:40:27.686830+09:00,地方紙,広島,中国新聞,鎌田大地が2アシスト,https://www.chugoku-np.co.jp/articles/-/894079,https://news.ceek.jp/search.cgi?category_id=local&feed=1,ok,,地方・地域
2026-09-13,2026-09-13T07:40:27.686830+09:00,その他メディア,,福島民友新聞,いわきアンダーパス事故1週間 豪雨時の安全対策急ぐ 専門家「通行止めの時機重要」,https://www.minyu-net.com/news/detail/2026091307571754767,https://news.ceek.jp/search.cgi?category_id=local&feed=1,ok,,地方・地域
2026-09-13,2026-09-13T07:40:27.686830+09:00,全国紙,全国,中日新聞,G20で首脳会談「不可能」 ロシア、ゼレンスキー氏と,https://www.chunichi.co.jp/article/1310663,https://news.ceek.jp/search.cgi?category_id=local&feed=1,ok,,地方・地域
2026-09-13,2026-09-13T07:40:27.686830+09:00,地方紙,広島,中国新聞,G20で首脳会談「不可能」,https://www.chugoku-np.co.jp/articles/-/894076,https://news.ceek.jp/search.cgi?category_id=local&feed=1,ok,,地方・地域
2026-09-13,2026-09-13T07:40:27.686830+09:00,全国紙,全国,毎日新聞,活火山、全国最多31カ所の北海道 噴火の脅威と恵み,https://mainichi.jp/articles/20260911/k00/00m/310/119000c,https://news.ceek.jp/search.cgi?category_id=local&feed=1,ok,,地方・地域
2026-09-13,2026-09-13T07:40:27.686830+09:00,その他メディア,,福島民友新聞,郡山ベースボールク、いわき菊田クなど準決勝進出 JABA社会人野球,https://www.minyu-net.com/news/detail/2026091307481654765,https://news.ceek.jp/search.cgi?category_id=local&feed=1,ok,,地方・地域
2026-09-13,2026-09-13T07:40:27.686830+09:00,その他メディア,,福島民友新聞,福島ファイヤーボンズ、秋田に惜敗 Bリーグ東北カップ,https://www.minyu-net.com/news/detail/2026091307432354764,https://news.ceek.jp/search.cgi?category_id=local&feed=1,ok,,地方・地域
2026-09-13,2026-09-13T07:40:27.686830+09:00,地方紙,福岡,西日本新聞,福北ゆたか線 ダイヤ乱れ(9月13日),https://www.nishinippon.co.jp/item/1537538/,https://news.ceek.jp/search.cgi?category_id=local&feed=1,ok,,地方・地域
2026-09-13,2026-09-13T07:40:27.686830+09:00,その他メディア,,フジテレビ,住宅が全焼する火事 この家に一人暮らしの69歳男性と連絡とれず 京都・宮津市,https://www.fnn.jp/articles/-/1113284,https://news.ceek.jp/search.cgi?category_id=local&feed=1,ok,,地方・地域
2026-09-13,2026-09-13T07:40:27.686830+09:00,その他メディア,,福島民友新聞,知人男性の背中をはさみで複数回突いた疑い、23歳女逮捕 いわき,https://www.minyu-net.com/news/detail/2026091215200854759,https://news.ceek.jp/search.cgi?category_id=local&feed=1,ok,,地方・地域
2026-09-13,2026-09-13T07:40:27.686830+09:00,その他メディア,,福島民友新聞,本宮、喜多方、西会津でクマ目撃,https://www.minyu-net.com/news/detail/2026091307411254763,https://news.ceek.jp/search.cgi?category_id=local&feed=1,ok,,地方・地域
2026-09-13,2026-09-13T07:40:27.686830+09:00,その他メディア,,佐賀新聞,デフハンドボール日本代表候補チームがレットル佐賀と合同練習 神埼市のトヨタ紡織九州クレインアリーナ,https://www.saga-s.co.jp/articles/-/1790450,https://news.ceek.jp/search.cgi?category_id=local&feed=1,ok,,地方・地域
2026-09-13,2026-09-13T07:40:27.686830+09:00,その他メディア,,佐賀新聞,<学童五輪テニス>「どんな大会でも優勝できるように」TC三日月・金原光希主将 4年生以下の部,https://www.saga-s.co.jp/articles/-/1790541,https://news.ceek.jp/search.cgi?category_id=local&feed=1,ok,,地方・地域
2026-09-13,2026-09-13T07:40:27.686830+09:00,その他メディア,,秋田魁新報,土器破片接合にクマ鍋、縄文人なりきり写真も 北秋田・伊勢堂岱で縄文まつり,https://www.sakigake.jp/news/article/20260912AK0026/,https://news.ceek.jp/search.cgi?category_id=local&feed=1,ok,,地方・地域
2026-09-13,2026-09-13T07:40:27.686830+09:00,その他メディア,,まいどなニュース,ポスティングチラシや配布パンフ 紙の販促物は「その場で処分」は4割 じっくり見てもらえるカギは「クーポンや特典」,https://maidonanews.jp/article/16866876,https://news.ceek.jp/search.cgi?category_id=local&feed=1,ok,,地方・地域
2026-09-13,2026-09-13T07:40:27.686830+09:00,その他メディア,,TBSテレビ,「かっぱを着て家の写真を撮っている不審者がいる」刃物所持で男を現行犯逮捕=静岡・三島市,https://newsdig.tbs.co.jp/articles/-/2940969?display=1,https://news.ceek.jp/search.cgi?category_id=local&feed=1,ok,,地方・地域
2026-09-13,2026-09-13T07:40:27.686830+09:00,地方紙,広島,中国新聞,日本の若手弦楽四重奏団が3位,https://www.chugoku-np.co.jp/articles/-/894075,https://news.ceek.jp/search.cgi?category_id=local&feed=1,ok,,地方・地域
2026-09-13,2026-09-13T07:40:27.686830+09:00,その他メディア,,TBSテレビ,自転車と乗用車が交差点で衝突、自転車の87歳女性が重体 岐阜・安八町,https://newsdig.tbs.co.jp/articles/-/2940968?display=1,https://news.ceek.jp/search.cgi?category_id=local&feed=1,ok,,地方・地域
2026-09-13,2026-09-13T07:40:27.686830+09:00,その他メディア,,まいどなニュース,「すぐに救急車を呼んで下さい」64歳俳優、脳梗塞で緊急入院を公表 ソファでめまい→ベッドで左半身が麻痺...「皆さんも気をつけて」,https://maidonanews.jp/article/16884164,https://news.ceek.jp/search.cgi?category_id=local&feed=1,ok,,地方・地域
2026-09-13,2026-09-13T07:40:27.686830+09:00,その他メディア,,秋田魁新報,脱出用ハンマーに高まる関心、品切れとなる店も 秋田県内,https://www.sakigake.jp/news/article/20260912AK0035/,https://news.ceek.jp/search.cgi?category_id=local&feed=1,ok,,地方・地域
2026-09-13,2026-09-13T07:40:27.686830+09:00,その他メディア,,山陽新聞,岡山の新幹線基地を公開 JR西 11月1日にふれあいデー,https://www.sanyonews.jp/article/1986920/,https://news.ceek.jp/search.cgi?category_id=local&feed=1,ok,,地方・地域
2026-09-13,2026-09-13T07:40:27.686830+09:00,その他メディア,,福島民友新聞,福島ユナイテッド、熊本に敗れる サッカーJ3,https://www.minyu-net.com/news/detail/2026091307531954766,https://news.ceek.jp/search.cgi?category_id=local&feed=1,ok,,地方・地域
2026-09-13,2026-09-13T07:40:27.686830+09:00,地方紙,広島,中国新聞,14日の天気(西日本),https://www.chugoku-np.co.jp/articles/-/894074,https://news.ceek.jp/search.cgi?category_id=local&feed=1,ok,,地方・地域
2026-09-13,2026-09-13T07:40:27.686830+09:00,地方紙,広島,中国新聞,14日の天気(東日本),https://www.chugoku-np.co.jp/articles/-/894073,https://news.ceek.jp/search.cgi?category_id=local&feed=1,ok,,地方・地域
2026-09-13,2026-09-13T07:40:27.686830+09:00,地方紙,広島,中国新聞,青切符の県境,https://www.chugoku-np.co.jp/articles/-/893918,https://news.ceek.jp/search.cgi?category_id=local&feed=1,ok,,地方・地域
2026-09-13,2026-09-13T07:40:27.686830+09:00,地方紙,広島,中国新聞,景気拡大、戦後最長に 安心して消費できる環境を,https://www.chugoku-np.co.jp/articles/-/893934,https://news.ceek.jp/search.cgi?category_id=local&feed=1,ok,,地方・地域
2026-09-13,2026-09-13T07:40:27.686830+09:00,その他メディア,,Lmaga.jp,"兵庫出身・なごみ、大阪のイベントに登場...愛用の“人生チーク""を実演「多幸感を与えてくれる」",https://www.lmaga.jp/news/2026/09/1097167/,https://news.ceek.jp/search.cgi?category_id=local&feed=1,ok,,地方・地域
2026-09-13,2026-09-13T07:40:27.686830+09:00,その他メディア,,Lmaga.jp,【USJ】ホラーナイト開幕!普段と違う...?「ジョーズ」が暗闇&霧で怖さ倍増ボートツアーに,https://www.lmaga.jp/news/2026/09/1098897/,https://news.ceek.jp/search.cgi?category_id=local&feed=1,ok,,地方・地域
2026-09-13,2026-09-13T07:40:27.686830+09:00,地方紙,新潟,新潟日報,新聞力大賞8月月間賞に新潟日報地域面「小学生だった私へ」,https://www.niigata-nippo.co.jp/articles/-/905764,https://news.ceek.jp/search.cgi?category_id=local&feed=1,ok,,地方・地域
2026-09-13,2026-09-13T07:40:27.686830+09:00,その他メディア,,佐賀新聞,全国ろうあ者スポーツ大会、9競技で熱戦 佐賀県勢は3競技に熱いプレー,https://www.saga-s.co.jp/articles/-/1790465,https://news.ceek.jp/search.cgi?category_id=local&feed=1,ok,,地方・地域
2026-09-13,2026-09-13T07:40:27.686830+09:00,その他メディア,,フジテレビ,"【コメ卸売り業者の本音】「誰も得していない」大幅減となった仮渡し金“追加支払い""は「断定できない」27年には“過去に経験のない在庫量""予測も",https://www.fnn.jp/articles/-/1113282,https://news.ceek.jp/search.cgi?category_id=local&feed=1,ok,,地方・地域
2026-09-13,2026-09-13T07:40:27.686830+09:00,その他メディア,,TBSテレビ,"「山の人」「作る人」「伝える人」で森を支える 地元の“いわふね杉""に触れた小学生と「木育」の現場 新潟・村上市【森を守ること・第11話】",https://newsdig.tbs.co.jp/articles/-/2924530?display=1,https://news.ceek.jp/search.cgi?category_id=local&feed=1,ok,,地方・地域
2026-09-13,2026-09-13T07:40:27.686830+09:00,その他メディア,,TBSテレビ,「岡山のニラといえば...」農業と福祉の地域とのつながりを深める「農福カルタ」完成「岡山の農畜産物を知って」,https://newsdig.tbs.co.jp/articles/-/2932868?display=1,https://news.ceek.jp/search.cgi?category_id=local&feed=1,ok,,地方・地域
2026-09-13,2026-09-13T07:40:27.686830+09:00,その他メディア,,TBSテレビ,"SNSを通じた投資詐欺で4,000万円以上をだまし取られた女性が証言 言葉巧みに信じ込ませるその手口とは【岡山】",https://newsdig.tbs.co.jp/articles/-/2936778?display=1,https://news.ceek.jp/search.cgi?category_id=local&feed=1,ok,,地方・地域
2026-09-13,2026-09-13T07:40:27.686830+09:00,その他メディア,,TBSテレビ,"住宅街の“謎のロータリー""を調査!住宅で遮られた道が造られた謎を解明",https://newsdig.tbs.co.jp/articles/-/2940133?display=1,https://news.ceek.jp/search.cgi?category_id=local&feed=1,ok,,地方・地域
2026-09-13,2026-09-13T07:40:27.686830+09:00,その他メディア,,TBSテレビ,エンジンかけて無施錠で駐車し戻ると男が車内を物色...「犯人を捕まえている」2万円などが入った財布を盗んだ疑いで63歳男を逮捕,https://newsdig.tbs.co.jp/articles/-/2940896?display=1,https://news.ceek.jp/search.cgi?category_id=local&feed=1,ok,,地方・地域
2026-09-13,2026-09-13T07:40:27.686830+09:00,その他メディア,,まいどなニュース,「ポイントカードはお持ちですか?」 慌ててスマホのアプリを探し始め...レジ前の行列に募る焦り 最後は悔しいポイント放棄も【漫画】,https://maidonanews.jp/article/16827054,https://news.ceek.jp/search.cgi?category_id=local&feed=1,ok,,地方・地域
2026-09-13,2026-09-13T07:40:27.686830+09:00,その他メディア,,"日本海新聞, 大阪日日新聞",傷害の疑いで米子署が女逮捕,https://www.nnn.co.jp/articles/-/797966,https://news.ceek.jp/search.cgi?category_id=local&feed=1,ok,,地方・地域
2026-09-13,2026-09-13T07:40:27.686830+09:00,その他メディア,,"日本海新聞, 大阪日日新聞",傷害の疑いで鳥取署が男逮捕,https://www.nnn.co.jp/articles/-/797967,https://news.ceek.jp/search.cgi?category_id=local&feed=1,ok,,地方・地域
2026-09-13,2026-09-13T07:40:27.686830+09:00,その他メディア,,TBSテレビ,ホームセンターからインパクトドライバーなど電動工具2点(約8万6000円相当)盗んだ疑い 20歳と19歳の男2人「間違いありません」北海道恵庭市,https://newsdig.tbs.co.jp/articles/-/2940885?display=1,https://news.ceek.jp/search.cgi?category_id=local&feed=1,ok,,地方・地域
2026-09-13,2026-09-13T07:40:27.686830+09:00,全国紙,全国,読売新聞,富士山級の山を幾度も歩いて越え、アメリカ縦断4265km踏破...フリースクールや地域食堂を運営する47歳女性「自信を持って好奇心のスイッチを押そう」,https://www.yomiuri.co.jp/local/kansai/news/20260912-GYO1T00131/,https://news.ceek.jp/search.cgi?category_id=local&feed=1,ok,,地方・地域
2026-09-13,2026-09-13T07:40:27.686830+09:00,その他メディア,,秋田魁新報,大館市議・佐藤氏、県議選に出馬の意向 自民に公認申請へ,https://www.sakigake.jp/news/article/20260912AK0037/,https://news.ceek.jp/search.cgi?category_id=local&feed=1,ok,,地方・地域
2026-09-13,2026-09-13T07:40:27.686830+09:00,その他メディア,,TBSテレビ,右折禁止の交差点で付バイクに軽乗用車が追突する事故 病院に搬送も命に別状なし 福岡・中央区,https://newsdig.tbs.co.jp/articles/-/2940967?display=1,https://news.ceek.jp/search.cgi?category_id=local&feed=1,ok,,地方・地域
2026-09-13,2026-09-13T07:40:27.686830+09:00,その他メディア,,札幌テレビ,魚離れのなかアイデアで勝負 女性たちが営む鮮魚店 従来のイメージにとらわれない店づくり 北海道,https://www.stv.jp/news/stvnews/kiji/st649c3809ca5848e2bbb8adfb0638ef6e.html,https://news.ceek.jp/search.cgi?category_id=local&feed=1,ok,,地方・地域
2026-09-13,2026-09-13T07:40:27.686830+09:00,その他メディア,,山梨日日新聞,【元気甲州人】ブラジルで日本語の普及に取り組む榎原良一さん,https://www.sannichi.co.jp/article/2026/09/13/00903093,https://news.ceek.jp/search.cgi?category_id=local&feed=1,ok,,地方・地域
2026-09-13,2026-09-13T07:40:27.686830+09:00,全国紙,全国,読売新聞,メタバースで企業ブースを巡り、各社の特色知ろう!...クイズなどゲーム感覚で魅力発掘、主催の市「就職や地元への誇りにつながれば」,https://www.yomiuri.co.jp/local/kansai/news/20260912-GYO1T00127/,https://news.ceek.jp/search.cgi?category_id=local&feed=1,ok,,地方・地域
2026-09-13,2026-09-13T07:40:27.686830+09:00,その他メディア,,TBSテレビ,山肌が茶色に...南アルプスに「シカの大群」【ききミミ!】ふもとの大鹿村では...地元の猟友会長「あれだけの群れは初めて目にした。完全に異常現象」人口850人の村では「人海戦術」も難しく...対策の現状は? 長野,https://newsdig.tbs.co.jp/articles/-/2933489?display=1,https://news.ceek.jp/search.cgi?category_id=local&feed=1,ok,,地方・地域
2026-09-13,2026-09-13T07:40:27.686830+09:00,その他メディア,,まいどなニュース,「だいたい血行」は精神科医の名言? 軽いストレッチや筋トレで「悩みにくくなる」身体へ【漫画】,https://maidonanews.jp/article/16827015,https://news.ceek.jp/search.cgi?category_id=local&feed=1,ok,,地方・地域
2026-09-13,2026-09-13T07:40:27.686830+09:00,その他メディア,,佐賀新聞,サガン鳥栖U-18、2試合ぶり白星 東山高(京都)を1-0 プレミアリーグ西地区第13節 暫定3位,https://www.saga-s.co.jp/articles/-/1790550,https://news.ceek.jp/search.cgi?category_id=local&feed=1,ok,,地方・地域
2026-09-13,2026-09-13T07:40:27.686830+09:00,その他メディア,,福島民報,「愛知・名古屋大会」19日開幕 代表21人熱戦へ アジア大会福島県勢闘志 郷土に躍動誓う,https://www.minpo.jp/articles/-/226323,https://news.ceek.jp/search.cgi?category_id=local&feed=1,ok,,地方・地域
2026-09-13,2026-09-13T07:40:27.686830+09:00,その他メディア,,秋田魁新報,魁星旗争奪社会人野球第2日の結果【戦評あり】,https://www.sakigake.jp/news/article/20260912AK0021/,https://news.ceek.jp/search.cgi?category_id=local&feed=1,ok,,地方・地域
2026-09-13,2026-09-13T07:40:27.686830+09:00,その他メディア,,秋田魁新報,大雨で冠水...水没した車から脱出する方法をJAFに聞いた,https://www.sakigake.jp/news/article/20260912AK0030/,https://news.ceek.jp/search.cgi?category_id=local&feed=1,ok,,地方・地域
2026-09-13,2026-09-13T07:40:27.686830+09:00,その他メディア,,TBSテレビ,住宅街で火災 4人搬送、火元の70代女性1人が意識がない状態 名古屋・中区,https://newsdig.tbs.co.jp/articles/-/2940965?display=1,https://news.ceek.jp/search.cgi?category_id=local&feed=1,ok,,地方・地域
2026-09-13,2026-09-13T07:40:27.686830+09:00,その他メディア,,福島民報,【依存・カルト】近畿大法学部 田近肇教授に聞く 「信教の自由は保障」 規制は個別の行為に <識者インタビュー>,https://www.minpo.jp/articles/-/226352,https://news.ceek.jp/search.cgi?category_id=local&feed=1,ok,,地方・地域
2026-09-13,2026-09-13T07:40:27.686830+09:00,地方紙,広島,中国新聞,米仲介再開で限定停戦の可能性も,https://www.chugoku-np.co.jp/articles/-/894071,https://news.ceek.jp/search.cgi?category_id=local&feed=1,ok,,地方・地域
2026-09-13,2026-09-13T07:40:27.686830+09:00,全国紙,全国,中日新聞,米仲介再開で限定停戦の可能性も 松田元駐ウクライナ大使,https://www.chunichi.co.jp/article/1310659,https://news.ceek.jp/search.cgi?category_id=local&feed=1,ok,,地方・地域
2026-09-13,2026-09-13T07:40:27.686830+09:00,地方紙,広島,中国新聞,日本の弦楽四重奏団が独コンクールで3位,https://www.chugoku-np.co.jp/articles/-/894072,https://news.ceek.jp/search.cgi?category_id=local&feed=1,ok,,地方・地域
2026-09-13,2026-09-13T07:40:27.686830+09:00,その他メディア,,福井新聞,久々子湖で青潮が発生...魚が大量死、水月湖でも死骸 福井県の三方五湖,https://www.fukuishimbun.co.jp/articles/-/2697206,https://news.ceek.jp/search.cgi?category_id=local&feed=1,ok,,地方・地域
2026-09-13,2026-09-13T07:40:27.686830+09:00,その他メディア,,TBSテレビ,"【気象情報】“台風のたまご""=熱帯低気圧が南の海上で発生へ【23日までの雨風シミュレーション】 熱帯低気圧を示す「TD」の記号が13日午後9時の予想天気図に 長期予想には「気になる渦」も...",https://newsdig.tbs.co.jp/articles/-/2940962?display=1,https://news.ceek.jp/search.cgi?category_id=local&feed=1,ok,,地方・地域
2026-09-13,2026-09-13T07:40:27.686830+09:00,地方紙,京都,京都新聞,【ラグビー】 京都市中学選手権大会 兼 京都府中学総体夏季選手権大会の結果,https://www.kyoto-np.co.jp/articles/-/1787216,https://news.ceek.jp/search.cgi?category_id=local&feed=1,ok,,地方・地域
2026-09-13,2026-09-13T07:40:27.686830+09:00,その他メディア,,山梨日日新聞,今朝の気温(13日午前6時),https://www.sannichi.co.jp/article/2026/09/13/80721784,https://news.ceek.jp/search.cgi?category_id=local&feed=1,ok,,地方・地域
2026-09-13,2026-09-13T07:40:27.686830+09:00,その他メディア,,福井新聞,福井県敦賀市にHump Back、プッシュプルポット...14組登場 音楽フェス「おぼろっく2026」開幕,https://www.fukuishimbun.co.jp/articles/-/2697221,https://news.ceek.jp/search.cgi?category_id=local&feed=1,ok,,地方・地域
2026-09-13,2026-09-13T07:40:27.686830+09:00,地方紙,京都,京都新聞,【野球】京都市中学秋季大会の結果,https://www.kyoto-np.co.jp/articles/-/1787215,https://news.ceek.jp/search.cgi?category_id=local&feed=1,ok,,地方・地域
2026-09-13,2026-09-13T17:12:14.693144+09:00,全国紙,全国,朝日新聞,「続けるしかない」 アイヌ先住権訴訟の判決確定後初の「特別採捕」,http://www.asahi.com/articles/ASV9F2CM4V9FIIPE00PM.html,https://www.asahi.com/rss/asahi/newsheadlines.rdf,ok,,社会
2026-09-13,2026-09-13T17:12:14.693144+09:00,全国紙,全国,朝日新聞,52歳イチローさん、17奪三振完封も 高校女子に「まいりました」,http://www.asahi.com/articles/ASV9F2DDVV9FUQIP00GM.html,https://www.asahi.com/rss/asahi/newsheadlines.rdf,ok,,スポーツ
2026-09-13,2026-09-13T17:12:14.693144+09:00,全国紙,全国,朝日新聞,ドジャースは9連勝ならず 逆転負けにマンシー「まあ、野球だから」,http://www.asahi.com/articles/ASV9F1BMKV9FUTQP005M.html,https://www.asahi.com/rss/asahi/newsheadlines.rdf,ok,,スポーツ
2026-09-13,2026-09-13T17:12:14.693144+09:00,全国紙,全国,朝日新聞,大相撲秋場所きょう初日 安青錦は「やれることは全部やってきた」,http://www.asahi.com/articles/ASV9D1HR9V9DUTQP00QM.html,https://www.asahi.com/rss/asahi/newsheadlines.rdf,ok,,スポーツ
2026-09-13,2026-09-13T17:12:14.693144+09:00,全国紙,全国,朝日新聞,ラグビーと野球で世界一狙う デフスポーツの「二刀流」石川卓也さん,http://www.asahi.com/articles/ASV9B3TK6V9BOXIE00DM.html,https://www.asahi.com/rss/asahi/newsheadlines.rdf,ok,,スポーツ
2026-09-13,2026-09-13T17:12:14.693144+09:00,全国紙,全国,朝日新聞,明治ミルクチョコ100歳 巨大な板チョコ看板撮影会は倍率58倍,http://www.asahi.com/articles/ASV9F1D6XV9FPLFA003M.html,https://www.asahi.com/rss/asahi/newsheadlines.rdf,ok,,ビジネス
2026-09-13,2026-09-13T17:12:14.693144+09:00,全国紙,全国,朝日新聞,お供えの「サカキ」、多くは中国から 国内産地はどうなっている?,http://www.asahi.com/articles/ASV992G6TV99TLTB010M.html,https://www.asahi.com/rss/asahi/newsheadlines.rdf,ok,,ビジネス
2026-09-13,2026-09-13T17:12:14.693144+09:00,全国紙,全国,朝日新聞,「引く手あまた」の国産サカキ ひと束何百円でもコツコツ地道に生産,http://www.asahi.com/articles/ASV992FVMV99TLTB005M.html,https://www.asahi.com/rss/asahi/newsheadlines.rdf,ok,,ビジネス
2026-09-13,2026-09-13T17:12:14.693144+09:00,全国紙,全国,朝日新聞,マンション大規模修繕で借金頼みも、積立不足と物価高の「二重苦」で,http://www.asahi.com/articles/ASV993SHNV99ULLI00GM.html,https://www.asahi.com/rss/asahi/newsheadlines.rdf,ok,,ビジネス
2026-09-13,2026-09-13T17:12:14.693144+09:00,全国紙,全国,朝日新聞,沖縄県知事選、午後4時現在の投票率20.45% 前回同時期上回る,http://www.asahi.com/articles/ASV9D7TS1V9DUTIL00TM.html,https://www.asahi.com/rss/asahi/newsheadlines.rdf,ok,,政治
2026-09-13,2026-09-13T17:12:14.693144+09:00,全国紙,全国,朝日新聞,自民・国会対策委員長、村井英樹元官房副長官を起用する方向で調整,http://www.asahi.com/articles/ASV9F234HV9FUTFK002M.html,https://www.asahi.com/rss/asahi/newsheadlines.rdf,ok,,政治
2026-09-13,2026-09-13T17:12:14.693144+09:00,全国紙,全国,朝日新聞,福岡市長選は出馬表明4人に 現職・高島市長の不出馬表明後に相次ぐ,http://www.asahi.com/articles/ASV9C410JV9CTIPE00HM.html,https://www.asahi.com/rss/asahi/newsheadlines.rdf,ok,,政治
2026-09-13,2026-09-13T17:12:14.693144+09:00,全国紙,全国,朝日新聞,自民、誤算と逆風の福岡市長選 市議幹部も直前に知った高島氏不出馬,http://www.asahi.com/articles/ASV9C3QRBV9CTIPE019M.html,https://www.asahi.com/rss/asahi/newsheadlines.rdf,ok,,政治
2026-09-13,2026-09-13T17:12:14.693144+09:00,全国紙,全国,朝日新聞,16年ぶり自民党国交相になって1年 消えた族議員、強まる官邸主導,http://www.asahi.com/articles/ASV9C3S8XV9CUTIL01VM.html,https://www.asahi.com/rss/asahi/newsheadlines.rdf,ok,,政治
2026-09-13,2026-09-13T17:12:14.693144+09:00,全国紙,全国,朝日新聞,金正恩夫妻に本当に長男はいるのか 根拠「男児用おもちゃ」の可能性,http://www.asahi.com/articles/ASV9C250TV9CUHBI01GM.html,https://www.asahi.com/rss/asahi/newsheadlines.rdf,ok,,国際
2026-09-13,2026-09-13T17:12:14.693144+09:00,全国紙,全国,朝日新聞,ちいかわが上海の街角に 本土初の特別展、ファンは映画待ち望む声,http://www.asahi.com/articles/ASV9D4J38V9DUHBI016M.html,https://www.asahi.com/rss/asahi/newsheadlines.rdf,ok,,国際
2026-09-13,2026-09-13T17:12:14.693144+09:00,全国紙,全国,朝日新聞,日本の「カルテット風雅」、第3位入賞 ミュンヘン国際音楽コン,http://www.asahi.com/articles/ASV9F0THHV9FUCVL003M.html,https://www.asahi.com/rss/asahi/newsheadlines.rdf,ok,,文化芸能
2026-09-13,2026-09-13T17:12:14.693144+09:00,全国紙,全国,朝日新聞,浮気を認めぬ夫と家庭内別居 上野千鶴子さん「夫が元気なうちに...」,http://www.asahi.com/articles/ASV954QVDV95UCVL04DM.html,https://www.asahi.com/rss/asahi/newsheadlines.rdf,ok,,社会
2026-09-13,2026-09-13T17:12:14.693144+09:00,全国紙,全国,朝日新聞,米海軍屈指の「7艦隊バンド」 基地の街・横須賀で日米高校生と共演,http://www.asahi.com/articles/ASV9D3Q7BV9DULOB002M.html,https://www.asahi.com/rss/asahi/newsheadlines.rdf,ok,,文化芸能
2026-09-13,2026-09-13T17:12:14.693144+09:00,全国紙,全国,朝日新聞,生きること、描くこと 東野圭吾さん、草間彌生さんは教えてくれた,http://www.asahi.com/articles/ASV9C1FKBV9CUCVL047M.html,https://www.asahi.com/rss/asahi/newsheadlines.rdf,ok,,文化芸能
2026-09-13,2026-09-13T17:12:14.693144+09:00,全国紙,全国,朝日新聞,福島第一原発から大量の「セシウムボール」 いつどこに飛んだのか,http://www.asahi.com/articles/ASV9B3JJFV9BUTFL00YM.html,https://www.asahi.com/rss/asahi/newsheadlines.rdf,ok,,
2026-09-13,2026-09-13T17:12:14.693144+09:00,全国紙,全国,毎日新聞,中谷一馬元衆院議員「人生かけて恩返し」 横浜市長選に出馬表明,https://mainichi.jp/articles/20260913/k00/00m/310/084000c,https://mainichi.jp/rss/etc/mainichi-flash.rss,ok,,ニュース
2026-09-13,2026-09-13T17:12:14.693144+09:00,全国紙,全国,毎日新聞,日本の若手弦楽四重奏団が3位 ミュンヘン国際音楽コンクール,https://mainichi.jp/articles/20260913/k00/00m/200/083000c,https://mainichi.jp/rss/etc/mainichi-flash.rss,ok,,ニュース
2026-09-13,2026-09-13T17:12:14.693144+09:00,全国紙,全国,毎日新聞,自民、国対委員長は村井英樹氏で調整 閣僚経験なしで異例の起用,https://mainichi.jp/articles/20260913/k00/00m/010/076000c,https://mainichi.jp/rss/etc/mainichi-flash.rss,ok,,ニュース
2026-09-13,2026-09-13T17:12:14.693144+09:00,全国紙,全国,毎日新聞,日本音コン 声楽部門第2予選 5人が10月22日の本選出場へ,https://mainichi.jp/articles/20260913/k00/00m/200/077000c,https://mainichi.jp/rss/etc/mainichi-flash.rss,ok,,ニュース
2026-09-13,2026-09-13T17:12:14.693144+09:00,全国紙,全国,毎日新聞,特派員の目:裏社会の大物と竹棒の集団 よみがえる「98年」の記憶=小泉大士,https://mainichi.jp/articles/20260910/k00/00m/030/094000c,https://mainichi.jp/rss/etc/mainichi-flash.rss,ok,,ニュース
2026-09-13,2026-09-13T17:12:14.693144+09:00,全国紙,全国,毎日新聞,火災で焼失の石川・輪島朝市跡地で出店復活イベント 地震後初,https://mainichi.jp/articles/20260913/k00/00m/040/073000c,https://mainichi.jp/rss/etc/mainichi-flash.rss,ok,,ニュース
2026-09-13,2026-09-13T17:12:14.693144+09:00,全国紙,全国,毎日新聞,日中議連の若手が北京訪問 友好協会幹部との面会を調整,https://mainichi.jp/articles/20260913/k00/00m/010/068000c,https://mainichi.jp/rss/etc/mainichi-flash.rss,ok,,ニュース
2026-09-13,2026-09-13T17:12:14.693144+09:00,全国紙,全国,毎日新聞,"深層サイエンス,宇宙への扉:「スペースX」残骸も月面衝突 宇宙ごみが新時代の生活脅かす?",https://mainichi.jp/articles/20260911/k00/00m/040/315000c,https://mainichi.jp/rss/etc/mainichi-flash.rss,ok,,ニュース
2026-09-13,2026-09-13T17:12:14.693144+09:00,全国紙,全国,毎日新聞,インドネシアで240人乗船のフェリー遭難 120人以上不明,https://mainichi.jp/articles/20260913/k00/00m/030/064000c,https://mainichi.jp/rss/etc/mainichi-flash.rss,ok,,ニュース
2026-09-13,2026-09-13T17:12:14.693144+09:00,全国紙,全国,毎日新聞,中部電の林社長と勝野会長が辞任の見通し データ不正受け,https://mainichi.jp/articles/20260911/k00/00m/020/317000c,https://mainichi.jp/rss/etc/mainichi-flash.rss,ok,,ニュース
2026-09-13,2026-09-13T17:12:14.693144+09:00,全国紙,全国,毎日新聞,平成筑豊鉄道の鉄路廃止巡り署名2万筆 田川市長が存続「意欲」,https://mainichi.jp/articles/20260911/k00/00m/310/371000c,https://mainichi.jp/rss/etc/mainichi-flash.rss,ok,,ニュース
2026-09-13,2026-09-13T17:12:14.693144+09:00,全国紙,全国,毎日新聞,茨城・牛久を「ワインのまち」に 生産倍増へ、市が丸ごと支援,https://mainichi.jp/articles/20260913/k00/00m/310/058000c,https://mainichi.jp/rss/etc/mainichi-flash.rss,ok,,ニュース
2026-09-13,2026-09-13T17:12:14.693144+09:00,全国紙,全国,毎日新聞,クラーク博士の新たな像、お披露目 子孫同士の歴史的対面も,https://mainichi.jp/articles/20260913/k00/00m/310/055000c,https://mainichi.jp/rss/etc/mainichi-flash.rss,ok,,ニュース
2026-09-13,2026-09-13T17:12:14.693144+09:00,全国紙,全国,毎日新聞,「ライバルでなくパートナー」中印首脳、国境問題の解決へ一致,https://mainichi.jp/articles/20260913/k00/00m/030/057000c,https://mainichi.jp/rss/etc/mainichi-flash.rss,ok,,ニュース
2026-09-13,2026-09-13T17:12:14.693144+09:00,全国紙,全国,毎日新聞,増える非正規職員 減る予算 岐路に立つ公立図書館の行方,https://mainichi.jp/articles/20260912/k00/00m/040/034000c,https://mainichi.jp/rss/etc/mainichi-flash.rss,ok,,ニュース
2026-09-13,2026-09-13T17:12:14.693144+09:00,全国紙,全国,毎日新聞,映画の推し事:ミニシアターが目的地 信濃八太郎さんが勧める新たな旅の形,https://mainichi.jp/articles/20260911/k00/00m/200/108000c,https://mainichi.jp/rss/etc/mainichi-flash.rss,ok,,ニュース
2026-09-13,2026-09-13T17:12:14.693144+09:00,全国紙,全国,毎日新聞,「大統領」待遇で外交着々 ASEAN復帰のカギはスーチー氏,https://mainichi.jp/articles/20260913/k00/00m/030/054000c,https://mainichi.jp/rss/etc/mainichi-flash.rss,ok,,ニュース
2026-09-13,2026-09-13T17:12:14.693144+09:00,全国紙,全国,毎日新聞,大阪でパトカー追跡後にバイクが転倒、運転していた男性死亡,https://mainichi.jp/articles/20260913/k00/00m/040/050000c,https://mainichi.jp/rss/etc/mainichi-flash.rss,ok,,ニュース
2026-09-13,2026-09-13T17:12:14.693144+09:00,全国紙,全国,毎日新聞,夜の公園で忍者100人「令和の乱」 三重・伊賀で10月3日に,https://mainichi.jp/articles/20260913/k00/00m/310/047000c,https://mainichi.jp/rss/etc/mainichi-flash.rss,ok,,ニュース
2026-09-13,2026-09-13T17:12:14.693144+09:00,全国紙,全国,毎日新聞,温泉地の子育て問題に新たなモデル 保護者支える預かり施設誕生,https://mainichi.jp/articles/20260913/k00/00m/310/039000c,https://mainichi.jp/rss/etc/mainichi-flash.rss,ok,,ニュース
2026-09-13,2026-09-13T17:12:14.693144+09:00,全国紙,全国,産経新聞,ロシアで「殺さないハムレット」がヒット 寓話に託す政権批判、ソ連流の抵抗復活,https://www.sankei.com/article/20260913-6IZXMV2U5ROHFAKTDFHPNNKFME/,https://www.sankei.com/,ok,,
2026-09-13,2026-09-13T17:12:14.693144+09:00,全国紙,全国,産経新聞,新たな経営指針 株主還元ばかりで成長できるか、資源配分の検証、取締役会の責務に,https://www.sankei.com/article/20260913-JGMZCPLXNZNQFM3PGOEOXVRVQA/,https://www.sankei.com/,ok,,
2026-09-13,2026-09-13T17:12:14.693144+09:00,全国紙,全国,産経新聞,中国「国家分裂」容疑の沈伯洋氏、台北市長選へ「より多くの友人が必要」東京で後援会発足,https://www.sankei.com/article/20260913-HT42OBOEDFHKXELNLDPECIWUO4/,https://www.sankei.com/,ok,,
2026-09-13,2026-09-13T17:12:14.693144+09:00,全国紙,全国,産経新聞,分裂・中道改革連合「政党交付金11億円」受け取るなら、舞台裏を全開示せよ 有元隆志,https://www.sankei.com/article/20260913-4CT5YF7LBBL6LHDT7ANETTXTXU/?outputType=theme_weekly-fuji,https://www.sankei.com/,ok,,
2026-09-13,2026-09-13T17:12:14.693144+09:00,全国紙,全国,産経新聞,中部電社長も辞意 浜岡原発不正、会長と引責 14日に記者会見で調査委報告の内容も説明,https://www.sankei.com/article/20260913-CZYQAMDRHFOQ7AMZCXVGHFWUJ4/,https://www.sankei.com/,ok,,
2026-09-13,2026-09-13T17:12:14.693144+09:00,全国紙,全国,産経新聞,米中枢同時テロ前、航空機突入の脅威警告も CIAが過去最大規模の機密文書公開,https://www.sankei.com/article/20260913-BPHJF5UVQZJMTHSMDUXGJONTJY/,https://www.sankei.com/,ok,,
2026-09-13,2026-09-13T17:12:14.693144+09:00,全国紙,全国,産経新聞,「私の差別はよい差別」「他人の差別は許さない」朝日執筆陣もあきれた東大教授のダブスタ,https://www.sankei.com/article/20260913-EJVKKOEFAJAUXAS3HDHV7FL6RU/,https://www.sankei.com/,ok,,
2026-09-13,2026-09-13T17:12:14.693144+09:00,全国紙,全国,産経新聞,日中議連若手が北京訪問 台湾有事巡る高市首相発言後初めて 中国友好協会幹部と面会調整,https://www.sankei.com/article/20260913-ROVFEO7JT5OCFIFMSNA345TYXY/,https://www.sankei.com/,ok,,
2026-09-13,2026-09-13T17:12:14.693144+09:00,全国紙,全国,産経新聞,中道分裂「衆院選費用」を国民の税金で払うな、小川代表の逆ギレ会見にあぜん 松井一郎,https://www.sankei.com/article/20260913-UW45IXUDLBNAJLSRYQL7E2CKD4/?outputType=theme_weekly-fuji,https://www.sankei.com/,ok,,
2026-09-13,2026-09-13T17:12:14.693144+09:00,全国紙,全国,産経新聞,日本一の「どでカボチャ」大会 454キロで優勝の千葉の大工「10年かかった」と感無量,https://www.sankei.com/article/20260913-6DC3W6G5ONLENINPITPIFCJWIA/,https://www.sankei.com/,ok,,
2026-09-13,2026-09-13T17:12:14.693144+09:00,全国紙,全国,産経新聞,28歳の砂川が初優勝 16アンダー、男子ゴルフ,https://www.sankei.com/article/20260913-6GKKWAZYWJJIPO6S7LTU2QYPT4/,https://www.sankei.com/,ok,,
2026-09-13,2026-09-13T17:12:14.693144+09:00,全国紙,全国,産経新聞,認知症の母の介護は、施設か自宅か 人生相談,https://www.sankei.com/article/20260913-EO7DOIGEF5JM7CS22TUHCJLZQ4/,https://www.sankei.com/,ok,,
2026-09-13,2026-09-13T17:12:14.693144+09:00,全国紙,全国,産経新聞,豊昇龍は約3週間加療 休場は3場所連続10度目,https://www.sankei.com/article/20260913-D2ESBWEIRNIRRMM6VLVZHRMSLY/,https://www.sankei.com/,ok,,
2026-09-13,2026-09-13T17:12:14.693144+09:00,全国紙,全国,東京新聞,泣き叫んでも夫から「レイプ」...離婚を望んでも親に責められ 戦地で深刻化する児童婚,https://www.tokyo-np.co.jp/article/513612,https://www.tokyo-np.co.jp/,ok,,
2026-09-13,2026-09-13T17:12:14.693144+09:00,全国紙,全国,東京新聞,ブレイディみかこさんとアクティヴィストのeriさん、意見が一致した「権力に対抗するために必要なモノ」,https://www.tokyo-np.co.jp/article/513792,https://www.tokyo-np.co.jp/,ok,,
2026-09-13,2026-09-13T17:12:14.693144+09:00,全国紙,全国,東京新聞,沖縄県知事選、投票続く 現新、事実上の一騎打ち,https://www.tokyo-np.co.jp/article/515243,https://www.tokyo-np.co.jp/,ok,,
2026-09-13,2026-09-13T17:12:14.693144+09:00,全国紙,全国,東京新聞,千葉は温泉の宝庫 養老渓谷ルポ 豪雨爪痕も 自然の恵みに癒やされて キョンはいるけど「クマなし県」,https://www.tokyo-np.co.jp/article/515240,https://www.tokyo-np.co.jp/,ok,,
2026-09-13,2026-09-13T17:12:14.693144+09:00,全国紙,全国,東京新聞,〈時代を読む〉法の支配維持 問われる覚悟 宇野重規・東京大学教授,https://www.tokyo-np.co.jp/article/515248,https://www.tokyo-np.co.jp/,ok,,
2026-09-13,2026-09-13T17:12:14.693144+09:00,全国紙,全国,東京新聞,スカイツリーのにぎわいを「点」から「面」へ 「ことまちプロジェクト」を進める企業が信じる未来,https://www.tokyo-np.co.jp/article/514878,https://www.tokyo-np.co.jp/,ok,,
2026-09-13,2026-09-13T17:12:14.693144+09:00,全国紙,全国,東京新聞,ハングルを学び韓国の詩を翻訳した詩人茨木のり子さん 生誕100年、韓国でも愛される作品の魅力とは,https://www.tokyo-np.co.jp/article/514392,https://www.tokyo-np.co.jp/,ok,,
2026-09-13,2026-09-13T17:12:14.693144+09:00,全国紙,全国,東京新聞,「今のままでは内向きの運動に...」北方領土の返還運動の担い手不足、富山で浮き彫りに,https://www.tokyo-np.co.jp/article/513625,https://www.tokyo-np.co.jp/,ok,,
2026-09-13,2026-09-13T17:12:14.693144+09:00,全国紙,全国,中日新聞,アジア大会、祭典の遺産をどう築く? 米・ロサンゼルスに学ぶ、目指すべき方向性とは,https://www.chunichi.co.jp/article/1310685,https://www.chunichi.co.jp/,ok,,
2026-09-13,2026-09-13T17:12:14.693144+09:00,全国紙,全国,中日新聞,「能登から世界を目指す」 重量挙げの中島一馨選手、アジア大会へ 能登半島地震で被災,https://www.chunichi.co.jp/article/1310642,https://www.chunichi.co.jp/,ok,,
2026-09-13,2026-09-13T17:12:14.693144+09:00,全国紙,全国,中日新聞,死亡の女性店主は熱傷性ショック 岐阜県本巣市のケーキ店事件,https://www.chunichi.co.jp/article/1310789,https://www.chunichi.co.jp/,ok,,
2026-09-13,2026-09-13T17:12:14.693144+09:00,全国紙,全国,中日新聞,強殺事件、法廷で見えた男女のいびつな関係 好意なく渡した婚姻届、ホストクラブで5400万,https://www.chunichi.co.jp/article/1310598,https://www.chunichi.co.jp/,ok,,
2026-09-13,2026-09-13T17:12:14.693144+09:00,全国紙,全国,中日新聞,【中日】涌井秀章の出場選手登録を抹消、今季ここまで11試合に先発し4勝3敗、防御率は3.73,https://www.chunichi.co.jp/article/1310772,https://www.chunichi.co.jp/,ok,,
2026-09-13,2026-09-13T17:12:14.693144+09:00,地方紙,長野,信濃毎日新聞,【試合速報】秋の北信越高校野球 長野県大会地区予選09/05 10:49,https://www.shinmai.co.jp/news/article/gf01dadmetsvl121or8403fg,https://www.shinmai.co.jp/,ok,,
2026-09-13,2026-09-13T17:12:14.693144+09:00,地方紙,長野,信濃毎日新聞,長野市出身のシャルケ田中聡、体を張って今季初勝利に貢献【ドイツ1部】09/13 12:37,https://www.shinmai.co.jp/news/article/gf01daj1genscpf4olnjicg0,https://www.shinmai.co.jp/,ok,,
2026-09-13,2026-09-13T17:12:14.693144+09:00,地方紙,長野,信濃毎日新聞,塩尻市長選告示 現新2氏の論戦始まる【第一声付き】09/13 12:04,https://www.shinmai.co.jp/news/article/gf01daj0ofm29c62qgihkqs0,https://www.shinmai.co.jp/,ok,,
2026-09-13,2026-09-13T17:12:14.693144+09:00,地方紙,長野,信濃毎日新聞,速報09/13 17:06【速報】塩尻市長選、届け出締め切り 現新2氏の選挙戦に,https://www.shinmai.co.jp/news/article/gf01daj5hofscpf4olnjir20,https://www.shinmai.co.jp/,ok,,
2026-09-13,2026-09-13T17:12:14.693144+09:00,地方紙,長野,信濃毎日新聞,速報09/13 15:22御嶽海は黒星スタート【大相撲秋場所初日】,https://www.shinmai.co.jp/news/article/gf01daj41l7scpf4olnjike0,https://www.shinmai.co.jp/,ok,,
2026-09-13,2026-09-13T17:12:14.693144+09:00,地方紙,長野,信濃毎日新聞,速報09/13 08:54【速報】塩尻市長選告示 現新2人が届け出,https://www.shinmai.co.jp/news/article/gf01daiu9odtvnso9aa6dflg,https://www.shinmai.co.jp/,ok,,
2026-09-13,2026-09-13T17:12:14.693144+09:00,地方紙,長野,信濃毎日新聞,4上田市の保育園の遊具、ピカピカに 上小の塗装業の組合、無償で塗り直し,https://www.shinmai.co.jp/news/article/gf01daj3j27scpf4olnjiiig,https://www.shinmai.co.jp/,ok,,
2026-09-13,2026-09-13T17:12:14.693144+09:00,地方紙,長野,信濃毎日新聞,9”生ごみ分別収集やめて” 佐久市・臼田地域の住民のアンケートで8割が回答,https://www.shinmai.co.jp/news/article/gf01dahuf4iknkjb9uc4pqog,https://www.shinmai.co.jp/,ok,,
2026-09-13,2026-09-13T17:12:14.693144+09:00,地方紙,長野,信濃毎日新聞,10森田望智さん、朝ドラ「巡るスワン」舞台の印象は? 「諏訪湖の周りは本当にすてき」【動画付き】,https://www.shinmai.co.jp/news/article/gf01dabcru4aejegpfu3kpkg,https://www.shinmai.co.jp/,ok,,
2026-09-13,2026-09-13T17:12:14.693144+09:00,地方紙,京都,京都新聞,速報中部電社長も浜岡原発不正で辞任意向,https://www.kyoto-np.co.jp/articles/-/1789921,https://www.kyoto-np.co.jp/,ok,,
2026-09-13,2026-09-13T17:12:14.693144+09:00,地方紙,京都,京都新聞,京都市左京区の公立高校生が「大学院レベル」の研究成果 国際学術誌で論文発表「貴重な体験ができた」9月12日市内京都府立高校に通う生徒たちが府立医科大の研究者との共同研究で、シソの匂い成分に消毒効果があるとする成果を化学のオンライン国際学術誌で今月発...,https://www.kyoto-np.co.jp/articles/-/1788516,https://www.kyoto-np.co.jp/,ok,,
2026-09-13,2026-09-13T17:12:14.693144+09:00,地方紙,京都,京都新聞,辺野古沖転覆で犠牲の女子生徒「一人で逝かせた」悔やむ両親 学校に不信感「何が悪かったか見つめ直して」9月12日地域沖縄県名護市辺野古沖で同志社国際高(京都府京田辺市)の武石知華さん(17)が研修旅行の平和学習中に死亡したボート転覆事故をめぐり、武石さん...,https://www.kyoto-np.co.jp/articles/-/1789344,https://www.kyoto-np.co.jp/,ok,,
2026-09-13,2026-09-13T17:12:14.693144+09:00,地方紙,兵庫,神戸新聞,ジェンダー問題、コーヒーを通して発信する意義とは? コーヒー焙煎家、エッセイスト・中村佳太さん,https://www.kobe-np.co.jp/news/richb/202609/0020813831.shtml,https://www.kobe-np.co.jp/,ok,,
2026-09-13,2026-09-13T17:12:14.693144+09:00,地方紙,兵庫,神戸新聞,六甲山に自生するキノコ紹介 標本やパネル150点,https://www.kobe-np.co.jp/news/kobe/202609/0020813104.shtml,https://www.kobe-np.co.jp/,ok,,
2026-09-13,2026-09-13T17:12:14.693144+09:00,地方紙,兵庫,神戸新聞,捕虜になった父、結核で闘病した母...両親の戦時体験、挿絵本に,https://www.kobe-np.co.jp/news/tanba/202609/0020813788.shtml,https://www.kobe-np.co.jp/,ok,,
2026-09-13,2026-09-13T17:12:14.693144+09:00,地方紙,兵庫,神戸新聞,内戦に巻き込まれた元日本兵追う ドキュメンタリー映画「蟻の兵隊」上映,https://www.kobe-np.co.jp/news/sanda/202609/0020814249.shtml,https://www.kobe-np.co.jp/,ok,,
2026-09-13,2026-09-13T17:12:14.693144+09:00,地方紙,兵庫,神戸新聞,淡路の防波堤で釣りざおやリール盗んだ疑い、59歳の男逮捕 「盗んでいない」と否認,https://www.kobe-np.co.jp/news/jiken/202609/0020815490.shtml,https://www.kobe-np.co.jp/,ok,,
2026-09-13,2026-09-13T17:12:14.693144+09:00,地方紙,兵庫,神戸新聞,秋季兵庫県高校野球大会勝ち上がり表【随時更新】,https://www.kobe-np.co.jp/news/richa/202609/0020796500.shtml,https://www.kobe-np.co.jp/,ok,,
2026-09-13,2026-09-13T17:12:14.693144+09:00,地方紙,兵庫,神戸新聞,14日の交通取り締まり(2026年9月),https://www.kobe-np.co.jp/news/society/202609/0020767458.shtml,https://www.kobe-np.co.jp/,ok,,
2026-09-13,2026-09-13T17:12:14.693144+09:00,地方紙,熊本,熊本日日新聞,9/13夜,https://kumanichi.com/node/2035482,https://kumanichi.com/rss.xml,ok,,
2026-09-13,2026-09-13T17:12:14.693144+09:00,地方紙,熊本,熊本日日新聞,28歳の砂川公佑が初優勝,https://kumanichi.com/articles/2035470,https://kumanichi.com/rss.xml,ok,,
2026-09-13,2026-09-13T17:12:14.693144+09:00,地方紙,熊本,熊本日日新聞,北朝鮮サッカー女子「優勝目標」,https://kumanichi.com/articles/2035481,https://kumanichi.com/rss.xml,ok,,
2026-09-13,2026-09-13T17:12:14.693144+09:00,地方紙,熊本,熊本日日新聞,マリオの世界、札幌を駆け抜けろ,https://kumanichi.com/articles/2035460,https://kumanichi.com/rss.xml,ok,,
2026-09-13,2026-09-13T17:12:14.693144+09:00,地方紙,熊本,熊本日日新聞,<2026年熊本地震>熊本市の仮設全50戸、16日に完成 19日に入居開始,https://kumanichi.com/articles/2035479,https://kumanichi.com/rss.xml,ok,,
2026-09-13,2026-09-13T17:12:14.693144+09:00,地方紙,熊本,熊本日日新聞,輪島朝市通り、テントで出店復活,https://kumanichi.com/articles/2035462,https://kumanichi.com/rss.xml,ok,,
2026-09-13,2026-09-13T17:12:14.693144+09:00,地方紙,熊本,熊本日日新聞,なでしこ主将の成宮「初戦大事」,https://kumanichi.com/articles/2035475,https://kumanichi.com/rss.xml,ok,,
2026-09-13,2026-09-13T17:12:14.693144+09:00,地方紙,熊本,熊本日日新聞,ソ7―4ロ(13日),https://kumanichi.com/articles/2035480,https://kumanichi.com/rss.xml,ok,,
2026-09-13,2026-09-13T17:12:14.693144+09:00,地方紙,熊本,熊本日日新聞,<2026年国スポ・ローイング少年女子かじ付きクオドルプル>熊本、猛烈スパートも0秒19差で2位 悲願の初Vならず,https://kumanichi.com/articles/2035478,https://kumanichi.com/rss.xml,ok,,
2026-09-13,2026-09-13T17:12:14.693144+09:00,地方紙,熊本,熊本日日新聞,熊本農、文徳、球磨工が2回戦へ 九州高校野球熊本大会,https://kumanichi.com/articles/2035477,https://kumanichi.com/rss.xml,ok,,
2026-09-13,2026-09-13T17:12:14.693144+09:00,地方紙,鹿児島,南日本新聞,興邊琉々菜さん、川崎の「交流の響き」19日出演――南日本音楽コンクール優秀賞受賞の桐朋学園大3年生、全国コン入賞者が集う舞台へ昨年の第74回南日本音楽コンクール(ピアノ部門)で優秀賞を受賞した興邊琉々菜(こうべるるな)さん(桐朋学園大学3年)が9月19日、川崎市である「交流の響き2026 in かわさき」(神奈川新聞社、川崎市主催)に出演する。興邊さんは「こんなクラシックもあるんだ、と新しい発見をしてもらえるピアノを弾きたい」と意気込む。 「交流の響き」は全国の新聞社が開くコンクール入賞者が舞台に立ち、ピアノや9月13日 16:30,https://373news.com/news/local/detail/239485/,https://373news.com/,ok,,local
2026-09-13,2026-09-13T17:12:14.693144+09:00,地方紙,鹿児島,南日本新聞,行政と住民が両輪、移住者の「居・職・住」づくり進む――支援窓口や手厚い補助が奏功...本土最南端の南大隅町9月13日 15:00,https://373news.com/news/local/detail/239170/,https://373news.com/,ok,,local
2026-09-13,2026-09-13T17:12:14.693144+09:00,地方紙,鹿児島,南日本新聞,パンク寸前だった体育館が整然とした「倉庫」に変貌 物流のプロ「ヤマト」が変えた支援物資の流れ(連載「被災地は問う 熊本地震1カ月」2)9月13日 14:00,https://373news.com/news/local/detail/239217/,https://373news.com/,ok,,local
2026-09-13,2026-09-13T17:12:14.693144+09:00,地方紙,鹿児島,南日本新聞,焼き上げに3日、酵母作りを含めると2週間――世界大会出場職人の作る柔らかな生地とチョコが絶妙な「パネットーネ チョコラート」|TAK BAGERI MEL(鹿児島市)9月13日 11:00,https://373news.com/news/local/detail/239483/,https://373news.com/,ok,,local
2026-09-13,2026-09-13T17:12:14.693144+09:00,地方紙,鹿児島,南日本新聞,95歳の亡き母が植えた50本のサルスベリ――初盆前に満開、娘が遺影に報告 出水の西浦さん9月13日 10:30,https://373news.com/news/local/detail/239203/,https://373news.com/,ok,,local
2026-09-13,2026-09-13T17:12:14.693144+09:00,地方紙,鹿児島,南日本新聞,「この10年の議論は何だったのか」 宇土市はテント導入も宇城市は段ボールベッドのみ...避難所の環境、自治体間の格差に住民は憤る(連載「被災地は問う 熊本地震1カ月」1)9月13日 10:00,https://373news.com/news/local/detail/239216/,https://373news.com/,ok,,local
2026-09-13,2026-09-13T17:12:14.693144+09:00,地方紙,鹿児島,南日本新聞,9【青森国スポ】クマ目撃で競技中止 「本当に出没するとは」...鹿児島県選手ら驚きの声,https://373news.com/news/local/detail/239471/,https://373news.com/,ok,,local
2026-09-13,2026-09-13T17:12:14.693144+09:00,地方紙,鹿児島,南日本新聞,原発不正の中部電力、社長も辞意 浜岡の耐震データ、会長と引責9月13日 16:16,https://373news.com/news/national/detail/2026091301000582/,https://373news.com/,ok,,national
2026-09-13,2026-09-13T17:12:14.693144+09:00,地方紙,鹿児島,南日本新聞,日中議連若手が北京訪問 友好協会幹部と面会調整9月13日 14:54,https://373news.com/news/national/detail/2026091301000488/,https://373news.com/,ok,,national
2026-09-13,2026-09-13T17:12:14.693144+09:00,地方紙,沖縄,沖縄タイムス,【おわびと訂正】名護市議候補・屋良里穂氏の顔写真を誤掲載 正しい写真を掲載します,https://www.okinawatimes.co.jp/articles/-/1922924,https://www.okinawatimes.co.jp/,ok,,
2026-09-13,2026-09-13T17:12:14.693144+09:00,地方紙,沖縄,沖縄タイムス,竹富町議選 12人が当選【沖縄統一地方選 2026】9月13日 16:53統一地方選竹富町議選は、13日に開票され12人の当選が決まった。13人が立候補していた。 当選者の顔ぶれ一覧は以下のURLから。,https://www.okinawatimes.co.jp/articles/-/1923045,https://www.okinawatimes.co.jp/,ok,,
2026-09-13,2026-09-13T17:12:14.693144+09:00,地方紙,沖縄,沖縄タイムス,沖縄知事選挙 期日前投票者の最終値は34万7170人 前回選挙と比べ0.41ポイント下回る16:54#沖縄の選挙,https://www.okinawatimes.co.jp/articles/-/1923044,https://www.okinawatimes.co.jp/,ok,,
2026-09-13,2026-09-13T17:12:14.693144+09:00,地方紙,沖縄,沖縄タイムス,午後2時時点で18万5528人投票 沖縄県知事選の投票率15・92% 2022年同時期を上回る15:16#沖縄県知事選,https://www.okinawatimes.co.jp/articles/-/1923022,https://www.okinawatimes.co.jp/,ok,,
2026-09-13,2026-09-13T17:12:14.693144+09:00,地方紙,沖縄,沖縄タイムス,【今夜】沖縄県知事選挙 出口調査の結果を速報へ(20時以降)5:00有料#沖縄県知事選,https://www.okinawatimes.co.jp/articles/-/1922181,https://www.okinawatimes.co.jp/,ok,,
2026-09-13,2026-09-13T17:12:14.693144+09:00,地方紙,沖縄,沖縄タイムス,誤情報・中傷拡散した異様な選挙戦完走 古謝氏・玉城氏、支持訴え熱気最高 沖縄県知事選の打ち上げ式7:00有料#沖縄県知事選,https://www.okinawatimes.co.jp/articles/-/1922814,https://www.okinawatimes.co.jp/,ok,,
2026-09-13,2026-09-13T17:12:14.693144+09:00,地方紙,沖縄,沖縄タイムス,15歳の学習到達度 日本がトップ水準維持 OECD調査を解説【ビジュアルニュース】11:00有料#教育,https://www.okinawatimes.co.jp/articles/-/1922969,https://www.okinawatimes.co.jp/,ok,,
2026-09-13,2026-09-13T17:12:14.693144+09:00,地方紙,沖縄,沖縄タイムス,ベネチア国際映画祭 沖縄舞台の映画に批評家連盟賞 尚玄さんら製作「ザ・カラー・オブ・ザ・サン」3:58有料#映画,https://www.okinawatimes.co.jp/articles/-/1922816,https://www.okinawatimes.co.jp/,ok,,
2026-09-13,2026-09-13T17:12:14.693144+09:00,地方紙,沖縄,沖縄タイムス,【内閣改造】男女格差の是正焦点 首相、「実力」で起用方針10:00有料#プライムスペシャル,https://www.okinawatimes.co.jp/articles/-/1922945,https://www.okinawatimes.co.jp/,ok,,
2026-09-13,2026-09-13T17:12:14.693144+09:00,地方紙,沖縄,沖縄タイムス,【視点】デマに流されない力が必要 結果引き受けるのは県民9:50有料#沖縄の選挙,https://www.okinawatimes.co.jp/articles/-/1922856,https://www.okinawatimes.co.jp/,ok,,
2026-09-13,2026-09-13T17:12:14.693144+09:00,地方紙,沖縄,沖縄タイムス,豚皮チップス・さし草・タイガーナッツ...沖縄産グルメ 大阪で腕試し11:55#ヒットのたまご,https://www.okinawatimes.co.jp/articles/-/1922876,https://www.okinawatimes.co.jp/,ok,,
2026-09-13,2026-09-13T17:12:14.693144+09:00,地方紙,沖縄,沖縄タイムス,熟練職人が鋳込むクマよけ鈴人気 市街地で出没相次ぎ注文急増17:00#トピックス,https://www.okinawatimes.co.jp/articles/-/1923046,https://www.okinawatimes.co.jp/,ok,,
2026-09-13,2026-09-13T17:12:14.693144+09:00,全国紙,全国,読売新聞,沖縄県知事選挙、午後2時時点の投票率は15・92%...前回を1・92ポイント上回る,https://www.yomiuri.co.jp/election/20260913-GYT1T00095/,https://news.ceek.jp/search.cgi?category_id=politics&feed=1,ok,,政治
2026-09-13,2026-09-13T17:12:14.693144+09:00,全国紙,全国,産経新聞,中ロ、非米欧の結束図る 「ニューデリー宣言」を採択 BRICS首脳会議閉幕へ,https://www.sankei.com/article/20260913-ZDAB4UJ23VM2DGOUGR5EOPGYFI/,https://news.ceek.jp/search.cgi?category_id=politics&feed=1,ok,,政治
2026-09-13,2026-09-13T17:12:14.693144+09:00,その他メディア,,共同通信,沖縄県知事選、投票続く 現新、事実上の一騎打ち,https://www.47news.jp/14932916.html,https://news.ceek.jp/search.cgi?category_id=politics&feed=1,ok,,政治
2026-09-13,2026-09-13T17:12:14.693144+09:00,全国紙,全国,産経新聞,沖縄知事選投票続く 現職の玉城氏と新人の古謝氏が事実上一騎打ち 投票率は前回上回る,https://www.sankei.com/article/20260913-3VVZ5NMCORJIFHYT22JWGV53BY/,https://news.ceek.jp/search.cgi?category_id=politics&feed=1,ok,,政治
2026-09-13,2026-09-13T17:12:14.693144+09:00,その他メディア,,共同通信,自民国対委員長に村井英樹氏 首相調整、古川俊治氏入閣浮上,https://www.47news.jp/14933214.html,https://news.ceek.jp/search.cgi?category_id=politics&feed=1,ok,,政治
2026-09-13,2026-09-13T17:12:14.693144+09:00,その他メディア,,テレビ朝日,国対委員長に村井元官房副長官を起用へ 高市総理が方針固める,https://news.tv-asahi.co.jp/news_politics/articles/000533027.html,https://news.ceek.jp/search.cgi?category_id=politics&feed=1,ok,,政治
2026-09-13,2026-09-13T17:12:14.693144+09:00,全国紙,全国,読売新聞,沖縄県知事選挙、午前11時時点の投票率は8・14%...前回を0・95ポイント上回る,https://www.yomiuri.co.jp/election/20260913-GYT1T00085/,https://news.ceek.jp/search.cgi?category_id=politics&feed=1,ok,,政治
2026-09-13,2026-09-13T17:12:14.693144+09:00,その他メディア,,共同通信,【速報】内閣改造で自民古川参院議員の入閣浮上,https://www.47news.jp/14933077.html,https://news.ceek.jp/search.cgi?category_id=politics&feed=1,ok,,政治
2026-09-13,2026-09-13T17:12:14.693144+09:00,その他メディア,,共同通信,【速報】首相、自民党国対委員長に村井氏起用へ,https://www.47news.jp/14932989.html,https://news.ceek.jp/search.cgi?category_id=politics&feed=1,ok,,政治
2026-09-13,2026-09-13T17:12:14.693144+09:00,その他メディア,,フジテレビ,"前町長が“無断侵入疑惑""で辞職...愛知県・大治町長選挙の投票始まる いずれも無所属で新人の2人が立候補",https://www.fnn.jp/articles/-/1113344,https://news.ceek.jp/search.cgi?category_id=politics&feed=1,ok,,政治
2026-09-13,2026-09-13T17:12:14.693144+09:00,全国紙,全国,東京新聞,高市首相の一日 9月12日(土),https://www.tokyo-np.co.jp/article/515247,https://news.ceek.jp/search.cgi?category_id=politics&feed=1,ok,,政治
2026-09-13,2026-09-13T17:12:14.693144+09:00,その他メディア,,フジテレビ,日中友好議連の若手議員らが訪中 中国人民対外友好協会の幹部らと面会へ,https://www.fnn.jp/articles/-/1113339,https://news.ceek.jp/search.cgi?category_id=politics&feed=1,ok,,政治
2026-09-13,2026-09-13T17:12:14.693144+09:00,その他メディア,,フジテレビ,沖縄県知事選きょう投開票 午前10時現在の投票率5.19% 期日前投票は4767人減,https://www.fnn.jp/articles/-/1113329,https://news.ceek.jp/search.cgi?category_id=politics&feed=1,ok,,政治
2026-09-13,2026-09-13T17:12:14.693144+09:00,その他メディア,,フジテレビ,当日の投票率は前回を上回るペース きょう沖縄県知事選挙投開票,https://www.fnn.jp/articles/-/1113353,https://news.ceek.jp/search.cgi?category_id=politics&feed=1,ok,,政治
2026-09-13,2026-09-13T17:12:14.693144+09:00,その他メディア,,テレビ朝日,"“日中友好議連""若手が北京へ 関係改善にむけて議員外交",https://news.tv-asahi.co.jp/news_politics/articles/000533035.html,https://news.ceek.jp/search.cgi?category_id=politics&feed=1,ok,,政治
2026-09-13,2026-09-13T17:12:14.693144+09:00,その他メディア,,日本テレビ,自民党役員人事 国対委員長に村井英樹元官房副長官を起用へ,https://news.ntv.co.jp/category/politics/285a784c13d2458b990d950a28e56456,https://news.ceek.jp/search.cgi?category_id=politics&feed=1,ok,,政治
2026-09-13,2026-09-13T17:12:14.693144+09:00,全国紙,全国,読売新聞,横浜市長選の立候補予定者説明会に山中前市長の後援会など21陣営...前衆院議員・中谷一馬氏は出馬を表明,https://www.yomiuri.co.jp/election/20260912-GYT1T00264/,https://news.ceek.jp/search.cgi?category_id=politics&feed=1,ok,,政治
2026-09-13,2026-09-13T17:12:14.693144+09:00,全国紙,全国,産経新聞,自民国対委員長に村井英樹元官房副長官を抜擢へ 高市首相が調整、岸田元首相側近,https://www.sankei.com/article/20260913-SWSW6HBMIRJ6FPNBQF6Q7KFWIM/,https://news.ceek.jp/search.cgi?category_id=politics&feed=1,ok,,政治
2026-09-13,2026-09-13T17:12:14.693144+09:00,全国紙,全国,日本経済新聞,WTO「円滑なルール形成へ改革必須」 宇山前事務局長補佐官,https://www.nikkei.com/article/DGXZQOUA1050I0Q6A910C2000000/,https://news.ceek.jp/search.cgi?category_id=politics&feed=1,ok,,政治
2026-09-13,2026-09-13T17:12:14.693144+09:00,全国紙,全国,産経新聞,尖閣諸島周辺で中国海警局の船航行 36日連続 機関砲を搭載、巡視船が警告,https://www.sankei.com/article/20260913-ZCATAQAF65JFTLJFBAAFNDOIQM/,https://news.ceek.jp/search.cgi?category_id=politics&feed=1,ok,,政治
2026-09-13,2026-09-13T17:12:14.693144+09:00,全国紙,全国,産経新聞,自衛隊の手足縛る憲法が日本の安全と存立を脅かす 日本でモバイル制限訓練はできるのか,https://www.sankei.com/article/20260913-PDXPESVPBJPXJKQB5MPIN5KD5E/,https://news.ceek.jp/search.cgi?category_id=politics&feed=1,ok,,政治
2026-09-13,2026-09-13T17:12:14.693144+09:00,その他メディア,,しんぶん赤旗,「公共を取り戻そう」をスローガンに統一地方選をたたかおう 千葉・船橋 志位議長が訴え,https://www.jcp.or.jp/akahata/aik26/2026-09-13/2026091301_01_0.php,https://news.ceek.jp/search.cgi?category_id=politics&feed=1,ok,,政治
2026-09-13,2026-09-13T17:12:14.693144+09:00,その他メディア,,しんぶん赤旗,改憲・大軍拡許さず命守る 仙台 日本母親大会始まる,https://www.jcp.or.jp/akahata/aik26/2026-09-13/2026091301_02_0.php,https://news.ceek.jp/search.cgi?category_id=politics&feed=1,ok,,政治
2026-09-13,2026-09-13T17:12:14.693144+09:00,その他メディア,,しんぶん赤旗,潮流 文部科学省が学習指導要領の改定を進めています。文科相の諮問を受け...,https://www.jcp.or.jp/akahata/aik26/2026-09-13/2026091301_03_0.php,https://news.ceek.jp/search.cgi?category_id=politics&feed=1,ok,,政治
2026-09-13,2026-09-13T17:12:14.693144+09:00,その他メディア,,しんぶん赤旗,主張 中道の政党助成金/国民感情と乖離した税金受領,https://www.jcp.or.jp/akahata/aik26/2026-09-13/2026091302_01_0.php,https://news.ceek.jp/search.cgi?category_id=politics&feed=1,ok,,政治
2026-09-13,2026-09-13T17:12:14.693144+09:00,その他メディア,,しんぶん赤旗,緒方副委員長、独研究者とAIなどで意見交換 9・11から25年 「テロとの戦い」で甚大被害 悲劇利用した憎悪扇動は犠牲者に泥,https://www.jcp.or.jp/akahata/aik26/2026-09-13/2026091302_02_0.php,https://news.ceek.jp/search.cgi?category_id=politics&feed=1,ok,,政治
2026-09-13,2026-09-13T17:12:14.693144+09:00,その他メディア,,しんぶん赤旗,9・11から25年 人権・民主主義・法の支配壊した 国連や識者 声明を発表,https://www.jcp.or.jp/akahata/aik26/2026-09-13/2026091303_02_0.php,https://news.ceek.jp/search.cgi?category_id=politics&feed=1,ok,,政治
2026-09-13,2026-09-13T17:12:14.693144+09:00,その他メディア,,しんぶん赤旗,那覇市議会 PFAS隠蔽に抗議の意見書 自公など審議を妨害 可決先送り,https://www.jcp.or.jp/akahata/aik26/2026-09-13/2026091304_01_0.php,https://news.ceek.jp/search.cgi?category_id=politics&feed=1,ok,,政治
2026-09-13,2026-09-13T17:12:14.693144+09:00,その他メディア,,しんぶん赤旗,赤旗チャンネル 今回はコレ!! 暑すぎる夏とスポーツの未来,https://www.jcp.or.jp/akahata/aik26/2026-09-13/2026091304_02_0.php,https://news.ceek.jp/search.cgi?category_id=politics&feed=1,ok,,政治
2026-09-13,2026-09-13T17:12:14.693144+09:00,全国紙,全国,読売新聞,沖縄県知事選挙、期日前投票27万3584人...過去2番目の多さ,https://www.yomiuri.co.jp/election/20260913-GYT1T00074/,https://news.ceek.jp/search.cgi?category_id=politics&feed=1,ok,,政治
2026-09-13,2026-09-13T17:12:14.693144+09:00,全国紙,全国,産経新聞,プーチン氏の択捉島訪問 ロシアの「パン」とは切り分け、毅然とした対抗措置を,https://www.sankei.com/article/20260913-NL6UKEVZOJKM5CLHBKC6VSXNE4/,https://news.ceek.jp/search.cgi?category_id=politics&feed=1,ok,,政治
2026-09-13,2026-09-13T17:12:14.693144+09:00,全国紙,全国,日本経済新聞,骨格維持の内閣改造、支持率は平均2ポイント上昇 高市人事占う,https://www.nikkei.com/article/DGXZQOUA1022C0Q6A910C2000000/,https://news.ceek.jp/search.cgi?category_id=politics&feed=1,ok,,政治
2026-09-13,2026-09-13T17:12:14.693144+09:00,全国紙,全国,日本経済新聞,「中国・台湾17倍」「金正恩氏214発」 日本の安保示す5つの数字,https://www.nikkei.com/article/DGXZQOUA1148C0R10C26A9000000/,https://news.ceek.jp/search.cgi?category_id=politics&feed=1,ok,,政治
2026-09-13,2026-09-13T17:12:14.693144+09:00,全国紙,全国,日本経済新聞,日本の対応「ロシア大統領、北方領土を訪れやすく」 識者に聞く,https://www.nikkei.com/article/DGXZQOUA11AZ00R10C26A9000000/,https://news.ceek.jp/search.cgi?category_id=politics&feed=1,ok,,政治
2026-09-13,2026-09-13T17:12:14.693144+09:00,その他メディア,,フジテレビ,"日銀、FRBが注目の会合 日銀利上げ公算大で30代は4万円負担増も トランプ“5000ドルショック""で米金利急騰",https://www.fnn.jp/articles/-/1113384,https://news.ceek.jp/search.cgi?category_id=business&feed=1,ok,,経済
2026-09-13,2026-09-13T17:12:14.693144+09:00,その他メディア,,テレビ朝日,ガソリンスタンドの倒産や廃業が増加 過去10年で最多,https://news.tv-asahi.co.jp/news_economy/articles/000533056.html,https://news.ceek.jp/search.cgi?category_id=business&feed=1,ok,,経済
2026-09-13,2026-09-13T17:12:14.693144+09:00,その他メディア,,TBSテレビ,人気サンドイッチ4種トーナメント勝負!「たまごサンド」「ツナサンド」「カツサンド」「ハムサンド」西船橋ハマヤ・ローソン・東京駅メルヘン【それスタ】,https://newsdig.tbs.co.jp/articles/-/2941296?display=1,https://news.ceek.jp/search.cgi?category_id=business&feed=1,ok,,経済
2026-09-13,2026-09-13T17:12:14.693144+09:00,その他メディア,,Forbes JAPAN,同じ看板で査定額に17万円の差 貴金属買取で損しない4つの自衛策,https://forbesjapan.com/articles/detail/104371,https://news.ceek.jp/search.cgi?category_id=business&feed=1,ok,,経済
2026-09-13,2026-09-13T17:12:14.693144+09:00,その他メディア,,Abema TIMES,"“ネオバリキャリ""女性の平均年収は713万円!?一方正社員共働きが主流になっても男女の賃金格差に「かなりの差」... その背後にあるマミートラックと管理職登用のカベ",https://times.abema.tv/articles/-/10272748?page=1,https://news.ceek.jp/search.cgi?category_id=business&feed=1,ok,,経済
2026-09-13,2026-09-13T17:12:14.693144+09:00,全国紙,全国,読売新聞,浜岡原発・データ不正の中部電力、林欣吾社長も辞任へ...両首脳が引責辞任の見通しに,https://www.yomiuri.co.jp/economy/20260913-GYT1T00092/,https://news.ceek.jp/search.cgi?category_id=business&feed=1,ok,,経済
2026-09-13,2026-09-13T17:12:14.693144+09:00,全国紙,全国,読売新聞,博多の老舗チョコ店3代目社長、規格外の素材も生かし「新しい価値」を...「3代で100年へ」挑戦続く,https://www.yomiuri.co.jp/economy/20260913-GYT1T00068/,https://news.ceek.jp/search.cgi?category_id=business&feed=1,ok,,経済
2026-09-13,2026-09-13T17:12:14.693144+09:00,その他メディア,,TBSテレビ,"“実感なき""景気拡大 戦後最長「いざなみ」超えも...立ちはだかる「物価高」の壁 企業と家計の“明暗""が 家計への恩恵見通せず 【サンデーモーニング】",https://newsdig.tbs.co.jp/articles/-/2941219?display=1,https://news.ceek.jp/search.cgi?category_id=business&feed=1,ok,,経済
2026-09-13,2026-09-13T17:12:14.693144+09:00,その他メディア,,Forbes JAPAN,科学が証明した「夏に最も美しい」都市ランキング、1位はカナダのバンフ,https://forbesjapan.com/articles/detail/101400,https://news.ceek.jp/search.cgi?category_id=business&feed=1,ok,,経済
2026-09-13,2026-09-13T17:12:14.693144+09:00,その他メディア,,東洋経済オンライン,「二度と来るもんか」から40年、定年直前にミャンマーで起業した64歳が政変の混乱下で高品質ゴマ油を広めた「仕掛け」 | 政治・経済・投資,https://toyokeizai.net/articles/-/957122?display=b,https://news.ceek.jp/search.cgi?category_id=business&feed=1,ok,,経済
2026-09-13,2026-09-13T17:12:14.693144+09:00,その他メディア,,東洋経済オンライン,「勉強できる子の親は『勉強しろ』と言わないのはなぜ?」→600人の東大生アンケートから見えた逆説の驚くべき真相 | ライフ,https://toyokeizai.net/articles/-/955925?display=b,https://news.ceek.jp/search.cgi?category_id=business&feed=1,ok,,経済
2026-09-13,2026-09-13T17:12:14.693144+09:00,その他メディア,,Abema TIMES,外国人絶賛「今日本で買って帰りたい」 味覚の秋へ「かっぱ橋」最新&驚き便利グッズ,https://times.abema.tv/articles/-/10272731?page=1,https://news.ceek.jp/search.cgi?category_id=business&feed=1,ok,,経済
2026-09-13,2026-09-13T17:12:14.693144+09:00,その他メディア,,Abema TIMES,"「×印が小さくて押せない」「解約ボタンがない」悪質なUI“ダークパターン""に悲鳴続出...騙されたらどうなる?を体験できるサイトの開発者に聞いたカラクリ",https://times.abema.tv/articles/-/10272550?page=1,https://news.ceek.jp/search.cgi?category_id=business&feed=1,ok,,経済
2026-09-13,2026-09-13T17:12:14.693144+09:00,その他メディア,,日本金融通信,玉島信金、ビールマルシェ開催 地域のにぎわい創出へ,https://www.nikkinonline.com/article/423184,https://news.ceek.jp/search.cgi?category_id=business&feed=1,ok,,経済
2026-09-13,2026-09-13T17:12:14.693144+09:00,その他メディア,,テレビ朝日,外国人絶賛「今日本で買って帰りたい」 味覚の秋へ「かっぱ橋」最新&驚き便利グッズ,https://news.tv-asahi.co.jp/news_economy/articles/900198911.html,https://news.ceek.jp/search.cgi?category_id=business&feed=1,ok,,経済
2026-09-13,2026-09-13T17:12:14.693144+09:00,その他メディア,,J-CAST,「Suica」25周年...日本のキャッシュレス普及もたらした大発明 「Suicaのペンギン」は卒業へ...新キャラは,https://www.j-cast.com/2026/09/13517831.html?p=all,https://news.ceek.jp/search.cgi?category_id=business&feed=1,ok,,経済
2026-09-13,2026-09-13T17:12:14.693144+09:00,その他メディア,,フジテレビ,"【トキエア】ホリエモンも注目?“新潟~福井""チャーター便 「定期便になると助かる」所要時間は1時間!地域交流の発展に期待「お互い魅力的なエリアに」",https://www.fnn.jp/articles/-/1111129,https://news.ceek.jp/search.cgi?category_id=business&feed=1,ok,,経済
2026-09-13,2026-09-13T17:12:14.693144+09:00,全国紙,全国,日本経済新聞,円反発支える不確実な前提 日銀利上げ加速メッセージの行方は,https://www.nikkei.com/article/DGXZQOCD112MW0R10C26A9000000/,https://news.ceek.jp/search.cgi?category_id=business&feed=1,ok,,経済
2026-09-13,2026-09-13T17:12:14.693144+09:00,全国紙,全国,日本経済新聞,新薬の承認でビッグデータを広く活用可能に 経団連が規制改革を要望,https://www.nikkei.com/article/DGXZQOUA10AF10Q6A910C2000000/,https://news.ceek.jp/search.cgi?category_id=business&feed=1,ok,,経済
2026-09-13,2026-09-13T17:12:14.693144+09:00,その他メディア,,フジテレビ,"「3万円のジャケット」も100円で販売 苦境の商店街に3~4万人を呼び込む秘策「100円商店街」 「最初は店側も『何したってあかん』と」発起人語る狙いは“まず知ってもらうこと""",https://www.fnn.jp/articles/-/1113311,https://news.ceek.jp/search.cgi?category_id=business&feed=1,ok,,経済
2026-09-13,2026-09-13T17:12:14.693144+09:00,その他メディア,,東洋経済オンライン,"""慈善事業""の枷に苦しむ高野連、甲子園は商業化を進めるべきだ 『高野連』著者の広尾晃氏に聞く | ライフ",https://toyokeizai.net/articles/-/957570?display=b,https://news.ceek.jp/search.cgi?category_id=business&feed=1,ok,,経済
2026-09-13,2026-09-13T17:12:14.693144+09:00,その他メディア,,東洋経済オンライン,サムスン電子とSKハイニックスが行う巨額株主還元の衝撃...「コリア・ディスカウント」是正の試金石に | 政治・経済・投資,https://toyokeizai.net/articles/-/957902?display=b,https://news.ceek.jp/search.cgi?category_id=business&feed=1,ok,,経済
2026-09-13,2026-09-13T17:12:14.693144+09:00,その他メディア,,Abema TIMES,「AI開発、減速を」アンソロピックCEOが警告,https://times.abema.tv/articles/-/10272728?page=1,https://news.ceek.jp/search.cgi?category_id=business&feed=1,ok,,経済
2026-09-13,2026-09-13T17:12:14.693144+09:00,その他メディア,,東洋経済オンライン,〈AIリスク〉アンソロピックの「Claude」がロシアやイエメンで軍事兵器の開発支援に悪用されていた実態が明らかに | 政治・経済・投資,https://toyokeizai.net/articles/-/957866?display=b,https://news.ceek.jp/search.cgi?category_id=business&feed=1,ok,,経済
2026-09-13,2026-09-13T17:12:14.693144+09:00,その他メディア,,東洋経済オンライン,「われわれはAIモデルの能力向上ペースを減速させなければならない」アンソロピックのアモデイCEOが警鐘 | 政治・経済・投資,https://toyokeizai.net/articles/-/957889?display=b,https://news.ceek.jp/search.cgi?category_id=business&feed=1,ok,,経済
2026-09-13,2026-09-13T17:12:14.693144+09:00,その他メディア,,ハフィントンポスト,"ゼブラの「5万円」高級ボールペンが大ヒット⇨計画比160%超で品切れも。開発者が語る“手書きの体験価値""",https://www.huffingtonpost.jp/entry/story_jp_6a6aef8ee4b098352c30b9f1,https://news.ceek.jp/search.cgi?category_id=business&feed=1,ok,,経済
2026-09-13,2026-09-13T17:12:14.693144+09:00,その他メディア,,TBSテレビ,"食中毒は「夏よりも10月が多い」...“秋の食中毒""対策にオススメのグッズとは?【THE TIME,】",https://newsdig.tbs.co.jp/articles/-/2940011?display=1,https://news.ceek.jp/search.cgi?category_id=business&feed=1,ok,,経済
2026-09-13,2026-09-13T17:12:14.693144+09:00,全国紙,全国,朝日新聞,商品名が冗舌すぎるヤマダストアー ラベルに込めた食へのこだわり,https://www.asahi.com/articles/ASV9B15N1V9BPIHB002M.html,https://news.ceek.jp/search.cgi?category_id=business&feed=1,ok,,経済
2026-09-13,2026-09-13T17:12:14.693144+09:00,その他メディア,,東洋経済オンライン,"「勝ったはずの家康」がまさかの展開に...秀吉が《小牧・長久手の戦い》で仕掛けた""驚きの戦略"" | キャリア・教育",https://toyokeizai.net/articles/-/957265?display=b,https://news.ceek.jp/search.cgi?category_id=business&feed=1,ok,,経済
2026-09-13,2026-09-13T17:12:14.693144+09:00,その他メディア,,東洋経済オンライン,元恋人の結婚式にも参列...社内恋愛を繰り返した「41歳テレビマン」が、「10歳年下AD」と結婚してわかった《2つの誤算》 | ライフ,https://toyokeizai.net/articles/-/957273?display=b,https://news.ceek.jp/search.cgi?category_id=business&feed=1,ok,,経済
2026-09-13,2026-09-13T17:12:14.693144+09:00,その他メディア,,テレビ朝日,ソニー生命不正被害総額1.2億円超 元営業社員2人が顧客から約2190万円をだましとる,https://news.tv-asahi.co.jp/news_economy/articles/000533019.html,https://news.ceek.jp/search.cgi?category_id=business&feed=1,ok,,経済
2026-09-13,2026-09-13T17:12:14.693144+09:00,その他メディア,,Forbes JAPAN,最新「iOS 27」配信は日本時間9月15日、利用中のiPhoneがアップデート可能か確認だ,https://forbesjapan.com/articles/detail/104600,https://news.ceek.jp/search.cgi?category_id=business&feed=1,ok,,経済
2026-09-13,2026-09-13T17:12:14.693144+09:00,その他メディア,,東洋経済オンライン,"住民が選ぶ""家賃が手ごろ""で「住み続けたい街」 23区1位は...銭湯や駄菓子屋、消防団が日常に溶け込む「ご近助」の温もりある街 | ライフ",https://toyokeizai.net/articles/-/957762?display=b,https://news.ceek.jp/search.cgi?category_id=business&feed=1,ok,,経済
2026-09-13,2026-09-13T17:12:14.693144+09:00,その他メディア,,東洋経済オンライン,新車はハイブリッドばかり...なぜ純ガソリン車は次々と廃止されるのか? その裏にある「2030年問題」とメーカーの思惑 | ビジネス,https://toyokeizai.net/articles/-/957278?display=b,https://news.ceek.jp/search.cgi?category_id=business&feed=1,ok,,経済
2026-09-13,2026-09-13T17:12:14.693144+09:00,その他メディア,,ハーバード・ビジネス・レビュー,非営利組織のブランド戦略,https://dhbr.diamond.jp/articles/-/14413,https://news.ceek.jp/search.cgi?category_id=business&feed=1,ok,,経済
2026-09-13,2026-09-13T17:12:14.693144+09:00,その他メディア,,東洋経済オンライン,深夜の飲食需要に着目したが、中華料理の「日高屋」はロードサイドでなく駅前を狙った | 政治・経済・投資,https://toyokeizai.net/articles/-/957425,https://news.ceek.jp/search.cgi?category_id=business&feed=1,ok,,経済
2026-09-13,2026-09-13T17:12:14.693144+09:00,その他メディア,,東洋経済オンライン,"マッチポンプとすら言えない「コメ政策」の現実、""場当たり策""に終始する高市政権が見直すべき「300年前の先人の知恵」 | 政治・経済・投資",https://toyokeizai.net/articles/-/957297?display=b,https://news.ceek.jp/search.cgi?category_id=business&feed=1,ok,,経済
2026-09-13,2026-09-13T17:12:14.693144+09:00,その他メディア,,東洋経済オンライン,"「あなたの性格で芸能界はつらい」引っ込み思案な36歳・元朝ドラ俳優が「農業の営業職」に...""転職""を後押しした妻の言葉 | ライフ",https://toyokeizai.net/articles/-/957477?display=b,https://news.ceek.jp/search.cgi?category_id=business&feed=1,ok,,経済
2026-09-13,2026-09-13T17:12:14.693144+09:00,その他メディア,,東洋経済オンライン,"朝ドラ『まんぷく』出演の元俳優(36)第2の人生は「果物の営業マン」...勇気が必要だった30代半ば転職の""意外な顛末"" | ライフ",https://toyokeizai.net/articles/-/957479?display=b,https://news.ceek.jp/search.cgi?category_id=business&feed=1,ok,,経済
2026-09-13,2026-09-13T17:12:14.693144+09:00,その他メディア,,東洋経済オンライン,朝からうなぎやステーキも!「100歳まで現役」目指す84歳医師の暮らし《健康の秘訣は朝4時起き・猫と散歩・1日1万歩》 | ライフ,https://toyokeizai.net/articles/-/957237?display=b,https://news.ceek.jp/search.cgi?category_id=business&feed=1,ok,,経済
2026-09-13,2026-09-13T17:12:14.693144+09:00,その他メディア,,東洋経済オンライン,"映画『白鳥とコウモリ』を見て抱いた疑問...「江東区深川」や「愛知県常滑市」なぜ舞台に? 東野圭吾作品にある""共通点"" | ライフ",https://toyokeizai.net/articles/-/957717?display=b,https://news.ceek.jp/search.cgi?category_id=business&feed=1,ok,,経済
2026-09-13,2026-09-13T17:12:14.693144+09:00,その他メディア,,東洋経済オンライン,"「江戸の将軍に鮮魚を納める猟師町」→「運転免許試験場の街」...多くの都民が「行ったことはあるが知らない」""謎の街""の実態 | ライフ",https://toyokeizai.net/articles/-/957711?display=b,https://news.ceek.jp/search.cgi?category_id=business&feed=1,ok,,経済
2026-09-13,2026-09-13T17:12:14.693144+09:00,その他メディア,,東洋経済オンライン,"「免許ブームで大繁盛も衰退」「漁業権も手放し活気消滅」...免許持つ都民がうっすら知る街・鮫洲の""意外と栄枯盛衰""な歴史 | ライフ",https://toyokeizai.net/articles/-/957712?display=b,https://news.ceek.jp/search.cgi?category_id=business&feed=1,ok,,経済
2026-09-13,2026-09-13T17:12:14.693144+09:00,全国紙,全国,日本経済新聞,トランプ氏、米国で現地生産なら中国車容認 「日本もそうしている」,https://www.nikkei.com/article/DGXZQOGN1301A0T10C26A9000000/,https://news.ceek.jp/search.cgi?category_id=business&feed=1,ok,,経済
2026-09-13,2026-09-13T17:12:14.693144+09:00,全国紙,全国,日本経済新聞,独老舗レンズのツァイス、AI半導体で売上高2.2倍 東西分割越え躍進,https://www.nikkei.com/article/DGXZQOGR26BMC0W6A820C2000000/,https://news.ceek.jp/search.cgi?category_id=business&feed=1,ok,,経済
2026-09-13,2026-09-13T17:12:14.693144+09:00,全国紙,全国,日本経済新聞,伸びぬ投資の真犯人、製薬会社の大型買収か GDP揺るがす企業活動,https://www.nikkei.com/article/DGXZQOUA218E50R20C26A8000000/,https://news.ceek.jp/search.cgi?category_id=business&feed=1,ok,,経済
2026-09-13,2026-09-13T17:12:14.693144+09:00,全国紙,全国,日本経済新聞,食品卸「刺さる値段」アシスト サバ高騰でニシン提案、AIで値付けも,https://www.nikkei.com/article/DGXZQOUC107C30Q6A910C2000000/,https://news.ceek.jp/search.cgi?category_id=business&feed=1,ok,,経済
2026-09-13,2026-09-13T17:12:14.693144+09:00,その他メディア,,TBSテレビ,外国人にも人気の鮮魚スーパー「角上魚類」 なぜこれほど新鮮で安い?驚きの舞台裏をあばれる君と魚好きブラジル人親子が調べてきました!【それスタ】,https://newsdig.tbs.co.jp/articles/-/2941371?display=1,https://news.ceek.jp/search.cgi?category_id=national&feed=1,ok,,社会
2026-09-13,2026-09-13T17:12:14.693144+09:00,その他メディア,,テレビ朝日,岸信介の邸宅に残る「逆さ庭」 吉田五十八が設計した唯一無二の空間に迫る<br />,https://news.tv-asahi.co.jp/news_society/articles/900199074.html,https://news.ceek.jp/search.cgi?category_id=national&feed=1,ok,,社会
2026-09-13,2026-09-13T17:12:14.693144+09:00,その他メディア,,フジテレビ,「動くな、殺すぞ」89歳女性を殴って現金5万円入りバッグ奪った疑い 事件当時玄関は無施錠だった 男は自身の車で自宅まで逃走 大阪・河内長野市,https://www.fnn.jp/articles/-/1113443,https://news.ceek.jp/search.cgi?category_id=national&feed=1,ok,,社会
2026-09-13,2026-09-13T17:12:14.693144+09:00,その他メディア,,フジテレビ,「日本の棚田百選」で稲刈り体験 家族連れ子どもたちが酒米「五百万石」を収穫 600枚の田んぼを守る取り組みは30回目 京都・福知山,https://www.fnn.jp/articles/-/1113442,https://news.ceek.jp/search.cgi?category_id=national&feed=1,ok,,社会
2026-09-13,2026-09-13T17:12:14.693144+09:00,その他メディア,,TBSテレビ,高市総理 総理公邸で木原官房長官と約3時間にわたり会談 内閣改造・自民党役員人事について協議か,https://newsdig.tbs.co.jp/articles/-/2941347?display=1,https://news.ceek.jp/search.cgi?category_id=national&feed=1,ok,,社会
2026-09-13,2026-09-13T17:12:14.693144+09:00,全国紙,全国,産経新聞,火災で焼失の輪島朝市通りに「復活のはじまり市」 かつての出店者ら集いにぎわい再興へ,https://www.sankei.com/article/20260913-CZRIIF35IZKDDG6LNYTOGCPOPU/,https://news.ceek.jp/search.cgi?category_id=national&feed=1,ok,,社会
2026-09-13,2026-09-13T17:12:14.693144+09:00,その他メディア,,日刊スポーツ,自民国対委員長に村井英樹氏 首相調整、古川俊治氏...,https://www.nikkansports.com/general/news/202609130000796.html,https://news.ceek.jp/search.cgi?category_id=national&feed=1,ok,,社会
2026-09-13,2026-09-13T17:12:14.693144+09:00,その他メディア,,日刊スポーツ,小豆島で「日本一どでカボチャ大会」開催 千葉の大...,https://www.nikkansports.com/general/news/202609130000789.html,https://news.ceek.jp/search.cgi?category_id=national&feed=1,ok,,社会
2026-09-13,2026-09-13T17:12:14.693144+09:00,その他メディア,,デイリースポーツ,原発不正の中部電力、社長も辞意,https://www.daily.co.jp/society/main/2026/09/13/0020815444.shtml,https://news.ceek.jp/search.cgi?category_id=national&feed=1,ok,,社会
2026-09-13,2026-09-13T17:12:14.693144+09:00,その他メディア,,サンケイスポーツ,天野啓吾さんが9大会ぶり2度目の優勝 将棋アマ名人戦,https://www.sanspo.com/article/20260913-IB7AZVDLEVINZGVYZCH24MKSIE/,https://news.ceek.jp/search.cgi?category_id=national&feed=1,ok,,社会
2026-09-13,2026-09-13T17:12:14.693144+09:00,その他メディア,,テレビ朝日,沖縄県知事選挙 投票始まる 午後2時現在の投票率15.92%,https://news.tv-asahi.co.jp/news_society/articles/000533057.html,https://news.ceek.jp/search.cgi?category_id=national&feed=1,ok,,社会
2026-09-13,2026-09-13T17:12:14.693144+09:00,その他メディア,,フジテレビ,【速報】「建物から煙が出ている」マンションで火事 消防車26台が出動 室内の物品燃える 20代女性1人を病院搬送 大阪・福島区,https://www.fnn.jp/articles/-/1113378,https://news.ceek.jp/search.cgi?category_id=national&feed=1,ok,,社会
2026-09-13,2026-09-13T17:12:14.693144+09:00,その他メディア,,TBSテレビ,【ニュースライブ】朝のニュース(Japan News Digest Live)最新情報など(9月14日),https://newsdig.tbs.co.jp/articles/-/2941008?display=1,https://news.ceek.jp/search.cgi?category_id=national&feed=1,ok,,社会
2026-09-13,2026-09-13T17:12:14.693144+09:00,全国紙,全国,朝日新聞,「幸せにする自信はない、でも幸せになる自信はある」がくれた気づき,https://www.asahi.com/articles/ASV8Y02F4V8YULLI00SM.html,https://news.ceek.jp/search.cgi?category_id=national&feed=1,ok,,社会
2026-09-13,2026-09-13T17:12:14.693144+09:00,その他メディア,,集英社オンライン,"〈熊本地震より千葉豪雨よりお祭り?〉赤間二郎・防災担当相、災害相次ぐ夏も“地元回り""...関係者は困惑「みんなポカンとしていました」",https://shueisha.online/articles/-/258639,https://news.ceek.jp/search.cgi?category_id=national&feed=1,ok,,社会
2026-09-13,2026-09-13T17:12:14.693144+09:00,その他メディア,,共同通信,カボチャ大会、優勝は454キロ 香川・小豆島、日本一の重さ競う,https://www.47news.jp/14933610.html,https://news.ceek.jp/search.cgi?category_id=national&feed=1,ok,,社会
2026-09-13,2026-09-13T17:12:14.693144+09:00,その他メディア,,Abema TIMES,千葉豪雨 レベル3大雨警報から15分で冠水,https://times.abema.tv/articles/-/10272757?page=1,https://news.ceek.jp/search.cgi?category_id=national&feed=1,ok,,社会
2026-09-13,2026-09-13T17:12:14.693144+09:00,その他メディア,,Abema TIMES,コンビニ店に車突っ込み1人けが 東京・小平市,https://times.abema.tv/articles/-/10272752?page=1,https://news.ceek.jp/search.cgi?category_id=national&feed=1,ok,,社会
2026-09-13,2026-09-13T17:12:14.693144+09:00,その他メディア,,Abema TIMES,ガソリンスタンドの倒産や廃業が増加,https://times.abema.tv/articles/-/10272755?page=1,https://news.ceek.jp/search.cgi?category_id=national&feed=1,ok,,社会
2026-09-13,2026-09-13T17:12:14.693144+09:00,その他メディア,,Abema TIMES,千葉豪雨から1カ月 被災車両の処分難航,https://times.abema.tv/articles/-/10272756?page=1,https://news.ceek.jp/search.cgi?category_id=national&feed=1,ok,,社会
2026-09-13,2026-09-13T17:12:14.693144+09:00,その他メディア,,フジテレビ,【作業事故】ジャガイモ収穫用の農機具「ハーベスター」に足を挟まれる...55歳女性がドクターヘリで搬送_警察が原因を調査〈北海道網走市〉,https://www.fnn.jp/articles/-/1113376,https://news.ceek.jp/search.cgi?category_id=national&feed=1,ok,,社会
2026-09-13,2026-09-13T17:12:14.693144+09:00,その他メディア,,フジテレビ,中央道・岩殿トンネルで車横転 親子3人が軽傷 車線変更の際に観光バスの側面と衝突 山梨・大月市,https://www.fnn.jp/articles/-/1113375,https://news.ceek.jp/search.cgi?category_id=national&feed=1,ok,,社会
2026-09-13,2026-09-13T17:12:14.693144+09:00,その他メディア,,フジテレビ,【速報】琵琶湖沖で3人乗りバナナボートが横転 15歳男子があごなどの骨を折る重傷 「波が高かった」との証言も...滋賀・大津市,https://www.fnn.jp/articles/-/1113374,https://news.ceek.jp/search.cgi?category_id=national&feed=1,ok,,社会
2026-09-13,2026-09-13T17:12:14.693144+09:00,その他メディア,,サンケイスポーツ,輪島朝市通りにオレンジ色のテント復活 能登半島地震後初の出店「復活のはじまり市」に賑わい,https://www.sanspo.com/article/20260913-TU3ME3UJOZJJZGGMFT33ZUGWUI/,https://news.ceek.jp/search.cgi?category_id=national&feed=1,ok,,社会
2026-09-13,2026-09-13T17:12:14.693144+09:00,その他メディア,,テレビ朝日,コンビニ店に車突っ込む ガラス扉が激しく壊れ1人けが 東京・小平市,https://news.tv-asahi.co.jp/news_society/articles/000533059.html,https://news.ceek.jp/search.cgi?category_id=national&feed=1,ok,,社会
2026-09-13,2026-09-13T17:12:14.693144+09:00,その他メディア,,サンケイスポーツ,小豆島で「日本一どでカボチャ大会」開催 優勝は千葉の454.5キロ,https://www.sanspo.com/article/20260913-DKJ43QLQOFJMBJA5YTXRJHSAD4/,https://news.ceek.jp/search.cgi?category_id=national&feed=1,ok,,社会
2026-09-13,2026-09-13T17:12:14.693144+09:00,その他メディア,,デイリースポーツ,カボチャ大会、優勝は454キロ,https://www.daily.co.jp/society/national/2026/09/13/0020815242.shtml,https://news.ceek.jp/search.cgi?category_id=national&feed=1,ok,,社会
2026-09-13,2026-09-13T17:12:14.693144+09:00,その他メディア,,共同通信,【速報】中部電社長も浜岡原発不正で辞任意向,https://www.47news.jp/14933619.html,https://news.ceek.jp/search.cgi?category_id=national&feed=1,ok,,社会
2026-09-13,2026-09-13T17:12:14.693144+09:00,その他メディア,,フジテレビ,コンビニに60代男性が運転する車突っ込む 29歳女性客が巻き込まれケガ アクセルとブレーキの踏み間違いか 東京・小平市,https://www.fnn.jp/articles/-/1113370,https://news.ceek.jp/search.cgi?category_id=national&feed=1,ok,,社会
2026-09-13,2026-09-13T17:12:14.693144+09:00,その他メディア,,デイリースポーツ,輪島朝市通り、テントで出店復活,https://www.daily.co.jp/society/national/2026/09/13/0020815233.shtml,https://news.ceek.jp/search.cgi?category_id=national&feed=1,ok,,社会
2026-09-13,2026-09-13T17:12:14.693144+09:00,その他メディア,,共同通信,輪島朝市通り、テントで出店復活 にぎわい再興へ、能登地震後初,https://www.47news.jp/14933579.html,https://news.ceek.jp/search.cgi?category_id=national&feed=1,ok,,社会
2026-09-13,2026-09-13T17:12:14.693144+09:00,その他メディア,,デイリースポーツ,沖縄県知事選、投票続く,https://www.daily.co.jp/society/main/2026/09/13/0020814873.shtml,https://news.ceek.jp/search.cgi?category_id=national&feed=1,ok,,社会
2026-09-13,2026-09-13T17:12:14.693144+09:00,全国紙,全国,朝日新聞,夫婦でも断れない?「したくない」が言えない日本人、社会学者の見解,https://www.asahi.com/articles/ASV941HN9V94ULLI00FM.html,https://news.ceek.jp/search.cgi?category_id=national&feed=1,ok,,社会
2026-09-13,2026-09-13T17:12:14.693144+09:00,その他メディア,,TBSテレビ,簡単でウマいレトルトパスタ!ソースの味が劇的に進化する中、結局どれを選べばいい?相撲少年たちが6品をガチで食べ比べ!【それスタ】,https://newsdig.tbs.co.jp/articles/-/2941250?display=1,https://news.ceek.jp/search.cgi?category_id=national&feed=1,ok,,社会
2026-09-13,2026-09-13T17:12:14.693144+09:00,全国紙,全国,朝日新聞,「夫婦なら当然だ」週2日、夫からの求めに応じた妻 20年後の衝撃,https://www.asahi.com/articles/ASV941BP3V94ULLI00KM.html,https://news.ceek.jp/search.cgi?category_id=national&feed=1,ok,,社会
2026-09-13,2026-09-13T17:12:14.693144+09:00,その他メディア,,Abema TIMES,"「フェミネタ聞きたかった」「ユカリの無駄遣いやめて」“物足りなくなった視聴者たち""が嘆きコメント→瀧波ユカリ氏がネタ提供!?「これからもフェミフェミしていきます!」",https://times.abema.tv/articles/-/10272561?page=1,https://news.ceek.jp/search.cgi?category_id=national&feed=1,ok,,社会
2026-09-13,2026-09-13T17:12:14.693144+09:00,その他メディア,,デイリースポーツ,日中議連若手が北京訪問,https://www.daily.co.jp/society/main/2026/09/13/0020815207.shtml,https://news.ceek.jp/search.cgi?category_id=national&feed=1,ok,,社会
2026-09-13,2026-09-13T17:12:14.693144+09:00,その他メディア,,共同通信,日弁連、坂本弁護士の長男を追悼 一家殺害事件、遺体発見の長野で,https://www.47news.jp/14933516.html,https://news.ceek.jp/search.cgi?category_id=national&feed=1,ok,,社会
2026-09-13,2026-09-13T17:12:14.693144+09:00,その他メディア,,デイリースポーツ,日弁連、坂本弁護士の長男を追悼,https://www.daily.co.jp/society/national/2026/09/13/0020815204.shtml,https://news.ceek.jp/search.cgi?category_id=national&feed=1,ok,,社会
2026-09-13,2026-09-13T17:12:14.693144+09:00,その他メディア,,デイリースポーツ,マリオの世界、札幌を駆け抜けろ,https://www.daily.co.jp/society/national/2026/09/13/0020815195.shtml,https://news.ceek.jp/search.cgi?category_id=national&feed=1,ok,,社会
2026-09-13,2026-09-13T17:12:14.693144+09:00,その他メディア,,フジテレビ,【ヒグマ速報】釣り中に約100メートル先の中州にクマ『車に戻れず...逃げ道を失い、一時身動き取れず』通報から10分後に警察やハンターが到着するまでじっと待つことに〈北海道新ひだか町〉,https://www.fnn.jp/articles/-/1113369,https://news.ceek.jp/search.cgi?category_id=national&feed=1,ok,,社会
2026-09-13,2026-09-13T17:12:14.693144+09:00,その他メディア,,共同通信,マリオの世界、札幌を駆け抜けろ 2.5キロ、6千人が笑顔で完走,https://www.47news.jp/14933513.html,https://news.ceek.jp/search.cgi?category_id=national&feed=1,ok,,社会
2026-09-13,2026-09-13T17:12:14.693144+09:00,その他メディア,,共同通信,千葉の浸水車両、リサイクル進む カーシェア支援も需要継続,https://www.47news.jp/14933470.html,https://news.ceek.jp/search.cgi?category_id=national&feed=1,ok,,社会
2026-09-13,2026-09-13T17:12:14.693144+09:00,全国紙,全国,読売新聞,千葉豪雨1か月、アンダーパス冠水53か所・水没した車は少なくとも47台...「予防的通行規制」4市が開始,https://www.yomiuri.co.jp/national/20260912-GYT1T00350/,https://news.ceek.jp/search.cgi?category_id=national&feed=1,ok,,社会
2026-09-13,2026-09-13T17:12:14.693144+09:00,その他メディア,,TBSテレビ,横浜・ショッピングモールで子どもたちに自転車安全教室 シミュレーター使い正しい乗り方学ぶ 神奈川県警,https://newsdig.tbs.co.jp/articles/-/2941235?display=1,https://news.ceek.jp/search.cgi?category_id=national&feed=1,ok,,社会
2026-09-13,2026-09-13T17:12:14.693144+09:00,その他メディア,,デイリースポーツ,山下美夢有が日本女子プロ初優勝,https://www.daily.co.jp/society/main/2026/09/13/0020815163.shtml,https://news.ceek.jp/search.cgi?category_id=national&feed=1,ok,,社会
2026-09-13,2026-09-13T17:12:14.693144+09:00,その他メディア,,女性自身,"「常に『金貸して』と」元カープ・多田容疑者の“クレカ不正""逮捕...OBが明かす“ごっちゃん体質""と繰り返された金銭トラブル",https://jisin.jp/domestic/2599921/,https://news.ceek.jp/search.cgi?category_id=national&feed=1,ok,,社会
2026-09-13,2026-09-13T17:12:14.693144+09:00,その他メディア,,デイリースポーツ,千葉の浸水車両、リサイクル進む,https://www.daily.co.jp/society/national/2026/09/13/0020815154.shtml,https://news.ceek.jp/search.cgi?category_id=national&feed=1,ok,,社会
2026-09-13,2026-09-13T17:12:14.693144+09:00,その他メディア,,TBSテレビ,"張本勲さん“最後のメッセージ"" 語り続けた自らの被爆体験「姉さんを思い出す、このケロイドを見ると」“核兵器がなくなった""と聞いて息絶えたい...【サンデーモーニング・風をよむ】",https://newsdig.tbs.co.jp/articles/-/2941212?display=1,https://news.ceek.jp/search.cgi?category_id=national&feed=1,ok,,社会
2026-09-13,2026-09-13T17:12:14.693144+09:00,その他メディア,,デイリースポーツ,被災地熊本の子どもがカヌー体験,https://www.daily.co.jp/society/national/2026/09/13/0020815098.shtml,https://news.ceek.jp/search.cgi?category_id=national&feed=1,ok,,社会
2026-09-13,2026-09-13T17:12:14.693144+09:00,その他メディア,,共同通信,被災地熊本の子どもがカヌー体験 氷川町、川に飛び込み笑顔,https://www.47news.jp/14933441.html,https://news.ceek.jp/search.cgi?category_id=national&feed=1,ok,,社会
2026-09-13,2026-09-13T17:12:14.693144+09:00,全国紙,全国,産経新聞,地震を忘れ「はじけて楽しんで」 被災地の熊本で子供たちがカヌーや川遊び体験,https://www.sankei.com/article/20260913-COBP7IJJTVODHFCBDUNDQAJE5A/,https://news.ceek.jp/search.cgi?category_id=national&feed=1,ok,,社会
2026-09-13,2026-09-13T17:12:14.693144+09:00,その他メディア,,東京スポーツ新聞,首にタイヤがはまった野生のゾウを救出 インド北東部の茶園で発見,https://www.tokyo-sports.co.jp/articles/-/402931,https://news.ceek.jp/search.cgi?category_id=national&feed=1,ok,,社会
2026-09-13,2026-09-13T17:12:14.693144+09:00,その他メディア,,TBSテレビ,【ニュースライブ】夜のニュース(Japan News Digest Live)最新情報など(9月13日),https://newsdig.tbs.co.jp/articles/-/2941214?display=1,https://news.ceek.jp/search.cgi?category_id=national&feed=1,ok,,社会
2026-09-13,2026-09-13T17:12:14.693144+09:00,その他メディア,,フジテレビ,岩手県で最大震度1の地震 岩手県・大船渡市、宮城県・気仙沼市,https://www.fnn.jp/articles/-/1113359,https://news.ceek.jp/search.cgi?category_id=national&feed=1,ok,,社会
2026-09-13,2026-09-13T17:12:14.693144+09:00,その他メディア,,フジテレビ,【地震】岩手県内で震度1 宮城県沖を震源とする最大震度1の地震が発生 津波の心配なし,https://www.fnn.jp/articles/-/1113360,https://news.ceek.jp/search.cgi?category_id=national&feed=1,ok,,社会
2026-09-13,2026-09-13T17:12:14.693144+09:00,全国紙,全国,読売新聞,止まっていた車が開けたドアに自転車が衝突、転倒した男性が後続車にはねられ死亡...東京・渋谷の明治通り,https://www.yomiuri.co.jp/national/20260913-GYT1T00087/,https://news.ceek.jp/search.cgi?category_id=national&feed=1,ok,,社会
2026-09-13,2026-09-13T17:12:14.693144+09:00,その他メディア,,デイリースポーツ,自民国対委員長に村井英樹氏,https://www.daily.co.jp/society/main/2026/09/13/0020815012.shtml,https://news.ceek.jp/search.cgi?category_id=national&feed=1,ok,,社会
2026-09-13,2026-09-13T17:12:14.693144+09:00,その他メディア,,日刊スポーツ,沖縄知事選、県内313カ所で投票始まる 現新、事実上の一騎打ち 夜に大勢判明の見通し,https://www.nikkansports.com/general/news/202609130000495.html,https://news.ceek.jp/search.cgi?category_id=national&feed=1,ok,,社会
2026-09-13,2026-09-13T17:12:14.693144+09:00,全国紙,全国,産経新聞,火災で死亡したのは70代夫婦と確認 埼玉・寄居の治療院 埼玉県警,https://www.sankei.com/article/20260913-G5AFXYCRFJINXLFA3HBJSQ4TIY/,https://news.ceek.jp/search.cgi?category_id=national&feed=1,ok,,社会
2026-09-13,2026-09-13T17:12:14.693144+09:00,その他メディア,,日本テレビ,"【ノーベル賞登竜門】ラスカー賞に! “睡眠へのこだわり""柳沢教授の自宅 切り開いた睡眠研究 “安眠のカギ""は?『news LOG』",https://news.ntv.co.jp/category/society/dd115b6c782f4d1da3398e695ada624a,https://news.ceek.jp/search.cgi?category_id=national&feed=1,ok,,社会
2026-09-13,2026-09-13T17:12:14.693144+09:00,全国紙,全国,産経新聞,高速で走行のバイク、覆面パトカー追跡後に転倒 運転の30歳男性死亡 大阪・東淀川,https://www.sankei.com/article/20260913-RAKNQVFZ2VKKXCPFX2BDXL6EX4/,https://news.ceek.jp/search.cgi?category_id=national&feed=1,ok,,社会
2026-09-13,2026-09-13T17:12:14.693144+09:00,その他メディア,,日本テレビ,【密着】富士登山者を守る「山岳遭難救助隊」 軽装で捻挫に高山病の小学生 標高3460メートルを拠点とする24時間態勢の現場とは『every.気になる!』,https://news.ntv.co.jp/category/society/b0efe05d0cf94418b5d083501411e737,https://news.ceek.jp/search.cgi?category_id=national&feed=1,ok,,社会
2026-09-13,2026-09-13T17:12:14.693144+09:00,その他メディア,,TBSテレビ,自民党役員人事 国対委員長に村井元官房副長官を起用へ,https://newsdig.tbs.co.jp/articles/-/2941177?display=1,https://news.ceek.jp/search.cgi?category_id=national&feed=1,ok,,社会
2026-09-13,2026-09-13T17:12:14.693144+09:00,全国紙,全国,読売新聞,「夜泣きカフェ」で親に笑顔を、漫画きっかけに各地でオープン...「孤育て」にしない夜の居場所,https://www.yomiuri.co.jp/national/20260908-GYT1T00232/,https://news.ceek.jp/search.cgi?category_id=national&feed=1,ok,,社会
2026-09-13,2026-09-13T17:12:14.693144+09:00,その他メディア,,フジテレビ,東京都で最大震度1の地震 東京都・小笠原村,https://www.fnn.jp/articles/-/1113354,https://news.ceek.jp/search.cgi?category_id=national&feed=1,ok,,社会
2026-09-13,2026-09-13T17:12:14.693144+09:00,その他メディア,,フジテレビ,"「交通安全宣言」小学校で交通安全体験イベント“シミュレーターや反応速度ゲーム""で運転マナーを学ぶ_子どもたちは警察官の制服も体験〈札幌市〉",https://www.fnn.jp/articles/-/1113352,https://news.ceek.jp/search.cgi?category_id=national&feed=1,ok,,社会
2026-09-13,2026-09-13T17:12:14.693144+09:00,その他メディア,,Abema TIMES,線状降水帯「発生予測」に壁 スパコン駆使も的中3割台 予測が難しい背景とは,https://times.abema.tv/articles/-/10272738?page=1,https://news.ceek.jp/search.cgi?category_id=national&feed=1,ok,,社会
2026-09-13,2026-09-13T17:12:14.693144+09:00,その他メディア,,フジテレビ,"【注目】『新根室プロレス』旗揚げ20周年記念大会 初の“プロ""のレスラー参戦!観客500人集まり熱い声援『無理しない、ケガしない、明日も仕事!』〈北海道根室市〉",https://www.fnn.jp/articles/-/1113350,https://news.ceek.jp/search.cgi?category_id=national&feed=1,ok,,社会
2026-09-13,2026-09-13T17:12:14.693144+09:00,その他メディア,,TBSテレビ,埼玉・寄居町の治療院兼住宅で火事 死亡の男女は住人の70代夫婦と判明,https://newsdig.tbs.co.jp/articles/-/2941165?display=1,https://news.ceek.jp/search.cgi?category_id=national&feed=1,ok,,社会
2026-09-13,2026-09-13T17:12:14.693144+09:00,その他メディア,,フジテレビ,出火した家の住人女性が死亡か...木造2階建て住宅が全焼し隣接する3軒に延焼 計3人が搬送され1人が死亡,https://www.fnn.jp/articles/-/1113347,https://news.ceek.jp/search.cgi?category_id=national&feed=1,ok,,社会
2026-09-13,2026-09-13T17:12:14.693144+09:00,その他メディア,,テレビ朝日,"藤井聡太六冠“1手1万円""で熊本支援 八代弥八段と激しい攻防も...敗れプロ通算100敗目",https://news.tv-asahi.co.jp/news_society/articles/000533015.html,https://news.ceek.jp/search.cgi?category_id=national&feed=1,ok,,社会
2026-09-13,2026-09-13T17:12:14.693144+09:00,その他メディア,,テレビ朝日,沖縄県知事選投票始まる 普天間飛行場の辺野古移設など争点,https://news.tv-asahi.co.jp/news_society/articles/000533036.html,https://news.ceek.jp/search.cgi?category_id=national&feed=1,ok,,社会
2026-09-13,2026-09-13T17:12:14.693144+09:00,その他メディア,,TBSテレビ,治療院兼住宅で火事 男女2人が死亡 70代夫婦と連絡取れず 警察 遺体の身元確認進め出火原因調べる 埼玉・寄居町,https://newsdig.tbs.co.jp/articles/-/2941159?display=1,https://news.ceek.jp/search.cgi?category_id=national&feed=1,ok,,社会
2026-09-13,2026-09-13T17:12:14.693144+09:00,その他メディア,,デイリースポーツ,村上1打点、連敗止める,https://www.daily.co.jp/society/main/2026/09/13/0020814905.shtml,https://news.ceek.jp/search.cgi?category_id=national&feed=1,ok,,社会
2026-09-13,2026-09-13T17:12:14.693144+09:00,その他メディア,,テレビ朝日,線状降水帯「発生予測」に壁 スパコン駆使も的中3割台 予測が難しい背景とは,https://news.tv-asahi.co.jp/news_society/articles/900199546.html,https://news.ceek.jp/search.cgi?category_id=national&feed=1,ok,,社会
2026-09-13,2026-09-13T17:12:14.693144+09:00,その他メディア,,日本テレビ,【危険な雨】「数分で状況が...」地下に流れ込む水 繁華街で冠水相次ぐ 見えてきた脅威 愛知・名古屋市『news LOG』,https://news.ntv.co.jp/category/society/827364c938f446099d8c052485853df0,https://news.ceek.jp/search.cgi?category_id=national&feed=1,ok,,社会
2026-09-13,2026-09-13T17:12:14.693144+09:00,その他メディア,,TBSテレビ,千葉豪雨からきょう(13日)で一か月 記録的大雨で13人死亡46人負傷 建物被害約7000棟に,https://newsdig.tbs.co.jp/articles/-/2941141?display=1,https://news.ceek.jp/search.cgi?category_id=national&feed=1,ok,,社会
2026-09-13,2026-09-13T17:12:14.693144+09:00,その他メディア,,テレビ朝日,名古屋市の中心部で住宅火災 1人死亡 2人けが,https://news.tv-asahi.co.jp/news_society/articles/000533034.html,https://news.ceek.jp/search.cgi?category_id=national&feed=1,ok,,社会
2026-09-13,2026-09-13T17:12:14.693144+09:00,その他メディア,,テレビ朝日,千葉豪雨から1カ月 「レベル3大雨警報」発表から15分で冠水,https://news.tv-asahi.co.jp/news_society/articles/000533038.html,https://news.ceek.jp/search.cgi?category_id=national&feed=1,ok,,社会
2026-09-13,2026-09-13T17:12:14.693144+09:00,その他メディア,,テレビ朝日,千葉豪雨から1カ月 被災車両の処分が難航,https://news.tv-asahi.co.jp/news_society/articles/000533039.html,https://news.ceek.jp/search.cgi?category_id=national&feed=1,ok,,社会
2026-09-13,2026-09-13T17:12:14.693144+09:00,その他メディア,,日本テレビ,火事で住宅全焼、複数の建物に延焼 4人搬送、うち1人死亡 名古屋市,https://news.ntv.co.jp/category/society/b711e82a3e144cb986beee9202284b07,https://news.ceek.jp/search.cgi?category_id=national&feed=1,ok,,社会
2026-09-13,2026-09-13T17:12:14.693144+09:00,その他メディア,,フジテレビ,覆面パトカーの追跡振り切りバイク転倒 会社員の30歳男性が死亡 大阪市,https://www.fnn.jp/articles/-/1113327,https://news.ceek.jp/search.cgi?category_id=national&feed=1,ok,,社会
2026-09-13,2026-09-13T17:12:14.693144+09:00,その他メディア,,フジテレビ,湿った空気で雨や曇り...ぐずついた天気は19日(土)まで 静岡地方気象台,https://www.fnn.jp/articles/-/1113331,https://news.ceek.jp/search.cgi?category_id=national&feed=1,ok,,社会
2026-09-13,2026-09-13T17:12:14.693144+09:00,その他メディア,,テレビ朝日,"富士山“危険な登山""対策強化 救助ヘリ有料化議論も加速 閉山時に遭難事故続出",https://news.tv-asahi.co.jp/news_society/articles/900199541.html,https://news.ceek.jp/search.cgi?category_id=national&feed=1,ok,,社会
2026-09-13,2026-09-13T17:12:14.693144+09:00,その他メディア,,Abema TIMES,"富士山“危険な登山""対策強化 救助ヘリ有料化議論も加速 閉山時に遭難事故続出",https://times.abema.tv/articles/-/10272735?page=1,https://news.ceek.jp/search.cgi?category_id=national&feed=1,ok,,社会
2026-09-13,2026-09-13T17:12:14.693144+09:00,その他メディア,,日本テレビ,沖縄県知事選 きょう投開票 現職含む6人の争い,https://news.ntv.co.jp/category/society/1264487dfb4946519295093ca68383bf,https://news.ceek.jp/search.cgi?category_id=national&feed=1,ok,,社会
2026-09-13,2026-09-13T17:12:14.693144+09:00,その他メディア,,日本テレビ,千葉・記録的豪雨から1か月 13人死亡、7000棟以上の住宅で浸水などの被害 約3100台の車両が水没,https://news.ntv.co.jp/category/society/0def822619834b71be65bad3146e61f6,https://news.ceek.jp/search.cgi?category_id=national&feed=1,ok,,社会
2026-09-13,2026-09-13T17:12:14.693144+09:00,その他メディア,,フジテレビ,県道で76歳女性はねられ重体 両足を骨折し意識不明で搬送 軽自動車運転の男を現行犯逮捕 見通しのいい直線道路で前方不注意か すぐ近くには交差点,https://www.fnn.jp/articles/-/1113338,https://news.ceek.jp/search.cgi?category_id=national&feed=1,ok,,社会
2026-09-13,2026-09-13T17:12:14.693144+09:00,その他メディア,,フジテレビ,「川の中で人が倒れている」70代女性か その場で死亡確認 浅瀬でうつ伏せの状態 警察が身元と経緯調べる,https://www.fnn.jp/articles/-/1113342,https://news.ceek.jp/search.cgi?category_id=national&feed=1,ok,,社会
2026-09-13,2026-09-13T17:12:14.693144+09:00,その他メディア,,テレビ朝日,トレカ、限定品...後を絶たない転売行為は悪なのか 肯定派「個人のモラルの範囲で稼ぐことを責められるのは心外」否定派「子どもの笑顔を奪ってまで金を得たいのか」,https://news.tv-asahi.co.jp/news_society/articles/900199543.html,https://news.ceek.jp/search.cgi?category_id=national&feed=1,ok,,社会
2026-09-13,2026-09-13T17:12:14.693144+09:00,全国紙,全国,読売新聞,運転士が車掌をホームに置き去り、運転中に気づき代わりの車掌を手配...一部列車に遅れ,https://www.yomiuri.co.jp/national/20260911-GYT1T00328/,https://news.ceek.jp/search.cgi?category_id=national&feed=1,ok,,社会
2026-09-13,2026-09-13T17:12:14.693144+09:00,その他メディア,,Abema TIMES,トレカ、限定品...後を絶たない転売行為は悪なのか 肯定派「個人のモラルの範囲で稼ぐことを責められるのは心外」否定派「子どもの笑顔を奪ってまで金を得たいのか」,https://times.abema.tv/articles/-/10272612?page=1,https://news.ceek.jp/search.cgi?category_id=national&feed=1,ok,,社会
2026-09-13,2026-09-13T17:12:14.693144+09:00,その他メディア,,テレビ朝日,"生活保護世帯のヤングケアラーが東大合格 苦労の先に待っていた「大学に行くなら生活保護から外れる」制度の壁と「世帯分離」という“裏技""の課題",https://news.tv-asahi.co.jp/news_society/articles/900199540.html,https://news.ceek.jp/search.cgi?category_id=national&feed=1,ok,,社会
2026-09-13,2026-09-13T17:12:14.693144+09:00,その他メディア,,フジテレビ,「登山中に足をくじいた」登山アプリのSOS発信機能を通じて110番通報_ペテガリ岳で石がぐらつき...弾みで約2メートル下の沢に転落_50代男性がケガ〈新ひだか町〉,https://www.fnn.jp/articles/-/1113319,https://news.ceek.jp/search.cgi?category_id=national&feed=1,ok,,社会
2026-09-13,2026-09-13T17:12:14.693144+09:00,その他メディア,,ベトナムの声,「火を避けて窓から飛び降りた」...フィリピン旅客船火災、35人死亡,https://vovworld.vn/ja-JP/niyusu/huowobiketechuangkarafeihijiangrita-fuirihinlukechuanhuozai35rensiwang-2465101.vov5,https://news.ceek.jp/search.cgi?category_id=world&feed=1,ok,,国際
2026-09-13,2026-09-13T17:12:14.693144+09:00,その他メディア,,ベトナムの声,ロシア報道官、米国でのゼレンスキー氏との首脳会談「不可能」,https://vovworld.vn/ja-JP/niyusu/roshiabaodaoguanmiguotenoserensukishitonoshounaohuitanbukeneng-2465099.vov5,https://news.ceek.jp/search.cgi?category_id=world&feed=1,ok,,国際
2026-09-13,2026-09-13T17:12:14.693144+09:00,その他メディア,,Pars Today,米国人作家:米国の西アジアにおける影響力は完全に崩壊した,https://parstoday.ir/ja/news/world-i134532,https://news.ceek.jp/search.cgi?category_id=world&feed=1,ok,,国際
2026-09-13,2026-09-13T17:12:14.693144+09:00,その他メディア,,テレビ朝日,インドネシアのジャワ海でフェリー消息不明 140人の行方分からず,https://news.tv-asahi.co.jp/news_international/articles/000533062.html,https://news.ceek.jp/search.cgi?category_id=world&feed=1,ok,,国際
2026-09-13,2026-09-13T17:12:14.693144+09:00,その他メディア,,フジテレビ,インドネシア沖で旅客船沈没 乗客・乗員240人 「船が傾いている」船長からの連絡最後に消息絶つ,https://www.fnn.jp/articles/-/1113383,https://news.ceek.jp/search.cgi?category_id=world&feed=1,ok,,国際
2026-09-13,2026-09-13T17:12:14.693144+09:00,その他メディア,,Pars Today,ペゼシュキアーン大統領:イランは屈しない,https://parstoday.ir/ja/news/iran-i134530,https://news.ceek.jp/search.cgi?category_id=world&feed=1,ok,,国際
2026-09-13,2026-09-13T17:12:14.693144+09:00,その他メディア,,デイリースポーツ,スウェーデンで総選挙,https://www.daily.co.jp/society/world/2026/09/13/0020815354.shtml,https://news.ceek.jp/search.cgi?category_id=world&feed=1,ok,,国際
2026-09-13,2026-09-13T17:12:14.693144+09:00,その他メディア,,AFPBB News,米兵死亡の攻撃前に中国からイランへ衛星画像提供か、米報道,https://www.afpbb.com/articles/-/3652681,https://news.ceek.jp/search.cgi?category_id=world&feed=1,ok,,国際
2026-09-13,2026-09-13T17:12:14.693144+09:00,その他メディア,,TBSテレビ,"北京“ドローン・ゼロ""決定 「首都の防衛線を確実に構築」所持も禁止へ",https://newsdig.tbs.co.jp/articles/-/2941294?display=1,https://news.ceek.jp/search.cgi?category_id=world&feed=1,ok,,国際
2026-09-13,2026-09-13T17:12:14.693144+09:00,その他メディア,,共同通信,米CIA、テロ前の機密文書公開 航空機突入の脅威警告も,https://www.47news.jp/14933634.html,https://news.ceek.jp/search.cgi?category_id=world&feed=1,ok,,国際
2026-09-13,2026-09-13T17:12:14.693144+09:00,その他メディア,,デイリースポーツ,中ロ、非米欧の結束図る,https://www.daily.co.jp/society/world/2026/09/13/0020815340.shtml,https://news.ceek.jp/search.cgi?category_id=world&feed=1,ok,,国際
2026-09-13,2026-09-13T17:12:14.693144+09:00,その他メディア,,Abema TIMES,BRICS首脳が共同宣言 一方的な制裁や関税を批判,https://times.abema.tv/articles/-/10272751?page=1,https://news.ceek.jp/search.cgi?category_id=world&feed=1,ok,,国際
2026-09-13,2026-09-13T17:12:14.693144+09:00,その他メディア,,Abema TIMES,日中友好議連 若手訪中団が北京へ,https://times.abema.tv/articles/-/10272754?page=1,https://news.ceek.jp/search.cgi?category_id=world&feed=1,ok,,国際
2026-09-13,2026-09-13T17:12:14.693144+09:00,その他メディア,,AFPBB News,独各地で極右AfDに抗議デモ 「活動禁止」求め15万人参加,https://www.afpbb.com/articles/-/3652680,https://news.ceek.jp/search.cgi?category_id=world&feed=1,ok,,国際
2026-09-13,2026-09-13T17:12:14.693144+09:00,その他メディア,,日本テレビ,インドネシアのジャワ海でフェリーが消息絶つ 1人死亡、約140人行方不明,https://news.ntv.co.jp/category/international/de0dbffb56e6499b8ea1c7f57abd5409,https://news.ceek.jp/search.cgi?category_id=world&feed=1,ok,,国際
2026-09-13,2026-09-13T17:12:14.693144+09:00,その他メディア,,swissinfo.ch,「列車でヒッチハイク」 インターレイルパスが生んだ若者文化,https://www.swissinfo.ch/jpn/%e6%ad%b4%e5%8f%b2/%e3%80%8c%e5%88%97%e8%bb%8a%e3%81%a7%e3%83%92%e3%83%83%e3%83%81%e3%83%8f%e3%82%a4%e3%82%af%e3%80%8d%e3%80%80%e3%82%a4%e3%83%b3%e3%82%bf%e3%83%bc%e3%83%ac%e3%82%a4%e3%83%ab%e3%83%91%e3%82%b9%e3%81%8c%e7%94%9f%e3%82%93%e3%81%a0%e8%8b%a5%e8%80%85%e6%96%87%e5%8c%96/92036858,https://news.ceek.jp/search.cgi?category_id=world&feed=1,ok,,国際
2026-09-13,2026-09-13T17:12:14.693144+09:00,その他メディア,,デイリースポーツ,米CIA、テロ前の機密文書公開,https://www.daily.co.jp/society/world/2026/09/13/0020815267.shtml,https://news.ceek.jp/search.cgi?category_id=world&feed=1,ok,,国際
2026-09-13,2026-09-13T17:12:14.693144+09:00,その他メディア,,共同通信,日中議連若手が北京訪問 友好協会幹部と面会調整,https://www.47news.jp/14933542.html,https://news.ceek.jp/search.cgi?category_id=world&feed=1,ok,,国際
2026-09-13,2026-09-13T17:12:14.693144+09:00,その他メディア,,ベトナムの声,ダンス、音楽、ビートボックスで交わるベトナムと日本の芸術,https://vovworld.vn/ja-JP/niyusu/tansuyinlehitohotsukusutejiaowaruhetonamutoribennoyunshu-2465068.vov5,https://news.ceek.jp/search.cgi?category_id=world&feed=1,ok,,国際
2026-09-13,2026-09-13T17:12:14.693144+09:00,その他メディア,,CNN.co.jp,AI生成の料理写真は「不気味の谷」、これほどの反発に遭う理由は?,https://www.cnn.co.jp/usa/35252572.html,https://news.ceek.jp/search.cgi?category_id=world&feed=1,ok,,国際
2026-09-13,2026-09-13T17:12:14.693144+09:00,その他メディア,,TV-Novosti,ソ連・ロシアにおける戦車部隊の変遷(写真特集),https://jp.gw2ru.com/history/256061-soren-roshia-niokeru-senshabutai-no-hensen,https://news.ceek.jp/search.cgi?category_id=world&feed=1,ok,,国際
2026-09-13,2026-09-13T17:12:14.693144+09:00,その他メディア,,AFPBB News,中国の研究チーム 翼竜ハミプテルスの前肢化石を新たに発見,https://www.afpbb.com/articles/-/3651996,https://news.ceek.jp/search.cgi?category_id=world&feed=1,ok,,国際
2026-09-13,2026-09-13T17:12:14.693144+09:00,その他メディア,,AFPBB News,ウクライナへの全土攻撃で7人死亡、ゼレンスキー氏「世界の対応不十分」,https://www.afpbb.com/articles/-/3652677,https://news.ceek.jp/search.cgi?category_id=world&feed=1,ok,,国際
2026-09-13,2026-09-13T17:12:14.693144+09:00,その他メディア,,WEDGE Infinity,日本円で約80万円!「トランプ配当金」の目論見とは?現職の司法長官から民主党上院議員まで参加した共和党大会を読み解く,https://wedge.ismedia.jp/articles/-/41076,https://news.ceek.jp/search.cgi?category_id=world&feed=1,ok,,国際
2026-09-13,2026-09-13T17:12:14.693144+09:00,その他メディア,,フジテレビ,ホルムズ海峡めぐりイランとオマーンが新航路で合意か 14日に協議結果を説明へ,https://www.fnn.jp/articles/-/1113368,https://news.ceek.jp/search.cgi?category_id=world&feed=1,ok,,国際
2026-09-13,2026-09-13T17:12:14.693144+09:00,全国紙,全国,日本経済新聞,OpenAI、26年内は上場せず アルトマンCEO「AIの安全対策を優先」,https://www.nikkei.com/article/DGXZQOGN130G50T10C26A9000000/,https://news.ceek.jp/search.cgi?category_id=world&feed=1,ok,,国際
2026-09-13,2026-09-13T17:12:14.693144+09:00,その他メディア,,ベトナムの声,ベトナム 新たな成長時代の原動力,https://vovworld.vn/ja-JP/niyusu/hetonamu-xintanachengzhangshidainoyuandongli-2465061.vov5,https://news.ceek.jp/search.cgi?category_id=world&feed=1,ok,,国際
2026-09-13,2026-09-13T17:12:14.693144+09:00,その他メディア,,ベトナムの声,AIIB、ベトナムの持続可能なインフラ開発への支援継続を約束,https://vovworld.vn/ja-JP/niyusu/aiibhetonamunochixukenengnainfurakaifahenozhiyuanjixuwoyueshu-2465059.vov5,https://news.ceek.jp/search.cgi?category_id=world&feed=1,ok,,国際
2026-09-13,2026-09-13T17:12:14.693144+09:00,その他メディア,,Abema TIMES,ジャワ海で243人乗りの船が消息不明,https://times.abema.tv/articles/-/10272746?page=1,https://news.ceek.jp/search.cgi?category_id=world&feed=1,ok,,国際
2026-09-13,2026-09-13T17:12:14.693144+09:00,その他メディア,,newsclip.be,タイ社会開発人間安全保障省「タイの人身取引対策をJICAが評価」 国際研修の共同主催へ,https://newsclip.be/thai-news/thai-politics/41824,https://news.ceek.jp/search.cgi?category_id=world&feed=1,ok,,国際
2026-09-13,2026-09-13T17:12:14.693144+09:00,その他メディア,,AFPBB News,IEA「中国のリチウムイオン電池生産量は世界の85%を占める」,https://www.afpbb.com/articles/-/3651986,https://news.ceek.jp/search.cgi?category_id=world&feed=1,ok,,国際
2026-09-13,2026-09-13T17:12:14.693144+09:00,全国紙,全国,産経新聞,インドネシア船舶が遭難、航行中に連絡絶つ 2人死傷か 240人乗りで120人を捜索,https://www.sankei.com/article/20260913-EIAJF7X5LFIXJHYGLAKZZAH7RQ/,https://news.ceek.jp/search.cgi?category_id=world&feed=1,ok,,国際
2026-09-13,2026-09-13T17:12:14.693144+09:00,その他メディア,,AFPBB News,インドネシアのフェリー事故、1人死亡 100人超救助,https://www.afpbb.com/articles/-/3652676,https://news.ceek.jp/search.cgi?category_id=world&feed=1,ok,,国際
2026-09-13,2026-09-13T17:12:14.693144+09:00,その他メディア,,TBSテレビ,"“異例の開催""米・共和党大会 トランプ大統領の危機感を反映 共和党勝利で“1人5000ドル""「トランプ配当金」有権者の判断は?【サンデーモーニング】",https://newsdig.tbs.co.jp/articles/-/2941223?display=1,https://news.ceek.jp/search.cgi?category_id=world&feed=1,ok,,国際
2026-09-13,2026-09-13T17:12:14.693144+09:00,その他メディア,,AFPBB News,中国、新築住宅で完成物件の販売を「優先」へ 30年続いたプレセール制度を転換,https://www.afpbb.com/articles/-/3651985,https://news.ceek.jp/search.cgi?category_id=world&feed=1,ok,,国際
2026-09-13,2026-09-13T17:12:14.693144+09:00,その他メディア,,共同通信,【速報】日中友好議連の若手メンバーが訪中,https://www.47news.jp/14933455.html,https://news.ceek.jp/search.cgi?category_id=world&feed=1,ok,,国際
2026-09-13,2026-09-13T17:12:14.693144+09:00,その他メディア,,デイリースポーツ,インドネシアでフェリーが遭難,https://www.daily.co.jp/society/world/2026/09/13/0020815084.shtml,https://news.ceek.jp/search.cgi?category_id=world&feed=1,ok,,国際
2026-09-13,2026-09-13T17:12:14.693144+09:00,その他メディア,,共同通信,インドネシアでフェリーが遭難 2人死傷か、240人乗り,https://www.47news.jp/14933440.html,https://news.ceek.jp/search.cgi?category_id=world&feed=1,ok,,国際
2026-09-13,2026-09-13T17:12:14.693144+09:00,その他メディア,,newsclip.be,タイとカンボジア、UNCLOSに基づく初の調停へ 9月14〜16日にシンガポールで,https://newsclip.be/thai-news/thai-politics/41820,https://news.ceek.jp/search.cgi?category_id=world&feed=1,ok,,国際
2026-09-13,2026-09-13T17:12:14.693144+09:00,その他メディア,,AFPBB News,中国でハイブリッド稲の単位収量が過去最高を更新,https://www.afpbb.com/articles/-/3651972,https://news.ceek.jp/search.cgi?category_id=world&feed=1,ok,,国際
2026-09-13,2026-09-13T17:12:14.693144+09:00,その他メディア,,ベトナムの声,「BRICSは歴史の正しい側に」 中国・習氏が首脳会議で演説,https://vovworld.vn/ja-JP/niyusu/bricshalishinozhengshiiceni-zhongguoxishikashounaohuiyiteyanshuo-2465057.vov5,https://news.ceek.jp/search.cgi?category_id=world&feed=1,ok,,国際
2026-09-13,2026-09-13T17:12:14.693144+09:00,その他メディア,,ベトナムの声,ホルムズ海峡めぐり「オマーンと既に最終合意」 イランメディア報道,https://vovworld.vn/ja-JP/niyusu/horumusuhaixiamekuriomantojinizuizhongheyi-iranmeteiabaodao-2465055.vov5,https://news.ceek.jp/search.cgi?category_id=world&feed=1,ok,,国際
2026-09-13,2026-09-13T17:12:14.693144+09:00,その他メディア,,テレビ朝日,サウジのパイプラインへの攻撃 トランプ氏 イラン関与の可能性示唆,https://news.tv-asahi.co.jp/news_international/articles/000533026.html,https://news.ceek.jp/search.cgi?category_id=world&feed=1,ok,,国際
2026-09-13,2026-09-13T17:12:14.693144+09:00,その他メディア,,ベトナムの声,ベトナム、インドの大手企業による投資の拡大を歓迎,https://vovworld.vn/ja-JP/niyusu/hetonamuintonodashouqiyeniyorutouzinokuodawohuanying-2465054.vov5,https://news.ceek.jp/search.cgi?category_id=world&feed=1,ok,,国際
2026-09-13,2026-09-13T17:12:14.693144+09:00,その他メディア,,TBSテレビ,インドネシアの海上で約240人乗せた旅客船が消息絶つ 悪天候に見舞われた可能性,https://newsdig.tbs.co.jp/articles/-/2941202?display=1,https://news.ceek.jp/search.cgi?category_id=world&feed=1,ok,,国際
2026-09-13,2026-09-13T17:12:14.693144+09:00,その他メディア,,ベトナムの声,WTO、ベトナムの国際経済統合を引き続き支援,https://vovworld.vn/ja-JP/niyusu/wtohetonamunoguojijingjitonghewoyinkixukizhiyuan-2465053.vov5,https://news.ceek.jp/search.cgi?category_id=world&feed=1,ok,,国際
2026-09-13,2026-09-13T17:12:14.693144+09:00,その他メディア,,ベトナムの声,ベトナム・インド間の貿易額、早期に250億ドル達成へ,https://vovworld.vn/ja-JP/niyusu/hetonamuintojiannomaoyiezaoqini250yitorudachenghe-2465052.vov5,https://news.ceek.jp/search.cgi?category_id=world&feed=1,ok,,国際
2026-09-13,2026-09-13T17:12:14.693144+09:00,その他メディア,,AFPBB News,243人乗りフェリーが消息絶つ インドネシア,https://www.afpbb.com/articles/-/3652675,https://news.ceek.jp/search.cgi?category_id=world&feed=1,ok,,国際
2026-09-13,2026-09-13T17:12:14.693144+09:00,その他メディア,,ベトナムの声,トー・ラム党書記長・国家主席の歴訪、ベトナムとロシア、フランスの協力を強化,https://vovworld.vn/ja-JP/niyusu/toramudangshujizhangguojiazhuxinolifanghetonamutoroshiafuransunoxieliwoqianghua-2465051.vov5,https://news.ceek.jp/search.cgi?category_id=world&feed=1,ok,,国際
2026-09-13,2026-09-13T17:12:14.693144+09:00,その他メディア,,newsclip.be,タイで世論調査、8割が「イスラエル人への厳格な対処」求める,https://newsclip.be/thai-news/thai-local/41815,https://news.ceek.jp/search.cgi?category_id=world&feed=1,ok,,国際
2026-09-13,2026-09-13T17:12:14.693144+09:00,その他メディア,,テレビ朝日,ジャワ海を航行していた243人乗船の船が消息不明に インドネシア当局,https://news.tv-asahi.co.jp/news_international/articles/000533028.html,https://news.ceek.jp/search.cgi?category_id=world&feed=1,ok,,国際
2026-09-13,2026-09-13T17:12:14.693144+09:00,その他メディア,,CNN.co.jp,フーシの紅海沿岸制圧受け、責任のなすりつけ合い始まる 「米サウジの途方もない大失態」,https://www.cnn.co.jp/world/35252571.html,https://news.ceek.jp/search.cgi?category_id=world&feed=1,ok,,国際
2026-09-13,2026-09-13T17:12:14.693144+09:00,その他メディア,,AFPBB News,トランプ氏、アイルランドの統一は「素晴らしい」と発言 英国は合意遵守を強調,https://www.afpbb.com/articles/-/3652674,https://news.ceek.jp/search.cgi?category_id=world&feed=1,ok,,国際
2026-09-13,2026-09-13T17:12:14.693144+09:00,その他メディア,,Abema TIMES,"靖国神社“落書き男"" 中国で恐喝事件を起こし懲役8年 「出頭しない」過去に豪語",https://times.abema.tv/articles/-/10272734?page=1,https://news.ceek.jp/search.cgi?category_id=world&feed=1,ok,,国際
2026-09-13,2026-09-13T17:12:14.693144+09:00,その他メディア,,TBSテレビ,「AI開発ペース緩める必要」アンソロピック ダリオ・アモデイCEO 安全対策が追いつくよう,https://newsdig.tbs.co.jp/articles/-/2941137?display=1,https://news.ceek.jp/search.cgi?category_id=world&feed=1,ok,,国際
2026-09-13,2026-09-13T17:12:14.693144+09:00,その他メディア,,共同通信,新卒冷遇、 旧態依然な構造の犠牲 国際通年企画「はたらく世界地図」(19)イタリア編 働きたくても働けない失業者たち,https://www.47news.jp/14765664.html,https://news.ceek.jp/search.cgi?category_id=world&feed=1,ok,,国際
2026-09-13,2026-09-13T17:12:14.693144+09:00,その他メディア,,デイリースポーツ,比沖の船舶火災、死者76人に,https://www.daily.co.jp/society/world/2026/09/13/0020814820.shtml,https://news.ceek.jp/search.cgi?category_id=world&feed=1,ok,,国際
2026-09-13,2026-09-13T17:12:14.693144+09:00,その他メディア,,日本テレビ,ホルムズ海峡めぐり「オマーンと既に最終合意」 イランメディア報道,https://news.ntv.co.jp/category/international/5636be293b4f4831bc7f91a403f4a5e5,https://news.ceek.jp/search.cgi?category_id=world&feed=1,ok,,国際
2026-09-13,2026-09-13T17:12:14.693144+09:00,その他メディア,,共同通信,比沖の船舶火災、死者76人に 10人以上が依然不明か,https://www.47news.jp/14932856.html,https://news.ceek.jp/search.cgi?category_id=world&feed=1,ok,,国際
2026-09-13,2026-09-13T17:12:14.693144+09:00,その他メディア,,ベトナムの声,G20で首脳会談「不可能」 ロシア、ゼレンスキー氏と,https://vovworld.vn/ja-JP/niyusu/g20teshounaohuitanbukeneng-roshiaserensukishito-2465038.vov5,https://news.ceek.jp/search.cgi?category_id=world&feed=1,ok,,国際
2026-09-13,2026-09-13T17:12:14.693144+09:00,その他メディア,,ベトナムの声,BRICS首脳会議で共同宣言を採択 中国インド首脳会談も,https://vovworld.vn/ja-JP/niyusu/bricsshounaohuiyitegongtongxuanyanwocaize-zhongguointoshounaohuitanmo-2465037.vov5,https://news.ceek.jp/search.cgi?category_id=world&feed=1,ok,,国際
2026-09-13,2026-09-13T17:12:14.693144+09:00,その他メディア,,ベトナムの声,"BRICS首脳会議 “欧米批判""一致も強い結束示せず",https://vovworld.vn/ja-JP/niyusu/bricsshounaohuiyi-oumipipanyizhimoqiangijieshushisesu-2465036.vov5,https://news.ceek.jp/search.cgi?category_id=world&feed=1,ok,,国際
2026-09-13,2026-09-13T17:12:14.693144+09:00,その他メディア,,テレビ朝日,"靖国神社“落書き男"" 中国で恐喝事件を起こし懲役8年 「出頭しない」過去に豪語",https://news.tv-asahi.co.jp/news_international/articles/900199539.html,https://news.ceek.jp/search.cgi?category_id=world&feed=1,ok,,国際
2026-09-13,2026-09-13T17:12:14.693144+09:00,その他メディア,,Jams.TV,AI時代の数学研究、功績や倫理に課題,https://www.jams.tv/news/290290,https://news.ceek.jp/search.cgi?category_id=world&feed=1,ok,,国際
2026-09-13,2026-09-13T17:12:14.693144+09:00,その他メディア,,Abema TIMES,"BRICS首脳会議 “欧米批判""一致も強い結束示せず",https://times.abema.tv/articles/-/10272722?page=1,https://news.ceek.jp/search.cgi?category_id=world&feed=1,ok,,国際
2026-09-13,2026-09-13T17:12:14.693144+09:00,その他メディア,,フジテレビ,"“AIが人間の理解や制御能力を上回る""アンソロピックCEOが警告 半年から1年後には「インターネット全体を乗っ取る能力を持つ可能性」",https://www.fnn.jp/articles/-/1113307,https://news.ceek.jp/search.cgi?category_id=world&feed=1,ok,,国際
2026-09-13,2026-09-13T17:12:14.693144+09:00,全国紙,全国,日本経済新聞,アフリカ「メルカトル図法のゆがみ」に一石 米国は国連決議に反対,https://www.nikkei.com/article/DGXZQOCB051D60V00C26A9000000/,https://news.ceek.jp/search.cgi?category_id=world&feed=1,ok,,国際
2026-09-13,2026-09-13T17:12:14.693144+09:00,全国紙,全国,日本経済新聞,イコールアース図法の考案者「面積と美しさを両立」 世界普及へ翻訳,https://www.nikkei.com/article/DGXZQOCB216160R20C26A7000000/,https://news.ceek.jp/search.cgi?category_id=world&feed=1,ok,,国際
2026-09-13,2026-09-13T17:12:14.693144+09:00,その他メディア,,ポストセブン,"《頭から胴体までシルバーテープでぐるぐる巻き》“噛みつきカスハラおじさん""が「この飛行機は墜落する!」と機内で大暴れ、異常事態の一部始終【アメリカ】",https://www.news-postseven.com/archives/20260913_2130579.html,https://news.ceek.jp/search.cgi?category_id=world&feed=1,ok,,国際
2026-09-13,2026-09-13T17:12:14.693144+09:00,全国紙,全国,産経新聞,フィリピン沖船舶火災の死者76人に 依然10人以上依然不明か,https://www.sankei.com/article/20260913-KVBCAUEUBZJORLRJNJRETLX75E/,https://news.ceek.jp/search.cgi?category_id=world&feed=1,ok,,国際
2026-09-13,2026-09-13T17:12:14.693144+09:00,その他メディア,,共同通信,ウクライナに受賞ささげる ロシア出身監督、ベネチア映画祭,https://www.47news.jp/14932596.html,https://news.ceek.jp/search.cgi?category_id=world&feed=1,ok,,国際
2026-09-13,2026-09-13T17:12:14.693144+09:00,その他メディア,,VIETJO,ソ連寄贈のヤシ林、40年以上を経てリゾートに変貌 クアンガイ省,https://www.viet-jo.com/news/special/260910133829.html,https://news.ceek.jp/search.cgi?category_id=world&feed=1,ok,,国際
2026-09-13,2026-09-13T17:12:14.693144+09:00,その他メディア,,Abema TIMES,2歳男児が穴に吸い込まれる恐怖の瞬間... 泥まみれになりながら助け出される一部始終 簡易的な囲いのみの安全管理に疑問の声 中国,https://times.abema.tv/articles/-/10272538?page=1,https://news.ceek.jp/search.cgi?category_id=world&feed=1,ok,,国際
2026-09-13,2026-09-13T17:12:14.693144+09:00,その他メディア,,Abema TIMES,中国、インドの首脳が会談 関係改善と協力推進で一致,https://times.abema.tv/articles/-/10272726?page=1,https://news.ceek.jp/search.cgi?category_id=world&feed=1,ok,,国際
2026-09-13,2026-09-13T17:12:14.693144+09:00,全国紙,全国,毎日新聞,中国、イランに衛星画像提供か 米報道、米中首脳会談で議題に?,https://mainichi.jp/articles/20260913/k00/00m/030/033000c,https://news.ceek.jp/search.cgi?category_id=world&feed=1,ok,,国際
2026-09-13,2026-09-13T17:12:14.693144+09:00,全国紙,全国,産経新聞,「ウクライナに受賞ささげる」露出身監督、ベネチア国際映画祭で銀獅子賞,https://www.sankei.com/article/20260913-AXPQ5PFQINIGTEJN3DYFTX463U/,https://news.ceek.jp/search.cgi?category_id=world&feed=1,ok,,国際
2026-09-13,2026-09-13T17:12:14.693144+09:00,全国紙,全国,日本経済新聞,サンゴ礁で揺らぐ地政学 軍事や経済の権益争いの舞台に,https://www.nikkei.com/article/DGXZQOCD081R70Y6A800C2000000/,https://news.ceek.jp/search.cgi?category_id=world&feed=1,ok,,国際
2026-09-13,2026-09-13T17:12:14.693144+09:00,その他メディア,,フジテレビ,AI開発「減速が必要」アンソロピック ダリオ・アモデイCEOが警告 サム・アルトマン氏、イーロン・マスク氏も賛同...急速な進化に懸念,https://www.fnn.jp/articles/-/1113296,https://news.ceek.jp/search.cgi?category_id=world&feed=1,ok,,国際
2026-09-13,2026-09-13T17:12:14.693144+09:00,その他メディア,,日本テレビ,"米・アンソロピックCEO 急速に進むAIの開発“ペースを落とす必要がある"" AIがインターネット全体を乗っ取る可能性も警告",https://news.ntv.co.jp/category/international/b90b7a9bcd524004aef834b80c506902,https://news.ceek.jp/search.cgi?category_id=world&feed=1,ok,,国際
2026-09-13,2026-09-13T17:12:14.693144+09:00,その他メディア,,AFPBB News,フィリピン・フェリー火災の死者は76人に、十数人が依然不明,https://www.afpbb.com/articles/-/3652659,https://news.ceek.jp/search.cgi?category_id=world&feed=1,ok,,国際
2026-09-13,2026-09-13T17:12:14.693144+09:00,その他メディア,,テレビ朝日,アラスカ極寒の海で3日漂流の少年を救助 釣りのため移動中...悪天候の中、舟が転覆,https://news.tv-asahi.co.jp/news_international/articles/000533010.html,https://news.ceek.jp/search.cgi?category_id=world&feed=1,ok,,国際
2026-09-13,2026-09-13T17:12:14.693144+09:00,その他メディア,,フジテレビ,習近平国家主席が7年ぶりインド訪問 モディ首相と会談 国境問題解決へ,https://www.fnn.jp/articles/-/1113293,https://news.ceek.jp/search.cgi?category_id=world&feed=1,ok,,国際
2026-09-13,2026-09-13T17:12:14.693144+09:00,その他メディア,,フジテレビ,9.11の3年前に「航空機突入」の可能性をクリントン大統領に警告 CIAが機密文書を公開,https://www.fnn.jp/articles/-/1113292,https://news.ceek.jp/search.cgi?category_id=world&feed=1,ok,,国際
2026-09-13,2026-09-13T17:12:14.693144+09:00,全国紙,全国,毎日新聞,フーシ派、イエメン南部に進軍か 避難民急増、7万6000人に,https://mainichi.jp/articles/20260913/k00/00m/030/029000c,https://news.ceek.jp/search.cgi?category_id=world&feed=1,ok,,国際
2026-09-13,2026-09-13T17:12:14.693144+09:00,その他メディア,,AFPBB News,フーシ派がサウジ軍基地を攻撃、戦闘が再び激しくなる中で避難民急増,https://www.afpbb.com/articles/-/3652657,https://news.ceek.jp/search.cgi?category_id=world&feed=1,ok,,国際
2026-09-13,2026-09-13T17:12:14.693144+09:00,その他メディア,,CNN.co.jp,トランプ氏、イランが背後にいる可能性が高いとの見方 サウジの石油パイプライン攻撃めぐり,https://www.cnn.co.jp/world/35252568.html,https://news.ceek.jp/search.cgi?category_id=world&feed=1,ok,,国際
2026-09-13,2026-09-13T17:12:14.693144+09:00,全国紙,全国,朝日新聞,「自ら選んだ」思わないと生きられない 性売買脱した女性が語る現実,https://www.asahi.com/articles/ASV8R2FT6V8RUTFL001M.html,https://news.ceek.jp/search.cgi?category_id=world&feed=1,ok,,国際
2026-09-13,2026-09-13T17:12:14.693144+09:00,地方紙,長野,信濃毎日新聞,ラージヒル、女子は丸山2位、宮嶋6位 男子は中村5位【白馬サマージャンプ】,https://www.shinmai.co.jp/news/article/gf01daj5sme29c62qgihleq0,https://news.ceek.jp/search.cgi?category_id=local&feed=1,ok,,地方・地域
2026-09-13,2026-09-13T17:12:14.693144+09:00,その他メディア,,TBSテレビ,【速報】京都の「伏見大手筋商店街」が水浸し...近くの道路で水あふれ冠水,https://newsdig.tbs.co.jp/articles/-/2941403?display=1,https://news.ceek.jp/search.cgi?category_id=local&feed=1,ok,,地方・地域
2026-09-13,2026-09-13T17:12:14.693144+09:00,地方紙,沖縄,琉球新報,【沖縄知事選】投票率、午後4時現在20・45% 前回を2・23ポイント上回る,https://ryukyushimpo.jp/news/entry-5510513.html,https://news.ceek.jp/search.cgi?category_id=local&feed=1,ok,,地方・地域
2026-09-13,2026-09-13T17:12:14.693144+09:00,地方紙,鹿児島,南日本新聞,霧島市の男、弁護士紹介で「着手金15万円を」...実は相談せず、返すタイミング失い逮捕,https://373news.com/news/local/detail/239523/,https://news.ceek.jp/search.cgi?category_id=local&feed=1,ok,,地方・地域
2026-09-13,2026-09-13T17:12:14.693144+09:00,地方紙,長野,信濃毎日新聞,雑観・岡谷南、スタイル貫き9季ぶり優勝,https://www.shinmai.co.jp/news/article/gf01daj5g7vscpf4olnjiqp0,https://news.ceek.jp/search.cgi?category_id=local&feed=1,ok,,地方・地域
2026-09-13,2026-09-13T17:12:14.693144+09:00,その他メディア,,日本テレビ,石川・小松市に手作りのかかしが並ぶ「かかしロード」,https://news.ntv.co.jp/category/life/kt7a740dd7b9454ba2b1be099019fd71d2,https://news.ceek.jp/search.cgi?category_id=local&feed=1,ok,,地方・地域
2026-09-13,2026-09-13T17:12:14.693144+09:00,地方紙,宮城,河北新報,母子家庭の家事、疲労...「子どもの貧困は認識されにくい」 仙台出身の東大研究員渡辺さんが講演,https://kahoku.news/articles/20260913khn000019.html,https://news.ceek.jp/search.cgi?category_id=local&feed=1,ok,,地方・地域
2026-09-13,2026-09-13T17:12:14.693144+09:00,地方紙,広島,中国新聞,重要鉱物の武器化は進歩妨げるとインド首相,https://www.chugoku-np.co.jp/articles/-/894182,https://news.ceek.jp/search.cgi?category_id=local&feed=1,ok,,地方・地域
2026-09-13,2026-09-13T17:12:14.693144+09:00,その他メディア,,日本テレビ,【第九管区海上保安本部】ヘリコプターのネジ1本が脱落 12日新潟から富山・石川へ向かったフライトで落下か,https://news.ntv.co.jp/category/society/tef3fe70a5765144ecbcd8481013ee0f75,https://news.ceek.jp/search.cgi?category_id=local&feed=1,ok,,地方・地域
2026-09-13,2026-09-13T17:12:14.693144+09:00,その他メディア,,広島ホームテレビ,「先の見えない不安に寄り添って」熊本地震の被災地へ日赤広島支部から救護班が出発,https://www.home-tv.co.jp/news/content/?news_id=20260913369490,https://news.ceek.jp/search.cgi?category_id=local&feed=1,ok,,地方・地域
2026-09-13,2026-09-13T17:12:14.693144+09:00,その他メディア,,上毛新聞,群馬・伊勢崎市の住宅火災 身元不明の遺体発見現場を見分,https://www.jomo-news.co.jp/articles/-/1021792,https://news.ceek.jp/search.cgi?category_id=local&feed=1,ok,,地方・地域
2026-09-13,2026-09-13T17:12:14.693144+09:00,地方紙,長野,信濃毎日新聞,流木に腰かけてゐる秋遍路 【けさの一句 9月14日】,https://www.shinmai.co.jp/news/article/gf01dachotkvl121or83q1r0,https://news.ceek.jp/search.cgi?category_id=local&feed=1,ok,,地方・地域
2026-09-13,2026-09-13T17:12:14.693144+09:00,その他メディア,,まいどなニュース,40代ラストイヤー迎えた国民的歌手 美貌の秘訣は徹底した体づくり、ピラティス、減量に自炊基本の食生活【徹子の部屋】,https://maidonanews.jp/article/16881870,https://news.ceek.jp/search.cgi?category_id=local&feed=1,ok,,地方・地域
2026-09-13,2026-09-13T17:12:14.693144+09:00,その他メディア,,日本テレビ,「ナイスバーディ!」ターゲット・バードゴルフ 約120人がプレー 関東甲信越王者も 山梨県体育祭り,https://news.ntv.co.jp/category/sports/ys602ce1198d5340da99f405416bcc9b50,https://news.ceek.jp/search.cgi?category_id=local&feed=1,ok,,地方・地域
2026-09-13,2026-09-13T17:12:14.693144+09:00,その他メディア,,徳島新聞,佐那河内村、全村民に商品券1万6000円分を配布,https://www.topics.or.jp/articles/-/1493656,https://news.ceek.jp/search.cgi?category_id=local&feed=1,ok,,地方・地域
2026-09-13,2026-09-13T17:12:14.693144+09:00,その他メディア,,日本テレビ,「20年冷や飯食って狂い咲き、いつまで続く狂い咲き」赤沢経済産業相「力の限り頑張りたい」 内閣改造を前に講演 鳥取県米子市,https://news.ntv.co.jp/category/politics/nk22ec46134ff34ba78399865e9f3146b3,https://news.ceek.jp/search.cgi?category_id=local&feed=1,ok,,地方・地域
2026-09-13,2026-09-13T17:12:14.693144+09:00,その他メディア,,TOKYO HEADLINE,武知海青がついにヨシヒコと対戦。顔面への無慈悲なフットスタンプにブーイング。今後のシングル対決は「LDHに相談します」【DDT】,https://www.tokyoheadline.com/871156/,https://news.ceek.jp/search.cgi?category_id=local&feed=1,ok,,地方・地域
2026-09-13,2026-09-13T17:12:14.693144+09:00,その他メディア,,TBSテレビ,桜島が噴火 噴煙の高さ火口から2400メートル,https://newsdig.tbs.co.jp/articles/-/2941395?display=1,https://news.ceek.jp/search.cgi?category_id=local&feed=1,ok,,地方・地域
2026-09-13,2026-09-13T17:12:14.693144+09:00,その他メディア,,日本テレビ,熱海駅近くの住宅地で土砂崩れ 付近の3世帯と3事業所に避難指示 解除の見通し立たず(静岡),https://news.ntv.co.jp/category/society/sd89de00c1424f430fb52a7009e730a39d,https://news.ceek.jp/search.cgi?category_id=local&feed=1,ok,,地方・地域
2026-09-13,2026-09-13T17:12:14.693144+09:00,全国紙,全国,中日新聞,中日・ボスラーが3日以来の「4番・一塁」でスタメン 再昇格以来、安定感抜群の高橋宏斗が先発マウンド,https://www.chunichi.co.jp/article/1310796,https://news.ceek.jp/search.cgi?category_id=local&feed=1,ok,,地方・地域
2026-09-13,2026-09-13T17:12:14.693144+09:00,その他メディア,,四国新聞,半世紀の活動の歩み振り返る/ヨーガ道友会50周年祝賀会、高松,https://www.shikoku-np.co.jp/bl/news/kagawa/evening-detail.aspx?kid=20260913000400,https://news.ceek.jp/search.cgi?category_id=local&feed=1,ok,,地方・地域
2026-09-13,2026-09-13T17:12:14.693144+09:00,地方紙,長野,信濃毎日新聞,ハンター人口増へ、飯田市で狩猟体験講座 クレー射撃の見学やジビエ試食,https://www.shinmai.co.jp/news/article/gf01daj5h5e29c62qgihlcrg,https://news.ceek.jp/search.cgi?category_id=local&feed=1,ok,,地方・地域
2026-09-13,2026-09-13T17:12:14.693144+09:00,その他メディア,,TBSテレビ,丸いかたちの「車田」で稲刈り 岐阜・高山市,https://newsdig.tbs.co.jp/articles/-/2941148?display=1,https://news.ceek.jp/search.cgi?category_id=local&feed=1,ok,,地方・地域
2026-09-13,2026-09-13T17:12:14.693144+09:00,地方紙,広島,中国新聞,習氏、新興国の団結とAI構想を訴え,https://www.chugoku-np.co.jp/articles/-/894181,https://news.ceek.jp/search.cgi?category_id=local&feed=1,ok,,地方・地域
2026-09-13,2026-09-13T17:12:14.693144+09:00,その他メディア,,山形新聞,大雨で14日、特急いなほ2本が区間運休,https://www.yamagata-np.jp/news/202609/13/kj_2026091300335.php,https://news.ceek.jp/search.cgi?category_id=local&feed=1,ok,,地方・地域
2026-09-13,2026-09-13T17:12:14.693144+09:00,その他メディア,,日本テレビ,熱中症の疑いで搬送 重症2人 50代男性マラソン大会中にふらついて走れなくなる 40代女性10kmを走った後に気分不良 鳥取県東部消防局(9月13日),https://news.ntv.co.jp/category/society/nkc185d5690fd34c79ba93b9e7d4229b67,https://news.ceek.jp/search.cgi?category_id=local&feed=1,ok,,地方・地域
2026-09-13,2026-09-13T17:12:14.693144+09:00,地方紙,広島,中国新聞,錦帯橋、職人「橋守」が語る技術と魅力 岩国でガイドツアー,https://www.chugoku-np.co.jp/articles/-/894179,https://news.ceek.jp/search.cgi?category_id=local&feed=1,ok,,地方・地域
2026-09-13,2026-09-13T17:12:14.693144+09:00,その他メディア,,山陽新聞,就実、高梁、作陽学園が県大会へ 出場20校出そろう 秋の岡山県高校野球地区予選,https://www.sanyonews.jp/article/1988231/,https://news.ceek.jp/search.cgi?category_id=local&feed=1,ok,,地方・地域
2026-09-13,2026-09-13T17:12:14.693144+09:00,その他メディア,,上毛新聞,【速報】群馬・館林市議選挙は定数18に32人の激戦 立候補届け出締め切り,https://www.jomo-news.co.jp/articles/-/1022037,https://news.ceek.jp/search.cgi?category_id=local&feed=1,ok,,地方・地域
2026-09-13,2026-09-13T17:12:14.693144+09:00,その他メディア,,TOKYO HEADLINE,青木真也がRIZINから帰還「胸を張って帰ってきました」 11月3日のザック戦は「え? 朝倉未来のパンチで忘れちゃった」【DDT】,https://www.tokyoheadline.com/871161/,https://news.ceek.jp/search.cgi?category_id=local&feed=1,ok,,地方・地域
2026-09-13,2026-09-13T17:12:14.693144+09:00,その他メディア,,朝日放送,【速報】京都・伏見区の商店街で道路隆起、水が噴き出す 水道管が破損か,https://www.asahi.co.jp/webnews/pages/abc_62524.html,https://news.ceek.jp/search.cgi?category_id=local&feed=1,ok,,地方・地域
2026-09-13,2026-09-13T17:12:14.693144+09:00,地方紙,長野,信濃毎日新聞,「闇バイトはバイトでなく犯罪」 長野県出身の都内の大学生、信濃学寮でセミナー,https://www.shinmai.co.jp/news/article/gf01daj4te629c62qgihl8s0,https://news.ceek.jp/search.cgi?category_id=local&feed=1,ok,,地方・地域
2026-09-13,2026-09-13T17:12:14.693144+09:00,その他メディア,,"日本海新聞, 大阪日日新聞",伯乃富士、新小結初日黒星,https://www.nnn.co.jp/articles/-/798060,https://news.ceek.jp/search.cgi?category_id=local&feed=1,ok,,地方・地域
2026-09-13,2026-09-13T17:12:14.693144+09:00,その他メディア,,日本テレビ,【中部電力】勝野会長が辞任へ 林社長も辞任する方向で調整 浜岡原発再稼働審査めぐる不正で引責,https://news.ntv.co.jp/category/society/sde1dd84946391480f9fcfd5b0fd967dd6,https://news.ceek.jp/search.cgi?category_id=local&feed=1,ok,,地方・地域
2026-09-13,2026-09-13T17:12:14.693144+09:00,その他メディア,,和歌山放送,【大相撲】秋場所開幕、千代雷山は白星発進/和歌山,https://news.wbs.co.jp/220050,https://news.ceek.jp/search.cgi?category_id=local&feed=1,ok,,地方・地域
2026-09-13,2026-09-13T17:12:14.693144+09:00,その他メディア,,北國新聞,海保のヘリ、新潟-小松を飛行中にネジ落下か 珠洲上空も通過 被害情報なし,https://www.hokkoku.co.jp/articles/-/2228742,https://news.ceek.jp/search.cgi?category_id=local&feed=1,ok,,地方・地域
2026-09-13,2026-09-13T17:12:14.693144+09:00,地方紙,広島,中国新聞,三次からつなぐ日台中の伝統文化、国重文住宅に法人設立 9月26、27日に広島県神石高原でイベント,https://www.chugoku-np.co.jp/articles/-/891899,https://news.ceek.jp/search.cgi?category_id=local&feed=1,ok,,地方・地域
2026-09-13,2026-09-13T17:12:14.693144+09:00,その他メディア,,TBSテレビ,「夫の足に包丁を突き当てた」暴力行為等処罰法違反の疑い 77歳の女を現行犯逮捕 女自ら110番通報 富山・高岡市,https://newsdig.tbs.co.jp/articles/-/2941385?display=1,https://news.ceek.jp/search.cgi?category_id=local&feed=1,ok,,地方・地域
2026-09-13,2026-09-13T17:12:14.693144+09:00,その他メディア,,徳島新聞,【イニング速報中】小松島ー鳴門 秋の高校野球徳島大会1回戦,https://www.topics.or.jp/articles/-/1490396,https://news.ceek.jp/search.cgi?category_id=local&feed=1,ok,,地方・地域
2026-09-13,2026-09-13T17:12:14.693144+09:00,その他メディア,,山陽新聞,【ヒットの舞台裏】丸五「たびりら」 独特のフォルムで履きやすく,https://www.sanyonews.jp/article/1986773/,https://news.ceek.jp/search.cgi?category_id=local&feed=1,ok,,地方・地域
2026-09-13,2026-09-13T17:12:14.693144+09:00,その他メディア,,徳島新聞,早明浦ダムの貯水率は?【13日午後5時点】,https://www.topics.or.jp/articles/-/1493207,https://news.ceek.jp/search.cgi?category_id=local&feed=1,ok,,地方・地域
2026-09-13,2026-09-13T17:12:14.693144+09:00,その他メディア,,TBSテレビ,山陽道上り笠岡IC付近で事故があり車線規制 1キロ渋滞も(13日17:10現在)【岡山】,https://newsdig.tbs.co.jp/articles/-/2941386?display=1,https://news.ceek.jp/search.cgi?category_id=local&feed=1,ok,,地方・地域
2026-09-13,2026-09-13T17:12:14.693144+09:00,その他メディア,,TBSテレビ,アーティストや芸人のステージ OBS感謝祭2日目もにぎわう 大分,https://newsdig.tbs.co.jp/articles/-/2941384?display=1,https://news.ceek.jp/search.cgi?category_id=local&feed=1,ok,,地方・地域
2026-09-13,2026-09-13T17:12:14.693144+09:00,その他メディア,,山梨日日新聞,ほぼ平年並みの最高気温 甲府28・1度,https://www.sannichi.co.jp/article/2026/09/13/80721842,https://news.ceek.jp/search.cgi?category_id=local&feed=1,ok,,地方・地域
2026-09-13,2026-09-13T17:12:14.693144+09:00,全国紙,全国,中日新聞,塩尻市長選 現新2人立候補(20日投開票),https://www.chunichi.co.jp/article/1302714,https://news.ceek.jp/search.cgi?category_id=local&feed=1,ok,,地方・地域
2026-09-13,2026-09-13T17:12:14.693144+09:00,その他メディア,,宮崎日日新聞,砂浜の上、鍛えた技競い合う 一ツ葉でビーチレスリング,https://www.the-miyanichi.co.jp/today/chiiki/1089482.html,https://news.ceek.jp/search.cgi?category_id=local&feed=1,ok,,地方・地域
2026-09-13,2026-09-13T17:12:14.693144+09:00,その他メディア,,愛媛新聞,女子ゴルフ 河本結は6アンダー7位 ソニー日本女子プロ選手権最終日,https://www.ehime-np.co.jp/article/news202609130152,https://news.ceek.jp/search.cgi?category_id=local&feed=1,ok,,地方・地域
2026-09-13,2026-09-13T17:12:14.693144+09:00,地方紙,兵庫,神戸新聞,秋季兵庫県高校野球大会の日程,https://www.kobe-np.co.jp/news/sports/koya/news/202609/0020796777.shtml,https://news.ceek.jp/search.cgi?category_id=local&feed=1,ok,,地方・地域
2026-09-13,2026-09-13T17:12:14.693144+09:00,地方紙,宮城,河北新報,きょう宮城・七ケ宿町長選挙 開票所からオンライン中継やります!,https://kahoku.news/articles/20260908khn000056.html,https://news.ceek.jp/search.cgi?category_id=local&feed=1,ok,,地方・地域
2026-09-13,2026-09-13T17:12:14.693144+09:00,その他メディア,,下野新聞,宇都宮は隠れた「タルトの街」? 洋菓子店など9店「マップ」企画、ポイント貯めると割引,https://www.shimotsuke.co.jp/articles/-/1409171,https://news.ceek.jp/search.cgi?category_id=local&feed=1,ok,,地方・地域
2026-09-13,2026-09-13T17:12:14.693144+09:00,その他メディア,,宮崎日日新聞,けがしない体づくり学ぶ 宮崎市スポ少児童ら研修、診断,https://www.the-miyanichi.co.jp/today/chiiki/1089476.html,https://news.ceek.jp/search.cgi?category_id=local&feed=1,ok,,地方・地域
2026-09-13,2026-09-13T17:12:14.693144+09:00,その他メディア,,徳島新聞,【イニング速報します】19日9時半から、鳴門渦潮ー城南 秋の高校野球徳島大会2回戦,https://www.topics.or.jp/articles/-/1490402,https://news.ceek.jp/search.cgi?category_id=local&feed=1,ok,,地方・地域
2026-09-13,2026-09-13T17:12:14.693144+09:00,その他メディア,,徳島新聞,【イニング速報します】19日9時半から、徳島商ー富岡西 秋の高校野球徳島大会2回戦,https://www.topics.or.jp/articles/-/1490405,https://news.ceek.jp/search.cgi?category_id=local&feed=1,ok,,地方・地域
2026-09-13,2026-09-13T17:12:14.693144+09:00,その他メディア,,徳島新聞,【イニング速報します】19日12時から、阿南光ー川島 秋の高校野球徳島大会2回戦,https://www.topics.or.jp/articles/-/1490410,https://news.ceek.jp/search.cgi?category_id=local&feed=1,ok,,地方・地域
2026-09-13,2026-09-13T17:12:14.693144+09:00,その他メディア,,徳島新聞,【イニング速報します】19日14時半から、生光学園ー海部 秋の高校野球徳島大会2回戦,https://www.topics.or.jp/articles/-/1490417,https://news.ceek.jp/search.cgi?category_id=local&feed=1,ok,,地方・地域
2026-09-13,2026-09-13T17:12:14.693144+09:00,その他メディア,,まいどなニュース,【ダイハツタフト】中古ならいくらで買える? おすすめ年式とグレードを予算別に解説,https://maidonanews.jp/article/16867711,https://news.ceek.jp/search.cgi?category_id=local&feed=1,ok,,地方・地域
2026-09-13,2026-09-13T17:12:14.693144+09:00,その他メディア,,大分合同新聞,【Gateインパクト】豆塚エリ・揺れながら生きる(1) 霧の中を歩く,https://www.oita-press.co.jp/1010000000/2026/09/13/JDC2026083101121,https://news.ceek.jp/search.cgi?category_id=local&feed=1,ok,,地方・地域
2026-09-13,2026-09-13T17:12:14.693144+09:00,その他メディア,,佐賀新聞,福祉避難所、佐賀県が運営支援 熊本地震で被災の氷川町 高齢者や障害者ら受け入れ 災害多発、重要性高まる,https://www.saga-s.co.jp/articles/-/1790490,https://news.ceek.jp/search.cgi?category_id=local&feed=1,ok,,地方・地域
2026-09-13,2026-09-13T17:12:14.693144+09:00,その他メディア,,フジテレビ,伐採作業中5メートル下の谷に転落し死亡【高知】,https://www.fnn.jp/articles/-/1113444,https://news.ceek.jp/search.cgi?category_id=local&feed=1,ok,,地方・地域
2026-09-13,2026-09-13T17:12:14.693144+09:00,その他メディア,,TBSテレビ,沖縄県知事選挙 期日前と当日を合わせた推計投票率が50%超 今夜、大勢判明へ,https://newsdig.tbs.co.jp/articles/-/2941373?display=1,https://news.ceek.jp/search.cgi?category_id=local&feed=1,ok,,地方・地域
2026-09-13,2026-09-13T17:12:14.693144+09:00,その他メディア,,山梨日日新聞,今週の予定(14~20日),https://www.sannichi.co.jp/article/2026/09/13/80721414,https://news.ceek.jp/search.cgi?category_id=local&feed=1,ok,,地方・地域
2026-09-13,2026-09-13T17:12:14.693144+09:00,地方紙,広島,中国新聞,<写真集>9月13日ヤクルト戦,https://www.chugoku-np.co.jp/articles/-/894141,https://news.ceek.jp/search.cgi?category_id=local&feed=1,ok,,地方・地域
2026-09-13,2026-09-13T17:12:14.693144+09:00,地方紙,福岡,西日本新聞,佐賀市で一般建物火災 川副町小々森 約3時間30分後に鎮火(9...,https://www.nishinippon.co.jp/item/1537610/,https://news.ceek.jp/search.cgi?category_id=local&feed=1,ok,,地方・地域
2026-09-13,2026-09-13T17:12:14.693144+09:00,その他メディア,,愛媛新聞,鬼北「奈良川のいもたき」今年も始まる だしは特産のキジ、100人舌鼓,https://www.ehime-np.co.jp/article/news202609130151,https://news.ceek.jp/search.cgi?category_id=local&feed=1,ok,,地方・地域
2026-09-13,2026-09-13T17:12:14.693144+09:00,その他メディア,,TBSテレビ,都城市の住宅街で面識のない男性を鉄パイプで殴りけがさせた疑い 男(72歳)を逮捕,https://newsdig.tbs.co.jp/articles/-/2941367?display=1,https://news.ceek.jp/search.cgi?category_id=local&feed=1,ok,,地方・地域
2026-09-13,2026-09-13T17:12:14.693144+09:00,その他メディア,,山梨日日新聞,関東高校野球県大会 北杜・韮崎-韮崎工の結果,https://www.sannichi.co.jp/article/2026/09/13/80721841,https://news.ceek.jp/search.cgi?category_id=local&feed=1,ok,,地方・地域
2026-09-13,2026-09-13T17:12:14.693144+09:00,その他メディア,,十勝毎日新聞,浦幌のアイヌ、伝統儀式でサケ豊漁願う,https://kachimai.jp/article/index.php?no=2026091300027,https://news.ceek.jp/search.cgi?category_id=local&feed=1,ok,,地方・地域
2026-09-13,2026-09-13T17:12:14.693144+09:00,地方紙,長野,信濃毎日新聞,長野市松代町、2地点で熊の目撃情報 注意呼びかけ,https://www.shinmai.co.jp/news/article/gf01daj589629c62qgihlb50,https://news.ceek.jp/search.cgi?category_id=local&feed=1,ok,,地方・地域
2026-09-13,2026-09-13T17:12:14.693144+09:00,その他メディア,,山形新聞,将棋全日本アマ名人戦、兵庫の天野さんが2度目の優勝,https://www.yamagata-np.jp/news/202609/13/kj_2026091300334.php,https://news.ceek.jp/search.cgi?category_id=local&feed=1,ok,,地方・地域
2026-09-13,2026-09-13T17:12:14.693144+09:00,全国紙,全国,中日新聞,なでしこ主将の成宮「初戦大事」 14日にタイ戦,https://www.chunichi.co.jp/article/1310777,https://news.ceek.jp/search.cgi?category_id=local&feed=1,ok,,地方・地域
2026-09-13,2026-09-13T17:12:14.693144+09:00,その他メディア,,TOKYO HEADLINE,JO1「新曲聴くの日和ってるやついる?」 2年ぶりのロッキンでアグレッシブな新曲初披露,https://www.tokyoheadline.com/871150/,https://news.ceek.jp/search.cgi?category_id=local&feed=1,ok,,地方・地域
2026-09-13,2026-09-13T17:12:14.693144+09:00,全国紙,全国,中日新聞,ソ7―4ロ(13日) ソフトバンクが6連勝,https://www.chunichi.co.jp/article/1310791,https://news.ceek.jp/search.cgi?category_id=local&feed=1,ok,,地方・地域
2026-09-13,2026-09-13T17:12:14.693144+09:00,その他メディア,,愛媛新聞,高校生、紙産業コースへ理解深める 四国中央・愛媛大センターで進学説明会,https://www.ehime-np.co.jp/article/news202609130150,https://news.ceek.jp/search.cgi?category_id=local&feed=1,ok,,地方・地域
2026-09-13,2026-09-13T17:12:14.693144+09:00,地方紙,福岡,西日本新聞,九州北部、前線停滞で13~14日に激しい雨の可能性 気象台が注意喚起,https://www.nishinippon.co.jp/item/1537608/,https://news.ceek.jp/search.cgi?category_id=local&feed=1,ok,,地方・地域
2026-09-13,2026-09-13T17:12:14.693144+09:00,その他メディア,,徳島新聞,美馬市長選 午後4時時点の投票率は24・40%,https://www.topics.or.jp/articles/-/1490875,https://news.ceek.jp/search.cgi?category_id=local&feed=1,ok,,地方・地域
2026-09-13,2026-09-13T17:12:14.693144+09:00,地方紙,広島,中国新聞,北朝鮮サッカー女子「優勝目標」,https://www.chugoku-np.co.jp/articles/-/894178,https://news.ceek.jp/search.cgi?category_id=local&feed=1,ok,,地方・地域
2026-09-13,2026-09-13T17:12:14.693144+09:00,地方紙,広島,中国新聞,ソ7―4ロ(13日),https://www.chugoku-np.co.jp/articles/-/894177,https://news.ceek.jp/search.cgi?category_id=local&feed=1,ok,,地方・地域
2026-09-13,2026-09-13T17:12:14.693144+09:00,その他メディア,,愛媛新聞,生け花の多彩な様式披露 華道家元池坊が松山で巡回講座,https://www.ehime-np.co.jp/article/news202609130149,https://news.ceek.jp/search.cgi?category_id=local&feed=1,ok,,地方・地域
2026-09-13,2026-09-13T17:12:14.693144+09:00,その他メディア,,福島民報,<速報>若元春、白熊は白星スタート 丹治黒星 大相撲秋場所初日,https://www.minpo.jp/articles/-/226522,https://news.ceek.jp/search.cgi?category_id=local&feed=1,ok,,地方・地域
2026-09-13,2026-09-13T17:12:14.693144+09:00,その他メディア,,TBSテレビ,坂本弁護士一家殺害事件 同僚などが当時1歳だった龍彦ちゃんを追悼 6年後に大町市で発見 「毎年ここに来て、風化させない」,https://newsdig.tbs.co.jp/articles/-/2941343?display=1,https://news.ceek.jp/search.cgi?category_id=local&feed=1,ok,,地方・地域
2026-09-13,2026-09-13T17:12:14.693144+09:00,地方紙,福岡,西日本新聞,ハンセン病元患者の「心の叫び」訴えた創作劇 鹿児島・伊集院高が...,https://www.nishinippon.co.jp/item/1537597/,https://news.ceek.jp/search.cgi?category_id=local&feed=1,ok,,地方・地域
2026-09-13,2026-09-13T17:12:14.693144+09:00,地方紙,京都,京都新聞,京都府福知山市が計画の「陸上競技場整備」断念 高額な地盤改良費の判明受け,https://www.kyoto-np.co.jp/articles/-/1789110,https://news.ceek.jp/search.cgi?category_id=local&feed=1,ok,,地方・地域
2026-09-13,2026-09-13T17:12:14.693144+09:00,その他メディア,,TBSテレビ,14日は岩手県内の在来線が大雨で運休や遅れの見込み,https://newsdig.tbs.co.jp/articles/-/2941342?display=1,https://news.ceek.jp/search.cgi?category_id=local&feed=1,ok,,地方・地域
2026-09-13,2026-09-13T17:12:14.693144+09:00,その他メディア,,福島民友新聞,大相撲初日 若元春の取組結果,https://www.minyu-net.com/news/detail/2026091316335754789,https://news.ceek.jp/search.cgi?category_id=local&feed=1,ok,,地方・地域
2026-09-13,2026-09-13T17:12:14.693144+09:00,その他メディア,,北日本新聞,まちなかに歌声響く 富山・グランドプラザで音返しフェス,https://webun.jp/articles/-/1092075,https://news.ceek.jp/search.cgi?category_id=local&feed=1,ok,,地方・地域
2026-09-13,2026-09-13T17:12:14.693144+09:00,地方紙,福岡,西日本新聞,ソフトバンクがVマジック6に 好調打線が3戦連続2桁安打&逆転...,https://www.nishinippon.co.jp/item/1537606/,https://news.ceek.jp/search.cgi?category_id=local&feed=1,ok,,地方・地域
2026-09-13,2026-09-13T17:12:14.693144+09:00,その他メディア,,和歌山放送,和歌山市、プレミアム付き商品券申し込み受付中,https://news.wbs.co.jp/220046,https://news.ceek.jp/search.cgi?category_id=local&feed=1,ok,,地方・地域
2026-09-13,2026-09-13T17:12:14.693144+09:00,地方紙,広島,中国新聞,9月13日公示,https://www.chugoku-np.co.jp/articles/-/894173,https://news.ceek.jp/search.cgi?category_id=local&feed=1,ok,,地方・地域
2026-09-13,2026-09-13T17:12:14.693144+09:00,その他メディア,,TBSテレビ,「すばらしい合唱ができた」コンクールで息の合った歌声を披露 宮城・大和町,https://newsdig.tbs.co.jp/articles/-/2941337?display=1,https://news.ceek.jp/search.cgi?category_id=local&feed=1,ok,,地方・地域
2026-09-13,2026-09-13T17:12:14.693144+09:00,その他メディア,,愛媛新聞,[愛媛MP情報]13日ソフトバンク3軍戦は雨天中止、代替試合はなし,https://www.ehime-np.co.jp/article/news202609130148,https://news.ceek.jp/search.cgi?category_id=local&feed=1,ok,,地方・地域
2026-09-13,2026-09-13T17:12:14.693144+09:00,その他メディア,,福井新聞,秋の高校野球福井大会2026、9月12日、13日の1回戦結果まとめ,https://www.fukuishimbun.co.jp/articles/-/2697092,https://news.ceek.jp/search.cgi?category_id=local&feed=1,ok,,地方・地域
2026-09-13,2026-09-13T22:57:37.726680+09:00,全国紙,全国,読売新聞,,,,skipped,robots.txtが一般クローラー/AI系UAを名指しで包括的にDisallow。2024年1月のToS改定で自動収集・生成AI学習目的の収集を明示的に禁止しているため、自動取得の対象外とする。,
2026-09-13,2026-09-13T22:57:37.726680+09:00,全国紙,全国,朝日新聞,悠仁さま、初めて東北の震災遺構に 質問通して津波の威力確かめる,http://www.asahi.com/articles/ASV9F3FM4V9FUTIL00RM.html,https://www.asahi.com/rss/asahi/newsheadlines.rdf,ok,,社会
2026-09-13,2026-09-13T22:57:37.726680+09:00,全国紙,全国,朝日新聞,新三役の藤ノ川が難敵・義ノ富士から初白星 大相撲秋場所初日,http://www.asahi.com/articles/ASV9F3TQNV9FUTQP00TM.html,https://www.asahi.com/rss/asahi/newsheadlines.rdf,ok,,スポーツ
2026-09-13,2026-09-13T22:57:37.726680+09:00,全国紙,全国,朝日新聞,アメフトXリーグで試合ボイコット オービックの違反巡り相手が反発,http://www.asahi.com/articles/ASV9F3S93V9FUTQP01PM.html,https://www.asahi.com/rss/asahi/newsheadlines.rdf,ok,,スポーツ
2026-09-13,2026-09-13T22:57:37.726680+09:00,全国紙,全国,朝日新聞,周東が欠場のソフトバンク 川村がしっかり「代役」果たし6連勝,http://www.asahi.com/articles/ASV9F3FCWV9FUTQP003M.html,https://www.asahi.com/rss/asahi/newsheadlines.rdf,ok,,スポーツ
2026-09-13,2026-09-13T22:57:37.726680+09:00,全国紙,全国,朝日新聞,中部電力の社長と会長、辞任の方向 浜岡原発のデータ不正問題で引責,http://www.asahi.com/articles/ASV9F2H73V9FULFA002M.html,https://www.asahi.com/rss/asahi/newsheadlines.rdf,ok,,ビジネス
2026-09-13,2026-09-13T22:57:37.726680+09:00,全国紙,全国,朝日新聞,沖縄県知事選で古謝玄太氏が当選確実 辺野古容認、初の復帰後生まれ,http://www.asahi.com/articles/ASV9F1QYLV9FTPOB004M.html,https://www.asahi.com/rss/asahi/newsheadlines.rdf,ok,,政治
2026-09-13,2026-09-13T22:57:37.726680+09:00,全国紙,全国,朝日新聞,投票で重視「経済」が最多50%、基地は21% 沖縄知事選出口調査,http://www.asahi.com/articles/ASV9F3QW0V9FOXIE03WM.html,https://www.asahi.com/rss/asahi/newsheadlines.rdf,ok,,政治
2026-09-13,2026-09-13T22:57:37.726680+09:00,全国紙,全国,朝日新聞,「沖縄の保守」像を塗り替えた知事選 異例ずくめの現場で見えたもの,http://www.asahi.com/articles/ASV9D447TV9DUTIL002M.html,https://www.asahi.com/rss/asahi/newsheadlines.rdf,ok,,政治
2026-09-13,2026-09-13T22:57:37.726680+09:00,全国紙,全国,朝日新聞,古謝氏が初当選確実に、その意味は 沖縄県知事選、那覇総局長が解説,http://www.asahi.com/articles/ASV9F1BYCV9FTPOB004M.html,https://www.asahi.com/rss/asahi/newsheadlines.rdf,ok,,政治
2026-09-13,2026-09-13T22:57:37.726680+09:00,全国紙,全国,毎日新聞,古謝氏は何を語った? 「寛容性」と「決断力」で県民に向き合う,https://mainichi.jp/articles/20260913/k00/00m/010/136000c,https://mainichi.jp/rss/etc/mainichi-flash.rss,ok,,ニュース
2026-09-13,2026-09-13T22:57:37.726680+09:00,全国紙,全国,毎日新聞,中国、BRICS向けにAIオープンソースコミュニティー設立へ,https://mainichi.jp/articles/20260913/k00/00m/030/137000c,https://mainichi.jp/rss/etc/mainichi-flash.rss,ok,,ニュース
2026-09-13,2026-09-13T22:57:37.726680+09:00,全国紙,全国,毎日新聞,「結束」演出のBRICS 裏で加盟国間の対立も 首脳会議閉幕,https://mainichi.jp/articles/20260913/k00/00m/030/126000c,https://mainichi.jp/rss/etc/mainichi-flash.rss,ok,,ニュース
2026-09-13,2026-09-13T22:57:37.726680+09:00,全国紙,全国,毎日新聞,「勝利で政権基盤はより安定」 自民・鈴木幹事長、沖縄知事選,https://mainichi.jp/articles/20260913/k00/00m/010/132000c,https://mainichi.jp/rss/etc/mainichi-flash.rss,ok,,ニュース
2026-09-13,2026-09-13T22:57:37.726680+09:00,全国紙,全国,毎日新聞,高校日本代表、6回目V逃す 韓国に敗れる U18アジア選手権,https://mainichi.jp/articles/20260913/k00/00m/050/099000c,https://mainichi.jp/rss/etc/mainichi-flash.rss,ok,,ニュース
2026-09-13,2026-09-13T22:57:37.726680+09:00,全国紙,全国,毎日新聞,バレー推し:エース頼みから脱却 個の力示した14人 バレー男子日本代表,https://mainichi.jp/articles/20260913/k00/00m/050/110000c,https://mainichi.jp/rss/etc/mainichi-flash.rss,ok,,ニュース
2026-09-13,2026-09-13T22:57:37.726680+09:00,全国紙,全国,毎日新聞,バレー推し:帰ってきた「お父さん」 五輪出場に導いた深津英臣 拭った悪夢,https://mainichi.jp/articles/20260913/k00/00m/050/071000c,https://mainichi.jp/rss/etc/mainichi-flash.rss,ok,,ニュース
2026-09-13,2026-09-13T22:57:37.726680+09:00,全国紙,全国,毎日新聞,落選確実の玉城氏は「結果を受け止めるのが民意」 沖縄知事選,https://mainichi.jp/articles/20260913/k00/00m/010/115000c,https://mainichi.jp/rss/etc/mainichi-flash.rss,ok,,ニュース
2026-09-13,2026-09-13T22:57:37.726680+09:00,全国紙,全国,毎日新聞,バレー男子日本代表がアジア選手権2連覇、ロス五輪の出場権獲得,https://mainichi.jp/articles/20260913/k00/00m/050/061000c,https://mainichi.jp/rss/etc/mainichi-flash.rss,ok,,ニュース
2026-09-13,2026-09-13T22:57:37.726680+09:00,全国紙,全国,毎日新聞,当選確実の古謝氏「敬意表し、県政を前に進める」 沖縄知事選,https://mainichi.jp/articles/20260913/k00/00m/010/114000c,https://mainichi.jp/rss/etc/mainichi-flash.rss,ok,,ニュース
2026-09-13,2026-09-13T22:57:37.726680+09:00,全国紙,全国,毎日新聞,悠仁さま、初めて東日本大震災の被災地訪問 秋篠宮さまと共に,https://mainichi.jp/articles/20260913/k00/00m/040/097000c,https://mainichi.jp/rss/etc/mainichi-flash.rss,ok,,ニュース
2026-09-13,2026-09-13T22:57:37.726680+09:00,全国紙,全国,毎日新聞,沖縄知事選2026:玉城氏は「基地問題」ばかり? 沖縄知事選、県民が刷新求めた背景,https://mainichi.jp/articles/20260913/k00/00m/010/095000c,https://mainichi.jp/rss/etc/mainichi-flash.rss,ok,,ニュース
2026-09-13,2026-09-13T22:57:37.726680+09:00,全国紙,全国,毎日新聞,マラソン完走に東大県人会設立...古謝玄太氏ってどんな人?,https://mainichi.jp/articles/20260913/k00/00m/010/025000c,https://mainichi.jp/rss/etc/mainichi-flash.rss,ok,,ニュース
2026-09-13,2026-09-13T22:57:37.726680+09:00,全国紙,全国,毎日新聞,沖縄県知事選 高市政権支援の新人、古謝氏が初当選確実,https://mainichi.jp/articles/20260912/k00/00m/010/097000c,https://mainichi.jp/rss/etc/mainichi-flash.rss,ok,,ニュース
2026-09-13,2026-09-13T22:57:37.726680+09:00,全国紙,全国,毎日新聞,沖縄知事選2026:「経済進めて」「保守化に歯止めを」 沖縄の有権者、託した1票,https://mainichi.jp/articles/20260913/k00/00m/010/096000c,https://mainichi.jp/rss/etc/mainichi-flash.rss,ok,,ニュース
2026-09-13,2026-09-13T22:57:37.726680+09:00,全国紙,全国,毎日新聞,インドネシアでフェリー転覆 6人死亡、136人の捜索続く,https://mainichi.jp/articles/20260913/k00/00m/030/104000c,https://mainichi.jp/rss/etc/mainichi-flash.rss,ok,,ニュース
2026-09-13,2026-09-13T22:57:37.726680+09:00,全国紙,全国,毎日新聞,軍が解任しても続投のミャンマー国連大使 親軍政権が圧力,https://mainichi.jp/articles/20260913/k00/00m/030/094000c,https://mainichi.jp/rss/etc/mainichi-flash.rss,ok,,ニュース
2026-09-13,2026-09-13T22:57:37.726680+09:00,全国紙,全国,毎日新聞,学生音コン東京予選 バイオリン部門・小学校の部 16人が本選へ,https://mainichi.jp/articles/20260913/k00/00m/200/092000c,https://mainichi.jp/rss/etc/mainichi-flash.rss,ok,,ニュース
2026-09-13,2026-09-13T22:57:37.726680+09:00,全国紙,全国,毎日新聞,AIが世界に危険及ぼす? 米アンソロピック「開発減速」呼びかけ,https://mainichi.jp/articles/20260913/k00/00m/020/091000c,https://mainichi.jp/rss/etc/mainichi-flash.rss,ok,,ニュース
2026-09-13,2026-09-13T22:57:37.726680+09:00,全国紙,全国,日本経済新聞,,,,skipped,公式無料RSSなし。著作権ページで自動収集を明確に禁止しているため、自動取得の対象外とする。,
2026-09-13,2026-09-13T22:57:37.726680+09:00,全国紙,全国,産経新聞,沖縄知事に初当選の古謝氏「沖縄を前に進めていく」 本土復帰後に生まれた初の知事に,https://www.sankei.com/article/20260913-YTRNG6GMHZJVDOMLXCFGRMFYPI/,https://www.sankei.com/,ok,,
2026-09-13,2026-09-13T22:57:37.726680+09:00,全国紙,全国,産経新聞,自民・西村氏「下地氏の英断で勝利への流れ」 高市首相の沖縄入り「当初から予定ない」,https://www.sankei.com/article/20260913-S2PFYRYTGRD3LASXMY7U33LS7U/,https://www.sankei.com/,ok,,
2026-09-13,2026-09-13T22:57:37.726680+09:00,全国紙,全国,産経新聞,2連覇でロス五輪切符獲得の日本、石川祐希の不調を全員でカバー バレー男子アジア選手権,https://www.sankei.com/article/20260913-VP5HTXN64NMCTJ3MHC3AWMIZCM/,https://www.sankei.com/,ok,,
2026-09-13,2026-09-13T22:57:37.726680+09:00,全国紙,全国,産経新聞,反辺野古固執「オール沖縄」県政の終焉、玉城氏の言動に批判も 沖縄知事選で地殻変動,https://www.sankei.com/article/20260913-QJL7VLTCK5NFXBNJCLF3IAGNGM/,https://www.sankei.com/,ok,,
2026-09-13,2026-09-13T22:57:37.726680+09:00,全国紙,全国,産経新聞,田中希実「負け癖脱却のきっかけに」 800メートルで5年ぶり自己新、アジア大会へ弾み,https://www.sankei.com/article/20260913-DCF2CXR3GJKQHJGFIHCK2K6SFM/,https://www.sankei.com/,ok,,
2026-09-13,2026-09-13T22:57:37.726680+09:00,全国紙,全国,産経新聞,朝乃山が一山本から白星「この日をずっと待っていた」 大相撲秋場所初日,https://www.sankei.com/article/20260913-NR2RKXQUCRO7FBFS6PJIZJ7JGA/,https://www.sankei.com/,ok,,
2026-09-13,2026-09-13T22:57:37.726680+09:00,全国紙,全国,産経新聞,沖縄県知事選、保守系新人の古謝玄太氏の初当選確実 現職の玉城デニー氏ら破る,https://www.sankei.com/article/20260913-2VWWXJZE6ZK5PMYJ6JI2UEHWL4/,https://www.sankei.com/,ok,,
2026-09-13,2026-09-13T22:57:37.726680+09:00,全国紙,全国,産経新聞,ケーキ店女性店主の死因は全身やけどと判明、外傷は確認されず 岐阜の5人死傷火災,https://www.sankei.com/article/20260913-OOHQCMHSFNJLBA35TFWZD5ZMSI/,https://www.sankei.com/,ok,,
2026-09-13,2026-09-13T22:57:37.726680+09:00,全国紙,全国,産経新聞,バレー男子がロス五輪の出場権を獲得 東京から3大会連続切符 アジア選手権で優勝,https://www.sankei.com/article/20260913-PEZUX74CCZJQNPJRXU2HID4HSQ/,https://www.sankei.com/,ok,,
2026-09-13,2026-09-13T22:57:37.726680+09:00,全国紙,全国,産経新聞,「政権基盤の安定」強調 自民・鈴木幹事長,https://www.sankei.com/article/20260913-Q45IBYCYGJOFVMNT63SJI4PSXE/,https://www.sankei.com/,ok,,
2026-09-13,2026-09-13T22:57:37.726680+09:00,全国紙,全国,産経新聞,追徴税納付済みと総持院 申告漏れ指摘受け,https://www.sankei.com/article/20260913-JC4AZTJCXJKS7IBSVBPORZKDLE/,https://www.sankei.com/,ok,,
2026-09-13,2026-09-13T22:57:37.726680+09:00,全国紙,全国,産経新聞,日本、決勝で韓国に敗戦 野球U―18選手権,https://www.sankei.com/article/20260913-LWWVC4YV3ZNC7E4VBJLMPM754U/,https://www.sankei.com/,ok,,
2026-09-13,2026-09-13T22:57:37.726680+09:00,全国紙,全国,東京新聞,自民が「最後の砦」を攻略...沖縄県知事選挙「勝利」の意味は 古謝玄太氏が玉城デニー氏らを破る,https://www.tokyo-np.co.jp/article/515004,https://www.tokyo-np.co.jp/,ok,,
2026-09-13,2026-09-13T22:57:37.726680+09:00,全国紙,全国,東京新聞,沖縄知事に自民系古謝氏が当確 辺野古容認へ12年ぶり転換,https://www.tokyo-np.co.jp/article/515292,https://www.tokyo-np.co.jp/,ok,,
2026-09-13,2026-09-13T22:57:37.726680+09:00,全国紙,全国,東京新聞,原発不正の中部電力、社長も辞意 浜岡の耐震データ、会長と引責,https://www.tokyo-np.co.jp/article/515273,https://www.tokyo-np.co.jp/,ok,,
2026-09-13,2026-09-13T22:57:37.726680+09:00,全国紙,全国,東京新聞,バレー男子がロス五輪へ アジア選手権Vで出場権,https://www.tokyo-np.co.jp/article/515304,https://www.tokyo-np.co.jp/,ok,,
2026-09-13,2026-09-13T22:57:37.726680+09:00,全国紙,全国,東京新聞,特攻の美化は「命の大切さの理解が浅い」 出撃見送った86歳が伝える「特攻兵の叫び」,https://www.tokyo-np.co.jp/article/513813,https://www.tokyo-np.co.jp/,ok,,
2026-09-13,2026-09-13T22:57:37.726680+09:00,全国紙,全国,東京新聞,山下美夢有が日本女子プロ初優勝 日本ツアー2年ぶり14勝目,https://www.tokyo-np.co.jp/article/515259,https://www.tokyo-np.co.jp/,ok,,
2026-09-13,2026-09-13T22:57:37.726680+09:00,全国紙,全国,中日新聞,安藤美姫さんからアジア大会聖火引き継ぎ「地元のスターと交流できるなんて」 パラ卓球の日本代表目指す19歳,https://www.chunichi.co.jp/article/1310818,https://www.chunichi.co.jp/,ok,,
2026-09-13,2026-09-13T22:57:37.726680+09:00,全国紙,全国,中日新聞,中部電力新社長に安井稔取締役の見通し 勝野哲会長と林欣吾社長は引責辞任へ,https://www.chunichi.co.jp/article/1310866,https://www.chunichi.co.jp/,ok,,
2026-09-13,2026-09-13T22:57:37.726680+09:00,全国紙,全国,中日新聞,沖縄知事に自民系古謝氏が当確 辺野古容認へ12年ぶり転換,https://www.chunichi.co.jp/article/1310845,https://www.chunichi.co.jp/,ok,,
2026-09-13,2026-09-13T22:57:37.726680+09:00,全国紙,全国,中日新聞,日本、韓国に敗れ2位通過 アジア大会・バスケットボール男子1次リーグ,https://www.chunichi.co.jp/article/1310855,https://www.chunichi.co.jp/,ok,,
2026-09-13,2026-09-13T22:57:37.726680+09:00,全国紙,全国,中日新聞,中央道下り線の飯田山本IC―中津川ICで通行止め 接触事故確認のため車降りた男性はねられ重体,https://www.chunichi.co.jp/article/1310858,https://www.chunichi.co.jp/,ok,,
2026-09-13,2026-09-13T22:57:37.726680+09:00,全国紙,全国,中日新聞,愛知県大治町長選挙、前副町長の横井良隆さんが初当選 林健児さんとの新人同士の一騎打ち制す,https://www.chunichi.co.jp/article/1310888,https://www.chunichi.co.jp/,ok,,
2026-09-13,2026-09-13T22:57:37.726680+09:00,全国紙,全国,中日新聞,聖火リレー、名古屋市内8区で実施【13日のランナーの集合写真】,https://www.chunichi.co.jp/article/1310841,https://www.chunichi.co.jp/,ok,,
2026-09-13,2026-09-13T22:57:37.726680+09:00,全国紙,全国,中日新聞,中日・松山晋也が28セーブ目 阪神の強力クリーンアップを3人斬り「やるべきことをやって抑えただけ」,https://www.chunichi.co.jp/article/1310893,https://www.chunichi.co.jp/,ok,,
2026-09-13,2026-09-13T22:57:37.726680+09:00,全国紙,全国,中日新聞,聖火リレー「一生に一度の経験で光栄」【12日のランナーの集合写真、動画】,https://www.chunichi.co.jp/article/1310421,https://www.chunichi.co.jp/,ok,,video
2026-09-13,2026-09-13T22:57:37.726680+09:00,全国紙,全国,中日新聞,難工事を乗り越え生まれたモスク「国籍を超えてつながる場に」 津島アヤソフィヤジャーミィ,https://www.chunichi.co.jp/article/1310592,https://www.chunichi.co.jp/,ok,,tag_photo
2026-09-13,2026-09-13T22:57:37.726680+09:00,地方紙,北海道,北海道新聞,,,,skipped,公式RSSはあるが、見出し・本文の公開(再配信)を認めない旨の規約があるため自動取得の対象外とする。,
2026-09-13,2026-09-13T22:57:37.726680+09:00,地方紙,宮城,河北新報,,,,skipped,robots.txtが/rss/をDisallowしておりRSS購読不可。私的利用限定・二次利用禁止の規約があるため自動取得の対象外とする。,
2026-09-13,2026-09-13T22:57:37.726680+09:00,地方紙,新潟,新潟日報,,,,skipped,利用規約でデータマイニング・テキストマイニング・AI学習目的の情報処理・解析利用を明示的に禁止しているため自動取得の対象外とする。,
2026-09-13,2026-09-13T22:57:37.726680+09:00,地方紙,長野,信濃毎日新聞,信州開催へ弾み V酒井「最高のレース」 2位瀬戸、笑顔絶えず トライアスロン成年女子【青森国スポ】09/13 19:05,https://www.shinmai.co.jp/news/article/gf01daj73pm29c62qgihlks0,https://www.shinmai.co.jp/,ok,,
2026-09-13,2026-09-13T22:57:37.726680+09:00,地方紙,長野,信濃毎日新聞,塩尻市の未来、現新2氏が訴え 市長選告示、それぞれ遊説へ09/13 18:26,https://www.shinmai.co.jp/news/article/gf01daj6e17scpf4olnjivng,https://www.shinmai.co.jp/,ok,,
2026-09-13,2026-09-13T22:57:37.726680+09:00,地方紙,長野,信濃毎日新聞,3AC長野・小林監督「時間とともにスピード上がり点を取れ良かった」 栃木SC戦後の談話,https://www.shinmai.co.jp/news/article/gf01daj9isvscpf4olnjjjh0,https://www.shinmai.co.jp/,ok,,
2026-09-13,2026-09-13T22:57:37.726680+09:00,地方紙,長野,信濃毎日新聞,4山雅・石崎監督「勢い良く攻め込まれた残念なゲーム」 相模原戦後の談話,https://www.shinmai.co.jp/news/article/gf01daj8pmfscpf4olnjjdh0,https://www.shinmai.co.jp/,ok,,
2026-09-13,2026-09-13T22:57:37.726680+09:00,地方紙,長野,信濃毎日新聞,7剣道の全日本東西対抗大会、長野市で熱戦 県勢3人も出場,https://www.shinmai.co.jp/news/article/gf01daj7ch629c62qgihlmkg,https://www.shinmai.co.jp/,ok,,
2026-09-13,2026-09-13T22:57:37.726680+09:00,地方紙,長野,信濃毎日新聞,9長野県内ふるさと納税「最終収支」、赤字は4自治体【全市町村のデータ掲載】,https://www.shinmai.co.jp/news/article/gf01dafmgk5ttbkcu3kr82kg,https://www.shinmai.co.jp/,ok,,
2026-09-13,2026-09-13T22:57:37.726680+09:00,地方紙,長野,信濃毎日新聞,10もやもや晴れない山雅 4戦ぶり無失点に見えた光 高野「ここを始まりに」,https://www.shinmai.co.jp/news/article/gf01dae1ousvl121or8420eg,https://www.shinmai.co.jp/,ok,,
2026-09-13,2026-09-13T22:57:37.726680+09:00,地方紙,静岡,静岡新聞,,,https://www.at-s.com/,error,405 Client Error: Not Allowed for url: https://www.at-s.com/,
2026-09-13,2026-09-13T22:57:37.726680+09:00,地方紙,京都,京都新聞,速報敗北は県民の選択と玉城デニー氏,https://www.kyoto-np.co.jp/articles/-/1790044,https://www.kyoto-np.co.jp/,ok,,
2026-09-13,2026-09-13T22:57:37.726680+09:00,地方紙,京都,京都新聞,【速報】京都府、あす14日に警報級大雨の可能性 14~15日、急な雷雨や激しい突風の恐れ18:00地域京都地方気象台は13日夕、落雷と突風に関する気象情報や早期注意情報を発表し、京都府は14日昼過ぎ~15日にかけて大気の状態が非常に不安定に...,https://www.kyoto-np.co.jp/articles/-/1789960,https://www.kyoto-np.co.jp/,ok,,
2026-09-13,2026-09-13T22:57:37.726680+09:00,地方紙,兵庫,神戸新聞,【速報】サッカー関西リーグ1部、バサラ兵庫が初優勝 神戸市西区が拠点,https://www.kobe-np.co.jp/news/sports/202609/0020816743.shtml,https://www.kobe-np.co.jp/,ok,,
2026-09-13,2026-09-13T22:57:37.726680+09:00,地方紙,兵庫,神戸新聞,朝来の地域おこし隊、元教員の宮本直子さんが就任 母親の生まれ故郷で観光振興に挑戦,https://www.kobe-np.co.jp/news/tajima/202609/0020815888.shtml,https://www.kobe-np.co.jp/,ok,,
2026-09-13,2026-09-13T22:57:37.726680+09:00,地方紙,兵庫,神戸新聞,丹波の2児童、ピアノ全国大会で好演 近藤さん「緊張した」𠮷竹さん「さらに上を目指す」,https://www.kobe-np.co.jp/news/tanba/202609/0020815885.shtml,https://www.kobe-np.co.jp/,ok,,
2026-09-13,2026-09-13T22:57:37.726680+09:00,地方紙,兵庫,神戸新聞,全日本実業団陸上、田中希実が大会新記録で優勝 女子800m,https://www.kobe-np.co.jp/news/sports/202609/0020816151.shtml,https://www.kobe-np.co.jp/,ok,,
2026-09-13,2026-09-13T22:57:37.726680+09:00,地方紙,兵庫,神戸新聞,復活のハードラー、梅原の進化止まらず 実業団陸上・女子400m障害で5度目の栄冠,https://www.kobe-np.co.jp/news/sports/202609/0020816201.shtml,https://www.kobe-np.co.jp/,ok,,
2026-09-13,2026-09-13T22:57:37.726680+09:00,地方紙,兵庫,神戸新聞,「小銭落ちてる」男性がかがんだ隙に財布盗む? 伊丹のパチンコ店ですり容疑、男逮捕,https://www.kobe-np.co.jp/news/jiken/202609/0020816572.shtml,https://www.kobe-np.co.jp/,ok,,
2026-09-13,2026-09-13T22:57:37.726680+09:00,地方紙,兵庫,神戸新聞,国民スポーツ大会、400mメドレーリレー兵庫4位 競泳・成年女子,https://www.kobe-np.co.jp/news/sports/202609/0020816138.shtml,https://www.kobe-np.co.jp/,ok,,
2026-09-13,2026-09-13T22:57:37.726680+09:00,地方紙,兵庫,神戸新聞,「はばタンペイプラス」第6弾発行へ 全県民が対象、プレミアム率は25%,https://www.kobe-np.co.jp/news/society/202609/0020809499.shtml,https://www.kobe-np.co.jp/,ok,,
2026-09-13,2026-09-13T22:57:37.726680+09:00,地方紙,兵庫,神戸新聞,変わるJR神戸駅前、にぎわい復活なるか 開業150年超 「楠公さん」模した大屋根、地下駐輪場を整備,https://www.kobe-np.co.jp/news/society/202609/0020783088.shtml,https://www.kobe-np.co.jp/,ok,,
2026-09-13,2026-09-13T22:57:37.726680+09:00,地方紙,広島,中国新聞,,,,skipped,利用規約でAI開発目的のディープラーニング等の情報処理・解析利用を明示的に禁止しているため自動取得の対象外とする。,
2026-09-13,2026-09-13T22:57:37.726680+09:00,地方紙,福岡,西日本新聞,,,,skipped,公式RSSはあるが、利用規約でAI学習目的の情報処理・解析利用を明示的に禁止しているため自動取得の対象外とする。,
2026-09-13,2026-09-13T22:57:37.726680+09:00,地方紙,熊本,熊本日日新聞,マルク・マルケスが今季5勝目,https://kumanichi.com/articles/2035535,https://kumanichi.com/rss.xml,ok,,
2026-09-13,2026-09-13T22:57:37.726680+09:00,地方紙,熊本,熊本日日新聞,神0―1中(13日),https://kumanichi.com/articles/2035527,https://kumanichi.com/rss.xml,ok,,
2026-09-13,2026-09-13T22:57:37.726680+09:00,地方紙,熊本,熊本日日新聞,追徴税納付済みと総持院,https://kumanichi.com/articles/2035534,https://kumanichi.com/rss.xml,ok,,
2026-09-13,2026-09-13T22:57:37.726680+09:00,地方紙,熊本,熊本日日新聞,朝の上通で村上選手のホームラン見よう! 16日から米大リーグ中継観戦イベント 熊本市,https://kumanichi.com/articles/2035483,https://kumanichi.com/rss.xml,ok,,
2026-09-13,2026-09-13T22:57:37.726680+09:00,地方紙,熊本,熊本日日新聞,<2026年熊本地震>断水か濁り水供給か...その時、熊本市上下水道局の判断は? 地震の揺れで地下水脈に砂舞う 最大6万1千戸に影響,https://kumanichi.com/articles/2035023,https://kumanichi.com/rss.xml,ok,,
2026-09-13,2026-09-13T22:57:37.726680+09:00,地方紙,熊本,熊本日日新聞,バレー男子がロス五輪へ,https://kumanichi.com/articles/2035518,https://kumanichi.com/rss.xml,ok,,
2026-09-13,2026-09-13T22:57:37.726680+09:00,地方紙,熊本,熊本日日新聞,バレー男子日本、五輪出場権獲得 アジア選手権制す 宮浦(鎮西高出)も貢献,https://kumanichi.com/articles/2035528,https://kumanichi.com/rss.xml,ok,,
2026-09-13,2026-09-13T22:57:37.726680+09:00,地方紙,熊本,熊本日日新聞,沖縄知事に自民系古謝氏が当確,https://kumanichi.com/articles/2035504,https://kumanichi.com/rss.xml,ok,,
2026-09-13,2026-09-13T22:57:37.726680+09:00,地方紙,熊本,熊本日日新聞,卓球、佐藤瞳が日本勢対決制しV,https://kumanichi.com/articles/2035526,https://kumanichi.com/rss.xml,ok,,
2026-09-13,2026-09-13T22:57:37.726680+09:00,地方紙,熊本,熊本日日新聞,張本美和、中国選手破り優勝,https://kumanichi.com/articles/2035525,https://kumanichi.com/rss.xml,ok,,
2026-09-13,2026-09-13T22:57:37.726680+09:00,地方紙,鹿児島,南日本新聞,【速報】J3鹿児島ユナイテッド、今季初のリーグ3連勝 敵地で滋賀に2-1明治安田J3は13日、第6節があった。鹿児島ユナイテッドFCは滋賀県彦根市の平和堂HATOスタジアムで滋賀に2-1で勝ち、今季初のリーグ3連勝とした。 次節は19日、鹿児島市の白波スタジアムで栃木SCと戦う。9月13日 20:32,https://373news.com/news/local/detail/239526/,https://373news.com/,ok,,local
2026-09-13,2026-09-13T22:57:37.726680+09:00,地方紙,鹿児島,南日本新聞,結成25年、姶良・霧島の70代アマチュア歌謡バンド「ブルーレイズ」――23日、加治木での初ホール公演に向け練習に熱9月13日 20:30,https://373news.com/news/local/detail/239484/,https://373news.com/,ok,,local
2026-09-13,2026-09-13T22:57:37.726680+09:00,地方紙,鹿児島,南日本新聞,災害関連死は直接死の4倍超 「助かった命を守りたい」 車中泊避難者を毎晩訪ねるスタッフの思い(連載「被災地は問う 熊本地震1カ月」3)9月13日 19:30,https://373news.com/news/local/detail/239218/,https://373news.com/,ok,,local
2026-09-13,2026-09-13T22:57:37.726680+09:00,地方紙,鹿児島,南日本新聞,屋久島町の殺人疑い 84歳の男を鹿児島地検に送検...男は「事件のことはよくわからない」9月13日 18:40,https://373news.com/news/local/detail/239525/,https://373news.com/,ok,,local
2026-09-13,2026-09-13T22:57:37.726680+09:00,地方紙,鹿児島,南日本新聞,バレー男子がロス五輪へ アジア選手権Vで出場権9月13日 21:17,https://373news.com/news/national/detail/2026091301000810/,https://373news.com/,ok,,national
2026-09-13,2026-09-13T22:57:37.726680+09:00,地方紙,鹿児島,南日本新聞,沖縄知事に自民系古謝氏が当確 辺野古容認へ12年ぶり転換9月13日 20:00,https://373news.com/news/national/detail/2026091301000712/,https://373news.com/,ok,,national
2026-09-13,2026-09-13T22:57:37.726680+09:00,地方紙,沖縄,琉球新報,,,,skipped,利用規約で複製・複写・送信・頒布・蓄積・転載等を会社の承認なく行うことを広範に禁止しているため自動取得の対象外とする。,
2026-09-13,2026-09-13T22:57:37.726680+09:00,地方紙,沖縄,沖縄タイムス,【速報】沖縄知事選、42歳の古謝玄太氏が初当選確実 経済前面・辺野古容認 現職の玉城デニー氏破る9月13日 20:00沖縄県知事選第15回沖縄県知事選は13日投開票され、新人で元那覇市副市長の古謝玄太氏(42)=自民、維新、国民、参政、保守、公明県本推薦=が当選を確実にした。3期目を目指した現職の玉城デニー氏(66)は及ばなかった。,https://www.okinawatimes.co.jp/articles/-/1923086,https://www.okinawatimes.co.jp/,ok,,
2026-09-13,2026-09-13T22:57:37.726680+09:00,地方紙,沖縄,沖縄タイムス,伊江村議選10人が当選【沖縄統一地方選 2026】22:49#統一地方選,https://www.okinawatimes.co.jp/articles/-/1923178,https://www.okinawatimes.co.jp/,ok,,
2026-09-13,2026-09-13T22:57:37.726680+09:00,地方紙,沖縄,沖縄タイムス,与那国町議選 10人が当選【沖縄統一地方選 2026】22:45#統一地方選,https://www.okinawatimes.co.jp/articles/-/1923174,https://www.okinawatimes.co.jp/,ok,,
2026-09-13,2026-09-13T22:57:37.726680+09:00,地方紙,沖縄,沖縄タイムス,渡名喜村議選 6人が当選【沖縄統一地方選 2026】22:42#渡名喜村,https://www.okinawatimes.co.jp/articles/-/1923175,https://www.okinawatimes.co.jp/,ok,,
2026-09-13,2026-09-13T22:57:37.726680+09:00,地方紙,沖縄,沖縄タイムス,国頭村議選 10人が当選【沖縄統一地方選 2026】22:05#統一地方選,https://www.okinawatimes.co.jp/articles/-/1923161,https://www.okinawatimes.co.jp/,ok,,
2026-09-13,2026-09-13T22:57:37.726680+09:00,地方紙,沖縄,沖縄タイムス,渡嘉敷村議選 6人が当選【沖縄統一地方選 2026】22:03#統一地方選,https://www.okinawatimes.co.jp/articles/-/1923165,https://www.okinawatimes.co.jp/,ok,,
2026-09-13,2026-09-13T22:57:37.726680+09:00,地方紙,沖縄,沖縄タイムス,政府関係者「長く続いてきた国と県の分断が終わる」 古謝氏が沖縄知事に当選確実 予算増の可能性も21:40有料#沖縄の選挙,https://www.okinawatimes.co.jp/articles/-/1923156,https://www.okinawatimes.co.jp/,ok,,
2026-09-13,2026-09-13T22:57:37.726680+09:00,地方紙,沖縄,沖縄タイムス,「辺野古」容認の知事誕生、今後どうなる? 防衛体制強化を巡る県の対応は21:10有料#沖縄県知事選,https://www.okinawatimes.co.jp/articles/-/1923141,https://www.okinawatimes.co.jp/,ok,,
2026-09-13,2026-09-13T22:57:37.726680+09:00,地方紙,沖縄,沖縄タイムス,下地幹郎氏「20時ちょうどの当確、県民の大きな期待」 古謝氏勝利を歓迎、国政・知事選への再挑戦にも言及21:08#沖縄県知事選,https://www.okinawatimes.co.jp/articles/-/1923145,https://www.okinawatimes.co.jp/,ok,,
2026-09-13,2026-09-13T22:57:37.726680+09:00,地方紙,沖縄,沖縄タイムス,【訃報】前読谷村長の石嶺傳實さん死去 70歳20:46#訃報,https://www.okinawatimes.co.jp/articles/-/1923094,https://www.okinawatimes.co.jp/,ok,,
2026-09-13,2026-09-13T22:57:37.726680+09:00,地方紙,沖縄,沖縄タイムス,【速報】県秋季高校野球 6校が2回戦に進む|第2日の結果17:45有料#高校野球,https://www.okinawatimes.co.jp/articles/-/1923064,https://www.okinawatimes.co.jp/,ok,,
2026-09-13,2026-09-13T22:57:37.726680+09:00,全国紙,全国,読売新聞,3選目指した玉城デニー氏、静まった会場で「しっかりと受け止める」...沖縄県知事選で古謝玄太氏が初当選,https://www.yomiuri.co.jp/election/20260913-GYT1T00169/,https://news.ceek.jp/search.cgi?category_id=politics&feed=1,ok,,政治
2026-09-13,2026-09-13T22:57:37.726680+09:00,全国紙,全国,読売新聞,参政党・神谷代表、沖縄県知事選で「支援が一助となってよかった」...推薦した古謝玄太氏が当選確実,https://www.yomiuri.co.jp/election/20260913-GYT1T00167/,https://news.ceek.jp/search.cgi?category_id=politics&feed=1,ok,,政治
2026-09-13,2026-09-13T22:57:37.726680+09:00,全国紙,全国,読売新聞,共産・田村委員長、沖縄県知事選は「大変悔しい結果だ」...現職・玉城デニー氏を支援,https://www.yomiuri.co.jp/election/20260913-GYT1T00160/,https://news.ceek.jp/search.cgi?category_id=politics&feed=1,ok,,政治
2026-09-13,2026-09-13T22:57:37.726680+09:00,その他メディア,,デイリースポーツ,政権基盤が安定-自民,https://www.daily.co.jp/society/politics/2026/09/13/0020816547.shtml,https://news.ceek.jp/search.cgi?category_id=politics&feed=1,ok,,政治
2026-09-13,2026-09-13T22:57:37.726680+09:00,その他メディア,,デイリースポーツ,知事選、基地重視20%どまり,https://www.daily.co.jp/society/politics/2026/09/13/0020816521.shtml,https://news.ceek.jp/search.cgi?category_id=politics&feed=1,ok,,政治
2026-09-13,2026-09-13T22:57:37.726680+09:00,その他メディア,,共同通信,【速報】敗北は県民の選択と玉城デニー氏,https://www.47news.jp/14934682.html,https://news.ceek.jp/search.cgi?category_id=politics&feed=1,ok,,政治
2026-09-13,2026-09-13T22:57:37.726680+09:00,全国紙,全国,読売新聞,自民・鈴木幹事長「政権基盤をより安定するものにできた」...沖縄県知事選で推薦した古謝玄太氏が初当選確実,https://www.yomiuri.co.jp/election/20260913-GYT1T00151/,https://news.ceek.jp/search.cgi?category_id=politics&feed=1,ok,,政治
2026-09-13,2026-09-13T22:57:37.726680+09:00,全国紙,全国,読売新聞,国民民主・榛葉幹事長「県民の期待の表れだ」...推薦した新人・古謝玄太氏が沖縄県知事選で当選確実,https://www.yomiuri.co.jp/election/20260913-GYT1T00149/,https://news.ceek.jp/search.cgi?category_id=politics&feed=1,ok,,政治
2026-09-13,2026-09-13T22:57:37.726680+09:00,その他メディア,,共同通信,【速報】政権基盤安定させる勝利と自民幹事長,https://www.47news.jp/14934624.html,https://news.ceek.jp/search.cgi?category_id=politics&feed=1,ok,,政治
2026-09-13,2026-09-13T22:57:37.726680+09:00,全国紙,全国,読売新聞,林総務相、内閣改造・自民党役員人事巡り「首相の専権事項だ」,https://www.yomiuri.co.jp/politics/20260913-GYT1T00145/,https://news.ceek.jp/search.cgi?category_id=politics&feed=1,ok,,政治
2026-09-13,2026-09-13T22:57:37.726680+09:00,全国紙,全国,読売新聞,維新・吉村代表「沖縄を前に進めてほしいという期待の表れ」...推薦した新人・古謝玄太氏の当選確実,https://www.yomiuri.co.jp/election/20260913-GYT1T00138/,https://news.ceek.jp/search.cgi?category_id=politics&feed=1,ok,,政治
2026-09-13,2026-09-13T22:57:37.726680+09:00,その他メディア,,共同通信,【速報】県民に寄り添い、沖縄を前に進めると古謝氏,https://www.47news.jp/14934514.html,https://news.ceek.jp/search.cgi?category_id=politics&feed=1,ok,,政治
2026-09-13,2026-09-13T22:57:37.726680+09:00,全国紙,全国,読売新聞,東京・神津島村長選、新人・鈴木龍也氏が当選...現職・前田弘氏を破る,https://www.yomiuri.co.jp/election/20260913-GYT1T00136/,https://news.ceek.jp/search.cgi?category_id=politics&feed=1,ok,,政治
2026-09-13,2026-09-13T22:57:37.726680+09:00,その他メディア,,共同通信,【速報】古謝氏、普天間返還期日の明確化要求,https://www.47news.jp/14934512.html,https://news.ceek.jp/search.cgi?category_id=politics&feed=1,ok,,政治
2026-09-13,2026-09-13T22:57:37.726680+09:00,その他メディア,,共同通信,沖縄知事に自民系古謝氏が当確 辺野古容認へ12年ぶり転換,https://www.47news.jp/14934391.html,https://news.ceek.jp/search.cgi?category_id=politics&feed=1,ok,,政治
2026-09-13,2026-09-13T22:57:37.726680+09:00,その他メディア,,共同通信,【速報】沖縄知事に自民系新人古謝氏の初当選確実,https://www.47news.jp/14934403.html,https://news.ceek.jp/search.cgi?category_id=politics&feed=1,ok,,政治
2026-09-13,2026-09-13T22:57:37.726680+09:00,全国紙,全国,読売新聞,沖縄県知事選、新人・古謝玄太氏の当選確実...3選を目指した現職・玉城デニー氏らを破る,https://www.yomiuri.co.jp/election/20260913-GYT1T00130/,https://news.ceek.jp/search.cgi?category_id=politics&feed=1,ok,,政治
2026-09-13,2026-09-13T22:57:37.726680+09:00,全国紙,全国,読売新聞,沖縄県知事選、古謝玄太氏と玉城デニー氏の事実上の一騎打ち...午後8時から開票,https://www.yomiuri.co.jp/politics/20260913-GYT1T00109/,https://news.ceek.jp/search.cgi?category_id=politics&feed=1,ok,,政治
2026-09-13,2026-09-13T22:57:37.726680+09:00,全国紙,全国,日本経済新聞,13日の高市首相の動静,https://www.nikkei.com/article/DGXZQOUA130P90T10C26A9000000/,https://news.ceek.jp/search.cgi?category_id=politics&feed=1,ok,,政治
2026-09-13,2026-09-13T22:57:37.726680+09:00,全国紙,全国,日本経済新聞,林総務相「人事は首相の専権事項」 留任打診の際の対応は答えず,https://www.nikkei.com/article/DGXZQOUA131CM0T10C26A9000000/,https://news.ceek.jp/search.cgi?category_id=politics&feed=1,ok,,政治
2026-09-13,2026-09-13T22:57:37.726680+09:00,その他メディア,,Abema TIMES,高市総理 自民国対委員長に村井英樹氏抜擢へ,https://times.abema.tv/articles/-/10272765?page=1,https://news.ceek.jp/search.cgi?category_id=politics&feed=1,ok,,政治
2026-09-13,2026-09-13T22:57:37.726680+09:00,その他メディア,,フジテレビ,熊本地震の被災自治体のトップたちが『復興基金』の創設を要望 熊本県が復旧・復興プラン策定へ【熊本発】,https://www.fnn.jp/articles/-/1113516,https://news.ceek.jp/search.cgi?category_id=politics&feed=1,ok,,政治
2026-09-13,2026-09-13T22:57:37.726680+09:00,その他メディア,,フジテレビ,「復興基金含め対応できるよう」自民党・小林鷹之政調会長が熊本地震の被災地を視察【熊本発】,https://www.fnn.jp/articles/-/1113513,https://news.ceek.jp/search.cgi?category_id=politics&feed=1,ok,,政治
2026-09-13,2026-09-13T22:57:37.726680+09:00,その他メディア,,フジテレビ,日中友好議連の若手議員団が北京到着 日中関係改善の糸口は,https://www.fnn.jp/articles/-/1113494,https://news.ceek.jp/search.cgi?category_id=politics&feed=1,ok,,政治
2026-09-13,2026-09-13T22:57:37.726680+09:00,その他メディア,,フジテレビ,高市総理、人事で詰めの調整 国会対策委員長に村井英樹氏起用へ 古川俊治氏の初入閣案も,https://www.fnn.jp/articles/-/1113480,https://news.ceek.jp/search.cgi?category_id=politics&feed=1,ok,,政治
2026-09-13,2026-09-13T22:57:37.726680+09:00,その他メディア,,フジテレビ,"前町長が“無断侵入疑惑""で辞職...愛知県・大治町長選挙の投票続く いずれも無所属で新人の2人が立候補",https://www.fnn.jp/articles/-/1113487,https://news.ceek.jp/search.cgi?category_id=politics&feed=1,ok,,政治
2026-09-13,2026-09-13T22:57:37.726680+09:00,全国紙,全国,産経新聞,長野県塩尻市長選が告示 現職と新人の一騎打ちに,https://www.sankei.com/article/20260913-FNJ3X7DHGRKQRELXT35GOAOA5M/,https://news.ceek.jp/search.cgi?category_id=politics&feed=1,ok,,政治
2026-09-13,2026-09-13T22:57:37.726680+09:00,その他メディア,,フジテレビ,"沖縄県知事選 午後4時現在投票率20.45% 現職と新人の“一騎打ち""",https://www.fnn.jp/articles/-/1113453,https://news.ceek.jp/search.cgi?category_id=politics&feed=1,ok,,政治
2026-09-13,2026-09-13T22:57:37.726680+09:00,全国紙,全国,産経新聞,中国、インド首脳がロシアに和平協力申し出 プーチン氏、歓迎の上で現状を説明,https://www.sankei.com/article/20260913-I3VAJNFQMVNT5L3O76OLDK4N7E/,https://news.ceek.jp/search.cgi?category_id=politics&feed=1,ok,,政治
2026-09-13,2026-09-13T22:57:37.726680+09:00,全国紙,全国,産経新聞,シェルターの整備・普及に民間活力を 税優遇や容積率緩和、インセンティブの制度化が急務,https://www.sankei.com/article/20260913-VEKB6JTA5BPWXDZTB47IPC4NBQ/,https://news.ceek.jp/search.cgi?category_id=politics&feed=1,ok,,政治
2026-09-13,2026-09-13T22:57:37.726680+09:00,その他メディア,,フジテレビ,【沖縄県知事選挙】午後4時時点の投票率は前回を上回るペース,https://www.fnn.jp/articles/-/1113457,https://news.ceek.jp/search.cgi?category_id=politics&feed=1,ok,,政治
2026-09-13,2026-09-13T22:57:37.726680+09:00,全国紙,全国,読売新聞,沖縄県知事選挙、午後4時時点の投票率は20・45%...前回選を2・23ポイント上回る,https://www.yomiuri.co.jp/election/20260913-GYT1T00098/,https://news.ceek.jp/search.cgi?category_id=politics&feed=1,ok,,政治
2026-09-13,2026-09-13T22:57:37.726680+09:00,その他メディア,,日本テレビ,高市首相、木原官房長官を招き公邸で面会 内閣改造・自民党役員人事を前に詰めの協議か,https://news.ntv.co.jp/category/politics/a8f90614ffc94b459791c16bdae0c363,https://news.ceek.jp/search.cgi?category_id=politics&feed=1,ok,,政治
2026-09-13,2026-09-13T22:57:37.726680+09:00,その他メディア,,東洋経済オンライン,不祥事が相次ぐ中部電力、林欣吾社長と勝野哲会長が辞任意向...NHKが報道 | 政治・経済・投資,https://toyokeizai.net/articles/-/957933?display=b,https://news.ceek.jp/search.cgi?category_id=business&feed=1,ok,,経済
2026-09-13,2026-09-13T22:57:37.726680+09:00,その他メディア,,東洋経済オンライン,習主席、中国主導で「BRICSオープンソースAIプラットフォーム」を構築する用意があると表明 | 政治・経済・投資,https://toyokeizai.net/articles/-/957925?display=b,https://news.ceek.jp/search.cgi?category_id=business&feed=1,ok,,経済
2026-09-13,2026-09-13T22:57:37.726680+09:00,その他メディア,,ハーバード・ビジネス・レビュー,コンピュータによる生産革新CAMシステム導入の条件,https://dhbr.diamond.jp/articles/-/14305,https://news.ceek.jp/search.cgi?category_id=business&feed=1,ok,,経済
2026-09-13,2026-09-13T22:57:37.726680+09:00,その他メディア,,フジテレビ,"赤字路線のJR米坂線...豪雨から4年で進展?新潟・関川村が条件付きで“バス転換""容認も村民からは様々な声「一番いいのは鉄路」「高齢者の声を...」",https://www.fnn.jp/articles/-/1112345,https://news.ceek.jp/search.cgi?category_id=business&feed=1,ok,,経済
2026-09-13,2026-09-13T22:57:37.726680+09:00,その他メディア,,J-CAST,36万円超「iPhone Duo」は誰が買う? 折りたたみスマホはシェア1%台、Appleでも失敗なら「オワコン」か,https://www.j-cast.com/2026/09/13517877.html?p=all,https://news.ceek.jp/search.cgi?category_id=business&feed=1,ok,,経済
2026-09-13,2026-09-13T22:57:37.726680+09:00,その他メディア,,フジテレビ,輪島朝市「復活のはじまり市」30店が一日限定出店 来春の仮設商業施設へ弾み,https://www.fnn.jp/articles/-/1113534,https://news.ceek.jp/search.cgi?category_id=business&feed=1,ok,,経済
2026-09-13,2026-09-13T22:57:37.726680+09:00,その他メディア,,フジテレビ,"“ふくしまDC"" 観光客は目標の1600万人達成見込み<福島県>",https://www.fnn.jp/articles/-/1113505,https://news.ceek.jp/search.cgi?category_id=business&feed=1,ok,,経済
2026-09-13,2026-09-13T22:57:37.726680+09:00,全国紙,全国,日本経済新聞,中部電力、社長に安井取締役 林氏と勝野会長は原発不正の責任で辞任,https://www.nikkei.com/article/DGXZQOFD131470T10C26A9000000/,https://news.ceek.jp/search.cgi?category_id=business&feed=1,ok,,経済
2026-09-13,2026-09-13T22:57:37.726680+09:00,その他メディア,,フジテレビ,私立高校の授業料が実質無償化 長崎市などの私立高校が集まり「私学フェスタ」で特色をPR,https://www.fnn.jp/articles/-/1113507,https://news.ceek.jp/search.cgi?category_id=business&feed=1,ok,,経済
2026-09-13,2026-09-13T22:57:37.726680+09:00,その他メディア,,フジテレビ,札幌で日本初の「スーパーマリオ」参加型ランニングイベント開催!約1万人が来場_マリオの世界観を楽しみながらドームを疾走〈北海道〉,https://www.fnn.jp/articles/-/1113481,https://news.ceek.jp/search.cgi?category_id=business&feed=1,ok,,経済
2026-09-13,2026-09-13T22:57:37.726680+09:00,その他メディア,,東洋経済オンライン,ウクライナ軍新司令部に初試練、東部ドネツク州の要衝スラビャンスクとクラマトルスクでロシアとの激戦に備え | 政治・経済・投資,https://toyokeizai.net/articles/-/957910?display=b,https://news.ceek.jp/search.cgi?category_id=business&feed=1,ok,,経済
2026-09-13,2026-09-13T22:57:37.726680+09:00,その他メディア,,東洋経済オンライン,金利の動きに注目が集まる1週間...FRBと日銀は利上げの公算、英中銀の利上げはない見込み | 政治・経済・投資,https://toyokeizai.net/articles/-/957908?display=b,https://news.ceek.jp/search.cgi?category_id=business&feed=1,ok,,経済
2026-09-13,2026-09-13T22:57:37.726680+09:00,その他メディア,,TBSテレビ,厚木市で住宅1棟全焼の火事 焼け跡から1人の遺体 住人の86歳男性と連絡とれず 神奈川県警,https://newsdig.tbs.co.jp/articles/-/2941536?display=1,https://news.ceek.jp/search.cgi?category_id=national&feed=1,ok,,社会
2026-09-13,2026-09-13T22:57:37.726680+09:00,その他メディア,,デイリースポーツ,追徴税納付済みと総持院,https://www.daily.co.jp/society/national/2026/09/13/0020816740.shtml,https://news.ceek.jp/search.cgi?category_id=national&feed=1,ok,,社会
2026-09-13,2026-09-13T22:57:37.726680+09:00,その他メディア,,日刊スポーツ,沖縄知事に自民系の古謝玄太氏 辺野古容認へ転換 ...,https://www.nikkansports.com/general/news/202609130001935.html,https://news.ceek.jp/search.cgi?category_id=national&feed=1,ok,,社会
2026-09-13,2026-09-13T22:57:37.726680+09:00,その他メディア,,日刊スポーツ,沖縄県知事選で古謝氏勝利 自民・鈴木幹事長「政権...,https://www.nikkansports.com/general/news/202609130001902.html,https://news.ceek.jp/search.cgi?category_id=national&feed=1,ok,,社会
2026-09-13,2026-09-13T22:57:37.726680+09:00,その他メディア,,東京スポーツ新聞,いのち・八幡愛副代表 沖縄知事選での「デマや誹謗中傷」横行...SNS対策チーム創設を提案へ,https://www.tokyo-sports.co.jp/articles/-/402994,https://news.ceek.jp/search.cgi?category_id=national&feed=1,ok,,社会
2026-09-13,2026-09-13T22:57:37.726680+09:00,その他メディア,,東京スポーツ新聞,いのち・高井崇志幹事長 れいわローテ見直し協議に「信頼関係が前提の壊れやすい制度」,https://www.tokyo-sports.co.jp/articles/-/402990,https://news.ceek.jp/search.cgi?category_id=national&feed=1,ok,,社会
2026-09-13,2026-09-13T22:57:37.726680+09:00,その他メディア,,共同通信,水道管破損か、商店街浸水 京都・伏見、けが人なし,https://www.47news.jp/14934643.html,https://news.ceek.jp/search.cgi?category_id=national&feed=1,ok,,社会
2026-09-13,2026-09-13T22:57:37.726680+09:00,その他メディア,,フジテレビ,火元の家の3人を搬送...名古屋市中区の住宅密集地で火事 木造2階建てが全焼し3軒に延焼 78歳女性とみられる1人が死亡,https://www.fnn.jp/articles/-/1113549,https://news.ceek.jp/search.cgi?category_id=national&feed=1,ok,,社会
2026-09-13,2026-09-13T22:57:37.726680+09:00,その他メディア,,フジテレビ,「足を滑らせて転倒した」遭対協が大阪市の55歳女性を山小屋まで背負い搬送 翌日、警察の救助隊員などが涸沢まで搬送、その後、県警ヘリで救助 足の骨折で重傷 北アルプス北穂高岳で遭難,https://www.fnn.jp/articles/-/1113548,https://news.ceek.jp/search.cgi?category_id=national&feed=1,ok,,社会
2026-09-13,2026-09-13T22:57:37.726680+09:00,全国紙,全国,産経新聞,京都・伏見の商店街が一部浸水、水道管が破損か 地面からあふれ出す,https://www.sankei.com/article/20260913-UKOG4SLBQRPZXBDI5DO3LTTD34/,https://news.ceek.jp/search.cgi?category_id=national&feed=1,ok,,社会
2026-09-13,2026-09-13T22:57:37.726680+09:00,その他メディア,,デイリースポーツ,バレー男子がロス五輪へ,https://www.daily.co.jp/society/main/2026/09/13/0020816472.shtml,https://news.ceek.jp/search.cgi?category_id=national&feed=1,ok,,社会
2026-09-13,2026-09-13T22:57:37.726680+09:00,その他メディア,,デイリースポーツ,水道管破損か、商店街浸水,https://www.daily.co.jp/society/national/2026/09/13/0020816451.shtml,https://news.ceek.jp/search.cgi?category_id=national&feed=1,ok,,社会
2026-09-13,2026-09-13T22:57:37.726680+09:00,その他メディア,,日刊スポーツ,悠仁さま、初の東北被災地訪問 秋篠宮さまと震災遺構・伝承館を見学,https://www.nikkansports.com/general/news/202609130001663.html,https://news.ceek.jp/search.cgi?category_id=national&feed=1,ok,,社会
2026-09-13,2026-09-13T22:57:37.726680+09:00,全国紙,全国,読売新聞,秋篠宮さまと悠仁さまが「東日本大震災遺構・伝承館」を視察される...高校生の語り部らに「無事で良かったですね」,https://www.yomiuri.co.jp/koushitsu/20260913-GYT1T00147/,https://news.ceek.jp/search.cgi?category_id=national&feed=1,ok,,社会
2026-09-13,2026-09-13T22:57:37.726680+09:00,その他メディア,,日本テレビ,悠仁さまが初めて東日本大震災の被災地を訪問 秋篠宮さまと共に津波被害に遭った校舎の震災遺構を見学 宮城・気仙沼市,https://news.ntv.co.jp/category/society/7a47d5c7ca4c448a94d6ceb09f4be348,https://news.ceek.jp/search.cgi?category_id=national&feed=1,ok,,社会
2026-09-13,2026-09-13T22:57:37.726680+09:00,全国紙,全国,日本経済新聞,悠仁さま、初の東北被災地に 秋篠宮さまと宮城の震災遺構を私的訪問,https://www.nikkei.com/article/DGXZQOUD1219T0S6A910C2000000/,https://news.ceek.jp/search.cgi?category_id=national&feed=1,ok,,社会
2026-09-13,2026-09-13T22:57:37.726680+09:00,その他メディア,,テレビ朝日,沖縄県知事選挙 新人で元那覇市副市長の古謝玄太さんが初当選,https://news.tv-asahi.co.jp/news_society/articles/000533096.html,https://news.ceek.jp/search.cgi?category_id=national&feed=1,ok,,社会
2026-09-13,2026-09-13T22:57:37.726680+09:00,その他メディア,,共同通信,悠仁さま初の東北被災地に 秋篠宮さまと震災遺構見学,https://www.47news.jp/14934515.html,https://news.ceek.jp/search.cgi?category_id=national&feed=1,ok,,社会
2026-09-13,2026-09-13T22:57:37.726680+09:00,その他メディア,,日本テレビ,変わる教育基準... 10年ぶり改訂へ 戦後教育の背景【バンキシャ!】,https://news.ntv.co.jp/category/society/a61c4f5e4b5b4f40bab02dfd5b248340,https://news.ceek.jp/search.cgi?category_id=national&feed=1,ok,,社会
2026-09-13,2026-09-13T22:57:37.726680+09:00,その他メディア,,デイリースポーツ,悠仁さま初の東北被災地に,https://www.daily.co.jp/society/national/2026/09/13/0020816242.shtml,https://news.ceek.jp/search.cgi?category_id=national&feed=1,ok,,社会
2026-09-13,2026-09-13T22:57:37.726680+09:00,その他メディア,,フジテレビ,交差点で高齢男性はねられ重体 左足の痛み訴え搬送後に意識不明に 福岡・粕屋町,https://www.fnn.jp/articles/-/1113544,https://news.ceek.jp/search.cgi?category_id=national&feed=1,ok,,社会
2026-09-13,2026-09-13T22:57:37.726680+09:00,その他メディア,,フジテレビ,青森県で最大震度2の地震 青森県・階上町,https://www.fnn.jp/articles/-/1113542,https://news.ceek.jp/search.cgi?category_id=national&feed=1,ok,,社会
2026-09-13,2026-09-13T22:57:37.726680+09:00,その他メディア,,フジテレビ,【地震】岩手県内で震度1 岩手県沖を震源とする最大震度2の地震が発生 津波の心配なし,https://www.fnn.jp/articles/-/1113543,https://news.ceek.jp/search.cgi?category_id=national&feed=1,ok,,社会
2026-09-13,2026-09-13T22:57:37.726680+09:00,その他メディア,,日刊スポーツ,現職の玉城デニー氏「ゼロ打ち」落選 NHKなど8時に古謝玄太氏「当確」沖縄県知事選,https://www.nikkansports.com/general/nikkan/news/202609130001610.html,https://news.ceek.jp/search.cgi?category_id=national&feed=1,ok,,社会
2026-09-13,2026-09-13T22:57:37.726680+09:00,全国紙,全国,読売新聞,陸上大会での集団食中毒、京都市保健所が業者に立ち入り調査,https://www.yomiuri.co.jp/national/20260913-GYT1T00132/,https://news.ceek.jp/search.cgi?category_id=national&feed=1,ok,,社会
2026-09-13,2026-09-13T22:57:37.726680+09:00,その他メディア,,フジテレビ,「足を滑らせて転倒した」遭対協が大阪の55歳女性を山小屋まで背負って搬送 翌日、警察の救助隊員などが涸沢まで搬送、その後、県警ヘリで救助 足首にはれ 北アルプス北穂高岳で遭難,https://www.fnn.jp/articles/-/1113539,https://news.ceek.jp/search.cgi?category_id=national&feed=1,ok,,社会
2026-09-13,2026-09-13T22:57:37.726680+09:00,その他メディア,,デイリースポーツ,沖縄知事に自民系古謝氏が当確,https://www.daily.co.jp/society/main/2026/09/13/0020816142.shtml,https://news.ceek.jp/search.cgi?category_id=national&feed=1,ok,,社会
2026-09-13,2026-09-13T22:57:37.726680+09:00,その他メディア,,TBSテレビ,【速報】沖縄県知事選挙 新人・古謝玄太氏の当選確実,https://newsdig.tbs.co.jp/articles/-/2941499?display=1,https://news.ceek.jp/search.cgi?category_id=national&feed=1,ok,,社会
2026-09-13,2026-09-13T22:57:37.726680+09:00,その他メディア,,日刊スポーツ,現職の玉城デニー知事が落選確実 辺野古事故やデマ...,https://www.nikkansports.com/general/nikkan/news/202609130000619.html,https://news.ceek.jp/search.cgi?category_id=national&feed=1,ok,,社会
2026-09-13,2026-09-13T22:57:37.726680+09:00,その他メディア,,日刊スポーツ,沖縄で12年ぶり「県政刷新」へ 与党推薦新人の古謝玄太氏が知事選当確 高市首相が必勝指令,https://www.nikkansports.com/general/nikkan/news/202609130000607.html,https://news.ceek.jp/search.cgi?category_id=national&feed=1,ok,,社会
2026-09-13,2026-09-13T22:57:37.726680+09:00,その他メディア,,フジテレビ,【ネパール土石流】「大きな町が全部なくなった」新潟に暮らすネパール人が被災地へ 一変した故郷...悲惨な現状目の当たりに「できる支援したい」,https://www.fnn.jp/articles/-/1113536,https://news.ceek.jp/search.cgi?category_id=national&feed=1,ok,,社会
2026-09-13,2026-09-13T22:57:37.726680+09:00,全国紙,全国,読売新聞,埼玉・寄居町の治療院火災、住人の70代夫婦の死亡確認,https://www.yomiuri.co.jp/national/20260913-GYT1T00128/,https://news.ceek.jp/search.cgi?category_id=national&feed=1,ok,,社会
2026-09-13,2026-09-13T22:57:37.726680+09:00,その他メディア,,女性自身,"林芳正総務相、「閣内に入りたくない」から一転の“留任意向""報道...高市首相“ライバル包囲網""術中の可能性",https://jisin.jp/domestic/2599924/,https://news.ceek.jp/search.cgi?category_id=national&feed=1,ok,,社会
2026-09-13,2026-09-13T22:57:37.726680+09:00,その他メディア,,東京スポーツ新聞,古市憲寿氏〝国会議員はB級芸能人〟発言に石原伸晃氏が猛反発「民主主義を冒とく」「有権者に失礼」,https://www.tokyo-sports.co.jp/articles/-/402975,https://news.ceek.jp/search.cgi?category_id=national&feed=1,ok,,社会
2026-09-13,2026-09-13T22:57:37.726680+09:00,その他メディア,,フジテレビ,熊本県で最大震度1の地震 熊本県・水俣市,https://www.fnn.jp/articles/-/1113532,https://news.ceek.jp/search.cgi?category_id=national&feed=1,ok,,社会
2026-09-13,2026-09-13T22:57:37.726680+09:00,その他メディア,,日本テレビ,沖縄県知事選 きょう投開票 振興策・基地問題など争点...深夜までには大勢判明,https://news.ntv.co.jp/category/society/0f921dda34684db5aaac24317a1bcc15,https://news.ceek.jp/search.cgi?category_id=national&feed=1,ok,,社会
2026-09-13,2026-09-13T22:57:37.726680+09:00,その他メディア,,Abema TIMES,原発データ不正問題 中部電力会長と社長が辞意,https://times.abema.tv/articles/-/10272764?page=1,https://news.ceek.jp/search.cgi?category_id=national&feed=1,ok,,社会
2026-09-13,2026-09-13T22:57:37.726680+09:00,その他メディア,,日本テレビ,中部電力・会長と社長、辞任の方向で調整 浜岡原発データ改ざん問題,https://news.ntv.co.jp/category/society/6f68a8c08d674889b9ec7527ff12336b,https://news.ceek.jp/search.cgi?category_id=national&feed=1,ok,,社会
2026-09-13,2026-09-13T22:57:37.726680+09:00,その他メディア,,TBSテレビ,横浜市保土ケ谷区でバイクと乗用車の事故 車線変更時に追突か バイク運転の男性(23)死亡,https://newsdig.tbs.co.jp/articles/-/2941484?display=1,https://news.ceek.jp/search.cgi?category_id=national&feed=1,ok,,社会
2026-09-13,2026-09-13T22:57:37.726680+09:00,その他メディア,,TBSテレビ,"「ハート形になるぶどう?」 “マイハート"" シャインマスカットを交配してできた希少種 今が旬のぶどう狩り!「平山ぶどう園」千葉・香取市",https://newsdig.tbs.co.jp/articles/-/2941480?display=1,https://news.ceek.jp/search.cgi?category_id=national&feed=1,ok,,社会
2026-09-13,2026-09-13T22:57:37.726680+09:00,その他メディア,,共同通信,誰もが暮らしやすい社会に 富山ジェンダー平等シンポ,https://www.47news.jp/14934150.html,https://news.ceek.jp/search.cgi?category_id=national&feed=1,ok,,社会
2026-09-13,2026-09-13T22:57:37.726680+09:00,その他メディア,,フジテレビ,千葉豪雨1カ月 続く生活再建 千葉市は放置車両26台を保管「速やかに引き取りを」,https://www.fnn.jp/articles/-/1113522,https://news.ceek.jp/search.cgi?category_id=national&feed=1,ok,,社会
2026-09-13,2026-09-13T22:57:37.726680+09:00,その他メディア,,テレビ朝日,【関東の天気】日差し復活で肌寒さ一転 急な暑さに...体調管理・熱中症に注意,https://news.tv-asahi.co.jp/news_society/articles/000533061.html,https://news.ceek.jp/search.cgi?category_id=national&feed=1,ok,,社会
2026-09-13,2026-09-13T22:57:37.726680+09:00,その他メディア,,フジテレビ,悠仁さま、東日本大震災の被災地を初めて視察 秋篠宮さまと宮城・気仙沼市を訪問 「東日本大震災遺構・伝承館」へ,https://www.fnn.jp/articles/-/1113493,https://news.ceek.jp/search.cgi?category_id=national&feed=1,ok,,社会
2026-09-13,2026-09-13T22:57:37.726680+09:00,全国紙,全国,読売新聞,京都・伏見の商店街で道路が隆起、地面から水があふれ出し一部浸水...水道管が破裂か,https://www.yomiuri.co.jp/national/20260913-GYT1T00107/,https://news.ceek.jp/search.cgi?category_id=national&feed=1,ok,,社会
2026-09-13,2026-09-13T22:57:37.726680+09:00,その他メディア,,共同通信,岐阜・火災ケーキ店主の死因判明 5人死傷、熱傷性ショックと発表,https://www.47news.jp/14933944.html,https://news.ceek.jp/search.cgi?category_id=national&feed=1,ok,,社会
2026-09-13,2026-09-13T22:57:37.726680+09:00,その他メディア,,テレビ朝日,"日照時間“過去最少""体調に異変も 医師「朝起きたらカーテン開けて」",https://news.tv-asahi.co.jp/news_society/articles/000533069.html,https://news.ceek.jp/search.cgi?category_id=national&feed=1,ok,,社会
2026-09-13,2026-09-13T22:57:37.726680+09:00,全国紙,全国,読売新聞,岐阜のケーキ店放火殺人事件、店主の死因は熱傷性ショック,https://www.yomiuri.co.jp/national/20260913-GYT1T00105/,https://news.ceek.jp/search.cgi?category_id=national&feed=1,ok,,社会
2026-09-13,2026-09-13T22:57:37.726680+09:00,その他メディア,,フジテレビ,渓流釣りの85歳男性死亡 目立った外傷なし 岩手県八幡平市の国有林,https://www.fnn.jp/articles/-/1113510,https://news.ceek.jp/search.cgi?category_id=national&feed=1,ok,,社会
2026-09-13,2026-09-13T22:57:37.726680+09:00,その他メディア,,フジテレビ,「真夏日」観測地点は250カ所以上 北陸・西日本中心に厳しい残暑 東京都心で4日ぶり夏日 全国各地でイベント,https://www.fnn.jp/articles/-/1113514,https://news.ceek.jp/search.cgi?category_id=national&feed=1,ok,,社会
2026-09-13,2026-09-13T22:57:37.726680+09:00,その他メディア,,日本テレビ,ウエンツ瑛士さんが一日警察署長 「秋の全国交通安全運動」前に東京・千代田区で事故防止を呼びかけ,https://news.ntv.co.jp/category/society/b2843f526c7144b1b6f76d90fd5064c6,https://news.ceek.jp/search.cgi?category_id=national&feed=1,ok,,社会
2026-09-13,2026-09-13T22:57:37.726680+09:00,その他メディア,,日刊スポーツ,日中友好議員連盟若手メンバーが北京訪問 友好協会幹部と面会調整,https://www.nikkansports.com/general/news/202609130000798.html,https://news.ceek.jp/search.cgi?category_id=national&feed=1,ok,,社会
2026-09-13,2026-09-13T22:57:37.726680+09:00,その他メディア,,TBSテレビ,タレントのウエンツ瑛士さんが警視庁神田署の一日署長に任命 集まったファンらに交通安全を呼びかけ,https://newsdig.tbs.co.jp/articles/-/2941457?display=1,https://news.ceek.jp/search.cgi?category_id=national&feed=1,ok,,社会
2026-09-13,2026-09-13T22:57:37.726680+09:00,その他メディア,,テレビ朝日,住宅火災で1人の遺体 住民の高齢男性と連絡取れず 神奈川・厚木市,https://news.tv-asahi.co.jp/news_society/articles/000533087.html,https://news.ceek.jp/search.cgi?category_id=national&feed=1,ok,,社会
2026-09-13,2026-09-13T22:57:37.726680+09:00,その他メディア,,フジテレビ,「少しでも快適に」熊本市が仮設団地3カ所の入居を9月19日に開始 10年前よりも15日早く【熊本発】,https://www.fnn.jp/articles/-/1113509,https://news.ceek.jp/search.cgi?category_id=national&feed=1,ok,,社会
2026-09-13,2026-09-13T22:57:37.726680+09:00,その他メディア,,テレビ朝日,"西日本は真夏日続出“激しい雨""も 東京は18日連続の雨で...",https://news.tv-asahi.co.jp/news_society/articles/000533070.html,https://news.ceek.jp/search.cgi?category_id=national&feed=1,ok,,社会
2026-09-13,2026-09-13T22:57:37.726680+09:00,その他メディア,,フジテレビ,車のドアが開いたところに自転車突っ込む 後続車にひかれ59歳男性死亡 東京・渋谷区の明治通り,https://www.fnn.jp/articles/-/1113499,https://news.ceek.jp/search.cgi?category_id=national&feed=1,ok,,社会
2026-09-13,2026-09-13T22:57:37.726680+09:00,その他メディア,,日刊スポーツ,AI開発「遅らせなければならない」米二大巨頭が足並み 制御不能や悪用リスク懸念,https://www.nikkansports.com/general/news/202609130000989.html,https://news.ceek.jp/search.cgi?category_id=national&feed=1,ok,,社会
2026-09-13,2026-09-13T22:57:37.726680+09:00,その他メディア,,TBSテレビ,「運転の技術を過信しないで」あきる野市で交通安全イベント 落語家・林家久蔵さんが交通安全についての落語を披露 警視庁福生署,https://newsdig.tbs.co.jp/articles/-/2941453?display=1,https://news.ceek.jp/search.cgi?category_id=national&feed=1,ok,,社会
2026-09-13,2026-09-13T22:57:37.726680+09:00,その他メディア,,日刊スポーツ,ケーキ店主の死因判明、全身やけどによる熱傷性ショック 岐阜5人死傷火災事件,https://www.nikkansports.com/general/news/202609130001001.html,https://news.ceek.jp/search.cgi?category_id=national&feed=1,ok,,社会
2026-09-13,2026-09-13T22:57:37.726680+09:00,全国紙,全国,日本経済新聞,ケーキ店主の死因は熱傷性ショック 岐阜の5人死傷火災,https://www.nikkei.com/article/DGXZQOUD131C90T10C26A9000000/,https://news.ceek.jp/search.cgi?category_id=national&feed=1,ok,,社会
2026-09-13,2026-09-13T22:57:37.726680+09:00,その他メディア,,デイリースポーツ,誰もが暮らしやすい社会に,https://www.daily.co.jp/society/national/2026/09/13/0020815880.shtml,https://news.ceek.jp/search.cgi?category_id=national&feed=1,ok,,社会
2026-09-13,2026-09-13T22:57:37.726680+09:00,その他メディア,,テレビ朝日,急激な水位の上昇が...防犯カメラから見えたもの 千葉豪雨から1カ月,https://news.tv-asahi.co.jp/news_society/articles/000533068.html,https://news.ceek.jp/search.cgi?category_id=national&feed=1,ok,,社会
2026-09-13,2026-09-13T22:57:37.726680+09:00,その他メディア,,Abema TIMES,岸信介の邸宅に残る「逆さ庭」 吉田五十八が設計した唯一無二の空間に迫る,https://times.abema.tv/articles/-/10272762?page=1,https://news.ceek.jp/search.cgi?category_id=national&feed=1,ok,,社会
2026-09-13,2026-09-13T22:57:37.726680+09:00,その他メディア,,フジテレビ,一般的な柿の8分の1ほど...一口サイズの珍しい柿『ベビーパーシモン』出荷作業進む 糖度が高く皮ごとOK 岐阜県本巣市,https://www.fnn.jp/articles/-/1113472,https://news.ceek.jp/search.cgi?category_id=national&feed=1,ok,,社会
2026-09-13,2026-09-13T22:57:37.726680+09:00,その他メディア,,フジテレビ,安全点検や反射板等が重要...子育て世代を対象に自転車の交通事故防止のための講習会 警察官が家族連れにレクチャー,https://www.fnn.jp/articles/-/1113471,https://news.ceek.jp/search.cgi?category_id=national&feed=1,ok,,社会
2026-09-13,2026-09-13T22:57:37.726680+09:00,その他メディア,,フジテレビ,元TOKIO・山口達也さんが自身の「アルコール依存症」を語る 「わたし6年間お酒を飲んでいません」カジノ含むIR開業控える大阪で依存症対策 無料相談やセミナーも,https://www.fnn.jp/articles/-/1113473,https://news.ceek.jp/search.cgi?category_id=national&feed=1,ok,,社会
2026-09-13,2026-09-13T22:57:37.726680+09:00,その他メディア,,フジテレビ,【最新】十勝岳の噴火警戒レベル3「入山規制」周辺宿泊施設で予約キャンセル約50件...紅葉シーズン控え観光への影響懸念〈北海道〉,https://www.fnn.jp/articles/-/1113463,https://news.ceek.jp/search.cgi?category_id=national&feed=1,ok,,社会
2026-09-13,2026-09-13T22:57:37.726680+09:00,その他メディア,,日本テレビ,"<9/13のバンキシャ!> 再び“警報級大雨""の恐れ...「台風のたまご」も発生へ▼トランプ氏が異例の演説...繰り返した「言葉」の意味",https://news.ntv.co.jp/category/society/181aa9a19d6e4d1b85c24b7f0ee205f0,https://news.ceek.jp/search.cgi?category_id=national&feed=1,ok,,社会
2026-09-13,2026-09-13T22:57:37.726680+09:00,全国紙,全国,産経新聞,北海道と青森で震度3 津軽海峡が震源、マグニチュード4.5,https://www.sankei.com/article/20260913-GHOIO5DS2VJXFBG5NS74SCZQBA/,https://news.ceek.jp/search.cgi?category_id=national&feed=1,ok,,社会
2026-09-13,2026-09-13T22:57:37.726680+09:00,その他メディア,,デイリースポーツ,北海道と青森で震度3,https://www.daily.co.jp/society/national/2026/09/13/0020815837.shtml,https://news.ceek.jp/search.cgi?category_id=national&feed=1,ok,,社会
2026-09-13,2026-09-13T22:57:37.726680+09:00,その他メディア,,共同通信,北海道と青森で震度3 震源地は津軽海峡、M4.5,https://www.47news.jp/14934106.html,https://news.ceek.jp/search.cgi?category_id=national&feed=1,ok,,社会
2026-09-13,2026-09-13T22:57:37.726680+09:00,その他メディア,,TBSテレビ,「赤坂氷川祭」江戸時代から続く伝統行事 クライマックスの「神幸祭」 着物・はっぴ姿の隊列を先頭に貴重な「氷川山車」や宮神輿が巡行 東京・赤坂,https://newsdig.tbs.co.jp/articles/-/2941435?display=1,https://news.ceek.jp/search.cgi?category_id=national&feed=1,ok,,社会
2026-09-13,2026-09-13T22:57:37.726680+09:00,全国紙,全国,産経新聞,交通事故防止へ意識向上図る 警視庁愛宕署、神田署が交通安全イベント,https://www.sankei.com/article/20260913-OXLYDXKDWNOM3OFCAQOGQS7DO4/,https://news.ceek.jp/search.cgi?category_id=national&feed=1,ok,,社会
2026-09-13,2026-09-13T22:57:37.726680+09:00,その他メディア,,フジテレビ,秋の味覚が旬 観光ナシ園がオープン たわわに実った「二十世紀ナシ」 今年は大きさ・甘みとも十分 京都・京丹後,https://www.fnn.jp/articles/-/1113459,https://news.ceek.jp/search.cgi?category_id=national&feed=1,ok,,社会
2026-09-13,2026-09-13T22:57:37.726680+09:00,その他メディア,,フジテレビ,熱海の水泳大会で水難事故 海でオープンウォータースイムレース 70代男性が意識不明,https://www.fnn.jp/articles/-/1113467,https://news.ceek.jp/search.cgi?category_id=national&feed=1,ok,,社会
2026-09-13,2026-09-13T22:57:37.726680+09:00,その他メディア,,TBSテレビ,サービスやりすぎ!太っ腹すぎる繁盛店!2段重ねのカツ丼にご飯9杯分の定食がなんと1000円!それでもつぶれないワケを調べてきました!【それスタ】,https://newsdig.tbs.co.jp/articles/-/2941425?display=1,https://news.ceek.jp/search.cgi?category_id=national&feed=1,ok,,社会
2026-09-13,2026-09-13T22:57:37.726680+09:00,その他メディア,,テレビ朝日,中部電力 会長と社長が辞意 浜岡原発データ不正問題,https://news.tv-asahi.co.jp/news_society/articles/000533084.html,https://news.ceek.jp/search.cgi?category_id=national&feed=1,ok,,社会
2026-09-13,2026-09-13T22:57:37.726680+09:00,その他メディア,,フジテレビ,木造2階建て住宅全焼、1人死亡 火元の住宅に住む78歳女性か 隣接する3軒に延焼 愛知・名古屋市,https://www.fnn.jp/articles/-/1113449,https://news.ceek.jp/search.cgi?category_id=national&feed=1,ok,,社会
2026-09-13,2026-09-13T22:57:37.726680+09:00,その他メディア,,テレビ朝日,防犯カメラが瞬間とらえる 都内コンビニ店に車突っ込む 東京・小平市,https://news.tv-asahi.co.jp/news_society/articles/000533071.html,https://news.ceek.jp/search.cgi?category_id=national&feed=1,ok,,社会
2026-09-13,2026-09-13T22:57:37.726680+09:00,その他メディア,,TBSテレビ,千葉豪雨からきょう(13日)で一か月 記録的大雨で13人死亡 住宅被害7000超に 都市型水害対策に新視点 発生時、被害最小限に都市機能の早期回復目指す,https://newsdig.tbs.co.jp/articles/-/2941415?display=1,https://news.ceek.jp/search.cgi?category_id=national&feed=1,ok,,社会
2026-09-13,2026-09-13T22:57:37.726680+09:00,その他メディア,,TBSテレビ,国会対策委員長に村井英樹元官房副長官 起用へ 16日見通しの自民党役員人事で,https://newsdig.tbs.co.jp/articles/-/2941414?display=1,https://news.ceek.jp/search.cgi?category_id=national&feed=1,ok,,社会
2026-09-13,2026-09-13T22:57:37.726680+09:00,その他メディア,,デイリースポーツ,岐阜・火災ケーキ店主の死因判明,https://www.daily.co.jp/society/national/2026/09/13/0020815715.shtml,https://news.ceek.jp/search.cgi?category_id=national&feed=1,ok,,社会
2026-09-13,2026-09-13T22:57:37.726680+09:00,その他メディア,,フジテレビ,千葉豪雨から1カ月 避難生活なお続く「年内いっぱいに住めれば...」 13人死亡、住宅被害7000棟,https://www.fnn.jp/articles/-/1113451,https://news.ceek.jp/search.cgi?category_id=national&feed=1,ok,,社会
2026-09-13,2026-09-13T22:57:37.726680+09:00,その他メディア,,日刊スポーツ,マリオの世界を駆け抜けろ 札幌、6000人が笑顔で完走,https://www.nikkansports.com/general/news/202609130000943.html,https://news.ceek.jp/search.cgi?category_id=national&feed=1,ok,,社会
2026-09-13,2026-09-13T22:57:37.726680+09:00,その他メディア,,フジテレビ,【地震】岩手県内で震度2 津軽海峡を震源とする最大震度3の地震が発生 津波の心配なし,https://www.fnn.jp/articles/-/1113450,https://news.ceek.jp/search.cgi?category_id=national&feed=1,ok,,社会
2026-09-13,2026-09-13T22:57:37.726680+09:00,その他メディア,,フジテレビ,北海道で最大震度3の地震 北海道・函館市、青森県・野辺地町、東通村,https://www.fnn.jp/articles/-/1113448,https://news.ceek.jp/search.cgi?category_id=national&feed=1,ok,,社会
2026-09-13,2026-09-13T22:57:37.726680+09:00,その他メディア,,Smart FLASH,「道半ば」泉健太議員、中道解体の釈明に「どう考えても分裂」太田光がバッサリ...「意味わからない」ネットも呆れ,https://smart-flash.jp/sociopolitics/428231/,https://news.ceek.jp/search.cgi?category_id=national&feed=1,ok,,社会
2026-09-13,2026-09-13T22:57:37.726680+09:00,その他メディア,,フジテレビ,【速報】京都・伏見区の「大手筋商店街」で水道管が破裂 道路に水があふれる 「路面から水が漏れている」など複数の通報 警察が交通規制 原因は不明 現場を掘削へ,https://www.fnn.jp/articles/-/1113447,https://news.ceek.jp/search.cgi?category_id=national&feed=1,ok,,社会
2026-09-13,2026-09-13T22:57:37.726680+09:00,その他メディア,,テレ東BIZ,「AI開発減速を」アンソロピックCEO 暴走リスクに危機感 アルトマン氏とマスク氏も賛同,https://txbiz.tv-tokyo.co.jp/txn/news_txn/post_348628,https://news.ceek.jp/search.cgi?category_id=national&feed=1,ok,,社会
2026-09-13,2026-09-13T22:57:37.726680+09:00,その他メディア,,テレ東BIZ,自民党国対委員長に村井氏の起用固める 古川参院議員は入閣で調整,https://txbiz.tv-tokyo.co.jp/txn/news_txn/post_348629,https://news.ceek.jp/search.cgi?category_id=national&feed=1,ok,,社会
2026-09-13,2026-09-13T22:57:37.726680+09:00,その他メディア,,デイリースポーツ,代替拠点、石油在庫数日か,https://www.daily.co.jp/society/world/2026/09/13/0020816880.shtml,https://news.ceek.jp/search.cgi?category_id=world&feed=1,ok,,国際
2026-09-13,2026-09-13T22:57:37.726680+09:00,その他メディア,,テレビ朝日,フーシ派幹部が紅海海峡支配と主張 イランは無関係とも強調...エネルギー価格影響懸念,https://news.tv-asahi.co.jp/news_international/articles/000533101.html,https://news.ceek.jp/search.cgi?category_id=world&feed=1,ok,,国際
2026-09-13,2026-09-13T22:57:37.726680+09:00,全国紙,全国,読売新聞,7年ぶりにインドを訪れた習近平氏、「BRICSは歴史の主導権を」...首脳会議が閉幕,https://www.yomiuri.co.jp/world/20260913-GYT1T00163/,https://news.ceek.jp/search.cgi?category_id=world&feed=1,ok,,国際
2026-09-13,2026-09-13T22:57:37.726680+09:00,その他メディア,,Pars Today,ペゼシュキヤーン:もし核兵器を求めていたなら、NPTには加盟しなかった,https://parstoday.ir/ja/news/iran-i134536,https://news.ceek.jp/search.cgi?category_id=world&feed=1,ok,,国際
2026-09-13,2026-09-13T22:57:37.726680+09:00,その他メディア,,Pars Today,アラーグチー外相:ホルムズ海峡再開に対するイランの条件は、米国が自らの義務に戻ることだ,https://parstoday.ir/ja/news/iran-i134534,https://news.ceek.jp/search.cgi?category_id=world&feed=1,ok,,国際
2026-09-13,2026-09-13T22:57:37.726680+09:00,その他メディア,,テレビ朝日,日中友好議連の若手議員ら北京へ 中国側との会談前にAIやロボットのサービス視察,https://news.tv-asahi.co.jp/news_international/articles/000533092.html,https://news.ceek.jp/search.cgi?category_id=world&feed=1,ok,,国際
2026-09-13,2026-09-13T22:57:37.726680+09:00,その他メディア,,フジテレビ,インドネシア沖で旅客船沈没 地元メディア「6人死亡」 去年まで日本で運航,https://www.fnn.jp/articles/-/1113546,https://news.ceek.jp/search.cgi?category_id=world&feed=1,ok,,国際
2026-09-13,2026-09-13T22:57:37.726680+09:00,その他メディア,,ベトナムの声,フン首相、在インド・ベトナム大使館の職員と懇談,https://vovworld.vn/ja-JP/niyusu/funshouxiangzaiintohetonamudashiguannozhiyuantokentan-2465172.vov5,https://news.ceek.jp/search.cgi?category_id=world&feed=1,ok,,国際
2026-09-13,2026-09-13T22:57:37.726680+09:00,その他メディア,,ベトナムの声,正規化・近代化された海軍の建設,https://vovworld.vn/ja-JP/niyusu/zhengguihuajindaihuasaretahaijunnojianshe-2465169.vov5,https://news.ceek.jp/search.cgi?category_id=world&feed=1,ok,,国際
2026-09-13,2026-09-13T22:57:37.726680+09:00,その他メディア,,日本テレビ,"5000ドル!中間選挙勝利で“トランプ配当金"" 異例の党大会で...【バンキシャ!】",https://news.ntv.co.jp/category/international/55c363786d56447a95af1cf5e3f06d8d,https://news.ceek.jp/search.cgi?category_id=world&feed=1,ok,,国際
2026-09-13,2026-09-13T22:57:37.726680+09:00,その他メディア,,日本テレビ,"“核搭載も可能"" 駆逐艦を初配備 北朝鮮が海軍増強へ...独自入手の衛星写真を分析【バンキシャ!】",https://news.ntv.co.jp/category/international/599bf9dce4d44ff4a7d8a0d119838696,https://news.ceek.jp/search.cgi?category_id=world&feed=1,ok,,国際
2026-09-13,2026-09-13T22:57:37.726680+09:00,全国紙,全国,日本経済新聞,BRICSサミット閉幕、加盟国の思惑複雑に インド首相は「連帯」訴え,https://www.nikkei.com/article/DGXZQOGM131BN0T10C26A9000000/,https://news.ceek.jp/search.cgi?category_id=world&feed=1,ok,,国際
2026-09-13,2026-09-13T22:57:37.726680+09:00,全国紙,全国,産経新聞,スウェーデンで総選挙 野党陣営が僅差でリード 与党側勝利なら極右政党が入閣見通し,https://www.sankei.com/article/20260913-W7OYF4UQVRNKZM36VBVJHZRCKI/,https://news.ceek.jp/search.cgi?category_id=world&feed=1,ok,,国際
2026-09-13,2026-09-13T22:57:37.726680+09:00,その他メディア,,日本テレビ,インドネシアのジャワ海でフェリー沈没 6人死亡、130人が行方不明,https://news.ntv.co.jp/category/international/e4437498703f4f76b5a6f6fc645f6557,https://news.ceek.jp/search.cgi?category_id=world&feed=1,ok,,国際
2026-09-13,2026-09-13T22:57:37.726680+09:00,その他メディア,,ベトナムの声,ベトナムとエチオピアの包括的な協力関係をさらに発展,https://vovworld.vn/ja-JP/niyusu/hetonamutoechiohianobaokuodenaxieliguanxiwosaranifazhan-2465144.vov5,https://news.ceek.jp/search.cgi?category_id=world&feed=1,ok,,国際
2026-09-13,2026-09-13T22:57:37.726680+09:00,全国紙,全国,産経新聞,インド首相が重要鉱物規制を懸念 BRICS会合で中国牽制,https://www.sankei.com/article/20260913-XRREHMHUSFP4HBCT5VVN44FTXQ/,https://news.ceek.jp/search.cgi?category_id=world&feed=1,ok,,国際
2026-09-13,2026-09-13T22:57:37.726680+09:00,その他メディア,,ベトナムの声,ベトナム 実質的な協力の精神でBRICSと歩む用意,https://vovworld.vn/ja-JP/niyusu/hetonamu-shizhidenaxielinojingshentebricstobumuyongyi-2465143.vov5,https://news.ceek.jp/search.cgi?category_id=world&feed=1,ok,,国際
2026-09-13,2026-09-13T22:57:37.726680+09:00,全国紙,全国,読売新聞,インドネシアでフェリーが遭難か、100人以上救助も6人死亡・約130人が行方不明...日本人の被害情報なし,https://www.yomiuri.co.jp/world/20260913-GYT1T00122/,https://news.ceek.jp/search.cgi?category_id=world&feed=1,ok,,国際
2026-09-13,2026-09-13T22:57:37.726680+09:00,その他メディア,,Abema TIMES,パイプライン攻撃はイラン関与と認識 トランプ氏,https://times.abema.tv/articles/-/10272766?page=1,https://news.ceek.jp/search.cgi?category_id=world&feed=1,ok,,国際
2026-09-13,2026-09-13T22:57:37.726680+09:00,その他メディア,,共同通信,BRICSで中国けん制か インド首相、重要鉱物規制を懸念,https://www.47news.jp/14933686.html,https://news.ceek.jp/search.cgi?category_id=world&feed=1,ok,,国際
2026-09-13,2026-09-13T22:57:37.726680+09:00,その他メディア,,AFPBB News,習氏、BRICSで「オープンソースAI」構想を提案 米中会談控え,https://www.afpbb.com/articles/-/3652688,https://news.ceek.jp/search.cgi?category_id=world&feed=1,ok,,国際
2026-09-13,2026-09-13T22:57:37.726680+09:00,全国紙,全国,日本経済新聞,イラン「ホルムズで14日にオマーンと合意」 フーシは紅海側で攻勢,https://www.nikkei.com/article/DGXZQOGR131070T10C26A9000000/,https://news.ceek.jp/search.cgi?category_id=world&feed=1,ok,,国際
2026-09-13,2026-09-13T22:57:37.726680+09:00,その他メディア,,Forbes JAPAN,コメ農家9割黒字でも廃業急増 過去最多ペースに迫る撤退の背景,https://forbesjapan.com/articles/detail/104444,https://news.ceek.jp/search.cgi?category_id=world&feed=1,ok,,国際
2026-09-13,2026-09-13T22:57:37.726680+09:00,その他メディア,,TBSテレビ,フィリピン フェリー火災死者76人安否不明13人に 一方、インドネシア・ジャワ海では旅客船が転覆 1人死亡140人行方不明,https://newsdig.tbs.co.jp/articles/-/2941429?display=1,https://news.ceek.jp/search.cgi?category_id=world&feed=1,ok,,国際
2026-09-13,2026-09-13T22:57:37.726680+09:00,その他メディア,,テレビ朝日,ホルムズ海峡でイラン商船に飛翔体 1人死亡...新航路公表の会議にバーレーン不参加,https://news.tv-asahi.co.jp/news_international/articles/000533076.html,https://news.ceek.jp/search.cgi?category_id=world&feed=1,ok,,国際
2026-09-13,2026-09-13T22:57:37.726680+09:00,その他メディア,,英国ニュースダイジェスト,ネッシー目撃情報、すでに昨年超え,https://www.news-digest.co.uk/news/news/tabloid/27355-2026-9-13.html,https://news.ceek.jp/search.cgi?category_id=world&feed=1,ok,,国際
2026-09-13,2026-09-13T22:57:37.726680+09:00,その他メディア,,TBSテレビ,日本映画2作品 最高賞「金獅子賞」受賞逃す ベネチア国際映画祭 是枝裕和監督・「ルックバック」塚本晋也監督・「ネルソンさん、あなたは人を殺しましたか?」ノミネートも,https://newsdig.tbs.co.jp/articles/-/2941423?display=1,https://news.ceek.jp/search.cgi?category_id=world&feed=1,ok,,国際
2026-09-13,2026-09-13T22:57:37.726680+09:00,その他メディア,,NNA ASIA,オークランド地下鉄、火災で波乱のスタート,https://www.nna.jp/news/2966249,https://news.ceek.jp/search.cgi?category_id=world&feed=1,ok,,国際
2026-09-13,2026-09-13T22:57:37.726680+09:00,その他メディア,,NNA ASIA,BHPに集団訴訟、祝日勤務可否の確認せず,https://www.nna.jp/news/2966252,https://news.ceek.jp/search.cgi?category_id=world&feed=1,ok,,国際
2026-09-13,2026-09-13T22:57:37.726680+09:00,その他メディア,,NNA ASIA,豪株市場売り広がる、景気後退懸念も,https://www.nna.jp/news/2966489,https://news.ceek.jp/search.cgi?category_id=world&feed=1,ok,,国際
2026-09-13,2026-09-13T22:57:37.726680+09:00,その他メディア,,swissinfo.ch,赤字が急に黒字に転じる?スイス連邦予算の見通しが難しい理由,https://www.swissinfo.ch/jpn/macroeconomics/%e8%b5%a4%e5%ad%97%e3%81%8c%e6%80%a5%e3%81%ab%e9%bb%92%e5%ad%97%e3%81%ab%e8%bb%a2%e3%81%98%e3%82%8b%ef%bc%9f%e3%82%b9%e3%82%a4%e3%82%b9%e9%80%a3%e9%82%a6%e4%ba%88%e7%ae%97%e3%81%ae%e8%a6%8b%e9%80%9a%e3%81%97%e3%81%8c%e9%9b%a3%e3%81%97%e3%81%84%e7%90%86%e7%94%b1/92036987,https://news.ceek.jp/search.cgi?category_id=world&feed=1,ok,,国際
2026-09-13,2026-09-13T22:57:37.726680+09:00,その他メディア,,デイリースポーツ,中印首脳が和平協力申し出,https://www.daily.co.jp/society/world/2026/09/13/0020815690.shtml,https://news.ceek.jp/search.cgi?category_id=world&feed=1,ok,,国際
2026-09-13,2026-09-13T22:57:37.726680+09:00,その他メディア,,共同通信,中印首脳が和平協力申し出 ロシア大統領に,https://www.47news.jp/14933942.html,https://news.ceek.jp/search.cgi?category_id=world&feed=1,ok,,国際
2026-09-13,2026-09-13T22:57:37.726680+09:00,その他メディア,,共同通信,【速報】重要鉱物の武器化は進歩妨げるとインド首相,https://www.47news.jp/14933938.html,https://news.ceek.jp/search.cgi?category_id=world&feed=1,ok,,国際
2026-09-13,2026-09-13T22:57:37.726680+09:00,その他メディア,,共同通信,【速報】習氏、新興国の団結とAI構想を訴え,https://www.47news.jp/14933914.html,https://news.ceek.jp/search.cgi?category_id=world&feed=1,ok,,国際
2026-09-13,2026-09-13T22:57:37.726680+09:00,その他メディア,,日本テレビ,日中友好議連の若手議員らが訪中 北京に到着,https://news.ntv.co.jp/category/international/7eee81b26cd4453cbbe692bcf759b77c,https://news.ceek.jp/search.cgi?category_id=world&feed=1,ok,,国際
2026-09-13,2026-09-13T22:57:37.726680+09:00,その他メディア,,Abema TIMES,ジャワ海で船が消息不明 1人死亡 140人も依然不明,https://times.abema.tv/articles/-/10272759?page=1,https://news.ceek.jp/search.cgi?category_id=world&feed=1,ok,,国際
2026-09-13,2026-09-13T22:57:37.726680+09:00,その他メディア,,ポストセブン,"《花嫁が太ももまで泥水ビシャビシャ》「雨に結婚を止められたくない」“水没した教会""で結婚式、「洪水にも負けなかった愛」と称賛も懸念される感染症【フィリピン】",https://www.news-postseven.com/archives/20260913_2131505.html,https://news.ceek.jp/search.cgi?category_id=world&feed=1,ok,,国際
2026-09-13,2026-09-13T22:57:37.726680+09:00,その他メディア,,共同通信,スウェーデンで総選挙 野党陣営、僅差でリード,https://www.47news.jp/14933696.html,https://news.ceek.jp/search.cgi?category_id=world&feed=1,ok,,国際
2026-09-13,2026-09-13T22:57:37.726680+09:00,その他メディア,,宮古新報,古謝氏が初当選確実 12年ぶり保守県政へ 玉城氏3選ならず,https://miyakoshinpo.com/2026/09/13/%e5%8f%a4%e8%ac%9d%e6%b0%8f%e3%81%8c%e5%88%9d%e5%bd%93%e9%81%b8%e7%a2%ba%e5%ae%9f%e3%80%80%ef%bc%91%ef%bc%92%e5%b9%b4%e3%81%b6%e3%82%8a%e4%bf%9d%e5%ae%88%e7%9c%8c%e6%94%bf%e3%81%b8%e3%80%80%e7%8e%89/,https://news.ceek.jp/search.cgi?category_id=local&feed=1,ok,,地方・地域
2026-09-13,2026-09-13T22:57:37.726680+09:00,全国紙,全国,産経新聞,愛知・大治町長に横井氏、県警聴取で前町長辞職,https://www.sankei.com/article/20260913-QP7F4ZNZTRIMJOJWLOJSZ2JPMI/,https://news.ceek.jp/search.cgi?category_id=local&feed=1,ok,,地方・地域
2026-09-13,2026-09-13T22:57:37.726680+09:00,地方紙,沖縄,沖縄タイムス,座間味村議選 6人が当選【沖縄統一地方選 2026】,https://www.okinawatimes.co.jp/articles/-/1923191,https://news.ceek.jp/search.cgi?category_id=local&feed=1,ok,,地方・地域
2026-09-13,2026-09-13T22:57:37.726680+09:00,全国紙,全国,産経新聞,収賄・背任で服役、損賠訴訟で差し押さえ...波乱万丈の81歳元和歌山市長・旅田卓宗氏、和歌山県議に,https://www.sankei.com/article/20260913-7GKYUF3Y3FKOFBZKHNWKOBOHE4/,https://news.ceek.jp/search.cgi?category_id=local&feed=1,ok,,地方・地域
2026-09-13,2026-09-13T22:57:37.726680+09:00,その他メディア,,TBSテレビ,【速報】京都市の商店街の道路が水浸しに 6時間以上経っても水が止まらず 午後11時から断水して修繕作業へ 周辺住民に影響 京都・伏見区,https://newsdig.tbs.co.jp/articles/-/2941539?display=1,https://news.ceek.jp/search.cgi?category_id=local&feed=1,ok,,地方・地域
2026-09-13,2026-09-13T22:57:37.726680+09:00,その他メディア,,和歌山放送,【選挙】県議補選(和歌山市選挙区)林・金澤・旅田の3氏が当選/和歌山,https://news.wbs.co.jp/220055,https://news.ceek.jp/search.cgi?category_id=local&feed=1,ok,,地方・地域
2026-09-13,2026-09-13T22:57:37.726680+09:00,地方紙,広島,中国新聞,和歌山県議に旅田氏4選、16年半ぶり公職,https://www.chugoku-np.co.jp/articles/-/894268,https://news.ceek.jp/search.cgi?category_id=local&feed=1,ok,,地方・地域
2026-09-13,2026-09-13T22:57:37.726680+09:00,地方紙,沖縄,沖縄タイムス,【速報】本部町長選、元役場職員の仲宗根章氏が初当選,https://www.okinawatimes.co.jp/articles/-/1923047,https://news.ceek.jp/search.cgi?category_id=local&feed=1,ok,,地方・地域
2026-09-13,2026-09-13T22:57:37.726680+09:00,地方紙,広島,中国新聞,米大統領、AI開発規制の議論けん制,https://www.chugoku-np.co.jp/articles/-/894266,https://news.ceek.jp/search.cgi?category_id=local&feed=1,ok,,地方・地域
2026-09-13,2026-09-13T22:57:37.726680+09:00,地方紙,広島,中国新聞,ポーランド国境で列車攻撃,https://www.chugoku-np.co.jp/articles/-/894267,https://news.ceek.jp/search.cgi?category_id=local&feed=1,ok,,地方・地域
2026-09-13,2026-09-13T22:57:37.726680+09:00,全国紙,全国,中日新聞,ポーランド国境で列車攻撃 ロシア軍、けが人なし,https://www.chunichi.co.jp/article/1310905,https://news.ceek.jp/search.cgi?category_id=local&feed=1,ok,,地方・地域
2026-09-13,2026-09-13T22:57:37.726680+09:00,その他メディア,,徳島新聞,美馬市長選で敗れた䕃山勝利さん「全て私の力不足」,https://www.topics.or.jp/articles/-/1493761,https://news.ceek.jp/search.cgi?category_id=local&feed=1,ok,,地方・地域
2026-09-13,2026-09-13T22:57:37.726680+09:00,その他メディア,,秋田魁新報,秋季高校野球秋田県大会、8強出そろう 第10日の結果【戦評あり】,https://www.sakigake.jp/news/article/20260913AK0013/,https://news.ceek.jp/search.cgi?category_id=local&feed=1,ok,,地方・地域
2026-09-13,2026-09-13T22:57:37.726680+09:00,その他メディア,,秋田魁新報,魁星旗争奪社会人野球、TDKが連覇 最高殊勲選手賞に佐藤亜蓮,https://www.sakigake.jp/news/article/20260913AK0030/,https://news.ceek.jp/search.cgi?category_id=local&feed=1,ok,,地方・地域
2026-09-13,2026-09-13T22:57:37.726680+09:00,地方紙,沖縄,沖縄タイムス,東村議選 8人が当選【沖縄統一地方選 2026】,https://www.okinawatimes.co.jp/articles/-/1923181,https://news.ceek.jp/search.cgi?category_id=local&feed=1,ok,,地方・地域
2026-09-13,2026-09-13T22:57:37.726680+09:00,地方紙,広島,中国新聞,【記者コラム球炎】最下位だけは絶対に避けるべきだ 2026年9月13日ヤクルト戦 池本泰尚,https://www.chugoku-np.co.jp/articles/-/894260,https://news.ceek.jp/search.cgi?category_id=local&feed=1,ok,,地方・地域
2026-09-13,2026-09-13T22:57:37.726680+09:00,その他メディア,,室蘭民報,「戦争正当化」に苦い思い 孫が振り返る日系人建築家、テロ標的のNYビル設計,https://www.muromin.jp/news.php?id=149296,https://news.ceek.jp/search.cgi?category_id=local&feed=1,ok,,地方・地域
2026-09-13,2026-09-13T22:57:37.726680+09:00,地方紙,京都,京都新聞,J1・京都サンガ、ACLE初戦に向けアウェー韓国で即練習 「いい汗かけて良かった」,https://www.kyoto-np.co.jp/articles/-/1790061,https://news.ceek.jp/search.cgi?category_id=local&feed=1,ok,,地方・地域
2026-09-13,2026-09-13T22:57:37.726680+09:00,地方紙,沖縄,沖縄タイムス,【速報】伊是名村長選、元副村長の高良和彦氏が初当選確実 無所属新人,https://www.okinawatimes.co.jp/articles/-/1923058,https://news.ceek.jp/search.cgi?category_id=local&feed=1,ok,,地方・地域
2026-09-13,2026-09-13T22:57:37.726680+09:00,地方紙,長野,信濃毎日新聞,山雅、セカンドボール奪われ続け完敗 ピッチ内の認識のずれ、修正急務に 開幕6戦未勝利,https://www.shinmai.co.jp/news/article/gf01dajajcm29c62qgihm8ag,https://news.ceek.jp/search.cgi?category_id=local&feed=1,ok,,地方・地域
2026-09-13,2026-09-13T22:57:37.726680+09:00,地方紙,広島,中国新聞,普天間返還、辺野古提供2年以内にと古謝氏,https://www.chugoku-np.co.jp/articles/-/894265,https://news.ceek.jp/search.cgi?category_id=local&feed=1,ok,,地方・地域
2026-09-13,2026-09-13T22:57:37.726680+09:00,地方紙,広島,中国新聞,新潟県気象防災速報(竜巻注意) 第1号=気象庁発表,https://www.chugoku-np.co.jp/articles/-/894264,https://news.ceek.jp/search.cgi?category_id=local&feed=1,ok,,地方・地域
2026-09-13,2026-09-13T22:57:37.726680+09:00,その他メディア,,秋田魁新報,秋田ノーザンブレッツ、東京ガスに敗れる 社会人ラグビー,https://www.sakigake.jp/news/article/20260913AK0022/,https://news.ceek.jp/search.cgi?category_id=local&feed=1,ok,,地方・地域
2026-09-13,2026-09-13T22:57:37.726680+09:00,地方紙,広島,中国新聞,代替拠点、石油在庫数日か,https://www.chugoku-np.co.jp/articles/-/894263,https://news.ceek.jp/search.cgi?category_id=local&feed=1,ok,,地方・地域
2026-09-13,2026-09-13T22:57:37.726680+09:00,全国紙,全国,中日新聞,代替拠点、石油在庫数日か サウジ、パイプライン停止,https://www.chunichi.co.jp/article/1310898,https://news.ceek.jp/search.cgi?category_id=local&feed=1,ok,,地方・地域
2026-09-13,2026-09-13T22:57:37.726680+09:00,全国紙,全国,中日新聞,「野球に向き合ってきてよかった」 中日・上林誠知、国内FA権取得に感謝の思い「いまは残り少ないシーズンに集中していきます」,https://www.chunichi.co.jp/article/1310894,https://news.ceek.jp/search.cgi?category_id=local&feed=1,ok,,地方・地域
2026-09-13,2026-09-13T22:57:37.726680+09:00,地方紙,広島,中国新聞,打撃低調で借金20 3年連続シーズン負け越し 9月13日ヤクルト戦,https://www.chugoku-np.co.jp/articles/-/894259,https://news.ceek.jp/search.cgi?category_id=local&feed=1,ok,,地方・地域
2026-09-13,2026-09-13T22:57:37.726680+09:00,地方紙,広島,中国新聞,広島電鉄の路面電車「駅前大橋」に続く新ルートとは? いつ開通? 幹部に尋ねると...,https://www.chugoku-np.co.jp/articles/-/890265,https://news.ceek.jp/search.cgi?category_id=local&feed=1,ok,,地方・地域
2026-09-13,2026-09-13T22:57:37.726680+09:00,その他メディア,,秋田魁新報,ハピネッツ、仙台に55―80で敗れる 東北カップ決勝,https://www.sakigake.jp/news/article/20260913AK0019/,https://news.ceek.jp/search.cgi?category_id=local&feed=1,ok,,地方・地域
2026-09-13,2026-09-13T22:57:37.726680+09:00,地方紙,広島,中国新聞,マルク・マルケスが今季5勝目,https://www.chugoku-np.co.jp/articles/-/894262,https://news.ceek.jp/search.cgi?category_id=local&feed=1,ok,,地方・地域
2026-09-13,2026-09-13T22:57:37.726680+09:00,その他メディア,,TBSテレビ,【インタビュー全文】「沖縄を前に進める選択をしていただいた」沖縄県知事選挙で初当選の古謝玄太氏、当選直後の弁,https://newsdig.tbs.co.jp/articles/-/2941537?display=1,https://news.ceek.jp/search.cgi?category_id=local&feed=1,ok,,地方・地域
2026-09-13,2026-09-13T22:57:37.726680+09:00,全国紙,全国,産経新聞,根室市長に石垣氏3選,https://www.sankei.com/article/20260913-4HA3SQHPWBK3LOGWHCFEDUJM5I/,https://news.ceek.jp/search.cgi?category_id=local&feed=1,ok,,地方・地域
2026-09-13,2026-09-13T22:57:37.726680+09:00,地方紙,宮城,河北新報,終盤失速1位通過逃す 10得点のシェーファー反省「乗らせてしまった」<アジア大会 バスケットボール男子>,https://kahoku.news/articles/20260913khn000027.html,https://news.ceek.jp/search.cgi?category_id=local&feed=1,ok,,地方・地域
2026-09-13,2026-09-13T22:57:37.726680+09:00,全国紙,全国,中日新聞,大治町長選 横井氏初当選,https://www.chunichi.co.jp/article/1302664,https://news.ceek.jp/search.cgi?category_id=local&feed=1,ok,,地方・地域
2026-09-13,2026-09-13T22:57:37.726680+09:00,全国紙,全国,中日新聞,中日・森博人、2022年4月2日以来の勝利投手 中日・高橋宏斗、阪神・才木浩人の投げ合いで輝いたもう一人の「ヒロト」,https://www.chunichi.co.jp/article/1310889,https://news.ceek.jp/search.cgi?category_id=local&feed=1,ok,,地方・地域
2026-09-13,2026-09-13T22:57:37.726680+09:00,地方紙,広島,中国新聞,追徴税納付済みと総持院,https://www.chugoku-np.co.jp/articles/-/894261,https://news.ceek.jp/search.cgi?category_id=local&feed=1,ok,,地方・地域
2026-09-13,2026-09-13T22:57:37.726680+09:00,全国紙,全国,中日新聞,追徴税納付済みと総持院 宿坊運営で申告漏れ指摘,https://www.chunichi.co.jp/article/1310890,https://news.ceek.jp/search.cgi?category_id=local&feed=1,ok,,地方・地域
2026-09-13,2026-09-13T22:57:37.726680+09:00,地方紙,広島,中国新聞,広島イーグレッツ、地元初試合飾る バスケットボール女子Wリーグ2部,https://www.chugoku-np.co.jp/articles/-/894255,https://news.ceek.jp/search.cgi?category_id=local&feed=1,ok,,地方・地域
2026-09-13,2026-09-13T22:57:37.726680+09:00,地方紙,広島,中国新聞,ドラフラ、プレシーズンマッチで快勝,https://www.chugoku-np.co.jp/articles/-/894254,https://news.ceek.jp/search.cgi?category_id=local&feed=1,ok,,地方・地域
2026-09-13,2026-09-13T22:57:37.726680+09:00,地方紙,広島,中国新聞,広島県府中市上下の翁座で新喜劇 地元中学生が10月企画 生徒も「芸人」に,https://www.chugoku-np.co.jp/articles/-/891686,https://news.ceek.jp/search.cgi?category_id=local&feed=1,ok,,地方・地域
2026-09-13,2026-09-13T22:57:37.726680+09:00,全国紙,全国,朝日新聞,愛知・大治町長選、横井氏が初当選 新顔同士の一騎打ち制す,https://www.asahi.com/articles/ASV9F4D1QV9FOIPE003M.html,https://news.ceek.jp/search.cgi?category_id=local&feed=1,ok,,地方・地域
2026-09-13,2026-09-13T22:57:37.726680+09:00,全国紙,全国,中日新聞,8回守備で負傷の中日・石伊雄太は骨に異常なし 井上監督「ベンチに戻ってきた時にすごく腫れていた」「(起用は)様子を見ながら」,https://www.chunichi.co.jp/article/1310887,https://news.ceek.jp/search.cgi?category_id=local&feed=1,ok,,地方・地域
2026-09-13,2026-09-13T22:57:37.726680+09:00,その他メディア,,徳島新聞,美馬市長選、現職の加美一成氏が再選 事実上の一騎打ちを大差で制す,https://www.topics.or.jp/articles/-/1493747,https://news.ceek.jp/search.cgi?category_id=local&feed=1,ok,,地方・地域
2026-09-13,2026-09-13T22:57:37.726680+09:00,地方紙,新潟,新潟日報,[鉄道運行情報]JR羽越線の桑川ー越後寒川間で運転見合わせ 大雨の影響(9月13日),https://www.niigata-nippo.co.jp/articles/-/906016,https://news.ceek.jp/search.cgi?category_id=local&feed=1,ok,,地方・地域
2026-09-13,2026-09-13T22:57:37.726680+09:00,地方紙,新潟,新潟日報,[アルビ試合後リポート]「誰もよけない」と絶賛する指揮官、魂のシュートブロックでつかんだ執念の勝ち点3! 第6節ホーム山形戦,https://www.niigata-nippo.co.jp/articles/-/905986,https://news.ceek.jp/search.cgi?category_id=local&feed=1,ok,,地方・地域
2026-09-13,2026-09-13T22:57:37.726680+09:00,地方紙,沖縄,沖縄タイムス,「ワッター新知事、古謝玄太」歓喜のコール 不利な下馬評覆し逆転、支援者ら涙と拍手,https://www.okinawatimes.co.jp/articles/-/1923172,https://news.ceek.jp/search.cgi?category_id=local&feed=1,ok,,地方・地域
2026-09-13,2026-09-13T22:57:37.726680+09:00,全国紙,全国,中日新聞,【中日・井上監督語録】高橋宏が9イニング無失点142球の熱投「きょうの勝利は間違いなく宏斗の投球。圧巻だった『あっぱれ』」,https://www.chunichi.co.jp/article/1310884,https://news.ceek.jp/search.cgi?category_id=local&feed=1,ok,,地方・地域
2026-09-13,2026-09-13T22:57:37.726680+09:00,その他メディア,,東奥日報,静かな奥入瀬渓流楽しむ/大型車も交通規制,https://www.toonippo.co.jp/articles/-/2361599,https://news.ceek.jp/search.cgi?category_id=local&feed=1,ok,,地方・地域
2026-09-13,2026-09-13T22:57:37.726680+09:00,その他メディア,,愛媛新聞,[青森国スポ]ローイング かじ付き4人スカル少年女子が優勝、9クルー入賞,https://www.ehime-np.co.jp/article/news202609130192,https://news.ceek.jp/search.cgi?category_id=local&feed=1,ok,,地方・地域
2026-09-13,2026-09-13T22:57:37.726680+09:00,その他メディア,,秋田魁新報,キノコ採りの男性、鹿角市の山林で一時遭難 県防災ヘリで救助、けがなし,https://www.sakigake.jp/news/article/20260913AK0018/,https://news.ceek.jp/search.cgi?category_id=local&feed=1,ok,,地方・地域
2026-09-13,2026-09-13T22:57:37.726680+09:00,その他メディア,,徳島新聞,美馬市長選、加美一成氏が再選(開票結果),https://www.topics.or.jp/articles/-/1490872,https://news.ceek.jp/search.cgi?category_id=local&feed=1,ok,,地方・地域
2026-09-13,2026-09-13T22:57:37.726680+09:00,地方紙,広島,中国新聞,森翔平、1発に泣き5敗目「狙ったところより高く入った」 9月13日ヤクルト戦,https://www.chugoku-np.co.jp/articles/-/894253,https://news.ceek.jp/search.cgi?category_id=local&feed=1,ok,,地方・地域
2026-09-13,2026-09-13T22:57:37.726680+09:00,その他メディア,,東奥日報,新体操男子、ローイング木野田がV/あおもり国スポ,https://www.toonippo.co.jp/articles/-/2361598,https://news.ceek.jp/search.cgi?category_id=local&feed=1,ok,,地方・地域
2026-09-13,2026-09-13T22:57:37.726680+09:00,地方紙,新潟,新潟日報,[アジア大会・バスケ]日本は韓国に敗れ2位通過 主将の小川敦也(新潟市出身)が奮闘,https://www.niigata-nippo.co.jp/articles/-/906009,https://news.ceek.jp/search.cgi?category_id=local&feed=1,ok,,地方・地域
2026-09-13,2026-09-13T22:57:37.726680+09:00,全国紙,全国,中日新聞,勝利投手ではないのに...中日・高橋宏斗の熱投に異例のヒーローインタビュー「先にマウンドを降りたくない」阪神・才木との投手戦に思い,https://www.chunichi.co.jp/article/1310878,https://news.ceek.jp/search.cgi?category_id=local&feed=1,ok,,地方・地域
2026-09-13,2026-09-13T22:57:37.726680+09:00,地方紙,広島,中国新聞,神0―1中(13日),https://www.chugoku-np.co.jp/articles/-/894257,https://news.ceek.jp/search.cgi?category_id=local&feed=1,ok,,地方・地域
2026-09-13,2026-09-13T22:57:37.726680+09:00,地方紙,広島,中国新聞,卓球、佐藤瞳が日本勢対決制しV,https://www.chugoku-np.co.jp/articles/-/894256,https://news.ceek.jp/search.cgi?category_id=local&feed=1,ok,,地方・地域
2026-09-13,2026-09-13T22:57:37.726680+09:00,その他メディア,,TBSテレビ,【 今後の雨 】14~15日は雷を伴う激しい雨が降り大雨のおそれ 西日本~東北で大気の状態が非常に不安定 竜巻など激しい突風にも注意【今後の雨風シミュレーション・13日午後10時更新】,https://newsdig.tbs.co.jp/articles/-/2941497?display=1,https://news.ceek.jp/search.cgi?category_id=local&feed=1,ok,,地方・地域
2026-09-13,2026-09-13T22:57:37.726680+09:00,その他メディア,,TBSテレビ,【沖縄県知事選挙】午後7時30分時点の投票率は29.65% 期日前と合わせた最終投票率は60%台をうかがう状況,https://newsdig.tbs.co.jp/articles/-/2941531?display=1,https://news.ceek.jp/search.cgi?category_id=local&feed=1,ok,,地方・地域
2026-09-13,2026-09-13T22:57:37.726680+09:00,地方紙,広島,中国新聞,中村奨成、今季2度目の猛打賞「前半戦は何もできてない。取り返せるように」 9月13日ヤクルト戦,https://www.chugoku-np.co.jp/articles/-/894248,https://news.ceek.jp/search.cgi?category_id=local&feed=1,ok,,地方・地域
2026-09-13,2026-09-13T22:57:37.726680+09:00,地方紙,広島,中国新聞,セ・リーグ成績 13日まで,https://www.chugoku-np.co.jp/articles/-/894252,https://news.ceek.jp/search.cgi?category_id=local&feed=1,ok,,地方・地域
2026-09-13,2026-09-13T22:57:37.726680+09:00,その他メディア,,TBSテレビ,横断歩道を歩行中の男性(78)が軽乗用車にはねられ死亡 運転手の男(75)を過失運転傷害の疑いで現行犯逮捕 鹿児島市,https://newsdig.tbs.co.jp/articles/-/2941535?display=1,https://news.ceek.jp/search.cgi?category_id=local&feed=1,ok,,地方・地域
2026-09-13,2026-09-13T22:57:37.726680+09:00,全国紙,全国,中日新聞,中日、延長11回に決勝点!熱戦制し、連敗を『3』でストップ!先発・高橋宏斗が142球9イニング無失点12奪三振の熱投,https://www.chunichi.co.jp/article/1310874,https://news.ceek.jp/search.cgi?category_id=local&feed=1,ok,,地方・地域
2026-09-13,2026-09-13T22:57:37.726680+09:00,地方紙,長野,信濃毎日新聞,中山晋平の生涯を新作劇に 松本市で27年3月に上演へ 出演者ら募る,https://www.shinmai.co.jp/news/article/gf01daj9dpfscpf4olnjji4g,https://news.ceek.jp/search.cgi?category_id=local&feed=1,ok,,地方・地域
2026-09-13,2026-09-13T22:57:37.726680+09:00,地方紙,宮城,河北新報,仙台大と福祉大が勝ち点<仙台六大学野球秋季第3節>,https://kahoku.news/articles/20260913khn000026.html,https://news.ceek.jp/search.cgi?category_id=local&feed=1,ok,,地方・地域
2026-09-13,2026-09-13T22:57:37.726680+09:00,その他メディア,,山陰中央新聞,島根県大会に10チームが名乗り ゆめタウンカップ小学生バレー出雲部予選,https://www.sanin-chuo.co.jp/articles/-/1079033,https://news.ceek.jp/search.cgi?category_id=local&feed=1,ok,,地方・地域
2026-09-13,2026-09-13T22:57:37.726680+09:00,地方紙,広島,中国新聞,張本美和、中国選手破り優勝,https://www.chugoku-np.co.jp/articles/-/894251,https://news.ceek.jp/search.cgi?category_id=local&feed=1,ok,,地方・地域
2026-09-13,2026-09-13T22:57:37.726680+09:00,全国紙,全国,中日新聞,中日・細川成也が延長11回に待望の先制打!阪神3番手・木下の内角148キロ直球を左翼戦二塁打,https://www.chunichi.co.jp/article/1310872,https://news.ceek.jp/search.cgi?category_id=local&feed=1,ok,,地方・地域
2026-09-13,2026-09-13T22:57:37.726680+09:00,地方紙,広島,中国新聞,日本、決勝で韓国に敗戦,https://www.chugoku-np.co.jp/articles/-/894250,https://news.ceek.jp/search.cgi?category_id=local&feed=1,ok,,地方・地域
2026-09-13,2026-09-13T22:57:37.726680+09:00,地方紙,新潟,新潟日報,[陸上・全日本実業団対抗選手権]男子走り高跳び、長谷川直人(サトウ食品新潟アルビレックスRC)が2位,https://www.niigata-nippo.co.jp/articles/-/905990,https://news.ceek.jp/search.cgi?category_id=local&feed=1,ok,,地方・地域
2026-09-13,2026-09-13T22:57:37.726680+09:00,全国紙,全国,中日新聞,政権基盤が安定―自民 実績評価されず―立民,https://www.chunichi.co.jp/article/1310870,https://news.ceek.jp/search.cgi?category_id=local&feed=1,ok,,地方・地域
2026-09-13,2026-09-13T22:57:37.726680+09:00,地方紙,広島,中国新聞,政権基盤が安定―自民,https://www.chugoku-np.co.jp/articles/-/894249,https://news.ceek.jp/search.cgi?category_id=local&feed=1,ok,,地方・地域
2026-09-13,2026-09-13T22:57:37.726680+09:00,全国紙,全国,中日新聞,知事選、基地重視20%どまり 経済49%、大半が古謝氏に,https://www.chunichi.co.jp/article/1310869,https://news.ceek.jp/search.cgi?category_id=local&feed=1,ok,,地方・地域
2026-09-13,2026-09-13T22:57:37.726680+09:00,その他メディア,,東海テレビ,火元の家の3人を搬送...名古屋市中区の住宅密集地で火事 木造2階建てが全焼し3軒に延焼 78歳女性とみられる1人が死亡,https://www.tokai-tv.com/tokainews/feature/article_20260913_48278,https://news.ceek.jp/search.cgi?category_id=local&feed=1,ok,,地方・地域
2026-09-13,2026-09-13T22:57:37.726680+09:00,その他メディア,,まいどなニュース,質感ずっしり マシュマロたぷん 本郷柚巴がヤングアニマル18号表紙&巻頭G,https://maidonanews.jp/article/16884166,https://news.ceek.jp/search.cgi?category_id=local&feed=1,ok,,地方・地域
2026-09-13,2026-09-13T22:57:37.726680+09:00,その他メディア,,デーリー東北新聞,新人の荻野氏が当選 二戸市議補選,https://www.daily-tohoku.news/archives/CNTS2026091302438,https://news.ceek.jp/search.cgi?category_id=local&feed=1,ok,,地方・地域
2026-09-13,2026-09-13T22:57:37.726680+09:00,地方紙,京都,京都新聞,【ラグビー】敗れた立命館大学、ラインアウトが安定せず 「相手の強みを引き出す形に」,https://www.kyoto-np.co.jp/articles/-/1790034,https://news.ceek.jp/search.cgi?category_id=local&feed=1,ok,,地方・地域
2026-09-13,2026-09-13T22:57:37.726680+09:00,地方紙,広島,中国新聞,「入れ替えというか、サク(坂倉将吾)の疲労面を考慮」 菊池涼介の4番起用に新井貴浩監督 9月13日ヤクルト戦,https://www.chugoku-np.co.jp/articles/-/894240,https://news.ceek.jp/search.cgi?category_id=local&feed=1,ok,,地方・地域
2026-09-13,2026-09-13T22:57:37.726680+09:00,地方紙,京都,京都新聞,【ラグビー】京都産業大学がセットプレーで試合を優位に 「いい流れに持って行けた」,https://www.kyoto-np.co.jp/articles/-/1790035,https://news.ceek.jp/search.cgi?category_id=local&feed=1,ok,,地方・地域
2026-09-13,2026-09-13T22:57:37.726680+09:00,その他メディア,,大分合同新聞,大分市で劇団四季「コーラスライン」上演 エネルギッシュな歌やダンスに観客から大きな拍手,https://www.oita-press.co.jp/1010000000/2026/09/13/JDC2026091100957,https://news.ceek.jp/search.cgi?category_id=local&feed=1,ok,,地方・地域
2026-09-13,2026-09-13T22:57:37.726680+09:00,地方紙,広島,中国新聞,知事選、基地重視20%どまり,https://www.chugoku-np.co.jp/articles/-/894245,https://news.ceek.jp/search.cgi?category_id=local&feed=1,ok,,地方・地域
2026-09-13,2026-09-13T22:57:37.726680+09:00,その他メディア,,福井新聞,第1653回BIGの結果速報、9月13日発表 メガビッグも、キャリーオーバー額は,https://www.fukuishimbun.co.jp/articles/-/2697701,https://news.ceek.jp/search.cgi?category_id=local&feed=1,ok,,地方・地域
