date,collected_at,category,region,newspaper,headline,url,source_url,status,error_message,topic
2026-09-11,2026-09-11T07:49:18.561492+09:00,全国紙,全国,朝日新聞,誕生日迎えた紀子さま 交流ある人を訪ね歩き、見えてきた普段の姿,http://www.asahi.com/articles/ASV9B0QQGV9BUTIL028M.html,https://www.asahi.com/rss/asahi/newsheadlines.rdf,ok,,社会
2026-09-11,2026-09-11T07:49:18.561492+09:00,全国紙,全国,朝日新聞,【写真まとめ】紀子さま60歳に 手を握り、寄り添い歩んだ36年間,http://www.asahi.com/articles/ASV98053YV98UQIP037M.html,https://www.asahi.com/rss/asahi/newsheadlines.rdf,ok,,社会
2026-09-11,2026-09-11T07:49:18.561492+09:00,全国紙,全国,朝日新聞,所得制限なしの修学旅行無償化、東京の自治体で続々 格差懸念の声も,http://www.asahi.com/articles/ASV9B3V1HV9BOXIE023M.html,https://www.asahi.com/rss/asahi/newsheadlines.rdf,ok,,社会
2026-09-11,2026-09-11T07:49:18.561492+09:00,全国紙,全国,朝日新聞,友人が語る紀子さまの「素顔」 旅先でお忍び訪問、深く傷つく様子も,http://www.asahi.com/articles/ASV990BYWV99UTIL006M.html,https://www.asahi.com/rss/asahi/newsheadlines.rdf,ok,,社会
2026-09-11,2026-09-11T07:49:18.561492+09:00,全国紙,全国,朝日新聞,紀子さま、60歳の誕生日 「子どもたちの幸せ願い、見守りたい」,http://www.asahi.com/articles/ASV991TJHV99UTIL00VM.html,https://www.asahi.com/rss/asahi/newsheadlines.rdf,ok,,社会
2026-09-11,2026-09-11T07:49:18.561492+09:00,全国紙,全国,朝日新聞,東名高速道路で5台絡む多重事故 5人軽傷 愛知・豊田,http://www.asahi.com/articles/ASV9B3HMSV9BOIPE00LM.html,https://www.asahi.com/rss/asahi/newsheadlines.rdf,ok,,社会
2026-09-11,2026-09-11T07:49:18.561492+09:00,全国紙,全国,朝日新聞,那覇空港の滑走路1本が一時閉鎖 空自F15戦闘機が緊急着陸で,http://www.asahi.com/articles/ASV9B3RPZV9BTPOB006M.html,https://www.asahi.com/rss/asahi/newsheadlines.rdf,ok,,社会
2026-09-11,2026-09-11T07:49:18.561492+09:00,全国紙,全国,朝日新聞,天皇、皇后両陛下、版画家レンブラントを鑑賞 「表現が素晴らしい」,http://www.asahi.com/articles/ASV9B2HBGV9BUTIL00QM.html,https://www.asahi.com/rss/asahi/newsheadlines.rdf,ok,,社会
2026-09-11,2026-09-11T07:49:18.561492+09:00,全国紙,全国,朝日新聞,がん検診「70歳以上無料」消し忘れ 改正したつもりが誤って徴収,http://www.asahi.com/articles/ASV9B354LV9BUJUB00TM.html,https://www.asahi.com/rss/asahi/newsheadlines.rdf,ok,,社会
2026-09-11,2026-09-11T07:49:18.561492+09:00,全国紙,全国,朝日新聞,レールの高低差で一時運転見合わせ 岐阜県内の東海道新幹線,http://www.asahi.com/articles/ASV9B3C2QV9BUTIL01NM.html,https://www.asahi.com/rss/asahi/newsheadlines.rdf,ok,,社会
2026-09-11,2026-09-11T07:49:18.561492+09:00,全国紙,全国,朝日新聞,数少ない球界の女性トレーナーが大事にする姿勢 多様性の価値は,http://www.asahi.com/articles/ASV932RRLV93UTQP00FM.html,https://www.asahi.com/rss/asahi/newsheadlines.rdf,ok,,スポーツ
2026-09-11,2026-09-11T07:49:18.561492+09:00,全国紙,全国,朝日新聞,マルティネスはキューバ発、日本育ち 聞く耳を持ち絶対的守護神に,http://www.asahi.com/articles/ASV950FRYV95UTQP00WM.html,https://www.asahi.com/rss/asahi/newsheadlines.rdf,ok,,スポーツ
2026-09-11,2026-09-11T07:49:18.561492+09:00,全国紙,全国,朝日新聞,巨人・マルティネスが最速250セーブ 史上6人目、外国人投手で初,http://www.asahi.com/articles/ASV9B433KV9BUTQP00NM.html,https://www.asahi.com/rss/asahi/newsheadlines.rdf,ok,,スポーツ
2026-09-11,2026-09-11T07:49:18.561492+09:00,全国紙,全国,朝日新聞,大谷翔平の負傷者リスト入り 決断できなかったドジャースの事情は,http://www.asahi.com/articles/ASV9B3G0FV9BUTQP020M.html,https://www.asahi.com/rss/asahi/newsheadlines.rdf,ok,,スポーツ
2026-09-11,2026-09-11T07:49:18.561492+09:00,全国紙,全国,朝日新聞,長年共演の関口宏さん、張本勲さんを追悼「喝の名人でもありました」,http://www.asahi.com/articles/ASV9B3DFLV9BUCVL02FM.html,https://www.asahi.com/rss/asahi/newsheadlines.rdf,ok,,スポーツ
2026-09-11,2026-09-11T07:49:18.561492+09:00,全国紙,全国,朝日新聞,V字回復中の住友ファーマ 経営は「大谷選手を探すのではなく......」,http://www.asahi.com/articles/ASV992RSPV99PLFA004M.html,https://www.asahi.com/rss/asahi/newsheadlines.rdf,ok,,ビジネス
2026-09-11,2026-09-11T07:49:18.561492+09:00,全国紙,全国,朝日新聞,「マイクロ波」技術磨いて世界初の実用化 化学産業に変革の波,http://www.asahi.com/articles/ASV9B23W9V9BPLFA00LM.html,https://www.asahi.com/rss/asahi/newsheadlines.rdf,ok,,ビジネス
2026-09-11,2026-09-11T07:49:18.561492+09:00,全国紙,全国,朝日新聞,NY原油、5月以来の100ドル台 インフレ懸念で長期金利も上昇,http://www.asahi.com/articles/ASV9B4JMVV9BULFA023M.html,https://www.asahi.com/rss/asahi/newsheadlines.rdf,ok,,ビジネス
2026-09-11,2026-09-11T07:49:18.561492+09:00,全国紙,全国,朝日新聞,欧州中銀が0.25%の追加利上げ 2会合ぶり インフレを警戒,http://www.asahi.com/articles/ASV9B3GB1V9BUHBI00PM.html,https://www.asahi.com/rss/asahi/newsheadlines.rdf,ok,,ビジネス
2026-09-11,2026-09-11T07:49:18.561492+09:00,全国紙,全国,朝日新聞,欧州中銀、日銀よりも「タカ派」な三つの理由 年内の追加利上げ視野,http://www.asahi.com/articles/ASV9B3GJ2V9BUHBI01VM.html,https://www.asahi.com/rss/asahi/newsheadlines.rdf,ok,,ビジネス
2026-09-11,2026-09-11T07:49:18.561492+09:00,全国紙,全国,朝日新聞,静岡県御前崎市が「使用済み核燃料税」導入方針表明 中電浜岡原発,http://www.asahi.com/articles/ASV9B3DRGV9BUTPB00MM.html,https://www.asahi.com/rss/asahi/newsheadlines.rdf,ok,,政治
2026-09-11,2026-09-11T07:49:18.561492+09:00,全国紙,全国,朝日新聞,空自戦闘機、インドに初派遣 活発化する往来、防衛交流の新手段に,http://www.asahi.com/articles/ASV9B3JDLV9BUTFK002M.html,https://www.asahi.com/rss/asahi/newsheadlines.rdf,ok,,政治
2026-09-11,2026-09-11T07:49:18.561492+09:00,全国紙,全国,朝日新聞,野党4党、定数削減法案に反対 有識者が「理想の選挙制度」答申を,http://www.asahi.com/articles/ASV9B3CHZV9BUTFK003M.html,https://www.asahi.com/rss/asahi/newsheadlines.rdf,ok,,政治
2026-09-11,2026-09-11T07:49:18.561492+09:00,全国紙,全国,朝日新聞,安保や経済安保ODAに対応、「戦略対話」設置も 有識者会議が提言,http://www.asahi.com/articles/ASV9B3DW9V9BUTFK00FM.html,https://www.asahi.com/rss/asahi/newsheadlines.rdf,ok,,政治
2026-09-11,2026-09-11T07:49:18.561492+09:00,全国紙,全国,朝日新聞,外務省がイスラエルなどの危険情報を引き下げ 米イラン情勢踏まえ,http://www.asahi.com/articles/ASV9B3FPQV9BUTFK00LM.html,https://www.asahi.com/rss/asahi/newsheadlines.rdf,ok,,政治
2026-09-11,2026-09-11T07:49:18.561492+09:00,全国紙,全国,朝日新聞,9・11犠牲者、今も身元不明1千人 検視官が重ねた日本の3・11,http://www.asahi.com/articles/ASV984STCV98UHBI008M.html,https://www.asahi.com/rss/asahi/newsheadlines.rdf,ok,,国際
2026-09-11,2026-09-11T07:49:18.561492+09:00,全国紙,全国,朝日新聞,中国で修理中の外国貨物船から出火、25人死亡 習氏が原因究明指示,http://www.asahi.com/articles/ASV9B433JV9BUHBI029M.html,https://www.asahi.com/rss/asahi/newsheadlines.rdf,ok,,国際
2026-09-11,2026-09-11T07:49:18.561492+09:00,全国紙,全国,朝日新聞,インドにいないはずのオランウータン、森で5頭を保護 密輸されたか,http://www.asahi.com/articles/ASV9B2SQ8V9BUHBI01NM.html,https://www.asahi.com/rss/asahi/newsheadlines.rdf,ok,,国際
2026-09-11,2026-09-11T07:49:18.561492+09:00,全国紙,全国,朝日新聞,ハマス襲撃、UAEが事前警告か ネタニヤフ氏は否定 地元紙報道,http://www.asahi.com/articles/ASV9B2Q3BV9BUHBI017M.html,https://www.asahi.com/rss/asahi/newsheadlines.rdf,ok,,国際
2026-09-11,2026-09-11T07:49:18.561492+09:00,全国紙,全国,朝日新聞,トランプ氏「イランとの戦闘は中間選挙後に終結」 側近は長期化指摘,http://www.asahi.com/articles/ASV9B23GNV9BUHBI01MM.html,https://www.asahi.com/rss/asahi/newsheadlines.rdf,ok,,国際
2026-09-11,2026-09-11T07:49:18.561492+09:00,全国紙,全国,朝日新聞,いのち、平和見つめ直す 世界の宗教者ら 京と比叡山で来夏「集い」,http://www.asahi.com/articles/ASV9B2RR4V9BPLZB00GM.html,https://www.asahi.com/rss/asahi/newsheadlines.rdf,ok,,社会
2026-09-11,2026-09-11T07:49:18.561492+09:00,全国紙,全国,朝日新聞,集英社文庫、日本SFの名作の出版・配信を停止 「上限」超えて販売,http://www.asahi.com/articles/ASV9B34MXV9BUCVL027M.html,https://www.asahi.com/rss/asahi/newsheadlines.rdf,ok,,文化芸能
2026-09-11,2026-09-11T07:49:18.561492+09:00,全国紙,全国,朝日新聞,平城京の八条大路跡を確認 轍の痕跡や牛の足跡も 遷都後に造営か,http://www.asahi.com/articles/ASV9B2D09V9BPOMB005M.html,https://www.asahi.com/rss/asahi/newsheadlines.rdf,ok,,文化芸能
2026-09-11,2026-09-11T07:49:18.561492+09:00,全国紙,全国,朝日新聞,水星、実は半径12キロ縮んでいた 凹凸に隠れた「しわ」解明 北大,http://www.asahi.com/articles/ASV9B242PV9BUTFL005M.html,https://www.asahi.com/rss/asahi/newsheadlines.rdf,ok,,サイエンス
2026-09-11,2026-09-11T07:49:18.561492+09:00,全国紙,全国,朝日新聞,富士通が人工ダイヤを使った量子コンピューターを開発 試作機を公開,http://www.asahi.com/articles/ASV9B1H4BV9BUTFL00DM.html,https://www.asahi.com/rss/asahi/newsheadlines.rdf,ok,,サイエンス
2026-09-11,2026-09-11T07:49:18.561492+09:00,全国紙,全国,朝日新聞,島根原発3号機、安全対策の審査ほぼ終了 震災後に完成の原発で初,http://www.asahi.com/articles/ASV9B2PNRV9BUTFL014M.html,https://www.asahi.com/rss/asahi/newsheadlines.rdf,ok,,
2026-09-11,2026-09-11T07:49:18.561492+09:00,全国紙,全国,朝日新聞,演劇評論家の渡辺保さん死去 現代の歌舞伎批評を確立,http://www.asahi.com/articles/ASV9B3RRLV9BUCVL02QM.html,https://www.asahi.com/rss/asahi/newsheadlines.rdf,ok,,おくやみ
2026-09-11,2026-09-11T07:49:18.561492+09:00,全国紙,全国,朝日新聞,張本勲さん「僕の記録が日本で一番」 飾らぬ言葉で「記憶」を残した,http://www.asahi.com/articles/ASV9B0D9WV9BUTQP02SM.html,https://www.asahi.com/rss/asahi/newsheadlines.rdf,ok,,おくやみ
2026-09-11,2026-09-11T07:49:18.561492+09:00,全国紙,全国,朝日新聞,張本勲さんが死去 86歳、プロ野球最多の通算3085安打,http://www.asahi.com/articles/ASV9B0BRGV9BUTQP02SM.html,https://www.asahi.com/rss/asahi/newsheadlines.rdf,ok,,おくやみ
2026-09-11,2026-09-11T07:49:18.561492+09:00,全国紙,全国,毎日新聞,川口市立美術館12日グランドオープン ゆかりの地で蜷川実花展,https://mainichi.jp/articles/20260910/k00/00m/310/282000c,https://mainichi.jp/rss/etc/mainichi-flash.rss,ok,,ニュース
2026-09-11,2026-09-11T07:49:18.561492+09:00,全国紙,全国,毎日新聞,イラン支援のフーシ派が紅海の要衝制圧か 原油輸出に影響の恐れ,https://mainichi.jp/articles/20260911/k00/00m/030/004000c,https://mainichi.jp/rss/etc/mainichi-flash.rss,ok,,ニュース
2026-09-11,2026-09-11T07:49:18.561492+09:00,全国紙,全国,毎日新聞,「玉川」つながりで秋田の温泉盛り上げよう 東京の大学生が一役,https://mainichi.jp/articles/20260910/k00/00m/310/118000c,https://mainichi.jp/rss/etc/mainichi-flash.rss,ok,,ニュース
2026-09-11,2026-09-11T07:49:18.561492+09:00,全国紙,全国,毎日新聞,財源突出は「フィクション」 小池都知事、かつての政敵と共闘,https://mainichi.jp/articles/20260910/k00/00m/010/101000c,https://mainichi.jp/rss/etc/mainichi-flash.rss,ok,,ニュース
2026-09-11,2026-09-11T07:49:18.561492+09:00,全国紙,全国,毎日新聞,小池都政、子育て支援に15兆円 他県からうらやむ声や反発も,https://mainichi.jp/articles/20260910/k00/00m/010/093000c,https://mainichi.jp/rss/etc/mainichi-flash.rss,ok,,ニュース
2026-09-11,2026-09-11T07:49:18.561492+09:00,全国紙,全国,毎日新聞,身体障害者野球、女子軟式と親善試合 宮城・楽天球場で12日,https://mainichi.jp/articles/20260909/k00/00m/310/136000c,https://mainichi.jp/rss/etc/mainichi-flash.rss,ok,,ニュース
2026-09-11,2026-09-11T07:49:18.561492+09:00,全国紙,全国,毎日新聞,「あなたのテロで殺された」 ビンラディン氏に渡せなかった手紙,https://mainichi.jp/articles/20260908/k00/00m/040/070000c,https://mainichi.jp/rss/etc/mainichi-flash.rss,ok,,ニュース
2026-09-11,2026-09-11T07:49:18.561492+09:00,全国紙,全国,毎日新聞,「日本の国力高めるには...」 寝てない首相に睡眠の研究者が提言,https://mainichi.jp/articles/20260910/k00/00m/010/069000c,https://mainichi.jp/rss/etc/mainichi-flash.rss,ok,,ニュース
2026-09-11,2026-09-11T07:49:18.561492+09:00,全国紙,全国,毎日新聞,故郷から遠い日本で250S達成 マルティネスを支えた言葉と変化球,https://mainichi.jp/articles/20260908/k00/00m/050/225000c,https://mainichi.jp/rss/etc/mainichi-flash.rss,ok,,ニュース
2026-09-11,2026-09-11T07:49:18.561492+09:00,全国紙,全国,毎日新聞,読む政治:高市首相は参院自民に不満? 「権限外」の実力者人事が焦点に,https://mainichi.jp/articles/20260910/k00/00m/010/224000c,https://mainichi.jp/rss/etc/mainichi-flash.rss,ok,,ニュース
2026-09-11,2026-09-11T07:49:18.561492+09:00,全国紙,全国,毎日新聞,リュウグウは太陽系誕生「初期世代」の天体の残骸か 北大など,https://mainichi.jp/articles/20260910/k00/00m/040/078000c,https://mainichi.jp/rss/etc/mainichi-flash.rss,ok,,ニュース
2026-09-11,2026-09-11T07:49:18.561492+09:00,全国紙,全国,毎日新聞,ピアニストの北川暁子さん死去 81歳 東京芸大名誉教授,https://mainichi.jp/articles/20260911/k00/00m/040/001000c,https://mainichi.jp/rss/etc/mainichi-flash.rss,ok,,ニュース
2026-09-11,2026-09-11T07:49:18.561492+09:00,全国紙,全国,毎日新聞,「親子で活動、新たな気づきも」 紀子さま60歳 回答全文下,https://mainichi.jp/articles/20260910/k00/00m/040/117000c,https://mainichi.jp/rss/etc/mainichi-flash.rss,ok,,ニュース
2026-09-11,2026-09-11T07:49:18.561492+09:00,全国紙,全国,毎日新聞,「学び深め、クリエーティブな活動にも」 紀子さま回答全文中,https://mainichi.jp/articles/20260910/k00/00m/040/116000c,https://mainichi.jp/rss/etc/mainichi-flash.rss,ok,,ニュース
2026-09-11,2026-09-11T07:49:18.561492+09:00,全国紙,全国,毎日新聞,「家族一人一人が大切な心の支え」 紀子さま60歳 回答全文上,https://mainichi.jp/articles/20260910/k00/00m/040/104000c,https://mainichi.jp/rss/etc/mainichi-flash.rss,ok,,ニュース
2026-09-11,2026-09-11T07:49:18.561492+09:00,全国紙,全国,毎日新聞,紀子さまが60歳の誕生日 典範改正「子どもたちの幸せ願う」,https://mainichi.jp/articles/20260910/k00/00m/040/081000c,https://mainichi.jp/rss/etc/mainichi-flash.rss,ok,,ニュース
2026-09-11,2026-09-11T07:49:18.561492+09:00,全国紙,全国,毎日新聞,中国の造船所で火災、25人死亡 外国籍の貨物船から出火,https://mainichi.jp/articles/20260910/k00/00m/030/306000c,https://mainichi.jp/rss/etc/mainichi-flash.rss,ok,,ニュース
2026-09-11,2026-09-11T07:49:18.561492+09:00,全国紙,全国,毎日新聞,ネパール土石流、不明の日本人家族5人捜索続く 第2陣現地入り,https://mainichi.jp/articles/20260910/k00/00m/030/163000c,https://mainichi.jp/rss/etc/mainichi-flash.rss,ok,,ニュース
2026-09-11,2026-09-11T07:49:18.561492+09:00,全国紙,全国,毎日新聞,那覇空港に空自F15戦闘機が緊急着陸 8月にも立ち往生,https://mainichi.jp/articles/20260910/k00/00m/040/296000c,https://mainichi.jp/rss/etc/mainichi-flash.rss,ok,,ニュース
2026-09-11,2026-09-11T07:49:18.561492+09:00,全国紙,全国,毎日新聞,アルジェリア、UAEと断交へ 「挑発的な敵対行為」の結果と主張,https://mainichi.jp/articles/20260910/k00/00m/030/298000c,https://mainichi.jp/rss/etc/mainichi-flash.rss,ok,,ニュース
2026-09-11,2026-09-11T07:49:18.561492+09:00,全国紙,全国,産経新聞,<政治部取材メモ>中道崩壊で強まる野党の「石破待望論」 ただし、当の本人は興味なさげ,https://www.sankei.com/article/20260911-IDFPQVCPHVKATPW2VMQUB7ZODE/,https://www.sankei.com/,ok,,
2026-09-11,2026-09-11T07:49:18.561492+09:00,全国紙,全国,産経新聞,世界遺産認定 快挙生んだ考古学者の苦闘 百年にわたる魂の系譜...,https://www.sankei.com/article/20260815-QFGOV26NZFOPTOI5VG332AGYEA/?outputType=theme_election2026,https://www.sankei.com/,ok,,
2026-09-11,2026-09-11T07:49:18.561492+09:00,全国紙,全国,産経新聞,政府が外国と疑われる不審アカウント把握 高市首相「選挙への影...,https://www.sankei.com/article/20260318-U6PW4754BNE3XKFYBTQWPKM65A/?outputType=theme_election2026,https://www.sankei.com/,ok,,
2026-09-11,2026-09-11T07:49:18.561492+09:00,全国紙,全国,産経新聞,衆院選で国会議員の部屋割り一変 小沢、岡田、安住氏ら自民に明...,https://www.sankei.com/article/20260304-C5JCVB743FEVZMNEAU76GY4VNQ/?outputType=theme_election2026,https://www.sankei.com/,ok,,
2026-09-11,2026-09-11T07:49:18.561492+09:00,全国紙,全国,産経新聞,立正佼成会が衆院選で中道103人推薦 公明合流影響か 前回立...,https://www.sankei.com/article/20260303-EHLBLQ2BTRCSVGSJVFHI5TBX4U/?outputType=theme_election2026,https://www.sankei.com/,ok,,
2026-09-11,2026-09-11T07:49:18.561492+09:00,全国紙,全国,産経新聞,北朝鮮選手団が来日へ 愛知・名古屋アジア大会、核・ミサイル開発で制裁中・過去最大規模,https://www.sankei.com/article/20260911-VONRSOSY4JI7XGJDSVZUYZWB3M/,https://www.sankei.com/,ok,,
2026-09-11,2026-09-11T07:49:18.561492+09:00,全国紙,全国,産経新聞,榛葉氏「みんなの党が返還したから中道が困る」 浅尾氏、小川氏にXで「ご教示しますよ」,https://www.sankei.com/article/20260910-L273LR2UD5EBBI4GBOKQDQB2ZA/,https://www.sankei.com/,ok,,
2026-09-11,2026-09-11T07:49:18.561492+09:00,全国紙,全国,産経新聞,「イコールアース図法」提唱の米地図製作者「北方領土は日本の色に変える方針」を明言,https://www.sankei.com/article/20260910-CL5ILHJ6DBLW3A2I4TUWOPA4YM/,https://www.sankei.com/,ok,,
2026-09-11,2026-09-11T07:49:18.561492+09:00,全国紙,全国,産経新聞,中国、土石流被害のヒマラヤで「超巨大ダム」建設 下流域のインドが警戒する災害と水支配,https://www.sankei.com/article/20260910-CCXI5HNGNFOQZCLMYHOEE52EZI/,https://www.sankei.com/,ok,,
2026-09-11,2026-09-11T07:49:18.561492+09:00,全国紙,全国,産経新聞,還暦迎えた紀子さま、近年は佳子さまや悠仁さまと公的ご活動「教えられたりすることも」,https://www.sankei.com/article/20260911-PAE67GTBYNJ3BBIB6M3NCJ7HSE/,https://www.sankei.com/,ok,,
2026-09-11,2026-09-11T07:49:18.561492+09:00,全国紙,全国,産経新聞,インフル〝原因不明〟の早期流行 厚労省、前倒し接種可能を通知も「調達間に合わない」,https://www.sankei.com/article/20260911-JGKJSFHCZFNVPC7NQJWFZCQCSA/,https://www.sankei.com/,ok,,
2026-09-11,2026-09-11T07:49:18.561492+09:00,全国紙,全国,産経新聞,「活動の兆候がある」IAEA事務局長 米国が攻撃警告するイラン中部の山、核関連施設か,https://www.sankei.com/article/20260911-EBZWHTAD4BP2ZDC7R4SEOTG46M/,https://www.sankei.com/,ok,,
2026-09-11,2026-09-11T07:49:18.561492+09:00,全国紙,全国,産経新聞,中国から持ち込まれたヤギ生肉から感染性のある口蹄疫ウイルス 新千歳空港の検疫で初確認,https://www.sankei.com/article/20260910-3GFLLUOD2JIIFGFXKAGORNPYJQ/,https://www.sankei.com/,ok,,
2026-09-11,2026-09-11T07:49:18.561492+09:00,全国紙,全国,産経新聞,<産経抄>張本勲さん逝く、愛ゆえの「喝!」を置き土産に,https://www.sankei.com/article/20260911-TPLWKHFYSVNINIYGCNEYZEEW3A/,https://www.sankei.com/,ok,,
2026-09-11,2026-09-11T07:49:18.561492+09:00,全国紙,全国,産経新聞,新型iPhoneに半導体高騰と円安のダブルパンチ 〝アップル商法〟に限界も,https://www.sankei.com/article/20260910-AGL6EFOIXRLD3DHSAAAKLNAJX4/,https://www.sankei.com/,ok,,
2026-09-11,2026-09-11T07:49:18.561492+09:00,全国紙,全国,産経新聞,逃げ出す街から、逃げ込める街へ 「人一倍こだわる」森ビルの挑戦,https://www.sankei.com/article/20260901-RY5WWKHQZ5BQ3F53LRE3IHG3FQ/,https://www.sankei.com/,ok,,
2026-09-11,2026-09-11T07:49:18.561492+09:00,全国紙,全国,産経新聞,「人を大切にすることが、持続可能な農業へ」俳優の小林涼子さん、労災保険の大切さ語る,https://www.sankei.com/article/20260907-I2LMMWOHRNB7BJ2X6CJVNZDDCQ/,https://www.sankei.com/,ok,,
2026-09-11,2026-09-11T07:49:18.561492+09:00,全国紙,全国,産経新聞,東日本大震災発生15年半 犠牲者しのび捜索,https://www.sankei.com/article/20260911-5MJTA5JOFBJDDMS42WESXAMZWM/,https://www.sankei.com/,ok,,
2026-09-11,2026-09-11T07:49:18.561492+09:00,全国紙,全国,産経新聞,<主張>9・11から25年「中東発テロ」警戒を,https://www.sankei.com/article/20260911-NB2F67FVDVIRHKHQ56OY5TSDCM/,https://www.sankei.com/,ok,,
2026-09-11,2026-09-11T07:49:18.561492+09:00,全国紙,全国,産経新聞,ネパール土石流犠牲者か、下流インドで25遺体,https://www.sankei.com/article/20260911-3CXHOBAA3VPU3P66PFW5K6H2OM/,https://www.sankei.com/,ok,,
2026-09-11,2026-09-11T07:49:18.561492+09:00,全国紙,全国,東京新聞,いざという時、できる? 学校火災で脚光「救助袋」 夏休みに都内各校で降下訓練、記者も参加してみたら,https://www.tokyo-np.co.jp/article/514724,https://www.tokyo-np.co.jp/,ok,,
2026-09-11,2026-09-11T07:49:18.561492+09:00,全国紙,全国,東京新聞,都バスがあおり運転...ドラレコに「バカヤロー」罵声 30代男性運転手の免許取り消し,https://www.tokyo-np.co.jp/article/514734,https://www.tokyo-np.co.jp/,ok,,
2026-09-11,2026-09-11T07:49:18.561492+09:00,全国紙,全国,東京新聞,内閣広報室、72億円もの予算要求して何をアピール? 今年度の10倍かける「発信強化」とは,https://www.tokyo-np.co.jp/article/514771,https://www.tokyo-np.co.jp/,ok,,
2026-09-11,2026-09-11T07:49:18.561492+09:00,全国紙,全国,東京新聞,軍事力への過信、トランプ政権でも 米中枢同時テロから25年、イラン開戦の泥沼化はアメリカがいつか来た道,https://www.tokyo-np.co.jp/article/514708,https://www.tokyo-np.co.jp/,ok,,
2026-09-11,2026-09-11T07:49:18.561492+09:00,全国紙,全国,東京新聞,「使用人数」「設置場所」...専門家に聞いたら意外だった「救助袋」の正しい使い方,https://www.tokyo-np.co.jp/article/514725,https://www.tokyo-np.co.jp/,ok,,
2026-09-11,2026-09-11T07:49:18.561492+09:00,全国紙,全国,東京新聞,〈社説〉東海でも豪雨 日常から危機へ 瞬く間,https://www.tokyo-np.co.jp/article/514834,https://www.tokyo-np.co.jp/,ok,,
2026-09-11,2026-09-11T07:49:18.561492+09:00,全国紙,全国,東京新聞,〈社説〉学術会議の改組 学問の自由貫く気概を,https://www.tokyo-np.co.jp/article/514835,https://www.tokyo-np.co.jp/,ok,,
2026-09-11,2026-09-11T07:49:18.561492+09:00,全国紙,全国,東京新聞,豪雨多発でアンダーパスは要注意 万一の際の車からの脱出、今からできる準備は?,https://www.tokyo-np.co.jp/article/514762,https://www.tokyo-np.co.jp/,ok,,
2026-09-11,2026-09-11T07:49:18.561492+09:00,全国紙,全国,東京新聞,「子どもは多動こそ正常」 独協医科大診療部長が出す診断書...安易に薬を求める学校側に書き添えるのは,https://www.tokyo-np.co.jp/article/514679,https://www.tokyo-np.co.jp/,ok,,
2026-09-11,2026-09-11T07:49:18.561492+09:00,全国紙,全国,東京新聞,紀子さま還暦に 佳子さま、悠仁さまの日常を紹介、皇室典範改正を巡る質問には,https://www.tokyo-np.co.jp/article/514752,https://www.tokyo-np.co.jp/,ok,,
2026-09-11,2026-09-11T07:49:18.561492+09:00,全国紙,全国,東京新聞,マルティネス「どんなバッターが来ても自分が一番」 たどり着いた通算250セーブ、成功支えた家族への思い,https://www.tokyo-np.co.jp/article/514772,https://www.tokyo-np.co.jp/,ok,,
2026-09-11,2026-09-11T07:49:18.561492+09:00,全国紙,全国,東京新聞,PFAS汚染「公費で血液検査を」 東京都に1万5800人分署名を提出 予防と健康影響の把握に,https://www.tokyo-np.co.jp/article/514764,https://www.tokyo-np.co.jp/,ok,,
2026-09-11,2026-09-11T07:49:18.561492+09:00,全国紙,全国,東京新聞,中部電力、また不祥事...12億円の電気料金過大徴収、計算ミスを把握したのに2年半ほったらかし 返還へ,https://www.tokyo-np.co.jp/article/514688,https://www.tokyo-np.co.jp/,ok,,
2026-09-11,2026-09-11T07:49:18.561492+09:00,全国紙,全国,東京新聞,〈コラム 筆洗〉張本勲さんの右手の薬指と小指はかなり短く、癒着しているそう...,https://www.tokyo-np.co.jp/article/514799,https://www.tokyo-np.co.jp/,ok,,
2026-09-11,2026-09-11T07:49:18.561492+09:00,全国紙,全国,東京新聞,アイスランド捕鯨禁止か 来年2月法案提出の方針,https://www.tokyo-np.co.jp/article/514780,https://www.tokyo-np.co.jp/,ok,,
2026-09-11,2026-09-11T07:49:18.561492+09:00,全国紙,全国,東京新聞,なぜ妻の姓は「ソコロワ」で夫は「ソコロフ」? 話を聞いて分かった日本語にないルール,https://www.tokyo-np.co.jp/article/509286,https://www.tokyo-np.co.jp/,ok,,
2026-09-11,2026-09-11T07:49:18.561492+09:00,全国紙,全国,東京新聞,〈動画〉国民民主・玉木氏が代表選で再選 インフレ抑制や消費税減税は? 望月衣塑子記者が会見を解説,https://www.tokyo-np.co.jp/article/514381,https://www.tokyo-np.co.jp/,ok,,tag_movie
2026-09-11,2026-09-11T07:49:18.561492+09:00,全国紙,全国,東京新聞,〈動画〉望月衣塑子記者が共産・小池氏の会見を解説 沖縄県知事選の誹謗中傷は県外からが9割?,https://www.tokyo-np.co.jp/article/514121,https://www.tokyo-np.co.jp/,ok,,tag_movie
2026-09-11,2026-09-11T07:49:18.561492+09:00,全国紙,全国,東京新聞,〈動画〉望月衣塑子記者が中谷元・前防衛相の会見を解説 ICC赤根所長への制裁...高市首相に求めること,https://www.tokyo-np.co.jp/article/513386,https://www.tokyo-np.co.jp/,ok,,tag_movie
2026-09-11,2026-09-11T07:49:18.561492+09:00,全国紙,全国,東京新聞,「日本一面倒くさいブロック」にみんな夢中 足立区の町工場発 金属の端材がおもちゃに,https://www.tokyo-np.co.jp/article/513910,https://www.tokyo-np.co.jp/,ok,,square
2026-09-11,2026-09-11T07:49:18.561492+09:00,全国紙,全国,中日新聞,名古屋からタクシーがいなくなる? アジア大会期間中は稼働台数が減、乗り降り不可の区域も,https://www.chunichi.co.jp/article/1309653,https://www.chunichi.co.jp/,ok,,
2026-09-11,2026-09-11T07:49:18.561492+09:00,全国紙,全国,中日新聞,迫るアジア大会開幕、競歩会場をふんで汚すカラス撃退の秘策とは...,https://www.chunichi.co.jp/article/1309654,https://www.chunichi.co.jp/,ok,,
2026-09-11,2026-09-11T07:49:18.561492+09:00,全国紙,全国,中日新聞,内水氾濫の想定図、静岡県内11市町が未公表 5市では作成にも至らず、背景は,https://www.chunichi.co.jp/article/1309726,https://www.chunichi.co.jp/,ok,,
2026-09-11,2026-09-11T07:49:18.561492+09:00,全国紙,全国,中日新聞,四日市市が内水氾濫予測システム構築へ予算計上 来年の梅雨入り前に稼働目指す,https://www.chunichi.co.jp/article/1309491,https://www.chunichi.co.jp/,ok,,
2026-09-11,2026-09-11T07:49:18.561492+09:00,全国紙,全国,中日新聞,大雨で被災した中小企業の資金繰り、愛知県が支援 約100カ所の相談窓口で迅速対応,https://www.chunichi.co.jp/article/1309678,https://www.chunichi.co.jp/,ok,,
2026-09-11,2026-09-11T07:49:18.561492+09:00,全国紙,全国,中日新聞,津エアポートライン、運航再開めど立たず 11日は代替船を運航、事前予約者のみ乗船可能,https://www.chunichi.co.jp/article/1309696,https://www.chunichi.co.jp/,ok,,
2026-09-11,2026-09-11T07:49:18.561492+09:00,全国紙,全国,中日新聞,バスケ男子、日本がインドネシアに快勝発進 愛知・名古屋アジア大会、競技開始初日に登場,https://www.chunichi.co.jp/article/1309608,https://www.chunichi.co.jp/,ok,,
2026-09-11,2026-09-11T07:49:18.561492+09:00,全国紙,全国,中日新聞,水は引いても泥と悪臭...臨時休業や商品廃棄余儀なく 東海襲った記録的豪雨、店舗や医療機関にも影響,https://www.chunichi.co.jp/article/1309661,https://www.chunichi.co.jp/,ok,,
2026-09-11,2026-09-11T07:49:18.561492+09:00,全国紙,全国,中日新聞,あいちと三十三の両フィナンシャルグループ、経営統合の合意解消を発表,https://www.chunichi.co.jp/article/1309412,https://www.chunichi.co.jp/,ok,,
2026-09-11,2026-09-11T07:49:18.561492+09:00,全国紙,全国,中日新聞,「若さゆえの根拠のない自信があり...」王位戦7連覇の藤井聡太王位、10年前のデビュー当時振り返り,https://www.chunichi.co.jp/article/1309515,https://www.chunichi.co.jp/,ok,,
2026-09-11,2026-09-11T07:49:18.561492+09:00,全国紙,全国,中日新聞,中日・井上監督、約3カ月白星なしの金丸夢斗に奮起促す「踏ん張れば勝てる」「この経験は大事にしてほしい」,https://www.chunichi.co.jp/article/1309722,https://www.chunichi.co.jp/,ok,,
2026-09-11,2026-09-11T07:49:18.561492+09:00,全国紙,全国,中日新聞,「移民ビジネス」外国人の受け入れを巡る現実と課題,https://www.chunichi.co.jp/article/1233264,https://www.chunichi.co.jp/,ok,,
2026-09-11,2026-09-11T07:49:18.561492+09:00,全国紙,全国,中日新聞,【南山大&中日新聞ポッドキャスト企画】アメリカを考える~独立宣言から250年の大変動,https://www.chunichi.co.jp/article/1270383,https://www.chunichi.co.jp/,ok,,
2026-09-11,2026-09-11T07:49:18.561492+09:00,全国紙,全国,中日新聞,【第1部・外国人団地】共生を目指す外国人労働者の姿を描く,https://www.chunichi.co.jp/article/1237076,https://www.chunichi.co.jp/,ok,,
2026-09-11,2026-09-11T07:49:18.561492+09:00,全国紙,全国,中日新聞,読者が選んだグッとコラム大賞は...?,https://www.chunichi.co.jp/article/1230731,https://www.chunichi.co.jp/,ok,,
2026-09-11,2026-09-11T07:49:18.561492+09:00,全国紙,全国,中日新聞,【デジタル地図】南海トラフ巨大地震の想定震度マップ。あなたの地域の想定震度をチェック,https://www.chunichi.co.jp/article/1046009,https://www.chunichi.co.jp/,ok,,
2026-09-11,2026-09-11T07:49:18.561492+09:00,全国紙,全国,中日新聞,【動画】「名古屋ライド」で初逮捕 自転車のウイリー走行でバス通行妨害疑い、瀬戸市と尾張旭市の中学生2人,https://www.chunichi.co.jp/article/1308923,https://www.chunichi.co.jp/,ok,,video
2026-09-11,2026-09-11T07:49:18.561492+09:00,全国紙,全国,中日新聞,【動画】東海地方を襲った大雨、愛知県内では40人が軽いけが 名古屋市内の道路では165ヵ所で冠水,https://www.chunichi.co.jp/article/1308885,https://www.chunichi.co.jp/,ok,,video
2026-09-11,2026-09-11T07:49:18.561492+09:00,全国紙,全国,中日新聞,【動画】東海地方で再び大雨、木曽川水系飛騨川にレベル4氾濫危険警報,https://www.chunichi.co.jp/article/1308790,https://www.chunichi.co.jp/,ok,,video
2026-09-11,2026-09-11T07:49:18.561492+09:00,全国紙,全国,中日新聞,豪雪地帯で受け継がれる「結」の心がつなぐ夏景色 白川村の荻町城跡展望台,https://www.chunichi.co.jp/article/1309084,https://www.chunichi.co.jp/,ok,,tag_photo
2026-09-11,2026-09-11T07:49:18.561492+09:00,地方紙,長野,信濃毎日新聞,現場で演算処理「エッジAI」、ミネベア子会社が開発 フィジカルAIへの活用期待09/11 06:05■セルフレジに後付け想定、スタッフの負担軽減 ミネベアミツミ(北佐久郡御代田町)子会社のミツミ電機(東京)は、機器に直接搭載した人工知能(AI)で演算処理をする「エッジAI」の端末を開発した。まずは、小売店舗のセルフレジでカメラなどに端末を「後付け」し、AIが人や物の動きをその場で検知する用途を想...,https://www.shinmai.co.jp/news/article/gf01dahaf2tttbkcu3kri4l0,https://www.shinmai.co.jp/,ok,,
2026-09-11,2026-09-11T07:49:18.561492+09:00,地方紙,長野,信濃毎日新聞,家族の介護と別れ乗り越え喫茶再開 飯田市の74歳、6年ぶりのカウンターに09/11 07:30,https://www.shinmai.co.jp/news/article/gf01dah1m2tttbkcu3krfltg,https://www.shinmai.co.jp/,ok,,
2026-09-11,2026-09-11T07:49:18.561492+09:00,地方紙,長野,信濃毎日新聞,【独自】伊那市議会の議長、公職選挙法に抵触の恐れ 社長務める会社が地元の祭りに協賛金09/11 06:04,https://www.shinmai.co.jp/news/article/gf01daha9asvl121or84i600,https://www.shinmai.co.jp/,ok,,
2026-09-11,2026-09-11T07:49:18.561492+09:00,地方紙,長野,信濃毎日新聞,【独自】”空き家バンク”登録申込書、無断コピーし第三者に渡した疑い 麻績村職員2人を書類送検09/11 06:03,https://www.shinmai.co.jp/news/article/gf01dahan65ttbkcu3kri5jg,https://www.shinmai.co.jp/,ok,,
2026-09-11,2026-09-11T07:49:18.561492+09:00,地方紙,長野,信濃毎日新聞,効率的に食害被害防止へ、AIでシカの個体識別 諏訪東京理科大の研究室、霧ヶ峰にもカメラ設置09/11 06:02,https://www.shinmai.co.jp/news/article/gf01daha98tttbkcu3kri2gg,https://www.shinmai.co.jp/,ok,,
2026-09-11,2026-09-11T07:49:18.561492+09:00,地方紙,長野,信濃毎日新聞,敗戦と極貧・・・死の淵にあった旧満州の逃避行、克明に記録 11日命日の佐久市の画家、遺品ノート見つかる09/11 06:01,https://www.shinmai.co.jp/news/article/gf01dah7n3dttbkcu3krhbsg,https://www.shinmai.co.jp/,ok,,
2026-09-11,2026-09-11T07:49:18.561492+09:00,地方紙,長野,信濃毎日新聞,1おくやみ(9月11日付),https://www.shinmai.co.jp/news/article/gf01dah9altttbkcu3krhqp0,https://www.shinmai.co.jp/,ok,,
2026-09-11,2026-09-11T07:49:18.561492+09:00,地方紙,長野,信濃毎日新聞,5「脚震えた」 山雅の佐藤亮、”ラストチャンス”で一発回答 覚悟のピッチで踏み出した最初の一歩,https://www.shinmai.co.jp/news/article/gf01dah6erdttbkcu3krgrsg,https://www.shinmai.co.jp/,ok,,
2026-09-11,2026-09-11T07:49:18.561492+09:00,地方紙,長野,信濃毎日新聞,6〈社説〉皇族中傷対策 事実上の不敬罪復活では,https://www.shinmai.co.jp/news/article/gf01dah8ce4vl121or84hm7g,https://www.shinmai.co.jp/,ok,,
2026-09-11,2026-09-11T07:49:18.561492+09:00,地方紙,長野,信濃毎日新聞,7信州ブレイブウォリアーズ「早い段階からフルコートで守る」 Bプレミア開幕控え攻撃も機能,https://www.shinmai.co.jp/news/article/gf01dah9jrkvl121or84i0i0,https://www.shinmai.co.jp/,ok,,
2026-09-11,2026-09-11T07:49:18.561492+09:00,地方紙,長野,信濃毎日新聞,9飯田市の自動車ディーラー勤務の同僚3人、W杯の日本代表メンバーに,https://www.shinmai.co.jp/news/article/gf01dagkorlttbkcu3krdudg,https://www.shinmai.co.jp/,ok,,
2026-09-11,2026-09-11T07:49:18.561492+09:00,地方紙,長野,信濃毎日新聞,10渋谷諒太のプロ初ゴール 山雅の今季公式戦初勝利への先制点,https://www.shinmai.co.jp/news/article/gf01dah8t0lttbkcu3krho4g,https://www.shinmai.co.jp/,ok,,
2026-09-11,2026-09-11T07:49:18.561492+09:00,地方紙,長野,信濃毎日新聞,時代とともに変わる雨具の色 その変遷をたどると〈山と人と信州と〉長野県社会信州の山ウェブオリジナル山と人と信州と北アルプス09/11 06:04,https://www.shinmai.co.jp/news/article/gf01dah7l55ttbkcu3krham0,https://www.shinmai.co.jp/,ok,,
2026-09-11,2026-09-11T07:49:18.561492+09:00,地方紙,長野,信濃毎日新聞,長野県民おなじみの「おやき」とはまるで別物 遠く離れた地で出合い、ルーツを探る旅へ長野県くらし・話題ウェブオリジナルイブニング信毎コラム「硬面軟面」09/10 06:05,https://www.shinmai.co.jp/news/article/gf01dad5oocvl121or83t9v0,https://www.shinmai.co.jp/,ok,,
2026-09-11,2026-09-11T07:49:18.561492+09:00,地方紙,長野,信濃毎日新聞,【4コマ】南箕輪村が二つある!?【ここがわからんばい!信州】長野県主要くらし・話題イブニング信毎ウェブオリジナルここがわからんばい!信州南箕輪村09/08 11:30,https://www.shinmai.co.jp/news/article/gf01daf0j0dttbkcu3kr4sm0,https://www.shinmai.co.jp/,ok,,
2026-09-11,2026-09-11T07:49:18.561492+09:00,地方紙,長野,信濃毎日新聞,秋の中央アルプスへ でも予想外の足止め...「プランB」練っておく必要性実感【動画付き】長野県社会信州の山ウェブオリジナルイブニング信毎中央アルプスタカシが行く09/07 15:29,https://www.shinmai.co.jp/news/article/gf01daek3g5ttbkcu3kr3lo0,https://www.shinmai.co.jp/,ok,,
2026-09-11,2026-09-11T07:49:18.561492+09:00,地方紙,長野,信濃毎日新聞,初めて見た人は驚く?! 長野県で毎日放送されている“日本一難しい”イントロクイズ【ずくだせの日々】長野県文化・芸能主要エンタメウェブオリジナルイブニング信毎09/07 12:30,https://www.shinmai.co.jp/news/article/gf01dad95kkvl121or83uieg,https://www.shinmai.co.jp/,ok,,
2026-09-11,2026-09-11T07:49:18.561492+09:00,地方紙,長野,信濃毎日新聞,信州山レポート 山岳情報ぎゅっとお届け長野県社会安全登山・遭難信州の山ウェブオリジナル09/04 17:45,https://www.shinmai.co.jp/news/article/SHEX2026071400004787,https://www.shinmai.co.jp/,ok,,
2026-09-11,2026-09-11T07:49:18.561492+09:00,地方紙,長野,信濃毎日新聞,黒猫ケンちゃん、やっと美術館に入れたね 「盟友」警備員さんの手で長野県主要くらし・話題ウェブオリジナルイブニング信毎朝日新聞コラボ「いつも、どこかで」09/04 17:00,https://www.shinmai.co.jp/news/article/gf01da5t7sqm9tl84se12rs0,https://www.shinmai.co.jp/,ok,,
2026-09-11,2026-09-11T07:49:18.561492+09:00,地方紙,京都,京都新聞,人事異動ポータル,https://www.kyoto-np.co.jp/articles/-/1250583,https://www.kyoto-np.co.jp/,ok,,
2026-09-11,2026-09-11T07:49:18.561492+09:00,地方紙,京都,京都新聞,速報NY円、154円36~46銭,https://www.kyoto-np.co.jp/articles/-/1788773,https://www.kyoto-np.co.jp/,ok,,
2026-09-11,2026-09-11T07:49:18.561492+09:00,地方紙,京都,京都新聞,京都市上京区の「最後の明治人」114歳が歩んだ人生とは 94歳長女が語る人柄「いい親です」5:03市内国内最高齢となった京都市上京区の岸本ふよさん(114)が10日、京都新聞社などの取材に応じた。現在入居する北区の特別養護老人ホームで、親族...,https://www.kyoto-np.co.jp/articles/-/1788366,https://www.kyoto-np.co.jp/,ok,,
2026-09-11,2026-09-11T07:49:18.561492+09:00,地方紙,京都,京都新聞,京都市や関西の難関中学が出す入試問題が「変容」 進学塾が考える「難問解答」に必要な力は4:50市内中学受験の入試問題を解いたことがあるだろうか。難関校の合格を勝ち取るにはかなりの勉強量が必要とされ、大人でも解けずにうなってしまうほど。「...,https://www.kyoto-np.co.jp/articles/-/1783325,https://www.kyoto-np.co.jp/,ok,,
2026-09-11,2026-09-11T07:49:18.561492+09:00,地方紙,京都,京都新聞,京都市上京区の「200年の歴史」持つ屋敷を再生へ 超一流の職人が結集「迷宮性を表現したい」4:58市内京都市上京区の花街・上七軒で、お茶屋として長年使用されてきた築200年以上の古い家屋を、建築や造園など各界の「名匠」が迎賓用の邸宅として再...,https://www.kyoto-np.co.jp/articles/-/1788610,https://www.kyoto-np.co.jp/,ok,,
2026-09-11,2026-09-11T07:49:18.561492+09:00,地方紙,京都,京都新聞,ポッドキャストをなぜ今京都新聞社が始めるのか?ゆるさの中に生まれる習慣と魅力 人気パーソナリティを訪ねてみた5:00市内インターネット上で公開する音声番組「ポッドキャスト」。スマートフォンで好きな時間に聴ける自由さが魅力で、若年層を中心に利用が増えている。ラ...,https://www.kyoto-np.co.jp/articles/-/1786271,https://www.kyoto-np.co.jp/,ok,,
2026-09-11,2026-09-11T07:49:18.561492+09:00,地方紙,京都,京都新聞,京都女子大学の「大津市進出」に滋賀県が巨額支援へ 看護学部の施設整備をバックアップ5:08地域滋賀県は10日、県庁西隣の県有地(大津市)に開設する看護職養成系大学の事業候補者に決まった京都女子大に対し、施設整備費を支援する方針を明ら...,https://www.kyoto-np.co.jp/articles/-/1788557,https://www.kyoto-np.co.jp/,ok,,
2026-09-11,2026-09-11T07:49:18.561492+09:00,地方紙,京都,京都新聞,大阪高槻に関東人気スーパー初出店「まだまだ出せる」 大阪進出は手応え上々、「京都出店」にも強い意欲4:50地域関東を地盤とするスーパー「オーケー」(横浜市)が1日、重要エリアに位置づける大阪府高槻市に「高槻赤大路店」をオープンさせた。オーケーの二宮...,https://www.kyoto-np.co.jp/articles/-/1786149,https://www.kyoto-np.co.jp/,ok,,
2026-09-11,2026-09-11T07:49:18.561492+09:00,地方紙,京都,京都新聞,滋賀県草津市長選に僧侶の津田正顕氏が立候補表明 「人に投資をしていく」9月10日地域草津市の橋川渉前市長の任期途中での辞職に伴う市長選(10月11日告示、同18日投開票)に僧侶の津田正顕氏(46)が10日、無所属で立候補す...,https://www.kyoto-np.co.jp/articles/-/1788511,https://www.kyoto-np.co.jp/,ok,,
2026-09-11,2026-09-11T07:49:18.561492+09:00,地方紙,京都,京都新聞,テレビカーや2階建て...数々のユニーク電車生んだ京阪、次の一手は? 社長が語る「新型特急」「観光列車」9月10日地域,https://www.kyoto-np.co.jp/articles/-/1777050,https://www.kyoto-np.co.jp/,ok,,
2026-09-11,2026-09-11T07:49:18.561492+09:00,地方紙,京都,京都新聞,滋賀県のかばんメーカー、破産手続き開始決定 滋賀発ブランド、全国に出荷も9月9日地域,https://www.kyoto-np.co.jp/articles/-/1787213,https://www.kyoto-np.co.jp/,ok,,
2026-09-11,2026-09-11T07:49:18.561492+09:00,地方紙,京都,京都新聞,京都市に「世界最大手」参戦でにわかに競争激化 街中の「移動手段」覇権握る企業はどこか9月9日市内,https://www.kyoto-np.co.jp/articles/-/1787183,https://www.kyoto-np.co.jp/,ok,,
2026-09-11,2026-09-11T07:49:18.561492+09:00,地方紙,京都,京都新聞,京都サンガのDF石田侑資が1失点目を振り返る「言ってるだけじゃ伝わらなかったかも。僕の責任でもある」 一問一答9月8日地域,https://www.kyoto-np.co.jp/articles/-/1786494,https://www.kyoto-np.co.jp/,ok,,
2026-09-11,2026-09-11T07:49:18.561492+09:00,地方紙,京都,京都新聞,京都サンガのMF中野瑠馬「もう少しスイッチを入れられれば」「全員で前を向いてやっていく」 一問一答9月8日地域,https://www.kyoto-np.co.jp/articles/-/1786495,https://www.kyoto-np.co.jp/,ok,,
2026-09-11,2026-09-11T07:49:18.561492+09:00,地方紙,京都,京都新聞,「農家のことを何も考えていない」コメ作り続けられない、京都・滋賀の農家が悲鳴9月8日地域,https://www.kyoto-np.co.jp/articles/-/1786457,https://www.kyoto-np.co.jp/,ok,,
2026-09-11,2026-09-11T07:49:18.561492+09:00,地方紙,京都,京都新聞,京都府の運送会社、自己破産申請へ 長距離輸送を手がけるも、ドライバー不足など影響9月8日地域,https://www.kyoto-np.co.jp/articles/-/1786438,https://www.kyoto-np.co.jp/,ok,,
2026-09-11,2026-09-11T07:49:18.561492+09:00,地方紙,京都,京都新聞,定食が265円!「夢の社員食堂」 京都で急成長する「ピンク色」の工場、製造業変える「DX化」とは9月8日地域,https://www.kyoto-np.co.jp/articles/-/1780393,https://www.kyoto-np.co.jp/,ok,,
2026-09-11,2026-09-11T07:49:18.561492+09:00,地方紙,京都,京都新聞,京都大学の「就職先ランキング」トップ10は コンサルが上位席巻、メガバンクも復権目立つ9月7日市内,https://www.kyoto-np.co.jp/articles/-/1784988,https://www.kyoto-np.co.jp/,ok,,
2026-09-11,2026-09-11T07:49:18.561492+09:00,地方紙,京都,京都新聞,京都府の公立高校「存続の条件」は地域の関与にあり 関西大学教授「教育行政だけの課題ではない」9月7日地域,https://www.kyoto-np.co.jp/articles/-/1783878,https://www.kyoto-np.co.jp/,ok,,
2026-09-11,2026-09-11T07:49:18.561492+09:00,地方紙,京都,京都新聞,追悼特集「面影をたどって」 亡くなった著名人の生前の姿をしのぶ全国・海外,https://www.kyoto-np.co.jp/articles/-/1747763,https://www.kyoto-np.co.jp/,ok,,
2026-09-11,2026-09-11T07:49:18.561492+09:00,地方紙,兵庫,神戸新聞,神戸空港、周遊ニーズ拡大に期待 関西エア・三上新社長に聞く 「中国一本足」から脱却へ,https://www.kobe-np.co.jp/news/economy/202609/0020806541.shtml,https://www.kobe-np.co.jp/,ok,,
2026-09-11,2026-09-11T07:49:18.561492+09:00,地方紙,兵庫,神戸新聞,旧加美中、八千代中の跡地活用 最優秀提案者を選定 ネット通販、障害者福祉サービス 多可,https://www.kobe-np.co.jp/news/hokuban/202609/0020805573.shtml,https://www.kobe-np.co.jp/,ok,,
2026-09-11,2026-09-11T07:49:18.561492+09:00,地方紙,兵庫,神戸新聞,神明HD子会社、県内最大青果卸の神果を買収へ 物流効率化、全国でM&A加速,https://www.kobe-np.co.jp/news/economy/202609/0020806546.shtml,https://www.kobe-np.co.jp/,ok,,
2026-09-11,2026-09-11T07:49:18.561492+09:00,地方紙,兵庫,神戸新聞,県議の山本敏信さん死去 温厚な人柄、地元高砂の発展に尽力 市議5期、県議8期目 関係者ら惜しむ声,https://www.kobe-np.co.jp/news/touban/202609/0020806017.shtml,https://www.kobe-np.co.jp/,ok,,
2026-09-11,2026-09-11T07:49:18.561492+09:00,地方紙,兵庫,神戸新聞,みなと銀、土日祝日も営業は西宮と神戸の2店舗 11月22日開設 個人向け相談業務に特化,https://www.kobe-np.co.jp/news/economy/202609/0020806548.shtml,https://www.kobe-np.co.jp/,ok,,
2026-09-11,2026-09-11T07:49:18.561492+09:00,地方紙,兵庫,神戸新聞,トンネル、量販店、カフェ...初の上演会場続々 18日開幕、豊岡演劇祭 日常の場所を非日常に,https://www.kobe-np.co.jp/news/tajima/202609/0020806232.shtml,https://www.kobe-np.co.jp/,ok,,
2026-09-11,2026-09-11T07:49:18.561492+09:00,地方紙,兵庫,神戸新聞,明石市 市税収入482億円、過去最高 新市庁舎建設など投資的経費増 25年度一般会計決算,https://www.kobe-np.co.jp/news/akashi/202609/0020805720.shtml,https://www.kobe-np.co.jp/,ok,,
2026-09-11,2026-09-11T07:49:18.561492+09:00,地方紙,兵庫,神戸新聞,性的少数者の若者に居場所を 西宮拠点のNPO「プライドプロジェクト」 20年に当事者設立、出前授業も,https://www.kobe-np.co.jp/news/hanshin/202609/0020805265.shtml,https://www.kobe-np.co.jp/,ok,,
2026-09-11,2026-09-11T07:49:18.561492+09:00,地方紙,兵庫,神戸新聞,「救急の日」、看護師が1日救急隊長 2回出動「隊員の判断、連携に驚き」 北播磨医療センター・三木梨々華さん,https://www.kobe-np.co.jp/news/miki/202609/0020805649.shtml,https://www.kobe-np.co.jp/,ok,,
2026-09-11,2026-09-11T07:49:18.561492+09:00,地方紙,兵庫,神戸新聞,丹波篠山市の酒井市長が退任へ 「5期20年で良い区切り」来年2月の選挙に立候補せず,https://www.kobe-np.co.jp/news/society/202609/0020804939.shtml,https://www.kobe-np.co.jp/,ok,,
2026-09-11,2026-09-11T07:49:18.561492+09:00,地方紙,兵庫,神戸新聞,丹波篠山市長選、社団法人理事の吉良氏が立候補へ 42歳、現職市長から後継指名受け,https://www.kobe-np.co.jp/news/society/202609/0020805497.shtml,https://www.kobe-np.co.jp/,ok,,
2026-09-11,2026-09-11T07:49:18.561492+09:00,地方紙,兵庫,神戸新聞,新聞記事感想文で最優秀賞 尼崎・南武庫之荘中3年の新垣さん 県NIEのコンクール,https://www.kobe-np.co.jp/news/hanshin/202609/0020805268.shtml,https://www.kobe-np.co.jp/,ok,,
2026-09-11,2026-09-11T07:49:18.561492+09:00,地方紙,兵庫,神戸新聞,1部復帰に王手,https://www.kobe-np.co.jp/news/awaji/202609/0020806059.shtml,https://www.kobe-np.co.jp/,ok,,
2026-09-11,2026-09-11T07:49:18.561492+09:00,地方紙,兵庫,神戸新聞,<県政リアル 知事就任5年>(6)距離感 離れた大阪、県内首長も模索,https://www.kobe-np.co.jp/news/society/202608/0020681985.shtml,https://www.kobe-np.co.jp/,ok,,
2026-09-11,2026-09-11T07:49:18.561492+09:00,地方紙,兵庫,神戸新聞,AIがX投稿を自動要約 内容が二転三転、誤情報拡散の一因に,https://www.kobe-np.co.jp/news/society/202609/0020790642.shtml,https://www.kobe-np.co.jp/,ok,,
2026-09-11,2026-09-11T07:49:18.561492+09:00,地方紙,兵庫,神戸新聞,農村の未来、集落連携に託す 農地保全や生活支援へ 全国で組織化相次ぐ 県内は3地区が取り組み,https://www.kobe-np.co.jp/news/economy/202609/0020802158.shtml,https://www.kobe-np.co.jp/,ok,,
2026-09-11,2026-09-11T07:49:18.561492+09:00,地方紙,兵庫,神戸新聞,加古川の部活地域展開「かこ☆くら」仮登録110クラブ 来夏本格実施 地域偏在を懸念、公設型も検討へ,https://www.kobe-np.co.jp/news/touban/202609/0020793825.shtml,https://www.kobe-np.co.jp/,ok,,
2026-09-11,2026-09-11T07:49:18.561492+09:00,地方紙,兵庫,神戸新聞,加古川市の「危ない交差点」 市役所近くの十字路、植栽や歩道で車両見えにくく 周囲の建物で死角も,https://www.kobe-np.co.jp/news/richb/202609/0020797792.shtml,https://www.kobe-np.co.jp/,ok,,
2026-09-11,2026-09-11T07:49:18.561492+09:00,地方紙,兵庫,神戸新聞,<近日公開 9月のオススメ記事>バスケBプレミア、防災DX、「随想」新執筆陣...etc.,https://www.kobe-np.co.jp/news/richa/202608/0020749065.shtml,https://www.kobe-np.co.jp/,ok,,
2026-09-11,2026-09-11T07:49:18.561492+09:00,地方紙,兵庫,神戸新聞,「スピード感持ち事業推進」 関空運営権の民間売却10年、3空港一体運営 三上新社長が抱負,https://www.kobe-np.co.jp/news/economy/202609/0020806544.shtml,https://www.kobe-np.co.jp/,ok,,
2026-09-11,2026-09-11T07:49:18.561492+09:00,地方紙,熊本,熊本日日新聞,◎ランサムウエア,https://kumanichi.com/articles/1283666,https://kumanichi.com/rss.xml,ok,,
2026-09-11,2026-09-11T07:49:18.561492+09:00,地方紙,熊本,熊本日日新聞,ラピダス、月で半導体構想,https://kumanichi.com/articles/2034740,https://kumanichi.com/rss.xml,ok,,
2026-09-11,2026-09-11T07:49:18.561492+09:00,地方紙,熊本,熊本日日新聞,欧州CL、佐野航大はフル出場,https://kumanichi.com/articles/2034748,https://kumanichi.com/rss.xml,ok,,
2026-09-11,2026-09-11T07:49:18.561492+09:00,地方紙,熊本,熊本日日新聞,レバノン要衝地下施設破壊,https://kumanichi.com/articles/2034747,https://kumanichi.com/rss.xml,ok,,
2026-09-11,2026-09-11T07:49:18.561492+09:00,地方紙,熊本,熊本日日新聞,カナダ、防空兵器供与へ,https://kumanichi.com/articles/2034746,https://kumanichi.com/rss.xml,ok,,
2026-09-11,2026-09-11T07:49:18.561492+09:00,地方紙,熊本,熊本日日新聞,為替相場 11日(日本時間 7時),https://kumanichi.com/articles/2034698,https://kumanichi.com/rss.xml,ok,,
2026-09-11,2026-09-11T07:49:18.561492+09:00,地方紙,熊本,熊本日日新聞,アイスランド捕鯨禁止か,https://kumanichi.com/articles/2034693,https://kumanichi.com/rss.xml,ok,,
2026-09-11,2026-09-11T07:49:18.561492+09:00,地方紙,熊本,熊本日日新聞,NY原油、終値102ドル台,https://kumanichi.com/articles/2034743,https://kumanichi.com/rss.xml,ok,,
2026-09-11,2026-09-11T07:49:18.561492+09:00,地方紙,熊本,熊本日日新聞,NY株続落、316ドル安,https://kumanichi.com/articles/2034736,https://kumanichi.com/rss.xml,ok,,
2026-09-11,2026-09-11T07:49:18.561492+09:00,地方紙,熊本,熊本日日新聞,NY円、154円台前半,https://kumanichi.com/articles/2034745,https://kumanichi.com/rss.xml,ok,,
2026-09-11,2026-09-11T07:49:18.561492+09:00,地方紙,鹿児島,南日本新聞,鹿児島港本港区の北ふ頭利活用 最優秀提案に三菱倉庫・南国殖産グループ 大型緑地広場やターミナル展望フロア改修鹿児島県が利活用を計画する鹿児島港(鹿児島市)の本港区北ふ頭エリアの事業提案公募で、県は10日、最優秀提案者が三菱倉庫(東京都)と南国殖産(鹿児島市)でつくる企業グループに決まったと発表した。大型緑地広場の整備や、旅客ターミナル展望フロア改修を提案している。 県本港区まちづくり推進室によると、提案は同グループの1件のみ。評価委員会(委員長・木方十根鹿児島大大学院教授)がヒアリングなどを経9月11日 06:30,https://373news.com/news/local/detail/239408/,https://373news.com/,ok,,local
2026-09-11,2026-09-11T07:49:18.561492+09:00,地方紙,鹿児島,南日本新聞,【青森国スポ】ゴルフ女子鹿児島28位タイ発進 最終日の巻き返し誓う9月11日 06:30,https://373news.com/news/local/detail/239402/,https://373news.com/,ok,,local
2026-09-11,2026-09-11T07:49:18.561492+09:00,地方紙,鹿児島,南日本新聞,【青森国スポ】成年女子ライフル伏射 新里(鹿児島県協会)後半持ち直し10位9月11日 06:30,https://373news.com/news/local/detail/239399/,https://373news.com/,ok,,local
2026-09-11,2026-09-11T07:49:18.561492+09:00,地方紙,鹿児島,南日本新聞,【青森国スポ】少年男子板飛び込み 久保(鳳凰高)7位「高飛び込みは表彰台に立つ」9月11日 06:30,https://373news.com/news/local/detail/239397/,https://373news.com/,ok,,local
2026-09-11,2026-09-11T07:49:18.561492+09:00,地方紙,鹿児島,南日本新聞,南日本新聞社杯ナイターソフトボール大会 単独、混成あす12日決勝9月11日 06:30,https://373news.com/news/local/detail/239395/,https://373news.com/,ok,,local
2026-09-11,2026-09-11T07:49:18.561492+09:00,地方紙,鹿児島,南日本新聞,避難所想定「2畳」測ってみたら...居住スペースと通路の両立に苦悩9月11日 06:00,https://373news.com/news/local/detail/239400/,https://373news.com/,ok,,local
2026-09-11,2026-09-11T07:49:18.561492+09:00,地方紙,鹿児島,南日本新聞,鹿児島県議会9月定例会11日開会 県独自の宿泊割の予算案を即日採決9月11日 06:00,https://373news.com/news/local/detail/239381/,https://373news.com/,ok,,local
2026-09-11,2026-09-11T07:49:18.561492+09:00,地方紙,鹿児島,南日本新聞,漁業制限延長、組合員3分の2以上同意の意向――自衛隊基地整備の西之表市馬毛島9月11日 05:30,https://373news.com/news/local/detail/239401/,https://373news.com/,ok,,local
2026-09-11,2026-09-11T07:49:18.561492+09:00,地方紙,鹿児島,南日本新聞,糖度高く仕上がった梨とブドウ――秋の味覚楽しんで 霧島市溝辺の生産者が鹿児島知事にPR9月10日 23:05,https://373news.com/news/local/detail/239412/,https://373news.com/,ok,,local
2026-09-11,2026-09-11T07:49:18.561492+09:00,地方紙,鹿児島,南日本新聞,1鹿児島・薩摩川内の飲食店経営者「不同意性交」で逮捕...被害女性が1カ月後に届け出,https://373news.com/news/local/detail/239386/,https://373news.com/,ok,,local
2026-09-11,2026-09-11T07:49:18.561492+09:00,地方紙,鹿児島,南日本新聞,2熊本地震でキャンセル相次ぐ中、諦めなかった修学旅行――佐賀の中学校、4時間かけ鹿児島へバスの旅,https://373news.com/news/local/detail/239250/,https://373news.com/,ok,,local
2026-09-11,2026-09-11T07:49:18.561492+09:00,地方紙,鹿児島,南日本新聞,3約1カ月半の間に...レジから売上金17万円消えた――連絡取れなくなった元従業員「金に困っていた」 窃盗疑いで逮捕,https://373news.com/news/local/detail/239406/,https://373news.com/,ok,,local
2026-09-11,2026-09-11T07:49:18.561492+09:00,地方紙,鹿児島,南日本新聞,4未明の路上、20代女性の背後から...ミニバイクでひったくり、鹿児島の少年2人を容疑で逮捕 市中心部で3件の被害確認,https://373news.com/news/local/detail/239407/,https://373news.com/,ok,,local
2026-09-11,2026-09-11T07:49:18.561492+09:00,地方紙,鹿児島,南日本新聞,5指宿といえば、温泉。だけじゃない... 実は、観葉植物の国内屈指の生産地 JAいぶすき観葉センターの「秋のフェア」盛況,https://373news.com/news/local/detail/239360/,https://373news.com/,ok,,local
2026-09-11,2026-09-11T07:49:18.561492+09:00,地方紙,鹿児島,南日本新聞,6鹿児島市の国道3号 路線バスと乗用車が衝突,https://373news.com/news/local/detail/239355/,https://373news.com/,ok,,local
2026-09-11,2026-09-11T07:49:18.561492+09:00,地方紙,鹿児島,南日本新聞,7夜の公園、面識ない40代、50代男性狙い金品強奪...鹿児島の少年3人を逮捕 「奪った金は遊びに使った」,https://373news.com/news/local/detail/239344/,https://373news.com/,ok,,local
2026-09-11,2026-09-11T07:49:18.561492+09:00,地方紙,鹿児島,南日本新聞,8別の女性にもわいせつ目的でけがさせたか――31歳男を容疑で逮捕......暴行一部否認,https://373news.com/news/local/detail/239338/,https://373news.com/,ok,,local
2026-09-11,2026-09-11T07:49:18.561492+09:00,地方紙,鹿児島,南日本新聞,9拾った財布、そのまま持ち去り――76歳男「4万3千円」窃盗疑いで逮捕 阿久根署,https://373news.com/news/local/detail/239299/,https://373news.com/,ok,,local
2026-09-11,2026-09-11T07:49:18.561492+09:00,地方紙,鹿児島,南日本新聞,10午前4時のコンビニ、パンとチューハイ480円分...「万引き犯捕まえている」店の通報から1週間後、窃盗容疑で54歳の男逮捕 鹿児島,https://373news.com/news/local/detail/239331/,https://373news.com/,ok,,local
2026-09-11,2026-09-11T07:49:18.561492+09:00,地方紙,鹿児島,南日本新聞,「暑くないから大丈夫」そう言い張る高齢の親...冷房をつけさせたいけど、どう声かけたらいいの?――鹿児島の看護師が教える「否定しない伝え方」は8月20日 11:30,https://373news.com/lineup/kotimina/detail/238277/,https://373news.com/,ok,,
2026-09-11,2026-09-11T07:49:18.561492+09:00,地方紙,沖縄,沖縄タイムス,沖縄タイムス社はSNS時代の選挙報道指針を策定しました,https://www.okinawatimes.co.jp/articles/-/1912094,https://www.okinawatimes.co.jp/,ok,,
2026-09-11,2026-09-11T07:49:18.561492+09:00,地方紙,沖縄,沖縄タイムス,沖縄県知事選 当選ラインは「36万票」 古謝氏・玉城氏の選対本部長、最終盤の手応えは9月11日 7:15沖縄県知事選[知事選 9.13] 13日投開票の県知事選挙は、新人で元那覇市副市長の古謝玄太氏(42)と、現職で3期目を目指す玉城デニー氏(66)が事実上の一騎打ちを展開している。,https://www.okinawatimes.co.jp/articles/-/1921564,https://www.okinawatimes.co.jp/,ok,,
2026-09-11,2026-09-11T07:49:18.561492+09:00,地方紙,沖縄,沖縄タイムス,終盤の沖縄県知事選「あと一票」 古謝・玉城両候補、支持訴える7:00有料#沖縄県知事選,https://www.okinawatimes.co.jp/articles/-/1921640,https://www.okinawatimes.co.jp/,ok,,
2026-09-11,2026-09-11T07:49:18.561492+09:00,地方紙,沖縄,沖縄タイムス,辺野古新基地建設 護岸工事の契約額、最大3倍に膨れる 沖縄防衛局の発注 軟弱地盤の難工事が要因か5:00有料#普天間移設問題...,https://www.okinawatimes.co.jp/articles/-/1921558,https://www.okinawatimes.co.jp/,ok,,
2026-09-11,2026-09-11T07:49:18.561492+09:00,地方紙,沖縄,沖縄タイムス,那覇空港の第2滑走路が一時閉鎖 空自F15が油圧トラブルで着陸 約1時間後再開、到着14便に遅れ21:47#那覇空港,https://www.okinawatimes.co.jp/articles/-/1921399,https://www.okinawatimes.co.jp/,ok,,
2026-09-11,2026-09-11T07:49:18.561492+09:00,地方紙,沖縄,沖縄タイムス,沖縄県知事選は最終盤の「三日攻防」 古謝氏・玉城氏、票掘り起こしに全力6:00有料#沖縄県知事選,https://www.okinawatimes.co.jp/articles/-/1921560,https://www.okinawatimes.co.jp/,ok,,
2026-09-11,2026-09-11T07:49:18.561492+09:00,地方紙,沖縄,沖縄タイムス,沖縄タイムスにJCJ賞 日本ジャーナリスト会議、連載「『国防』の陰で」に6:00#JCJ賞,https://www.okinawatimes.co.jp/articles/-/1921561,https://www.okinawatimes.co.jp/,ok,,
2026-09-11,2026-09-11T07:49:18.561492+09:00,地方紙,沖縄,沖縄タイムス,[大弦小弦]地図に潜む偏見6:10有料#大弦小弦,https://www.okinawatimes.co.jp/articles/-/1921562,https://www.okinawatimes.co.jp/,ok,,
2026-09-11,2026-09-11T07:49:18.561492+09:00,地方紙,沖縄,沖縄タイムス,自動運転のEV開発へ イメイド社、台湾企業と連携 小型 時速20キロ未満 交通空白地で活用期待4:00有料#経済,https://www.okinawatimes.co.jp/articles/-/1921606,https://www.okinawatimes.co.jp/,ok,,
2026-09-11,2026-09-11T07:49:18.561492+09:00,地方紙,沖縄,沖縄タイムス,「定番のロゴTシャツとはひと味違う」オリオンビールとsodukがコラボ 9月11日からオンラインで販売18:12有料#沖縄の経済,https://www.okinawatimes.co.jp/articles/-/1921310,https://www.okinawatimes.co.jp/,ok,,
2026-09-11,2026-09-11T07:49:18.561492+09:00,地方紙,沖縄,沖縄タイムス,女子中学生を逮捕、バイク3人乗りでタクシーと衝突 逃走した2人を那覇署が追う21:50#事件・事故,https://www.okinawatimes.co.jp/articles/-/1921436,https://www.okinawatimes.co.jp/,ok,,
2026-09-11,2026-09-11T07:49:18.561492+09:00,地方紙,沖縄,沖縄タイムス,「金の延べ棒」事件 逮捕された“ニセ警察”の正体 那覇市の70代男性が4600万円相当被害21:22#事件・事故,https://www.okinawatimes.co.jp/articles/-/1921438,https://www.okinawatimes.co.jp/,ok,,
2026-09-11,2026-09-11T07:49:18.561492+09:00,地方紙,沖縄,沖縄タイムス,「一時的に晴れたが...」沖縄の梅雨明けは6月18日ではなく29日ごろ 気象庁が確定値発表、修正しなかった理由19:09有料#天気,https://www.okinawatimes.co.jp/articles/-/1921356,https://www.okinawatimes.co.jp/,ok,,
2026-09-11,2026-09-11T07:49:18.561492+09:00,地方紙,沖縄,沖縄タイムス,欧州CL、佐野航大はフル出場 伊藤洋輝は終盤から7:38#サッカー,https://www.okinawatimes.co.jp/articles/-/1921709,https://www.okinawatimes.co.jp/,ok,,
2026-09-11,2026-09-11T07:49:18.561492+09:00,地方紙,沖縄,沖縄タイムス,レバノン要衝地下施設破壊 ヒズボラ構築とイスラエル7:15#パレスチナ,https://www.okinawatimes.co.jp/articles/-/1921699,https://www.okinawatimes.co.jp/,ok,,
2026-09-11,2026-09-11T07:49:18.561492+09:00,地方紙,沖縄,沖縄タイムス,カナダ、防空兵器供与へ ウクライナに4百億円相当7:02#ウクライナ,https://www.okinawatimes.co.jp/articles/-/1921698,https://www.okinawatimes.co.jp/,ok,,
2026-09-11,2026-09-11T07:49:18.561492+09:00,地方紙,沖縄,沖縄タイムス,為替相場 11日(日本時間 7時)7:00#為替,https://www.okinawatimes.co.jp/articles/-/1921669,https://www.okinawatimes.co.jp/,ok,,
2026-09-11,2026-09-11T07:49:18.561492+09:00,地方紙,沖縄,沖縄タイムス,波名城翔 さんがコメント(9月8日 22:44),https://www.okinawatimes.co.jp/articles/-/1919063,https://www.okinawatimes.co.jp/,ok,,
2026-09-11,2026-09-11T07:49:18.561492+09:00,地方紙,沖縄,沖縄タイムス,東恩納盛雄 さんがコメント(9月8日 19:30),https://www.okinawatimes.co.jp/articles/-/1919066,https://www.okinawatimes.co.jp/,ok,,
2026-09-11,2026-09-11T07:49:18.561492+09:00,その他メディア,,週刊プレイボーイ,"""争点だらけ""の沖縄県知事選、全候補者に突撃! 米軍基地の辺野古移設、全国最低水準の所得改善、鉄軌道の実現......",https://wpb.shueisha.co.jp/news/politics/20260911-132793/,https://news.ceek.jp/search.cgi?category_id=politics&feed=1,ok,,政治
2026-09-11,2026-09-11T07:49:18.561492+09:00,その他メディア,,時事通信,高市首相、閣僚担務再編へ 「復興・防災」兼務検討―消費税担当の新設浮上・内閣改造,https://www.jiji.com/jc/article?k=2026091001055&g=pol,https://news.ceek.jp/search.cgi?category_id=politics&feed=1,ok,,政治
2026-09-11,2026-09-11T07:49:18.561492+09:00,その他メディア,,週刊プレイボーイ,【#佐藤優のシン世界地図探索177】プーチンが択捉島へ行き、上海協力機構首脳会議で習近平に会った理由,https://wpb.shueisha.co.jp/news/politics/20260911-132797/,https://news.ceek.jp/search.cgi?category_id=politics&feed=1,ok,,政治
2026-09-11,2026-09-11T07:49:18.561492+09:00,全国紙,全国,朝日新聞,物価高対策「京都ポイント」 なぜ2人に1人分の予算? 市の答えは,https://www.asahi.com/articles/ASV9B1J54V9BPLZB00HM.html,https://news.ceek.jp/search.cgi?category_id=politics&feed=1,ok,,政治
2026-09-11,2026-09-11T07:49:18.561492+09:00,全国紙,全国,産経新聞,「所得連動型給付」負担協議 政府と自治体、国が3分の2以上・残りは都道府県と市町村,https://www.sankei.com/article/20260911-4QWKITJX55NLLIVS7XY2KCNA64/,https://news.ceek.jp/search.cgi?category_id=politics&feed=1,ok,,政治
2026-09-11,2026-09-11T07:49:18.561492+09:00,その他メディア,,フジテレビ,自民党の政治資金問題巡り 木原官房長官が不記載議員の入閣可能性に言及「国民の信任を得ている」,https://www.fnn.jp/articles/-/1112230,https://news.ceek.jp/search.cgi?category_id=politics&feed=1,ok,,政治
2026-09-11,2026-09-11T07:49:18.561492+09:00,その他メディア,,JBpress,AfD圧勝の陰で進むドイツ再軍備、「眠れる黒い鷲」が再び翼を広げる日軍事力を強化する国家、既成政治への支持を失う社会――二つの変化が同時進行,https://jbpress.ismedia.jp/articles/-/96925,https://news.ceek.jp/search.cgi?category_id=politics&feed=1,ok,,政治
2026-09-11,2026-09-11T07:49:18.561492+09:00,その他メディア,,JBpress,国債の「金利」は「儲け」ではない!?リスクフリーは資産運用にあらずNISA対象・税制優遇も愚策である本質的理由【ミニマル金融のススメ】,https://jbpress.ismedia.jp/articles/-/96957,https://news.ceek.jp/search.cgi?category_id=politics&feed=1,ok,,政治
2026-09-11,2026-09-11T07:49:18.561492+09:00,その他メディア,,JBpress,"中道解体、枝野幸男氏の強烈な警鐘 「『野党は批判ばかり』批判に萎縮をするな」...“邪道""な高市政権との戦い方立憲創設者・枝野氏が思いを激白、合流破談を超えて野党を再建する道",https://jbpress.ismedia.jp/articles/-/96960,https://news.ceek.jp/search.cgi?category_id=politics&feed=1,ok,,政治
2026-09-11,2026-09-11T07:49:18.561492+09:00,その他メディア,,JBpress,「党はバラバラ、なのに会派は一緒」 分裂中道は重い「党議拘束」に耐えられるか?臨時国会で早々に試される結束【西田亮介の週刊時評】選挙で支持されなかった「中道」を会派に、有権者不在「永田町ムラの論理」,https://jbpress.ismedia.jp/articles/-/96964,https://news.ceek.jp/search.cgi?category_id=politics&feed=1,ok,,政治
2026-09-11,2026-09-11T07:49:18.561492+09:00,全国紙,全国,日本経済新聞,佐藤啓官房副長官「攻めの予防医療に投資」 新興国へ輸出狙う,https://www.nikkei.com/article/DGXZQOUA274800X20C26A8000000/,https://news.ceek.jp/search.cgi?category_id=politics&feed=1,ok,,政治
2026-09-11,2026-09-11T07:49:18.561492+09:00,全国紙,全国,日本経済新聞,退職した自衛官に給付、年390万円に上げ 担い手確保へ処遇改善,https://www.nikkei.com/article/DGXZQOUA036E80T00C26A9000000/,https://news.ceek.jp/search.cgi?category_id=politics&feed=1,ok,,政治
2026-09-11,2026-09-11T07:49:18.561492+09:00,全国紙,全国,日本経済新聞,国会審議、説明責任の核心 与野党「国対」が設定も高市首相答弁少なく,https://www.nikkei.com/article/DGXZQOUA062BZ0W6A900C2000000/,https://news.ceek.jp/search.cgi?category_id=politics&feed=1,ok,,政治
2026-09-11,2026-09-11T07:49:18.561492+09:00,全国紙,全国,産経新聞,高市日誌10日(木),https://www.sankei.com/article/20260911-HQDS4OURVZNLDL4RN53AGIQGM4/,https://news.ceek.jp/search.cgi?category_id=politics&feed=1,ok,,政治
2026-09-11,2026-09-11T07:49:18.561492+09:00,全国紙,全国,読売新聞,中低所得者向け給付制度の担当相、創設を検討...臨時国会召集10月5日で調整,https://www.yomiuri.co.jp/politics/20260910-GYT1T00349/,https://news.ceek.jp/search.cgi?category_id=politics&feed=1,ok,,政治
2026-09-11,2026-09-11T07:49:18.561492+09:00,全国紙,全国,読売新聞,自治体発注 改善指導指示 価格転嫁 中小賃上げへ作業部会,https://www.yomiuri.co.jp/politics/20260910-GYT1T00377/,https://news.ceek.jp/search.cgi?category_id=politics&feed=1,ok,,政治
2026-09-11,2026-09-11T07:49:18.561492+09:00,全国紙,全国,読売新聞,維新ポスト 藤田氏「わがまま言わぬ」,https://www.yomiuri.co.jp/politics/20260910-GYT1T00378/,https://news.ceek.jp/search.cgi?category_id=politics&feed=1,ok,,政治
2026-09-11,2026-09-11T07:49:18.561492+09:00,全国紙,全国,読売新聞,木原氏「判断基準は政策」 内閣改造 連立合意書 更新せず,https://www.yomiuri.co.jp/politics/20260910-GYT1T00381/,https://news.ceek.jp/search.cgi?category_id=politics&feed=1,ok,,政治
2026-09-11,2026-09-11T07:49:18.561492+09:00,全国紙,全国,読売新聞,衆院選制度 野党4党 座長試案批判 抜本改革向け 第三者機関を要求,https://www.yomiuri.co.jp/politics/20260910-GYT1T00382/,https://news.ceek.jp/search.cgi?category_id=politics&feed=1,ok,,政治
2026-09-11,2026-09-11T07:49:18.561492+09:00,全国紙,全国,読売新聞,高市首相の一日(10日),https://www.yomiuri.co.jp/politics/20260911-GYT1T00051/,https://news.ceek.jp/search.cgi?category_id=politics&feed=1,ok,,政治
2026-09-11,2026-09-11T07:49:18.561492+09:00,その他メディア,,WEDGE Infinity,<国際的な「システムネス」の構築を!>人的ネットワーク強化に向けて日本が持つべき視点,https://wedge.ismedia.jp/articles/-/41047,https://news.ceek.jp/search.cgi?category_id=politics&feed=1,ok,,政治
2026-09-11,2026-09-11T07:49:18.561492+09:00,その他メディア,,WEDGE Infinity,イランを食い物にするプーチン...カスピ海経由のドローンはウクライナ戦争の主力に、一方で米国「制裁」への支援は?,https://wedge.ismedia.jp/articles/-/41067,https://news.ceek.jp/search.cgi?category_id=politics&feed=1,ok,,政治
2026-09-11,2026-09-11T07:49:18.561492+09:00,その他メディア,,WEDGE Infinity,韓国国防長官を交代へ...李在明政権の国防政策と嚙み合わない人事、その裏にあるものとは?,https://wedge.ismedia.jp/articles/-/41068,https://news.ceek.jp/search.cgi?category_id=politics&feed=1,ok,,政治
2026-09-11,2026-09-11T07:49:18.561492+09:00,全国紙,全国,読売新聞,首相と麻生氏 連日会談 具体的な人事構想 協議か,https://www.yomiuri.co.jp/politics/20260910-GYT1T00379/,https://news.ceek.jp/search.cgi?category_id=politics&feed=1,ok,,政治
2026-09-11,2026-09-11T07:49:18.561492+09:00,全国紙,全国,読売新聞,[崩壊 中道改革]<上>「自民からも参加」不発 薄れた大義 「野合」批判,https://www.yomiuri.co.jp/politics/20260910-GYT1T00384/,https://news.ceek.jp/search.cgi?category_id=politics&feed=1,ok,,政治
2026-09-11,2026-09-11T07:49:18.561492+09:00,その他メディア,,WEDGE Infinity,米国・イスラエルも驚かす中東の地殻変動...進む地域同盟関係の再編、変わる力の均衡,https://wedge.ismedia.jp/articles/-/41053,https://news.ceek.jp/search.cgi?category_id=politics&feed=1,ok,,政治
2026-09-11,2026-09-11T07:49:18.561492+09:00,全国紙,全国,毎日新聞,首相日々 10日,https://mainichi.jp/articles/20260911/ddm/012/010/058000c,https://news.ceek.jp/search.cgi?category_id=politics&feed=1,ok,,政治
2026-09-11,2026-09-11T07:49:18.561492+09:00,その他メディア,,フジテレビ,木原官房長官が制度設計へ野党との協議の可能性に言及 政府は食料品の消費税率8%に戻す際に現金給付を検討,https://www.fnn.jp/articles/-/1112149,https://news.ceek.jp/search.cgi?category_id=politics&feed=1,ok,,政治
2026-09-11,2026-09-11T07:49:18.561492+09:00,その他メディア,,フジテレビ,"木原官房長官“不記載議員""入閣の可能性 「実力主義・政策本位」で人選へ",https://www.fnn.jp/articles/-/1112146,https://news.ceek.jp/search.cgi?category_id=politics&feed=1,ok,,政治
2026-09-11,2026-09-11T07:49:18.561492+09:00,その他メディア,,デイリースポーツ,裏金議員の閣僚登用に含み,https://www.daily.co.jp/society/politics/2026/09/10/0020806260.shtml,https://news.ceek.jp/search.cgi?category_id=politics&feed=1,ok,,政治
2026-09-11,2026-09-11T07:49:18.561492+09:00,その他メディア,,共同通信,裏金議員の閣僚登用に含み 木原氏「選挙で2度信任」,https://www.47news.jp/14921742.html,https://news.ceek.jp/search.cgi?category_id=politics&feed=1,ok,,政治
2026-09-11,2026-09-11T07:49:18.561492+09:00,全国紙,全国,日本経済新聞,10日の高市首相の動静,https://www.nikkei.com/article/DGXZQOUA104VX0Q6A910C2000000/,https://news.ceek.jp/search.cgi?category_id=politics&feed=1,ok,,政治
2026-09-11,2026-09-11T07:49:18.561492+09:00,その他メディア,,共同通信,【速報】官房長官、裏金議員の閣僚登用に含み,https://www.47news.jp/14921560.html,https://news.ceek.jp/search.cgi?category_id=politics&feed=1,ok,,政治
2026-09-11,2026-09-11T07:49:18.561492+09:00,全国紙,全国,産経新聞,<独自>改正皇室典範、令和3年の有識者会議メンバーに結果報告へ 木原官房長官が出席,https://www.sankei.com/article/20260910-T7QAFYRRO5ILFHFMPQJLOUU2U4/,https://news.ceek.jp/search.cgi?category_id=politics&feed=1,ok,,政治
2026-09-11,2026-09-11T07:49:18.561492+09:00,全国紙,全国,日本経済新聞,国民民主・玉木代表、中道離党者受け入れに含み「政策一致なら」,https://www.nikkei.com/article/DGXZQOUA1019D0Q6A910C2000000/,https://news.ceek.jp/search.cgi?category_id=politics&feed=1,ok,,政治
2026-09-11,2026-09-11T07:49:18.561492+09:00,全国紙,全国,読売新聞,横浜市長選、弁護士・原沢敦美氏が無所属で立候補表明...「リスク管理やコンプライアンスに信念」,https://www.yomiuri.co.jp/election/20260910-GYT1T00257/,https://news.ceek.jp/search.cgi?category_id=politics&feed=1,ok,,政治
2026-09-11,2026-09-11T07:49:18.561492+09:00,全国紙,全国,毎日新聞,減税日本、福岡市長選に元国交省職員を擁立 河村たかし氏が表明,https://mainichi.jp/articles/20260910/k00/00m/010/279000c,https://news.ceek.jp/search.cgi?category_id=politics&feed=1,ok,,政治
2026-09-11,2026-09-11T07:49:18.561492+09:00,全国紙,全国,産経新聞,中国・青島の造船所で修理中の外国籍貨物船が火災 20人の死亡確認、習氏が「重要指示」,https://www.sankei.com/article/20260910-VHHHI3IP7NMFXKSUP4YOSPT2GQ/,https://news.ceek.jp/search.cgi?category_id=politics&feed=1,ok,,政治
2026-09-11,2026-09-11T07:49:18.561492+09:00,全国紙,全国,読売新聞,「イコールアース図法」の提唱者公表の世界地図、北方領土がロシア領と同じ色...日本大使館が修正申し入れ,https://www.yomiuri.co.jp/politics/20260910-GYT1T00265/,https://news.ceek.jp/search.cgi?category_id=politics&feed=1,ok,,政治
2026-09-11,2026-09-11T07:49:18.561492+09:00,全国紙,全国,毎日新聞,高市首相、維新の入閣は馬場氏か藤田氏で調整 初の閣内協力へ,https://mainichi.jp/articles/20260910/k00/00m/010/275000c,https://news.ceek.jp/search.cgi?category_id=politics&feed=1,ok,,政治
2026-09-11,2026-09-11T07:49:18.561492+09:00,その他メディア,,フジテレビ,馬毛島基地工事が3年遅延、漁業制限も延長 防衛省が追加補償4億9000万円を提示 漁協組合員の3分の2超が同意,https://www.fnn.jp/articles/-/1111877,https://news.ceek.jp/search.cgi?category_id=politics&feed=1,ok,,政治
2026-09-11,2026-09-11T07:49:18.561492+09:00,その他メディア,,共同通信,【速報】内水氾濫の被害防止策、政府論点案が判明,https://www.47news.jp/14921236.html,https://news.ceek.jp/search.cgi?category_id=politics&feed=1,ok,,政治
2026-09-11,2026-09-11T07:49:18.561492+09:00,全国紙,全国,東京新聞,維新から初入閣へ...17日にも内閣改造 タカ派色が加速、高市政権の「アキレス腱」になる危うさも,https://www.tokyo-np.co.jp/article/514735,https://news.ceek.jp/search.cgi?category_id=politics&feed=1,ok,,政治
2026-09-11,2026-09-11T07:49:18.561492+09:00,その他メディア,,フジテレビ,"子どもの""医療費助成""札幌市が2027年から所得制限を撤廃へ_未就学児と小学生の約1万4000人が新たに対象_道の制度変更に合わせ2027年に関連議案提出",https://www.fnn.jp/articles/-/1112099,https://news.ceek.jp/search.cgi?category_id=politics&feed=1,ok,,政治
2026-09-11,2026-09-11T07:49:18.561492+09:00,その他メディア,,フジテレビ,【独自】「2回の選挙で信任を得ている」不記載議員の入閣の可能性に木原官房長官が言及「選挙が何よりも国民の審判」,https://www.fnn.jp/articles/-/1112087,https://news.ceek.jp/search.cgi?category_id=politics&feed=1,ok,,政治
2026-09-11,2026-09-11T07:49:18.561492+09:00,全国紙,全国,産経新聞,中国、8月の国内新車販売は約24%減 ガソリン価格高騰の影響続く、EVが牽引,https://www.sankei.com/article/20260910-VZ2SI4IWOJIFNL7BZMXXYVA2CQ/,https://news.ceek.jp/search.cgi?category_id=politics&feed=1,ok,,政治
2026-09-11,2026-09-11T07:49:18.561492+09:00,全国紙,全国,産経新聞,習近平氏が約7年ぶりにインド訪問へ 12日から2日間、BRICS首脳会議に出席,https://www.sankei.com/article/20260910-T2U3643GKJMHTINI2NOFJFGWF4/,https://news.ceek.jp/search.cgi?category_id=politics&feed=1,ok,,政治
2026-09-11,2026-09-11T07:49:18.561492+09:00,全国紙,全国,産経新聞,中東で危険レベルを引き下げ 外務省、イスラエルなど3カ国,https://www.sankei.com/article/20260910-EWFW5VP6JRJOJOSUHY5KJEWV5E/,https://news.ceek.jp/search.cgi?category_id=politics&feed=1,ok,,政治
2026-09-11,2026-09-11T07:49:18.561492+09:00,その他メディア,,フジテレビ,自衛隊が海外で初の消火活動へ 防衛省が現地の港に到着と発表 インドネシア山林火災で国際緊急援助隊,https://www.fnn.jp/articles/-/1112067,https://news.ceek.jp/search.cgi?category_id=politics&feed=1,ok,,政治
2026-09-11,2026-09-11T07:49:18.561492+09:00,全国紙,全国,毎日新聞,衆院選挙制度、野党4会派が第三者機関設置を要求 与党案に反対,https://mainichi.jp/articles/20260910/k00/00m/010/234000c,https://news.ceek.jp/search.cgi?category_id=politics&feed=1,ok,,政治
2026-09-11,2026-09-11T07:49:18.561492+09:00,全国紙,全国,産経新聞,参院自民執行部人事、焦点は幹事長の処遇 高市首相とは溝 「聖域」も難しい判断,https://www.sankei.com/article/20260910-IPRPUA7UY5JFVGH5MU35DMQ734/,https://news.ceek.jp/search.cgi?category_id=politics&feed=1,ok,,政治
2026-09-11,2026-09-11T07:49:18.561492+09:00,全国紙,全国,朝日新聞,自民と維新の連立政権合意書、官房長官「改定の必要ない」,https://www.asahi.com/articles/ASV9B36TGV9BUTFK00HM.html,https://news.ceek.jp/search.cgi?category_id=politics&feed=1,ok,,政治
2026-09-11,2026-09-11T07:49:18.561492+09:00,全国紙,全国,産経新聞,10月の滋賀・草津市長選 僧侶の津田氏が出馬表明 「地球を破壊しない生活実現を」,https://www.sankei.com/article/20260910-S4M2THNTTNPCHPSR34Z4YORCJM/,https://news.ceek.jp/search.cgi?category_id=politics&feed=1,ok,,政治
2026-09-11,2026-09-11T07:49:18.561492+09:00,その他メディア,,テレビ朝日,イスラエルの一部など危険レベル引き下げ 米イランの周辺国への攻撃が沈静化,https://news.tv-asahi.co.jp/news_politics/articles/000532527.html,https://news.ceek.jp/search.cgi?category_id=politics&feed=1,ok,,政治
2026-09-11,2026-09-11T07:49:18.561492+09:00,その他メディア,,デイリースポーツ,ODA、安保に戦略活用,https://www.daily.co.jp/society/politics/2026/09/10/0020805323.shtml,https://news.ceek.jp/search.cgi?category_id=politics&feed=1,ok,,政治
2026-09-11,2026-09-11T07:49:18.561492+09:00,その他メディア,,テレビ朝日,立憲出身議員の新党 来週にも結成へ 解体の中道改革連合,https://news.tv-asahi.co.jp/news_politics/articles/000532528.html,https://news.ceek.jp/search.cgi?category_id=politics&feed=1,ok,,政治
2026-09-11,2026-09-11T07:49:18.561492+09:00,その他メディア,,共同通信,ODA、安保に戦略活用 有識者、茂木外相に提言,https://www.47news.jp/14920919.html,https://news.ceek.jp/search.cgi?category_id=politics&feed=1,ok,,政治
2026-09-11,2026-09-11T07:49:18.561492+09:00,その他メディア,,フジテレビ,高知市議員連盟が飲食に《補助金》使用問題受け、桑名市長・副市長2人を減給へ「大いに反省すべき」,https://www.fnn.jp/articles/-/1112009,https://news.ceek.jp/search.cgi?category_id=politics&feed=1,ok,,政治
2026-09-11,2026-09-11T07:49:18.561492+09:00,全国紙,全国,日本経済新聞,「ODA、他の政策と組み合わせ運用を」 有識者会議が外相に提言,https://www.nikkei.com/article/DGXZQOUA1062H0Q6A910C2000000/,https://news.ceek.jp/search.cgi?category_id=politics&feed=1,ok,,政治
2026-09-11,2026-09-11T07:49:18.561492+09:00,その他メディア,,フジテレビ,"外観は“積み木""の「立体公園」今治版「ネウボラ」拠点整備へ事業者を決定 4年後オープンへ【愛媛】",https://www.fnn.jp/articles/-/1111922,https://news.ceek.jp/search.cgi?category_id=politics&feed=1,ok,,政治
2026-09-11,2026-09-11T07:49:18.561492+09:00,その他メディア,,フジテレビ,"“当初想定の約1.5倍"" 県立今治病院の総事業費予算案「再入札参加見込め適正範囲」【愛媛】",https://www.fnn.jp/articles/-/1111923,https://news.ceek.jp/search.cgi?category_id=politics&feed=1,ok,,政治
2026-09-11,2026-09-11T07:49:18.561492+09:00,その他メディア,,フジテレビ,JR東日本が3条件満たせば新潟・関川村は「バス転換」容認...に対し山形県側は 山形,https://www.fnn.jp/articles/-/1111958,https://news.ceek.jp/search.cgi?category_id=politics&feed=1,ok,,政治
2026-09-11,2026-09-11T07:49:18.561492+09:00,その他メディア,,共同通信,【速報】外務省、イスラエルなど危険レベル引き下げ,https://www.47news.jp/14920827.html,https://news.ceek.jp/search.cgi?category_id=politics&feed=1,ok,,政治
2026-09-11,2026-09-11T07:49:18.561492+09:00,その他メディア,,共同通信,首相、内閣改造は政策本位で人選 役職希望アンケートを重視,https://www.47news.jp/14920034.html,https://news.ceek.jp/search.cgi?category_id=politics&feed=1,ok,,政治
2026-09-11,2026-09-11T07:49:18.561492+09:00,全国紙,全国,産経新聞,高市首相、人事は「感覚で選ばずファクト」 有村治子氏が語る判断基準と「政治の宿命」,https://www.sankei.com/article/20260910-4D7MV4LLN5GH3ANXIHXFPZOJKQ/,https://news.ceek.jp/search.cgi?category_id=politics&feed=1,ok,,政治
2026-09-11,2026-09-11T07:49:18.561492+09:00,その他メディア,,日本テレビ,「危機管理向け公務員宿舎整備を」佐藤官房副長官が建設予定地を視察,https://news.ntv.co.jp/category/politics/f07b94ff21eb4bacafc4ea94c9946692,https://news.ceek.jp/search.cgi?category_id=politics&feed=1,ok,,政治
2026-09-11,2026-09-11T07:49:18.561492+09:00,全国紙,全国,日本経済新聞,官房長官、資金問題関係議員の閣僚登用に含み「選挙で信任得ている」,https://www.nikkei.com/article/DGXZQOUA105QO0Q6A910C2000000/,https://news.ceek.jp/search.cgi?category_id=politics&feed=1,ok,,政治
2026-09-11,2026-09-11T07:49:18.561492+09:00,その他メディア,,フジテレビ,"67年ぶり“くじ引き決着""の新議長 要職の経験なく「見守ってほしい」“金銭授受""証言の県議がさっそく抗議文 異例ずくめの福岡県議会",https://www.fnn.jp/articles/-/1111930,https://news.ceek.jp/search.cgi?category_id=politics&feed=1,ok,,政治
2026-09-11,2026-09-11T07:49:18.561492+09:00,全国紙,全国,産経新聞,佐藤副長官「宿舎整備は喫緊の課題」 災害時の初動体制強化へ危機管理宿舎予定地を視察,https://www.sankei.com/article/20260910-3VAJ6456YZNYJMXPNVDBQ76SWY/,https://news.ceek.jp/search.cgi?category_id=politics&feed=1,ok,,政治
2026-09-11,2026-09-11T07:49:18.561492+09:00,全国紙,全国,産経新聞,「一緒に官邸に行こう」実現した約束 木原官房長官と高市首相を結んだ言葉,https://www.sankei.com/article/20260910-PYZIHCNV75OKVJ7ZU4QKSLTIQE/,https://news.ceek.jp/search.cgi?category_id=politics&feed=1,ok,,政治
2026-09-11,2026-09-11T07:49:18.561492+09:00,その他メディア,,共同通信,【速報】税制改正大綱、15日に閣議決定へ,https://www.47news.jp/14920682.html,https://news.ceek.jp/search.cgi?category_id=politics&feed=1,ok,,政治
2026-09-11,2026-09-11T07:49:18.561492+09:00,その他メディア,,フジテレビ,【馬毛島基地工事】工期遅れに伴い、漁協が漁業制限期間延長に同意へ,https://www.fnn.jp/articles/-/1111914,https://news.ceek.jp/search.cgi?category_id=politics&feed=1,ok,,政治
2026-09-11,2026-09-11T07:49:18.561492+09:00,全国紙,全国,朝日新聞,横浜市長選、弁護士の原沢敦美氏が出馬表明 「IRはやらない」,https://www.asahi.com/articles/ASV9B2TN5V9BULOB006M.html,https://news.ceek.jp/search.cgi?category_id=politics&feed=1,ok,,政治
2026-09-11,2026-09-11T07:49:18.561492+09:00,その他メディア,,テレビ朝日,議員定数削減めぐり第三者機関設置を提言 野党4党,https://news.tv-asahi.co.jp/news_politics/articles/000532531.html,https://news.ceek.jp/search.cgi?category_id=politics&feed=1,ok,,政治
2026-09-11,2026-09-11T07:49:18.561492+09:00,全国紙,全国,産経新聞,中道分裂、スピード重視で「分派」選択 臨時国会前に「新たな形態」 政党交付金も焦点,https://www.sankei.com/article/20260910-AKOG35QCMFOYPKQPCYWKFRFWNY/,https://news.ceek.jp/search.cgi?category_id=politics&feed=1,ok,,政治
2026-09-11,2026-09-11T07:49:18.561492+09:00,全国紙,全国,朝日新聞,福山敦士氏が横浜市長選に立候補へ 会社経営、2度目の挑戦,https://www.asahi.com/articles/ASV9B2QJ4V9BULOB011M.html,https://news.ceek.jp/search.cgi?category_id=politics&feed=1,ok,,政治
2026-09-11,2026-09-11T07:49:18.561492+09:00,その他メディア,,テレビ朝日,ラスカー賞「医療発展の励みに」 木原官房長官,https://news.tv-asahi.co.jp/news_politics/articles/000532464.html,https://news.ceek.jp/search.cgi?category_id=politics&feed=1,ok,,政治
2026-09-11,2026-09-11T07:49:18.561492+09:00,その他メディア,,JBpress,【円高加速】オルカンは円安だから儲かったのか、足元のパフォーマンスが「物足りない」と感じる本当の理由【篠田尚子のMoney Podcast】,https://jbpress.ismedia.jp/articles/-/96953,https://news.ceek.jp/search.cgi?category_id=politics&feed=1,ok,,政治
2026-09-11,2026-09-11T07:49:18.561492+09:00,その他メディア,,共同通信,ラピダス、月で半導体構想 社長、工場建設に「真剣」,https://www.47news.jp/14922238.html,https://news.ceek.jp/search.cgi?category_id=business&feed=1,ok,,経済
2026-09-11,2026-09-11T07:49:18.561492+09:00,その他メディア,,テレビ東京,【リハビリが劇的変化?】スマホで撮るだけ!動きを数値化&フィジカルAIの現状:アンパラレルド,https://www.tv-tokyo.co.jp/plus/business/entry/202609/19968.html,https://news.ceek.jp/search.cgi?category_id=business&feed=1,ok,,経済
2026-09-11,2026-09-11T07:49:18.561492+09:00,その他メディア,,QUICK Money World,米国株は続落、中東情勢の緊迫化や金利上昇が重荷 (朝の材料チェック),https://moneyworld.jp/news/detail?id=218878,https://news.ceek.jp/search.cgi?category_id=business&feed=1,ok,,経済
2026-09-11,2026-09-11T07:49:18.561492+09:00,全国紙,全国,日本経済新聞,シカゴ日本株先物概況・10日 日経平均先物は160円安の6万4015円,https://www.nikkei.com/article/DGXZQOFL1102E0R10C26A9000000/,https://news.ceek.jp/search.cgi?category_id=business&feed=1,ok,,経済
2026-09-11,2026-09-11T07:49:18.561492+09:00,全国紙,全国,日本経済新聞,フーシ、イエメン港湾都市モカ掌握か 原油価格が3カ月半ぶり高値に,https://www.nikkei.com/article/DGXZQOCB1109B0R10C26A9000000/,https://news.ceek.jp/search.cgi?category_id=business&feed=1,ok,,経済
2026-09-11,2026-09-11T07:49:18.561492+09:00,その他メディア,,テレビ朝日,アメリカで触ったApple初の折りたたみ「iPhone Duo」スマホジャーナリスト・石川温氏が評価した完成度と最低36万円の壁,https://news.tv-asahi.co.jp/news_economy/articles/900199398.html,https://news.ceek.jp/search.cgi?category_id=business&feed=1,ok,,経済
2026-09-11,2026-09-11T07:49:18.561492+09:00,その他メディア,,集英社オンライン,"「苦しくなったら売ればいい」は危険? 高級タワマン市場に忍び寄る金利上昇と在庫増...値上がり前提で買った層を待つ“三重苦""",https://shueisha.online/articles/-/258624,https://news.ceek.jp/search.cgi?category_id=business&feed=1,ok,,経済
2026-09-11,2026-09-11T07:49:18.561492+09:00,その他メディア,,東洋経済オンライン,「ロートルはテレビをやらないほうがいい」...民放連・早河会長が語るテレビ局の人材論・組織論(後編) | ビジネス,https://toyokeizai.net/articles/-/956795,https://news.ceek.jp/search.cgi?category_id=business&feed=1,ok,,経済
2026-09-11,2026-09-11T07:49:18.561492+09:00,全国紙,全国,産経新聞,関西エアポート三上新社長「関空の国際貨物エリアを強化」 首都圏に対抗、需要獲得に意欲,https://www.sankei.com/article/20260911-A4MMRWG7KRL2XJDKOTLZFNTIBY/,https://news.ceek.jp/search.cgi?category_id=business&feed=1,ok,,経済
2026-09-11,2026-09-11T07:49:18.561492+09:00,その他メディア,,フジテレビ,東京・江東区の「若洲ゴルフリンクス」でナイター営業 式典に小池知事出席 2027年以降に照明の整備など,https://www.fnn.jp/articles/-/1112235,https://news.ceek.jp/search.cgi?category_id=business&feed=1,ok,,経済
2026-09-11,2026-09-11T07:49:18.561492+09:00,その他メディア,,共同通信,NY原油、終値102ドル台 8日続伸、4カ月ぶり高値,https://www.47news.jp/14922329.html,https://news.ceek.jp/search.cgi?category_id=business&feed=1,ok,,経済
2026-09-11,2026-09-11T07:49:18.561492+09:00,全国紙,全国,日本経済新聞,NY株ハイライト 止まらぬ株安 金利上昇誘うトランプ氏のリアリズムとポピュリズム,https://www.nikkei.com/article/DGXZQOFL10B590Q6A910C2000000/,https://news.ceek.jp/search.cgi?category_id=business&feed=1,ok,,経済
2026-09-11,2026-09-11T07:49:18.561492+09:00,その他メディア,,共同通信,NY株続落、316ドル安 原油高と金利上昇で売り,https://www.47news.jp/14922214.html,https://news.ceek.jp/search.cgi?category_id=business&feed=1,ok,,経済
2026-09-11,2026-09-11T07:49:18.561492+09:00,その他メディア,,デイリースポーツ,NY原油、終値102ドル台,https://www.daily.co.jp/society/economics/2026/09/11/0020807218.shtml,https://news.ceek.jp/search.cgi?category_id=business&feed=1,ok,,経済
2026-09-11,2026-09-11T07:49:18.561492+09:00,その他メディア,,デイリースポーツ,NY円、154円台前半,https://www.daily.co.jp/society/economics/2026/09/11/0020807221.shtml,https://news.ceek.jp/search.cgi?category_id=business&feed=1,ok,,経済
2026-09-11,2026-09-11T07:49:18.561492+09:00,その他メディア,,東洋経済オンライン,中道改革連合はなぜ行き詰まったのか、議員の離合集散を超え野党再生に必須の「政策の結集軸」とは | 政治・経済・投資,https://toyokeizai.net/articles/-/957304,https://news.ceek.jp/search.cgi?category_id=business&feed=1,ok,,経済
2026-09-11,2026-09-11T07:49:18.561492+09:00,その他メディア,,東洋経済オンライン,"「11種ドリンクバー無料」「名物マーボ焼そば」で大行列の《町中華チェーン》...ラーメン1杯でも配達する""人情""の凄み | ライフ",https://toyokeizai.net/articles/-/956775?display=b,https://news.ceek.jp/search.cgi?category_id=business&feed=1,ok,,経済
2026-09-11,2026-09-11T07:49:18.561492+09:00,その他メディア,,共同通信,【速報】NY円、154円36~46銭,https://www.47news.jp/14922330.html,https://news.ceek.jp/search.cgi?category_id=business&feed=1,ok,,経済
2026-09-11,2026-09-11T07:49:18.561492+09:00,全国紙,全国,日本経済新聞,フォード、ケンタッキー工場に1500億円投資 米国生産重視をアピール,https://www.nikkei.com/article/DGXZQOGN10BWL0Q6A910C2000000/,https://news.ceek.jp/search.cgi?category_id=business&feed=1,ok,,経済
2026-09-11,2026-09-11T07:49:18.561492+09:00,全国紙,全国,日本経済新聞,日本株ADR10日、ほぼ全面高 みずほFGやホンダ上昇,https://www.nikkei.com/article/DGXZQOFL1102D0R10C26A9000000/,https://news.ceek.jp/search.cgi?category_id=business&feed=1,ok,,経済
2026-09-11,2026-09-11T07:49:18.561492+09:00,その他メディア,,東洋経済オンライン,「遺伝的要因のおそろしさを感じる」と投稿⋯東大教授が皇族女性を揶揄?猛烈批判も「謝罪なし」「曲解と反論」する異様さ | ライフ,https://toyokeizai.net/articles/-/957522?display=b,https://news.ceek.jp/search.cgi?category_id=business&feed=1,ok,,経済
2026-09-11,2026-09-11T07:49:18.561492+09:00,その他メディア,,共同通信,【速報】米原油終値102ドル台、4カ月ぶり高値,https://www.47news.jp/14922293.html,https://news.ceek.jp/search.cgi?category_id=business&feed=1,ok,,経済
2026-09-11,2026-09-11T07:49:18.561492+09:00,全国紙,全国,日本経済新聞,NY債券、長期債続落 10年債利回り4.96% 原油高や米利上げ観測で売り,https://www.nikkei.com/article/DGXZQOFL10BBO0Q6A910C2000000/,https://news.ceek.jp/search.cgi?category_id=business&feed=1,ok,,経済
2026-09-11,2026-09-11T07:49:18.561492+09:00,その他メディア,,共同通信,為替相場 11日(日本時間 6時),https://www.47news.jp/14922051.html,https://news.ceek.jp/search.cgi?category_id=business&feed=1,ok,,経済
2026-09-11,2026-09-11T07:49:18.561492+09:00,その他メディア,,日本金融通信,【インサイト】 アシュアード 大森 厚志 代表取締役社長,https://www.nikkinonline.com/article/422221,https://news.ceek.jp/search.cgi?category_id=business&feed=1,ok,,経済
2026-09-11,2026-09-11T07:49:18.561492+09:00,その他メディア,,日刊工業新聞,描いた絵が太陽電池になる。ペロブスカイトの原型で学習教材,https://newswitch.jp/p/50235,https://news.ceek.jp/search.cgi?category_id=business&feed=1,ok,,経済
2026-09-11,2026-09-11T07:49:18.561492+09:00,その他メディア,,現代ビジネス,JTが若年層へ向けて「Ploom CUBE」のデザインを刷新、カカオミントの味わいを楽しめるフレーバ―も全国発売,https://gendai.media/articles/-/171025,https://news.ceek.jp/search.cgi?category_id=business&feed=1,ok,,経済
2026-09-11,2026-09-11T07:49:18.561492+09:00,その他メディア,,JBpress,野村HDが広告審査AIで直面した「人はより付加価値の高い仕事へ」の落とし穴,https://jbpress.ismedia.jp/articles/-/96776,https://news.ceek.jp/search.cgi?category_id=business&feed=1,ok,,経済
2026-09-11,2026-09-11T07:49:18.561492+09:00,その他メディア,,JBpress,2027年にもAIが制御不能に?アンソロピック研究者が退社、国連も警鐘...「人類滅亡論」は荒唐無稽か【やさしく解説】AIによる人類滅亡論,https://jbpress.ismedia.jp/articles/-/96949,https://news.ceek.jp/search.cgi?category_id=business&feed=1,ok,,経済
2026-09-11,2026-09-11T07:49:18.561492+09:00,その他メディア,,JBpress,NVIDIAとスペースX提携が示す次世代の解、「軌道上AI」と「高速推論」へ旋回するインフラ投資地上の電力制約とエージェント需要が生む、新アーキテクチャーと未踏インフラの統合,https://jbpress.ismedia.jp/articles/-/96952,https://news.ceek.jp/search.cgi?category_id=business&feed=1,ok,,経済
2026-09-11,2026-09-11T07:49:18.561492+09:00,その他メディア,,ハーバード・ビジネス・レビュー,なぜリーダーはいま哲学を学ぶ必要があるのか,https://dhbr.diamond.jp/articles/-/14396,https://news.ceek.jp/search.cgi?category_id=business&feed=1,ok,,経済
2026-09-11,2026-09-11T07:49:18.561492+09:00,その他メディア,,日刊ゲンダイ,金利上昇がもたらす「投資から貯蓄」への流れに政府は真っ青,https://www.nikkan-gendai.com/articles/view/money/392816,https://news.ceek.jp/search.cgi?category_id=business&feed=1,ok,,経済
2026-09-11,2026-09-11T07:49:18.561492+09:00,その他メディア,,東洋経済オンライン,中国の太陽光発電能力が初めて石炭火力を凌駕、電力供給の主役へ...設備メーカーの赤字尻目に進む政府の「脱炭素」 | ビジネス,https://toyokeizai.net/articles/-/957075?display=b,https://news.ceek.jp/search.cgi?category_id=business&feed=1,ok,,経済
2026-09-11,2026-09-11T07:49:18.561492+09:00,その他メディア,,東洋経済オンライン,"「週3日勤務、複数担任、定例会議ほぼナシ」でなぜ回る?小学校教員が衝撃を受けた""オランダの超合理的な仕組み"" | キャリア・教育",https://toyokeizai.net/articles/-/957161?display=b,https://news.ceek.jp/search.cgi?category_id=business&feed=1,ok,,経済
2026-09-11,2026-09-11T07:49:18.561492+09:00,その他メディア,,東洋経済オンライン,フィリピン・ミンダナオ和平が自治政府選挙実施で歴史的な節目に...緒方貞子の「人間の安全保障」は道筋をつけられるか | 政治・経済・投資,https://toyokeizai.net/articles/-/957584?display=b,https://news.ceek.jp/search.cgi?category_id=business&feed=1,ok,,経済
2026-09-11,2026-09-11T07:49:18.561492+09:00,その他メディア,,東洋経済オンライン,かつてイングランド銀行を叩きのめしたベッセント米財務長官が〈胴元に逆らうな〉発言で導く円高に正当性はあるのか | 政治・経済・投資,https://toyokeizai.net/articles/-/957640?display=b,https://news.ceek.jp/search.cgi?category_id=business&feed=1,ok,,経済
2026-09-11,2026-09-11T07:49:18.561492+09:00,その他メディア,,東洋経済オンライン,市場の円安ナラティブが変わった...ベッセント発言が期せずして幕引きする〈リフレ派vs反リフレ派〉の構図と次の論点 | 政治・経済・投資,https://toyokeizai.net/articles/-/957654?display=b,https://news.ceek.jp/search.cgi?category_id=business&feed=1,ok,,経済
2026-09-11,2026-09-11T07:49:18.561492+09:00,その他メディア,,JBpress,97%が評価したDX研修をなぜ再設計? 積水化学が築く、個人の成長を組織変革へつなぐ仕組み,https://jbpress.ismedia.jp/articles/-/96803,https://news.ceek.jp/search.cgi?category_id=business&feed=1,ok,,経済
2026-09-11,2026-09-11T07:49:18.561492+09:00,その他メディア,,デイリースポーツ,ラピダス、月で半導体構想,https://www.daily.co.jp/society/economics/2026/09/11/0020807211.shtml,https://news.ceek.jp/search.cgi?category_id=business&feed=1,ok,,経済
2026-09-11,2026-09-11T07:49:18.561492+09:00,その他メディア,,JBpress,AIは人の仕事を奪わず常識を奪う 元グーグル副社長の人材革新論,https://jbpress.ismedia.jp/articles/-/96354,https://news.ceek.jp/search.cgi?category_id=business&feed=1,ok,,経済
2026-09-11,2026-09-11T07:49:18.561492+09:00,その他メディア,,東洋経済オンライン,〈匿名座談会〉揺らぐ政治部記者のアイデンティティー「癒着と言われようがやむをえない」 進まぬ組織アップデート | ビジネス,https://toyokeizai.net/articles/-/957094,https://news.ceek.jp/search.cgi?category_id=business&feed=1,ok,,経済
2026-09-11,2026-09-11T07:49:18.561492+09:00,その他メディア,,東洋経済オンライン,広告費ピークから半減だが...ここ15年間は踏みとどまるラジオはなぜしぶといのか、新聞・テレビとの違いの正体 | ビジネス,https://toyokeizai.net/articles/-/957247,https://news.ceek.jp/search.cgi?category_id=business&feed=1,ok,,経済
2026-09-11,2026-09-11T07:49:18.561492+09:00,その他メディア,,東洋経済オンライン,"〈優等生に異変〉ルルレモンが海外市場に託す切実な事情 株価は年初から半値に急落・・・""原宿旗艦店""で日本にも攻勢 | ビジネス",https://toyokeizai.net/articles/-/957420,https://news.ceek.jp/search.cgi?category_id=business&feed=1,ok,,経済
2026-09-11,2026-09-11T07:49:18.561492+09:00,全国紙,全国,日本経済新聞,NYダウ、続落し316ドル安 中東緊迫による原油高が重荷,https://www.nikkei.com/article/DGXZQOFL110210R10C26A9000000/,https://news.ceek.jp/search.cgi?category_id=business&feed=1,ok,,経済
2026-09-11,2026-09-11T07:49:18.561492+09:00,全国紙,全国,日本経済新聞,米長期金利に「トランプショック」、5%に迫る バイバック効かず,https://www.nikkei.com/article/DGXZQOGN10BUG0Q6A910C2000000/,https://news.ceek.jp/search.cgi?category_id=business&feed=1,ok,,経済
2026-09-11,2026-09-11T07:49:18.561492+09:00,その他メディア,,共同通信,NY株式 10日終値,https://www.47news.jp/14922237.html,https://news.ceek.jp/search.cgi?category_id=business&feed=1,ok,,経済
2026-09-11,2026-09-11T07:49:18.561492+09:00,その他メディア,,デイリースポーツ,NY株続落、316ドル安,https://www.daily.co.jp/society/economics/2026/09/11/0020807193.shtml,https://news.ceek.jp/search.cgi?category_id=business&feed=1,ok,,経済
2026-09-11,2026-09-11T07:49:18.561492+09:00,全国紙,全国,読売新聞,NYダウ続落、終値5万2064ドル...原油先物価格と長期金利上昇を嫌気,https://www.yomiuri.co.jp/economy/20260911-GYT1T00058/,https://news.ceek.jp/search.cgi?category_id=business&feed=1,ok,,経済
2026-09-11,2026-09-11T07:49:18.561492+09:00,その他メディア,,東洋経済オンライン,"視野に入る「政策金利2%」、地銀で広がる""利上げ格差""の残酷...次の利上げが逆風になりかねない「地銀15行リスト」 | ビジネス",https://toyokeizai.net/articles/-/957581,https://news.ceek.jp/search.cgi?category_id=business&feed=1,ok,,経済
2026-09-11,2026-09-11T07:49:18.561492+09:00,その他メディア,,JBpress,ドラッカー、野中郁次郎、パナソニックの製パン機に見る「知識労働の神髄」とは? AIで生産性を120倍高める方法,https://jbpress.ismedia.jp/articles/-/96842,https://news.ceek.jp/search.cgi?category_id=business&feed=1,ok,,経済
2026-09-11,2026-09-11T07:49:18.561492+09:00,その他メディア,,東洋経済オンライン,"ライバル「アルファード/ヴェルファイア」にない、日産らしい""運転する楽しさ""...新型「エルグランド」の特異性 | ライフ",https://toyokeizai.net/articles/-/957250?display=b,https://news.ceek.jp/search.cgi?category_id=business&feed=1,ok,,経済
2026-09-11,2026-09-11T07:49:18.561492+09:00,その他メディア,,共同通信,【速報】NY株4日続落、316ドル安,https://www.47news.jp/14922206.html,https://news.ceek.jp/search.cgi?category_id=business&feed=1,ok,,経済
2026-09-11,2026-09-11T07:49:18.561492+09:00,全国紙,全国,日本経済新聞,NY商品、原油大幅続伸、5月中旬以来の高値 金は反落,https://www.nikkei.com/article/DGXZQOFL10B7Z0Q6A910C2000000/,https://news.ceek.jp/search.cgi?category_id=business&feed=1,ok,,経済
2026-09-11,2026-09-11T07:49:18.561492+09:00,全国紙,全国,日本経済新聞,米国株、ダウ続落 中東緊迫による原油高が重荷 一時400ドル安,https://www.nikkei.com/article/DGXZQOFL10B5R0Q6A910C2000000/,https://news.ceek.jp/search.cgi?category_id=business&feed=1,ok,,経済
2026-09-11,2026-09-11T07:49:18.561492+09:00,全国紙,全国,日本経済新聞,テスラの「サイバーキャブ」乗ってみた ハンドルなく無人運転に特化,https://www.nikkei.com/article/DGXZQOGN101CP0Q6A910C2000000/,https://news.ceek.jp/search.cgi?category_id=business&feed=1,ok,,経済
2026-09-11,2026-09-11T07:49:18.561492+09:00,その他メディア,,共同通信,大阪メーカー、究極のたこ焼き器に挑戦 お店の味、家庭で再現【経済トレンド/ヒットのヒント】,https://www.47news.jp/14922090.html,https://news.ceek.jp/search.cgi?category_id=business&feed=1,ok,,経済
2026-09-11,2026-09-11T07:49:18.561492+09:00,全国紙,全国,日本経済新聞,ECB総裁、堅調な経済に「驚き」 年内の追加利上げ予想が9割に,https://www.nikkei.com/article/DGXZQOGR100DY0Q6A910C2000000/,https://news.ceek.jp/search.cgi?category_id=business&feed=1,ok,,経済
2026-09-11,2026-09-11T07:49:18.561492+09:00,その他メディア,,日本農業新聞,<暑さに克つ>高温耐性の酒米「萌えいぶき」拡大 醸造しやすく 広島で20ヘクタール超,https://www.agrinews.co.jp/economy/index/405927,https://news.ceek.jp/search.cgi?category_id=business&feed=1,ok,,経済
2026-09-11,2026-09-11T07:49:18.561492+09:00,その他メディア,,日本農業新聞,「常陸牛」オレイン酸全頭測定へ 26年度中に体制整備,https://www.agrinews.co.jp/economy/index/405934,https://news.ceek.jp/search.cgi?category_id=business&feed=1,ok,,経済
2026-09-11,2026-09-11T07:49:18.561492+09:00,その他メディア,,日本農業新聞,「豆乳の日」へ販促 国産原料の新商品で弾み,https://www.agrinews.co.jp/economy/index/405935,https://news.ceek.jp/search.cgi?category_id=business&feed=1,ok,,経済
2026-09-11,2026-09-11T07:49:18.561492+09:00,その他メディア,,現代ビジネス,あのとき、関西電力の会長と社長は何を恐れていたのか...?金品受領3億6000万円の悪弊を見逃した元首脳証言が物語る「同調圧力の危うい罠」,https://gendai.media/articles/-/170977,https://news.ceek.jp/search.cgi?category_id=business&feed=1,ok,,経済
2026-09-11,2026-09-11T07:49:18.561492+09:00,その他メディア,,現代ビジネス,"法廷で連発された“痛すぎる答弁""...!関電経営陣が告白した「隠ぺい体質の実態」と社長が「社外取締役」を信用できない危うい事情",https://gendai.media/articles/-/170978,https://news.ceek.jp/search.cgi?category_id=business&feed=1,ok,,経済
2026-09-11,2026-09-11T07:49:18.561492+09:00,全国紙,全国,日本経済新聞,韓国で賃上げ要求ドミノ、半導体から鉄鋼・造船へ 利益突出で分配論,https://www.nikkei.com/article/DGXZQOGM040980U6A900C2000000/,https://news.ceek.jp/search.cgi?category_id=business&feed=1,ok,,経済
2026-09-11,2026-09-11T07:49:18.561492+09:00,全国紙,全国,日本経済新聞,会計士が判断した不正リスク、監査報告書で開示 28年3月期から,https://www.nikkei.com/article/DGXZQOUB0846U0Y6A900C2000000/,https://news.ceek.jp/search.cgi?category_id=business&feed=1,ok,,経済
2026-09-11,2026-09-11T07:49:18.561492+09:00,全国紙,全国,日本経済新聞,"日本製鉄、国内で逆張りの巨額投資 縮む自動車需要の""総取り""狙う",https://www.nikkei.com/article/DGXZQOUC0785U0X00C26A9000000/,https://news.ceek.jp/search.cgi?category_id=business&feed=1,ok,,経済
2026-09-11,2026-09-11T07:49:18.561492+09:00,全国紙,全国,日本経済新聞,AI架電のnocall、他社サービスとの連携基盤を提供 8億円調達,https://www.nikkei.com/article/DGXZQOUC09A2C0Z00C26A9000000/,https://news.ceek.jp/search.cgi?category_id=business&feed=1,ok,,経済
2026-09-11,2026-09-11T07:49:18.561492+09:00,全国紙,全国,日本経済新聞,宝塚歌劇団法人化1年、改革「一定のめど」 ファン会ルールも急務,https://www.nikkei.com/article/DGXZQOIH0450C0U6A900C2000000/,https://news.ceek.jp/search.cgi?category_id=business&feed=1,ok,,経済
2026-09-11,2026-09-11T07:49:18.561492+09:00,全国紙,全国,日本経済新聞,ロボアームでデブリ調査、福島第1で5年越し 廃炉工法の確立を左右,https://www.nikkei.com/article/DGXZQOUA028CI0S6A900C2000000/,https://news.ceek.jp/search.cgi?category_id=business&feed=1,ok,,経済
2026-09-11,2026-09-11T07:49:18.561492+09:00,全国紙,全国,日本経済新聞,日本生命・朝日智司社長 AI時代の保険営業、生活全体支える役割に,https://www.nikkei.com/article/DGXZQOUA074OS0X00C26A9000000/,https://news.ceek.jp/search.cgi?category_id=business&feed=1,ok,,経済
2026-09-11,2026-09-11T07:49:18.561492+09:00,全国紙,全国,日本経済新聞,NTTデータや富士通、AIコンサル「FDE」拡大 課金モデルの転換狙う,https://www.nikkei.com/article/DGXZQOUC0692D0W6A800C2000000/,https://news.ceek.jp/search.cgi?category_id=business&feed=1,ok,,経済
2026-09-11,2026-09-11T07:49:18.561492+09:00,全国紙,全国,日本経済新聞,ラクスの中村社長「自社への投資をSaaS業界全体に反映」,https://www.nikkei.com/article/DGXZQOUC073YL0X00C26A9000000/,https://news.ceek.jp/search.cgi?category_id=business&feed=1,ok,,経済
2026-09-11,2026-09-11T07:49:18.561492+09:00,全国紙,全国,日本経済新聞,iPhone Duoで広がる折りたたみ式、元祖「軽薄短小」の日本部材商機,https://www.nikkei.com/article/DGXZQOUC093LH0Z00C26A9000000/,https://news.ceek.jp/search.cgi?category_id=business&feed=1,ok,,経済
2026-09-11,2026-09-11T07:49:18.561492+09:00,全国紙,全国,日本経済新聞,アプライド日本法人社長「新材料が半導体の競争軸に」 日本重視姿勢,https://www.nikkei.com/article/DGXZQOUC2156Y0R20C26A8000000/,https://news.ceek.jp/search.cgi?category_id=business&feed=1,ok,,経済
2026-09-11,2026-09-11T07:49:18.561492+09:00,全国紙,全国,日本経済新聞,伊藤ハム米久HDの担当役員に聞く新卒採用「失敗恐れず失敗から学ぶ」,https://www.nikkei.com/article/DGXZQOUC258RT0V20C26A8000000/,https://news.ceek.jp/search.cgi?category_id=business&feed=1,ok,,経済
2026-09-11,2026-09-11T07:49:18.561492+09:00,全国紙,全国,日本経済新聞,「お名前シール」のレスタスが越境EC 米に新工場で納期10日→3日に,https://www.nikkei.com/article/DGXZQOUF262930W6A820C2000000/,https://news.ceek.jp/search.cgi?category_id=business&feed=1,ok,,経済
2026-09-11,2026-09-11T07:49:18.561492+09:00,全国紙,全国,読売新聞,ニデック株主 永守氏ら提訴 287億円支払い要求,https://www.yomiuri.co.jp/economy/20260911-GYT1T00001/,https://news.ceek.jp/search.cgi?category_id=business&feed=1,ok,,経済
2026-09-11,2026-09-11T07:49:18.561492+09:00,全国紙,全国,読売新聞,サカナAIと包括提携 住商、10万社へ導入支援,https://www.yomiuri.co.jp/economy/20260911-GYT1T00002/,https://news.ceek.jp/search.cgi?category_id=business&feed=1,ok,,経済
2026-09-11,2026-09-11T07:49:18.561492+09:00,全国紙,全国,読売新聞,日産ミニバン 栃木移管 国内生産100万台目指す 体制見直し,https://www.yomiuri.co.jp/economy/20260911-GYT1T00003/,https://news.ceek.jp/search.cgi?category_id=business&feed=1,ok,,経済
2026-09-11,2026-09-11T07:49:18.561492+09:00,全国紙,全国,読売新聞,[挑む 新トップ 2026]高機能の素材 供給へ...三井化学 市村聡社長 59,https://www.yomiuri.co.jp/economy/20260911-GYT1T00007/,https://news.ceek.jp/search.cgi?category_id=business&feed=1,ok,,経済
2026-09-11,2026-09-11T07:49:18.561492+09:00,全国紙,全国,読売新聞,あいち・三十三 統合合意解消 持ち株会社の方向性 相違,https://www.yomiuri.co.jp/economy/20260911-GYT1T00013/,https://news.ceek.jp/search.cgi?category_id=business&feed=1,ok,,経済
2026-09-11,2026-09-11T07:49:18.561492+09:00,全国紙,全国,読売新聞,折りたたみiPhone、36万円からの高価格「課題」に...技術者出身の新CEOの試金石,https://www.yomiuri.co.jp/economy/20260911-GYT1T00018/,https://news.ceek.jp/search.cgi?category_id=business&feed=1,ok,,経済
2026-09-11,2026-09-11T07:49:18.561492+09:00,全国紙,全国,読売新聞,NY原油 100ドル突破 3か月半ぶり 米イラン戦闘 長期化懸念,https://www.yomiuri.co.jp/economy/20260911-GYT1T00052/,https://news.ceek.jp/search.cgi?category_id=business&feed=1,ok,,経済
2026-09-11,2026-09-11T07:49:18.561492+09:00,全国紙,全国,読売新聞,米中AI競争 火種に...トランプ政権「技術を不正利用」 首脳会談 亀裂の可能性,https://www.yomiuri.co.jp/economy/20260911-GYT1T00055/,https://news.ceek.jp/search.cgi?category_id=business&feed=1,ok,,経済
2026-09-11,2026-09-11T07:49:18.561492+09:00,全国紙,全国,読売新聞,ECB 0・25%利上げ エネ価格上昇受け,https://www.yomiuri.co.jp/economy/20260911-GYT1T00014/,https://news.ceek.jp/search.cgi?category_id=business&feed=1,ok,,経済
2026-09-11,2026-09-11T07:49:18.561492+09:00,全国紙,全国,読売新聞,26年産新米、古米より安い「異常事態」...昨年高く仕入れた古米「一気に値下げは難しい状況」,https://www.yomiuri.co.jp/economy/20260911-GYT1T00015/,https://news.ceek.jp/search.cgi?category_id=business&feed=1,ok,,経済
2026-09-11,2026-09-11T07:49:18.561492+09:00,その他メディア,,東洋経済オンライン,"60歳超で給料アップも...!「静かな退職」が広がる裏で、ベテランの""昔取った杵柄""を戦力に変えた富士通の鮮やかな一手 | キャリア・教育",https://toyokeizai.net/articles/-/957446?display=b,https://news.ceek.jp/search.cgi?category_id=business&feed=1,ok,,経済
2026-09-11,2026-09-11T07:49:18.561492+09:00,その他メディア,,日本金融通信,中企庁、M&A新資格に更新制 倫理違反は登録取り消し,https://www.nikkinonline.com/article/422300,https://news.ceek.jp/search.cgi?category_id=business&feed=1,ok,,経済
2026-09-11,2026-09-11T07:49:18.561492+09:00,その他メディア,,日本金融通信,(お知らせ)ニッキンONLINE 読者モニターを追加募集します【謝礼あり】,https://www.nikkinonline.com/article/378328,https://news.ceek.jp/search.cgi?category_id=business&feed=1,ok,,経済
2026-09-11,2026-09-11T07:49:18.561492+09:00,その他メディア,,日本金融通信,第6回 役員の一言《後編》,https://www.nikkinonline.com/article/410350,https://news.ceek.jp/search.cgi?category_id=business&feed=1,ok,,経済
2026-09-11,2026-09-11T07:49:18.561492+09:00,その他メディア,,日本金融通信,物言うアセマネ(上)、ROE8%未満で反対票 地域銀行は新たな試練,https://www.nikkinonline.com/article/422271,https://news.ceek.jp/search.cgi?category_id=business&feed=1,ok,,経済
2026-09-11,2026-09-11T07:49:18.561492+09:00,その他メディア,,日本金融通信,大手行、女性管理職比率3割視野 上位登用に課題,https://www.nikkinonline.com/article/422573,https://news.ceek.jp/search.cgi?category_id=business&feed=1,ok,,経済
2026-09-11,2026-09-11T07:49:18.561492+09:00,その他メディア,,日本金融通信,【推薦図書】 「AI大格差」(宮本弘暁著),https://www.nikkinonline.com/article/422260,https://news.ceek.jp/search.cgi?category_id=business&feed=1,ok,,経済
2026-09-11,2026-09-11T07:49:18.561492+09:00,その他メディア,,日本金融通信,私のターニングポイント (121) 住友生命代理店事業部代理店企画室長・井手聡氏(上),https://www.nikkinonline.com/article/422236,https://news.ceek.jp/search.cgi?category_id=business&feed=1,ok,,経済
2026-09-11,2026-09-11T07:49:18.561492+09:00,その他メディア,,日本金融通信,オリコとマネーフォワードエックス、アプリで中小の資金管理 融資提案機能も追加,https://www.nikkinonline.com/article/422737,https://news.ceek.jp/search.cgi?category_id=business&feed=1,ok,,経済
2026-09-11,2026-09-11T07:49:18.561492+09:00,全国紙,全国,日本経済新聞,日銀の増委員、利上げ「レンジにしっかり」 金融正常化へ糸つむぐ,https://www.nikkei.com/article/DGXZQOFL09A9C0Z00C26A9000000/,https://news.ceek.jp/search.cgi?category_id=business&feed=1,ok,,経済
2026-09-11,2026-09-11T07:49:18.561492+09:00,全国紙,全国,日本経済新聞,セゾン投信、JAに販売支援,https://www.nikkei.com/article/DGXZQOUB0813Q0Y6A900C2000000/,https://news.ceek.jp/search.cgi?category_id=business&feed=1,ok,,経済
2026-09-11,2026-09-11T07:49:18.561492+09:00,その他メディア,,フジテレビ,「勝手踏切」の事故防止に向けた安全教室が小学校で開かれる 「どこが危険か家族に教えたい」広島,https://www.fnn.jp/articles/-/1112248,https://news.ceek.jp/search.cgi?category_id=national&feed=1,ok,,社会
2026-09-11,2026-09-11T07:49:18.561492+09:00,全国紙,全国,読売新聞,NHKが受信料滞納ホテルを提訴、事業者への民事訴訟は今年3件目,https://www.yomiuri.co.jp/national/20260911-GYT1T00060/,https://news.ceek.jp/search.cgi?category_id=national&feed=1,ok,,社会
2026-09-11,2026-09-11T07:49:18.561492+09:00,その他メディア,,集英社オンライン,"“プーチン、お前はすでに負けている"" CIA長官が極秘のモスクワ入り...同時期に公表されなかった「3つの大統領令」の謎",https://shueisha.online/articles/-/258613,https://news.ceek.jp/search.cgi?category_id=national&feed=1,ok,,社会
2026-09-11,2026-09-11T07:49:18.561492+09:00,全国紙,全国,東京新聞,渡辺保さん死去 90歳 歌舞伎論、演劇評論家,https://www.tokyo-np.co.jp/article/514810,https://news.ceek.jp/search.cgi?category_id=national&feed=1,ok,,社会
2026-09-11,2026-09-11T07:49:18.561492+09:00,全国紙,全国,東京新聞,田口計さん死去 俳優,https://www.tokyo-np.co.jp/article/514809,https://news.ceek.jp/search.cgi?category_id=national&feed=1,ok,,社会
2026-09-11,2026-09-11T07:49:18.561492+09:00,その他メディア,,フジテレビ,【ひき逃げ事件】道路の街路灯の点検作業中に男性が後方からはねられる...頸椎損傷の疑いで病院搬送―車は現場から走り去っていて進行方向や特徴などは不明〈北海道遠軽町〉,https://www.fnn.jp/articles/-/1112246,https://news.ceek.jp/search.cgi?category_id=national&feed=1,ok,,社会
2026-09-11,2026-09-11T07:49:18.561492+09:00,その他メディア,,集英社オンライン,日経平均7万円の熱狂は幻だったのか──日本株を支えた「2つのエンジン」に、いま同時に亀裂が入り始めた,https://shueisha.online/articles/-/258582,https://news.ceek.jp/search.cgi?category_id=national&feed=1,ok,,社会
2026-09-11,2026-09-11T07:49:18.561492+09:00,その他メディア,,フジテレビ,"真上に学校や住宅も...熊本地震で被害広げた“活断層のズレ"" 専門家が警鐘「津波等は対策あるが活断層だけ何もない」",https://www.fnn.jp/articles/-/1112239,https://news.ceek.jp/search.cgi?category_id=national&feed=1,ok,,社会
2026-09-11,2026-09-11T07:49:18.561492+09:00,その他メディア,,フジテレビ,紀子さまが60歳の誕生日「子どもたちの幸せを願いながら、見守っていきたい」,https://www.fnn.jp/articles/-/1112236,https://news.ceek.jp/search.cgi?category_id=national&feed=1,ok,,社会
2026-09-11,2026-09-11T07:49:18.561492+09:00,その他メディア,,フジテレビ,長野県の中南部では雷を伴った激しい雨の降る所がある見込み 南部では土砂災害に厳重警戒 24時間予想降水量は南部80ミリ・中部20ミリ・北部20ミリ(午前12日午前6時まで 多い所で),https://www.fnn.jp/articles/-/1112238,https://news.ceek.jp/search.cgi?category_id=national&feed=1,ok,,社会
2026-09-11,2026-09-11T07:49:18.561492+09:00,その他メディア,,フジテレビ,営利目的で大麻栽培の疑い、46歳男を逮捕 東南アジアなどで6年逃亡,https://www.fnn.jp/articles/-/1112234,https://news.ceek.jp/search.cgi?category_id=national&feed=1,ok,,社会
2026-09-11,2026-09-11T07:49:18.561492+09:00,その他メディア,,フジテレビ,睡眠研究で「ラスカー賞」の筑波大・柳沢教授が会見で喜び語る 「睡眠の基礎研究が日の目をみる」,https://www.fnn.jp/articles/-/1112231,https://news.ceek.jp/search.cgi?category_id=national&feed=1,ok,,社会
2026-09-11,2026-09-11T07:49:18.561492+09:00,その他メディア,,日本テレビ,"【沖縄県知事選】現職×新人“一騎打ち""の構図か 辺野古めぐり...現職候補に逆風も “移設容認""新人候補の切り札は?",https://news.ntv.co.jp/category/society/226abae1fb1b478c9e895bd9c1284173,https://news.ceek.jp/search.cgi?category_id=national&feed=1,ok,,社会
2026-09-11,2026-09-11T07:49:18.561492+09:00,その他メディア,,フジテレビ,関東甲信地方では「警報級の大雨」となる期間や地域が拡大する可能性 24時間予想降水量関東地方南部・甲信地方・伊豆諸島80ミリ(12日午前6時まで 多い所で) 長野県では土砂災害に厳重警戒,https://www.fnn.jp/articles/-/1112232,https://news.ceek.jp/search.cgi?category_id=national&feed=1,ok,,社会
2026-09-11,2026-09-11T07:49:18.561492+09:00,その他メディア,,日本テレビ,"謝礼の日本酒5本を10本と...“不正""の数々 警察庁の前サイバー捜査課長を書類送検 捜査費170万円以上を私的流用か",https://news.ntv.co.jp/category/society/1336ecbb69df44ec9f82dbfa44b7162a,https://news.ceek.jp/search.cgi?category_id=national&feed=1,ok,,社会
2026-09-11,2026-09-11T07:49:18.561492+09:00,その他メディア,,フジテレビ,自転車に乗っていた8歳男児が車にはねられ重体 運転していた77歳男を逮捕 現場は道幅狭い生活道路,https://www.fnn.jp/articles/-/1112229,https://news.ceek.jp/search.cgi?category_id=national&feed=1,ok,,社会
2026-09-11,2026-09-11T07:49:18.561492+09:00,その他メディア,,テレビ朝日,"性犯罪加害者にGPS装着は必要か 海外では“足輪""や“化学的去勢""の例も 再犯防止と社会復帰の最善策とは 識者「社会から切り離すと更生の妨げに」と懸念も",https://news.tv-asahi.co.jp/news_society/articles/900199397.html,https://news.ceek.jp/search.cgi?category_id=national&feed=1,ok,,社会
2026-09-11,2026-09-11T07:49:18.561492+09:00,その他メディア,,フジテレビ,遺族は怒り「ながら運転の1つの事故で片付けられない」新名神でトラックが渋滞の列に追突し6人死亡の事故 女に拘禁刑7年求刑,https://www.fnn.jp/articles/-/1112228,https://news.ceek.jp/search.cgi?category_id=national&feed=1,ok,,社会
2026-09-11,2026-09-11T07:49:18.561492+09:00,その他メディア,,Abema TIMES,"性犯罪加害者にGPS装着は必要か 海外では“足輪""や“化学的去勢""の例も 再犯防止と社会復帰の最善策とは 識者「社会から切り離すと更生の妨げに」と懸念も",https://times.abema.tv/articles/-/10272354?page=1,https://news.ceek.jp/search.cgi?category_id=national&feed=1,ok,,社会
2026-09-11,2026-09-11T07:49:18.561492+09:00,その他メディア,,フジテレビ,【大雨情報】東日本で土砂災害に注意 静岡県は11日昼前にかけて警報級大雨のおそれも 長く続く雨 地盤が緩んでいるところも 土砂災害・低い土地の浸水に注意・警戒を,https://www.fnn.jp/articles/-/1112226,https://news.ceek.jp/search.cgi?category_id=national&feed=1,ok,,社会
2026-09-11,2026-09-11T07:49:18.561492+09:00,その他メディア,,日本テレビ,外国人にも人気の「宿坊」で申告漏れか...計1億円超 宗教法人、なにが課税?,https://news.ntv.co.jp/category/society/9cc5ed135a214a7696c3f45fa5a947ff,https://news.ceek.jp/search.cgi?category_id=national&feed=1,ok,,社会
2026-09-11,2026-09-11T07:49:18.561492+09:00,その他メディア,,フジテレビ,"人流データで一目瞭然...記録的豪雨が襲った名古屋の“人の動き""を独自検証 駅周辺や幹線道路は帰宅困難者で真っ赤に",https://www.fnn.jp/articles/-/1112225,https://news.ceek.jp/search.cgi?category_id=national&feed=1,ok,,社会
2026-09-11,2026-09-11T07:49:18.561492+09:00,その他メディア,,テレビ朝日,天皇皇后両陛下 17世紀のオランダを代表する画家・レンブラントの企画展を訪問,https://news.tv-asahi.co.jp/news_society/articles/000532623.html,https://news.ceek.jp/search.cgi?category_id=national&feed=1,ok,,社会
2026-09-11,2026-09-11T07:49:18.561492+09:00,その他メディア,,テレビ朝日,中部電力の子会社 電気料金約500万件過大請求 約12億円を返還へ,https://news.tv-asahi.co.jp/news_society/articles/000532624.html,https://news.ceek.jp/search.cgi?category_id=national&feed=1,ok,,社会
2026-09-11,2026-09-11T07:49:18.561492+09:00,その他メディア,,テレビ朝日,那覇空港に空自F15戦闘機が緊急着陸 滑走路が一時閉鎖,https://news.tv-asahi.co.jp/news_society/articles/000532627.html,https://news.ceek.jp/search.cgi?category_id=national&feed=1,ok,,社会
2026-09-11,2026-09-11T07:49:18.561492+09:00,その他メディア,,女性自身,【PFAS汚染】米軍認めるも政府が隠蔽「無責任」批判相次ぐ...防衛省に見解直撃,https://jisin.jp/domestic/2599644/,https://news.ceek.jp/search.cgi?category_id=national&feed=1,ok,,社会
2026-09-11,2026-09-11T07:49:18.561492+09:00,その他メディア,,女性自身,"高市早苗首相 内閣広報費72億円要求に「怒りしかない」批判多く...元官邸記者が語る“インフルエンサー総理""の戦略とは",https://jisin.jp/domestic/2599589/,https://news.ceek.jp/search.cgi?category_id=national&feed=1,ok,,社会
2026-09-11,2026-09-11T07:49:18.561492+09:00,その他メディア,,女性自身,"刃物を持った女性が東京外環道を逆走、パトカー3台を翻弄...地元ドライバーが驚いた“運転テクニック""",https://jisin.jp/domestic/2599549/,https://news.ceek.jp/search.cgi?category_id=national&feed=1,ok,,社会
2026-09-11,2026-09-11T07:49:18.561492+09:00,その他メディア,,現代ビジネス,日本海軍がパイロット選考に採用した「人相見」...なんとプロの評価と「8割一致」,https://gendai.media/articles/-/170315,https://news.ceek.jp/search.cgi?category_id=national&feed=1,ok,,社会
2026-09-11,2026-09-11T07:49:18.561492+09:00,その他メディア,,現代ビジネス,山本五十六も認めた「謎の人相見」...23万人を鑑別し「特攻隊員の死相」から終戦を予言した男,https://gendai.media/articles/-/170316,https://news.ceek.jp/search.cgi?category_id=national&feed=1,ok,,社会
2026-09-11,2026-09-11T07:49:18.561492+09:00,その他メディア,,現代ビジネス,【独自】「『音楽の日』でなぜ最新曲が歌わなかったのか」Snow ManをめぐってSTRATO社とTBSが一発触発だった,https://gendai.media/articles/-/170911,https://news.ceek.jp/search.cgi?category_id=national&feed=1,ok,,社会
2026-09-11,2026-09-11T07:49:18.561492+09:00,その他メディア,,フジテレビ,殴る蹴るの一部始終がカメラに...老人ホームで入所者に暴行を加えた罪 71歳男に拘禁刑1年を求刑 被害者の娘「重い判決を」,https://www.fnn.jp/articles/-/1112222,https://news.ceek.jp/search.cgi?category_id=national&feed=1,ok,,社会
2026-09-11,2026-09-11T07:49:18.561492+09:00,その他メディア,,週刊女性PRIME,海外観光客、山中湖の白鳥の首をつかみ笑顔で記念撮影動画が大炎上、真偽不明の残酷な画像拡散で乱れる議論,https://www.jprime.jp/articles/-/43522,https://news.ceek.jp/search.cgi?category_id=national&feed=1,ok,,社会
2026-09-11,2026-09-11T07:49:18.561492+09:00,その他メディア,,東京スポーツ新聞,トランプ大統領 中間選挙で勝てば成人全員に「5000ドル支給」 実現に185兆円必要,https://www.tokyo-sports.co.jp/articles/-/402645,https://news.ceek.jp/search.cgi?category_id=national&feed=1,ok,,社会
2026-09-11,2026-09-11T07:49:18.561492+09:00,その他メディア,,東京スポーツ新聞,元官僚芸人まつもとが証言 「ボロボロ公務員宿舎の住環境」と人材流出止まらぬワケ,https://www.tokyo-sports.co.jp/articles/-/402649,https://news.ceek.jp/search.cgi?category_id=national&feed=1,ok,,社会
2026-09-11,2026-09-11T07:49:18.561492+09:00,その他メディア,,日刊ゲンダイ,"内閣広報室の予算要求が前年度比10倍超の72億円に爆増! 高市首相“ヨイショ体制""強化にネット大荒れ",https://www.nikkan-gendai.com/articles/view/news/392799,https://news.ceek.jp/search.cgi?category_id=national&feed=1,ok,,社会
2026-09-11,2026-09-11T07:49:18.561492+09:00,その他メディア,,日刊ゲンダイ,「政党交付金の私物化」と大騒ぎ...中道の借金返済はそんなに悪質か? 安倍昭恵氏は政治資金2億円超を非課税で継承,https://www.nikkan-gendai.com/articles/view/news/392831,https://news.ceek.jp/search.cgi?category_id=national&feed=1,ok,,社会
2026-09-11,2026-09-11T07:49:18.561492+09:00,その他メディア,,日刊ゲンダイ,人助けで警察から感謝状をもらった32歳建設会社女社長の「ウラの顔」は特殊詐欺のリクルーター,https://www.nikkan-gendai.com/articles/view/newsx/392812,https://news.ceek.jp/search.cgi?category_id=national&feed=1,ok,,社会
2026-09-11,2026-09-11T07:49:18.561492+09:00,その他メディア,,フジテレビ,「層雲峡のトンネル」内で軽自動車やトラックなど4台が絡む事故...運転手3人が病院へ搬送〈北海道上川町〉,https://www.fnn.jp/articles/-/1112221,https://news.ceek.jp/search.cgi?category_id=national&feed=1,ok,,社会
2026-09-11,2026-09-11T07:49:18.561492+09:00,その他メディア,,フジテレビ,「待ちに待って...助かりました」JR室蘭線が約2週間ぶりに運転再開!札幌と函館を結ぶ「特急北斗」の始発には多くの乗客が―8月の大雨による土砂流入から全面復旧へ<北海道>,https://www.fnn.jp/articles/-/1112220,https://news.ceek.jp/search.cgi?category_id=national&feed=1,ok,,社会
2026-09-11,2026-09-11T07:49:18.561492+09:00,その他メディア,,デイリースポーツ,見分け不安「食べないで」,https://www.daily.co.jp/society/national/2026/09/11/0020807191.shtml,https://news.ceek.jp/search.cgi?category_id=national&feed=1,ok,,社会
2026-09-11,2026-09-11T07:49:18.561492+09:00,その他メディア,,デイリー新潮,「天皇は人間ではなく神でなければならない」――天皇の「人間宣言」を批判した三島由紀夫は本当に「狂信的」だったのか?,https://www.dailyshincho.jp/article/2026/09110533/?all=1,https://news.ceek.jp/search.cgi?category_id=national&feed=1,ok,,社会
2026-09-11,2026-09-11T07:49:18.561492+09:00,その他メディア,,共同通信,見分け不安「食べないで」 植物採取、死亡事案も,https://www.47news.jp/14922212.html,https://news.ceek.jp/search.cgi?category_id=national&feed=1,ok,,社会
2026-09-11,2026-09-11T07:49:18.561492+09:00,その他メディア,,スポニチ,競輪選手が下半身露出の疑い 停車中の車内から通行人に,https://www.sponichi.co.jp/society/news/2026/09/11/kiji/20260911s00042000028000c.html,https://news.ceek.jp/search.cgi?category_id=national&feed=1,ok,,社会
2026-09-11,2026-09-11T07:49:18.561492+09:00,その他メディア,,スポニチ,鳥貴族 均一価格を410円に値上げ 宴会プランも 原材料費高騰や人件費負担増で,https://www.sponichi.co.jp/society/news/2026/09/11/kiji/20260911s00042000029000c.html,https://news.ceek.jp/search.cgi?category_id=national&feed=1,ok,,社会
2026-09-11,2026-09-11T07:49:18.561492+09:00,その他メディア,,スポニチ,紀子さま 還暦に「子どもたちの幸せを願いながら、見守っていきたい」,https://www.sponichi.co.jp/society/news/2026/09/11/kiji/20260911s00042000031000c.html,https://news.ceek.jp/search.cgi?category_id=national&feed=1,ok,,社会
2026-09-11,2026-09-11T07:49:18.561492+09:00,その他メディア,,スポニチ,アップル 初の折り畳みiPhone発表 10月23日発売 日本では36万円から ライバルに対抗,https://www.sponichi.co.jp/society/news/2026/09/11/kiji/20260911s00042000033000c.html,https://news.ceek.jp/search.cgi?category_id=national&feed=1,ok,,社会
2026-09-11,2026-09-11T07:49:18.561492+09:00,その他メディア,,スポニチ,中道立民系 新党へ協議 臨時国会前の結成目指す 代表選浮上,https://www.sponichi.co.jp/society/news/2026/09/11/kiji/20260911s00042000043000c.html,https://news.ceek.jp/search.cgi?category_id=national&feed=1,ok,,社会
2026-09-11,2026-09-11T07:49:18.561492+09:00,その他メディア,,デイリー新潮,【追悼・張本勲氏】ひとつの「喝!」が世論を大きく動かした...ネットニュース編集者が振り返る唯一無二の「御意見番」語録,https://www.dailyshincho.jp/article/2026/09110506/?all=1,https://news.ceek.jp/search.cgi?category_id=national&feed=1,ok,,社会
2026-09-11,2026-09-11T07:49:18.561492+09:00,その他メディア,,デイリー新潮,"「えっ、郵便局員じゃない人が配ってたの?」...公取委が「日本郵便」にフリーランス法違反で勧告 “小泉改革""が変えた集配業務の実態",https://www.dailyshincho.jp/article/2026/09110504/?all=1,https://news.ceek.jp/search.cgi?category_id=national&feed=1,ok,,社会
2026-09-11,2026-09-11T07:49:18.561492+09:00,その他メディア,,デイリー新潮,「料理や得意のお菓子を御所に持っていかれることも」 「紀子さま」60歳 姑「美智子さま」と良好なご関係を築かれた秘訣とは,https://www.dailyshincho.jp/article/2026/09110503/?all=1,https://news.ceek.jp/search.cgi?category_id=national&feed=1,ok,,社会
2026-09-11,2026-09-11T07:49:18.561492+09:00,その他メディア,,デイリー新潮,"「ご結婚の準備は完全に美智子さまの主導で...」 還暦を迎えられた「紀子さま」は、なぜ皇室に見事に“適応""なされたのか? その秘密",https://www.dailyshincho.jp/article/2026/09110502/?all=1,https://news.ceek.jp/search.cgi?category_id=national&feed=1,ok,,社会
2026-09-11,2026-09-11T07:49:18.561492+09:00,その他メディア,,サンケイスポーツ,「明治安田新宿ビル」完成 駅直結、エリア最大級規模のフロア専有面積 根岸会長「新宿拠点に地域の発展に貢献」,https://www.sanspo.com/article/20260911-2SXBQOS4DZLNHPKB623MCMNUSI/,https://news.ceek.jp/search.cgi?category_id=national&feed=1,ok,,社会
2026-09-11,2026-09-11T07:49:18.561492+09:00,全国紙,全国,読売新聞,[からだの質問箱]足のむくみひどく 炎症も,https://www.yomiuri.co.jp/medical/20260910-GYT8T00192/,https://news.ceek.jp/search.cgi?category_id=national&feed=1,ok,,社会
2026-09-11,2026-09-11T07:49:18.561492+09:00,全国紙,全国,読売新聞,[医療ルネサンス]アピアランスケア<6>情報提供体制 整備検討を,https://www.yomiuri.co.jp/medical/renaissance/20260910-GYT8T00198/,https://news.ceek.jp/search.cgi?category_id=national&feed=1,ok,,社会
2026-09-11,2026-09-11T07:49:18.561492+09:00,全国紙,全国,読売新聞,川上哲治さんが「お前、こんな手で」と絶句し涙...張本勲さん3085安打の裏に想像絶する苦悩,https://www.yomiuri.co.jp/national/20260911-GYT1T00038/,https://news.ceek.jp/search.cgi?category_id=national&feed=1,ok,,社会
2026-09-11,2026-09-11T07:49:18.561492+09:00,全国紙,全国,読売新聞,カジノ160サイト 削除要請 警察庁 接続遮断は20サイト,https://www.yomiuri.co.jp/national/20260911-GYT1T00045/,https://news.ceek.jp/search.cgi?category_id=national&feed=1,ok,,社会
2026-09-11,2026-09-11T07:49:18.561492+09:00,全国紙,全国,読売新聞,ランサム被害 過去最多 上半期123件 中小企業が6割 身代金要求ウイルス,https://www.yomiuri.co.jp/national/20260911-GYT1T00046/,https://news.ceek.jp/search.cgi?category_id=national&feed=1,ok,,社会
2026-09-11,2026-09-11T07:49:18.561492+09:00,その他メディア,,デイリー新潮,"「20代の色白美女が中年男性とホテルに...」 壁の隙間にまるで“商品""のように並び... 4割がホストに貢いでいるという「立ちんぼ」のリアル",https://www.dailyshincho.jp/article/2026/09110458/?all=1,https://news.ceek.jp/search.cgi?category_id=national&feed=1,ok,,社会
2026-09-11,2026-09-11T07:49:18.561492+09:00,その他メディア,,デイリー新潮,"キナ臭さを増す福岡県政 「“悪人""イメージの藏内氏と近い関係の麻生氏の動きは...」 水面下で動き出した、麻生副総裁と武田元総務相のバトル",https://www.dailyshincho.jp/article/2026/09110456/?all=1,https://news.ceek.jp/search.cgi?category_id=national&feed=1,ok,,社会
2026-09-11,2026-09-11T07:49:18.561492+09:00,その他メディア,,デイリー新潮,"沖縄の「修学旅行生の平和学習」で“ヤラセ疑惑""! 「既に発掘された遺品を埋め直して、子どもたちに掘らせていた」証言も... 団体代表は「何が問題なのでしょう?」",https://www.dailyshincho.jp/article/2026/09110454/?all=1,https://news.ceek.jp/search.cgi?category_id=national&feed=1,ok,,社会
2026-09-11,2026-09-11T07:49:18.561492+09:00,その他メディア,,デイリー新潮,沖縄での「修学旅行生の平和学習」は過激化している! 「生徒に犯罪教唆するような内容が...」 遺骨収集活動では「ヤラセ疑惑まで」,https://www.dailyshincho.jp/article/2026/09110453/?all=1,https://news.ceek.jp/search.cgi?category_id=national&feed=1,ok,,社会
2026-09-11,2026-09-11T07:49:18.561492+09:00,その他メディア,,デイリー新潮,"片山財務相にとっては「織り込み済み」 “今や私が胴元""発言がターニングポイントに",https://www.dailyshincho.jp/article/2026/09110450/?all=1,https://news.ceek.jp/search.cgi?category_id=national&feed=1,ok,,社会
2026-09-11,2026-09-11T07:49:18.561492+09:00,その他メディア,,テレビ朝日,小惑星「リュウグウ」は45億年以上前に誕生した惑星の残骸 「はやぶさ2」試料で判明,https://news.tv-asahi.co.jp/news_society/articles/000532588.html,https://news.ceek.jp/search.cgi?category_id=national&feed=1,ok,,社会
2026-09-11,2026-09-11T07:49:18.561492+09:00,その他メディア,,アジアプレス・ネットワーク,半蔵門駅ホームのアスベスト飛散めぐり東京・千代田区「法の対象外」主張 明らかな違反見逃す 国と監督署は区の主張否定,https://www.asiapress.org/apn/2026/09/japan/asbestos-226/,https://news.ceek.jp/search.cgi?category_id=national&feed=1,ok,,社会
2026-09-11,2026-09-11T07:49:18.561492+09:00,その他メディア,,フジテレビ,熊本県で最大震度1の地震 熊本県・上天草市,https://www.fnn.jp/articles/-/1112159,https://news.ceek.jp/search.cgi?category_id=national&feed=1,ok,,社会
2026-09-11,2026-09-11T07:49:18.561492+09:00,全国紙,全国,日本経済新聞,スマホ決済の「送る」機能悪用、相次ぐ偽通販サイト被害,https://www.nikkei.com/article/DGXZQOUD179YD0X10C26A6000000/,https://news.ceek.jp/search.cgi?category_id=national&feed=1,ok,,社会
2026-09-11,2026-09-11T07:49:18.561492+09:00,全国紙,全国,日本経済新聞,「失語症」支援に地域差 サポート役派遣、主要自治体で4割どまり,https://www.nikkei.com/article/DGXZQOUF04B980U6A600C2000000/,https://news.ceek.jp/search.cgi?category_id=national&feed=1,ok,,社会
2026-09-11,2026-09-11T07:49:18.561492+09:00,全国紙,全国,日本経済新聞,神戸大学「稼ぐ力」で埋没回避 バイオ・ロボ産業創出、外部資金呼ぶ,https://www.nikkei.com/article/DGXZQOUF263PL0W6A820C2000000/,https://news.ceek.jp/search.cgi?category_id=national&feed=1,ok,,社会
2026-09-11,2026-09-11T07:49:18.561492+09:00,その他メディア,,テレビ朝日,中学校教師が女子高校生を盗撮か スマホからは複数の動画も 千葉県,https://news.tv-asahi.co.jp/news_society/articles/000532604.html,https://news.ceek.jp/search.cgi?category_id=national&feed=1,ok,,社会
2026-09-11,2026-09-11T07:49:18.561492+09:00,その他メディア,,日本テレビ,「ドキドキ感がたまらないから」駅の階段で女子高校生のスカートの中を盗撮か 中学校教諭の男を逮捕 千葉,https://news.ntv.co.jp/category/society/d920cf0978b242f2963efd82c824b7df,https://news.ceek.jp/search.cgi?category_id=national&feed=1,ok,,社会
2026-09-11,2026-09-11T07:49:18.561492+09:00,その他メディア,,フジテレビ,軽自動車が車線はみだしトラックに衝突・炎上...運転席から1人の遺体 後続車も巻き込まれ2人が軽傷 滋賀,https://www.fnn.jp/articles/-/1112157,https://news.ceek.jp/search.cgi?category_id=national&feed=1,ok,,社会
2026-09-11,2026-09-11T07:49:18.561492+09:00,その他メディア,,Abema TIMES,"世紀の大発見『オレキシン』とは?ラスカー賞・柳沢教授に聞く“睡眠""のあれこれ",https://times.abema.tv/articles/-/10272442?page=1,https://news.ceek.jp/search.cgi?category_id=national&feed=1,ok,,社会
2026-09-11,2026-09-11T07:49:18.561492+09:00,その他メディア,,TBSテレビ,気温急降下で都心は最高気温が10月中旬並みに 週明けはまた真夏日予報 11日にかけ雨にも警戒【news23】,https://newsdig.tbs.co.jp/articles/-/2937343?display=1,https://news.ceek.jp/search.cgi?category_id=national&feed=1,ok,,社会
2026-09-11,2026-09-11T07:49:18.561492+09:00,その他メディア,,フジテレビ,熊本県で最大震度2の地震 熊本県・嘉島町,https://www.fnn.jp/articles/-/1112156,https://news.ceek.jp/search.cgi?category_id=national&feed=1,ok,,社会
2026-09-11,2026-09-11T07:49:18.561492+09:00,その他メディア,,フジテレビ,"気温が大幅に低下し10月中旬並みに コートにおでん“秋の装い""",https://www.fnn.jp/articles/-/1112154,https://news.ceek.jp/search.cgi?category_id=national&feed=1,ok,,社会
2026-09-11,2026-09-11T07:49:18.561492+09:00,その他メディア,,TBSテレビ,千葉県の公立中学校教諭(32)を現行犯逮捕 女子高校生のスカートの中を盗撮した疑い「ドキドキ感がたまらない」,https://newsdig.tbs.co.jp/articles/-/2937339?display=1,https://news.ceek.jp/search.cgi?category_id=national&feed=1,ok,,社会
2026-09-11,2026-09-11T07:49:18.561492+09:00,その他メディア,,フジテレビ,史上初3000安打の張本勲さん(86)死去 球界のご意見番として活躍,https://www.fnn.jp/articles/-/1112153,https://news.ceek.jp/search.cgi?category_id=national&feed=1,ok,,社会
2026-09-11,2026-09-11T07:49:18.561492+09:00,その他メディア,,フジテレビ,警察庁前サイバー捜査課長が懲戒免職 海外出張の173万円不正流用,https://www.fnn.jp/articles/-/1112151,https://news.ceek.jp/search.cgi?category_id=national&feed=1,ok,,社会
2026-09-11,2026-09-11T07:49:18.561492+09:00,その他メディア,,フジテレビ,岩手県で最大震度2の地震 岩手県・遠野市,https://www.fnn.jp/articles/-/1112148,https://news.ceek.jp/search.cgi?category_id=national&feed=1,ok,,社会
2026-09-11,2026-09-11T07:49:18.561492+09:00,その他メディア,,フジテレビ,【地震】岩手県内で震度2 岩手県沿岸北部を震源とする最大震度2の地震が発生 津波の心配なし,https://www.fnn.jp/articles/-/1112150,https://news.ceek.jp/search.cgi?category_id=national&feed=1,ok,,社会
2026-09-11,2026-09-11T07:49:18.561492+09:00,その他メディア,,Abema TIMES,わずか3分で店外へ 手慣れた犯行...コンビニ窃盗 犯行の一部始終,https://times.abema.tv/articles/-/10272440?page=1,https://news.ceek.jp/search.cgi?category_id=national&feed=1,ok,,社会
2026-09-11,2026-09-11T07:49:18.561492+09:00,その他メディア,,共同通信,紀子さま、還暦60歳に 典範改正「子の幸せ願う」,https://www.47news.jp/14921929.html,https://news.ceek.jp/search.cgi?category_id=national&feed=1,ok,,社会
2026-09-11,2026-09-11T07:49:18.561492+09:00,その他メディア,,デイリースポーツ,紀子さま、還暦60歳に,https://www.daily.co.jp/society/national/2026/09/11/0020806920.shtml,https://news.ceek.jp/search.cgi?category_id=national&feed=1,ok,,社会
2026-09-11,2026-09-11T07:49:18.561492+09:00,その他メディア,,テレビ朝日,秋篠宮妃紀子さま還暦の誕生日「一つ一つのお役目を大切に」,https://news.tv-asahi.co.jp/news_society/articles/000532471.html,https://news.ceek.jp/search.cgi?category_id=national&feed=1,ok,,社会
2026-09-11,2026-09-11T07:49:18.561492+09:00,全国紙,全国,読売新聞,還暦を迎えられた紀子さま「今日という日を迎えられましたことに感謝」...宮内記者会の質問への回答全文<1>,https://www.yomiuri.co.jp/koushitsu/20260910-GYT1T00222/,https://news.ceek.jp/search.cgi?category_id=national&feed=1,ok,,社会
2026-09-11,2026-09-11T07:49:18.561492+09:00,全国紙,全国,読売新聞,還暦の紀子さま、パラグアイ訪問で「日系人社会を家族のように築いてこられたことに敬意を抱きました」...宮内記者会の質問への回答全文<3>,https://www.yomiuri.co.jp/koushitsu/20260910-GYT1T00224/,https://news.ceek.jp/search.cgi?category_id=national&feed=1,ok,,社会
2026-09-11,2026-09-11T07:49:18.561492+09:00,その他メディア,,Jams.TV,ワン・ネーション、緑の党のフラッキング禁止案を支持,https://www.jams.tv/news/290253,https://news.ceek.jp/search.cgi?category_id=world&feed=1,ok,,国際
2026-09-11,2026-09-11T07:49:18.561492+09:00,その他メディア,,Economic Media Bulletin,ZF、EV向けの新たな修理キット群発表,https://emb-media.com/autoedge/2026/09/11/679283/,https://news.ceek.jp/search.cgi?category_id=world&feed=1,ok,,国際
2026-09-11,2026-09-11T07:49:18.561492+09:00,その他メディア,,Economic Media Bulletin,ロシアで電動車販売が倍増=背景に燃料不足,https://emb-media.com/autoedge/2026/09/11/679285/,https://news.ceek.jp/search.cgi?category_id=world&feed=1,ok,,国際
2026-09-11,2026-09-11T07:49:18.561492+09:00,その他メディア,,Economic Media Bulletin,ボロレ、ブルーバスの電気バスの製造停止,https://emb-media.com/autoedge/2026/09/11/679287/,https://news.ceek.jp/search.cgi?category_id=world&feed=1,ok,,国際
2026-09-11,2026-09-11T07:49:18.561492+09:00,その他メディア,,Economic Media Bulletin,アマゾン、独でダイムラー大型電気トラック受領,https://emb-media.com/autoedge/2026/09/11/679334/,https://news.ceek.jp/search.cgi?category_id=world&feed=1,ok,,国際
2026-09-11,2026-09-11T07:49:18.561492+09:00,その他メディア,,Economic Media Bulletin,BYD、英全土に138拠点の認定修理網を構築,https://emb-media.com/autoedge/2026/09/11/679347/,https://news.ceek.jp/search.cgi?category_id=world&feed=1,ok,,国際
2026-09-11,2026-09-11T07:49:18.561492+09:00,その他メディア,,Economic Media Bulletin,リドル、英国でEVの急速充電料金を値下げ,https://emb-media.com/autoedge/2026/09/11/679355/,https://news.ceek.jp/search.cgi?category_id=world&feed=1,ok,,国際
2026-09-11,2026-09-11T07:49:18.561492+09:00,その他メディア,,Economic Media Bulletin,新興レババ、460万ドル調達=蓄電池生産へ,https://emb-media.com/autoedge/2026/09/11/679570/,https://news.ceek.jp/search.cgi?category_id=world&feed=1,ok,,国際
2026-09-11,2026-09-11T07:49:18.561492+09:00,その他メディア,,Economic Media Bulletin,インディテックス、上半期は6.8%増益,https://emb-media.com/europe/2026/09/11/678877/,https://news.ceek.jp/search.cgi?category_id=world&feed=1,ok,,国際
2026-09-11,2026-09-11T07:49:18.561492+09:00,その他メディア,,Economic Media Bulletin,フェレロ、ルーマニアに工場新設,https://emb-media.com/europe/2026/09/11/679291/,https://news.ceek.jp/search.cgi?category_id=world&feed=1,ok,,国際
2026-09-11,2026-09-11T07:49:18.561492+09:00,その他メディア,,Economic Media Bulletin,オランダの内陸水運、8月は19%減少,https://emb-media.com/europe/2026/09/11/679294/,https://news.ceek.jp/search.cgi?category_id=world&feed=1,ok,,国際
2026-09-11,2026-09-11T07:49:18.561492+09:00,その他メディア,,Economic Media Bulletin,アバディーン、新会長に保険サンポ前CEO,https://emb-media.com/europe/2026/09/11/679302/,https://news.ceek.jp/search.cgi?category_id=world&feed=1,ok,,国際
2026-09-11,2026-09-11T07:49:18.561492+09:00,その他メディア,,Economic Media Bulletin,ルーマニア、太陽光・風力を10GW導入へ,https://emb-media.com/europe/2026/09/11/679306/,https://news.ceek.jp/search.cgi?category_id=world&feed=1,ok,,国際
2026-09-11,2026-09-11T07:49:18.561492+09:00,その他メディア,,Economic Media Bulletin,米加の関税対立、独企業に商機も=経済団体,https://emb-media.com/europe/2026/09/11/679350/,https://news.ceek.jp/search.cgi?category_id=world&feed=1,ok,,国際
2026-09-11,2026-09-11T07:49:18.561492+09:00,その他メディア,,Economic Media Bulletin,企業ソフトのセジッド、仏競合と合併で合意,https://emb-media.com/europe/2026/09/11/679359/,https://news.ceek.jp/search.cgi?category_id=world&feed=1,ok,,国際
2026-09-11,2026-09-11T07:49:18.561492+09:00,その他メディア,,Economic Media Bulletin,イングランド自治体、観光税導入可能に,https://emb-media.com/europe/2026/09/11/679368/,https://news.ceek.jp/search.cgi?category_id=world&feed=1,ok,,国際
2026-09-11,2026-09-11T07:49:18.561492+09:00,その他メディア,,Economic Media Bulletin,欧州中銀、2会合ぶり利上げ=2.5%に,https://emb-media.com/europe/2026/09/11/679374/,https://news.ceek.jp/search.cgi?category_id=world&feed=1,ok,,国際
2026-09-11,2026-09-11T07:49:18.561492+09:00,その他メディア,,Economic Media Bulletin,仏政府、大企業向け追加法人税を縮小へ,https://emb-media.com/europe/2026/09/11/679380/,https://news.ceek.jp/search.cgi?category_id=world&feed=1,ok,,国際
2026-09-11,2026-09-11T07:49:18.561492+09:00,その他メディア,,Economic Media Bulletin,欧州委、「欧州イノベーション法」を提案,https://emb-media.com/europe/2026/09/11/679388/,https://news.ceek.jp/search.cgi?category_id=world&feed=1,ok,,国際
2026-09-11,2026-09-11T07:49:18.561492+09:00,その他メディア,,Economic Media Bulletin,仏で国際宇宙サミット=米大手企業は欠席,https://emb-media.com/europe/2026/09/11/679420/,https://news.ceek.jp/search.cgi?category_id=world&feed=1,ok,,国際
2026-09-11,2026-09-11T07:49:18.561492+09:00,その他メディア,,Economic Media Bulletin,接客業、減税ならニート雇用,https://emb-media.com/europe/2026/09/11/679567/,https://news.ceek.jp/search.cgi?category_id=world&feed=1,ok,,国際
2026-09-11,2026-09-11T07:49:18.561492+09:00,その他メディア,,Economic Media Bulletin,ウィズエアー、アブダビとドバイに再就航へ,https://emb-media.com/mea/2026/09/11/679174/,https://news.ceek.jp/search.cgi?category_id=world&feed=1,ok,,国際
2026-09-11,2026-09-11T07:49:18.561492+09:00,その他メディア,,Economic Media Bulletin,エジプト政府、産業投資サブファンド設立,https://emb-media.com/mea/2026/09/11/679320/,https://news.ceek.jp/search.cgi?category_id=world&feed=1,ok,,国際
2026-09-11,2026-09-11T07:49:18.561492+09:00,その他メディア,,Economic Media Bulletin,ヤマハ発、アフリカでスタートアップ共創に参画,https://emb-media.com/mea/2026/09/11/679328/,https://news.ceek.jp/search.cgi?category_id=world&feed=1,ok,,国際
2026-09-11,2026-09-11T07:49:18.561492+09:00,その他メディア,,Economic Media Bulletin,カタールエナジー、アンゴラで権益取得へ,https://emb-media.com/mea/2026/09/11/679331/,https://news.ceek.jp/search.cgi?category_id=world&feed=1,ok,,国際
2026-09-11,2026-09-11T07:49:18.561492+09:00,その他メディア,,Economic Media Bulletin,ドバイ・ホールディング、中国建築に大型発注,https://emb-media.com/mea/2026/09/11/679352/,https://news.ceek.jp/search.cgi?category_id=world&feed=1,ok,,国際
2026-09-11,2026-09-11T07:49:18.561492+09:00,その他メディア,,Economic Media Bulletin,現代自、オマーンのスマートシティー開発に参画,https://emb-media.com/mea/2026/09/11/679367/,https://news.ceek.jp/search.cgi?category_id=world&feed=1,ok,,国際
2026-09-11,2026-09-11T07:49:18.561492+09:00,その他メディア,,Economic Media Bulletin,イラン、原油と中国製品の物々交換で制裁回避,https://emb-media.com/mea/2026/09/11/679399/,https://news.ceek.jp/search.cgi?category_id=world&feed=1,ok,,国際
2026-09-11,2026-09-11T07:49:18.561492+09:00,その他メディア,,Economic Media Bulletin,UAEと独、防衛・エネルギーなど協力拡大,https://emb-media.com/mea/2026/09/11/679473/,https://news.ceek.jp/search.cgi?category_id=world&feed=1,ok,,国際
2026-09-11,2026-09-11T07:49:18.561492+09:00,その他メディア,,Economic Media Bulletin,トルコ中銀、5会合連続で金利据え置き,https://emb-media.com/mea/2026/09/11/679601/,https://news.ceek.jp/search.cgi?category_id=world&feed=1,ok,,国際
2026-09-11,2026-09-11T07:49:18.561492+09:00,その他メディア,,Forbes JAPAN,BRICS首脳会議が週末に開幕 議長国インド、中国との関係改善進む,https://forbesjapan.com/articles/detail/104488,https://news.ceek.jp/search.cgi?category_id=world&feed=1,ok,,国際
2026-09-11,2026-09-11T07:49:18.561492+09:00,全国紙,全国,毎日新聞,監視か、プライバシーか 「振り子のように」揺れる米テロ対策,https://mainichi.jp/articles/20260909/k00/00m/030/324000c,https://news.ceek.jp/search.cgi?category_id=world&feed=1,ok,,国際
2026-09-11,2026-09-11T07:49:18.561492+09:00,全国紙,全国,産経新聞,「政治的だ」「到底受け入れられない」イラン高官、IAEAの核問題安保理付託を非難,https://www.sankei.com/article/20260911-7BCKG3RPXVIQXGHYB6EKSKXGXY/,https://news.ceek.jp/search.cgi?category_id=world&feed=1,ok,,国際
2026-09-11,2026-09-11T07:49:18.561492+09:00,その他メディア,,フジテレビ,生成AI「クロード」が生物兵器開発を手助けする恐れ 関連アカウントを停止 アンソロピック社,https://www.fnn.jp/articles/-/1112250,https://news.ceek.jp/search.cgi?category_id=world&feed=1,ok,,国際
2026-09-11,2026-09-11T07:49:18.561492+09:00,全国紙,全国,産経新聞,アイスランド捕鯨禁止か 来年2月法案提出の方針、商業捕鯨国は日本とノルウェー2カ国,https://www.sankei.com/article/20260911-6SKERDV7MRPL3M2IZNPUH7AXFA/,https://news.ceek.jp/search.cgi?category_id=world&feed=1,ok,,国際
2026-09-11,2026-09-11T07:49:18.561492+09:00,全国紙,全国,産経新聞,カナダが防空兵器供与へ ウクライナに400億円相当、ゼレンスキー氏「防衛力を強化」,https://www.sankei.com/article/20260911-6MH247B4LZJLTMYSYNXVCKFHBM/,https://news.ceek.jp/search.cgi?category_id=world&feed=1,ok,,国際
2026-09-11,2026-09-11T07:49:18.561492+09:00,その他メディア,,フジテレビ,ロシア軍がウクライナ東部を攻撃、100人超が死傷 ゼレンスキー大統領が非難「商業施設の近くにいただけの人々を殺害」,https://www.fnn.jp/articles/-/1112249,https://news.ceek.jp/search.cgi?category_id=world&feed=1,ok,,国際
2026-09-11,2026-09-11T07:49:18.561492+09:00,全国紙,全国,産経新聞,レバノン要衝の地下施設破壊 ヒズボラ構築とイスラエル、イラン事前に大規模な反撃警告,https://www.sankei.com/article/20260911-JT2OD6QWRRKXXLF6P7CAGSZIPY/,https://news.ceek.jp/search.cgi?category_id=world&feed=1,ok,,国際
2026-09-11,2026-09-11T07:49:18.561492+09:00,その他メディア,,Abema TIMES,ロシア軍深海部隊GUGIの特殊作戦を阻止か 米英ノルウェー軍が北極海で追跡・対峙,https://times.abema.tv/articles/-/10272452?page=1,https://news.ceek.jp/search.cgi?category_id=world&feed=1,ok,,国際
2026-09-11,2026-09-11T07:49:18.561492+09:00,全国紙,全国,産経新聞,ウクライナ商業施設で4人死亡 ロシア軍無人機攻撃、子供含む60人以上が負傷,https://www.sankei.com/article/20260911-IVN3OXLQRVOKPN54T55KFQV6ZI/,https://news.ceek.jp/search.cgi?category_id=world&feed=1,ok,,国際
2026-09-11,2026-09-11T07:49:18.561492+09:00,その他メディア,,共同通信,イエメン港湾都市掌握か フーシ派、原油価格急騰,https://www.47news.jp/14922217.html,https://news.ceek.jp/search.cgi?category_id=world&feed=1,ok,,国際
2026-09-11,2026-09-11T07:49:18.561492+09:00,全国紙,全国,産経新聞,米政府、親イラン民兵組織ヒズボラに経済制裁 金融ネットワークも対象・テロ資金源断つ,https://www.sankei.com/article/20260911-F2LHAD62OJIT3EH47X6UXCCATE/,https://news.ceek.jp/search.cgi?category_id=world&feed=1,ok,,国際
2026-09-11,2026-09-11T07:49:18.561492+09:00,全国紙,全国,産経新聞,NY原油、終値102ドル台 米国とイランの戦闘激化で8日続伸、4カ月ぶり高値,https://www.sankei.com/article/20260911-PL4UGMN4OVKMRJ3SJWZURT2MDY/,https://news.ceek.jp/search.cgi?category_id=world&feed=1,ok,,国際
2026-09-11,2026-09-11T07:49:18.561492+09:00,その他メディア,,テレビ朝日,"ドイツで極右政党「AfD」が躍進、世界で進むポピュリズム メルツ政権“支持率15%""の状況を識者が解説「ドイツは変わった。今まさに転換点」",https://news.tv-asahi.co.jp/news_international/articles/900199399.html,https://news.ceek.jp/search.cgi?category_id=world&feed=1,ok,,国際
2026-09-11,2026-09-11T07:49:18.561492+09:00,その他メディア,,フジテレビ,トランプ大統領が「オバマケア」加入者100万人に500ドル返金へ 前政権で「必要以上の手数料徴収」 中間選挙を前に支持つなぎ止めへ,https://www.fnn.jp/articles/-/1112245,https://news.ceek.jp/search.cgi?category_id=world&feed=1,ok,,国際
2026-09-11,2026-09-11T07:49:18.561492+09:00,全国紙,全国,産経新聞,組織委会長の辞任を発表、2030年仏アルプス冬季五輪 運営を巡る対立など相次ぐ,https://www.sankei.com/article/20260911-2CZ5EFG4GZOSLPJEIFEXGDNR6Y/,https://news.ceek.jp/search.cgi?category_id=world&feed=1,ok,,国際
2026-09-11,2026-09-11T07:49:18.561492+09:00,全国紙,全国,産経新聞,イエメン港湾都市掌握か、親イラン武装組織フーシ派 原油輸送路に近く価格急騰,https://www.sankei.com/article/20260911-FDLS7INT4VKDRGXEZP22S6S7BA/,https://news.ceek.jp/search.cgi?category_id=world&feed=1,ok,,国際
2026-09-11,2026-09-11T07:49:18.561492+09:00,その他メディア,,デイリースポーツ,レバノン要衝地下施設破壊,https://www.daily.co.jp/society/world/2026/09/11/0020807253.shtml,https://news.ceek.jp/search.cgi?category_id=world&feed=1,ok,,国際
2026-09-11,2026-09-11T07:49:18.561492+09:00,全国紙,全国,産経新聞,バンス副大統領が演説へ 急進左派台頭・民主党を「反米的」と非難か、米共和党大会最終日,https://www.sankei.com/article/20260911-QOD2ME2YNNORXJZXEBQ3RRQ5KA/,https://news.ceek.jp/search.cgi?category_id=world&feed=1,ok,,国際
2026-09-11,2026-09-11T07:49:18.561492+09:00,その他メディア,,フジテレビ,関税還付を活用 任天堂がアメリカで過去最大級セール,https://www.fnn.jp/articles/-/1112244,https://news.ceek.jp/search.cgi?category_id=world&feed=1,ok,,国際
2026-09-11,2026-09-11T07:49:18.561492+09:00,全国紙,全国,産経新聞,「10年後に欧州初の有人宇宙船」マクロン仏大統領 宇宙開発分野で米国や中国に対抗,https://www.sankei.com/article/20260911-5DEUTYUEPFOGPB4UENLSNCU4UU/,https://news.ceek.jp/search.cgi?category_id=world&feed=1,ok,,国際
2026-09-11,2026-09-11T07:49:18.561492+09:00,その他メディア,,TBSテレビ,フーシ派がイエメン南西部の港湾都市モカを制圧 エネルギー輸送の要衝に影響力強め...供給に懸念高まる,https://newsdig.tbs.co.jp/articles/-/2937404?display=1,https://news.ceek.jp/search.cgi?category_id=world&feed=1,ok,,国際
2026-09-11,2026-09-11T07:49:18.561492+09:00,その他メディア,,フジテレビ,トランプ大統領「共和党勝利で国民に5000ドル」発言 党内からも懐疑的な声 強い危機感浮き彫りに,https://www.fnn.jp/articles/-/1112242,https://news.ceek.jp/search.cgi?category_id=world&feed=1,ok,,国際
2026-09-11,2026-09-11T07:49:18.561492+09:00,その他メディア,,日本テレビ,"日本語版は“北方領土の色変更"" 国連推奨「イコールアース図法」世界地図めぐり製作者が明らかに",https://news.ntv.co.jp/category/international/d9de50a22d044989bfe9132ae81cad46,https://news.ceek.jp/search.cgi?category_id=world&feed=1,ok,,国際
2026-09-11,2026-09-11T07:49:18.561492+09:00,その他メディア,,デイリースポーツ,カナダ、防空兵器供与へ,https://www.daily.co.jp/society/world/2026/09/11/0020807233.shtml,https://news.ceek.jp/search.cgi?category_id=world&feed=1,ok,,国際
2026-09-11,2026-09-11T07:49:18.561492+09:00,その他メディア,,Forbes JAPAN,米特使がキーウ初訪問も和平への道筋見えず 戦略攻撃の応酬は新たな段階に 全面侵攻1658日目,https://forbesjapan.com/articles/detail/104486,https://news.ceek.jp/search.cgi?category_id=world&feed=1,ok,,国際
2026-09-11,2026-09-11T07:49:18.561492+09:00,全国紙,全国,産経新聞,テスラが無人タクシー「サイバーキャブ」公開 ハンドルやペダルなく、米国一部で導入,https://www.sankei.com/article/20260911-KKSBCZOS7NO5HMQVE6F6COIV3Q/,https://news.ceek.jp/search.cgi?category_id=world&feed=1,ok,,国際
2026-09-11,2026-09-11T07:49:18.561492+09:00,その他メディア,,AFPBB News,中国の造船所で貨物船火災 25人死亡 「火災リスクを徹底的に調査」習氏,https://www.afpbb.com/articles/-/3652408,https://news.ceek.jp/search.cgi?category_id=world&feed=1,ok,,国際
2026-09-11,2026-09-11T07:49:18.561492+09:00,その他メディア,,デイリースポーツ,アイスランド捕鯨禁止か,https://www.daily.co.jp/society/world/2026/09/11/0020806923.shtml,https://news.ceek.jp/search.cgi?category_id=world&feed=1,ok,,国際
2026-09-11,2026-09-11T07:49:18.561492+09:00,その他メディア,,共同通信,アイスランド捕鯨禁止か 来年2月法案提出の方針,https://www.47news.jp/14921936.html,https://news.ceek.jp/search.cgi?category_id=world&feed=1,ok,,国際
2026-09-11,2026-09-11T07:49:18.561492+09:00,全国紙,全国,産経新聞,天然サバ「サバヌーヴォー」到着 ノルウェーから秋の味覚、日航機で羽田空港に初便1トン,https://www.sankei.com/article/20260911-TZ3OALIQJFI2HE4U5KTQMW3RTA/,https://news.ceek.jp/search.cgi?category_id=world&feed=1,ok,,国際
2026-09-11,2026-09-11T07:49:18.561492+09:00,その他メディア,,VIETJO,越・モンゴル国会議長が会談、貿易額2億USD早期達成へ,https://www.viet-jo.com/news/politics/260910184758.html,https://news.ceek.jp/search.cgi?category_id=world&feed=1,ok,,国際
2026-09-11,2026-09-11T07:49:18.561492+09:00,その他メディア,,TBSテレビ,ヨーロッパ中央銀行が2会合ぶりに利上げ「中東情勢でエネルギー価格の高騰が深刻化」,https://newsdig.tbs.co.jp/articles/-/2937401?display=1,https://news.ceek.jp/search.cgi?category_id=world&feed=1,ok,,国際
2026-09-11,2026-09-11T07:49:18.561492+09:00,その他メディア,,TBSテレビ,異例の共和党大会 トランプ大統領が2日連続で演説へ 中間選挙前に初の開催 会場周辺では政権への抗議活動も,https://newsdig.tbs.co.jp/articles/-/2937400?display=1,https://news.ceek.jp/search.cgi?category_id=world&feed=1,ok,,国際
2026-09-11,2026-09-11T07:49:18.561492+09:00,その他メディア,,世界日報,「共産主義を打倒する」トランプ氏、民主党の左傾化批判 米共和党、中間選挙大会が開幕,https://www.worldtimes.co.jp/global/north-america/20260911-214677/,https://news.ceek.jp/search.cgi?category_id=world&feed=1,ok,,国際
2026-09-11,2026-09-11T07:49:18.561492+09:00,その他メディア,,世界日報,ホルムズ派兵準備、韓米同盟の信頼回復の契機に【セゲイルボを読む】,https://www.worldtimes.co.jp/global/korean-peninsula/20260911-214688/,https://news.ceek.jp/search.cgi?category_id=world&feed=1,ok,,国際
2026-09-11,2026-09-11T07:49:18.561492+09:00,その他メディア,,TBSテレビ,原油価格が一時100ドルの大台突破 NYダウは316ドル安の5万2064ドルで取引終了,https://newsdig.tbs.co.jp/articles/-/2937391?display=1,https://news.ceek.jp/search.cgi?category_id=world&feed=1,ok,,国際
2026-09-11,2026-09-11T07:49:18.561492+09:00,全国紙,全国,日本経済新聞,アンソロピックで抗議の退社、OpenAI社員も同調 AI開発加速を懸念,https://www.nikkei.com/article/DGXZQOGN10BT70Q6A910C2000000/,https://news.ceek.jp/search.cgi?category_id=world&feed=1,ok,,国際
2026-09-11,2026-09-11T07:49:18.561492+09:00,その他メディア,,VIETJO,最新iPhone発表、最上位モデルは1億VND超で正規流通スマホ最高額,https://www.viet-jo.com/news/economy/260910122030.html,https://news.ceek.jp/search.cgi?category_id=world&feed=1,ok,,国際
2026-09-11,2026-09-11T07:49:18.561492+09:00,その他メディア,,日本テレビ,"“フィリピン最後の秘境""向かう途中...フェリー炎上 沿岸警備隊「生存者の話では大きな爆発音が」",https://news.ntv.co.jp/category/international/531970e63d044d46a4ec7dfec014c784,https://news.ceek.jp/search.cgi?category_id=world&feed=1,ok,,国際
2026-09-11,2026-09-11T07:49:18.561492+09:00,その他メディア,,現代ビジネス,統一地方選前の台湾で傲慢言動を連発...国民党の支持率を引き下げる女性議員「翁曉玲」とは何者か,https://gendai.media/articles/-/170956,https://news.ceek.jp/search.cgi?category_id=world&feed=1,ok,,国際
2026-09-11,2026-09-11T07:49:18.561492+09:00,その他メディア,,現代ビジネス,アメリカの政治学者が警告「一帯一路が中国のための軍事ハイウェイ化している」という現実,https://gendai.media/articles/-/170974,https://news.ceek.jp/search.cgi?category_id=world&feed=1,ok,,国際
2026-09-11,2026-09-11T07:49:18.561492+09:00,その他メディア,,JBpress,"「トランプ級」戦艦は中国海軍を止められるか、空母設計変更と弾薬不足にみる対中戦略の“オウンゴール""",https://jbpress.ismedia.jp/articles/-/96951,https://news.ceek.jp/search.cgi?category_id=world&feed=1,ok,,国際
2026-09-11,2026-09-11T07:49:18.561492+09:00,その他メディア,,JBpress,AI時代に「私の子どもに何を学ばせるべきか」英オックスフォード大研究者サスキンド氏が説く「基礎への回帰」,https://jbpress.ismedia.jp/articles/-/96962,https://news.ceek.jp/search.cgi?category_id=world&feed=1,ok,,国際
2026-09-11,2026-09-11T07:49:18.561492+09:00,その他メディア,,デイリースポーツ,土石流犠牲者か、印25遺体,https://www.daily.co.jp/society/world/2026/09/11/0020807208.shtml,https://news.ceek.jp/search.cgi?category_id=world&feed=1,ok,,国際
2026-09-11,2026-09-11T07:49:18.561492+09:00,その他メディア,,ウクルインフォルム,森英介衆院議長、パリでステファンチューク・ウクライナ議会議長と会談,https://www.ukrinform.jp/rubric-polytics/4162985-sen-ying-jie-zhong-yuan-yi-zhangparidesutefanchukuukuraina-yi-hui-yi-zhangto-hui-tan.html,https://news.ceek.jp/search.cgi?category_id=world&feed=1,ok,,国際
2026-09-11,2026-09-11T07:49:18.561492+09:00,その他メディア,,共同通信,土石流犠牲者か、印25遺体 ネパール下流、捜索困難に,https://www.47news.jp/14922234.html,https://news.ceek.jp/search.cgi?category_id=world&feed=1,ok,,国際
2026-09-11,2026-09-11T07:49:18.561492+09:00,その他メディア,,デイリースポーツ,イラン中部の山に活動兆候,https://www.daily.co.jp/society/world/2026/09/11/0020807202.shtml,https://news.ceek.jp/search.cgi?category_id=world&feed=1,ok,,国際
2026-09-11,2026-09-11T07:49:18.561492+09:00,その他メディア,,デイリースポーツ,イエメン港湾都市掌握か,https://www.daily.co.jp/society/world/2026/09/11/0020807205.shtml,https://news.ceek.jp/search.cgi?category_id=world&feed=1,ok,,国際
2026-09-11,2026-09-11T07:49:18.561492+09:00,その他メディア,,共同通信,イラン中部の山に活動兆候 IAEA、米攻撃警告,https://www.47news.jp/14922215.html,https://news.ceek.jp/search.cgi?category_id=world&feed=1,ok,,国際
2026-09-11,2026-09-11T07:49:18.561492+09:00,その他メディア,,デイリースポーツ,欧州の宇宙競争力強化を,https://www.daily.co.jp/society/world/2026/09/11/0020807190.shtml,https://news.ceek.jp/search.cgi?category_id=world&feed=1,ok,,国際
2026-09-11,2026-09-11T07:49:18.561492+09:00,その他メディア,,VIETJO,中国「Mixue」、ベトナム店舗縮小も品質重視の長期投資継続,https://www.viet-jo.com/news/economy/260910184422.html,https://news.ceek.jp/search.cgi?category_id=world&feed=1,ok,,国際
2026-09-11,2026-09-11T07:49:18.561492+09:00,その他メディア,,共同通信,欧州の宇宙競争力強化を 仏大統領、米中に対抗,https://www.47news.jp/14922213.html,https://news.ceek.jp/search.cgi?category_id=world&feed=1,ok,,国際
2026-09-11,2026-09-11T07:49:18.561492+09:00,全国紙,全国,日本経済新聞,「SNSのアルゴリズム、トラウマ呼び起こす」 コロンビア大教授,https://www.nikkei.com/article/DGXZQOGN1001T0Q6A910C2000000/,https://news.ceek.jp/search.cgi?category_id=world&feed=1,ok,,国際
2026-09-11,2026-09-11T07:49:18.561492+09:00,全国紙,全国,日本経済新聞,パリで宇宙サミット、欧州衛星プログラムを支持 スペースX参加せず,https://www.nikkei.com/article/DGXZQOGR10BRY0Q6A910C2000000/,https://news.ceek.jp/search.cgi?category_id=world&feed=1,ok,,国際
2026-09-11,2026-09-11T07:49:18.561492+09:00,その他メディア,,VIETJO,26年1~6月のF&B売上高+6.6%増、閉店の波が収束 市場は回復傾向,https://www.viet-jo.com/news/economy/260909181008.html,https://news.ceek.jp/search.cgi?category_id=world&feed=1,ok,,国際
2026-09-11,2026-09-11T07:49:18.561492+09:00,全国紙,全国,日本経済新聞,テキサス開催の共和党大会、民主新星潰しに全力 中間選挙の「天王山」,https://www.nikkei.com/article/DGXZQOGN10BUS0Q6A910C2000000/,https://news.ceek.jp/search.cgi?category_id=world&feed=1,ok,,国際
2026-09-11,2026-09-11T07:49:18.561492+09:00,その他メディア,,ウクルインフォルム,最初の対弾道ミサイル・システム「フレイヤ」が年末までに得られることを期待=ゼレンシキー宇大統領,https://www.ukrinform.jp/rubric-defense/4162974-zui-chuno-dui-dan-daomisairushisutemufureiyaga-nian-momadeni-derarerukotowo-qi-daizerenshiki-yu-da-tong-ling.html,https://news.ceek.jp/search.cgi?category_id=world&feed=1,ok,,国際
2026-09-11,2026-09-11T07:49:18.561492+09:00,その他メディア,,佐賀新聞,「着工は2027年4月が必須」山口祥義知事、県立大29年度開学向け 佐賀県議会一般質問,https://www.saga-s.co.jp/articles/-/1789363,https://news.ceek.jp/search.cgi?category_id=local&feed=1,ok,,地方・地域
2026-09-11,2026-09-11T07:49:18.561492+09:00,その他メディア,,Jタウンネット,水族館の〝オリジナルジェラート〟が奇抜すぎる件 衝撃の「切り身」入り...何故こんなことを?城崎マリンワールドに聞く,https://j-town.net/2026/09/11367129.html,https://news.ceek.jp/search.cgi?category_id=local&feed=1,ok,,地方・地域
2026-09-11,2026-09-11T07:49:18.561492+09:00,全国紙,全国,毎日新聞,くまモンが笑顔に 奈良から熊本へ、高校生が黒板アートでエール,https://mainichi.jp/articles/20260910/k00/00m/040/129000c,https://news.ceek.jp/search.cgi?category_id=local&feed=1,ok,,地方・地域
2026-09-11,2026-09-11T07:49:18.561492+09:00,全国紙,全国,朝日新聞,「我も我も」と防災庁拠点誘致 とらぬタヌキの...市議会で議論にも,https://www.asahi.com/articles/ASV981HKKV98UJUB00HM.html,https://news.ceek.jp/search.cgi?category_id=local&feed=1,ok,,地方・地域
2026-09-11,2026-09-11T07:49:18.561492+09:00,全国紙,全国,朝日新聞,太田幸司さん、野球人生語るトークショー 10月12日青森で,https://www.asahi.com/articles/ASV993D1RV99UBNB003M.html,https://news.ceek.jp/search.cgi?category_id=local&feed=1,ok,,地方・地域
2026-09-11,2026-09-11T07:49:18.561492+09:00,全国紙,全国,朝日新聞,巨大な貼り絵でゴッホ再現 田無高校が挑んだ「究極のアナログ作業」,https://www.asahi.com/articles/ASV9B346CV9BOXIE03VM.html,https://news.ceek.jp/search.cgi?category_id=local&feed=1,ok,,地方・地域
2026-09-11,2026-09-11T07:49:18.561492+09:00,その他メディア,,上毛新聞,近代登山のパイオニア 木暮理太郎(群馬・太田市出身)の魅力的人物像紹介 15日から功績伝える企画展 歴史家、歌人の一面も,https://www.jomo-news.co.jp/articles/-/1019490,https://news.ceek.jp/search.cgi?category_id=local&feed=1,ok,,地方・地域
2026-09-11,2026-09-11T07:49:18.561492+09:00,その他メディア,,長野日報,手良小5年生製品アイデア発表 リクシルが遠隔授業,https://www.nagano-np.co.jp/news/detail.php?id=6486,https://news.ceek.jp/search.cgi?category_id=local&feed=1,ok,,地方・地域
2026-09-11,2026-09-11T07:49:18.561492+09:00,地方紙,新潟,新潟日報,新潟県内百貨店・スーパー販売額1・9%減 天候不順が影響か(2026年6月速報),https://www.niigata-nippo.co.jp/articles/-/904316,https://news.ceek.jp/search.cgi?category_id=local&feed=1,ok,,地方・地域
2026-09-11,2026-09-11T07:49:18.561492+09:00,その他メディア,,茨城新聞,常総水害11年、黙とう 犠牲者悼み防災へ決意 茨城,https://ibarakinews.jp/news/newsdetail.php?f_jun=1789047144754800,https://news.ceek.jp/search.cgi?category_id=local&feed=1,ok,,地方・地域
2026-09-11,2026-09-11T07:49:18.561492+09:00,地方紙,沖縄,沖縄タイムス,【9/13(日)】沖縄県知事選挙、開票速報&2陣営から同時生中継!,https://www.okinawatimes.co.jp/articles/-/1921321,https://news.ceek.jp/search.cgi?category_id=local&feed=1,ok,,地方・地域
2026-09-11,2026-09-11T07:49:18.561492+09:00,その他メディア,,佐賀新聞,「議案すり合わせは議論空洞化招く」山口祥義知事、議会との関係で見解 佐賀県議会一般質問,https://www.saga-s.co.jp/articles/-/1789364,https://news.ceek.jp/search.cgi?category_id=local&feed=1,ok,,地方・地域
2026-09-11,2026-09-11T07:49:18.561492+09:00,地方紙,広島,中国新聞,米政権、保守活動家を称賛,https://www.chugoku-np.co.jp/articles/-/893226,https://news.ceek.jp/search.cgi?category_id=local&feed=1,ok,,地方・地域
2026-09-11,2026-09-11T07:49:18.561492+09:00,全国紙,全国,中日新聞,米政権、保守活動家を称賛 射殺1年、若年層取り込み,https://www.chunichi.co.jp/article/1309755,https://news.ceek.jp/search.cgi?category_id=local&feed=1,ok,,地方・地域
2026-09-11,2026-09-11T07:49:18.561492+09:00,地方紙,兵庫,神戸新聞,別居する妻の住居に押しかける ストーカー容疑で28歳の男逮捕 神戸,https://www.kobe-np.co.jp/news/jiken/202609/0020807287.shtml,https://news.ceek.jp/search.cgi?category_id=local&feed=1,ok,,地方・地域
2026-09-11,2026-09-11T07:49:18.561492+09:00,その他メディア,,岐阜新聞,「孤立家族」気付かれず、近隣住民「誰も住んでいないと...」 岐阜・大野町の住宅3遺体,https://www.gifu-np.co.jp/articles/-/768236,https://news.ceek.jp/search.cgi?category_id=local&feed=1,ok,,地方・地域
2026-09-11,2026-09-11T07:49:18.561492+09:00,その他メディア,,十勝毎日新聞,こども条例を制定へ 帯広市,https://kachimai.jp/article/index.php?no=2026091000449,https://news.ceek.jp/search.cgi?category_id=local&feed=1,ok,,地方・地域
2026-09-11,2026-09-11T07:49:18.561492+09:00,全国紙,全国,東京新聞,補聴器の使用 諦めないで AI相手に聞き分け訓練 群馬大大学院准教授らがシステム開発、来月にも開始,https://www.tokyo-np.co.jp/article/514842,https://news.ceek.jp/search.cgi?category_id=local&feed=1,ok,,地方・地域
2026-09-11,2026-09-11T07:49:18.561492+09:00,その他メディア,,TBSテレビ,【台風のたまご】新たな「熱帯低気圧」が今夜(11日)にも南シナ海で発生か...「あやしい渦」も、今後の進路、日本への影響は?台風情報に注意...21日(月)までの雨・風シミュレーションで確認【気象庁11日天気図】,https://newsdig.tbs.co.jp/articles/-/2937412?display=1,https://news.ceek.jp/search.cgi?category_id=local&feed=1,ok,,地方・地域
2026-09-11,2026-09-11T07:49:18.561492+09:00,全国紙,全国,東京新聞,福島県DMAT医師、災害医療の現場語る 「救急の日」にちなみ安中で講演,https://www.tokyo-np.co.jp/article/514840,https://news.ceek.jp/search.cgi?category_id=local&feed=1,ok,,地方・地域
2026-09-11,2026-09-11T07:49:18.561492+09:00,全国紙,全国,東京新聞,ラグビーリーグワン1部のホンダヒート 宇都宮・ゆいの杜に練習拠点完成 国際規格の天然芝 21日から本格稼働,https://www.tokyo-np.co.jp/article/514841,https://news.ceek.jp/search.cgi?category_id=local&feed=1,ok,,地方・地域
2026-09-11,2026-09-11T07:49:18.561492+09:00,その他メディア,,北海道文化放送,"神社で「豊作祈願祭」準備中に...祭壇に放置された“砲弾4個""発見も祭りは予定通り実施_終了後に警察へ届け出...一時周辺住民避難し自衛隊回収「信管はなし」〈北海道石狩市〉",https://www.uhb.jp/news/single.html?id=62080,https://news.ceek.jp/search.cgi?category_id=local&feed=1,ok,,地方・地域
2026-09-11,2026-09-11T07:49:18.561492+09:00,その他メディア,,福島民友新聞,10代女性に裸の画像要求し保存か 児童ポルノ疑いで東京消防庁職員の男逮捕,https://www.minyu-net.com/news/detail/2026091011482354677,https://news.ceek.jp/search.cgi?category_id=local&feed=1,ok,,地方・地域
2026-09-11,2026-09-11T07:49:18.561492+09:00,全国紙,全国,東京新聞,建設費は概算298億円 新足利市庁舎などの複合施設,https://www.tokyo-np.co.jp/article/514839,https://news.ceek.jp/search.cgi?category_id=local&feed=1,ok,,地方・地域
2026-09-11,2026-09-11T07:49:18.561492+09:00,全国紙,全国,東京新聞,「文化と知」拠点1030億円 美術館など集約 栃木県の27~48年度総事業費,https://www.tokyo-np.co.jp/article/514838,https://news.ceek.jp/search.cgi?category_id=local&feed=1,ok,,地方・地域
2026-09-11,2026-09-11T07:49:18.561492+09:00,その他メディア,,佐賀新聞,<見どころサガン鳥栖>勢いそのままに敵地で連勝を 9月12日、FC今治戦,https://www.saga-s.co.jp/articles/-/1789334,https://news.ceek.jp/search.cgi?category_id=local&feed=1,ok,,地方・地域
2026-09-11,2026-09-11T07:49:18.561492+09:00,全国紙,全国,東京新聞,〈雲の海を追う 筑波山観察記〉(6)あふれなかった海,https://www.tokyo-np.co.jp/article/514833,https://news.ceek.jp/search.cgi?category_id=local&feed=1,ok,,地方・地域
2026-09-11,2026-09-11T07:49:18.561492+09:00,その他メディア,,TBSテレビ,福岡親善大使が一日署長に就任 交通安全を呼びかけ,https://newsdig.tbs.co.jp/articles/-/2937413?display=1,https://news.ceek.jp/search.cgi?category_id=local&feed=1,ok,,地方・地域
2026-09-11,2026-09-11T07:49:18.561492+09:00,その他メディア,,まいどなニュース,シングルベッドで猫とギュウギュウ→広く寝たい飼い主が、4日間検証すると...結果に「愛されてますね」「ママ大好きにゃ」,https://maidonanews.jp/article/16836478,https://news.ceek.jp/search.cgi?category_id=local&feed=1,ok,,地方・地域
2026-09-11,2026-09-11T07:49:18.561492+09:00,その他メディア,,フジテレビ,【ヒグマ速報】苫小牧市中心部で帰宅女性が「クマのような動物」と鉢合わせ―引き返して避難し無事_近くには小学校も...市など朝から現地調査へ〈北海道〉,https://www.fnn.jp/articles/-/1112251,https://news.ceek.jp/search.cgi?category_id=local&feed=1,ok,,地方・地域
2026-09-11,2026-09-11T07:49:18.561492+09:00,その他メディア,,福島民友新聞,福島市の高齢者乗車証、郵便局員が誤配達 1人の個人情報漏えい,https://www.minyu-net.com/news/detail/2026091107553454689,https://news.ceek.jp/search.cgi?category_id=local&feed=1,ok,,地方・地域
2026-09-11,2026-09-11T07:49:18.561492+09:00,その他メディア,,TBSテレビ,「生活音がうるさいことを注意するために入った」アパートのベランダに侵入した疑いで派遣社員の男(46)逮捕,https://newsdig.tbs.co.jp/articles/-/2937408?display=1,https://news.ceek.jp/search.cgi?category_id=local&feed=1,ok,,地方・地域
2026-09-11,2026-09-11T07:49:18.561492+09:00,全国紙,全国,東京新聞,常総水害11年 「防災対策に終わりはない」 堤防決壊現場で献花式,https://www.tokyo-np.co.jp/article/514832,https://news.ceek.jp/search.cgi?category_id=local&feed=1,ok,,地方・地域
2026-09-11,2026-09-11T07:49:18.561492+09:00,地方紙,広島,中国新聞,欧州CL、佐野航大はフル出場,https://www.chugoku-np.co.jp/articles/-/893225,https://news.ceek.jp/search.cgi?category_id=local&feed=1,ok,,地方・地域
2026-09-11,2026-09-11T07:49:18.561492+09:00,全国紙,全国,中日新聞,欧州CL、佐野航大はフル出場 伊藤洋輝は終盤から,https://www.chunichi.co.jp/article/1309753,https://news.ceek.jp/search.cgi?category_id=local&feed=1,ok,,地方・地域
2026-09-11,2026-09-11T07:49:18.561492+09:00,全国紙,全国,東京新聞,蜷川実花さんが家族テーマに創作 あす開館の川口市美術館で記念展 幼少期を市内で「大切な場所で原点」,https://www.tokyo-np.co.jp/article/514829,https://news.ceek.jp/search.cgi?category_id=local&feed=1,ok,,地方・地域
2026-09-11,2026-09-11T07:49:18.561492+09:00,その他メディア,,岐阜新聞,【岐阜大雨被害まとめ】多治見市で1人軽傷、高山市では橋損壊も,https://www.gifu-np.co.jp/articles/-/768229,https://news.ceek.jp/search.cgi?category_id=local&feed=1,ok,,地方・地域
2026-09-11,2026-09-11T07:49:18.561492+09:00,全国紙,全国,東京新聞,汚染土再利用は「一方的」 市民団体、県に公開質問状,https://www.tokyo-np.co.jp/article/514830,https://news.ceek.jp/search.cgi?category_id=local&feed=1,ok,,地方・地域
2026-09-11,2026-09-11T07:49:18.561492+09:00,全国紙,全国,東京新聞,詐欺や児童買春で教諭2人懲戒免職 県教委,https://www.tokyo-np.co.jp/article/514828,https://news.ceek.jp/search.cgi?category_id=local&feed=1,ok,,地方・地域
2026-09-11,2026-09-11T07:49:18.561492+09:00,その他メディア,,TBSテレビ,"53歳で興した千賀ノ浦部屋 舛ノ山・舛東欧・舛名大と個性あふれる力士を育て今はかつての愛弟子・隆の勝が勝てば“LINEで鼓舞""も 石川出身力士は「大森」推し 元関脇・舛田山の舛田茂さん3",https://newsdig.tbs.co.jp/articles/-/2932262?display=1,https://news.ceek.jp/search.cgi?category_id=local&feed=1,ok,,地方・地域
2026-09-11,2026-09-11T07:49:18.561492+09:00,その他メディア,,TBSテレビ,"名コーチの助言で“引き技""を伝家の宝刀に ネス湖のネッシーならぬ「マッシー」舛田山が立ちはだかり大鵬に追いつけなかった千代の富士 元関脇・舛田山の舛田茂さん2",https://newsdig.tbs.co.jp/articles/-/2928911?display=1,https://news.ceek.jp/search.cgi?category_id=local&feed=1,ok,,地方・地域
2026-09-11,2026-09-11T07:49:18.561492+09:00,その他メディア,,TBSテレビ,"私「お相撲さん」でした 中曽根総理が関わり大学進学!? “金沢市の職員""になるはずが学生横綱を逃した一番が「悔しくて」角界へ 元関脇・舛田山の舛田茂さん1",https://newsdig.tbs.co.jp/articles/-/2921836?display=1,https://news.ceek.jp/search.cgi?category_id=local&feed=1,ok,,地方・地域
2026-09-11,2026-09-11T07:49:18.561492+09:00,その他メディア,,福井新聞,自転車道わかさいくる 国ルート指定 万全準備を,https://www.fukuishimbun.co.jp/articles/-/2696004,https://news.ceek.jp/search.cgi?category_id=local&feed=1,ok,,地方・地域
2026-09-11,2026-09-11T07:49:18.561492+09:00,全国紙,全国,産経新聞,ファミマ 和歌山県産品使った商品販売へ みかん果汁のアイスバー ウメおかかにぎりなど 15日から,https://www.sankei.com/article/20260911-KNI4D6TBYZO5FG5I3T2FAZSPVY/,https://news.ceek.jp/search.cgi?category_id=local&feed=1,ok,,地方・地域
2026-09-11,2026-09-11T07:49:18.561492+09:00,その他メディア,,佐賀新聞,玄海町の下水処理施設、2027年3月までに完全復旧の見通し 2025年1月故障,https://www.saga-s.co.jp/articles/-/1789350,https://news.ceek.jp/search.cgi?category_id=local&feed=1,ok,,地方・地域
2026-09-11,2026-09-11T07:49:18.561492+09:00,その他メディア,,福島民友新聞,ホテル売上金140万円盗んだ疑い、千葉の35歳男逮捕 南相馬署,https://www.minyu-net.com/news/detail/2026091018582454682,https://news.ceek.jp/search.cgi?category_id=local&feed=1,ok,,地方・地域
2026-09-11,2026-09-11T07:49:18.561492+09:00,全国紙,全国,東京新聞,急性脳卒中に対応のプログラム広がって 船橋の日本ACLS協会、13日に講習会 理事の都築さん「地域全体で体制整備を」,https://www.tokyo-np.co.jp/article/514821,https://news.ceek.jp/search.cgi?category_id=local&feed=1,ok,,地方・地域
2026-09-11,2026-09-11T07:49:18.561492+09:00,全国紙,全国,東京新聞,茂原・障害ある29歳娘殺害 母親、起訴内容認める 地裁初公判,https://www.tokyo-np.co.jp/article/514822,https://news.ceek.jp/search.cgi?category_id=local&feed=1,ok,,地方・地域
2026-09-11,2026-09-11T07:49:18.561492+09:00,全国紙,全国,東京新聞,アルティーリ千葉が県に公式戦招待券寄贈 「子どもたちに夢や元気を」,https://www.tokyo-np.co.jp/article/514820,https://news.ceek.jp/search.cgi?category_id=local&feed=1,ok,,地方・地域
2026-09-11,2026-09-11T07:49:18.561492+09:00,その他メディア,,札幌テレビ,10代前半の少年を性犯罪目的で誘拐か アルバイト従業員の女(36)を緊急逮捕 北海道釧路市,https://www.stv.jp/news/stvnews/kiji/st4f9744f1d1f7417c8d7639513a8cadb9.html,https://news.ceek.jp/search.cgi?category_id=local&feed=1,ok,,地方・地域
2026-09-11,2026-09-11T07:49:18.561492+09:00,その他メディア,,福島民報,只見町の温泉宿泊施設「湯ら里」 資金繰り悪化で清算へ 別指定管理者選定、施設は存続,https://www.minpo.jp/articles/-/224849,https://news.ceek.jp/search.cgi?category_id=local&feed=1,ok,,地方・地域
2026-09-11,2026-09-11T07:49:18.561492+09:00,その他メディア,,岐阜新聞,西濃運輸、年9日休日増 業界トップ水準、中途採用増加の効果,https://www.gifu-np.co.jp/articles/-/768113,https://news.ceek.jp/search.cgi?category_id=local&feed=1,ok,,地方・地域
2026-09-11,2026-09-11T07:49:18.561492+09:00,全国紙,全国,東京新聞,"「かながわ館」で“いのち""感じて 横浜・国際園芸博 ロゴや展示内容、ユニホーム公開 植物由来 閉幕後は堆肥に 「花咲かプロジェクト」開始",https://www.tokyo-np.co.jp/article/514819,https://news.ceek.jp/search.cgi?category_id=local&feed=1,ok,,地方・地域
2026-09-11,2026-09-11T07:49:18.561492+09:00,その他メディア,,まいどなニュース,鎧に魅せられた女性が「26代鎧司(よろいし)」へ 平安から続く重圧、「私でいいのか」...葛藤を越えた現在地【京都・文化の継承】,https://maidonanews.jp/article/16880549,https://news.ceek.jp/search.cgi?category_id=local&feed=1,ok,,地方・地域
2026-09-11,2026-09-11T07:49:18.561492+09:00,全国紙,全国,中日新聞,レバノン要衝地下施設破壊 ヒズボラ構築とイスラエル,https://www.chunichi.co.jp/article/1309749,https://news.ceek.jp/search.cgi?category_id=local&feed=1,ok,,地方・地域
2026-09-11,2026-09-11T07:49:18.561492+09:00,全国紙,全国,東京新聞,山下ふ頭再開発 IR誘致で横浜副市長 「市民の理解なく進められない」,https://www.tokyo-np.co.jp/article/514818,https://news.ceek.jp/search.cgi?category_id=local&feed=1,ok,,地方・地域
2026-09-11,2026-09-11T07:49:18.561492+09:00,その他メディア,,札幌テレビ,「お金が欲しくて盗みました」病院内で現金等が入った財布を窃取 無職の女(57)逮捕 札幌市中央区,https://www.stv.jp/news/stvnews/kiji/ste40d1fd9318448fd81422ebfa050c54b.html,https://news.ceek.jp/search.cgi?category_id=local&feed=1,ok,,地方・地域
2026-09-11,2026-09-11T07:49:18.561492+09:00,全国紙,全国,東京新聞,命の尊さ 願う緑の光 自殺予防デー 川崎などでライトアップ,https://www.tokyo-np.co.jp/article/514816,https://news.ceek.jp/search.cgi?category_id=local&feed=1,ok,,地方・地域
2026-09-11,2026-09-11T07:49:18.561492+09:00,地方紙,広島,中国新聞,レバノン要衝地下施設破壊,https://www.chugoku-np.co.jp/articles/-/893221,https://news.ceek.jp/search.cgi?category_id=local&feed=1,ok,,地方・地域
2026-09-11,2026-09-11T07:49:18.561492+09:00,全国紙,全国,東京新聞,「心の居場所」描き続けて 国分寺の大谷さんが5年ぶり個展 「無理しない自分もいい」 きょうから新宿で,https://www.tokyo-np.co.jp/article/514806,https://news.ceek.jp/search.cgi?category_id=local&feed=1,ok,,地方・地域
2026-09-11,2026-09-11T07:49:18.561492+09:00,全国紙,全国,東京新聞,見積もり 誤記222件 北区の消火器ボックス問題 「区職員が記入」議会で説明,https://www.tokyo-np.co.jp/article/514808,https://news.ceek.jp/search.cgi?category_id=local&feed=1,ok,,地方・地域
2026-09-11,2026-09-11T07:49:18.561492+09:00,その他メディア,,山陽新聞,美作市議会だよりリニューアル 委員会注目点や閉会中の動き追加,https://www.sanyonews.jp/article/1985991/,https://news.ceek.jp/search.cgi?category_id=local&feed=1,ok,,地方・地域
2026-09-11,2026-09-11T07:49:18.561492+09:00,全国紙,全国,東京新聞,江東で「亀戸事件」追悼会 関東大震災直後に10人虐殺被害 「犠牲者の志 受け継ぐ」,https://www.tokyo-np.co.jp/article/514807,https://news.ceek.jp/search.cgi?category_id=local&feed=1,ok,,地方・地域
2026-09-11,2026-09-11T07:49:18.561492+09:00,その他メディア,,まいどなニュース,入院中の白血病患者「卵かけご飯は数年食べられないと思っていたのに...退院後が楽しみ♡」 QOLを上げるドンキの商品が話題に,https://maidonanews.jp/article/16863774,https://news.ceek.jp/search.cgi?category_id=local&feed=1,ok,,地方・地域
2026-09-11,2026-09-11T07:49:18.561492+09:00,全国紙,全国,東京新聞,練馬区立中2校の統合方針 区長「熟慮した結論」,https://www.tokyo-np.co.jp/article/514804,https://news.ceek.jp/search.cgi?category_id=local&feed=1,ok,,地方・地域
2026-09-11,2026-09-11T07:49:18.561492+09:00,その他メディア,,福島民報,水流、救助の妨げに いわき・アンダーパス水没の車 救助活動の小名浜消防署員証言,https://www.minpo.jp/articles/-/224835,https://news.ceek.jp/search.cgi?category_id=local&feed=1,ok,,地方・地域
2026-09-11,2026-09-11T07:49:18.561492+09:00,全国紙,全国,東京新聞,「鈴波」がチーズの粕漬を六本木で提供 ルーヴル美術館展にタイアップ,https://www.tokyo-np.co.jp/article/514805,https://news.ceek.jp/search.cgi?category_id=local&feed=1,ok,,地方・地域
2026-09-11,2026-09-11T07:49:18.561492+09:00,全国紙,全国,東京新聞,羽村で路上強盗容疑の2人逮捕 40代男性重傷,https://www.tokyo-np.co.jp/article/514803,https://news.ceek.jp/search.cgi?category_id=local&feed=1,ok,,地方・地域
2026-09-11,2026-09-11T07:49:18.561492+09:00,全国紙,全国,東京新聞,〈私の東京物語〉芹洋子(8) 心癒やすステンドグラス,https://www.tokyo-np.co.jp/article/514800,https://news.ceek.jp/search.cgi?category_id=local&feed=1,ok,,地方・地域
2026-09-11,2026-09-11T07:49:18.561492+09:00,全国紙,全国,中日新聞,カナダ、防空兵器供与へ ウクライナに4百億円相当,https://www.chunichi.co.jp/article/1309750,https://news.ceek.jp/search.cgi?category_id=local&feed=1,ok,,地方・地域
2026-09-11,2026-09-11T07:49:18.561492+09:00,その他メディア,,日本テレビ,フルーツ王国・うきは市 返礼品ナンバーワンは?「総選挙」ふるさと納税をPR 福岡,https://news.ntv.co.jp/category/life/fs9d9096e8cdde4a4eb36faec5598473fd,https://news.ceek.jp/search.cgi?category_id=local&feed=1,ok,,地方・地域
2026-09-11,2026-09-11T07:49:18.561492+09:00,地方紙,広島,中国新聞,カナダ、防空兵器供与へ,https://www.chugoku-np.co.jp/articles/-/893217,https://news.ceek.jp/search.cgi?category_id=local&feed=1,ok,,地方・地域
2026-09-11,2026-09-11T07:49:18.561492+09:00,その他メディア,,日本テレビ,【天気と交通情報】場所により にわか雨の可能性(11日午前6時50分)《長崎》,https://news.ntv.co.jp/category/weather/ni707f93418ccf47f3825e203210ea672e,https://news.ceek.jp/search.cgi?category_id=local&feed=1,ok,,地方・地域
2026-09-11,2026-09-11T07:49:18.561492+09:00,全国紙,全国,中日新聞,為替相場 11日(日本時間 7時),https://www.chunichi.co.jp/article/1309736,https://news.ceek.jp/search.cgi?category_id=local&feed=1,ok,,地方・地域
2026-09-11,2026-09-11T07:49:18.561492+09:00,地方紙,広島,中国新聞,12日の天気(西日本),https://www.chugoku-np.co.jp/articles/-/893213,https://news.ceek.jp/search.cgi?category_id=local&feed=1,ok,,地方・地域
2026-09-11,2026-09-11T07:49:18.561492+09:00,地方紙,広島,中国新聞,12日の天気(東日本),https://www.chugoku-np.co.jp/articles/-/893212,https://news.ceek.jp/search.cgi?category_id=local&feed=1,ok,,地方・地域
2026-09-11,2026-09-11T07:49:18.561492+09:00,その他メディア,,岐阜新聞,きょう・あすの天気予報【岐阜県美濃 飛騨】,https://www.gifu-np.co.jp/articles/-/738961,https://news.ceek.jp/search.cgi?category_id=local&feed=1,ok,,地方・地域
2026-09-11,2026-09-11T07:49:18.561492+09:00,全国紙,全国,朝日新聞,死者19人の惨劇と日常の虐待と 「背景は地続き」 施設職員の自省,https://www.asahi.com/articles/ASV96455GV96ULOB00LM.html,https://news.ceek.jp/search.cgi?category_id=local&feed=1,ok,,地方・地域
2026-09-11,2026-09-11T07:49:18.561492+09:00,地方紙,広島,中国新聞,孫娘の「ありがとう」 社会担当・鈴木大介,https://www.chugoku-np.co.jp/articles/-/888918,https://news.ceek.jp/search.cgi?category_id=local&feed=1,ok,,地方・地域
2026-09-11,2026-09-11T07:49:18.561492+09:00,地方紙,広島,中国新聞,呉の街中で猫愛を語る 呉支社・高木潤,https://www.chugoku-np.co.jp/articles/-/889962,https://news.ceek.jp/search.cgi?category_id=local&feed=1,ok,,地方・地域
2026-09-11,2026-09-11T07:49:18.561492+09:00,地方紙,広島,中国新聞,病院の行方 周南支局・吉村時彦【余話@周南】,https://www.chugoku-np.co.jp/articles/-/892764,https://news.ceek.jp/search.cgi?category_id=local&feed=1,ok,,地方・地域
2026-09-11,2026-09-11T07:49:18.561492+09:00,地方紙,広島,中国新聞,張本勲さん,https://www.chugoku-np.co.jp/articles/-/892982,https://news.ceek.jp/search.cgi?category_id=local&feed=1,ok,,地方・地域
2026-09-11,2026-09-11T07:49:18.561492+09:00,地方紙,広島,中国新聞,米中枢同時テロ25年 「力の支配」から脱却せねば,https://www.chugoku-np.co.jp/articles/-/893097,https://news.ceek.jp/search.cgi?category_id=local&feed=1,ok,,地方・地域
2026-09-11,2026-09-11T07:49:18.561492+09:00,地方紙,広島,中国新聞,子ども道連れの自殺を防ぐには、周りの強力なサポートが必要だ,https://www.chugoku-np.co.jp/articles/-/893214,https://news.ceek.jp/search.cgi?category_id=local&feed=1,ok,,地方・地域
2026-09-11,2026-09-11T16:57:50.944621+09:00,全国紙,全国,朝日新聞,玉城デニー氏を装う偽メール出回る 「事実無根のデマ」事務所が声明,http://www.asahi.com/articles/ASV9C1V45V9CTPOB004M.html,https://www.asahi.com/rss/asahi/newsheadlines.rdf,ok,,社会
2026-09-11,2026-09-11T16:57:50.944621+09:00,全国紙,全国,朝日新聞,名張毒ブドウ酒事件、死刑関連文書の不開示「適法」 差し戻し控訴審,http://www.asahi.com/articles/ASV9C23H4V9COIPE001M.html,https://www.asahi.com/rss/asahi/newsheadlines.rdf,ok,,社会
2026-09-11,2026-09-11T16:57:50.944621+09:00,全国紙,全国,朝日新聞,身元不明女性の似顔絵公開 福岡県警、久留米の用水路で遺体見つかる,http://www.asahi.com/articles/ASV9C22K0V9CTIPE00QM.html,https://www.asahi.com/rss/asahi/newsheadlines.rdf,ok,,社会
2026-09-11,2026-09-11T16:57:50.944621+09:00,全国紙,全国,朝日新聞,東京都営バスの運転手があおり運転か 車に幅寄せや「ばかやろう」?,http://www.asahi.com/articles/ASV9C1RRVV9CUTIL002M.html,https://www.asahi.com/rss/asahi/newsheadlines.rdf,ok,,社会
2026-09-11,2026-09-11T16:57:50.944621+09:00,全国紙,全国,朝日新聞,政府職員らの個人情報24万件漏洩か デジ庁サービスに不正アクセス,http://www.asahi.com/articles/ASV9C0PWQV9CULFA00CM.html,https://www.asahi.com/rss/asahi/newsheadlines.rdf,ok,,社会
2026-09-11,2026-09-11T16:57:50.944621+09:00,全国紙,全国,朝日新聞,相模原17歳死亡、一緒にいた中学生への傷害容疑 少年4人を逮捕,http://www.asahi.com/articles/ASV9B4FSCV9BULOB00WM.html,https://www.asahi.com/rss/asahi/newsheadlines.rdf,ok,,社会
2026-09-11,2026-09-11T16:57:50.944621+09:00,全国紙,全国,朝日新聞,「一生結婚するつもりない」 初の2割超 未婚の男女調査で過去最多,http://www.asahi.com/articles/ASV9C1DYVV9CUTFL01MM.html,https://www.asahi.com/rss/asahi/newsheadlines.rdf,ok,,社会
2026-09-11,2026-09-11T16:57:50.944621+09:00,全国紙,全国,朝日新聞,特定外来生物「アカカミアリ」、石狩湾新港に 刺されると激しい痛み,http://www.asahi.com/articles/ASV9C1GLVV9CIIPE001M.html,https://www.asahi.com/rss/asahi/newsheadlines.rdf,ok,,社会
2026-09-11,2026-09-11T16:57:50.944621+09:00,全国紙,全国,朝日新聞,大間原発、2030年度の運転開始は困難 社長「新目標示したい」,http://www.asahi.com/articles/ASV9C0PZXV9CUBNB003M.html,https://www.asahi.com/rss/asahi/newsheadlines.rdf,ok,,社会
2026-09-11,2026-09-11T16:57:50.944621+09:00,全国紙,全国,朝日新聞,国スポのゴルフ、クマ出没で中止 青森市中心部から車で20分,http://www.asahi.com/articles/ASV9C0RNXV9CDIFI017M.html,https://www.asahi.com/rss/asahi/newsheadlines.rdf,ok,,社会
2026-09-11,2026-09-11T16:57:50.944621+09:00,全国紙,全国,朝日新聞,日本ハムの中島卓也が今季限りで現役引退 2016年日本一に貢献,http://www.asahi.com/articles/ASV9C0RCHV9CUTQP006M.html,https://www.asahi.com/rss/asahi/newsheadlines.rdf,ok,,スポーツ
2026-09-11,2026-09-11T16:57:50.944621+09:00,全国紙,全国,朝日新聞,日銀は金利をどこまで上げる? 識者「2.5%より高くなることも」,http://www.asahi.com/articles/ASV9B5289V9BULFA00LM.html,https://www.asahi.com/rss/asahi/newsheadlines.rdf,ok,,ビジネス
2026-09-11,2026-09-11T16:57:50.944621+09:00,全国紙,全国,朝日新聞,長期金利がわかりにくい... 仕組みと「気持ち悪さ」の正体を徹底解説,http://www.asahi.com/articles/ASV9C1SZLV9CULFA001M.html,https://www.asahi.com/rss/asahi/newsheadlines.rdf,ok,,ビジネス
2026-09-11,2026-09-11T16:57:50.944621+09:00,全国紙,全国,朝日新聞,日銀、追加利上げの公算大 政策金利1.25%へ、物価上ぶれを警戒,http://www.asahi.com/articles/ASV9B4W3ZV9BULFA01PM.html,https://www.asahi.com/rss/asahi/newsheadlines.rdf,ok,,ビジネス
2026-09-11,2026-09-11T16:57:50.944621+09:00,全国紙,全国,朝日新聞,オルツの監査法人に行政処分勧告へ 金融庁の公認会計士・監査審査会,http://www.asahi.com/articles/ASV9C140FV9CULFA00KM.html,https://www.asahi.com/rss/asahi/newsheadlines.rdf,ok,,ビジネス
2026-09-11,2026-09-11T16:57:50.944621+09:00,全国紙,全国,朝日新聞,中部電力の浜岡原発データ不正問題とは 14日に会見、報告書公表,http://www.asahi.com/articles/ASV6Q7JFLV6QULFA01QM.html,https://www.asahi.com/rss/asahi/newsheadlines.rdf,ok,,ビジネス
2026-09-11,2026-09-11T16:57:50.944621+09:00,全国紙,全国,朝日新聞,パワハラで辞職の横浜市前市長、再始動か 駅立ちでおわび繰り返す,http://www.asahi.com/articles/ASV9C1T6QV9CULOB006M.html,https://www.asahi.com/rss/asahi/newsheadlines.rdf,ok,,政治
2026-09-11,2026-09-11T16:57:50.944621+09:00,全国紙,全国,朝日新聞,イコールアース図法の北方領土、日本の色に修正 政府が修正要求,http://www.asahi.com/articles/ASV9C1SLCV9CUTFK006M.html,https://www.asahi.com/rss/asahi/newsheadlines.rdf,ok,,政治
2026-09-11,2026-09-11T16:57:50.944621+09:00,全国紙,全国,朝日新聞,北海道と札幌市、副首都指定へ前のめり 補助金に期待感、疑問の声も,http://www.asahi.com/articles/ASV9B458MV9BIIPE007M.html,https://www.asahi.com/rss/asahi/newsheadlines.rdf,ok,,政治
2026-09-11,2026-09-11T16:57:50.944621+09:00,全国紙,全国,朝日新聞,香港、追悼主催の団体幹部に拘禁刑7年3カ月 「民主の追求が罪に」,http://www.asahi.com/articles/ASV9C1SH9V9CUHBI016M.html,https://www.asahi.com/rss/asahi/newsheadlines.rdf,ok,,国際
2026-09-11,2026-09-11T16:57:50.944621+09:00,全国紙,全国,朝日新聞,民主党は「憎悪の党」、対決姿勢鮮明のバンス氏 大統領後継に存在感,http://www.asahi.com/articles/ASV9C1PRXV9CSFVU1PFM.html,https://www.asahi.com/rss/asahi/newsheadlines.rdf,ok,,国際
2026-09-11,2026-09-11T16:57:50.944621+09:00,全国紙,全国,朝日新聞,共和党大会の街で「エプスタイン文書」展 避ける政権へ被害者の訴え,http://www.asahi.com/articles/ASV9C0RMRV9CUHBI005M.html,https://www.asahi.com/rss/asahi/newsheadlines.rdf,ok,,国際
2026-09-11,2026-09-11T16:57:50.944621+09:00,全国紙,全国,朝日新聞,トランプ党支える宗教運動と若者たち 結んだ「殉教者」かつぐ党大会,http://www.asahi.com/articles/ASV9B71NCV9BUHBI009M.html,https://www.asahi.com/rss/asahi/newsheadlines.rdf,ok,,国際
2026-09-11,2026-09-11T16:57:50.944621+09:00,全国紙,全国,朝日新聞,9・11テロから25年 「米国はテロに軍事で応じる過ちを犯した」,http://www.asahi.com/articles/ASV982CGNV98UHBI00RM.html,https://www.asahi.com/rss/asahi/newsheadlines.rdf,ok,,国際
2026-09-11,2026-09-11T16:57:50.944621+09:00,全国紙,全国,朝日新聞,ベネチア映画祭、10日で二十数本以上見る 記者のストイックな一日,http://www.asahi.com/articles/ASV910RFMV91UCVL00GM.html,https://www.asahi.com/rss/asahi/newsheadlines.rdf,ok,,文化芸能
2026-09-11,2026-09-11T16:57:50.944621+09:00,全国紙,全国,朝日新聞,DNAの収納や読み出し、カギとなるたんぱく質の働きみえてきた,http://www.asahi.com/articles/ASV9B234LV9BUTFL002M.html,https://www.asahi.com/rss/asahi/newsheadlines.rdf,ok,,サイエンス
2026-09-11,2026-09-11T16:57:50.944621+09:00,全国紙,全国,朝日新聞,100日連続で世界の海面水温の高温記録更新 温暖化の安全弁に危機,http://www.asahi.com/articles/ASV9C0CZRV9CUTFL01QM.html,https://www.asahi.com/rss/asahi/newsheadlines.rdf,ok,,サイエンス
2026-09-11,2026-09-11T16:57:50.944621+09:00,全国紙,全国,朝日新聞,武田薬品元社長の長谷川閑史さんが死去 経済同友会代表幹事も務める,http://www.asahi.com/articles/ASV9C0CNDV9CULFA01SM.html,https://www.asahi.com/rss/asahi/newsheadlines.rdf,ok,,おくやみ
2026-09-11,2026-09-11T16:57:50.944621+09:00,全国紙,全国,毎日新聞,高校日本代表が韓国に敗れる U18アジア選手権2次リーグ,https://mainichi.jp/articles/20260910/k00/00m/050/155000c,https://mainichi.jp/rss/etc/mainichi-flash.rss,ok,,ニュース
2026-09-11,2026-09-11T16:57:50.944621+09:00,全国紙,全国,毎日新聞,名張毒ぶどう酒 死刑執行上申書不開示巡る控訴審、請求棄却,https://mainichi.jp/articles/20260911/k00/00m/040/169000c,https://mainichi.jp/rss/etc/mainichi-flash.rss,ok,,ニュース
2026-09-11,2026-09-11T16:57:50.944621+09:00,全国紙,全国,毎日新聞,NHK「豊臣兄弟!」裏切り描写に抗議 大分と大阪の2市連名で,https://mainichi.jp/articles/20260911/k00/00m/310/182000c,https://mainichi.jp/rss/etc/mainichi-flash.rss,ok,,ニュース
2026-09-11,2026-09-11T16:57:50.944621+09:00,全国紙,全国,毎日新聞,自ら改造した銃11丁所持の疑い ガンマニアの51歳逮捕,https://mainichi.jp/articles/20260911/k00/00m/040/172000c,https://mainichi.jp/rss/etc/mainichi-flash.rss,ok,,ニュース
2026-09-11,2026-09-11T16:57:50.944621+09:00,全国紙,全国,毎日新聞,総務省幹部ら、情報公開請求で不適切チャット 7人を注意,https://mainichi.jp/articles/20260911/k00/00m/010/179000c,https://mainichi.jp/rss/etc/mainichi-flash.rss,ok,,ニュース
2026-09-11,2026-09-11T16:57:50.944621+09:00,全国紙,全国,毎日新聞,大企業の景況感、2四半期ぶりプラス 7~9月 半導体大幅増加,https://mainichi.jp/articles/20260911/k00/00m/020/157000c,https://mainichi.jp/rss/etc/mainichi-flash.rss,ok,,ニュース
2026-09-11,2026-09-11T16:57:50.944621+09:00,全国紙,全国,毎日新聞,「良好な関係100年続く」 カナダ、ウクライナに軍事支援へ,https://mainichi.jp/articles/20260911/k00/00m/030/174000c,https://mainichi.jp/rss/etc/mainichi-flash.rss,ok,,ニュース
2026-09-11,2026-09-11T16:57:50.944621+09:00,全国紙,全国,毎日新聞,中国AI、米AIに情報を無断転送して訓練 アンソロピック発表,https://mainichi.jp/articles/20260911/k00/00m/030/166000c,https://mainichi.jp/rss/etc/mainichi-flash.rss,ok,,ニュース
2026-09-11,2026-09-11T16:57:50.944621+09:00,全国紙,全国,毎日新聞,元経済同友会代表幹事、長谷川閑史さん死去 80歳 復興に尽力,https://mainichi.jp/articles/20260911/k00/00m/020/165000c,https://mainichi.jp/rss/etc/mainichi-flash.rss,ok,,ニュース
2026-09-11,2026-09-11T16:57:50.944621+09:00,全国紙,全国,毎日新聞,ラピダス、月面での工場建設「真剣に計画」 社長が米国で講演,https://mainichi.jp/articles/20260911/k00/00m/020/145000c,https://mainichi.jp/rss/etc/mainichi-flash.rss,ok,,ニュース
2026-09-11,2026-09-11T16:57:50.944621+09:00,全国紙,全国,毎日新聞,泡の構造で「世界最高レベルの白」を印刷する技術開発 京大など,https://mainichi.jp/articles/20260911/k00/00m/040/131000c,https://mainichi.jp/rss/etc/mainichi-flash.rss,ok,,ニュース
2026-09-11,2026-09-11T16:57:50.944621+09:00,全国紙,全国,毎日新聞,政府、イコールアース図法の地図表記の変更確認 北方領土の色で,https://mainichi.jp/articles/20260911/k00/00m/010/144000c,https://mainichi.jp/rss/etc/mainichi-flash.rss,ok,,ニュース
2026-09-11,2026-09-11T16:57:50.944621+09:00,全国紙,全国,毎日新聞,政府ネットに不正アクセス 公務員らの個人情報24万件超漏えいか,https://mainichi.jp/articles/20260911/k00/00m/040/141000c,https://mainichi.jp/rss/etc/mainichi-flash.rss,ok,,ニュース
2026-09-11,2026-09-11T16:57:50.944621+09:00,全国紙,全国,毎日新聞,オープンAI、開発減速を検討 暴走懸念、CEOが方針 米報道,https://mainichi.jp/articles/20260911/k00/00m/030/146000c,https://mainichi.jp/rss/etc/mainichi-flash.rss,ok,,ニュース
2026-09-11,2026-09-11T16:57:50.944621+09:00,全国紙,全国,毎日新聞,RADIO DAYS 100:リスナー同士つなげるラジオ 名DJが語る歴史と「今」,https://mainichi.jp/articles/20260911/k00/00m/200/043000c,https://mainichi.jp/rss/etc/mainichi-flash.rss,ok,,ニュース
2026-09-11,2026-09-11T16:57:50.944621+09:00,全国紙,全国,毎日新聞,日銀利上げへ 政策金利1.25%程度に 9月の決定会合で,https://mainichi.jp/articles/20260911/k00/00m/020/090000c,https://mainichi.jp/rss/etc/mainichi-flash.rss,ok,,ニュース
2026-09-11,2026-09-11T16:57:50.944621+09:00,全国紙,全国,毎日新聞,文科省、猛毒で院生死亡の北大に是正指導 「安全管理徹底を」,https://mainichi.jp/articles/20260911/k00/00m/040/123000c,https://mainichi.jp/rss/etc/mainichi-flash.rss,ok,,ニュース
2026-09-11,2026-09-11T16:57:50.944621+09:00,全国紙,全国,毎日新聞,BeMe 私らしく:義両親との2世帯住宅「出て行って」 悲哀の夫が語る離婚の真相,https://mainichi.jp/articles/20260911/k00/00m/100/054000c,https://mainichi.jp/rss/etc/mainichi-flash.rss,ok,,ニュース
2026-09-11,2026-09-11T16:57:50.944621+09:00,全国紙,全国,毎日新聞,茶の特産地で3年ぶりに「茶寿」 市民2人をお祝い 静岡・島田,https://mainichi.jp/articles/20260911/k00/00m/310/035000c,https://mainichi.jp/rss/etc/mainichi-flash.rss,ok,,ニュース
2026-09-11,2026-09-11T16:57:50.944621+09:00,全国紙,全国,毎日新聞,法廷侵入の男性に拘禁刑2年を求刑 旭川17歳殺害公判,https://mainichi.jp/articles/20260911/k00/00m/310/116000c,https://mainichi.jp/rss/etc/mainichi-flash.rss,ok,,ニュース
2026-09-11,2026-09-11T16:57:50.944621+09:00,全国紙,全国,産経新聞,沖縄知事選、古謝氏と玉城氏が接戦 13日投開票、選挙戦は最終盤の「三日攻防」に,https://www.sankei.com/article/20260911-DKDZK2MEO5KMPF5S2HGJWCTBCY/,https://www.sankei.com/,ok,,
2026-09-11,2026-09-11T16:57:50.944621+09:00,全国紙,全国,産経新聞,オープンAI「暴走」懸念でAI開発の減速検討 アルトマンCEOが説明と米報道,https://www.sankei.com/article/20260911-64RXAFR235NQTEVVUMEAJITWMI/,https://www.sankei.com/,ok,,
2026-09-11,2026-09-11T16:57:50.944621+09:00,全国紙,全国,産経新聞,「次の大統領、誰がいい?」若者はバンス氏、中高年はルビオ氏 米共和党大会で聞いてみた,https://www.sankei.com/article/20260911-WWUU4OD6EFKWNDCB5MDZUHXSBE/,https://www.sankei.com/,ok,,
2026-09-11,2026-09-11T16:57:50.944621+09:00,全国紙,全国,産経新聞,「iPhone Duo」の第一印象は? アップルが折り畳み式で取り戻したワクワク感,https://www.sankei.com/article/20260911-I25OFFUECVL6DEBMSGIL3D5D2A/,https://www.sankei.com/,ok,,
2026-09-11,2026-09-11T16:57:50.944621+09:00,全国紙,全国,産経新聞,「関係者の気持ち逆なでは控えよ」中道・小川氏 交付金など公費受領巡り国会で私見の過去,https://www.sankei.com/article/20260911-2BX7JXA2AJBZNJ2SYRMNAQNNLQ/,https://www.sankei.com/,ok,,
2026-09-11,2026-09-11T16:57:50.944621+09:00,全国紙,全国,産経新聞,いすゞ自動車・山口真宏社長 「レベル4」の完全自動運転「事業化は安全性の確信が条件」,https://www.sankei.com/article/20260911-DWJ4TEHV2ZLOHCV3RYXRLY7SJM/,https://www.sankei.com/,ok,,
2026-09-11,2026-09-11T16:57:50.944621+09:00,全国紙,全国,産経新聞,1日わずか2cm...ブータン伝統の手織り 民族衣装「ゴ」「キラ」職人1人で仕上げまで,https://www.sankei.com/article/20260911-YAYH53OCNVPKZPGKQUCIWICALY/,https://www.sankei.com/,ok,,
2026-09-11,2026-09-11T16:57:50.944621+09:00,全国紙,全国,産経新聞,米次期大統領選、バンス氏「決断のとき」近づく 党大会演説で宗教色前面、イラン言及なく,https://www.sankei.com/article/20260911-CFOC3A5THRNVNIHK4ODZP7PRCA/,https://www.sankei.com/,ok,,
2026-09-11,2026-09-11T16:57:50.944621+09:00,全国紙,全国,産経新聞,「国家の象徴」たる国旗に敬意を表すのは世界の常識だ 精神的支柱の日章旗,https://www.sankei.com/article/20260911-Z3BNZR3O3FKKHDYPOEU7BMZK54/,https://www.sankei.com/,ok,,
2026-09-11,2026-09-11T16:57:50.944621+09:00,全国紙,全国,産経新聞,小泉防衛相、原潜保有「あらゆる選択肢を排除せず検討」 安保3文書改定で議論,https://www.sankei.com/article/20260911-KRKWCWZRDBMPPCY33YZCDZZLQM/,https://www.sankei.com/,ok,,
2026-09-11,2026-09-11T16:57:50.944621+09:00,全国紙,全国,産経新聞,張本勲さん、在日韓国人やくざ好演 昭和59年の東映「修羅の群れ」で菅原文太さんの弟分,https://www.sankei.com/article/20260911-SLGWG2KIKJDI7PUX3SCNY4TSNY/,https://www.sankei.com/,ok,,
2026-09-11,2026-09-11T16:57:50.944621+09:00,全国紙,全国,産経新聞,奈良のメガソーラー建設訴訟「執行停止」認めず,https://www.sankei.com/article/20260911-J64TGEHMBFMTTAXC7UOFCH7GAE/,https://www.sankei.com/,ok,,
2026-09-11,2026-09-11T16:57:50.944621+09:00,全国紙,全国,産経新聞,勤務中に署内で性行為 男性巡査長と女性巡査処分,https://www.sankei.com/article/20260911-S4OTIZGSIVKH3DU6NKOBL7SY5U/,https://www.sankei.com/,ok,,
2026-09-11,2026-09-11T16:57:50.944621+09:00,全国紙,全国,産経新聞,木原氏、人事希望アンケート巡り岸田氏に謝罪,https://www.sankei.com/article/20260911-E76YCAPYENIQPNVZ7GXWFWVIQU/,https://www.sankei.com/,ok,,
2026-09-11,2026-09-11T16:57:50.944621+09:00,全国紙,全国,東京新聞,浜岡原発の審査申請取り下げ検討 中部電力、調査委の報告書受領,https://www.tokyo-np.co.jp/article/514885,https://www.tokyo-np.co.jp/,ok,,
2026-09-11,2026-09-11T16:57:50.944621+09:00,全国紙,全国,東京新聞,中道の分裂は「公明党の方がショック」?立民系は「らしさ」取り戻せるか〈久米晃が解く 政界の実相〉,https://www.tokyo-np.co.jp/article/514611,https://www.tokyo-np.co.jp/,ok,,
2026-09-11,2026-09-11T16:57:50.944621+09:00,全国紙,全国,東京新聞,絶望の収容所で救いとなった「白球」の記憶 日系人社会の再起を支えた「伝説の継承者たち」,https://www.tokyo-np.co.jp/article/512352,https://www.tokyo-np.co.jp/,ok,,
2026-09-11,2026-09-11T16:57:50.944621+09:00,全国紙,全国,東京新聞,紛争地の看護師が日本で国を訴えた理由 「弱い立場の人」を思い気候正義訴訟で理不尽を問う,https://www.tokyo-np.co.jp/article/512350,https://www.tokyo-np.co.jp/,ok,,
2026-09-11,2026-09-11T16:57:50.944621+09:00,全国紙,全国,東京新聞,【コメント募集】あなたの理想の「人生の終わり方」は?,https://www.tokyo-np.co.jp/article/511413,https://www.tokyo-np.co.jp/,ok,,
2026-09-11,2026-09-11T16:57:50.944621+09:00,全国紙,全国,東京新聞,「意外と涼しく感じた」関東の夏をデータで見たら...「ガタガタ震える」ほど寒かった2003年との違いは,https://www.tokyo-np.co.jp/article/514645,https://www.tokyo-np.co.jp/,ok,,
2026-09-11,2026-09-11T16:57:50.944621+09:00,全国紙,全国,東京新聞,〈本音のコラム〉世界が変わり続けた25年 北丸雄二(ジャーナリスト),https://www.tokyo-np.co.jp/article/514763,https://www.tokyo-np.co.jp/,ok,,
2026-09-11,2026-09-11T16:57:50.944621+09:00,全国紙,全国,東京新聞,手口は高度化、特効薬は「なし」...年々増すサイバー攻撃の脅威 企業の機密情報公開、供給網に混乱も,https://www.tokyo-np.co.jp/article/514815,https://www.tokyo-np.co.jp/,ok,,
2026-09-11,2026-09-11T16:57:50.944621+09:00,全国紙,全国,東京新聞,「100トンのムール貝が全滅した」名産品を脅かす深刻な猛暑 夏が毎年、不安の季節に,https://www.tokyo-np.co.jp/article/512280,https://www.tokyo-np.co.jp/,ok,,
2026-09-11,2026-09-11T16:57:50.944621+09:00,全国紙,全国,中日新聞,アジア大会3連覇のピースに、なでしこジャパン初招集のFW神谷とMF柳瀬 ともに愛知出身、「地元に成長した姿を」,https://www.chunichi.co.jp/article/1309917,https://www.chunichi.co.jp/,ok,,
2026-09-11,2026-09-11T16:57:50.944621+09:00,全国紙,全国,中日新聞,政治の要は「思いやり」 元首相・細川護熙さんに、今の高市政権はどう映る,https://www.chunichi.co.jp/article/1309867,https://www.chunichi.co.jp/,ok,,
2026-09-11,2026-09-11T16:57:50.944621+09:00,全国紙,全国,中日新聞,「生まれてから平和だったことはなかった」米中枢同時テロ25年 希望見えぬアフガン、タリバン復権で女子教育制限,https://www.chunichi.co.jp/article/1309650,https://www.chunichi.co.jp/,ok,,
2026-09-11,2026-09-11T16:57:50.944621+09:00,全国紙,全国,中日新聞,学校に行きたくない...「よく言ってくれたね」対話し一緒に考えて 浜松市の団体が呼びかけ,https://www.chunichi.co.jp/article/1309725,https://www.chunichi.co.jp/,ok,,
2026-09-11,2026-09-11T16:57:50.944621+09:00,全国紙,全国,中日新聞,「ちょっと怖いイメージもあると思うんですけど...」 立浪和義さん、明かした恩師・張本勲さんの素顔 逆転負けした古巣・中日の明るい材料にも言及,https://www.chunichi.co.jp/article/1309839,https://www.chunichi.co.jp/,ok,,
2026-09-11,2026-09-11T16:57:50.944621+09:00,地方紙,長野,信濃毎日新聞,温暖化で長野県のスキー場は1カ所だけに? 全国では7カ所のみか 北海道大が分析09/11 11:00地球温暖化で雪が減り、スキー場は7カ所だけに―。こんな研究成果を、北海道大と森林総合研究所(茨城県つくば市)が10日までに発表した。世界の平均気温の上昇が進むと、自然の積雪だけで営業できる施設が激減し、日本のスキー文化や地方の観光産業に大きな打撃を与えるとしている。 対象はリフトやゴンドラを所有する全国349カ所の...,https://www.shinmai.co.jp/news/article/gf01dahm27svl121or84jfg0,https://www.shinmai.co.jp/,ok,,
2026-09-11,2026-09-11T16:57:50.944621+09:00,地方紙,長野,信濃毎日新聞,娘の付き添いで36歳から競技始めた短大講師の母、16歳娘とスケボー世界一 長野市の親子W優勝09/10 17:17,https://www.shinmai.co.jp/news/article/gf01dah651kvl121or84gqug,https://www.shinmai.co.jp/,ok,,
2026-09-11,2026-09-11T16:57:50.944621+09:00,地方紙,長野,信濃毎日新聞,人気の「鳥居峠」から観光客が流れ着く宿場町、宿や店は数軒のみ 木祖村にどう人を呼び込むか09/11 14:31,https://www.shinmai.co.jp/news/article/gf01dah8sssvl121or84hqhg,https://www.shinmai.co.jp/,ok,,
2026-09-11,2026-09-11T16:57:50.944621+09:00,地方紙,長野,信濃毎日新聞,2インフル感染前週の1・87倍に 学級閉鎖128施設,https://www.shinmai.co.jp/news/article/gfkn2026091101001115,https://www.shinmai.co.jp/,ok,,
2026-09-11,2026-09-11T16:57:50.944621+09:00,地方紙,長野,信濃毎日新聞,6中部電力が料金過大徴収500万件 長野県内への影響は85万件を想定,https://www.shinmai.co.jp/news/article/gf01dahbagdttbkcu3kri7ng,https://www.shinmai.co.jp/,ok,,
2026-09-11,2026-09-11T16:57:50.944621+09:00,地方紙,長野,信濃毎日新聞,770歳で開業迷ったが...ランチ難民救うため、塩尻市・奈良井宿の区長立ち上がる,https://www.shinmai.co.jp/news/article/gf01d8cn867hgt5j2m0afrog,https://www.shinmai.co.jp/,ok,,
2026-09-11,2026-09-11T16:57:50.944621+09:00,地方紙,長野,信濃毎日新聞,8長野県の生活道路での死亡事故 高齢者が6割を占める,https://www.shinmai.co.jp/news/article/gf01dahandcvl121or84i92g,https://www.shinmai.co.jp/,ok,,
2026-09-11,2026-09-11T16:57:50.944621+09:00,地方紙,京都,京都新聞,速報駐ロ大使の召還考えずと茂木外相,https://www.kyoto-np.co.jp/articles/-/1789131,https://www.kyoto-np.co.jp/,ok,,
2026-09-11,2026-09-11T16:57:50.944621+09:00,地方紙,京都,京都新聞,中道改革連合「分裂」滋賀の立民と公明関係者に広がる困惑 「自民を利するだけの政党だった」8:56地域立憲民主党と公明党の衆院議員が合流して結党した中道改革連合の「分裂」が9月9日に決定され、滋賀県の立民、公明両党の関係者が困惑している。結...,https://www.kyoto-np.co.jp/articles/-/1788573,https://www.kyoto-np.co.jp/,ok,,
2026-09-11,2026-09-11T16:57:50.944621+09:00,地方紙,京都,京都新聞,【フィギュアスケート 】2025 - 2026シーズンをニュースや写真、コラムで網羅 デジタル特集「Deep Edge」京都,https://www.kyoto-np.co.jp/articles/-/1131905,https://www.kyoto-np.co.jp/,ok,,
2026-09-11,2026-09-11T16:57:50.944621+09:00,地方紙,兵庫,神戸新聞,県が補正予算案を発表 「はばタンペイ」第6弾や設備投資支援など 総額109億9400万円,https://www.kobe-np.co.jp/news/society/202609/0020808306.shtml,https://www.kobe-np.co.jp/,ok,,
2026-09-11,2026-09-11T16:57:50.944621+09:00,地方紙,兵庫,神戸新聞,【独自】勤務時間中に署内やマイカーで性行為 警官2人を懲戒処分,https://www.kobe-np.co.jp/news/society/202609/0020807880.shtml,https://www.kobe-np.co.jp/,ok,,
2026-09-11,2026-09-11T16:57:50.944621+09:00,地方紙,兵庫,神戸新聞,国史跡の古墳出土品を3D画像化、ネット公開 加古川,https://www.kobe-np.co.jp/news/society/202609/0020805856.shtml,https://www.kobe-np.co.jp/,ok,,
2026-09-11,2026-09-11T16:57:50.944621+09:00,地方紙,兵庫,神戸新聞,女性専用貸しオフィス 「起業家らの交流拠点に」 神戸・鈴蘭台,https://www.kobe-np.co.jp/news/kobe/202609/0020805559.shtml,https://www.kobe-np.co.jp/,ok,,
2026-09-11,2026-09-11T16:57:50.944621+09:00,地方紙,兵庫,神戸新聞,改築から100年、レトロな風情 木造JR曽根駅舎にお別れ 高砂,https://www.kobe-np.co.jp/news/touban/202609/0020806013.shtml,https://www.kobe-np.co.jp/,ok,,
2026-09-11,2026-09-11T16:57:50.944621+09:00,地方紙,兵庫,神戸新聞,精米歩合4.7%、究極の大吟醸 「亀の甲 寿亀」15日発売,https://www.kobe-np.co.jp/news/himeji/202609/0020805807.shtml,https://www.kobe-np.co.jp/,ok,,
2026-09-11,2026-09-11T16:57:50.944621+09:00,地方紙,兵庫,神戸新聞,社会人バンド「シャイニーハーツジャズオーケストラ」15周年で活動休止,https://www.kobe-np.co.jp/news/miki/202609/0020805651.shtml,https://www.kobe-np.co.jp/,ok,,
2026-09-11,2026-09-11T16:57:50.944621+09:00,地方紙,兵庫,神戸新聞,人の光と闇、荘重な響きで 劇団四季ミュージカル「ノートルダムの鐘」 大阪四季劇場で上演中,https://www.kobe-np.co.jp/news/culture/202609/0020808156.shtml,https://www.kobe-np.co.jp/,ok,,
2026-09-11,2026-09-11T16:57:50.944621+09:00,地方紙,兵庫,神戸新聞,神戸・三宮で強盗事件 旅行中の大学生が高架下で,https://www.kobe-np.co.jp/news/jiken/202609/0020803656.shtml,https://www.kobe-np.co.jp/,ok,,
2026-09-11,2026-09-11T16:57:50.944621+09:00,地方紙,兵庫,神戸新聞,山本敏信さん死去 元兵庫県議会議長,https://www.kobe-np.co.jp/news/society/202609/0020804412.shtml,https://www.kobe-np.co.jp/,ok,,
2026-09-11,2026-09-11T16:57:50.944621+09:00,地方紙,兵庫,神戸新聞,神戸・須磨の名谷竜が台住宅で火災,https://www.kobe-np.co.jp/news/jiken/202609/0020805547.shtml,https://www.kobe-np.co.jp/,ok,,
2026-09-11,2026-09-11T16:57:50.944621+09:00,地方紙,熊本,熊本日日新聞,<2026年熊本地震>氷川町の住家、半壊以上3割 被害認定の1次調査終了,https://kumanichi.com/articles/2034929,https://kumanichi.com/rss.xml,ok,,
2026-09-11,2026-09-11T16:57:50.944621+09:00,地方紙,熊本,熊本日日新聞,女性皇族、住民票に「名」,https://kumanichi.com/articles/2034976,https://kumanichi.com/rss.xml,ok,,
2026-09-11,2026-09-11T16:57:50.944621+09:00,地方紙,熊本,熊本日日新聞,駐ロ大使の召還考えずと茂木外相,https://kumanichi.com/articles/2034975,https://kumanichi.com/rss.xml,ok,,
2026-09-11,2026-09-11T16:57:50.944621+09:00,地方紙,熊本,熊本日日新聞,身長4メートル女性像に住民票,https://kumanichi.com/articles/2034962,https://kumanichi.com/rss.xml,ok,,
2026-09-11,2026-09-11T16:57:50.944621+09:00,地方紙,熊本,熊本日日新聞,立民系新党「来週に結論」,https://kumanichi.com/articles/2034855,https://kumanichi.com/rss.xml,ok,,
2026-09-11,2026-09-11T16:57:50.944621+09:00,地方紙,熊本,熊本日日新聞,台湾、無人機に1兆円投資,https://kumanichi.com/articles/2034971,https://kumanichi.com/rss.xml,ok,,
2026-09-11,2026-09-11T16:57:50.944621+09:00,地方紙,熊本,熊本日日新聞,東証反落、1カ月ぶり安値,https://kumanichi.com/articles/2034949,https://kumanichi.com/rss.xml,ok,,
2026-09-11,2026-09-11T16:57:50.944621+09:00,地方紙,熊本,熊本日日新聞,不透明な資金流れ、融資引き揚げ,https://kumanichi.com/articles/2034967,https://kumanichi.com/rss.xml,ok,,
2026-09-11,2026-09-11T16:57:50.944621+09:00,地方紙,熊本,熊本日日新聞,邦人犠牲者追悼の銘板設置,https://kumanichi.com/articles/2034947,https://kumanichi.com/rss.xml,ok,,
2026-09-11,2026-09-11T16:57:50.944621+09:00,地方紙,熊本,熊本日日新聞,熊本地震の自衛隊災害派遣要請は13日終了,https://kumanichi.com/articles/2034972,https://kumanichi.com/rss.xml,ok,,
2026-09-11,2026-09-11T16:57:50.944621+09:00,地方紙,鹿児島,南日本新聞,日置で秋の味覚バショウカジキ漁始まる 江口漁港、初日は29匹水揚げ「秋太郎」の呼び名で知られるバショウカジキの水揚げが11日、日置市東市来の江口漁港で始まった。銀色に輝く2〜2.5メートル前後の29匹が、帰港した漁船から次々と運ばれた。 秋の味覚として人気が高いバショウカジキは、やりのような鋭い上あごと、バショウの葉に似た大きな背びれが特徴。漁船5隻が10日夕に薩摩川内市甑島沖の東シナ海に出漁し、流し網漁で取った。例年9月中旬〜10月上旬に脂が乗り、19月11日 14:31,https://373news.com/news/local/detail/239424/,https://373news.com/,ok,,local
2026-09-11,2026-09-11T16:57:50.944621+09:00,地方紙,鹿児島,南日本新聞,歌いながら介護予防体操で健康に―—480人集結、日置で「筋ちゃんサミット」9月11日 16:30,https://373news.com/news/local/detail/239418/,https://373news.com/,ok,,local
2026-09-11,2026-09-11T16:57:50.944621+09:00,地方紙,鹿児島,南日本新聞,南極の氷は硬くてパチパチと音がした!――児童に海上自衛隊から冷た~いプレゼント 鹿児島市・南方小9月11日 15:30,https://373news.com/news/local/detail/239417/,https://373news.com/,ok,,local
2026-09-11,2026-09-11T16:57:50.944621+09:00,地方紙,鹿児島,南日本新聞,【速報】鹿児島県議会9月定例会が開会、県独自の観光支援予算を即日可決 県内での宿泊を6割補助9月11日 14:09,https://373news.com/news/local/detail/239423/,https://373news.com/,ok,,local
2026-09-11,2026-09-11T16:57:50.944621+09:00,地方紙,鹿児島,南日本新聞,「諦めない心があった生き方」...故横田慎太郎さん母が息子の生涯振り返る――鹿児島市で講演9月11日 14:00,https://373news.com/news/local/detail/239416/,https://373news.com/,ok,,local
2026-09-11,2026-09-11T16:57:50.944621+09:00,地方紙,鹿児島,南日本新聞,「知らなかった」では済まされない――食品表示の注意点解説 30日、鹿児島県が講習会 水迫畜産の不適正問題受け9月11日 13:26,https://373news.com/news/local/detail/239421/,https://373news.com/,ok,,local
2026-09-11,2026-09-11T16:57:50.944621+09:00,地方紙,鹿児島,南日本新聞,「自分で使うために保管していた」――大麻所持疑いで54歳男を逮捕 鹿児島中央署、使用容疑でも捜査9月11日 11:06,https://373news.com/news/local/detail/239415/,https://373news.com/,ok,,local
2026-09-11,2026-09-11T16:57:50.944621+09:00,地方紙,鹿児島,南日本新聞,〝地球20周〟醤油店のトラック引退——82万キロ走行、23年の現役に幕9月11日 11:00,https://373news.com/news/local/detail/239414/,https://373news.com/,ok,,local
2026-09-11,2026-09-11T16:57:50.944621+09:00,地方紙,鹿児島,南日本新聞,若者失業率の高いインドから人材を――受け入れ支援へ鹿児島県が相談会9月11日 11:00,https://373news.com/news/local/detail/239392/,https://373news.com/,ok,,local
2026-09-11,2026-09-11T16:57:50.944621+09:00,地方紙,鹿児島,南日本新聞,東証反落、1カ月ぶり安値 終値6万4011円、原油高で9月11日 15:39,https://373news.com/news/national/detail/2026091101001164/,https://373news.com/,ok,,national
2026-09-11,2026-09-11T16:57:50.944621+09:00,地方紙,沖縄,沖縄タイムス,【速報】沖縄県がインフルエンザ注意報を発令 約5カ月ぶり9月11日 14:57インフルエンザ沖縄県は11日、インフルエンザ注意報を発令した。8月31日~9月6日の1週間に報告された県内1定点医療機関当たりの患者数は10・34人となり、発令基準値の10人を超えた。,https://www.okinawatimes.co.jp/articles/-/1921982,https://www.okinawatimes.co.jp/,ok,,
2026-09-11,2026-09-11T16:57:50.944621+09:00,地方紙,沖縄,沖縄タイムス,沖縄旅行の夫婦・恋人層シェア増加 ビジネスチャンスに県内外のウェディング事業者をマッチング 県商談会に100社超が参加12:30有料#結婚・披露宴,https://www.okinawatimes.co.jp/articles/-/1921610,https://www.okinawatimes.co.jp/,ok,,
2026-09-11,2026-09-11T16:57:50.944621+09:00,地方紙,沖縄,沖縄タイムス,「押しつぶされているのは沖縄の人全員」沖縄知事選で悪意に満ちたAI映像が拡散 SNSにどう向き合うか10:50#沖縄県知事選,https://www.okinawatimes.co.jp/articles/-/1921653,https://www.okinawatimes.co.jp/,ok,,
2026-09-11,2026-09-11T16:57:50.944621+09:00,地方紙,沖縄,沖縄タイムス,「民主主義を破壊する行為は見ていて悲しい」元知事が危機感 沖縄知事選とSNS、「差別やヘイト」に阻害される政策議論10:10#沖縄県知事選,https://www.okinawatimes.co.jp/articles/-/1921557,https://www.okinawatimes.co.jp/,ok,,
2026-09-11,2026-09-11T16:57:50.944621+09:00,地方紙,沖縄,沖縄タイムス,玉城デニー氏装う偽メール出回る 実在の住所使い「琉球県に改称」「お礼の品」 事務所は送信否定、法的措置を検討 沖縄知事選10:35#沖縄の選挙,https://www.okinawatimes.co.jp/articles/-/1921804,https://www.okinawatimes.co.jp/,ok,,
2026-09-11,2026-09-11T16:57:50.944621+09:00,地方紙,沖縄,沖縄タイムス,9月13日(日)は沖縄県知事選、開票率とお天気の関係は? 湿気伴う暑さへの対策を16:02#うちなぁ季節めぐり,https://www.okinawatimes.co.jp/articles/-/1922014,https://www.okinawatimes.co.jp/,ok,,
2026-09-11,2026-09-11T16:57:50.944621+09:00,地方紙,沖縄,沖縄タイムス,子ども道連れの自殺を防ぐには、周りの強力なサポートが必要だ7:00有料#香山リカてのひ...,https://www.okinawatimes.co.jp/articles/-/1921695,https://www.okinawatimes.co.jp/,ok,,
2026-09-11,2026-09-11T16:57:50.944621+09:00,地方紙,沖縄,沖縄タイムス,[沖縄days]ハトと少女 那覇市安里12:45#沖縄days,https://www.okinawatimes.co.jp/articles/-/1921522,https://www.okinawatimes.co.jp/,ok,,
2026-09-11,2026-09-11T16:57:50.944621+09:00,地方紙,沖縄,沖縄タイムス,伊是名村長選 島の課題と公約は 立候補した高良和彦氏・髙良真伊氏に聞く 9月13日投開票8:00有料#伊是名村長選,https://www.okinawatimes.co.jp/articles/-/1921516,https://www.okinawatimes.co.jp/,ok,,
2026-09-11,2026-09-11T16:57:50.944621+09:00,地方紙,沖縄,沖縄タイムス,コンセプトは「人と動物を幸せにするお菓子屋さん」 パティシエが丹精込めるケーキ・焼き菓子 名護市・Sugar Tree Okinawa11:00#胃心地いいね,https://www.okinawatimes.co.jp/articles/-/1921529,https://www.okinawatimes.co.jp/,ok,,
2026-09-11,2026-09-11T16:57:50.944621+09:00,地方紙,沖縄,沖縄タイムス,空自F15、拘束装置使い緊急着陸 那覇空港で14便遅延 小泉防衛相「ご迷惑とご心配かけ真摯に受け止め」11:51有料#事件・事故,https://www.okinawatimes.co.jp/articles/-/1921862,https://www.okinawatimes.co.jp/,ok,,
2026-09-11,2026-09-11T16:57:50.944621+09:00,地方紙,沖縄,沖縄タイムス,鈴木宗男氏、高市首相に沖縄県知事選を報告 「とにかく必死になって」高市首相が発破8:30有料#沖縄県知事選,https://www.okinawatimes.co.jp/articles/-/1921550,https://www.okinawatimes.co.jp/,ok,,
2026-09-11,2026-09-11T16:57:50.944621+09:00,地方紙,沖縄,沖縄タイムス,塩地優 さんがコメント(9月11日 12:05),https://www.okinawatimes.co.jp/articles/-/1921630,https://www.okinawatimes.co.jp/,ok,,
2026-09-11,2026-09-11T16:57:50.944621+09:00,その他メディア,,デイリースポーツ,女性皇族、住民票に「名」,https://www.daily.co.jp/society/politics/2026/09/11/0020808668.shtml,https://news.ceek.jp/search.cgi?category_id=politics&feed=1,ok,,政治
2026-09-11,2026-09-11T16:57:50.944621+09:00,全国紙,全国,日本経済新聞,長期金利再び3%、木原官房長官「極めて高い緊張感を持って注視」,https://www.nikkei.com/article/DGXZQOUA113IW0R10C26A9000000/,https://news.ceek.jp/search.cgi?category_id=politics&feed=1,ok,,政治
2026-09-11,2026-09-11T16:57:50.944621+09:00,その他メディア,,デイリースポーツ,立民系新党「来週に結論」,https://www.daily.co.jp/society/politics/2026/09/11/0020807697.shtml,https://news.ceek.jp/search.cgi?category_id=politics&feed=1,ok,,政治
2026-09-11,2026-09-11T16:57:50.944621+09:00,その他メディア,,共同通信,立民系新党「来週に結論」 中道残留は渡辺創氏,https://www.47news.jp/14923906.html,https://news.ceek.jp/search.cgi?category_id=politics&feed=1,ok,,政治
2026-09-11,2026-09-11T16:57:50.944621+09:00,その他メディア,,日本テレビ,総務省 情報公開請求への対応めぐるチャット協議で不適切表現 幹部ら7人に注意,https://news.ntv.co.jp/category/politics/16c150f0d1734b168e339a86759ce0b5,https://news.ceek.jp/search.cgi?category_id=politics&feed=1,ok,,政治
2026-09-11,2026-09-11T16:57:50.944621+09:00,その他メディア,,テレビ朝日,高市総理「気分あがった」とガッツポーズ 公式マスコット「お花みたいにかわいい」,https://news.tv-asahi.co.jp/news_politics/articles/000532734.html,https://news.ceek.jp/search.cgi?category_id=politics&feed=1,ok,,政治
2026-09-11,2026-09-11T16:57:50.944621+09:00,全国紙,全国,日本経済新聞,国民民主、税調会長に浅野哲氏 古川代表代行ら執行部人事は骨格維持,https://www.nikkei.com/article/DGXZQOUA107DS0Q6A910C2000000/,https://news.ceek.jp/search.cgi?category_id=politics&feed=1,ok,,政治
2026-09-11,2026-09-11T16:57:50.944621+09:00,その他メディア,,日本テレビ,花博2027マスコット「トゥンクトゥンク」の会話力が進化?!高市首相ガッツポーズのワケは...,https://news.ntv.co.jp/category/politics/df68b4dff0d642e9ac51b89ed6abe812,https://news.ceek.jp/search.cgi?category_id=politics&feed=1,ok,,政治
2026-09-11,2026-09-11T16:57:50.944621+09:00,その他メディア,,フジテレビ,"「お前らは頭が悪い」「死んで」京都初の“緊急銃猟""でクマ処分の舞鶴市に“誹謗中傷""電話相次ぐ 舞鶴市長「本当に怒っています」SNSで「厳格な対応」表明 橋下徹氏「市長が強く反論すること非常に重要」評価",https://www.fnn.jp/articles/-/1112468,https://news.ceek.jp/search.cgi?category_id=politics&feed=1,ok,,政治
2026-09-11,2026-09-11T16:57:50.944621+09:00,その他メディア,,フジテレビ,内閣広報室の概算要求が前年度予算の10倍超に 「内閣の重要政策を幅広く発信するため必要」木原官房長官,https://www.fnn.jp/articles/-/1112462,https://news.ceek.jp/search.cgi?category_id=politics&feed=1,ok,,政治
2026-09-11,2026-09-11T16:57:50.944621+09:00,全国紙,全国,産経新聞,香港民主派団体の鄒元副主席に禁錮7年3月の実刑判決 主席だった李氏の7年より重い量刑,https://www.sankei.com/article/20260911-BTGYPE2QVZPWVE5QGOH7LTU57Y/,https://news.ceek.jp/search.cgi?category_id=politics&feed=1,ok,,政治
2026-09-11,2026-09-11T16:57:50.944621+09:00,その他メディア,,共同通信,【速報】ふるさと納税手数料6社引き下げ14社維持,https://www.47news.jp/14925042.html,https://news.ceek.jp/search.cgi?category_id=politics&feed=1,ok,,政治
2026-09-11,2026-09-11T16:57:50.944621+09:00,その他メディア,,共同通信,【速報】中道に残るのは渡辺創衆院議員,https://www.47news.jp/14925022.html,https://news.ceek.jp/search.cgi?category_id=politics&feed=1,ok,,政治
2026-09-11,2026-09-11T16:57:50.944621+09:00,その他メディア,,共同通信,国民民主、榛葉幹事長の留任決定 橋本幹彦氏を幹事長代理に起用,https://www.47news.jp/14924706.html,https://news.ceek.jp/search.cgi?category_id=politics&feed=1,ok,,政治
2026-09-11,2026-09-11T16:57:50.944621+09:00,その他メディア,,Abema TIMES,「よっしゃ!」「気分上がったわ」高市総理がガッツポーズ? トゥンクトゥンクに「お花みたいに...」と褒められた瞬間,https://times.abema.tv/articles/-/10272514?page=1,https://news.ceek.jp/search.cgi?category_id=politics&feed=1,ok,,政治
2026-09-11,2026-09-11T16:57:50.944621+09:00,全国紙,全国,産経新聞,国民民主、榛葉幹事長ら留任 代表選敗退の橋本幹彦氏、幹事長代理に 両院議員総会,https://www.sankei.com/article/20260911-NZQT626WLVLOBKKT2Y7EOMWZM4/,https://news.ceek.jp/search.cgi?category_id=politics&feed=1,ok,,政治
2026-09-11,2026-09-11T16:57:50.944621+09:00,その他メディア,,Abema TIMES,片山大臣、ベッセント長官の「胴元」発言に「ちょっと『おっ』と...」 受け止め明かす,https://times.abema.tv/articles/-/10272498?page=1,https://news.ceek.jp/search.cgi?category_id=politics&feed=1,ok,,政治
2026-09-11,2026-09-11T16:57:50.944621+09:00,全国紙,全国,産経新聞,日本製鉄跡地の複合防衛拠点、27年春に具体化へ 4者協議で説明 広島・呉,https://www.sankei.com/article/20260911-LQISKBAF5JOFBHTT3N3UP5LF3I/,https://news.ceek.jp/search.cgi?category_id=politics&feed=1,ok,,政治
2026-09-11,2026-09-11T16:57:50.944621+09:00,その他メディア,,フジテレビ,鹿児島・北ふ頭が変わる! 水族館前に緑地広場、駐車場跡にカフェ・スーパーが集結へ,https://www.fnn.jp/articles/-/1112446,https://news.ceek.jp/search.cgi?category_id=politics&feed=1,ok,,政治
2026-09-11,2026-09-11T16:57:50.944621+09:00,その他メディア,,共同通信,【速報】未婚者3割超が「子ども1人も望まず」,https://www.47news.jp/14924714.html,https://news.ceek.jp/search.cgi?category_id=politics&feed=1,ok,,政治
2026-09-11,2026-09-11T16:57:50.944621+09:00,その他メディア,,デイリースポーツ,国民民主、榛葉幹事長の留任決定,https://www.daily.co.jp/society/politics/2026/09/11/0020808063.shtml,https://news.ceek.jp/search.cgi?category_id=politics&feed=1,ok,,政治
2026-09-11,2026-09-11T16:57:50.944621+09:00,その他メディア,,日本テレビ,"来年4月に実施方針“飲食料品減税"" 税制改正大綱案を自民党が了承",https://news.ntv.co.jp/category/politics/dcc1ccd7359541bea6c89d922c9fb622,https://news.ceek.jp/search.cgi?category_id=politics&feed=1,ok,,政治
2026-09-11,2026-09-11T16:57:50.944621+09:00,全国紙,全国,産経新聞,「誰が組む」より何を競うか,https://www.sankei.com/article/20260911-WUNJPW3K6VNNPG6IQMOHIYBGR4/,https://news.ceek.jp/search.cgi?category_id=politics&feed=1,ok,,政治
2026-09-11,2026-09-11T16:57:50.944621+09:00,全国紙,全国,産経新聞,「お花みたいにかわいい」「気分上がったわ」 高市首相、花博のトゥンクトゥンクと会話,https://www.sankei.com/article/20260911-SKFGSRXWXNI4HIPNG7WYDGEKYA/,https://news.ceek.jp/search.cgi?category_id=politics&feed=1,ok,,政治
2026-09-11,2026-09-11T16:57:50.944621+09:00,その他メディア,,共同通信,【速報】国民民主、榛葉幹事長らの留任決定,https://www.47news.jp/14924588.html,https://news.ceek.jp/search.cgi?category_id=politics&feed=1,ok,,政治
2026-09-11,2026-09-11T16:57:50.944621+09:00,全国紙,全国,日本経済新聞,食料品の消費減税、自民党合同会議が大綱案を了承,https://www.nikkei.com/article/DGXZQOUA112M70R10C26A9000000/,https://news.ceek.jp/search.cgi?category_id=politics&feed=1,ok,,政治
2026-09-11,2026-09-11T16:57:50.944621+09:00,全国紙,全国,日本経済新聞,故草間彌生氏に従三位,https://www.nikkei.com/article/DGXZQOUA112F70R10C26A9000000/,https://news.ceek.jp/search.cgi?category_id=politics&feed=1,ok,,政治
2026-09-11,2026-09-11T16:57:50.944621+09:00,全国紙,全国,日本経済新聞,故綿貫民輔氏に従二位,https://www.nikkei.com/article/DGXZQOUA112FE0R10C26A9000000/,https://news.ceek.jp/search.cgi?category_id=politics&feed=1,ok,,政治
2026-09-11,2026-09-11T16:57:50.944621+09:00,その他メディア,,日本テレビ,外務省 イスラエルなど中東地域の危険情報レベルを一部引き下げ,https://news.ntv.co.jp/category/politics/fee6d664352048979c10a07d572f8046,https://news.ceek.jp/search.cgi?category_id=politics&feed=1,ok,,政治
2026-09-11,2026-09-11T16:57:50.944621+09:00,全国紙,全国,日本経済新聞,政府システムに不正アクセス、職員ら情報24万件漏洩か デジタル庁,https://www.nikkei.com/article/DGXZQOUA1124Y0R10C26A9000000/,https://news.ceek.jp/search.cgi?category_id=politics&feed=1,ok,,政治
2026-09-11,2026-09-11T16:57:50.944621+09:00,全国紙,全国,産経新聞,「現実的」にできない人たちは固まればいい,https://www.sankei.com/article/20260911-JRSE64IRQ5NSDLHL2NJF5ZEJ6I/,https://news.ceek.jp/search.cgi?category_id=politics&feed=1,ok,,政治
2026-09-11,2026-09-11T16:57:50.944621+09:00,全国紙,全国,日本経済新聞,イコールアース地図、北方領土の表記「一定の修正された」官房長官,https://www.nikkei.com/article/DGXZQOUA112E40R10C26A9000000/,https://news.ceek.jp/search.cgi?category_id=politics&feed=1,ok,,政治
2026-09-11,2026-09-11T16:57:50.944621+09:00,その他メディア,,共同通信,小泉防衛相、原潜保有を排除せず 安保3文書改定で議論,https://www.47news.jp/14924271.html,https://news.ceek.jp/search.cgi?category_id=politics&feed=1,ok,,政治
2026-09-11,2026-09-11T16:57:50.944621+09:00,全国紙,全国,産経新聞,テロ「断固として非難する」木原官房長官 米中枢同時テロ25年、国際社会との連携強調,https://www.sankei.com/article/20260911-4B4NYKB75ZL3RH27YDSMZZAMPM/,https://news.ceek.jp/search.cgi?category_id=politics&feed=1,ok,,政治
2026-09-11,2026-09-11T16:57:50.944621+09:00,その他メディア,,フジテレビ,新党設立「来週中には」中道・小川代表 立憲出身者により 清算のための中道存続「経済的責任を最後まで全うする」と説明,https://www.fnn.jp/articles/-/1112410,https://news.ceek.jp/search.cgi?category_id=politics&feed=1,ok,,政治
2026-09-11,2026-09-11T16:57:50.944621+09:00,その他メディア,,フジテレビ,小泉防衛大臣 インドネシア山林火災で自衛隊初の海外消火「国内経験生かした被害拡大防止で意義がある」,https://www.fnn.jp/articles/-/1112411,https://news.ceek.jp/search.cgi?category_id=politics&feed=1,ok,,政治
2026-09-11,2026-09-11T16:57:50.944621+09:00,その他メディア,,デイリースポーツ,小泉防衛相、原潜保有を排除せず,https://www.daily.co.jp/society/politics/2026/09/11/0020807854.shtml,https://news.ceek.jp/search.cgi?category_id=politics&feed=1,ok,,政治
2026-09-11,2026-09-11T16:57:50.944621+09:00,その他メディア,,共同通信,高市首相、花博キャラと会話 「かわいい」と言われ、笑顔に,https://www.47news.jp/14924213.html,https://news.ceek.jp/search.cgi?category_id=politics&feed=1,ok,,政治
2026-09-11,2026-09-11T16:57:50.944621+09:00,全国紙,全国,産経新聞,金子国交相、自治体の民泊規制強化に理解 「生活と観光の両立が重要だ」,https://www.sankei.com/article/20260911-APQXICLCKVLUDOFR4OUDRDS2FI/,https://news.ceek.jp/search.cgi?category_id=politics&feed=1,ok,,政治
2026-09-11,2026-09-11T16:57:50.944621+09:00,全国紙,全国,産経新聞,トゥンクトゥンクから「お花みたいにかわいいよ」 高市首相、笑顔で閣議へ 花博キャラ,https://www.sankei.com/article/20260911-HDEOBFUYARKVLEUPSRM6X2G5NY/,https://news.ceek.jp/search.cgi?category_id=politics&feed=1,ok,,政治
2026-09-11,2026-09-11T16:57:50.944621+09:00,その他メディア,,デイリースポーツ,高市首相、花博キャラと会話,https://www.daily.co.jp/society/politics/2026/09/11/0020807802.shtml,https://news.ceek.jp/search.cgi?category_id=politics&feed=1,ok,,政治
2026-09-11,2026-09-11T16:57:50.944621+09:00,その他メディア,,共同通信,政府、地図表記の変更確認 北方領土、日本側要求で,https://www.47news.jp/14923965.html,https://news.ceek.jp/search.cgi?category_id=politics&feed=1,ok,,政治
2026-09-11,2026-09-11T16:57:50.944621+09:00,その他メディア,,テレビ朝日,北方領土 日本と同色に修正 国連推奨図法の世界地図,https://news.tv-asahi.co.jp/news_politics/articles/000532694.html,https://news.ceek.jp/search.cgi?category_id=politics&feed=1,ok,,政治
2026-09-11,2026-09-11T16:57:50.944621+09:00,その他メディア,,フジテレビ,議員などから職員への不当要求 北九州市も調査へ 武内市長「過度な圧迫は見過ごせない」 県の条例案提出を受け 福岡,https://www.fnn.jp/articles/-/1112402,https://news.ceek.jp/search.cgi?category_id=politics&feed=1,ok,,政治
2026-09-11,2026-09-11T16:57:50.944621+09:00,その他メディア,,WEDGE Infinity,<論点>これからの日本の平和教育を探る...「戦争の悲惨さ」(反戦平和)だけでは達成されないのはなぜ? 平和教育に必要な視点,https://wedge.ismedia.jp/articles/-/41064,https://news.ceek.jp/search.cgi?category_id=politics&feed=1,ok,,政治
2026-09-11,2026-09-11T16:57:50.944621+09:00,その他メディア,,共同通信,【速報】原潜保有、選択肢排除せずに検討と防衛相,https://www.47news.jp/14923977.html,https://news.ceek.jp/search.cgi?category_id=politics&feed=1,ok,,政治
2026-09-11,2026-09-11T16:57:50.944621+09:00,その他メディア,,テレビ朝日,自民党 税制改正大綱案を了承 消費減税や「所得連動給付」導入へ,https://news.tv-asahi.co.jp/news_politics/articles/000532680.html,https://news.ceek.jp/search.cgi?category_id=politics&feed=1,ok,,政治
2026-09-11,2026-09-11T16:57:50.944621+09:00,その他メディア,,共同通信,上川元外相、法の支配実現を要請 ICC支援を表明、政府に提言,https://www.47news.jp/14923963.html,https://news.ceek.jp/search.cgi?category_id=politics&feed=1,ok,,政治
2026-09-11,2026-09-11T16:57:50.944621+09:00,その他メディア,,デイリースポーツ,上川元外相、法の支配実現を要請,https://www.daily.co.jp/society/politics/2026/09/11/0020807727.shtml,https://news.ceek.jp/search.cgi?category_id=politics&feed=1,ok,,政治
2026-09-11,2026-09-11T16:57:50.944621+09:00,その他メディア,,デイリースポーツ,政府、地図表記の変更確認,https://www.daily.co.jp/society/politics/2026/09/11/0020807730.shtml,https://news.ceek.jp/search.cgi?category_id=politics&feed=1,ok,,政治
2026-09-11,2026-09-11T16:57:50.944621+09:00,その他メディア,,フジテレビ,【速報】食品の消費減税へ税制大綱案を自民が合同会議で了承 財源は具体的に明記せず 15日に閣議決定へ,https://www.fnn.jp/articles/-/1112325,https://news.ceek.jp/search.cgi?category_id=politics&feed=1,ok,,政治
2026-09-11,2026-09-11T16:57:50.944621+09:00,その他メディア,,共同通信,【速報】政府ネットに不正アクセス、24万件分流出,https://www.47news.jp/14923964.html,https://news.ceek.jp/search.cgi?category_id=politics&feed=1,ok,,政治
2026-09-11,2026-09-11T16:57:50.944621+09:00,その他メディア,,フジテレビ,【中継】高市首相は「聖域」に切り込むのか 参院幹事長の処遇が焦点に,https://www.fnn.jp/articles/-/1112322,https://news.ceek.jp/search.cgi?category_id=politics&feed=1,ok,,政治
2026-09-11,2026-09-11T16:57:50.944621+09:00,全国紙,全国,産経新聞,「ICC支援」働きかけ要請 上川陽子元外相ら「法の支配が揺らいでいる」と政府に提言,https://www.sankei.com/article/20260911-574AQAIATVPZVKEHA3B24HUXAE/,https://news.ceek.jp/search.cgi?category_id=politics&feed=1,ok,,政治
2026-09-11,2026-09-11T16:57:50.944621+09:00,その他メディア,,フジテレビ,"県議会新議長 まさかの“くじ引き""で決着 これまで要職に就いた経験のない74歳 多難な船出 一夜明け早速“抗議文"" 【福岡発】",https://www.fnn.jp/articles/-/1112308,https://news.ceek.jp/search.cgi?category_id=politics&feed=1,ok,,政治
2026-09-11,2026-09-11T16:57:50.944621+09:00,その他メディア,,アサ芸プラス,焦りのトランプが「投票してくれたら1人76万7000円払う」国民買収まで持ち出した「急速見放し実態」と「一族大儲け」,https://www.asagei.com/excerpt/349470,https://news.ceek.jp/search.cgi?category_id=politics&feed=1,ok,,政治
2026-09-11,2026-09-11T16:57:50.944621+09:00,その他メディア,,共同通信,【速報】「地方と引き続き丁寧に協議」と城内担当相,https://www.47news.jp/14923697.html,https://news.ceek.jp/search.cgi?category_id=politics&feed=1,ok,,政治
2026-09-11,2026-09-11T16:57:50.944621+09:00,全国紙,全国,毎日新聞,中道・小川氏、新党「来週中にも結論」 立憲出身議員で結成へ,https://mainichi.jp/articles/20260911/k00/00m/010/049000c,https://news.ceek.jp/search.cgi?category_id=politics&feed=1,ok,,政治
2026-09-11,2026-09-11T16:57:50.944621+09:00,その他メディア,,フジテレビ,北方領土がロシアと同色の地図「一定の修正がなされた」 木原官房長官 「日本の立場が損なわれないよう対応」,https://www.fnn.jp/articles/-/1112278,https://news.ceek.jp/search.cgi?category_id=politics&feed=1,ok,,政治
2026-09-11,2026-09-11T16:57:50.944621+09:00,全国紙,全国,日本経済新聞,中道解体、連合+創価学会再び頓挫 参院・地方動かず新進党と類似,https://www.nikkei.com/article/DGXZQOUA03BP00T00C26A9000000/,https://news.ceek.jp/search.cgi?category_id=politics&feed=1,ok,,政治
2026-09-11,2026-09-11T16:57:50.944621+09:00,その他メディア,,共同通信,【速報】「苦渋の選択として協力」と全国知事会長,https://www.47news.jp/14923343.html,https://news.ceek.jp/search.cgi?category_id=politics&feed=1,ok,,政治
2026-09-11,2026-09-11T16:57:50.944621+09:00,全国紙,全国,読売新聞,「イコールアース図法」の地図でロシア領と同色だった北方領土、日本領の色に修正...ロシア語版は変更せず,https://www.yomiuri.co.jp/politics/20260911-GYT1T00083/,https://news.ceek.jp/search.cgi?category_id=politics&feed=1,ok,,政治
2026-09-11,2026-09-11T16:57:50.944621+09:00,その他メディア,,共同通信,【速報】財政負担の割合は合意した上で協議を継続,https://www.47news.jp/14923007.html,https://news.ceek.jp/search.cgi?category_id=politics&feed=1,ok,,政治
2026-09-11,2026-09-11T16:57:50.944621+09:00,その他メディア,,共同通信,【速報】国が3分の2以上を負担で合意,https://www.47news.jp/14922916.html,https://news.ceek.jp/search.cgi?category_id=politics&feed=1,ok,,政治
2026-09-11,2026-09-11T16:57:50.944621+09:00,その他メディア,,共同通信,【速報】所得連動給付の負担、政府と自治体が合意,https://www.47news.jp/14922904.html,https://news.ceek.jp/search.cgi?category_id=politics&feed=1,ok,,政治
2026-09-11,2026-09-11T16:57:50.944621+09:00,その他メディア,,しんぶん赤旗,普天間に燃料施設4基 計画判明 基地恒久化狙う,https://www.jcp.or.jp/akahata/aik26/2026-09-11/2026091101_01_0.php,https://news.ceek.jp/search.cgi?category_id=politics&feed=1,ok,,政治
2026-09-11,2026-09-11T16:57:50.944621+09:00,その他メディア,,しんぶん赤旗,県民の苦境に寄り添う 沖縄知事選3日攻防突入 デニー知事奮闘,https://www.jcp.or.jp/akahata/aik26/2026-09-11/2026091101_02_0.php,https://news.ceek.jp/search.cgi?category_id=politics&feed=1,ok,,政治
2026-09-11,2026-09-11T16:57:50.944621+09:00,その他メディア,,しんぶん赤旗,"「超知能」AIが“人類滅亡招く"" 米アンソロピック研究者が退職・警告",https://www.jcp.or.jp/akahata/aik26/2026-09-11/2026091101_03_0.php,https://news.ceek.jp/search.cgi?category_id=politics&feed=1,ok,,政治
2026-09-11,2026-09-11T16:57:50.944621+09:00,その他メディア,,しんぶん赤旗,人権侵害防ぐ独立組織を 国内人権機関設立推進ネット発足,https://www.jcp.or.jp/akahata/aik26/2026-09-11/2026091101_04_0.php,https://news.ceek.jp/search.cgi?category_id=politics&feed=1,ok,,政治
2026-09-11,2026-09-11T16:57:50.944621+09:00,その他メディア,,しんぶん赤旗,潮流 闘魂のバットといわれました。日本のプロ野球で誰よりもヒットを放ち...,https://www.jcp.or.jp/akahata/aik26/2026-09-11/2026091101_05_0.php,https://news.ceek.jp/search.cgi?category_id=politics&feed=1,ok,,政治
2026-09-11,2026-09-11T16:57:50.944621+09:00,その他メディア,,しんぶん赤旗,主張 首長の産休取得/女性の政治参画を促す議論を,https://www.jcp.or.jp/akahata/aik26/2026-09-11/2026091102_01_0.php,https://news.ceek.jp/search.cgi?category_id=politics&feed=1,ok,,政治
2026-09-11,2026-09-11T16:57:50.944621+09:00,その他メディア,,しんぶん赤旗,被災者寄り添う支援を 熊本地震・豪雨災害 仁比氏が政府に要望/参院特別委理事懇,https://www.jcp.or.jp/akahata/aik26/2026-09-11/2026091102_02_0.php,https://news.ceek.jp/search.cgi?category_id=politics&feed=1,ok,,政治
2026-09-11,2026-09-11T16:57:50.944621+09:00,その他メディア,,しんぶん赤旗,「沖縄は交付金依存」 知事選 国民民主・榛葉氏が暴言,https://www.jcp.or.jp/akahata/aik26/2026-09-11/2026091102_03_0.php,https://news.ceek.jp/search.cgi?category_id=politics&feed=1,ok,,政治
2026-09-11,2026-09-11T16:57:50.944621+09:00,その他メディア,,しんぶん赤旗,"日曜版13日号 消費税「食料品だけ1%」に批判/沖縄知事選 古謝氏“金庫番""に重大疑惑",https://www.jcp.or.jp/akahata/aik26/2026-09-11/2026091102_04_0.php,https://news.ceek.jp/search.cgi?category_id=politics&feed=1,ok,,政治
2026-09-11,2026-09-11T16:57:50.944621+09:00,その他メディア,,日本金融通信,ソニー生命、元営業社員2人が約2190万円詐取 顧客確認で新たに判明,https://www.nikkinonline.com/article/422978,https://news.ceek.jp/search.cgi?category_id=business&feed=1,ok,,経済
2026-09-11,2026-09-11T16:57:50.944621+09:00,その他メディア,,TBSテレビ,日銀 政策金利を1%から1.25%へ引き上げか 来週会合で3か月ぶり利上げへ議論 物価上昇リスクでペース速まる,https://newsdig.tbs.co.jp/articles/-/2939470?display=1,https://news.ceek.jp/search.cgi?category_id=business&feed=1,ok,,経済
2026-09-11,2026-09-11T16:57:50.944621+09:00,その他メディア,,TBSテレビ,中東情勢の混乱深刻化で株価急落 一時2000円超の値下がりも 原油先物は4か月ぶり高値の1バレル=104ドル台に,https://newsdig.tbs.co.jp/articles/-/2939392?display=1,https://news.ceek.jp/search.cgi?category_id=business&feed=1,ok,,経済
2026-09-11,2026-09-11T16:57:50.944621+09:00,その他メディア,,TBSテレビ,大阪港の倉庫で保管の小麦に殺虫剤 農水省が10日に立ち入り検査,https://newsdig.tbs.co.jp/articles/-/2939396?display=1,https://news.ceek.jp/search.cgi?category_id=business&feed=1,ok,,経済
2026-09-11,2026-09-11T16:57:50.944621+09:00,その他メディア,,テレビ朝日,ガス管近くに警報器の設置を要請 経産省 イオンモール熊本の事故を受け,https://news.tv-asahi.co.jp/news_economy/articles/000532728.html,https://news.ceek.jp/search.cgi?category_id=business&feed=1,ok,,経済
2026-09-11,2026-09-11T16:57:50.944621+09:00,その他メディア,,テレビ朝日,赤沢大臣「遺憾の極み」 中部電力、料金過大請求めぐり,https://news.tv-asahi.co.jp/news_economy/articles/000532729.html,https://news.ceek.jp/search.cgi?category_id=business&feed=1,ok,,経済
2026-09-11,2026-09-11T16:57:50.944621+09:00,全国紙,全国,日本経済新聞,タイミー株が17%安 営業益が市場予想届かず(11日の株式市場),https://www.nikkei.com/article/DGXZQOUB116QB0R10C26A9000000/,https://news.ceek.jp/search.cgi?category_id=business&feed=1,ok,,経済
2026-09-11,2026-09-11T16:57:50.944621+09:00,全国紙,全国,日本経済新聞,ドバイ原油・11日午後、上昇,https://www.nikkei.com/article/DGXZQOUB117CL0R10C26A9000000/,https://news.ceek.jp/search.cgi?category_id=business&feed=1,ok,,経済
2026-09-11,2026-09-11T16:57:50.944621+09:00,全国紙,全国,日本経済新聞,経産相、対米投資第3弾「電力に重点」 原発事故責任「日本負わず」,https://www.nikkei.com/article/DGXZQOUA042ZW0U6A900C2000000/,https://news.ceek.jp/search.cgi?category_id=business&feed=1,ok,,経済
2026-09-11,2026-09-11T16:57:50.944621+09:00,全国紙,全国,日本経済新聞,GX戦略の18地域認定、経産省 データセンター立地や再エネ活用支援,https://www.nikkei.com/article/DGXZQOUA111P60R10C26A9000000/,https://news.ceek.jp/search.cgi?category_id=business&feed=1,ok,,経済
2026-09-11,2026-09-11T16:57:50.944621+09:00,全国紙,全国,日本経済新聞,商品15時45分 原油が5日続伸、一時3カ月ぶり高値 金は反落,https://www.nikkei.com/article/DGXZQOFL1164Y0R10C26A9000000/,https://news.ceek.jp/search.cgi?category_id=business&feed=1,ok,,経済
2026-09-11,2026-09-11T16:57:50.944621+09:00,その他メディア,,東洋経済オンライン,「iPhone Duo」に、なぜFace IDがないのか...2TBモデルでは57万4800円にもなる折り畳み式にアップルが込めた思想 | ビジネス,https://toyokeizai.net/articles/-/957725,https://news.ceek.jp/search.cgi?category_id=business&feed=1,ok,,経済
2026-09-11,2026-09-11T16:57:50.944621+09:00,その他メディア,,日本テレビ,赤沢経産相、商業施設などにガス漏れ警報器の設置要請 「イオンモール熊本」爆発事故うけ,https://news.ntv.co.jp/category/economy/43cfabb296b34349ac1c505d2c445b65,https://news.ceek.jp/search.cgi?category_id=business&feed=1,ok,,経済
2026-09-11,2026-09-11T16:57:50.944621+09:00,その他メディア,,デイリースポーツ,不透明な資金流れ、融資引き揚げ,https://www.daily.co.jp/society/economics/2026/09/11/0020808537.shtml,https://news.ceek.jp/search.cgi?category_id=business&feed=1,ok,,経済
2026-09-11,2026-09-11T16:57:50.944621+09:00,その他メディア,,日本金融通信,大垣共立銀と名古屋銀、ATM利用手数料を相互無料化 9月14日から,https://www.nikkinonline.com/article/422963,https://news.ceek.jp/search.cgi?category_id=business&feed=1,ok,,経済
2026-09-11,2026-09-11T16:57:50.944621+09:00,その他メディア,,日本金融通信,東京スター銀、都立大の留学生支援を拡充,https://www.nikkinonline.com/article/422954,https://news.ceek.jp/search.cgi?category_id=business&feed=1,ok,,経済
2026-09-11,2026-09-11T16:57:50.944621+09:00,その他メディア,,日本金融通信,東京海上日動、来店客迷惑行為対応に保険 SNS拡散時の費用補償,https://www.nikkinonline.com/article/422955,https://news.ceek.jp/search.cgi?category_id=business&feed=1,ok,,経済
2026-09-11,2026-09-11T16:57:50.944621+09:00,その他メディア,,テレビ朝日,東京・八重洲の新施設オープン 受け継がれる町並み...半世紀以上愛されてきた名物も,https://news.tv-asahi.co.jp/news_economy/articles/900199441.html,https://news.ceek.jp/search.cgi?category_id=business&feed=1,ok,,経済
2026-09-11,2026-09-11T16:57:50.944621+09:00,その他メディア,,TBSテレビ,ふるさと納税の手数料引き下げ要請を受け、仲介サイト事業者の回答を公表 楽天は引き下げに応じず,https://newsdig.tbs.co.jp/articles/-/2939251?display=1,https://news.ceek.jp/search.cgi?category_id=business&feed=1,ok,,経済
2026-09-11,2026-09-11T16:57:50.944621+09:00,全国紙,全国,日本経済新聞,「会社でちくわ」交流ツールに ヤマサちくわがオフィス向け本格化,https://www.nikkei.com/article/DGXZQOFD29AQP0Z20C26A7000000/,https://news.ceek.jp/search.cgi?category_id=business&feed=1,ok,,経済
2026-09-11,2026-09-11T16:57:50.944621+09:00,全国紙,全国,日本経済新聞,和心(9271)減資,https://www.nikkei.com/article/DGXZNSD5IGS01_R10C26A9000000/,https://news.ceek.jp/search.cgi?category_id=business&feed=1,ok,,経済
2026-09-11,2026-09-11T16:57:50.944621+09:00,全国紙,全国,読売新聞,日経平均、終値は1259円安の6万4011円...一時2000円超の下落も,https://www.yomiuri.co.jp/economy/20260911-GYT1T00183/,https://news.ceek.jp/search.cgi?category_id=business&feed=1,ok,,経済
2026-09-11,2026-09-11T16:57:50.944621+09:00,全国紙,全国,日本経済新聞,韓国株11日 続落、半導体安い 海外勢が売り越し,https://www.nikkei.com/article/DGXZQOFL116380R10C26A9000000/,https://news.ceek.jp/search.cgi?category_id=business&feed=1,ok,,経済
2026-09-11,2026-09-11T16:57:50.944621+09:00,その他メディア,,東京商工リサーチ,「テレビ番組制作会社」の倒産 過去最多 コスト上昇と番組制作の予算削減で苦境~ 2026年 「テレビ番組制作業」倒産動向 ~,https://www.tsr-net.co.jp/data/detail/1203238_1527.html,https://news.ceek.jp/search.cgi?category_id=business&feed=1,ok,,経済
2026-09-11,2026-09-11T16:57:50.944621+09:00,その他メディア,,あたらしい経済,ソラナ、1日あたり新規SPLトークン発行数が過去最高の約26.3万件に,https://www.neweconomy.jp/posts/607258,https://news.ceek.jp/search.cgi?category_id=business&feed=1,ok,,経済
2026-09-11,2026-09-11T16:57:50.944621+09:00,その他メディア,,日本金融通信,ジャックス、審査拠点を11から7に再編 180人対象に合理化,https://www.nikkinonline.com/article/422946,https://news.ceek.jp/search.cgi?category_id=business&feed=1,ok,,経済
2026-09-11,2026-09-11T16:57:50.944621+09:00,全国紙,全国,日本経済新聞,東京センチュの第5回劣後債を格付け・R&I・JCR,https://www.nikkei.com/article/DGXZNSD5ICP05_R10C26A9000000/,https://news.ceek.jp/search.cgi?category_id=business&feed=1,ok,,経済
2026-09-11,2026-09-11T16:57:50.944621+09:00,全国紙,全国,日本経済新聞,欧州国債早朝 ドイツ長期金利、上昇 3.5%台前半,https://www.nikkei.com/article/DGXZQOFL112AZ0R10C26A9000000/,https://news.ceek.jp/search.cgi?category_id=business&feed=1,ok,,経済
2026-09-11,2026-09-11T16:57:50.944621+09:00,その他メディア,,あたらしい経済,アンカレッジ・デジタル、ロビンフッドチェーンに対応。トークン化RWAの保管支援,https://www.neweconomy.jp/posts/607253,https://news.ceek.jp/search.cgi?category_id=business&feed=1,ok,,経済
2026-09-11,2026-09-11T16:57:50.944621+09:00,全国紙,全国,日本経済新聞,ヒューリック「こどもでぱーと 自由が丘」開業 初のワンフロア型,https://www.nikkei.com/article/DGXZQOUC114J70R10C26A9000000/,https://news.ceek.jp/search.cgi?category_id=business&feed=1,ok,,経済
2026-09-11,2026-09-11T16:57:50.944621+09:00,その他メディア,,日本証券新聞,[概況/大引け] イランに神経をとがらせたが後場はサウジ皇太子の要請で下げ幅を縮めた,https://www.nsjournal.jp/%e2%98%86%e6%a6%82%e6%b3%81-%e5%a4%a7%e5%bc%95%e3%81%91%e3%80%80%e3%82%a4%e3%83%a9%e3%83%b3%e3%81%ab%e7%a5%9e%e7%b5%8c%e3%82%92%e3%81%a8%e3%81%8c%e3%82%89%e3%81%9b%e3%81%9f%e3%81%8c%e5%be%8c/,https://news.ceek.jp/search.cgi?category_id=business&feed=1,ok,,経済
2026-09-11,2026-09-11T16:57:50.944621+09:00,全国紙,全国,日本経済新聞,群馬銀の第9回劣後債を格付け・JCR,https://www.nikkei.com/article/DGXZNSD5ICP02_R10C26A9000000/,https://news.ceek.jp/search.cgi?category_id=business&feed=1,ok,,経済
2026-09-11,2026-09-11T16:57:50.944621+09:00,全国紙,全国,日本経済新聞,円安修正止まる 原油高や米利上げ観測で、焦点の日米金融政策,https://www.nikkei.com/article/DGXZQOFL1113S0R10C26A9000000/,https://news.ceek.jp/search.cgi?category_id=business&feed=1,ok,,経済
2026-09-11,2026-09-11T16:57:50.944621+09:00,全国紙,全国,日本経済新聞,日経平均大引け 大幅反落 1259円安の6万4011円,https://www.nikkei.com/article/DGXZQOFL115400R10C26A9000000/,https://news.ceek.jp/search.cgi?category_id=business&feed=1,ok,,経済
2026-09-11,2026-09-11T16:57:50.944621+09:00,全国紙,全国,日本経済新聞,古河機金の第7回債を格付け・JCR,https://www.nikkei.com/article/DGXZNSD5ICP03_R10C26A9000000/,https://news.ceek.jp/search.cgi?category_id=business&feed=1,ok,,経済
2026-09-11,2026-09-11T16:57:50.944621+09:00,全国紙,全国,日本経済新聞,あらたの第2回債を格付け・JCR,https://www.nikkei.com/article/DGXZNSD5ICP07_R10C26A9000000/,https://news.ceek.jp/search.cgi?category_id=business&feed=1,ok,,経済
2026-09-11,2026-09-11T16:57:50.944621+09:00,その他メディア,,東京商工リサーチ,(株)茨城県民球団(茨城)が特別清算=プロ野球独立リーグ「茨城アストロプラネッツ」球団の運営を手掛けていた,https://www.tsr-net.co.jp/news/tsr/detail/1203237_1521.html,https://news.ceek.jp/search.cgi?category_id=business&feed=1,ok,,経済
2026-09-11,2026-09-11T16:57:50.944621+09:00,その他メディア,,共同通信,東京株式 11日終値,https://www.47news.jp/14922756.html,https://news.ceek.jp/search.cgi?category_id=business&feed=1,ok,,経済
2026-09-11,2026-09-11T16:57:50.944621+09:00,その他メディア,,ログミーファイナンス,"マーキュリアHD、運用資産残高5,000億円規模へ バイアウト3号・航空機3号ファンドの組成で投資家層拡大を目指す",https://finance.logmi.jp/385480,https://news.ceek.jp/search.cgi?category_id=business&feed=1,ok,,経済
2026-09-11,2026-09-11T16:57:50.944621+09:00,その他メディア,,ログミーファイナンス,ANYCOLOR、「にじさんじ」中心にVTuber事業を展開 売上高は1Q見通し上振れ、2Q前年比42.1%増を見込む,https://finance.logmi.jp/385827,https://news.ceek.jp/search.cgi?category_id=business&feed=1,ok,,経済
2026-09-11,2026-09-11T16:57:50.944621+09:00,その他メディア,,日本テレビ,米テスラ、無人タクシー用に開発した車両「Cybercab」日本で公開,https://news.ntv.co.jp/category/economy/f8e55d52750d429ea8249130a2cc4498,https://news.ceek.jp/search.cgi?category_id=business&feed=1,ok,,経済
2026-09-11,2026-09-11T16:57:50.944621+09:00,その他メディア,,CNN.co.jp,【分析】米同時多発テロから25年――9・11映像を初めて見るSNS世代、薄れる陰謀論との境界,https://www.cnn.co.jp/business/35252545.html,https://news.ceek.jp/search.cgi?category_id=business&feed=1,ok,,経済
2026-09-11,2026-09-11T16:57:50.944621+09:00,全国紙,全国,日本経済新聞,日銀、9月政策金利1.25%へ 利上げ加速で物価上振れリスク回避,https://www.nikkei.com/article/DGXZQOUB10B710Q6A910C2000000/,https://news.ceek.jp/search.cgi?category_id=business&feed=1,ok,,経済
2026-09-11,2026-09-11T16:57:50.944621+09:00,その他メディア,,ハフィントンポスト,PayPay証券、「こどもNISA」の口座開設申込を10月1日受付開始。12歳から親の口座なしで申し込み可能に,https://www.huffingtonpost.jp/entry/story_jp_6aa375a7e4b0ed72dee4d34a,https://news.ceek.jp/search.cgi?category_id=business&feed=1,ok,,経済
2026-09-11,2026-09-11T16:57:50.944621+09:00,全国紙,全国,日本経済新聞,オラクル、クラウド好調の裏に財務リスク OpenAI依存に警戒,https://www.nikkei.com/article/DGXZQOGN112KN0R10C26A9000000/,https://news.ceek.jp/search.cgi?category_id=business&feed=1,ok,,経済
2026-09-11,2026-09-11T16:57:50.944621+09:00,全国紙,全国,日本経済新聞,弁護士ドットコム株価、一時4年8カ月ぶり高値 「法務AI」期待で,https://www.nikkei.com/article/DGXZQOFL114CJ0R10C26A9000000/,https://news.ceek.jp/search.cgi?category_id=business&feed=1,ok,,経済
2026-09-11,2026-09-11T16:57:50.944621+09:00,全国紙,全国,日本経済新聞,NTT株価、一時2年半ぶり高値 「ディフェンシブ性」に評価,https://www.nikkei.com/article/DGXZQOUB113J30R10C26A9000000/,https://news.ceek.jp/search.cgi?category_id=business&feed=1,ok,,経済
2026-09-11,2026-09-11T16:57:50.944621+09:00,その他メディア,,共同通信,【速報】経産省、GX戦略地域に全国18カ所を認定,https://www.47news.jp/14925076.html,https://news.ceek.jp/search.cgi?category_id=business&feed=1,ok,,経済
2026-09-11,2026-09-11T16:57:50.944621+09:00,全国紙,全国,日本経済新聞,欧州外為早朝 ユーロ、対ドルで下落 1.16ドル台前半,https://www.nikkei.com/article/DGXZQOFL112AF0R10C26A9000000/,https://news.ceek.jp/search.cgi?category_id=business&feed=1,ok,,経済
2026-09-11,2026-09-11T16:57:50.944621+09:00,全国紙,全国,日本経済新聞,タカラトミー株価一時5.8%高 SMBC日興証券「持続的成長に胎動」,https://www.nikkei.com/article/DGXZQOFL113R90R10C26A9000000/,https://news.ceek.jp/search.cgi?category_id=business&feed=1,ok,,経済
2026-09-11,2026-09-11T16:57:50.944621+09:00,その他メディア,,あたらしい経済,レイヤーゼロ、量子耐性技術「Akita」開発 、ZK証明の小型化へ,https://www.neweconomy.jp/posts/607241,https://news.ceek.jp/search.cgi?category_id=business&feed=1,ok,,経済
2026-09-11,2026-09-11T16:57:50.944621+09:00,全国紙,全国,日本経済新聞,「九州ふっこう応援割」熊本は15日発売 1泊あたり最大2万円補助,https://www.nikkei.com/article/DGXZQOJC114DH0R10C26A9000000/,https://news.ceek.jp/search.cgi?category_id=business&feed=1,ok,,経済
2026-09-11,2026-09-11T16:57:50.944621+09:00,その他メディア,,あたらしい経済,シタデル・セキュリティーズ、企業業績に連動する予測市場のSEC監督を要請,https://www.neweconomy.jp/posts/607234,https://news.ceek.jp/search.cgi?category_id=business&feed=1,ok,,経済
2026-09-11,2026-09-11T16:57:50.944621+09:00,その他メディア,,J-CAST,iPhoneが折りたたみスマホに参入...大画面は素晴らしいが、価格は「中古車と同じくらい」,https://www.j-cast.com/2026/09/11517856.html?p=all,https://news.ceek.jp/search.cgi?category_id=business&feed=1,ok,,経済
2026-09-11,2026-09-11T16:57:50.944621+09:00,全国紙,全国,日本経済新聞,NTT-ME、AIを活用した橋梁点検システム試行 年度内にも,https://www.nikkei.com/article/DGXZQOMG00006_R10C26A9000000/,https://news.ceek.jp/search.cgi?category_id=business&feed=1,ok,,経済
2026-09-11,2026-09-11T16:57:50.944621+09:00,全国紙,全国,日本経済新聞,台湾株11日 続落 中東情勢の悪化を嫌気 TSMCが安い,https://www.nikkei.com/article/DGXZQOFL1150B0R10C26A9000000/,https://news.ceek.jp/search.cgi?category_id=business&feed=1,ok,,経済
2026-09-11,2026-09-11T16:57:50.944621+09:00,全国紙,全国,日本経済新聞,ロングブーツ、常夏シンガポールでも暑くない ネット通販で安く入手,https://www.nikkei.com/article/DGXZQOGM100760Q6A910C2000000/,https://news.ceek.jp/search.cgi?category_id=business&feed=1,ok,,経済
2026-09-11,2026-09-11T16:57:50.944621+09:00,全国紙,全国,日本経済新聞,タイのガルフ、海底ケーブル事業に参入 シングテルと提携,https://www.nikkei.com/article/DGXZQOUC108W20Q6A910C2000000/,https://news.ceek.jp/search.cgi?category_id=business&feed=1,ok,,経済
2026-09-11,2026-09-11T16:57:50.944621+09:00,全国紙,全国,日本経済新聞,熊本地震で「備え見直し」3割止まり 家族の安否確認手段、未定が2割,https://www.nikkei.com/article/DGXZQOUC025VV0S6A900C2000000/,https://news.ceek.jp/search.cgi?category_id=business&feed=1,ok,,経済
2026-09-11,2026-09-11T16:57:50.944621+09:00,全国紙,全国,日本経済新聞,カシオ計算機、アイロン使わずに衣類に貼れる名前テープ,https://www.nikkei.com/article/DGXZQOMG00007_T00C26A9000000/,https://news.ceek.jp/search.cgi?category_id=business&feed=1,ok,,経済
2026-09-11,2026-09-11T16:57:50.944621+09:00,全国紙,全国,日本経済新聞,スバルやマツダがMT車復活 「なぜ今か」記者がクラッチ踏んで探る,https://www.nikkei.com/article/DGXZQOUC0430D0U6A800C2000000/,https://news.ceek.jp/search.cgi?category_id=business&feed=1,ok,,経済
2026-09-11,2026-09-11T16:57:50.944621+09:00,全国紙,全国,日本経済新聞,関電工の杉田常務CHRO「データセンター工事受注へ技術者育成急ぐ」,https://www.nikkei.com/article/DGXZQOUC264T10W6A620C2000000/,https://news.ceek.jp/search.cgi?category_id=business&feed=1,ok,,経済
2026-09-11,2026-09-11T16:57:50.944621+09:00,全国紙,全国,日本経済新聞,マレリ、車載ディスプレー接続技術を開発 米マイクロチップと共同で,https://www.nikkei.com/article/DGXZQOUC039Z90T00C26A9000000/,https://news.ceek.jp/search.cgi?category_id=business&feed=1,ok,,経済
2026-09-11,2026-09-11T16:57:50.944621+09:00,全国紙,全国,日本経済新聞,ビックカメラ社長「実店舗の価値高める」 有楽町店の開業25年で,https://www.nikkei.com/article/DGXZQOUC043X40U6A900C2000000/,https://news.ceek.jp/search.cgi?category_id=business&feed=1,ok,,経済
2026-09-11,2026-09-11T16:57:50.944621+09:00,全国紙,全国,日本経済新聞,東証寄り付き 日経平均、大幅反落 一時2000円安 原油高騰や金利上昇を警戒,https://www.nikkei.com/article/DGXZQOFL110I30R10C26A9000000/,https://news.ceek.jp/search.cgi?category_id=business&feed=1,ok,,経済
2026-09-11,2026-09-11T16:57:50.944621+09:00,その他メディア,,日本テレビ,イオン 休止中のLPガスタンクからガス漏れ 経緯明らかに,https://news.ntv.co.jp/category/economy/666a350dcfcc46d687c3705b090a0ccf,https://news.ceek.jp/search.cgi?category_id=business&feed=1,ok,,経済
2026-09-11,2026-09-11T16:57:50.944621+09:00,全国紙,全国,日本経済新聞,外為14時 円相場、下げ渋り 154円台前半 原油相場の上昇一服,https://www.nikkei.com/article/DGXZQOFL114E10R10C26A9000000/,https://news.ceek.jp/search.cgi?category_id=business&feed=1,ok,,経済
2026-09-11,2026-09-11T16:57:50.944621+09:00,全国紙,全国,日本経済新聞,東証14時 日経平均は下げ渋り 銀行や自動車が支え,https://www.nikkei.com/article/DGXZQOFL1148Y0R10C26A9000000/,https://news.ceek.jp/search.cgi?category_id=business&feed=1,ok,,経済
2026-09-11,2026-09-11T16:57:50.944621+09:00,全国紙,全国,日本経済新聞,東邦チタニウム、超微粉ニッケルの生産能力増強 AI需要に対応,https://www.nikkei.com/article/DGXZQOMG00004_R10C26A9000000/,https://news.ceek.jp/search.cgi?category_id=business&feed=1,ok,,経済
2026-09-11,2026-09-11T16:57:50.944621+09:00,その他メディア,,共同通信,「トゥンクトゥンク」銀貨登場 花博記念、色鮮やかに,https://www.47news.jp/14924579.html,https://news.ceek.jp/search.cgi?category_id=business&feed=1,ok,,経済
2026-09-11,2026-09-11T16:57:50.944621+09:00,全国紙,全国,朝日新聞,「不適切な投稿あった」総務省が職員7人を注意 チャット問題で,https://www.asahi.com/articles/ASV9C1H4SV9CUTIL00JM.html,https://news.ceek.jp/search.cgi?category_id=business&feed=1,ok,,経済
2026-09-11,2026-09-11T16:57:50.944621+09:00,その他メディア,,日本証券新聞,[概況/2時] 下げ幅を縮小。サウジ皇太子がトランプ大統領にフーシ派への空爆を要請,https://www.nsjournal.jp/%e2%98%86%e6%a6%82%e6%b3%81-2%e6%99%82%e3%80%80%e2%97%8e%e4%b8%8b%e3%81%92%e5%b9%85%e3%82%92%e7%b8%ae%e5%b0%8f%e3%80%82%e3%82%b5%e3%82%a6%e3%82%b8%e7%9a%87%e5%a4%aa%e5%ad%90%e3%81%8c%e3%83%88/,https://news.ceek.jp/search.cgi?category_id=business&feed=1,ok,,経済
2026-09-11,2026-09-11T16:57:50.944621+09:00,全国紙,全国,日本経済新聞,「一生結婚しない」初の2割超え、25年調査 子ども希望数も減少,https://www.nikkei.com/article/DGXZQOUA079VD0X00C26A9000000/,https://news.ceek.jp/search.cgi?category_id=business&feed=1,ok,,経済
2026-09-11,2026-09-11T16:57:50.944621+09:00,全国紙,全国,日本経済新聞,中国AI半導体新興のエンフレームが上場、時価総額は4兆円,https://www.nikkei.com/article/DGXZQOGM266O40W6A820C2000000/,https://news.ceek.jp/search.cgi?category_id=business&feed=1,ok,,経済
2026-09-11,2026-09-11T16:57:50.944621+09:00,その他メディア,,Forbes JAPAN,太陽系の「偽の夜明け」、9月の東の空に現れる不思議な光「黄道光」の正体,https://forbesjapan.com/articles/detail/103760,https://news.ceek.jp/search.cgi?category_id=business&feed=1,ok,,経済
2026-09-11,2026-09-11T16:57:50.944621+09:00,その他メディア,,東洋経済オンライン,"「東大に合格する人」と「そうでない人」はAIの使い方がどう違うのか? AIで学習効果を加速するための""3つの要諦"" | キャリア・教育",https://toyokeizai.net/articles/-/955787?display=b,https://news.ceek.jp/search.cgi?category_id=business&feed=1,ok,,経済
2026-09-11,2026-09-11T16:57:50.944621+09:00,その他メディア,,あたらしい経済,コインチェック、新規登録アドレスへの送金を一定期間制限へ。金融庁・警察庁の要請受け,https://www.neweconomy.jp/posts/607194,https://news.ceek.jp/search.cgi?category_id=business&feed=1,ok,,経済
2026-09-11,2026-09-11T16:57:50.944621+09:00,その他メディア,,東洋経済オンライン,"板野友美が""脱衣所撮影""やセレブ発言で次々炎上...「選民意識」より深刻な《""そもそも論""の連鎖》という真の危うさ | ライフ",https://toyokeizai.net/articles/-/957729?display=b,https://news.ceek.jp/search.cgi?category_id=business&feed=1,ok,,経済
2026-09-11,2026-09-11T16:57:50.944621+09:00,その他メディア,,デイリースポーツ,「トゥンクトゥンク」銀貨登場,https://www.daily.co.jp/society/economics/2026/09/11/0020808023.shtml,https://news.ceek.jp/search.cgi?category_id=business&feed=1,ok,,経済
2026-09-11,2026-09-11T16:57:50.944621+09:00,その他メディア,,あたらしい経済,ユニスワップが「StablePair Hook」提供開始、ステーブルペアの裁定価値をLPへ還元,https://www.neweconomy.jp/posts/607217,https://news.ceek.jp/search.cgi?category_id=business&feed=1,ok,,経済
2026-09-11,2026-09-11T16:57:50.944621+09:00,全国紙,全国,毎日新聞,浜岡原発の再稼働申請 中部電が取り下げ検討 データ不正操作,https://mainichi.jp/articles/20260911/k00/00m/020/107000c,https://news.ceek.jp/search.cgi?category_id=business&feed=1,ok,,経済
2026-09-11,2026-09-11T16:57:50.944621+09:00,全国紙,全国,日本経済新聞,タイミー株価が一時18.7%安 5〜7月期の営業利益、市場予想下回る,https://www.nikkei.com/article/DGXZQOFL111HR0R10C26A9000000/,https://news.ceek.jp/search.cgi?category_id=business&feed=1,ok,,経済
2026-09-11,2026-09-11T16:57:50.944621+09:00,全国紙,全国,毎日新聞,運転席、ペダルなし テスラ無人タクシー「サイバーキャブ」公開,https://mainichi.jp/articles/20260911/k00/00m/020/197000c,https://news.ceek.jp/search.cgi?category_id=national&feed=1,ok,,社会
2026-09-11,2026-09-11T16:57:50.944621+09:00,その他メディア,,テレビ朝日,冷やしカニラーメンで食中毒123人 代表謝罪 衛生記録なしのずさん管理,https://news.tv-asahi.co.jp/news_society/articles/900199416.html,https://news.ceek.jp/search.cgi?category_id=national&feed=1,ok,,社会
2026-09-11,2026-09-11T16:57:50.944621+09:00,その他メディア,,デイリースポーツ,旭川の法廷乱入、拘禁刑2年求刑,https://www.daily.co.jp/society/national/2026/09/11/0020808698.shtml,https://news.ceek.jp/search.cgi?category_id=national&feed=1,ok,,社会
2026-09-11,2026-09-11T16:57:50.944621+09:00,その他メディア,,集英社オンライン,"〈相模原17歳死亡〉少年4人を逮捕「セツナ君は金を要求されてボコボコに」「警察にしゃべるなよと...」14歳被害者が語っていた“暴行の一部始終""",https://shueisha.online/articles/-/258630,https://news.ceek.jp/search.cgi?category_id=national&feed=1,ok,,社会
2026-09-11,2026-09-11T16:57:50.944621+09:00,その他メディア,,女性自身,"ウクライナは“AI兵器の実験場""に...SFが現実に近づく中、防衛費8.9兆円で「無人化」急ぐ日本の行方",https://jisin.jp/domestic/2599733/,https://news.ceek.jp/search.cgi?category_id=national&feed=1,ok,,社会
2026-09-11,2026-09-11T16:57:50.944621+09:00,その他メディア,,日刊スポーツ,紀子さま還暦 皇室典範改正は佳子さま・悠.../全文8,https://www.nikkansports.com/general/nikkan/news/202609110000747.html,https://news.ceek.jp/search.cgi?category_id=national&feed=1,ok,,社会
2026-09-11,2026-09-11T16:57:50.944621+09:00,その他メディア,,日刊スポーツ,紀子さま還暦「眞子が記念に植えた桜の花が.../全文7,https://www.nikkansports.com/general/nikkan/news/202609110000739.html,https://news.ceek.jp/search.cgi?category_id=national&feed=1,ok,,社会
2026-09-11,2026-09-11T16:57:50.944621+09:00,その他メディア,,日刊スポーツ,紀子さま還暦「佳子や悠仁の意見を聞いてい.../全文6,https://www.nikkansports.com/general/nikkan/news/202609110000720.html,https://news.ceek.jp/search.cgi?category_id=national&feed=1,ok,,社会
2026-09-11,2026-09-11T16:57:50.944621+09:00,その他メディア,,NewSphere,15歳の読解力、7年で「1年分」低下 「ざっと読み」ほぼ倍増、OECD調査,https://newsphere.jp/national/20260911-1/,https://news.ceek.jp/search.cgi?category_id=national&feed=1,ok,,社会
2026-09-11,2026-09-11T16:57:50.944621+09:00,全国紙,全国,産経新聞,太陽光発電所の銅線ケーブルを盗んだ疑い ベトナム人を逮捕、トクリュウか,https://www.sankei.com/article/20260911-XWNGFMDVPJJARD4UI6GE4LQKRA/,https://news.ceek.jp/search.cgi?category_id=national&feed=1,ok,,社会
2026-09-11,2026-09-11T16:57:50.944621+09:00,その他メディア,,日本テレビ,"貸会議室「TKP」元社員と夫“インサイダー取引""事件の初公判 起訴内容を認める",https://news.ntv.co.jp/category/society/008266a9ac4342cd9fd63d7a68364d3b,https://news.ceek.jp/search.cgi?category_id=national&feed=1,ok,,社会
2026-09-11,2026-09-11T16:57:50.944621+09:00,その他メディア,,女性自身,"《知事選直前に“衝撃事実""》「PFAS汚染源は米軍基地」を日本政府が“隠ぺい""...地元研究者は憤り「ずっと指摘していたのに」",https://jisin.jp/domestic/2599728/,https://news.ceek.jp/search.cgi?category_id=national&feed=1,ok,,社会
2026-09-11,2026-09-11T16:57:50.944621+09:00,その他メディア,,フジテレビ,農道で暴行 16歳と17歳の少年4人逮捕 男子中学生への傷害容疑 男子高校生の死亡にも関与か 神奈川・相模原市,https://www.fnn.jp/articles/-/1112472,https://news.ceek.jp/search.cgi?category_id=national&feed=1,ok,,社会
2026-09-11,2026-09-11T16:57:50.944621+09:00,その他メディア,,デイリースポーツ,署内で性行為、男女警察官減給,https://www.daily.co.jp/society/national/2026/09/11/0020808594.shtml,https://news.ceek.jp/search.cgi?category_id=national&feed=1,ok,,社会
2026-09-11,2026-09-11T16:57:50.944621+09:00,その他メディア,,TBSテレビ,【ニュースライブ】朝のニュース(Japan News Digest Live)最新情報など(9月12日),https://newsdig.tbs.co.jp/articles/-/2939242?display=1,https://news.ceek.jp/search.cgi?category_id=national&feed=1,ok,,社会
2026-09-11,2026-09-11T16:57:50.944621+09:00,その他メディア,,TBSテレビ,バイクを1キロ以上追いかけ暴行か 防犯カメラ映像の解析で少年4人を特定 中2男子への傷害の疑いで逮捕 高2男子死亡との関連を捜査 相模原市,https://newsdig.tbs.co.jp/articles/-/2939268?display=1,https://news.ceek.jp/search.cgi?category_id=national&feed=1,ok,,社会
2026-09-11,2026-09-11T16:57:50.944621+09:00,その他メディア,,スポニチ,「挑戦する力」をアートを通して高校生へ 松陰高町田校 那須川天心の挑戦を応援,https://www.sponichi.co.jp/society/news/2026/09/11/kiji/20260911s00042000210000c.html,https://news.ceek.jp/search.cgi?category_id=national&feed=1,ok,,社会
2026-09-11,2026-09-11T16:57:50.944621+09:00,その他メディア,,フジテレビ,【速報】車と自転車が衝突 自転車に乗っていた高齢男性が意識不明の重体 東大阪市,https://www.fnn.jp/articles/-/1112478,https://news.ceek.jp/search.cgi?category_id=national&feed=1,ok,,社会
2026-09-11,2026-09-11T16:57:50.944621+09:00,その他メディア,,デイリースポーツ,職場の障害者虐待認定610人,https://www.daily.co.jp/society/national/2026/09/11/0020808503.shtml,https://news.ceek.jp/search.cgi?category_id=national&feed=1,ok,,社会
2026-09-11,2026-09-11T16:57:50.944621+09:00,その他メディア,,フジテレビ,【速報】JR琵琶湖線・京都線に遅れ 踏切内に人が立ち往生した影響で,https://www.fnn.jp/articles/-/1112476,https://news.ceek.jp/search.cgi?category_id=national&feed=1,ok,,社会
2026-09-11,2026-09-11T16:57:50.944621+09:00,その他メディア,,サンケイスポーツ,政府のネットワークに外部から不正アクセス 個人情報約24万件超漏えいか,https://www.sanspo.com/article/20260911-HIRVNDSAVVKXVKCSNPQHUD3HDY/,https://news.ceek.jp/search.cgi?category_id=national&feed=1,ok,,社会
2026-09-11,2026-09-11T16:57:50.944621+09:00,その他メディア,,フジテレビ,都心は16日連続で雨 10月下旬並みの肌寒さ 夏日の札幌などより5度低い 秋雨前線の停滞 14日は北陸で警報級大雨か,https://www.fnn.jp/articles/-/1112469,https://news.ceek.jp/search.cgi?category_id=national&feed=1,ok,,社会
2026-09-11,2026-09-11T16:57:50.944621+09:00,その他メディア,,デイリースポーツ,身長4メートル女性像に住民票,https://www.daily.co.jp/society/national/2026/09/11/0020808473.shtml,https://news.ceek.jp/search.cgi?category_id=national&feed=1,ok,,社会
2026-09-11,2026-09-11T16:57:50.944621+09:00,その他メディア,,テレビ朝日,TKP元社員ら起訴内容認める 検察は懲役2年6カ月求刑 インサイダー事件,https://news.tv-asahi.co.jp/news_society/articles/000532730.html,https://news.ceek.jp/search.cgi?category_id=national&feed=1,ok,,社会
2026-09-11,2026-09-11T16:57:50.944621+09:00,その他メディア,,サンケイスポーツ,青森・十和田市現代美術館、身長約4メートルの女性像「スタンディング・ウーマン」に特別住民票を授与,https://www.sanspo.com/article/20260911-VO4PACVOQVIDNNUHLYOWTGLEAA/,https://news.ceek.jp/search.cgi?category_id=national&feed=1,ok,,社会
2026-09-11,2026-09-11T16:57:50.944621+09:00,その他メディア,,フジテレビ,勤務時間中に警察署や車の中で性行為 男性巡査長と女性巡査を減給の懲戒処分 兵庫県警 去年処分を受けた警察官「過去最多」で綱紀粛正求められるなか,https://www.fnn.jp/articles/-/1112473,https://news.ceek.jp/search.cgi?category_id=national&feed=1,ok,,社会
2026-09-11,2026-09-11T16:57:50.944621+09:00,全国紙,全国,産経新聞,岐阜聖徳学園大野球部員が賭けボウリング 3年生5人以上を自宅待機,https://www.sankei.com/article/20260911-24FBVG6765IRRE7LXOGELPMCBU/,https://news.ceek.jp/search.cgi?category_id=national&feed=1,ok,,社会
2026-09-11,2026-09-11T16:57:50.944621+09:00,その他メディア,,日本テレビ,【速報】インフルエンザの感染者数、前週の約1.9倍に...沖縄県では「注意報」発令,https://news.ntv.co.jp/category/society/1e90f80defb44fc3a88b2e8dd292fd0b,https://news.ceek.jp/search.cgi?category_id=national&feed=1,ok,,社会
2026-09-11,2026-09-11T16:57:50.944621+09:00,その他メディア,,TBSテレビ,"服を買うなら「コンビニ」!?アパレル販売“強化""なぜ 各社の戦略は【ひるおび】",https://newsdig.tbs.co.jp/articles/-/2939217?display=1,https://news.ceek.jp/search.cgi?category_id=national&feed=1,ok,,社会
2026-09-11,2026-09-11T16:57:50.944621+09:00,その他メディア,,デイリースポーツ,知床沈没、乗客の動画新たに復元,https://www.daily.co.jp/society/national/2026/09/11/0020808411.shtml,https://news.ceek.jp/search.cgi?category_id=national&feed=1,ok,,社会
2026-09-11,2026-09-11T16:57:50.944621+09:00,その他メディア,,デイリースポーツ,6社が手数料引き下げ表明,https://www.daily.co.jp/society/human_interest/2026/09/11/0020808410.shtml,https://news.ceek.jp/search.cgi?category_id=national&feed=1,ok,,社会
2026-09-11,2026-09-11T16:57:50.944621+09:00,その他メディア,,サンケイスポーツ,ふるさと納税の手数料で大手6社が引き下げ表明 楽天など14社は維持 総務省が対応方針を公表,https://www.sanspo.com/article/20260911-KEPU5I4MSFOIZAPY5NIDX7JOOE/,https://news.ceek.jp/search.cgi?category_id=national&feed=1,ok,,社会
2026-09-11,2026-09-11T16:57:50.944621+09:00,その他メディア,,Abema TIMES,富士山閉山 規制強化も...遭難者は前年1.7倍に大幅増加 駆け込み軽装登山者に指導も,https://times.abema.tv/articles/-/10272506?page=1,https://news.ceek.jp/search.cgi?category_id=national&feed=1,ok,,社会
2026-09-11,2026-09-11T16:57:50.944621+09:00,その他メディア,,フジテレビ,アパートで爆発音 1室の一部が燃える火事で1人ケガ 福島・浅川町,https://www.fnn.jp/articles/-/1112467,https://news.ceek.jp/search.cgi?category_id=national&feed=1,ok,,社会
2026-09-11,2026-09-11T16:57:50.944621+09:00,その他メディア,,日本テレビ,"相模原高2死亡事件 逮捕の少年4人と高校生の間にバイク“盗難トラブル""か 友人中学生への傷害容疑で4人逮捕",https://news.ntv.co.jp/category/society/22b0f0dc08834ab9809e805a68952319,https://news.ceek.jp/search.cgi?category_id=national&feed=1,ok,,社会
2026-09-11,2026-09-11T16:57:50.944621+09:00,その他メディア,,デイリースポーツ,本当の理由、今も分からずと遺族,https://www.daily.co.jp/society/main/2026/09/11/0020808348.shtml,https://news.ceek.jp/search.cgi?category_id=national&feed=1,ok,,社会
2026-09-11,2026-09-11T16:57:50.944621+09:00,その他メディア,,デイリースポーツ,東証反落、終値6万4011円,https://www.daily.co.jp/society/main/2026/09/11/0020808351.shtml,https://news.ceek.jp/search.cgi?category_id=national&feed=1,ok,,社会
2026-09-11,2026-09-11T16:57:50.944621+09:00,その他メディア,,日本テレビ,"「一生結婚するつもりはない」男女ともに2割超え過去最高に ネット通じ知り合った夫婦“倍増"" 職場や友人を介した結婚は減少",https://news.ntv.co.jp/category/society/aafe191a5f0f452796d478be4f7986e6,https://news.ceek.jp/search.cgi?category_id=national&feed=1,ok,,社会
2026-09-11,2026-09-11T16:57:50.944621+09:00,その他メディア,,デイリースポーツ,インフル感染前週の1・87倍に,https://www.daily.co.jp/society/main/2026/09/11/0020808303.shtml,https://news.ceek.jp/search.cgi?category_id=national&feed=1,ok,,社会
2026-09-11,2026-09-11T16:57:50.944621+09:00,その他メディア,,日本テレビ,<9/11のevery.> 相模原市の男子高校生死亡事件にも関与か...傷害容疑で少年4人逮捕,https://news.ntv.co.jp/category/society/e37f0a01d8054d509b77436c05141bfc,https://news.ceek.jp/search.cgi?category_id=national&feed=1,ok,,社会
2026-09-11,2026-09-11T16:57:50.944621+09:00,その他メディア,,共同通信,【速報】知床沈没事故の乗客のカメラから動画復元,https://www.47news.jp/14925145.html,https://news.ceek.jp/search.cgi?category_id=national&feed=1,ok,,社会
2026-09-11,2026-09-11T16:57:50.944621+09:00,その他メディア,,共同通信,ベニズワイガニ初競り、富山 台風と暑さで先送り,https://www.47news.jp/14925021.html,https://news.ceek.jp/search.cgi?category_id=national&feed=1,ok,,社会
2026-09-11,2026-09-11T16:57:50.944621+09:00,その他メディア,,フジテレビ,【速報】JR奈良線 運転再開 倒竹の影響で一部区間で一時運転見合わせ,https://www.fnn.jp/articles/-/1112463,https://news.ceek.jp/search.cgi?category_id=national&feed=1,ok,,社会
2026-09-11,2026-09-11T16:57:50.944621+09:00,全国紙,全国,日本経済新聞,海外製おもちゃ銃所持疑い、実弾の発射可能 会社員を逮捕,https://www.nikkei.com/article/DGXZQOUD115900R10C26A9000000/,https://news.ceek.jp/search.cgi?category_id=national&feed=1,ok,,社会
2026-09-11,2026-09-11T16:57:50.944621+09:00,その他メディア,,デイリースポーツ,警察庁、4事件の懸賞金延長,https://www.daily.co.jp/society/national/2026/09/11/0020808259.shtml,https://news.ceek.jp/search.cgi?category_id=national&feed=1,ok,,社会
2026-09-11,2026-09-11T16:57:50.944621+09:00,その他メディア,,テレビ朝日,"JAF呼ぼうと思ったら...来たのは“トクリュウ""か",https://news.tv-asahi.co.jp/news_society/articles/000532213.html,https://news.ceek.jp/search.cgi?category_id=national&feed=1,ok,,社会
2026-09-11,2026-09-11T16:57:50.944621+09:00,その他メディア,,共同通信,【速報】あおり運転把握後も運転業務、都営バス,https://www.47news.jp/14925078.html,https://news.ceek.jp/search.cgi?category_id=national&feed=1,ok,,社会
2026-09-11,2026-09-11T16:57:50.944621+09:00,その他メディア,,共同通信,警察庁、4事件の懸賞金延長 大分・別府ひき逃げ殺傷など,https://www.47news.jp/14925073.html,https://news.ceek.jp/search.cgi?category_id=national&feed=1,ok,,社会
2026-09-11,2026-09-11T16:57:50.944621+09:00,その他メディア,,J-CAST,日本球界屈指の強打者...張本勲さん亡くなる 「最愛の姉をアメリカによって亡くした。アメリカが大嫌いだった」長嶋一茂が述懐,https://www.j-cast.com/2026/09/11517857.html?p=all,https://news.ceek.jp/search.cgi?category_id=national&feed=1,ok,,社会
2026-09-11,2026-09-11T16:57:50.944621+09:00,その他メディア,,サンケイスポーツ,富山・新湊漁港でベニズワイガニ初競り 台風や暑さの延期乗り越え1250杯水揚げ,https://www.sanspo.com/article/20260911-W2BN2BPLJFNAHGOB4W6T7FBRG4/,https://news.ceek.jp/search.cgi?category_id=national&feed=1,ok,,社会
2026-09-11,2026-09-11T16:57:50.944621+09:00,その他メディア,,TBSテレビ,一緒にいた中学生の顔面を素手で殴るなど傷害の疑いで相模原市の少年4人を逮捕 認否明らかにせず 高2男子生徒(17)死亡の経緯についても調べる方針,https://newsdig.tbs.co.jp/articles/-/2939007?display=1,https://news.ceek.jp/search.cgi?category_id=national&feed=1,ok,,社会
2026-09-11,2026-09-11T16:57:50.944621+09:00,その他メディア,,日本テレビ,"“都営バスであおり運転""運転手の当時30代男性を書類送検 運転手は免許取り消し処分",https://news.ntv.co.jp/category/society/4024c5ab6e664f9395a3d8415aeb30f6,https://news.ceek.jp/search.cgi?category_id=national&feed=1,ok,,社会
2026-09-11,2026-09-11T16:57:50.944621+09:00,その他メディア,,デイリースポーツ,ベニズワイガニ初競り、富山,https://www.daily.co.jp/society/human_interest/2026/09/11/0020808232.shtml,https://news.ceek.jp/search.cgi?category_id=national&feed=1,ok,,社会
2026-09-11,2026-09-11T16:57:50.944621+09:00,その他メディア,,テレビ朝日,インフルエンザ患者数1医療機関あたり「3.29人」 前週から1.8倍、11週連続で増加,https://news.tv-asahi.co.jp/news_society/articles/000532659.html,https://news.ceek.jp/search.cgi?category_id=national&feed=1,ok,,社会
2026-09-11,2026-09-11T16:57:50.944621+09:00,その他メディア,,共同通信,入管庁、他省庁と合同で調査へ 外国人の不法就労対策,https://www.47news.jp/14924902.html,https://news.ceek.jp/search.cgi?category_id=national&feed=1,ok,,社会
2026-09-11,2026-09-11T16:57:50.944621+09:00,全国紙,全国,読売新聞,冬の富士山での無謀な登山、金銭的負担求める方向で静岡県が最終調整...山麓4市1町が有料化検討を要望,https://www.yomiuri.co.jp/national/20260910-GYT1T00319/,https://news.ceek.jp/search.cgi?category_id=national&feed=1,ok,,社会
2026-09-11,2026-09-11T16:57:50.944621+09:00,その他メディア,,デイリースポーツ,入管庁、他省庁と合同で調査へ,https://www.daily.co.jp/society/national/2026/09/11/0020808224.shtml,https://news.ceek.jp/search.cgi?category_id=national&feed=1,ok,,社会
2026-09-11,2026-09-11T16:57:50.944621+09:00,全国紙,全国,読売新聞,9・11教訓 子に安心を...テロ目撃 ケア施設運営の医師 死を覚悟、自分のやりたい道へ,https://www.yomiuri.co.jp/national/20260911-GYT1T00135/,https://news.ceek.jp/search.cgi?category_id=national&feed=1,ok,,社会
2026-09-11,2026-09-11T16:57:50.944621+09:00,全国紙,全国,読売新聞,スマホ55台、不正購入か...犯罪用「道具屋」 容疑の4人逮捕,https://www.yomiuri.co.jp/national/20260911-GYT1T00143/,https://news.ceek.jp/search.cgi?category_id=national&feed=1,ok,,社会
2026-09-11,2026-09-11T16:57:50.944621+09:00,全国紙,全国,読売新聞,楽譜模倣「ただ乗り」是非は...制作者 特殊な技能労力必要、サイト側 著作権外利用できる,https://www.yomiuri.co.jp/national/20260911-GYT1T00145/,https://news.ceek.jp/search.cgi?category_id=national&feed=1,ok,,社会
2026-09-11,2026-09-11T16:57:50.944621+09:00,全国紙,全国,読売新聞,[しあわせ小箱]半沢文庫<5>夢の図書館 友情の力で実現,https://www.yomiuri.co.jp/national/20260911-GYT1T00153/,https://news.ceek.jp/search.cgi?category_id=national&feed=1,ok,,社会
2026-09-11,2026-09-11T16:57:50.944621+09:00,その他メディア,,フジテレビ,【深夜2時すぎ自転車ワイセツ男】「胸を触られた」自転車にまたがった40~50代ぐらいの緑ジャンパー・青パンツ・中肉男が20代女性の体を触り逃走<北海道札幌市>,https://www.fnn.jp/articles/-/1112452,https://news.ceek.jp/search.cgi?category_id=national&feed=1,ok,,社会
2026-09-11,2026-09-11T16:57:50.944621+09:00,その他メディア,,デイリースポーツ,「複合防衛拠点」来春具体化,https://www.daily.co.jp/society/national/2026/09/11/0020808205.shtml,https://news.ceek.jp/search.cgi?category_id=national&feed=1,ok,,社会
2026-09-11,2026-09-11T16:57:50.944621+09:00,その他メディア,,共同通信,「複合防衛拠点」来春具体化 広島・呉、企業選定へ,https://www.47news.jp/14924880.html,https://news.ceek.jp/search.cgi?category_id=national&feed=1,ok,,社会
2026-09-11,2026-09-11T16:57:50.944621+09:00,その他メディア,,共同通信,熊本の応援割、15日から販売 6割引き「復興支えに」,https://www.47news.jp/14924768.html,https://news.ceek.jp/search.cgi?category_id=national&feed=1,ok,,社会
2026-09-11,2026-09-11T16:57:50.944621+09:00,その他メディア,,日刊スポーツ,紀子さま還暦「佳子や悠仁が私たちの体調を気にかけてくれます」夫妻の健康に言及/全文5,https://www.nikkansports.com/general/nikkan/news/202609110000519.html,https://news.ceek.jp/search.cgi?category_id=national&feed=1,ok,,社会
2026-09-11,2026-09-11T16:57:50.944621+09:00,その他メディア,,共同通信,未婚者3割「子ども望まず」 希望数平均1.3人で過去最少,https://www.47news.jp/14924771.html,https://news.ceek.jp/search.cgi?category_id=national&feed=1,ok,,社会
2026-09-11,2026-09-11T16:57:50.944621+09:00,その他メディア,,Smart FLASH,"“ながらスマホ""で6人死亡、過失運転致死のトラック運転手に「拘禁刑7年」求刑にネットで集まる「やるせない」の声",https://smart-flash.jp/sociopolitics/427817/,https://news.ceek.jp/search.cgi?category_id=national&feed=1,ok,,社会
2026-09-11,2026-09-11T16:57:50.944621+09:00,その他メディア,,日刊スポーツ,紀子さま還暦「心が震えた」公式訪問先パラグアイでの出来事/全文4,https://www.nikkansports.com/general/nikkan/news/202609110000482.html,https://news.ceek.jp/search.cgi?category_id=national&feed=1,ok,,社会
2026-09-11,2026-09-11T16:57:50.944621+09:00,その他メディア,,サンケイスポーツ,ルフィ幹部、11月に初公判 渡辺優樹被告、3人目,https://www.sanspo.com/article/20260911-AMUQEVCVO5LHVEHDOFPL7VJOQQ/,https://news.ceek.jp/search.cgi?category_id=national&feed=1,ok,,社会
2026-09-11,2026-09-11T16:57:50.944621+09:00,全国紙,全国,日本経済新聞,秋篠宮ご夫妻が帰国 ノルウェー前国王葬儀終え,https://www.nikkei.com/article/DGXZQOUD109QK0Q6A910C2000000/,https://news.ceek.jp/search.cgi?category_id=national&feed=1,ok,,社会
2026-09-11,2026-09-11T16:57:50.944621+09:00,全国紙,全国,日本経済新聞,児童虐待死24年度は77人 こども家庭庁、「心中」の表記見直し,https://www.nikkei.com/article/DGXZQOUD100YP0Q6A910C2000000/,https://news.ceek.jp/search.cgi?category_id=national&feed=1,ok,,社会
2026-09-11,2026-09-11T16:57:50.944621+09:00,全国紙,全国,日本経済新聞,天皇皇后両陛下、レンブラント展を鑑賞,https://www.nikkei.com/article/DGXZQOUD106EP0Q6A910C2000000/,https://news.ceek.jp/search.cgi?category_id=national&feed=1,ok,,社会
2026-09-11,2026-09-11T16:57:50.944621+09:00,その他メディア,,日刊スポーツ,中学生への傷害疑いで4少年逮捕 相模原の男子高校生暴行死事件にも関与か,https://www.nikkansports.com/general/news/202609110000527.html,https://news.ceek.jp/search.cgi?category_id=national&feed=1,ok,,社会
2026-09-11,2026-09-11T16:57:50.944621+09:00,全国紙,全国,産経新聞,「九州ふっこう応援割」熊本分を9月15日から販売、6割引き 旅行通じ「復興支えに」,https://www.sankei.com/article/20260911-MMA74LSIKBMPHCVA7BP3IOIS2Y/,https://news.ceek.jp/search.cgi?category_id=national&feed=1,ok,,社会
2026-09-11,2026-09-11T16:57:50.944621+09:00,全国紙,全国,日本経済新聞,東大など12大学赤字、国立大学85法人の25年度決算 病院経費が重荷,https://www.nikkei.com/article/DGXZQOSG112IA0R10C26A9000000/,https://news.ceek.jp/search.cgi?category_id=national&feed=1,ok,,社会
2026-09-11,2026-09-11T16:57:50.944621+09:00,その他メディア,,デイリースポーツ,未婚者3割「子ども望まず」,https://www.daily.co.jp/society/human_interest/2026/09/11/0020808143.shtml,https://news.ceek.jp/search.cgi?category_id=national&feed=1,ok,,社会
2026-09-11,2026-09-11T16:57:50.944621+09:00,その他メディア,,デイリースポーツ,文科省、毒劇物の適切管理を通知,https://www.daily.co.jp/society/national/2026/09/11/0020808146.shtml,https://news.ceek.jp/search.cgi?category_id=national&feed=1,ok,,社会
2026-09-11,2026-09-11T16:57:50.944621+09:00,全国紙,全国,産経新聞,TKP元社員と夫に懲役2年6月求刑 1億5000万円インサイダー取引 東京地裁初公判,https://www.sankei.com/article/20260911-KOTJHSHFIZNXVLMCE5H7IHVT54/,https://news.ceek.jp/search.cgi?category_id=national&feed=1,ok,,社会
2026-09-11,2026-09-11T16:57:50.944621+09:00,その他メディア,,サンケイスポーツ,スマホ700台を不正入手か 大学生に職業偽らせる,https://www.sanspo.com/article/20260911-SSLLZKCOBFKCNE4FU4HVUCWNQE/,https://news.ceek.jp/search.cgi?category_id=national&feed=1,ok,,社会
2026-09-11,2026-09-11T16:57:50.944621+09:00,その他メディア,,共同通信,海外製おもちゃ銃所持疑い 殺傷能力、兵庫の男逮捕,https://www.47news.jp/14924704.html,https://news.ceek.jp/search.cgi?category_id=national&feed=1,ok,,社会
2026-09-11,2026-09-11T16:57:50.944621+09:00,その他メディア,,共同通信,文科省、毒劇物の適切管理を通知 北海道大事故受け、全国の大学に,https://www.47news.jp/14924777.html,https://news.ceek.jp/search.cgi?category_id=national&feed=1,ok,,社会
2026-09-11,2026-09-11T16:57:50.944621+09:00,全国紙,全国,読売新聞,「宇宙人」探す電波望遠鏡を整備したい...研究者らクラウドファンディング、返礼品は「受信時の第一報」,https://www.yomiuri.co.jp/national/20260911-GYT1T00175/,https://news.ceek.jp/search.cgi?category_id=national&feed=1,ok,,社会
2026-09-11,2026-09-11T16:57:50.944621+09:00,その他メディア,,デイリースポーツ,熊本の応援割、15日から販売,https://www.daily.co.jp/society/national/2026/09/11/0020808127.shtml,https://news.ceek.jp/search.cgi?category_id=national&feed=1,ok,,社会
2026-09-11,2026-09-11T16:57:50.944621+09:00,その他メディア,,フジテレビ,【速報】インフルエンザ 近畿2府4県と徳島県で流行シーズン入り 定点当たりの患者報告数「1.0」超える 厚労省も注意呼びかけ,https://www.fnn.jp/articles/-/1112448,https://news.ceek.jp/search.cgi?category_id=national&feed=1,ok,,社会
2026-09-11,2026-09-11T16:57:50.944621+09:00,その他メディア,,テレビ朝日,"中国 日本人へのビザ発給手数料約7.5倍に値上げへ “相互主義""理由に...対抗措置か",https://news.tv-asahi.co.jp/news_international/articles/000532727.html,https://news.ceek.jp/search.cgi?category_id=world&feed=1,ok,,国際
2026-09-11,2026-09-11T16:57:50.944621+09:00,その他メディア,,VIETJO,訪仏のラム書記長、マクロン大統領と会談 科学技術を協力の柱に,https://www.viet-jo.com/news/politics/260911145802.html,https://news.ceek.jp/search.cgi?category_id=world&feed=1,ok,,国際
2026-09-11,2026-09-11T16:57:50.944621+09:00,全国紙,全国,毎日新聞,議長国インド、試される調整力 BRICS首脳会議、12日開幕,https://mainichi.jp/articles/20260911/k00/00m/030/192000c,https://news.ceek.jp/search.cgi?category_id=world&feed=1,ok,,国際
2026-09-11,2026-09-11T16:57:50.944621+09:00,その他メディア,,TBSテレビ,「ルールを作るときだ」人間ではなく約30体のロボットがAI規制やルール作り訴えるデモ ポーランド,https://newsdig.tbs.co.jp/articles/-/2939536?display=1,https://news.ceek.jp/search.cgi?category_id=world&feed=1,ok,,国際
2026-09-11,2026-09-11T16:57:50.944621+09:00,その他メディア,,テレビ朝日,"ネパール・ヒマラヤ氷河崩落で米・中・印に賠償要求...先進国に“災害の責任""は問える? 「日本は意識が低い」弁護士が語る“国を訴える""意義",https://news.tv-asahi.co.jp/news_international/articles/900199447.html,https://news.ceek.jp/search.cgi?category_id=world&feed=1,ok,,国際
2026-09-11,2026-09-11T16:57:50.944621+09:00,その他メディア,,BBC,生物兵器開発につながり得るAIの「悪用」を阻止 米アンソロピックが発表,https://www.bbc.com/japanese/articles/cqlwz7vydwlo,https://news.ceek.jp/search.cgi?category_id=world&feed=1,ok,,国際
2026-09-11,2026-09-11T16:57:50.944621+09:00,その他メディア,,日本テレビ,韓国、国家公務員採用試験でネクタイと革靴の着用禁止 10月から 自然な雰囲気で面接受けられるように,https://news.ntv.co.jp/category/international/4476c63a84f24186affcd94b363c1262,https://news.ceek.jp/search.cgi?category_id=world&feed=1,ok,,国際
2026-09-11,2026-09-11T16:57:50.944621+09:00,その他メディア,,デイリースポーツ,台湾、無人機に1兆円投資,https://www.daily.co.jp/society/world/2026/09/11/0020808614.shtml,https://news.ceek.jp/search.cgi?category_id=world&feed=1,ok,,国際
2026-09-11,2026-09-11T16:57:50.944621+09:00,その他メディア,,NNA ASIA,ナジブ元首相の恩赦、判断見送り,https://www.nna.jp/news/2966333,https://news.ceek.jp/search.cgi?category_id=world&feed=1,ok,,国際
2026-09-11,2026-09-11T16:57:50.944621+09:00,その他メディア,,AFPBB News,スウェーデン総選挙、左派失速で接戦に 極右は無職外国人の国外追放を主張,https://www.afpbb.com/articles/-/3652534,https://news.ceek.jp/search.cgi?category_id=world&feed=1,ok,,国際
2026-09-11,2026-09-11T16:57:50.944621+09:00,その他メディア,,フジテレビ,"トランプ大統領が77万円“ばらまき""発表 中間選挙で共和党の勝利が条件 200兆円以上の財源示さず危機感あらわ",https://www.fnn.jp/articles/-/1112475,https://news.ceek.jp/search.cgi?category_id=world&feed=1,ok,,国際
2026-09-11,2026-09-11T16:57:50.944621+09:00,その他メディア,,日本テレビ,トランプ大統領「投票しなければ地獄に落ちる」 中間選挙に向けた共和党大会で2日連続で演説,https://news.ntv.co.jp/category/international/ddd58f062a394d63af0a837c38e5445f,https://news.ceek.jp/search.cgi?category_id=world&feed=1,ok,,国際
2026-09-11,2026-09-11T16:57:50.944621+09:00,その他メディア,,NNA ASIA,大統領府、27年の祝日リストを発表,https://www.nna.jp/news/2966267,https://news.ceek.jp/search.cgi?category_id=world&feed=1,ok,,国際
2026-09-11,2026-09-11T16:57:50.944621+09:00,その他メディア,,ウクルインフォルム,米露との交渉の最初の結果は9月末に出るかもしれない=ゼレンシキー宇大統領,https://www.ukrinform.jp/rubric-polytics/4163055-mi-lutono-jiao-sheno-zui-chuno-jie-guohayue-moni-churukamoshirenaizerenshiki-yu-da-tong-ling.html,https://news.ceek.jp/search.cgi?category_id=world&feed=1,ok,,国際
2026-09-11,2026-09-11T16:57:50.944621+09:00,その他メディア,,テレビ朝日,"トランプ氏 民主党は「過激な左派」と非難 5000ドル支給は“実現可能""と強調",https://news.tv-asahi.co.jp/news_international/articles/000532738.html,https://news.ceek.jp/search.cgi?category_id=world&feed=1,ok,,国際
2026-09-11,2026-09-11T16:57:50.944621+09:00,その他メディア,,VIETJO,スターメイソン、ホーチミンで超大型データセンター建設へ,https://www.viet-jo.com/news/economy/260911134314.html,https://news.ceek.jp/search.cgi?category_id=world&feed=1,ok,,国際
2026-09-11,2026-09-11T16:57:50.944621+09:00,その他メディア,,AFPBB News,故ダイアナ元妃の「リベンジドレス」 12月に米NYで競売へ,https://www.afpbb.com/articles/-/3652528,https://news.ceek.jp/search.cgi?category_id=world&feed=1,ok,,国際
2026-09-11,2026-09-11T16:57:50.944621+09:00,その他メディア,,Abema TIMES,タイとの衝突で損壊 カンボジアが世界遺産寺院公開,https://times.abema.tv/articles/-/10272521?page=1,https://news.ceek.jp/search.cgi?category_id=world&feed=1,ok,,国際
2026-09-11,2026-09-11T16:57:50.944621+09:00,全国紙,全国,読売新聞,カナダ首相、ウクライナの防空能力強化へ390億円拠出...迎撃兵器を供給・防衛産業の協力拡大も,https://www.yomiuri.co.jp/world/20260911-GYT1T00185/,https://news.ceek.jp/search.cgi?category_id=world&feed=1,ok,,国際
2026-09-11,2026-09-11T16:57:50.944621+09:00,その他メディア,,テレビ朝日,"同盟国で進む“アメリカ離れ""カナダ 貿易交渉決裂で関税合戦が激化 中東でも拡大",https://news.tv-asahi.co.jp/news_international/articles/900199400.html,https://news.ceek.jp/search.cgi?category_id=world&feed=1,ok,,国際
2026-09-11,2026-09-11T16:57:50.944621+09:00,その他メディア,,AFPBB News,【三里河中国経済観察】中国ECと実店舗、共存の道を探る,https://www.afpbb.com/articles/-/3651963,https://news.ceek.jp/search.cgi?category_id=world&feed=1,ok,,国際
2026-09-11,2026-09-11T16:57:50.944621+09:00,その他メディア,,NNA ASIA,ユニバーサルクオンタム、R&Dセンター開設,https://www.nna.jp/news/2966269,https://news.ceek.jp/search.cgi?category_id=world&feed=1,ok,,国際
2026-09-11,2026-09-11T16:57:50.944621+09:00,その他メディア,,デイリースポーツ,邦人犠牲者追悼の銘板設置,https://www.daily.co.jp/society/world/2026/09/11/0020808314.shtml,https://news.ceek.jp/search.cgi?category_id=world&feed=1,ok,,国際
2026-09-11,2026-09-11T16:57:50.944621+09:00,その他メディア,,ウクルインフォルム,ロシア軍の攻撃でキーウの集合住宅に被害 負傷者8名,https://www.ukrinform.jp/rubric-ato/4163044-roshia-junno-gong-jidekiuno-ji-he-zhu-zhaini-bei-haifu-shang-zheming.html,https://news.ceek.jp/search.cgi?category_id=world&feed=1,ok,,国際
2026-09-11,2026-09-11T16:57:50.944621+09:00,その他メディア,,Abema TIMES,"米同時多発テロから25年 真下でとらえた一部始終 “封印映像""公開...撮影者の想い",https://times.abema.tv/articles/-/10272518?page=1,https://news.ceek.jp/search.cgi?category_id=world&feed=1,ok,,国際
2026-09-11,2026-09-11T16:57:50.944621+09:00,全国紙,全国,日本経済新聞,Amazon、ChatGPTに顧客の広告配信 OpenAIと連携,https://www.nikkei.com/article/DGXZQOGN1141M0R10C26A9000000/,https://news.ceek.jp/search.cgi?category_id=world&feed=1,ok,,国際
2026-09-11,2026-09-11T16:57:50.944621+09:00,その他メディア,,BBC,米アマゾン貨物機のオーバーラン、速度が速すぎると着陸前に操縦士が警告か,https://www.bbc.com/japanese/articles/cwyzd1lzqdxo,https://news.ceek.jp/search.cgi?category_id=world&feed=1,ok,,国際
2026-09-11,2026-09-11T16:57:50.944621+09:00,その他メディア,,TV-Novosti,宗務院がこれらのイコンを禁止した理由とは?,https://jp.gw2ru.com/history/256004-shuumuin-ga-korera-no-ikon-wo-kinshishita-riyuu-towa,https://news.ceek.jp/search.cgi?category_id=world&feed=1,ok,,国際
2026-09-11,2026-09-11T16:57:50.944621+09:00,その他メディア,,AFPBB News,イスラエル軍、レバノン南部でヒズボラ建設のトンネルを爆破,https://www.afpbb.com/articles/-/3652518,https://news.ceek.jp/search.cgi?category_id=world&feed=1,ok,,国際
2026-09-11,2026-09-11T16:57:50.944621+09:00,全国紙,全国,日本経済新聞,オーストラリアのビザ抑制、駐在員にも影響?,https://www.nikkei.com/article/DGXZQOGM114830R10C26A9000000/,https://news.ceek.jp/search.cgi?category_id=world&feed=1,ok,,国際
2026-09-11,2026-09-11T16:57:50.944621+09:00,全国紙,全国,日本経済新聞,オーストラリア、EV販売台数がガソリン車を抜く,https://www.nikkei.com/article/DGXZQOGM113XR0R10C26A9000000/,https://news.ceek.jp/search.cgi?category_id=world&feed=1,ok,,国際
2026-09-11,2026-09-11T16:57:50.944621+09:00,その他メディア,,フジテレビ,"トランプ大統領が“ばらまき""表明「すべての成人市民に5000ドル支給」 財源180兆円超か 「票の買収」との批判も",https://www.fnn.jp/articles/-/1112447,https://news.ceek.jp/search.cgi?category_id=world&feed=1,ok,,国際
2026-09-11,2026-09-11T16:57:50.944621+09:00,その他メディア,,Jams.TV,女性専用アプリ差別訴訟、最高裁上訴認めず,https://www.jams.tv/news/290286,https://news.ceek.jp/search.cgi?category_id=world&feed=1,ok,,国際
2026-09-11,2026-09-11T16:57:50.944621+09:00,全国紙,全国,読売新聞,アルジェリア、UAEと断交...対イスラエル・西サハラ背景か,https://www.yomiuri.co.jp/world/20260911-GYT1T00132/,https://news.ceek.jp/search.cgi?category_id=world&feed=1,ok,,国際
2026-09-11,2026-09-11T16:57:50.944621+09:00,その他メディア,,NNA ASIA,越で12日にiPhone18予約開始、価格23万円から,https://www.nna.jp/news/2966245,https://news.ceek.jp/search.cgi?category_id=world&feed=1,ok,,国際
2026-09-11,2026-09-11T16:57:50.944621+09:00,その他メディア,,テレビ朝日,"米同時多発テロから25年 真下でとらえた一部始終 “封印映像""公開...撮影者の想い",https://news.tv-asahi.co.jp/news_international/articles/900199428.html,https://news.ceek.jp/search.cgi?category_id=world&feed=1,ok,,国際
2026-09-11,2026-09-11T16:57:50.944621+09:00,全国紙,全国,産経新聞,イコールアースの先へ「新たな地図作り続ける」提唱のパターソン氏、製作過程と地図愛語る,https://www.sankei.com/article/20260911-JN7EK2TPXBMRXIM6WKXUPL6HJE/,https://news.ceek.jp/search.cgi?category_id=world&feed=1,ok,,国際
2026-09-11,2026-09-11T16:57:50.944621+09:00,全国紙,全国,日本経済新聞,エジプトの一部地域、渡航危険レベルを引き下げ 外務省,https://www.nikkei.com/article/DGXZQOUA114LL0R10C26A9000000/,https://news.ceek.jp/search.cgi?category_id=world&feed=1,ok,,国際
2026-09-11,2026-09-11T16:57:50.944621+09:00,その他メディア,,日本テレビ,"“トランプ配当金""に共和党内からも疑問の声 11月の中間選挙勝利で“成人1人あたり5000ドル""支給とトランプ大統領",https://news.ntv.co.jp/category/international/47d0ed33bd6f46a7ab17d5bdb04e4cbb,https://news.ceek.jp/search.cgi?category_id=world&feed=1,ok,,国際
2026-09-11,2026-09-11T16:57:50.944621+09:00,全国紙,全国,日本経済新聞,レバノン要衝地下施設破壊 ヒズボラ構築とイスラエル,https://www.nikkei.com/article/DGXZQOCB115780R10C26A9000000/,https://news.ceek.jp/search.cgi?category_id=world&feed=1,ok,,国際
2026-09-11,2026-09-11T16:57:50.944621+09:00,全国紙,全国,日本経済新聞,米百貨店メーシーズの再建に光 5〜7月9割増益、高級路線が奏功,https://www.nikkei.com/article/DGXZQOGN10BCV0Q6A910C2000000/,https://news.ceek.jp/search.cgi?category_id=world&feed=1,ok,,国際
2026-09-11,2026-09-11T16:57:50.944621+09:00,全国紙,全国,産経新聞,比ミンダナオ島の少女は「平成」さん 父は日本人と停戦に尽力...迫る議会選「願いかなう」,https://www.sankei.com/article/20260911-AS5TDA5BKVJO7OFCZJ65RGMANM/,https://news.ceek.jp/search.cgi?category_id=world&feed=1,ok,,国際
2026-09-11,2026-09-11T16:57:50.944621+09:00,その他メディア,,AFPBB News,世界初の完全電動大型FPSO、船体が完成,https://www.afpbb.com/articles/-/3651798,https://news.ceek.jp/search.cgi?category_id=world&feed=1,ok,,国際
2026-09-11,2026-09-11T16:57:50.944621+09:00,その他メディア,,VIETJO,ホーチミン:賃貸オフィス、入居率上昇も賃料は小幅下落,https://www.viet-jo.com/news/economy/260910173346.html,https://news.ceek.jp/search.cgi?category_id=world&feed=1,ok,,国際
2026-09-11,2026-09-11T16:57:50.944621+09:00,その他メディア,,AFPBB News,バンス米副大統領、民主党を「憎悪の党」と批判「子どもたちに近づくな」,https://www.afpbb.com/articles/-/3652507,https://news.ceek.jp/search.cgi?category_id=world&feed=1,ok,,国際
2026-09-11,2026-09-11T16:57:50.944621+09:00,その他メディア,,台湾国際放送,蔡英文・前総統と蔡明忠氏が台大で対談 AI時代の法的課題を振り返る,https://www.rti.org.tw/jp/news?uid=3&pid=231346,https://news.ceek.jp/search.cgi?category_id=world&feed=1,ok,,国際
2026-09-11,2026-09-11T16:57:50.944621+09:00,その他メディア,,日本テレビ,"“香港で天安門事件の追悼集会""民主派団体の幹部ら3人に懲役5年2か月~7年3か月 香港の裁判所",https://news.ntv.co.jp/category/international/98705691259845978b46c29b8030e27c,https://news.ceek.jp/search.cgi?category_id=world&feed=1,ok,,国際
2026-09-11,2026-09-11T16:57:50.944621+09:00,その他メディア,,テレビ朝日,"【情報まとめ】北方領土は日本と同色に修正 “国連推奨""イコールアース図法の世界地図 木原官房長官「我が国の立場が損なわれないようしっかり対応」",https://news.tv-asahi.co.jp/news_international/articles/900199359.html,https://news.ceek.jp/search.cgi?category_id=world&feed=1,ok,,国際
2026-09-11,2026-09-11T16:57:50.944621+09:00,その他メディア,,Forbes JAPAN,太陽系の「偽の夜明け」、9月の東の空に現れる不思議な光「黄道光」の正体,https://forbesjapan.com/articles/detail/104397,https://news.ceek.jp/search.cgi?category_id=world&feed=1,ok,,国際
2026-09-11,2026-09-11T16:57:50.944621+09:00,その他メディア,,AFPBB News,人民元決済システムが192カ国・地域をカバー 越境QRコード決済の連携も加速,https://www.afpbb.com/articles/-/3651515,https://news.ceek.jp/search.cgi?category_id=world&feed=1,ok,,国際
2026-09-11,2026-09-11T16:57:50.944621+09:00,その他メディア,,Forbes JAPAN,太陽系の「偽の夜明け」、9月の東の空に現れる不思議な光「黄道光」の正体,https://forbesjapan.com/articles/detail/103699,https://news.ceek.jp/search.cgi?category_id=world&feed=1,ok,,国際
2026-09-11,2026-09-11T16:57:50.944621+09:00,その他メディア,,TBSテレビ,米同時多発テロから25年 前日にはニューヨークで2棟の世界貿易センタービルを再現したドローンショー,https://newsdig.tbs.co.jp/articles/-/2938701?display=1,https://news.ceek.jp/search.cgi?category_id=world&feed=1,ok,,国際
2026-09-11,2026-09-11T16:57:50.944621+09:00,その他メディア,,MYANMAR JAPON,武装抵抗開始から5年、民主派NUGが犠牲者追悼,https://myanmarjapon.com/newsdigest/2026/09/11-84708.php,https://news.ceek.jp/search.cgi?category_id=world&feed=1,ok,,国際
2026-09-11,2026-09-11T16:57:50.944621+09:00,その他メディア,,日本テレビ,トランプ大統領 約100万人の国民に対し1人500ドルの還付金を支給すると発表 「オバマケア」めぐり,https://news.ntv.co.jp/category/international/75ba8b2c22e942eab3bbd061f16cba1c,https://news.ceek.jp/search.cgi?category_id=world&feed=1,ok,,国際
2026-09-11,2026-09-11T16:57:50.944621+09:00,その他メディア,,世界日報,対中依存を深めるロシア 資源開発への直接投資を期待,https://www.worldtimes.co.jp/global/russia/20260911-214728/,https://news.ceek.jp/search.cgi?category_id=world&feed=1,ok,,国際
2026-09-11,2026-09-11T16:57:50.944621+09:00,その他メディア,,VIETJO,韓国ナイスI&T、ベトナムの美容店舗管理会社イージーサロンを買収,https://www.viet-jo.com/news/economy/260909134937.html,https://news.ceek.jp/search.cgi?category_id=world&feed=1,ok,,国際
2026-09-11,2026-09-11T16:57:50.944621+09:00,その他メディア,,BBC,イスラエル首相、ハマス襲撃をUAEから事前警告されていたと報じられ否定 新聞社を提訴へ,https://www.bbc.com/japanese/articles/czjzvpn4mewo,https://news.ceek.jp/search.cgi?category_id=world&feed=1,ok,,国際
2026-09-11,2026-09-11T16:57:50.944621+09:00,その他メディア,,テレビ朝日,"16歳未満のAIやSNS利用制限 カリフォルニア州で新法成立 “自動再生""など禁止に",https://news.tv-asahi.co.jp/news_international/articles/000532660.html,https://news.ceek.jp/search.cgi?category_id=world&feed=1,ok,,国際
2026-09-11,2026-09-11T16:57:50.944621+09:00,その他メディア,,NNA ASIA,ペプシコ、アッサムに78億ルピーで食品工場開設,https://www.nna.jp/news/2966078,https://news.ceek.jp/search.cgi?category_id=world&feed=1,ok,,国際
2026-09-11,2026-09-11T16:57:50.944621+09:00,その他メディア,,VIETJO,中国EVブランド「アイカー」、ベトナムでSUV「V27」を年内発売へ,https://www.viet-jo.com/news/economy/260910174728.html,https://news.ceek.jp/search.cgi?category_id=world&feed=1,ok,,国際
2026-09-11,2026-09-11T16:57:50.944621+09:00,その他メディア,,VIETJO,ファミリーマート、ハノイに本格進出 今年度中に約20店舗出店へ,https://www.viet-jo.com/news/nikkei/260911130536.html,https://news.ceek.jp/search.cgi?category_id=world&feed=1,ok,,国際
2026-09-11,2026-09-11T16:57:50.944621+09:00,その他メディア,,NNA ASIA,EV物品税見直しを原則承認、税率は月内策定,https://www.nna.jp/news/2966246,https://news.ceek.jp/search.cgi?category_id=world&feed=1,ok,,国際
2026-09-11,2026-09-11T16:57:50.944621+09:00,その他メディア,,newsclip.be,タイ運輸省「鉄道技術の国内開発」へ 研究から製造・保守まで一貫整備,https://newsclip.be/thai-news/thai-economy/41782,https://news.ceek.jp/search.cgi?category_id=world&feed=1,ok,,国際
2026-09-11,2026-09-11T16:57:50.944621+09:00,その他メディア,,世界日報,人口減少時代のK防衛産業 青年減と戦争の変化に対応 【論壇時評】,https://www.worldtimes.co.jp/global/korean-peninsula/20260911-214699/,https://news.ceek.jp/search.cgi?category_id=world&feed=1,ok,,国際
2026-09-11,2026-09-11T16:57:50.944621+09:00,その他メディア,,テレビ朝日,天安門追悼の民主派団体元主席ら3人に実刑判決 香港の裁判所 最長懲役7年3カ月,https://news.tv-asahi.co.jp/news_international/articles/000532661.html,https://news.ceek.jp/search.cgi?category_id=world&feed=1,ok,,国際
2026-09-11,2026-09-11T16:57:50.944621+09:00,その他メディア,,NNA ASIA,ガソリン値上げ、10日から2万4000ドン前後に,https://www.nna.jp/news/2966186,https://news.ceek.jp/search.cgi?category_id=world&feed=1,ok,,国際
2026-09-11,2026-09-11T16:57:50.944621+09:00,その他メディア,,AFPBB News,フィリピン・フェリー火災、爆発から炎上まで「数秒」 行方不明者80人超の捜索続く,https://www.afpbb.com/articles/-/3652488,https://news.ceek.jp/search.cgi?category_id=world&feed=1,ok,,国際
2026-09-11,2026-09-11T16:57:50.944621+09:00,その他メディア,,newsclip.be,タイ政府、世界的製薬企業の投資誘致を加速 MSDと初の協力合意、Sandozとも近く締結へ,https://newsclip.be/thai-news/thai-economy/41779,https://news.ceek.jp/search.cgi?category_id=world&feed=1,ok,,国際
2026-09-11,2026-09-11T16:57:50.944621+09:00,その他メディア,,ベトナムの声,ベトナム、APECエネルギー協力で3つの優先事項を提示,https://vovworld.vn/ja-JP/niyusu/hetonamuapecenerukixielite3tsunoyouxianshixiangwotishi-2464609.vov5,https://news.ceek.jp/search.cgi?category_id=world&feed=1,ok,,国際
2026-09-11,2026-09-11T16:57:50.944621+09:00,その他メディア,,共同通信,天安門追悼団体の幹部に実刑 香港、最長懲役7年3月,https://www.47news.jp/14924167.html,https://news.ceek.jp/search.cgi?category_id=world&feed=1,ok,,国際
2026-09-11,2026-09-11T16:57:50.944621+09:00,その他メディア,,共同通信,トランプ氏、民主党は「過激派」 米共和党大会、結束呼びかけ,https://www.47news.jp/14923342.html,https://news.ceek.jp/search.cgi?category_id=world&feed=1,ok,,国際
2026-09-11,2026-09-11T16:57:50.944621+09:00,その他メディア,,デイリースポーツ,トランプ氏、民主党は「過激派」,https://www.daily.co.jp/society/world/2026/09/11/0020807581.shtml,https://news.ceek.jp/search.cgi?category_id=world&feed=1,ok,,国際
2026-09-11,2026-09-11T16:57:50.944621+09:00,全国紙,全国,読売新聞,共和党大会で支持者ら熱狂、「トランプ配当」には会場でも賛否...「素晴らしいこと」「これは賄賂だ」,https://www.yomiuri.co.jp/world/20260911-GYT1T00124/,https://news.ceek.jp/search.cgi?category_id=world&feed=1,ok,,国際
2026-09-11,2026-09-11T16:57:50.944621+09:00,その他メディア,,Abema TIMES,中国政府の突然の『反ダンピング措置』に困惑 対日圧力の新たなカード? 半導体などの『自立自強』を掲げる中国で何が,https://times.abema.tv/articles/-/10272494?page=1,https://news.ceek.jp/search.cgi?category_id=world&feed=1,ok,,国際
2026-09-11,2026-09-11T16:57:50.944621+09:00,その他メディア,,ベトナムの声,トー・ラム書記長・国家主席:「ベトナム・フランス経済協力を新たな高みへ」,https://vovworld.vn/ja-JP/niyusu/toramushujizhangguojiazhuxihetonamufuransujingjixieliwoxintanagaomihe-2464606.vov5,https://news.ceek.jp/search.cgi?category_id=world&feed=1,ok,,国際
2026-09-11,2026-09-11T16:57:50.944621+09:00,その他メディア,,テレビ朝日,中国政府の突然の『反ダンピング措置』に困惑 対日圧力の新たなカード? 半導体などの『自立自強』を掲げる中国で何が,https://news.tv-asahi.co.jp/news_international/articles/900199408.html,https://news.ceek.jp/search.cgi?category_id=world&feed=1,ok,,国際
2026-09-11,2026-09-11T16:57:50.944621+09:00,その他メディア,,TBSテレビ,"“5000ドルの配当""の財源は関税 トランプ大統領 議会の承認は「必要なし」",https://newsdig.tbs.co.jp/articles/-/2938272?display=1,https://news.ceek.jp/search.cgi?category_id=world&feed=1,ok,,国際
2026-09-11,2026-09-11T16:57:50.944621+09:00,その他メディア,,ベトナムの声,9・11テロから25年、国連が国際法の尊重とテロ対策を呼びかけ,https://vovworld.vn/ja-JP/niyusu/911terokara25nianguoliankaguojifanozunzhongtoteroduicewohuhikake-2464588.vov5,https://news.ceek.jp/search.cgi?category_id=world&feed=1,ok,,国際
2026-09-11,2026-09-11T16:57:50.944621+09:00,その他メディア,,Abema TIMES,"激しい波が打ち寄せる...ニコラス・ケイジ氏の自宅が突然の倒壊→道路との境目が大陥没原因は“ガス管破裂""か 米",https://times.abema.tv/articles/-/10272335?page=1,https://news.ceek.jp/search.cgi?category_id=world&feed=1,ok,,国際
2026-09-11,2026-09-11T16:57:50.944621+09:00,その他メディア,,AFPBB News,香港、天安門集会主催の活動家3人に拘禁5年から7年の実刑判決,https://www.afpbb.com/articles/-/3652476,https://news.ceek.jp/search.cgi?category_id=world&feed=1,ok,,国際
2026-09-11,2026-09-11T16:57:50.944621+09:00,全国紙,全国,日本経済新聞,月桂冠、肉や魚の臭み抑える純米料理酒 酒造りの除去成分を活用,https://www.nikkei.com/article/DGXZQOUF112390R10C26A9000000/,https://news.ceek.jp/search.cgi?category_id=local&feed=1,ok,,地方・地域
2026-09-11,2026-09-11T16:57:50.944621+09:00,その他メディア,,TBSテレビ,AIで「がん」の見落とし防ぐ 細胞の活動状況や臓器の形を撮影... 従来よりも画像を鮮明に 名古屋・昭和区の医療機関,https://newsdig.tbs.co.jp/articles/-/2939534?display=1,https://news.ceek.jp/search.cgi?category_id=local&feed=1,ok,,地方・地域
2026-09-11,2026-09-11T16:57:50.944621+09:00,その他メディア,,徳島新聞,早明浦ダムの貯水率は?【11日午後5時点】,https://www.topics.or.jp/articles/-/1492624,https://news.ceek.jp/search.cgi?category_id=local&feed=1,ok,,地方・地域
2026-09-11,2026-09-11T16:57:50.944621+09:00,地方紙,熊本,熊本日日新聞,阿蘇中央高生、自動運転コンバイン学ぶ 農機具販売会社との連携授業 簡単な操作で稲刈り 阿蘇市,https://kumanichi.com/articles/2034900,https://news.ceek.jp/search.cgi?category_id=local&feed=1,ok,,地方・地域
2026-09-11,2026-09-11T16:57:50.944621+09:00,地方紙,広島,中国新聞,<写真集>9月11日DeNA戦,https://www.chugoku-np.co.jp/articles/-/893348,https://news.ceek.jp/search.cgi?category_id=local&feed=1,ok,,地方・地域
2026-09-11,2026-09-11T16:57:50.944621+09:00,その他メディア,,TBSテレビ,石川県の総合防災拠点選び 第三者評価委を設置し地盤強度など検証へ,https://newsdig.tbs.co.jp/articles/-/2939318?display=1,https://news.ceek.jp/search.cgi?category_id=local&feed=1,ok,,地方・地域
2026-09-11,2026-09-11T16:57:50.944621+09:00,全国紙,全国,日本経済新聞,九州・沖縄の9月景気、判断据え置き 熊本地震で生産は引き下げ,https://www.nikkei.com/article/DGXZQOJC284WC0Y6A820C2000000/,https://news.ceek.jp/search.cgi?category_id=local&feed=1,ok,,地方・地域
2026-09-11,2026-09-11T16:57:50.944621+09:00,その他メディア,,TBSテレビ,【気象】11日 瀬戸内地方は夜もおおむね曇り 12日 朝の最低気温は岡山と高松で23度 津山で20度 雲が広がりやすいものの晴れる時間もある見込み,https://newsdig.tbs.co.jp/articles/-/2939552?display=1,https://news.ceek.jp/search.cgi?category_id=local&feed=1,ok,,地方・地域
2026-09-11,2026-09-11T16:57:50.944621+09:00,その他メディア,,名古屋テレビ,四日市拠点の女子ラグビーチーム「パールズ」新クラブハウスが完成 マシーンは50種類以上 三重,https://www.nagoyatv.com/news/?id=037175,https://news.ceek.jp/search.cgi?category_id=local&feed=1,ok,,地方・地域
2026-09-11,2026-09-11T16:57:50.944621+09:00,全国紙,全国,日本経済新聞,都内企業7〜9月景況感、5四半期連続プラス AI・半導体好調で,https://www.nikkei.com/article/DGXZQOCC112AH0R10C26A9000000/,https://news.ceek.jp/search.cgi?category_id=local&feed=1,ok,,地方・地域
2026-09-11,2026-09-11T16:57:50.944621+09:00,全国紙,全国,日本経済新聞,九州企業7〜9月景況感、北部・南部とも改善 熊本地震は下押し圧力,https://www.nikkei.com/article/DGXZQOJC283X50Y6A820C2000000/,https://news.ceek.jp/search.cgi?category_id=local&feed=1,ok,,地方・地域
2026-09-11,2026-09-11T16:57:50.944621+09:00,その他メディア,,山陽新聞,施設点検に「フィジカルAI」活用 水島コンビナートで三菱ケミカルが実証着手 数年以内の実用化目標,https://www.sanyonews.jp/article/1986717/,https://news.ceek.jp/search.cgi?category_id=local&feed=1,ok,,地方・地域
2026-09-11,2026-09-11T16:57:50.944621+09:00,その他メディア,,愛媛新聞,県内景況判断、見通しから大幅に下振れ 7~9月期,https://www.ehime-np.co.jp/article/news202609110186,https://news.ceek.jp/search.cgi?category_id=local&feed=1,ok,,地方・地域
2026-09-11,2026-09-11T16:57:50.944621+09:00,その他メディア,,山陰中央新聞,日本交通(鳥取市)の社員、運賃1000万円以上を着服 10年以上にわたり 米子営業所の2人懲戒解雇,https://www.sanin-chuo.co.jp/articles/-/1078005,https://news.ceek.jp/search.cgi?category_id=local&feed=1,ok,,地方・地域
2026-09-11,2026-09-11T16:57:50.944621+09:00,その他メディア,,TBSテレビ,運搬作業中に積み上げていた丸太が崩れる 会社役員の83歳男性が大ケガ(山形・寒河江市),https://newsdig.tbs.co.jp/articles/-/2939541?display=1,https://news.ceek.jp/search.cgi?category_id=local&feed=1,ok,,地方・地域
2026-09-11,2026-09-11T16:57:50.944621+09:00,全国紙,全国,毎日新聞,学生音コン東京予選 ピアノ部門・高校の部 13人が本選へ,https://mainichi.jp/articles/20260911/k00/00m/200/198000c,https://news.ceek.jp/search.cgi?category_id=local&feed=1,ok,,地方・地域
2026-09-11,2026-09-11T16:57:50.944621+09:00,その他メディア,,TBSテレビ,「安全確認をおこたっていた」・・・4トントラックが89歳男性はねる 男性は頭を強く打って重傷 トラックの男を現行犯逮捕 奈良・河合町,https://newsdig.tbs.co.jp/articles/-/2939532?display=1,https://news.ceek.jp/search.cgi?category_id=local&feed=1,ok,,地方・地域
2026-09-11,2026-09-11T16:57:50.944621+09:00,その他メディア,,TOKYO HEADLINE,"生き物たちの激しい “性"" にギョッ!? 夜のサンシャイン水族館で人気企画「性いっぱい展」第5弾",https://www.tokyoheadline.com/870843/,https://news.ceek.jp/search.cgi?category_id=local&feed=1,ok,,地方・地域
2026-09-11,2026-09-11T16:57:50.944621+09:00,全国紙,全国,中日新聞,スポーツ仲裁にロシア選手提訴へ フィギュアで中立資格認めず,https://www.chunichi.co.jp/article/1310000,https://news.ceek.jp/search.cgi?category_id=local&feed=1,ok,,地方・地域
2026-09-11,2026-09-11T16:57:50.944621+09:00,地方紙,広島,中国新聞,スポーツ仲裁にロシア選手提訴へ,https://www.chugoku-np.co.jp/articles/-/893553,https://news.ceek.jp/search.cgi?category_id=local&feed=1,ok,,地方・地域
2026-09-11,2026-09-11T16:57:50.944621+09:00,その他メディア,,愛媛新聞,[町議会]砥部町(11日・定例)閉館後の坂村真民記念館、ゲストハウス転用は困難 町長,https://www.ehime-np.co.jp/article/news202609110185,https://news.ceek.jp/search.cgi?category_id=local&feed=1,ok,,地方・地域
2026-09-11,2026-09-11T16:57:50.944621+09:00,全国紙,全国,朝日新聞,W杯の悔しさ忘れられず通訳に レヴズで勤務、副務としてサポートも,https://www.asahi.com/articles/ASV9B03PSV9BUTQP016M.html,https://news.ceek.jp/search.cgi?category_id=local&feed=1,ok,,地方・地域
2026-09-11,2026-09-11T16:57:50.944621+09:00,全国紙,全国,朝日新聞,挫折しても...... 努力は夢の近道 大久保香穂アナウンサー,https://www.asahi.com/articles/ASV9C0TTZV9CUBUB001M.html,https://news.ceek.jp/search.cgi?category_id=local&feed=1,ok,,地方・地域
2026-09-11,2026-09-11T16:57:50.944621+09:00,全国紙,全国,朝日新聞,被害者の58%が現役世代に 大阪の企業で「従業員を守ろう」運動,https://www.asahi.com/articles/ASV9C26J8V9CPTIL00TM.html,https://news.ceek.jp/search.cgi?category_id=local&feed=1,ok,,地方・地域
2026-09-11,2026-09-11T16:57:50.944621+09:00,その他メディア,,福井新聞,郷ひろみ、9月13日に福井でコンサート 福井鉄道が来場に便利なデジタルチケット販売,https://www.fukuishimbun.co.jp/articles/-/2694797,https://news.ceek.jp/search.cgi?category_id=local&feed=1,ok,,地方・地域
2026-09-11,2026-09-11T16:57:50.944621+09:00,その他メディア,,上毛新聞,ストーカー容疑で28歳男を再逮捕 群馬県警桐生署,https://www.jomo-news.co.jp/articles/-/1020436,https://news.ceek.jp/search.cgi?category_id=local&feed=1,ok,,地方・地域
2026-09-11,2026-09-11T16:57:50.944621+09:00,その他メディア,,上毛新聞,グンエイ元役員の公判で関東建設元営業部長が証人尋問「気持ち半々だった」 群馬・桐生市の入札妨害事件,https://www.jomo-news.co.jp/articles/-/1020444,https://news.ceek.jp/search.cgi?category_id=local&feed=1,ok,,地方・地域
2026-09-11,2026-09-11T16:57:50.944621+09:00,地方紙,京都,京都新聞,京都市山科区の駅近く、居酒屋チェーン新店がオープン 京都市内5店舗目,https://www.kyoto-np.co.jp/articles/-/1788262,https://news.ceek.jp/search.cgi?category_id=local&feed=1,ok,,地方・地域
2026-09-11,2026-09-11T16:57:50.944621+09:00,地方紙,京都,京都新聞,京都府宇治市の図書館でお泊りするのは「ぬいぐるみ」たち 読書や探検する様子、写真でレポートも,https://www.kyoto-np.co.jp/articles/-/1788852,https://news.ceek.jp/search.cgi?category_id=local&feed=1,ok,,地方・地域
2026-09-11,2026-09-11T16:57:50.944621+09:00,その他メディア,,室蘭民報,横綱豊昇龍が秋場所休場 3場所連続、立場厳しく,https://www.muromin.jp/news.php?id=149233,https://news.ceek.jp/search.cgi?category_id=local&feed=1,ok,,地方・地域
2026-09-11,2026-09-11T16:57:50.944621+09:00,地方紙,新潟,新潟日報,[胎内市議会議員選挙2026]終盤戦も論戦は低調 現職候補が活動日減らす独自慣例に不満も 9月13日投開票,https://www.niigata-nippo.co.jp/articles/-/904820,https://news.ceek.jp/search.cgi?category_id=local&feed=1,ok,,地方・地域
2026-09-11,2026-09-11T16:57:50.944621+09:00,地方紙,長野,信濃毎日新聞,22年前のツーショット 高校で破局、再会、10回告白...そして今,https://www.shinmai.co.jp/news/article/gf01dabrmgdttbkcu3kqm8vg,https://news.ceek.jp/search.cgi?category_id=local&feed=1,ok,,地方・地域
2026-09-11,2026-09-11T16:57:50.944621+09:00,その他メディア,,宮崎日日新聞,今春完成の延岡アリーナで初の体育大会 延岡高,https://www.the-miyanichi.co.jp/today/chiiki/1085927.html,https://news.ceek.jp/search.cgi?category_id=local&feed=1,ok,,地方・地域
2026-09-11,2026-09-11T16:57:50.944621+09:00,その他メディア,,宮崎日日新聞,「日向坂46」動画撮影を記念 串間市、都井岬に柱設置,https://www.the-miyanichi.co.jp/today/chiiki/1085933.html,https://news.ceek.jp/search.cgi?category_id=local&feed=1,ok,,地方・地域
2026-09-11,2026-09-11T16:57:50.944621+09:00,全国紙,全国,読売新聞,天満天神繁昌亭20周年...桂二葉さんが語る寄席の良さ,https://www.yomiuri.co.jp/local/kansai/feature/CO070356/20260911-GYTAT00001/,https://news.ceek.jp/search.cgi?category_id=local&feed=1,ok,,地方・地域
2026-09-11,2026-09-11T16:57:50.944621+09:00,全国紙,全国,読売新聞,大友康平さん、70歳のロック魂...客席と「パワーのぶつかり合い」,https://www.yomiuri.co.jp/local/kansai/feature/CO070356/20260911-GYTAT00014/,https://news.ceek.jp/search.cgi?category_id=local&feed=1,ok,,地方・地域
2026-09-11,2026-09-11T16:57:50.944621+09:00,全国紙,全国,読売新聞,「炎のマエストロ」小林研一郎さんを迎え、京都市交響楽団が11月に演奏会,https://www.yomiuri.co.jp/local/kansai/feature/CO070356/20260911-GYTAT00020/,https://news.ceek.jp/search.cgi?category_id=local&feed=1,ok,,地方・地域
2026-09-11,2026-09-11T16:57:50.944621+09:00,全国紙,全国,読売新聞,お母さんまだ生きてはるで!...マサミチの謝罪は届くという西田の<母の直感>は,https://www.yomiuri.co.jp/local/kansai/feature/CO100055/20260911-GYTAT00027/,https://news.ceek.jp/search.cgi?category_id=local&feed=1,ok,,地方・地域
2026-09-11,2026-09-11T16:57:50.944621+09:00,その他メディア,,フジテレビ,鹿児島ウイスキーと枕崎カツオが旅行商品に 関西・東海の旅行会社が2泊3日で本物の味を体験,https://www.fnn.jp/articles/-/1112455,https://news.ceek.jp/search.cgi?category_id=local&feed=1,ok,,地方・地域
2026-09-11,2026-09-11T16:57:50.944621+09:00,地方紙,熊本,熊本日日新聞,「分校同盟」、熊本県立高の3分校が交流会 ピザ作りや木工品制作で絆深める,https://kumanichi.com/articles/2034901,https://news.ceek.jp/search.cgi?category_id=local&feed=1,ok,,地方・地域
2026-09-11,2026-09-11T16:57:50.944621+09:00,地方紙,熊本,熊本日日新聞,もう見ました? 湯島の猫動画7本 猫島ありのままYouTubeで公開中 顔と名前を覚えるとライブカメラがもっと楽しい!,https://kumanichi.com/articles/2034902,https://news.ceek.jp/search.cgi?category_id=local&feed=1,ok,,地方・地域
2026-09-11,2026-09-11T16:57:50.944621+09:00,その他メディア,,TBSテレビ,混ぜて蒸して簡単に一品追加「カニかまの蒸し豆腐」レシピ【わっちtheキッチン】,https://newsdig.tbs.co.jp/articles/-/2934710?display=1,https://news.ceek.jp/search.cgi?category_id=local&feed=1,ok,,地方・地域
2026-09-11,2026-09-11T16:57:50.944621+09:00,その他メディア,,徳島新聞,【イニング速報します】12日9時半から、城ノ内・阿南高専ー城南 秋の高校野球徳島大会1回戦,https://www.topics.or.jp/articles/-/1490367,https://news.ceek.jp/search.cgi?category_id=local&feed=1,ok,,地方・地域
2026-09-11,2026-09-11T16:57:50.944621+09:00,その他メディア,,徳島新聞,【イニング速報します】12日12時から、板野ー阿波 秋の高校野球徳島大会1回戦,https://www.topics.or.jp/articles/-/1490370,https://news.ceek.jp/search.cgi?category_id=local&feed=1,ok,,地方・地域
2026-09-11,2026-09-11T16:57:50.944621+09:00,その他メディア,,徳島新聞,【イニング速報します】12日14時半から、城西ー脇町 秋の高校野球徳島大会1回戦,https://www.topics.or.jp/articles/-/1490373,https://news.ceek.jp/search.cgi?category_id=local&feed=1,ok,,地方・地域
2026-09-11,2026-09-11T16:57:50.944621+09:00,その他メディア,,徳島新聞,【イニング速報します】12日9時半から、城東ー徳島市立 秋の高校野球徳島大会1回戦,https://www.topics.or.jp/articles/-/1490381,https://news.ceek.jp/search.cgi?category_id=local&feed=1,ok,,地方・地域
2026-09-11,2026-09-11T16:57:50.944621+09:00,その他メディア,,徳島新聞,【イニング速報します】12日12時から、川島ーつるぎ・阿波西・池田辻 秋の高校野球徳島大会1回戦,https://www.topics.or.jp/articles/-/1490383,https://news.ceek.jp/search.cgi?category_id=local&feed=1,ok,,地方・地域
2026-09-11,2026-09-11T16:57:50.944621+09:00,その他メディア,,徳島新聞,【イニング速報します】12日14時半から、穴吹ー徳島北 秋の高校野球徳島大会1回戦,https://www.topics.or.jp/articles/-/1490386,https://news.ceek.jp/search.cgi?category_id=local&feed=1,ok,,地方・地域
2026-09-11,2026-09-11T16:57:50.944621+09:00,その他メディア,,大分合同新聞,別府市ひき逃げ殺傷事件、八田容疑者の重要指名手配を継続,https://www.oita-press.co.jp/1010000000/2026/09/11/JDC2026091101770,https://news.ceek.jp/search.cgi?category_id=local&feed=1,ok,,地方・地域
2026-09-11,2026-09-11T16:57:50.944621+09:00,その他メディア,,TBSテレビ,「この地域じゃないとできない味わい」日本酒の魅力や可能性 料理人などが学ぶ 山梨,https://newsdig.tbs.co.jp/articles/-/2935332?display=1,https://news.ceek.jp/search.cgi?category_id=local&feed=1,ok,,地方・地域
2026-09-11,2026-09-11T16:57:50.944621+09:00,その他メディア,,北國新聞,向陽、内灘で1学級減、県央初の1学年2学級に 明倫、伏見、金沢西は1増 石川県公立高の定員7320人 来年度全日制,https://www.hokkoku.co.jp/articles/-/2227069,https://news.ceek.jp/search.cgi?category_id=local&feed=1,ok,,地方・地域
2026-09-11,2026-09-11T16:57:50.944621+09:00,その他メディア,,桐生タイムス,金曜インタビュー【402】 7年ぶり復活の百万遍念仏保存会長 森島照雄さん(70),https://kiryutimes.jp/article/WqNiu7K5/,https://news.ceek.jp/search.cgi?category_id=local&feed=1,ok,,地方・地域
2026-09-11,2026-09-11T16:57:50.944621+09:00,その他メディア,,TBSテレビ,個人情報記入された「空き家バンク」書類を無断でコピー、第三者に渡したとして長野・麻績村職員2人を書類送検...2人は空き家バンク制度を担当する課の当時の課長と部下「コンプライアンス意識が欠けていた」,https://newsdig.tbs.co.jp/articles/-/2939503?display=1,https://news.ceek.jp/search.cgi?category_id=local&feed=1,ok,,地方・地域
2026-09-11,2026-09-11T16:57:50.944621+09:00,その他メディア,,九州朝日放送,新たな憩いの空間誕生 清流公園北側・橋上エリア,https://kbc.co.jp/news/article.php?id=18139960&ymd=2026-09-11,https://news.ceek.jp/search.cgi?category_id=local&feed=1,ok,,地方・地域
2026-09-11,2026-09-11T16:57:50.944621+09:00,地方紙,広島,中国新聞,韓国大統領支持率、就任後最低の30%台に,https://www.chugoku-np.co.jp/articles/-/893556,https://news.ceek.jp/search.cgi?category_id=local&feed=1,ok,,地方・地域
2026-09-11,2026-09-11T16:57:50.944621+09:00,全国紙,全国,中日新聞,旭川の法廷乱入、拘禁刑2年求刑 女子高生殺害事件巡り,https://www.chunichi.co.jp/article/1309999,https://news.ceek.jp/search.cgi?category_id=local&feed=1,ok,,地方・地域
2026-09-11,2026-09-11T16:57:50.944621+09:00,その他メディア,,TBSテレビ,記録的な高値から一転、コメ余り...新米初検査、価格は大幅下落か 福島・会津坂下町,https://newsdig.tbs.co.jp/articles/-/2939508?display=1,https://news.ceek.jp/search.cgi?category_id=local&feed=1,ok,,地方・地域
2026-09-11,2026-09-11T16:57:50.944621+09:00,その他メディア,,TBSテレビ,震災から15年半...大分と福島をつなぐ「支援と感謝の絆」初の座談会で被災地の今を共有,https://newsdig.tbs.co.jp/articles/-/2939509?display=1,https://news.ceek.jp/search.cgi?category_id=local&feed=1,ok,,地方・地域
2026-09-11,2026-09-11T16:57:50.944621+09:00,その他メディア,,TBSテレビ,【2週間気温予報】北日本と関東甲信地方の向こう2週間の気温は高い日が多い予報 今後の全国の天気を画像で 気象庁,https://newsdig.tbs.co.jp/articles/-/2939514?display=1,https://news.ceek.jp/search.cgi?category_id=local&feed=1,ok,,地方・地域
2026-09-11,2026-09-11T16:57:50.944621+09:00,地方紙,広島,中国新聞,旭川の法廷乱入、拘禁刑2年求刑,https://www.chugoku-np.co.jp/articles/-/893552,https://news.ceek.jp/search.cgi?category_id=local&feed=1,ok,,地方・地域
2026-09-11,2026-09-11T16:57:50.944621+09:00,その他メディア,,大分合同新聞,国東市議会,https://www.oita-press.co.jp/1010000000/2026/09/11/JDC2026091102187,https://news.ceek.jp/search.cgi?category_id=local&feed=1,ok,,地方・地域
2026-09-11,2026-09-11T16:57:50.944621+09:00,全国紙,全国,中日新聞,茂木氏、駐ロ大使召還は否定 北方領土訪問の対抗措置で,https://www.chunichi.co.jp/article/1309998,https://news.ceek.jp/search.cgi?category_id=local&feed=1,ok,,地方・地域
2026-09-11,2026-09-11T16:57:50.944621+09:00,その他メディア,,四国新聞,香川県内中小企業の逸品ずらり/高松空港に特設コーナー,https://www.shikoku-np.co.jp/bl/news/kagawa/evening-detail.aspx?kid=20260911000646,https://news.ceek.jp/search.cgi?category_id=local&feed=1,ok,,地方・地域
2026-09-11,2026-09-11T16:57:50.944621+09:00,地方紙,広島,中国新聞,茂木氏、駐ロ大使召還は否定,https://www.chugoku-np.co.jp/articles/-/893551,https://news.ceek.jp/search.cgi?category_id=local&feed=1,ok,,地方・地域
2026-09-11,2026-09-11T16:57:50.944621+09:00,その他メディア,,山形新聞,木造住宅の耐震改修に理解深める 高畠でパネル展,https://www.yamagata-np.jp/news/202609/11/kj_2026091100287.php,https://news.ceek.jp/search.cgi?category_id=local&feed=1,ok,,地方・地域
2026-09-11,2026-09-11T16:57:50.944621+09:00,その他メディア,,TBSテレビ,「土壌から放出されるCO2の量は人為的CO2排出量の約5倍に相当」乾湿繰り返しによる土壌CO2放出増大の原因を解明「活性金属と有機物の結合がカギ」,https://newsdig.tbs.co.jp/articles/-/2938783?display=1,https://news.ceek.jp/search.cgi?category_id=local&feed=1,ok,,地方・地域
2026-09-11,2026-09-11T16:57:50.944621+09:00,その他メディア,,TBSテレビ,ラグビー 日本製鉄釜石シーウェイブスが2人の新加入選手(追加)を発表,https://newsdig.tbs.co.jp/articles/-/2939483?display=1,https://news.ceek.jp/search.cgi?category_id=local&feed=1,ok,,地方・地域
2026-09-11,2026-09-11T16:57:50.944621+09:00,その他メディア,,日本テレビ,豪雨や南海トラフ巨大地震などの大規模災害に備え訓練 三重・尾鷲警察署,https://news.ntv.co.jp/category/society/ct875ed357849b4a349740ae8d04a1b678,https://news.ceek.jp/search.cgi?category_id=local&feed=1,ok,,地方・地域
2026-09-11,2026-09-11T16:57:50.944621+09:00,その他メディア,,TBSテレビ,"県内屈指の進学校で体育祭 先生の“仮装""に会場が沸く「勉強中心だが、この学校に入って良かった」",https://newsdig.tbs.co.jp/articles/-/2939478?display=1,https://news.ceek.jp/search.cgi?category_id=local&feed=1,ok,,地方・地域
2026-09-11,2026-09-11T16:57:50.944621+09:00,その他メディア,,日本テレビ,近畿2府4県すべてインフル流行期入り 奈良・和歌山も感染基準超え 大阪は10年で2番目の早さ,https://news.ntv.co.jp/category/society/ytbeef5c3499964a5e83d416d2fa069f11,https://news.ceek.jp/search.cgi?category_id=local&feed=1,ok,,地方・地域
2026-09-11,2026-09-11T16:57:50.944621+09:00,その他メディア,,TBSテレビ,「愛するふるさとのために」福岡市長選に市議4期目の調崇史氏が立候補を表明 元民放勤務の48歳,https://newsdig.tbs.co.jp/articles/-/2939458?display=1,https://news.ceek.jp/search.cgi?category_id=local&feed=1,ok,,地方・地域
2026-09-11,2026-09-11T16:57:50.944621+09:00,その他メディア,,福井新聞,JR京都線の踏切で人が立ち往生、北陸線や琵琶湖線にも遅れ 9月11日午後、向日町駅~長岡京駅間,https://www.fukuishimbun.co.jp/articles/-/2696417,https://news.ceek.jp/search.cgi?category_id=local&feed=1,ok,,地方・地域
2026-09-11,2026-09-11T16:57:50.944621+09:00,その他メディア,,日本テレビ,アジア競技大会 北朝鮮のサッカー男子代表が到着 アジア競技大会に出場するため特例で入国,https://news.ntv.co.jp/category/society/ct315502233c414ccd90287e1674b37f8e,https://news.ceek.jp/search.cgi?category_id=local&feed=1,ok,,地方・地域
2026-09-11,2026-09-11T16:57:50.944621+09:00,地方紙,宮城,河北新報,「BLUE GIANT」特別企画 仙台・イービーンズで開幕 漫画の名シーンを大型パネルで紹介,https://kahoku.news/articles/20260911khn000049.html,https://news.ceek.jp/search.cgi?category_id=local&feed=1,ok,,地方・地域
2026-09-11,2026-09-11T16:57:50.944621+09:00,その他メディア,,大分合同新聞,佐伯市議会,https://www.oita-press.co.jp/1010000000/2026/09/11/JDC2026091102012,https://news.ceek.jp/search.cgi?category_id=local&feed=1,ok,,地方・地域
2026-09-11,2026-09-11T16:57:50.944621+09:00,全国紙,全国,中日新聞,女性皇族、住民票に「名」 典範施行に合わせ政令改正,https://www.chunichi.co.jp/article/1309997,https://news.ceek.jp/search.cgi?category_id=local&feed=1,ok,,地方・地域
2026-09-11,2026-09-11T16:57:50.944621+09:00,地方紙,広島,中国新聞,女性皇族、住民票に「名」,https://www.chugoku-np.co.jp/articles/-/893547,https://news.ceek.jp/search.cgi?category_id=local&feed=1,ok,,地方・地域
2026-09-11,2026-09-11T16:57:50.944621+09:00,その他メディア,,日本テレビ,"浜岡原発3・4号機再稼働“申請取り下げ""を検討 中部電力データ改ざん問題をめぐり 9月14日会見で説明",https://news.ntv.co.jp/category/society/ctd26b102b433547acbdbeac6b08300d5f,https://news.ceek.jp/search.cgi?category_id=local&feed=1,ok,,地方・地域
2026-09-11,2026-09-11T16:57:50.944621+09:00,全国紙,全国,中日新聞,「かけ子」として移送するために男性を連れ去った被告に懲役2年6月判決 名古屋地裁「報酬目的で加担」,https://www.chunichi.co.jp/article/1309990,https://news.ceek.jp/search.cgi?category_id=local&feed=1,ok,,地方・地域
2026-09-11,2026-09-11T16:57:50.944621+09:00,その他メディア,,愛媛新聞,豪雨被災を教訓に、新居浜の福祉施設で訓練 利用者ら垂直避難など手順確認,https://www.ehime-np.co.jp/article/news202609110184,https://news.ceek.jp/search.cgi?category_id=local&feed=1,ok,,地方・地域
2026-09-11,2026-09-11T16:57:50.944621+09:00,その他メディア,,TBSテレビ,女性職員の臀部叩き、手を回して抱き寄せる...小学校の男性教頭をセクハラで処分 福島,https://newsdig.tbs.co.jp/articles/-/2939437?display=1,https://news.ceek.jp/search.cgi?category_id=local&feed=1,ok,,地方・地域
2026-09-11,2026-09-11T16:57:50.944621+09:00,全国紙,全国,日本経済新聞,みなと銀、9年ぶり新規出店 西宮・神戸に土日営業の小型店舗,https://www.nikkei.com/article/DGXZQOUF111YP0R10C26A9000000/,https://news.ceek.jp/search.cgi?category_id=local&feed=1,ok,,地方・地域
2026-09-11,2026-09-11T16:57:50.944621+09:00,地方紙,広島,中国新聞,広島市安佐北区で特産「狩留家なす」パーティー 保育園児が育てて調理も,https://www.chugoku-np.co.jp/articles/-/893531,https://news.ceek.jp/search.cgi?category_id=local&feed=1,ok,,地方・地域
2026-09-11,2026-09-11T16:57:50.944621+09:00,その他メディア,,TBSテレビ,【選手一覧】テックボール 早稲昭範・坂本唯那など 日本代表選手 【アジア大会2026】,https://newsdig.tbs.co.jp/articles/-/2819956?display=1,https://news.ceek.jp/search.cgi?category_id=local&feed=1,ok,,地方・地域
2026-09-11,2026-09-11T16:57:50.944621+09:00,地方紙,広島,中国新聞,広島県府中市にホテルルートイン開業へ 従業員100人程度を雇用見込み,https://www.chugoku-np.co.jp/articles/-/893397,https://news.ceek.jp/search.cgi?category_id=local&feed=1,ok,,地方・地域
2026-09-11,2026-09-11T16:57:50.944621+09:00,その他メディア,,山陰中央新聞,手仕事が生んだ美の世界 モリスらの名作168点 島根県立美術館で企画展開幕,https://www.sanin-chuo.co.jp/articles/-/1077997,https://news.ceek.jp/search.cgi?category_id=local&feed=1,ok,,地方・地域
2026-09-11,2026-09-11T16:57:50.944621+09:00,その他メディア,,山形新聞,「町を元気に」神輿担いで、声出して 最上・向町地区で最上祭り,https://www.yamagata-np.jp/news/202609/11/kj_2026091100286.php,https://news.ceek.jp/search.cgi?category_id=local&feed=1,ok,,地方・地域
2026-09-11,2026-09-11T16:57:50.944621+09:00,その他メディア,,佐賀新聞,火災鎮圧のお知らせ,https://www.saga-s.co.jp/articles/-/1789815,https://news.ceek.jp/search.cgi?category_id=local&feed=1,ok,,地方・地域
2026-09-11,2026-09-11T16:57:50.944621+09:00,その他メディア,,TBSテレビ,自転車競技・マウンテンバイク 日本代表選手の一覧【アジア大会 愛知・名古屋 2026】,https://newsdig.tbs.co.jp/articles/-/2873055?display=1,https://news.ceek.jp/search.cgi?category_id=local&feed=1,ok,,地方・地域
2026-09-11,2026-09-11T16:57:50.944621+09:00,その他メディア,,TBSテレビ,【選手一覧】空手 西山走・尾野真歩など 日本代表選手【アジア大会 愛知・名古屋 2026】,https://newsdig.tbs.co.jp/articles/-/2836772?display=1,https://news.ceek.jp/search.cgi?category_id=local&feed=1,ok,,地方・地域
2026-09-11,2026-09-11T16:57:50.944621+09:00,全国紙,全国,日本経済新聞,山梨企業の7〜9月景況感、2期ぶりにマイナス 非製造業が悪化,https://www.nikkei.com/article/DGXZQOCC111DI0R10C26A9000000/,https://news.ceek.jp/search.cgi?category_id=local&feed=1,ok,,地方・地域
2026-09-11,2026-09-11T16:57:50.944621+09:00,その他メディア,,TBSテレビ,【速報】中央道通行止め...トラック横転事故のため、駒ケ根と伊那インターの間の上り線,https://newsdig.tbs.co.jp/articles/-/2939417?display=1,https://news.ceek.jp/search.cgi?category_id=local&feed=1,ok,,地方・地域
2026-09-11,2026-09-11T16:57:50.944621+09:00,その他メディア,,TBSテレビ,【選手一覧】ビーチバレー 水町泰杜 松本恋・穏姉妹など 日本代表選手【アジア大会 愛知・名古屋 2026】,https://newsdig.tbs.co.jp/articles/-/2867347?display=1,https://news.ceek.jp/search.cgi?category_id=local&feed=1,ok,,地方・地域
2026-09-11,2026-09-11T16:57:50.944621+09:00,その他メディア,,TBSテレビ,【気象情報】甲信地方の大雨ピーク越えるも...12日(土)明け方にかけ土砂災害に注意 少量の雨でも危険度高まる可能性【雨のシミュレーション】,https://newsdig.tbs.co.jp/articles/-/2939283?display=1,https://news.ceek.jp/search.cgi?category_id=local&feed=1,ok,,地方・地域
2026-09-11,2026-09-11T16:57:50.944621+09:00,地方紙,広島,中国新聞,9月11日公示,https://www.chugoku-np.co.jp/articles/-/893532,https://news.ceek.jp/search.cgi?category_id=local&feed=1,ok,,地方・地域
2026-09-11,2026-09-11T22:56:10.134909+09:00,全国紙,全国,読売新聞,,,,skipped,robots.txtが一般クローラー/AI系UAを名指しで包括的にDisallow。2024年1月のToS改定で自動収集・生成AI学習目的の収集を明示的に禁止しているため、自動取得の対象外とする。,
2026-09-11,2026-09-11T22:56:10.134909+09:00,全国紙,全国,朝日新聞,鳥取の海岸に男性の遺体 海水浴で行方不明になった高校生の可能性も,http://www.asahi.com/articles/ASV9C4DKCV9CPUUB00CM.html,https://www.asahi.com/rss/asahi/newsheadlines.rdf,ok,,社会
2026-09-11,2026-09-11T22:56:10.134909+09:00,全国紙,全国,朝日新聞,コピーした事件記録の盗撮画像を自宅で所持、検察事務官を略式起訴,http://www.asahi.com/articles/ASV9C3H21V9CPPZB00HM.html,https://www.asahi.com/rss/asahi/newsheadlines.rdf,ok,,社会
2026-09-11,2026-09-11T22:56:10.134909+09:00,全国紙,全国,朝日新聞,89歳女性「目隠しされ殴られた」男が住宅から逃走 大阪・河内長野,http://www.asahi.com/articles/ASV9C3J1PV9CPTIL009M.html,https://www.asahi.com/rss/asahi/newsheadlines.rdf,ok,,社会
2026-09-11,2026-09-11T22:56:10.134909+09:00,全国紙,全国,朝日新聞,認められていない殺虫剤を小麦に散布か 農水省などが立ち入り検査,http://www.asahi.com/articles/ASV9C3DK6V9CUTIL018M.html,https://www.asahi.com/rss/asahi/newsheadlines.rdf,ok,,社会
2026-09-11,2026-09-11T22:56:10.134909+09:00,全国紙,全国,朝日新聞,外国人の生活保護認めず、最高裁で原告敗訴 判事1人「排除は違憲」,http://www.asahi.com/articles/ASV9C34F9V9CUTIL01GM.html,https://www.asahi.com/rss/asahi/newsheadlines.rdf,ok,,社会
2026-09-11,2026-09-11T22:56:10.134909+09:00,全国紙,全国,朝日新聞,特定技能の受け入れ費、勝手に天引き「違法」 100万円の賠償命令,http://www.asahi.com/articles/ASV9C320ZV9CUTIL007M.html,https://www.asahi.com/rss/asahi/newsheadlines.rdf,ok,,社会
2026-09-11,2026-09-11T22:56:10.134909+09:00,全国紙,全国,朝日新聞,増えるアプリ婚 5組に1組の夫婦がネット通じて知り合う 全国調査,http://www.asahi.com/articles/ASV9C1TTXV9CUTFL01CM.html,https://www.asahi.com/rss/asahi/newsheadlines.rdf,ok,,社会
2026-09-11,2026-09-11T22:56:10.134909+09:00,全国紙,全国,朝日新聞,千葉豪雨の被災マンションに松戸市が支援 続く断水などで住民に疲れ,http://www.asahi.com/articles/ASV9C0S28V9CUDCB00NM.html,https://www.asahi.com/rss/asahi/newsheadlines.rdf,ok,,社会
2026-09-11,2026-09-11T22:56:10.134909+09:00,全国紙,全国,朝日新聞,ネット利用の詐欺被害、上半期1755億円 昨年同期比45%増,http://www.asahi.com/articles/ASV9C0RC1V9CUTIL00PM.html,https://www.asahi.com/rss/asahi/newsheadlines.rdf,ok,,社会
2026-09-11,2026-09-11T22:56:10.134909+09:00,全国紙,全国,朝日新聞,陸自「現地情報隊」が民間人の思想信条など情報収集 元隊員が証言,http://www.asahi.com/articles/ASV9C1P92V9CUQIP042M.html,https://www.asahi.com/rss/asahi/newsheadlines.rdf,ok,,社会
2026-09-11,2026-09-11T22:56:10.134909+09:00,全国紙,全国,朝日新聞,演舞で被災地支援 12日と16日に東女体大新体操部が学内発表会,http://www.asahi.com/articles/ASV9C1CZDV9CUTQP01WM.html,https://www.asahi.com/rss/asahi/newsheadlines.rdf,ok,,スポーツ
2026-09-11,2026-09-11T22:56:10.134909+09:00,全国紙,全国,朝日新聞,浜岡原発再稼働の審査申請取り下げも検討 中部電、データ不正めぐり,http://www.asahi.com/articles/ASV9C048PV9CULFA01XM.html,https://www.asahi.com/rss/asahi/newsheadlines.rdf,ok,,ビジネス
2026-09-11,2026-09-11T22:56:10.134909+09:00,全国紙,全国,朝日新聞,ソニー生命で保険解約させる詐取 新たに顧客19人5490万円被害,http://www.asahi.com/articles/ASV9C3QB4V9CULFA01TM.html,https://www.asahi.com/rss/asahi/newsheadlines.rdf,ok,,ビジネス
2026-09-11,2026-09-11T22:56:10.134909+09:00,全国紙,全国,朝日新聞,監査審査会、オルツの監査法人「不備、広範かつ多数」金融庁に勧告,http://www.asahi.com/articles/ASV9C25Z4V9CULFA015M.html,https://www.asahi.com/rss/asahi/newsheadlines.rdf,ok,,ビジネス
2026-09-11,2026-09-11T22:56:10.134909+09:00,全国紙,全国,朝日新聞,鹿児島県独自の宿泊旅行補助、14日から1カ月 熊本地震で観光客減,http://www.asahi.com/articles/ASV9C2CPHV9CTLTB005M.html,https://www.asahi.com/rss/asahi/newsheadlines.rdf,ok,,ビジネス
2026-09-11,2026-09-11T22:56:10.134909+09:00,全国紙,全国,朝日新聞,ふるさと納税サイト手数料、「引き下げ」回答は1社 総務省が要請,http://www.asahi.com/articles/ASV9C2FGLV9CULFA022M.html,https://www.asahi.com/rss/asahi/newsheadlines.rdf,ok,,ビジネス
2026-09-11,2026-09-11T22:56:10.134909+09:00,全国紙,全国,朝日新聞,横浜市長選に会社経営の福山氏が立候補表明 参政党が推薦へ,http://www.asahi.com/articles/ASV9C3PLKV9CULOB00RM.html,https://www.asahi.com/rss/asahi/newsheadlines.rdf,ok,,政治
2026-09-11,2026-09-11T22:56:10.134909+09:00,全国紙,全国,朝日新聞,木原官房長官、人事アンケートで岸田元首相に謝罪 講演の発言内容で,http://www.asahi.com/articles/ASV9C3K35V9CUTFK013M.html,https://www.asahi.com/rss/asahi/newsheadlines.rdf,ok,,政治
2026-09-11,2026-09-11T22:56:10.134909+09:00,全国紙,全国,朝日新聞,高知市議の観光議連に補助金 懇親会などに年70万円「反省し返還」,http://www.asahi.com/articles/ASV9C369TV9CPLPB003M.html,https://www.asahi.com/rss/asahi/newsheadlines.rdf,ok,,政治
2026-09-11,2026-09-11T22:56:10.134909+09:00,全国紙,全国,朝日新聞,政務活動費の情報公開度 1位は兵庫県と奈良県、最下位は岡山県,http://www.asahi.com/articles/ASV9C355HV9CPIHB009M.html,https://www.asahi.com/rss/asahi/newsheadlines.rdf,ok,,政治
2026-09-11,2026-09-11T22:56:10.134909+09:00,全国紙,全国,朝日新聞,内閣広報予算、10倍超の72億円を要求 政権主導の発信強化狙い?,http://www.asahi.com/articles/ASV9C35Z2V9CULFA00RM.html,https://www.asahi.com/rss/asahi/newsheadlines.rdf,ok,,政治
2026-09-11,2026-09-11T22:56:10.134909+09:00,全国紙,全国,朝日新聞,米同時多発テロから25年、NYで追悼 反発受けたマムダニ市長出席,http://www.asahi.com/articles/ASV9C1C4KV9CBQBQ0MZM.html,https://www.asahi.com/rss/asahi/newsheadlines.rdf,ok,,国際
2026-09-11,2026-09-11T22:56:10.134909+09:00,全国紙,全国,朝日新聞,親イラン勢力、紅海の要衝モカ掌握 ホルムズ代替ルートに封鎖の懸念,http://www.asahi.com/articles/ASV9C42SGV9CUHBI01ZM.html,https://www.asahi.com/rss/asahi/newsheadlines.rdf,ok,,国際
2026-09-11,2026-09-11T22:56:10.134909+09:00,全国紙,全国,朝日新聞,犯人逃避の罪などに問われた尹前大統領に無罪判決 ソウル中央地裁,http://www.asahi.com/articles/ASV9C31M0V9CUHBI02VM.html,https://www.asahi.com/rss/asahi/newsheadlines.rdf,ok,,国際
2026-09-11,2026-09-11T22:56:10.134909+09:00,全国紙,全国,朝日新聞,AIでキャラ利用、収益を権利者に還元へ 「キャプテン翼」など参加,http://www.asahi.com/articles/ASV9C34DMV9CUCVL02KM.html,https://www.asahi.com/rss/asahi/newsheadlines.rdf,ok,,サイエンス
2026-09-11,2026-09-11T22:56:10.134909+09:00,全国紙,全国,朝日新聞,船の体育館「解体の再開待って」 建築家ら、耐震調査の鑑定に数カ月,http://www.asahi.com/articles/ASV9C2TKRV9CPLXB00JM.html,https://www.asahi.com/rss/asahi/newsheadlines.rdf,ok,,社会
2026-09-11,2026-09-11T22:56:10.134909+09:00,全国紙,全国,朝日新聞,世界遺産・上賀茂神社で奉納演奏 2025年葵祭斎王代も参加,http://www.asahi.com/articles/ASV9C1HVBV9CPLZB00NM.html,https://www.asahi.com/rss/asahi/newsheadlines.rdf,ok,,社会
2026-09-11,2026-09-11T22:56:10.134909+09:00,全国紙,全国,朝日新聞,東大脳研究者の池谷裕二さん 釣り好きの父に見た「楽しい」の本質,http://www.asahi.com/articles/ASV9B26LBV9BBNQI005M.html,https://www.asahi.com/rss/asahi/newsheadlines.rdf,ok,,サイエンス
2026-09-11,2026-09-11T22:56:10.134909+09:00,全国紙,全国,朝日新聞,森本レオさん死去、83歳 穏やかな語り口、「トーマス」ナレーター,http://www.asahi.com/articles/ASV9C4CQLV9CUCVL03PM.html,https://www.asahi.com/rss/asahi/newsheadlines.rdf,ok,,おくやみ
2026-09-11,2026-09-11T22:56:10.134909+09:00,全国紙,全国,朝日新聞,長谷川閑史さん「目の前より世界に目を」 大型買収で世界のタケダに,http://www.asahi.com/articles/ASV9C3D6DV9CULFA00ZM.html,https://www.asahi.com/rss/asahi/newsheadlines.rdf,ok,,おくやみ
2026-09-11,2026-09-11T22:56:10.134909+09:00,全国紙,全国,朝日新聞,ピアニストの北川暁子さんが死去 ベートーベンの演奏で活躍,http://www.asahi.com/articles/ASV9C2PCTV9CUCVL02CM.html,https://www.asahi.com/rss/asahi/newsheadlines.rdf,ok,,おくやみ
2026-09-11,2026-09-11T22:56:10.134909+09:00,全国紙,全国,毎日新聞,バレー推し:深津英臣、石川祐希と「『今の! 今の!』があった」 インド戦,https://mainichi.jp/articles/20260911/k00/00m/050/360000c,https://mainichi.jp/rss/etc/mainichi-flash.rss,ok,,ニュース
2026-09-11,2026-09-11T22:56:10.134909+09:00,全国紙,全国,毎日新聞,中部電力・勝野会長が辞任の意向 浜岡原発データ不正責任踏まえ,https://mainichi.jp/articles/20260911/k00/00m/020/368000c,https://mainichi.jp/rss/etc/mainichi-flash.rss,ok,,ニュース
2026-09-11,2026-09-11T22:56:10.134909+09:00,全国紙,全国,毎日新聞,米の8月消費者指数、前年比3.4%上昇 FRB利上げ判断は?,https://mainichi.jp/articles/20260911/k00/00m/020/366000c,https://mainichi.jp/rss/etc/mainichi-flash.rss,ok,,ニュース
2026-09-11,2026-09-11T22:56:10.134909+09:00,全国紙,全国,毎日新聞,バレー推し:小野寺太志「前の試合でできなかったことができた」アジア選手権,https://mainichi.jp/articles/20260911/k00/00m/050/365000c,https://mainichi.jp/rss/etc/mainichi-flash.rss,ok,,ニュース
2026-09-11,2026-09-11T22:56:10.134909+09:00,全国紙,全国,毎日新聞,片岡亀蔵さん死亡の火災 たばこの不始末疑い、知人を書類送検,https://mainichi.jp/articles/20260911/k00/00m/040/362000c,https://mainichi.jp/rss/etc/mainichi-flash.rss,ok,,ニュース
2026-09-11,2026-09-11T22:56:10.134909+09:00,全国紙,全国,毎日新聞,俳優の森本レオさん死去 83歳 「きかんしゃトーマス」で語り,https://mainichi.jp/articles/20260911/k00/00m/200/363000c,https://mainichi.jp/rss/etc/mainichi-flash.rss,ok,,ニュース
2026-09-11,2026-09-11T22:56:10.134909+09:00,全国紙,全国,毎日新聞,浜岡原発再稼働審査、困難と判断か 中部電力が申請取り下げ方針,https://mainichi.jp/articles/20260911/k00/00m/020/350000c,https://mainichi.jp/rss/etc/mainichi-flash.rss,ok,,ニュース
2026-09-11,2026-09-11T22:56:10.134909+09:00,全国紙,全国,毎日新聞,所得連動給付の財政負担割合、地方が国と合意 「苦渋の選択」も,https://mainichi.jp/articles/20260911/k00/00m/020/330000c,https://mainichi.jp/rss/etc/mainichi-flash.rss,ok,,ニュース
2026-09-11,2026-09-11T22:56:10.134909+09:00,全国紙,全国,毎日新聞,円安基調、ついに転換点? 米「圧力」の裏にある懸念とリスク,https://mainichi.jp/articles/20260911/k00/00m/020/331000c,https://mainichi.jp/rss/etc/mainichi-flash.rss,ok,,ニュース
2026-09-11,2026-09-11T22:56:10.134909+09:00,全国紙,全国,毎日新聞,横浜市長選 前衆院議員の中谷一馬氏、無所属で立候補を表明へ,https://mainichi.jp/articles/20260911/k00/00m/010/334000c,https://mainichi.jp/rss/etc/mainichi-flash.rss,ok,,ニュース
2026-09-11,2026-09-11T22:56:10.134909+09:00,全国紙,全国,毎日新聞,「目隠しされ殴られた」家に押し入り、かばん奪って逃走か 大阪,https://mainichi.jp/articles/20260911/k00/00m/040/333000c,https://mainichi.jp/rss/etc/mainichi-flash.rss,ok,,ニュース
2026-09-11,2026-09-11T22:56:10.134909+09:00,全国紙,全国,毎日新聞,対応力課題に 追加点奪えず韓国に逆転負け U18アジア選手権,https://mainichi.jp/articles/20260911/k00/00m/050/328000c,https://mainichi.jp/rss/etc/mainichi-flash.rss,ok,,ニュース
2026-09-11,2026-09-11T22:56:10.134909+09:00,全国紙,全国,毎日新聞,元気いっぱい37歳 ソフトバンク・柳田、ビッグイニングを演出,https://mainichi.jp/articles/20260911/k00/00m/050/321000c,https://mainichi.jp/rss/etc/mainichi-flash.rss,ok,,ニュース
2026-09-11,2026-09-11T22:56:10.134909+09:00,全国紙,全国,毎日新聞,高市首相、現閣僚らと「駆け込み」会食 17日にも内閣改造,https://mainichi.jp/articles/20260911/k00/00m/010/324000c,https://mainichi.jp/rss/etc/mainichi-flash.rss,ok,,ニュース
2026-09-11,2026-09-11T22:56:10.134909+09:00,全国紙,全国,毎日新聞,日本音コン・チェロ部門第2予選 本選出場者4人決まる,https://mainichi.jp/articles/20260911/k00/00m/200/322000c,https://mainichi.jp/rss/etc/mainichi-flash.rss,ok,,ニュース
2026-09-11,2026-09-11T22:56:10.134909+09:00,全国紙,全国,毎日新聞,横浜市長選 無所属新人の福山敦士氏が出馬表明 参政党が推薦,https://mainichi.jp/articles/20260911/k00/00m/310/320000c,https://mainichi.jp/rss/etc/mainichi-flash.rss,ok,,ニュース
2026-09-11,2026-09-11T22:56:10.134909+09:00,全国紙,全国,毎日新聞,参政党の参院議員を名誉毀損容疑で書類送検 選挙中のX投稿巡り,https://mainichi.jp/articles/20260911/k00/00m/040/316000c,https://mainichi.jp/rss/etc/mainichi-flash.rss,ok,,ニュース
2026-09-11,2026-09-11T22:56:10.134909+09:00,全国紙,全国,毎日新聞,想定外だった未就学児の「いじめ」 被害児童保護者が法改正訴え,https://mainichi.jp/articles/20260911/k00/00m/040/295000c,https://mainichi.jp/rss/etc/mainichi-flash.rss,ok,,ニュース
2026-09-11,2026-09-11T22:56:10.134909+09:00,全国紙,全国,毎日新聞,追加点奪えず韓国に逆転負け 対応力課題に U18アジア選手権,https://mainichi.jp/articles/20260911/k00/00m/050/291000c,https://mainichi.jp/rss/etc/mainichi-flash.rss,ok,,ニュース
2026-09-11,2026-09-11T22:56:10.134909+09:00,全国紙,全国,毎日新聞,映画の推し事:「オデュッセイア」と「オッペンハイマー」に通じる世界を変えた“英雄”の苦悩,https://mainichi.jp/articles/20260911/k00/00m/200/061000c,https://mainichi.jp/rss/etc/mainichi-flash.rss,ok,,ニュース
2026-09-11,2026-09-11T22:56:10.134909+09:00,全国紙,全国,日本経済新聞,,,,skipped,公式無料RSSなし。著作権ページで自動収集を明確に禁止しているため、自動取得の対象外とする。,
2026-09-11,2026-09-11T22:56:10.134909+09:00,全国紙,全国,産経新聞,<独自>高市首相が林総務相に留任打診、近く受諾するか判断 尾崎、佐藤両副長官は続投へ,https://www.sankei.com/article/20260911-ENA5CYK5LNMEHFXAO2HUJW77CE/,https://www.sankei.com/,ok,,
2026-09-11,2026-09-11T22:56:10.134909+09:00,全国紙,全国,産経新聞,俳優の森本レオさん死去 83歳 ドラマ「黄色い涙」で主演、穏やかなナレーションで人気,https://www.sankei.com/article/20260911-R3EC3KNJDNI35M3F7SG6MNTLRY/,https://www.sankei.com/,ok,,
2026-09-11,2026-09-11T22:56:10.134909+09:00,全国紙,全国,産経新聞,働く人の命が再び... 熊本のイオン爆発に怒り 東日本大震災の遺族が再発防止訴え,https://www.sankei.com/article/20260911-NFY3HP27CNJSPETGYC2HZOFFNQ/,https://www.sankei.com/,ok,,
2026-09-11,2026-09-11T22:56:10.134909+09:00,全国紙,全国,産経新聞,小泉防衛相の続投有力も評価二分 覚醒した? スタンドプレー? 内閣改造どうなる,https://www.sankei.com/article/20260911-DSQ42U4CY5NNHFBV5R5VATPVHE/,https://www.sankei.com/,ok,,
2026-09-11,2026-09-11T22:56:10.134909+09:00,全国紙,全国,産経新聞,中国、日本人ビザ料金を大幅引き上げ シングルは7倍の1万6750円、「相互主義」主張,https://www.sankei.com/article/20260911-WRDXMORZ2JKWTHZTHLUMKFUF54/,https://www.sankei.com/,ok,,
2026-09-11,2026-09-11T22:56:10.134909+09:00,全国紙,全国,産経新聞,<動画>激しく揺れる船内、子供の泣き声... 知床観光船事故の乗客が撮影した映像を復元,https://www.sankei.com/article/20260911-T6JE2XXRD5PFNJ3KCN4GQAFQW4/,https://www.sankei.com/,ok,,
2026-09-11,2026-09-11T22:56:10.134909+09:00,全国紙,全国,産経新聞,岩屋毅前外相がトップの貿易団体、27日から訪中 習近平指導部との面会を要請,https://www.sankei.com/article/20260911-EHYYWIUACRO2NPKNM66KV36CV4/,https://www.sankei.com/,ok,,
2026-09-11,2026-09-11T22:56:10.134909+09:00,全国紙,全国,産経新聞,<独自>北の露派兵、同盟1年前から協議 追悼施設に戦死者「2288」記録、若者が大半,https://www.sankei.com/article/20260911-WLN2XJL62VPPTJLYJRS2KAMG5E/,https://www.sankei.com/,ok,,
2026-09-11,2026-09-11T22:56:10.134909+09:00,全国紙,全国,産経新聞,本土復帰後の過去14回は7勝7敗、「保革」激戦の沖縄知事選 構図や主要争点に変化も,https://www.sankei.com/article/20260911-YLLUZ6PFTFMINGZESZLYAZMYQA/,https://www.sankei.com/,ok,,
2026-09-11,2026-09-11T22:56:10.134909+09:00,全国紙,全国,産経新聞,民主主義求めて実刑判決 情状酌量拒否した鄒氏、香港司法を痛烈批判「権力の操り人形に」,https://www.sankei.com/article/20260911-H2HGUFENRNJC7BORXU4J4OIGFQ/,https://www.sankei.com/,ok,,
2026-09-11,2026-09-11T22:56:10.134909+09:00,全国紙,全国,産経新聞,女性皇族、住民票に「氏名」ではなく「名」を記載 改正皇室典範施行に合わせ政令改正,https://www.sankei.com/article/20260911-AQVGJHW5GFKHFA36AIL2CLY6LM/,https://www.sankei.com/,ok,,
2026-09-11,2026-09-11T22:56:10.134909+09:00,全国紙,全国,産経新聞,片岡亀蔵さん死亡火災、失火で知人男性を書類送検,https://www.sankei.com/article/20260911-G3RK7NYQZ5N33BW7H5M4GOK6XI/,https://www.sankei.com/,ok,,
2026-09-11,2026-09-11T22:56:10.134909+09:00,全国紙,全国,産経新聞,消費減税財源、一部に法人増税論 経済界猛反発,https://www.sankei.com/article/20260911-LKVASX7KJJPV5ICHF5J4XGOZSI/,https://www.sankei.com/,ok,,
2026-09-11,2026-09-11T22:56:10.134909+09:00,全国紙,全国,産経新聞,原発事故で掛け軸など美術品汚染、東電に賠償命令,https://www.sankei.com/article/20260911-PW7FHVBZXBM7TPHH4EIBFVRODY/,https://www.sankei.com/,ok,,
2026-09-11,2026-09-11T22:56:10.134909+09:00,全国紙,全国,東京新聞,片岡亀蔵さんが亡くなった火災は「たばこの不始末」か 訪問先の住人男性を書類送検,https://www.tokyo-np.co.jp/article/515000,https://www.tokyo-np.co.jp/,ok,,
2026-09-11,2026-09-11T22:56:10.134909+09:00,全国紙,全国,東京新聞,東京都は「自腹」の恐れ...所得連動型給付 国から交付金ない見込み 小池知事「国の責任と財源で対応を」,https://www.tokyo-np.co.jp/article/514995,https://www.tokyo-np.co.jp/,ok,,
2026-09-11,2026-09-11T22:56:10.134909+09:00,全国紙,全国,東京新聞,ロシアに何を撤去要請した? 「菊花紋章破壊」ソ連兵像めぐり、国内向け説明と「食い違い」が判明,https://www.tokyo-np.co.jp/article/514993,https://www.tokyo-np.co.jp/,ok,,
2026-09-11,2026-09-11T22:56:10.134909+09:00,全国紙,全国,東京新聞,横浜市長選挙、会社経営者の福山敦士氏が出馬表明「今求められているのは市政改革」 10月18日投開票,https://www.tokyo-np.co.jp/article/514994,https://www.tokyo-np.co.jp/,ok,,
2026-09-11,2026-09-11T22:56:10.134909+09:00,全国紙,全国,東京新聞,豊昇龍、横綱での初優勝どころか「窮地」に...3場所連続休場、復帰場所には「進退」がかかる,https://www.tokyo-np.co.jp/article/514991,https://www.tokyo-np.co.jp/,ok,,
2026-09-11,2026-09-11T22:56:10.134909+09:00,全国紙,全国,東京新聞,消費税減税の財源「完全な白紙の状態だ」 自民党が税制大綱案を了承 「法人税引き上げ」の声も,https://www.tokyo-np.co.jp/article/514983,https://www.tokyo-np.co.jp/,ok,,
2026-09-11,2026-09-11T22:56:10.134909+09:00,全国紙,全国,東京新聞,重病で生活保護適用を求めたガーナ人の敗訴確定 最高裁が上告棄却、裁判長は反対意見「著しく人道に反する」,https://www.tokyo-np.co.jp/article/514965,https://www.tokyo-np.co.jp/,ok,,
2026-09-11,2026-09-11T22:56:10.134909+09:00,全国紙,全国,東京新聞,赤根智子所長らICC制裁「アメリカと粘り強く対話を」 上川陽子元外相ら司法外交議連が政府に申し入れ,https://www.tokyo-np.co.jp/article/514982,https://www.tokyo-np.co.jp/,ok,,
2026-09-11,2026-09-11T22:56:10.134909+09:00,全国紙,全国,東京新聞,収賄の罪に問われた日本郵便元社員、起訴内容を認め即日結審 ディズニー宿泊費を業者に負担させたか,https://www.tokyo-np.co.jp/article/514966,https://www.tokyo-np.co.jp/,ok,,
2026-09-11,2026-09-11T22:56:10.134909+09:00,全国紙,全国,東京新聞,都バス「バカヤロー」あおり運転に小池百合子知事「公共交通機関であってはならないこと」,https://www.tokyo-np.co.jp/article/514963,https://www.tokyo-np.co.jp/,ok,,
2026-09-11,2026-09-11T22:56:10.134909+09:00,全国紙,全国,東京新聞,トランプ氏「勝てば5000ドル」バラマキに必要な額は185兆円、年間軍事費に匹敵...債務膨張の恐れ,https://www.tokyo-np.co.jp/article/514954,https://www.tokyo-np.co.jp/,ok,,
2026-09-11,2026-09-11T22:56:10.134909+09:00,全国紙,全国,東京新聞,「掌上にひろがる星座のように」詩情あふれる銅版画...駒井哲郎の軌跡、葉山で紹介,https://www.tokyo-np.co.jp/article/514978,https://www.tokyo-np.co.jp/,ok,,
2026-09-11,2026-09-11T22:56:10.134909+09:00,全国紙,全国,東京新聞,小池百合子知事「学校や家庭内での基本的な感染予防を」 インフルエンザ流行「都内はだいたい1カ月早い」,https://www.tokyo-np.co.jp/article/514956,https://www.tokyo-np.co.jp/,ok,,
2026-09-11,2026-09-11T22:56:10.134909+09:00,全国紙,全国,東京新聞,資生堂、銀座に体験施設「ディグる?」 時代を彩った歴代広告のコピーをTシャツに 20日まで開催,https://www.tokyo-np.co.jp/article/514937,https://www.tokyo-np.co.jp/,ok,,
2026-09-11,2026-09-11T22:56:10.134909+09:00,全国紙,全国,東京新聞,〈東京新聞タイムカプセル 鉄道〉東北・上越・北陸新幹線,https://www.tokyo-np.co.jp/article/514992,https://www.tokyo-np.co.jp/,ok,,square
2026-09-11,2026-09-11T22:56:10.134909+09:00,全国紙,全国,中日新聞,関与疑いの会社役員、事件前日も来店か 岐阜・本巣ケーキ店事件、店主とトラブル?,https://www.chunichi.co.jp/article/1310140,https://www.chunichi.co.jp/,ok,,
2026-09-11,2026-09-11T22:56:10.134909+09:00,全国紙,全国,中日新聞,俳優の森本レオさんが死去 名古屋市出身、「きかんしゃトーマス」で語りを務める,https://www.chunichi.co.jp/article/1310132,https://www.chunichi.co.jp/,ok,,
2026-09-11,2026-09-11T22:56:10.134909+09:00,全国紙,全国,中日新聞,双極性障害とうつ病の患者をAIで高精度判別 浜松医科大などが成功、表情や話し方学習,https://www.chunichi.co.jp/article/1310090,https://www.chunichi.co.jp/,ok,,
2026-09-11,2026-09-11T22:56:10.134909+09:00,全国紙,全国,中日新聞,【動画】アジア大会北朝鮮選手団、訪日選手団として過去最大規模に 約180人がサッカーやレスリングなど15競技に出場,https://www.chunichi.co.jp/article/1309979,https://www.chunichi.co.jp/,ok,,
2026-09-11,2026-09-11T22:56:10.134909+09:00,全国紙,全国,中日新聞,名古屋市立大病院で薬剤耐性菌の院内感染発生 カルバペネム耐性腸内細菌目細菌検出、1人関連死の疑い,https://www.chunichi.co.jp/article/1310099,https://www.chunichi.co.jp/,ok,,
2026-09-11,2026-09-11T22:56:10.134909+09:00,全国紙,全国,中日新聞,車掌の合図で発車するはずだったが...車掌を乗せずに列車が発車 JR大糸線島内駅,https://www.chunichi.co.jp/article/1310102,https://www.chunichi.co.jp/,ok,,
2026-09-11,2026-09-11T22:56:10.134909+09:00,全国紙,全国,中日新聞,金城学院大共学化に6割超が反対 同窓会がアンケート、卒業生ら5千人回答,https://www.chunichi.co.jp/article/1310045,https://www.chunichi.co.jp/,ok,,
2026-09-11,2026-09-11T22:56:10.134909+09:00,全国紙,全国,中日新聞,同種と思われていたホタル、出現時期が異なる2つの別種と確認 90年前に草分け研究者が言及、中部大教授ら検証,https://www.chunichi.co.jp/article/1310057,https://www.chunichi.co.jp/,ok,,
2026-09-11,2026-09-11T22:56:10.134909+09:00,全国紙,全国,中日新聞,中日・柳裕也、15日先発予想の甲子園は打席で”爪痕”残す!「悔いのないように」高3センバツでは後の同僚・岡野から本塁打,https://www.chunichi.co.jp/article/1310078,https://www.chunichi.co.jp/,ok,,
2026-09-11,2026-09-11T22:56:10.134909+09:00,地方紙,北海道,北海道新聞,,,,skipped,公式RSSはあるが、見出し・本文の公開(再配信)を認めない旨の規約があるため自動取得の対象外とする。,
2026-09-11,2026-09-11T22:56:10.134909+09:00,地方紙,宮城,河北新報,,,,skipped,robots.txtが/rss/をDisallowしておりRSS購読不可。私的利用限定・二次利用禁止の規約があるため自動取得の対象外とする。,
2026-09-11,2026-09-11T22:56:10.134909+09:00,地方紙,新潟,新潟日報,,,,skipped,利用規約でデータマイニング・テキストマイニング・AI学習目的の情報処理・解析利用を明示的に禁止しているため自動取得の対象外とする。,
2026-09-11,2026-09-11T22:56:10.134909+09:00,地方紙,長野,信濃毎日新聞,残業最大113時間 講師自殺、遺族が佐久大側を提訴 遺族「業務過多を放置」09/11 21:40,https://www.shinmai.co.jp/news/article/gf01dahuaiqknkjb9uc4ppp0,https://www.shinmai.co.jp/,ok,,
2026-09-11,2026-09-11T22:56:10.134909+09:00,地方紙,長野,信濃毎日新聞,長野県で外来カミキリの被害拡大 東御市のサクラの木で確認09/11 20:59,https://www.shinmai.co.jp/news/article/gf01dahu5niknkjb9uc4po50,https://www.shinmai.co.jp/,ok,,
2026-09-11,2026-09-11T22:56:10.134909+09:00,地方紙,長野,信濃毎日新聞,松本市あがたの森公園のヒマラヤスギ伐採、市民の声反映へ 市教委が議会に説明09/11 20:47,https://www.shinmai.co.jp/news/article/gf01dahu8pttvnso9aa6a490,https://www.shinmai.co.jp/,ok,,
2026-09-11,2026-09-11T22:56:10.134909+09:00,地方紙,長野,信濃毎日新聞,おくやみ速報(9月12日付分)09/11 20:00,https://www.shinmai.co.jp/news/article/gf01dahtui5tvnso9aa6a1ng,https://www.shinmai.co.jp/,ok,,
2026-09-11,2026-09-11T22:56:10.134909+09:00,地方紙,長野,信濃毎日新聞,3学校も職場も無理しない 「テキトーな距離感」で人生豊かに,https://www.shinmai.co.jp/news/article/gfkn2026082801001499,https://www.shinmai.co.jp/,ok,,
2026-09-11,2026-09-11T22:56:10.134909+09:00,地方紙,長野,信濃毎日新聞,4塩尻市長選、13日告示 無所属2人が立候補を予定,https://www.shinmai.co.jp/news/article/gf01dahvk4ltvnso9aa6adpg,https://www.shinmai.co.jp/,ok,,
2026-09-11,2026-09-11T22:56:10.134909+09:00,地方紙,長野,信濃毎日新聞,5生坂中1年生が育てたブドウ、3分で完売 道の駅で70房を販売,https://www.shinmai.co.jp/news/article/gf01dahu92aknkjb9uc4ppcg,https://www.shinmai.co.jp/,ok,,
2026-09-11,2026-09-11T22:56:10.134909+09:00,地方紙,長野,信濃毎日新聞,6辰野町の男を詐欺未遂で起訴,https://www.shinmai.co.jp/news/article/gf01dahsf5aknkjb9uc4pab0,https://www.shinmai.co.jp/,ok,,
2026-09-11,2026-09-11T22:56:10.134909+09:00,地方紙,長野,信濃毎日新聞,835億円を投じる立科町のスキー場再整備、2040年までの経済効果を計81億円余と試算,https://www.shinmai.co.jp/news/article/gf01dah76lkvl121or84h7bg,https://www.shinmai.co.jp/,ok,,
2026-09-11,2026-09-11T22:56:10.134909+09:00,地方紙,静岡,静岡新聞,,,https://www.at-s.com/,error,405 Client Error: Not Allowed for url: https://www.at-s.com/,
2026-09-11,2026-09-11T22:56:10.134909+09:00,地方紙,京都,京都新聞,速報フィリピン沖の船舶火災、死者35人に,https://www.kyoto-np.co.jp/articles/-/1789407,https://www.kyoto-np.co.jp/,ok,,
2026-09-11,2026-09-11T22:56:10.134909+09:00,地方紙,京都,京都新聞,【速報】関西で200店舗展開のクリーニング大手が京都市の同業を買収 完全子会社化17:50市内関西のクリーニング大手ノムラクリーニング(大阪府八尾市)は、京都市と大阪府豊中市の同業2社の全株式を取得し、,https://www.kyoto-np.co.jp/articles/-/1789204,https://www.kyoto-np.co.jp/,ok,,
2026-09-11,2026-09-11T22:56:10.134909+09:00,地方紙,京都,京都新聞,京都府南部で建設中「新名神高速道路」進ちょく具合は? 大津-城陽区間、6車線化へ、橋脚も増設5:00地域京都府城陽市内で建設中の新名神高速道路城陽ジャンクション(JCT)・インターチェンジ(IC)-城陽スマートIC(仮称)の工事現場を、西日本...,https://www.kyoto-np.co.jp/articles/-/1788190,https://www.kyoto-np.co.jp/,ok,,
2026-09-11,2026-09-11T22:56:10.134909+09:00,地方紙,兵庫,神戸新聞,クマ出没、兵庫で多くなる可能性 県全域で餌のドングリ類「凶作」 一層の警戒呼びかけ,https://www.kobe-np.co.jp/news/economy/202609/0020809495.shtml,https://www.kobe-np.co.jp/,ok,,
2026-09-11,2026-09-11T22:56:10.134909+09:00,地方紙,兵庫,神戸新聞,「はばタンペイプラス」第6弾発行へ 全県民が対象、プレミアム率は25%,https://www.kobe-np.co.jp/news/society/202609/0020809499.shtml,https://www.kobe-np.co.jp/,ok,,
2026-09-11,2026-09-11T22:56:10.134909+09:00,地方紙,兵庫,神戸新聞,神戸を愛した漫画家・水木しげるさんの世界 代表作の原画、少年時代の風景画など350点 神戸で特別展,https://www.kobe-np.co.jp/news/culture/202609/0020809407.shtml,https://www.kobe-np.co.jp/,ok,,
2026-09-11,2026-09-11T22:56:10.134909+09:00,地方紙,兵庫,神戸新聞,維新から除名処分の門県議と「躍動の会」が新会派結成 増山氏が幹事長,https://www.kobe-np.co.jp/news/society/202609/0020809190.shtml,https://www.kobe-np.co.jp/,ok,,
2026-09-11,2026-09-11T22:56:10.134909+09:00,地方紙,兵庫,神戸新聞,ヴィッセル神戸、DF山川の攻守で鹿島に競り勝つ 昨年5月以来のリーグ戦4連勝,https://www.kobe-np.co.jp/news/sports/202609/0020809995.shtml,https://www.kobe-np.co.jp/,ok,,
2026-09-11,2026-09-11T22:56:10.134909+09:00,地方紙,兵庫,神戸新聞,改造銃11丁などを所持した疑い 尼崎の51歳の男を逮捕、送検 「銃の構造に興味」 兵庫県警など,https://www.kobe-np.co.jp/news/jiken/202609/0020808995.shtml,https://www.kobe-np.co.jp/,ok,,
2026-09-11,2026-09-11T22:56:10.134909+09:00,地方紙,兵庫,神戸新聞,トーホー、26年7月中間連結決算 純利益、前期比32.3%増 インバウンド需要が追い風、外食向け堅調,https://www.kobe-np.co.jp/news/economy/202609/0020809596.shtml,https://www.kobe-np.co.jp/,ok,,
2026-09-11,2026-09-11T22:56:10.134909+09:00,地方紙,兵庫,神戸新聞,踏切制御装置にスプレーで落書きした容疑 西宮の39歳の男逮捕 「アート作品です」容疑否認,https://www.kobe-np.co.jp/news/jiken/202609/0020809853.shtml,https://www.kobe-np.co.jp/,ok,,
2026-09-11,2026-09-11T22:56:10.134909+09:00,地方紙,兵庫,神戸新聞,高校女子野球の神戸弘陵 「無冠の世代」が全国制覇で有終の美,https://www.kobe-np.co.jp/news/sports/202609/0020809429.shtml,https://www.kobe-np.co.jp/,ok,,
2026-09-11,2026-09-11T22:56:10.134909+09:00,地方紙,兵庫,神戸新聞,人気アニメとコラボ,https://www.kobe-np.co.jp/news/economy/202609/0020808779.shtml,https://www.kobe-np.co.jp/,ok,,
2026-09-11,2026-09-11T22:56:10.134909+09:00,地方紙,兵庫,神戸新聞,走ってきた車に車を衝突させ壊した器物損壊の容疑 31歳の女逮捕 「死のうと思った」 豊岡署,https://www.kobe-np.co.jp/news/jiken/202609/0020810031.shtml,https://www.kobe-np.co.jp/,ok,,
2026-09-11,2026-09-11T22:56:10.134909+09:00,地方紙,兵庫,神戸新聞,知人男性の太ももを刺し重傷を負わせた殺人未遂の容疑、男女4人逮捕 兵庫県警,https://www.kobe-np.co.jp/news/jiken/202609/0020809905.shtml,https://www.kobe-np.co.jp/,ok,,
2026-09-11,2026-09-11T22:56:10.134909+09:00,地方紙,広島,中国新聞,,,,skipped,利用規約でAI開発目的のディープラーニング等の情報処理・解析利用を明示的に禁止しているため自動取得の対象外とする。,
2026-09-11,2026-09-11T22:56:10.134909+09:00,地方紙,福岡,西日本新聞,,,,skipped,公式RSSはあるが、利用規約でAI学習目的の情報処理・解析利用を明示的に禁止しているため自動取得の対象外とする。,
2026-09-11,2026-09-11T22:56:10.134909+09:00,地方紙,熊本,熊本日日新聞,バスケ日本、2連勝で準々決勝へ,https://kumanichi.com/articles/2035093,https://kumanichi.com/rss.xml,ok,,
2026-09-11,2026-09-11T22:56:10.134909+09:00,地方紙,熊本,熊本日日新聞,たばこ不始末疑い書類送検,https://kumanichi.com/articles/2035106,https://kumanichi.com/rss.xml,ok,,
2026-09-11,2026-09-11T22:56:10.134909+09:00,地方紙,熊本,熊本日日新聞,同時テロ25年、各地で追悼,https://kumanichi.com/articles/2035099,https://kumanichi.com/rss.xml,ok,,
2026-09-11,2026-09-11T22:56:10.134909+09:00,地方紙,熊本,熊本日日新聞,フィリピン沖の船舶火災、死者35人に,https://kumanichi.com/articles/2035107,https://kumanichi.com/rss.xml,ok,,
2026-09-11,2026-09-11T22:56:10.134909+09:00,地方紙,熊本,熊本日日新聞,「罹災証明書」 住家の被害程度、6区分で判定 住家以外は被災証明書【被災者ナビ1】,https://kumanichi.com/articles/2034977,https://kumanichi.com/rss.xml,ok,,
2026-09-11,2026-09-11T22:56:10.134909+09:00,地方紙,熊本,熊本日日新聞,俳優森本レオさん死去、83歳,https://kumanichi.com/articles/2035090,https://kumanichi.com/rss.xml,ok,,
2026-09-11,2026-09-11T22:56:10.134909+09:00,地方紙,熊本,熊本日日新聞,浜岡原発の再稼働審査取り下げへ,https://kumanichi.com/articles/2034854,https://kumanichi.com/rss.xml,ok,,
2026-09-11,2026-09-11T22:56:10.134909+09:00,地方紙,熊本,熊本日日新聞,天然アユ、奈良の川が優勝,https://kumanichi.com/articles/2035098,https://kumanichi.com/rss.xml,ok,,
2026-09-11,2026-09-11T22:56:10.134909+09:00,地方紙,熊本,熊本日日新聞,歌舞伎俳優死亡の火災で、知人男性書類送検,https://kumanichi.com/articles/2035100,https://kumanichi.com/rss.xml,ok,,
2026-09-11,2026-09-11T22:56:10.134909+09:00,地方紙,鹿児島,南日本新聞,薩摩川内市がGX地域に 脱炭素の戦略拠点へ...350メガワット級AIデータセンター計画を国が支援脱炭素の加速に向けて補助金や規制緩和で産業集積を図る国の認定制度「GX(グリーントランスフォーメーション)戦略地域」に11日、鹿児島県が選ばれた。薩摩川内市で国内最大級350メガワットの人工知能(AI)データセンターの整備が計画されており、国が支援する。塩田康一知事は「高いポテンシャルがあると認められ、大変喜ばしい」とコメントした。 経済産業省が全国18地域を認定した。国が民間投資を促し9月11日 21:18,https://373news.com/news/local/detail/239458/,https://373news.com/,ok,,local
2026-09-11,2026-09-11T22:56:10.134909+09:00,地方紙,鹿児島,南日本新聞,陸自霧島演習場でのオスプレイ恒常訓練始まる――佐賀駐屯地から飛来9月11日 22:30,https://373news.com/news/local/detail/239463/,https://373news.com/,ok,,local
2026-09-11,2026-09-11T22:56:10.134909+09:00,地方紙,鹿児島,南日本新聞,海自鹿屋基地の哨戒ヘリ、またソナードーム落下――6月に続き2度目、大隅海峡で捜索中9月11日 22:00,https://373news.com/news/local/detail/239457/,https://373news.com/,ok,,local
2026-09-11,2026-09-11T22:56:10.134909+09:00,地方紙,鹿児島,南日本新聞,法人企業景気予測調査 鹿児島県内は2期連続マイナス 鹿児島財務事務所「中東情勢と節約志向で販売不振」9月11日 21:40,https://373news.com/news/local/detail/239459/,https://373news.com/,ok,,local
2026-09-11,2026-09-11T22:56:10.134909+09:00,地方紙,鹿児島,南日本新聞,熊本地震で宿泊キャンセル......観光「弱めの動き」に1年ぶり判断下げ 日銀鹿児島支店、全体は「緩やかに回復」9月11日 21:34,https://373news.com/news/local/detail/239460/,https://373news.com/,ok,,local
2026-09-11,2026-09-11T22:56:10.134909+09:00,地方紙,鹿児島,南日本新聞,最高賞――普通煎茶は吉野製茶(志布志市) 深蒸しは田原さん(鹿屋市) 鹿児島県茶品評会9月11日 21:28,https://373news.com/news/local/detail/239461/,https://373news.com/,ok,,local
2026-09-11,2026-09-11T22:56:10.134909+09:00,地方紙,鹿児島,南日本新聞,果実・果菜類の病害虫ミカンコミバエ 上甑島で14匹誘殺 鹿児島県内で本年度7市町84匹に9月11日 21:25,https://373news.com/news/local/detail/239462/,https://373news.com/,ok,,local
2026-09-11,2026-09-11T22:56:10.134909+09:00,地方紙,鹿児島,南日本新聞,「一人一人が役割を果たせた」...川内北中男子バレー部が3年ぶり全国大会で初の決勝トーナメント進出、市長表敬し報告9月11日 20:00,https://373news.com/news/local/detail/239420/,https://373news.com/,ok,,local
2026-09-11,2026-09-11T22:56:10.134909+09:00,地方紙,鹿児島,南日本新聞,2040年の高校入学者減少見据え「多様な学び保障」...鹿児島県教委が県立高校将来ビジョン素案―文理横断の「新しい普通科」設置も検討へ9月11日 19:46,https://373news.com/news/local/detail/239450/,https://373news.com/,ok,,local
2026-09-11,2026-09-11T22:56:10.134909+09:00,地方紙,沖縄,琉球新報,,,,skipped,利用規約で複製・複写・送信・頒布・蓄積・転載等を会社の承認なく行うことを広範に禁止しているため自動取得の対象外とする。,
2026-09-11,2026-09-11T22:56:10.134909+09:00,地方紙,沖縄,沖縄タイムス,糸満・死亡事故後にエトミデート投げ捨てたか 飲食店従業員、初公判で所持・使用認める18:52有料#事件・事故,https://www.okinawatimes.co.jp/articles/-/1922092,https://www.okinawatimes.co.jp/,ok,,
2026-09-11,2026-09-11T22:56:10.134909+09:00,地方紙,沖縄,沖縄タイムス,大宜味の工芸作家が集結 10工房の作品を展示即売 那覇のタイムスビルで12日まで18:34#大宜味村,https://www.okinawatimes.co.jp/articles/-/1922102,https://www.okinawatimes.co.jp/,ok,,
2026-09-11,2026-09-11T22:56:10.134909+09:00,地方紙,沖縄,沖縄タイムス,【9/13(日)】沖縄統一地方選の開票速報|23市町村議選・3町村長選・2県議補選16:30#統一地方選,https://www.okinawatimes.co.jp/articles/-/1921328,https://www.okinawatimes.co.jp/,ok,,
2026-09-11,2026-09-11T22:56:10.134909+09:00,地方紙,沖縄,沖縄タイムス,ウィーンの伝統菓子でアフタヌーンティー ダブルツリーbyヒルトン那覇首里城 11月30日まで10:00#グルメ,https://www.okinawatimes.co.jp/articles/-/1921767,https://www.okinawatimes.co.jp/,ok,,
2026-09-11,2026-09-11T22:56:10.134909+09:00,全国紙,全国,日本経済新聞,11日の高市首相の動静,https://www.nikkei.com/article/DGXZQOUA110QE0R10C26A9000000/,https://news.ceek.jp/search.cgi?category_id=politics&feed=1,ok,,政治
2026-09-11,2026-09-11T22:56:10.134909+09:00,全国紙,全国,読売新聞,横浜市長選、前衆院議員の中谷一馬氏が出馬意向...昨年出馬の福山敦士氏は立候補表明,https://www.yomiuri.co.jp/election/20260911-GYT1T00296/,https://news.ceek.jp/search.cgi?category_id=politics&feed=1,ok,,政治
2026-09-11,2026-09-11T22:56:10.134909+09:00,全国紙,全国,日本経済新聞,高市首相、閣僚らと公邸で会食 内閣改造を前に慰労,https://www.nikkei.com/article/DGXZQOUA116CG0R10C26A9000000/,https://news.ceek.jp/search.cgi?category_id=politics&feed=1,ok,,政治
2026-09-11,2026-09-11T22:56:10.134909+09:00,全国紙,全国,朝日新聞,広島県呉市の複合防衛拠点計画 被爆者や政治家、住民の受け止めは,https://www.asahi.com/articles/ASV9C420SV9CPITB00PM.html,https://news.ceek.jp/search.cgi?category_id=politics&feed=1,ok,,政治
2026-09-11,2026-09-11T22:56:10.134909+09:00,全国紙,全国,朝日新聞,呉の「複合防衛拠点」計画 製造する無人機の種類は?輸出可能性は?,https://www.asahi.com/articles/ASV9C41PZV9CPITB00LM.html,https://news.ceek.jp/search.cgi?category_id=politics&feed=1,ok,,政治
2026-09-11,2026-09-11T22:56:10.134909+09:00,全国紙,全国,朝日新聞,防衛省「複合防衛拠点」イメージ図を提示 水上・水中無人機製造など,https://www.asahi.com/articles/ASV9C3WK1V9CPTIL00FM.html,https://news.ceek.jp/search.cgi?category_id=politics&feed=1,ok,,政治
2026-09-11,2026-09-11T22:56:10.134909+09:00,その他メディア,,デイリースポーツ,首相、改造前に閣僚と会食,https://www.daily.co.jp/society/politics/2026/09/11/0020809611.shtml,https://news.ceek.jp/search.cgi?category_id=politics&feed=1,ok,,政治
2026-09-11,2026-09-11T22:56:10.134909+09:00,その他メディア,,共同通信,首相、改造前に閣僚と会食 特別国会踏まえ慰労,https://www.47news.jp/14926864.html,https://news.ceek.jp/search.cgi?category_id=politics&feed=1,ok,,政治
2026-09-11,2026-09-11T22:56:10.134909+09:00,その他メディア,,TOKYO MX,都バス運転手が不必要にクラクションやパッシング繰り返すあおり運転か、書類送検 「バカヤロー」暴言も,https://s.mxtv.jp/mxnews/article/tosei/1fmzulnm466hsoulm.html,https://news.ceek.jp/search.cgi?category_id=politics&feed=1,ok,,政治
2026-09-11,2026-09-11T22:56:10.134909+09:00,全国紙,全国,読売新聞,高市首相、首相公邸で夕食会開き閣僚ねぎらう...片山財務相「笑いを交えた話ばかりだった」,https://www.yomiuri.co.jp/politics/20260911-GYT1T00263/,https://news.ceek.jp/search.cgi?category_id=politics&feed=1,ok,,政治
2026-09-11,2026-09-11T22:56:10.134909+09:00,その他メディア,,フジテレビ,【速報】「高市総理から労いの言葉」片山財務大臣 内閣改造目前の総理・閣僚の夕食会「楽しい笑いを交えた話ばかりだった」,https://www.fnn.jp/articles/-/1112790,https://news.ceek.jp/search.cgi?category_id=politics&feed=1,ok,,政治
2026-09-11,2026-09-11T22:56:10.134909+09:00,全国紙,全国,産経新聞,横浜市長選に会社社長の福山氏が出馬表明 昨夏に続き2度目の挑戦、参政党が推薦,https://www.sankei.com/article/20260911-YVXXFX3DFFLT3DSC5RPEKKOS2I/,https://news.ceek.jp/search.cgi?category_id=politics&feed=1,ok,,政治
2026-09-11,2026-09-11T22:56:10.134909+09:00,その他メディア,,デイリースポーツ,吉村・維新代表、古謝氏応援演説,https://www.daily.co.jp/society/politics/2026/09/11/0020809633.shtml,https://news.ceek.jp/search.cgi?category_id=politics&feed=1,ok,,政治
2026-09-11,2026-09-11T22:56:10.134909+09:00,全国紙,全国,産経新聞,北京でサービス産業の展示会 国内外の1800社超、日本勢はジェトロが健康関連など出展,https://www.sankei.com/article/20260911-O2BJJMP5YBLNDB6MN2UIIX5EVY/,https://news.ceek.jp/search.cgi?category_id=politics&feed=1,ok,,政治
2026-09-11,2026-09-11T22:56:10.134909+09:00,その他メディア,,共同通信,吉村・維新代表、古謝氏応援演説 「沖縄を前に進めて」,https://www.47news.jp/14926869.html,https://news.ceek.jp/search.cgi?category_id=politics&feed=1,ok,,政治
2026-09-11,2026-09-11T22:56:10.134909+09:00,全国紙,全国,日本経済新聞,自民・森山前幹事長、林総務相は「首相の能力もつ」 閣僚経験を評価,https://www.nikkei.com/article/DGXZQOUA1166X0R10C26A9000000/,https://news.ceek.jp/search.cgi?category_id=politics&feed=1,ok,,政治
2026-09-11,2026-09-11T22:56:10.134909+09:00,全国紙,全国,毎日新聞,沖縄県知事選のX投稿件数、宮城県知事選の5倍 誤情報や中傷も,https://mainichi.jp/articles/20260911/k00/00m/010/277000c,https://news.ceek.jp/search.cgi?category_id=politics&feed=1,ok,,政治
2026-09-11,2026-09-11T22:56:10.134909+09:00,その他メディア,,フジテレビ,《ニュースで振り返る福島県の1週間》9月7日~ 大雨で冠水・1人死亡/県議会定数削減/多額窃盗で判決,https://www.fnn.jp/articles/-/1112783,https://news.ceek.jp/search.cgi?category_id=politics&feed=1,ok,,政治
2026-09-11,2026-09-11T22:56:10.134909+09:00,その他メディア,,Abema TIMES,"「さほど労力をかけずに確認できるのに...」日本郵便巡るデータ復元“必要ない"" 介入疑惑に林大臣「確認する必要ない」",https://times.abema.tv/articles/-/10272606?page=1,https://news.ceek.jp/search.cgi?category_id=politics&feed=1,ok,,政治
2026-09-11,2026-09-11T22:56:10.134909+09:00,全国紙,全国,読売新聞,国民民主、代表選の投票用紙郵送漏れ問題で検証委設置へ...玉木氏3選で前体制ほぼ維持,https://www.yomiuri.co.jp/politics/20260911-GYT1T00251/,https://news.ceek.jp/search.cgi?category_id=politics&feed=1,ok,,政治
2026-09-11,2026-09-11T22:56:10.134909+09:00,その他メディア,,Abema TIMES,高市総理 博覧会マスコットに褒められ「気分あがった」,https://times.abema.tv/articles/-/10272584?page=1,https://news.ceek.jp/search.cgi?category_id=politics&feed=1,ok,,政治
2026-09-11,2026-09-11T22:56:10.134909+09:00,全国紙,全国,毎日新聞,中道・小川氏、新党は「来週中に一定の結論」 立憲出身者で結成,https://mainichi.jp/articles/20260911/k00/00m/010/265000c,https://news.ceek.jp/search.cgi?category_id=politics&feed=1,ok,,政治
2026-09-11,2026-09-11T22:56:10.134909+09:00,その他メディア,,フジテレビ,降霜被害で収穫見込めず ヤマブドウ農家支援へ 葛巻町議会が補正予算可決 岩手県,https://www.fnn.jp/articles/-/1112752,https://news.ceek.jp/search.cgi?category_id=politics&feed=1,ok,,政治
2026-09-11,2026-09-11T22:56:10.134909+09:00,全国紙,全国,産経新聞,プーチン氏択捉島訪問の対抗措置とられず 茂木外相は駐露大使召還「考えていない」と明言,https://www.sankei.com/article/20260911-45TLP67MWZL6FLQOWHBWNZMFMY/,https://news.ceek.jp/search.cgi?category_id=politics&feed=1,ok,,政治
2026-09-11,2026-09-11T22:56:10.134909+09:00,その他メディア,,フジテレビ,福島県知事選挙に向けてポスター掲示板の設置作業 福島市では417カ所 10月8日告示・25日投開票,https://www.fnn.jp/articles/-/1112741,https://news.ceek.jp/search.cgi?category_id=politics&feed=1,ok,,政治
2026-09-11,2026-09-11T22:56:10.134909+09:00,全国紙,全国,朝日新聞,【ライブ予告】沖縄県知事選、13日夜に開票速報 候補者や争点は,https://www.asahi.com/articles/ASV8V30Q1V8VDIFI00YM.html,https://news.ceek.jp/search.cgi?category_id=politics&feed=1,ok,,政治
2026-09-11,2026-09-11T22:56:10.134909+09:00,その他メディア,,フジテレビ,酒気帯び運転の広島県の男性職員(58) 停職4カ月の懲戒処分、退職 基準値2倍以上のアルコール検出,https://www.fnn.jp/articles/-/1112733,https://news.ceek.jp/search.cgi?category_id=politics&feed=1,ok,,政治
2026-09-11,2026-09-11T22:56:10.134909+09:00,その他メディア,,共同通信,首相、閣僚担務の再編検討 AI担当とデジタル相の兼任有力,https://www.47news.jp/14926003.html,https://news.ceek.jp/search.cgi?category_id=politics&feed=1,ok,,政治
2026-09-11,2026-09-11T22:56:10.134909+09:00,全国紙,全国,産経新聞,木の内装、仕事の生産性向上にも効果? 国産木材の需要開拓へ政府が検証支援,https://www.sankei.com/article/20260911-CXATGFXRJRKBVE6TREWWFOTH7E/,https://news.ceek.jp/search.cgi?category_id=politics&feed=1,ok,,政治
2026-09-11,2026-09-11T22:56:10.134909+09:00,その他メディア,,フジテレビ,過去7番目の規模・9月補正予算226億6500万円 大雨被害復旧費用・アンテナショップ機能強化 山形,https://www.fnn.jp/articles/-/1112725,https://news.ceek.jp/search.cgi?category_id=politics&feed=1,ok,,政治
2026-09-11,2026-09-11T22:56:10.134909+09:00,全国紙,全国,日本経済新聞,ICC所長制裁「即時撤回要求を」 人権外交議連、15日に政府に提言へ,https://www.nikkei.com/article/DGXZQOUA111810R10C26A9000000/,https://news.ceek.jp/search.cgi?category_id=politics&feed=1,ok,,政治
2026-09-11,2026-09-11T22:56:10.134909+09:00,その他メディア,,日本テレビ,日中友好議員連盟、13日から若手議員による訪中団派遣...与野党5党から参加,https://news.ntv.co.jp/category/politics/0c82026f38f84f3da70947d22794dc2c,https://news.ceek.jp/search.cgi?category_id=politics&feed=1,ok,,政治
2026-09-11,2026-09-11T22:56:10.134909+09:00,その他メディア,,フジテレビ,食料品の消費減税 自民が税制改正大綱案を了承 引き下げ「2年限り」と明記 15日閣議決定へ,https://www.fnn.jp/articles/-/1112688,https://news.ceek.jp/search.cgi?category_id=politics&feed=1,ok,,政治
2026-09-11,2026-09-11T22:56:10.134909+09:00,その他メディア,,フジテレビ,斎藤知事「使いやすさや事務コスト、迅速な支給を考慮し、現行制度を継続」 兵庫県が補正予算計上 約7割が「はばタンPAY+」第6弾に 「県民以外でも申し込みできる」と問題視されていたシステムは変更なし,https://www.fnn.jp/articles/-/1112696,https://news.ceek.jp/search.cgi?category_id=politics&feed=1,ok,,政治
2026-09-11,2026-09-11T22:56:10.134909+09:00,全国紙,全国,日本経済新聞,日中友好議連が13日訪中 自民・高村正大氏が団長、議員外交の契機に,https://www.nikkei.com/article/DGXZQOUA116D70R10C26A9000000/,https://news.ceek.jp/search.cgi?category_id=politics&feed=1,ok,,政治
2026-09-11,2026-09-11T22:56:10.134909+09:00,全国紙,全国,毎日新聞,国民民主、主要幹部は続投 代表選争った橋本氏は幹事長代理に,https://mainichi.jp/articles/20260911/k00/00m/010/247000c,https://news.ceek.jp/search.cgi?category_id=politics&feed=1,ok,,政治
2026-09-11,2026-09-11T22:56:10.134909+09:00,全国紙,全国,産経新聞,パワハラで陸自1佐停職処分 部下に暴言、過剰なノルマ 2人が精神疾患を発症 富士学校,https://www.sankei.com/article/20260911-4WCS6O5B2BN7HCNOSZOVSVGO7A/,https://news.ceek.jp/search.cgi?category_id=politics&feed=1,ok,,政治
2026-09-11,2026-09-11T22:56:10.134909+09:00,その他メディア,,フジテレビ,"自治体の要請で店舗駐車場を“一時避難所""として開放 災害時、車ごとヤマザワ駐車場に逃げ込める 山形",https://www.fnn.jp/articles/-/1112683,https://news.ceek.jp/search.cgi?category_id=politics&feed=1,ok,,政治
2026-09-11,2026-09-11T22:56:10.134909+09:00,その他メディア,,フジテレビ,"高市総理 公邸で政権発足後初の夕食会 “留任""片山大臣や小泉大臣、処遇焦点の林大臣ら 出張中の閣僚除く 来週にも内閣改造",https://www.fnn.jp/articles/-/1112649,https://news.ceek.jp/search.cgi?category_id=politics&feed=1,ok,,政治
2026-09-11,2026-09-11T22:56:10.134909+09:00,全国紙,全国,朝日新聞,原子力潜水艦の保有「選択肢として排除せず」 小泉防衛相、会見で,https://www.asahi.com/articles/ASV9C2VWCV9CUTFK00PM.html,https://news.ceek.jp/search.cgi?category_id=politics&feed=1,ok,,政治
2026-09-11,2026-09-11T22:56:10.134909+09:00,全国紙,全国,日本経済新聞,中部電力の不適切事案「極めて遺憾」 木原官房長官、再発防止求める,https://www.nikkei.com/article/DGXZQOUA117LK0R10C26A9000000/,https://news.ceek.jp/search.cgi?category_id=politics&feed=1,ok,,政治
2026-09-11,2026-09-11T22:56:10.134909+09:00,全国紙,全国,朝日新聞,日中友好議連の若手訪中団、13日から訪中へ 超党派の議員外交図る,https://www.asahi.com/articles/ASV9C32FGV9CUTFK010M.html,https://news.ceek.jp/search.cgi?category_id=politics&feed=1,ok,,政治
2026-09-11,2026-09-11T22:56:10.134909+09:00,その他メディア,,フジテレビ,【街の声・観光関係者は】かごしま観光応援割 どう思う? 観光の追い風となるか,https://www.fnn.jp/articles/-/1112707,https://news.ceek.jp/search.cgi?category_id=politics&feed=1,ok,,政治
2026-09-11,2026-09-11T22:56:10.134909+09:00,その他メディア,,デイリースポーツ,福岡市長選に調氏出馬表明,https://www.daily.co.jp/society/politics/2026/09/11/0020809234.shtml,https://news.ceek.jp/search.cgi?category_id=politics&feed=1,ok,,政治
2026-09-11,2026-09-11T22:56:10.134909+09:00,その他メディア,,共同通信,福岡市長選に調氏出馬表明 市議、自民推薦求める,https://www.47news.jp/14926354.html,https://news.ceek.jp/search.cgi?category_id=politics&feed=1,ok,,政治
2026-09-11,2026-09-11T22:56:10.134909+09:00,全国紙,全国,産経新聞,不法就労の実態把握へ入管庁が対策強化 10月以降、解体現場やヤード立ち入り想定,https://www.sankei.com/article/20260911-U2XLU75CIRNFTG2EECEIKLQKWE/,https://news.ceek.jp/search.cgi?category_id=politics&feed=1,ok,,政治
2026-09-11,2026-09-11T22:56:10.134909+09:00,全国紙,全国,毎日新聞,"日中議連、若手議員団を北京派遣 幹部訪中への“足がかり""期待",https://mainichi.jp/articles/20260911/k00/00m/010/232000c,https://news.ceek.jp/search.cgi?category_id=politics&feed=1,ok,,政治
2026-09-11,2026-09-11T22:56:10.134909+09:00,その他メディア,,Abema TIMES,「遺伝的要因のおそろしさを感じる」書き込みが東大の国際卓越研究大学の審査に影響する? 松本文科大臣の回答は,https://times.abema.tv/articles/-/10272566?page=1,https://news.ceek.jp/search.cgi?category_id=politics&feed=1,ok,,政治
2026-09-11,2026-09-11T22:56:10.134909+09:00,全国紙,全国,毎日新聞,和平プロセス支援の比・ミンダナオ島 議会選に日本監視団を派遣,https://mainichi.jp/articles/20260911/k00/00m/030/222000c,https://news.ceek.jp/search.cgi?category_id=politics&feed=1,ok,,政治
2026-09-11,2026-09-11T22:56:10.134909+09:00,全国紙,全国,産経新聞,立民系新党結成「来週にも結論」 中道に残留する1人は渡辺創氏 「民主」含む党名望む声,https://www.sankei.com/article/20260911-FXNBHFI3YRP3RFBOWDZDZMRNRY/,https://news.ceek.jp/search.cgi?category_id=politics&feed=1,ok,,政治
2026-09-11,2026-09-11T22:56:10.134909+09:00,その他メディア,,テレビ朝日,デジ庁情報流出「重く受け止めている」木原長官,https://news.tv-asahi.co.jp/news_politics/articles/000532782.html,https://news.ceek.jp/search.cgi?category_id=politics&feed=1,ok,,政治
2026-09-11,2026-09-11T22:56:10.134909+09:00,その他メディア,,テレビ朝日,新党の名称に「民主の会」など 来週結成目指す 中道の立憲系議員が意見交換,https://news.tv-asahi.co.jp/news_politics/articles/000532783.html,https://news.ceek.jp/search.cgi?category_id=politics&feed=1,ok,,政治
2026-09-11,2026-09-11T22:56:10.134909+09:00,その他メディア,,テレビ朝日,北朝鮮選手団の入国認める アジア大会,https://news.tv-asahi.co.jp/news_politics/articles/000532784.html,https://news.ceek.jp/search.cgi?category_id=politics&feed=1,ok,,政治
2026-09-11,2026-09-11T22:56:10.134909+09:00,その他メディア,,共同通信,会派「中道」野党第1勢力 対自民交渉、影響力維持,https://www.47news.jp/14926029.html,https://news.ceek.jp/search.cgi?category_id=politics&feed=1,ok,,政治
2026-09-11,2026-09-11T22:56:10.134909+09:00,その他メディア,,フジテレビ,県知事選投票用紙を交付ミス 国頭村選管,https://www.fnn.jp/articles/-/1112662,https://news.ceek.jp/search.cgi?category_id=politics&feed=1,ok,,政治
2026-09-11,2026-09-11T22:56:10.134909+09:00,その他メディア,,フジテレビ,【沖縄県知事選挙】投開票まで残り2日 候補者街頭で支持訴え,https://www.fnn.jp/articles/-/1112663,https://news.ceek.jp/search.cgi?category_id=politics&feed=1,ok,,政治
2026-09-11,2026-09-11T22:56:10.134909+09:00,その他メディア,,フジテレビ,知事「事前に相談なかった」 高知の《消防広域化》に「ついていけない」須崎市長が会議で突然の離脱表明,https://www.fnn.jp/articles/-/1111114,https://news.ceek.jp/search.cgi?category_id=politics&feed=1,ok,,政治
2026-09-11,2026-09-11T22:56:10.134909+09:00,全国紙,全国,日本経済新聞,ドローンや弾薬、有事増産へ設備投資を助成 防衛省が法改正検討,https://www.nikkei.com/article/DGXZQOUA097CB0Z00C26A9000000/,https://news.ceek.jp/search.cgi?category_id=politics&feed=1,ok,,政治
2026-09-11,2026-09-11T22:56:10.134909+09:00,全国紙,全国,日本経済新聞,防衛生産基盤強化法とは 自衛隊装備の生産強化へ企業を支援,https://www.nikkei.com/article/DGXZQOUA112AS0R10C26A9000000/,https://news.ceek.jp/search.cgi?category_id=politics&feed=1,ok,,政治
2026-09-11,2026-09-11T22:56:10.134909+09:00,その他メディア,,フジテレビ,元市職員が実名証言「県議から政治資金パーティー呼ばれた」 議員などからの不当要求 北九州市も実態把握へ調査 福岡,https://www.fnn.jp/articles/-/1112605,https://news.ceek.jp/search.cgi?category_id=politics&feed=1,ok,,政治
2026-09-11,2026-09-11T22:56:10.134909+09:00,全国紙,全国,朝日新聞,自衛隊、消火活動のための初の海外派遣 インドネシアの山林火災で,https://www.asahi.com/articles/ASV9C2T17V9CUTFK00ZM.html,https://news.ceek.jp/search.cgi?category_id=politics&feed=1,ok,,政治
2026-09-11,2026-09-11T22:56:10.134909+09:00,その他メディア,,共同通信,臨時国会、69日間で調整 10月5日召集,https://www.47news.jp/14926050.html,https://news.ceek.jp/search.cgi?category_id=politics&feed=1,ok,,政治
2026-09-11,2026-09-11T22:56:10.134909+09:00,その他メディア,,デイリースポーツ,臨時国会、69日間で調整,https://www.daily.co.jp/society/politics/2026/09/11/0020809011.shtml,https://news.ceek.jp/search.cgi?category_id=politics&feed=1,ok,,政治
2026-09-11,2026-09-11T22:56:10.134909+09:00,その他メディア,,テレビ朝日,日中議連の若手8人 13日から北京訪問へ,https://news.tv-asahi.co.jp/news_politics/articles/000532785.html,https://news.ceek.jp/search.cgi?category_id=politics&feed=1,ok,,政治
2026-09-11,2026-09-11T22:56:10.134909+09:00,その他メディア,,デイリースポーツ,会派「中道」野党第1勢力,https://www.daily.co.jp/society/politics/2026/09/11/0020808979.shtml,https://news.ceek.jp/search.cgi?category_id=politics&feed=1,ok,,政治
2026-09-11,2026-09-11T22:56:10.134909+09:00,その他メディア,,フジテレビ,原爆資料館の入館料 現在200円、来館者アンケート31%が500円適切 今後値上げも視野に検討 広島,https://www.fnn.jp/articles/-/1112597,https://news.ceek.jp/search.cgi?category_id=politics&feed=1,ok,,政治
2026-09-11,2026-09-11T22:56:10.134909+09:00,その他メディア,,フジテレビ,超党派「日中友好議連」13日~15日に若手議員が北京を訪問 会長の自民・森山氏「私も早い時期に訪中」と意欲,https://www.fnn.jp/articles/-/1112582,https://news.ceek.jp/search.cgi?category_id=politics&feed=1,ok,,政治
2026-09-11,2026-09-11T22:56:10.134909+09:00,その他メディア,,デイリースポーツ,沖縄知事選、13日投開票,https://www.daily.co.jp/society/politics/2026/09/11/0020808947.shtml,https://news.ceek.jp/search.cgi?category_id=politics&feed=1,ok,,政治
2026-09-11,2026-09-11T22:56:10.134909+09:00,その他メディア,,デイリースポーツ,首相、閣僚担務の再編検討,https://www.daily.co.jp/society/politics/2026/09/11/0020808960.shtml,https://news.ceek.jp/search.cgi?category_id=politics&feed=1,ok,,政治
2026-09-11,2026-09-11T22:56:10.134909+09:00,その他メディア,,フジテレビ,「来年の春頃に私が決断」消防学校の建設予定地 金沢か白山市か 知事が委員会設置を表明,https://www.fnn.jp/articles/-/1112630,https://news.ceek.jp/search.cgi?category_id=politics&feed=1,ok,,政治
2026-09-11,2026-09-11T22:56:10.134909+09:00,その他メディア,,共同通信,沖縄知事選、13日投開票 現新、大票田の那覇で訴え,https://www.47news.jp/14925961.html,https://news.ceek.jp/search.cgi?category_id=politics&feed=1,ok,,政治
2026-09-11,2026-09-11T22:56:10.134909+09:00,その他メディア,,共同通信,【速報】臨時国会の会期は69日間で最終調整,https://www.47news.jp/14925956.html,https://news.ceek.jp/search.cgi?category_id=politics&feed=1,ok,,政治
2026-09-11,2026-09-11T22:56:10.134909+09:00,その他メディア,,テレビ朝日,ふるさと納税のサイト手数料 半数以上は維持方針 総務省の引き下げ要請に,https://news.tv-asahi.co.jp/news_politics/articles/000532787.html,https://news.ceek.jp/search.cgi?category_id=politics&feed=1,ok,,政治
2026-09-11,2026-09-11T22:56:10.134909+09:00,その他メディア,,デイリースポーツ,米8月物価3・4%上昇,https://www.daily.co.jp/society/economics/2026/09/11/0020810015.shtml,https://news.ceek.jp/search.cgi?category_id=business&feed=1,ok,,経済
2026-09-11,2026-09-11T22:56:10.134909+09:00,全国紙,全国,日本経済新聞,中部電力、浜岡原発の審査取り下げへ 再稼働見通せず,https://www.nikkei.com/article/DGXZQOFD115B70R10C26A9000000/,https://news.ceek.jp/search.cgi?category_id=business&feed=1,ok,,経済
2026-09-11,2026-09-11T22:56:10.134909+09:00,その他メディア,,ログミーファイナンス,【速報版】株式会社GENDA 2027年1月期第2四半期決算説明,https://finance.logmi.jp/385853,https://news.ceek.jp/search.cgi?category_id=business&feed=1,ok,,経済
2026-09-11,2026-09-11T22:56:10.134909+09:00,その他メディア,,デイリースポーツ,浜岡原発の再稼働審査取り下げへ,https://www.daily.co.jp/society/economics/2026/09/11/0020807699.shtml,https://news.ceek.jp/search.cgi?category_id=business&feed=1,ok,,経済
2026-09-11,2026-09-11T22:56:10.134909+09:00,その他メディア,,TBSテレビ,シルバーウィークの前に!全国のうまいものを楽しむのはいかが?551HORAIの豚まんに絶品モンブランも!「あわまんじゅう」って知ってますか?【Nスタ】,https://newsdig.tbs.co.jp/articles/-/2940157?display=1,https://news.ceek.jp/search.cgi?category_id=business&feed=1,ok,,経済
2026-09-11,2026-09-11T22:56:10.134909+09:00,全国紙,全国,読売新聞,中部電力の勝野哲会長、辞任意向...浜岡原発3・4号機の再稼働審査申請を取り下げ方向で最終調整,https://www.yomiuri.co.jp/economy/20260911-GYT1T00265/,https://news.ceek.jp/search.cgi?category_id=business&feed=1,ok,,経済
2026-09-11,2026-09-11T22:56:10.134909+09:00,その他メディア,,TBSテレビ,"破れた“紙幣""いくら戻る?「全額」引き換えの基準とは 北海道の公園で“バラバラ""1万円札が大量に【Nスタ解説】",https://newsdig.tbs.co.jp/articles/-/2940147?display=1,https://news.ceek.jp/search.cgi?category_id=business&feed=1,ok,,経済
2026-09-11,2026-09-11T22:56:10.134909+09:00,その他メディア,,共同通信,【速報】オルツ監査法人に行政処分を勧告,https://www.47news.jp/14927070.html,https://news.ceek.jp/search.cgi?category_id=business&feed=1,ok,,経済
2026-09-11,2026-09-11T22:56:10.134909+09:00,その他メディア,,TBSテレビ,ソニー生命 金銭不正受け取り新たに2190万円 保険業務に関わらない事案も発覚、被害総額1億2420万円,https://newsdig.tbs.co.jp/articles/-/2940144?display=1,https://news.ceek.jp/search.cgi?category_id=business&feed=1,ok,,経済
2026-09-11,2026-09-11T22:56:10.134909+09:00,その他メディア,,TOKYO MX,池袋の百貨店で「秋の北海道展」マグロ豊漁も...カニ不漁 漁場の変化に合わせ販売戦略,https://s.mxtv.jp/mxnews/article/business/1be0ugtkk7flwau73.html,https://news.ceek.jp/search.cgi?category_id=business&feed=1,ok,,経済
2026-09-11,2026-09-11T22:56:10.134909+09:00,全国紙,全国,日本経済新聞,9月11日の商品主要相場(紙面イメージ),https://www.nikkei.com/article/DGXZQOKC1173Q0R10C26A9000000/,https://news.ceek.jp/search.cgi?category_id=business&feed=1,ok,,経済
2026-09-11,2026-09-11T22:56:10.134909+09:00,全国紙,全国,日本経済新聞,9月7日〜11日の株式週間高低(紙面イメージ版),https://www.nikkei.com/article/DGXZQOKC118GW0R10C26A9000000/,https://news.ceek.jp/search.cgi?category_id=business&feed=1,ok,,経済
2026-09-11,2026-09-11T22:56:10.134909+09:00,全国紙,全国,産経新聞,外食業界「プレミアム食事券の導入を」、消費税減税支援で 政府のメニューとはギャップも,https://www.sankei.com/article/20260911-PNFWLOR66BNJZFNRYIM43LZX2A/,https://news.ceek.jp/search.cgi?category_id=business&feed=1,ok,,経済
2026-09-11,2026-09-11T22:56:10.134909+09:00,その他メディア,,Abema TIMES,"廃業“過去最多""今年離農のコメ農家は...どうなるコメ価格",https://times.abema.tv/articles/-/10272604?page=1,https://news.ceek.jp/search.cgi?category_id=business&feed=1,ok,,経済
2026-09-11,2026-09-11T22:56:10.134909+09:00,その他メディア,,日本テレビ,コメ平均価格、4週連続値下がり 2年ぶりに3100円下回る,https://news.ntv.co.jp/category/economy/b7554f8ab9f6493e823d52f2fb79e8ae,https://news.ceek.jp/search.cgi?category_id=business&feed=1,ok,,経済
2026-09-11,2026-09-11T22:56:10.134909+09:00,その他メディア,,日本金融通信,ちゅうぎんFG、外国人材活用で先進事例紹介 「採用後」を解説,https://www.nikkinonline.com/article/423157,https://news.ceek.jp/search.cgi?category_id=business&feed=1,ok,,経済
2026-09-11,2026-09-11T22:56:10.134909+09:00,全国紙,全国,日本経済新聞,エグゾテックとMujinが統合物流システム コスト3割減提案,https://www.nikkei.com/article/DGXZQOUC11A350R10C26A9000000/,https://news.ceek.jp/search.cgi?category_id=business&feed=1,ok,,経済
2026-09-11,2026-09-11T22:56:10.134909+09:00,全国紙,全国,日本経済新聞,KOMPEITO上場、渡辺CEO「地域企業との連携強み」,https://www.nikkei.com/article/DGXZQOUC119AK0R10C26A9000000/,https://news.ceek.jp/search.cgi?category_id=business&feed=1,ok,,経済
2026-09-11,2026-09-11T22:56:10.134909+09:00,その他メディア,,フジテレビ,熊本地震で18万泊キャンセル、鹿児島県が60%割引の観光支援策を即日可決...シルバーウィーク前に異例の速さ,https://www.fnn.jp/articles/-/1112616,https://news.ceek.jp/search.cgi?category_id=business&feed=1,ok,,経済
2026-09-11,2026-09-11T22:56:10.134909+09:00,全国紙,全国,日本経済新聞,ファーマフーズ純利益5.4倍 26年7月期に19億円、広告費見直しで,https://www.nikkei.com/article/DGXZQOUF112GX0R10C26A9000000/,https://news.ceek.jp/search.cgi?category_id=business&feed=1,ok,,経済
2026-09-11,2026-09-11T22:56:10.134909+09:00,その他メディア,,ログミーファイナンス,【速報版】株式会社ネオジャパン 2027年1月期第2四半期決算説明,https://finance.logmi.jp/385888,https://news.ceek.jp/search.cgi?category_id=business&feed=1,ok,,経済
2026-09-11,2026-09-11T22:56:10.134909+09:00,その他メディア,,フジテレビ,新米の季節到来!福島・会津坂下町で等級検査 すべて一等米判定 農家も消費者も気になる価格,https://www.fnn.jp/articles/-/1112791,https://news.ceek.jp/search.cgi?category_id=business&feed=1,ok,,経済
2026-09-11,2026-09-11T22:56:10.134909+09:00,その他メディア,,TBSテレビ,「天井」から伸びるアームが洗濯...「ロボット搭載の家」発表 価格は2~4億円 デッドスペースに勝ち筋、一方で課題も,https://newsdig.tbs.co.jp/articles/-/2940072?display=1,https://news.ceek.jp/search.cgi?category_id=business&feed=1,ok,,経済
2026-09-11,2026-09-11T22:56:10.134909+09:00,その他メディア,,日本金融通信,三菱UFJ銀、行員向け「話し方」研修 〝自分らしさ〟と向き合って,https://www.nikkinonline.com/article/423130,https://news.ceek.jp/search.cgi?category_id=business&feed=1,ok,,経済
2026-09-11,2026-09-11T22:56:10.134909+09:00,全国紙,全国,日本経済新聞,ヒューマン系、筑波大発のソフィエイト買収 AIでデジタル化支援,https://www.nikkei.com/article/DGXZQOUC118RJ0R10C26A9000000/,https://news.ceek.jp/search.cgi?category_id=business&feed=1,ok,,経済
2026-09-11,2026-09-11T22:56:10.134909+09:00,その他メディア,,フジテレビ,福岡県が国の「GX戦略地域」に正式認定 データセンター誘致へ 服部知事「関連産業の一大拠点形成めざす」国から支援も,https://www.fnn.jp/articles/-/1112777,https://news.ceek.jp/search.cgi?category_id=business&feed=1,ok,,経済
2026-09-11,2026-09-11T22:56:10.134909+09:00,全国紙,全国,産経新聞,自維、消費税減税大綱を了承 「臨時的に2年」明記 政府、15日に閣議決定へ,https://www.sankei.com/article/20260911-KRD65OZMTJP3HLTUDLSAL5GZ54/,https://news.ceek.jp/search.cgi?category_id=business&feed=1,ok,,経済
2026-09-11,2026-09-11T22:56:10.134909+09:00,全国紙,全国,読売新聞,ソニー生命、新たに営業職員3人の詐取発表...顧客9人から2700万円,https://www.yomiuri.co.jp/economy/20260911-GYT1T00244/,https://news.ceek.jp/search.cgi?category_id=business&feed=1,ok,,経済
2026-09-11,2026-09-11T22:56:10.134909+09:00,その他メディア,,テレビ朝日,"廃業“過去最多""今年離農のコメ農家は...どうなるコメ価格",https://news.tv-asahi.co.jp/news_economy/articles/900199451.html,https://news.ceek.jp/search.cgi?category_id=business&feed=1,ok,,経済
2026-09-11,2026-09-11T22:56:10.134909+09:00,その他メディア,,フジテレビ,「二十数年スーパーにいるけど過去一度もない...」新米の方が古米より安い逆転現象 消費者は笑顔も小売店は苦悩,https://www.fnn.jp/articles/-/1112756,https://news.ceek.jp/search.cgi?category_id=business&feed=1,ok,,経済
2026-09-11,2026-09-11T22:56:10.134909+09:00,その他メディア,,日本金融通信,西部地銀協、新議長に十六の濱本氏 諸問題解決へ総力結集,https://www.nikkinonline.com/article/423121,https://news.ceek.jp/search.cgi?category_id=business&feed=1,ok,,経済
2026-09-11,2026-09-11T22:56:10.134909+09:00,全国紙,全国,産経新聞,中部電の相次ぐ不祥事、エネ政策阻む 遠のく原発活用 浜岡再稼働申請取り下げへ,https://www.sankei.com/article/20260911-OTACAJSKFRM4PDVRJT4STNDWKY/,https://news.ceek.jp/search.cgi?category_id=business&feed=1,ok,,経済
2026-09-11,2026-09-11T22:56:10.134909+09:00,その他メディア,,フジテレビ,「厚意踏みにじる行為」クラファン運営から支援金支払われず・債権差し押さえ訴訟起こす 山形鉄道,https://www.fnn.jp/articles/-/1112708,https://news.ceek.jp/search.cgi?category_id=business&feed=1,ok,,経済
2026-09-11,2026-09-11T22:56:10.134909+09:00,その他メディア,,フジテレビ,"【JR米坂線】新潟・村上市「バス転換が最も現実的」 一部区間で運休続く中“復旧議論""加速へ「早急に方向性示したい」",https://www.fnn.jp/articles/-/1112709,https://news.ceek.jp/search.cgi?category_id=business&feed=1,ok,,経済
2026-09-11,2026-09-11T22:56:10.134909+09:00,その他メディア,,TBSテレビ,コメ平均価格は5キロ=3003円 4週連続で値下がり 去年の在庫処分のため安売りの動き続く,https://newsdig.tbs.co.jp/articles/-/2940012?display=1,https://news.ceek.jp/search.cgi?category_id=business&feed=1,ok,,経済
2026-09-11,2026-09-11T22:56:10.134909+09:00,その他メディア,,日本金融通信,鹿児島県信保協、熊本地震の資金繰り支援 3本柱で下支え,https://www.nikkinonline.com/article/423082,https://news.ceek.jp/search.cgi?category_id=business&feed=1,ok,,経済
2026-09-11,2026-09-11T22:56:10.134909+09:00,その他メディア,,ログミーファイナンス,【速報版】株式会社ノースサンド 2027年1月期第2四半期算説明,https://finance.logmi.jp/385854,https://news.ceek.jp/search.cgi?category_id=business&feed=1,ok,,経済
2026-09-11,2026-09-11T22:56:10.134909+09:00,全国紙,全国,日本経済新聞,10日の逆日歩,https://www.nikkei.com/article/DGXZMSGW12001_R10C26A9000000/,https://news.ceek.jp/search.cgi?category_id=business&feed=1,ok,,経済
2026-09-11,2026-09-11T22:56:10.134909+09:00,その他メディア,,東洋経済オンライン,【元手300万円を5年で1億円にしたkenmoさんが登場!】初心者が最速で資産を増やす方法/「投資初心者は『会社四季報』を読むな!」/四季報「プロ500」から始めよ?/分散しすぎに注意! | ビジネス,https://toyokeizai.net/articles/-/957845?display=b,https://news.ceek.jp/search.cgi?category_id=business&feed=1,ok,,経済
2026-09-11,2026-09-11T22:56:10.134909+09:00,全国紙,全国,産経新聞,ソニー生命で新たに5000万円超の詐取判明 未公開株への投資持ちかけなどの手口,https://www.sankei.com/article/20260911-N3UJ3WDUZZKSNM4PMHT5C7LH4Q/,https://news.ceek.jp/search.cgi?category_id=business&feed=1,ok,,経済
2026-09-11,2026-09-11T22:56:10.134909+09:00,全国紙,全国,朝日新聞,商業施設のガス管近くに警報器の設置を要請、経産省 イオン爆発受け,https://www.asahi.com/articles/ASV9C2VCXV9CULFA00TM.html,https://news.ceek.jp/search.cgi?category_id=business&feed=1,ok,,経済
2026-09-11,2026-09-11T22:56:10.134909+09:00,全国紙,全国,読売新聞,日銀、追加利上げへ検討...1・25%程度に引き上げ31年ぶりの水準に,https://www.yomiuri.co.jp/economy/20260911-GYT1T00231/,https://news.ceek.jp/search.cgi?category_id=business&feed=1,ok,,経済
2026-09-11,2026-09-11T22:56:10.134909+09:00,その他メディア,,TBSテレビ,造船業支援第2弾で最大980億円助成 金子国土交通大臣,https://newsdig.tbs.co.jp/articles/-/2939987?display=1,https://news.ceek.jp/search.cgi?category_id=business&feed=1,ok,,経済
2026-09-11,2026-09-11T22:56:10.134909+09:00,全国紙,全国,産経新聞,インサイダーで課徴金勧告 米投資会社のTOB巡り 情報公表前に1200万円買い付け,https://www.sankei.com/article/20260911-VCEOMG5C35M5BJWNMJQMA6UP2A/,https://news.ceek.jp/search.cgi?category_id=business&feed=1,ok,,経済
2026-09-11,2026-09-11T22:56:10.134909+09:00,その他メディア,,フジテレビ,「一粒一粒に存在感」達増知事が太鼓判 県産ブランド米「白銀のひかり」稲刈り 岩手・九戸村,https://www.fnn.jp/articles/-/1112653,https://news.ceek.jp/search.cgi?category_id=business&feed=1,ok,,経済
2026-09-11,2026-09-11T22:56:10.134909+09:00,全国紙,全国,産経新聞,中部電、浜岡原発再稼働審査の取り下げ検討 調査委のデータ不正報告書、林社長が14日説明,https://www.sankei.com/article/20260911-FZC3ZMW25RM3DLQPCC24CVAOAA/,https://news.ceek.jp/search.cgi?category_id=business&feed=1,ok,,経済
2026-09-11,2026-09-11T22:56:10.134909+09:00,全国紙,全国,日本経済新聞,著作物にあたらぬバンド楽譜、模倣し無料公開は営業妨害か 最高裁弁論,https://www.nikkei.com/article/DGXZQOUD0962J0Z00C26A9000000/,https://news.ceek.jp/search.cgi?category_id=business&feed=1,ok,,経済
2026-09-11,2026-09-11T22:56:10.134909+09:00,その他メディア,,フジテレビ,"「盛岡おいも万博」開催 “甘~い誘惑""に行列!絶品おいもグルメ70品集結 岩手県",https://www.fnn.jp/articles/-/1112640,https://news.ceek.jp/search.cgi?category_id=business&feed=1,ok,,経済
2026-09-11,2026-09-11T22:56:10.134909+09:00,その他メディア,,日本金融通信,群馬県信保協、創業支援連携会議を初開催 地域金融や支援機関つなぐ,https://www.nikkinonline.com/article/423096,https://news.ceek.jp/search.cgi?category_id=business&feed=1,ok,,経済
2026-09-11,2026-09-11T22:56:10.134909+09:00,全国紙,全国,日本経済新聞,ふるさと納税、仲介手数料下げ明示は1社 総務省要請で,https://www.nikkei.com/article/DGXZQOUA10AOE0Q6A910C2000000/,https://news.ceek.jp/search.cgi?category_id=business&feed=1,ok,,経済
2026-09-11,2026-09-11T22:56:10.134909+09:00,全国紙,全国,日本経済新聞,HISの11〜7月、最終赤字49億円 リース解約の特損響く,https://www.nikkei.com/article/DGXZQOUB105UN0Q6A910C2000000/,https://news.ceek.jp/search.cgi?category_id=business&feed=1,ok,,経済
2026-09-11,2026-09-11T22:56:10.134909+09:00,全国紙,全国,日本経済新聞,25年の平均年収、大企業と中小企業で200万円の開き 民間調査,https://www.nikkei.com/article/DGXZQOUC117Z70R10C26A9000000/,https://news.ceek.jp/search.cgi?category_id=business&feed=1,ok,,経済
2026-09-11,2026-09-11T22:56:10.134909+09:00,その他メディア,,テレビ朝日,コメ平均販売価格 3003円/5kg(前週比-109円) 農水省,https://news.tv-asahi.co.jp/news_economy/articles/000532754.html,https://news.ceek.jp/search.cgi?category_id=business&feed=1,ok,,経済
2026-09-11,2026-09-11T22:56:10.134909+09:00,その他メディア,,テレビ朝日,ソニー生命 新たに不正な金銭詐取が判明 保険業務に関わる詐取は5000万円超,https://news.tv-asahi.co.jp/news_economy/articles/000532781.html,https://news.ceek.jp/search.cgi?category_id=business&feed=1,ok,,経済
2026-09-11,2026-09-11T22:56:10.134909+09:00,その他メディア,,日本金融通信,興産信金、収益改善と販路拡大を支援 連携企業とセミナー開く,https://www.nikkinonline.com/article/423089,https://news.ceek.jp/search.cgi?category_id=business&feed=1,ok,,経済
2026-09-11,2026-09-11T22:56:10.134909+09:00,その他メディア,,日本金融通信,七十七銀、「小さな親切」で街路清掃 進出銀行や信金も参加,https://www.nikkinonline.com/article/423069,https://news.ceek.jp/search.cgi?category_id=business&feed=1,ok,,経済
2026-09-11,2026-09-11T22:56:10.134909+09:00,その他メディア,,日本金融通信,ETF除く公募投信残高が過去最高 8月 株高で資金流入,https://www.nikkinonline.com/article/423085,https://news.ceek.jp/search.cgi?category_id=business&feed=1,ok,,経済
2026-09-11,2026-09-11T22:56:10.134909+09:00,全国紙,全国,読売新聞,読売333終値、264円安の5万1815円...4日連続で下落,https://www.yomiuri.co.jp/economy/20260911-GYT1T00229/,https://news.ceek.jp/search.cgi?category_id=business&feed=1,ok,,経済
2026-09-11,2026-09-11T22:56:10.134909+09:00,全国紙,全国,日本経済新聞,シンガポール株11日、5日ぶり小反発 銀行株に押し目買い,https://www.nikkei.com/article/DGXZQOFL118UI0R10C26A9000000/,https://news.ceek.jp/search.cgi?category_id=business&feed=1,ok,,経済
2026-09-11,2026-09-11T22:56:10.134909+09:00,その他メディア,,日本金融通信,銚子信金と銚子商工信組、銚子駅前に創業支援拠点が開設 産官学金で企業サポート,https://www.nikkinonline.com/article/423075,https://news.ceek.jp/search.cgi?category_id=business&feed=1,ok,,経済
2026-09-11,2026-09-11T22:56:10.134909+09:00,その他メディア,,共同通信,コメ5キロ3千円割れ迫る スーパー、4週連続値下がり,https://www.47news.jp/14925921.html,https://news.ceek.jp/search.cgi?category_id=business&feed=1,ok,,経済
2026-09-11,2026-09-11T22:56:10.134909+09:00,全国紙,全国,日本経済新聞,モロゾフの純利益78%減 2〜7月、原料高と新工場の減価償却重荷,https://www.nikkei.com/article/DGXZQOUF116EU0R10C26A9000000/,https://news.ceek.jp/search.cgi?category_id=business&feed=1,ok,,経済
2026-09-11,2026-09-11T22:56:10.134909+09:00,全国紙,全国,日本経済新聞,JAL、自動飛行ドローンで航空機の外観検査 作業時間6割減見込む,https://www.nikkei.com/article/DGXZQOUC116XR0R10C26A9000000/,https://news.ceek.jp/search.cgi?category_id=business&feed=1,ok,,経済
2026-09-11,2026-09-11T22:56:10.134909+09:00,その他メディア,,フジテレビ,データ改ざん等受け...中部電力が浜岡原発再稼働審査の申請取り下げ検討 再稼働への道のりは一層不透明になる見通し,https://www.fnn.jp/articles/-/1112619,https://news.ceek.jp/search.cgi?category_id=business&feed=1,ok,,経済
2026-09-11,2026-09-11T22:56:10.134909+09:00,その他メディア,,日本金融通信,尾西信金、信金キャピタルへ投資先紹介 医療法人の新事業応援,https://www.nikkinonline.com/article/423050,https://news.ceek.jp/search.cgi?category_id=business&feed=1,ok,,経済
2026-09-11,2026-09-11T22:56:10.134909+09:00,その他メディア,,日本金融通信,9月11日(金)ニュースリリース PICK UP !,https://www.nikkinonline.com/article/423027,https://news.ceek.jp/search.cgi?category_id=business&feed=1,ok,,経済
2026-09-11,2026-09-11T22:56:10.134909+09:00,その他メディア,,フジテレビ,長引く雨で「実りの秋」に打撃 田んぼに想定外の雨水たまりコメ収穫できず...新米価格に影響は?専門家「雨続くとじわじわ価格上昇も」,https://www.fnn.jp/articles/-/1112615,https://news.ceek.jp/search.cgi?category_id=business&feed=1,ok,,経済
2026-09-11,2026-09-11T22:56:10.134909+09:00,全国紙,全国,毎日新聞,ソニー生命で新たに5490万円詐取が判明 営業社員3人、顧客から,https://mainichi.jp/articles/20260911/k00/00m/040/228000c,https://news.ceek.jp/search.cgi?category_id=business&feed=1,ok,,経済
2026-09-11,2026-09-11T22:56:10.134909+09:00,全国紙,全国,日本経済新聞,トーホー純利益32%増 2〜7月、外食向け食品卸売が堅調,https://www.nikkei.com/article/DGXZQOUF1066R0Q6A910C2000000/,https://news.ceek.jp/search.cgi?category_id=business&feed=1,ok,,経済
2026-09-11,2026-09-11T22:56:10.134909+09:00,全国紙,全国,毎日新聞,スーパーのコメ5キロ平均価格、3000円割れ迫る 4週連続値下がり,https://mainichi.jp/articles/20260911/k00/00m/020/225000c,https://news.ceek.jp/search.cgi?category_id=business&feed=1,ok,,経済
2026-09-11,2026-09-11T22:56:10.134909+09:00,その他メディア,,日本金融通信,きんざい、経営層向けにセミナー 金融庁・伊藤長官ら登壇,https://www.nikkinonline.com/article/423041,https://news.ceek.jp/search.cgi?category_id=business&feed=1,ok,,経済
2026-09-11,2026-09-11T22:56:10.134909+09:00,その他メディア,,共同通信,東京円、154円台前半,https://www.47news.jp/14926221.html,https://news.ceek.jp/search.cgi?category_id=business&feed=1,ok,,経済
2026-09-11,2026-09-11T22:56:10.134909+09:00,その他メディア,,デイリースポーツ,東京円、154円台前半,https://www.daily.co.jp/society/economics/2026/09/11/0020809077.shtml,https://news.ceek.jp/search.cgi?category_id=business&feed=1,ok,,経済
2026-09-11,2026-09-11T22:56:10.134909+09:00,その他メディア,,フジテレビ,沖縄リゾートウエディング商談会に21社が出展,https://www.fnn.jp/articles/-/1112664,https://news.ceek.jp/search.cgi?category_id=business&feed=1,ok,,経済
2026-09-11,2026-09-11T22:56:10.134909+09:00,その他メディア,,日本金融通信,福島信金、高橋英樹さん招き講演会 取引先や役職員らが参加,https://www.nikkinonline.com/article/423033,https://news.ceek.jp/search.cgi?category_id=business&feed=1,ok,,経済
2026-09-11,2026-09-11T22:56:10.134909+09:00,その他メディア,,日本金融通信,奈良信金、ならっきーグッズ発売 第5弾はぬいぐるみ,https://www.nikkinonline.com/article/423028,https://news.ceek.jp/search.cgi?category_id=business&feed=1,ok,,経済
2026-09-11,2026-09-11T22:56:10.134909+09:00,全国紙,全国,日本経済新聞,ロンドン外為9時半 ユーロ、対ドルで下げ幅やや拡大 英ポンドは下落,https://www.nikkei.com/article/DGXZQOFL1183O0R10C26A9000000/,https://news.ceek.jp/search.cgi?category_id=business&feed=1,ok,,経済
2026-09-11,2026-09-11T22:56:10.134909+09:00,その他メディア,,Abema TIMES,16歳未満のAIやSNS利用制限 米・カリフォルニア州で新法成立,https://times.abema.tv/articles/-/10272559?page=1,https://news.ceek.jp/search.cgi?category_id=business&feed=1,ok,,経済
2026-09-11,2026-09-11T22:56:10.134909+09:00,その他メディア,,テレビ朝日,波紋広げるリフレ政策転換要求 米財務長官の圧力に揺れる「責任ある積極財政」,https://news.tv-asahi.co.jp/news_economy/articles/900199419.html,https://news.ceek.jp/search.cgi?category_id=business&feed=1,ok,,経済
2026-09-11,2026-09-11T22:56:10.134909+09:00,その他メディア,,Abema TIMES,波紋広げるリフレ政策転換要求 米財務長官の圧力に揺れる「責任ある積極財政」,https://times.abema.tv/articles/-/10272564?page=1,https://news.ceek.jp/search.cgi?category_id=business&feed=1,ok,,経済
2026-09-11,2026-09-11T22:56:10.134909+09:00,その他メディア,,東洋経済オンライン,"36万円の折りたたみ「iPhone Duo」アップルがあえて高くても売る理由、サムスンとは違う""市場の広げ方""とは | ビジネス",https://toyokeizai.net/articles/-/957685?display=b,https://news.ceek.jp/search.cgi?category_id=business&feed=1,ok,,経済
2026-09-11,2026-09-11T22:56:10.134909+09:00,全国紙,全国,日本経済新聞,鳥貴族のエターナルG、26年7月期の純利益23%減 増益予想から一転,https://www.nikkei.com/article/DGXZQOUF113VF0R10C26A9000000/,https://news.ceek.jp/search.cgi?category_id=business&feed=1,ok,,経済
2026-09-11,2026-09-11T22:56:10.134909+09:00,その他メディア,,Abema TIMES,8月の企業物価指数 先月に次ぎ過去2番目の高水準,https://times.abema.tv/articles/-/10272560?page=1,https://news.ceek.jp/search.cgi?category_id=business&feed=1,ok,,経済
2026-09-11,2026-09-11T22:56:10.134909+09:00,全国紙,全国,日本経済新聞,日本駐車場開発、27年7月期の純利益3%増 スキー場のインバウンド増,https://www.nikkei.com/article/DGXZQOUC117D20R10C26A9000000/,https://news.ceek.jp/search.cgi?category_id=business&feed=1,ok,,経済
2026-09-11,2026-09-11T22:56:10.134909+09:00,その他メディア,,日本金融通信,損保労連が全国大会、活動方針を共有 60周年事業の実施決定,https://www.nikkinonline.com/article/423029,https://news.ceek.jp/search.cgi?category_id=business&feed=1,ok,,経済
2026-09-11,2026-09-11T22:56:10.134909+09:00,その他メディア,,デイリースポーツ,たばこ不始末疑い書類送検,https://www.daily.co.jp/society/national/2026/09/11/0020810255.shtml,https://news.ceek.jp/search.cgi?category_id=national&feed=1,ok,,社会
2026-09-11,2026-09-11T22:56:10.134909+09:00,その他メディア,,共同通信,浜岡原発の再稼働審査取り下げへ 中部電力、勝野哲会長は辞任意向,https://www.47news.jp/14923907.html,https://news.ceek.jp/search.cgi?category_id=national&feed=1,ok,,社会
2026-09-11,2026-09-11T22:56:10.134909+09:00,その他メディア,,デイリースポーツ,天然アユ、奈良の川が優勝,https://www.daily.co.jp/society/human_interest/2026/09/11/0020810050.shtml,https://news.ceek.jp/search.cgi?category_id=national&feed=1,ok,,社会
2026-09-11,2026-09-11T22:56:10.134909+09:00,全国紙,全国,読売新聞,爆発事故で営業休止のイオンモール熊本、専門店に契約解除打診...営業再開見通せず,https://www.yomiuri.co.jp/national/20260911-GYT1T00285/,https://news.ceek.jp/search.cgi?category_id=national&feed=1,ok,,社会
2026-09-11,2026-09-11T22:56:10.134909+09:00,全国紙,全国,産経新聞,滋賀・高島の国道161号で車3台が絡む交通事故 軽乗用車炎上、1人死亡,https://www.sankei.com/article/20260911-HCC7UUIMVFPSXD3WFWJPJMOTMQ/,https://news.ceek.jp/search.cgi?category_id=national&feed=1,ok,,社会
2026-09-11,2026-09-11T22:56:10.134909+09:00,その他メディア,,フジテレビ,【訃報】森本レオさんが4日に死去 83歳 「原因不明の突然死」と所属事務所が発表,https://www.fnn.jp/articles/-/1112867,https://news.ceek.jp/search.cgi?category_id=national&feed=1,ok,,社会
2026-09-11,2026-09-11T22:56:10.134909+09:00,全国紙,全国,産経新聞,滋賀・愛荘町の名神高速で大型トラックがガードレールに衝突、男性運転手死亡,https://www.sankei.com/article/20260911-7O2HWI3QDZL7PMRPIMODPFO7RI/,https://news.ceek.jp/search.cgi?category_id=national&feed=1,ok,,社会
2026-09-11,2026-09-11T22:56:10.134909+09:00,全国紙,全国,読売新聞,森本レオさん死去、83歳,https://www.yomiuri.co.jp/national/20260911-GYT1T00281/,https://news.ceek.jp/search.cgi?category_id=national&feed=1,ok,,社会
2026-09-11,2026-09-11T22:56:10.134909+09:00,その他メディア,,テレビ朝日,千葉豪雨を受け、内水氾濫時の避難情報の検討会を立ち上げ 内閣府,https://news.tv-asahi.co.jp/news_society/articles/000532844.html,https://news.ceek.jp/search.cgi?category_id=national&feed=1,ok,,社会
2026-09-11,2026-09-11T22:56:10.134909+09:00,全国紙,全国,読売新聞,60歳の誕生日迎えた秋篠宮妃紀子さま、両陛下と上皇ご夫妻にあいさつ...愛子さまから祝意,https://www.yomiuri.co.jp/koushitsu/20260911-GYT1T00208/,https://news.ceek.jp/search.cgi?category_id=national&feed=1,ok,,社会
2026-09-11,2026-09-11T22:56:10.134909+09:00,その他メディア,,フジテレビ,住宅に男押し入る 89歳女性顔殴られけが 男は逃走 強盗致傷事件として捜査 大阪・河内長野市,https://www.fnn.jp/articles/-/1112866,https://news.ceek.jp/search.cgi?category_id=national&feed=1,ok,,社会
2026-09-11,2026-09-11T22:56:10.134909+09:00,その他メディア,,フジテレビ,「クマに飼い犬が襲われた」庭にあらわれ、引っ掻かかれケガ 別の家の犬も襲われ重いケガとの情報も 2匹が被害か 発見に至らず 警察が爆竹を鳴らし警戒、住民に注意呼びかけ 長野・塩尻市,https://www.fnn.jp/articles/-/1112865,https://news.ceek.jp/search.cgi?category_id=national&feed=1,ok,,社会
2026-09-11,2026-09-11T22:56:10.134909+09:00,その他メディア,,TBSテレビ,高市総理 公邸に閣僚ら招き会食 内閣改造についての話は出ず,https://newsdig.tbs.co.jp/articles/-/2940165?display=1,https://news.ceek.jp/search.cgi?category_id=national&feed=1,ok,,社会
2026-09-11,2026-09-11T22:56:10.134909+09:00,その他メディア,,フジテレビ,保釈中に10代女性にストーカー行為か 不同意性交等の容疑で逮捕・起訴の朝日中学校の24歳教諭を再び逮捕 複数回SNSフォロー求める,https://www.fnn.jp/articles/-/1112864,https://news.ceek.jp/search.cgi?category_id=national&feed=1,ok,,社会
2026-09-11,2026-09-11T22:56:10.134909+09:00,その他メディア,,TBSテレビ,"消費税“1%""減税と給付 どのくらい負担減?給付額は?「税制改正大綱」閣議決定へ【Nスタ解説】",https://newsdig.tbs.co.jp/articles/-/2940117?display=1,https://news.ceek.jp/search.cgi?category_id=national&feed=1,ok,,社会
2026-09-11,2026-09-11T22:56:10.134909+09:00,全国紙,全国,産経新聞,ストーカー容疑で教員逮捕 別の性的暴行事件で保釈中 福井,https://www.sankei.com/article/20260911-MBMX7T64RNMAVF55SIXX2MP3OU/,https://news.ceek.jp/search.cgi?category_id=national&feed=1,ok,,社会
2026-09-11,2026-09-11T22:56:10.134909+09:00,その他メディア,,フジテレビ,【カラス感電で列車運休】停電が発生したので調べたところ車両の上部にカラスの死骸...架線に接触か...普通列車2本運休し約1000人に影響<北海道小樽市・JR北海道>,https://www.fnn.jp/articles/-/1112857,https://news.ceek.jp/search.cgi?category_id=national&feed=1,ok,,社会
2026-09-11,2026-09-11T22:56:10.134909+09:00,全国紙,全国,読売新聞,図書館敷地に体長65cmのクマ、緊急銃猟で駆除...4人で10発発砲,https://www.yomiuri.co.jp/national/20260911-GYT1T00268/,https://news.ceek.jp/search.cgi?category_id=national&feed=1,ok,,社会
2026-09-11,2026-09-11T22:56:10.134909+09:00,その他メディア,,フジテレビ,【深夜2時の自転車ワイセツ男2】背後から近づき30代女性の下半身を触った20~30代ぐらいの男が逃走中...近くでは20代女性が中年自転車男に胸を触られる似たような事件も...警察が行方を追う〈北海道札幌市〉,https://www.fnn.jp/articles/-/1112849,https://news.ceek.jp/search.cgi?category_id=national&feed=1,ok,,社会
2026-09-11,2026-09-11T22:56:10.134909+09:00,その他メディア,,日本テレビ,震災遺構で自販機荒らし「怒り通り越し残念な気持ち」 宮城・石巻市,https://news.ntv.co.jp/category/society/555dcea1835d4bfebf414aa192ef3f9b,https://news.ceek.jp/search.cgi?category_id=national&feed=1,ok,,社会
2026-09-11,2026-09-11T22:56:10.134909+09:00,その他メディア,,日本テレビ,都営バスであおり運転か 書類送検 ドラレコに「バカヤロー」音声,https://news.ntv.co.jp/category/society/da1a130126f84aa885fee34fdb139a9d,https://news.ceek.jp/search.cgi?category_id=national&feed=1,ok,,社会
2026-09-11,2026-09-11T22:56:10.134909+09:00,その他メディア,,日本テレビ,超党派議員、法相にICCへの支持表明など求める提言書を提出,https://news.ntv.co.jp/category/society/da1aded592024ffa92ce137f30883fb4,https://news.ceek.jp/search.cgi?category_id=national&feed=1,ok,,社会
2026-09-11,2026-09-11T22:56:10.134909+09:00,その他メディア,,TBSテレビ,歌舞伎役者の片岡亀蔵さん死亡した火事 知人男性を書類送検 タバコの不始末で火事おこし死亡させたか,https://newsdig.tbs.co.jp/articles/-/2940140?display=1,https://news.ceek.jp/search.cgi?category_id=national&feed=1,ok,,社会
2026-09-11,2026-09-11T22:56:10.134909+09:00,その他メディア,,TBSテレビ,「気がかりな渦」南から北上中 シルバーウィークの連休は雨に? 大雨に警戒「家庭用の止水板」が注目 水で膨れる、連結できる、ボートにもなる!?,https://newsdig.tbs.co.jp/articles/-/2940138?display=1,https://news.ceek.jp/search.cgi?category_id=national&feed=1,ok,,社会
2026-09-11,2026-09-11T22:56:10.134909+09:00,その他メディア,,TBSテレビ,参政党の初鹿野裕樹参院議員を名誉毀損の疑いで書類送検 「沢山の仲間が共産党員により殺害され、殺害方法も残虐」などと投稿か,https://newsdig.tbs.co.jp/articles/-/2940139?display=1,https://news.ceek.jp/search.cgi?category_id=national&feed=1,ok,,社会
2026-09-11,2026-09-11T22:56:10.134909+09:00,その他メディア,,TBSテレビ,"都心は急に肌寒く...「体がだるい」「頭が痛い」“寒暖差疲労""にご注意を!“異例の長雨""で患者急増",https://newsdig.tbs.co.jp/articles/-/2940137?display=1,https://news.ceek.jp/search.cgi?category_id=national&feed=1,ok,,社会
2026-09-11,2026-09-11T22:56:10.134909+09:00,その他メディア,,フジテレビ,13トン分の銅線盗んだか ベトナム国籍の会社員の男2人を逮捕 盗んだ一部は440万円で売却 広域窃盗グループの犯行とみて捜査,https://www.fnn.jp/articles/-/1112839,https://news.ceek.jp/search.cgi?category_id=national&feed=1,ok,,社会
2026-09-11,2026-09-11T22:56:10.134909+09:00,その他メディア,,フジテレビ,【北海道内で事故相次ぐ】札幌市東区で乗用車が信号待ちの軽自動車に衝突し横転した3台絡む事故で30代男性搬送_石狩ではトレーラーと軽自動車が衝突し50代女性軽傷,https://www.fnn.jp/articles/-/1112842,https://news.ceek.jp/search.cgi?category_id=national&feed=1,ok,,社会
2026-09-11,2026-09-11T22:56:10.134909+09:00,その他メディア,,フジテレビ,【福島県・9月12日の天気】土曜日は晴れ間が見られるところも 来週は真夏日と長雨,https://www.fnn.jp/articles/-/1112837,https://news.ceek.jp/search.cgi?category_id=national&feed=1,ok,,社会
2026-09-11,2026-09-11T22:56:10.134909+09:00,その他メディア,,フジテレビ,熊本県で最大震度1の地震 熊本県・上天草市,https://www.fnn.jp/articles/-/1112836,https://news.ceek.jp/search.cgi?category_id=national&feed=1,ok,,社会
2026-09-11,2026-09-11T22:56:10.134909+09:00,その他メディア,,フジテレビ,長崎稲佐山スロープカー 9月末から順次再開へ,https://www.fnn.jp/articles/-/1112841,https://news.ceek.jp/search.cgi?category_id=national&feed=1,ok,,社会
2026-09-11,2026-09-11T22:56:10.134909+09:00,その他メディア,,日刊スポーツ,50代の検察事務官が盗撮画像複写 自宅に持ち帰る 岡山地検,https://www.nikkansports.com/general/news/202609110001422.html,https://news.ceek.jp/search.cgi?category_id=national&feed=1,ok,,社会
2026-09-11,2026-09-11T22:56:10.134909+09:00,その他メディア,,TBSテレビ,ネコがネコをあやす!?「人間はいらない」かわいらしい子猫姉妹のびっくり動画,https://newsdig.tbs.co.jp/articles/-/2940130?display=1,https://news.ceek.jp/search.cgi?category_id=national&feed=1,ok,,社会
2026-09-11,2026-09-11T22:56:10.134909+09:00,その他メディア,,フジテレビ,"電車内に“刃物男""想定 殺傷事件などに対応へ 犯人制圧や救助・搬送など手順確認 警視庁とJR東日本が合同訓練",https://www.fnn.jp/articles/-/1112827,https://news.ceek.jp/search.cgi?category_id=national&feed=1,ok,,社会
2026-09-11,2026-09-11T22:56:10.134909+09:00,その他メディア,,日刊スポーツ,豪雨住宅被害7千棟超える 千葉県 5市に被災者生活再建支援法適用決定,https://www.nikkansports.com/general/news/202609110001421.html,https://news.ceek.jp/search.cgi?category_id=national&feed=1,ok,,社会
2026-09-11,2026-09-11T22:56:10.134909+09:00,その他メディア,,共同通信,【速報】中部電が浜岡審査取り下げ方針と政府関係者,https://www.47news.jp/14926929.html,https://news.ceek.jp/search.cgi?category_id=national&feed=1,ok,,社会
2026-09-11,2026-09-11T22:56:10.134909+09:00,その他メディア,,フジテレビ,小学校でホタル飼育 児童と企業がビオトープを清掃 10月に幼虫の一部を放流へ,https://www.fnn.jp/articles/-/1112835,https://news.ceek.jp/search.cgi?category_id=national&feed=1,ok,,社会
2026-09-11,2026-09-11T22:56:10.134909+09:00,その他メディア,,フジテレビ,防犯カメラ映像解析や聞き込みから特定 死亡に関与か 16歳と17歳の会社員4人を逮捕 相模原17歳男子高校生死亡,https://www.fnn.jp/articles/-/1112818,https://news.ceek.jp/search.cgi?category_id=national&feed=1,ok,,社会
2026-09-11,2026-09-11T22:56:10.134909+09:00,その他メディア,,フジテレビ,【速報】自転車で横断歩道を渡っていた86歳の男性 軽自動車にはねられ死亡 東大阪市,https://www.fnn.jp/articles/-/1112829,https://news.ceek.jp/search.cgi?category_id=national&feed=1,ok,,社会
2026-09-11,2026-09-11T22:56:10.134909+09:00,その他メディア,,共同通信,豪雨による住宅被害7千棟超える 千葉、5市に支援法適用,https://www.47news.jp/14926466.html,https://news.ceek.jp/search.cgi?category_id=national&feed=1,ok,,社会
2026-09-11,2026-09-11T22:56:10.134909+09:00,その他メディア,,フジテレビ,佐世保市でトラックがバイクに衝突 バイクを運転していた20代男性が死亡,https://www.fnn.jp/articles/-/1112826,https://news.ceek.jp/search.cgi?category_id=national&feed=1,ok,,社会
2026-09-11,2026-09-11T22:56:10.134909+09:00,その他メディア,,テレビ朝日,相模原高校生死亡 トラブルのきっかけはバイク 少年4人逮捕,https://news.tv-asahi.co.jp/news_society/articles/000532769.html,https://news.ceek.jp/search.cgi?category_id=national&feed=1,ok,,社会
2026-09-11,2026-09-11T22:56:10.134909+09:00,その他メディア,,フジテレビ,小学校の給食に異物混入の可能性 3141食を提供 一部の児童が食べる 給食センターのオーブンの金属製部品が壊れているのを発見 長野市,https://www.fnn.jp/articles/-/1112819,https://news.ceek.jp/search.cgi?category_id=national&feed=1,ok,,社会
2026-09-11,2026-09-11T22:56:10.134909+09:00,その他メディア,,フジテレビ,玄関前に250万円入りの封筒置き持ち去られる ニセ警察詐欺であわら市の80代女性が被害,https://www.fnn.jp/articles/-/1112828,https://news.ceek.jp/search.cgi?category_id=national&feed=1,ok,,社会
2026-09-11,2026-09-11T22:56:10.134909+09:00,その他メディア,,フジテレビ,災難乗り越え愛されてきたご神木 佐世保・山口神社の「オガタマノキ」,https://www.fnn.jp/articles/-/1112825,https://news.ceek.jp/search.cgi?category_id=national&feed=1,ok,,社会
2026-09-11,2026-09-11T22:56:10.134909+09:00,その他メディア,,フジテレビ,"普及進まない「マイナ免許証」 福井県内では1割にとどまる 「このままでいい」メリットあっても“決め手""にならない背景",https://www.fnn.jp/articles/-/1112821,https://news.ceek.jp/search.cgi?category_id=national&feed=1,ok,,社会
2026-09-11,2026-09-11T22:56:10.134909+09:00,全国紙,全国,読売新聞,特定技能のミャンマー人女性給与から違法天引き、ラーメン店側に100万円超支払い命令,https://www.yomiuri.co.jp/national/20260911-GYT1T00255/,https://news.ceek.jp/search.cgi?category_id=national&feed=1,ok,,社会
2026-09-11,2026-09-11T22:56:10.134909+09:00,全国紙,全国,産経新聞,東大の関連団体が解散へ 元事務局長9000万円流用問題「時代に合わぬガバナンス構造」,https://www.sankei.com/article/20260911-EZKGQLNKIVP6NAQUTAY67IKAAU/,https://news.ceek.jp/search.cgi?category_id=national&feed=1,ok,,社会
2026-09-11,2026-09-11T22:56:10.134909+09:00,その他メディア,,フジテレビ,寝たきりの義父を殴り死亡させた罪 検察側が拘禁刑10年求刑 盛岡地裁,https://www.fnn.jp/articles/-/1112814,https://news.ceek.jp/search.cgi?category_id=national&feed=1,ok,,社会
2026-09-11,2026-09-11T22:56:10.134909+09:00,その他メディア,,フジテレビ,"床上か床下か...“判定待ち""が坂井市で約90軒 応援職員の受け入れは2日間のみ 今後は申請増えれば要請を検討へ",https://www.fnn.jp/articles/-/1112817,https://news.ceek.jp/search.cgi?category_id=national&feed=1,ok,,社会
2026-09-11,2026-09-11T22:56:10.134909+09:00,その他メディア,,フジテレビ,氷見市の大雨は「1000年に一度レベル」よりまれな降水量 なぜこれほどの大雨に?【富山】,https://www.fnn.jp/articles/-/1112824,https://news.ceek.jp/search.cgi?category_id=national&feed=1,ok,,社会
2026-09-11,2026-09-11T22:56:10.134909+09:00,その他メディア,,テレビ朝日,"中電“原発審査申請""の取り下げか 子会社の“12億円""過大請求も判明",https://news.tv-asahi.co.jp/news_society/articles/000532760.html,https://news.ceek.jp/search.cgi?category_id=national&feed=1,ok,,社会
2026-09-11,2026-09-11T22:56:10.134909+09:00,全国紙,全国,読売新聞,参政・初鹿野裕樹参院議員、共産党をSNSで中傷容疑...書類送検,https://www.yomiuri.co.jp/national/20260911-GYT1T00253/,https://news.ceek.jp/search.cgi?category_id=national&feed=1,ok,,社会
2026-09-11,2026-09-11T22:56:10.134909+09:00,その他メディア,,フジテレビ,「都市型水害に強い千葉県づくり」 熊谷知事が3つのビジョン公表 有識者会議で議論し国や市町村と連携へ,https://www.fnn.jp/articles/-/1112807,https://news.ceek.jp/search.cgi?category_id=national&feed=1,ok,,社会
2026-09-11,2026-09-11T22:56:10.134909+09:00,その他メディア,,フジテレビ,職員採用試験で利用したサービスに不正アクセス 申込者148人の個人情報流出の可能性 広島・福山市,https://www.fnn.jp/articles/-/1112809,https://news.ceek.jp/search.cgi?category_id=national&feed=1,ok,,社会
2026-09-11,2026-09-11T22:56:10.134909+09:00,その他メディア,,フジテレビ,"住民の2人に1人が高齢者 土砂が流入した福井市美山地区 ボランティアによる一斉支援は一区切り いまだ残る住宅内の片付け...今後は“個別支援""へ",https://www.fnn.jp/articles/-/1112808,https://news.ceek.jp/search.cgi?category_id=national&feed=1,ok,,社会
2026-09-11,2026-09-11T22:56:10.134909+09:00,その他メディア,,共同通信,永平寺で18年ぶり慶弔会 前貫首本葬と新貫首就任式,https://www.47news.jp/14926631.html,https://news.ceek.jp/search.cgi?category_id=national&feed=1,ok,,社会
2026-09-11,2026-09-11T22:56:10.134909+09:00,全国紙,全国,産経新聞,被災地に訪れ研修する企業 徐々に浸透する企業防災の重要性 東日本大震災,https://www.sankei.com/article/20260911-VV366FV5RRNOZB2BTUCY7HC3RE/,https://news.ceek.jp/search.cgi?category_id=national&feed=1,ok,,社会
2026-09-11,2026-09-11T22:56:10.134909+09:00,その他メディア,,フジテレビ,特定外来生物「クビアカツヤカミキリ」の被害を東御市で確認 長野県内で拡大 県が対策進める,https://www.fnn.jp/articles/-/1112804,https://news.ceek.jp/search.cgi?category_id=national&feed=1,ok,,社会
2026-09-11,2026-09-11T22:56:10.134909+09:00,その他メディア,,フジテレビ,岩美町の海岸に身元不明の男性遺体 水難事故で行方不明の男子高校生か...警察が確認進める(鳥取),https://www.fnn.jp/articles/-/1112844,https://news.ceek.jp/search.cgi?category_id=national&feed=1,ok,,社会
2026-09-11,2026-09-11T22:56:10.134909+09:00,全国紙,全国,産経新聞,会社員も特殊詐欺グループの標的 日本生命が防犯セミナー 「ニセ社長」に注意呼びかけ,https://www.sankei.com/article/20260911-NZEO44LDTFNGVEPA4CPH4H4NTI/,https://news.ceek.jp/search.cgi?category_id=national&feed=1,ok,,社会
2026-09-11,2026-09-11T22:56:10.134909+09:00,全国紙,全国,毎日新聞,東大の関連団体が解散へ 元事務局長9000万円流用で,https://mainichi.jp/articles/20260911/k00/00m/040/290000c,https://news.ceek.jp/search.cgi?category_id=national&feed=1,ok,,社会
2026-09-11,2026-09-11T22:56:10.134909+09:00,全国紙,全国,日本経済新聞,参政党議員を書類送検 名誉毀損疑い、共産党が告訴,https://www.nikkei.com/article/DGXZQOUF118SD0R10C26A9000000/,https://news.ceek.jp/search.cgi?category_id=national&feed=1,ok,,社会
2026-09-11,2026-09-11T22:56:10.134909+09:00,その他メディア,,フジテレビ,JRの車掌が駅に置いてきぼり 運転士が置き去りにして発車 失念...打合せ通りいかず 特急など2本に遅れ、約180人に影響 JR東日本「ご迷惑やご不安を与えることのないよう指導してまいります」 JR大糸線,https://www.fnn.jp/articles/-/1112796,https://news.ceek.jp/search.cgi?category_id=national&feed=1,ok,,社会
2026-09-11,2026-09-11T22:56:10.134909+09:00,その他メディア,,フジテレビ,【速報】JR阪和線 人身事故で一時運転見合わせ 鳳駅~熊取駅間,https://www.fnn.jp/articles/-/1112798,https://news.ceek.jp/search.cgi?category_id=national&feed=1,ok,,社会
2026-09-11,2026-09-11T22:56:10.134909+09:00,その他メディア,,フジテレビ,氷見市「り災証明書」920件申請で30通発行 発行のための被害調査が難航,https://www.fnn.jp/articles/-/1112812,https://news.ceek.jp/search.cgi?category_id=national&feed=1,ok,,社会
2026-09-11,2026-09-11T22:56:10.134909+09:00,その他メディア,,共同通信,「将棋通して元気を」 藤井JT杯覇者、熊本対局,https://www.47news.jp/14926711.html,https://news.ceek.jp/search.cgi?category_id=national&feed=1,ok,,社会
2026-09-11,2026-09-11T22:56:10.134909+09:00,その他メディア,,フジテレビ,「盗品を飲食代や生活費に...」空き家から蛇口や給湯器102点盗んだ疑いで逮捕された解体作業員の男(54)の捜査終結 新潟・上越市,https://www.fnn.jp/articles/-/1112797,https://news.ceek.jp/search.cgi?category_id=national&feed=1,ok,,社会
2026-09-11,2026-09-11T22:56:10.134909+09:00,その他メディア,,フジテレビ,"“長雨列島""都心ブルブル、10月下旬並み寒さ...16日連続で雨 関東甲信あすにかけ警報級大雨の恐れ 週明けは北陸でも注意",https://www.fnn.jp/articles/-/1112779,https://news.ceek.jp/search.cgi?category_id=national&feed=1,ok,,社会
2026-09-11,2026-09-11T22:56:10.134909+09:00,その他メディア,,フジテレビ,愛媛県警・男性巡査長が出勤途中に追突事故 届け出せず所属長注意処分【愛媛】,https://www.fnn.jp/articles/-/1112786,https://news.ceek.jp/search.cgi?category_id=national&feed=1,ok,,社会
2026-09-11,2026-09-11T22:56:10.134909+09:00,全国紙,全国,産経新聞,全東信の関連会社買収時に不透明な資金の流れ 大手金融機関が融資引き揚げ,https://www.sankei.com/article/20260911-OSUXT6VM5FLDZJU7YPMOYEQPPE/,https://news.ceek.jp/search.cgi?category_id=national&feed=1,ok,,社会
2026-09-11,2026-09-11T22:56:10.134909+09:00,その他メディア,,日本テレビ,"【沖縄県知事選】「こどもの貧困」対策が大きな争点に...13日投開票 県が抱える“暮らしの現実""取材",https://news.ntv.co.jp/category/society/ded93b47eba14f3cbb3fc12276fd6c9b,https://news.ceek.jp/search.cgi?category_id=national&feed=1,ok,,社会
2026-09-11,2026-09-11T22:56:10.134909+09:00,その他メディア,,フジテレビ,"9月11日は「公衆電話の日」 激減しても“まさか""の災害時には貴重な連絡手段 「171」で伝えるべきは『あいたいよ』 防災士資格持つ片平気象予報士が解説 週末の気温は「30度以上」に",https://www.fnn.jp/articles/-/1112785,https://news.ceek.jp/search.cgi?category_id=national&feed=1,ok,,社会
2026-09-11,2026-09-11T22:56:10.134909+09:00,その他メディア,,フジテレビ,"深夜に不審な“ピンクマスク男"" 事務所に窃盗目的で“侵入"" 「大胆不敵な行動に不気味さ」 元従業員を逮捕 周辺で複数の空き巣相談 熊本",https://www.fnn.jp/articles/-/1112775,https://news.ceek.jp/search.cgi?category_id=national&feed=1,ok,,社会
2026-09-11,2026-09-11T22:56:10.134909+09:00,その他メディア,,フジテレビ,通勤時間に事故相次ぐ 石狩で横転した車が2車線ふさぐ トレーラーと衝突 札幌でも3台絡む事故で1台横転 それぞれ運転手搬送 北海道,https://www.fnn.jp/articles/-/1112773,https://news.ceek.jp/search.cgi?category_id=national&feed=1,ok,,社会
2026-09-11,2026-09-11T22:56:10.134909+09:00,その他メディア,,フジテレビ,"大雨被害に“便乗""する手口が福井でも 住宅の水回り修繕で高額請求 被害防止へ警察が被災地の坂井市で啓発活動",https://www.fnn.jp/articles/-/1112776,https://news.ceek.jp/search.cgi?category_id=national&feed=1,ok,,社会
2026-09-11,2026-09-11T22:56:10.134909+09:00,その他メディア,,フジテレビ,初任給「0円」ラーメン店運営会社側に約100万円支払い命令 ミャンマー国籍女性の3カ月賃金4万円未満 「違法性が顕著」東京地裁,https://www.fnn.jp/articles/-/1112766,https://news.ceek.jp/search.cgi?category_id=national&feed=1,ok,,社会
2026-09-11,2026-09-11T22:56:10.134909+09:00,その他メディア,,フジテレビ,早朝の湘南で混乱 マンホールから高さ5メートルの水柱 「大雨の影響ではなく水漏れ」 周辺道路で一時交通規制 神奈川・茅ヶ崎市,https://www.fnn.jp/articles/-/1112765,https://news.ceek.jp/search.cgi?category_id=national&feed=1,ok,,社会
2026-09-11,2026-09-11T22:56:10.134909+09:00,その他メディア,,フジテレビ,【エンドトーク】「お出かけは土曜がオススメ」週末のポイント 山形,https://www.fnn.jp/articles/-/1112771,https://news.ceek.jp/search.cgi?category_id=national&feed=1,ok,,社会
2026-09-11,2026-09-11T22:56:10.134909+09:00,全国紙,全国,産経新聞,熊本地震被災地に派遣された大阪市職員らが活動報告 市長と課題など意見交換,https://www.sankei.com/article/20260911-NT2Y2ZIEKVJ6PGHWSLBYZ7L37I/,https://news.ceek.jp/search.cgi?category_id=national&feed=1,ok,,社会
2026-09-11,2026-09-11T22:56:10.134909+09:00,その他メディア,,フジテレビ,"51歳の“ガンマニア""逮捕 海外製のおもちゃ銃など11丁や自作実弾など押収 殺傷の能力ある改造も 「いけないことと分かりつつ」",https://www.fnn.jp/articles/-/1112762,https://news.ceek.jp/search.cgi?category_id=national&feed=1,ok,,社会
2026-09-11,2026-09-11T22:56:10.134909+09:00,その他メディア,,フジテレビ,【天気/山形】12日 雲多めも天気の崩れない見込み 13日夕方以降雨 中村友祐気象予報士の予報(2),https://www.fnn.jp/articles/-/1112770,https://news.ceek.jp/search.cgi?category_id=national&feed=1,ok,,社会
2026-09-11,2026-09-11T22:56:10.134909+09:00,全国紙,全国,毎日新聞,16~17歳の少年4人が暴行に関与か 相模原の高校生死亡,https://mainichi.jp/articles/20260911/k00/00m/040/270000c,https://news.ceek.jp/search.cgi?category_id=national&feed=1,ok,,社会
2026-09-11,2026-09-11T22:56:10.134909+09:00,その他メディア,,デイリースポーツ,東大の関連団体が解散へ,https://www.daily.co.jp/society/national/2026/09/11/0020809510.shtml,https://news.ceek.jp/search.cgi?category_id=national&feed=1,ok,,社会
2026-09-11,2026-09-11T22:56:10.134909+09:00,その他メディア,,共同通信,東大の関連団体が解散へ 元事務局長9千万円流用で,https://www.47news.jp/14926665.html,https://news.ceek.jp/search.cgi?category_id=national&feed=1,ok,,社会
2026-09-11,2026-09-11T22:56:10.134909+09:00,全国紙,全国,産経新聞,バス運賃着服で2人解雇 鳥取の日本交通 被害は1000万円超か,https://www.sankei.com/article/20260911-CCB6JXRF4ZPGPKL4I4IRWFPCB4/,https://news.ceek.jp/search.cgi?category_id=national&feed=1,ok,,社会
2026-09-11,2026-09-11T22:56:10.134909+09:00,その他メディア,,フジテレビ,"「銘柄教えます」投資セミナーの広告見て参加 総額4000万円失う “2億円""の金塊売却もすすめられ 被害女性語る 岡山市",https://www.fnn.jp/articles/-/1112761,https://news.ceek.jp/search.cgi?category_id=national&feed=1,ok,,社会
2026-09-11,2026-09-11T22:56:10.134909+09:00,全国紙,全国,毎日新聞,東大、60代の特任教授を停職2カ月 利害関係者から接待,https://mainichi.jp/articles/20260911/k00/00m/040/256000c,https://news.ceek.jp/search.cgi?category_id=national&feed=1,ok,,社会
2026-09-11,2026-09-11T22:56:10.134909+09:00,全国紙,全国,毎日新聞,紅海から石油輸出の重要インフラで煙 エネルギー供給に影響恐れ,https://mainichi.jp/articles/20260911/k00/00m/030/382000c,https://news.ceek.jp/search.cgi?category_id=world&feed=1,ok,,国際
2026-09-11,2026-09-11T22:56:10.134909+09:00,全国紙,全国,読売新聞,米国防総省、北朝鮮で新たな遺骨収集の準備...米朝首脳会談実現に備えた動きか,https://www.yomiuri.co.jp/world/20260911-GYT1T00303/,https://news.ceek.jp/search.cgi?category_id=world&feed=1,ok,,国際
2026-09-11,2026-09-11T22:56:10.134909+09:00,全国紙,全国,毎日新聞,香港の民主派団体幹部らに禁錮7年 天安門事件追悼集会を開催,https://mainichi.jp/articles/20260911/k00/00m/030/380000c,https://news.ceek.jp/search.cgi?category_id=world&feed=1,ok,,国際
2026-09-11,2026-09-11T22:56:10.134909+09:00,全国紙,全国,産経新聞,SNSの「中毒性ある機能」や無限スクロール、16歳未満には禁止 米カルフォルニア州,https://www.sankei.com/article/20260911-PV6LKUHLBVIHNNNSTMRFWKABJ4/,https://news.ceek.jp/search.cgi?category_id=world&feed=1,ok,,国際
2026-09-11,2026-09-11T22:56:10.134909+09:00,全国紙,全国,産経新聞,豪SNS禁止、制裁金2倍に増額 最大120億円...運営側対策強化へ法案可決,https://www.sankei.com/article/20260911-L2NZMGECDRL5BDOZKL77ILEXYI/,https://news.ceek.jp/search.cgi?category_id=world&feed=1,ok,,国際
2026-09-11,2026-09-11T22:56:10.134909+09:00,その他メディア,,デイリースポーツ,BRICS首脳会議12日開幕へ,https://www.daily.co.jp/society/world/2026/09/11/0020810352.shtml,https://news.ceek.jp/search.cgi?category_id=world&feed=1,ok,,国際
2026-09-11,2026-09-11T22:56:10.134909+09:00,全国紙,全国,読売新聞,アメリカ同時テロから25年、世界貿易センター跡地で遺族らが追悼,https://www.yomiuri.co.jp/world/20260911-GYT1T00288/,https://news.ceek.jp/search.cgi?category_id=world&feed=1,ok,,国際
2026-09-11,2026-09-11T22:56:10.134909+09:00,その他メディア,,テレビ朝日,米8月の消費者物価指数3.4%上昇 伸び率は前月から横ばい 市場予想と同じ,https://news.tv-asahi.co.jp/news_international/articles/000532845.html,https://news.ceek.jp/search.cgi?category_id=world&feed=1,ok,,国際
2026-09-11,2026-09-11T22:56:10.134909+09:00,その他メディア,,フジテレビ,フーシ派が海上輸送の要衝を制圧 バーブルマンデブ海峡の「ペリム島」 世界の物流への影響懸念,https://www.fnn.jp/articles/-/1112870,https://news.ceek.jp/search.cgi?category_id=world&feed=1,ok,,国際
2026-09-11,2026-09-11T22:56:10.134909+09:00,その他メディア,,デイリースポーツ,同時テロ25年、各地で追悼,https://www.daily.co.jp/society/world/2026/09/11/0020810084.shtml,https://news.ceek.jp/search.cgi?category_id=world&feed=1,ok,,国際
2026-09-11,2026-09-11T22:56:10.134909+09:00,その他メディア,,TBSテレビ,【速報】アメリカの8月消費者物価指数 +3.4%,https://newsdig.tbs.co.jp/articles/-/2940177?display=1,https://news.ceek.jp/search.cgi?category_id=world&feed=1,ok,,国際
2026-09-11,2026-09-11T22:56:10.134909+09:00,その他メディア,,newsclip.be,タイ地方公務員採用試験での不正疑惑、首相が関連資産15億円の凍結指示,https://newsclip.be/thai-news/thai-local/41792,https://news.ceek.jp/search.cgi?category_id=world&feed=1,ok,,国際
2026-09-11,2026-09-11T22:56:10.134909+09:00,その他メディア,,ASIA INFONET,仏系大手BPOのTP、ジョホールバルに新拠点開設,https://www.asiainfonet.com/2026/09/11/03-1458/,https://news.ceek.jp/search.cgi?category_id=world&feed=1,ok,,国際
2026-09-11,2026-09-11T22:56:10.134909+09:00,その他メディア,,MYANMAR JAPON,マンダレーの空軍基地に自爆ドローン,https://myanmarjapon.com/newsdigest/2026/09/11-84720.php,https://news.ceek.jp/search.cgi?category_id=world&feed=1,ok,,国際
2026-09-11,2026-09-11T22:56:10.134909+09:00,全国紙,全国,読売新聞,ネパール土石流、被害額推計2770億円...復興に必要な費用47億8000万ドル,https://www.yomiuri.co.jp/world/20260911-GYT1T00279/,https://news.ceek.jp/search.cgi?category_id=world&feed=1,ok,,国際
2026-09-11,2026-09-11T22:56:10.134909+09:00,その他メディア,,ASIA INFONET,ゲンティンのアウトレット、第2期開発で7万平方フィート増床へ,https://www.asiainfonet.com/2026/09/11/02-1499/,https://news.ceek.jp/search.cgi?category_id=world&feed=1,ok,,国際
2026-09-11,2026-09-11T22:56:10.134909+09:00,その他メディア,,デイリースポーツ,フーシ派が海峡周辺掌握,https://www.daily.co.jp/society/world/2026/09/11/0020809931.shtml,https://news.ceek.jp/search.cgi?category_id=world&feed=1,ok,,国際
2026-09-11,2026-09-11T22:56:10.134909+09:00,その他メディア,,ASIA INFONET,IHHのシンガポール子会社、第一三共相手の訴訟で敗訴,https://www.asiainfonet.com/2026/09/11/01-1510/,https://news.ceek.jp/search.cgi?category_id=world&feed=1,ok,,国際
2026-09-11,2026-09-11T22:56:10.134909+09:00,全国紙,全国,日本経済新聞,経産政務官、中国エネルギー局長と短時間接触 APEC関連会合で,https://www.nikkei.com/article/DGXZQOGM114R60R10C26A9000000/,https://news.ceek.jp/search.cgi?category_id=world&feed=1,ok,,国際
2026-09-11,2026-09-11T22:56:10.134909+09:00,その他メディア,,フジテレビ,「日本との距離が離れつつある」イスラエル次期大使が会見 「ICCはルールを守っていない」と批判繰り返す,https://www.fnn.jp/articles/-/1112862,https://news.ceek.jp/search.cgi?category_id=world&feed=1,ok,,国際
2026-09-11,2026-09-11T22:56:10.134909+09:00,その他メディア,,共同通信,16歳未満「中毒性の機能」禁止 米加州、SNS規制法成立,https://www.47news.jp/14927174.html,https://news.ceek.jp/search.cgi?category_id=world&feed=1,ok,,国際
2026-09-11,2026-09-11T22:56:10.134909+09:00,その他メディア,,デイリースポーツ,16歳未満「中毒性の機能」禁止,https://www.daily.co.jp/society/world/2026/09/11/0020809864.shtml,https://news.ceek.jp/search.cgi?category_id=world&feed=1,ok,,国際
2026-09-11,2026-09-11T22:56:10.134909+09:00,その他メディア,,テレビ朝日,"トランプ大統領「2回目の演説」全成人“77万円""の財源を説明 中間選挙の行方は?",https://news.tv-asahi.co.jp/news_international/articles/900199450.html,https://news.ceek.jp/search.cgi?category_id=world&feed=1,ok,,国際
2026-09-11,2026-09-11T22:56:10.134909+09:00,その他メディア,,日本テレビ,"「投票しないと地獄に...」トランプ氏が中間選挙前に過激発言 “配当金""には身内からも批判の声",https://news.ntv.co.jp/category/international/ad73a43349d945c48d13d840d0928418,https://news.ceek.jp/search.cgi?category_id=world&feed=1,ok,,国際
2026-09-11,2026-09-11T22:56:10.134909+09:00,その他メディア,,共同通信,【速報】フーシ派が海峡の要衝の島掌握と報道,https://www.47news.jp/14927074.html,https://news.ceek.jp/search.cgi?category_id=world&feed=1,ok,,国際
2026-09-11,2026-09-11T22:56:10.134909+09:00,全国紙,全国,読売新聞,中国主催の安保関連国際会議、アメリカ国防総省当局者が出席か...中国・台湾担当の実務者,https://www.yomiuri.co.jp/world/20260911-GYT1T00261/,https://news.ceek.jp/search.cgi?category_id=world&feed=1,ok,,国際
2026-09-11,2026-09-11T22:56:10.134909+09:00,その他メディア,,テレビ朝日,紅海出口の島もフーシ派が制圧か ホルムズ海峡の代替ルートで原油輸送に影響の恐れ,https://news.tv-asahi.co.jp/news_international/articles/000532820.html,https://news.ceek.jp/search.cgi?category_id=world&feed=1,ok,,国際
2026-09-11,2026-09-11T22:56:10.134909+09:00,全国紙,全国,日本経済新聞,オーストラリア、違反企業への罰金2倍超に 子どものSNS利用禁止,https://www.nikkei.com/article/DGXZQOGM119IK0R10C26A9000000/,https://news.ceek.jp/search.cgi?category_id=world&feed=1,ok,,国際
2026-09-11,2026-09-11T22:56:10.134909+09:00,全国紙,全国,読売新聞,中国、入国する日本人のビザ発給手数料引き上げへ...「相互主義に基づく対応」,https://www.yomiuri.co.jp/world/20260911-GYT1T00257/,https://news.ceek.jp/search.cgi?category_id=world&feed=1,ok,,国際
2026-09-11,2026-09-11T22:56:10.134909+09:00,その他メディア,,Abema TIMES,"トランプ大統領「2回目の演説」全成人“77万円""の財源を説明 中間選挙の行方は?",https://times.abema.tv/articles/-/10272610?page=1,https://news.ceek.jp/search.cgi?category_id=world&feed=1,ok,,国際
2026-09-11,2026-09-11T22:56:10.134909+09:00,その他メディア,,日本テレビ,"最大347.5倍...クレーンゲーム景品から有害物質検出 “有名キャラの模造品""可能性高い人形も 韓国",https://news.ntv.co.jp/category/international/167b2396142346fb8fb42c5ebe7f90aa,https://news.ceek.jp/search.cgi?category_id=world&feed=1,ok,,国際
2026-09-11,2026-09-11T22:56:10.134909+09:00,その他メディア,,TBSテレビ,アメリカ同時多発テロから25年 哀悼の思いを込め世界貿易センターをドローンで再現,https://newsdig.tbs.co.jp/articles/-/2940111?display=1,https://news.ceek.jp/search.cgi?category_id=world&feed=1,ok,,国際
2026-09-11,2026-09-11T22:56:10.134909+09:00,その他メディア,,ベトナムの声,戦没者遺骨の1万3500余りの検体、DNA鑑定のためハノイへ搬送,https://vovworld.vn/ja-JP/niyusu/zhanmeizheyiguno1wan3500yurinojiantidnajiandingnotamehanoihebansong-2464763.vov5,https://news.ceek.jp/search.cgi?category_id=world&feed=1,ok,,国際
2026-09-11,2026-09-11T22:56:10.134909+09:00,その他メディア,,世界日報,バンス氏、民主党は「憎悪の党」 トランプ氏、2日連続で演説 米共和党大会,https://www.worldtimes.co.jp/global/north-america/20260911-214741/,https://news.ceek.jp/search.cgi?category_id=world&feed=1,ok,,国際
2026-09-11,2026-09-11T22:56:10.134909+09:00,その他メディア,,英国ニュースダイジェスト,雇用効果、業界予想の4分の1―データセンター開発でシンクタンク,https://www.news-digest.co.uk/news/news/uk-news/27374-2026-09-11.html,https://news.ceek.jp/search.cgi?category_id=world&feed=1,ok,,国際
2026-09-11,2026-09-11T22:56:10.134909+09:00,その他メディア,,swissinfo.ch,「海運大国スイスは、人と環境に対する責任を果たすべきだ」,https://www.swissinfo.ch/jpn/%e8%b2%bf%e6%98%93%e6%94%bf%e7%ad%96/%e3%80%8c%e6%b5%b7%e9%81%8b%e5%a4%a7%e5%9b%bd%e3%82%b9%e3%82%a4%e3%82%b9%e3%81%af%e3%80%81%e4%ba%ba%e3%81%a8%e7%92%b0%e5%a2%83%e3%81%ab%e5%af%be%e3%81%99%e3%82%8b%e8%b2%ac%e4%bb%bb%e3%82%92%e6%9e%9c%e3%81%9f%e3%81%99%e3%81%b9%e3%81%8d%e3%81%a0%e3%80%8d/92040805,https://news.ceek.jp/search.cgi?category_id=world&feed=1,ok,,国際
2026-09-11,2026-09-11T22:56:10.134909+09:00,全国紙,全国,日本経済新聞,S&P、オーストラリアのクイーンズランド州格下げ 32年五輪開催地,https://www.nikkei.com/article/DGXZQOCB11A3S0R10C26A9000000/,https://news.ceek.jp/search.cgi?category_id=world&feed=1,ok,,国際
2026-09-11,2026-09-11T22:56:10.134909+09:00,全国紙,全国,毎日新聞,ラッパーから転身 36歳のネパール首相、土石流で問われる手腕,https://mainichi.jp/articles/20260911/k00/00m/030/262000c,https://news.ceek.jp/search.cgi?category_id=world&feed=1,ok,,国際
2026-09-11,2026-09-11T22:56:10.134909+09:00,その他メディア,,ベトナムの声,ホーチミン市、ローカル外交をイノベーションと持持続可能な成長の原動力に,https://vovworld.vn/ja-JP/niyusu/hochiminshirokaruwaijiaowoinoheshiyontochichixukenengnachengzhangnoyuandonglini-2464733.vov5,https://news.ceek.jp/search.cgi?category_id=world&feed=1,ok,,国際
2026-09-11,2026-09-11T22:56:10.134909+09:00,その他メディア,,Economic Media Bulletin,外務省、一部中東地域の渡航危険レベル引き下げ,https://emb-media.com/mea/2026/09/11/679615/,https://news.ceek.jp/search.cgi?category_id=world&feed=1,ok,,国際
2026-09-11,2026-09-11T22:56:10.134909+09:00,その他メディア,,日本テレビ,"僧侶を“銃""で脅迫...逃走の一部始終 韓国",https://news.ntv.co.jp/category/international/3ac3d64fca7b456b908476096f9c68d1,https://news.ceek.jp/search.cgi?category_id=world&feed=1,ok,,国際
2026-09-11,2026-09-11T22:56:10.134909+09:00,その他メディア,,CNN.co.jp,木から吊された黒人女性の死、殺人事件として捜査 米南部の警察が公表,https://www.cnn.co.jp/usa/35252553.html,https://news.ceek.jp/search.cgi?category_id=world&feed=1,ok,,国際
2026-09-11,2026-09-11T22:56:10.134909+09:00,その他メディア,,テレビ朝日,"米・同時多発テロから25年“封印映像""公開 撮影者語る思い",https://news.tv-asahi.co.jp/news_international/articles/000532758.html,https://news.ceek.jp/search.cgi?category_id=world&feed=1,ok,,国際
2026-09-11,2026-09-11T22:56:10.134909+09:00,その他メディア,,フジテレビ,"修理中のバイクから突然炎上 慌てる店主をよそに客が息を「ふーふー」吹きかけ消火 SNSで“100万点""の評価 トルコ",https://www.fnn.jp/articles/-/1112745,https://news.ceek.jp/search.cgi?category_id=world&feed=1,ok,,国際
2026-09-11,2026-09-11T22:56:10.134909+09:00,その他メディア,,Abema TIMES,トランプ氏 共和党大会で演説 民主党を「過激な左派」,https://times.abema.tv/articles/-/10272577?page=1,https://news.ceek.jp/search.cgi?category_id=world&feed=1,ok,,国際
2026-09-11,2026-09-11T22:56:10.134909+09:00,全国紙,全国,毎日新聞,中国、日本人へのビザ7倍に値上げへ 対抗措置か 大使館が発表,https://mainichi.jp/articles/20260911/k00/00m/030/249000c,https://news.ceek.jp/search.cgi?category_id=world&feed=1,ok,,国際
2026-09-11,2026-09-11T22:56:10.134909+09:00,その他メディア,,TBSテレビ,フーシ派のイエメン港湾都市モカ制圧、イランの革命防衛隊が直接指導か すでに複数幹部がイエメン入りし攻撃指揮との情報も,https://newsdig.tbs.co.jp/articles/-/2940017?display=1,https://news.ceek.jp/search.cgi?category_id=world&feed=1,ok,,国際
2026-09-11,2026-09-11T22:56:10.134909+09:00,全国紙,全国,産経新聞,ロシア、北方領土問題は「決着済み」 支配の既成事実化図る プーチン氏訪問1カ月,https://www.sankei.com/article/20260911-TU7SBRW4CFJAHGPNN625ZZXPQM/,https://news.ceek.jp/search.cgi?category_id=world&feed=1,ok,,国際
2026-09-11,2026-09-11T22:56:10.134909+09:00,その他メディア,,共同通信,【速報】フーシ派、イエメンの紅海沿岸掌握と報道,https://www.47news.jp/14926543.html,https://news.ceek.jp/search.cgi?category_id=world&feed=1,ok,,国際
2026-09-11,2026-09-11T22:56:10.134909+09:00,全国紙,全国,産経新聞,米民主候補の出演「政権の脅迫で中止に追い込まれた」 米司会者が主張,https://www.sankei.com/article/20260911-BNOCQUQGUVJ7BG2ORWWYPRRW54/,https://news.ceek.jp/search.cgi?category_id=world&feed=1,ok,,国際
2026-09-11,2026-09-11T22:56:10.134909+09:00,その他メディア,,テレビ朝日,スイスで観光バス横転 5人死亡 40人重軽傷 オランダのツアー会社運行,https://news.tv-asahi.co.jp/news_international/articles/000532780.html,https://news.ceek.jp/search.cgi?category_id=world&feed=1,ok,,国際
2026-09-11,2026-09-11T22:56:10.134909+09:00,その他メディア,,フジテレビ,逃走の殺人犯とカーチェイスの末にパトカー奪われる そのまま家に突っ込むドラレコ映像 住人2人は命に別条なし アメリカ,https://www.fnn.jp/articles/-/1112650,https://news.ceek.jp/search.cgi?category_id=world&feed=1,ok,,国際
2026-09-11,2026-09-11T22:56:10.134909+09:00,全国紙,全国,産経新聞,「ハマス武装なら撤収応じず」 イスラエル次期駐日大使が記者会見 ICC批判繰り返す,https://www.sankei.com/article/20260911-IJ47VMQ4TNMJVFXOUMIFFQ4UYY/,https://news.ceek.jp/search.cgi?category_id=world&feed=1,ok,,国際
2026-09-11,2026-09-11T22:56:10.134909+09:00,その他メディア,,ベトナムの声,マン国会議長、モンゴル公式訪問を成功裏に終える,https://vovworld.vn/ja-JP/niyusu/manguohuiyizhangmonkorugongshifangwenwochenggonglinizhongeru-2464711.vov5,https://news.ceek.jp/search.cgi?category_id=world&feed=1,ok,,国際
2026-09-11,2026-09-11T22:56:10.134909+09:00,その他メディア,,TBSテレビ,"1人5000ドル「トランプ配当」の実現は?「票の買収」との批判も トランプ氏、バンス氏らが民主党に激しい“口撃"" 共和党大会",https://newsdig.tbs.co.jp/articles/-/2939966?display=1,https://news.ceek.jp/search.cgi?category_id=world&feed=1,ok,,国際
2026-09-11,2026-09-11T22:56:10.134909+09:00,その他メディア,,TBSテレビ,ウクライナ東部パブログラードにドローン攻撃 5人死亡 後方拠点の状況、劇的に悪化,https://newsdig.tbs.co.jp/articles/-/2939954?display=1,https://news.ceek.jp/search.cgi?category_id=world&feed=1,ok,,国際
2026-09-11,2026-09-11T22:56:10.134909+09:00,その他メディア,,TBSテレビ,中国 日本人の入国ビザを約7倍に大幅値上げ「対等の原則に基づくもの」日本側の値上げに対抗措置か,https://newsdig.tbs.co.jp/articles/-/2939942?display=1,https://news.ceek.jp/search.cgi?category_id=world&feed=1,ok,,国際
2026-09-11,2026-09-11T22:56:10.134909+09:00,全国紙,全国,日本経済新聞,中国、ガソリン・軽油を値上げ 4月以来の価格抑制措置も発動,https://www.nikkei.com/article/DGXZQOGM118CW0R10C26A9000000/,https://news.ceek.jp/search.cgi?category_id=world&feed=1,ok,,国際
2026-09-11,2026-09-11T22:56:10.134909+09:00,その他メディア,,テレビ朝日,"“復活台風""猛威 9人行方不明 被害多発の中“奇跡の生還""も 中国",https://news.tv-asahi.co.jp/news_international/articles/000532764.html,https://news.ceek.jp/search.cgi?category_id=world&feed=1,ok,,国際
2026-09-11,2026-09-11T22:56:10.134909+09:00,その他メディア,,日本テレビ,"日本語版の地図修正...北方領土は“日本の色""に 国連推奨の「イコールアース図法」世界地図",https://news.ntv.co.jp/category/international/f85527858d384defb20ba5586ce0dca0,https://news.ceek.jp/search.cgi?category_id=world&feed=1,ok,,国際
2026-09-11,2026-09-11T22:56:10.134909+09:00,その他メディア,,ベトナムの声,フン首相、石油製品の流通システムを抜本的に改革へ,https://vovworld.vn/ja-JP/niyusu/funshouxiangshiyouzhipinnoliutongshisutemuwobabendenigaigehe-2464705.vov5,https://news.ceek.jp/search.cgi?category_id=world&feed=1,ok,,国際
2026-09-11,2026-09-11T22:56:10.134909+09:00,全国紙,全国,産経新聞,「イコールアース」地図、日本語版の北方領土を日本領と同色に変更 英語版は灰色に,https://www.sankei.com/article/20260911-SPAHLANESRPUFLTQY775L6MUYM/,https://news.ceek.jp/search.cgi?category_id=world&feed=1,ok,,国際
2026-09-11,2026-09-11T22:56:10.134909+09:00,全国紙,全国,産経新聞,「高市首相は非友好的」露、日本との首脳会談実現に否定的 11月のAPEC首脳会議で,https://www.sankei.com/article/20260911-SAV3OUT5SJLRRCH76PDII47P7M/,https://news.ceek.jp/search.cgi?category_id=world&feed=1,ok,,国際
2026-09-11,2026-09-11T22:56:10.134909+09:00,その他メディア,,ウクルインフォルム,ロシア軍、キーウのガソリンスタンドを攻撃 2名が死亡、負傷者6名が病院に搬送,https://www.ukrinform.jp/rubric-ato/4163121-roshia-junkiunogasorinsutandowo-gong-jimingga-si-wang-fu-shang-zhemingga-bing-yuanni-ban-song.html,https://news.ceek.jp/search.cgi?category_id=world&feed=1,ok,,国際
2026-09-11,2026-09-11T22:56:10.134909+09:00,その他メディア,,共同通信,韓国大統領の支持率3割台に ホルムズ派兵は反対55%,https://www.47news.jp/14926195.html,https://news.ceek.jp/search.cgi?category_id=world&feed=1,ok,,国際
2026-09-11,2026-09-11T22:56:10.134909+09:00,その他メディア,,デイリースポーツ,日本人のビザ料金引き上げ,https://www.daily.co.jp/society/world/2026/09/11/0020809051.shtml,https://news.ceek.jp/search.cgi?category_id=world&feed=1,ok,,国際
2026-09-11,2026-09-11T22:56:10.134909+09:00,その他メディア,,デイリースポーツ,韓国大統領の支持率3割台に,https://www.daily.co.jp/society/world/2026/09/11/0020809057.shtml,https://news.ceek.jp/search.cgi?category_id=world&feed=1,ok,,国際
2026-09-11,2026-09-11T22:56:10.134909+09:00,その他メディア,,TBSテレビ,天安門事件の追悼集会開催の民主派団体の幹部らに実刑判決~香港,https://newsdig.tbs.co.jp/articles/-/2939814?display=1,https://news.ceek.jp/search.cgi?category_id=world&feed=1,ok,,国際
2026-09-11,2026-09-11T22:56:10.134909+09:00,その他メディア,,共同通信,日本人のビザ料金引き上げ 中国「相互主義に基づく」,https://www.47news.jp/14926178.html,https://news.ceek.jp/search.cgi?category_id=world&feed=1,ok,,国際
2026-09-11,2026-09-11T22:56:10.134909+09:00,その他メディア,,ウクルインフォルム,ロシアが戦闘を停止しなければ、ウクライナは攻撃を強化する=ブダーノウ宇大統領府長官,https://www.ukrinform.jp/rubric-ato/4163118-roshiaga-zhan-douwo-ting-zhishinakerebaukurainaha-gong-jiwo-qiang-huasurubudanou-yu-da-tong-ling-fu-zhang-guan.html,https://news.ceek.jp/search.cgi?category_id=world&feed=1,ok,,国際
2026-09-11,2026-09-11T22:56:10.134909+09:00,全国紙,全国,日本経済新聞,米同時テロ25年、歴代大統領らNYで追悼へ ビル崩壊の時刻に黙とう,https://www.nikkei.com/article/DGXZQOGN09B7U0Z00C26A9000000/,https://news.ceek.jp/search.cgi?category_id=world&feed=1,ok,,国際
2026-09-11,2026-09-11T22:56:10.134909+09:00,全国紙,全国,産経新聞,中露の原発輸出という武器 世界での建設シェア89%に 日米韓はエネ安保で巻き返せるか,https://www.sankei.com/article/20260911-JOR77GSM3ZPNZGNLXQSMGMFTO4/,https://news.ceek.jp/search.cgi?category_id=world&feed=1,ok,,国際
2026-09-11,2026-09-11T22:56:10.134909+09:00,その他メディア,,ニューズウィーク,1日502回の虚偽発言...嘘すぎて生中継も拒否されたトランプは山火事より煙たい【風刺画で読み解くアメリカ】,https://www.newsweekjapan.jp/articles/-/331542,https://news.ceek.jp/search.cgi?category_id=world&feed=1,ok,,国際
2026-09-11,2026-09-11T22:56:10.134909+09:00,その他メディア,,Abema TIMES,"立ち上る黒煙と飛び散るがれき...難民キャンプや住宅にイスラエル軍が“空爆""の瞬間 少なくとも9人が負傷 ガザ地区",https://times.abema.tv/articles/-/10272328?page=1,https://news.ceek.jp/search.cgi?category_id=world&feed=1,ok,,国際
2026-09-11,2026-09-11T22:56:10.134909+09:00,その他メディア,,ベトナムの声,ベトナム・フランス、国連平和維持活動で協力協定,https://vovworld.vn/ja-JP/niyusu/hetonamufuransuguolianpingheweichihuodongtexielixieding-2464758.vov5,https://news.ceek.jp/search.cgi?category_id=world&feed=1,ok,,国際
2026-09-11,2026-09-11T22:56:10.134909+09:00,その他メディア,,フジテレビ,クレーンゲーム景品から基準値の347倍超える有害物質 子どもの生殖機能や成長に影響及ぼすおそれ「フタル酸系可塑剤」検出 韓国,https://www.fnn.jp/articles/-/1112599,https://news.ceek.jp/search.cgi?category_id=world&feed=1,ok,,国際
2026-09-11,2026-09-11T22:56:10.134909+09:00,その他メディア,,TBSテレビ,フィリピン・ドゥテルテ前大統領の長女が裁判所に出廷 マルコス政権から重大脅迫などの罪で「嫌がらせ受けている」,https://newsdig.tbs.co.jp/articles/-/2939788?display=1,https://news.ceek.jp/search.cgi?category_id=world&feed=1,ok,,国際
2026-09-11,2026-09-11T22:56:10.134909+09:00,地方紙,広島,中国新聞,テロ犠牲者「決して忘れない」と米大統領,https://www.chugoku-np.co.jp/articles/-/893770,https://news.ceek.jp/search.cgi?category_id=local&feed=1,ok,,地方・地域
2026-09-11,2026-09-11T22:56:10.134909+09:00,地方紙,新潟,新潟日報,80代男性がだまされたふり続け...妙高署などが詐欺未遂容疑で東京の男逮捕、「受け子」か,https://www.niigata-nippo.co.jp/articles/-/905455,https://news.ceek.jp/search.cgi?category_id=local&feed=1,ok,,地方・地域
2026-09-11,2026-09-11T22:56:10.134909+09:00,その他メディア,,下野新聞,矢板・森島市長「認められうれしい」 GX戦略地域認定で臨時会見 有力候補地住民も歓迎,https://www.shimotsuke.co.jp/articles/-/1420454,https://news.ceek.jp/search.cgi?category_id=local&feed=1,ok,,地方・地域
2026-09-11,2026-09-11T22:56:10.134909+09:00,全国紙,全国,毎日新聞,岐阜ケーキ店火災、店主女性が搬送先の病院で死亡 死者は4人に,https://mainichi.jp/articles/20260911/k00/00m/040/383000c,https://news.ceek.jp/search.cgi?category_id=local&feed=1,ok,,地方・地域
2026-09-11,2026-09-11T22:56:10.134909+09:00,その他メディア,,TBSテレビ,"【今後の雨は...】“気がかりな渦""の影響が直撃でシルバーウィークは雨模様に? 日本の南の海上に台風のように渦巻く風と雨雲の塊が発生か... 日本への影響は? 天気どうなる? 雨と風の予想シミュレーション",https://newsdig.tbs.co.jp/articles/-/2940152?display=1,https://news.ceek.jp/search.cgi?category_id=local&feed=1,ok,,地方・地域
2026-09-11,2026-09-11T22:56:10.134909+09:00,地方紙,広島,中国新聞,トランプ氏の演説始まる,https://www.chugoku-np.co.jp/articles/-/893766,https://news.ceek.jp/search.cgi?category_id=local&feed=1,ok,,地方・地域
2026-09-11,2026-09-11T22:56:10.134909+09:00,地方紙,広島,中国新聞,持丸泰輝の捕逸に新井貴浩監督「投手との信頼崩れる」 9月11日DeNA戦,https://www.chugoku-np.co.jp/articles/-/893753,https://news.ceek.jp/search.cgi?category_id=local&feed=1,ok,,地方・地域
2026-09-11,2026-09-11T22:56:10.134909+09:00,地方紙,広島,中国新聞,NY株、反発して始まる,https://www.chugoku-np.co.jp/articles/-/893768,https://news.ceek.jp/search.cgi?category_id=local&feed=1,ok,,地方・地域
2026-09-11,2026-09-11T22:56:10.134909+09:00,その他メディア,,東奥日報,「GX戦略地域」にむつ小川原(六ケ所村)と金矢(六戸町),https://www.toonippo.co.jp/articles/-/2360797,https://news.ceek.jp/search.cgi?category_id=local&feed=1,ok,,地方・地域
2026-09-11,2026-09-11T22:56:10.134909+09:00,地方紙,広島,中国新聞,高市首相「米国民へ連帯」投稿,https://www.chugoku-np.co.jp/articles/-/893765,https://news.ceek.jp/search.cgi?category_id=local&feed=1,ok,,地方・地域
2026-09-11,2026-09-11T22:56:10.134909+09:00,その他メディア,,高知新聞,山奥校舎の窓枠ごっそり盗難 安芸市が被害届 25年前休校の旧古井小中 サッシ287カ所分など,https://www.kochinews.co.jp/article/detail/1043358,https://news.ceek.jp/search.cgi?category_id=local&feed=1,ok,,地方・地域
2026-09-11,2026-09-11T22:56:10.134909+09:00,地方紙,広島,中国新聞,岐阜のケーキ店火災、搬送の女性店主死亡,https://www.chugoku-np.co.jp/articles/-/893763,https://news.ceek.jp/search.cgi?category_id=local&feed=1,ok,,地方・地域
2026-09-11,2026-09-11T22:56:10.134909+09:00,地方紙,熊本,熊本日日新聞,被災文化財守り抜く 熊本県が「レスキュー事業」本格化 益城町の寺で神仏像など〝救出〟,https://kumanichi.com/articles/2034887,https://news.ceek.jp/search.cgi?category_id=local&feed=1,ok,,地方・地域
2026-09-11,2026-09-11T22:56:10.134909+09:00,地方紙,新潟,新潟日報,上越市の40代男性が詐欺被害、ビデオ通話で偽の「警察手帳」提示...現金100万円だまし取られる,https://www.niigata-nippo.co.jp/articles/-/905295,https://news.ceek.jp/search.cgi?category_id=local&feed=1,ok,,地方・地域
2026-09-11,2026-09-11T22:56:10.134909+09:00,その他メディア,,下野新聞,【詳報】国のGX戦略地域に矢板市 1ギガワット級のデータセンター誘致へ 市内2カ所に計画,https://www.shimotsuke.co.jp/articles/-/1420440,https://news.ceek.jp/search.cgi?category_id=local&feed=1,ok,,地方・地域
2026-09-11,2026-09-11T22:56:10.134909+09:00,地方紙,兵庫,神戸新聞,<六甲山録(5)>信仰 畏敬の地、祈りは時を超え,https://www.kobe-np.co.jp/news/richb/202609/0020803131.shtml,https://news.ceek.jp/search.cgi?category_id=local&feed=1,ok,,地方・地域
2026-09-11,2026-09-11T22:56:10.134909+09:00,全国紙,全国,中日新聞,名神高速道上り線でトラックがガードレールに衝突、運転手が死亡 滋賀県愛荘町,https://www.chunichi.co.jp/article/1310175,https://news.ceek.jp/search.cgi?category_id=local&feed=1,ok,,地方・地域
2026-09-11,2026-09-11T22:56:10.134909+09:00,その他メディア,,下野新聞,宇都宮でガスコンロ焼ける火災,https://www.shimotsuke.co.jp/articles/-/1420442,https://news.ceek.jp/search.cgi?category_id=local&feed=1,ok,,地方・地域
2026-09-11,2026-09-11T22:56:10.134909+09:00,地方紙,広島,中国新聞,NY株、反発して始まる,https://www.chugoku-np.co.jp/articles/-/893762,https://news.ceek.jp/search.cgi?category_id=local&feed=1,ok,,地方・地域
2026-09-11,2026-09-11T22:56:10.134909+09:00,地方紙,福岡,西日本新聞,福北ゆたか線 平常運転(9月11日),https://www.nishinippon.co.jp/item/1537241/,https://news.ceek.jp/search.cgi?category_id=local&feed=1,ok,,地方・地域
2026-09-11,2026-09-11T22:56:10.134909+09:00,その他メディア,,山陽新聞,山陽新聞レディース杯 出場選手一覧,https://www.sanyonews.jp/article/1987699/,https://news.ceek.jp/search.cgi?category_id=local&feed=1,ok,,地方・地域
2026-09-11,2026-09-11T22:56:10.134909+09:00,地方紙,広島,中国新聞,BRICS首脳会議12日開幕へ,https://www.chugoku-np.co.jp/articles/-/893761,https://news.ceek.jp/search.cgi?category_id=local&feed=1,ok,,地方・地域
2026-09-11,2026-09-11T22:56:10.134909+09:00,全国紙,全国,中日新聞,BRICS首脳会議12日開幕へ 結束確認、足並み乱れも,https://www.chunichi.co.jp/article/1310180,https://news.ceek.jp/search.cgi?category_id=local&feed=1,ok,,地方・地域
2026-09-11,2026-09-11T22:56:10.134909+09:00,全国紙,全国,中日新聞,静岡の公民館刺殺事件で拘禁刑18年求刑 静岡地裁、55歳被告に,https://www.chunichi.co.jp/article/1310171,https://news.ceek.jp/search.cgi?category_id=local&feed=1,ok,,地方・地域
2026-09-11,2026-09-11T22:56:10.134909+09:00,地方紙,広島,中国新聞,広島市の原爆ドーム近くで新たにホテル建設計画 訪日客の増加で開発ラッシュ,https://www.chugoku-np.co.jp/articles/-/892538,https://news.ceek.jp/search.cgi?category_id=local&feed=1,ok,,地方・地域
2026-09-11,2026-09-11T22:56:10.134909+09:00,全国紙,全国,中日新聞,瀬戸焼の魅力を存分に味わえる「せともの祭」 12、13日に開催、買い物でエコバッグの配布も,https://www.chunichi.co.jp/article/1310147,https://news.ceek.jp/search.cgi?category_id=local&feed=1,ok,,地方・地域
2026-09-11,2026-09-11T22:56:10.134909+09:00,その他メディア,,TBSテレビ,【WEB】大阪・河内長野市の強盗傷害事件 会社員の男を緊急逮捕,https://newsdig.tbs.co.jp/articles/-/2940190?display=1,https://news.ceek.jp/search.cgi?category_id=local&feed=1,ok,,地方・地域
2026-09-11,2026-09-11T22:56:10.134909+09:00,その他メディア,,下野新聞,宇都宮の県道でバイクと乗用車衝突 女性が頭部外傷疑い,https://www.shimotsuke.co.jp/articles/-/1420438,https://news.ceek.jp/search.cgi?category_id=local&feed=1,ok,,地方・地域
2026-09-11,2026-09-11T22:56:10.134909+09:00,地方紙,京都,京都新聞,京都サンガ「狙い通り」の前半から一転、まさかの後半3失点 エリアス2Gも空砲に,https://www.kyoto-np.co.jp/articles/-/1789399,https://news.ceek.jp/search.cgi?category_id=local&feed=1,ok,,地方・地域
2026-09-11,2026-09-11T22:56:10.134909+09:00,地方紙,長野,信濃毎日新聞,「庭で熊に飼い犬が襲われている」と塩尻市で通報 近くの民家でも同様の被害,https://www.shinmai.co.jp/news/article/gf01dai06rdtvnso9aa6aghg,https://news.ceek.jp/search.cgi?category_id=local&feed=1,ok,,地方・地域
2026-09-11,2026-09-11T22:56:10.134909+09:00,その他メディア,,TBSテレビ,給食のアユと、草に埋もれた旧道と...子どもたちを守ったふたつの話 通学路が寸断、でも子どもたちは無事に帰れた!市職員はどう動いたのか?,https://newsdig.tbs.co.jp/articles/-/2940189?display=1,https://news.ceek.jp/search.cgi?category_id=local&feed=1,ok,,地方・地域
2026-09-11,2026-09-11T22:56:10.134909+09:00,全国紙,全国,中日新聞,たばこ不始末疑い書類送検 歌舞伎俳優死火災で男性を,https://www.chunichi.co.jp/article/1310168,https://news.ceek.jp/search.cgi?category_id=local&feed=1,ok,,地方・地域
2026-09-11,2026-09-11T22:56:10.134909+09:00,地方紙,広島,中国新聞,たばこ不始末疑い書類送検,https://www.chugoku-np.co.jp/articles/-/893760,https://news.ceek.jp/search.cgi?category_id=local&feed=1,ok,,地方・地域
2026-09-11,2026-09-11T22:56:10.134909+09:00,その他メディア,,山陽新聞,14歳・森(京山中)鮮烈デビュー 青森国スポ競泳少年女子B100バタV,https://www.sanyonews.jp/article/1987696/,https://news.ceek.jp/search.cgi?category_id=local&feed=1,ok,,地方・地域
2026-09-11,2026-09-11T22:56:10.134909+09:00,その他メディア,,陸奥新報,成年女子エアピストルで杉澤4位 青森県勢初の入賞 ゴルフ少年男子はクマで中止/あおもり国スポ,https://mutsushimpo.com/news/8olhxlbb/,https://news.ceek.jp/search.cgi?category_id=local&feed=1,ok,,地方・地域
2026-09-11,2026-09-11T22:56:10.134909+09:00,その他メディア,,山陽新聞,「ミス岡山」に学ぶ平和への思い 岡山大生ら訪米、16日対面へ 「人形交流」100周年前に,https://www.sanyonews.jp/article/1987695/,https://news.ceek.jp/search.cgi?category_id=local&feed=1,ok,,地方・地域
2026-09-11,2026-09-11T22:56:10.134909+09:00,地方紙,福岡,西日本新聞,九州新幹線 平常運転(9月11日),https://www.nishinippon.co.jp/item/1537249/,https://news.ceek.jp/search.cgi?category_id=local&feed=1,ok,,地方・地域
2026-09-11,2026-09-11T22:56:10.134909+09:00,地方紙,広島,中国新聞,【記者コラム球炎】沈む広島、チーム力の差 2026年9月11日DeNA戦 千葉教生,https://www.chugoku-np.co.jp/articles/-/893757,https://news.ceek.jp/search.cgi?category_id=local&feed=1,ok,,地方・地域
2026-09-11,2026-09-11T22:56:10.134909+09:00,地方紙,広島,中国新聞,逃げ切りのはずが、負の連鎖 9月11日DeNA戦,https://www.chugoku-np.co.jp/articles/-/893756,https://news.ceek.jp/search.cgi?category_id=local&feed=1,ok,,地方・地域
2026-09-11,2026-09-11T22:56:10.134909+09:00,その他メディア,,山陽新聞,【論戦】若い女性の県外流出 希望持てる地域づくりを,https://www.sanyonews.jp/article/1987631/,https://news.ceek.jp/search.cgi?category_id=local&feed=1,ok,,地方・地域
2026-09-11,2026-09-11T22:56:10.134909+09:00,地方紙,長野,信濃毎日新聞,長野県私立学校審議会、関東第一高の広域通信制を「不承認」 1次審査では初,https://www.shinmai.co.jp/news/article/gf01dai02fttvnso9aa6ag4g,https://news.ceek.jp/search.cgi?category_id=local&feed=1,ok,,地方・地域
2026-09-11,2026-09-11T22:56:10.134909+09:00,地方紙,広島,中国新聞,フィリピン沖の船舶火災、死者35人に,https://www.chugoku-np.co.jp/articles/-/893759,https://news.ceek.jp/search.cgi?category_id=local&feed=1,ok,,地方・地域
2026-09-11,2026-09-11T22:56:10.134909+09:00,その他メディア,,神奈川新聞,川崎市の臨海部、国の新制度「GX戦略地域」に全国初認定 新産業集積へ,https://www.kanaloco.jp/news/government/article-1303855.html,https://news.ceek.jp/search.cgi?category_id=local&feed=1,ok,,地方・地域
2026-09-11,2026-09-11T22:56:10.134909+09:00,その他メディア,,神奈川新聞,川崎市、大型トラックによる事故で歩道橋を通行禁止に 再開の時期は未定,https://www.kanaloco.jp/news/government/article-1303860.html,https://news.ceek.jp/search.cgi?category_id=local&feed=1,ok,,地方・地域
2026-09-11,2026-09-11T22:56:10.134909+09:00,地方紙,新潟,新潟日報,[アジア大会・バスケ]日本が2連勝で準々決勝へ!主将の小川敦也(新潟市出身)12得点の活躍、サウジアラビアに86-80,https://www.niigata-nippo.co.jp/articles/-/905443,https://news.ceek.jp/search.cgi?category_id=local&feed=1,ok,,地方・地域
2026-09-11,2026-09-11T22:56:10.134909+09:00,その他メディア,,TBSテレビ,「クマが飼い犬を襲っている」民家の庭でクマが犬を襲う 飼い主が「金属バット」で追い払う 犬は顔にけが 長野・塩尻市,https://newsdig.tbs.co.jp/articles/-/2940178?display=1,https://news.ceek.jp/search.cgi?category_id=local&feed=1,ok,,地方・地域
2026-09-11,2026-09-11T22:56:10.134909+09:00,その他メディア,,フジテレビ,「廊下まで聞こえる怒鳴り声...」部下へのパワハラで陸自1等陸佐を停職1年 2人が精神疾患に 陸上自衛隊富士駐屯地,https://www.fnn.jp/articles/-/1112872,https://news.ceek.jp/search.cgi?category_id=local&feed=1,ok,,地方・地域
2026-09-11,2026-09-11T22:56:10.134909+09:00,その他メディア,,フジテレビ,【速報】52歳の会社員の男逮捕 住人の89歳の女性が顔を殴られカバンを奪われた事件 大阪・河内長野市,https://www.fnn.jp/articles/-/1112871,https://news.ceek.jp/search.cgi?category_id=local&feed=1,ok,,地方・地域
2026-09-11,2026-09-11T22:56:10.134909+09:00,その他メディア,,秋田魁新報,経産省・GX戦略地域に秋田市2地域 補助金や規制緩和で産業集積支援,https://www.sakigake.jp/news/article/20260911AK0074/,https://news.ceek.jp/search.cgi?category_id=local&feed=1,ok,,地方・地域
2026-09-11,2026-09-11T22:56:10.134909+09:00,その他メディア,,山陽新聞,風感じた瞬間落下 空中ブランコに本紙記者挑戦 木下サーカス,https://www.sanyonews.jp/article/1987675/,https://news.ceek.jp/search.cgi?category_id=local&feed=1,ok,,地方・地域
2026-09-11,2026-09-11T22:56:10.134909+09:00,その他メディア,,デーリー東北新聞,死亡したのは住人女性/9日の青森市のマンション火災,https://www.daily-tohoku.news/archives/CNTS2026091103082,https://news.ceek.jp/search.cgi?category_id=local&feed=1,ok,,地方・地域
2026-09-11,2026-09-11T22:56:10.134909+09:00,その他メディア,,佐賀新聞,佐賀県の「九州ふっこう応援割」 オンラインは9月24日から受け付け開始 10月1日~12月25日、県内宿泊が対象,https://www.saga-s.co.jp/articles/-/1790057,https://news.ceek.jp/search.cgi?category_id=local&feed=1,ok,,地方・地域
2026-09-11,2026-09-11T22:56:10.134909+09:00,その他メディア,,秋田魁新報,進退懸けた一戦で確かな実力証明 超RIZIN5・斎藤裕(能代出身) 「皆さんの声援に感謝」,https://www.sakigake.jp/news/article/20260911AK0057/,https://news.ceek.jp/search.cgi?category_id=local&feed=1,ok,,地方・地域
2026-09-11,2026-09-11T22:56:10.134909+09:00,その他メディア,,デーリー東北新聞,クマ目撃情報 八戸市(9月11日),https://www.daily-tohoku.news/archives/CNTS2026091103468,https://news.ceek.jp/search.cgi?category_id=local&feed=1,ok,,地方・地域
2026-09-11,2026-09-11T22:56:10.134909+09:00,その他メディア,,佐賀新聞,<青森国スポ>少年男子・高飛び込み 致遠館高校の北村が初の頂点 ローイング成年男子・女子、準決勝へ,https://www.saga-s.co.jp/articles/-/1789978,https://news.ceek.jp/search.cgi?category_id=local&feed=1,ok,,地方・地域
2026-09-11,2026-09-11T22:56:10.134909+09:00,地方紙,広島,中国新聞,杉田健がプロ初登板「マツスタは空気が澄んでいた」 9月11日DeNA戦,https://www.chugoku-np.co.jp/articles/-/893749,https://news.ceek.jp/search.cgi?category_id=local&feed=1,ok,,地方・地域
2026-09-11,2026-09-11T22:56:10.134909+09:00,その他メディア,,神奈川新聞,横浜市長選挙、会社経営の福山敦士氏が出馬表明 「誇りを持てるまちに」,https://www.kanaloco.jp/news/government/electiondata/article-1303863.html,https://news.ceek.jp/search.cgi?category_id=local&feed=1,ok,,地方・地域
2026-09-11,2026-09-11T22:56:10.134909+09:00,地方紙,新潟,新潟日報,北越メタル、未定としていた2027年3月期中間配当予想を無配に,https://www.niigata-nippo.co.jp/articles/-/905438,https://news.ceek.jp/search.cgi?category_id=local&feed=1,ok,,地方・地域
2026-09-11,2026-09-11T22:56:10.134909+09:00,その他メディア,,山陽新聞,津山市でシステム障害、介護保険証発行できず 早島町でも、窓口業務が遅延,https://www.sanyonews.jp/article/1987648/,https://news.ceek.jp/search.cgi?category_id=local&feed=1,ok,,地方・地域
2026-09-11,2026-09-11T22:56:10.134909+09:00,地方紙,広島,中国新聞,森下暢仁の投打の奮闘、実らず 9月11日DeNA戦,https://www.chugoku-np.co.jp/articles/-/893745,https://news.ceek.jp/search.cgi?category_id=local&feed=1,ok,,地方・地域
2026-09-11,2026-09-11T22:56:10.134909+09:00,地方紙,広島,中国新聞,米同時テロ25年、各地で追悼,https://www.chugoku-np.co.jp/articles/-/893755,https://news.ceek.jp/search.cgi?category_id=local&feed=1,ok,,地方・地域
2026-09-11,2026-09-11T22:56:10.134909+09:00,全国紙,全国,中日新聞,同時テロ25年、各地で追悼 遺族や市民、平和願う,https://www.chunichi.co.jp/article/1310162,https://news.ceek.jp/search.cgi?category_id=local&feed=1,ok,,地方・地域
2026-09-11,2026-09-11T22:56:10.134909+09:00,地方紙,広島,中国新聞,廿日市市宮島で伝統行事「たのもさん」 豊作や成長願い海へ,https://www.chugoku-np.co.jp/articles/-/893716,https://news.ceek.jp/search.cgi?category_id=local&feed=1,ok,,地方・地域
2026-09-11,2026-09-11T22:56:10.134909+09:00,全国紙,全国,中日新聞,天然アユ、奈良の川が優勝 国内55河川、高知で競う,https://www.chunichi.co.jp/article/1310161,https://news.ceek.jp/search.cgi?category_id=local&feed=1,ok,,地方・地域
2026-09-11,2026-09-11T22:56:10.134909+09:00,地方紙,広島,中国新聞,廿日市の佐方小5年生104人、高速船で宮島クルーズ 船の仕事の魅力体感,https://www.chugoku-np.co.jp/articles/-/893527,https://news.ceek.jp/search.cgi?category_id=local&feed=1,ok,,地方・地域
2026-09-11,2026-09-11T22:56:10.134909+09:00,その他メディア,,山陽新聞,森(京山中)岡山県新V 青森国スポ競泳少年女子B100バタ,https://www.sanyonews.jp/article/1987689/,https://news.ceek.jp/search.cgi?category_id=local&feed=1,ok,,地方・地域
2026-09-11,2026-09-11T22:56:10.134909+09:00,地方紙,広島,中国新聞,歌舞伎俳優死亡の火災で、知人男性書類送検,https://www.chugoku-np.co.jp/articles/-/893758,https://news.ceek.jp/search.cgi?category_id=local&feed=1,ok,,地方・地域
2026-09-11,2026-09-11T22:56:10.134909+09:00,地方紙,広島,中国新聞,天然アユ、奈良の川が優勝,https://www.chugoku-np.co.jp/articles/-/893754,https://news.ceek.jp/search.cgi?category_id=local&feed=1,ok,,地方・地域
2026-09-11,2026-09-11T22:56:10.134909+09:00,地方紙,長野,信濃毎日新聞,長野市の学校給食調理機器の金属部分に欠損,https://www.shinmai.co.jp/news/article/gf01dahvll2knkjb9uc4q42g,https://news.ceek.jp/search.cgi?category_id=local&feed=1,ok,,地方・地域
2026-09-11,2026-09-11T22:56:10.134909+09:00,地方紙,長野,信濃毎日新聞,松本地域の「ものづくり」魅力を紹介 松本市でフェア始まる,https://www.shinmai.co.jp/news/article/gf01dahu8raknkjb9uc4pp80,https://news.ceek.jp/search.cgi?category_id=local&feed=1,ok,,地方・地域
2026-09-11,2026-09-11T22:56:10.134909+09:00,全国紙,全国,中日新聞,【交通規制情報】12日に名古屋市中村区や岡崎市などで聖火リレー 愛知・名古屋アジア大会,https://www.chunichi.co.jp/article/1309969,https://news.ceek.jp/search.cgi?category_id=local&feed=1,ok,,地方・地域
2026-09-11,2026-09-11T22:56:10.134909+09:00,その他メディア,,高知新聞,「利き鮎」GPに天ノ川(奈良県) 全国55河川 味比べ楽しむ 運営改善で継続,https://www.kochinews.co.jp/article/detail/1043337,https://news.ceek.jp/search.cgi?category_id=local&feed=1,ok,,地方・地域
2026-09-11,2026-09-11T22:56:10.134909+09:00,地方紙,長野,信濃毎日新聞,松本署など、覚醒剤使用と所持の疑い京都市の男逮捕 容疑を否認,https://www.shinmai.co.jp/news/article/gf01dahvln2knkjb9uc4q43g,https://news.ceek.jp/search.cgi?category_id=local&feed=1,ok,,地方・地域
2026-09-11,2026-09-11T22:56:10.134909+09:00,その他メディア,,TBSテレビ,"""女性が性交に同意し積極的だった""33歳ベトナム国籍の男の主張を一蹴 裁判所「暴行を加えて犯行に及んでおり、意思や人格を無視した犯行」【判決詳報・後編】",https://newsdig.tbs.co.jp/articles/-/2937734?display=1,https://news.ceek.jp/search.cgi?category_id=local&feed=1,ok,,地方・地域
2026-09-11,2026-09-11T22:56:10.134909+09:00,その他メディア,,宮崎日日新聞,県内公立学校、教員採用予定者98人不足 県教委が追試へ,https://www.the-miyanichi.co.jp/today/topic/1087730.html,https://news.ceek.jp/search.cgi?category_id=local&feed=1,ok,,地方・地域
2026-09-11,2026-09-11T22:56:10.134909+09:00,その他メディア,,奄美新聞,県議会開会,https://amamishimbun.co.jp/2026/09/11/63893/,https://news.ceek.jp/search.cgi?category_id=local&feed=1,ok,,地方・地域
2026-09-11,2026-09-11T22:56:10.134909+09:00,地方紙,広島,中国新聞,特殊詐欺掲示板 <仮面の罠 断て特殊詐欺>,https://www.chugoku-np.co.jp/articles/-/246691,https://news.ceek.jp/search.cgi?category_id=local&feed=1,ok,,地方・地域
2026-09-11,2026-09-11T22:56:10.134909+09:00,全国紙,全国,中日新聞,同意を得ずに女性の体を触った疑いで、長野県警の男性巡査を書類送検,https://www.chunichi.co.jp/article/1310083,https://news.ceek.jp/search.cgi?category_id=local&feed=1,ok,,地方・地域
2026-09-11,2026-09-11T22:56:10.134909+09:00,その他メディア,,奈良新聞,横断中の男性、トラックにはねられ死亡 奈良県河合町の県道,https://www.nara-np.co.jp/news/20260911211626.html,https://news.ceek.jp/search.cgi?category_id=local&feed=1,ok,,地方・地域
2026-09-11,2026-09-11T22:56:10.134909+09:00,その他メディア,,奈良新聞,横断歩道の男性が車にはねられ重傷 奈良県天理市の市道交差点,https://www.nara-np.co.jp/news/20260911211945.html,https://news.ceek.jp/search.cgi?category_id=local&feed=1,ok,,地方・地域
2026-09-11,2026-09-11T22:56:10.134909+09:00,その他メディア,,奈良新聞,奈良県橿原市の50代男性、5733万円ロマンス詐欺被害 SNSで広告案件勧誘,https://www.nara-np.co.jp/news/20260911212339.html,https://news.ceek.jp/search.cgi?category_id=local&feed=1,ok,,地方・地域
2026-09-11,2026-09-11T22:56:10.134909+09:00,地方紙,新潟,新潟日報,[胎内市議会議員選挙2026]13日投開票、開票作業終了は午後10時半ごろの見通し,https://www.niigata-nippo.co.jp/articles/-/905346,https://news.ceek.jp/search.cgi?category_id=local&feed=1,ok,,地方・地域
2026-09-11,2026-09-11T22:56:10.134909+09:00,その他メディア,,TBSテレビ,男女8人が集まった誕生会が暗転 20代女性に性的暴行加えた33歳ベトナム国籍の男 同意の上での性行為と主張【判決詳報・前編】,https://newsdig.tbs.co.jp/articles/-/2937611?display=1,https://news.ceek.jp/search.cgi?category_id=local&feed=1,ok,,地方・地域
2026-09-11,2026-09-11T22:56:10.134909+09:00,その他メディア,,TBSテレビ,【 今後の雨 】12日は前線南下も13日は日本海側に新たな前線 14日ごろ東日本の日本海側中心に警報級大雨のおそれ【16日(水)までの雨風シミュレーション・11日午後10時更新】,https://newsdig.tbs.co.jp/articles/-/2940132?display=1,https://news.ceek.jp/search.cgi?category_id=local&feed=1,ok,,地方・地域
2026-09-11,2026-09-11T22:56:10.134909+09:00,その他メディア,,TBSテレビ,清掃中の女子児童が盗撮カメラ発見「ピンクのテープ」の不審物...小学校女子トイレ盗撮未遂で教員業務支援員を逮捕 決め手はカメラに映った「自分の姿」(山形),https://newsdig.tbs.co.jp/articles/-/2940142?display=1,https://news.ceek.jp/search.cgi?category_id=local&feed=1,ok,,地方・地域
2026-09-11,2026-09-11T22:56:10.134909+09:00,全国紙,全国,朝日新聞,必由館、熊本・済々黌、熊本一、鹿児島が全国へ 九州合唱コン・高校,https://www.asahi.com/articles/ASV9C433KV9CUTJF007M.html,https://news.ceek.jp/search.cgi?category_id=local&feed=1,ok,,地方・地域
