date,collected_at,category,region,newspaper,headline,url,source_url,status,error_message,topic
2026-09-25,2026-09-25T08:35:16.234166+09:00,全国紙,全国,読売新聞,,,,skipped,robots.txtが一般クローラー/AI系UAを名指しで包括的にDisallow。2024年1月のToS改定で自動収集・生成AI学習目的の収集を明示的に禁止しているため、自動取得の対象外とする。,
2026-09-25,2026-09-25T08:35:16.234166+09:00,全国紙,全国,朝日新聞,皇族に「非人間的な生を押しつける」意味を考えたい 憲法学者の視点,http://www.asahi.com/articles/ASV9R7V0BV9RUPQJ002M.html,https://www.asahi.com/rss/asahi/newsheadlines.rdf,ok,,社会
2026-09-25,2026-09-25T08:35:16.234166+09:00,全国紙,全国,朝日新聞,「憲法改正するなら1条から」なぜ今? 上野千鶴子さんが解いた封印,http://www.asahi.com/articles/ASV9S234NV9SUPQJ001M.html,https://www.asahi.com/rss/asahi/newsheadlines.rdf,ok,,社会
2026-09-25,2026-09-25T08:35:16.234166+09:00,全国紙,全国,朝日新聞,SNSの仕組み巡り、日本でも訴訟模索 子どもへの悪影響を問題視,http://www.asahi.com/articles/ASV9L2J8DV9LUTFL00NM.html,https://www.asahi.com/rss/asahi/newsheadlines.rdf,ok,,社会
2026-09-25,2026-09-25T08:35:16.234166+09:00,全国紙,全国,朝日新聞,紀子さま、アジア初の「こどもホスピス」で交流 美智子さまもゆかり,http://www.asahi.com/articles/ASV9S1Q63V9SUTIL02FM.html,https://www.asahi.com/rss/asahi/newsheadlines.rdf,ok,,社会
2026-09-25,2026-09-25T08:35:16.234166+09:00,全国紙,全国,朝日新聞,「悠月の席」にやっと報告できる 30キロ規制訴え続けた父の20年,http://www.asahi.com/articles/ASV9S0HYCV9SUHMC00DM.html,https://www.asahi.com/rss/asahi/newsheadlines.rdf,ok,,社会
2026-09-25,2026-09-25T08:35:16.234166+09:00,全国紙,全国,朝日新聞,「越前がに」ふるさと納税で違法表示 返礼品の甲羅盛りに「水がに」,http://www.asahi.com/articles/ASV9S3JV3V9SPGJB001M.html,https://www.asahi.com/rss/asahi/newsheadlines.rdf,ok,,社会
2026-09-25,2026-09-25T08:35:16.234166+09:00,全国紙,全国,朝日新聞,神戸・須磨の第二神明道路上り線で10台絡む多重事故 10人重軽傷,http://www.asahi.com/articles/ASV9S2RG1V9SPIHB00ZM.html,https://www.asahi.com/rss/asahi/newsheadlines.rdf,ok,,社会
2026-09-25,2026-09-25T08:35:16.234166+09:00,全国紙,全国,朝日新聞,デイサービス送迎車が車と衝突 100歳女性、搬送され意識取り戻す,http://www.asahi.com/articles/ASV9S3418V9STIPE00JM.html,https://www.asahi.com/rss/asahi/newsheadlines.rdf,ok,,社会
2026-09-25,2026-09-25T08:35:16.234166+09:00,全国紙,全国,朝日新聞,水戸のネイリスト殺害事件、元交際相手の被告に拘禁刑21年求刑,http://www.asahi.com/articles/ASV9S33GXV9SUJHB009M.html,https://www.asahi.com/rss/asahi/newsheadlines.rdf,ok,,社会
2026-09-25,2026-09-25T08:35:16.234166+09:00,全国紙,全国,朝日新聞,富士山閉山期、登山届出さず救助→上限5万円の過料 静岡で来期から,http://www.asahi.com/articles/ASV9S338CV9SUTPB006M.html,https://www.asahi.com/rss/asahi/newsheadlines.rdf,ok,,社会
2026-09-25,2026-09-25T08:35:16.234166+09:00,全国紙,全国,朝日新聞,「クビかなと覚悟していた」 日本ハム新庄剛志監督、来季続投へ,http://www.asahi.com/articles/ASV9S4SYFV9SUTQP02NM.html,https://www.asahi.com/rss/asahi/newsheadlines.rdf,ok,,スポーツ
2026-09-25,2026-09-25T08:35:16.234166+09:00,全国紙,全国,朝日新聞,卓球男子、日本が中国を破り60年ぶりのアジア大会V 「長かった」,http://www.asahi.com/articles/ASV9S44KRV9SUTQP01TM.html,https://www.asahi.com/rss/asahi/newsheadlines.rdf,ok,,スポーツ
2026-09-25,2026-09-25T08:35:16.234166+09:00,全国紙,全国,朝日新聞,松木、塩貝、上田のゴールでウルグアイに勝利 サッカー国際親善試合,http://www.asahi.com/articles/ASV9S34V0V9SUTQP01CM.html,https://www.asahi.com/rss/asahi/newsheadlines.rdf,ok,,スポーツ
2026-09-25,2026-09-25T08:35:16.234166+09:00,全国紙,全国,朝日新聞,17歳の大橋信、北島康介に重なる軌跡 世界新「ちょっと速すぎる」,http://www.asahi.com/articles/ASV9S3S0CV9SUTQP01PM.html,https://www.asahi.com/rss/asahi/newsheadlines.rdf,ok,,スポーツ
2026-09-25,2026-09-25T08:35:16.234166+09:00,全国紙,全国,朝日新聞,世界新の17歳、大橋信は研究熱心 アジア大会での樹立は狙い通り,http://www.asahi.com/articles/ASV9S2VXCV9SUTQP01FM.html,https://www.asahi.com/rss/asahi/newsheadlines.rdf,ok,,スポーツ
2026-09-25,2026-09-25T08:35:16.234166+09:00,全国紙,全国,朝日新聞,簗農水相、コメ価格「消費者の理解重要」 自民議連は買い戻し要請,http://www.asahi.com/articles/ASV9S3HZ0V9SULFA024M.html,https://www.asahi.com/rss/asahi/newsheadlines.rdf,ok,,ビジネス
2026-09-25,2026-09-25T08:35:16.234166+09:00,全国紙,全国,朝日新聞,世界の鉄道でAI活用の波 日立製作所などが売り込み 欧州で展示会,http://www.asahi.com/articles/ASV9S2W7FV9SULFA00YM.html,https://www.asahi.com/rss/asahi/newsheadlines.rdf,ok,,ビジネス
2026-09-25,2026-09-25T08:35:16.234166+09:00,全国紙,全国,朝日新聞,長期金利30年ぶり3.075%に 米の金利が波及、円安も再び進行,http://www.asahi.com/articles/ASV9S34THV9SULFA010M.html,https://www.asahi.com/rss/asahi/newsheadlines.rdf,ok,,ビジネス
2026-09-25,2026-09-25T08:35:16.234166+09:00,全国紙,全国,朝日新聞,ニデック、子会社の新社長に富士フイルム出身者 品質不正の7割集中,http://www.asahi.com/articles/ASV9S2TKCV9SPLFA004M.html,https://www.asahi.com/rss/asahi/newsheadlines.rdf,ok,,ビジネス
2026-09-25,2026-09-25T08:35:16.234166+09:00,全国紙,全国,朝日新聞,三菱UFJの新デジタル銀行は「エムットバンク」来年1~3月開業へ,http://www.asahi.com/articles/ASV9S2TY4V9SULFA015M.html,https://www.asahi.com/rss/asahi/newsheadlines.rdf,ok,,ビジネス
2026-09-25,2026-09-25T08:35:16.234166+09:00,全国紙,全国,朝日新聞,「特別市」は人口減の処方箋なのか 政令指定市と道府県が対立,http://www.asahi.com/articles/ASV9S3FG1V9SUTNB004M.html,https://www.asahi.com/rss/asahi/newsheadlines.rdf,ok,,政治
2026-09-25,2026-09-25T08:35:16.234166+09:00,全国紙,全国,朝日新聞,スタートアップ企業、防衛産業へ続々参入「新しい戦い方」の担い手に,http://www.asahi.com/articles/ASV9N54FDV9NUTFK00JM.html,https://www.asahi.com/rss/asahi/newsheadlines.rdf,ok,,政治
2026-09-25,2026-09-25T08:35:16.234166+09:00,全国紙,全国,朝日新聞,翌年も同じ宴会場で議長祝賀パーティー 福岡県幹部の互助会からも金,http://www.asahi.com/articles/ASV9Q1P2NV9QUTIL02HM.html,https://www.asahi.com/rss/asahi/newsheadlines.rdf,ok,,政治
2026-09-25,2026-09-25T08:35:16.234166+09:00,全国紙,全国,朝日新聞,ホルムズ海峡で「追加費用は受け入れぬ」 茂木氏、外相会合を共催,http://www.asahi.com/articles/ASV9S3QG3V9SUTFK00YM.html,https://www.asahi.com/rss/asahi/newsheadlines.rdf,ok,,政治
2026-09-25,2026-09-25T08:35:16.234166+09:00,全国紙,全国,朝日新聞,民主改革18人の厳しい船出 泉健太氏ら不参加、衆院第5勢力に,http://www.asahi.com/articles/ASV9S3G9XV9SUTFK00BM.html,https://www.asahi.com/rss/asahi/newsheadlines.rdf,ok,,政治
2026-09-25,2026-09-25T08:35:16.234166+09:00,全国紙,全国,朝日新聞,習氏の訪米に抗議デモ「人権や言論を軽視」 厳戒態勢も支持者は歓迎,http://www.asahi.com/articles/ASV9S7DVZV9SBQBQ2TPM.html,https://www.asahi.com/rss/asahi/newsheadlines.rdf,ok,,国際
2026-09-25,2026-09-25T08:35:16.234166+09:00,全国紙,全国,朝日新聞,ネタニヤフ氏、自身へのジェノサイド批判を非難「今世紀最大のうそ」,http://www.asahi.com/articles/ASV9S7DH8V9SUHBI003M.html,https://www.asahi.com/rss/asahi/newsheadlines.rdf,ok,,国際
2026-09-25,2026-09-25T08:35:16.234166+09:00,全国紙,全国,朝日新聞,米中首脳が会談 習氏がトランプ氏に「台湾独立反対」の立場求める,http://www.asahi.com/articles/ASV9S630RV9SUHBI049M.html,https://www.asahi.com/rss/asahi/newsheadlines.rdf,ok,,国際
2026-09-25,2026-09-25T08:35:16.234166+09:00,全国紙,全国,朝日新聞,習・トランプ会談は成功したのか、米中専門記者がポイントを解説,http://www.asahi.com/articles/ASV9S5CY6V9SBQBQ2S5M.html,https://www.asahi.com/rss/asahi/newsheadlines.rdf,ok,,国際
2026-09-25,2026-09-25T08:35:16.234166+09:00,全国紙,全国,朝日新聞,パレスチナ議長がビデオ演説、国連総会 米が2年連続でビザ発給せず,http://www.asahi.com/articles/ASV9S5J9SV9SUHBI048M.html,https://www.asahi.com/rss/asahi/newsheadlines.rdf,ok,,国際
2026-09-25,2026-09-25T08:35:16.234166+09:00,全国紙,全国,朝日新聞,紫式部文学賞に金原さんの「YABUNONAKA―ヤブノナカ―」,http://www.asahi.com/articles/ASV9S34KCV9SPLZB00CM.html,https://www.asahi.com/rss/asahi/newsheadlines.rdf,ok,,文化芸能
2026-09-25,2026-09-25T08:35:16.234166+09:00,全国紙,全国,朝日新聞,映画監督の山田洋次さんが日本芸術院長就任へ 95歳、映画界から初,http://www.asahi.com/articles/ASV9S320SV9SUCVL02SM.html,https://www.asahi.com/rss/asahi/newsheadlines.rdf,ok,,文化芸能
2026-09-25,2026-09-25T08:35:16.234166+09:00,全国紙,全国,朝日新聞,京都御所・紫宸殿 9年間の整備へ 秋の特別公開後 30数年ぶり,http://www.asahi.com/articles/ASV9S0HN5V9SPLZB007M.html,https://www.asahi.com/rss/asahi/newsheadlines.rdf,ok,,社会
2026-09-25,2026-09-25T08:35:16.234166+09:00,全国紙,全国,朝日新聞,ミラノ・ファッションウィークに目黒蓮さん、山下智久さんら登場,http://www.asahi.com/articles/ASV9S254XV9SUCVL002M.html,https://www.asahi.com/rss/asahi/newsheadlines.rdf,ok,,文化芸能
2026-09-25,2026-09-25T08:35:16.234166+09:00,全国紙,全国,朝日新聞,家に帰ってもネットで続く人づきあい 専門家が見る子どもたちの現状,http://www.asahi.com/articles/ASV9L2PDLV9LUTFL009M.html,https://www.asahi.com/rss/asahi/newsheadlines.rdf,ok,,サイエンス
2026-09-25,2026-09-25T08:35:16.234166+09:00,全国紙,全国,朝日新聞,「現代AIの父」サカナAIアドバイザーに 再帰的自己改善など研究,http://www.asahi.com/articles/ASV9S3FRTV9SUTFL01FM.html,https://www.asahi.com/rss/asahi/newsheadlines.rdf,ok,,サイエンス
2026-09-25,2026-09-25T08:35:16.234166+09:00,全国紙,全国,朝日新聞,ニホンアマガエルは津軽海峡を渡った 浮島や流木に乗り分布拡大?,http://www.asahi.com/articles/ASV9S0F89V9SUTFL01YM.html,https://www.asahi.com/rss/asahi/newsheadlines.rdf,ok,,サイエンス
2026-09-25,2026-09-25T08:35:16.234166+09:00,全国紙,全国,朝日新聞,映画監督の舛田利雄さん死去 石原裕次郎主演「錆びたナイフ」など,http://www.asahi.com/articles/ASV9S3F4TV9SUCVL03CM.html,https://www.asahi.com/rss/asahi/newsheadlines.rdf,ok,,おくやみ
2026-09-25,2026-09-25T08:35:16.234166+09:00,全国紙,全国,朝日新聞,白木万理さん死去、86歳 「必殺」シリーズ中村主水の妻りつ役,http://www.asahi.com/articles/ASV9S2GPJV9SUCVL02QM.html,https://www.asahi.com/rss/asahi/newsheadlines.rdf,ok,,おくやみ
2026-09-25,2026-09-25T08:35:16.234166+09:00,全国紙,全国,朝日新聞,胎児性水俣病患者、金子雄二さんが死去 胎内の被害、立証のきっかけ,http://www.asahi.com/articles/ASV9P3HGXV9PTLVB004M.html,https://www.asahi.com/rss/asahi/newsheadlines.rdf,ok,,おくやみ
2026-09-25,2026-09-25T08:35:16.234166+09:00,全国紙,全国,毎日新聞,NY株続落、161ドル安 米長期金利の上昇に加えインフレ懸念,https://mainichi.jp/articles/20260925/k00/00m/020/017000c,https://mainichi.jp/rss/etc/mainichi-flash.rss,ok,,ニュース
2026-09-25,2026-09-25T08:35:16.234166+09:00,全国紙,全国,毎日新聞,バッハの時代を忠実再現は国内唯一 千葉・市川のパイプオルガン,https://mainichi.jp/articles/20260924/k00/00m/310/242000c,https://mainichi.jp/rss/etc/mainichi-flash.rss,ok,,ニュース
2026-09-25,2026-09-25T08:35:16.234166+09:00,全国紙,全国,毎日新聞,特権を問う:日米地位協定とは? 映画のベース「特権を問う」が伝えた疑惑,https://mainichi.jp/articles/20260924/k00/00m/040/111000c,https://mainichi.jp/rss/etc/mainichi-flash.rss,ok,,ニュース
2026-09-25,2026-09-25T08:35:16.234166+09:00,全国紙,全国,毎日新聞,特権を問う:映画「東京上空300メートル」10月10日公開 米軍ヘリ実態追う,https://mainichi.jp/articles/20260924/k00/00m/040/112000c,https://mainichi.jp/rss/etc/mainichi-flash.rss,ok,,ニュース
2026-09-25,2026-09-25T08:35:16.234166+09:00,全国紙,全国,毎日新聞,米中首脳会談 在米民主活動家ら抗議デモ ホワイトハウス周辺で,https://mainichi.jp/articles/20260925/k00/00m/030/012000c,https://mainichi.jp/rss/etc/mainichi-flash.rss,ok,,ニュース
2026-09-25,2026-09-25T08:35:16.234166+09:00,全国紙,全国,毎日新聞,健大高崎主将と中日・大島洋平の長男 盟友が準決勝で「再会」へ,https://mainichi.jp/articles/20260920/k00/00m/310/242000c,https://mainichi.jp/rss/etc/mainichi-flash.rss,ok,,ニュース
2026-09-25,2026-09-25T08:35:16.234166+09:00,全国紙,全国,毎日新聞,読む政治:「長子継承が自然な流れ」 専門家が指摘する男系維持の限界,https://mainichi.jp/articles/20260919/k00/00m/010/160000c,https://mainichi.jp/rss/etc/mainichi-flash.rss,ok,,ニュース
2026-09-25,2026-09-25T08:35:16.234166+09:00,全国紙,全国,毎日新聞,ネタニヤフ首相、イラン攻撃を正当化 「邪悪な政権は崩壊する」,https://mainichi.jp/articles/20260925/k00/00m/030/009000c,https://mainichi.jp/rss/etc/mainichi-flash.rss,ok,,ニュース
2026-09-25,2026-09-25T08:35:16.234166+09:00,全国紙,全国,毎日新聞,「台湾問題慎重に取り扱うように」と習氏が発言 米中首脳会談,https://mainichi.jp/articles/20260925/k00/00m/030/008000c,https://mainichi.jp/rss/etc/mainichi-flash.rss,ok,,ニュース
2026-09-25,2026-09-25T08:35:16.234166+09:00,全国紙,全国,毎日新聞,58年前の「伝説」を再び 兵庫・芦屋の「ハワイまつり」復活へ,https://mainichi.jp/articles/20260924/k00/00m/310/074000c,https://mainichi.jp/rss/etc/mainichi-flash.rss,ok,,ニュース
2026-09-25,2026-09-25T08:35:16.234166+09:00,全国紙,全国,毎日新聞,#ビジュ:2割が見た目に悩み SNSが増幅する子ども・若者の生きづらさ,https://mainichi.jp/articles/20260921/k00/00m/040/108000c,https://mainichi.jp/rss/etc/mainichi-flash.rss,ok,,ニュース
2026-09-25,2026-09-25T08:35:16.234166+09:00,全国紙,全国,毎日新聞,#ビジュ:ルッキズムとは何か 研究者が着目する「外見変えなきゃ」の裏側,https://mainichi.jp/articles/20260921/k00/00m/040/097000c,https://mainichi.jp/rss/etc/mainichi-flash.rss,ok,,ニュース
2026-09-25,2026-09-25T08:35:16.234166+09:00,全国紙,全国,毎日新聞,もっと社会人野球:未来の柔道整復師がまさかのドラフト候補 ルネス・今井惺也投手,https://mainichi.jp/articles/20260922/k00/00m/050/171000c,https://mainichi.jp/rss/etc/mainichi-flash.rss,ok,,ニュース
2026-09-25,2026-09-25T08:35:16.234166+09:00,全国紙,全国,毎日新聞,迷走プルトニウム:英国は撤退、仏も苦戦 国策・核燃料サイクルの深まる迷走,https://mainichi.jp/articles/20260924/k00/00m/040/053000c,https://mainichi.jp/rss/etc/mainichi-flash.rss,ok,,ニュース
2026-09-25,2026-09-25T08:35:16.234166+09:00,全国紙,全国,毎日新聞,トランプ氏「米中共通の利益に焦点」 第2次大戦時の協力に言及,https://mainichi.jp/articles/20260925/k00/00m/030/002000c,https://mainichi.jp/rss/etc/mainichi-flash.rss,ok,,ニュース
2026-09-25,2026-09-25T08:35:16.234166+09:00,全国紙,全国,毎日新聞,トランプ氏と習氏、会談前に「良好な関係」強調 米中首脳会談,https://mainichi.jp/articles/20260925/k00/00m/030/001000c,https://mainichi.jp/rss/etc/mainichi-flash.rss,ok,,ニュース
2026-09-25,2026-09-25T08:35:16.234166+09:00,全国紙,全国,毎日新聞,日本ハム・新庄監督が続投を表明 「今の選手と優勝したい」,https://mainichi.jp/articles/20260924/k00/00m/050/321000c,https://mainichi.jp/rss/etc/mainichi-flash.rss,ok,,ニュース
2026-09-25,2026-09-25T08:35:16.234166+09:00,全国紙,全国,毎日新聞,トランプ氏、米中主要議題はAI 規制反対「中国も同じ」と主張,https://mainichi.jp/articles/20260924/k00/00m/030/315000c,https://mainichi.jp/rss/etc/mainichi-flash.rss,ok,,ニュース
2026-09-25,2026-09-25T08:35:16.234166+09:00,全国紙,全国,毎日新聞,豊田章男会長、米自動車殿堂入り 従業員らに謝意「全員の栄誉」,https://mainichi.jp/articles/20260924/k00/00m/020/309000c,https://mainichi.jp/rss/etc/mainichi-flash.rss,ok,,ニュース
2026-09-25,2026-09-25T08:35:16.234166+09:00,全国紙,全国,毎日新聞,春高バレー強豪・氷上高元顧問を停職6カ月 生徒会費を不正受給,https://mainichi.jp/articles/20260924/k00/00m/310/307000c,https://mainichi.jp/rss/etc/mainichi-flash.rss,ok,,ニュース
2026-09-25,2026-09-25T08:35:16.234166+09:00,全国紙,全国,日本経済新聞,,,,skipped,公式無料RSSなし。著作権ページで自動収集を明確に禁止しているため、自動取得の対象外とする。,
2026-09-25,2026-09-25T08:35:16.234166+09:00,全国紙,全国,産経新聞,米中首脳会談で習近平氏「台湾独立に反対を」 トランプ氏は過去の「同盟」に言及,https://www.sankei.com/article/20260925-GOS7LOV2XRIJXFNZXFGZ5SHZAU/,https://www.sankei.com/,ok,,
2026-09-25,2026-09-25T08:35:16.234166+09:00,全国紙,全国,産経新聞,世界遺産認定 快挙生んだ考古学者の苦闘 百年にわたる魂の系譜...,https://www.sankei.com/article/20260815-QFGOV26NZFOPTOI5VG332AGYEA/?outputType=theme_election2026,https://www.sankei.com/,ok,,
2026-09-25,2026-09-25T08:35:16.234166+09:00,全国紙,全国,産経新聞,政府が外国と疑われる不審アカウント把握 高市首相「選挙への影...,https://www.sankei.com/article/20260318-U6PW4754BNE3XKFYBTQWPKM65A/?outputType=theme_election2026,https://www.sankei.com/,ok,,
2026-09-25,2026-09-25T08:35:16.234166+09:00,全国紙,全国,産経新聞,衆院選で国会議員の部屋割り一変 小沢、岡田、安住氏ら自民に明...,https://www.sankei.com/article/20260304-C5JCVB743FEVZMNEAU76GY4VNQ/?outputType=theme_election2026,https://www.sankei.com/,ok,,
2026-09-25,2026-09-25T08:35:16.234166+09:00,全国紙,全国,産経新聞,立正佼成会が衆院選で中道103人推薦 公明合流影響か 前回立...,https://www.sankei.com/article/20260303-EHLBLQ2BTRCSVGSJVFHI5TBX4U/?outputType=theme_election2026,https://www.sankei.com/,ok,,
2026-09-25,2026-09-25T08:35:16.234166+09:00,全国紙,全国,産経新聞,乾杯は米中〝雪解け〟の味? 米が夕食会にニクソン訪中時のワイン、習近平氏厚遇,https://www.sankei.com/article/20260925-UBZWI5OQC5JDLPNBON4ZHZFTVI/,https://www.sankei.com/,ok,,
2026-09-25,2026-09-25T08:35:16.234166+09:00,全国紙,全国,産経新聞,真正拳銃同等の「玩具銃」、国内いまだ1万丁 ネット出品確認でガンマニア活況に当局警戒,https://www.sankei.com/article/20260925-OIV2UFV24JIIBM254NSQEEMBLY/,https://www.sankei.com/,ok,,
2026-09-25,2026-09-25T08:35:16.234166+09:00,全国紙,全国,産経新聞,<政治部取材メモ>林芳正氏留任見送りは「虎に翼」か 反高市勢力期待も首相一強の厚い壁,https://www.sankei.com/article/20260925-6PKVLQ32ONIPJAKAXCZSJNAVSE/,https://www.sankei.com/,ok,,
2026-09-25,2026-09-25T08:35:16.234166+09:00,全国紙,全国,産経新聞,無痛分娩中に子宮破裂、胎児が死亡 母親に告訴された医師らによる「逸脱した医療」の実態,https://www.sankei.com/article/20260925-4AW2GVNYKROH7CTE2I6SEIN37Y/,https://www.sankei.com/,ok,,
2026-09-25,2026-09-25T08:35:16.234166+09:00,全国紙,全国,産経新聞,「イラン体制は崩壊」主張 イスラエル首相、国連総会で演説 抗議で多数国が退席,https://www.sankei.com/article/20260925-NLPFTSFXLBJXVOU7CEZ5REGSMY/,https://www.sankei.com/,ok,,
2026-09-25,2026-09-25T08:35:16.234166+09:00,全国紙,全国,産経新聞,デンマーク情報機関、露による「数カ月以内」の西側への破壊工作と軍事攻撃のリスクを警告,https://www.sankei.com/article/20260925-KXEVCRHREZJPTCDNOLMSJ3ZCFM/,https://www.sankei.com/,ok,,
2026-09-25,2026-09-25T08:35:16.234166+09:00,全国紙,全国,産経新聞,パンダ2頭が米国に「数日内に到着」と習氏 首脳会談前に明らかに、アトランタの動物園,https://www.sankei.com/article/20260925-5IFFNCGR35JZ3FFJFGQBJZ5T5U/,https://www.sankei.com/,ok,,
2026-09-25,2026-09-25T08:35:16.234166+09:00,全国紙,全国,産経新聞,<主張>台風25号で豪雨禍 経験に頼らず早期避難を,https://www.sankei.com/article/20260925-DBLY6RV27VMVRH5XNRYRF74NF4/,https://www.sankei.com/,ok,,
2026-09-25,2026-09-25T08:35:16.234166+09:00,全国紙,全国,産経新聞,「米中は多くのことを成し遂げられる」とトランプ氏 習氏「両国は人類発展に責任」と主張,https://www.sankei.com/article/20260925-FOGSZKYOGZOFZJ5LANJDEK3SVU/,https://www.sankei.com/,ok,,
2026-09-25,2026-09-25T08:35:16.234166+09:00,全国紙,全国,産経新聞,シャインマスカットの悲劇繰り返さない 農作物ブランド流出防ぐJ-PLANTS知財戦略,https://www.sankei.com/article/20260924-UB5UY37ZERL2TAH4XXZLME2PPA/,https://www.sankei.com/,ok,,
2026-09-25,2026-09-25T08:35:16.234166+09:00,全国紙,全国,産経新聞,「人を大切にすることが、持続可能な農業へ」俳優の小林涼子さん、労災保険の大切さ語る,https://www.sankei.com/article/20260907-I2LMMWOHRNB7BJ2X6CJVNZDDCQ/,https://www.sankei.com/,ok,,
2026-09-25,2026-09-25T08:35:16.234166+09:00,全国紙,全国,産経新聞,「『選ばれる建設会社』へのデジタル変革と若手育成・定着の人材戦略」10月20日(火)...,https://www.sankei.com/article/20260918-Q4TZFAWYCRGXDP6CSXLYBYQNEA/?outputType=theme_event,https://www.sankei.com/,ok,,
2026-09-25,2026-09-25T08:35:16.234166+09:00,全国紙,全国,産経新聞,米中は大戦で「同盟国」トランプ氏、異例の言及,https://www.sankei.com/article/20260925-373R56KGLVLHRHRYTJYKZF2MB4/,https://www.sankei.com/,ok,,
2026-09-25,2026-09-25T08:35:16.234166+09:00,全国紙,全国,産経新聞,「宇宙データセンター」へグーグルが衛星打ち上げ,https://www.sankei.com/article/20260925-7FKWJ3HNYZLXBHUASPN4AXIISI/,https://www.sankei.com/,ok,,
2026-09-25,2026-09-25T08:35:16.234166+09:00,全国紙,全国,産経新聞,<正論>AIを「恐れる場所」間違えるな,https://www.sankei.com/article/20260925-7FTLRSVM65OZZG3DBGVLBORISY/,https://www.sankei.com/,ok,,
2026-09-25,2026-09-25T08:35:16.234166+09:00,全国紙,全国,東京新聞,警察の「スマホ遠隔解析」に漂う危うさ 「戦前の治安維持法下になりかねない」権利侵害の懸念,https://www.tokyo-np.co.jp/article/517486,https://www.tokyo-np.co.jp/,ok,,
2026-09-25,2026-09-25T08:35:16.234166+09:00,全国紙,全国,東京新聞,国立美術館が入館料を大幅値上げ...「稼げる展示」求める国の姿勢に「文化軽視の国は先進国じゃない」の声,https://www.tokyo-np.co.jp/article/517499,https://www.tokyo-np.co.jp/,ok,,
2026-09-25,2026-09-25T08:35:16.234166+09:00,全国紙,全国,東京新聞,1000万票の思い実現できず...公明・西田実仁幹事長が明かす「中道政治への執念」と「自民との距離感」,https://www.tokyo-np.co.jp/article/517472,https://www.tokyo-np.co.jp/,ok,,
2026-09-25,2026-09-25T08:35:16.234166+09:00,全国紙,全国,東京新聞,アメリカ軍が「戦略的に焼きに行った」日本65都市 「爆撃中心点」が示す空襲の残虐,https://www.tokyo-np.co.jp/article/517449,https://www.tokyo-np.co.jp/,ok,,
2026-09-25,2026-09-25T08:35:16.234166+09:00,全国紙,全国,東京新聞,米住宅ローン金利7%超え 30年固定、政権に痛手,https://www.tokyo-np.co.jp/article/517536,https://www.tokyo-np.co.jp/,ok,,
2026-09-25,2026-09-25T08:35:16.234166+09:00,全国紙,全国,東京新聞,合流を断念しても「中道の旗は降ろさない」...馬淵澄夫・元衆院議員が描く野党連携の形,https://www.tokyo-np.co.jp/article/517457,https://www.tokyo-np.co.jp/,ok,,
2026-09-25,2026-09-25T08:35:16.234166+09:00,全国紙,全国,東京新聞,性被害当事者が生きやすい社会に一歩でも 性暴力サバイバーの新畑信さんが信じる仲間の力,https://www.tokyo-np.co.jp/article/517501,https://www.tokyo-np.co.jp/,ok,,
2026-09-25,2026-09-25T08:35:16.234166+09:00,全国紙,全国,東京新聞,足裏の血豆と「自殺予防ポスター」...耐え抜いた公益通報者への5000万円請求訴訟で会社側が上告断念,https://www.tokyo-np.co.jp/article/517490,https://www.tokyo-np.co.jp/,ok,,
2026-09-25,2026-09-25T08:35:16.234166+09:00,全国紙,全国,東京新聞,「熟議なき独善的な政治が怖い」新橋の路上で手作り提灯を掲げ、声を上げる...子どもが生きる未来を守るため,https://www.tokyo-np.co.jp/article/515399,https://www.tokyo-np.co.jp/,ok,,
2026-09-25,2026-09-25T08:35:16.234166+09:00,全国紙,全国,東京新聞,「外国人を安く雇う時代は終わった」特定技能1号の新規受け入れストップで外食業界に荒波,https://www.tokyo-np.co.jp/article/515839,https://www.tokyo-np.co.jp/,ok,,
2026-09-25,2026-09-25T08:35:16.234166+09:00,全国紙,全国,東京新聞,〈社説〉ICCと日米 首相演説に足りぬもの,https://www.tokyo-np.co.jp/article/517572,https://www.tokyo-np.co.jp/,ok,,
2026-09-25,2026-09-25T08:35:16.234166+09:00,全国紙,全国,東京新聞,新党「民主改革の会」に18人入党 統一会派「中道」で野党最大勢力を維持したが...,https://www.tokyo-np.co.jp/article/517492,https://www.tokyo-np.co.jp/,ok,,
2026-09-25,2026-09-25T08:35:16.234166+09:00,全国紙,全国,東京新聞,「堤防があるから安全とは言えない」台風25号での大雨で印旛沼が初決壊...専門家が説く治水対策は,https://www.tokyo-np.co.jp/article/517494,https://www.tokyo-np.co.jp/,ok,,
2026-09-25,2026-09-25T08:35:16.234166+09:00,全国紙,全国,東京新聞,〈社説〉ミンダナオ選挙 自治政府の支援継続を,https://www.tokyo-np.co.jp/article/517573,https://www.tokyo-np.co.jp/,ok,,
2026-09-25,2026-09-25T08:35:16.234166+09:00,全国紙,全国,東京新聞,米中、AI対話継続で一致 首脳会談「競争し、協力も」,https://www.tokyo-np.co.jp/article/517581,https://www.tokyo-np.co.jp/,ok,,
2026-09-25,2026-09-25T08:35:16.234166+09:00,全国紙,全国,東京新聞,なぜ妻の姓は「ソコロワ」で夫は「ソコロフ」? 話を聞いて分かった日本語にないルール,https://www.tokyo-np.co.jp/article/509286,https://www.tokyo-np.co.jp/,ok,,
2026-09-25,2026-09-25T08:35:16.234166+09:00,全国紙,全国,東京新聞,〈動画〉望月衣塑子が維新・藤田共同代表の会見を解説 中司氏の過去の疑惑、首相の国連演説・首脳会談は?,https://www.tokyo-np.co.jp/article/517456,https://www.tokyo-np.co.jp/,ok,,tag_movie
2026-09-25,2026-09-25T08:35:16.234166+09:00,全国紙,全国,東京新聞,「スマホ農場」でバズは作られる...仕組みを語った代理人「だまされているのは見ている人たち」,https://www.tokyo-np.co.jp/article/516642,https://www.tokyo-np.co.jp/,ok,,tag_movie
2026-09-25,2026-09-25T08:35:16.234166+09:00,全国紙,全国,東京新聞,〈動画〉望月衣塑子記者が林芳正前総務相の講演を解説 自民党総裁選への意欲は,https://www.tokyo-np.co.jp/article/516353,https://www.tokyo-np.co.jp/,ok,,tag_movie
2026-09-25,2026-09-25T08:35:16.234166+09:00,全国紙,全国,東京新聞,台風25号 大雨で各地に被害,https://www.tokyo-np.co.jp/article/517197,https://www.tokyo-np.co.jp/,ok,,square
2026-09-25,2026-09-25T08:35:16.234166+09:00,全国紙,全国,中日新聞,卓球男子団体で日本が60年ぶりの金メダル、大国・中国との接戦制す これからは「日本の時代」へ,https://www.chunichi.co.jp/article/1315828,https://www.chunichi.co.jp/,ok,,
2026-09-25,2026-09-25T08:35:16.234166+09:00,全国紙,全国,中日新聞,前大治町長を書類送検へ 愛知県警、元議員事務所に無断侵入疑いで,https://www.chunichi.co.jp/article/1315927,https://www.chunichi.co.jp/,ok,,
2026-09-25,2026-09-25T08:35:16.234166+09:00,全国紙,全国,中日新聞,2桁以上の候補者からタブレット端末で検索し電子投票 岐阜県美濃加茂市議選で全国初、統一選控え普及への試金石に,https://www.chunichi.co.jp/article/1315790,https://www.chunichi.co.jp/,ok,,
2026-09-25,2026-09-25T08:35:16.234166+09:00,全国紙,全国,中日新聞,フェンシング男子エペ個人決勝、加納虹輝選手が金メダル 「届かない目標なんてない」貫いた信念,https://www.chunichi.co.jp/article/1315774,https://www.chunichi.co.jp/,ok,,
2026-09-25,2026-09-25T08:35:16.234166+09:00,全国紙,全国,中日新聞,愛知・名古屋アジア大会で「世界トップクラスの波乗りを見て」 愛知・田原移住の加藤昌高さん、サーフィン競技運営に奔走,https://www.chunichi.co.jp/article/1315848,https://www.chunichi.co.jp/,ok,,
2026-09-25,2026-09-25T08:35:16.234166+09:00,全国紙,全国,中日新聞,「これ、旭化成のものじゃ...」退職後も持ち続けていたハードディスク 半導体技術不正持ち出し、別の疑いでの家宅捜索から急展開,https://www.chunichi.co.jp/article/1315909,https://www.chunichi.co.jp/,ok,,
2026-09-25,2026-09-25T08:35:16.234166+09:00,全国紙,全国,中日新聞,名鉄瀬戸線尾張旭駅ー尾張瀬戸駅間で一時運転見合わせ 踏切通過中のトラックが道路陥没で立ち往生,https://www.chunichi.co.jp/article/1315717,https://www.chunichi.co.jp/,ok,,
2026-09-25,2026-09-25T08:35:16.234166+09:00,全国紙,全国,中日新聞,競泳200m平泳ぎで大橋信が世界新で金メダル 愛知・名古屋アジア大会,https://www.chunichi.co.jp/article/1315754,https://www.chunichi.co.jp/,ok,,
2026-09-25,2026-09-25T08:35:16.234166+09:00,全国紙,全国,中日新聞,ドラマ「VIVANT」とコラボ、恵那の味をギュッと詰めたパフェに 老舗栗和菓子店が25日から期間限定販売,https://www.chunichi.co.jp/article/1315894,https://www.chunichi.co.jp/,ok,,
2026-09-25,2026-09-25T08:35:16.234166+09:00,全国紙,全国,中日新聞,仲間がつくったエレキギター、製材工場存続へ心動かす 水窪産スギを熟成乾燥「今後も良いもの出す」,https://www.chunichi.co.jp/article/1315951,https://www.chunichi.co.jp/,ok,,
2026-09-25,2026-09-25T08:35:16.234166+09:00,全国紙,全国,中日新聞,中日・金丸夢斗、3カ月以上白星から遠ざかるも投球回やQS率など積み上げた数字はどれも一級品 25日にチーム単独トップ25度目先発に臨む,https://www.chunichi.co.jp/article/1315912,https://www.chunichi.co.jp/,ok,,
2026-09-25,2026-09-25T08:35:16.234166+09:00,全国紙,全国,中日新聞,読者が選ぶ中日グッとコラム2026上半期 投票で選ばれたのは?,https://www.chunichi.co.jp/article/1302583,https://www.chunichi.co.jp/,ok,,
2026-09-25,2026-09-25T08:35:16.234166+09:00,全国紙,全国,中日新聞,「移民ビジネス」外国人の受け入れを巡る現実と課題,https://www.chunichi.co.jp/article/1233264,https://www.chunichi.co.jp/,ok,,
2026-09-25,2026-09-25T08:35:16.234166+09:00,全国紙,全国,中日新聞,【南山大&中日新聞ポッドキャスト企画】アメリカを考える~独立宣言から250年の大変動,https://www.chunichi.co.jp/article/1270383,https://www.chunichi.co.jp/,ok,,
2026-09-25,2026-09-25T08:35:16.234166+09:00,全国紙,全国,中日新聞,【第1部・外国人団地】共生を目指す外国人労働者の姿を描く,https://www.chunichi.co.jp/article/1237076,https://www.chunichi.co.jp/,ok,,
2026-09-25,2026-09-25T08:35:16.234166+09:00,全国紙,全国,中日新聞,【デジタル地図】南海トラフ巨大地震の想定震度マップ。あなたの地域の想定震度をチェック,https://www.chunichi.co.jp/article/1046009,https://www.chunichi.co.jp/,ok,,
2026-09-25,2026-09-25T08:35:16.234166+09:00,全国紙,全国,中日新聞,【動画】アジア大会「メダリストセレブレーション」名古屋・栄の久屋大通公園で初開催 来場者とハイタッチや写真撮影,https://www.chunichi.co.jp/article/1314477,https://www.chunichi.co.jp/,ok,,video
2026-09-25,2026-09-25T08:35:16.234166+09:00,全国紙,全国,中日新聞,【動画】石川県能登地方舞台の映画が国際映画祭ノミネート 大口町のきょうだい出演、9月26日に結果発表,https://www.chunichi.co.jp/article/1314720,https://www.chunichi.co.jp/,ok,,video
2026-09-25,2026-09-25T08:35:16.234166+09:00,全国紙,全国,中日新聞,【動画】選手や市民らの交拠拠点「ONE ASIA WORLD」開設 バレー元日本代表の木村沙織さんらが登場,https://www.chunichi.co.jp/article/1313494,https://www.chunichi.co.jp/,ok,,video
2026-09-25,2026-09-25T08:35:16.234166+09:00,全国紙,全国,中日新聞,ごんぎつねに思いはせ 矢勝川堤防のヒガンバナ、今週末には見ごろに,https://www.chunichi.co.jp/article/1315288,https://www.chunichi.co.jp/,ok,,tag_photo
2026-09-25,2026-09-25T08:35:16.234166+09:00,地方紙,北海道,北海道新聞,,,,skipped,公式RSSはあるが、見出し・本文の公開(再配信)を認めない旨の規約があるため自動取得の対象外とする。,
2026-09-25,2026-09-25T08:35:16.234166+09:00,地方紙,宮城,河北新報,,,,skipped,robots.txtが/rss/をDisallowしておりRSS購読不可。私的利用限定・二次利用禁止の規約があるため自動取得の対象外とする。,
2026-09-25,2026-09-25T08:35:16.234166+09:00,地方紙,新潟,新潟日報,,,,skipped,利用規約でデータマイニング・テキストマイニング・AI学習目的の情報処理・解析利用を明示的に禁止しているため自動取得の対象外とする。,
2026-09-25,2026-09-25T08:35:16.234166+09:00,地方紙,長野,信濃毎日新聞,長野県でも「個人向け国債」の購入が人気 すでに販売額が“前年の倍”の地場証券会社も09/25 06:05県内を拠点とする証券会社や銀行、信用金庫での個人向け国債の販売額が伸びている。長期金利が約30年ぶりの3%台となり、国債の利率も上昇していることなどが背景。長野証券(長野市)では、1~8月の販売実績が既に2025年の合計販売額を上回った。株を一部売却して利益を確定した上で資金を国債に振り向ける動き...,https://www.shinmai.co.jp/news/article/gf01daqghpm29c62qgiiqts0,https://www.shinmai.co.jp/,ok,,
2026-09-25,2026-09-25T08:35:16.234166+09:00,地方紙,長野,信濃毎日新聞,阿智村の伝統花火、遺品から探る「大シャクマ」 制作の男性死去を受け、有志が準備09/25 07:30,https://www.shinmai.co.jp/news/article/gf01daqcqjm29c62qgiipkf0,https://www.shinmai.co.jp/,ok,,
2026-09-25,2026-09-25T08:35:16.234166+09:00,地方紙,長野,信濃毎日新聞,”子殺し”回避か、ツキノワグマ雌は針葉樹林に 広葉樹林の雄とすみ分け 長野県内の分布で初確認09/25 06:04,https://www.shinmai.co.jp/news/article/gf01daqgqhvscpf4olnkohpg,https://www.shinmai.co.jp/,ok,,
2026-09-25,2026-09-25T08:35:16.234166+09:00,地方紙,長野,信濃毎日新聞,朝ドラ「巡るスワン」ロケ地、なぜ諏訪地域に 制作統括が語る選定の経緯と理由09/25 06:03,https://www.shinmai.co.jp/news/article/gf01daqajg7scpf4olnkmgi0,https://www.shinmai.co.jp/,ok,,
2026-09-25,2026-09-25T08:35:16.234166+09:00,地方紙,長野,信濃毎日新聞,【独自】松本―那覇のチャーター便、今年は倍増の22便に 12月5~24日に運航予定09/25 06:02,https://www.shinmai.co.jp/news/article/gf01daqfha7scpf4olnko4i0,https://www.shinmai.co.jp/,ok,,
2026-09-25,2026-09-25T08:35:16.234166+09:00,地方紙,長野,信濃毎日新聞,長野県内初、ふるさと納税返礼品に「授業料クーポン」 上田市、長野大で寄付額の3割を控除09/25 06:01,https://www.shinmai.co.jp/news/article/gf01daqfgmvscpf4olnko420,https://www.shinmai.co.jp/,ok,,
2026-09-25,2026-09-25T08:35:16.234166+09:00,地方紙,長野,信濃毎日新聞,2おくやみ(9月25日付),https://www.shinmai.co.jp/news/article/gf01daqeree29c62qgiiqac0,https://www.shinmai.co.jp/,ok,,
2026-09-25,2026-09-25T08:35:16.234166+09:00,地方紙,長野,信濃毎日新聞,5ヒカキンさん所属のUUUMと飯綱町が連携 長野県の自治体で初、情報発信で協力,https://www.shinmai.co.jp/news/article/gf01daqcnknscpf4olnkn3eg,https://www.shinmai.co.jp/,ok,,
2026-09-25,2026-09-25T08:35:16.234166+09:00,地方紙,長野,信濃毎日新聞,6〈社説〉ふるさと納税 この上見直しを重ねても,https://www.shinmai.co.jp/news/article/gf01daqgacnscpf4olnkod60,https://www.shinmai.co.jp/,ok,,
2026-09-25,2026-09-25T08:35:16.234166+09:00,地方紙,長野,信濃毎日新聞,8〈社説〉日米首脳会談 展望開く外交が見えない,https://www.shinmai.co.jp/news/article/gf01daqg18nscpf4olnkoa2g,https://www.shinmai.co.jp/,ok,,
2026-09-25,2026-09-25T08:35:16.234166+09:00,地方紙,長野,信濃毎日新聞,9大町市、閉校した小学校2校の遊具を開放 子どもが自由に遊べるように,https://www.shinmai.co.jp/news/article/gf01daqfqr629c62qgiiqn0g,https://www.shinmai.co.jp/,ok,,
2026-09-25,2026-09-25T08:35:16.234166+09:00,地方紙,長野,信濃毎日新聞,10J3クラブで唯一勝利がない山雅、サイド攻撃磨く 26日アウェーで栃木と対戦,https://www.shinmai.co.jp/news/article/gf01daqfguu29c62qgiiqj8g,https://www.shinmai.co.jp/,ok,,
2026-09-25,2026-09-25T08:35:16.234166+09:00,地方紙,長野,信濃毎日新聞,県歌「信濃の国」の冒頭にあるように、長野県は旧国名では十州、現在は8県に接しています。その境目には厳しい山岳や谷があり、古来、物や文化が行き交う道があり、躍動する人たちがいます。大型写真連載「信州縁撮(ふちど)り」は、写真記者が県境付近の地域を歩き、その“今”を切り取ります。信州を魅力あるものにしている自然や歴史、人々の営みにカメラを向けます。,https://www.shinmai.co.jp/news/article/gf01dah1jmlttbkcu3krfl40,https://www.shinmai.co.jp/,ok,,
2026-09-25,2026-09-25T08:35:16.234166+09:00,地方紙,長野,信濃毎日新聞,氷河の動き、年代に迫る 北アルプス杓子沢でボーリング調査 新潟大〈山と人と信州と〉長野県社会信州の山ウェブオリジナル山と人と信州と北アルプス09/25 06:04,https://www.shinmai.co.jp/news/article/gf01daqa2knscpf4olnkmcgg,https://www.shinmai.co.jp/,ok,,
2026-09-25,2026-09-25T08:35:16.234166+09:00,地方紙,長野,信濃毎日新聞,日本最南端の島で思う沖縄が抱え続ける不条理長野県社会ウェブオリジナルイブニング信毎「戦後」を次代へコラム「硬面軟面」09/24 06:05,https://www.shinmai.co.jp/news/article/gf01dapl4mm29c62qgiilgj0,https://www.shinmai.co.jp/,ok,,
2026-09-25,2026-09-25T08:35:16.234166+09:00,地方紙,長野,信濃毎日新聞,なぜなの?ナニが問題なの? 「安保3文書」信毎記者が詳しく解説長野県主要政治ウェブオリジナル09/23 06:01,https://www.shinmai.co.jp/news/article/SHEX2026091100004830,https://www.shinmai.co.jp/,ok,,
2026-09-25,2026-09-25T08:35:16.234166+09:00,地方紙,長野,信濃毎日新聞,【4コマ】フルーツ王国でぶどう迷子【ここがわからんばい!信州】長野県主要くらし・話題イブニング信毎ウェブオリジナルここがわからんばい!信州09/22 11:30,https://www.shinmai.co.jp/news/article/gf01dao98du29c62qgiig7og,https://www.shinmai.co.jp/,ok,,
2026-09-25,2026-09-25T08:35:16.234166+09:00,地方紙,長野,信濃毎日新聞,白馬村出身のゲームクリエーターZUNさん手がける「東方Project」初期の原作 家庭用ゲーム機に初登場、国内外で反響長野県文化・芸能エンタメウェブオリジナル白馬村09/21 13:00,https://www.shinmai.co.jp/news/article/gf01dan5hs629c62qgiic000,https://www.shinmai.co.jp/,ok,,
2026-09-25,2026-09-25T08:35:16.234166+09:00,地方紙,長野,信濃毎日新聞,母からの1万円「本を買ってきて」 大人になった娘に毎月頼む理由は長野県主要くらし・話題ウェブオリジナルイブニング信毎朝日新聞コラボ「いつも、どこかで」09/18 17:00,https://www.shinmai.co.jp/news/article/gf01dajm8gm29c62qgihnbt0,https://www.shinmai.co.jp/,ok,,
2026-09-25,2026-09-25T08:35:16.234166+09:00,地方紙,長野,信濃毎日新聞,センバツ見据えた戦いへ、新チームはどんなメンバー?長野県大会の24校紹介【秋の北信越高校野球】長野県スポーツウェブオリジナル高校野球09/18 17:00,https://www.shinmai.co.jp/news/article/gf01damaa5629c62qgii6nq0,https://www.shinmai.co.jp/,ok,,
2026-09-25,2026-09-25T08:35:16.234166+09:00,地方紙,静岡,静岡新聞,,,https://www.at-s.com/,error,405 Client Error: Not Allowed for url: https://www.at-s.com/,
2026-09-25,2026-09-25T08:35:16.234166+09:00,地方紙,京都,京都新聞,人事異動ポータル,https://www.kyoto-np.co.jp/articles/-/1250583,https://www.kyoto-np.co.jp/,ok,,
2026-09-25,2026-09-25T08:35:16.234166+09:00,地方紙,京都,京都新聞,速報諏訪理飛行士、来春にも宇宙へ,https://www.kyoto-np.co.jp/articles/-/1796533,https://www.kyoto-np.co.jp/,ok,,
2026-09-25,2026-09-25T08:35:16.234166+09:00,地方紙,京都,京都新聞,京都市の大学が「西日本唯一の学部」を改組で「学科」に 学びどうなる?「持続・発展するための再構築」4:50市内西日本唯一の仏教学部を持つ佛教大(京都市北区)が2028年度から、同学部を文学部の仏教学科に改組する。僧侶の養成機関としての役割も果たし...,https://www.kyoto-np.co.jp/articles/-/1796189,https://www.kyoto-np.co.jp/,ok,,
2026-09-25,2026-09-25T08:35:16.234166+09:00,地方紙,京都,京都新聞,京都府長岡京市の駅エスカレーターで故障頻発「いつになったら使えるのか」利用者から疑問の声5:00地域京都府長岡京市のJR長岡京駅西口にあるエスカレーターが故障で利用できない状態が続き、駅利用者から「いつになったら使えるのか」と疑問の声が出...,https://www.kyoto-np.co.jp/articles/-/1796098,https://www.kyoto-np.co.jp/,ok,,
2026-09-25,2026-09-25T08:35:16.234166+09:00,地方紙,京都,京都新聞,京都府長岡京市と向日市「府内トップレベル」の地価上昇率 全ての調査地で前年上回る5:10地域京都府が発表した基準地価(7月1日時点)で、乙訓地域の2市1町では調査した計19地点のうち18地点で前年を上回り、引き続き上昇傾向にあるこ...,https://www.kyoto-np.co.jp/articles/-/1795460,https://www.kyoto-np.co.jp/,ok,,
2026-09-25,2026-09-25T08:35:16.234166+09:00,地方紙,京都,京都新聞,京都市南部の「けいはんな万博」 学研都市最大イベントがつなぐ「世界初を実現」への期待5:05地域遠隔操作されたアバター(分身)ロボットが、ゆっくりとマクドナルドに入っていく。レジで止まると、離れた場所にいる操作者が画面を通して店員と会...,https://www.kyoto-np.co.jp/articles/-/1793064,https://www.kyoto-np.co.jp/,ok,,
2026-09-25,2026-09-25T08:35:16.234166+09:00,地方紙,京都,京都新聞,京都の消費者金融大手はなぜ美術を支援するのか 美術館開設で「地元に恩返し」、美術館や企業に提言も4:50市内消費者金融大手アイフル(京都市下京区)が、平面作品の公募展「ムニノバ アーティスト アワード」を創設し、授賞式を今月開いた。未来の描き手を...,https://www.kyoto-np.co.jp/articles/-/1796194,https://www.kyoto-np.co.jp/,ok,,
2026-09-25,2026-09-25T08:35:16.234166+09:00,地方紙,京都,京都新聞,大阪再開発エリア「ヒガシ」で大型プロジェクトスタートへ マンションや新駅、駅ビル、アリーナで高まる魅力5:30地域大阪市東部の通称「ヒガシ」エリアで、新たなマンションの建設が始まる。一帯は、新たに整備された商業施設や、外資系の高級ホテルが...,https://www.kyoto-np.co.jp/articles/-/1786860,https://www.kyoto-np.co.jp/,ok,,
2026-09-25,2026-09-25T08:35:16.234166+09:00,地方紙,京都,京都新聞,京都市の「3カ所目」児童相談所はどこに? 場所や予算の問題で早期新設難しく...考え出した方向性は5:10市内京都市は24日、子どもの虐待対応などへの強化に向け、2027年4月開設を目指している3カ所目の児童相談所について...,https://www.kyoto-np.co.jp/articles/-/1796205,https://www.kyoto-np.co.jp/,ok,,
2026-09-25,2026-09-25T08:35:16.234166+09:00,地方紙,京都,京都新聞,京都府北部の農山漁村で取り組み進む「西陣織」継承 インフルエンサーしなこさんと協働も4:45地域,https://www.kyoto-np.co.jp/articles/-/1792474,https://www.kyoto-np.co.jp/,ok,,
2026-09-25,2026-09-25T08:35:16.234166+09:00,地方紙,京都,京都新聞,京都や大阪で起きた「匿流事件」その生々しい手口に迫る 拘置所内の「実行役」が記者に語った犯行の実相9月24日京都,https://www.kyoto-np.co.jp/articles/-/1795613,https://www.kyoto-np.co.jp/,ok,,
2026-09-25,2026-09-25T08:35:16.234166+09:00,地方紙,京都,京都新聞,大阪「ズブズブ湿地帯」が巨大モールと高級住宅街の「一番人気エリア」に変貌 昔は家に船、今はベンツ9月24日地域,https://www.kyoto-np.co.jp/articles/-/1778216,https://www.kyoto-np.co.jp/,ok,,
2026-09-25,2026-09-25T08:35:16.234166+09:00,地方紙,京都,京都新聞,滋賀県、生成AI普及あおりでタッチセンサー企業が破産手続き開始決定 大手自動車メーカーに出荷も9月23日地域,https://www.kyoto-np.co.jp/articles/-/1793381,https://www.kyoto-np.co.jp/,ok,,
2026-09-25,2026-09-25T08:35:16.234166+09:00,地方紙,京都,京都新聞,京都発ラーメンチェーンが「国内300店舗態勢」向け反転攻勢へ 関東への出店強化、海外開拓にも注力9月23日地域,https://www.kyoto-np.co.jp/articles/-/1793187,https://www.kyoto-np.co.jp/,ok,,
2026-09-25,2026-09-25T08:35:16.234166+09:00,地方紙,京都,京都新聞,北陸新幹線「京都には大切な寺や水、無理に通す必要あるのか」 400年以上続く茶道家元の懸念とは9月23日市内,https://www.kyoto-np.co.jp/articles/-/1795236,https://www.kyoto-np.co.jp/,ok,,
2026-09-25,2026-09-25T08:35:16.234166+09:00,地方紙,京都,京都新聞,北陸新幹線「桂川ルート」にも、多数の文化財や信仰に関わる井戸・名水 専門家「しっかり調査を」9月23日地域,https://www.kyoto-np.co.jp/articles/-/1795198,https://www.kyoto-np.co.jp/,ok,,
2026-09-25,2026-09-25T08:35:16.234166+09:00,地方紙,京都,京都新聞,ミシュラン店や「最高級肉」ステーキ店が京都市北区のローカル商店街に出店はなぜ 「どうしてもここで」9月22日市内,https://www.kyoto-np.co.jp/articles/-/1782779,https://www.kyoto-np.co.jp/,ok,,
2026-09-25,2026-09-25T08:35:16.234166+09:00,地方紙,京都,京都新聞,救急車の「ピーポー」ルーツは京都府南部に? 「こんな音では悪なるで」東京消防庁も注目した「開発秘話」9月22日地域,https://www.kyoto-np.co.jp/articles/-/1790548,https://www.kyoto-np.co.jp/,ok,,
2026-09-25,2026-09-25T08:35:16.234166+09:00,地方紙,京都,京都新聞,京都府北部にあった「古代の製鉄コンビナート」 製鉄の展開に大きな影響を与えたのか9月21日地域,https://www.kyoto-np.co.jp/articles/-/1791053,https://www.kyoto-np.co.jp/,ok,,
2026-09-25,2026-09-25T08:35:16.234166+09:00,地方紙,京都,京都新聞,クマトラッカー 日本各地のクマ出没情報、被害統計と対処法のガイド全国・海外,https://www.kyoto-np.co.jp/articles/-/1597013,https://www.kyoto-np.co.jp/,ok,,
2026-09-25,2026-09-25T08:35:16.234166+09:00,地方紙,兵庫,神戸新聞,スマホで撮影、ネットで合鍵無断複製 鍵の職場放置に注意 住宅侵入被害、盗撮で悪用も,https://www.kobe-np.co.jp/news/society/202609/0020856641.shtml,https://www.kobe-np.co.jp/,ok,,
2026-09-25,2026-09-25T08:35:16.234166+09:00,地方紙,兵庫,神戸新聞,三田への移住希望者と地域を橋渡し 関学大出身の若者ら起業し奮闘,https://www.kobe-np.co.jp/news/sanda/202609/0020855760.shtml,https://www.kobe-np.co.jp/,ok,,
2026-09-25,2026-09-25T08:35:16.234166+09:00,地方紙,兵庫,神戸新聞,中学部活の地域展開「あかしタイム」、2027年9月に全面移行へ,https://www.kobe-np.co.jp/news/akashi/202609/0020855522.shtml,https://www.kobe-np.co.jp/,ok,,
2026-09-25,2026-09-25T08:35:16.234166+09:00,地方紙,兵庫,神戸新聞,鉄塔や送電線上、人命を救え 高砂市消防と関電送配電が訓練,https://www.kobe-np.co.jp/news/touban/202609/0020855714.shtml,https://www.kobe-np.co.jp/,ok,,
2026-09-25,2026-09-25T08:35:16.234166+09:00,地方紙,兵庫,神戸新聞,「山田錦」世界農業遺産申請へ専門家が兵庫入り 加東や加西巡り、吉川など視察,https://www.kobe-np.co.jp/news/miki/202609/0020855738.shtml,https://www.kobe-np.co.jp/,ok,,
2026-09-25,2026-09-25T08:35:16.234166+09:00,地方紙,兵庫,神戸新聞,観光テーマの交流スペース、姫路の白鷺ニット工業本社にオープン,https://www.kobe-np.co.jp/news/himeji/202609/0020855705.shtml,https://www.kobe-np.co.jp/,ok,,
2026-09-25,2026-09-25T08:35:16.234166+09:00,地方紙,兵庫,神戸新聞,年齢にとらわれず生き生き過ごす「エイジレス・ライフ」 多可の88歳足立さん、実践者に選定,https://www.kobe-np.co.jp/news/hokuban/202609/0020855718.shtml,https://www.kobe-np.co.jp/,ok,,
2026-09-25,2026-09-25T08:35:16.234166+09:00,地方紙,兵庫,神戸新聞,<「ひょうご講座」から>防災・復興(2)南海トラフ地震対策と防災庁 名古屋大名誉教授・福和伸夫さん,https://www.kobe-np.co.jp/news/society/202609/0020856538.shtml,https://www.kobe-np.co.jp/,ok,,
2026-09-25,2026-09-25T08:35:16.234166+09:00,地方紙,兵庫,神戸新聞,飯野、古巣への感謝 「僕にとって特別なチーム」<航跡VISSEL>,https://www.kobe-np.co.jp/news/sports/202609/0020856019.shtml,https://www.kobe-np.co.jp/,ok,,
2026-09-25,2026-09-25T08:35:16.234166+09:00,地方紙,兵庫,神戸新聞,兵庫の魅力を改めて実感 神戸で「アフター万博フェスタ」 10月3、4日,https://www.kobe-np.co.jp/news/society/202609/0020856540.shtml,https://www.kobe-np.co.jp/,ok,,
2026-09-25,2026-09-25T08:35:16.234166+09:00,地方紙,兵庫,神戸新聞,替え歌や映像で事故・詐欺防止 佐用で集会、たつの署が智頭急行と連携,https://www.kobe-np.co.jp/news/seiban/202609/0020856123.shtml,https://www.kobe-np.co.jp/,ok,,
2026-09-25,2026-09-25T08:35:16.234166+09:00,地方紙,兵庫,神戸新聞,詐欺被害防止へ「ぱっすー」登場 明石署がタコをモチーフに新キャラ,https://www.kobe-np.co.jp/news/akashi/202609/0020855524.shtml,https://www.kobe-np.co.jp/,ok,,
2026-09-25,2026-09-25T08:35:16.234166+09:00,地方紙,兵庫,神戸新聞,深紅の灯鮮やか,https://www.kobe-np.co.jp/news/tanba/202609/0020855679.shtml,https://www.kobe-np.co.jp/,ok,,
2026-09-25,2026-09-25T08:35:16.234166+09:00,地方紙,兵庫,神戸新聞,<県政リアル 知事就任5年>(6)距離感 離れた大阪、県内首長も模索,https://www.kobe-np.co.jp/news/society/202608/0020681985.shtml,https://www.kobe-np.co.jp/,ok,,
2026-09-25,2026-09-25T08:35:16.234166+09:00,地方紙,兵庫,神戸新聞,沖縄知事選、荒れるSNS 動画、Xの大半が県外発 AI悪用し中傷拡散 兵庫知事選と重なる投稿者も,https://www.kobe-np.co.jp/news/society/202609/0020810373.shtml,https://www.kobe-np.co.jp/,ok,,
2026-09-25,2026-09-25T08:35:16.234166+09:00,地方紙,兵庫,神戸新聞,「チョコだけじゃない」モロゾフが焼き菓子にシフト カカオ高騰と猛暑に苦慮 新ブランド投入,https://www.kobe-np.co.jp/news/economy/202609/0020855075.shtml,https://www.kobe-np.co.jp/,ok,,
2026-09-25,2026-09-25T08:35:16.234166+09:00,地方紙,兵庫,神戸新聞,意外にも事故が相次ぐ「危ない交差点」特集 生活道路が交わる身近な十字路 秋の交通安全運動,https://www.kobe-np.co.jp/news/richa/202609/0020826343.shtml,https://www.kobe-np.co.jp/,ok,,
2026-09-25,2026-09-25T08:35:16.234166+09:00,地方紙,兵庫,神戸新聞,<近日公開 9月のオススメ記事>バスケBプレミア、防災DX、「随想」新執筆陣...etc.,https://www.kobe-np.co.jp/news/richa/202608/0020749065.shtml,https://www.kobe-np.co.jp/,ok,,
2026-09-25,2026-09-25T08:35:16.234166+09:00,地方紙,兵庫,神戸新聞,学生と洲本市住民が交流、若者呼び込む仕組み模索 2泊3日合宿「人と人とのつながり大切」,https://www.kobe-np.co.jp/news/awaji/202609/0020855615.shtml,https://www.kobe-np.co.jp/,ok,,
2026-09-25,2026-09-25T08:35:16.234166+09:00,地方紙,兵庫,神戸新聞,グラウンドゴルフ「姫路西部A」チーム、国民スポーツ大会へ 豊富な練習量で団結力高め,https://www.kobe-np.co.jp/news/himeji/202609/0020855703.shtml,https://www.kobe-np.co.jp/,ok,,
2026-09-25,2026-09-25T08:35:16.234166+09:00,地方紙,広島,中国新聞,,,,skipped,利用規約でAI開発目的のディープラーニング等の情報処理・解析利用を明示的に禁止しているため自動取得の対象外とする。,
2026-09-25,2026-09-25T08:35:16.234166+09:00,地方紙,福岡,西日本新聞,,,,skipped,公式RSSはあるが、利用規約でAI学習目的の情報処理・解析利用を明示的に禁止しているため自動取得の対象外とする。,
2026-09-25,2026-09-25T08:35:16.234166+09:00,地方紙,熊本,熊本日日新聞,自治体の「行革甲子園」、山鹿市が最優秀賞 規則変えずに実証事業、「事務処理特例制度」を創設,https://kumanichi.com/node/2039342,https://kumanichi.com/rss.xml,ok,,
2026-09-25,2026-09-25T08:35:16.234166+09:00,地方紙,熊本,熊本日日新聞,身体能力を即時に解析 青学大合宿の水上村にスポーツサイエンス施設 旧湯山小を改築 合宿誘致さらに加速,https://kumanichi.com/node/2039341,https://kumanichi.com/rss.xml,ok,,
2026-09-25,2026-09-25T08:35:16.234166+09:00,地方紙,熊本,熊本日日新聞,まちの歴史、歩いて体感 「まち歩きマップ」活用、水俣市が初企画,https://kumanichi.com/node/2039340,https://kumanichi.com/rss.xml,ok,,
2026-09-25,2026-09-25T08:35:16.234166+09:00,地方紙,熊本,熊本日日新聞,公益信託くまもと21ファンド 助成先が決定,https://kumanichi.com/node/2039339,https://kumanichi.com/rss.xml,ok,,
2026-09-25,2026-09-25T08:35:16.234166+09:00,地方紙,熊本,熊本日日新聞,「習近平主席は退陣を」抗議活動,https://kumanichi.com/articles/2039326,https://kumanichi.com/rss.xml,ok,,
2026-09-25,2026-09-25T08:35:16.234166+09:00,地方紙,熊本,熊本日日新聞,<2026年熊本地震>地震保険支払い、発生1カ月で225億円 損保協会「今後さらに増加」,https://kumanichi.com/node/2039338,https://kumanichi.com/rss.xml,ok,,
2026-09-25,2026-09-25T08:35:16.234166+09:00,地方紙,熊本,熊本日日新聞,<2026年熊本地震>JR鹿児島線・宇土-八代、10月10日に運行再開,https://kumanichi.com/node/2039337,https://kumanichi.com/rss.xml,ok,,
2026-09-25,2026-09-25T08:35:16.234166+09:00,地方紙,熊本,熊本日日新聞,植柳橋歩道の崩落部分、2026年度中に撤去へ 木村知事、熊本県八代市の現地視察<2026年熊本地震>,https://kumanichi.com/node/2039336,https://kumanichi.com/rss.xml,ok,,
2026-09-25,2026-09-25T08:35:16.234166+09:00,地方紙,熊本,熊本日日新聞,日本企業進出や投資拡大へ交流,https://kumanichi.com/articles/2039262,https://kumanichi.com/rss.xml,ok,,
2026-09-25,2026-09-25T08:35:16.234166+09:00,地方紙,熊本,熊本日日新聞,宇城市で公費解体の受け付け始まる<2026年熊本地震>,https://kumanichi.com/node/2039335,https://kumanichi.com/rss.xml,ok,,
2026-09-25,2026-09-25T08:35:16.234166+09:00,地方紙,鹿児島,南日本新聞,鹿児島・肝付町に深宇宙探査の新地上局――直径34メートル巨大パラボラアンテナ、老朽化で交代へ宇宙航空研究開発機構(JAXA)が深宇宙探査機と衛星通信する地上局の新設を肝付町で計画していることが、24日分かった。内之浦宇宙空間観測所(同町南方)でデータを受信する直径34メートルのパラボラアンテナが老朽化したため、後継機などを整備する。近くの内之浦総合グラウンドを候補地とし、2032年の完成と試行運用の開始を目指す。 町が内之浦銀河アリーナで同日開いた住民説明会で、JAXAの担当者9月24日 20:59,https://373news.com/news/local/detail/240010/,https://373news.com/,ok,,local
2026-09-25,2026-09-25T08:35:16.234166+09:00,地方紙,鹿児島,南日本新聞,秋の九州高校野球鹿児島県予選 池田、9回に4点を奪い逆転 鹿児島など2回戦へ9月25日 06:30,https://373news.com/news/local/detail/240030/,https://373news.com/,ok,,local
2026-09-25,2026-09-25T08:35:16.234166+09:00,地方紙,鹿児島,南日本新聞,Bワン鹿児島レブナイズ26日開幕戦 カミノ監督「誇りに思える試合見せる」9月25日 06:30,https://373news.com/news/local/detail/240028/,https://373news.com/,ok,,local
2026-09-25,2026-09-25T08:35:16.234166+09:00,地方紙,鹿児島,南日本新聞,【愛知・名古屋アジア大会】水球女子有馬(鹿児島情報高出身)攻守で貢献 2大会連続銀メダル9月25日 06:30,https://373news.com/news/local/detail/240026/,https://373news.com/,ok,,local
2026-09-25,2026-09-25T08:35:16.234166+09:00,地方紙,鹿児島,南日本新聞,鹿児島県大学野球秋季リーグ 高橋(鹿屋体大)が2季連続最優秀選手9月25日 06:30,https://373news.com/news/local/detail/240024/,https://373news.com/,ok,,local
2026-09-25,2026-09-25T08:35:16.234166+09:00,地方紙,鹿児島,南日本新聞,J3鹿児島ユナイテッド DF青木、首位浮上の原動力 全7試合フル出場9月25日 06:30,https://373news.com/news/local/detail/240022/,https://373news.com/,ok,,local
2026-09-25,2026-09-25T08:35:16.234166+09:00,地方紙,鹿児島,南日本新聞,【愛知・名古屋アジア大会】7人制ラグビー男子に時任(加治木工高出身)を招集9月25日 06:30,https://373news.com/news/local/detail/240021/,https://373news.com/,ok,,local
2026-09-25,2026-09-25T08:35:16.234166+09:00,地方紙,鹿児島,南日本新聞,介護福祉士養成施設の募集が相次ぎ停止 鹿児島県が危機感「人材確保に影響」9月25日 06:30,https://373news.com/news/local/detail/240012/,https://373news.com/,ok,,local
2026-09-25,2026-09-25T08:35:16.234166+09:00,地方紙,鹿児島,南日本新聞,「農林水産業の確立で、地方や離島の発展を」 保岡政務官が抱負 第2次高市改造内閣で18日就任9月25日 06:00,https://373news.com/news/local/detail/240011/,https://373news.com/,ok,,local
2026-09-25,2026-09-25T08:35:16.234166+09:00,地方紙,鹿児島,南日本新聞,1指宿市の75歳会社員、尺八で60代女性を十数回殴打――全身打撲の傷害容疑で逮捕,https://373news.com/news/local/detail/240013/,https://373news.com/,ok,,local
2026-09-25,2026-09-25T08:35:16.234166+09:00,地方紙,鹿児島,南日本新聞,2愛知・名古屋アジア大会 水球日本女子銀メダル 有馬(鹿児島情報高出身)貢献,https://373news.com/news/local/detail/240008/,https://373news.com/,ok,,local
2026-09-25,2026-09-25T08:35:16.234166+09:00,地方紙,鹿児島,南日本新聞,372歳無職男を暴行容疑で逮捕 鹿児島中央署 タクシー運転手を殴打――飲酒状態、容疑を否認,https://373news.com/news/local/detail/240020/,https://373news.com/,ok,,local
2026-09-25,2026-09-25T08:35:16.234166+09:00,地方紙,鹿児島,南日本新聞,4知覧特攻平和会館、30年ぶりに入館料値上げ――27年度から、大人800円、中学生以下400円に,https://373news.com/news/local/detail/239980/,https://373news.com/,ok,,local
2026-09-25,2026-09-25T08:35:16.234166+09:00,地方紙,鹿児島,南日本新聞,5鹿児島・枕崎で住家など4棟全焼...鎮火まで2時間半、計215平方メートル焼失、けが人なし,https://373news.com/news/local/detail/239974/,https://373news.com/,ok,,local
2026-09-25,2026-09-25T08:35:16.234166+09:00,地方紙,鹿児島,南日本新聞,6名山堀の老舗「とくちゃん」惜しまれながら閉店...女将の徳田さん逝く「もうけより会話」貫いた41年,https://373news.com/news/local/detail/239975/,https://373news.com/,ok,,local
2026-09-25,2026-09-25T08:35:16.234166+09:00,地方紙,鹿児島,南日本新聞,7鹿児島、スポーツ施設女子トイレで「盗撮目的」――建造物侵入容疑の37歳男を現行犯逮捕,https://373news.com/news/local/detail/239939/,https://373news.com/,ok,,local
2026-09-25,2026-09-25T08:35:16.234166+09:00,地方紙,鹿児島,南日本新聞,8予防接種中に豚に乗られる 農場従業員の男性死亡 鹿児島県曽於市財部のナンチクファーム,https://373news.com/news/local/detail/239901/,https://373news.com/,ok,,local
2026-09-25,2026-09-25T08:35:16.234166+09:00,地方紙,鹿児島,南日本新聞,9横転バス運転手「狭い道に入りパニック」 運行会社 5年で3度の行政処分 県警、運転処罰法違反など視野に捜査 鹿児島市,https://373news.com/news/local/detail/180506/,https://373news.com/,ok,,local
2026-09-25,2026-09-25T08:35:16.234166+09:00,地方紙,鹿児島,南日本新聞,10桜島、20日以降43回噴火――「噴煙が流されにくい」気象条件で回数増、入山規制は継続中,https://373news.com/news/local/detail/239973/,https://373news.com/,ok,,local
2026-09-25,2026-09-25T08:35:16.234166+09:00,地方紙,鹿児島,南日本新聞,渋滞の先頭で合流の車に鹿児島県民「イラッ」「モヤモヤ」...ズルく見える「ファスナー合流」 渋滞緩和に推奨でも6割「知らない」9月21日 10:20,http://373news.com/lineup/kotimina/detail/239874/,https://373news.com/,ok,,
2026-09-25,2026-09-25T08:35:16.234166+09:00,地方紙,沖縄,琉球新報,,,,skipped,利用規約で複製・複写・送信・頒布・蓄積・転載等を会社の承認なく行うことを広範に禁止しているため自動取得の対象外とする。,
2026-09-25,2026-09-25T08:35:16.234166+09:00,地方紙,沖縄,沖縄タイムス,沖縄県副知事2人 古謝玄太氏が人事方針固める 自民党県連役員会で説明9月25日 7:55古謝県政始動沖縄県知事選で初当選し30日に就任を予定する古謝玄太氏(42)は25日までに、副知事に元自民党県連会長の 翁長政俊氏(77)を起用する方針を固めた。,https://www.okinawatimes.co.jp/articles/-/1930800,https://www.okinawatimes.co.jp/,ok,,
2026-09-25,2026-09-25T08:35:16.234166+09:00,地方紙,沖縄,沖縄タイムス,古謝玄太氏、県政交代へ準備着々 県庁各部局から現状と課題聞き取り 葉梨沖縄相とも面談4:00有料#古謝県政始動,https://www.okinawatimes.co.jp/articles/-/1930650,https://www.okinawatimes.co.jp/,ok,,
2026-09-25,2026-09-25T08:35:16.234166+09:00,地方紙,沖縄,沖縄タイムス,糸満大綱引で交通規制 9月25日 ロータリーや県道3:57#交通規制,https://www.okinawatimes.co.jp/articles/-/1930726,https://www.okinawatimes.co.jp/,ok,,
2026-09-25,2026-09-25T08:35:16.234166+09:00,地方紙,沖縄,沖縄タイムス,ジャングリア、開業1年余で暗礁 再出発へ財務再建が急務 魅力高める施策に課題 識者「テーマパーク集積地の日本で苦戦」4:00有料#ジャングリア,https://www.okinawatimes.co.jp/articles/-/1930694,https://www.okinawatimes.co.jp/,ok,,
2026-09-25,2026-09-25T08:35:16.234166+09:00,地方紙,沖縄,沖縄タイムス,173億円赤字のジャングリア運営会社 実質経営率いる「刀」の責任が焦点 開業1年目の株主総会4:00有料#ジャングリア,https://www.okinawatimes.co.jp/articles/-/1930688,https://www.okinawatimes.co.jp/,ok,,
2026-09-25,2026-09-25T08:35:16.234166+09:00,地方紙,沖縄,沖縄タイムス,ANA機が那覇空港に緊急着陸 乗客乗員約160人は全員脱出0:37#那覇空港,https://www.okinawatimes.co.jp/articles/-/1929838,https://www.okinawatimes.co.jp/,ok,,
2026-09-25,2026-09-25T08:35:16.234166+09:00,地方紙,沖縄,沖縄タイムス,17歳大橋信、世界新記録で優勝 男子競泳200メートル平泳ぎ 愛知・名古屋アジア大会 水球女子が2大会連続「銀」 砂邊亜衣は2得点3:58有料#愛知・名古屋ア...,https://www.okinawatimes.co.jp/articles/-/1930690,https://www.okinawatimes.co.jp/,ok,,
2026-09-25,2026-09-25T08:35:16.234166+09:00,地方紙,沖縄,沖縄タイムス,米中首脳会談 「貿易休戦」休戦2カ月延長 AIも議論3:57有料#米中首脳会談,https://www.okinawatimes.co.jp/articles/-/1930691,https://www.okinawatimes.co.jp/,ok,,
2026-09-25,2026-09-25T08:35:16.234166+09:00,地方紙,沖縄,沖縄タイムス,[大弦小弦]バスの来ないバス停の「優しいうそ」3:57有料#大弦小弦,https://www.okinawatimes.co.jp/articles/-/1930692,https://www.okinawatimes.co.jp/,ok,,
2026-09-25,2026-09-25T08:35:16.234166+09:00,地方紙,沖縄,沖縄タイムス,[ワラビーくいず](5531)3:57#ワラビーくいず,https://www.okinawatimes.co.jp/articles/-/1930693,https://www.okinawatimes.co.jp/,ok,,
2026-09-25,2026-09-25T08:35:16.234166+09:00,地方紙,沖縄,沖縄タイムス,中城モール、新社長は39歳 10月1日付で就任 現社長は会長に21:12有料#中城モール,https://www.okinawatimes.co.jp/articles/-/1930524,https://www.okinawatimes.co.jp/,ok,,
2026-09-25,2026-09-25T08:35:16.234166+09:00,地方紙,沖縄,沖縄タイムス,「場を和ませるつもりだった」 職員を殴り、卑猥な発言 県立病院で懲戒 肩にあざも20:11#パワハラ,https://www.okinawatimes.co.jp/articles/-/1930426,https://www.okinawatimes.co.jp/,ok,,
2026-09-25,2026-09-25T08:35:16.234166+09:00,地方紙,沖縄,沖縄タイムス,シンバHDが新副社長 10月1日付で役員人事と組織再編 ピザハウスにも新専務17:59有料#シンバホールデ...,https://www.okinawatimes.co.jp/articles/-/1930356,https://www.okinawatimes.co.jp/,ok,,
2026-09-25,2026-09-25T08:35:16.234166+09:00,地方紙,沖縄,沖縄タイムス,海水浴場のシャワー室で小学生にわいせつ疑い 49歳男を逮捕17:43有料#事件・事故,https://www.okinawatimes.co.jp/articles/-/1930345,https://www.okinawatimes.co.jp/,ok,,
2026-09-25,2026-09-25T08:35:16.234166+09:00,地方紙,沖縄,沖縄タイムス,【識者コラム】エルニーニョの影響各地に 気候変動で強大化か 窪川かおる8:15有料#プライムスペシャル,https://www.okinawatimes.co.jp/articles/-/1930803,https://www.okinawatimes.co.jp/,ok,,
2026-09-25,2026-09-25T08:35:16.234166+09:00,地方紙,沖縄,沖縄タイムス,諏訪理さん来春にも宇宙へ 初の長期滞在、日本8人目8:13#科学・環境,https://www.okinawatimes.co.jp/articles/-/1930802,https://www.okinawatimes.co.jp/,ok,,
2026-09-25,2026-09-25T08:35:16.234166+09:00,地方紙,沖縄,沖縄タイムス,沖縄タイムス社はSNS時代の選挙報道指針を策定しました,https://www.okinawatimes.co.jp/articles/-/1912094,https://www.okinawatimes.co.jp/,ok,,
2026-09-25,2026-09-25T08:35:16.234166+09:00,地方紙,沖縄,沖縄タイムス,親川志奈子 さんがコメント(9月24日 8:23),https://www.okinawatimes.co.jp/articles/-/1929778,https://www.okinawatimes.co.jp/,ok,,
2026-09-25,2026-09-25T08:35:16.234166+09:00,地方紙,沖縄,沖縄タイムス,親川志奈子 さんがコメント(9月24日 7:33),https://www.okinawatimes.co.jp/articles/-/1929433,https://www.okinawatimes.co.jp/,ok,,
2026-09-25,2026-09-25T08:35:16.234166+09:00,全国紙,全国,朝日新聞,「情報提供ちょっと遅かった」防衛局長が鳥取知事に謝罪 無人機墜落,https://www.asahi.com/articles/ASV9S34NGV9SPUUB006M.html,https://news.ceek.jp/search.cgi?category_id=politics&feed=1,ok,,政治
2026-09-25,2026-09-25T08:35:16.234166+09:00,その他メディア,,週刊プレイボーイ,【#佐藤優のシン世界地図探索179】日米首脳会談で高市政権は「ICC問題」をどう扱ったのか?,https://wpb.shueisha.co.jp/news/politics/20260925-132955/,https://news.ceek.jp/search.cgi?category_id=politics&feed=1,ok,,政治
2026-09-25,2026-09-25T08:35:16.234166+09:00,全国紙,全国,読売新聞,「1強」現職不出馬で福岡市長選乱戦必至...過去最多の新人12人出馬か、再選挙の可能性も,https://www.yomiuri.co.jp/election/20260925-GYT1T00089/,https://news.ceek.jp/search.cgi?category_id=politics&feed=1,ok,,政治
2026-09-25,2026-09-25T08:35:16.234166+09:00,全国紙,全国,産経新聞,横浜市長選、会社員の藤川祥子氏が出馬表明 「既存政党以外の受け皿ない」 表明は5人目,https://www.sankei.com/article/20260925-ZNNVAJJZPBOAFPM3WHVOOJPOHU/,https://news.ceek.jp/search.cgi?category_id=politics&feed=1,ok,,政治
2026-09-25,2026-09-25T08:35:16.234166+09:00,全国紙,全国,東京新聞,高市首相の一日 9月24日(木),https://www.tokyo-np.co.jp/article/517574,https://news.ceek.jp/search.cgi?category_id=politics&feed=1,ok,,政治
2026-09-25,2026-09-25T08:35:16.234166+09:00,その他メディア,,フジテレビ,「税金で高額ハワイ視察...許せない」 広島・福山市長と市議など9人で約1400万円 市民団体が中止求める 【広島発】,https://www.fnn.jp/articles/-/1120615,https://news.ceek.jp/search.cgi?category_id=politics&feed=1,ok,,政治
2026-09-25,2026-09-25T08:35:16.234166+09:00,その他メディア,,フジテレビ,「税金で高額ハワイ視察...許せない」広島・福山市長と市議など9人で約1400万円 市民団体が中止求める,https://www.fnn.jp/articles/-/1120611,https://news.ceek.jp/search.cgi?category_id=politics&feed=1,ok,,政治
2026-09-25,2026-09-25T08:35:16.234166+09:00,全国紙,全国,産経新聞,原発空撮 状況把握に貢献 空自・飛行開発実験団 内田智之3等空佐(51),https://www.sankei.com/article/20260925-E2SHDFK63NMF3GJS5SWSKYYVW4/,https://news.ceek.jp/search.cgi?category_id=politics&feed=1,ok,,政治
2026-09-25,2026-09-25T08:35:16.234166+09:00,その他メディア,,時事通信,旧敵国条項、新たな火種か 日中関係の立て直し課題―高市政権,https://www.jiji.com/jc/article?k=2026092400964&g=pol,https://news.ceek.jp/search.cgi?category_id=politics&feed=1,ok,,政治
2026-09-25,2026-09-25T08:35:16.234166+09:00,その他メディア,,フジテレビ,新党「民主改革の会」立憲出身18人が参加 泉氏は入党見送り 公明には28人全員復党,https://www.fnn.jp/articles/-/1120607,https://news.ceek.jp/search.cgi?category_id=politics&feed=1,ok,,政治
2026-09-25,2026-09-25T08:35:16.234166+09:00,全国紙,全国,産経新聞,高市日誌24日(木),https://www.sankei.com/article/20260925-NY74NAERTBI4RBJ5Z3YINU3VAM/,https://news.ceek.jp/search.cgi?category_id=politics&feed=1,ok,,政治
2026-09-25,2026-09-25T08:35:16.234166+09:00,その他メディア,,JBpress,米軍基地が「標的」になる日、イラン戦争が突きつけた日米同盟の盲点嘉手納、横須賀も無関係ではない――「基地の同盟」から「ネットワークの同盟」へ,https://jbpress.ismedia.jp/articles/-/97101,https://news.ceek.jp/search.cgi?category_id=politics&feed=1,ok,,政治
2026-09-25,2026-09-25T08:35:16.234166+09:00,その他メディア,,JBpress,岐阜県可児市「うちわであおいだ」電子投票のトラウマから20年余...流れ変えた大阪府四條畷市、統一選で機運は?【西田亮介の週刊時評】「選挙無効」の苦い記憶を上書きできるか、8自治体がタブレット端末投票に挑戦、試金石に,https://jbpress.ismedia.jp/articles/-/97162,https://news.ceek.jp/search.cgi?category_id=politics&feed=1,ok,,政治
2026-09-25,2026-09-25T08:35:16.234166+09:00,その他メディア,,中央公論.jp,鈴木大介 「ネット右翼になった友」との対話を再開して得た気づき【著者に聞く】,https://chuokoron.jp/politics/129220.html,https://news.ceek.jp/search.cgi?category_id=politics&feed=1,ok,,政治
2026-09-25,2026-09-25T08:35:16.234166+09:00,その他メディア,,JBpress,中国の圧力が促す台湾とフィリピンの協力、漁船銃撃で最悪まで冷え込んだ関係はなぜ変わったのか台湾がフィリピンに巡視船を寄贈――動き始めた「第一列島線」の防衛ネットワーク,https://jbpress.ismedia.jp/articles/-/97139,https://news.ceek.jp/search.cgi?category_id=politics&feed=1,ok,,政治
2026-09-25,2026-09-25T08:35:16.234166+09:00,その他メディア,,フジテレビ,"【詳しく・後編】“炎上目的""認める「ちょっと朝やっちゃったんで、すぐ消して」県議が匿名アカウントで“誹謗中傷""か 福岡県議会",https://www.fnn.jp/articles/-/1120590,https://news.ceek.jp/search.cgi?category_id=politics&feed=1,ok,,政治
2026-09-25,2026-09-25T08:35:16.234166+09:00,その他メディア,,フジテレビ,"【詳しく・前編】蔵内氏の元秘書の県議が釈明「どっちも悪いんだよと」「この手段しか思いつかず」匿名アカウントで“誹謗中傷""か 福岡県議会",https://www.fnn.jp/articles/-/1120588,https://news.ceek.jp/search.cgi?category_id=politics&feed=1,ok,,政治
2026-09-25,2026-09-25T08:35:16.234166+09:00,全国紙,全国,日本経済新聞,野田佳彦元首相「与野党拮抗、民主主義の理想」 旧民主党結成30年,https://www.nikkei.com/article/DGXZQOUA161HJ0W6A910C2000000/,https://news.ceek.jp/search.cgi?category_id=politics&feed=1,ok,,政治
2026-09-25,2026-09-25T08:35:16.234166+09:00,全国紙,全国,読売新聞,投機目的のマンション取得に早期の税制措置、基地周辺の土地取得を許可制に...自民党外国人PT提言案,https://www.yomiuri.co.jp/politics/20260924-GYT1T00503/,https://news.ceek.jp/search.cgi?category_id=politics&feed=1,ok,,政治
2026-09-25,2026-09-25T08:35:16.234166+09:00,その他メディア,,WEDGE Infinity,中華系EVが東南アジアで伸長!日系メーカーの〝勝ち筋〟とは?,https://wedge.ismedia.jp/articles/-/41087,https://news.ceek.jp/search.cgi?category_id=politics&feed=1,ok,,政治
2026-09-25,2026-09-25T08:35:16.234166+09:00,その他メディア,,WEDGE Infinity,カナダが米国から受けてきた〝圧力〟 侵略に耐えてきた歴史...EU「準加盟国」提案は救いの手になるのか?,https://wedge.ismedia.jp/articles/-/41116,https://news.ceek.jp/search.cgi?category_id=politics&feed=1,ok,,政治
2026-09-25,2026-09-25T08:35:16.234166+09:00,その他メディア,,フジテレビ,"【新潟市長選】三つ巴の公算!“市政の転換""訴える新人2人 現職は“論戦""期待「政策論争十分できる環境に」",https://www.fnn.jp/articles/-/1120589,https://news.ceek.jp/search.cgi?category_id=politics&feed=1,ok,,政治
2026-09-25,2026-09-25T08:35:16.234166+09:00,全国紙,全国,読売新聞,統一会派「中道」結成、民主改革の会や公明など衆院議員47人...泉・元立民代表は参加せず,https://www.yomiuri.co.jp/politics/20260924-GYT1T00466/,https://news.ceek.jp/search.cgi?category_id=politics&feed=1,ok,,政治
2026-09-25,2026-09-25T08:35:16.234166+09:00,全国紙,全国,読売新聞,「海峡の安全航行回復を」 茂木氏 外相会合で訴え,https://www.yomiuri.co.jp/politics/20260924-GYT1T00472/,https://news.ceek.jp/search.cgi?category_id=politics&feed=1,ok,,政治
2026-09-25,2026-09-25T08:35:16.234166+09:00,全国紙,全国,読売新聞,選挙時SNS 事業者に指針 収益化の停止措置 本人確認を厳格化,https://www.yomiuri.co.jp/politics/20260924-GYT1T00461/,https://news.ceek.jp/search.cgi?category_id=politics&feed=1,ok,,政治
2026-09-25,2026-09-25T08:35:16.234166+09:00,全国紙,全国,読売新聞,国対代理に西村明宏氏 自民方針 再登板 村井氏を補佐,https://www.yomiuri.co.jp/politics/20260924-GYT1T00470/,https://news.ceek.jp/search.cgi?category_id=politics&feed=1,ok,,政治
2026-09-25,2026-09-25T08:35:16.234166+09:00,全国紙,全国,読売新聞,高市首相の一日(24日),https://www.yomiuri.co.jp/politics/20260925-GYT1T00029/,https://news.ceek.jp/search.cgi?category_id=politics&feed=1,ok,,政治
2026-09-25,2026-09-25T08:35:16.234166+09:00,全国紙,全国,読売新聞,日本の衛星守る「ボディーガード衛星」、35年度までに6基体制構築...中露のキラー衛星開発を念頭に,https://www.yomiuri.co.jp/politics/20260924-GYT1T00493/,https://news.ceek.jp/search.cgi?category_id=politics&feed=1,ok,,政治
2026-09-25,2026-09-25T08:35:16.234166+09:00,その他メディア,,WEDGE Infinity,なぜトランプは〝AI推し〟をやめないのか?アメリカ社会で起きていること,https://wedge.ismedia.jp/articles/-/41115,https://news.ceek.jp/search.cgi?category_id=politics&feed=1,ok,,政治
2026-09-25,2026-09-25T08:35:16.234166+09:00,全国紙,全国,読売新聞,健康・介護保険料納付 キャッシュレスOK 政府、システム更新,https://www.yomiuri.co.jp/politics/20260924-GYT1T00475/,https://news.ceek.jp/search.cgi?category_id=politics&feed=1,ok,,政治
2026-09-25,2026-09-25T08:35:16.234166+09:00,全国紙,全国,産経新聞,【高市日誌】24日(木),https://www.sankei.com/article/20260925-JVU2ADCU25M7LPVJPYAMNAU444/,https://news.ceek.jp/search.cgi?category_id=politics&feed=1,ok,,政治
2026-09-25,2026-09-25T08:35:16.234166+09:00,全国紙,全国,日本経済新聞,旧民主党の結成から30年、消えた二大政党 栄枯盛衰の末の蹉跌,https://www.nikkei.com/article/DGXZQOUA113650R10C26A9000000/,https://news.ceek.jp/search.cgi?category_id=politics&feed=1,ok,,政治
2026-09-25,2026-09-25T08:35:16.234166+09:00,その他メディア,,WEDGE Infinity,トランプ政権が推進する「NATO3.0」の正体、加盟国への質問書で求めたこと...米軍はどこまで退くつもりなのか?,https://wedge.ismedia.jp/articles/-/41098,https://news.ceek.jp/search.cgi?category_id=politics&feed=1,ok,,政治
2026-09-25,2026-09-25T08:35:16.234166+09:00,全国紙,全国,毎日新聞,首相日々 24日,https://mainichi.jp/articles/20260925/ddm/012/010/060000c,https://news.ceek.jp/search.cgi?category_id=politics&feed=1,ok,,政治
2026-09-25,2026-09-25T08:35:16.234166+09:00,全国紙,全国,産経新聞,公明、中道離党28人の復党を承認,https://www.sankei.com/article/20260924-2XJMKY3CIJN5PBYF6KB5SLQ6AY/,https://news.ceek.jp/search.cgi?category_id=politics&feed=1,ok,,政治
2026-09-25,2026-09-25T08:35:16.234166+09:00,全国紙,全国,産経新聞,選挙SNS対策の指針議論 収益化、AIへの対応盛る,https://www.sankei.com/article/20260924-DVISWMHUCFN2BKFQJLJL5YLK4I/,https://news.ceek.jp/search.cgi?category_id=politics&feed=1,ok,,政治
2026-09-25,2026-09-25T08:35:16.234166+09:00,その他メディア,,テレビ朝日,新党「民主改革の会」新体制スタート 公明出身者は復党 統一会派「中道」を結成,https://news.tv-asahi.co.jp/news_politics/articles/000535622.html,https://news.ceek.jp/search.cgi?category_id=politics&feed=1,ok,,政治
2026-09-25,2026-09-25T08:35:16.234166+09:00,全国紙,全国,産経新聞,日本の中国脅威論は「対中偏見や蔑視が原因」Xで物議を醸した薛剣大阪総領事、挨拶で批判,https://www.sankei.com/article/20260924-TTF7AHAVLROQJPD7LTZWOMT2RM/,https://news.ceek.jp/search.cgi?category_id=politics&feed=1,ok,,政治
2026-09-25,2026-09-25T08:35:16.234166+09:00,その他メディア,,共同通信,【速報】公明、衆院議員28人の復党承認,https://www.47news.jp/14987352.html,https://news.ceek.jp/search.cgi?category_id=politics&feed=1,ok,,政治
2026-09-25,2026-09-25T08:35:16.234166+09:00,全国紙,全国,日本経済新聞,24日の高市首相の動静,https://www.nikkei.com/article/DGXZQOUA243TI0U6A920C2000000/,https://news.ceek.jp/search.cgi?category_id=politics&feed=1,ok,,政治
2026-09-25,2026-09-25T08:35:16.234166+09:00,全国紙,全国,毎日新聞,シンクタンク、首相の国会出席「原則不要」 自民村井氏がX投稿,https://mainichi.jp/articles/20260924/k00/00m/010/305000c,https://news.ceek.jp/search.cgi?category_id=politics&feed=1,ok,,政治
2026-09-25,2026-09-25T08:35:16.234166+09:00,全国紙,全国,毎日新聞,岩屋前外相、27日から訪中へ 関係冷え込みの中、関係改善探る,https://mainichi.jp/articles/20260924/k00/00m/010/298000c,https://news.ceek.jp/search.cgi?category_id=politics&feed=1,ok,,政治
2026-09-25,2026-09-25T08:35:16.234166+09:00,全国紙,全国,日本経済新聞,自民党・岩屋毅前外相、27日訪中へ 関係修復の機運醸成はかる,https://www.nikkei.com/article/DGXZQOUA249IF0U6A920C2000000/,https://news.ceek.jp/search.cgi?category_id=politics&feed=1,ok,,政治
2026-09-25,2026-09-25T08:35:16.234166+09:00,全国紙,全国,日本経済新聞,維新・国民民主の国対委員長、国会改革「27年通常国会で実施を」,https://www.nikkei.com/article/DGXZQOUA244A20U6A920C2000000/,https://news.ceek.jp/search.cgi?category_id=politics&feed=1,ok,,政治
2026-09-25,2026-09-25T08:35:16.234166+09:00,その他メディア,,デイリースポーツ,維新藤田氏「事実誤認」と謝罪,https://www.daily.co.jp/society/politics/2026/09/24/0020855876.shtml,https://news.ceek.jp/search.cgi?category_id=politics&feed=1,ok,,政治
2026-09-25,2026-09-25T08:35:16.234166+09:00,その他メディア,,共同通信,維新藤田氏「事実誤認」と謝罪 民放へ一時、訂正要求も,https://www.47news.jp/14987011.html,https://news.ceek.jp/search.cgi?category_id=politics&feed=1,ok,,政治
2026-09-25,2026-09-25T08:35:16.234166+09:00,全国紙,全国,毎日新聞,飲食料品の消費税減税へ レジ改修費など最大350万円補助,https://mainichi.jp/articles/20260924/k00/00m/010/278000c,https://news.ceek.jp/search.cgi?category_id=politics&feed=1,ok,,政治
2026-09-25,2026-09-25T08:35:16.234166+09:00,全国紙,全国,産経新聞,奈良「正論」懇話会 作家の門田隆将氏が講演 「高市首相、第三次大戦阻止へ行動」,https://www.sankei.com/article/20260924-3WP5E2FLAFJJPOHOSEMEYQQTOY/,https://news.ceek.jp/search.cgi?category_id=politics&feed=1,ok,,政治
2026-09-25,2026-09-25T08:35:16.234166+09:00,全国紙,全国,毎日新聞,立憲系と公明系で構成の会派、名称は「中道」に 1減の47人,https://mainichi.jp/articles/20260924/k00/00m/010/271000c,https://news.ceek.jp/search.cgi?category_id=politics&feed=1,ok,,政治
2026-09-25,2026-09-25T08:35:16.234166+09:00,その他メディア,,テレビ朝日,消費減税のレジ改修 350万円補助へ,https://news.tv-asahi.co.jp/news_politics/articles/000535642.html,https://news.ceek.jp/search.cgi?category_id=politics&feed=1,ok,,政治
2026-09-25,2026-09-25T08:35:16.234166+09:00,その他メディア,,アサ芸プラス,トランプ大統領が「AIをSIに改称」勝手に宣言で「大迷惑をこうむるのはアメリカ企業」という笑えない現実,https://www.asagei.com/excerpt/349662,https://news.ceek.jp/search.cgi?category_id=politics&feed=1,ok,,政治
2026-09-25,2026-09-25T08:35:16.234166+09:00,その他メディア,,フジテレビ,ソウル定期便再開へ関係者が新田知事に要望 チャーター便の予約率は96.1%と好調に推移,https://www.fnn.jp/articles/-/1120477,https://news.ceek.jp/search.cgi?category_id=politics&feed=1,ok,,政治
2026-09-25,2026-09-25T08:35:16.234166+09:00,全国紙,全国,産経新聞,駐日中国大使が日中関係「正常化」へ「見識ある人々」の努力求める 都内で建国記念式典,https://www.sankei.com/article/20260924-OKY2RR5TBFKKLCPBGY5IKYDXBA/,https://news.ceek.jp/search.cgi?category_id=politics&feed=1,ok,,政治
2026-09-25,2026-09-25T08:35:16.234166+09:00,全国紙,全国,毎日新聞,安全保障上の重要な土地取得に「許可制」導入 自民が提言,https://mainichi.jp/articles/20260924/k00/00m/010/251000c,https://news.ceek.jp/search.cgi?category_id=politics&feed=1,ok,,政治
2026-09-25,2026-09-25T08:35:16.234166+09:00,その他メディア,,共同通信,岩屋前外相、27日から訪中へ 関係冷え込みの中,https://www.47news.jp/14986546.html,https://news.ceek.jp/search.cgi?category_id=politics&feed=1,ok,,政治
2026-09-25,2026-09-25T08:35:16.234166+09:00,全国紙,全国,日本経済新聞,日本維新の会、参院会長に高木佳保里氏 猪瀬直樹幹事長は続投,https://www.nikkei.com/article/DGXZQOUA248Q00U6A920C2000000/,https://news.ceek.jp/search.cgi?category_id=politics&feed=1,ok,,政治
2026-09-25,2026-09-25T08:35:16.234166+09:00,全国紙,全国,日本経済新聞,公式サイト優先表示や報酬停止 与野党、公正なSNS選挙へ推奨案,https://www.nikkei.com/article/DGXZQOUA232SS0T20C26A9000000/,https://news.ceek.jp/search.cgi?category_id=politics&feed=1,ok,,政治
2026-09-25,2026-09-25T08:35:16.234166+09:00,その他メディア,,共同通信,民主改革、立民系18人が参加 国対委員長に後藤祐一氏,https://www.47news.jp/14986655.html,https://news.ceek.jp/search.cgi?category_id=politics&feed=1,ok,,政治
2026-09-25,2026-09-25T08:35:16.234166+09:00,その他メディア,,デイリースポーツ,民主改革、立民系18人が参加,https://www.daily.co.jp/society/politics/2026/09/24/0020855610.shtml,https://news.ceek.jp/search.cgi?category_id=politics&feed=1,ok,,政治
2026-09-25,2026-09-25T08:35:16.234166+09:00,全国紙,全国,日本経済新聞,民主改革の会、国対委員長に後藤祐一氏 泉・大島氏は参加せず,https://www.nikkei.com/article/DGXZQOUA244VY0U6A920C2000000/,https://news.ceek.jp/search.cgi?category_id=politics&feed=1,ok,,政治
2026-09-25,2026-09-25T08:35:16.234166+09:00,全国紙,全国,朝日新聞,自衛隊施設周辺など「土地取得、事前審査に」自民が提言案、法改正へ,https://www.asahi.com/articles/ASV9S35VQV9SUTFK00CM.html,https://news.ceek.jp/search.cgi?category_id=politics&feed=1,ok,,政治
2026-09-25,2026-09-25T08:35:16.234166+09:00,その他メディア,,フジテレビ,"チェックシートで家庭内の役割分担“見える化"" 見直し繰り返し家族の在り方考えて 山形・置賜総合支庁",https://www.fnn.jp/articles/-/1120397,https://news.ceek.jp/search.cgi?category_id=politics&feed=1,ok,,政治
2026-09-25,2026-09-25T08:35:16.234166+09:00,その他メディア,,フジテレビ,また...今治市管理の公園管理施設でチェーンソーや燃料携行缶など盗難 警察に被害届を提出へ【愛媛】,https://www.fnn.jp/articles/-/1120385,https://news.ceek.jp/search.cgi?category_id=politics&feed=1,ok,,政治
2026-09-25,2026-09-25T08:35:16.234166+09:00,その他メディア,,デイリースポーツ,岩屋前外相、27日から訪中へ,https://www.daily.co.jp/society/politics/2026/09/24/0020855561.shtml,https://news.ceek.jp/search.cgi?category_id=politics&feed=1,ok,,政治
2026-09-25,2026-09-25T08:35:16.234166+09:00,全国紙,全国,日本経済新聞,首相、米国滞在30時間でとんぼ返り 関連行事は不参加・会談3カ国,https://www.nikkei.com/article/DGXZQOUA2416Y0U6A920C2000000/,https://news.ceek.jp/search.cgi?category_id=politics&feed=1,ok,,政治
2026-09-25,2026-09-25T08:35:16.234166+09:00,全国紙,全国,日本経済新聞,安保施設周辺の土地取得「許可制」に 政府・自民、臨時国会に法案,https://www.nikkei.com/article/DGXZQOUA241VE0U6A920C2000000/,https://news.ceek.jp/search.cgi?category_id=politics&feed=1,ok,,政治
2026-09-25,2026-09-25T08:35:16.234166+09:00,全国紙,全国,日本経済新聞,衆院、「中道」47人で野党第1会派 自民・渡辺氏死去に伴い欠員1,https://www.nikkei.com/article/DGXZQOUA247XG0U6A920C2000000/,https://news.ceek.jp/search.cgi?category_id=politics&feed=1,ok,,政治
2026-09-25,2026-09-25T08:35:16.234166+09:00,全国紙,全国,毎日新聞,福岡県議、匿名「裏アカ」で告発者に攻撃的投稿 前議長の元秘書,https://mainichi.jp/articles/20260924/k00/00m/010/232000c,https://news.ceek.jp/search.cgi?category_id=politics&feed=1,ok,,政治
2026-09-25,2026-09-25T08:35:16.234166+09:00,その他メディア,,フジテレビ,トランプ氏は高市総理の「支持率をモニター」 首脳会談は「最高のタイミング」 鈴木馨祐元法相 金利3%超に危機感,https://www.fnn.jp/articles/-/1120308,https://news.ceek.jp/search.cgi?category_id=politics&feed=1,ok,,政治
2026-09-25,2026-09-25T08:35:16.234166+09:00,その他メディア,,共同通信,【速報】衆院会派「中道」に変更届け出,https://www.47news.jp/14986348.html,https://news.ceek.jp/search.cgi?category_id=politics&feed=1,ok,,政治
2026-09-25,2026-09-25T08:35:16.234166+09:00,その他メディア,,フジテレビ,155億円余りの補正予算案を提出 9月長野県議会が開会 物価高対策や災害復旧に 会期は10月14日まで,https://www.fnn.jp/articles/-/1120325,https://news.ceek.jp/search.cgi?category_id=politics&feed=1,ok,,政治
2026-09-25,2026-09-25T08:35:16.234166+09:00,その他メディア,,フジテレビ,「税金で高額ハワイ視察...許せない」広島・福山市長と市議など9人で1400万円 市民団体が中止を求める,https://www.fnn.jp/articles/-/1120334,https://news.ceek.jp/search.cgi?category_id=politics&feed=1,ok,,政治
2026-09-25,2026-09-25T08:35:16.234166+09:00,その他メディア,,共同通信,自民、重要土地取得に許可制提言 臨時国会で改正要請,https://www.47news.jp/14985918.html,https://news.ceek.jp/search.cgi?category_id=politics&feed=1,ok,,政治
2026-09-25,2026-09-25T08:35:16.234166+09:00,全国紙,全国,産経新聞,憲法改正、首相「決断のための議論を」 日本会議・日本会議国会議員懇談会設立30年記念式典で,https://www.sankei.com/article/20260924-F5BXPNK3ENJKFMV76DDWLAN2EE/,https://news.ceek.jp/search.cgi?category_id=politics&feed=1,ok,,政治
2026-09-25,2026-09-25T08:35:16.234166+09:00,その他メディア,,フジテレビ,「三股新時代を切り拓く」 県内最年少の36歳新町長が初登庁 保育料完全無償化を目指す,https://www.fnn.jp/articles/-/1120314,https://news.ceek.jp/search.cgi?category_id=politics&feed=1,ok,,政治
2026-09-25,2026-09-25T08:35:16.234166+09:00,その他メディア,,フジテレビ,葉梨沖縄担当大臣初来県で古謝玄太さんと会談,https://www.fnn.jp/articles/-/1120343,https://news.ceek.jp/search.cgi?category_id=politics&feed=1,ok,,政治
2026-09-25,2026-09-25T08:35:16.234166+09:00,全国紙,全国,産経新聞,維新・藤田氏、旧敵国条項削除に「100%賛同」国連演説を評価「削除してしかるべきだ」,https://www.sankei.com/article/20260924-ZBDNSFATWFEWZOVAY6GVQPLUMA/,https://news.ceek.jp/search.cgi?category_id=politics&feed=1,ok,,政治
2026-09-25,2026-09-25T08:35:16.234166+09:00,その他メディア,,フジテレビ,立憲出身18人で再出発 新党「民主改革の会」が初の議員総会 小川代表「心を一つに」,https://www.fnn.jp/articles/-/1120260,https://news.ceek.jp/search.cgi?category_id=politics&feed=1,ok,,政治
2026-09-25,2026-09-25T08:35:16.234166+09:00,全国紙,全国,東京新聞,高市総理の「外交努力」が見えないまま続く負の連鎖...軍事優先の教訓どこへ〈松原耕二のハードトーク〉,https://www.tokyo-np.co.jp/article/516017,https://news.ceek.jp/search.cgi?category_id=politics&feed=1,ok,,政治
2026-09-25,2026-09-25T08:35:16.234166+09:00,全国紙,全国,日本経済新聞,茂木外相、フィジー・モルディブ外相と会談 「地政学的に重要」,https://www.nikkei.com/article/DGXZQOUA230NL0T20C26A9000000/,https://news.ceek.jp/search.cgi?category_id=politics&feed=1,ok,,政治
2026-09-25,2026-09-25T08:35:16.234166+09:00,その他メディア,,共同通信,【速報】日本芸術院長に山田洋次さん、映画監督で初,https://www.47news.jp/14985936.html,https://news.ceek.jp/search.cgi?category_id=politics&feed=1,ok,,政治
2026-09-25,2026-09-25T08:35:16.234166+09:00,全国紙,全国,産経新聞,引き継ぎだけでも一苦労? 担務「史上最多」の黄川田前こども相、所管は4大臣に分割,https://www.sankei.com/article/20260924-T6WX7KV745LRNA3OFNKELXAB4Y/,https://news.ceek.jp/search.cgi?category_id=politics&feed=1,ok,,政治
2026-09-25,2026-09-25T08:35:16.234166+09:00,その他メディア,,フジテレビ,新党「民主改革の会」参加議員は18人 人事も固まる 【全議員掲載】,https://www.fnn.jp/articles/-/1120262,https://news.ceek.jp/search.cgi?category_id=politics&feed=1,ok,,政治
2026-09-25,2026-09-25T08:35:16.234166+09:00,その他メディア,,日本テレビ,新党「民主改革の会」18人での船出 人事も固まる,https://news.ntv.co.jp/category/politics/1e8fbed56db748a6821099b10a1c0a48,https://news.ceek.jp/search.cgi?category_id=politics&feed=1,ok,,政治
2026-09-25,2026-09-25T08:35:16.234166+09:00,その他メディア,,QUICK Money World,消費者物価コア指標や米消費者態度指数などに注目(予定と注目材料),https://moneyworld.jp/news/detail?id=219577,https://news.ceek.jp/search.cgi?category_id=business&feed=1,ok,,経済
2026-09-25,2026-09-25T08:35:16.234166+09:00,全国紙,全国,読売新聞,「推し」と迎える正月、「コラボおせち」売れ行き上々...各社ブーム取り込み図る,https://www.yomiuri.co.jp/economy/20260925-GYT1T00095/,https://news.ceek.jp/search.cgi?category_id=business&feed=1,ok,,経済
2026-09-25,2026-09-25T08:35:16.234166+09:00,その他メディア,,ハーバード・ビジネス・レビュー,母性保護の落とし穴,https://dhbr.diamond.jp/articles/-/14452,https://news.ceek.jp/search.cgi?category_id=business&feed=1,ok,,経済
2026-09-25,2026-09-25T08:35:16.234166+09:00,全国紙,全国,産経新聞,NY株続落、161ドル安 インフレ懸念で売り優勢,https://www.sankei.com/article/20260925-Q74RR7Y6JNNE3OHPDYLG7EBBIA/,https://news.ceek.jp/search.cgi?category_id=business&feed=1,ok,,経済
2026-09-25,2026-09-25T08:35:16.234166+09:00,全国紙,全国,産経新聞,NY原油続伸、終値94ドル台 供給途絶を警戒、買い優勢,https://www.sankei.com/article/20260925-2VQNGU25SFKQVI7PKWPQC2NKEA/,https://news.ceek.jp/search.cgi?category_id=business&feed=1,ok,,経済
2026-09-25,2026-09-25T08:35:16.234166+09:00,全国紙,全国,産経新聞,サウジ石油輸出急増と報道 9月、イラン戦闘後最高か,https://www.sankei.com/article/20260925-YJDCD7PA5RNKXEM7NTZ3447YLQ/,https://news.ceek.jp/search.cgi?category_id=business&feed=1,ok,,経済
2026-09-25,2026-09-25T08:35:16.234166+09:00,その他メディア,,共同通信,米住宅ローン金利7%超え 30年固定、政権に痛手,https://www.47news.jp/14987964.html,https://news.ceek.jp/search.cgi?category_id=business&feed=1,ok,,経済
2026-09-25,2026-09-25T08:35:16.234166+09:00,全国紙,全国,日本経済新聞,NY株ハイライト オラクル下落、データセンター建設の遅れ危惧 金利高もAI構築の障壁に,https://www.nikkei.com/article/DGXZQOFL2501U0V20C26A9000000/,https://news.ceek.jp/search.cgi?category_id=business&feed=1,ok,,経済
2026-09-25,2026-09-25T08:35:16.234166+09:00,その他メディア,,フジテレビ,インバウンドなど観光需要が高まる 広島電鉄が30年ぶりに貸し切りバス事業再開 6台の貸し切りバス導入,https://www.fnn.jp/articles/-/1120616,https://news.ceek.jp/search.cgi?category_id=business&feed=1,ok,,経済
2026-09-25,2026-09-25T08:35:16.234166+09:00,全国紙,全国,日本経済新聞,シカゴ日本株先物概況・24日 日経平均先物は250円安の6万5675円,https://www.nikkei.com/article/DGXZQOFL2502J0V20C26A9000000/,https://news.ceek.jp/search.cgi?category_id=business&feed=1,ok,,経済
2026-09-25,2026-09-25T08:35:16.234166+09:00,全国紙,全国,産経新聞,スターバックス、250店舗閉鎖へ 業績不振、北米の1%相当,https://www.sankei.com/article/20260925-DT4SDPBP2RMJDJBDMROAHVVUAM/,https://news.ceek.jp/search.cgi?category_id=business&feed=1,ok,,経済
2026-09-25,2026-09-25T08:35:16.234166+09:00,その他メディア,,共同通信,為替相場 25日(日本時間 7時),https://www.47news.jp/14987677.html,https://news.ceek.jp/search.cgi?category_id=business&feed=1,ok,,経済
2026-09-25,2026-09-25T08:35:16.234166+09:00,その他メディア,,Forbes JAPAN,株価急騰のインテルと高収益のエヌビディア、AI半導体株を分ける成長力と収益力の差,https://forbesjapan.com/articles/detail/105104,https://news.ceek.jp/search.cgi?category_id=business&feed=1,ok,,経済
2026-09-25,2026-09-25T08:35:16.234166+09:00,その他メディア,,東洋経済オンライン,160社の支援で見えてきた「大学発スタートアップ」事業化までの3つの課題と2つの解決策 | ビジネス,https://toyokeizai.net/articles/-/958237,https://news.ceek.jp/search.cgi?category_id=business&feed=1,ok,,経済
2026-09-25,2026-09-25T08:35:16.234166+09:00,全国紙,全国,日本経済新聞,ミャンマー、EVタクシーが車販売店にずらり 燃料統制で普及加速,https://www.nikkei.com/article/DGXZQOGM148IP0U6A910C2000000/,https://news.ceek.jp/search.cgi?category_id=business&feed=1,ok,,経済
2026-09-25,2026-09-25T08:35:16.234166+09:00,全国紙,全国,日本経済新聞,「350円弁当」が戻す客足、大分からあげ、客の物価高疲れ照準,https://www.nikkei.com/article/DGXZQOJC2476I0U6A920C2000000/,https://news.ceek.jp/search.cgi?category_id=business&feed=1,ok,,経済
2026-09-25,2026-09-25T08:35:16.234166+09:00,全国紙,全国,朝日新聞,"「究極の無駄」を追求 変形する名刺ケース“機動文具""誕生の舞台裏",https://www.asahi.com/articles/ASV9R7SWKV9RDIFI00LM.html,https://news.ceek.jp/search.cgi?category_id=business&feed=1,ok,,経済
2026-09-25,2026-09-25T08:35:16.234166+09:00,全国紙,全国,産経新聞,円下落、一時159円03銭 3週間ぶり円安水準 早期の米追加利上げ観測背景,https://www.sankei.com/article/20260925-YYSLCAX425IZPMBODAWNL7EDNY/,https://news.ceek.jp/search.cgi?category_id=business&feed=1,ok,,経済
2026-09-25,2026-09-25T08:35:16.234166+09:00,その他メディア,,デイリースポーツ,円下落、一時159円03銭,https://www.daily.co.jp/society/economics/2026/09/25/0020857225.shtml,https://news.ceek.jp/search.cgi?category_id=business&feed=1,ok,,経済
2026-09-25,2026-09-25T08:35:16.234166+09:00,全国紙,全国,朝日新聞,東大阪の企業と平坂寛さんコラボ 深海の未知なる魚を釣り上げたい!,https://www.asahi.com/articles/ASV9S23G4V9SOXIE033M.html,https://news.ceek.jp/search.cgi?category_id=business&feed=1,ok,,経済
2026-09-25,2026-09-25T08:35:16.234166+09:00,全国紙,全国,日本経済新聞,日本株ADR24日、ほぼ全面安 オリックスやトヨタ下落,https://www.nikkei.com/article/DGXZQOFL2502I0V20C26A9000000/,https://news.ceek.jp/search.cgi?category_id=business&feed=1,ok,,経済
2026-09-25,2026-09-25T08:35:16.234166+09:00,その他メディア,,東洋経済オンライン,「聖なる廃業」で大行列...《地元民の筆者》から見た、播磨屋本店が「おかきを残して」と惜しまれるワケ | ライフ,https://toyokeizai.net/articles/-/958863?display=b,https://news.ceek.jp/search.cgi?category_id=business&feed=1,ok,,経済
2026-09-25,2026-09-25T08:35:16.234166+09:00,その他メディア,,共同通信,【速報】NY円、158円82~92銭,https://www.47news.jp/14988104.html,https://news.ceek.jp/search.cgi?category_id=business&feed=1,ok,,経済
2026-09-25,2026-09-25T08:35:16.234166+09:00,全国紙,全国,日本経済新聞,日経平均先物、大取の夜間取引で上昇 30円高の6万5490円,https://www.nikkei.com/article/DGXZQOFL2502F0V20C26A9000000/,https://news.ceek.jp/search.cgi?category_id=business&feed=1,ok,,経済
2026-09-25,2026-09-25T08:35:16.234166+09:00,その他メディア,,デイリースポーツ,サウジ、9月石油輸出量が急増か,https://www.daily.co.jp/society/economics/2026/09/25/0020857207.shtml,https://news.ceek.jp/search.cgi?category_id=business&feed=1,ok,,経済
2026-09-25,2026-09-25T08:35:16.234166+09:00,その他メディア,,共同通信,サウジ、9月石油輸出量が急増か イラン戦闘後最高の見通し、報道,https://www.47news.jp/14988026.html,https://news.ceek.jp/search.cgi?category_id=business&feed=1,ok,,経済
2026-09-25,2026-09-25T08:35:16.234166+09:00,全国紙,全国,日本経済新聞,NY債券、長期債続落 10年債利回り5.20% 19年ぶり高水準、30年債利回りは04年以来高さ,https://www.nikkei.com/article/DGXZQOFL24A950U6A920C2000000/,https://news.ceek.jp/search.cgi?category_id=business&feed=1,ok,,経済
2026-09-25,2026-09-25T08:35:16.234166+09:00,その他メディア,,共同通信,NY株続落、161ドル安 インフレ懸念で売り優勢,https://www.47news.jp/14987979.html,https://news.ceek.jp/search.cgi?category_id=business&feed=1,ok,,経済
2026-09-25,2026-09-25T08:35:16.234166+09:00,その他メディア,,デイリースポーツ,NY原油続伸、終値94ドル台,https://www.daily.co.jp/society/economics/2026/09/25/0020857195.shtml,https://news.ceek.jp/search.cgi?category_id=business&feed=1,ok,,経済
2026-09-25,2026-09-25T08:35:16.234166+09:00,その他メディア,,デイリースポーツ,NY株続落、161ドル安,https://www.daily.co.jp/society/economics/2026/09/25/0020857197.shtml,https://news.ceek.jp/search.cgi?category_id=business&feed=1,ok,,経済
2026-09-25,2026-09-25T08:35:16.234166+09:00,その他メディア,,日刊工業新聞,加工・計測、精度積み上げ1本に...栃木ニコン、カメラ交換レンズ研磨に〝技あり〟,https://newswitch.jp/p/50355,https://news.ceek.jp/search.cgi?category_id=business&feed=1,ok,,経済
2026-09-25,2026-09-25T08:35:16.234166+09:00,その他メディア,,現代ビジネス,「夢の中でも答弁している」野田元総理が明かした過酷な日常...日本の総理はなぜ英国首相の7倍も国会に拘束されるのか,https://gendai.media/articles/-/171368,https://news.ceek.jp/search.cgi?category_id=business&feed=1,ok,,経済
2026-09-25,2026-09-25T08:35:16.234166+09:00,その他メディア,,JBpress,「AIに伝わらない指示は、人にも伝わっていない」語彙の専門家が明かすAI時代の言葉の選び方,https://jbpress.ismedia.jp/articles/-/97120,https://news.ceek.jp/search.cgi?category_id=business&feed=1,ok,,経済
2026-09-25,2026-09-25T08:35:16.234166+09:00,その他メディア,,東洋経済オンライン,〈1年強で閉店200超え〉うな重「鰻の成瀬」売却劇の顛末...創業者は持ち株ゼロ、買収側も8億円借り入れで背水の陣 | ビジネス,https://toyokeizai.net/articles/-/958111,https://news.ceek.jp/search.cgi?category_id=business&feed=1,ok,,経済
2026-09-25,2026-09-25T08:35:16.234166+09:00,その他メディア,,東洋経済オンライン,8000億円超の重い負債に重大事故と被災が追い打ち・・・資産売却に不採算事業撤退で乗り切れるか日本製紙の正念場 | ビジネス,https://toyokeizai.net/articles/-/958346,https://news.ceek.jp/search.cgi?category_id=business&feed=1,ok,,経済
2026-09-25,2026-09-25T08:35:16.234166+09:00,その他メディア,,東洋経済オンライン,ふるさと納税「11.5%」の呪縛...手数料一律引き下げは1社のみで返礼品にしわ寄せも、最終手段で地方税法改正も視野 | ビジネス,https://toyokeizai.net/articles/-/959021,https://news.ceek.jp/search.cgi?category_id=business&feed=1,ok,,経済
2026-09-25,2026-09-25T08:35:16.234166+09:00,その他メディア,,JBpress,海外市場の成熟化に備えて世界に展開、キッコーマンが日本で培ってきた「収益管理モデル」とは?,https://jbpress.ismedia.jp/articles/-/97072,https://news.ceek.jp/search.cgi?category_id=business&feed=1,ok,,経済
2026-09-25,2026-09-25T08:35:16.234166+09:00,その他メディア,,JBpress,NVIDIA、ハギングフェイス買収で狙う「オープン型AI経済圏」の防衛2兆円投じるモデル流通網の掌握、巨大テックの半導体内製化に対抗する布石,https://jbpress.ismedia.jp/articles/-/97159,https://news.ceek.jp/search.cgi?category_id=business&feed=1,ok,,経済
2026-09-25,2026-09-25T08:35:16.234166+09:00,その他メディア,,JBpress,1000年続く神社も「倒産」...宗教法人は売買できる?数万円から数億円、「寺社M&A」の実態【やさしく解説】宗教法人のM&A,https://jbpress.ismedia.jp/articles/-/97147,https://news.ceek.jp/search.cgi?category_id=business&feed=1,ok,,経済
2026-09-25,2026-09-25T08:35:16.234166+09:00,その他メディア,,ハーバード・ビジネス・レビュー,リーダーは、従業員に期待する変革をみずから体現せよ,https://dhbr.diamond.jp/articles/-/14581,https://news.ceek.jp/search.cgi?category_id=business&feed=1,ok,,経済
2026-09-25,2026-09-25T08:35:16.234166+09:00,その他メディア,,日刊ゲンダイ,中古マンションの値下がり傾向がなかなか表面化しない市場のカラクリ...理由は「3種類の価格」にあり,https://www.nikkan-gendai.com/articles/view/money/393331,https://news.ceek.jp/search.cgi?category_id=business&feed=1,ok,,経済
2026-09-25,2026-09-25T08:35:16.234166+09:00,その他メディア,,日刊ゲンダイ,止まらない地球温暖化 中国が注力する「新エネルギー企業」,https://www.nikkan-gendai.com/articles/view/money/393330,https://news.ceek.jp/search.cgi?category_id=business&feed=1,ok,,経済
2026-09-25,2026-09-25T08:35:16.234166+09:00,その他メディア,,東洋経済オンライン,〈利上げしても円安〉日銀の内憂外患...通貨防衛戦の出口見えず、金融市場に「利上げが足りない、遅い」と急かされるばかり | 政治・経済・投資,https://toyokeizai.net/articles/-/959016?display=b,https://news.ceek.jp/search.cgi?category_id=business&feed=1,ok,,経済
2026-09-25,2026-09-25T08:35:16.234166+09:00,その他メディア,,東洋経済オンライン,「AI暴走」で起きた損害は誰が払うのか? サイバー保険の落とし穴と対策《勝手にAI課金→あわや1日約700万円の損失...》 | ビジネス,https://toyokeizai.net/articles/-/958445?display=b,https://news.ceek.jp/search.cgi?category_id=business&feed=1,ok,,経済
2026-09-25,2026-09-25T08:35:16.234166+09:00,その他メディア,,東洋経済オンライン,元勉強嫌い→独学で東大合格の過程で導いた「健全な」原動力の見つけ方《燃料が「学歴獲得」「他者との比較」だけはキツい》 | キャリア・教育,https://toyokeizai.net/articles/-/957775?display=b,https://news.ceek.jp/search.cgi?category_id=business&feed=1,ok,,経済
2026-09-25,2026-09-25T08:35:16.234166+09:00,その他メディア,,共同通信,NY原油続伸、終値94ドル台 供給途絶に警戒感,https://www.47news.jp/14987969.html,https://news.ceek.jp/search.cgi?category_id=business&feed=1,ok,,経済
2026-09-25,2026-09-25T08:35:16.234166+09:00,その他メディア,,JBpress,AI時代の財務戦略、資本コスト経営を現場の力にする富士通の仕組み,https://jbpress.ismedia.jp/articles/-/96635,https://news.ceek.jp/search.cgi?category_id=business&feed=1,ok,,経済
2026-09-25,2026-09-25T08:35:16.234166+09:00,その他メディア,,JBpress,国内宇宙新興で初上場のアイスペース、株主10万人への情報開示を徹底する「宇宙ならではの理由」,https://jbpress.ismedia.jp/articles/-/97038,https://news.ceek.jp/search.cgi?category_id=business&feed=1,ok,,経済
2026-09-25,2026-09-25T08:35:16.234166+09:00,その他メディア,,デイリースポーツ,米住宅ローン金利7%超え,https://www.daily.co.jp/society/economics/2026/09/25/0020857188.shtml,https://news.ceek.jp/search.cgi?category_id=business&feed=1,ok,,経済
2026-09-25,2026-09-25T08:35:16.234166+09:00,その他メディア,,東洋経済オンライン,〈直言〉セールスフォース日本法人代表が明かすAI投資でROIを生む「4条件」...単なる技術の追いかけや要件定義は不要 | ビジネス,https://toyokeizai.net/articles/-/958792,https://news.ceek.jp/search.cgi?category_id=business&feed=1,ok,,経済
2026-09-25,2026-09-25T08:35:16.234166+09:00,その他メディア,,デイリースポーツ,スタバ、北米で250店舗閉鎖へ,https://www.daily.co.jp/society/economics/2026/09/25/0020857183.shtml,https://news.ceek.jp/search.cgi?category_id=business&feed=1,ok,,経済
2026-09-25,2026-09-25T08:35:16.234166+09:00,その他メディア,,東洋経済オンライン,1位は驚異の30億円超......!「1人当たり売上高」が大きい企業トップ300社ランキング | ライフ,https://toyokeizai.net/articles/-/959046?display=b,https://news.ceek.jp/search.cgi?category_id=business&feed=1,ok,,経済
2026-09-25,2026-09-25T08:35:16.234166+09:00,全国紙,全国,日本経済新聞,NYダウ3日続落161ドル安、原油高が重荷 ナスダック総合は小幅反発,https://www.nikkei.com/article/DGXZQOFL250190V20C26A9000000/,https://news.ceek.jp/search.cgi?category_id=business&feed=1,ok,,経済
2026-09-25,2026-09-25T08:35:16.234166+09:00,全国紙,全国,日本経済新聞,米国株、ダウ続落し161ドル安 金利高が重荷 ナスダックは小幅反発,https://www.nikkei.com/article/DGXZQOFL24AT60U6A920C2000000/,https://news.ceek.jp/search.cgi?category_id=business&feed=1,ok,,経済
2026-09-25,2026-09-25T08:35:16.234166+09:00,その他メディア,,東洋経済オンライン,"〈路線変更の裏側〉あの""しまむら""が変わった!創業以来初のM&Aに、報道陣向け発表会も...「攻めの経営」に転じた真意 | ビジネス",https://toyokeizai.net/articles/-/958560,https://news.ceek.jp/search.cgi?category_id=business&feed=1,ok,,経済
2026-09-25,2026-09-25T08:35:16.234166+09:00,その他メディア,,共同通信,【速報】米住宅ローン、1年8カ月ぶりの7%超え,https://www.47news.jp/14987916.html,https://news.ceek.jp/search.cgi?category_id=business&feed=1,ok,,経済
2026-09-25,2026-09-25T08:35:16.234166+09:00,その他メディア,,共同通信,【速報】NY株3日続落、161ドル安,https://www.47news.jp/14987915.html,https://news.ceek.jp/search.cgi?category_id=business&feed=1,ok,,経済
2026-09-25,2026-09-25T08:35:16.234166+09:00,全国紙,全国,読売新聞,NYダウ161ドル安、3日連続値下がり...高止まりする米長期金利を嫌気,https://www.yomiuri.co.jp/economy/20260925-GYT1T00086/,https://news.ceek.jp/search.cgi?category_id=business&feed=1,ok,,経済
2026-09-25,2026-09-25T08:35:16.234166+09:00,その他メディア,,フジテレビ,ファミマの「バイト改革」はなぜ今なのか 制服・髪色・録画面接の先にあるもの 「働く人を会社に合わせる」時代は終わった? ファミマから見るアルバイト争奪戦,https://www.fnn.jp/articles/-/1120592,https://news.ceek.jp/search.cgi?category_id=business&feed=1,ok,,経済
2026-09-25,2026-09-25T08:35:16.234166+09:00,全国紙,全国,日本経済新聞,大塚製薬とジョリーグッド、VRプログラムに認知症体験を追加,https://www.nikkei.com/article/DGXZQOMG00010_U6A920C2000000/,https://news.ceek.jp/search.cgi?category_id=business&feed=1,ok,,経済
2026-09-25,2026-09-25T08:35:16.234166+09:00,その他メディア,,東洋経済オンライン,〈明暗分かれる陸と海〉ヤマハ発動機、稼ぐ力の中核...絶好調のインド2輪と米関税直撃のマリンが描く「逆襲シナリオ」 | ビジネス,https://toyokeizai.net/articles/-/958764,https://news.ceek.jp/search.cgi?category_id=business&feed=1,ok,,経済
2026-09-25,2026-09-25T08:35:16.234166+09:00,その他メディア,,東洋経済オンライン,"返済期間「35年超」が4人に1人に...80歳まで終わらない住宅ローンを抱えた44歳が""雪かきと草刈り""で生きる理由 | ライフ",https://toyokeizai.net/articles/-/957588?display=b,https://news.ceek.jp/search.cgi?category_id=business&feed=1,ok,,経済
2026-09-25,2026-09-25T08:35:16.234166+09:00,その他メディア,,東洋経済オンライン,銀行システム「停止前夜」、AIが暴く脆弱性と大量パッチ・・・現場で強まる危機感「いつ能動的停止になってもおかしくない」 | ビジネス,https://toyokeizai.net/articles/-/958686,https://news.ceek.jp/search.cgi?category_id=business&feed=1,ok,,経済
2026-09-25,2026-09-25T08:35:16.234166+09:00,全国紙,全国,日本経済新聞,日米欧で長期金利上昇、FRB10月利上げ予想7割 粘着インフレに備え,https://www.nikkei.com/article/DGXZQOGN24AIP0U6A920C2000000/,https://news.ceek.jp/search.cgi?category_id=business&feed=1,ok,,経済
2026-09-25,2026-09-25T08:35:16.234166+09:00,全国紙,全国,日本経済新聞,メキシコ中銀、政策金利6.5%に据え置き 3会合連続,https://www.nikkei.com/article/DGXZQOGN24ATB0U6A920C2000000/,https://news.ceek.jp/search.cgi?category_id=business&feed=1,ok,,経済
2026-09-25,2026-09-25T08:35:16.234166+09:00,全国紙,全国,日本経済新聞,NY商品、原油続伸 中東情勢の悪化懸念で 金続落,https://www.nikkei.com/article/DGXZQOFL24A5M0U6A920C2000000/,https://news.ceek.jp/search.cgi?category_id=business&feed=1,ok,,経済
2026-09-25,2026-09-25T08:35:16.234166+09:00,その他メディア,,共同通信,お皿になるフライパン!料理してそのまま食卓へ 開発者にヒットのヒントを聞いた【経済トレンド/ヒットのヒント】,https://www.47news.jp/14987747.html,https://news.ceek.jp/search.cgi?category_id=business&feed=1,ok,,経済
2026-09-25,2026-09-25T08:35:16.234166+09:00,その他メディア,,日本農業新聞,スーパー売上高、8月は前年比1.4%増 青果や畜産がけん引,https://www.agrinews.co.jp/economy/index/408693,https://news.ceek.jp/search.cgi?category_id=business&feed=1,ok,,経済
2026-09-25,2026-09-25T08:35:16.234166+09:00,その他メディア,,日本農業新聞,[生花見通し],https://www.agrinews.co.jp/economy/index/408691,https://news.ceek.jp/search.cgi?category_id=business&feed=1,ok,,経済
2026-09-25,2026-09-25T08:35:16.234166+09:00,全国紙,全国,日本経済新聞,トヨタの次世代EV、主要部品は中国メーカー 現地日本勢の失注相次ぐ,https://www.nikkei.com/article/DGXZQOFD035YE0T00C26A9000000/,https://news.ceek.jp/search.cgi?category_id=business&feed=1,ok,,経済
2026-09-25,2026-09-25T08:35:16.234166+09:00,全国紙,全国,日本経済新聞,ジャングリアに沖縄公庫がつなぎ融資30億円 続く赤字、25日株主総会,https://www.nikkei.com/article/DGXZQOJC243Q00U6A920C2000000/,https://news.ceek.jp/search.cgi?category_id=business&feed=1,ok,,経済
2026-09-25,2026-09-25T08:35:16.234166+09:00,全国紙,全国,日本経済新聞,株主提案賛成率11%に低下 運用会社、アクティビストへの賛同厳選,https://www.nikkei.com/article/DGXZQOUB0475B0U6A900C2000000/,https://news.ceek.jp/search.cgi?category_id=business&feed=1,ok,,経済
2026-09-25,2026-09-25T08:35:16.234166+09:00,全国紙,全国,日本経済新聞,パートの手当や休暇、改善しなければ訴訟の恐れ 10月にルール厳格化,https://www.nikkei.com/article/DGXZQOUB076FV0X00C26A9000000/,https://news.ceek.jp/search.cgi?category_id=business&feed=1,ok,,経済
2026-09-25,2026-09-25T08:35:16.234166+09:00,全国紙,全国,日本経済新聞,大江橋法律事務所、コンサル会社を新設 ガバナンス強化を支援,https://www.nikkei.com/article/DGXZQOUB162ZN0W6A910C2000000/,https://news.ceek.jp/search.cgi?category_id=business&feed=1,ok,,経済
2026-09-25,2026-09-25T08:35:16.234166+09:00,全国紙,全国,日本経済新聞,アインの首藤専務、調剤買収「効率化余地を重視」報酬改定で再編機運,https://www.nikkei.com/article/DGXZQOUC05B4K0V00C26A6000000/,https://news.ceek.jp/search.cgi?category_id=business&feed=1,ok,,経済
2026-09-25,2026-09-25T08:35:16.234166+09:00,全国紙,全国,日本経済新聞,サントリーBF、ウェルネス炭酸「yappy」発売 SNS起点でブランド育成,https://www.nikkei.com/article/DGXZQOUC070B00X00C26A9000000/,https://news.ceek.jp/search.cgi?category_id=business&feed=1,ok,,経済
2026-09-25,2026-09-25T08:35:16.234166+09:00,全国紙,全国,日本経済新聞,エーザイCHROが語る新卒採用「組織の中で『触媒』の役割を」,https://www.nikkei.com/article/DGXZQOUC074GT0X00C26A9000000/,https://news.ceek.jp/search.cgi?category_id=business&feed=1,ok,,経済
2026-09-25,2026-09-25T08:35:16.234166+09:00,全国紙,全国,日本経済新聞,三菱重工ガスタービン事業トップ「今後5年は上振れ」 能力増強急ぐ,https://www.nikkei.com/article/DGXZQOUC0775F0X00C26A8000000/,https://news.ceek.jp/search.cgi?category_id=business&feed=1,ok,,経済
2026-09-25,2026-09-25T08:35:16.234166+09:00,全国紙,全国,日本経済新聞,フィクサー、情報公開請求の黒塗り作業をAI支援 伊賀市と共同開発,https://www.nikkei.com/article/DGXZQOUC244F10U6A920C2000000/,https://news.ceek.jp/search.cgi?category_id=business&feed=1,ok,,経済
2026-09-25,2026-09-25T08:35:16.234166+09:00,全国紙,全国,日本経済新聞,恋愛・結婚マッチングアプリ協会の飯塚勇太代表「認証普及で安全性」,https://www.nikkei.com/article/DGXZQOUC275L90X20C26A8000000/,https://news.ceek.jp/search.cgi?category_id=business&feed=1,ok,,経済
2026-09-25,2026-09-25T08:35:16.234166+09:00,全国紙,全国,日本経済新聞,ニデック会計不正、相次ぐ株主訴訟 役員責任は義務違反が焦点,https://www.nikkei.com/article/DGXZQOUF0722I0X00C26A9000000/,https://news.ceek.jp/search.cgi?category_id=business&feed=1,ok,,経済
2026-09-25,2026-09-25T08:35:16.234166+09:00,その他メディア,,現代ビジネス,「月収は常に5000万円」監督が明かす、急速に広がる同人セクシー動画の世界の裏側,https://gendai.media/articles/-/171110,https://news.ceek.jp/search.cgi?category_id=business&feed=1,ok,,経済
2026-09-25,2026-09-25T08:35:16.234166+09:00,その他メディア,,現代ビジネス,「月収1億円」をうたう広告も出現...監督、女優、弁護士らが明かす「同人セクシー動画」の本当の実態,https://gendai.media/articles/-/171111,https://news.ceek.jp/search.cgi?category_id=business&feed=1,ok,,経済
2026-09-25,2026-09-25T08:35:16.234166+09:00,その他メディア,,現代ビジネス,ドンキ、セブン、イオン...専門家が厳選した「ほんとうに美味しいプライベートブランドの商品」一覧が凄かった,https://gendai.media/articles/-/171125,https://news.ceek.jp/search.cgi?category_id=business&feed=1,ok,,経済
2026-09-25,2026-09-25T08:35:16.234166+09:00,その他メディア,,WEDGE Infinity,金融ビジネスモデル「金利ある世界」で新たな展開へ、AIの利活用が最大の焦点に,https://wedge.ismedia.jp/articles/-/41110,https://news.ceek.jp/search.cgi?category_id=business&feed=1,ok,,経済
2026-09-25,2026-09-25T08:35:16.234166+09:00,全国紙,全国,読売新聞,動画投稿 AI支援拡充 ジェミニで対話形式編集 ユーチューブ,https://www.yomiuri.co.jp/economy/20260924-GYT1T00477/,https://news.ceek.jp/search.cgi?category_id=business&feed=1,ok,,経済
2026-09-25,2026-09-25T08:35:16.234166+09:00,全国紙,全国,読売新聞,「お得感」商品で誘客 コンビニ「値上げ疲れ」に対応,https://www.yomiuri.co.jp/economy/20260924-GYT1T00483/,https://news.ceek.jp/search.cgi?category_id=business&feed=1,ok,,経済
2026-09-25,2026-09-25T08:35:16.234166+09:00,全国紙,全国,読売新聞,[新閣僚に聞く]コメ 需給安定へ一丸...簗和生農相,https://www.yomiuri.co.jp/economy/20260924-GYT1T00511/,https://news.ceek.jp/search.cgi?category_id=business&feed=1,ok,,経済
2026-09-25,2026-09-25T08:35:16.234166+09:00,全国紙,全国,読売新聞,地方GS 重点支援へ 小規模店 経営悪化 政府 50店程度を選定,https://www.yomiuri.co.jp/economy/20260924-GYT1T00513/,https://news.ceek.jp/search.cgi?category_id=business&feed=1,ok,,経済
2026-09-25,2026-09-25T08:35:16.234166+09:00,全国紙,全国,読売新聞,レジ改修 最大350万円補助 消費税減税 中小企業など対象,https://www.yomiuri.co.jp/economy/20260925-GYT1T00035/,https://news.ceek.jp/search.cgi?category_id=business&feed=1,ok,,経済
2026-09-25,2026-09-25T08:35:16.234166+09:00,全国紙,全国,読売新聞,長期金利3・075%に上昇 30年ぶり高水準 米金利上昇が波及,https://www.yomiuri.co.jp/economy/20260925-GYT1T00037/,https://news.ceek.jp/search.cgi?category_id=business&feed=1,ok,,経済
2026-09-25,2026-09-25T08:35:16.234166+09:00,その他メディア,,現代ビジネス,スーパーのプライベートブランドは「安いだけで美味しくない」のか...じつは「本当に美味しい商品」を見分ける方法があった,https://gendai.media/articles/-/171124,https://news.ceek.jp/search.cgi?category_id=business&feed=1,ok,,経済
2026-09-25,2026-09-25T08:35:16.234166+09:00,全国紙,全国,読売新聞,対米投資で意見交換 財務相 JPモルガンCEOと面会,https://www.yomiuri.co.jp/economy/20260924-GYT1T00510/,https://news.ceek.jp/search.cgi?category_id=business&feed=1,ok,,経済
2026-09-25,2026-09-25T08:35:16.234166+09:00,全国紙,全国,読売新聞,日銀短観 製造業景況感 改善か 9月民間予測 AI需要拡大受け,https://www.yomiuri.co.jp/economy/20260924-GYT1T00517/,https://news.ceek.jp/search.cgi?category_id=business&feed=1,ok,,経済
2026-09-25,2026-09-25T08:35:16.234166+09:00,全国紙,全国,読売新聞,円安一時159円台,https://www.yomiuri.co.jp/economy/20260925-GYT1T00036/,https://news.ceek.jp/search.cgi?category_id=business&feed=1,ok,,経済
2026-09-25,2026-09-25T08:35:16.234166+09:00,その他メディア,,サンケイスポーツ,米にパンダ2頭と習近平氏 南部アトランタの動物園,https://www.sanspo.com/article/20260925-LHHQMRVXTZNSZJXZJTOQCCENN4/,https://news.ceek.jp/search.cgi?category_id=national&feed=1,ok,,社会
2026-09-25,2026-09-25T08:35:16.234166+09:00,その他メディア,,日刊スポーツ,日本肥満症予防協会・宮崎滋理事長の「11の健康障害を起こす『肥満・肥満症』対策」/連載一覧,https://www.nikkansports.com/general/nikkan/news/202605310000567.html,https://news.ceek.jp/search.cgi?category_id=national&feed=1,ok,,社会
2026-09-25,2026-09-25T08:35:16.234166+09:00,その他メディア,,日刊スポーツ,【政界地獄耳】米国は権力とメディアが本気で戦って...,https://www.nikkansports.com/general/column/jigokumimi/news/202609250000040.html,https://news.ceek.jp/search.cgi?category_id=national&feed=1,ok,,社会
2026-09-25,2026-09-25T08:35:16.234166+09:00,その他メディア,,フジテレビ,64歳の女性をはねて逃走か 軽傷ひき逃げ事件で75歳の男逮捕 はねられた女性が車の色や車種、ナンバーの一部を覚えていて逮捕につながる,https://www.fnn.jp/articles/-/1120618,https://news.ceek.jp/search.cgi?category_id=national&feed=1,ok,,社会
2026-09-25,2026-09-25T08:35:16.234166+09:00,その他メディア,,テレビ朝日,来月打ち上げ予定の火星衛星探査機 「管制室」を初公開,https://news.tv-asahi.co.jp/news_society/articles/000535729.html,https://news.ceek.jp/search.cgi?category_id=national&feed=1,ok,,社会
2026-09-25,2026-09-25T08:35:16.234166+09:00,その他メディア,,フジテレビ,【特殊詐欺】『ニセ警官・SNS型』が実に97%占める 被害額39億3500万円 過去最悪ペース 広島,https://www.fnn.jp/articles/-/1120617,https://news.ceek.jp/search.cgi?category_id=national&feed=1,ok,,社会
2026-09-25,2026-09-25T08:35:16.234166+09:00,その他メディア,,フジテレビ,"""ウルフドッグ""逃走し噛みつく...飼い主の67歳女を重過失傷害容疑で逮捕_両足噛まれた98歳女性は全治2か月の大けが_犬は去年も逃走し通行人を襲う_警察が飼育状況など調べる〈北海道奈井江町〉",https://www.fnn.jp/articles/-/1120620,https://news.ceek.jp/search.cgi?category_id=national&feed=1,ok,,社会
2026-09-25,2026-09-25T08:35:16.234166+09:00,その他メディア,,Abema TIMES,停電150地域で「見通し示せない」JR内房線「全線再開に3カ月」千葉・台風の深い爪痕,https://times.abema.tv/articles/-/10274895?page=1,https://news.ceek.jp/search.cgi?category_id=national&feed=1,ok,,社会
2026-09-25,2026-09-25T08:35:16.234166+09:00,その他メディア,,フジテレビ,【台風情報】台風26号が28日にも沖縄直撃か 本州方面に進む可能性も 千葉・神奈川は週末再び大雨に警戒,https://www.fnn.jp/articles/-/1120613,https://news.ceek.jp/search.cgi?category_id=national&feed=1,ok,,社会
2026-09-25,2026-09-25T08:35:16.234166+09:00,その他メディア,,フジテレビ,現場に行かず犯行指示か ネックレス売買名目で40万円奪う 3人目の男(22)殺人未遂容疑で逮捕 広島,https://www.fnn.jp/articles/-/1120614,https://news.ceek.jp/search.cgi?category_id=national&feed=1,ok,,社会
2026-09-25,2026-09-25T08:35:16.234166+09:00,全国紙,全国,東京新聞,舛田利雄さん死去 98歳 「赤いハンカチ」「二百三高地」,https://www.tokyo-np.co.jp/article/517551,https://news.ceek.jp/search.cgi?category_id=national&feed=1,ok,,社会
2026-09-25,2026-09-25T08:35:16.234166+09:00,その他メディア,,テレビ朝日,"【画像100枚】印旛沼で堤防“決壊"" 太陽光発電施設で火事も 台風25号で千葉や神奈川で被害相次ぐ JR内房線は全線再開に3カ月 停電復旧の見通し立たない地域も【台風情報まとめ】",https://news.tv-asahi.co.jp/news_society/articles/900199599.html,https://news.ceek.jp/search.cgi?category_id=national&feed=1,ok,,社会
2026-09-25,2026-09-25T08:35:16.234166+09:00,その他メディア,,フジテレビ,架空の株式投資を持ち掛け運用資金名目で現金1700万円騙し取った疑い 中国籍の30歳無職の男を逮捕,https://www.fnn.jp/articles/-/1120612,https://news.ceek.jp/search.cgi?category_id=national&feed=1,ok,,社会
2026-09-25,2026-09-25T08:35:16.234166+09:00,その他メディア,,テレビ朝日,"オンライン面接で生成AI使い“なりすまし""...北朝鮮IT技術者が企業へ侵入?世界で6500件以上被害「画面の向こうの相手」見破る対策をITジャーナリストが指南",https://news.tv-asahi.co.jp/news_society/articles/900200466.html,https://news.ceek.jp/search.cgi?category_id=national&feed=1,ok,,社会
2026-09-25,2026-09-25T08:35:16.234166+09:00,その他メディア,,日本テレビ,子どもが性暴力受けたらどう心ケア? 相談してきたら...「記憶の汚染」防ぐ聞き方も 専門家に聞く,https://news.ntv.co.jp/category/society/a6ce5dbf55c54c4baf9d7294a3c85dca,https://news.ceek.jp/search.cgi?category_id=national&feed=1,ok,,社会
2026-09-25,2026-09-25T08:35:16.234166+09:00,その他メディア,,フジテレビ,マウンテンバイクか...歩道で61歳女性が自転車にはねられ重傷 乗っていた人物は走り去りひき逃げ事件として捜査,https://www.fnn.jp/articles/-/1120610,https://news.ceek.jp/search.cgi?category_id=national&feed=1,ok,,社会
2026-09-25,2026-09-25T08:35:16.234166+09:00,その他メディア,,フジテレビ,"金塊2キロ強奪事件で新たに31歳男を逮捕 “回収役""か 容疑を否認 東京・葛飾区",https://www.fnn.jp/articles/-/1120608,https://news.ceek.jp/search.cgi?category_id=national&feed=1,ok,,社会
2026-09-25,2026-09-25T08:35:16.234166+09:00,全国紙,全国,朝日新聞,富士山担当の記者が、4千キロ先の「キナバル山」へ行ってきた理由,https://www.asahi.com/articles/ASV9R7HXPV9ROXIE03ZM.html,https://news.ceek.jp/search.cgi?category_id=national&feed=1,ok,,社会
2026-09-25,2026-09-25T08:35:16.234166+09:00,その他メディア,,アサ芸プラス,登録者44万人でも容赦なく収益剥奪! YouTube「大食い動画狩り」で「コンテンツ完全終了」カウントダウンの悲鳴,https://www.asagei.com/excerpt/349652,https://news.ceek.jp/search.cgi?category_id=national&feed=1,ok,,社会
2026-09-25,2026-09-25T08:35:16.234166+09:00,その他メディア,,フジテレビ,「テレビで見たあの服装そのもの」不明の6歳男の子か 司法解剖も身元特定には至らず 山形・酒田市,https://www.fnn.jp/articles/-/1120606,https://news.ceek.jp/search.cgi?category_id=national&feed=1,ok,,社会
2026-09-25,2026-09-25T08:35:16.234166+09:00,その他メディア,,デイリースポーツ,村上1安打、鈴木は26号ソロ,https://www.daily.co.jp/society/main/2026/09/25/0020857226.shtml,https://news.ceek.jp/search.cgi?category_id=national&feed=1,ok,,社会
2026-09-25,2026-09-25T08:35:16.234166+09:00,その他メディア,,フジテレビ,台風25号の死者11人に 横須賀の土砂崩れで70代女性死亡確認 千葉・印旛沼の堤防決壊「恐ろしい水流」爪痕残る,https://www.fnn.jp/articles/-/1120603,https://news.ceek.jp/search.cgi?category_id=national&feed=1,ok,,社会
2026-09-25,2026-09-25T08:35:16.234166+09:00,その他メディア,,フジテレビ,台風26号が週明けにも強い勢力で沖縄直撃へ 本州方面に進む可能性も 関東は週末に再び雨が強まる恐れ,https://www.fnn.jp/articles/-/1120605,https://news.ceek.jp/search.cgi?category_id=national&feed=1,ok,,社会
2026-09-25,2026-09-25T08:35:16.234166+09:00,その他メディア,,フジテレビ,「自転車のヘルメット着用を」 カンテレ柏原怜奈アナが1日署長で呼びかけ 大阪は着用率が3年連続で全国最下位,https://www.fnn.jp/articles/-/1120604,https://news.ceek.jp/search.cgi?category_id=national&feed=1,ok,,社会
2026-09-25,2026-09-25T08:35:16.234166+09:00,その他メディア,,デイリー新潮,"【独自】「外交では、言わなくてもいいことをわざわざ言う必要もありません」安倍元首相の懐刀「今井尚哉」内閣参与は“高市外交""をどうみているか",https://www.dailyshincho.jp/article/2026/09250611/?all=1,https://news.ceek.jp/search.cgi?category_id=national&feed=1,ok,,社会
2026-09-25,2026-09-25T08:35:16.234166+09:00,その他メディア,,日本テレビ,【解説】なぜいま出火? 印旛沼周辺のソーラーパネルで火災 過去の事例は,https://news.ntv.co.jp/category/society/e1943d086ab946ab9233cc722461411e,https://news.ceek.jp/search.cgi?category_id=national&feed=1,ok,,社会
2026-09-25,2026-09-25T08:35:16.234166+09:00,その他メディア,,現代ビジネス,"「NHKとSTARTO社が水面下で駆け引き」藤島ジュリー景子氏の""復権報道""で混迷する「Snow Manの紅白出場」の成否",https://gendai.media/articles/-/171339,https://news.ceek.jp/search.cgi?category_id=national&feed=1,ok,,社会
2026-09-25,2026-09-25T08:35:16.234166+09:00,その他メディア,,現代ビジネス,"MUSIC AWARDS JAPANとSTARTO社が""場外乱闘""で心配される「レコード大賞辞退の""二の舞""」",https://gendai.media/articles/-/171386,https://news.ceek.jp/search.cgi?category_id=national&feed=1,ok,,社会
2026-09-25,2026-09-25T08:35:16.234166+09:00,その他メディア,,フジテレビ,中学生たちがフードコートで大音量の音楽などの迷惑行為 岩手のスーパーは「中学生の入店お断り」 注意すると暴言も,https://www.fnn.jp/articles/-/1120353,https://news.ceek.jp/search.cgi?category_id=national&feed=1,ok,,社会
2026-09-25,2026-09-25T08:35:16.234166+09:00,その他メディア,,フジテレビ,「抗菌剤を代わりに買ってほしい」実在する病院名を騙って現金をだまし取る特殊詐欺 宮城県内で被害相次ぐ,https://www.fnn.jp/articles/-/1120597,https://news.ceek.jp/search.cgi?category_id=national&feed=1,ok,,社会
2026-09-25,2026-09-25T08:35:16.234166+09:00,その他メディア,,フジテレビ,ドラッグストアの売上金など約1400万円を横領か 元店長の男(50)を逮捕〈宮城・大河原町〉,https://www.fnn.jp/articles/-/1120598,https://news.ceek.jp/search.cgi?category_id=national&feed=1,ok,,社会
2026-09-25,2026-09-25T08:35:16.234166+09:00,その他メディア,,現代ビジネス,「男が奢る」のはギャンブルみたいなもの、「女のタダ飯」は当然の権利?...相席ラウンジから見る「東京の恋愛の難しさ」,https://gendai.media/articles/-/171175,https://news.ceek.jp/search.cgi?category_id=national&feed=1,ok,,社会
2026-09-25,2026-09-25T08:35:16.234166+09:00,その他メディア,,現代ビジネス,"「女性無料・男性が奢る」...それでも相席ラウンジに10年通う男性が“お持ち帰り""を求めていないワケ",https://gendai.media/articles/-/171174,https://news.ceek.jp/search.cgi?category_id=national&feed=1,ok,,社会
2026-09-25,2026-09-25T08:35:16.234166+09:00,その他メディア,,週刊女性PRIME,"【福岡県議会】福岡・林泰輔県議「裏アカ」で“裏金告発県議""を攻撃、生放送での“開き直り謝罪""に「恥知らず」批判殺到",https://www.jprime.jp/articles/-/43744,https://news.ceek.jp/search.cgi?category_id=national&feed=1,ok,,社会
2026-09-25,2026-09-25T08:35:16.234166+09:00,その他メディア,,日刊ゲンダイ,高市首相が親密アピールの「ドナルド」は中国・習主席を異例の厚遇...日本外交は「世界の真ん中」どころか存在感ナシ,https://www.nikkan-gendai.com/articles/view/news/393340,https://news.ceek.jp/search.cgi?category_id=national&feed=1,ok,,社会
2026-09-25,2026-09-25T08:35:16.234166+09:00,その他メディア,,日刊ゲンダイ,(4)高市政権1年 対中強硬論の先には悲劇しかない,https://www.nikkan-gendai.com/articles/view/news/393327,https://news.ceek.jp/search.cgi?category_id=national&feed=1,ok,,社会
2026-09-25,2026-09-25T08:35:16.234166+09:00,その他メディア,,日刊ゲンダイ,"“高市アゲ""に血税352億円「政府広報」予算膨張の不吉...「内閣広報官」またやらかした!",https://www.nikkan-gendai.com/articles/view/news/393364,https://news.ceek.jp/search.cgi?category_id=national&feed=1,ok,,社会
2026-09-25,2026-09-25T08:35:16.234166+09:00,その他メディア,,日刊ゲンダイ,トランプ大統領の支持率が最低でも最後はカネ? 共和党が中間選挙激戦州につぎ込む巨額資金,https://www.nikkan-gendai.com/articles/view/news/393323,https://news.ceek.jp/search.cgi?category_id=national&feed=1,ok,,社会
2026-09-25,2026-09-25T08:35:16.234166+09:00,その他メディア,,テレビ朝日,"“ハムスター殺し""起訴内容認める 岩手 県立高校職員の男",https://news.tv-asahi.co.jp/news_society/articles/000535723.html,https://news.ceek.jp/search.cgi?category_id=national&feed=1,ok,,社会
2026-09-25,2026-09-25T08:35:16.234166+09:00,その他メディア,,テレビ朝日,高速道路で10台絡む事故 車が次々と衝突...10人けが 神戸,https://news.tv-asahi.co.jp/news_society/articles/000535724.html,https://news.ceek.jp/search.cgi?category_id=national&feed=1,ok,,社会
2026-09-25,2026-09-25T08:35:16.234166+09:00,その他メディア,,フジテレビ,【台風情報】台風26号 強い勢力で沖縄に接近へ 来週は東海・関東など本州に影響のおそれ 28日には最大瞬間風速60m/sの予想,https://www.fnn.jp/articles/-/1120594,https://news.ceek.jp/search.cgi?category_id=national&feed=1,ok,,社会
2026-09-25,2026-09-25T08:35:16.234166+09:00,その他メディア,,テレビ朝日,台風25号による死者11人に JR成田線は一部で運転再開,https://news.tv-asahi.co.jp/news_society/articles/000535725.html,https://news.ceek.jp/search.cgi?category_id=national&feed=1,ok,,社会
2026-09-25,2026-09-25T08:35:16.234166+09:00,その他メディア,,フジテレビ,逃げようとして転倒したところを...タクシー運転手を蹴り運賃4000円払わなかった疑い_トラック運転手の37歳男を強盗致傷の疑いで送検_容疑否認〈北海道函館市〉,https://www.fnn.jp/articles/-/1120595,https://news.ceek.jp/search.cgi?category_id=national&feed=1,ok,,社会
2026-09-25,2026-09-25T08:35:16.234166+09:00,その他メディア,,テレ東BIZ,米イラン ホルムズ開放含め協議 段階的合意を模索,https://txbiz.tv-tokyo.co.jp/txn/news_txn/post_349302,https://news.ceek.jp/search.cgi?category_id=national&feed=1,ok,,社会
2026-09-25,2026-09-25T08:35:16.234166+09:00,その他メディア,,テレ東BIZ,FRB高官「追加利上げ」示唆 前向き姿勢相次ぐ,https://txbiz.tv-tokyo.co.jp/txn/news_txn/post_349303,https://news.ceek.jp/search.cgi?category_id=national&feed=1,ok,,社会
2026-09-25,2026-09-25T08:35:16.234166+09:00,その他メディア,,テレ東BIZ,米失業保険申請 改善続く 7月以来の低水準,https://txbiz.tv-tokyo.co.jp/txn/news_txn/post_349304,https://news.ceek.jp/search.cgi?category_id=national&feed=1,ok,,社会
2026-09-25,2026-09-25T08:35:16.234166+09:00,その他メディア,,テレ東BIZ,米新築住宅販売 予想上回る 販売促進策が後押しか,https://txbiz.tv-tokyo.co.jp/txn/news_txn/post_349305,https://news.ceek.jp/search.cgi?category_id=national&feed=1,ok,,社会
2026-09-25,2026-09-25T08:35:16.234166+09:00,その他メディア,,テレ東BIZ,スタバ 北米で250店舗閉鎖 経営再建急ぐ,https://txbiz.tv-tokyo.co.jp/txn/news_txn/post_349306,https://news.ceek.jp/search.cgi?category_id=national&feed=1,ok,,社会
2026-09-25,2026-09-25T08:35:16.234166+09:00,その他メディア,,デイリー新潮,67歳で孫ほど若い娘にベタ惚れ 「老いらくの恋」に溺れた俳人が詠んだ名句とは,https://www.dailyshincho.jp/article/2026/09250534/?all=1,https://news.ceek.jp/search.cgi?category_id=national&feed=1,ok,,社会
2026-09-25,2026-09-25T08:35:16.234166+09:00,その他メディア,,デイリー新潮,「自衛隊ヘイト」にあたらないのか 職業の「負の側面」を強調する東京新聞「特報」記事の検証,https://www.dailyshincho.jp/article/2026/09250532/?all=1,https://news.ceek.jp/search.cgi?category_id=national&feed=1,ok,,社会
2026-09-25,2026-09-25T08:35:16.234166+09:00,その他メディア,,デイリー新潮,「自衛隊への理解を深めることが外国人への『いじめ』につながる」 東京新聞の主張は支持を得られるか,https://www.dailyshincho.jp/article/2026/09250531/?all=1,https://news.ceek.jp/search.cgi?category_id=national&feed=1,ok,,社会
2026-09-25,2026-09-25T08:35:16.234166+09:00,その他メディア,,サンケイスポーツ,グーグル、宇宙データ拠点実現へ実験 初の衛生打ち上げへ,https://www.sanspo.com/article/20260925-WKXRFKKC2BKUVDKDSLEW57HH3Y/,https://news.ceek.jp/search.cgi?category_id=national&feed=1,ok,,社会
2026-09-25,2026-09-25T08:35:16.234166+09:00,その他メディア,,デイリー新潮,「保守vs.リベラル」「ワクチン推進派vs.ワクチン懐疑派」......対立する両陣営は、なぜまったく同じ論法で相手を罵るのか,https://www.dailyshincho.jp/article/2026/09250530/?all=1,https://news.ceek.jp/search.cgi?category_id=national&feed=1,ok,,社会
2026-09-25,2026-09-25T08:35:16.234166+09:00,その他メディア,,フジテレビ,34年前の飯塚事件で3回目の再審請求へ DNA型鑑定を改めて検証した結果を新証拠に 小1女児2人が殺害され死刑執行される 福岡,https://www.fnn.jp/articles/-/1120593,https://news.ceek.jp/search.cgi?category_id=national&feed=1,ok,,社会
2026-09-25,2026-09-25T08:35:16.234166+09:00,その他メディア,,スポニチ,村木厚子さん「有罪獲得が検察の目標」「検察は自分たちに都合のいい証拠を出す」 司法改革求める,https://www.sponichi.co.jp/society/news/2026/09/25/kiji/20260925s00042000050000c.html,https://news.ceek.jp/search.cgi?category_id=national&feed=1,ok,,社会
2026-09-25,2026-09-25T08:35:16.234166+09:00,その他メディア,,スポニチ,千葉・印旛沼周辺 依然冠水続く インフラにも甚大な影響,https://www.sponichi.co.jp/society/news/2026/09/25/kiji/20260924s00042000430000c.html,https://news.ceek.jp/search.cgi?category_id=national&feed=1,ok,,社会
2026-09-25,2026-09-25T08:35:16.234166+09:00,その他メディア,,スポニチ,米中首脳会談 AIで議論 習氏「両国に能力と責任がある」 トランプ氏 異例の厚遇 貿易休戦2カ月延長,https://www.sponichi.co.jp/society/news/2026/09/25/kiji/20260925s00042000051000c.html,https://news.ceek.jp/search.cgi?category_id=national&feed=1,ok,,社会
2026-09-25,2026-09-25T08:35:16.234166+09:00,その他メディア,,スポニチ,JR内房線 姉ケ崎駅―木更津駅間 復旧まで少なくとも3カ月程度 沿線住民に深刻な打撃,https://www.sponichi.co.jp/society/news/2026/09/25/kiji/20260924s00042000424000c.html,https://news.ceek.jp/search.cgi?category_id=national&feed=1,ok,,社会
2026-09-25,2026-09-25T08:35:16.234166+09:00,その他メディア,,フジテレビ,"缶ビールパックの“万引き""見つかり従業員の手にかみついた疑い 61歳男を逮捕「生活費ないが酒を飲みたかった」 福岡",https://www.fnn.jp/articles/-/1120591,https://news.ceek.jp/search.cgi?category_id=national&feed=1,ok,,社会
2026-09-25,2026-09-25T08:35:16.234166+09:00,その他メディア,,デイリー新潮,"険しい表情で会長室を後に...石井準一氏はなぜ参院幹事長から外れたのか? 「国会を意のままに動かしたい」高市首相が突き進む強硬路線 「今後は“国会対策""が必要なくなるかもしれない」",https://www.dailyshincho.jp/article/2026/09250505/?all=1,https://news.ceek.jp/search.cgi?category_id=national&feed=1,ok,,社会
2026-09-25,2026-09-25T08:35:16.234166+09:00,その他メディア,,デイリー新潮,「これじゃウラ麻生内閣...」の声も高市首相が「麻生頼み」に徹した理由...萩生田氏でも武田良太氏でもなく「鈴木幹事長」続投を選んだ背景,https://www.dailyshincho.jp/article/2026/09250504/?all=1,https://news.ceek.jp/search.cgi?category_id=national&feed=1,ok,,社会
2026-09-25,2026-09-25T08:35:16.234166+09:00,その他メディア,,デイリー新潮,"「あいつだけは頼む」麻生太郎氏が高市首相に要求 義弟は留任、長男への地盤継承も視野に...“わが世の春""を謳歌",https://www.dailyshincho.jp/article/2026/09250501/?all=1,https://news.ceek.jp/search.cgi?category_id=national&feed=1,ok,,社会
2026-09-25,2026-09-25T08:35:16.234166+09:00,その他メディア,,フジテレビ,千葉・印旛沼の堤防決壊 ハザードマップの浸水想定区域と実際の被害が「ほぼ一致」 兵庫県は全国で最多のため池,https://www.fnn.jp/articles/-/1120587,https://news.ceek.jp/search.cgi?category_id=national&feed=1,ok,,社会
2026-09-25,2026-09-25T08:35:16.234166+09:00,全国紙,全国,読売新聞,性被害防止へ学習塾独自の対策...全国協会が認証制度、「教室にカメラ」要件,https://www.yomiuri.co.jp/national/20260924-GYT1T00453/,https://news.ceek.jp/search.cgi?category_id=national&feed=1,ok,,社会
2026-09-25,2026-09-25T08:35:16.234166+09:00,全国紙,全国,読売新聞,スマホ遠隔解析 早期に 有識者検討会 トクリュウ対策提言,https://www.yomiuri.co.jp/national/20260925-GYT1T00043/,https://news.ceek.jp/search.cgi?category_id=national&feed=1,ok,,社会
2026-09-25,2026-09-25T08:35:16.234166+09:00,全国紙,全国,読売新聞,返礼品「越前がに」、半分以上「水がに」...農水省が福井・越前町に措置命令,https://www.yomiuri.co.jp/national/20260924-GYT1T00456/,https://news.ceek.jp/search.cgi?category_id=national&feed=1,ok,,社会
2026-09-25,2026-09-25T08:35:16.234166+09:00,全国紙,全国,読売新聞,飯塚事件 第3次再審請求へ,https://www.yomiuri.co.jp/national/20260924-GYT1T00457/,https://news.ceek.jp/search.cgi?category_id=national&feed=1,ok,,社会
2026-09-25,2026-09-25T08:35:16.234166+09:00,その他メディア,,デイリー新潮,"「政党政治史上最低レベル」の声も...中道改革連合の“偽装解党""と新党名に隠された“未練""",https://www.dailyshincho.jp/article/2026/09250451/?all=1,https://news.ceek.jp/search.cgi?category_id=national&feed=1,ok,,社会
2026-09-25,2026-09-25T08:35:16.234166+09:00,その他メディア,,デイリー新潮,麻生氏にとって「150点」と評された「高市人事」 86歳副総裁の「酒とシガーの日々」,https://www.dailyshincho.jp/article/2026/09250450/?all=1,https://news.ceek.jp/search.cgi?category_id=national&feed=1,ok,,社会
2026-09-25,2026-09-25T08:35:16.234166+09:00,その他メディア,,デイリースポーツ,METオペラが大規模募金を開始,https://www.daily.co.jp/society/human_interest/2026/09/25/0020856957.shtml,https://news.ceek.jp/search.cgi?category_id=national&feed=1,ok,,社会
2026-09-25,2026-09-25T08:35:16.234166+09:00,その他メディア,,共同通信,METオペラが大規模募金を開始 財政難で、2300億円目標,https://www.47news.jp/14987734.html,https://news.ceek.jp/search.cgi?category_id=national&feed=1,ok,,社会
2026-09-25,2026-09-25T08:35:16.234166+09:00,その他メディア,,TBSテレビ,「警察署改修」かたり1400万円詐取か 設計会社役員ら逮捕,https://newsdig.tbs.co.jp/articles/-/2965937?display=1,https://news.ceek.jp/search.cgi?category_id=national&feed=1,ok,,社会
2026-09-25,2026-09-25T08:35:16.234166+09:00,その他メディア,,TBSテレビ,新党「民主改革の会」 中道を離党した立憲出身議員18人でスタート,https://newsdig.tbs.co.jp/articles/-/2965936?display=1,https://news.ceek.jp/search.cgi?category_id=national&feed=1,ok,,社会
2026-09-25,2026-09-25T08:35:16.234166+09:00,その他メディア,,デイリースポーツ,全国白バイ大会、10月に茨城で,https://www.daily.co.jp/society/national/2026/09/25/0020856928.shtml,https://news.ceek.jp/search.cgi?category_id=national&feed=1,ok,,社会
2026-09-25,2026-09-25T08:35:16.234166+09:00,その他メディア,,共同通信,全国白バイ大会、10月に茨城で 警察庁、135人が技競う,https://www.47news.jp/14987682.html,https://news.ceek.jp/search.cgi?category_id=national&feed=1,ok,,社会
2026-09-25,2026-09-25T08:35:16.234166+09:00,その他メディア,,共同通信,大雨響き停電1万軒超、長期化も 土砂崩れで作業遅れ、千葉,https://www.47news.jp/14987679.html,https://news.ceek.jp/search.cgi?category_id=national&feed=1,ok,,社会
2026-09-25,2026-09-25T08:35:16.234166+09:00,その他メディア,,デイリースポーツ,大雨響き停電1万軒超、長期化も,https://www.daily.co.jp/society/national/2026/09/25/0020856921.shtml,https://news.ceek.jp/search.cgi?category_id=national&feed=1,ok,,社会
2026-09-25,2026-09-25T08:35:16.234166+09:00,その他メディア,,テレビ朝日,北海道で今シーズン全国初の氷点下に 去年より11日早い観測,https://news.tv-asahi.co.jp/news_society/articles/000535701.html,https://news.ceek.jp/search.cgi?category_id=national&feed=1,ok,,社会
2026-09-25,2026-09-25T08:35:16.234166+09:00,全国紙,全国,日本経済新聞,住民の町内会離れ防げ、スマホ回覧板で回す手間なし 共助へ関わり維持,https://www.nikkei.com/article/DGXZQOUD231JI0T20C26A7000000/,https://news.ceek.jp/search.cgi?category_id=national&feed=1,ok,,社会
2026-09-25,2026-09-25T08:35:16.234166+09:00,その他メディア,,TBSテレビ,"「お腹へこまさなきゃ」シーズン中に妊娠発表した女子サッカー選手の葛藤 支えた仲間の存在...発表の背景に“女性アスリートへの思い""【news23】",https://newsdig.tbs.co.jp/articles/-/2965916?display=1,https://news.ceek.jp/search.cgi?category_id=national&feed=1,ok,,社会
2026-09-25,2026-09-25T08:35:16.234166+09:00,その他メディア,,フジテレビ,火星の衛星から砂を持ち帰る世界初ミッションへ JAXAが「MMX」管制室公開 2031年の地球帰還目指す,https://www.fnn.jp/articles/-/1120528,https://news.ceek.jp/search.cgi?category_id=national&feed=1,ok,,社会
2026-09-25,2026-09-25T08:35:16.234166+09:00,その他メディア,,フジテレビ,印旛沼決壊 生活への影響長期化 台風25号 千葉で被害拡大,https://www.fnn.jp/articles/-/1120527,https://news.ceek.jp/search.cgi?category_id=national&feed=1,ok,,社会
2026-09-25,2026-09-25T08:35:16.234166+09:00,全国紙,全国,読売新聞,第2次大戦に触れトランプ氏「米中は同盟国」、当時は中華民国...「抗日」巡る中国の言説補強する恐れ,https://www.yomiuri.co.jp/national/20260925-GYT1T00027/,https://news.ceek.jp/search.cgi?category_id=national&feed=1,ok,,社会
2026-09-25,2026-09-25T08:35:16.234166+09:00,その他メディア,,デイリースポーツ,米中首脳会談、AIや安保議論,https://www.daily.co.jp/society/main/2026/09/25/0020856899.shtml,https://news.ceek.jp/search.cgi?category_id=national&feed=1,ok,,社会
2026-09-25,2026-09-25T08:35:16.234166+09:00,その他メディア,,フジテレビ,特殊詐欺「トクリュウ」対策で新捜査手法 容疑者スマホの遠隔解析導入へ 警察庁有識者検討会で提言 被害防止へ法改正目指す,https://www.fnn.jp/articles/-/1120525,https://news.ceek.jp/search.cgi?category_id=national&feed=1,ok,,社会
2026-09-25,2026-09-25T08:35:16.234166+09:00,その他メディア,,日本テレビ,台風25号で記録的大雨 千葉・神奈川で計11人死亡 不明者捜索続く,https://news.ntv.co.jp/category/society/f14e62913f644913b6549bc0ad26a581,https://news.ceek.jp/search.cgi?category_id=national&feed=1,ok,,社会
2026-09-25,2026-09-25T08:35:16.234166+09:00,全国紙,全国,朝日新聞,【正午にライブ】米中首脳会談、記者が現地から解説 質問に答えます,https://www.asahi.com/articles/ASV9H0RZLV9HUHBI02SM.html,https://news.ceek.jp/search.cgi?category_id=world&feed=1,ok,,国際
2026-09-25,2026-09-25T08:35:16.234166+09:00,全国紙,全国,産経新聞,カスピ海演習中に12人死亡 カザフスタン軍 海岸上陸訓練中に高波で,https://www.sankei.com/article/20260925-AKGKMN2YJRM4HN4DTKXNFWOSTA/,https://news.ceek.jp/search.cgi?category_id=world&feed=1,ok,,国際
2026-09-25,2026-09-25T08:35:16.234166+09:00,全国紙,全国,産経新聞,「習氏は花崗岩が好き」米大統領専用ヘリに案内 そろいの服装、親密さ演出,https://www.sankei.com/article/20260925-WZZHPEKKTZPM5NOZIQ7BWYHN4A/,https://news.ceek.jp/search.cgi?category_id=world&feed=1,ok,,国際
2026-09-25,2026-09-25T08:35:16.234166+09:00,全国紙,全国,産経新聞,ホワイトハウスでの習近平氏歓迎式典中継せず 米TV各局、記者排除抗議,https://www.sankei.com/article/20260925-56E76YNS7RPDZOIS3KAK65E2JA/,https://news.ceek.jp/search.cgi?category_id=world&feed=1,ok,,国際
2026-09-25,2026-09-25T08:35:16.234166+09:00,全国紙,全国,産経新聞,イラン航空会社の発着停止 UAE、米国制裁踏まえ,https://www.sankei.com/article/20260925-6SPECBI2KFKKVHBLJMNEWB5D7A/,https://news.ceek.jp/search.cgi?category_id=world&feed=1,ok,,国際
2026-09-25,2026-09-25T08:35:16.234166+09:00,その他メディア,,CNN.co.jp,ネタニヤフ氏、イラン政権崩壊は「時間の問題」 入植地制裁の欧州も痛烈に批判,https://www.cnn.co.jp/world/35252940.html,https://news.ceek.jp/search.cgi?category_id=world&feed=1,ok,,国際
2026-09-25,2026-09-25T08:35:16.234166+09:00,その他メディア,,Jams.TV,クエスト・アパートメント・ホテルズで顧客情報流出,https://www.jams.tv/news/290727,https://news.ceek.jp/search.cgi?category_id=world&feed=1,ok,,国際
2026-09-25,2026-09-25T08:35:16.234166+09:00,その他メディア,,ブラジル日報,令和8年度外務大臣表彰者を発表=ブラジル国内から17人・1団体が受章=移民史、文学、日本語教育分野など,https://brasilnippou.com/ja/articles/260925-21colonia,https://news.ceek.jp/search.cgi?category_id=world&feed=1,ok,,国際
2026-09-25,2026-09-25T08:35:16.234166+09:00,その他メディア,,ブラジル日報,【書評】=定番の裏に宿る「もうひとつの熱狂」=『Música LADO-B』が明かすブラジル音楽の深層,https://brasilnippou.com/ja/articles/260925-26colonia,https://news.ceek.jp/search.cgi?category_id=world&feed=1,ok,,国際
2026-09-25,2026-09-25T08:35:16.234166+09:00,その他メディア,,ブラジル日報,休館日,https://brasilnippou.com/ja/articles/260925-25colonia,https://news.ceek.jp/search.cgi?category_id=world&feed=1,ok,,国際
2026-09-25,2026-09-25T08:35:16.234166+09:00,その他メディア,,ブラジル日報,交流基金講演会=食卓を通じた日本とブラジル(下)=ビリビリ梅干し、マパラ蒲焼き=今も進化する「日系食文化」,https://brasilnippou.com/ja/articles/260925-22colonia,https://news.ceek.jp/search.cgi?category_id=world&feed=1,ok,,国際
2026-09-25,2026-09-25T08:35:16.234166+09:00,その他メディア,,ブラジル日報,日伯友情交流絵画展を開催=岐阜県人会、17日から文協で,https://brasilnippou.com/ja/articles/260925-23colonia,https://news.ceek.jp/search.cgi?category_id=world&feed=1,ok,,国際
2026-09-25,2026-09-25T08:35:16.234166+09:00,その他メディア,,Economic Media Bulletin,零ホウ汽車、欧州販売拠点が1000カ所超え,https://emb-media.com/autoedge/2026/09/25/684717/,https://news.ceek.jp/search.cgi?category_id=world&feed=1,ok,,国際
2026-09-25,2026-09-25T08:35:16.234166+09:00,その他メディア,,Economic Media Bulletin,VW、米国で27年型一部車種に車載ゲーム導入,https://emb-media.com/autoedge/2026/09/25/684771/,https://news.ceek.jp/search.cgi?category_id=world&feed=1,ok,,国際
2026-09-25,2026-09-25T08:35:16.234166+09:00,その他メディア,,Economic Media Bulletin,ルノー、パリショーで新型6モデルを世界公開へ,https://emb-media.com/autoedge/2026/09/25/684783/,https://news.ceek.jp/search.cgi?category_id=world&feed=1,ok,,国際
2026-09-25,2026-09-25T08:35:16.234166+09:00,その他メディア,,Economic Media Bulletin,BMWのi3、供給網でCO2を3割削減,https://emb-media.com/autoedge/2026/09/25/684822/,https://news.ceek.jp/search.cgi?category_id=world&feed=1,ok,,国際
2026-09-25,2026-09-25T08:35:16.234166+09:00,その他メディア,,Economic Media Bulletin,オランダ、低・中所得者の中古EV購入補助,https://emb-media.com/europe/2026/09/25/684729/,https://news.ceek.jp/search.cgi?category_id=world&feed=1,ok,,国際
2026-09-25,2026-09-25T08:35:16.234166+09:00,その他メディア,,Economic Media Bulletin,テスコ中欧事業、複数社関心,https://emb-media.com/europe/2026/09/25/684802/,https://news.ceek.jp/search.cgi?category_id=world&feed=1,ok,,国際
2026-09-25,2026-09-25T08:35:16.234166+09:00,その他メディア,,Economic Media Bulletin,シュナイダー、ハイテク企業シェリーを買収,https://emb-media.com/europe/2026/09/25/684863/,https://news.ceek.jp/search.cgi?category_id=world&feed=1,ok,,国際
2026-09-25,2026-09-25T08:35:16.234166+09:00,その他メディア,,Economic Media Bulletin,レボリュート、顔認証決済の試験運用を開始,https://emb-media.com/europe/2026/09/25/684876/,https://news.ceek.jp/search.cgi?category_id=world&feed=1,ok,,国際
2026-09-25,2026-09-25T08:35:16.234166+09:00,その他メディア,,Economic Media Bulletin,北米の物流連合、大型電気トラックを2500台発注,https://emb-media.com/autoedge/2026/09/25/684721/,https://news.ceek.jp/search.cgi?category_id=world&feed=1,ok,,国際
2026-09-25,2026-09-25T08:35:16.234166+09:00,その他メディア,,Economic Media Bulletin,フィンテックOS、2800万ドル調達,https://emb-media.com/europe/2026/09/25/683911/,https://news.ceek.jp/search.cgi?category_id=world&feed=1,ok,,国際
2026-09-25,2026-09-25T08:35:16.234166+09:00,その他メディア,,Economic Media Bulletin,タイヤのピレリ、米工場拡張に10億ユーロ,https://emb-media.com/europe/2026/09/25/684727/,https://news.ceek.jp/search.cgi?category_id=world&feed=1,ok,,国際
2026-09-25,2026-09-25T08:35:16.234166+09:00,その他メディア,,Economic Media Bulletin,仏、EV補助金の環境評価基準を見直しへ,https://emb-media.com/europe/2026/09/25/684752/,https://news.ceek.jp/search.cgi?category_id=world&feed=1,ok,,国際
2026-09-25,2026-09-25T08:35:16.234166+09:00,その他メディア,,Economic Media Bulletin,8月の欧州メーカー別新車登録台数,https://emb-media.com/europe/2026/09/25/684764/,https://news.ceek.jp/search.cgi?category_id=world&feed=1,ok,,国際
2026-09-25,2026-09-25T08:35:16.234166+09:00,その他メディア,,Economic Media Bulletin,独経済、今年は1.1%拡大=OECD,https://emb-media.com/europe/2026/09/25/684774/,https://news.ceek.jp/search.cgi?category_id=world&feed=1,ok,,国際
2026-09-25,2026-09-25T08:35:16.234166+09:00,その他メディア,,Economic Media Bulletin,リトアニア、核兵器の配備禁止を撤廃へ,https://emb-media.com/europe/2026/09/25/684819/,https://news.ceek.jp/search.cgi?category_id=world&feed=1,ok,,国際
2026-09-25,2026-09-25T08:35:16.234166+09:00,その他メディア,,Economic Media Bulletin,JAL、アマデウスとNDCで航空券販売,https://emb-media.com/europe/2026/09/25/684862/,https://news.ceek.jp/search.cgi?category_id=world&feed=1,ok,,国際
2026-09-25,2026-09-25T08:35:16.234166+09:00,その他メディア,,Economic Media Bulletin,川崎重工、ボッシュと建機技術で協業,https://emb-media.com/europe/2026/09/25/684901/,https://news.ceek.jp/search.cgi?category_id=world&feed=1,ok,,国際
2026-09-25,2026-09-25T08:35:16.234166+09:00,その他メディア,,Economic Media Bulletin,東洋エンジ、ナイジェリアで肥料プラント完工,https://emb-media.com/mea/2026/09/25/684794/,https://news.ceek.jp/search.cgi?category_id=world&feed=1,ok,,国際
2026-09-25,2026-09-25T08:35:16.234166+09:00,その他メディア,,Economic Media Bulletin,ガザ「平和評議会」、24.5億ドル復興計画発表,https://emb-media.com/mea/2026/09/25/684821/,https://news.ceek.jp/search.cgi?category_id=world&feed=1,ok,,国際
2026-09-25,2026-09-25T08:35:16.234166+09:00,その他メディア,,Economic Media Bulletin,UAE中銀、イラン国営メッリ銀の取引を禁止,https://emb-media.com/mea/2026/09/25/684848/,https://news.ceek.jp/search.cgi?category_id=world&feed=1,ok,,国際
2026-09-25,2026-09-25T08:35:16.234166+09:00,その他メディア,,Economic Media Bulletin,オランダ、化石燃料脱却のロードマップ公表,https://emb-media.com/europe/2026/09/25/684731/,https://news.ceek.jp/search.cgi?category_id=world&feed=1,ok,,国際
2026-09-25,2026-09-25T08:35:16.234166+09:00,その他メディア,,Economic Media Bulletin,欧州新車登録台数、8月は5.3%増加,https://emb-media.com/europe/2026/09/25/684763/,https://news.ceek.jp/search.cgi?category_id=world&feed=1,ok,,国際
2026-09-25,2026-09-25T08:35:16.234166+09:00,その他メディア,,Economic Media Bulletin,オランダ、AI半導体開発に4千万ユーロ,https://emb-media.com/europe/2026/09/25/684803/,https://news.ceek.jp/search.cgi?category_id=world&feed=1,ok,,国際
2026-09-25,2026-09-25T08:35:16.234166+09:00,その他メディア,,Economic Media Bulletin,メルセデス、人件費見直しか,https://emb-media.com/europe/2026/09/25/684816/,https://news.ceek.jp/search.cgi?category_id=world&feed=1,ok,,国際
2026-09-25,2026-09-25T08:35:16.234166+09:00,その他メディア,,Economic Media Bulletin,日立、SMRで3社と覚書=中東欧と英国,https://emb-media.com/europe/2026/09/25/684839/,https://news.ceek.jp/search.cgi?category_id=world&feed=1,ok,,国際
2026-09-25,2026-09-25T08:35:16.234166+09:00,その他メディア,,Economic Media Bulletin,イタリア、原発再導入へ=40年ぶり,https://emb-media.com/europe/2026/09/25/684860/,https://news.ceek.jp/search.cgi?category_id=world&feed=1,ok,,国際
2026-09-25,2026-09-25T08:35:16.234166+09:00,その他メディア,,Economic Media Bulletin,英独仏露、中国の力にさらされやすく=調査,https://emb-media.com/europe/2026/09/25/684886/,https://news.ceek.jp/search.cgi?category_id=world&feed=1,ok,,国際
2026-09-25,2026-09-25T08:35:16.234166+09:00,その他メディア,,Economic Media Bulletin,チョコのリンツ、ドバイ出店計画を撤回,https://emb-media.com/mea/2026/09/25/684769/,https://news.ceek.jp/search.cgi?category_id=world&feed=1,ok,,国際
2026-09-25,2026-09-25T08:35:16.234166+09:00,その他メディア,,Economic Media Bulletin,シノトラック、セルビアの軍用車生産で協力,https://emb-media.com/europe/2026/09/25/684723/,https://news.ceek.jp/search.cgi?category_id=world&feed=1,ok,,国際
2026-09-25,2026-09-25T08:35:16.234166+09:00,その他メディア,,Economic Media Bulletin,射出成形機エンゲル、 セルビアに新工場開設,https://emb-media.com/europe/2026/09/25/684725/,https://news.ceek.jp/search.cgi?category_id=world&feed=1,ok,,国際
2026-09-25,2026-09-25T08:35:16.234166+09:00,その他メディア,,Economic Media Bulletin,CATL、ハンガリーで電池セル試験生産,https://emb-media.com/europe/2026/09/25/684735/,https://news.ceek.jp/search.cgi?category_id=world&feed=1,ok,,国際
2026-09-25,2026-09-25T08:35:16.234166+09:00,その他メディア,,Economic Media Bulletin,米金融ジェーン・ストリート、英本部を拡大,https://emb-media.com/europe/2026/09/25/684841/,https://news.ceek.jp/search.cgi?category_id=world&feed=1,ok,,国際
2026-09-25,2026-09-25T08:35:16.234166+09:00,その他メディア,,Economic Media Bulletin,欧州委、ハンガリーの補助金凍結解除を提案,https://emb-media.com/europe/2026/09/25/684902/,https://news.ceek.jp/search.cgi?category_id=world&feed=1,ok,,国際
2026-09-25,2026-09-25T08:35:16.234166+09:00,その他メディア,,Economic Media Bulletin,日立レール、サウジのメトロ改修事業を受注,https://emb-media.com/mea/2026/09/25/684758/,https://news.ceek.jp/search.cgi?category_id=world&feed=1,ok,,国際
2026-09-25,2026-09-25T08:35:16.234166+09:00,その他メディア,,Economic Media Bulletin,ボッシュ、利益減も通期見通し維持=上半期,https://emb-media.com/europe/2026/09/25/684829/,https://news.ceek.jp/search.cgi?category_id=world&feed=1,ok,,国際
2026-09-25,2026-09-25T08:35:16.234166+09:00,その他メディア,,Economic Media Bulletin,ユニパー、米社からeSAF調達=長期契約,https://emb-media.com/europe/2026/09/25/684859/,https://news.ceek.jp/search.cgi?category_id=world&feed=1,ok,,国際
2026-09-25,2026-09-25T08:35:16.234166+09:00,その他メディア,,Economic Media Bulletin,ギリシャ首相、米エヌビディア幹部らと会談,https://emb-media.com/europe/2026/09/25/684879/,https://news.ceek.jp/search.cgi?category_id=world&feed=1,ok,,国際
2026-09-25,2026-09-25T08:35:16.234166+09:00,その他メディア,,Economic Media Bulletin,ベルリン、五輪招致を断念=選挙結果受け,https://emb-media.com/europe/2026/09/25/684884/,https://news.ceek.jp/search.cgi?category_id=world&feed=1,ok,,国際
2026-09-25,2026-09-25T08:35:16.234166+09:00,その他メディア,,Economic Media Bulletin,オランダGDP、第2四半期は0.6%拡大,https://emb-media.com/europe/2026/09/25/684922/,https://news.ceek.jp/search.cgi?category_id=world&feed=1,ok,,国際
2026-09-25,2026-09-25T08:35:16.234166+09:00,その他メディア,,Economic Media Bulletin,南ア中銀、政策金利を7.25%に引き上げ,https://emb-media.com/mea/2026/09/25/684767/,https://news.ceek.jp/search.cgi?category_id=world&feed=1,ok,,国際
2026-09-25,2026-09-25T08:35:16.234166+09:00,その他メディア,,Economic Media Bulletin,マイクロソフト、中東4カ国に100億ドル超投資,https://emb-media.com/mea/2026/09/25/684786/,https://news.ceek.jp/search.cgi?category_id=world&feed=1,ok,,国際
2026-09-25,2026-09-25T08:35:16.234166+09:00,その他メディア,,Economic Media Bulletin,スマートアイ、自動車向けAIエージェント発表,https://emb-media.com/autoedge/2026/09/25/684719/,https://news.ceek.jp/search.cgi?category_id=world&feed=1,ok,,国際
2026-09-25,2026-09-25T08:35:16.234166+09:00,その他メディア,,Economic Media Bulletin,8月の欧州国別新車登録台数,https://emb-media.com/europe/2026/09/25/684779/,https://news.ceek.jp/search.cgi?category_id=world&feed=1,ok,,国際
2026-09-25,2026-09-25T08:35:16.234166+09:00,その他メディア,,Economic Media Bulletin,欧州化学業界、人型ロボに商機=対中競争も,https://emb-media.com/europe/2026/09/25/684935/,https://news.ceek.jp/search.cgi?category_id=world&feed=1,ok,,国際
2026-09-25,2026-09-25T08:35:16.234166+09:00,その他メディア,,Economic Media Bulletin,独政府、企業買収規制の見直し検討か,https://emb-media.com/europe/2026/09/25/684776/,https://news.ceek.jp/search.cgi?category_id=world&feed=1,ok,,国際
2026-09-25,2026-09-25T08:35:16.234166+09:00,その他メディア,,Economic Media Bulletin,COP31、電化率35%目標が最優先=議長,https://emb-media.com/europe/2026/09/25/684738/,https://news.ceek.jp/search.cgi?category_id=world&feed=1,ok,,国際
2026-09-25,2026-09-25T08:35:16.234166+09:00,その他メディア,,Economic Media Bulletin,グリーンランド、米軍駐留拡大で合意,https://emb-media.com/europe/2026/09/25/684762/,https://news.ceek.jp/search.cgi?category_id=world&feed=1,ok,,国際
2026-09-25,2026-09-25T08:35:16.234166+09:00,その他メディア,,Economic Media Bulletin,川崎重工、ボッシュと建機技術で協業,https://emb-media.com/autoedge/2026/09/25/685058/,https://news.ceek.jp/search.cgi?category_id=world&feed=1,ok,,国際
2026-09-25,2026-09-25T08:35:16.234166+09:00,全国紙,全国,産経新聞,「習氏退陣を」米中首脳会談開かれた首都ワシントンで抗議活動、親中派と衝突,https://www.sankei.com/article/20260925-YXTFBZ3WDVKYDO225QOO527UUQ/,https://news.ceek.jp/search.cgi?category_id=world&feed=1,ok,,国際
2026-09-25,2026-09-25T08:35:16.234166+09:00,全国紙,全国,産経新聞,米中、AI対話継続で一致 「競争し、協力も」 暴走に懸念、首脳会談,https://www.sankei.com/article/20260925-G4AUNPKUAVJ6LC5HQTA44VYH3I/,https://news.ceek.jp/search.cgi?category_id=world&feed=1,ok,,国際
2026-09-25,2026-09-25T08:35:16.234166+09:00,その他メディア,,デイリースポーツ,「習近平主席は退陣を」抗議活動,https://www.daily.co.jp/society/world/2026/09/25/0020857303.shtml,https://news.ceek.jp/search.cgi?category_id=world&feed=1,ok,,国際
2026-09-25,2026-09-25T08:35:16.234166+09:00,全国紙,全国,産経新聞,米住宅ローン金利7%超え 30年固定、中間選挙控えるトランプ政権に痛手,https://www.sankei.com/article/20260925-CKEVMD752JI4ZD2XOK3U3YIMVY/,https://news.ceek.jp/search.cgi?category_id=world&feed=1,ok,,国際
2026-09-25,2026-09-25T08:35:16.234166+09:00,その他メディア,,テレビ朝日,【情報まとめ】米中首脳会談トランプ大統領は親密ぶりをアピール 習主席は「米中協力すれば双方に利益、対立すればともに傷付く」と牽制,https://news.tv-asahi.co.jp/news_international/articles/900200418.html,https://news.ceek.jp/search.cgi?category_id=world&feed=1,ok,,国際
2026-09-25,2026-09-25T08:35:16.234166+09:00,その他メディア,,テレビ朝日,国連総会でイスラエル首相登壇 各国代表団相次ぎ退席のなかイラン攻撃の正当性主張,https://news.tv-asahi.co.jp/news_international/articles/000535737.html,https://news.ceek.jp/search.cgi?category_id=world&feed=1,ok,,国際
2026-09-25,2026-09-25T08:35:16.234166+09:00,その他メディア,,日本テレビ,「協力」を強調...米中首脳会談終わる AIや台湾問題など幅広く議論,https://news.ntv.co.jp/category/international/f79569b779aa4bb8a15b9510b577ed6e,https://news.ceek.jp/search.cgi?category_id=world&feed=1,ok,,国際
2026-09-25,2026-09-25T08:35:16.234166+09:00,その他メディア,,AFPBB News,ネタニヤフ氏、国連演説で英仏を批判「どの口が」,https://www.afpbb.com/articles/-/3654390,https://news.ceek.jp/search.cgi?category_id=world&feed=1,ok,,国際
2026-09-25,2026-09-25T08:35:16.234166+09:00,全国紙,全国,産経新聞,フーシ派、サウジ首都攻撃 対抗措置、西部石油施設も,https://www.sankei.com/article/20260925-KIKYKS37PJNXVCVLBPSI4ZZ4WY/,https://news.ceek.jp/search.cgi?category_id=world&feed=1,ok,,国際
2026-09-25,2026-09-25T08:35:16.234166+09:00,その他メディア,,日本テレビ,中国・習主席「米中は対立ではなく共存するべきだ」 米中首脳会談に先立ち演説,https://news.ntv.co.jp/category/international/b20854af355f45e5be071b28dfb11bc4,https://news.ceek.jp/search.cgi?category_id=world&feed=1,ok,,国際
2026-09-25,2026-09-25T08:35:16.234166+09:00,その他メディア,,世界日報,南北が互いの名を呼び合うこと【セゲイルボを読む】,https://www.worldtimes.co.jp/global/korean-peninsula/20260925-215241/,https://news.ceek.jp/search.cgi?category_id=world&feed=1,ok,,国際
2026-09-25,2026-09-25T08:35:16.234166+09:00,その他メディア,,TBSテレビ,フーシ派 サウジ首都などを攻撃 攻撃継続を示唆,https://newsdig.tbs.co.jp/articles/-/2965974?display=1,https://news.ceek.jp/search.cgi?category_id=world&feed=1,ok,,国際
2026-09-25,2026-09-25T08:35:16.234166+09:00,全国紙,全国,日本経済新聞,トランプ氏がバイデン氏嘲笑、同調する習氏 権力を誇示,https://www.nikkei.com/article/DGXZQOGN24B0C0U6A920C2000000/,https://news.ceek.jp/search.cgi?category_id=world&feed=1,ok,,国際
2026-09-25,2026-09-25T08:35:16.234166+09:00,その他メディア,,TBSテレビ,"中国はアメリカの“同盟国""? トランプ大統領が異例の協力呼びかけ",https://newsdig.tbs.co.jp/articles/-/2965972?display=1,https://news.ceek.jp/search.cgi?category_id=world&feed=1,ok,,国際
2026-09-25,2026-09-25T08:35:16.234166+09:00,その他メディア,,共同通信,迎撃ミサイルの生産容認を確認 トランプ大統領、ウクライナに,https://www.47news.jp/14988175.html,https://news.ceek.jp/search.cgi?category_id=world&feed=1,ok,,国際
2026-09-25,2026-09-25T08:35:16.234166+09:00,その他メディア,,デイリースポーツ,迎撃ミサイルの生産容認を確認,https://www.daily.co.jp/society/world/2026/09/25/0020857262.shtml,https://news.ceek.jp/search.cgi?category_id=world&feed=1,ok,,国際
2026-09-25,2026-09-25T08:35:16.234166+09:00,その他メディア,,デイリースポーツ,ポーランド修道院で襲撃,https://www.daily.co.jp/society/world/2026/09/25/0020857256.shtml,https://news.ceek.jp/search.cgi?category_id=world&feed=1,ok,,国際
2026-09-25,2026-09-25T08:35:16.234166+09:00,その他メディア,,Forbes JAPAN,ロシアとウクライナのエネルギー戦争、憂慮すべき新たな段階へ,https://forbesjapan.com/articles/detail/105438,https://news.ceek.jp/search.cgi?category_id=world&feed=1,ok,,国際
2026-09-25,2026-09-25T08:35:16.234166+09:00,その他メディア,,ポストセブン,"「生理が何度かきたら、この仕事を始めるサインなの」80円で体を売る少女たち...ネパールに存在した""売春カースト""村の実像「私は恋人とは話をするだけでいいの」",https://www.news-postseven.com/archives/20260925_2132656.html,https://news.ceek.jp/search.cgi?category_id=world&feed=1,ok,,国際
2026-09-25,2026-09-25T08:35:16.234166+09:00,その他メディア,,ポストセブン,"《色街の浄化は""点数稼ぎ""になる》ナイトクラブと売春宿が街にあふれていたフセイン政権下のイラクが変貌したワケ 厳格なイスラム国家・サウジでは娼婦は""石打ちの刑""に",https://www.news-postseven.com/archives/20260925_2132654.html,https://news.ceek.jp/search.cgi?category_id=world&feed=1,ok,,国際
2026-09-25,2026-09-25T08:35:16.234166+09:00,その他メディア,,デイリースポーツ,習主席の歓迎式典中継せず,https://www.daily.co.jp/society/world/2026/09/25/0020857245.shtml,https://news.ceek.jp/search.cgi?category_id=world&feed=1,ok,,国際
2026-09-25,2026-09-25T08:35:16.234166+09:00,その他メディア,,共同通信,習主席の歓迎式典中継せず 米TV各局、記者排除抗議,https://www.47news.jp/14988135.html,https://news.ceek.jp/search.cgi?category_id=world&feed=1,ok,,国際
2026-09-25,2026-09-25T08:35:16.234166+09:00,全国紙,全国,朝日新聞,塹壕で日本の菓子を「ガチレビュー」ウクライナ兵のZINEが人気に,https://www.asahi.com/articles/ASV9S0QHMV9SDIFI00QM.html,https://news.ceek.jp/search.cgi?category_id=world&feed=1,ok,,国際
2026-09-25,2026-09-25T08:35:16.234166+09:00,その他メディア,,宮古毎日新聞,「沖縄のため力尽くす」/葉梨沖縄担当相,https://www.miyakomainichi.com/news/news-193628/,https://news.ceek.jp/search.cgi?category_id=local&feed=1,ok,,地方・地域
2026-09-25,2026-09-25T08:35:16.234166+09:00,その他メディア,,TBSテレビ,"わが子が「ネットで性的な検索」親はどう対応すべき?...産婦人科医に聞く「“性的興味=異常""ではない。受け入れコミュニケーションを」おうち性教育のあり方",https://newsdig.tbs.co.jp/articles/-/2903598?display=1,https://news.ceek.jp/search.cgi?category_id=local&feed=1,ok,,地方・地域
2026-09-25,2026-09-25T08:35:16.234166+09:00,その他メディア,,宮古毎日新聞,不納欠損額は3352万円/市25年度一般会計歳入,https://www.miyakomainichi.com/news/news-193631/,https://news.ceek.jp/search.cgi?category_id=local&feed=1,ok,,地方・地域
2026-09-25,2026-09-25T08:35:16.234166+09:00,その他メディア,,宮古毎日新聞,歩き方の基礎など学ぶ/ノルディックウオーキング,https://www.miyakomainichi.com/news/news-193634/,https://news.ceek.jp/search.cgi?category_id=local&feed=1,ok,,地方・地域
2026-09-25,2026-09-25T08:35:16.234166+09:00,その他メディア,,東奥日報,道産ホタテ移入へ/減産続く陸奥湾内6漁協,https://www.toonippo.co.jp/articles/-/2369109,https://news.ceek.jp/search.cgi?category_id=local&feed=1,ok,,地方・地域
2026-09-25,2026-09-25T08:35:16.234166+09:00,その他メディア,,東奥日報,「あっせんなよ!」26日にプロレスリングノア八戸大会,https://www.toonippo.co.jp/articles/-/2369116,https://news.ceek.jp/search.cgi?category_id=local&feed=1,ok,,地方・地域
2026-09-25,2026-09-25T08:35:16.234166+09:00,地方紙,広島,中国新聞,3社がホワイトハウス入構可能に,https://www.chugoku-np.co.jp/articles/-/899617,https://news.ceek.jp/search.cgi?category_id=local&feed=1,ok,,地方・地域
2026-09-25,2026-09-25T08:35:16.234166+09:00,その他メディア,,TBSテレビ,【台風情報】台風26号は勢力を増し沖縄方面へ 今後の進路と勢力を詳しく 最大瞬間風速は60メートル予想...沖縄にゆっくり停滞の可能性も 気象庁,https://newsdig.tbs.co.jp/articles/-/2966002?display=1,https://news.ceek.jp/search.cgi?category_id=local&feed=1,ok,,地方・地域
2026-09-25,2026-09-25T08:35:16.234166+09:00,その他メディア,,福井新聞,3軒の隣人に「はよ出て行けよ」「泣かしに行くぞ」...福井県の58歳逮捕 容疑一部否認「悪いことはしていない」,https://www.fukuishimbun.co.jp/articles/-/2706316,https://news.ceek.jp/search.cgi?category_id=local&feed=1,ok,,地方・地域
2026-09-25,2026-09-25T08:35:16.234166+09:00,その他メディア,,フジテレビ,【地震】福島県内で震度1 福島県会津を震源とする最大震度1の地震が発生 津波の心配なし,https://www.fnn.jp/articles/-/1120625,https://news.ceek.jp/search.cgi?category_id=local&feed=1,ok,,地方・地域
2026-09-25,2026-09-25T08:35:16.234166+09:00,その他メディア,,佐賀新聞,<さんフェアSAGA2026>佐賀女子高校 多様な専門教育で進路開く 実習で知識と技術習得,https://www.saga-s.co.jp/articles/-/1797649,https://news.ceek.jp/search.cgi?category_id=local&feed=1,ok,,地方・地域
2026-09-25,2026-09-25T08:35:16.234166+09:00,全国紙,全国,毎日新聞,がん診断、死も覚悟 日本一の「オーシャンマン」 26歳の原点,https://mainichi.jp/articles/20260923/k00/00m/310/079000c,https://news.ceek.jp/search.cgi?category_id=local&feed=1,ok,,地方・地域
2026-09-25,2026-09-25T08:35:16.234166+09:00,その他メディア,,高知新聞,商店街の活性化へ条例制定を検討 高知市や組合、事業者らの責務盛り込み、年度内の制定目指す 市議会9月定例会常任委員会,https://www.kochinews.co.jp/article/detail/1047185,https://news.ceek.jp/search.cgi?category_id=local&feed=1,ok,,地方・地域
2026-09-25,2026-09-25T08:35:16.234166+09:00,その他メディア,,高知新聞,天皇、皇后両陛下がよさこい高知文化祭の開会式に出席 2019年の即位後初めての来高 10/25~26,https://www.kochinews.co.jp/article/detail/1047179,https://news.ceek.jp/search.cgi?category_id=local&feed=1,ok,,地方・地域
2026-09-25,2026-09-25T08:35:16.234166+09:00,地方紙,広島,中国新聞,台風26号(スリゲ)最新情報,https://www.chugoku-np.co.jp/articles/-/899613,https://news.ceek.jp/search.cgi?category_id=local&feed=1,ok,,地方・地域
2026-09-25,2026-09-25T08:35:16.234166+09:00,その他メディア,,高知新聞,地震から身を守る「木質耐震シェルタ-」とは? 高知工業高校建築科の生徒が施工を体験 10/3文化祭で公開予定,https://www.kochinews.co.jp/article/detail/1047124,https://news.ceek.jp/search.cgi?category_id=local&feed=1,ok,,地方・地域
2026-09-25,2026-09-25T08:35:16.234166+09:00,その他メディア,,下野新聞,佐野でクマ3頭目撃,https://www.shimotsuke.co.jp/articles/-/1428166,https://news.ceek.jp/search.cgi?category_id=local&feed=1,ok,,地方・地域
2026-09-25,2026-09-25T08:35:16.234166+09:00,その他メディア,,高知新聞,「生で見る・つながる」体験に価値あり 伊藤瑞樹さん 「若者はSNSに上げて満足」 ―県展80年 次代へ 作家たちからの直言(中),https://www.kochinews.co.jp/article/detail/1047145,https://news.ceek.jp/search.cgi?category_id=local&feed=1,ok,,地方・地域
2026-09-25,2026-09-25T08:35:16.234166+09:00,その他メディア,,高知新聞,秋の山里に600個の風鈴が響く 高知県香美市物部町で住民らが飾り付け 10/15まで,https://www.kochinews.co.jp/article/detail/1047176,https://news.ceek.jp/search.cgi?category_id=local&feed=1,ok,,地方・地域
2026-09-25,2026-09-25T08:35:16.234166+09:00,その他メディア,,高知新聞,「大事なのは記録を残すこと」 高知県津野町内の30団体が地域づくり考えるフォーラム開催 映像や人のつながりを生かす重要性を共有,https://www.kochinews.co.jp/article/detail/1047134,https://news.ceek.jp/search.cgi?category_id=local&feed=1,ok,,地方・地域
2026-09-25,2026-09-25T08:35:16.234166+09:00,地方紙,福岡,西日本新聞,台風26号、週明け急カーブか 強い勢力で沖縄接近後、東北東へ...,https://www.nishinippon.co.jp/item/1541616/,https://news.ceek.jp/search.cgi?category_id=local&feed=1,ok,,地方・地域
2026-09-25,2026-09-25T08:35:16.234166+09:00,その他メディア,,高知新聞,小谷了一さん(高知市)が筑紫歌壇賞受賞 初歌集「いごっそうと村医者」 「土地に根差した医師の人間味豊かな歌集」と評価,https://www.kochinews.co.jp/article/detail/1047041,https://news.ceek.jp/search.cgi?category_id=local&feed=1,ok,,地方・地域
2026-09-25,2026-09-25T08:35:16.234166+09:00,その他メディア,,秋田魁新報,「特定利用空港・港湾」打診、秋田市で学習会 日本平和委員会理事が講演,https://www.sakigake.jp/news/article/20260924AK0022/,https://news.ceek.jp/search.cgi?category_id=local&feed=1,ok,,地方・地域
2026-09-25,2026-09-25T08:35:16.234166+09:00,全国紙,全国,産経新聞,後手に回った知財保護、50品種以上が海外で無断栽培「中国にいつか流出」開発者の不安,https://www.sankei.com/article/20260925-OG2YX57AVZNEXNB4DOKPM45TSY/,https://news.ceek.jp/search.cgi?category_id=local&feed=1,ok,,地方・地域
2026-09-25,2026-09-25T08:35:16.234166+09:00,その他メディア,,佐賀新聞,"自民党県連が山口知事に来年度予算で要望 知事選巡る県連の「支持」に“謝意""示す場面も",https://www.saga-s.co.jp/articles/-/1797797,https://news.ceek.jp/search.cgi?category_id=local&feed=1,ok,,地方・地域
2026-09-25,2026-09-25T08:35:16.234166+09:00,その他メディア,,北日本新聞,城端線、一部の列車に遅れ 踏切確認(25日朝),https://webun.jp/articles/-/1098856,https://news.ceek.jp/search.cgi?category_id=local&feed=1,ok,,地方・地域
2026-09-25,2026-09-25T08:35:16.234166+09:00,その他メディア,,高知新聞,高知県室戸市の植田市長が入院へ 肺の腫瘍摘出手術のため,https://www.kochinews.co.jp/article/detail/1047194,https://news.ceek.jp/search.cgi?category_id=local&feed=1,ok,,地方・地域
2026-09-25,2026-09-25T08:35:16.234166+09:00,その他メディア,,高知新聞,住民と行政、公募巡り平行線 外国人施設で意見交換 高知県香南市,https://www.kochinews.co.jp/article/detail/1047184,https://news.ceek.jp/search.cgi?category_id=local&feed=1,ok,,地方・地域
2026-09-25,2026-09-25T08:35:16.234166+09:00,その他メディア,,高知新聞,高知県室戸市議の久保田氏が辞職 市長選に立候補の意向,https://www.kochinews.co.jp/article/detail/1047195,https://news.ceek.jp/search.cgi?category_id=local&feed=1,ok,,地方・地域
2026-09-25,2026-09-25T08:35:16.234166+09:00,その他メディア,,高知新聞,高知県南国市「まほろば祭り」 雨予報のため中止,https://www.kochinews.co.jp/article/detail/1047198,https://news.ceek.jp/search.cgi?category_id=local&feed=1,ok,,地方・地域
2026-09-25,2026-09-25T08:35:16.234166+09:00,その他メディア,,高知新聞,高知県四万十町で「しまんと栗まつり」 9/26、27,https://www.kochinews.co.jp/article/detail/1047197,https://news.ceek.jp/search.cgi?category_id=local&feed=1,ok,,地方・地域
2026-09-25,2026-09-25T08:35:16.234166+09:00,その他メディア,,福島民友新聞,「鬼婆伝説」仮装しPR 二本松・安達ケ原ふるさと村でパレード,https://www.minyu-net.com/news/detail/2026092508413555231,https://news.ceek.jp/search.cgi?category_id=local&feed=1,ok,,地方・地域
2026-09-25,2026-09-25T08:35:16.234166+09:00,その他メディア,,高知新聞,居合わせたバーでトラブルか 男性2人を殴る、蹴る 容疑で暴力団組員ら3人を逮捕 高知署,https://www.kochinews.co.jp/article/detail/1047158,https://news.ceek.jp/search.cgi?category_id=local&feed=1,ok,,地方・地域
2026-09-25,2026-09-25T08:35:16.234166+09:00,その他メディア,,十勝毎日新聞,帯広日産自動車の村松社長 日産自動車販売協会の副会長に就任,https://kachimai.jp/article/index.php?no=2026092400512,https://news.ceek.jp/search.cgi?category_id=local&feed=1,ok,,地方・地域
2026-09-25,2026-09-25T08:35:16.234166+09:00,その他メディア,,福島民友新聞,只見線と水郡線、10月から一部列車区間運休 線路内検査や樹木伐採に伴い,https://www.minyu-net.com/news/detail/2026092508271155227,https://news.ceek.jp/search.cgi?category_id=local&feed=1,ok,,地方・地域
2026-09-25,2026-09-25T08:35:16.234166+09:00,その他メディア,,山陽新聞,鷲羽山の夜空にランタン 倉敷で27日 児島JC企画,https://www.sanyonews.jp/article/1994067/,https://news.ceek.jp/search.cgi?category_id=local&feed=1,ok,,地方・地域
2026-09-25,2026-09-25T08:35:16.234166+09:00,その他メディア,,佐賀新聞,【開店情報】清栄庵(唐津市) 父は「そばの神様」、味追いかけ,https://www.saga-s.co.jp/articles/-/1797685,https://news.ceek.jp/search.cgi?category_id=local&feed=1,ok,,地方・地域
2026-09-25,2026-09-25T08:35:16.234166+09:00,その他メディア,,TBSテレビ,【進路予想】台風26号(スリゲ)いまどこ?これからどこへ?中心気圧955hPaまで発達見込み...沖縄へ接近後に日本の南で停滞の可能性 最大瞬間風速60m/s予測【雨と風のシミュレーション】,https://newsdig.tbs.co.jp/articles/-/2965987?display=1,https://news.ceek.jp/search.cgi?category_id=local&feed=1,ok,,地方・地域
2026-09-25,2026-09-25T08:35:16.234166+09:00,地方紙,広島,中国新聞,【識者コラム】エルニーニョの影響各地に,https://www.chugoku-np.co.jp/articles/-/899612,https://news.ceek.jp/search.cgi?category_id=local&feed=1,ok,,地方・地域
2026-09-25,2026-09-25T08:35:16.234166+09:00,地方紙,広島,中国新聞,諏訪理さん来春にも宇宙へ,https://www.chugoku-np.co.jp/articles/-/899611,https://news.ceek.jp/search.cgi?category_id=local&feed=1,ok,,地方・地域
2026-09-25,2026-09-25T08:35:16.234166+09:00,その他メディア,,高知新聞,高知県内市町村の財政 公債費比率9・7%に改善 2025年度決算,https://www.kochinews.co.jp/article/detail/1047011,https://news.ceek.jp/search.cgi?category_id=local&feed=1,ok,,地方・地域
2026-09-25,2026-09-25T08:35:16.234166+09:00,その他メディア,,高知新聞,高知県四万十市西土佐で10/4に米ナス収穫体験ツアー 参加者を募集,https://www.kochinews.co.jp/article/detail/1047196,https://news.ceek.jp/search.cgi?category_id=local&feed=1,ok,,地方・地域
2026-09-25,2026-09-25T08:35:16.234166+09:00,その他メディア,,福島民友新聞,光南高が初出場、全国高校生手話甲子園へ意欲 演劇部門「魅力や温かさ、伝えたい」,https://www.minyu-net.com/news/detail/2026092508313455229,https://news.ceek.jp/search.cgi?category_id=local&feed=1,ok,,地方・地域
2026-09-25,2026-09-25T08:35:16.234166+09:00,その他メディア,,TBSテレビ,【クマ出没情報】いわき市好間町でクマと思われる動物目撃 近くに小学校や保育園 25日 福島,https://newsdig.tbs.co.jp/articles/-/2965986?display=1,https://news.ceek.jp/search.cgi?category_id=local&feed=1,ok,,地方・地域
2026-09-25,2026-09-25T08:35:16.234166+09:00,その他メディア,,山梨日日新聞,中部横断道 事故で通行止め,https://www.sannichi.co.jp/article/2026/09/25/80724039,https://news.ceek.jp/search.cgi?category_id=local&feed=1,ok,,地方・地域
2026-09-25,2026-09-25T08:35:16.234166+09:00,全国紙,全国,東京新聞,明治の養蚕農家がカメラ館に 一眼レフや閃光器、撮影用椅子100点 里山の四季写した記念展も みなかみ町,https://www.tokyo-np.co.jp/article/517587,https://news.ceek.jp/search.cgi?category_id=local&feed=1,ok,,地方・地域
2026-09-25,2026-09-25T08:35:16.234166+09:00,その他メディア,,十勝毎日新聞,外国法人による森林保有、十勝は5件・12ヘクタール 25年12月末時点 林野庁調査道内分,https://kachimai.jp/err/error.php?ermes=901,https://news.ceek.jp/search.cgi?category_id=local&feed=1,ok,,地方・地域
2026-09-25,2026-09-25T08:35:16.234166+09:00,その他メディア,,TBSテレビ,【交通情報】車両火災のため国道10号 宮崎市高岡町~都城市高城町の一部区間が全面通行止め,https://newsdig.tbs.co.jp/articles/-/2965985?display=1,https://news.ceek.jp/search.cgi?category_id=local&feed=1,ok,,地方・地域
2026-09-25,2026-09-25T08:35:16.234166+09:00,その他メディア,,福島民友新聞,福島県警、東北逮捕術大会で優勝 全国へ「一丸で優勝目指す」,https://www.minyu-net.com/news/detail/2026092508221155226,https://news.ceek.jp/search.cgi?category_id=local&feed=1,ok,,地方・地域
2026-09-25,2026-09-25T08:35:16.234166+09:00,全国紙,全国,東京新聞,都市と地方の学生「共修」 前橋国際大と立教大協定,https://www.tokyo-np.co.jp/article/517583,https://news.ceek.jp/search.cgi?category_id=local&feed=1,ok,,地方・地域
2026-09-25,2026-09-25T08:35:16.234166+09:00,全国紙,全国,東京新聞,稚児が舞披露 太田「子育て呑龍さま」開山忌,https://www.tokyo-np.co.jp/article/517582,https://news.ceek.jp/search.cgi?category_id=local&feed=1,ok,,地方・地域
2026-09-25,2026-09-25T08:35:16.234166+09:00,全国紙,全国,東京新聞,下仁田町、荒船風穴の平日見学を来月1日から再開 クマ出没情報受け休園,https://www.tokyo-np.co.jp/article/517585,https://news.ceek.jp/search.cgi?category_id=local&feed=1,ok,,地方・地域
2026-09-25,2026-09-25T08:35:16.234166+09:00,その他メディア,,TOKYO HEADLINE,池袋駅西口で秋の祭典「第59回ふくろ祭り」開催!神輿とよさこいで熱気あふれる4日間,https://www.tokyoheadline.com/872626/,https://news.ceek.jp/search.cgi?category_id=local&feed=1,ok,,地方・地域
2026-09-25,2026-09-25T08:35:16.234166+09:00,全国紙,全国,中日新聞,為替相場 25日(日本時間 8時),https://www.chunichi.co.jp/article/1315961,https://news.ceek.jp/search.cgi?category_id=local&feed=1,ok,,地方・地域
2026-09-25,2026-09-25T08:35:16.234166+09:00,その他メディア,,福島民友新聞,高松義行本宮市長、今期で引退 次期市長選に出馬せず,https://www.minyu-net.com/news/detail/2026092420541855214,https://news.ceek.jp/search.cgi?category_id=local&feed=1,ok,,地方・地域
2026-09-25,2026-09-25T08:35:16.234166+09:00,その他メディア,,Jタウンネット,夜10時、車に乗ったらフロントガラスに「人の手」が 恐怖体験に3.2万人悲鳴...その真相,https://j-town.net/2026/09/25367193.html,https://news.ceek.jp/search.cgi?category_id=local&feed=1,ok,,地方・地域
2026-09-25,2026-09-25T08:35:16.234166+09:00,地方紙,宮城,河北新報,「必ずもうかる」「運命の人」「逮捕するぞ」 特殊詐欺の決まり文句をキーホルダーに 山形県警がカプセルトイで配布へ,https://kahoku.news/articles/20260924khn000059.html,https://news.ceek.jp/search.cgi?category_id=local&feed=1,ok,,地方・地域
2026-09-25,2026-09-25T08:35:16.234166+09:00,全国紙,全国,朝日新聞,eスポーツ、普及の鍵は親の理解?「非認知能力」養う機会にも,https://www.asahi.com/articles/ASV9N1QLJV9NOIPE004M.html,https://news.ceek.jp/search.cgi?category_id=local&feed=1,ok,,地方・地域
2026-09-25,2026-09-25T08:35:16.234166+09:00,その他メディア,,長野日報,大三国、火の粉の中駆ける 大宮五十鈴神社例大祭,https://www.nagano-np.co.jp/news/detail.php?id=6565,https://news.ceek.jp/search.cgi?category_id=local&feed=1,ok,,地方・地域
2026-09-25,2026-09-25T08:35:16.234166+09:00,その他メディア,,フジテレビ,「責任の所在は?」紙屋町シャレオとエールエールヒロシマ経営統合 広島市が50億円出資か,https://www.fnn.jp/articles/-/1120622,https://news.ceek.jp/search.cgi?category_id=local&feed=1,ok,,地方・地域
2026-09-25,2026-09-25T08:35:16.234166+09:00,その他メディア,,茨城新聞,紛失防止タグ悪用急増 茨城県警、相談数最多ペース 水戸ストーカー殺人,https://ibarakinews.jp/news/newsdetail.php?f_jun=1790257062621300,https://news.ceek.jp/search.cgi?category_id=local&feed=1,ok,,地方・地域
2026-09-25,2026-09-25T08:35:16.234166+09:00,その他メディア,,TBSテレビ,"【台風情報】台風26号(スリゲ)27日(日)には “強い勢力"" で沖縄・宮古島接近へ 955hPa・瞬間風速60m/sの見込み、日本の南で停滞のおそれも【雨と風シミュレーション】",https://newsdig.tbs.co.jp/articles/-/2965978?display=1,https://news.ceek.jp/search.cgi?category_id=local&feed=1,ok,,地方・地域
2026-09-25,2026-09-25T08:35:16.234166+09:00,地方紙,新潟,新潟日報,佐渡市・加茂湖のカキ養殖、稚貝育成へ試行錯誤...地元漁師ら、自給体制確立でコスト削減狙う,https://www.niigata-nippo.co.jp/articles/-/908611,https://news.ceek.jp/search.cgi?category_id=local&feed=1,ok,,地方・地域
2026-09-25,2026-09-25T08:35:16.234166+09:00,その他メディア,,佐賀新聞,長崎自動車道に事故車を放置 無免許運転など疑いで50代の暴力団組員を逮捕 佐賀県警,https://www.saga-s.co.jp/articles/-/1797812,https://news.ceek.jp/search.cgi?category_id=local&feed=1,ok,,地方・地域
2026-09-25,2026-09-25T08:35:16.234166+09:00,全国紙,全国,朝日新聞,警察署の当直統合試行 神奈川県警が厚木と伊勢原で 背景に人手不足,https://www.asahi.com/articles/ASV9S4307V9SULOB00FM.html,https://news.ceek.jp/search.cgi?category_id=local&feed=1,ok,,地方・地域
2026-09-25,2026-09-25T08:35:16.234166+09:00,地方紙,宮城,河北新報,女性の視点で論戦展開 宮城・気仙沼市議会で新人2議員が初の一般質問,https://kahoku.news/articles/20260924khn000079.html,https://news.ceek.jp/search.cgi?category_id=local&feed=1,ok,,地方・地域
2026-09-25,2026-09-25T08:35:16.234166+09:00,地方紙,新潟,新潟日報,[道路情報]新潟バイパス、事故で通行規制 朝のラッシュを直撃(9月25日),https://www.niigata-nippo.co.jp/articles/-/912326,https://news.ceek.jp/search.cgi?category_id=local&feed=1,ok,,地方・地域
2026-09-25,2026-09-25T08:35:16.234166+09:00,その他メディア,,佐賀新聞,<見どころサガン鳥栖>9月26日アウェーで山形戦 3試合ぶり白星を,https://www.saga-s.co.jp/articles/-/1797786,https://news.ceek.jp/search.cgi?category_id=local&feed=1,ok,,地方・地域
2026-09-25,2026-09-25T08:35:16.234166+09:00,その他メディア,,秋田魁新報,未明の町役場、自動ドアを必死に開けようとする高齢女性保護 五城目署、男性に感謝状,https://www.sakigake.jp/news/article/20260924AK0023/,https://news.ceek.jp/search.cgi?category_id=local&feed=1,ok,,地方・地域
2026-09-25,2026-09-25T08:35:16.234166+09:00,その他メディア,,TBSテレビ,自転車の前かごから男子高校生の運動着など5点盗んだ疑い 45歳の男逮捕=静岡・富士宮市,https://newsdig.tbs.co.jp/articles/-/2965982?display=1,https://news.ceek.jp/search.cgi?category_id=local&feed=1,ok,,地方・地域
2026-09-25,2026-09-25T08:35:16.234166+09:00,全国紙,全国,東京新聞,「幼保先生エール」記念日認定 4月第4月曜日、黄色着用PR 親子向け公演団体 「歌う海賊団」船長考案,https://www.tokyo-np.co.jp/article/517584,https://news.ceek.jp/search.cgi?category_id=local&feed=1,ok,,地方・地域
2026-09-25,2026-09-25T08:35:16.234166+09:00,全国紙,全国,東京新聞,下野市制20周年を祝して ビールで乾杯しよう 27日飲み比べやライブ,https://www.tokyo-np.co.jp/article/517586,https://news.ceek.jp/search.cgi?category_id=local&feed=1,ok,,地方・地域
2026-09-25,2026-09-25T08:35:16.234166+09:00,その他メディア,,福島民友新聞,ボンズ、開幕戦へ連係確認 9月26日から奈良戦,https://www.minyu-net.com/news/detail/2026092508062155223,https://news.ceek.jp/search.cgi?category_id=local&feed=1,ok,,地方・地域
2026-09-25,2026-09-25T08:35:16.234166+09:00,その他メディア,,岐阜新聞,VIVANT渋滞、コラボ商品「作れば作るだけ売れる」うれしい悲鳴 ロケ効果に沸く恵那市岩村町,https://www.gifu-np.co.jp/articles/-/774057,https://news.ceek.jp/search.cgi?category_id=local&feed=1,ok,,地方・地域
2026-09-25,2026-09-25T08:35:16.234166+09:00,地方紙,宮城,河北新報,車両故障で仙石東北ライン上下2本が運休,https://kahoku.news/articles/20260925khn000001.html,https://news.ceek.jp/search.cgi?category_id=local&feed=1,ok,,地方・地域
2026-09-25,2026-09-25T08:35:16.234166+09:00,地方紙,広島,中国新聞,「習近平主席は退陣を」抗議活動,https://www.chugoku-np.co.jp/articles/-/899610,https://news.ceek.jp/search.cgi?category_id=local&feed=1,ok,,地方・地域
2026-09-25,2026-09-25T08:35:16.234166+09:00,全国紙,全国,中日新聞,「習近平主席は退陣を」抗議活動 米ワシントン、親中派と衝突,https://www.chunichi.co.jp/article/1315989,https://news.ceek.jp/search.cgi?category_id=local&feed=1,ok,,地方・地域
2026-09-25,2026-09-25T08:35:16.234166+09:00,全国紙,全国,東京新聞,「まんじゅうや」票無効で上告 神栖市長「高裁判決に疑義」,https://www.tokyo-np.co.jp/article/517580,https://news.ceek.jp/search.cgi?category_id=local&feed=1,ok,,地方・地域
2026-09-25,2026-09-25T08:35:16.234166+09:00,その他メディア,,まいどなニュース,「名探偵コナン」で同一アニメ主題歌数の世界記録を持つ43歳歌姫 ナチュラルな笑顔の近影にネット興奮「いい笑顔だわん」「何歳になったの」,https://maidonanews.jp/article/16911952,https://news.ceek.jp/search.cgi?category_id=local&feed=1,ok,,地方・地域
2026-09-25,2026-09-25T08:35:16.234166+09:00,その他メディア,,山陽新聞,県北の風景や営み 写真に 真庭・旧遷喬尋常小、愛好者ら200点展示,https://www.sanyonews.jp/article/1994071/,https://news.ceek.jp/search.cgi?category_id=local&feed=1,ok,,地方・地域
2026-09-25,2026-09-25T08:35:16.234166+09:00,その他メディア,,フジテレビ,広島市上安PFAS問題 「これは誰の責任ですか?」 基準値超える井戸水 市議会で市民が現状を訴える,https://www.fnn.jp/articles/-/1120619,https://news.ceek.jp/search.cgi?category_id=local&feed=1,ok,,地方・地域
2026-09-25,2026-09-25T08:35:16.234166+09:00,その他メディア,,佐賀新聞,災害時のドローン活用で協定 小城市と県ドローン減災士協会 捜索や情報収集,https://www.saga-s.co.jp/articles/-/1797791,https://news.ceek.jp/search.cgi?category_id=local&feed=1,ok,,地方・地域
2026-09-25,2026-09-25T08:35:16.234166+09:00,全国紙,全国,東京新聞,春日部市立医療センター ホルマリン液を2個紛失 指定劇物 保健所、立ち入り検査,https://www.tokyo-np.co.jp/article/517579,https://news.ceek.jp/search.cgi?category_id=local&feed=1,ok,,地方・地域
2026-09-25,2026-09-25T08:35:16.234166+09:00,その他メディア,,都政新報,選挙放浪記(38)/フリーライター 畠山 理仁/沖縄県知事選/目立つ現職への誹謗中傷/街はクリーン、ネットは混乱,https://www.toseishimpo.co.jp/news/260925-04/,https://news.ceek.jp/search.cgi?category_id=local&feed=1,ok,,地方・地域
2026-09-25,2026-09-25T08:35:16.234166+09:00,全国紙,全国,東京新聞,関東大震災朝鮮人虐殺 県内の記録 姜大興さん追悼委などが冊子 「あらためて事件に向き合って」,https://www.tokyo-np.co.jp/article/517578,https://news.ceek.jp/search.cgi?category_id=local&feed=1,ok,,地方・地域
2026-09-25,2026-09-25T08:35:16.234166+09:00,その他メディア,,都政新報,新宿区/大規模マンション条例10月施行/新築・開発で事前協議義務付け/ワンルームも規制対象拡大,https://www.toseishimpo.co.jp/news/260925-03/,https://news.ceek.jp/search.cgi?category_id=local&feed=1,ok,,地方・地域
2026-09-25,2026-09-25T08:35:16.234166+09:00,全国紙,全国,産経新聞,奈良県 各種使用料や手数料、スマホやクレカで納付可能に エルQR付き納付書開始,https://www.sankei.com/article/20260925-J4TD6R5NEVNOROFUXU532X4W6Y/,https://news.ceek.jp/search.cgi?category_id=local&feed=1,ok,,地方・地域
2026-09-25,2026-09-25T08:35:16.234166+09:00,その他メディア,,福島民友新聞,侵入盗の疑い、窃盗グループ指示役の男3人再逮捕 福島県内4400万円被害か,https://www.minyu-net.com/news/detail/2026092417143955208,https://news.ceek.jp/search.cgi?category_id=local&feed=1,ok,,地方・地域
2026-09-25,2026-09-25T08:35:16.234166+09:00,その他メディア,,都政新報,品川区、文京区/民泊規制議会側から条例案/住民不安受け「両輪で」,https://www.toseishimpo.co.jp/news/260925-02/,https://news.ceek.jp/search.cgi?category_id=local&feed=1,ok,,地方・地域
2026-09-25,2026-09-25T08:35:16.234166+09:00,その他メディア,,TBSテレビ,【台風シミュレーション】急カーブで関東接近の予測も...10月2日(金)〜3日(土)大荒れか 台風26号(スリゲ)955hPa・風速60m「強い」勢力で沖縄接近、その後本州接近のおそれ,https://newsdig.tbs.co.jp/articles/-/2965979?display=1,https://news.ceek.jp/search.cgi?category_id=local&feed=1,ok,,地方・地域
