date,collected_at,category,region,newspaper,headline,url,source_url,status,error_message,topic
2026-09-27,2026-09-27T08:12:28.721527+09:00,全国紙,全国,読売新聞,,,,skipped,robots.txtが一般クローラー/AI系UAを名指しで包括的にDisallow。2024年1月のToS改定で自動収集・生成AI学習目的の収集を明示的に禁止しているため、自動取得の対象外とする。,
2026-09-27,2026-09-27T08:12:28.721527+09:00,全国紙,全国,朝日新聞,東京・高尾駅に念願の南北通路計画 60年越しの不便解消へ前進,http://www.asahi.com/articles/ASV9S1RJSV9SBNET003M.html,https://www.asahi.com/rss/asahi/newsheadlines.rdf,ok,,社会
2026-09-27,2026-09-27T08:12:28.721527+09:00,全国紙,全国,朝日新聞,群馬女性殺害事件 長女の元夫を公開手配、長男への殺人未遂容疑で,http://www.asahi.com/articles/ASV9V05DYV9VUHNB001M.html,https://www.asahi.com/rss/asahi/newsheadlines.rdf,ok,,社会
2026-09-27,2026-09-27T08:12:28.721527+09:00,全国紙,全国,朝日新聞,再審無罪から2年 袴田さんの姉「巌だけ助かればいい問題ではない」,http://www.asahi.com/articles/ASV9V2QXMV9VUTPB014M.html,https://www.asahi.com/rss/asahi/newsheadlines.rdf,ok,,社会
2026-09-27,2026-09-27T08:12:28.721527+09:00,全国紙,全国,朝日新聞,三重・白山高校のバスが衝突、野球部員6人重軽傷 遠征向かう途中で,http://www.asahi.com/articles/ASV9V2HWSV9VONFB00DM.html,https://www.asahi.com/rss/asahi/newsheadlines.rdf,ok,,社会
2026-09-27,2026-09-27T08:12:28.721527+09:00,全国紙,全国,朝日新聞,名古屋の中部電力 MIRAI TOWERから黒煙 約30人が避難,http://www.asahi.com/articles/ASV9V2FWTV9VOIPE008M.html,https://www.asahi.com/rss/asahi/newsheadlines.rdf,ok,,社会
2026-09-27,2026-09-27T08:12:28.721527+09:00,全国紙,全国,朝日新聞,黒色火薬を自宅で所持容疑、男逮捕 肥料購入「不審」思い通報→発覚,http://www.asahi.com/articles/ASV9V1H16V9VUTIL005M.html,https://www.asahi.com/rss/asahi/newsheadlines.rdf,ok,,社会
2026-09-27,2026-09-27T08:12:28.721527+09:00,全国紙,全国,朝日新聞,娘2人をベランダから投げ落とした疑い 父親を殺人未遂容疑で逮捕,http://www.asahi.com/articles/ASV9V1275V9VOIPE001M.html,https://www.asahi.com/rss/asahi/newsheadlines.rdf,ok,,社会
2026-09-27,2026-09-27T08:12:28.721527+09:00,全国紙,全国,朝日新聞,まだ元気...でも今の家にこの先も? シニア向け賃貸という新たな選択,http://www.asahi.com/articles/ASV9K2WBHV9KOXIE02FM.html,https://www.asahi.com/rss/asahi/newsheadlines.rdf,ok,,社会
2026-09-27,2026-09-27T08:12:28.721527+09:00,全国紙,全国,朝日新聞,広島カープ矢野雅哉選手を書類送検 ゾンビたばこ事件で関係先が捜索,http://www.asahi.com/articles/ASV9T46XDV9TOXIE00JM.html,https://www.asahi.com/rss/asahi/newsheadlines.rdf,ok,,社会
2026-09-27,2026-09-27T08:12:28.721527+09:00,全国紙,全国,朝日新聞,大麻成分の液体8キロを米国から輸入容疑 ベトナム国籍の大学生逮捕,http://www.asahi.com/articles/ASV9T32L0V9TTTHB008M.html,https://www.asahi.com/rss/asahi/newsheadlines.rdf,ok,,社会
2026-09-27,2026-09-27T08:12:28.721527+09:00,全国紙,全国,朝日新聞,サッカー日本、北朝鮮から得た「学び」 辛勝でアジア大会4強入り,http://www.asahi.com/articles/ASV9V4SPPV9VUTQP021M.html,https://www.asahi.com/rss/asahi/newsheadlines.rdf,ok,,スポーツ
2026-09-27,2026-09-27T08:12:28.721527+09:00,全国紙,全国,朝日新聞,「鬼気迫る」韓国に敗戦、日本は銀メダル アジア大会・格ゲー団体戦,http://www.asahi.com/articles/ASV9V3S9RV9VUTQP01NM.html,https://www.asahi.com/rss/asahi/newsheadlines.rdf,ok,,スポーツ
2026-09-27,2026-09-27T08:12:28.721527+09:00,全国紙,全国,朝日新聞,サッカー日本代表、広島で2年ぶりの試合へ 縁ある2人が出番を狙う,http://www.asahi.com/articles/ASV9V3WMHV9VUTQP018M.html,https://www.asahi.com/rss/asahi/newsheadlines.rdf,ok,,スポーツ
2026-09-27,2026-09-27T08:12:28.721527+09:00,全国紙,全国,朝日新聞,アジア大会で出会った「祖国」 球場からパレスチナを思う男性の喜び,http://www.asahi.com/articles/ASV9S3DN8V9SOIPE00HM.html,https://www.asahi.com/rss/asahi/newsheadlines.rdf,ok,,社会
2026-09-27,2026-09-27T08:12:28.721527+09:00,全国紙,全国,朝日新聞,「ぷよぷよ」金の11歳栗原「大連鎖でいかない方が...不安あった」,http://www.asahi.com/articles/ASV9V250XV9VUTQP017M.html,https://www.asahi.com/rss/asahi/newsheadlines.rdf,ok,,スポーツ
2026-09-27,2026-09-27T08:12:28.721527+09:00,全国紙,全国,朝日新聞,もし自分の判断能力が下がったら... 「任意後見」という備えの選択肢,http://www.asahi.com/articles/ASV9S2JH4V9SUTFL00RM.html,https://www.asahi.com/rss/asahi/newsheadlines.rdf,ok,,ビジネス
2026-09-27,2026-09-27T08:12:28.721527+09:00,全国紙,全国,朝日新聞,片山財務相が米財務長官と電話会談 円の過小評価は問題だと確認,http://www.asahi.com/articles/ASV9T4RHMV9TULFA02XM.html,https://www.asahi.com/rss/asahi/newsheadlines.rdf,ok,,ビジネス
2026-09-27,2026-09-27T08:12:28.721527+09:00,全国紙,全国,朝日新聞,「アベノミクス的リフレ政策は終わっている」 城内成長戦略相が明言,http://www.asahi.com/articles/ASV9T2SQQV9TULFA01NM.html,https://www.asahi.com/rss/asahi/newsheadlines.rdf,ok,,ビジネス
2026-09-27,2026-09-27T08:12:28.721527+09:00,全国紙,全国,朝日新聞,「脱ホルムズ交付金」など関連3法案提出へ 中東情勢踏まえ 政府,http://www.asahi.com/articles/ASV9T3PGGV9TULFA02PM.html,https://www.asahi.com/rss/asahi/newsheadlines.rdf,ok,,ビジネス
2026-09-27,2026-09-27T08:12:28.721527+09:00,全国紙,全国,朝日新聞,JFEスチールの千葉地区、60万トン減産見込み 豪雨被害で,http://www.asahi.com/articles/ASV9T3D09V9TULFA01YM.html,https://www.asahi.com/rss/asahi/newsheadlines.rdf,ok,,ビジネス
2026-09-27,2026-09-27T08:12:28.721527+09:00,全国紙,全国,朝日新聞,宇宙が「戦域」となる時代 激化する米中競争と日本の宇宙戦略,http://www.asahi.com/articles/ASV9Q4D9XV9QUTFK009M.html,https://www.asahi.com/rss/asahi/newsheadlines.rdf,ok,,政治
2026-09-27,2026-09-27T08:12:28.721527+09:00,全国紙,全国,朝日新聞,高市首相、トランプ氏と電話協議 米中会談受け中国の「諸課題」議論,http://www.asahi.com/articles/ASV9V4GXNV9VUTFK00GM.html,https://www.asahi.com/rss/asahi/newsheadlines.rdf,ok,,政治
2026-09-27,2026-09-27T08:12:28.721527+09:00,全国紙,全国,朝日新聞,米の中距離ミサイルシステムが嘉手納へ 中国射程、長期配備の懸念も,http://www.asahi.com/articles/ASV9V2TK7V9VUTFK003M.html,https://www.asahi.com/rss/asahi/newsheadlines.rdf,ok,,政治
2026-09-27,2026-09-27T08:12:28.721527+09:00,全国紙,全国,朝日新聞,ICC問題、「法の支配」を米国にも 日本は同じ物差しを当てたのか,http://www.asahi.com/articles/ASV9T7RYGV9TUTFK00WM.html,https://www.asahi.com/rss/asahi/newsheadlines.rdf,ok,,政治
2026-09-27,2026-09-27T08:12:28.721527+09:00,全国紙,全国,朝日新聞,福岡県議会で百条委設置求める議案提出へ 超党派8人、金銭疑惑など,http://www.asahi.com/articles/ASV9V3HWHV9VTIPE00TM.html,https://www.asahi.com/rss/asahi/newsheadlines.rdf,ok,,政治
2026-09-27,2026-09-27T08:12:28.721527+09:00,全国紙,全国,朝日新聞,独ロ外相、米国でウクライナ侵攻後初会談 ドイツ側は従来の主張強調,http://www.asahi.com/articles/ASV9V6CQYV9VUHBI030M.html,https://www.asahi.com/rss/asahi/newsheadlines.rdf,ok,,国際
2026-09-27,2026-09-27T08:12:28.721527+09:00,全国紙,全国,朝日新聞,トランプ氏、イラン新提案を「拒否」 中間選挙後に攻撃再開の報道も,http://www.asahi.com/articles/ASV9V61R9V9VUHBI02YM.html,https://www.asahi.com/rss/asahi/newsheadlines.rdf,ok,,国際
2026-09-27,2026-09-27T08:12:28.721527+09:00,全国紙,全国,朝日新聞,「同盟国」そろって明記した米中 歩み寄りの影でくすぶる不満と火種,http://www.asahi.com/articles/ASV9V43GTV9VULFA00HM.html,https://www.asahi.com/rss/asahi/newsheadlines.rdf,ok,,国際
2026-09-27,2026-09-27T08:12:28.721527+09:00,全国紙,全国,朝日新聞,米中指導者に左右されない日本の基盤を 会談でAI管理構想示されず,http://www.asahi.com/articles/ASV9T4RZYV9TUHBI03ZM.html,https://www.asahi.com/rss/asahi/newsheadlines.rdf,ok,,国際
2026-09-27,2026-09-27T08:12:28.721527+09:00,全国紙,全国,朝日新聞,「ウォーク・インもいる」 元CIAが語るハードターゲット攻略法,http://www.asahi.com/articles/ASV9S3FT6V9SUHBI00CM.html,https://www.asahi.com/rss/asahi/newsheadlines.rdf,ok,,国際
2026-09-27,2026-09-27T08:12:28.721527+09:00,全国紙,全国,朝日新聞,プリキュア出演声優の加藤英美里 勇気くれた「ファン第1号」の言葉,http://www.asahi.com/articles/ASV9K1SNYV9KUCVL03JM.html,https://www.asahi.com/rss/asahi/newsheadlines.rdf,ok,,文化芸能
2026-09-27,2026-09-27T08:12:28.721527+09:00,全国紙,全国,朝日新聞,将棋の西山朋佳白玲、女性初「棋士」に前進 あと1勝で棋士資格獲得,http://www.asahi.com/articles/ASV9V3FGFV9VUCVL010M.html,https://www.asahi.com/rss/asahi/newsheadlines.rdf,ok,,文化芸能
2026-09-27,2026-09-27T08:12:28.721527+09:00,全国紙,全国,朝日新聞,俳優いきいき、まるで写真の出来栄え 数少なくなった看板絵師の技,http://www.asahi.com/articles/ASV9V10WFV9VTIPE01FM.html,https://www.asahi.com/rss/asahi/newsheadlines.rdf,ok,,文化芸能
2026-09-27,2026-09-27T08:12:28.721527+09:00,全国紙,全国,朝日新聞,高病原性鳥インフルの様相に異変 感染野鳥が毎年発生、期間も長期化,http://www.asahi.com/articles/ASV9S24Y8V9SUTFL012M.html,https://www.asahi.com/rss/asahi/newsheadlines.rdf,ok,,サイエンス
2026-09-27,2026-09-27T08:12:28.721527+09:00,全国紙,全国,朝日新聞,台風25号で相次いだ土砂崩れ、地形が影響か 専門家の調査に同行,http://www.asahi.com/articles/ASV9V21YJV9VUTFL003M.html,https://www.asahi.com/rss/asahi/newsheadlines.rdf,ok,,サイエンス
2026-09-27,2026-09-27T08:12:28.721527+09:00,全国紙,全国,朝日新聞,生物多様性「知っている」は7割 気候変動への危機感で関心高まる,http://www.asahi.com/articles/ASV9T0JL8V9TUTFL00CM.html,https://www.asahi.com/rss/asahi/newsheadlines.rdf,ok,,サイエンス
2026-09-27,2026-09-27T08:12:28.721527+09:00,全国紙,全国,朝日新聞,「被爆市長」山下三郎さん死去 96歳の元廿日市市長、米国でも証言,http://www.asahi.com/articles/ASV9T20YMV9TPTIL00TM.html,https://www.asahi.com/rss/asahi/newsheadlines.rdf,ok,,おくやみ
2026-09-27,2026-09-27T08:12:28.721527+09:00,全国紙,全国,朝日新聞,仏俳優マリナ・ブラディさん死去 88歳 ゴダール監督作品にも出演,http://www.asahi.com/articles/ASV9T0PRRV9TUCVL00LM.html,https://www.asahi.com/rss/asahi/newsheadlines.rdf,ok,,おくやみ
2026-09-27,2026-09-27T08:12:28.721527+09:00,全国紙,全国,朝日新聞,映画監督の舛田利雄さん死去 石原裕次郎主演「錆びたナイフ」など,http://www.asahi.com/articles/ASV9S3F4TV9SUCVL03CM.html,https://www.asahi.com/rss/asahi/newsheadlines.rdf,ok,,おくやみ
2026-09-27,2026-09-27T08:12:28.721527+09:00,全国紙,全国,毎日新聞,抑圧下の心の叫び、絵で表現 東京でアフガン少女たちの絵画展,https://mainichi.jp/articles/20260926/k00/00m/040/175000c,https://mainichi.jp/rss/etc/mainichi-flash.rss,ok,,ニュース
2026-09-27,2026-09-27T08:12:28.721527+09:00,全国紙,全国,毎日新聞,最期まで私らしく~知っておきたい在宅の医療とケア~:金銭管理が難しい認知症 事前につくりたい“親と子のトリセツ”,https://mainichi.jp/articles/20260924/k00/00m/100/179000c,https://mainichi.jp/rss/etc/mainichi-flash.rss,ok,,ニュース
2026-09-27,2026-09-27T08:12:28.721527+09:00,全国紙,全国,毎日新聞,電車がライブ会場に ラッパー・VIKNさんが銚子電鉄でイベント,https://mainichi.jp/articles/20260926/k00/00m/310/172000c,https://mainichi.jp/rss/etc/mainichi-flash.rss,ok,,ニュース
2026-09-27,2026-09-27T08:12:28.721527+09:00,全国紙,全国,毎日新聞,露外相、日本とドイツの安保理常任理事国入りに反対 国連総会,https://mainichi.jp/articles/20260927/k00/00m/030/019000c,https://mainichi.jp/rss/etc/mainichi-flash.rss,ok,,ニュース
2026-09-27,2026-09-27T08:12:28.721527+09:00,全国紙,全国,毎日新聞,「紀元節」復活にも反対 昭和天皇末弟「赤い宮様」の生涯追う,https://mainichi.jp/articles/20260925/k00/00m/200/148000c,https://mainichi.jp/rss/etc/mainichi-flash.rss,ok,,ニュース
2026-09-27,2026-09-27T08:12:28.721527+09:00,全国紙,全国,毎日新聞,毎日の稽古に往復3時間 長崎くんちの感動、親子で味わいたくて,https://mainichi.jp/articles/20260924/k00/00m/310/311000c,https://mainichi.jp/rss/etc/mainichi-flash.rss,ok,,ニュース
2026-09-27,2026-09-27T08:12:28.721527+09:00,全国紙,全国,毎日新聞,戦災経た寺を24歳で継承→結婚 女性住職が伝える家庭円満の秘策,https://mainichi.jp/articles/20260925/k00/00m/040/192000c,https://mainichi.jp/rss/etc/mainichi-flash.rss,ok,,ニュース
2026-09-27,2026-09-27T08:12:28.721527+09:00,全国紙,全国,毎日新聞,戦時中の過酷動員、3000キロカロリー超消費 対する摂取は?,https://mainichi.jp/articles/20260926/k00/00m/310/034000c,https://mainichi.jp/rss/etc/mainichi-flash.rss,ok,,ニュース
2026-09-27,2026-09-27T08:12:28.721527+09:00,全国紙,全国,毎日新聞,「ヤシ並木残して」76% 静岡・伊東市で40年超、世代交代へ,https://mainichi.jp/articles/20260925/k00/00m/310/041000c,https://mainichi.jp/rss/etc/mainichi-flash.rss,ok,,ニュース
2026-09-27,2026-09-27T08:12:28.721527+09:00,全国紙,全国,毎日新聞,真相・ニュースの現場から:「2台の犯人へ」 手紙の結びに込めた母の思いと決意,https://mainichi.jp/articles/20260926/k00/00m/040/106000c,https://mainichi.jp/rss/etc/mainichi-flash.rss,ok,,ニュース
2026-09-27,2026-09-27T08:12:28.721527+09:00,全国紙,全国,毎日新聞,アジアウォッチ:日本ではまずない? タイ人はなぜ「バンク」「パンケーキ」なのか,https://mainichi.jp/articles/20260925/k00/00m/030/129000c,https://mainichi.jp/rss/etc/mainichi-flash.rss,ok,,ニュース
2026-09-27,2026-09-27T08:12:28.721527+09:00,全国紙,全国,毎日新聞,真相・ニュースの現場から :「犯人逮捕は突然に」 時効まで3年 勇気をもらって前へ,https://mainichi.jp/articles/20260926/k00/00m/040/104000c,https://mainichi.jp/rss/etc/mainichi-flash.rss,ok,,ニュース
2026-09-27,2026-09-27T08:12:28.721527+09:00,全国紙,全国,毎日新聞,ゆるやかな糖質制限のススメ~健康の常識・非常識~ :朝からスイーツも! ロカボ提唱医の意外な朝食,https://mainichi.jp/articles/20260925/k00/00m/100/119000c,https://mainichi.jp/rss/etc/mainichi-flash.rss,ok,,ニュース
2026-09-27,2026-09-27T08:12:28.721527+09:00,全国紙,全国,毎日新聞,野球日本代表、台湾に逆転勝ち 韓国との決勝へ アジア大会,https://mainichi.jp/articles/20260926/k00/00m/050/182000c,https://mainichi.jp/rss/etc/mainichi-flash.rss,ok,,ニュース
2026-09-27,2026-09-27T08:12:28.721527+09:00,全国紙,全国,毎日新聞,日米首脳が電話協議 高市首相「日米は最も信頼し合える同盟国」,https://mainichi.jp/articles/20260926/k00/00m/010/177000c,https://mainichi.jp/rss/etc/mainichi-flash.rss,ok,,ニュース
2026-09-27,2026-09-27T08:12:28.721527+09:00,全国紙,全国,毎日新聞,「同盟国」記載、対中融和姿勢の米国 一方で日本に配慮も?,https://mainichi.jp/articles/20260926/k00/00m/030/171000c,https://mainichi.jp/rss/etc/mainichi-flash.rss,ok,,ニュース
2026-09-27,2026-09-27T08:12:28.721527+09:00,全国紙,全国,毎日新聞,台風被災のJR区間、28日から代行輸送 内房線はバス確保できず,https://mainichi.jp/articles/20260926/k00/00m/310/164000c,https://mainichi.jp/rss/etc/mainichi-flash.rss,ok,,ニュース
2026-09-27,2026-09-27T08:12:28.721527+09:00,全国紙,全国,毎日新聞,崩れた大の里、巻き返す安青錦 賜杯の行方は千秋楽相星決戦へ,https://mainichi.jp/articles/20260926/k00/00m/050/159000c,https://mainichi.jp/rss/etc/mainichi-flash.rss,ok,,ニュース
2026-09-27,2026-09-27T08:12:28.721527+09:00,全国紙,全国,毎日新聞,関西学生剣道 男子団体は大阪体育大V 女子は園田学園大が優勝,https://mainichi.jp/articles/20260926/k00/00m/050/158000c,https://mainichi.jp/rss/etc/mainichi-flash.rss,ok,,ニュース
2026-09-27,2026-09-27T08:12:28.721527+09:00,全国紙,全国,毎日新聞,九州学生剣道 女子・鹿屋体育大が10連覇、男子・別府大は2年ぶり,https://mainichi.jp/articles/20260926/k00/00m/050/157000c,https://mainichi.jp/rss/etc/mainichi-flash.rss,ok,,ニュース
2026-09-27,2026-09-27T08:12:28.721527+09:00,全国紙,全国,日本経済新聞,,,,skipped,公式無料RSSなし。著作権ページで自動収集を明確に禁止しているため、自動取得の対象外とする。,
2026-09-27,2026-09-27T08:12:28.721527+09:00,全国紙,全国,産経新聞,岩屋毅前外相ら貿易団体代表団が訪中へ 習指導部との面会希望 日本企業役員ら50人参加,https://www.sankei.com/article/20260927-DAJY6T2SPJJ5VJD24JOUFUQAQE/,https://www.sankei.com/,ok,,
2026-09-27,2026-09-27T08:12:28.721527+09:00,全国紙,全国,産経新聞,世界遺産認定 快挙生んだ考古学者の苦闘 百年にわたる魂の系譜...,https://www.sankei.com/article/20260815-QFGOV26NZFOPTOI5VG332AGYEA/?outputType=theme_election2026,https://www.sankei.com/,ok,,
2026-09-27,2026-09-27T08:12:28.721527+09:00,全国紙,全国,産経新聞,政府が外国と疑われる不審アカウント把握 高市首相「選挙への影...,https://www.sankei.com/article/20260318-U6PW4754BNE3XKFYBTQWPKM65A/?outputType=theme_election2026,https://www.sankei.com/,ok,,
2026-09-27,2026-09-27T08:12:28.721527+09:00,全国紙,全国,産経新聞,衆院選で国会議員の部屋割り一変 小沢、岡田、安住氏ら自民に明...,https://www.sankei.com/article/20260304-C5JCVB743FEVZMNEAU76GY4VNQ/?outputType=theme_election2026,https://www.sankei.com/,ok,,
2026-09-27,2026-09-27T08:12:28.721527+09:00,全国紙,全国,産経新聞,立正佼成会が衆院選で中道103人推薦 公明合流影響か 前回立...,https://www.sankei.com/article/20260303-EHLBLQ2BTRCSVGSJVFHI5TBX4U/?outputType=theme_election2026,https://www.sankei.com/,ok,,
2026-09-27,2026-09-27T08:12:28.721527+09:00,全国紙,全国,産経新聞,サッカーの埋もれた才能発掘アシスト C大阪選手がネットと動画で仕掛けるスカウト革命,https://www.sankei.com/article/20260927-KM4RRDED5NIE5AVXKADWYBO2HI/?outputType=asynd,https://www.sankei.com/,ok,,
2026-09-27,2026-09-27T08:12:28.721527+09:00,全国紙,全国,産経新聞,<主張>旧敵国条項 首相の削除要求は当然だ 中国による侵略口実を防げ,https://www.sankei.com/article/20260927-27ND6OWNSVP6NGJMNXXYG4QY3A/,https://www.sankei.com/,ok,,
2026-09-27,2026-09-27T08:12:28.721527+09:00,全国紙,全国,産経新聞,京王電鉄グループ会社にランサム攻撃、一部店舗でカード決済不能に 鉄道運航に影響はなし,https://www.sankei.com/article/20260926-ONBJZNKFPRK75KNJKAKYPEHWUI/,https://www.sankei.com/,ok,,
2026-09-27,2026-09-27T08:12:28.721527+09:00,全国紙,全国,産経新聞,米成果文書に中国側の主張色濃く 米中「同盟」や「尊重」に言及、北「非核化」は消える,https://www.sankei.com/article/20260927-KEIX5PF7YRNQNDERF4UWFAWFYE/,https://www.sankei.com/,ok,,
2026-09-27,2026-09-27T08:12:28.721527+09:00,全国紙,全国,産経新聞,チャップリンやスケボーに乗った人形も 新作相次いだ文楽、積み重ねが古典の入り口に,https://www.sankei.com/article/20260927-LMHHA4EVFFMTPNGABR4GKA6EUQ/,https://www.sankei.com/,ok,,
2026-09-27,2026-09-27T08:12:28.721527+09:00,全国紙,全国,産経新聞,トランプ米大統領、イランの提案を拒否「受け入れられない」 圧力継続 海峡の開放見えず,https://www.sankei.com/article/20260927-HSL64RAGJVO5LJ5O5F2ACIUAAE/,https://www.sankei.com/,ok,,
2026-09-27,2026-09-27T08:12:28.721527+09:00,全国紙,全国,産経新聞,対日批判には触れず 中国副主席が一般討論演説「各国協力して国連守り強化を」,https://www.sankei.com/article/20260927-ATJDADE6BFOCXDHLLIXVQDSHCQ/,https://www.sankei.com/,ok,,
2026-09-27,2026-09-27T08:12:28.721527+09:00,全国紙,全国,産経新聞,中国副主席、国連演説で「途上国利益守る」 グローバルサウスに照準、対米直接批判避ける,https://www.sankei.com/article/20260927-VU5FW2NOCBM7FLDDOHGRXI6BS4/,https://www.sankei.com/,ok,,
2026-09-27,2026-09-27T08:12:28.721527+09:00,全国紙,全国,産経新聞,中国軍、新疆の射爆場にF35など空自3機種の模擬標的 高市政権牽制か、国基研が分析,https://www.sankei.com/article/20260926-ZPL5ZD4J75IXNPJ6MKSVLW6R2U/,https://www.sankei.com/,ok,,
2026-09-27,2026-09-27T08:12:28.721527+09:00,全国紙,全国,産経新聞,「人を大切にすることが、持続可能な農業へ」俳優の小林涼子さん、労災保険の大切さ語る,https://www.sankei.com/article/20260907-I2LMMWOHRNB7BJ2X6CJVNZDDCQ/,https://www.sankei.com/,ok,,
2026-09-27,2026-09-27T08:12:28.721527+09:00,全国紙,全国,産経新聞,「『選ばれる建設会社』へのデジタル変革と若手育成・定着の人材戦略」10月20日(火)...,https://www.sankei.com/article/20260918-Q4TZFAWYCRGXDP6CSXLYBYQNEA/?outputType=theme_event,https://www.sankei.com/,ok,,
2026-09-27,2026-09-27T08:12:28.721527+09:00,全国紙,全国,産経新聞,独露外相がNYで会談 ウクライナ侵略後初,https://www.sankei.com/article/20260927-WAZIUGZE5ZKNLFPJHRDLXCKYSM/,https://www.sankei.com/,ok,,
2026-09-27,2026-09-27T08:12:28.721527+09:00,全国紙,全国,産経新聞,日米関係は「強固で重要」米国連大使,https://www.sankei.com/article/20260927-TBIE54SUQJOAZHAYZRDLY63GXI/,https://www.sankei.com/,ok,,
2026-09-27,2026-09-27T08:12:28.721527+09:00,全国紙,全国,産経新聞,パリのローマ教皇ミサに80万人,https://www.sankei.com/article/20260927-TRSUNDZFNBPOBAAXUN76O5E5IU/,https://www.sankei.com/,ok,,
2026-09-27,2026-09-27T08:12:28.721527+09:00,全国紙,全国,産経新聞,雑居ビルで女性にわいせつ疑いプロバスケ選手逮捕,https://www.sankei.com/article/20260926-7NX2RC4GENNKXAQBBH6MSKIXLA/,https://www.sankei.com/,ok,,
2026-09-27,2026-09-27T08:12:28.721527+09:00,全国紙,全国,東京新聞,東京23区の全域で民泊制限へ 各区が営業日数制限条例施行などで住環境悪化に歯止め,https://www.tokyo-np.co.jp/article/517933,https://www.tokyo-np.co.jp/,ok,,
2026-09-27,2026-09-27T08:12:28.721527+09:00,全国紙,全国,東京新聞,アメリカ企業の無人機「シーガーディアン」一挙大量購入計画 防衛省、2900億円超要求の「事情」,https://www.tokyo-np.co.jp/article/517887,https://www.tokyo-np.co.jp/,ok,,
2026-09-27,2026-09-27T08:12:28.721527+09:00,全国紙,全国,東京新聞,「嫌われおじさん」や同性婚カップルの悩みにも寄り添う、佐伯ポインティさんが見過ごせない「違和感」,https://www.tokyo-np.co.jp/article/517932,https://www.tokyo-np.co.jp/,ok,,
2026-09-27,2026-09-27T08:12:28.721527+09:00,全国紙,全国,東京新聞,「人質司法をやめることが前提」 後藤昭・青山学院大名誉教授 「取り調べ拒否」に捜査はどうあるべきか,https://www.tokyo-np.co.jp/article/517910,https://www.tokyo-np.co.jp/,ok,,
2026-09-27,2026-09-27T08:12:28.721527+09:00,全国紙,全国,東京新聞,「悪質業者と区別して」...住宅地での民泊「原則禁止」に戸惑いの声 新宿区 周辺住民は「別の不安」を感じ,https://www.tokyo-np.co.jp/article/517934,https://www.tokyo-np.co.jp/,ok,,
2026-09-27,2026-09-27T08:12:28.721527+09:00,全国紙,全国,東京新聞,〈社説〉週のはじめに考える 「歪んだ鏡」に映る姿は,https://www.tokyo-np.co.jp/article/517986,https://www.tokyo-np.co.jp/,ok,,
2026-09-27,2026-09-27T08:12:28.721527+09:00,全国紙,全国,東京新聞,「客観的証拠を集める手法の整備を」...椎橋隆幸・中央大名誉教授 「取り調べ拒否」に捜査はどうあるべきか,https://www.tokyo-np.co.jp/article/517909,https://www.tokyo-np.co.jp/,ok,,
2026-09-27,2026-09-27T08:12:28.721527+09:00,全国紙,全国,東京新聞,貿易額8兆円超のベトナム ライチやエビなど輸出増 「アジアで最も成功し、信頼できる」日本に投資拡大を期待,https://www.tokyo-np.co.jp/article/517458,https://www.tokyo-np.co.jp/,ok,,
2026-09-27,2026-09-27T08:12:28.721527+09:00,全国紙,全国,東京新聞,ファンドマネジャーと町議の「二刀流」!笠井洋昭さんと語る地方活性化への「勝ち筋」は?〈新聞記者ラジオ〉,https://www.tokyo-np.co.jp/article/517607,https://www.tokyo-np.co.jp/,ok,,
2026-09-27,2026-09-27T08:12:28.721527+09:00,全国紙,全国,東京新聞,「帰ってくるのではとも思うけど...」葬儀行う家族 ネパール土石流1カ月、いまだ6000人以上行方不明,https://www.tokyo-np.co.jp/article/517911,https://www.tokyo-np.co.jp/,ok,,
2026-09-27,2026-09-27T08:12:28.721527+09:00,全国紙,全国,東京新聞,〈時代を読む〉韓国で続く「国家暴力」の究明 目加田説子・中央大学教授,https://www.tokyo-np.co.jp/article/517985,https://www.tokyo-np.co.jp/,ok,,
2026-09-27,2026-09-27T08:12:28.721527+09:00,全国紙,全国,東京新聞,銀のリサイクルから始まった熱意...化学系廃棄物を無害処理し、東京の環境を守る「優しさに秀でた」会社,https://www.tokyo-np.co.jp/article/516411,https://www.tokyo-np.co.jp/,ok,,
2026-09-27,2026-09-27T08:12:28.721527+09:00,全国紙,全国,東京新聞,面白さと史実、両立できるか...大河ドラマ「豊臣兄弟!」 週刊誌を読む〈9月20日〜9月26日〉,https://www.tokyo-np.co.jp/article/517905,https://www.tokyo-np.co.jp/,ok,,
2026-09-27,2026-09-27T08:12:28.721527+09:00,全国紙,全国,東京新聞,〈コラム 筆洗〉「雷は同じ場所に二度落ちない」。日本でも、気の毒な目に遭っ...,https://www.tokyo-np.co.jp/article/517959,https://www.tokyo-np.co.jp/,ok,,
2026-09-27,2026-09-27T08:12:28.721527+09:00,全国紙,全国,東京新聞,パリの教皇ミサに80万人 広場へパレード、大歓声,https://www.tokyo-np.co.jp/article/517958,https://www.tokyo-np.co.jp/,ok,,
2026-09-27,2026-09-27T08:12:28.721527+09:00,全国紙,全国,東京新聞,なぜ妻の姓は「ソコロワ」で夫は「ソコロフ」? 話を聞いて分かった日本語にないルール,https://www.tokyo-np.co.jp/article/509286,https://www.tokyo-np.co.jp/,ok,,
2026-09-27,2026-09-27T08:12:28.721527+09:00,全国紙,全国,東京新聞,〈動画〉望月記者がいのちの党の会見を解説 伊勢崎副代表が誤爆疑惑のイラン小学校訪問...日本の対応に疑問,https://www.tokyo-np.co.jp/article/517688,https://www.tokyo-np.co.jp/,ok,,tag_movie
2026-09-27,2026-09-27T08:12:28.721527+09:00,全国紙,全国,東京新聞,〈動画〉望月衣塑子記者が維新・藤田共同代表の会見を解説 中司氏の過去の疑惑、首相の国連演説・首脳会談は?,https://www.tokyo-np.co.jp/article/517456,https://www.tokyo-np.co.jp/,ok,,tag_movie
2026-09-27,2026-09-27T08:12:28.721527+09:00,全国紙,全国,東京新聞,「スマホ農場」でバズは作られる...仕組みを語った代理人「だまされているのは見ている人たち」,https://www.tokyo-np.co.jp/article/516642,https://www.tokyo-np.co.jp/,ok,,tag_movie
2026-09-27,2026-09-27T08:12:28.721527+09:00,全国紙,全国,東京新聞,台風25号の影響で印旛沼堤防決壊 JR内房線土砂崩れ,https://www.tokyo-np.co.jp/article/517620,https://www.tokyo-np.co.jp/,ok,,square
2026-09-27,2026-09-27T08:12:28.721527+09:00,全国紙,全国,中日新聞,トラブル続出、SNSや海外から噴き出る批判...挽回できるか? 16日間のアジア大会は後半戦へ,https://www.chunichi.co.jp/article/1317001,https://www.chunichi.co.jp/,ok,,
2026-09-27,2026-09-27T08:12:28.721527+09:00,全国紙,全国,中日新聞,名古屋・栄の中部電力ミライタワーで火事 約30平方メートルを焼き鎮火,https://www.chunichi.co.jp/article/1316660,https://www.chunichi.co.jp/,ok,,
2026-09-27,2026-09-27T08:12:28.721527+09:00,全国紙,全国,中日新聞,未明のマンション駐車場にエアマットが敷かれ... 女児がベランダから投げ落とされた事件、近隣住民が見た光景,https://www.chunichi.co.jp/article/1316819,https://www.chunichi.co.jp/,ok,,
2026-09-27,2026-09-27T08:12:28.721527+09:00,全国紙,全国,中日新聞,形を崩さず持ち帰る流行の「ぴよりんチャレンジ」、本家はどうしてる? 春日井→名古屋までを追った,https://www.chunichi.co.jp/article/1316928,https://www.chunichi.co.jp/,ok,,
2026-09-27,2026-09-27T08:12:28.721527+09:00,全国紙,全国,中日新聞,あの時、どう報じるべきだったのか... 学園祭への自衛隊出展中止問題、名古屋大担当記者が感じたもどかしさ,https://www.chunichi.co.jp/article/1316927,https://www.chunichi.co.jp/,ok,,
2026-09-27,2026-09-27T08:12:28.721527+09:00,全国紙,全国,中日新聞,【動画】たいまつ掲げ「きつねの嫁入り」を再現 飛騨市古川町で「きつね火まつり」,https://www.chunichi.co.jp/article/1316651,https://www.chunichi.co.jp/,ok,,
2026-09-27,2026-09-27T08:12:28.721527+09:00,全国紙,全国,中日新聞,白山高校野球部員を乗せたバスが鉄道高架橋に衝突、8人搬送 三重県津市,https://www.chunichi.co.jp/article/1316637,https://www.chunichi.co.jp/,ok,,
2026-09-27,2026-09-27T08:12:28.721527+09:00,全国紙,全国,中日新聞,北陸地方を襲った大雨から1ヵ月、農地も農機具も冠水...どうすれば 「早く刈っとけばよかった」,https://www.chunichi.co.jp/article/1316777,https://www.chunichi.co.jp/,ok,,
2026-09-27,2026-09-27T08:12:28.721527+09:00,全国紙,全国,中日新聞,安青錦が8連勝で望みつないだ 横綱・大の里と千秋楽決戦へ、大相撲秋場所,https://www.chunichi.co.jp/article/1316940,https://www.chunichi.co.jp/,ok,,
2026-09-27,2026-09-27T08:12:28.721527+09:00,全国紙,全国,中日新聞,アジア大会のeスポーツ「ぷよぷよ」 11歳の栗原悠輝選手が「神業」で金メダル「めちゃくちゃうれしい」,https://www.chunichi.co.jp/article/1316667,https://www.chunichi.co.jp/,ok,,
2026-09-27,2026-09-27T08:12:28.721527+09:00,全国紙,全国,中日新聞,中日・森駿太プロ1号、「おめでとうと伝えてください」 “あこがれの人”から記者に届いたメッセージ【番記者メモ】,https://www.chunichi.co.jp/article/1316986,https://www.chunichi.co.jp/,ok,,
2026-09-27,2026-09-27T08:12:28.721527+09:00,全国紙,全国,中日新聞,読者が選ぶ中日グッとコラム2026上半期 投票で選ばれたのは?,https://www.chunichi.co.jp/article/1302583,https://www.chunichi.co.jp/,ok,,
2026-09-27,2026-09-27T08:12:28.721527+09:00,全国紙,全国,中日新聞,「移民ビジネス」外国人の受け入れを巡る現実と課題,https://www.chunichi.co.jp/article/1233264,https://www.chunichi.co.jp/,ok,,
2026-09-27,2026-09-27T08:12:28.721527+09:00,全国紙,全国,中日新聞,【南山大&中日新聞ポッドキャスト企画】アメリカを考える~独立宣言から250年の大変動,https://www.chunichi.co.jp/article/1270383,https://www.chunichi.co.jp/,ok,,
2026-09-27,2026-09-27T08:12:28.721527+09:00,全国紙,全国,中日新聞,【第1部・外国人団地】共生を目指す外国人労働者の姿を描く,https://www.chunichi.co.jp/article/1237076,https://www.chunichi.co.jp/,ok,,
2026-09-27,2026-09-27T08:12:28.721527+09:00,全国紙,全国,中日新聞,【デジタル地図】南海トラフ巨大地震の想定震度マップ。あなたの地域の想定震度をチェック,https://www.chunichi.co.jp/article/1046009,https://www.chunichi.co.jp/,ok,,
2026-09-27,2026-09-27T08:12:28.721527+09:00,全国紙,全国,中日新聞,【動画】再審無罪判決から2年、袴田巌さんは今も「妄想の世界に」 見守る姉の思い,https://www.chunichi.co.jp/article/1316188,https://www.chunichi.co.jp/,ok,,video
2026-09-27,2026-09-27T08:12:28.721527+09:00,全国紙,全国,中日新聞,【動画】アジア大会「メダリストセレブレーション」名古屋・栄の久屋大通公園で初開催 来場者とハイタッチや写真撮影,https://www.chunichi.co.jp/article/1314477,https://www.chunichi.co.jp/,ok,,video
2026-09-27,2026-09-27T08:12:28.721527+09:00,全国紙,全国,中日新聞,黄金の翼、早起きをすれば見られるかも パークアリーナ小牧,https://www.chunichi.co.jp/article/1316931,https://www.chunichi.co.jp/,ok,,tag_photo
2026-09-27,2026-09-27T08:12:28.721527+09:00,地方紙,北海道,北海道新聞,,,,skipped,公式RSSはあるが、見出し・本文の公開(再配信)を認めない旨の規約があるため自動取得の対象外とする。,
2026-09-27,2026-09-27T08:12:28.721527+09:00,地方紙,宮城,河北新報,,,,skipped,robots.txtが/rss/をDisallowしておりRSS購読不可。私的利用限定・二次利用禁止の規約があるため自動取得の対象外とする。,
2026-09-27,2026-09-27T08:12:28.721527+09:00,地方紙,新潟,新潟日報,,,,skipped,利用規約でデータマイニング・テキストマイニング・AI学習目的の情報処理・解析利用を明示的に禁止しているため自動取得の対象外とする。,
2026-09-27,2026-09-27T08:12:28.721527+09:00,地方紙,長野,信濃毎日新聞,イオンモール須坂開業1年、買い物客の流出は 須坂市や長野市や中野市、周辺地域の今09/27 06:05県内最大規模の商業施設、イオンモール須坂(須坂市)が本格開業して、10月3日で1年となる。来客数は当初想定を上回る見通しで、テナント企業も一定の手応えを感じている。既存の商店街・商業施設からの客の流出は現時点では「限定的」との見方が多く、すみ分けができつつあるとの声も聞かれる。ただ、テナントの集客には濃淡があり、地域...,https://www.shinmai.co.jp/news/article/gf01darnvam29c62qgij2cd0,https://www.shinmai.co.jp/,ok,,
2026-09-27,2026-09-27T08:12:28.721527+09:00,地方紙,長野,信濃毎日新聞,イオンモール須坂、「年間800万人」の来客目標上回る見通し 開業1年、想定以上の成果09/27 06:04,https://www.shinmai.co.jp/news/article/gf01darnsi7scpf4olnkvq4g,https://www.shinmai.co.jp/,ok,,
2026-09-27,2026-09-27T08:12:28.721527+09:00,地方紙,長野,信濃毎日新聞,御嶽山の山頂は12年経っても「危険地帯」 滞在時間の変化が鳴らす警鐘09/27 06:03,https://www.shinmai.co.jp/news/article/gf01darp72m29c62qgij2pt0,https://www.shinmai.co.jp/,ok,,
2026-09-27,2026-09-27T08:12:28.721527+09:00,地方紙,長野,信濃毎日新聞,放送約2500回、長野県の各地を“ずく”出して探し歩いた10年の記録【ずくだせの日々】09/27 06:02,https://www.shinmai.co.jp/news/article/gf01darhsg629c62qgij16q0,https://www.shinmai.co.jp/,ok,,
2026-09-27,2026-09-27T08:12:28.721527+09:00,地方紙,長野,信濃毎日新聞,村井美樹さんが鉄たびに欠かさない“相棒” 列車や絶景だけじゃない楽しみ方【ガタゴトGO!】09/27 06:01,https://www.shinmai.co.jp/news/article/gf01dapggmu29c62qgiil0mg,https://www.shinmai.co.jp/,ok,,
2026-09-27,2026-09-27T08:12:28.721527+09:00,地方紙,長野,信濃毎日新聞,おくやみ(9月27日付)09/27 06:00,https://www.shinmai.co.jp/news/article/gf01darop07scpf4olnl0210,https://www.shinmai.co.jp/,ok,,
2026-09-27,2026-09-27T08:12:28.721527+09:00,地方紙,長野,信濃毎日新聞,2「あれを聞いて戦えないやつは男じゃない」大声援に奮起 10人の山雅が劇的今季初勝利,https://www.shinmai.co.jp/news/article/gf01darribvscpf4olnl0pvg,https://www.shinmai.co.jp/,ok,,
2026-09-27,2026-09-27T08:12:28.721527+09:00,地方紙,長野,信濃毎日新聞,6長野車いすマラソンで7度優勝 パラ銀メダリストが死亡 沖縄で練習中に軽貨物車が追突,https://www.shinmai.co.jp/news/article/gf01darsuefscpf4olnl11l0,https://www.shinmai.co.jp/,ok,,
2026-09-27,2026-09-27T08:12:28.721527+09:00,地方紙,長野,信濃毎日新聞,8千曲市の山で登山者がクマに襲われる 熊スプレーで抵抗、軽いけが,https://www.shinmai.co.jp/news/article/gf01darsitm29c62qgij3i30,https://www.shinmai.co.jp/,ok,,
2026-09-27,2026-09-27T08:12:28.721527+09:00,地方紙,長野,信濃毎日新聞,9斜面(9月27日)ひとり出版社の力,https://www.shinmai.co.jp/news/article/gf01darjm4nscpf4olnkuvgg,https://www.shinmai.co.jp/,ok,,
2026-09-27,2026-09-27T08:12:28.721527+09:00,地方紙,長野,信濃毎日新聞,10工事要望も実施されず、土砂崩れ 傾斜地要件満たず、台風被害,https://www.shinmai.co.jp/news/article/gfkn2026092601001206,https://www.shinmai.co.jp/,ok,,
2026-09-27,2026-09-27T08:12:28.721527+09:00,地方紙,長野,信濃毎日新聞,県歌「信濃の国」の冒頭にあるように、長野県は旧国名では十州、現在は8県に接しています。その境目には厳しい山岳や谷があり、古来、物や文化が行き交う道があり、躍動する人たちがいます。大型写真連載「信州縁撮(ふちど)り」は、写真記者が県境付近の地域を歩き、その“今”を切り取ります。信州を魅力あるものにしている自然や歴史、人々の営みにカメラを向けます。,https://www.shinmai.co.jp/news/article/gf01dah1jmlttbkcu3krfl40,https://www.shinmai.co.jp/,ok,,
2026-09-27,2026-09-27T08:12:28.721527+09:00,地方紙,長野,信濃毎日新聞,朝ドラ「巡るスワン」未発表の署長の役名は? 制作統括がふと口にした諏訪に多い名字長野県くらし・話題文化・芸能主要ウェブオリジナルエンタメ諏訪湖巡るスワン諏訪市09/26 06:03,https://www.shinmai.co.jp/news/article/gf01dar05fu29c62qgiitev0,https://www.shinmai.co.jp/,ok,,
2026-09-27,2026-09-27T08:12:28.721527+09:00,地方紙,長野,信濃毎日新聞,カレー代が400円足りない... 失敗した16歳、3年かけての恩返し長野県主要くらし・話題ウェブオリジナルイブニング信毎朝日新聞コラボ「いつも、どこかで」09/25 17:00,https://www.shinmai.co.jp/news/article/gf01dal2vk629c62qgihv2og,https://www.shinmai.co.jp/,ok,,
2026-09-27,2026-09-27T08:12:28.721527+09:00,地方紙,長野,信濃毎日新聞,氷河の動き、年代に迫る 北アルプス杓子沢でボーリング調査 新潟大〈山と人と信州と〉長野県社会信州の山ウェブオリジナル山と人と信州と北アルプス09/25 06:04,https://www.shinmai.co.jp/news/article/gf01daqa2knscpf4olnkmcgg,https://www.shinmai.co.jp/,ok,,
2026-09-27,2026-09-27T08:12:28.721527+09:00,地方紙,長野,信濃毎日新聞,日本最南端の島で思う沖縄が抱え続ける不条理長野県社会ウェブオリジナルイブニング信毎「戦後」を次代へコラム「硬面軟面」09/24 06:05,https://www.shinmai.co.jp/news/article/gf01dapl4mm29c62qgiilgj0,https://www.shinmai.co.jp/,ok,,
2026-09-27,2026-09-27T08:12:28.721527+09:00,地方紙,長野,信濃毎日新聞,なぜなの?ナニが問題なの? 「安保3文書」信毎記者が詳しく解説長野県主要政治ウェブオリジナル09/23 06:01,https://www.shinmai.co.jp/news/article/SHEX2026091100004830,https://www.shinmai.co.jp/,ok,,
2026-09-27,2026-09-27T08:12:28.721527+09:00,地方紙,長野,信濃毎日新聞,【4コマ】フルーツ王国でぶどう迷子【ここがわからんばい!信州】長野県主要くらし・話題イブニング信毎ウェブオリジナルここがわからんばい!信州09/22 11:30,https://www.shinmai.co.jp/news/article/gf01dao98du29c62qgiig7og,https://www.shinmai.co.jp/,ok,,
2026-09-27,2026-09-27T08:12:28.721527+09:00,地方紙,長野,信濃毎日新聞,白馬村出身のゲームクリエーターZUNさん手がける「東方Project」初期の原作 家庭用ゲーム機に初登場、国内外で反響長野県文化・芸能エンタメウェブオリジナル白馬村09/21 13:00,https://www.shinmai.co.jp/news/article/gf01dan5hs629c62qgiic000,https://www.shinmai.co.jp/,ok,,
2026-09-27,2026-09-27T08:12:28.721527+09:00,地方紙,静岡,静岡新聞,,,https://www.at-s.com/,error,405 Client Error: Not Allowed for url: https://www.at-s.com/,
2026-09-27,2026-09-27T08:12:28.721527+09:00,地方紙,京都,京都新聞,人事異動ポータル,https://www.kyoto-np.co.jp/articles/-/1250583,https://www.kyoto-np.co.jp/,ok,,
2026-09-27,2026-09-27T08:12:28.721527+09:00,地方紙,京都,京都新聞,速報独ロ外相がウクライナ侵攻開始後に初会談,https://www.kyoto-np.co.jp/articles/-/1797658,https://www.kyoto-np.co.jp/,ok,,
2026-09-27,2026-09-27T08:12:28.721527+09:00,地方紙,京都,京都新聞,京都駅前の「高さ規制」緩和、どうあるべきか? 「京都らしさ考えるべきだ」弁護士会がシンポ5:50市内JR京都駅前(京都市)の高さ規制を最大60メートルに緩和する計画について考えるシンポジウムが26日、中京区の京都弁護士会館であった。都市計...,https://www.kyoto-np.co.jp/articles/-/1797528,https://www.kyoto-np.co.jp/,ok,,
2026-09-27,2026-09-27T08:12:28.721527+09:00,地方紙,京都,京都新聞,京都府南部の学校体育館の空調設置 全校導入の市もあれば、見通せない自治体も その差はなぜ?4:50地域普段は授業や部活動、地域イベントに使われる学校の体育館は、災害時には避難所となる。快適に過ごせるように空調(エアコン)を設置する動きが広が...,https://www.kyoto-np.co.jp/articles/-/1796758,https://www.kyoto-np.co.jp/,ok,,
2026-09-27,2026-09-27T08:12:28.721527+09:00,地方紙,京都,京都新聞,滋賀県高島市 朽木地域の市営バス「予約制」実証運行へ 昼間帯対象に効率化目指す5:00地域滋賀県と高島市は、同市朽木地域の市営バスについて、10月1日から昼間時間帯は「予約制」として実証運行を始める。ダイヤに基づく路線運行に代わ...,https://www.kyoto-np.co.jp/articles/-/1797484,https://www.kyoto-np.co.jp/,ok,,
2026-09-27,2026-09-27T08:12:28.721527+09:00,地方紙,京都,京都新聞,大竹しのぶさん、京都駅ビルに登場 「いつも幸せに笑って過ごすのは難しいこと」5:40市内京都放送(KBS京都)で毎週日曜に放映されているテレビ番組「比叡の光」の放送3千回記念イベントが26日、京都市下京区のJR京都駅ビル駅前広...,https://www.kyoto-np.co.jp/articles/-/1797502,https://www.kyoto-np.co.jp/,ok,,
2026-09-27,2026-09-27T08:12:28.721527+09:00,地方紙,京都,京都新聞,滋賀県にある「ダリア園」、最後の営業スタート 約25年の歴史に幕「苦渋の決断」9月26日地域滋賀県日野町鎌掛の「日野ダリア園」が26日、最後の営業を始めた。花の名所として約四半世紀にわたり親しまれてきたが、ス,https://www.kyoto-np.co.jp/articles/-/1797437,https://www.kyoto-np.co.jp/,ok,,
2026-09-27,2026-09-27T08:12:28.721527+09:00,地方紙,京都,京都新聞,関西名門「関関同立」は一歩間違えば「関同立」になっていたかも... 後の有名大を救った大阪財界の大物9月26日地域関西のトップ私大グループ「関関同立」(関西大、関西学院大、同志社大、立命館大)の一角をなす有名大学の成り立ちや、戦後の復興...,https://www.kyoto-np.co.jp/articles/-/1796036,https://www.kyoto-np.co.jp/,ok,,
2026-09-27,2026-09-27T08:12:28.721527+09:00,地方紙,京都,京都新聞,滋賀県野洲市で「国内最大規模の弥生期の門柱跡」見つかる 祭祀空間の象徴的な構造物か9月26日地域国内最大規模の弥生時代(中期末、紀元前後)の門柱跡一対が滋賀県野洲市妙光寺の中畑・古里遺跡で出土した、と滋賀県文化財保護協会が25日発表し...,https://www.kyoto-np.co.jp/articles/-/1797120,https://www.kyoto-np.co.jp/,ok,,
2026-09-27,2026-09-27T08:12:28.721527+09:00,地方紙,京都,京都新聞,京都サンガのACLE初挑戦、戦いは「1カ月前」から始まっていた 知られざる舞台裏とは9月26日地域,https://www.kyoto-np.co.jp/articles/-/1794853,https://www.kyoto-np.co.jp/,ok,,
2026-09-27,2026-09-27T08:12:28.721527+09:00,地方紙,京都,京都新聞,慣れない異国で助け合うサンガサポーター、相手サポと交流も 京都サンガ、初のACLE挑戦9月26日地域,https://www.kyoto-np.co.jp/articles/-/1794921,https://www.kyoto-np.co.jp/,ok,,
2026-09-27,2026-09-27T08:12:28.721527+09:00,地方紙,京都,京都新聞,京都府北部の田園風景にぽつんと現れる「コロッセオ」 1日1組に「一棟貸し」する建物の正体は?9月26日地域,https://www.kyoto-np.co.jp/articles/-/1795029,https://www.kyoto-np.co.jp/,ok,,
2026-09-27,2026-09-27T08:12:28.721527+09:00,地方紙,京都,京都新聞,京都サンガ、初のACLE挑戦 分刻みスケジュールでスタッフ「久しぶりに1キロくらい走った」9月26日地域,https://www.kyoto-np.co.jp/articles/-/1794922,https://www.kyoto-np.co.jp/,ok,,
2026-09-27,2026-09-27T08:12:28.721527+09:00,地方紙,京都,京都新聞,京都市伏見区「日本最古の私立学校」がルーツの大学どう残す? 「18歳減少時代」乗り切る経営戦略は9月26日市内,https://www.kyoto-np.co.jp/articles/-/1796237,https://www.kyoto-np.co.jp/,ok,,
2026-09-27,2026-09-27T08:12:28.721527+09:00,地方紙,京都,京都新聞,京都府長岡京市と向日市「府内トップレベル」の地価上昇率 全ての調査地で前年上回る9月25日地域,https://www.kyoto-np.co.jp/articles/-/1795460,https://www.kyoto-np.co.jp/,ok,,
2026-09-27,2026-09-27T08:12:28.721527+09:00,地方紙,京都,京都新聞,京都の消費者金融大手はなぜ美術を支援するのか 美術館開設で「地元に恩返し」、美術館や企業に提言も9月25日市内,https://www.kyoto-np.co.jp/articles/-/1796194,https://www.kyoto-np.co.jp/,ok,,
2026-09-27,2026-09-27T08:12:28.721527+09:00,地方紙,京都,京都新聞,京都府北部の農山漁村で取り組み進む「西陣織」継承 インフルエンサーしなこさんと協働も9月25日地域,https://www.kyoto-np.co.jp/articles/-/1792474,https://www.kyoto-np.co.jp/,ok,,
2026-09-27,2026-09-27T08:12:28.721527+09:00,地方紙,京都,京都新聞,京都や大阪で起きた「匿流事件」その生々しい手口に迫る 拘置所内の「実行役」が記者に語った犯行の実相9月24日京都,https://www.kyoto-np.co.jp/articles/-/1795613,https://www.kyoto-np.co.jp/,ok,,
2026-09-27,2026-09-27T08:12:28.721527+09:00,地方紙,京都,京都新聞,大阪「ズブズブ湿地帯」が巨大モールと高級住宅街の「一番人気エリア」に変貌 昔は家に船、今はベンツ9月24日地域,https://www.kyoto-np.co.jp/articles/-/1778216,https://www.kyoto-np.co.jp/,ok,,
2026-09-27,2026-09-27T08:12:28.721527+09:00,地方紙,京都,京都新聞,滋賀県、生成AI普及あおりでタッチセンサー企業が破産手続き開始決定 大手自動車メーカーに出荷も9月23日地域,https://www.kyoto-np.co.jp/articles/-/1793381,https://www.kyoto-np.co.jp/,ok,,
2026-09-27,2026-09-27T08:12:28.721527+09:00,地方紙,兵庫,神戸新聞,神戸市が小中の校舎に防犯カメラ いじめ、暴言に対応 廊下や踊り場に設置、3校で検証へ,https://www.kobe-np.co.jp/news/society/202609/0020864303.shtml,https://www.kobe-np.co.jp/,ok,,
2026-09-27,2026-09-27T08:12:28.721527+09:00,地方紙,兵庫,神戸新聞,あの感動を今一度 三浦璃来さん寄贈の衣装やスケート靴展示,https://www.kobe-np.co.jp/news/hanshin/202609/0020863835.shtml,https://www.kobe-np.co.jp/,ok,,
2026-09-27,2026-09-27T08:12:28.721527+09:00,地方紙,兵庫,神戸新聞,神戸ストークス力負け、主導権握れず 第1Q18点差、高い壁まざまざ,https://www.kobe-np.co.jp/news/sports/202609/0020864269.shtml,https://www.kobe-np.co.jp/,ok,,
2026-09-27,2026-09-27T08:12:28.721527+09:00,地方紙,兵庫,神戸新聞,工夫詰まったランドセル ナイロン生地で耐久性と軽さ両立 「アンバイ」が開発,https://www.kobe-np.co.jp/news/sanda/202609/0020863855.shtml,https://www.kobe-np.co.jp/,ok,,
2026-09-27,2026-09-27T08:12:28.721527+09:00,地方紙,兵庫,神戸新聞,播磨町の味、小中生堪能 特産干しだこの「たこめし」給食に,https://www.kobe-np.co.jp/news/touban/202609/0020864051.shtml,https://www.kobe-np.co.jp/,ok,,
2026-09-27,2026-09-27T08:12:28.721527+09:00,地方紙,兵庫,神戸新聞,播州織の魅力知って 三木の女性作家らが展示販売会 10月、神戸,https://www.kobe-np.co.jp/news/miki/202609/0020863676.shtml,https://www.kobe-np.co.jp/,ok,,
2026-09-27,2026-09-27T08:12:28.721527+09:00,地方紙,兵庫,神戸新聞,車いすバスケ、34人が白熱プレー 障害の有無超え6~54歳が参加 丹波篠山,https://www.kobe-np.co.jp/news/tanba/202609/0020863658.shtml,https://www.kobe-np.co.jp/,ok,,
2026-09-27,2026-09-27T08:12:28.721527+09:00,地方紙,兵庫,神戸新聞,「淡路うず助」大活躍、アイドル松島さんデザインのキャラ 「聖地巡礼」、地域活性化に,https://www.kobe-np.co.jp/news/awaji/202609/0020864102.shtml,https://www.kobe-np.co.jp/,ok,,
2026-09-27,2026-09-27T08:12:28.721527+09:00,地方紙,兵庫,神戸新聞,62歳のウミガメ、敬老の日に祝福 長寿祝う花束パクリ 姫路市立水族館,https://www.kobe-np.co.jp/news/himeji/202609/0020863960.shtml,https://www.kobe-np.co.jp/,ok,,
2026-09-27,2026-09-27T08:12:28.721527+09:00,地方紙,兵庫,神戸新聞,六甲山に日本初のゴルフコース 英貿易商グルームが日本ゴルフ殿堂入り,https://www.kobe-np.co.jp/news/sports/202609/0020863546.shtml,https://www.kobe-np.co.jp/,ok,,
2026-09-27,2026-09-27T08:12:28.721527+09:00,地方紙,兵庫,神戸新聞,神戸ストークス黒星発進 本拠地で大阪エヴェッサと開幕戦,https://www.kobe-np.co.jp/news/sports/202609/0020863092.shtml,https://www.kobe-np.co.jp/,ok,,
2026-09-27,2026-09-27T08:12:28.721527+09:00,地方紙,兵庫,神戸新聞,「旅するチョウ」優雅に舞う 六甲高山植物園にアサギマダラが飛来 神戸・灘,https://www.kobe-np.co.jp/news/society/202609/0020863037.shtml,https://www.kobe-np.co.jp/,ok,,
2026-09-27,2026-09-27T08:12:28.721527+09:00,地方紙,兵庫,神戸新聞,大粒でつややか,https://www.kobe-np.co.jp/news/tanba/202609/0020863660.shtml,https://www.kobe-np.co.jp/,ok,,
2026-09-27,2026-09-27T08:12:28.721527+09:00,地方紙,兵庫,神戸新聞,<県政リアル 知事就任5年>(6)距離感 離れた大阪、県内首長も模索,https://www.kobe-np.co.jp/news/society/202608/0020681985.shtml,https://www.kobe-np.co.jp/,ok,,
2026-09-27,2026-09-27T08:12:28.721527+09:00,地方紙,兵庫,神戸新聞,沖縄知事選、荒れるSNS 動画、Xの大半が県外発 AI悪用し中傷拡散 兵庫知事選と重なる投稿者も,https://www.kobe-np.co.jp/news/society/202609/0020810373.shtml,https://www.kobe-np.co.jp/,ok,,
2026-09-27,2026-09-27T08:12:28.721527+09:00,地方紙,兵庫,神戸新聞,「チョコだけじゃない」モロゾフが焼き菓子にシフト カカオ高騰と猛暑に苦慮 新ブランド投入,https://www.kobe-np.co.jp/news/economy/202609/0020855075.shtml,https://www.kobe-np.co.jp/,ok,,
2026-09-27,2026-09-27T08:12:28.721527+09:00,地方紙,兵庫,神戸新聞,中学部活の地域展開「あかしタイム」、2027年9月に全面移行へ 「段階的に」から転換,https://www.kobe-np.co.jp/news/akashi/202609/0020855522.shtml,https://www.kobe-np.co.jp/,ok,,
2026-09-27,2026-09-27T08:12:28.721527+09:00,地方紙,兵庫,神戸新聞,意外にも事故が相次ぐ「危ない交差点」特集 生活道路が交わる身近な十字路 秋の交通安全運動,https://www.kobe-np.co.jp/news/richa/202609/0020826343.shtml,https://www.kobe-np.co.jp/,ok,,
2026-09-27,2026-09-27T08:12:28.721527+09:00,地方紙,兵庫,神戸新聞,<近日公開 9月のオススメ記事>バスケBプレミア、防災DX、「随想」新執筆陣...etc.,https://www.kobe-np.co.jp/news/richa/202608/0020749065.shtml,https://www.kobe-np.co.jp/,ok,,
2026-09-27,2026-09-27T08:12:28.721527+09:00,地方紙,兵庫,神戸新聞,明南バスケ部、33年ぶり男女V 全国高校選手権・東播地区予選 10月の県大会へ意気込み,https://www.kobe-np.co.jp/news/akashi/202609/0020864073.shtml,https://www.kobe-np.co.jp/,ok,,
2026-09-27,2026-09-27T08:12:28.721527+09:00,地方紙,広島,中国新聞,,,,skipped,利用規約でAI開発目的のディープラーニング等の情報処理・解析利用を明示的に禁止しているため自動取得の対象外とする。,
2026-09-27,2026-09-27T08:12:28.721527+09:00,地方紙,福岡,西日本新聞,,,,skipped,公式RSSはあるが、利用規約でAI学習目的の情報処理・解析利用を明示的に禁止しているため自動取得の対象外とする。,
2026-09-27,2026-09-27T08:12:28.721527+09:00,地方紙,熊本,熊本日日新聞,雨で準々決勝2試合を順延 九州高校野球熊本大会,https://kumanichi.com/articles/2040073,https://kumanichi.com/rss.xml,ok,,
2026-09-27,2026-09-27T08:12:28.721527+09:00,地方紙,熊本,熊本日日新聞,【速報】JR九州、荒尾-植木間と肥後大津-三重町間で運転見合わせ 大雨の影響,https://kumanichi.com/articles/2040072,https://kumanichi.com/rss.xml,ok,,
2026-09-27,2026-09-27T08:12:28.721527+09:00,地方紙,熊本,熊本日日新聞,9/27朝,https://kumanichi.com/node/2039956,https://kumanichi.com/rss.xml,ok,,
2026-09-27,2026-09-27T08:12:28.721527+09:00,地方紙,熊本,熊本日日新聞,ロシア外相「日独は軍国主義」,https://kumanichi.com/articles/2040071,https://kumanichi.com/rss.xml,ok,,
2026-09-27,2026-09-27T08:12:28.721527+09:00,地方紙,熊本,熊本日日新聞,中国「国連守り強化を」,https://kumanichi.com/articles/2040070,https://kumanichi.com/rss.xml,ok,,
2026-09-27,2026-09-27T08:12:28.721527+09:00,地方紙,熊本,熊本日日新聞,大津町にレベル4土砂災害危険警報,https://kumanichi.com/articles/2040069,https://kumanichi.com/rss.xml,ok,,
2026-09-27,2026-09-27T08:12:28.721527+09:00,地方紙,熊本,熊本日日新聞,合志市にレベル4土砂災害危険警報,https://kumanichi.com/articles/2040068,https://kumanichi.com/rss.xml,ok,,
2026-09-27,2026-09-27T08:12:28.721527+09:00,地方紙,熊本,熊本日日新聞,パリの教皇ミサに80万人,https://kumanichi.com/articles/2040067,https://kumanichi.com/rss.xml,ok,,
2026-09-27,2026-09-27T08:12:28.721527+09:00,地方紙,熊本,熊本日日新聞,荒尾市にレベル4大雨危険警報,https://kumanichi.com/articles/2040066,https://kumanichi.com/rss.xml,ok,,
2026-09-27,2026-09-27T08:12:28.721527+09:00,地方紙,熊本,熊本日日新聞,玉名市にレベル4大雨危険警報,https://kumanichi.com/articles/2040065,https://kumanichi.com/rss.xml,ok,,
2026-09-27,2026-09-27T08:12:28.721527+09:00,地方紙,鹿児島,南日本新聞,【速報】J3鹿児島ユナイテッド、5戦ぶり引き分け...首位はキープ 敵地で北九州に1-1明治安田J3は26日、第8節があった。鹿児島ユナイテッドFCは北九州市のミクニワールドスタジアム北九州で北九州に1-1と、5戦ぶりに引き分けた。首位はキープした。 次節は10月4日、鹿児島市の白波スタジアムで福島と戦う。9月26日 19:02,https://373news.com/news/local/detail/240122/,https://373news.com/,ok,,local
2026-09-27,2026-09-27T08:12:28.721527+09:00,地方紙,鹿児島,南日本新聞,Bワン鹿児島レブナイズ・多田 熱い声援に応える活躍 開幕戦で最多得点9月27日 06:30,https://373news.com/news/local/detail/240130/,https://373news.com/,ok,,local
2026-09-27,2026-09-27T08:12:28.721527+09:00,地方紙,鹿児島,南日本新聞,Bワン鹿児島レブナイズ黒星発進 攻守かみ合わず終始相手ペース9月27日 06:30,https://373news.com/news/local/detail/240127/,https://373news.com/,ok,,local
2026-09-27,2026-09-27T08:12:28.721527+09:00,地方紙,鹿児島,南日本新聞,Bワン鹿児島レブナイズ、開幕戦黒星 ファン声援で後押し「次は勝利を」9月27日 06:30,https://373news.com/news/local/detail/240126/,https://373news.com/,ok,,local
2026-09-27,2026-09-27T08:12:28.721527+09:00,地方紙,鹿児島,南日本新聞,【愛知・名古屋アジア大会】フェンシング女子・佐野 鹿児島南高時代の猛練習原点 後輩尾崎と頂点目指す 27日サーブル団体戦9月27日 06:30,https://373news.com/news/local/detail/240125/,https://373news.com/,ok,,local
2026-09-27,2026-09-27T08:12:28.721527+09:00,地方紙,鹿児島,南日本新聞,志布志市の国定公園で火災 「海岸で草が燃えている」と110番9月26日 22:56,https://373news.com/news/local/detail/240124/,https://373news.com/,ok,,local
2026-09-27,2026-09-27T08:12:28.721527+09:00,地方紙,鹿児島,南日本新聞,台風26号、奄美地方は27日から強風域 「動き遅く、最新の情報確認を」9月26日 22:51,https://373news.com/news/local/detail/240123/,https://373news.com/,ok,,local
2026-09-27,2026-09-27T08:12:28.721527+09:00,地方紙,鹿児島,南日本新聞,霧島で特殊詐欺の水際阻止訓練 「社長からLINEで指示...」550万円振り込もうとする会社員役に銀行員が説得9月26日 20:30,https://373news.com/news/local/detail/239171/,https://373news.com/,ok,,local
2026-09-27,2026-09-27T08:12:28.721527+09:00,地方紙,鹿児島,南日本新聞,山形屋が「敬老の日」にステッキ40本を鹿児島市社協に寄贈――1982年から続く善意、今回で45回目9月26日 19:31,https://373news.com/news/local/detail/240096/,https://373news.com/,ok,,local
2026-09-27,2026-09-27T08:12:28.721527+09:00,地方紙,鹿児島,南日本新聞,1中央分離帯を越え大型トラックに衝突――乗用車の男性1人死亡 いちき串木野の南九州道,https://373news.com/news/local/detail/240094/,https://373news.com/,ok,,local
2026-09-27,2026-09-27T08:12:28.721527+09:00,地方紙,鹿児島,南日本新聞,5指宿・開聞岳で初の「山開き祭」――秋冬はベストシーズン...星空やたき火、絶景満喫 枚聞神社の神舞も披露,https://373news.com/news/local/detail/240097/,https://373news.com/,ok,,local
2026-09-27,2026-09-27T08:12:28.721527+09:00,地方紙,鹿児島,南日本新聞,6小牟禮さんら表彰―南日本ジュニア美術展、27日まで,https://373news.com/news/local/detail/240121/,https://373news.com/,ok,,local
2026-09-27,2026-09-27T08:12:28.721527+09:00,地方紙,鹿児島,南日本新聞,7予防接種中に豚に乗られる 農場従業員の男性死亡 鹿児島県曽於市財部のナンチクファーム,https://373news.com/news/local/detail/239901/,https://373news.com/,ok,,local
2026-09-27,2026-09-27T08:12:28.721527+09:00,地方紙,鹿児島,南日本新聞,8鹿児島YMCA、チアダンス世界大会で3位――「静と動」を意識、観客を魅了...高校生らのチーム「世界一を狙っていた」,https://373news.com/news/local/detail/240092/,https://373news.com/,ok,,local
2026-09-27,2026-09-27T08:12:28.721527+09:00,地方紙,鹿児島,南日本新聞,9鹿児島、スポーツ施設女子トイレで「盗撮目的」――建造物侵入容疑の37歳男を現行犯逮捕,https://373news.com/news/local/detail/239939/,https://373news.com/,ok,,local
2026-09-27,2026-09-27T08:12:28.721527+09:00,地方紙,鹿児島,南日本新聞,10バスケBワン鹿児島レブナイズ、黒星発進 ホームで福岡に69-83,https://373news.com/news/local/detail/240118/,https://373news.com/,ok,,local
2026-09-27,2026-09-27T08:12:28.721527+09:00,地方紙,鹿児島,南日本新聞,渋滞の先頭で合流の車に鹿児島県民「イラッ」「モヤモヤ」...ズルく見える「ファスナー合流」 渋滞緩和に推奨でも6割「知らない」9月21日 10:20,http://373news.com/lineup/kotimina/detail/239874/,https://373news.com/,ok,,
2026-09-27,2026-09-27T08:12:28.721527+09:00,地方紙,鹿児島,南日本新聞,パリの教皇ミサに80万人 広場へパレード、大歓声9月27日 06:48,http://373news.com/news/national/detail/2026092701000084/,https://373news.com/,ok,,national
2026-09-27,2026-09-27T08:12:28.721527+09:00,地方紙,鹿児島,南日本新聞,米大統領イラン提案拒否 圧力継続、海峡開放見えず9月27日 05:59,http://373news.com/news/national/detail/2026092701000068/,https://373news.com/,ok,,national
2026-09-27,2026-09-27T08:12:28.721527+09:00,地方紙,鹿児島,南日本新聞,トキエア、融資返済を再延期 新潟県の11億円、黒字化後へ9月26日 21:02,http://373news.com/news/national/detail/2026092601001246/,https://373news.com/,ok,,national
2026-09-27,2026-09-27T08:12:28.721527+09:00,地方紙,沖縄,琉球新報,,,,skipped,利用規約で複製・複写・送信・頒布・蓄積・転載等を会社の承認なく行うことを広範に禁止しているため自動取得の対象外とする。,
2026-09-27,2026-09-27T08:12:28.721527+09:00,地方紙,沖縄,沖縄タイムス,辺野古新基地の関連事業費、累計7835億円に 25年度は過去最高【支出額の推移表】9月27日 5:21辺野古新基地・普天間移設問題【東京】名護市辺野古の新基地建設を巡り、2006年度から25年度の関連事業の支出額が累計で約7835億円に上ったことが26日までに防衛省への取材で分かった。同省が示している総事業費9300億円の84%に達している。,https://www.okinawatimes.co.jp/articles/-/1932138,https://www.okinawatimes.co.jp/,ok,,
2026-09-27,2026-09-27T08:12:28.721527+09:00,地方紙,沖縄,沖縄タイムス,元読谷村長・山内徳信氏が死去 91歳 読谷補助飛行場の全面返還に尽力5:07有料#訃報,https://www.okinawatimes.co.jp/articles/-/1932139,https://www.okinawatimes.co.jp/,ok,,
2026-09-27,2026-09-27T08:12:28.721527+09:00,地方紙,沖縄,沖縄タイムス,パラ銀メダリスト・上与那原寛和さん死去 55歳 車いす陸上の練習中に事故21:55有料#訃報,https://www.okinawatimes.co.jp/articles/-/1931995,https://www.okinawatimes.co.jp/,ok,,
2026-09-27,2026-09-27T08:12:28.721527+09:00,地方紙,沖縄,沖縄タイムス,【台風26号】沖縄本島と大東島地方に接近へ 強い勢力、きょう暴風の恐れ5:30#台風,https://www.okinawatimes.co.jp/articles/-/1932141,https://www.okinawatimes.co.jp/,ok,,
2026-09-27,2026-09-27T08:12:28.721527+09:00,地方紙,沖縄,沖縄タイムス,[大弦小弦]コザにしかない空気5:37有料#大弦小弦,https://www.okinawatimes.co.jp/articles/-/1932143,https://www.okinawatimes.co.jp/,ok,,
2026-09-27,2026-09-27T08:12:28.721527+09:00,地方紙,沖縄,沖縄タイムス,【解説】辺野古の合理性、検証必要 新基地の関連事業費が累計7835億円 国に再試算と説明の責任6:05有料#辺野古新基地・...,https://www.okinawatimes.co.jp/articles/-/1932059,https://www.okinawatimes.co.jp/,ok,,
2026-09-27,2026-09-27T08:12:28.721527+09:00,地方紙,沖縄,沖縄タイムス,戦争体験を胸に「住民の側に立つ」貫く 権力に屈せず平和追求 山内徳信さん悼む声続々6:28有料#訃報,https://www.okinawatimes.co.jp/articles/-/1932118,https://www.okinawatimes.co.jp/,ok,,
2026-09-27,2026-09-27T08:12:28.721527+09:00,地方紙,沖縄,沖縄タイムス,「優しいバルさん」「パラスポーツの牽引者」 レジェンド・上与那原寛和さんが残した足跡 関係者から悼む声相次ぐ6:44有料#訃報,https://www.okinawatimes.co.jp/articles/-/1932129,https://www.okinawatimes.co.jp/,ok,,
2026-09-27,2026-09-27T08:12:28.721527+09:00,地方紙,沖縄,沖縄タイムス,【台風26号】沖縄の最新情報まとめ 進路・休業・交通・イベント中止などを随時更新8:00#台風,https://www.okinawatimes.co.jp/articles/-/1931667,https://www.okinawatimes.co.jp/,ok,,
2026-09-27,2026-09-27T08:12:28.721527+09:00,地方紙,沖縄,沖縄タイムス,【台風26号】沖縄の臨時休校まとめ 市町村別に随時更新8:55#台風,https://www.okinawatimes.co.jp/articles/-/1931659,https://www.okinawatimes.co.jp/,ok,,
2026-09-27,2026-09-27T08:12:28.721527+09:00,地方紙,沖縄,沖縄タイムス,コストコ効果で集客力に期待 変わる南城市つきしろ はま寿司の初出店も【周辺地図あり】17:21有料#沖縄の経済,https://www.okinawatimes.co.jp/articles/-/1931849,https://www.okinawatimes.co.jp/,ok,,
2026-09-27,2026-09-27T08:12:28.721527+09:00,地方紙,沖縄,沖縄タイムス,東さん最優秀 念願果たす 県外出身で初 石垣 とぅばらーま大会4:00有料#地域,https://www.okinawatimes.co.jp/articles/-/1932015,https://www.okinawatimes.co.jp/,ok,,
2026-09-27,2026-09-27T08:12:28.721527+09:00,地方紙,沖縄,沖縄タイムス,[大相撲秋場所](14日目) 大の里 終盤失速3敗目4:00有料#スポーツ,https://www.okinawatimes.co.jp/articles/-/1932076,https://www.okinawatimes.co.jp/,ok,,
2026-09-27,2026-09-27T08:12:28.721527+09:00,地方紙,沖縄,沖縄タイムス,[愛知・名古屋 アジア大会2026]宮本「銀」 逆転許す 新設70キロ級4:00有料#スポーツ,https://www.okinawatimes.co.jp/articles/-/1932094,https://www.okinawatimes.co.jp/,ok,,
2026-09-27,2026-09-27T08:12:28.721527+09:00,地方紙,沖縄,沖縄タイムス,学び全う 21人巣立ち 泊高定通制前期卒業式 喜び胸に花道くぐる4:00有料#教育,https://www.okinawatimes.co.jp/articles/-/1931988,https://www.okinawatimes.co.jp/,ok,,
2026-09-27,2026-09-27T08:12:28.721527+09:00,地方紙,沖縄,沖縄タイムス,「新しい戦前」に危機感を 平和歌うシャンソン和尚8:00#トピックス,https://www.okinawatimes.co.jp/articles/-/1932184,https://www.okinawatimes.co.jp/,ok,,
2026-09-27,2026-09-27T08:12:28.721527+09:00,地方紙,沖縄,沖縄タイムス,沖縄タイムス社はSNS時代の選挙報道指針を策定しました,https://www.okinawatimes.co.jp/articles/-/1912094,https://www.okinawatimes.co.jp/,ok,,
2026-09-27,2026-09-27T08:12:28.721527+09:00,地方紙,沖縄,沖縄タイムス,仲座健太 さんがコメント(9月26日 19:03),https://www.okinawatimes.co.jp/articles/-/1931483,https://www.okinawatimes.co.jp/,ok,,
2026-09-27,2026-09-27T08:12:28.721527+09:00,地方紙,沖縄,沖縄タイムス,波名城翔 さんがコメント(9月26日 18:14),https://www.okinawatimes.co.jp/articles/-/1929493,https://www.okinawatimes.co.jp/,ok,,
2026-09-27,2026-09-27T08:12:28.721527+09:00,全国紙,全国,東京新聞,高市首相の一日 9月26日(土),https://www.tokyo-np.co.jp/article/517984,https://news.ceek.jp/search.cgi?category_id=politics&feed=1,ok,,政治
2026-09-27,2026-09-27T08:12:28.721527+09:00,その他メディア,,時事通信,国際空港拡張、1500億円供与 日モンゴル合意へ,https://www.jiji.com/jc/article?k=2026092600281&g=pol,https://news.ceek.jp/search.cgi?category_id=politics&feed=1,ok,,政治
2026-09-27,2026-09-27T08:12:28.721527+09:00,その他メディア,,フジテレビ,吉村代表「必ずやりきりたい」 消費減税と定数削減法案の成立に意欲,https://www.fnn.jp/articles/-/1121673,https://news.ceek.jp/search.cgi?category_id=politics&feed=1,ok,,政治
2026-09-27,2026-09-27T08:12:28.721527+09:00,全国紙,全国,東京新聞,〈政治まんが〉「慎重に扱ってください」 佐藤正明傑作選「一笑両断2」販売中,https://www.tokyo-np.co.jp/article/517893,https://news.ceek.jp/search.cgi?category_id=politics&feed=1,ok,,政治
2026-09-27,2026-09-27T08:12:28.721527+09:00,全国紙,全国,読売新聞,認知戦 海外機関と連携 中露に対抗 政府、対外発信強化へ,https://www.yomiuri.co.jp/politics/20260927-GYT1T00051/,https://news.ceek.jp/search.cgi?category_id=politics&feed=1,ok,,政治
2026-09-27,2026-09-27T08:12:28.721527+09:00,全国紙,全国,読売新聞,高市首相の一日(26日),https://www.yomiuri.co.jp/politics/20260927-GYT1T00054/,https://news.ceek.jp/search.cgi?category_id=politics&feed=1,ok,,政治
2026-09-27,2026-09-27T08:12:28.721527+09:00,全国紙,全国,読売新聞,小野寺元防衛相、月内のウクライナ訪問で調整...ドローン駆使「新しい戦い方」の知見吸収へ,https://www.yomiuri.co.jp/politics/20260926-GYT1T00465/,https://news.ceek.jp/search.cgi?category_id=politics&feed=1,ok,,政治
2026-09-27,2026-09-27T08:12:28.721527+09:00,全国紙,全国,産経新聞,高市日誌26日(土),https://www.sankei.com/article/20260927-KTAYZ634DJLVDJHM764IJTL3VQ/,https://news.ceek.jp/search.cgi?category_id=politics&feed=1,ok,,政治
2026-09-27,2026-09-27T08:12:28.721527+09:00,全国紙,全国,読売新聞,有事登庁職員 宿舎が不足 充足75% 初動対応懸念...政府 整備急ぐ,https://www.yomiuri.co.jp/politics/20260926-GYT1T00372/,https://news.ceek.jp/search.cgi?category_id=politics&feed=1,ok,,政治
2026-09-27,2026-09-27T08:12:28.721527+09:00,全国紙,全国,毎日新聞,首相日々 26日,https://mainichi.jp/articles/20260927/ddm/012/010/089000c,https://news.ceek.jp/search.cgi?category_id=politics&feed=1,ok,,政治
2026-09-27,2026-09-27T08:12:28.721527+09:00,全国紙,全国,日本経済新聞,高市内閣支持、参政支持層で7割に回復 39歳以下無党派は4割下回る,https://www.nikkei.com/article/DGXZQOUA24A2C0U6A920C2000000/,https://news.ceek.jp/search.cgi?category_id=politics&feed=1,ok,,政治
2026-09-27,2026-09-27T08:12:28.721527+09:00,その他メディア,,フジテレビ,高市総理 トランプ大統領と電話会談 米中会談受け連携確認,https://www.fnn.jp/articles/-/1121594,https://news.ceek.jp/search.cgi?category_id=politics&feed=1,ok,,政治
2026-09-27,2026-09-27T08:12:28.721527+09:00,その他メディア,,日本テレビ,日米首脳が電話会談 高市首相「米中首脳会談について詳細な説明があった」,https://news.ntv.co.jp/category/politics/1f786552cb2b4d11988db6ddee082359,https://news.ceek.jp/search.cgi?category_id=politics&feed=1,ok,,政治
2026-09-27,2026-09-27T08:12:28.721527+09:00,全国紙,全国,日本経済新聞,26日の高市首相の動静,https://www.nikkei.com/article/DGXZQOUA2616K0W6A920C2000000/,https://news.ceek.jp/search.cgi?category_id=politics&feed=1,ok,,政治
2026-09-27,2026-09-27T08:12:28.721527+09:00,その他メディア,,デイリースポーツ,日米首脳、対中連携確認,https://www.daily.co.jp/society/politics/2026/09/26/0020864271.shtml,https://news.ceek.jp/search.cgi?category_id=politics&feed=1,ok,,政治
2026-09-27,2026-09-27T08:12:28.721527+09:00,その他メディア,,共同通信,日米首脳、対中連携確認 トランプ氏米中会談説明,https://www.47news.jp/14997435.html,https://news.ceek.jp/search.cgi?category_id=politics&feed=1,ok,,政治
2026-09-27,2026-09-27T08:12:28.721527+09:00,全国紙,全国,産経新聞,高市首相「日米は最も信頼し合える同盟国」 トランプ氏と電話会談 米中会談受け連携確認,https://www.sankei.com/article/20260926-4M2RJKGJUZLUXCDTJPAOHKE3SQ/,https://news.ceek.jp/search.cgi?category_id=politics&feed=1,ok,,政治
2026-09-27,2026-09-27T08:12:28.721527+09:00,その他メディア,,テレビ朝日,高市総理「米中首脳会談の詳細な説明があった」トランプ大統領と20分間電話会談,https://news.tv-asahi.co.jp/news_politics/articles/000535974.html,https://news.ceek.jp/search.cgi?category_id=politics&feed=1,ok,,政治
2026-09-27,2026-09-27T08:12:28.721527+09:00,その他メディア,,共同通信,【速報】首相、日米は最も信頼し合える同盟国と伝達,https://www.47news.jp/14997245.html,https://news.ceek.jp/search.cgi?category_id=politics&feed=1,ok,,政治
2026-09-27,2026-09-27T08:12:28.721527+09:00,その他メディア,,フジテレビ,【速報】高市総理「1週間に2度の首脳会談は日米同盟の絆の強さを示すもの」 トランプ大統領と電話会談,https://www.fnn.jp/articles/-/1121583,https://news.ceek.jp/search.cgi?category_id=politics&feed=1,ok,,政治
2026-09-27,2026-09-27T08:12:28.721527+09:00,その他メディア,,共同通信,【速報】中国の課題で意見交換し日米連携確認と首相,https://www.47news.jp/14997218.html,https://news.ceek.jp/search.cgi?category_id=politics&feed=1,ok,,政治
2026-09-27,2026-09-27T08:12:28.721527+09:00,その他メディア,,日本テレビ,【動画】日米首脳電話会談終え 高市首相が記者団にコメント,https://news.ntv.co.jp/category/politics/d4ce732a4b6b483da7957fc3eebc481e,https://news.ceek.jp/search.cgi?category_id=politics&feed=1,ok,,政治
2026-09-27,2026-09-27T08:12:28.721527+09:00,全国紙,全国,産経新聞,高市首相とトランプ米大統領が電話会談 米中首脳会談の結果を共有か,https://www.sankei.com/article/20260926-V3NVUCOO4RKFDAW4NBUUMDLMS4/,https://news.ceek.jp/search.cgi?category_id=politics&feed=1,ok,,政治
2026-09-27,2026-09-27T08:12:28.721527+09:00,その他メディア,,共同通信,【独自】中国、尖閣沖EEZ内を集中調査 「柵状」に航行、情報収集か,https://www.47news.jp/14997108.html,https://news.ceek.jp/search.cgi?category_id=politics&feed=1,ok,,政治
2026-09-27,2026-09-27T08:12:28.721527+09:00,その他メディア,,共同通信,【速報】日米首脳が電話会談,https://www.47news.jp/14997130.html,https://news.ceek.jp/search.cgi?category_id=politics&feed=1,ok,,政治
2026-09-27,2026-09-27T08:12:28.721527+09:00,その他メディア,,フジテレビ,維新・吉村代表「必ずやりきる」消費減税法案と定数削減法案の成立に意欲,https://www.fnn.jp/articles/-/1121577,https://news.ceek.jp/search.cgi?category_id=politics&feed=1,ok,,政治
2026-09-27,2026-09-27T08:12:28.721527+09:00,その他メディア,,フジテレビ,"【JR米坂線】新潟県知事「山形側と別の判断も」 豪雨被災から4年...新潟側は“バスへの転換""容認",https://www.fnn.jp/articles/-/1121571,https://news.ceek.jp/search.cgi?category_id=politics&feed=1,ok,,政治
2026-09-27,2026-09-27T08:12:28.721527+09:00,その他メディア,,フジテレビ,【JR大糸線】「必要ではあるが利用しない」人口減少で岐路に...バス転換含め議論進む「ニーズに合ったもの実現へ」,https://www.fnn.jp/articles/-/1121559,https://news.ceek.jp/search.cgi?category_id=politics&feed=1,ok,,政治
2026-09-27,2026-09-27T08:12:28.721527+09:00,全国紙,全国,産経新聞,米中は「第二次大戦の同盟国」 中国外務省も合意文書発表、台湾問題への言及はなし,https://www.sankei.com/article/20260926-PRI2ENBQVRMGPCLGSEGGQG4QU4/,https://news.ceek.jp/search.cgi?category_id=politics&feed=1,ok,,政治
2026-09-27,2026-09-27T08:12:28.721527+09:00,その他メディア,,フジテレビ,愛媛県知事選 不在者投票用の封筒の仕分け作業 点字知らない視覚障がい者用のアイテムも準備【愛媛】,https://www.fnn.jp/articles/-/1121518,https://news.ceek.jp/search.cgi?category_id=politics&feed=1,ok,,政治
2026-09-27,2026-09-27T08:12:28.721527+09:00,その他メディア,,フジテレビ,広島市の松井市長 “体調不良について自ら説明“ の意向...25日の市議会本会議を就任以来初欠席,https://www.fnn.jp/articles/-/1121507,https://news.ceek.jp/search.cgi?category_id=politics&feed=1,ok,,政治
2026-09-27,2026-09-27T08:12:28.721527+09:00,全国紙,全国,日本経済新聞,定数削減「具体的な結論へ努力」 衆院選挙制度の与野党合意案,https://www.nikkei.com/article/DGXZQOUA260OZ0W6A920C2000000/,https://news.ceek.jp/search.cgi?category_id=politics&feed=1,ok,,政治
2026-09-27,2026-09-27T08:12:28.721527+09:00,全国紙,全国,毎日新聞,陸自の長射程ミサイル、日米演習に投入へ 3月に熊本配備,https://mainichi.jp/articles/20260926/k00/00m/010/092000c,https://news.ceek.jp/search.cgi?category_id=politics&feed=1,ok,,政治
2026-09-27,2026-09-27T08:12:28.721527+09:00,全国紙,全国,朝日新聞,【まとめてわかる】横浜市長のパワハラ問題 認定された7つの行為,https://www.asahi.com/articles/ASV9V0RGGV9VOXIE02TM.html,https://news.ceek.jp/search.cgi?category_id=politics&feed=1,ok,,政治
2026-09-27,2026-09-27T08:12:28.721527+09:00,全国紙,全国,朝日新聞,見せしめの人事、出禁......横浜市長のパワハラ、市役所内で何が,https://www.asahi.com/articles/ASV9V0V29V9VOXIE02WM.html,https://news.ceek.jp/search.cgi?category_id=politics&feed=1,ok,,政治
2026-09-27,2026-09-27T08:12:28.721527+09:00,全国紙,全国,産経新聞,「日米同盟ともに強化」小泉進次郎氏、米中「同盟」演出の日に強調 対中象徴の米司令官と,https://www.sankei.com/article/20260926-YYTTIXVCZ5D67LIQIIL3NAABBE/,https://news.ceek.jp/search.cgi?category_id=politics&feed=1,ok,,政治
2026-09-27,2026-09-27T08:12:28.721527+09:00,全国紙,全国,産経新聞,長射程ミサイル「25式」日米演習に 敵基地攻撃、10月初投入 防衛省方針、熊本配備,https://www.sankei.com/article/20260926-X6N6RS52NNJLFDCUCMGYNIMXFI/,https://news.ceek.jp/search.cgi?category_id=politics&feed=1,ok,,政治
2026-09-27,2026-09-27T08:12:28.721527+09:00,その他メディア,,共同通信,内閣改造も支持率は微増 経済対策、結果が左右,https://www.47news.jp/14995742.html,https://news.ceek.jp/search.cgi?category_id=politics&feed=1,ok,,政治
2026-09-27,2026-09-27T08:12:28.721527+09:00,その他メディア,,デイリースポーツ,内閣改造も支持率は微増,https://www.daily.co.jp/society/politics/2026/09/26/0020862382.shtml,https://news.ceek.jp/search.cgi?category_id=politics&feed=1,ok,,政治
2026-09-27,2026-09-27T08:12:28.721527+09:00,全国紙,全国,産経新聞,内閣改造も支持率微増 主要閣僚留任で刷新感なく 経済対策には期待、結果が今後を左右,https://www.sankei.com/article/20260926-D747WXOURJNDRIDSBK3IQLMYF4/,https://news.ceek.jp/search.cgi?category_id=politics&feed=1,ok,,政治
2026-09-27,2026-09-27T08:12:28.721527+09:00,その他メディア,,共同通信,憲法改正、自民の布陣注目 首相発議目標に影響,https://www.47news.jp/14995643.html,https://news.ceek.jp/search.cgi?category_id=politics&feed=1,ok,,政治
2026-09-27,2026-09-27T08:12:28.721527+09:00,その他メディア,,デイリースポーツ,憲法改正、自民の布陣注目,https://www.daily.co.jp/society/politics/2026/09/26/0020862276.shtml,https://news.ceek.jp/search.cgi?category_id=politics&feed=1,ok,,政治
2026-09-27,2026-09-27T08:12:28.721527+09:00,全国紙,全国,産経新聞,沖縄・尖閣周辺に中国海警局船がまた出現 49日連続 海保の巡視船が警告続ける,https://www.sankei.com/article/20260926-E4F6XVQVBBMTDKF522GXGCQTAM/,https://news.ceek.jp/search.cgi?category_id=politics&feed=1,ok,,政治
2026-09-27,2026-09-27T08:12:28.721527+09:00,全国紙,全国,産経新聞,習氏、11年ぶりの国賓訪米で米中関係の安定誇示 来年の共産党大会へ内外の環境整備を加速,https://www.sankei.com/article/20260926-ZJOP6FTCFJMILE4YO3K6KCLPUU/,https://news.ceek.jp/search.cgi?category_id=politics&feed=1,ok,,政治
2026-09-27,2026-09-27T08:12:28.721527+09:00,その他メディア,,Abema TIMES,"「ここまで調整コストがかかるのか」自民との連立政権から約1年を維新幹部が告白「現実的な判断」が“病""に?「絶対によくない」",https://times.abema.tv/articles/-/10275000?page=1,https://news.ceek.jp/search.cgi?category_id=politics&feed=1,ok,,政治
2026-09-27,2026-09-27T08:12:28.721527+09:00,その他メディア,,テレビ朝日,"「ここまで調整コストがかかるのか」自民との連立政権から約1年を維新幹部が告白「現実的な判断」が“病""に?「絶対によくない」",https://news.tv-asahi.co.jp/news_politics/articles/900200569.html,https://news.ceek.jp/search.cgi?category_id=politics&feed=1,ok,,政治
2026-09-27,2026-09-27T08:12:28.721527+09:00,その他メディア,,Abema TIMES,インテリジェンス強化の有識者会議 初開催へ,https://times.abema.tv/articles/-/10275219?page=1,https://news.ceek.jp/search.cgi?category_id=politics&feed=1,ok,,政治
2026-09-27,2026-09-27T08:12:28.721527+09:00,全国紙,全国,朝日新聞,「個別訪問日本一」と自称する政治家の流儀 政が築く地域のつながり,https://www.asahi.com/articles/ASV9F45P0V9FUOOB00VM.html,https://news.ceek.jp/search.cgi?category_id=politics&feed=1,ok,,政治
2026-09-27,2026-09-27T08:12:28.721527+09:00,全国紙,全国,朝日新聞,元首相らを支えて90年 「最強」の後援会が完敗した政治活動のいま,https://www.asahi.com/articles/ASV9D0SDQV9DUOOB007M.html,https://news.ceek.jp/search.cgi?category_id=politics&feed=1,ok,,政治
2026-09-27,2026-09-27T08:12:28.721527+09:00,全国紙,全国,朝日新聞,「80年前の時代遅れ」 安保理常任入りめざすG4外相会合が声明,https://www.asahi.com/articles/ASV9T4404V9TUTFK00ZM.html,https://news.ceek.jp/search.cgi?category_id=politics&feed=1,ok,,政治
2026-09-27,2026-09-27T08:12:28.721527+09:00,全国紙,全国,産経新聞,左派退潮「選挙大敗で血税依存の愚」「お花畑論より経済」若者や現役世代の覚醒 高橋洋一,https://www.sankei.com/article/20260926-6NSC4KJBZ5MNBF7HP56C5BHA7E/,https://news.ceek.jp/search.cgi?category_id=politics&feed=1,ok,,政治
2026-09-27,2026-09-27T08:12:28.721527+09:00,その他メディア,,フジテレビ,広島県が『副首都構想』候補地への立候補に前向き 横田知事「十分な適性が備わっている」【広島発】,https://www.fnn.jp/articles/-/1121331,https://news.ceek.jp/search.cgi?category_id=politics&feed=1,ok,,政治
2026-09-27,2026-09-27T08:12:28.721527+09:00,その他メディア,,しんぶん赤旗,定数削減反対の声結集を 全国革新懇集会 塩川氏が情勢報告,https://www.jcp.or.jp/akahata/aik26/2026-09-26/2026092601_02_0.php,https://news.ceek.jp/search.cgi?category_id=politics&feed=1,ok,,政治
2026-09-27,2026-09-27T08:12:28.721527+09:00,その他メディア,,しんぶん赤旗,横浜は平和でこそ発展 10月4日告示 あさか市長予定候補・小池氏訴え/「すぐやる5」ぜひ,https://www.jcp.or.jp/akahata/aik26/2026-09-26/2026092601_03_0.php,https://news.ceek.jp/search.cgi?category_id=politics&feed=1,ok,,政治
2026-09-27,2026-09-27T08:12:28.721527+09:00,その他メディア,,しんぶん赤旗,繰越金ため込み 全体の80%自民 政党助成金の使途報告,https://www.jcp.or.jp/akahata/aik26/2026-09-26/2026092602_03_0.php,https://news.ceek.jp/search.cgi?category_id=politics&feed=1,ok,,政治
2026-09-27,2026-09-27T08:12:28.721527+09:00,その他メディア,,しんぶん赤旗,主張 高市氏の国連演説/法の支配強調がむなしく響く,https://www.jcp.or.jp/akahata/aik26/2026-09-26/2026092602_01_0.php,https://news.ceek.jp/search.cgi?category_id=politics&feed=1,ok,,政治
2026-09-27,2026-09-27T08:12:28.721527+09:00,その他メディア,,しんぶん赤旗,県政刷新へ党議席必ず 福岡県議補選 河野氏が第一声,https://www.jcp.or.jp/akahata/aik26/2026-09-26/2026092604_02_0.php,https://news.ceek.jp/search.cgi?category_id=politics&feed=1,ok,,政治
2026-09-27,2026-09-27T08:12:28.721527+09:00,その他メディア,,しんぶん赤旗,18歳未満選挙運動禁止は違憲 東京地裁判決 表現の自由に反する,https://www.jcp.or.jp/akahata/aik26/2026-09-26/2026092601_01_0.php,https://news.ceek.jp/search.cgi?category_id=politics&feed=1,ok,,政治
2026-09-27,2026-09-27T08:12:28.721527+09:00,その他メディア,,しんぶん赤旗,沖縄のこころ次世代へ デニー知事、最後の定例会見,https://www.jcp.or.jp/akahata/aik26/2026-09-26/2026092602_04_0.php,https://news.ceek.jp/search.cgi?category_id=politics&feed=1,ok,,政治
2026-09-27,2026-09-27T08:12:28.721527+09:00,その他メディア,,しんぶん赤旗,"志位和夫著『新しいアメリカとの出会い』出版に寄せて “平和""と“マルクス""の二刀流で出会ったアメリカ/副委員長・国際委員会責任者 緒方靖夫",https://www.jcp.or.jp/akahata/aik26/2026-09-26/2026092604_01_0.php,https://news.ceek.jp/search.cgi?category_id=politics&feed=1,ok,,政治
2026-09-27,2026-09-27T08:12:28.721527+09:00,その他メディア,,しんぶん赤旗,「旧敵国条項」削除 当然の流れ 日本政府は侵略認識と反省を 首相の国連演説巡り 横浜で小池氏強調,https://www.jcp.or.jp/akahata/aik26/2026-09-26/2026092602_02_0.php,https://news.ceek.jp/search.cgi?category_id=politics&feed=1,ok,,政治
2026-09-27,2026-09-27T08:12:28.721527+09:00,その他メディア,,しんぶん赤旗,潮流 「プロでも素人でも、うまい、へたに関係なく、命や平和の尊さを表現...,https://www.jcp.or.jp/akahata/aik26/2026-09-26/2026092601_04_0.php,https://news.ceek.jp/search.cgi?category_id=politics&feed=1,ok,,政治
2026-09-27,2026-09-27T08:12:28.721527+09:00,その他メディア,,フジテレビ,広島県が『副首都構想』候補地への立候補に前向き 横田知事「十分な適性が備わっている」,https://www.fnn.jp/articles/-/1121325,https://news.ceek.jp/search.cgi?category_id=politics&feed=1,ok,,政治
2026-09-27,2026-09-27T08:12:28.721527+09:00,その他メディア,,フジテレビ,高市総理が「スタートアップ大賞」表彰式に出席 AIロボット開発のMujinに内閣総理大臣賞 成長分野の担い手に期待,https://www.fnn.jp/articles/-/1121315,https://news.ceek.jp/search.cgi?category_id=politics&feed=1,ok,,政治
2026-09-27,2026-09-27T08:12:28.721527+09:00,その他メディア,,フジテレビ,盛岡市が10月1日から宿泊税を導入へ 1人1泊200円で安定的な観光財源の確保を目指す 宿泊施設や利用者の声 岩手,https://www.fnn.jp/articles/-/1121320,https://news.ceek.jp/search.cgi?category_id=politics&feed=1,ok,,政治
2026-09-27,2026-09-27T08:12:28.721527+09:00,その他メディア,,日本テレビ,"【キーパーソン直撃】今後の政権運営どう臨む? 国会改革や消費減税...高市政権の“最側近""木原長官と維新・遠藤補佐官が“たこ焼きパーティー""で語ったこと",https://news.ntv.co.jp/category/politics/7ba52610189846d991f783325f630e8d,https://news.ceek.jp/search.cgi?category_id=politics&feed=1,ok,,政治
2026-09-27,2026-09-27T08:12:28.721527+09:00,全国紙,全国,東京新聞,高市首相の一日 9月25日(金),https://www.tokyo-np.co.jp/article/517822,https://news.ceek.jp/search.cgi?category_id=politics&feed=1,ok,,政治
2026-09-27,2026-09-27T08:12:28.721527+09:00,全国紙,全国,朝日新聞,グローバル経済の混乱の発端は「国富論」の曲解にある 佐伯啓思さん,https://www.asahi.com/articles/ASV9S1SS3V9SUPQJ00FM.html,https://news.ceek.jp/search.cgi?category_id=politics&feed=1,ok,,政治
2026-09-27,2026-09-27T08:12:28.721527+09:00,その他メディア,,JBpress,"実体なき“幽霊政党""へ交付金...中道が受領へ突き進めば政治不信の高まりは必至、政党の公金依存を断ち切る改革案与野党問わず求められる「公金チューチュー」からの脱却、政党助成3つの改革案",https://jbpress.ismedia.jp/articles/-/97142,https://news.ceek.jp/search.cgi?category_id=politics&feed=1,ok,,政治
2026-09-27,2026-09-27T08:12:28.721527+09:00,その他メディア,,JBpress,介護現場のケアマネジャーを疲弊させる「報酬が付かない仕事」、シャドウワーク削減で失ってはいけないもの,https://jbpress.ismedia.jp/articles/-/97169,https://news.ceek.jp/search.cgi?category_id=politics&feed=1,ok,,政治
2026-09-27,2026-09-27T08:12:28.721527+09:00,その他メディア,,JBpress,【原油ウォッチ】サウジアラビアやホルムズ海峡の原油輸送で情報錯綜、米国ではディーゼル輸出禁止の動きも?,https://jbpress.ismedia.jp/articles/-/97180,https://news.ceek.jp/search.cgi?category_id=politics&feed=1,ok,,政治
2026-09-27,2026-09-27T08:12:28.721527+09:00,全国紙,全国,朝日新聞,AIが司令部の「頭脳」に 変わる戦争の意思決定と日本のAI主権,https://www.asahi.com/articles/ASV9Q4D7YV9QUTFK00ZM.html,https://news.ceek.jp/search.cgi?category_id=politics&feed=1,ok,,政治
2026-09-27,2026-09-27T08:12:28.721527+09:00,その他メディア,,JBpress,"2040年「介護難民400万人」時代へ、家族に押し戻される介護負担と在宅介護の限界、家の中で静かに始まる姥捨て山【著者に聞く】『介護難民400万人時代 2040年 日本型“超高齢社会""の末路』の小林美希が語る、在宅介護の現実",https://jbpress.ismedia.jp/articles/-/97184,https://news.ceek.jp/search.cgi?category_id=politics&feed=1,ok,,政治
2026-09-27,2026-09-27T08:12:28.721527+09:00,その他メディア,,JBpress,沖縄知事選で見えた「SNS選挙」の新局面、投稿の約9割が県外発との分析も、生成AI時代の偽情報にどう向き合う,https://jbpress.ismedia.jp/articles/-/97160,https://news.ceek.jp/search.cgi?category_id=politics&feed=1,ok,,政治
2026-09-27,2026-09-27T08:12:28.721527+09:00,その他メディア,,JBpress,貴重な利上げカードが円売り材料に、利上げしても円安が止まらない日銀、二人の反対票が映し出す内憂外患【唐鎌大輔の為替から見る日本】足並みが乱れる金融政策と通貨政策、市場が迫る追加利上げと円相場防衛の難題,https://jbpress.ismedia.jp/articles/-/97183,https://news.ceek.jp/search.cgi?category_id=politics&feed=1,ok,,政治
2026-09-27,2026-09-27T08:12:28.721527+09:00,その他メディア,,JBpress,ブタの腎臓で人間が271日も生きた...米で成果、「異種移植」は臓器不足を救う?日本も臨床試験へ【やさしく解説】異種移植,https://jbpress.ismedia.jp/articles/-/97155,https://news.ceek.jp/search.cgi?category_id=politics&feed=1,ok,,政治
2026-09-27,2026-09-27T08:12:28.721527+09:00,全国紙,全国,日本経済新聞,政治家SNSの「公私混用」、責任の所在は 高市首相X連投への問い,https://www.nikkei.com/article/DGXZQOUA11ACX0R10C26A9000000/,https://news.ceek.jp/search.cgi?category_id=politics&feed=1,ok,,政治
2026-09-27,2026-09-27T08:12:28.721527+09:00,全国紙,全国,日本経済新聞,首脳会談は突然に、高市首相NY弾丸同行記 トランプ氏に質問かなわず,https://www.nikkei.com/article/DGXZQOUA244P10U6A920C2000000/,https://news.ceek.jp/search.cgi?category_id=politics&feed=1,ok,,政治
2026-09-27,2026-09-27T08:12:28.721527+09:00,全国紙,全国,読売新聞,衆参49人 公明再始動 統一会派 国会対応 調整難航も 党勢回復など前途多難,https://www.yomiuri.co.jp/politics/20260926-GYT1T00035/,https://news.ceek.jp/search.cgi?category_id=politics&feed=1,ok,,政治
2026-09-27,2026-09-27T08:12:28.721527+09:00,全国紙,全国,読売新聞,自民「消費税減税シフト」 役員人事 田村氏ら留任,https://www.yomiuri.co.jp/politics/20260926-GYT1T00033/,https://news.ceek.jp/search.cgi?category_id=politics&feed=1,ok,,政治
2026-09-27,2026-09-27T08:12:28.721527+09:00,全国紙,全国,産経新聞,高市日誌25日(金),https://www.sankei.com/article/20260926-AQKZZX4OSFKCXBQE5TCKQYHTGE/,https://news.ceek.jp/search.cgi?category_id=politics&feed=1,ok,,政治
2026-09-27,2026-09-27T08:12:28.721527+09:00,その他メディア,,ハーバード・ビジネス・レビュー,ロイターとダウのJVに学ぶ,https://dhbr.diamond.jp/articles/-/14455,https://news.ceek.jp/search.cgi?category_id=business&feed=1,ok,,経済
2026-09-27,2026-09-27T08:12:28.721527+09:00,その他メディア,,フジテレビ,"火星の衛星から砂や岩石を持ち帰る""世界初ミッション"" JAXAが相模原の管制室を初公開、10月20日打ち上げへ",https://www.fnn.jp/articles/-/1120803,https://news.ceek.jp/search.cgi?category_id=business&feed=1,ok,,経済
2026-09-27,2026-09-27T08:12:28.721527+09:00,その他メディア,,東洋経済オンライン,トリップ・ドットコムの最新決算が映す中国「プラットフォーム規制」の着地点 罰金を機に価格の裁量をホテルに返す? | 政治・経済・投資,https://toyokeizai.net/articles/-/958501,https://news.ceek.jp/search.cgi?category_id=business&feed=1,ok,,経済
2026-09-27,2026-09-27T08:12:28.721527+09:00,その他メディア,,週刊プレイボーイ,"""日本大好きアメリカ人エコノミスト""のノア・スミスが語る「日本経済再興戦略」",https://wpb.shueisha.co.jp/news/economy/20260927-132843/,https://news.ceek.jp/search.cgi?category_id=business&feed=1,ok,,経済
2026-09-27,2026-09-27T08:12:28.721527+09:00,その他メディア,,東京商工リサーチ,「渋谷区」が倒産最多、2年連続も視野 ~ 倒産企業の半数が業歴10年超、新設法人は伸び鈍化 ~,https://www.tsr-net.co.jp/data/detail/1203274_1527.html,https://news.ceek.jp/search.cgi?category_id=business&feed=1,ok,,経済
2026-09-27,2026-09-27T08:12:28.721527+09:00,その他メディア,,Forbes JAPAN,中国から東南アジア・日本へ移るIPOの重心、日本企業も米国上場を準備,https://forbesjapan.com/articles/detail/105323,https://news.ceek.jp/search.cgi?category_id=business&feed=1,ok,,経済
2026-09-27,2026-09-27T08:12:28.721527+09:00,その他メディア,,東洋経済オンライン,「ニコタマみたいなタワマンは皆無」「しかし邸宅が多数存在」...世田谷区内でも実は「隠れた高級住宅地」の街の実態 | ライフ,https://toyokeizai.net/articles/-/959085?display=b,https://news.ceek.jp/search.cgi?category_id=business&feed=1,ok,,経済
2026-09-27,2026-09-27T08:12:28.721527+09:00,その他メディア,,東洋経済オンライン,TSMCが打ち出した半導体分業の新戦法「STCO」の中身とは――サプライヤー巻き込んだ「20人21脚」に挑む | ビジネス,https://toyokeizai.net/articles/-/959203,https://news.ceek.jp/search.cgi?category_id=business&feed=1,ok,,経済
2026-09-27,2026-09-27T08:12:28.721527+09:00,その他メディア,,東洋経済オンライン,"中国ファーウェイ""スマートカー連合""に吹き始めた隙間風...主力ブランド「問界」の主導権が提携先のセレスに | ビジネス",https://toyokeizai.net/articles/-/958901,https://news.ceek.jp/search.cgi?category_id=business&feed=1,ok,,経済
2026-09-27,2026-09-27T08:12:28.721527+09:00,その他メディア,,東洋経済オンライン,"「コミュニティを求めて」50歳の""若者""が区の高齢者向け施設でヨガデビュー...70・80代先輩に混じって得た「まさかの学び」 | ライフ",https://toyokeizai.net/articles/-/954838?display=b,https://news.ceek.jp/search.cgi?category_id=business&feed=1,ok,,経済
2026-09-27,2026-09-27T08:12:28.721527+09:00,その他メディア,,東洋経済オンライン,"「塾に行くなら選ばないで」...校長が明かした豊島岡女子学園が""学校完結""で受験指導できる理由 | キャリア・教育",https://toyokeizai.net/articles/-/958678?display=b,https://news.ceek.jp/search.cgi?category_id=business&feed=1,ok,,経済
2026-09-27,2026-09-27T08:12:28.721527+09:00,その他メディア,,日刊工業新聞,人手不足・安全対策、IoTであの手・この手...建材・住宅設備で拡大中,https://newswitch.jp/p/50365,https://news.ceek.jp/search.cgi?category_id=business&feed=1,ok,,経済
2026-09-27,2026-09-27T08:12:28.721527+09:00,全国紙,全国,朝日新聞,どんな暮らしや最期を望むか、伝える大切さ 自分が望む人生のために,https://www.asahi.com/articles/ASV9S2S56V9SULFA01WM.html,https://news.ceek.jp/search.cgi?category_id=business&feed=1,ok,,経済
2026-09-27,2026-09-27T08:12:28.721527+09:00,その他メディア,,ハーバード・ビジネス・レビュー,優れたリーダーはフィードバックが引き起こす感情を理解している,https://dhbr.diamond.jp/articles/-/14518,https://news.ceek.jp/search.cgi?category_id=business&feed=1,ok,,経済
2026-09-27,2026-09-27T08:12:28.721527+09:00,その他メディア,,東洋経済オンライン,【東大21人・医学部191人合格】新御三家でも突出、豊島岡女子学園が圧倒的な進学実績を叩き出す理由 | キャリア・教育,https://toyokeizai.net/articles/-/958667?display=b,https://news.ceek.jp/search.cgi?category_id=business&feed=1,ok,,経済
2026-09-27,2026-09-27T08:12:28.721527+09:00,その他メディア,,東洋経済オンライン,「飛べない国産哨戒機」稼働率2~3割のP-1、なぜ失敗は放置されたのか―防衛省・経産省に欠けた航空産業を育てる能力 | 政治・経済・投資,https://toyokeizai.net/articles/-/959135?display=b,https://news.ceek.jp/search.cgi?category_id=business&feed=1,ok,,経済
2026-09-27,2026-09-27T08:12:28.721527+09:00,その他メディア,,東洋経済オンライン,本家ケインズ『一般理論』が捨てた本質と決定的な誤り...ケインズの本質を救い出す〈小幡理論体系〉をここに示そう | 政治・経済・投資,https://toyokeizai.net/articles/-/958815?display=b,https://news.ceek.jp/search.cgi?category_id=business&feed=1,ok,,経済
2026-09-27,2026-09-27T08:12:28.721527+09:00,その他メディア,,日本農業新聞,[今週の野菜見通し]9/27~,https://www.agrinews.co.jp/economy/index/409031,https://news.ceek.jp/search.cgi?category_id=business&feed=1,ok,,経済
2026-09-27,2026-09-27T08:12:28.721527+09:00,その他メディア,,日本農業新聞,[待ったなしの直売所改革](26)8年連続成長の原点とは 「答えは現場に」が信念,https://www.agrinews.co.jp/economy/index/409143,https://news.ceek.jp/search.cgi?category_id=business&feed=1,ok,,経済
2026-09-27,2026-09-27T08:12:28.721527+09:00,その他メディア,,日本農業新聞,[ちょっと一服 直売所川柳],https://www.agrinews.co.jp/economy/index/409144,https://news.ceek.jp/search.cgi?category_id=business&feed=1,ok,,経済
2026-09-27,2026-09-27T08:12:28.721527+09:00,その他メディア,,日本農業新聞,[きてみて うちの店]JA京都「たわわ朝霧」 広い売り場に旬ずらり,https://www.agrinews.co.jp/economy/index/409142,https://news.ceek.jp/search.cgi?category_id=business&feed=1,ok,,経済
2026-09-27,2026-09-27T08:12:28.721527+09:00,全国紙,全国,日本経済新聞,マンション購入後が正念場 修繕積立金や管理組合ガチャ...リスク攻略,https://www.nikkei.com/article/DGXZQOLC243ED0U6A920C2000000/,https://news.ceek.jp/search.cgi?category_id=business&feed=1,ok,,経済
2026-09-27,2026-09-27T08:12:28.721527+09:00,全国紙,全国,日本経済新聞,居酒屋「塚田農場」がコメ自社生産 「令和の騒動」教訓に安定調達,https://www.nikkei.com/article/DGXZQOUC102DF0Q6A910C2000000/,https://news.ceek.jp/search.cgi?category_id=business&feed=1,ok,,経済
2026-09-27,2026-09-27T08:12:28.721527+09:00,全国紙,全国,日本経済新聞,大塚製薬の担当役員に聞く新卒採用「適材適所のキャリアを後押し」,https://www.nikkei.com/article/DGXZQOUC10BXX0Q6A910C2000000/,https://news.ceek.jp/search.cgi?category_id=business&feed=1,ok,,経済
2026-09-27,2026-09-27T08:12:28.721527+09:00,全国紙,全国,日本経済新聞,若者「車免許いらない」 教習所は50年に3割減、通うは高齢者と外国人,https://www.nikkei.com/article/DGXZQOUC1768X0X10C26A8000000/,https://news.ceek.jp/search.cgi?category_id=business&feed=1,ok,,経済
2026-09-27,2026-09-27T08:12:28.721527+09:00,全国紙,全国,日本経済新聞,あいおいと伊藤忠がロボタクシー向け保険開発 27年度に米国で販売へ,https://www.nikkei.com/article/DGXZQOUC2112H0R20C26A9000000/,https://news.ceek.jp/search.cgi?category_id=business&feed=1,ok,,経済
2026-09-27,2026-09-27T08:12:28.721527+09:00,全国紙,全国,日本経済新聞,皇居ランで健康も伴侶も 社内恋愛にリスク、新たな出会いの場に,https://www.nikkei.com/article/DGXZQOUC246I10U6A920C2000000/,https://news.ceek.jp/search.cgi?category_id=business&feed=1,ok,,経済
2026-09-27,2026-09-27T08:12:28.721527+09:00,全国紙,全国,日本経済新聞,ニューヨーク、フローズンヨーグルト2000円 高たんぱくで人気,https://www.nikkei.com/article/DGXZQOUC247N90U6A920C2000000/,https://news.ceek.jp/search.cgi?category_id=business&feed=1,ok,,経済
2026-09-27,2026-09-27T08:12:28.721527+09:00,全国紙,全国,日本経済新聞,マイクロ酒蔵、全国40カ所に急増 新たな酒造りがビジネス創出に一役,https://www.nikkei.com/article/DGXZQOUC248VO0U6A920C2000000/,https://news.ceek.jp/search.cgi?category_id=business&feed=1,ok,,経済
2026-09-27,2026-09-27T08:12:28.721527+09:00,全国紙,全国,日本経済新聞,マイクロ酒蔵に異業種続々 沖縄の飲食店、日本酒文化の存続へ連携,https://www.nikkei.com/article/DGXZQOUC2492V0U6A920C2000000/,https://news.ceek.jp/search.cgi?category_id=business&feed=1,ok,,経済
2026-09-27,2026-09-27T08:12:28.721527+09:00,全国紙,全国,読売新聞,日本郵便、本社機能の一部を浅草郵便局などに移転へ...空きフロアはオフィスとして貸し出しの方向,https://www.yomiuri.co.jp/economy/20260926-GYT1T00357/,https://news.ceek.jp/search.cgi?category_id=business&feed=1,ok,,経済
2026-09-27,2026-09-27T08:12:28.721527+09:00,その他メディア,,フジテレビ,【倒産】負債総額1億4792万円 1915年創業の老舗土木工事会社が破産開始決定 受注競争やコスト高の影響で業績悪化 新潟・見附市,https://www.fnn.jp/articles/-/1121660,https://news.ceek.jp/search.cgi?category_id=business&feed=1,ok,,経済
2026-09-27,2026-09-27T08:12:28.721527+09:00,その他メディア,,現代ビジネス,「不便すぎる新函館北斗駅」と「観光資源に恵まれた函館駅」が共倒れの危機に...北海道新幹線の札幌延伸で起こること,https://gendai.media/articles/-/171398,https://news.ceek.jp/search.cgi?category_id=business&feed=1,ok,,経済
2026-09-27,2026-09-27T08:12:28.721527+09:00,その他メディア,,現代ビジネス,"北海道新幹線の“終点""なのにほぼ東横インしかない「異様な光景」...駅前開発が10年も進まない新函館北斗駅の現在",https://gendai.media/articles/-/171397,https://news.ceek.jp/search.cgi?category_id=business&feed=1,ok,,経済
2026-09-27,2026-09-27T08:12:28.721527+09:00,その他メディア,,東洋経済オンライン,トップは3億円を突破...!「1人当たり営業利益」をドーンと稼いでいる企業ランキング | ライフ,https://toyokeizai.net/articles/-/959170?display=b,https://news.ceek.jp/search.cgi?category_id=business&feed=1,ok,,経済
2026-09-27,2026-09-27T08:12:28.721527+09:00,全国紙,全国,日本経済新聞,中小企業庁の長い秋、慣れぬ予算折衝 補正頼みからの脱却,https://www.nikkei.com/article/DGXZQOUA1927Y0Z10C26A9000000/,https://news.ceek.jp/search.cgi?category_id=business&feed=1,ok,,経済
2026-09-27,2026-09-27T08:12:28.721527+09:00,その他メディア,,日本金融通信,第3回:明日来ても動けるように、今日から何を始めるか(最終回),https://www.nikkinonline.com/article/425224,https://news.ceek.jp/search.cgi?category_id=business&feed=1,ok,,経済
2026-09-27,2026-09-27T08:12:28.721527+09:00,その他メディア,,日本金融通信,今週の金融界(9月28日~10月2日),https://www.nikkinonline.com/article/426211,https://news.ceek.jp/search.cgi?category_id=business&feed=1,ok,,経済
2026-09-27,2026-09-27T08:12:28.721527+09:00,その他メディア,,日本金融通信,証券・運用業界、法・個人「待機資金」獲得へ 金利上昇で預貯金に対抗,https://www.nikkinonline.com/article/424787,https://news.ceek.jp/search.cgi?category_id=business&feed=1,ok,,経済
2026-09-27,2026-09-27T08:12:28.721527+09:00,その他メディア,,日本金融通信,銀行アプリ、使われる条件 継続利用や取引拡大へ,https://www.nikkinonline.com/article/424000,https://news.ceek.jp/search.cgi?category_id=business&feed=1,ok,,経済
2026-09-27,2026-09-27T08:12:28.721527+09:00,その他メディア,,日本金融通信,笠岡信組、全職員300人へ「温かい昼食」 1食200円で提供,https://www.nikkinonline.com/article/424803,https://news.ceek.jp/search.cgi?category_id=business&feed=1,ok,,経済
2026-09-27,2026-09-27T08:12:28.721527+09:00,その他メディア,,日本金融通信,金融IT協、「中級試験」11月開始 AI活用の企画力測定,https://www.nikkinonline.com/article/424830,https://news.ceek.jp/search.cgi?category_id=business&feed=1,ok,,経済
2026-09-27,2026-09-27T08:12:28.721527+09:00,全国紙,全国,日本経済新聞,低利用魚のボラ、刺し身・フライで堪能 カラスミだけじゃもったいない,https://www.nikkei.com/article/DGXZQOUB190ZX0Z10C26A9000000/,https://news.ceek.jp/search.cgi?category_id=business&feed=1,ok,,経済
2026-09-27,2026-09-27T08:12:28.721527+09:00,全国紙,全国,日本経済新聞,簿記から始めると挫折する 面白い「誰でも会計の基本が分かる本」,https://www.nikkei.com/article/DGXZQOUB2427R0U6A920C2000000/,https://news.ceek.jp/search.cgi?category_id=business&feed=1,ok,,経済
2026-09-27,2026-09-27T08:12:28.721527+09:00,全国紙,全国,日本経済新聞,エブリウィル、無人の荷物受け取り拠点 都内のイオンモールに,https://www.nikkei.com/article/DGXZQOUC248MM0U6A920C2000000/,https://news.ceek.jp/search.cgi?category_id=business&feed=1,ok,,経済
2026-09-27,2026-09-27T08:12:28.721527+09:00,全国紙,全国,日本経済新聞,ゲオHD、レトロゲーム強化の新業態 ソフト売り上げは通常ゲオの5倍,https://www.nikkei.com/article/DGXZQOUC248V50U6A920C2000000/,https://news.ceek.jp/search.cgi?category_id=business&feed=1,ok,,経済
2026-09-27,2026-09-27T08:12:28.721527+09:00,全国紙,全国,日本経済新聞,回転ずしの銚子丸がロードサイド脱却へ、新宿や自由が丘で新業態,https://www.nikkei.com/article/DGXZQOUC249SL0U6A920C2000000/,https://news.ceek.jp/search.cgi?category_id=business&feed=1,ok,,経済
2026-09-27,2026-09-27T08:12:28.721527+09:00,全国紙,全国,日本経済新聞,美容医療市場、5年で1.6倍に 同窓会に備えて施術日調整も,https://www.nikkei.com/article/DGXZQOUC250UU0V20C26A9000000/,https://news.ceek.jp/search.cgi?category_id=business&feed=1,ok,,経済
2026-09-27,2026-09-27T08:12:28.721527+09:00,全国紙,全国,日本経済新聞,ファンドと変わる京急ストア、小泉社長「お手本はヤマダストアー」,https://www.nikkei.com/article/DGXZQOUC250S10V20C26A9000000/,https://news.ceek.jp/search.cgi?category_id=business&feed=1,ok,,経済
2026-09-27,2026-09-27T08:12:28.721527+09:00,全国紙,全国,日本経済新聞,絵本のこぐま社60年、「しろくまちゃん」なお稼ぎ頭 発行部数380万部,https://www.nikkei.com/article/DGXZQOUC252P20V20C26A9000000/,https://news.ceek.jp/search.cgi?category_id=business&feed=1,ok,,経済
2026-09-27,2026-09-27T08:12:28.721527+09:00,その他メディア,,財経新聞,NTT株が6月安値から一時26%上昇 KDDI・ソフトバンクと比べた強み,https://www.zaikei.co.jp/article/20260927/871273.html,https://news.ceek.jp/search.cgi?category_id=business&feed=1,ok,,経済
2026-09-27,2026-09-27T08:12:28.721527+09:00,その他メディア,,週刊エコノミスト,飲酒がタブーだったインドでもムンバイは「はしご酒」増加中 香遠優太,https://weekly-economist.mainichi.jp/articles/20261006/se1/00m/020/053000c,https://news.ceek.jp/search.cgi?category_id=business&feed=1,ok,,経済
2026-09-27,2026-09-27T08:12:28.721527+09:00,その他メディア,,週刊エコノミスト,選挙妨害に警戒強めるスウェーデン選挙庁 綿貫とも子,https://weekly-economist.mainichi.jp/articles/20261006/se1/00m/020/052000c,https://news.ceek.jp/search.cgi?category_id=business&feed=1,ok,,経済
2026-09-27,2026-09-27T08:12:28.721527+09:00,全国紙,全国,日本経済新聞,京王電鉄にランサム攻撃 決済に障害、鉄道影響なし,https://www.nikkei.com/article/DGXZQOUC262PP0W6A920C2000000/,https://news.ceek.jp/search.cgi?category_id=business&feed=1,ok,,経済
2026-09-27,2026-09-27T08:12:28.721527+09:00,その他メディア,,デイリースポーツ,京王電鉄にランサム攻撃,https://www.daily.co.jp/society/economics/2026/09/26/0020864566.shtml,https://news.ceek.jp/search.cgi?category_id=business&feed=1,ok,,経済
2026-09-27,2026-09-27T08:12:28.721527+09:00,その他メディア,,共同通信,京王電鉄にランサム攻撃 決済に障害、鉄道影響なし,https://www.47news.jp/14997568.html,https://news.ceek.jp/search.cgi?category_id=business&feed=1,ok,,経済
2026-09-27,2026-09-27T08:12:28.721527+09:00,その他メディア,,共同通信,【速報】京王電鉄、ランサムウエア攻撃で決済障害,https://www.47news.jp/14997546.html,https://news.ceek.jp/search.cgi?category_id=business&feed=1,ok,,経済
2026-09-27,2026-09-27T08:12:28.721527+09:00,その他メディア,,共同通信,トキエア、融資返済を再延期 新潟県の11億円、黒字化後へ,https://www.47news.jp/14997114.html,https://news.ceek.jp/search.cgi?category_id=business&feed=1,ok,,経済
2026-09-27,2026-09-27T08:12:28.721527+09:00,全国紙,全国,読売新聞,「0570」で始まる「ナビダイヤル」の通話料、10月から初の値上げ...30秒あたり22円に,https://www.yomiuri.co.jp/economy/20260926-GYT1T00302/,https://news.ceek.jp/search.cgi?category_id=business&feed=1,ok,,経済
2026-09-27,2026-09-27T08:12:28.721527+09:00,その他メディア,,共同通信,【速報】新潟トキエア、県融資11億円の返済再延期,https://www.47news.jp/14996994.html,https://news.ceek.jp/search.cgi?category_id=business&feed=1,ok,,経済
2026-09-27,2026-09-27T08:12:28.721527+09:00,その他メディア,,Abema TIMES,EXILEメンバーら 一日所長 施設の取り組みアピール,https://times.abema.tv/articles/-/10275258?page=1,https://news.ceek.jp/search.cgi?category_id=business&feed=1,ok,,経済
2026-09-27,2026-09-27T08:12:28.721527+09:00,全国紙,全国,日本経済新聞,産業革新投資機構(JIC)とは 官民ファンドで再編後押し,https://www.nikkei.com/article/DGXZQOUC261QL0W6A920C2000000/,https://news.ceek.jp/search.cgi?category_id=business&feed=1,ok,,経済
2026-09-27,2026-09-27T08:12:28.721527+09:00,その他メディア,,共同通信,【速報】「貿易休戦」延長で合意と中国,https://www.47news.jp/14996591.html,https://news.ceek.jp/search.cgi?category_id=business&feed=1,ok,,経済
2026-09-27,2026-09-27T08:12:28.721527+09:00,その他メディア,,フジテレビ,経営力アップセミナー 著名な経営者から学ぶ 岩手県盛岡市,https://www.fnn.jp/articles/-/1121539,https://news.ceek.jp/search.cgi?category_id=business&feed=1,ok,,経済
2026-09-27,2026-09-27T08:12:28.721527+09:00,その他メディア,,フジテレビ,渇水の影響で平年の46%に 四国電力の7~8月の水力発電 愛媛を含む一部発電所で稼働停止【愛媛】,https://www.fnn.jp/articles/-/1121396,https://news.ceek.jp/search.cgi?category_id=business&feed=1,ok,,経済
2026-09-27,2026-09-27T08:12:28.721527+09:00,その他メディア,,フジテレビ,名水で作られた味に舌鼓 西条で「酒蔵マルシェ」地酒やクラフトビールを市民ら飲み比べ【愛媛】,https://www.fnn.jp/articles/-/1121519,https://news.ceek.jp/search.cgi?category_id=business&feed=1,ok,,経済
2026-09-27,2026-09-27T08:12:28.721527+09:00,全国紙,全国,日本経済新聞,トヨタ、世界耐久レース車に水素エンジン供給 2028年にも試作車,https://www.nikkei.com/article/DGXZQOFD261T40W6A920C2000000/,https://news.ceek.jp/search.cgi?category_id=business&feed=1,ok,,経済
2026-09-27,2026-09-27T08:12:28.721527+09:00,全国紙,全国,読売新聞,コシヒカリの概算金4割ダウン、新潟や北海道に続き長野も...農家「去年上がりすぎたので仕方ないが痛い」,https://www.yomiuri.co.jp/economy/20260926-GYT1T00028/,https://news.ceek.jp/search.cgi?category_id=business&feed=1,ok,,経済
2026-09-27,2026-09-27T08:12:28.721527+09:00,その他メディア,,共同通信,【速報】米、中国によるレアアース安定供給念押し,https://www.47news.jp/14996142.html,https://news.ceek.jp/search.cgi?category_id=business&feed=1,ok,,経済
2026-09-27,2026-09-27T08:12:28.721527+09:00,その他メディア,,共同通信,飲食料品10月も値上げラッシュ 3000超、ビールは減税,https://www.47news.jp/14996089.html,https://news.ceek.jp/search.cgi?category_id=business&feed=1,ok,,経済
2026-09-27,2026-09-27T08:12:28.721527+09:00,全国紙,全国,日本経済新聞,京大発エネコート、ペロブスカイト太陽電池の工場 28年にも本格稼働,https://www.nikkei.com/article/DGXZQOUF260XR0W6A920C2000000/,https://news.ceek.jp/search.cgi?category_id=business&feed=1,ok,,経済
2026-09-27,2026-09-27T08:12:28.721527+09:00,その他メディア,,東洋経済オンライン,AI技術が発達しても試行錯誤するのは人間だ、何が「賢い」か、何に価値があるか... テッド・チャン『息吹』を読む(下) | ライフ,https://toyokeizai.net/articles/-/958967,https://news.ceek.jp/search.cgi?category_id=business&feed=1,ok,,経済
2026-09-27,2026-09-27T08:12:28.721527+09:00,その他メディア,,TBSテレビ,無断で党員登録か自民党千代田区議を書類送検 自民党千代田総支部からは厳重注意処分 区議は「意見の相違もあり夫婦に説明や謝罪もした」とコメント,https://newsdig.tbs.co.jp/articles/-/2969183?display=1,https://news.ceek.jp/search.cgi?category_id=business&feed=1,ok,,経済
2026-09-27,2026-09-27T08:12:28.721527+09:00,その他メディア,,週刊プレイボーイ,"【短期集中連載4】「世界は広い、冒険しろ」。海外で日本人起業家300人を成功に導いたコンサル・土居正英が明かす成功への""棚卸し""<江口瑠莉氏のケース>",https://wpb.shueisha.co.jp/news/economy/20260926-132869/,https://news.ceek.jp/search.cgi?category_id=business&feed=1,ok,,経済
2026-09-27,2026-09-27T08:12:28.721527+09:00,全国紙,全国,読売新聞,[とれんど]米国で広がる「地酒」...論説委員・中島健太郎,https://www.yomiuri.co.jp/economy/20260926-GYT1T00193/,https://news.ceek.jp/search.cgi?category_id=business&feed=1,ok,,経済
2026-09-27,2026-09-27T08:12:28.721527+09:00,その他メディア,,Abema TIMES,"ふるさと納税の経費率引き下げ 半数以上“値上げ""か “体験型""魅力アップも",https://times.abema.tv/articles/-/10275233?page=1,https://news.ceek.jp/search.cgi?category_id=business&feed=1,ok,,経済
2026-09-27,2026-09-27T08:12:28.721527+09:00,全国紙,全国,日本経済新聞,円急伸、一時156円台 トランプ氏の円安発言に反応,https://www.nikkei.com/article/DGXZQOGN25AW30V20C26A9000000/,https://news.ceek.jp/search.cgi?category_id=business&feed=1,ok,,経済
2026-09-27,2026-09-27T08:12:28.721527+09:00,全国紙,全国,日本経済新聞,HDD、AI用データ爆増で復権 生きる日本の「すり合わせ」,https://www.nikkei.com/article/DGXZQOUB090L70Z00C26A9000000/,https://news.ceek.jp/search.cgi?category_id=business&feed=1,ok,,経済
2026-09-27,2026-09-27T08:12:28.721527+09:00,その他メディア,,共同通信,植物性食品、おいしさ追求 独特な「味の壁」破り定着目指す,https://www.47news.jp/14995660.html,https://news.ceek.jp/search.cgi?category_id=business&feed=1,ok,,経済
2026-09-27,2026-09-27T08:12:28.721527+09:00,その他メディア,,デイリースポーツ,植物性食品、おいしさ追求,https://www.daily.co.jp/society/economics/2026/09/26/0020862302.shtml,https://news.ceek.jp/search.cgi?category_id=business&feed=1,ok,,経済
2026-09-27,2026-09-27T08:12:28.721527+09:00,全国紙,全国,産経新聞,東電が高線量吸着塔の乾燥試験、腐食や漏洩リスク減狙い 福島第1原発の汚染水対応,https://www.sankei.com/article/20260926-EVB7JCOG45NVXJRVMACFHFDR7I/,https://news.ceek.jp/search.cgi?category_id=business&feed=1,ok,,経済
2026-09-27,2026-09-27T08:12:28.721527+09:00,その他メディア,,東洋経済オンライン,子どもの「キレる」「かんしゃく」は成長のチャンス—早稲田大教授「アンガーマネジメントが現代の子育てに欠かせない理由」 | ライフ,https://toyokeizai.net/articles/-/958344?display=b,https://news.ceek.jp/search.cgi?category_id=business&feed=1,ok,,経済
2026-09-27,2026-09-27T08:12:28.721527+09:00,その他メディア,,Abema TIMES,スマホ料金に値上げの波 物価高で一転 低価格ブランド攻勢も...,https://times.abema.tv/articles/-/10275234?page=1,https://news.ceek.jp/search.cgi?category_id=business&feed=1,ok,,経済
2026-09-27,2026-09-27T08:12:28.721527+09:00,全国紙,全国,読売新聞,「大盛りご飯」値下げや「おかわり自由」復活広がる...コメ下落、弁当店や外食店「おなかいっぱい食べて」,https://www.yomiuri.co.jp/economy/20260926-GYT1T00232/,https://news.ceek.jp/search.cgi?category_id=business&feed=1,ok,,経済
2026-09-27,2026-09-27T08:12:28.721527+09:00,全国紙,全国,読売新聞,無心でギュッと握っちゃう「スクイーズ」、空前のブーム...SNS動画で再燃し専門店続々,https://www.yomiuri.co.jp/economy/20260926-GYT1T00149/,https://news.ceek.jp/search.cgi?category_id=business&feed=1,ok,,経済
2026-09-27,2026-09-27T08:12:28.721527+09:00,その他メディア,,ニューズウィーク,【知ってる?世界経済の新語解説】De-riskingとは...欧米で広がる「中国離れ」の新たな形,https://www.newsweekjapan.jp/articles/-/335063,https://news.ceek.jp/search.cgi?category_id=business&feed=1,ok,,経済
2026-09-27,2026-09-27T08:12:28.721527+09:00,その他メディア,,テレビ朝日,スマホ料金に値上げの波 物価高で一転 低価格ブランド攻勢も...,https://news.tv-asahi.co.jp/news_economy/articles/900200583.html,https://news.ceek.jp/search.cgi?category_id=business&feed=1,ok,,経済
2026-09-27,2026-09-27T08:12:28.721527+09:00,その他メディア,,東洋経済オンライン,"""なぜか話しかけやすい人""が行っている丁寧で豊かな「非言語表現」と相手の心を閉ざしてしまう「9つのNGな聞き方」 | ライフ",https://toyokeizai.net/articles/-/958316?display=b,https://news.ceek.jp/search.cgi?category_id=business&feed=1,ok,,経済
2026-09-27,2026-09-27T08:12:28.721527+09:00,その他メディア,,テレビ朝日,"ふるさと納税の経費率引き下げ 半数以上“値上げ""か “体験型""魅力アップも",https://news.tv-asahi.co.jp/news_economy/articles/900200580.html,https://news.ceek.jp/search.cgi?category_id=business&feed=1,ok,,経済
2026-09-27,2026-09-27T08:12:28.721527+09:00,その他メディア,,フジテレビ,「マリオット」のホテルが四国初進出「高知へは土讃線で...」JR四国が2028年秋オープンへ,https://www.fnn.jp/articles/-/1120833,https://news.ceek.jp/search.cgi?category_id=business&feed=1,ok,,経済
2026-09-27,2026-09-27T08:12:28.721527+09:00,その他メディア,,フジテレビ,"廃線から50年...名古屋城の外堀を走っていた『お堀電車』今も残る駅の痕跡や全国的にも激レアの“特殊な線路""",https://www.fnn.jp/articles/-/1121362,https://news.ceek.jp/search.cgi?category_id=business&feed=1,ok,,経済
2026-09-27,2026-09-27T08:12:28.721527+09:00,その他メディア,,Forbes JAPAN,AI需要でマイクロン株が年初来260%超上昇、9月30日決算で問われる持続力,https://forbesjapan.com/articles/detail/105437,https://news.ceek.jp/search.cgi?category_id=business&feed=1,ok,,経済
2026-09-27,2026-09-27T08:12:28.721527+09:00,その他メディア,,フジテレビ,「丸岡音頭」の練習にAIを活用 動きを解析し習熟具合を「見える化」 ソフトバンクが開発「AIスマートコーチ」,https://www.fnn.jp/articles/-/1121373,https://news.ceek.jp/search.cgi?category_id=business&feed=1,ok,,経済
2026-09-27,2026-09-27T08:12:28.721527+09:00,その他メディア,,ハーバード・ビジネス・レビュー,ESG活動の財務インパクトは、AIで瞬時に算出できる,https://dhbr.diamond.jp/articles/-/14516,https://news.ceek.jp/search.cgi?category_id=business&feed=1,ok,,経済
2026-09-27,2026-09-27T08:12:28.721527+09:00,その他メディア,,東洋経済オンライン,"「いつになれば家に帰れるんだ」 施設の母親から責められ続け...孝行息子の心をむしばむ介護由来""もらいうつ""のリアル | ライフ",https://toyokeizai.net/articles/-/957034?display=b,https://news.ceek.jp/search.cgi?category_id=business&feed=1,ok,,経済
2026-09-27,2026-09-27T08:12:28.721527+09:00,その他メディア,,ニューズウィーク,TGS2026でゲーム株へ動いたマネー...NT倍率が示す半導体一辺倒からの構造変化,https://www.newsweekjapan.jp/articles/-/335164,https://news.ceek.jp/search.cgi?category_id=business&feed=1,ok,,経済
2026-09-27,2026-09-27T08:12:28.721527+09:00,その他メディア,,フジテレビ,下松市の公園にクマのような動物 2日前には近くの登山道近くでもクマ目撃 警察など注意呼びかけ 山口県,https://www.fnn.jp/articles/-/1121687,https://news.ceek.jp/search.cgi?category_id=national&feed=1,ok,,社会
2026-09-27,2026-09-27T08:12:28.721527+09:00,その他メディア,,フジテレビ,【ゾンビたばこ】カープ・矢野雅哉選手 広島県警が書類送検 球団「詳細についてはまだ承知していない」【広島発】,https://www.fnn.jp/articles/-/1121600,https://news.ceek.jp/search.cgi?category_id=national&feed=1,ok,,社会
2026-09-27,2026-09-27T08:12:28.721527+09:00,その他メディア,,集英社オンライン,"《つくば刺傷》「やっちまおうぜ」6人の若手従業員が“結託""し社長(28)を刺し殺人未遂で逮捕...背景に残業・給料めぐるトラブルか...過去には従業員と親しげにBBQも",https://shueisha.online/articles/-/258737,https://news.ceek.jp/search.cgi?category_id=national&feed=1,ok,,社会
2026-09-27,2026-09-27T08:12:28.721527+09:00,その他メディア,,フジテレビ,"【ヒグマ速報】釣り人危機一髪!わずか10メートルの距離に""黒いケモノ""...体長1.5~2メートルのクマと鉢合わせ...あわてて走って逃げて無事<北海道旭川市>",https://www.fnn.jp/articles/-/1121683,https://news.ceek.jp/search.cgi?category_id=national&feed=1,ok,,社会
2026-09-27,2026-09-27T08:12:28.721527+09:00,その他メディア,,日本テレビ,軽貨物車が競技用車いすに追突 意識不明の重体だったパラ・メダリスト亡くなる,https://news.ntv.co.jp/category/society/4ccf3641f47247d8968d4f37f1ab1860,https://news.ceek.jp/search.cgi?category_id=national&feed=1,ok,,社会
2026-09-27,2026-09-27T08:12:28.721527+09:00,その他メディア,,フジテレビ,【台風情報】台風26号 29日にかけて沖縄接近へ 高波・強風に注意 進路によっては本州に影響するおそれも,https://www.fnn.jp/articles/-/1121680,https://news.ceek.jp/search.cgi?category_id=national&feed=1,ok,,社会
2026-09-27,2026-09-27T08:12:28.721527+09:00,その他メディア,,フジテレビ,【レベル4土砂災害危険警報】熊本県合志市、大津町に発表(07:08時点),https://www.fnn.jp/articles/-/1121681,https://news.ceek.jp/search.cgi?category_id=national&feed=1,ok,,社会
2026-09-27,2026-09-27T08:12:28.721527+09:00,その他メディア,,デイリー新潮,『豊臣兄弟!』関白に上り詰めた秀吉は「もう一人の弟」の首をはねたのか――宣教師が記した、天下人の残酷な素顔,https://www.dailyshincho.jp/article/2026/09270705/?all=1,https://news.ceek.jp/search.cgi?category_id=national&feed=1,ok,,社会
2026-09-27,2026-09-27T08:12:28.721527+09:00,全国紙,全国,東京新聞,山下三郎さん死去 元広島県廿日市市長,https://www.tokyo-np.co.jp/article/517963,https://news.ceek.jp/search.cgi?category_id=national&feed=1,ok,,社会
2026-09-27,2026-09-27T08:12:28.721527+09:00,その他メディア,,ポストセブン,"《群馬・太田市殺害の一部始終》「娘さんが『助けて!』と隣家に駆け込み...」「返り血を浴びたまま逃走」と住民証言、子の留守に母親(52)刺殺で“DVトラブル歴あり""長女の元夫を公開手配",https://www.news-postseven.com/archives/20260927_2133876.html,https://news.ceek.jp/search.cgi?category_id=national&feed=1,ok,,社会
2026-09-27,2026-09-27T08:12:28.721527+09:00,その他メディア,,ポストセブン,"《点々と血痕が》「仕事にストイックな社長でした...」つくば市殺人未遂事件で6人の“部下""が建設会社社長の寝込みを刃物で襲撃、関係者が明かした「社内事情」とは",https://www.news-postseven.com/archives/20260927_2133867.html,https://news.ceek.jp/search.cgi?category_id=national&feed=1,ok,,社会
2026-09-27,2026-09-27T08:12:28.721527+09:00,その他メディア,,デイリースポーツ,パリの教皇ミサに80万人,https://www.daily.co.jp/society/main/2026/09/27/0020864910.shtml,https://news.ceek.jp/search.cgi?category_id=national&feed=1,ok,,社会
2026-09-27,2026-09-27T08:12:28.721527+09:00,その他メディア,,フジテレビ,"人がしがみついたまま走る車が...会社敷地に不審な車→社員が追跡すると停止...声をかけたら急発進、数キロ暴走_しがみついた社員を転倒させたとして26歳と18歳の男2人を""殺人未遂容疑""で逮捕<北海道札幌市>",https://www.fnn.jp/articles/-/1121678,https://news.ceek.jp/search.cgi?category_id=national&feed=1,ok,,社会
2026-09-27,2026-09-27T08:12:28.721527+09:00,その他メディア,,テレビ朝日,【速報】福岡、佐賀、長崎、熊本に線状降水帯直前予測 今後3時間以内に発生の可能性,https://news.tv-asahi.co.jp/news_society/articles/000536143.html,https://news.ceek.jp/search.cgi?category_id=national&feed=1,ok,,社会
2026-09-27,2026-09-27T08:12:28.721527+09:00,その他メディア,,フジテレビ,関越道で工事現場に車突っ込み2人死亡 イラン国籍の男を逮捕,https://www.fnn.jp/articles/-/1121677,https://news.ceek.jp/search.cgi?category_id=national&feed=1,ok,,社会
2026-09-27,2026-09-27T08:12:28.721527+09:00,その他メディア,,フジテレビ,【レベル4土砂災害危険警報】熊本県熊本市、山鹿市、菊池市に発表(06:33時点),https://www.fnn.jp/articles/-/1121675,https://news.ceek.jp/search.cgi?category_id=national&feed=1,ok,,社会
2026-09-27,2026-09-27T08:12:28.721527+09:00,その他メディア,,フジテレビ,【レベル4大雨危険警報】熊本県荒尾市、玉名市、長洲町に発表(06:33時点),https://www.fnn.jp/articles/-/1121676,https://news.ceek.jp/search.cgi?category_id=national&feed=1,ok,,社会
2026-09-27,2026-09-27T08:12:28.721527+09:00,その他メディア,,テレビ朝日,"佳子さま “手話パフォーマンス大会""出席へ 出場の高校生らと交流",https://news.tv-asahi.co.jp/news_society/articles/000536136.html,https://news.ceek.jp/search.cgi?category_id=national&feed=1,ok,,社会
2026-09-27,2026-09-27T08:12:28.721527+09:00,その他メディア,,テレビ朝日,"印旛沼の決壊堤防で復旧工事 台風26号警戒“夜通し作業""",https://news.tv-asahi.co.jp/news_society/articles/000536137.html,https://news.ceek.jp/search.cgi?category_id=national&feed=1,ok,,社会
2026-09-27,2026-09-27T08:12:28.721527+09:00,その他メディア,,フジテレビ,女性刺殺事件で長女元夫を公開手配 長女が警察にDV被害相談,https://www.fnn.jp/articles/-/1121671,https://news.ceek.jp/search.cgi?category_id=national&feed=1,ok,,社会
2026-09-27,2026-09-27T08:12:28.721527+09:00,その他メディア,,フジテレビ,深夜の集合住宅火災で450平方メートルが焼損 消防車49台出動 大阪・東淀川区,https://www.fnn.jp/articles/-/1121672,https://news.ceek.jp/search.cgi?category_id=national&feed=1,ok,,社会
2026-09-27,2026-09-27T08:12:28.721527+09:00,その他メディア,,フジテレビ,【気象防災速報】佐賀県南部に線状降水帯直前予測,https://www.fnn.jp/articles/-/1121679,https://news.ceek.jp/search.cgi?category_id=national&feed=1,ok,,社会
2026-09-27,2026-09-27T08:12:28.721527+09:00,全国紙,全国,読売新聞,福岡県・長崎県・佐賀県・熊本県に線状降水帯直前予測...前線停滞で大気不安定,https://www.yomiuri.co.jp/national/20260927-GYT1T00073/,https://news.ceek.jp/search.cgi?category_id=national&feed=1,ok,,社会
2026-09-27,2026-09-27T08:12:28.721527+09:00,その他メディア,,フジテレビ,台風26号 きょう沖縄接近へ 週明け関東にも影響か,https://www.fnn.jp/articles/-/1121670,https://news.ceek.jp/search.cgi?category_id=national&feed=1,ok,,社会
2026-09-27,2026-09-27T08:12:28.721527+09:00,その他メディア,,テレビ朝日,【速報】長崎県に記録的短時間大雨 大村市付近で1時間に約110ミリの猛烈な雨,https://news.tv-asahi.co.jp/news_society/articles/000536142.html,https://news.ceek.jp/search.cgi?category_id=national&feed=1,ok,,社会
2026-09-27,2026-09-27T08:12:28.721527+09:00,その他メディア,,週刊女性PRIME,"高市早苗首相「私のリーダーシップのおかげ」日米首脳会談での“自画自賛""発言に「傲慢な台詞」国民ドン引き",https://www.jprime.jp/articles/-/43760,https://news.ceek.jp/search.cgi?category_id=national&feed=1,ok,,社会
2026-09-27,2026-09-27T08:12:28.721527+09:00,その他メディア,,現代ビジネス,WEST.活動終了で「脱退発表済み」の藤井流星・小瀧望も7人で謝罪...ファンが一斉に「2人は悪くないのに!」と困惑,https://gendai.media/articles/-/171519,https://news.ceek.jp/search.cgi?category_id=national&feed=1,ok,,社会
2026-09-27,2026-09-27T08:12:28.721527+09:00,その他メディア,,現代ビジネス,"元祖「稀代のワル」羽賀研二の近影が「65歳に見えない」「おじいちゃんみたい」と議論噴出...4度の逮捕を経た“意外な現在""",https://gendai.media/articles/-/171497,https://news.ceek.jp/search.cgi?category_id=national&feed=1,ok,,社会
2026-09-27,2026-09-27T08:12:28.721527+09:00,その他メディア,,日刊ゲンダイ,維新から入閣の中司宏新大臣に案の定「裏金疑惑」...高市内閣は支持率20ポイント暴落もある,https://www.nikkan-gendai.com/articles/view/news/393438,https://news.ceek.jp/search.cgi?category_id=national&feed=1,ok,,社会
2026-09-27,2026-09-27T08:12:28.721527+09:00,その他メディア,,デイリースポーツ,米大統領イラン提案拒否,https://www.daily.co.jp/society/main/2026/09/27/0020864885.shtml,https://news.ceek.jp/search.cgi?category_id=national&feed=1,ok,,社会
2026-09-27,2026-09-27T08:12:28.721527+09:00,その他メディア,,日刊ゲンダイ,コメを巡る大混乱は無策な政府による「人災」だ,https://www.nikkan-gendai.com/articles/view/news/393220,https://news.ceek.jp/search.cgi?category_id=national&feed=1,ok,,社会
2026-09-27,2026-09-27T08:12:28.721527+09:00,その他メディア,,日刊ゲンダイ,新しい憲法9条草案を提起へ...呼びかけ人のひとり、日本中学生新聞記者が願う「パラダイムシフト」,https://www.nikkan-gendai.com/articles/view/news/393452,https://news.ceek.jp/search.cgi?category_id=national&feed=1,ok,,社会
2026-09-27,2026-09-27T08:12:28.721527+09:00,その他メディア,,フジテレビ,熊本県熊本地方に「線状降水帯」発生の恐れ(05:59時点),https://www.fnn.jp/articles/-/1121667,https://news.ceek.jp/search.cgi?category_id=national&feed=1,ok,,社会
2026-09-27,2026-09-27T08:12:28.721527+09:00,その他メディア,,フジテレビ,長崎県南部に「線状降水帯」発生の恐れ(05:59時点),https://www.fnn.jp/articles/-/1121668,https://news.ceek.jp/search.cgi?category_id=national&feed=1,ok,,社会
2026-09-27,2026-09-27T08:12:28.721527+09:00,その他メディア,,フジテレビ,佐賀県南部に「線状降水帯」発生の恐れ(05:59時点),https://www.fnn.jp/articles/-/1121669,https://news.ceek.jp/search.cgi?category_id=national&feed=1,ok,,社会
2026-09-27,2026-09-27T08:12:28.721527+09:00,その他メディア,,テレビ朝日,【速報】福岡・筑後地方に線状降水帯直前予測 自治体の避難情報などに注意,https://news.tv-asahi.co.jp/news_society/articles/000536141.html,https://news.ceek.jp/search.cgi?category_id=national&feed=1,ok,,社会
2026-09-27,2026-09-27T08:12:28.721527+09:00,その他メディア,,フジテレビ,長崎県大村市に「記録的短時間大雨」に関する情報発表(05:53時点),https://www.fnn.jp/articles/-/1121666,https://news.ceek.jp/search.cgi?category_id=national&feed=1,ok,,社会
2026-09-27,2026-09-27T08:12:28.721527+09:00,その他メディア,,フジテレビ,【レベル4大雨危険警報】熊本県熊本市に発表(05:51時点),https://www.fnn.jp/articles/-/1121665,https://news.ceek.jp/search.cgi?category_id=national&feed=1,ok,,社会
2026-09-27,2026-09-27T08:12:28.721527+09:00,その他メディア,,フジテレビ,【レベル4土砂災害危険警報】長崎県大村市に発表(05:49時点),https://www.fnn.jp/articles/-/1121664,https://news.ceek.jp/search.cgi?category_id=national&feed=1,ok,,社会
2026-09-27,2026-09-27T08:12:28.721527+09:00,その他メディア,,デイリー新潮,「江戸時代の三大俳人」 松尾芭蕉は「能動」、小林一茶は「受動」、もう一人は......?,https://www.dailyshincho.jp/article/2026/09270530/?all=1,https://news.ceek.jp/search.cgi?category_id=national&feed=1,ok,,社会
2026-09-27,2026-09-27T08:12:28.721527+09:00,その他メディア,,スポニチ,25歳父親、娘2人を自宅マンション6階から投げ落とし...警官らがマットで受け止めた,https://www.sponichi.co.jp/society/news/2026/09/27/kiji/20260927s00042000045000c.html,https://news.ceek.jp/search.cgi?category_id=national&feed=1,ok,,社会
2026-09-27,2026-09-27T08:12:28.721527+09:00,その他メディア,,スポニチ,「下剋上球児」モデルの高校バスが衝突 乗っていた野球部員が負傷,https://www.sponichi.co.jp/society/news/2026/09/27/kiji/20260927s00042000048000c.html,https://news.ceek.jp/search.cgi?category_id=national&feed=1,ok,,社会
2026-09-27,2026-09-27T08:12:28.721527+09:00,その他メディア,,スポニチ,名古屋テレビ塔で火災 「塔の中央付近から煙が出ている」と119番,https://www.sponichi.co.jp/society/news/2026/09/27/kiji/20260927s00042000050000c.html,https://news.ceek.jp/search.cgi?category_id=national&feed=1,ok,,社会
2026-09-27,2026-09-27T08:12:28.721527+09:00,その他メディア,,スポニチ,群馬・太田市住宅で50代女性殺害 長女の元夫を公開手配 DVで県警に相談していた,https://www.sponichi.co.jp/society/news/2026/09/27/kiji/20260927s00042000047000c.html,https://news.ceek.jp/search.cgi?category_id=national&feed=1,ok,,社会
2026-09-27,2026-09-27T08:12:28.721527+09:00,その他メディア,,スポニチ,トランプ大統領 習近平氏と年内さらに2回会談へ 実現すれば異例の頻度,https://www.sponichi.co.jp/society/news/2026/09/27/kiji/20260927s00042000049000c.html,https://news.ceek.jp/search.cgi?category_id=national&feed=1,ok,,社会
2026-09-27,2026-09-27T08:12:28.721527+09:00,その他メディア,,フジテレビ,福岡県筑後地方に「線状降水帯」発生の恐れ(05:29時点),https://www.fnn.jp/articles/-/1121662,https://news.ceek.jp/search.cgi?category_id=national&feed=1,ok,,社会
2026-09-27,2026-09-27T08:12:28.721527+09:00,その他メディア,,フジテレビ,【レベル4土砂災害危険警報】佐賀県太良町に発表(05:24時点),https://www.fnn.jp/articles/-/1121661,https://news.ceek.jp/search.cgi?category_id=national&feed=1,ok,,社会
2026-09-27,2026-09-27T08:12:28.721527+09:00,全国紙,全国,日本経済新聞,アナウンサーの夢破れても 「話し方」の学びで乗り越えた挫折,https://www.nikkei.com/article/DGXZQOUD283II0Y6A820C2000000/,https://news.ceek.jp/search.cgi?category_id=national&feed=1,ok,,社会
2026-09-27,2026-09-27T08:12:28.721527+09:00,全国紙,全国,読売新聞,[顔]不登校でも学べる 良さ伝えたい...夜間中学の設置と充実を訴える 秋元伸一さん 40,https://www.yomiuri.co.jp/national/20260926-GYT1T00348/,https://news.ceek.jp/search.cgi?category_id=national&feed=1,ok,,社会
2026-09-27,2026-09-27T08:12:28.721527+09:00,全国紙,全国,読売新聞,台風 千葉の観光に爪痕...旅館停電 花畑流出,https://www.yomiuri.co.jp/national/20260927-GYT1T00042/,https://news.ceek.jp/search.cgi?category_id=national&feed=1,ok,,社会
2026-09-27,2026-09-27T08:12:28.721527+09:00,全国紙,全国,読売新聞,[ルポ裁判]公益通報 会社と戦い 解雇や「嫌がらせ提訴」屈せず,https://www.yomiuri.co.jp/national/20260927-GYT1T00035/,https://news.ceek.jp/search.cgi?category_id=national&feed=1,ok,,社会
2026-09-27,2026-09-27T08:12:28.721527+09:00,全国紙,全国,日本経済新聞,住友生命、書類提出遅れで14億円追徴 予防には「地道な確認」不可欠,https://www.nikkei.com/article/DGXZQOUF19A9X0Z10C26A8000000/,https://news.ceek.jp/search.cgi?category_id=national&feed=1,ok,,社会
2026-09-27,2026-09-27T08:12:28.721527+09:00,その他メディア,,TBSテレビ,【群馬・太田市の女性殺害】女性の長女の元夫(30)を公開手配 元夫は長女に対し復縁を迫っていたか,https://newsdig.tbs.co.jp/articles/-/2969468?display=1,https://news.ceek.jp/search.cgi?category_id=national&feed=1,ok,,社会
2026-09-27,2026-09-27T08:12:28.721527+09:00,その他メディア,,テレビ朝日,韓国のり製造会社で火事 約15時間後に鎮火 倉庫など3棟が焼ける 茨城・境町,https://news.tv-asahi.co.jp/news_society/articles/000536133.html,https://news.ceek.jp/search.cgi?category_id=national&feed=1,ok,,社会
2026-09-27,2026-09-27T08:12:28.721527+09:00,その他メディア,,Abema TIMES,"「もう勘弁してください...」千葉の“復旧阻む雨"" 列島に迫る「台風26号」 強まる警戒",https://times.abema.tv/articles/-/10275275?page=1,https://news.ceek.jp/search.cgi?category_id=national&feed=1,ok,,社会
2026-09-27,2026-09-27T08:12:28.721527+09:00,その他メディア,,Abema TIMES,長女は元夫からのDV被害を警察に相談 指名手配の男とは 群馬・女性殺害,https://times.abema.tv/articles/-/10275276?page=1,https://news.ceek.jp/search.cgi?category_id=national&feed=1,ok,,社会
2026-09-27,2026-09-27T08:12:28.721527+09:00,その他メディア,,テレビ朝日,長女は元夫からのDV被害を警察に相談 指名手配の男とは 群馬・女性殺害,https://news.tv-asahi.co.jp/news_society/articles/900200612.html,https://news.ceek.jp/search.cgi?category_id=national&feed=1,ok,,社会
2026-09-27,2026-09-27T08:12:28.721527+09:00,その他メディア,,テレビ朝日,"「もう勘弁してください...」千葉の“復旧阻む雨"" 列島に迫る「台風26号」 強まる警戒",https://news.tv-asahi.co.jp/news_society/articles/900200611.html,https://news.ceek.jp/search.cgi?category_id=national&feed=1,ok,,社会
2026-09-27,2026-09-27T08:12:28.721527+09:00,その他メディア,,フジテレビ,茨城県で最大震度1の地震 茨城県・日立市,https://www.fnn.jp/articles/-/1121596,https://news.ceek.jp/search.cgi?category_id=national&feed=1,ok,,社会
2026-09-27,2026-09-27T08:12:28.721527+09:00,その他メディア,,テレビ朝日,京王電鉄「ランサムウェア」攻撃でシステム障害 鉄道運行には支障なし,https://news.tv-asahi.co.jp/news_society/articles/000536129.html,https://news.ceek.jp/search.cgi?category_id=national&feed=1,ok,,社会
2026-09-27,2026-09-27T08:12:28.721527+09:00,その他メディア,,フジテレビ,佳子さま 手話パフォーマンス甲子園に出場する高校生と手話で交流「今までの練習の中で頑張ったことは何ですか?」,https://www.fnn.jp/articles/-/1121590,https://news.ceek.jp/search.cgi?category_id=national&feed=1,ok,,社会
2026-09-27,2026-09-27T08:12:28.721527+09:00,その他メディア,,フジテレビ,指定暴力団「絆会」系の組長2人が傷害容疑で逮捕 神戸市内のスナックで居合わせた男性客とトラブルに,https://www.fnn.jp/articles/-/1121593,https://news.ceek.jp/search.cgi?category_id=national&feed=1,ok,,社会
2026-09-27,2026-09-27T08:12:28.721527+09:00,その他メディア,,日本テレビ,部活動遠征中のマイクロバスがガードロープに衝突 高校生1人軽傷 長野・中野市,https://news.ntv.co.jp/category/society/c21d3fb9c7914939bb28e496efcc55ca,https://news.ceek.jp/search.cgi?category_id=national&feed=1,ok,,社会
2026-09-27,2026-09-27T08:12:28.721527+09:00,全国紙,全国,読売新聞,京王電鉄グループにランサムウェア攻撃、ホテルや小売店で障害発生...鉄道運行は別系統で影響なし,https://www.yomiuri.co.jp/national/20260927-GYT1T00003/,https://news.ceek.jp/search.cgi?category_id=national&feed=1,ok,,社会
2026-09-27,2026-09-27T08:12:28.721527+09:00,全国紙,全国,読売新聞,山頂付近でクマ2頭と遭遇、親グマらしき1頭に正面から覆いかぶさられ...クマよけスプレーで撃退,https://www.yomiuri.co.jp/national/20260927-GYT1T00001/,https://news.ceek.jp/search.cgi?category_id=national&feed=1,ok,,社会
2026-09-27,2026-09-27T08:12:28.721527+09:00,全国紙,全国,産経新聞,沖縄で練習中の車いすが追突され重体の北京パラ銀メダリスト、上与那原寛和さんが死亡,https://www.sankei.com/article/20260927-5SCTQEIOO5O7VKPXCQEQBCKYIQ/,https://news.ceek.jp/search.cgi?category_id=national&feed=1,ok,,社会
2026-09-27,2026-09-27T08:12:28.721527+09:00,その他メディア,,デイリースポーツ,内房線の代行輸送見送り,https://www.daily.co.jp/society/national/2026/09/27/0020864654.shtml,https://news.ceek.jp/search.cgi?category_id=national&feed=1,ok,,社会
2026-09-27,2026-09-27T08:12:28.721527+09:00,その他メディア,,共同通信,内房線の代行輸送見送り バス確保できず、JR東,https://www.47news.jp/14997699.html,https://news.ceek.jp/search.cgi?category_id=national&feed=1,ok,,社会
2026-09-27,2026-09-27T08:12:28.721527+09:00,その他メディア,,サンケイスポーツ,内房線の代行輸送見送り バス確保できず、JR東日本,https://www.sanspo.com/article/20260927-PBDT4UVSK5ODPPINEGZZTCOJKY/,https://news.ceek.jp/search.cgi?category_id=national&feed=1,ok,,社会
2026-09-27,2026-09-27T08:12:28.721527+09:00,その他メディア,,サンケイスポーツ,京王電鉄にランサム攻撃 決済に障害、鉄道影響なし,https://www.sanspo.com/article/20260927-4AQ7DJZGBJO3POG2CREXFSUOMY/,https://news.ceek.jp/search.cgi?category_id=national&feed=1,ok,,社会
2026-09-27,2026-09-27T08:12:28.721527+09:00,その他メディア,,日刊スポーツ,近鉄がオリックスとの最終戦に2-7で敗れ55年の歴史に幕/今日は?,https://www.nikkansports.com/general/news/202609260002223.html,https://news.ceek.jp/search.cgi?category_id=national&feed=1,ok,,社会
2026-09-27,2026-09-27T08:12:28.721527+09:00,その他メディア,,フジテレビ,熊本県で最大震度1の地震 熊本県・芦北町,https://www.fnn.jp/articles/-/1121592,https://news.ceek.jp/search.cgi?category_id=national&feed=1,ok,,社会
2026-09-27,2026-09-27T08:12:28.721527+09:00,その他メディア,,サンケイスポーツ,プロバスケ選手を逮捕 不同意わいせつ&窃盗の疑い,https://www.sanspo.com/article/20260926-R4ARVTIAXJIT3CABOFZQ5RXSKI/,https://news.ceek.jp/search.cgi?category_id=national&feed=1,ok,,社会
2026-09-27,2026-09-27T08:12:28.721527+09:00,その他メディア,,デイリースポーツ,プロバスケ選手を逮捕,https://www.daily.co.jp/society/national/2026/09/26/0020864612.shtml,https://news.ceek.jp/search.cgi?category_id=national&feed=1,ok,,社会
2026-09-27,2026-09-27T08:12:28.721527+09:00,その他メディア,,共同通信,プロバスケ選手を逮捕 不同意わいせつ疑い、熊本,https://www.47news.jp/14997638.html,https://news.ceek.jp/search.cgi?category_id=national&feed=1,ok,,社会
2026-09-27,2026-09-27T08:12:28.721527+09:00,全国紙,全国,日本経済新聞,アニメ映画で考えるペリリュー戦 弘前大で上映会,https://www.nikkei.com/article/DGXZQOUD2625M0W6A920C2000000/,https://news.ceek.jp/search.cgi?category_id=national&feed=1,ok,,社会
2026-09-27,2026-09-27T08:12:28.721527+09:00,その他メディア,,フジテレビ,【速報】車体がグシャグシャに...国道で乗用車同士が衝突...はずみで1台が信号機の柱に激突...70代男性が意識不明の重体<北海道恵庭市>,https://www.fnn.jp/articles/-/1121591,https://news.ceek.jp/search.cgi?category_id=national&feed=1,ok,,社会
2026-09-27,2026-09-27T08:12:28.721527+09:00,その他メディア,,日本テレビ,台風25号で不通の千葉県内JR線 28日からのバス代行輸送計画を発表 内房線は十分なバス確保に至らずバス代行開始未定,https://news.ntv.co.jp/category/society/52e07480daa6401b8a260b06bd45143e,https://news.ceek.jp/search.cgi?category_id=national&feed=1,ok,,社会
2026-09-27,2026-09-27T08:12:28.721527+09:00,その他メディア,,共同通信,【速報】不同意わいせつ疑いでプロバスケ選手逮捕,https://www.47news.jp/14997564.html,https://news.ceek.jp/search.cgi?category_id=national&feed=1,ok,,社会
2026-09-27,2026-09-27T08:12:28.721527+09:00,その他メディア,,共同通信,パラ銀メダリストが死亡 練習中の車いすに車追突,https://www.47news.jp/14997424.html,https://news.ceek.jp/search.cgi?category_id=national&feed=1,ok,,社会
2026-09-27,2026-09-27T08:12:28.721527+09:00,その他メディア,,テレビ朝日,群馬・女性殺害 死因は出血性ショック 肺に達する傷も,https://news.tv-asahi.co.jp/news_society/articles/000536119.html,https://news.ceek.jp/search.cgi?category_id=national&feed=1,ok,,社会
2026-09-27,2026-09-27T08:12:28.721527+09:00,全国紙,全国,読売新聞,車いすで練習中に追突され重体だったパラリンピックメダリスト、上与那原寛和さん亡くなる,https://www.yomiuri.co.jp/national/20260926-GYT1T00410/,https://news.ceek.jp/search.cgi?category_id=national&feed=1,ok,,社会
2026-09-27,2026-09-27T08:12:28.721527+09:00,その他メディア,,デイリースポーツ,パラ銀メダリストが死亡,https://www.daily.co.jp/society/national/2026/09/26/0020864259.shtml,https://news.ceek.jp/search.cgi?category_id=national&feed=1,ok,,社会
2026-09-27,2026-09-27T08:12:28.721527+09:00,その他メディア,,TBSテレビ,日米首脳が電話会談 中国めぐる課題について意見交換し日米の連携確認,https://newsdig.tbs.co.jp/articles/-/2969432?display=1,https://news.ceek.jp/search.cgi?category_id=national&feed=1,ok,,社会
2026-09-27,2026-09-27T08:12:28.721527+09:00,全国紙,全国,読売新聞,台風25号の影響で運休続くJR内房線、姉ヶ崎―木更津間の代行バス取りやめ...台数確保できず,https://www.yomiuri.co.jp/national/20260926-GYT1T00369/,https://news.ceek.jp/search.cgi?category_id=national&feed=1,ok,,社会
2026-09-27,2026-09-27T08:12:28.721527+09:00,その他メディア,,共同通信,【速報】沖縄の追突事故、パラ銀メダリストが死亡,https://www.47news.jp/14997396.html,https://news.ceek.jp/search.cgi?category_id=national&feed=1,ok,,社会
2026-09-27,2026-09-27T08:12:28.721527+09:00,その他メディア,,フジテレビ,"EXILE松本利夫さん・MAKIDAIさんらが東京拘置所「矯正展」の一日所長に “プリズンカレー""に長蛇の列",https://www.fnn.jp/articles/-/1121589,https://news.ceek.jp/search.cgi?category_id=national&feed=1,ok,,社会
2026-09-27,2026-09-27T08:12:28.721527+09:00,その他メディア,,日本テレビ,群馬・太田市女性殺害 公開手配の長女元夫の自宅を家宅捜索,https://news.ntv.co.jp/category/society/fb8f7ee7a86e48acb29b8e288cdc9dac,https://news.ceek.jp/search.cgi?category_id=national&feed=1,ok,,社会
2026-09-27,2026-09-27T08:12:28.721527+09:00,その他メディア,,フジテレビ,【台風情報】台風26号の進路予想 26日午後9時には沖縄の南、中心気圧990ヘクトパスカル 27日午後9時には強い勢力に発達し、那覇市の南東約130キロに達する予想,https://www.fnn.jp/articles/-/1121588,https://news.ceek.jp/search.cgi?category_id=national&feed=1,ok,,社会
2026-09-27,2026-09-27T08:12:28.721527+09:00,その他メディア,,フジテレビ,【台風情報】台風26号 沖縄最接近へ 暴風・高波・大雨に警戒 30日以降は近畿・東海・関東で大雨ピークの予想 今後の進路予想に注意を,https://www.fnn.jp/articles/-/1121586,https://news.ceek.jp/search.cgi?category_id=national&feed=1,ok,,社会
2026-09-27,2026-09-27T08:12:28.721527+09:00,その他メディア,,フジテレビ,【レバンガ北海道】開幕戦7季ぶり勝利 富永啓生キャリアハイ41得点,https://www.fnn.jp/articles/-/1121585,https://news.ceek.jp/search.cgi?category_id=national&feed=1,ok,,社会
2026-09-27,2026-09-27T08:12:28.721527+09:00,その他メディア,,サンケイスポーツ,トキエア、新潟県融資11億円の返済を再延期へ 債務超過約29億円,https://www.sanspo.com/article/20260926-DJLPXM3P75KYLHZ73CN5GXK3QU/,https://news.ceek.jp/search.cgi?category_id=national&feed=1,ok,,社会
2026-09-27,2026-09-27T08:12:28.721527+09:00,全国紙,全国,産経新聞,トランプ氏、台湾問題「あまり話さなかった」 中国側は米の立場「理解している」と主張,https://www.sankei.com/article/20260927-SK6456XY3ZJUDJZ3ONVX6CQBKA/,https://news.ceek.jp/search.cgi?category_id=world&feed=1,ok,,国際
2026-09-27,2026-09-27T08:12:28.721527+09:00,全国紙,全国,朝日新聞,空母は「ホーム」というけれど 中佐が語った素直な思い 特派員メモ,https://www.asahi.com/articles/ASV9L5RY1V9LUHBI001M.html,https://news.ceek.jp/search.cgi?category_id=world&feed=1,ok,,国際
2026-09-27,2026-09-27T08:12:28.721527+09:00,その他メディア,,フジテレビ,店先でくじ削る男性があわや...駐車場から出た車が急発進し店に突っ込む 「アクセルとブレーキを踏み間違えた」 トルコ,https://www.fnn.jp/articles/-/1120784,https://news.ceek.jp/search.cgi?category_id=world&feed=1,ok,,国際
2026-09-27,2026-09-27T08:12:28.721527+09:00,その他メディア,,AFPBB News,トランプ氏、「ホルムズ海峡開放」提案を拒否 劣勢のイランは「取引をしたがっている」,https://www.afpbb.com/articles/-/3654629,https://news.ceek.jp/search.cgi?category_id=world&feed=1,ok,,国際
2026-09-27,2026-09-27T08:12:28.721527+09:00,その他メディア,,TBSテレビ,アメリカ・ウォルツ国連大使「日米関係は非常に強固」,https://newsdig.tbs.co.jp/articles/-/2969530?display=1,https://news.ceek.jp/search.cgi?category_id=world&feed=1,ok,,国際
2026-09-27,2026-09-27T08:12:28.721527+09:00,その他メディア,,デイリースポーツ,ロシア外相「日独は軍国主義」,https://www.daily.co.jp/society/world/2026/09/27/0020864932.shtml,https://news.ceek.jp/search.cgi?category_id=world&feed=1,ok,,国際
2026-09-27,2026-09-27T08:12:28.721527+09:00,全国紙,全国,産経新聞,独露外相、ウクライナ侵略後初会談 空港への無人機攻撃未遂を協議,https://www.sankei.com/article/20260927-BWFI4KELXZJQZFVLGAK25W6IPQ/,https://news.ceek.jp/search.cgi?category_id=world&feed=1,ok,,国際
2026-09-27,2026-09-27T08:12:28.721527+09:00,その他メディア,,デイリースポーツ,中国「国連守り強化を」,https://www.daily.co.jp/society/world/2026/09/27/0020864923.shtml,https://news.ceek.jp/search.cgi?category_id=world&feed=1,ok,,国際
2026-09-27,2026-09-27T08:12:28.721527+09:00,その他メディア,,TBSテレビ,"キューバ外相が米非難「石油禁輸は“戦争行為""」 トランプ大統領「軍隊が必要と思わない」",https://newsdig.tbs.co.jp/articles/-/2969523?display=1,https://news.ceek.jp/search.cgi?category_id=world&feed=1,ok,,国際
2026-09-27,2026-09-27T08:12:28.721527+09:00,その他メディア,,Pars Today,米CNN:「トランプ氏に対する強い不満が史上最悪水準に」,https://parstoday.ir/ja/news/world-i134726,https://news.ceek.jp/search.cgi?category_id=world&feed=1,ok,,国際
2026-09-27,2026-09-27T08:12:28.721527+09:00,その他メディア,,フジテレビ,クマが住民襲う被害続発 「武器がない」人を恐れず戻ってくるクマと対峙 死者10人との報道も ロシア,https://www.fnn.jp/articles/-/1120677,https://news.ceek.jp/search.cgi?category_id=world&feed=1,ok,,国際
2026-09-27,2026-09-27T08:12:28.721527+09:00,その他メディア,,WEDGE Infinity,トランプの「二面性外交」が露呈した米中首脳会談...「同盟」と「友好」を混同、米国内の対中警戒世論の変化とは?,https://wedge.ismedia.jp/articles/-/41130,https://news.ceek.jp/search.cgi?category_id=world&feed=1,ok,,国際
2026-09-27,2026-09-27T08:12:28.721527+09:00,その他メディア,,ポストセブン,"《イラン人の20人に1人が薬物依存との統計も》「アヘンは“おじさまの嗜好品""」「若者に人気のマリファナは数百円」背景にある“金なし・結婚できず・一人暮らしも許されず""の現実",https://www.news-postseven.com/archives/20260927_2133488.html,https://news.ceek.jp/search.cgi?category_id=world&feed=1,ok,,国際
2026-09-27,2026-09-27T08:12:28.721527+09:00,その他メディア,,ポストセブン,"《イランで進む“イスラム疲れ""》信仰が揺らいだイランの青年...一滴の酒も飲まない敬虔な男性が“神の言葉""より信じた“聡明すぎる彼女""",https://www.news-postseven.com/archives/20260927_2133487.html,https://news.ceek.jp/search.cgi?category_id=world&feed=1,ok,,国際
2026-09-27,2026-09-27T08:12:28.721527+09:00,その他メディア,,デイリースポーツ,石油禁輸は「戦争行為」,https://www.daily.co.jp/society/world/2026/09/27/0020864904.shtml,https://news.ceek.jp/search.cgi?category_id=world&feed=1,ok,,国際
2026-09-27,2026-09-27T08:12:28.721527+09:00,その他メディア,,フジテレビ,ネパール土石流から1カ月 捜索活動を段階的に縮小し復旧や支援に重点を移す方針に,https://www.fnn.jp/articles/-/1121674,https://news.ceek.jp/search.cgi?category_id=world&feed=1,ok,,国際
2026-09-27,2026-09-27T08:12:28.721527+09:00,その他メディア,,共同通信,石油禁輸は「戦争行為」 キューバ外相、米を非難,https://www.47news.jp/14998053.html,https://news.ceek.jp/search.cgi?category_id=world&feed=1,ok,,国際
2026-09-27,2026-09-27T08:12:28.721527+09:00,その他メディア,,共同通信,独ロ外相が侵攻後初会談 無人機攻撃未遂を協議,https://www.47news.jp/14997991.html,https://news.ceek.jp/search.cgi?category_id=world&feed=1,ok,,国際
2026-09-27,2026-09-27T08:12:28.721527+09:00,その他メディア,,デイリースポーツ,独ロ外相が侵攻後初会談,https://www.daily.co.jp/society/world/2026/09/27/0020864897.shtml,https://news.ceek.jp/search.cgi?category_id=world&feed=1,ok,,国際
2026-09-27,2026-09-27T08:12:28.721527+09:00,その他メディア,,AFPBB News,バンコク、豪雨で全域を災害地域に指定 1000人近く避難,https://www.afpbb.com/articles/-/3654624,https://news.ceek.jp/search.cgi?category_id=world&feed=1,ok,,国際
2026-09-27,2026-09-27T08:12:28.721527+09:00,その他メディア,,共同通信,米大統領イラン提案拒否 圧力継続、海峡開放見えず,https://www.47news.jp/14997982.html,https://news.ceek.jp/search.cgi?category_id=world&feed=1,ok,,国際
2026-09-27,2026-09-27T08:12:28.721527+09:00,その他メディア,,フジテレビ,猛スピードの車が駐車中の車に次々衝突 横転後さらにバックで100メートルようやく停止 男女は自力で脱出 トルコ,https://www.fnn.jp/articles/-/1120105,https://news.ceek.jp/search.cgi?category_id=world&feed=1,ok,,国際
2026-09-27,2026-09-27T08:12:28.721527+09:00,その他メディア,,JBpress,米中首脳会談で見えたトランプ外交の限界、レアアース握る中国に強硬策を取れず、浮かび上がる「中国優位」の構図,https://jbpress.ismedia.jp/articles/-/97203,https://news.ceek.jp/search.cgi?category_id=world&feed=1,ok,,国際
2026-09-27,2026-09-27T08:12:28.721527+09:00,その他メディア,,デイリースポーツ,日米関係は「強固で重要」,https://www.daily.co.jp/society/world/2026/09/27/0020864881.shtml,https://news.ceek.jp/search.cgi?category_id=world&feed=1,ok,,国際
2026-09-27,2026-09-27T08:12:28.721527+09:00,その他メディア,,共同通信,日米関係は「強固で重要」 ウォルツ国連大使,https://www.47news.jp/14997979.html,https://news.ceek.jp/search.cgi?category_id=world&feed=1,ok,,国際
2026-09-27,2026-09-27T08:12:28.721527+09:00,その他メディア,,TBSテレビ,ロシア・ラブロフ外相が米非難「武力による独裁受け入れられない」 国連総会で演説,https://newsdig.tbs.co.jp/articles/-/2969480?display=1,https://news.ceek.jp/search.cgi?category_id=world&feed=1,ok,,国際
2026-09-27,2026-09-27T08:12:28.721527+09:00,その他メディア,,Pars Today,イラン大統領;「対話に応じる用意はあるが、虐めや暴力は受け入れない」,https://parstoday.ir/ja/news/iran-i134724,https://news.ceek.jp/search.cgi?category_id=world&feed=1,ok,,国際
2026-09-27,2026-09-27T08:12:28.721527+09:00,全国紙,全国,日本経済新聞,スイス「厳格な中立」問う国民投票 ウクライナ侵略を機に右派主張,https://www.nikkei.com/article/DGXZQOCB232Y20T20C26A9000000/,https://news.ceek.jp/search.cgi?category_id=world&feed=1,ok,,国際
2026-09-27,2026-09-27T08:12:28.721527+09:00,全国紙,全国,日本経済新聞,ボスニア民族の壁、教育・経済で融和めざす 総選挙控え対立あおりも,https://www.nikkei.com/article/DGXZQOCB2400R0U6A920C2000000/,https://news.ceek.jp/search.cgi?category_id=world&feed=1,ok,,国際
2026-09-27,2026-09-27T08:12:28.721527+09:00,全国紙,全国,日本経済新聞,BYDが米国を走る日 習近平氏が狙うデカップリングの逆回転,https://www.nikkei.com/article/DGXZQOGM243YJ0U6A920C2000000/,https://news.ceek.jp/search.cgi?category_id=world&feed=1,ok,,国際
2026-09-27,2026-09-27T08:12:28.721527+09:00,全国紙,全国,日本経済新聞,英イングランドで宿泊税5%、28年にも導入 観光業界は反発,https://www.nikkei.com/article/DGXZQOUB15B6E0V10C26A9000000/,https://news.ceek.jp/search.cgi?category_id=world&feed=1,ok,,国際
2026-09-27,2026-09-27T08:12:28.721527+09:00,全国紙,全国,読売新聞,「友好」演出 米中首脳会談...識者に聞く,https://www.yomiuri.co.jp/world/20260926-GYT1T00331/,https://news.ceek.jp/search.cgi?category_id=world&feed=1,ok,,国際
2026-09-27,2026-09-27T08:12:28.721527+09:00,全国紙,全国,読売新聞,[スキャナー]首脳会談結果発表 米、国内向け「成果」...中間選へアピール注力 台湾問題は触れず,https://www.yomiuri.co.jp/world/20260926-GYT1T00384/,https://news.ceek.jp/search.cgi?category_id=world&feed=1,ok,,国際
2026-09-27,2026-09-27T08:12:28.721527+09:00,全国紙,全国,読売新聞,[ワールドビュー]核抑止は負けたのか...編集委員 飯塚恵子,https://www.yomiuri.co.jp/world/20260927-GYT1T00067/,https://news.ceek.jp/search.cgi?category_id=world&feed=1,ok,,国際
2026-09-27,2026-09-27T08:12:28.721527+09:00,全国紙,全国,読売新聞,遺物保存 日本支援に感謝...エジプト観光・考古相,https://www.yomiuri.co.jp/world/20260927-GYT1T00069/,https://news.ceek.jp/search.cgi?category_id=world&feed=1,ok,,国際
2026-09-27,2026-09-27T08:12:28.721527+09:00,全国紙,全国,読売新聞,ネパール土石流 日本人送迎 帰らぬ父...不明1か月「生きていて」,https://www.yomiuri.co.jp/world/20260927-GYT1T00055/,https://news.ceek.jp/search.cgi?category_id=world&feed=1,ok,,国際
2026-09-27,2026-09-27T08:12:28.721527+09:00,全国紙,全国,読売新聞,米中首脳会談 ファクトシート要旨,https://www.yomiuri.co.jp/world/20260927-GYT1T00063/,https://news.ceek.jp/search.cgi?category_id=world&feed=1,ok,,国際
2026-09-27,2026-09-27T08:12:28.721527+09:00,全国紙,全国,読売新聞,露下院選 投票不正 報道相次ぐ...抗議デモは中核不在,https://www.yomiuri.co.jp/world/20260927-GYT1T00065/,https://news.ceek.jp/search.cgi?category_id=world&feed=1,ok,,国際
2026-09-27,2026-09-27T08:12:28.721527+09:00,全国紙,全国,日本経済新聞,[FT]EUが目指すべきは「中堅国」か 求められる国際秩序の守護者,https://www.nikkei.com/article/DGXZQOCB2499G0U6A920C2000000/,https://news.ceek.jp/search.cgi?category_id=world&feed=1,ok,,国際
2026-09-27,2026-09-27T08:12:28.721527+09:00,その他メディア,,TBSテレビ,「日韓交流おまつり」都内で開催 毎年恒例 韓国の「食」や「ものづくり」体験も,https://newsdig.tbs.co.jp/articles/-/2969470?display=1,https://news.ceek.jp/search.cgi?category_id=world&feed=1,ok,,国際
2026-09-27,2026-09-27T08:12:28.721527+09:00,その他メディア,,newsclip.be,ドーンムアン空港の誘導路が冠水 バンコク首都圏の大雨で,https://newsclip.be/thai-news/thai-local/42382,https://news.ceek.jp/search.cgi?category_id=world&feed=1,ok,,国際
2026-09-27,2026-09-27T08:12:28.721527+09:00,その他メディア,,テレビ朝日,トランプ氏 台湾問題で「習主席は私の考えを理解」習主席は「台湾独立」反対堅持主張,https://news.tv-asahi.co.jp/news_international/articles/000536135.html,https://news.ceek.jp/search.cgi?category_id=world&feed=1,ok,,国際
2026-09-27,2026-09-27T08:12:28.721527+09:00,その他メディア,,テレビ朝日,パリで「野外ミサ」 約70万人参加 移民支援施設を訪問したローマ教皇 平和と愛の祈り,https://news.tv-asahi.co.jp/news_international/articles/000536134.html,https://news.ceek.jp/search.cgi?category_id=world&feed=1,ok,,国際
2026-09-27,2026-09-27T08:12:28.721527+09:00,その他メディア,,Abema TIMES,"米中首脳会談 異例の“親密さ演出"" カギは「家族」映像分析で見えた“本音""",https://times.abema.tv/articles/-/10275277?page=1,https://news.ceek.jp/search.cgi?category_id=world&feed=1,ok,,国際
2026-09-27,2026-09-27T08:12:28.721527+09:00,その他メディア,,テレビ朝日,"米中首脳会談 異例の“親密さ演出"" カギは「家族」映像分析で見えた“本音""",https://news.tv-asahi.co.jp/news_international/articles/900200613.html,https://news.ceek.jp/search.cgi?category_id=world&feed=1,ok,,国際
2026-09-27,2026-09-27T08:12:28.721527+09:00,全国紙,全国,日本経済新聞,韓国、検事の捜査権剝奪で混乱懸念 10月2日に検察庁廃止,https://www.nikkei.com/article/DGXZQOGM191UY0Z10C26A9000000/,https://news.ceek.jp/search.cgi?category_id=world&feed=1,ok,,国際
2026-09-27,2026-09-27T08:12:28.721527+09:00,全国紙,全国,日本経済新聞,2022年のトンガ海底噴火、2つのマグマが混ざり爆発か JAMSTECなど,https://www.nikkei.com/article/DGXZQOSG175Z80X10C26A9000000/,https://news.ceek.jp/search.cgi?category_id=world&feed=1,ok,,国際
2026-09-27,2026-09-27T08:12:28.721527+09:00,全国紙,全国,日本経済新聞,[FT]シンガポール首相に年俸4.4億円 高額報酬の理由,https://www.nikkei.com/article/DGXZQOCB240KQ0U6A920C2000000/,https://news.ceek.jp/search.cgi?category_id=world&feed=1,ok,,国際
2026-09-27,2026-09-27T08:12:28.721527+09:00,その他メディア,,テレビ朝日,米中が首脳会談の成果文書をそれぞれ公表 中国は「SI」に理解 台湾問題は含まれず,https://news.tv-asahi.co.jp/news_international/articles/000536132.html,https://news.ceek.jp/search.cgi?category_id=world&feed=1,ok,,国際
2026-09-27,2026-09-27T08:12:28.721527+09:00,その他メディア,,テレビ朝日,トランプ氏 イランの新提案を拒否 「米がホルムズ海峡を完全に掌握」と主張,https://news.tv-asahi.co.jp/news_international/articles/000536131.html,https://news.ceek.jp/search.cgi?category_id=world&feed=1,ok,,国際
2026-09-27,2026-09-27T08:12:28.721527+09:00,その他メディア,,フジテレビ,王毅外相「米中の重要な政治的成果」強調 「尊重、公平、対等」を新たに明記 「軍国主義復活防止は共通の責任」,https://www.fnn.jp/articles/-/1121597,https://news.ceek.jp/search.cgi?category_id=world&feed=1,ok,,国際
2026-09-27,2026-09-27T08:12:28.721527+09:00,その他メディア,,TBSテレビ,トランプ大統領 7日以内のホルムズ海峡開放含むイランの提案「受け入れられない」,https://newsdig.tbs.co.jp/articles/-/2969460?display=1,https://news.ceek.jp/search.cgi?category_id=world&feed=1,ok,,国際
2026-09-27,2026-09-27T08:12:28.721527+09:00,その他メディア,,フジテレビ,バンコク大雨で大規模な冠水被害 3人死亡 約4200人が避難,https://www.fnn.jp/articles/-/1121595,https://news.ceek.jp/search.cgi?category_id=world&feed=1,ok,,国際
2026-09-27,2026-09-27T08:12:28.721527+09:00,その他メディア,,TBSテレビ,米中 AI危機管理のための「対話の枠組み」設立で合意 ホワイトハウスが首脳会談に関する成果文書を公表,https://newsdig.tbs.co.jp/articles/-/2969457?display=1,https://news.ceek.jp/search.cgi?category_id=world&feed=1,ok,,国際
2026-09-27,2026-09-27T08:12:28.721527+09:00,その他メディア,,共同通信,【速報】独ロ外相がウクライナ侵攻開始後に初会談,https://www.47news.jp/14997724.html,https://news.ceek.jp/search.cgi?category_id=world&feed=1,ok,,国際
2026-09-27,2026-09-27T08:12:28.721527+09:00,全国紙,全国,日本経済新聞,トランプ氏、イランの提案拒否 米軍のホルムズ支配で「彼らは劣勢」,https://www.nikkei.com/article/DGXZQOGN262R30W6A920C2000000/,https://news.ceek.jp/search.cgi?category_id=world&feed=1,ok,,国際
2026-09-27,2026-09-27T08:12:28.721527+09:00,全国紙,全国,読売新聞,イラン外相提示のホルムズ海峡開放への「7日間の計画」、トランプ大統領は「断った」,https://www.yomiuri.co.jp/world/20260927-GYT1T00005/,https://news.ceek.jp/search.cgi?category_id=world&feed=1,ok,,国際
2026-09-27,2026-09-27T08:12:28.721527+09:00,全国紙,全国,日本経済新聞,トランプ氏、習氏は台湾巡り「私の立場を理解」 会談で協議と表明,https://www.nikkei.com/article/DGXZQOGN262RN0W6A920C2000000/,https://news.ceek.jp/search.cgi?category_id=world&feed=1,ok,,国際
2026-09-27,2026-09-27T08:12:28.721527+09:00,その他メディア,,共同通信,【速報】米大統領、イランの提案拒否,https://www.47news.jp/14997695.html,https://news.ceek.jp/search.cgi?category_id=world&feed=1,ok,,国際
2026-09-27,2026-09-27T08:12:28.721527+09:00,全国紙,全国,読売新聞,プーチン氏、ウクライナとの和平交渉再開に否定的姿勢...理由は下院選の最終日前夜に受けた大規模攻撃,https://www.yomiuri.co.jp/world/20260926-GYT1T00425/,https://news.ceek.jp/search.cgi?category_id=world&feed=1,ok,,国際
2026-09-27,2026-09-27T08:12:28.721527+09:00,その他メディア,,共同通信,【速報】習氏は台湾を巡る自身の立場理解と米大統領,https://www.47news.jp/14997566.html,https://news.ceek.jp/search.cgi?category_id=world&feed=1,ok,,国際
2026-09-27,2026-09-27T08:12:28.721527+09:00,全国紙,全国,産経新聞,パキスタン北西部の警察検問所で爆発、警察官ら11人死亡 イスラム武装勢力が犯行声明,https://www.sankei.com/article/20260926-RMIMRXTYK5K7TOP5UWRBIG7BCE/,https://news.ceek.jp/search.cgi?category_id=world&feed=1,ok,,国際
2026-09-27,2026-09-27T08:12:28.721527+09:00,その他メディア,,日本テレビ,不測の事態へ備えも...米中首脳、AIの2国間枠組み設置で合意,https://news.ntv.co.jp/category/international/fcdf02a6bc8e4ae1a723d226d534604e,https://news.ceek.jp/search.cgi?category_id=world&feed=1,ok,,国際
2026-09-27,2026-09-27T08:12:28.721527+09:00,その他メディア,,newsclip.be,「ここがポイント」日本人が見た建設現場内装編 その18 福孝工務店,https://newsclip.be/business/31096,https://news.ceek.jp/search.cgi?category_id=world&feed=1,ok,,国際
2026-09-27,2026-09-27T08:12:28.721527+09:00,全国紙,全国,東京新聞,台湾「歴史的事実のねじ曲げだ」...米中首脳が大戦中に「同盟国」と認め合う 首脳会談の合意内容公表,https://www.tokyo-np.co.jp/article/517928,https://news.ceek.jp/search.cgi?category_id=world&feed=1,ok,,国際
2026-09-27,2026-09-27T08:12:28.721527+09:00,その他メディア,,台湾国際放送,苗栗県の田んぼアートにヤマネコの県マスコット描くも 蛙に見えるとの声も,https://www.rti.org.tw/jp/news?uid=3&pid=234199,https://news.ceek.jp/search.cgi?category_id=world&feed=1,ok,,国際
2026-09-27,2026-09-27T08:12:28.721527+09:00,全国紙,全国,日本経済新聞,AIは「SI」と言い換え 米中首脳が合意と米ホワイトハウス発表,https://www.nikkei.com/article/DGXZQOCB262EY0W6A920C2000000/,https://news.ceek.jp/search.cgi?category_id=world&feed=1,ok,,国際
2026-09-27,2026-09-27T08:12:28.721527+09:00,全国紙,全国,読売新聞,高市首相、トランプ氏と20分間電話会談...「同盟国」発言の習主席との会談内容「大統領から詳細に説明」,https://www.yomiuri.co.jp/world/20260926-GYT1T00324/,https://news.ceek.jp/search.cgi?category_id=world&feed=1,ok,,国際
2026-09-27,2026-09-27T08:12:28.721527+09:00,全国紙,全国,日本経済新聞,首相がトランプ氏と電話 米中踏まえ「日米連携、最も信頼の同盟国」,https://www.nikkei.com/article/DGXZQOUA262BF0W6A920C2000000/,https://news.ceek.jp/search.cgi?category_id=world&feed=1,ok,,国際
2026-09-27,2026-09-27T08:12:28.721527+09:00,その他メディア,,CNN.co.jp,冷凍庫から「うっとうしいアラーム音」、清掃員が電源オフ 20年の研究台無しと大学が提訴 米23年,https://www.cnn.co.jp/usa/35253003.html,https://news.ceek.jp/search.cgi?category_id=world&feed=1,ok,,国際
2026-09-27,2026-09-27T08:12:28.721527+09:00,全国紙,全国,日本経済新聞,中国外相「軍国主義の復活防止は共同責任」 米国に提起、日本念頭,https://www.nikkei.com/article/DGXZQOGM262B70W6A920C2000000/,https://news.ceek.jp/search.cgi?category_id=world&feed=1,ok,,国際
2026-09-27,2026-09-27T08:12:28.721527+09:00,全国紙,全国,読売新聞,米中首脳会談でAI対話の枠組み創設、「同盟国」としての歴史を確認...中国重視の台湾問題には触れず,https://www.yomiuri.co.jp/world/20260926-GYT1T00319/,https://news.ceek.jp/search.cgi?category_id=world&feed=1,ok,,国際
2026-09-27,2026-09-27T08:12:28.721527+09:00,全国紙,全国,毎日新聞,米中、11月までの「AI対話」開催で合意 「同盟国」記載も,https://mainichi.jp/articles/20260926/k00/00m/030/144000c,https://news.ceek.jp/search.cgi?category_id=world&feed=1,ok,,国際
2026-09-27,2026-09-27T08:12:28.721527+09:00,その他メディア,,フジテレビ,米中首脳「8項目の共通認識」中国発表 年内さらに2回会談へ 「SI」の表現も尊重,https://www.fnn.jp/articles/-/1121579,https://news.ceek.jp/search.cgi?category_id=world&feed=1,ok,,国際
2026-09-27,2026-09-27T08:12:28.721527+09:00,その他メディア,,TBSテレビ,米中がAI対話の枠組み設立で合意 ホワイトハウスが首脳会談の成果文書を公表,https://newsdig.tbs.co.jp/articles/-/2969397?display=1,https://news.ceek.jp/search.cgi?category_id=world&feed=1,ok,,国際
2026-09-27,2026-09-27T08:12:28.721527+09:00,全国紙,全国,産経新聞,ノーベル平和賞、日本人所長が制裁受けたICCも候補に「世界平和に大きく貢献の可能性」,https://www.sankei.com/article/20260926-M2QDC6WT35OYHBJ7X7LRBFEXAQ/,https://news.ceek.jp/search.cgi?category_id=world&feed=1,ok,,国際
2026-09-27,2026-09-27T08:12:28.721527+09:00,全国紙,全国,産経新聞,ネパール土石流、原因は氷河縮小で「重し」取れ、断層帯の岩盤崩落か 1万年に1度の規模,https://www.sankei.com/article/20260926-AROS6SJH6ZOAVEYAG4GGHXRIYQ/,https://news.ceek.jp/search.cgi?category_id=world&feed=1,ok,,国際
2026-09-27,2026-09-27T08:12:28.721527+09:00,全国紙,全国,産経新聞,ネパール土石流1カ月 行方不明5800人、捜索や身元特定進まず 被災者ら支援訴え,https://www.sankei.com/article/20260926-EYSVBHD3BZPCDBWXXGEFBJNGZU/,https://news.ceek.jp/search.cgi?category_id=world&feed=1,ok,,国際
2026-09-27,2026-09-27T08:12:28.721527+09:00,その他メディア,,高知新聞,県展へ気合込めた作品搬入 「ドキドキする。入選して」 高知県立美術館・かるぽーと,https://www.kochinews.co.jp/article/detail/1047768,https://news.ceek.jp/search.cgi?category_id=local&feed=1,ok,,地方・地域
2026-09-27,2026-09-27T08:12:28.721527+09:00,その他メディア,,TBSテレビ,パラアスリート(車いす陸上)の上与那原寛和選手が死去 今月19日の練習中に交通事故 北京パラで銀、東京で銅,https://newsdig.tbs.co.jp/articles/-/2969431?display=1,https://news.ceek.jp/search.cgi?category_id=local&feed=1,ok,,地方・地域
2026-09-27,2026-09-27T08:12:28.721527+09:00,地方紙,福岡,西日本新聞,福北ゆたか線 平常運転(9月27日),https://www.nishinippon.co.jp/item/1542315/,https://news.ceek.jp/search.cgi?category_id=local&feed=1,ok,,地方・地域
2026-09-27,2026-09-27T08:12:28.721527+09:00,その他メディア,,高知新聞,牛串や煮込みに舌鼓!お肉どっぷりフェスタ 9/27まで高知市,https://www.kochinews.co.jp/article/detail/1047753,https://news.ceek.jp/search.cgi?category_id=local&feed=1,ok,,地方・地域
2026-09-27,2026-09-27T08:12:28.721527+09:00,地方紙,沖縄,沖縄タイムス,台風接近前にやるべきこと 気象防災アドバイザーが教える「3つのポイント」,https://www.okinawatimes.co.jp/articles/-/1931551,https://news.ceek.jp/search.cgi?category_id=local&feed=1,ok,,地方・地域
2026-09-27,2026-09-27T08:12:28.721527+09:00,その他メディア,,山陽新聞,じぇら祭でアニメショーや音楽楽しんで 10月3、4日、北長瀬未来ふれあい総合公園,https://www.sanyonews.jp/article/1994462/,https://news.ceek.jp/search.cgi?category_id=local&feed=1,ok,,地方・地域
2026-09-27,2026-09-27T08:12:28.721527+09:00,その他メディア,,TBSテレビ,"【台風情報】急カーブの台風26号(スリゲ)日本に接近 沖縄や四国・本州(近畿・関東など)に大きく影響か 最大瞬間風速60m/s“強い""勢力へ 10月2日までの雨と風のシミュレーション (気象庁27日午前6時45分発表)",https://newsdig.tbs.co.jp/articles/-/2969546?display=1,https://news.ceek.jp/search.cgi?category_id=local&feed=1,ok,,地方・地域
2026-09-27,2026-09-27T08:12:28.721527+09:00,地方紙,広島,中国新聞,大谷1安打、岡本無安打,https://www.chugoku-np.co.jp/articles/-/900535,https://news.ceek.jp/search.cgi?category_id=local&feed=1,ok,,地方・地域
2026-09-27,2026-09-27T08:12:28.721527+09:00,全国紙,全国,中日新聞,大谷1安打、岡本無安打 村上は「4番・一塁」,https://www.chunichi.co.jp/article/1317025,https://news.ceek.jp/search.cgi?category_id=local&feed=1,ok,,地方・地域
2026-09-27,2026-09-27T08:12:28.721527+09:00,その他メディア,,高知新聞,里芋やツガニなどがたっぷり...10/1に芋炊き 軽食・デザート食べ放題 高知県四万十市西土佐,https://www.kochinews.co.jp/article/detail/1047744,https://news.ceek.jp/search.cgi?category_id=local&feed=1,ok,,地方・地域
2026-09-27,2026-09-27T08:12:28.721527+09:00,その他メディア,,高知新聞,「野中廃寺跡」学ぶシンポジウム 10/3・高知県南国市,https://www.kochinews.co.jp/article/detail/1047743,https://news.ceek.jp/search.cgi?category_id=local&feed=1,ok,,地方・地域
2026-09-27,2026-09-27T08:12:28.721527+09:00,地方紙,鹿児島,南日本新聞,J3鹿児島ユナイテッド 終盤追い付き無敗守る 敵地で北九州に1-1 フアンマ、執念のゴール,https://373news.com/news/local/detail/240131/,https://news.ceek.jp/search.cgi?category_id=local&feed=1,ok,,地方・地域
2026-09-27,2026-09-27T08:12:28.721527+09:00,その他メディア,,福島民友新聞,勇壮な演奏、350年の歴史...だての郷霊山太鼓まつり,https://www.minyu-net.com/news/detail/2026092616172655297,https://news.ceek.jp/search.cgi?category_id=local&feed=1,ok,,地方・地域
2026-09-27,2026-09-27T08:12:28.721527+09:00,その他メディア,,山梨日日新聞,北杜で一時1010戸停電,https://www.sannichi.co.jp/article/2026/09/27/80724400,https://news.ceek.jp/search.cgi?category_id=local&feed=1,ok,,地方・地域
2026-09-27,2026-09-27T08:12:28.721527+09:00,その他メディア,,佐賀新聞,九州地区高校野球佐賀大会 9月27日の試合は雨で順延 3回戦の3試合,https://www.saga-s.co.jp/articles/-/1799235,https://news.ceek.jp/search.cgi?category_id=local&feed=1,ok,,地方・地域
2026-09-27,2026-09-27T08:12:28.721527+09:00,地方紙,福岡,西日本新聞,香椎線 平常運転(9月27日),https://www.nishinippon.co.jp/item/1542314/,https://news.ceek.jp/search.cgi?category_id=local&feed=1,ok,,地方・地域
2026-09-27,2026-09-27T08:12:28.721527+09:00,その他メディア,,岐阜新聞,踏切前で一時停止を 岐阜中署と名鉄が事故防止へ啓発,https://www.gifu-np.co.jp/articles/-/774975,https://news.ceek.jp/search.cgi?category_id=local&feed=1,ok,,地方・地域
2026-09-27,2026-09-27T08:12:28.721527+09:00,地方紙,長野,信濃毎日新聞,天龍村の全寮制の小中学校で火災 食堂の壁など焼く,https://www.shinmai.co.jp/news/article/gf01das4ttfscpf4olnl1i10,https://news.ceek.jp/search.cgi?category_id=local&feed=1,ok,,地方・地域
2026-09-27,2026-09-27T08:12:28.721527+09:00,全国紙,全国,朝日新聞,発酵の力で染める正藍染め 盛岡の染師が語る「本物の藍の美しさ」,https://www.asahi.com/articles/ASV9R46Q0V9RUNHB008M.html,https://news.ceek.jp/search.cgi?category_id=local&feed=1,ok,,地方・地域
2026-09-27,2026-09-27T08:12:28.721527+09:00,その他メディア,,TOKYO HEADLINE,その世界観と人生観、魅力に迫る!「ヤマザキマリの世界 今この瞬間を生きる―Carpe Diem―」,https://www.tokyoheadline.com/870823/,https://news.ceek.jp/search.cgi?category_id=local&feed=1,ok,,地方・地域
2026-09-27,2026-09-27T08:12:28.721527+09:00,その他メディア,,Jタウンネット,木漏れ日に輝く、淡い花びらが美しい... 愛知・稗田川の〝ピンクの彼岸花〟に目を奪われる,https://j-town.net/2026/09/27367215.html,https://news.ceek.jp/search.cgi?category_id=local&feed=1,ok,,地方・地域
2026-09-27,2026-09-27T08:12:28.721527+09:00,その他メディア,,TBSテレビ,"【台風のたまご】新たな“熱帯低気圧""27日夜にも発生の見込み ノロノロ...急カーブの台風26号(スリゲ)が迫る中、日本への影響は? 10月7日までの雨と風のシミュレーションを見る(気象庁天気図)",https://newsdig.tbs.co.jp/articles/-/2969537?display=1,https://news.ceek.jp/search.cgi?category_id=local&feed=1,ok,,地方・地域
2026-09-27,2026-09-27T08:12:28.721527+09:00,地方紙,新潟,新潟日報,阿賀町に恩返し!体験学習で町内滞在の聖徳学園(東京)生徒、特産品や魅力のPR強化へパートナーシップ協定,https://www.niigata-nippo.co.jp/articles/-/909219,https://news.ceek.jp/search.cgi?category_id=local&feed=1,ok,,地方・地域
2026-09-27,2026-09-27T08:12:28.721527+09:00,その他メディア,,TBSテレビ,「投資をすれば利益が入る」80代男性、SNSで知り合った「Asakura」を名乗る女性から投資話もちかけられ...1630万円だまし取られる,https://newsdig.tbs.co.jp/articles/-/2969404?display=1,https://news.ceek.jp/search.cgi?category_id=local&feed=1,ok,,地方・地域
2026-09-27,2026-09-27T08:12:28.721527+09:00,その他メディア,,フジテレビ,那須川天心に憧れた少年が世界王者に 極真空手の男子13歳の部で見事初優勝に輝いた中島聖陽選手、強さのヒミツは父との2万キロの旅,https://www.fnn.jp/articles/-/1121216,https://news.ceek.jp/search.cgi?category_id=local&feed=1,ok,,地方・地域
2026-09-27,2026-09-27T08:12:28.721527+09:00,その他メディア,,フジテレビ,那須川天心に憧れた少年が世界王者に 極真空手の男子13歳の部で見事初優勝に輝いた中島聖陽選手,https://www.fnn.jp/articles/-/1121684,https://news.ceek.jp/search.cgi?category_id=local&feed=1,ok,,地方・地域
2026-09-27,2026-09-27T08:12:28.721527+09:00,その他メディア,,長野日報,松本平広域公園陸上競技場 国スポ向け新施設完成,https://www.nagano-np.co.jp/news/detail.php?id=6577,https://news.ceek.jp/search.cgi?category_id=local&feed=1,ok,,地方・地域
2026-09-27,2026-09-27T08:12:28.721527+09:00,その他メディア,,茨城新聞,「生きる証し」の作品展 パーキンソン病9人出品 27日まで 茨城・筑西,https://ibarakinews.jp/news/newsdetail.php?f_jun=1790428409911800,https://news.ceek.jp/search.cgi?category_id=local&feed=1,ok,,地方・地域
2026-09-27,2026-09-27T08:12:28.721527+09:00,その他メディア,,佐賀新聞,武雄アジア大で市民向け講座始まる 2027年1月まで計15回開催 「ユーラシア」研究を紹介,https://www.saga-s.co.jp/articles/-/1799012,https://news.ceek.jp/search.cgi?category_id=local&feed=1,ok,,地方・地域
2026-09-27,2026-09-27T08:12:28.721527+09:00,その他メディア,,Lmaga.jp,【本日23:59まで】『まどマギ』待望の新作劇場版!『ワルプルギスの廻天』回転するアクキーなど豪華セットをプレゼント,https://www.lmaga.jp/news/2026/09/1103578/,https://news.ceek.jp/search.cgi?category_id=local&feed=1,ok,,地方・地域
2026-09-27,2026-09-27T08:12:28.721527+09:00,地方紙,長野,信濃毎日新聞,【信毎デジタル10月の注目記事をご紹介】,https://www.shinmai.co.jp/news/article/SHEX2026092400004837,https://news.ceek.jp/search.cgi?category_id=local&feed=1,ok,,地方・地域
2026-09-27,2026-09-27T08:12:28.721527+09:00,その他メディア,,十勝毎日新聞,村瀬さん、星さんが最高賞 大とかち俳句賞全国大会,https://kachimai.jp/article/index.php?no=2026092600501,https://news.ceek.jp/search.cgi?category_id=local&feed=1,ok,,地方・地域
2026-09-27,2026-09-27T08:12:28.721527+09:00,その他メディア,,岐阜新聞,生活道路で速度取り締まり 関市の市道、可搬式オービス活用,https://www.gifu-np.co.jp/articles/-/774984,https://news.ceek.jp/search.cgi?category_id=local&feed=1,ok,,地方・地域
2026-09-27,2026-09-27T08:12:28.721527+09:00,その他メディア,,福島民友新聞,ユニック車と駐車車両の間に挟まれ男性死亡 飯舘,https://www.minyu-net.com/news/detail/2026092708061055304,https://news.ceek.jp/search.cgi?category_id=local&feed=1,ok,,地方・地域
2026-09-27,2026-09-27T08:12:28.721527+09:00,その他メディア,,TBSテレビ,熊本県・熊本市に「避難指示」 午前7時15分,https://newsdig.tbs.co.jp/articles/-/2969535?display=1,https://news.ceek.jp/search.cgi?category_id=local&feed=1,ok,,地方・地域
2026-09-27,2026-09-27T08:12:28.721527+09:00,その他メディア,,陸奥新報,アスパム40周年でリンゴ尽くしのイベント、27日まで/青森市,https://mutsushimpo.com/news/rwjkjta0/,https://news.ceek.jp/search.cgi?category_id=local&feed=1,ok,,地方・地域
2026-09-27,2026-09-27T08:12:28.721527+09:00,その他メディア,,TBSテレビ,10歳男児が55センチの髪を寄付 姉の姿に感銘を受け7年伸ばし続けたヘアドネーションへの思い「病気でつらい子に渡したい」北海道旭川市《2026年度上半期・話題の記事》,https://newsdig.tbs.co.jp/articles/-/2955688?display=1,https://news.ceek.jp/search.cgi?category_id=local&feed=1,ok,,地方・地域
2026-09-27,2026-09-27T08:12:28.721527+09:00,その他メディア,,札幌テレビ,偽らざる気持ち「敵は司法」 死亡事故の遺族が語る本音 大学院生死亡から2年 北海道小樽市,https://www.stv.jp/news/stvnews/kiji/stdba99fa0e49c4d6ca94722e0e32b4348.html,https://news.ceek.jp/search.cgi?category_id=local&feed=1,ok,,地方・地域
2026-09-27,2026-09-27T08:12:28.721527+09:00,その他メディア,,TBSテレビ,【台風情報】強い台風26号、27日(日)は沖縄の南をゆっくり北上へ 九州北部では非常に激しい雨を予想 停滞する前線の影響【雨と風のシミュレーション】,https://newsdig.tbs.co.jp/articles/-/2969514?display=1,https://news.ceek.jp/search.cgi?category_id=local&feed=1,ok,,地方・地域
2026-09-27,2026-09-27T08:12:28.721527+09:00,その他メディア,,福島民友新聞,軽乗用車と大型トラック衝突 10代男性が意識不明の重体、2人重軽傷 古殿,https://www.minyu-net.com/news/detail/2026092616065755296,https://news.ceek.jp/search.cgi?category_id=local&feed=1,ok,,地方・地域
2026-09-27,2026-09-27T08:12:28.721527+09:00,全国紙,全国,東京新聞,幸手の新ブランド米がジェラートに 2種類の食感「幸ヒカリの味 しっかり」 来月から販売,https://www.tokyo-np.co.jp/article/517981,https://news.ceek.jp/search.cgi?category_id=local&feed=1,ok,,地方・地域
2026-09-27,2026-09-27T08:12:28.721527+09:00,その他メディア,,岐阜新聞,1980年に免許取り消し...無免許運転の疑い、各務原市の男逮捕,https://www.gifu-np.co.jp/articles/-/775051,https://news.ceek.jp/search.cgi?category_id=local&feed=1,ok,,地方・地域
2026-09-27,2026-09-27T08:12:28.721527+09:00,全国紙,全国,東京新聞,〈青空〉人間の隣で,https://www.tokyo-np.co.jp/article/517980,https://news.ceek.jp/search.cgi?category_id=local&feed=1,ok,,地方・地域
2026-09-27,2026-09-27T08:12:28.721527+09:00,全国紙,全国,東京新聞,公募写真で飾る 四季折々の北総線風景 来月カレンダー発売,https://www.tokyo-np.co.jp/article/517978,https://news.ceek.jp/search.cgi?category_id=local&feed=1,ok,,地方・地域
2026-09-27,2026-09-27T08:12:28.721527+09:00,その他メディア,,岐阜新聞,御嶽山噴火12年、下呂市で慰霊式 58人死亡5人行方不明、安全強化誓う,https://www.gifu-np.co.jp/articles/-/775050,https://news.ceek.jp/search.cgi?category_id=local&feed=1,ok,,地方・地域
2026-09-27,2026-09-27T08:12:28.721527+09:00,その他メディア,,Lmaga.jp,【過去最大級】散財しそう...阪急うめだ「英国フェア」、名門ホテルのスコーンなど約130店舗がずらり,https://www.lmaga.jp/news/2026/09/1103197/,https://news.ceek.jp/search.cgi?category_id=local&feed=1,ok,,地方・地域
2026-09-27,2026-09-27T08:12:28.721527+09:00,その他メディア,,佐賀新聞,<ゾンビランドサガ>劇場版公開から1年、佐賀県内各地で催し 申し込み受付中 舞台の県立宇宙科学館プラネタリウムで上映,https://www.saga-s.co.jp/articles/-/1799050,https://news.ceek.jp/search.cgi?category_id=local&feed=1,ok,,地方・地域
2026-09-27,2026-09-27T08:12:28.721527+09:00,その他メディア,,TBSテレビ,熊本県・菊池市に「避難指示」 午前7時,https://newsdig.tbs.co.jp/articles/-/2969540?display=1,https://news.ceek.jp/search.cgi?category_id=local&feed=1,ok,,地方・地域
2026-09-27,2026-09-27T08:12:28.721527+09:00,その他メディア,,北海道文化放送,"【ヒグマ速報】釣り人危機一髪!わずか10メートルの距離に""黒いケモノ""...体長1.5~2メートルのクマと鉢合わせ...あわてて走って逃げて無事<北海道旭川市>",https://www.uhb.jp/news/single.html?id=62400,https://news.ceek.jp/search.cgi?category_id=local&feed=1,ok,,地方・地域
2026-09-27,2026-09-27T08:12:28.721527+09:00,全国紙,全国,中日新聞,ロシア外相「日独は軍国主義」 国連演説、常任理入り反対,https://www.chunichi.co.jp/article/1317024,https://news.ceek.jp/search.cgi?category_id=local&feed=1,ok,,地方・地域
2026-09-27,2026-09-27T08:12:28.721527+09:00,その他メディア,,フジテレビ,【大雨・交通】長崎本線一部区間で運転見合わせ(27日午前7時現在),https://www.fnn.jp/articles/-/1121688,https://news.ceek.jp/search.cgi?category_id=local&feed=1,ok,,地方・地域
2026-09-27,2026-09-27T08:12:28.721527+09:00,その他メディア,,サガテレビ,【大雨・交通】長崎本線一部区間で運転見合わせ(27日午前7時現在),https://www.sagatv.co.jp/news/archives/2026092724525,https://news.ceek.jp/search.cgi?category_id=local&feed=1,ok,,地方・地域
2026-09-27,2026-09-27T08:12:28.721527+09:00,地方紙,広島,中国新聞,ロシア外相「日独は軍国主義」,https://www.chugoku-np.co.jp/articles/-/900530,https://news.ceek.jp/search.cgi?category_id=local&feed=1,ok,,地方・地域
2026-09-27,2026-09-27T08:12:28.721527+09:00,全国紙,全国,東京新聞,時代に屈せず奏でた自由 作曲家・吉田隆子 没後70年の演奏会 台東で来月9日、作品で軌跡たどる,https://www.tokyo-np.co.jp/article/517970,https://news.ceek.jp/search.cgi?category_id=local&feed=1,ok,,地方・地域
2026-09-27,2026-09-27T08:12:28.721527+09:00,その他メディア,,TBSテレビ,【台風情報】台風26号 28日には960 hPaに 29日にかけ強い勢力で沖縄地方に接近する見込み 30日には勢力を保ったまま日本の南へ 【進路予想】,https://newsdig.tbs.co.jp/articles/-/2969534?display=1,https://news.ceek.jp/search.cgi?category_id=local&feed=1,ok,,地方・地域
2026-09-27,2026-09-27T08:12:28.721527+09:00,その他メディア,,TBSテレビ,【レベル4土砂災害危険警報】熊本県・合志市、大津町に発表 午前7時8分,https://newsdig.tbs.co.jp/articles/-/2969528?display=1,https://news.ceek.jp/search.cgi?category_id=local&feed=1,ok,,地方・地域
2026-09-27,2026-09-27T08:12:28.721527+09:00,全国紙,全国,東京新聞,若者の命、官民連携で守る 豊島区がNPO法人と協定,https://www.tokyo-np.co.jp/article/517969,https://news.ceek.jp/search.cgi?category_id=local&feed=1,ok,,地方・地域
2026-09-27,2026-09-27T08:12:28.721527+09:00,全国紙,全国,東京新聞,旅行ガイド「地球の歩き方」 歴史感じられる「足立区版」発売 練馬区版も製作決定,https://www.tokyo-np.co.jp/article/517968,https://news.ceek.jp/search.cgi?category_id=local&feed=1,ok,,地方・地域
2026-09-27,2026-09-27T08:12:28.721527+09:00,その他メディア,,まいどなニュース,4歳娘がスマホでポチポチ→17万円のギターを落札 「発送をお待ちください」の画面に30代父「一瞬で全てを悟りました」,https://maidonanews.jp/article/16913488,https://news.ceek.jp/search.cgi?category_id=local&feed=1,ok,,地方・地域
2026-09-27,2026-09-27T08:12:28.721527+09:00,全国紙,全国,中日新聞,中国「国連守り強化を」 一般討論、対日批判触れず,https://www.chunichi.co.jp/article/1317023,https://news.ceek.jp/search.cgi?category_id=local&feed=1,ok,,地方・地域
2026-09-27,2026-09-27T08:12:28.721527+09:00,地方紙,沖縄,沖縄タイムス,異国の神秘的な踊りに魅了 宮古島で「あがんにゃ~フェス」 インドや中東などのダンス、女性6人が披露,https://www.okinawatimes.co.jp/articles/-/1932002,https://news.ceek.jp/search.cgi?category_id=local&feed=1,ok,,地方・地域
2026-09-27,2026-09-27T08:12:28.721527+09:00,その他メディア,,岐阜新聞,こんこん!きつねの嫁入りでござーい 飛騨市で「きつね火まつり」,https://www.gifu-np.co.jp/articles/-/775055,https://news.ceek.jp/search.cgi?category_id=local&feed=1,ok,,地方・地域
2026-09-27,2026-09-27T08:12:28.721527+09:00,全国紙,全国,東京新聞,連続テレビ小説 ブラッサム あす放送スタート 意気込む主演の石橋静河「自由 選び取る力強さを」 珠と自分の共通点は「好奇心」,https://www.tokyo-np.co.jp/article/517972,https://news.ceek.jp/search.cgi?category_id=local&feed=1,ok,,地方・地域
2026-09-27,2026-09-27T08:12:28.721527+09:00,地方紙,広島,中国新聞,中国「国連守り強化を」,https://www.chugoku-np.co.jp/articles/-/900529,https://news.ceek.jp/search.cgi?category_id=local&feed=1,ok,,地方・地域
2026-09-27,2026-09-27T08:12:28.721527+09:00,その他メディア,,TBSテレビ,酒造会社など28社が参加 三重県の地酒を楽しむイベント 三重・伊勢市,https://newsdig.tbs.co.jp/articles/-/2969527?display=1,https://news.ceek.jp/search.cgi?category_id=local&feed=1,ok,,地方・地域
2026-09-27,2026-09-27T08:12:28.721527+09:00,その他メディア,,福島民報,郡山一(混声)、若松四(同声)全国大会へ 合唱コンクール東北大会中学生部門,https://www.minpo.jp/articles/-/236715,https://news.ceek.jp/search.cgi?category_id=local&feed=1,ok,,地方・地域
2026-09-27,2026-09-27T08:12:28.721527+09:00,その他メディア,,山梨日日新聞,濃霧注意報を解除,https://www.sannichi.co.jp/article/2026/09/27/80724409,https://news.ceek.jp/search.cgi?category_id=local&feed=1,ok,,地方・地域
2026-09-27,2026-09-27T08:12:28.721527+09:00,全国紙,全国,東京新聞,恵泉女学園大の農場 閉学後の継承考える 来月3日、町田でシンポ,https://www.tokyo-np.co.jp/article/517967,https://news.ceek.jp/search.cgi?category_id=local&feed=1,ok,,地方・地域
2026-09-27,2026-09-27T08:12:28.721527+09:00,全国紙,全国,東京新聞,檜原街道で神輿渡御 例大祭 あすから3日間 あきる野の阿伎留神社,https://www.tokyo-np.co.jp/article/517965,https://news.ceek.jp/search.cgi?category_id=local&feed=1,ok,,地方・地域
2026-09-27,2026-09-27T08:12:28.721527+09:00,その他メディア,,中部日本放送,「慢性腎臓病」危険度チェック!...新常識「腎臓と運動の関係」とは?腎臓が衰える原因と慢性腎臓病対策,https://hicbc.com/magazine/article/?id=genki-column-260927,https://news.ceek.jp/search.cgi?category_id=local&feed=1,ok,,地方・地域
2026-09-27,2026-09-27T08:12:28.721527+09:00,全国紙,全国,東京新聞,多摩市立総合体育館の新愛称 「リフォームプライス 多摩アリーナ」,https://www.tokyo-np.co.jp/article/517964,https://news.ceek.jp/search.cgi?category_id=local&feed=1,ok,,地方・地域
2026-09-27,2026-09-27T08:12:28.721527+09:00,その他メディア,,TBSテレビ,【警戒】長崎県南部に「線状降水帯」発生のおそれ 大村市では110ミリの猛烈な雨で交差点が一時冠水、土砂災害に厳重警戒,https://newsdig.tbs.co.jp/articles/-/2969526?display=1,https://news.ceek.jp/search.cgi?category_id=local&feed=1,ok,,地方・地域
2026-09-27,2026-09-27T08:12:28.721527+09:00,その他メディア,,山陽新聞,ジーンズやジャケット...デニム製品2000点展示販売 倉敷アイビースクエアで11月23日まで,https://www.sanyonews.jp/article/1993729/,https://news.ceek.jp/search.cgi?category_id=local&feed=1,ok,,地方・地域
2026-09-27,2026-09-27T08:12:28.721527+09:00,その他メディア,,山梨日日新聞,市川三郷町議選 投票始まる,https://www.sannichi.co.jp/article/2026/09/27/80724408,https://news.ceek.jp/search.cgi?category_id=local&feed=1,ok,,地方・地域
2026-09-27,2026-09-27T08:12:28.721527+09:00,その他メディア,,日本テレビ,【気象情報】福岡県の筑後地方と佐賀県の南部 線状降水帯直前予測,https://news.ntv.co.jp/category/weather/fs19be1a8d4dbc41abafcf73d624f9e682,https://news.ceek.jp/search.cgi?category_id=local&feed=1,ok,,地方・地域
2026-09-27,2026-09-27T08:12:28.721527+09:00,全国紙,全国,東京新聞,瑞穂町議定数 1削減の15に 来春統一選から適用,https://www.tokyo-np.co.jp/article/517966,https://news.ceek.jp/search.cgi?category_id=local&feed=1,ok,,地方・地域
2026-09-27,2026-09-27T08:12:28.721527+09:00,その他メディア,,日本テレビ,視界のぼやけ・ふらつき・注意散漫「飲酒運転の危険」シミュレーターで体験 福岡,https://news.ntv.co.jp/category/society/fs0b6960763b8b472fbe4346b26d8cb3f2,https://news.ceek.jp/search.cgi?category_id=local&feed=1,ok,,地方・地域
2026-09-27,2026-09-27T08:12:28.721527+09:00,その他メディア,,フジテレビ,【厳重警戒】鹿島地区にレベル4土砂災害危険警報【佐賀県】,https://www.fnn.jp/articles/-/1121686,https://news.ceek.jp/search.cgi?category_id=local&feed=1,ok,,地方・地域
2026-09-27,2026-09-27T08:12:28.721527+09:00,全国紙,全国,東京新聞,〈彩 首都圏の四季を訪ねて〉しっとり 紫色の秋 三渓園のハギ(横浜市中区),https://www.tokyo-np.co.jp/article/517962,https://news.ceek.jp/search.cgi?category_id=local&feed=1,ok,,地方・地域
2026-09-27,2026-09-27T08:12:28.721527+09:00,その他メディア,,福島民報,「現場で人と語らえ」 原発再稼働には対話が必要 細野豪志復興相インタビュー,https://www.minpo.jp/articles/-/236569,https://news.ceek.jp/search.cgi?category_id=local&feed=1,ok,,地方・地域
2026-09-27,2026-09-27T08:12:28.721527+09:00,地方紙,広島,中国新聞,28日の天気(西日本),https://www.chugoku-np.co.jp/articles/-/900528,https://news.ceek.jp/search.cgi?category_id=local&feed=1,ok,,地方・地域
2026-09-27,2026-09-27T08:12:28.721527+09:00,地方紙,広島,中国新聞,28日の天気(東日本),https://www.chugoku-np.co.jp/articles/-/900527,https://news.ceek.jp/search.cgi?category_id=local&feed=1,ok,,地方・地域
2026-09-27,2026-09-27T08:12:28.721527+09:00,その他メディア,,岐阜新聞,きょう・あすの天気予報【岐阜県美濃 飛騨】,https://www.gifu-np.co.jp/articles/-/738961,https://news.ceek.jp/search.cgi?category_id=local&feed=1,ok,,地方・地域
2026-09-27,2026-09-27T08:12:28.721527+09:00,地方紙,福岡,西日本新聞,鹿児島本線[門司港~大牟田] 運転再開(9月27日),https://www.nishinippon.co.jp/item/1542306/,https://news.ceek.jp/search.cgi?category_id=local&feed=1,ok,,地方・地域
2026-09-27,2026-09-27T08:12:28.721527+09:00,地方紙,福岡,西日本新聞,鹿児島本線[大牟田~八代] 運転見合わせ(9月27日),https://www.nishinippon.co.jp/item/1542307/,https://news.ceek.jp/search.cgi?category_id=local&feed=1,ok,,地方・地域
2026-09-27,2026-09-27T08:12:28.721527+09:00,その他メディア,,TBSテレビ,【台風情報】台風26号(スリゲ)那覇市の南を北北東へ 沖縄地方では28日(月)波の高さ最大7メートル、29日(火)最大瞬間風速35メートルを予想【雨と風のシミュレーション】,https://newsdig.tbs.co.jp/articles/-/2969520?display=1,https://news.ceek.jp/search.cgi?category_id=local&feed=1,ok,,地方・地域
2026-09-27,2026-09-27T08:12:28.721527+09:00,全国紙,全国,朝日新聞,地球のため企業は何を? 「かんきょう1日学校」で小学生が「取材」,https://www.asahi.com/articles/ASV9V2VPCV9VUTFL00YM.html,https://news.ceek.jp/search.cgi?category_id=local&feed=1,ok,,地方・地域
2026-09-27,2026-09-27T08:12:28.721527+09:00,地方紙,広島,中国新聞,声を上げた若者,https://www.chugoku-np.co.jp/articles/-/900380,https://news.ceek.jp/search.cgi?category_id=local&feed=1,ok,,地方・地域
2026-09-27,2026-09-27T08:12:28.721527+09:00,その他メディア,,フジテレビ,筑後地方で線状降水帯発生のおそれ 気象庁が直前予測を発表 福岡,https://www.fnn.jp/articles/-/1121682,https://news.ceek.jp/search.cgi?category_id=local&feed=1,ok,,地方・地域
