date,collected_at,category,region,newspaper,headline,url,source_url,status,error_message,topic
2026-09-23,2026-09-23T08:18:29.142417+09:00,全国紙,全国,朝日新聞,ロマンス詐欺容疑で再逮捕 「マチアプ」利用者狙い、IDは転売か,http://www.asahi.com/articles/ASV9Q4V51V9QOIPE008M.html,https://www.asahi.com/rss/asahi/newsheadlines.rdf,ok,,社会
2026-09-23,2026-09-23T08:18:29.142417+09:00,全国紙,全国,朝日新聞,琵琶湖で水上バイクの男性4人が一時不明 3人見つかるも1人が死亡,http://www.asahi.com/articles/ASV9P2TFNV9PPTIL00QM.html,https://www.asahi.com/rss/asahi/newsheadlines.rdf,ok,,社会
2026-09-23,2026-09-23T08:18:29.142417+09:00,全国紙,全国,朝日新聞,【動画まとめ】台風25号で4人死亡、6人不明 千葉・佐倉では冠水,http://www.asahi.com/articles/ASV9P32CMV9PUEFT005M.html,https://www.asahi.com/rss/asahi/newsheadlines.rdf,ok,,社会
2026-09-23,2026-09-23T08:18:29.142417+09:00,全国紙,全国,朝日新聞,皇居・大手門に続く橋、台風の大雨で冠水 お堀の水があふれたか,http://www.asahi.com/articles/ASV9Q3RRMV9QUQIP02TM.html,https://www.asahi.com/rss/asahi/newsheadlines.rdf,ok,,社会
2026-09-23,2026-09-23T08:18:29.142417+09:00,全国紙,全国,朝日新聞,平塚駅前でタクシーが歩道に突っ込む 2人が搬送、ともに意識あり,http://www.asahi.com/articles/ASV9Q1GJFV9QUTIL004M.html,https://www.asahi.com/rss/asahi/newsheadlines.rdf,ok,,社会
2026-09-23,2026-09-23T08:18:29.142417+09:00,全国紙,全国,朝日新聞,冠水の千葉・佐倉市「ショックで動けない」帰宅できずに住民は落胆,http://www.asahi.com/articles/ASV9Q0FKTV9QUDCB005M.html,https://www.asahi.com/rss/asahi/newsheadlines.rdf,ok,,社会
2026-09-23,2026-09-23T08:18:29.142417+09:00,全国紙,全国,朝日新聞,カンボジアで助け求め大使館に 元「かけ子」が証言した恐怖体験とは,http://www.asahi.com/articles/ASV9K5T1HV9KUTIL00DM.html,https://www.asahi.com/rss/asahi/newsheadlines.rdf,ok,,社会
2026-09-23,2026-09-23T08:18:29.142417+09:00,全国紙,全国,朝日新聞,海外でかけ子、帰国後逮捕が増加 若年層に漫画動画で注意呼びかけ,http://www.asahi.com/articles/ASV9L3FCKV9LUTIL013M.html,https://www.asahi.com/rss/asahi/newsheadlines.rdf,ok,,社会
2026-09-23,2026-09-23T08:18:29.142417+09:00,全国紙,全国,朝日新聞,廃業したホテルの建物から出火、けがの情報なし 三重・鳥羽の観光地,http://www.asahi.com/articles/ASV9P2H7TV9POIPE007M.html,https://www.asahi.com/rss/asahi/newsheadlines.rdf,ok,,社会
2026-09-23,2026-09-23T08:18:29.142417+09:00,全国紙,全国,朝日新聞,富士山開山中、静岡側の遭難者63人 前年から大幅増、下山中が6割,http://www.asahi.com/articles/ASV9N3S32V9NUTPB00XM.html,https://www.asahi.com/rss/asahi/newsheadlines.rdf,ok,,社会
2026-09-23,2026-09-23T08:18:29.142417+09:00,全国紙,全国,朝日新聞,仙台一が目標の東北大会出場決める 矢崎投手が2安打に抑える好投,http://www.asahi.com/articles/ASV9Q3V85V9QUNHB01MM.html,https://www.asahi.com/rss/asahi/newsheadlines.rdf,ok,,スポーツ
2026-09-23,2026-09-23T08:18:29.142417+09:00,全国紙,全国,朝日新聞,甲子園から4キロ増量 仙台育英の小久保選手の二塁打が貴重な追加点,http://www.asahi.com/articles/ASV9Q3TN2V9QUZHB002M.html,https://www.asahi.com/rss/asahi/newsheadlines.rdf,ok,,スポーツ
2026-09-23,2026-09-23T08:18:29.142417+09:00,全国紙,全国,朝日新聞,4季連続のBクラス 成績急降下でもぶれなかったヤクルト・池山監督,http://www.asahi.com/articles/ASV9Q4J2WV9QUTQP00RM.html,https://www.asahi.com/rss/asahi/newsheadlines.rdf,ok,,スポーツ
2026-09-23,2026-09-23T08:18:29.142417+09:00,全国紙,全国,朝日新聞,バレー女子日本、48年ぶり金ならず アジア大会の収穫と課題,http://www.asahi.com/articles/ASV9Q4QV4V9QUTQP02QM.html,https://www.asahi.com/rss/asahi/newsheadlines.rdf,ok,,スポーツ
2026-09-23,2026-09-23T08:18:29.142417+09:00,全国紙,全国,朝日新聞,無敵の中国を止めた杉原 体操女子の価値観を問い直す27歳が進む道,http://www.asahi.com/articles/ASV9Q44QTV9QUTQP01FM.html,https://www.asahi.com/rss/asahi/newsheadlines.rdf,ok,,スポーツ
2026-09-23,2026-09-23T08:18:29.142417+09:00,全国紙,全国,朝日新聞,小田急ロマンスカーが走る教室に 不登校だった元運転士2人が企画,http://www.asahi.com/articles/ASV9Q31QBV9QULFA004M.html,https://www.asahi.com/rss/asahi/newsheadlines.rdf,ok,,ビジネス
2026-09-23,2026-09-23T08:18:29.142417+09:00,全国紙,全国,朝日新聞,「全方位」支える新型エンジン 次世代カローラ、台頭中国勢と対決も,http://www.asahi.com/articles/ASV986W0NV98ULFA001M.html,https://www.asahi.com/rss/asahi/newsheadlines.rdf,ok,,ビジネス
2026-09-23,2026-09-23T08:18:29.142417+09:00,全国紙,全国,朝日新聞,メガバンクから突然、2300万円返せ 「高齢社会あるある」に遭遇,http://www.asahi.com/articles/ASV9K343RV9KUUHB00MM.html,https://www.asahi.com/rss/asahi/newsheadlines.rdf,ok,,ビジネス
2026-09-23,2026-09-23T08:18:29.142417+09:00,全国紙,全国,朝日新聞,シニアはなぜ働くのか、データが示す現実 専門家「無理ない選択を」,http://www.asahi.com/articles/ASV9L2BZJV9LULFA007M.html,https://www.asahi.com/rss/asahi/newsheadlines.rdf,ok,,ビジネス
2026-09-23,2026-09-23T08:18:29.142417+09:00,全国紙,全国,朝日新聞,修繕積立金が突然3倍に 管理会社の利益相反を招くマンションとは,http://www.asahi.com/articles/ASV9J1C2JV9JULFA002M.html,https://www.asahi.com/rss/asahi/newsheadlines.rdf,ok,,ビジネス
2026-09-23,2026-09-23T08:18:29.142417+09:00,全国紙,全国,朝日新聞,ドローン駆使の「新しい戦い方」 導入急ぐ自衛隊、越えるべき壁,http://www.asahi.com/articles/ASV9N54BXV9NUTIL00BM.html,https://www.asahi.com/rss/asahi/newsheadlines.rdf,ok,,政治
2026-09-23,2026-09-23T08:18:29.142417+09:00,全国紙,全国,朝日新聞,高市首相、米国によるICC制裁に言及しない方針 国連総会で初演説,http://www.asahi.com/articles/ASV9Q5FH1V9QUQIP04HM.html,https://www.asahi.com/rss/asahi/newsheadlines.rdf,ok,,政治
2026-09-23,2026-09-23T08:18:29.142417+09:00,全国紙,全国,朝日新聞,G7外相が声明 フーシ攻撃「最も強い言葉で非難」、即時停止を要求,http://www.asahi.com/articles/ASV9Q23WNV9QUTFK006M.html,https://www.asahi.com/rss/asahi/newsheadlines.rdf,ok,,政治
2026-09-23,2026-09-23T08:18:29.142417+09:00,全国紙,全国,朝日新聞,米国によるICCへの制裁 なぜ日本の反応は「大変残念」だったのか,http://www.asahi.com/articles/ASV9L3S9XV9LUTFK02JM.html,https://www.asahi.com/rss/asahi/newsheadlines.rdf,ok,,政治
2026-09-23,2026-09-23T08:18:29.142417+09:00,全国紙,全国,朝日新聞,「戦場のイノベーション」ドローン ウクライナから米軍、自衛隊へ,http://www.asahi.com/articles/ASV9N549YV9NUTFK00MM.html,https://www.asahi.com/rss/asahi/newsheadlines.rdf,ok,,政治
2026-09-23,2026-09-23T08:18:29.142417+09:00,全国紙,全国,朝日新聞,ゼレンスキー氏、「冬前の終戦」向けトランプ氏に期待 首脳会談,http://www.asahi.com/articles/ASV9Q7G48V9QSFVU2ZCM.html,https://www.asahi.com/rss/asahi/newsheadlines.rdf,ok,,国際
2026-09-23,2026-09-23T08:18:29.142417+09:00,全国紙,全国,朝日新聞,米国による台湾への武器売却とは 識者「止めれば習氏のレガシーに」,http://www.asahi.com/articles/ASV9L4FPVV9LUHBI02NM.html,https://www.asahi.com/rss/asahi/newsheadlines.rdf,ok,,国際
2026-09-23,2026-09-23T08:18:29.142417+09:00,全国紙,全国,朝日新聞,サウジのパイプライン再稼働、全面再開には6~8週間 原油は下落,http://www.asahi.com/articles/ASV9Q6HT9V9QUHBI010M.html,https://www.asahi.com/rss/asahi/newsheadlines.rdf,ok,,国際
2026-09-23,2026-09-23T08:18:29.142417+09:00,全国紙,全国,朝日新聞,トランプ氏、国連総会演説でICC脱退呼びかけ イラン攻撃も正当化,http://www.asahi.com/articles/ASV9Q6VFGV9QUHBI002M.html,https://www.asahi.com/rss/asahi/newsheadlines.rdf,ok,,国際
2026-09-23,2026-09-23T08:18:29.142417+09:00,全国紙,全国,朝日新聞,グリーンランドを巡る協定に署名 トランプ氏の求めた「領有」はなし,http://www.asahi.com/articles/ASV9Q6HRVV9QUHBI001M.html,https://www.asahi.com/rss/asahi/newsheadlines.rdf,ok,,国際
2026-09-23,2026-09-23T08:18:29.142417+09:00,全国紙,全国,朝日新聞,職人の力を服に 注目ブランドがユナイテッドアローズと描く第2章,http://www.asahi.com/articles/ASV9J4HZRV9JUCVL02JM.html,https://www.asahi.com/rss/asahi/newsheadlines.rdf,ok,,文化芸能
2026-09-23,2026-09-23T08:18:29.142417+09:00,全国紙,全国,朝日新聞,明治以降で初 「時代を行き来したような」京都の冷泉家住宅で勧進能,http://www.asahi.com/articles/ASV9P3TZ9V9PPQIP01WM.html,https://www.asahi.com/rss/asahi/newsheadlines.rdf,ok,,文化芸能
2026-09-23,2026-09-23T08:18:29.142417+09:00,全国紙,全国,朝日新聞,「映画ちいかわ」興行収入150億円を突破 公開からロングヒット中,http://www.asahi.com/articles/ASV9P1T0BV9PUCVL019M.html,https://www.asahi.com/rss/asahi/newsheadlines.rdf,ok,,文化芸能
2026-09-23,2026-09-23T08:18:29.142417+09:00,全国紙,全国,朝日新聞,綾瀬はるかさんだけじゃない 会津藩公行列にゆかりの人々、全国から,http://www.asahi.com/articles/ASV9N265BV9NUGTB003M.html,https://www.asahi.com/rss/asahi/newsheadlines.rdf,ok,,文化芸能
2026-09-23,2026-09-23T08:18:29.142417+09:00,全国紙,全国,朝日新聞,5回の大量絶滅「ビッグファイブ」 すべて「スーパー噴火」が関係か,http://www.asahi.com/articles/ASV972J27V97UHMC006M.html,https://www.asahi.com/rss/asahi/newsheadlines.rdf,ok,,サイエンス
2026-09-23,2026-09-23T08:18:29.142417+09:00,全国紙,全国,朝日新聞,鳥羽水族館に新たなダイオウグソクムシ?種異なるが...生態に多くの謎,http://www.asahi.com/articles/ASV9L061TV9LONFB005M.html,https://www.asahi.com/rss/asahi/newsheadlines.rdf,ok,,サイエンス
2026-09-23,2026-09-23T08:18:29.142417+09:00,全国紙,全国,朝日新聞,うるう秒廃止、10月に正式決定 地球の自転速まり、うるう時を導入,http://www.asahi.com/articles/ASV9J1VNMV9JUEFT00LM.html,https://www.asahi.com/rss/asahi/newsheadlines.rdf,ok,,サイエンス
2026-09-23,2026-09-23T08:18:29.142417+09:00,全国紙,全国,朝日新聞,胎児性水俣病患者、金子雄二さんが死去 胎内の被害、立証のきっかけ,http://www.asahi.com/articles/ASV9P3HGXV9PTLVB004M.html,https://www.asahi.com/rss/asahi/newsheadlines.rdf,ok,,おくやみ
2026-09-23,2026-09-23T08:18:29.142417+09:00,全国紙,全国,朝日新聞,「中田カウス・ボタン」中田ボタンさん死去 正統派のしゃべくり漫才,http://www.asahi.com/articles/ASV9M34RGV9MUCVL015M.html,https://www.asahi.com/rss/asahi/newsheadlines.rdf,ok,,おくやみ
2026-09-23,2026-09-23T08:18:29.142417+09:00,全国紙,全国,朝日新聞,第259世天台座主の藤光賢さんが死去 94歳,http://www.asahi.com/articles/ASV9J2HK0V9JPLZB006M.html,https://www.asahi.com/rss/asahi/newsheadlines.rdf,ok,,おくやみ
2026-09-23,2026-09-23T08:18:29.142417+09:00,全国紙,全国,毎日新聞,五輪招致機に整備のインフラ生かすアジア大会 元担当者語る喜び,https://mainichi.jp/articles/20260916/k00/00m/310/118000c,https://mainichi.jp/rss/etc/mainichi-flash.rss,ok,,ニュース
2026-09-23,2026-09-23T08:18:29.142417+09:00,全国紙,全国,毎日新聞,「後悔しない」ために全力を 国枝慎吾さんが次世代に伝えたいこと,https://mainichi.jp/articles/20260918/k00/00m/050/311000c,https://mainichi.jp/rss/etc/mainichi-flash.rss,ok,,ニュース
2026-09-23,2026-09-23T08:18:29.142417+09:00,全国紙,全国,毎日新聞,優先順位は? 絶滅寸前の野鳥が突きつける現代版「ノアの箱舟」,https://mainichi.jp/articles/20260915/k00/00m/040/129000c,https://mainichi.jp/rss/etc/mainichi-flash.rss,ok,,ニュース
2026-09-23,2026-09-23T08:18:29.142417+09:00,全国紙,全国,毎日新聞,サウジ、東西パイプラインを再開か 完全回復には数週間,https://mainichi.jp/articles/20260923/k00/00m/030/010000c,https://mainichi.jp/rss/etc/mainichi-flash.rss,ok,,ニュース
2026-09-23,2026-09-23T08:18:29.142417+09:00,全国紙,全国,毎日新聞,SNS広告うのみは危険 副業詐欺、悪質弁護士による2次被害も,https://mainichi.jp/articles/20260922/k00/00m/310/069000c,https://mainichi.jp/rss/etc/mainichi-flash.rss,ok,,ニュース
2026-09-23,2026-09-23T08:18:29.142417+09:00,全国紙,全国,毎日新聞,狭間に置かれた沖縄の曲折 本村凌二さんが読む『琉球外交史』,https://mainichi.jp/articles/20260920/k00/00m/200/248000c,https://mainichi.jp/rss/etc/mainichi-flash.rss,ok,,ニュース
2026-09-23,2026-09-23T08:18:29.142417+09:00,全国紙,全国,毎日新聞,記者と忍者は似てるでござる 司馬遼太郎がほれ込んだ陰の生き様,https://mainichi.jp/articles/20260918/k00/00m/200/301000c,https://mainichi.jp/rss/etc/mainichi-flash.rss,ok,,ニュース
2026-09-23,2026-09-23T08:18:29.142417+09:00,全国紙,全国,毎日新聞,難病・網膜色素変性症で失明 「なぜ自分が」不安な日々 転機は,https://mainichi.jp/articles/20260920/k00/00m/310/176000c,https://mainichi.jp/rss/etc/mainichi-flash.rss,ok,,ニュース
2026-09-23,2026-09-23T08:18:29.142417+09:00,全国紙,全国,毎日新聞,体育館や武道場の冷房ゼロ、897市町村 避難所指定の小中学校,https://mainichi.jp/articles/20260922/k00/00m/040/173000c,https://mainichi.jp/rss/etc/mainichi-flash.rss,ok,,ニュース
2026-09-23,2026-09-23T08:18:29.142417+09:00,全国紙,全国,毎日新聞,沖縄知事選2026:「同化と異化のはざま」の葛藤 「沖縄の心」が行き着く先は,https://mainichi.jp/articles/20260918/k00/00m/010/188000c,https://mainichi.jp/rss/etc/mainichi-flash.rss,ok,,ニュース
2026-09-23,2026-09-23T08:18:29.142417+09:00,全国紙,全国,毎日新聞,「米当局者がイランと3時間協議」 トランプ氏説明、国連会場で,https://mainichi.jp/articles/20260923/k00/00m/030/008000c,https://mainichi.jp/rss/etc/mainichi-flash.rss,ok,,ニュース
2026-09-23,2026-09-23T08:18:29.142417+09:00,全国紙,全国,毎日新聞,高市首相、「日本はICCを一貫して支持」 国連演説で表明へ,https://mainichi.jp/articles/20260922/k00/00m/010/160000c,https://mainichi.jp/rss/etc/mainichi-flash.rss,ok,,ニュース
2026-09-23,2026-09-23T08:18:29.142417+09:00,全国紙,全国,毎日新聞,トランプ氏「偉大な首相に」 高市氏との友好強調 日米首脳会談,https://mainichi.jp/articles/20260923/k00/00m/030/006000c,https://mainichi.jp/rss/etc/mainichi-flash.rss,ok,,ニュース
2026-09-23,2026-09-23T08:18:29.142417+09:00,全国紙,全国,毎日新聞,日米首脳会談始まる 同盟強化確認へ ICC制裁への言及焦点,https://mainichi.jp/articles/20260922/k00/00m/010/168000c,https://mainichi.jp/rss/etc/mainichi-flash.rss,ok,,ニュース
2026-09-23,2026-09-23T08:18:29.142417+09:00,全国紙,全国,毎日新聞,AIを「超知能」に名称変更へ トランプ氏、開発続行を主張,https://mainichi.jp/articles/20260923/k00/00m/030/005000c,https://mainichi.jp/rss/etc/mainichi-flash.rss,ok,,ニュース
2026-09-23,2026-09-23T08:18:29.142417+09:00,全国紙,全国,毎日新聞,トランプ氏、対イラン「大きな決断を控えている」 国連総会演説,https://mainichi.jp/articles/20260923/k00/00m/030/003000c,https://mainichi.jp/rss/etc/mainichi-flash.rss,ok,,ニュース
2026-09-23,2026-09-23T08:18:29.142417+09:00,全国紙,全国,毎日新聞,堤防決壊で千葉・印旛沼が氾濫 住家への浸水被害拡大の可能性も,https://mainichi.jp/articles/20260923/k00/00m/040/002000c,https://mainichi.jp/rss/etc/mainichi-flash.rss,ok,,ニュース
2026-09-23,2026-09-23T08:18:29.142417+09:00,全国紙,全国,毎日新聞,いやな流れ振り払い 阪神・高寺望夢が延長で勝ち越し2ラン,https://mainichi.jp/articles/20260922/k00/00m/050/177000c,https://mainichi.jp/rss/etc/mainichi-flash.rss,ok,,ニュース
2026-09-23,2026-09-23T08:18:29.142417+09:00,全国紙,全国,毎日新聞,都内路上で男性をひき逃げ死亡させた疑い ダンプ運転手を逮捕,https://mainichi.jp/articles/20260922/k00/00m/040/169000c,https://mainichi.jp/rss/etc/mainichi-flash.rss,ok,,ニュース
2026-09-23,2026-09-23T08:18:29.142417+09:00,全国紙,全国,毎日新聞,道路寸断、住宅街浸水...今年3度目の大雨被害、千葉に深い爪痕,https://mainichi.jp/articles/20260922/k00/00m/310/161000c,https://mainichi.jp/rss/etc/mainichi-flash.rss,ok,,ニュース
2026-09-23,2026-09-23T08:18:29.142417+09:00,全国紙,全国,産経新聞,自分との約束守りつかんだプロ野球の夢 制服は変わっても 警視庁警察官・松本友さん,https://www.sankei.com/article/20260923-DD3N3PSBQVLFXBBR7NSDJ476CI/,https://www.sankei.com/,ok,,
2026-09-23,2026-09-23T08:18:29.142417+09:00,全国紙,全国,産経新聞,世界遺産認定 快挙生んだ考古学者の苦闘 百年にわたる魂の系譜...,https://www.sankei.com/article/20260815-QFGOV26NZFOPTOI5VG332AGYEA/?outputType=theme_election2026,https://www.sankei.com/,ok,,
2026-09-23,2026-09-23T08:18:29.142417+09:00,全国紙,全国,産経新聞,政府が外国と疑われる不審アカウント把握 高市首相「選挙への影...,https://www.sankei.com/article/20260318-U6PW4754BNE3XKFYBTQWPKM65A/?outputType=theme_election2026,https://www.sankei.com/,ok,,
2026-09-23,2026-09-23T08:18:29.142417+09:00,全国紙,全国,産経新聞,衆院選で国会議員の部屋割り一変 小沢、岡田、安住氏ら自民に明...,https://www.sankei.com/article/20260304-C5JCVB743FEVZMNEAU76GY4VNQ/?outputType=theme_election2026,https://www.sankei.com/,ok,,
2026-09-23,2026-09-23T08:18:29.142417+09:00,全国紙,全国,産経新聞,立正佼成会が衆院選で中道103人推薦 公明合流影響か 前回立...,https://www.sankei.com/article/20260303-EHLBLQ2BTRCSVGSJVFHI5TBX4U/?outputType=theme_election2026,https://www.sankei.com/,ok,,
2026-09-23,2026-09-23T08:18:29.142417+09:00,全国紙,全国,産経新聞,オートファジーで老化に挑む 吉森保氏が語る、健康長寿を暮らしに届ける研究の可能性と壁,https://www.sankei.com/article/20260923-L5ZRMXXLZBNXDJQVZXYDHXKZMY/,https://www.sankei.com/,ok,,
2026-09-23,2026-09-23T08:18:29.142417+09:00,全国紙,全国,産経新聞,米朝対話実現へ足場づくり 韓国大統領「早期再開」訴え 国連総会一般討論で,https://www.sankei.com/article/20260923-EOVHG4VYSJJSZKVBMRCN4XR6YE/,https://www.sankei.com/,ok,,
2026-09-23,2026-09-23T08:18:29.142417+09:00,全国紙,全国,産経新聞,「あなたの支持率をいつもモニターしている」トランプ氏 日米首脳会談冒頭のやりとり全文,https://www.sankei.com/article/20260923-ZQ25IAFO4FIA5ALP4V5YDPLVPY/,https://www.sankei.com/,ok,,
2026-09-23,2026-09-23T08:18:29.142417+09:00,全国紙,全国,産経新聞,地方の景色と経済を変えるAI・半導体ブーム 裾野広がる投資対象と関連銘柄の〝目利き〟,https://www.sankei.com/article/20260923-ELRMTK7J5ROP5D7VYBIICJT5R4/,https://www.sankei.com/,ok,,
2026-09-23,2026-09-23T08:18:29.142417+09:00,全国紙,全国,産経新聞,ゼレンスキー氏、ロシアとの「エネルギー停戦」に意欲 トランプ氏と会談し伝達,https://www.sankei.com/article/20260923-I6PAMMGBINL7VADBJKD4XQJACI/,https://www.sankei.com/,ok,,
2026-09-23,2026-09-23T08:18:29.142417+09:00,全国紙,全国,産経新聞,高市首相、国連演説で「旧敵国条項の早急な削除」要求へ 国連安保理の変革も訴える意向,https://www.sankei.com/article/20260923-JX3ZK4O7HRNEJF2JJQ5ZFPANPY/,https://www.sankei.com/,ok,,
2026-09-23,2026-09-23T08:18:29.142417+09:00,全国紙,全国,産経新聞,仏壇や供養にもサブスク型が登場 費用や継承の負担を和らげ、無理なく故人をしのぶ,https://www.sankei.com/article/20260923-ZR7P5ZPEJBO2NPC6W3JPJX5CVE/,https://www.sankei.com/,ok,,
2026-09-23,2026-09-23T08:18:29.142417+09:00,全国紙,全国,産経新聞,アシックス研究所、ヴィッセル神戸選手の動作解析 知見活用でトレーニング手法開発,https://www.sankei.com/article/20260923-2CZKFHPAOJKZNFAB2BQYQW5C3Y/,https://www.sankei.com/,ok,,
2026-09-23,2026-09-23T08:18:29.142417+09:00,全国紙,全国,産経新聞,<産経抄>憂いに覆われた空恨めしく、台風25号の爪痕,https://www.sankei.com/article/20260923-D5JGVRXGRNKC3J5QIOMKLXJ5PU/,https://www.sankei.com/,ok,,
2026-09-23,2026-09-23T08:18:29.142417+09:00,全国紙,全国,産経新聞,歩道にあふれる黄色い棒?その理由を探ってみた JR大崎駅近く、東京都品川区,https://www.sankei.com/article/20260923-QOAU733CKFP2ZPKVM66X6FFPRQ/,https://www.sankei.com/,ok,,
2026-09-23,2026-09-23T08:18:29.142417+09:00,全国紙,全国,産経新聞,「人を大切にすることが、持続可能な農業へ」俳優の小林涼子さん、労災保険の大切さ語る,https://www.sankei.com/article/20260907-I2LMMWOHRNB7BJ2X6CJVNZDDCQ/,https://www.sankei.com/,ok,,
2026-09-23,2026-09-23T08:18:29.142417+09:00,全国紙,全国,産経新聞,「『選ばれる建設会社』へのデジタル変革と若手育成・定着の人材戦略」10月20日(火)...,https://www.sankei.com/article/20260918-Q4TZFAWYCRGXDP6CSXLYBYQNEA/?outputType=theme_event,https://www.sankei.com/,ok,,
2026-09-23,2026-09-23T08:18:29.142417+09:00,全国紙,全国,産経新聞,熊の跳梁許す現代的手法の誤り 兵頭二十八,https://www.sankei.com/article/20260923-PXJTUQOAHNKGNHOXFWTKTDZECA/,https://www.sankei.com/,ok,,
2026-09-23,2026-09-23T08:18:29.142417+09:00,全国紙,全国,産経新聞,首相「ウクライナと共に」ゼレンスキー氏と初会談,https://www.sankei.com/article/20260923-5RWIBDMHUJIZJCQGLB7YBNT5SQ/,https://www.sankei.com/,ok,,
2026-09-23,2026-09-23T08:18:29.142417+09:00,全国紙,全国,産経新聞,日米首脳35分間会談 経済安保で対中連携を強化,https://www.sankei.com/article/20260923-6ORPXC3D2JM5DJRZOLUXEW3BU4/,https://www.sankei.com/,ok,,
2026-09-23,2026-09-23T08:18:29.142417+09:00,全国紙,全国,東京新聞,歩行者とのトラブル相次ぐ「皇居ラン」...禁止論も浮上の中、記者が走って検証したマナーと懸念,https://www.tokyo-np.co.jp/article/517065,https://www.tokyo-np.co.jp/,ok,,
2026-09-23,2026-09-23T08:18:29.142417+09:00,全国紙,全国,東京新聞,丹下健三氏設計の旧香川県立体育館、本当に壊していいの? 県の「危険」主張に専門家から疑問の声,https://www.tokyo-np.co.jp/article/517094,https://www.tokyo-np.co.jp/,ok,,
2026-09-23,2026-09-23T08:18:29.142417+09:00,全国紙,全国,東京新聞,上から支援するのではなく「縁」で寄り添いたい...「神戸国際支縁機構」の牧師“親子”のボランティア道,https://www.tokyo-np.co.jp/article/517093,https://www.tokyo-np.co.jp/,ok,,
2026-09-23,2026-09-23T08:18:29.142417+09:00,全国紙,全国,東京新聞,〈視点〉市民プール閉鎖 映画が与えた弔いの場 さいたま支局・及川凌,https://www.tokyo-np.co.jp/article/517181,https://www.tokyo-np.co.jp/,ok,,
2026-09-23,2026-09-23T08:18:29.142417+09:00,全国紙,全国,東京新聞,1万2000枚の鏡を使って夜も街を照らす...中国「太陽熱発電」が砂漠で進化、メリットと課題は,https://www.tokyo-np.co.jp/article/517090,https://www.tokyo-np.co.jp/,ok,,
2026-09-23,2026-09-23T08:18:29.142417+09:00,全国紙,全国,東京新聞,「早めに動いて」「大切なものは棚の上に」能登豪雨から2年、今こそ被災者が伝えたい教訓,https://www.tokyo-np.co.jp/article/517073,https://www.tokyo-np.co.jp/,ok,,
2026-09-23,2026-09-23T08:18:29.142417+09:00,全国紙,全国,東京新聞,技能実習生が日本社会に溶け込むには不可欠なのに...講習施設の存続ピンチ 新制度では採算厳しく,https://www.tokyo-np.co.jp/article/515837,https://www.tokyo-np.co.jp/,ok,,
2026-09-23,2026-09-23T08:18:29.142417+09:00,全国紙,全国,東京新聞,〈社説〉揺らぐ国際秩序を考える 「電気国家」中国の野望,https://www.tokyo-np.co.jp/article/517180,https://www.tokyo-np.co.jp/,ok,,
2026-09-23,2026-09-23T08:18:29.142417+09:00,全国紙,全国,東京新聞,国歌の間違いや配車ミスなどトラブル続出のアジア大会 「ヒューマンエラー」と組織委員会が陳謝,https://www.tokyo-np.co.jp/article/517104,https://www.tokyo-np.co.jp/,ok,,
2026-09-23,2026-09-23T08:18:29.142417+09:00,全国紙,全国,東京新聞,熱海富士大関取りへ、幕内最重量の巨体生かし大関琴桜を押し出し 秋場所10日目、単独トップ大の里に1差,https://www.tokyo-np.co.jp/article/517089,https://www.tokyo-np.co.jp/,ok,,
2026-09-23,2026-09-23T08:18:29.142417+09:00,全国紙,全国,東京新聞,アルバルク東京・テーブス海「歴史に残る試合を勝ててうれしい」琉球に84-73 Bプレミア開幕戦,https://www.tokyo-np.co.jp/article/517086,https://www.tokyo-np.co.jp/,ok,,
2026-09-23,2026-09-23T08:18:29.142417+09:00,全国紙,全国,東京新聞,日米、経済安保で対中連携 同盟の抑止力強化確認,https://www.tokyo-np.co.jp/article/517124,https://www.tokyo-np.co.jp/,ok,,
2026-09-23,2026-09-23T08:18:29.142417+09:00,全国紙,全国,東京新聞,〈政治まんが〉「スルーされないように」 佐藤正明傑作選「一笑両断2」販売中,https://www.tokyo-np.co.jp/article/517075,https://www.tokyo-np.co.jp/,ok,,
2026-09-23,2026-09-23T08:18:29.142417+09:00,全国紙,全国,東京新聞,首相、対ロシア制裁の継続表明 ゼレンスキー氏と初会談,https://www.tokyo-np.co.jp/article/517172,https://www.tokyo-np.co.jp/,ok,,
2026-09-23,2026-09-23T08:18:29.142417+09:00,全国紙,全国,東京新聞,やっぱり 紙ですか? 武田砂鉄さん、柴田博仁さん、岡政人さんに聞いた〈考える広場〉,https://www.tokyo-np.co.jp/article/517168,https://www.tokyo-np.co.jp/,ok,,
2026-09-23,2026-09-23T08:18:29.142417+09:00,全国紙,全国,東京新聞,なぜ妻の姓は「ソコロワ」で夫は「ソコロフ」? 話を聞いて分かった日本語にないルール,https://www.tokyo-np.co.jp/article/509286,https://www.tokyo-np.co.jp/,ok,,
2026-09-23,2026-09-23T08:18:29.142417+09:00,全国紙,全国,東京新聞,「スマホ農場」でバズは作られる...仕組みを語った代理人「だまされているのは見ている人たち」,https://www.tokyo-np.co.jp/article/516642,https://www.tokyo-np.co.jp/,ok,,tag_movie
2026-09-23,2026-09-23T08:18:29.142417+09:00,全国紙,全国,東京新聞,〈動画〉望月衣塑子記者が林芳正前総務相の講演を解説 自民党総裁選への意欲は,https://www.tokyo-np.co.jp/article/516353,https://www.tokyo-np.co.jp/,ok,,tag_movie
2026-09-23,2026-09-23T08:18:29.142417+09:00,全国紙,全国,東京新聞,〈動画〉望月衣塑子記者が解説 中道・小川淳也氏は涙こらえ...新代表に渡辺創氏が就任,https://www.tokyo-np.co.jp/article/516065,https://www.tokyo-np.co.jp/,ok,,tag_movie
2026-09-23,2026-09-23T08:18:29.142417+09:00,全国紙,全国,東京新聞,〈TOKYO 映えSPOT〉西神田・日本書房 看板犬 癒やしの存在,https://www.tokyo-np.co.jp/article/516673,https://www.tokyo-np.co.jp/,ok,,square
2026-09-23,2026-09-23T08:18:29.142417+09:00,全国紙,全国,中日新聞,SNSで批判のコンテナ型宿舎やクルーズ船、実際のところどうですか? アジア大会選手らに直接聞くと...,https://www.chunichi.co.jp/article/1315060,https://www.chunichi.co.jp/,ok,,
2026-09-23,2026-09-23T08:18:29.142417+09:00,全国紙,全国,中日新聞,アジア大会組織委、続発するトラブルを会見で釈明「日々改善に努めている」,https://www.chunichi.co.jp/article/1314731,https://www.chunichi.co.jp/,ok,,
2026-09-23,2026-09-23T08:18:29.142417+09:00,全国紙,全国,中日新聞,体力に自信なくても土木作業バイト 奥能登豪雨被災地で建設会社が工夫、70~80代の住民も参加,https://www.chunichi.co.jp/article/1315050,https://www.chunichi.co.jp/,ok,,
2026-09-23,2026-09-23T08:18:29.142417+09:00,全国紙,全国,中日新聞,給食にヤンニョムチキンやガパオライス、レシピコンテストも...アジア・アジアパラ、食で盛り上げ,https://www.chunichi.co.jp/article/1314995,https://www.chunichi.co.jp/,ok,,
2026-09-23,2026-09-23T08:18:29.142417+09:00,全国紙,全国,中日新聞,「久乃がやりたいキャプテン像を」アジア大会初採用の国別対抗へ、フェアリージャパン前主将の鈴木歩佳さんエール,https://www.chunichi.co.jp/article/1315001,https://www.chunichi.co.jp/,ok,,
2026-09-23,2026-09-23T08:18:29.142417+09:00,全国紙,全国,中日新聞,【一覧で見る】避難所指定の小中学校の冷房設置率 中部9県の状況は,https://www.chunichi.co.jp/article/1313549,https://www.chunichi.co.jp/,ok,,
2026-09-23,2026-09-23T08:18:29.142417+09:00,全国紙,全国,中日新聞,男子400メートル個人メドレー、17歳・小島夢貴が金メダル 「リベンジできたのが一番よかった」,https://www.chunichi.co.jp/article/1314870,https://www.chunichi.co.jp/,ok,,
2026-09-23,2026-09-23T08:18:29.142417+09:00,全国紙,全国,中日新聞,競泳男子4×100メートルメドレーリレー、日本が日本新記録で銀メダル 刈谷市出身の村佐達也らが出場,https://www.chunichi.co.jp/article/1314892,https://www.chunichi.co.jp/,ok,,
2026-09-23,2026-09-23T08:18:29.142417+09:00,全国紙,全国,中日新聞,琵琶湖で一時不明の3人を救助に向かった男性、遺体で発見 「捜しに行く」と水上バイクで出航,https://www.chunichi.co.jp/article/1314935,https://www.chunichi.co.jp/,ok,,
2026-09-23,2026-09-23T08:18:29.142417+09:00,全国紙,全国,中日新聞,バレーボール女子、日本が中国に敗れ銀メダル 相手の高い壁に苦戦、愛知・名古屋アジア大会,https://www.chunichi.co.jp/article/1314941,https://www.chunichi.co.jp/,ok,,
2026-09-23,2026-09-23T08:18:29.142417+09:00,全国紙,全国,中日新聞,中日、1死満塁...痛恨だった初回の無得点...石川昂弥の三ゴロに「一番のミスはあの低いボールを打ちにいったこと」【彦野利勝の目】,https://www.chunichi.co.jp/article/1315048,https://www.chunichi.co.jp/,ok,,
2026-09-23,2026-09-23T08:18:29.142417+09:00,全国紙,全国,中日新聞,読者が選ぶ中日グッとコラム2026上半期 投票で選ばれたのは?,https://www.chunichi.co.jp/article/1302583,https://www.chunichi.co.jp/,ok,,
2026-09-23,2026-09-23T08:18:29.142417+09:00,全国紙,全国,中日新聞,「移民ビジネス」外国人の受け入れを巡る現実と課題,https://www.chunichi.co.jp/article/1233264,https://www.chunichi.co.jp/,ok,,
2026-09-23,2026-09-23T08:18:29.142417+09:00,全国紙,全国,中日新聞,【南山大&中日新聞ポッドキャスト企画】アメリカを考える~独立宣言から250年の大変動,https://www.chunichi.co.jp/article/1270383,https://www.chunichi.co.jp/,ok,,
2026-09-23,2026-09-23T08:18:29.142417+09:00,全国紙,全国,中日新聞,【第1部・外国人団地】共生を目指す外国人労働者の姿を描く,https://www.chunichi.co.jp/article/1237076,https://www.chunichi.co.jp/,ok,,
2026-09-23,2026-09-23T08:18:29.142417+09:00,全国紙,全国,中日新聞,【デジタル地図】南海トラフ巨大地震の想定震度マップ。あなたの地域の想定震度をチェック,https://www.chunichi.co.jp/article/1046009,https://www.chunichi.co.jp/,ok,,
2026-09-23,2026-09-23T08:18:29.142417+09:00,全国紙,全国,中日新聞,【動画】アジア大会「メダリストセレブレーション」名古屋・栄の久屋大通公園で初開催 来場者とハイタッチや写真撮影,https://www.chunichi.co.jp/article/1314477,https://www.chunichi.co.jp/,ok,,video
2026-09-23,2026-09-23T08:18:29.142417+09:00,全国紙,全国,中日新聞,【動画】選手や市民らの交拠拠点「ONE ASIA WORLD」開設 バレー元日本代表の木村沙織さんらが登場,https://www.chunichi.co.jp/article/1313494,https://www.chunichi.co.jp/,ok,,video
2026-09-23,2026-09-23T08:18:29.142417+09:00,全国紙,全国,中日新聞,【動画・写真多数】愛知県上空にブルーインパルス、アジア大会開幕を祝福 にぎわい始めた名古屋の街,https://www.chunichi.co.jp/article/1313490,https://www.chunichi.co.jp/,ok,,video
2026-09-23,2026-09-23T08:18:29.142417+09:00,全国紙,全国,中日新聞,修羅場くぐり抜けた復刻ビールは平和の味 半田市の「赤レンガ建物」,https://www.chunichi.co.jp/article/1313759,https://www.chunichi.co.jp/,ok,,tag_photo
2026-09-23,2026-09-23T08:18:29.142417+09:00,地方紙,長野,信濃毎日新聞,ごみ集積所「ただ乗り」に渦巻く不満 長野県内で自治会存続すら左右しかねない事態09/23 06:05家庭からのごみ出しを巡り、県内の自治会が管理するごみ集積所を自治会の非加入者が利用することへの「不公平感」が深刻になっている。かねてくすぶってきた問題だが、高齢化などで加入率が低下し、行政が自治会に委託する業務への会員の負担感が増す中で、自治会の存続を左右しかねない事態になっている。,https://www.shinmai.co.jp/news/article/gf01dap4tme29c62qgiijnn0,https://www.shinmai.co.jp/,ok,,
2026-09-23,2026-09-23T08:18:29.142417+09:00,地方紙,長野,信濃毎日新聞,家庭ごみ収集「負担感は減らせているはず」 長野県内でも行政と自治会の役割分担見直す動き09/23 06:04,https://www.shinmai.co.jp/news/article/gf01dap7q8u29c62qgiikatg,https://www.shinmai.co.jp/,ok,,
2026-09-23,2026-09-23T08:18:29.142417+09:00,地方紙,長野,信濃毎日新聞,「今でも受け入れきれない」御嶽山噴火災害12年、遺族が明かす苦しい胸の内09/23 06:03,https://www.shinmai.co.jp/news/article/gf01dap378vscpf4olnkgqtg,https://www.shinmai.co.jp/,ok,,
2026-09-23,2026-09-23T08:18:29.142417+09:00,地方紙,長野,信濃毎日新聞,年間1億5000万個を作るギョーザ専門メーカー 新規受託獲得につながった塩尻市の工場整備09/23 06:02,https://www.shinmai.co.jp/news/article/gf01dakini629c62qgihsqq0,https://www.shinmai.co.jp/,ok,,
2026-09-23,2026-09-23T08:18:29.142417+09:00,地方紙,長野,信濃毎日新聞,なぜなの?ナニが問題なの? 「安保3文書」信毎記者が詳しく解説09/23 06:01,https://www.shinmai.co.jp/news/article/SHEX2026091100004830,https://www.shinmai.co.jp/,ok,,
2026-09-23,2026-09-23T08:18:29.142417+09:00,地方紙,長野,信濃毎日新聞,おくやみ(9月23日付)09/23 06:00,https://www.shinmai.co.jp/news/article/gf01dap4mivscpf4olnkh52g,https://www.shinmai.co.jp/,ok,,
2026-09-23,2026-09-23T08:18:29.142417+09:00,地方紙,長野,信濃毎日新聞,6「教師冥利につきる」赤穂高校の音楽教諭の教え子らが演奏会 長野市,https://www.shinmai.co.jp/news/article/gf01dap590629c62qgiijqcg,https://www.shinmai.co.jp/,ok,,
2026-09-23,2026-09-23T08:18:29.142417+09:00,地方紙,長野,信濃毎日新聞,7首相、対ロシア制裁の継続表明 ゼレンスキー氏と初会談,https://www.shinmai.co.jp/news/article/gfkn2026092301000270,https://www.shinmai.co.jp/,ok,,
2026-09-23,2026-09-23T08:18:29.142417+09:00,地方紙,長野,信濃毎日新聞,8不正訴え抗議集会を申請 ロシア下院選にくすぶる疑念,https://www.shinmai.co.jp/news/article/gfkn2026092301000198,https://www.shinmai.co.jp/,ok,,
2026-09-23,2026-09-23T08:18:29.142417+09:00,地方紙,長野,信濃毎日新聞,9フジモリ氏、治安回復訴え 国連で演説、就任後初外遊,https://www.shinmai.co.jp/news/article/gfkn2026092301000192,https://www.shinmai.co.jp/,ok,,
2026-09-23,2026-09-23T08:18:29.142417+09:00,地方紙,長野,信濃毎日新聞,10日米、経済安保で対中連携 同盟の抑止力強化確認,https://www.shinmai.co.jp/news/article/gfkn2026092301000111,https://www.shinmai.co.jp/,ok,,
2026-09-23,2026-09-23T08:18:29.142417+09:00,地方紙,長野,信濃毎日新聞,県歌「信濃の国」の冒頭にあるように、長野県は旧国名では十州、現在は8県に接しています。その境目には厳しい山岳や谷があり、古来、物や文化が行き交う道があり、躍動する人たちがいます。大型写真連載「信州縁撮(ふちど)り」は、写真記者が県境付近の地域を歩き、その“今”を切り取ります。信州を魅力あるものにしている自然や歴史、人々の営みにカメラを向けます。,https://www.shinmai.co.jp/news/article/gf01dah1jmlttbkcu3krfl40,https://www.shinmai.co.jp/,ok,,
2026-09-23,2026-09-23T08:18:29.142417+09:00,地方紙,長野,信濃毎日新聞,【4コマ】フルーツ王国でぶどう迷子【ここがわからんばい!信州】長野県主要くらし・話題イブニング信毎ウェブオリジナルここがわからんばい!信州09/22 11:30,https://www.shinmai.co.jp/news/article/gf01dao98du29c62qgiig7og,https://www.shinmai.co.jp/,ok,,
2026-09-23,2026-09-23T08:18:29.142417+09:00,地方紙,長野,信濃毎日新聞,白馬村出身のゲームクリエーターZUNさん手がける「東方Project」初期の原作 家庭用ゲーム機に初登場、国内外で反響長野県文化・芸能エンタメウェブオリジナル白馬村09/21 13:00,https://www.shinmai.co.jp/news/article/gf01dan5hs629c62qgiic000,https://www.shinmai.co.jp/,ok,,
2026-09-23,2026-09-23T08:18:29.142417+09:00,地方紙,長野,信濃毎日新聞,母からの1万円「本を買ってきて」 大人になった娘に毎月頼む理由は長野県主要くらし・話題ウェブオリジナルイブニング信毎朝日新聞コラボ「いつも、どこかで」09/18 17:00,https://www.shinmai.co.jp/news/article/gf01dajm8gm29c62qgihnbt0,https://www.shinmai.co.jp/,ok,,
2026-09-23,2026-09-23T08:18:29.142417+09:00,地方紙,長野,信濃毎日新聞,センバツ見据えた戦いへ、新チームはどんなメンバー?長野県大会の24校紹介【秋の北信越高校野球】長野県スポーツウェブオリジナル高校野球09/18 17:00,https://www.shinmai.co.jp/news/article/gf01damaa5629c62qgii6nq0,https://www.shinmai.co.jp/,ok,,
2026-09-23,2026-09-23T08:18:29.142417+09:00,地方紙,長野,信濃毎日新聞,【マンガ】長野県は秋も花火! 県民が絶対共感する「打ち上げ花火あるある」長野県くらし・話題ウェブオリジナルちゅ~も09/18 15:47,https://www.shinmai.co.jp/news/article/gf01dafpo6lttbkcu3kr8ndg,https://www.shinmai.co.jp/,ok,,
2026-09-23,2026-09-23T08:18:29.142417+09:00,地方紙,長野,信濃毎日新聞,一人歩きで味わう静けさと思い出 霧や雨続きの北アルプスで〈山と人と信州と〉長野県社会信州の山ウェブオリジナル山と人と信州と北アルプス09/18 06:04,https://www.shinmai.co.jp/news/article/gf01daloh0nscpf4olnk0isg,https://www.shinmai.co.jp/,ok,,
2026-09-23,2026-09-23T08:18:29.142417+09:00,地方紙,長野,信濃毎日新聞,絶対王者「信濃の国」の陰でも忘れ去られていなかった 「長野県民歌」に寄せられた温かな声長野県くらし・話題文化・芸能ウェブオリジナルイブニング信毎コラム「硬面軟面」09/17 06:05,https://www.shinmai.co.jp/news/article/gf01dajolq7scpf4olnjlcgg,https://www.shinmai.co.jp/,ok,,
2026-09-23,2026-09-23T08:18:29.142417+09:00,地方紙,京都,京都新聞,人事異動ポータル,https://www.kyoto-np.co.jp/articles/-/1250583,https://www.kyoto-np.co.jp/,ok,,
2026-09-23,2026-09-23T08:18:29.142417+09:00,地方紙,京都,京都新聞,速報首相、対ロ制裁継続をゼレンスキー氏に伝達,https://www.kyoto-np.co.jp/articles/-/1795399,https://www.kyoto-np.co.jp/,ok,,
2026-09-23,2026-09-23T08:18:29.142417+09:00,地方紙,京都,京都新聞,織田信長vs足利義昭などに巻き込まれた大津・石山寺、再興に関わった人物などの企画展5:50地域戦国時代、戦乱に巻き込まれた石山寺(大津市石山寺1丁目)と、その再興に尽力した人物に関する文献など35点を紹介する企画展「石山寺と戦国時代...,https://www.kyoto-np.co.jp/articles/-/1795162,https://www.kyoto-np.co.jp/,ok,,
2026-09-23,2026-09-23T08:18:29.142417+09:00,地方紙,京都,京都新聞,大津市のカヌーチーム、小中学生4人が全国大会で優勝 「めっちゃうれしい」5:30地域大津市の「オーパルオプテックスカヌーチーム」に所属する小中学生4人が、今夏開かれた全国大会で優勝を果たした。選手の自主性を重んじた指導の下...,https://www.kyoto-np.co.jp/articles/-/1795104,https://www.kyoto-np.co.jp/,ok,,
2026-09-23,2026-09-23T08:18:29.142417+09:00,地方紙,京都,京都新聞,京都府・由良川、巨大堤防の補強工事着手へ 13年前の台風で漏水発生、完成は数年後5:30地域国土交通省福知山河川国道事務所は、福知山市和久市から内記にかけて由良川左岸に延びる大堤防「岩沢堤(いわさわてい)」の補強工事を11月から始...,https://www.kyoto-np.co.jp/articles/-/1795053,https://www.kyoto-np.co.jp/,ok,,
2026-09-23,2026-09-23T08:18:29.142417+09:00,地方紙,京都,京都新聞,大阪北部エリア「阪急沿線」で大規模プロジェクトがスタート 着々と動く大型機械、一体何ができるのか?5:30地域西日本高速道路(ネクスコ西日本)は...,https://www.kyoto-np.co.jp/articles/-/1786788,https://www.kyoto-np.co.jp/,ok,,
2026-09-23,2026-09-23T08:18:29.142417+09:00,地方紙,京都,京都新聞,京都・長岡京跡で日本一見つかる謎の土器「壺G」とは 用途不明の珍奇な壺、10月まで展示会5:20地域京都府の長岡京跡で数多く見つかる謎の土器「壺(つぼ)G」に注目した向日市と市埋蔵文化財センターの展示「珍奇な壺の世界」が22日、同市鶏冠井...,https://www.kyoto-np.co.jp/articles/-/1795048,https://www.kyoto-np.co.jp/,ok,,
2026-09-23,2026-09-23T08:18:29.142417+09:00,地方紙,京都,京都新聞,京都府南部、最先端テクノロジー開発に住民が参加する街とは AIセンサー、避難アプリなど複数の技術で5:15地域京都府精華町内で3年前、民間企業が開発した避難誘導アプリを使った住民参加型のユニークな訓練が行われた。木津川の氾濫など身近で災害が発生した...,https://www.kyoto-np.co.jp/articles/-/1792296,https://www.kyoto-np.co.jp/,ok,,
2026-09-23,2026-09-23T08:18:29.142417+09:00,地方紙,京都,京都新聞,京都市・鴨川の砂防ダム「絶対に泳がないで」 水遊びの死亡事故も過去に発生、京都府警が注意喚起5:10市内京都市北区にある鴨川の砂防ダム「柊野堰(えん)堤(てい)」で水難事故の危険性を伝えるビラを地元の北署が掲示した。鴨川は水遊びに人気だが、堰...,https://www.kyoto-np.co.jp/articles/-/1795090,https://www.kyoto-np.co.jp/,ok,,
2026-09-23,2026-09-23T08:18:29.142417+09:00,地方紙,京都,京都新聞,滋賀県、生成AI普及あおりでタッチセンサー企業が破産手続き開始決定 大手自動車メーカーに出荷も4:55地域,https://www.kyoto-np.co.jp/articles/-/1793381,https://www.kyoto-np.co.jp/,ok,,
2026-09-23,2026-09-23T08:18:29.142417+09:00,地方紙,京都,京都新聞,京都発ラーメンチェーンが「国内300店舗態勢」向け反転攻勢へ 関東への出店強化、海外開拓にも注力4:50地域,https://www.kyoto-np.co.jp/articles/-/1793187,https://www.kyoto-np.co.jp/,ok,,
2026-09-23,2026-09-23T08:18:29.142417+09:00,地方紙,京都,京都新聞,ミシュラン店や「最高級肉」ステーキ店が京都市北区のローカル商店街に出店はなぜ 「どうしてもここで」9月22日市内,https://www.kyoto-np.co.jp/articles/-/1782779,https://www.kyoto-np.co.jp/,ok,,
2026-09-23,2026-09-23T08:18:29.142417+09:00,地方紙,京都,京都新聞,救急車の「ピーポー」ルーツは京都府南部に? 「こんな音では悪なるで」東京消防庁も注目した「開発秘話」9月22日地域,https://www.kyoto-np.co.jp/articles/-/1790548,https://www.kyoto-np.co.jp/,ok,,
2026-09-23,2026-09-23T08:18:29.142417+09:00,地方紙,京都,京都新聞,京都府北部にあった「古代の製鉄コンビナート」 製鉄の展開に大きな影響を与えたのか9月21日地域,https://www.kyoto-np.co.jp/articles/-/1791053,https://www.kyoto-np.co.jp/,ok,,
2026-09-23,2026-09-23T08:18:29.142417+09:00,地方紙,京都,京都新聞,京都女子大学の「就職先ランキング」トップ10は 4つの業種が上位独占、圏外に去る企業も9月21日市内,https://www.kyoto-np.co.jp/articles/-/1794164,https://www.kyoto-np.co.jp/,ok,,
2026-09-23,2026-09-23T08:18:29.142417+09:00,地方紙,京都,京都新聞,京都市出身バレー高橋藍「スパイク通用するか試したい」 10月から海外へ「京都の思い背負って戦う」9月21日市内,https://www.kyoto-np.co.jp/articles/-/1794340,https://www.kyoto-np.co.jp/,ok,,
2026-09-23,2026-09-23T08:18:29.142417+09:00,地方紙,京都,京都新聞,京都信用金庫はなぜ思い切った戦略を取ったのか? 窓口は午前中のみ、午後は若手料理人にNISA提案9月19日市内,https://www.kyoto-np.co.jp/articles/-/1793394,https://www.kyoto-np.co.jp/,ok,,
2026-09-23,2026-09-23T08:18:29.142417+09:00,地方紙,京都,京都新聞,京都市下京区の270年続く老舗がピンチ乗り越え「原点回帰」 再び「祖業」に目を向ける狙いは9月19日市内,https://www.kyoto-np.co.jp/articles/-/1791301,https://www.kyoto-np.co.jp/,ok,,
2026-09-23,2026-09-23T08:18:29.142417+09:00,地方紙,京都,京都新聞,京都市内、着物販売・レンタル会社など6企業が倒産 全国展開のスポーツ用品会社や商品PR代行会社も9月18日地域,https://www.kyoto-np.co.jp/articles/-/1792666,https://www.kyoto-np.co.jp/,ok,,
2026-09-23,2026-09-23T08:18:29.142417+09:00,地方紙,京都,京都新聞,大学進学率が10年間で倍増 かつて「湖族」が築いた自治都市で奮闘続ける滋賀県立堅田高校9月18日地域,https://www.kyoto-np.co.jp/articles/-/1791942,https://www.kyoto-np.co.jp/,ok,,
2026-09-23,2026-09-23T08:18:29.142417+09:00,地方紙,兵庫,神戸新聞,「クビアカツヤカミキリ」止まらぬ被害 兵庫県内13市町、桜など4年で973本犠牲 生息域拡大なぜ?,https://www.kobe-np.co.jp/news/society/202609/0020849163.shtml,https://www.kobe-np.co.jp/,ok,,
2026-09-23,2026-09-23T08:18:29.142417+09:00,地方紙,兵庫,神戸新聞,走り幅跳びの高良、三段跳びの船田 兵庫出身の2人が初舞台へ,https://www.kobe-np.co.jp/news/sports/202609/0020849239.shtml,https://www.kobe-np.co.jp/,ok,,
2026-09-23,2026-09-23T08:18:29.142417+09:00,地方紙,兵庫,神戸新聞,加古川出身・陣内さん率いる「野球チーム」 地元強豪と観光PR番組収録で対戦,https://www.kobe-np.co.jp/news/touban/202609/0020848671.shtml,https://www.kobe-np.co.jp/,ok,,
2026-09-23,2026-09-23T08:18:29.142417+09:00,地方紙,兵庫,神戸新聞,ヴィクトリーナ姫路、新アリーナで初の対外試合 真鍋氏が率いる韓国のクラブに快勝,https://www.kobe-np.co.jp/news/sports/202609/0020848745.shtml,https://www.kobe-np.co.jp/,ok,,
2026-09-23,2026-09-23T08:18:29.142417+09:00,地方紙,兵庫,神戸新聞,夏場の道路工事にクールな援軍「冷房休憩車」導入 姫路の東和建設,https://www.kobe-np.co.jp/news/himeji/202609/0020848841.shtml,https://www.kobe-np.co.jp/,ok,,
2026-09-23,2026-09-23T08:18:29.142417+09:00,地方紙,兵庫,神戸新聞,<明石で、本を編む。ライツ社10年の挑戦>(3)地方の強み 競争、流行に振り回されず,https://www.kobe-np.co.jp/news/akashi/202609/0020848690.shtml,https://www.kobe-np.co.jp/,ok,,
2026-09-23,2026-09-23T08:18:29.142417+09:00,地方紙,兵庫,神戸新聞,淡路島の名物、キャラ商品に パソナがギフトショップ「旅の思い出として楽しんで」,https://www.kobe-np.co.jp/news/awaji/202609/0020848800.shtml,https://www.kobe-np.co.jp/,ok,,
2026-09-23,2026-09-23T08:18:29.142417+09:00,地方紙,兵庫,神戸新聞,兵庫医科大病院で入院患者250人引っ越し 看護師ら300人付き添い新病棟へ移送,https://www.kobe-np.co.jp/news/society/202609/0020847783.shtml,https://www.kobe-np.co.jp/,ok,,
2026-09-23,2026-09-23T08:18:29.142417+09:00,地方紙,兵庫,神戸新聞,生田署の仮設庁舎、23日業務開始 県警本部東側の敷地 新庁舎は31年度ごろ完成,https://www.kobe-np.co.jp/news/kobe/202609/0020848456.shtml,https://www.kobe-np.co.jp/,ok,,
2026-09-23,2026-09-23T08:18:29.142417+09:00,地方紙,兵庫,神戸新聞,見て味わう、江戸グルメ 各地の名産物描いた絵巻物、食器など150点 西宮で企画展,https://www.kobe-np.co.jp/news/hanshin/202609/0020848540.shtml,https://www.kobe-np.co.jp/,ok,,
2026-09-23,2026-09-23T08:18:29.142417+09:00,地方紙,兵庫,神戸新聞,「香住ガニ」味わい尽くす 香住漁港西港で「まつり」 食べ方上手選手権も,https://www.kobe-np.co.jp/news/tajima/202609/0020848390.shtml,https://www.kobe-np.co.jp/,ok,,
2026-09-23,2026-09-23T08:18:29.142417+09:00,地方紙,兵庫,神戸新聞,三木・大村地区の屋台蔵完成 禰御門神社で竣工式 屋台巡行や練り合わせで祝福,https://www.kobe-np.co.jp/news/miki/202609/0020848399.shtml,https://www.kobe-np.co.jp/,ok,,
2026-09-23,2026-09-23T08:18:29.142417+09:00,地方紙,兵庫,神戸新聞,家路へ長~い車列,https://www.kobe-np.co.jp/news/society/202609/0020848824.shtml,https://www.kobe-np.co.jp/,ok,,
2026-09-23,2026-09-23T08:18:29.142417+09:00,地方紙,兵庫,神戸新聞,<県政リアル 知事就任5年>(6)距離感 離れた大阪、県内首長も模索,https://www.kobe-np.co.jp/news/society/202608/0020681985.shtml,https://www.kobe-np.co.jp/,ok,,
2026-09-23,2026-09-23T08:18:29.142417+09:00,地方紙,兵庫,神戸新聞,沖縄知事選、荒れるSNS 動画、Xの大半が県外発 AI悪用し中傷拡散 兵庫知事選と重なる投稿者も,https://www.kobe-np.co.jp/news/society/202609/0020810373.shtml,https://www.kobe-np.co.jp/,ok,,
2026-09-23,2026-09-23T08:18:29.142417+09:00,地方紙,兵庫,神戸新聞,経営難の三セク「サンフラワー」厳しい局面に さらなる支援、市議会認めず 筆頭株主の三田市「破綻も想定」,https://www.kobe-np.co.jp/news/society/202609/0020845669.shtml,https://www.kobe-np.co.jp/,ok,,
2026-09-23,2026-09-23T08:18:29.142417+09:00,地方紙,兵庫,神戸新聞,「コベカツ」の魅力や在り方考えよう キックオフミーティングに元阪神の鳥谷さん、能見さんら,https://www.kobe-np.co.jp/news/kobe/202609/0020841377.shtml,https://www.kobe-np.co.jp/,ok,,
2026-09-23,2026-09-23T08:18:29.142417+09:00,地方紙,兵庫,神戸新聞,西宮市の「危ない交差点」 車両の出合い頭事故頻発 多い交通量、狭い道幅...踏切あり渋滞恒常化,https://www.kobe-np.co.jp/news/richb/202609/0020823699.shtml,https://www.kobe-np.co.jp/,ok,,
2026-09-23,2026-09-23T08:18:29.142417+09:00,地方紙,兵庫,神戸新聞,<近日公開 9月のオススメ記事>バスケBプレミア、防災DX、「随想」新執筆陣...etc.,https://www.kobe-np.co.jp/news/richa/202608/0020749065.shtml,https://www.kobe-np.co.jp/,ok,,
2026-09-23,2026-09-23T08:18:29.142417+09:00,地方紙,兵庫,神戸新聞,ネコ、癒やしの作品群 洲本出身の前田さん、淡路市で個展 日本画25点、壁一面の大作も,https://www.kobe-np.co.jp/news/awaji/202609/0020848803.shtml,https://www.kobe-np.co.jp/,ok,,
2026-09-23,2026-09-23T08:18:29.142417+09:00,地方紙,熊本,熊本日日新聞,◎フィジカルAI,https://kumanichi.com/articles/2030491,https://kumanichi.com/rss.xml,ok,,
2026-09-23,2026-09-23T08:18:29.142417+09:00,地方紙,熊本,熊本日日新聞,◎国連総会一般討論,https://kumanichi.com/articles/1554899,https://kumanichi.com/rss.xml,ok,,
2026-09-23,2026-09-23T08:18:29.142417+09:00,地方紙,熊本,熊本日日新聞,【若者が薬を過剰摂取】「生きづらさ」ケア必須,https://kumanichi.com/articles/2038678,https://kumanichi.com/rss.xml,ok,,
2026-09-23,2026-09-23T08:18:29.142417+09:00,地方紙,熊本,熊本日日新聞,【学校体育館の冷房】統合や耐震化、課題は山積,https://kumanichi.com/articles/2038677,https://kumanichi.com/rss.xml,ok,,
2026-09-23,2026-09-23T08:18:29.142417+09:00,地方紙,熊本,熊本日日新聞,サッカー女子欧州CL開幕,https://kumanichi.com/articles/2038673,https://kumanichi.com/rss.xml,ok,,
2026-09-23,2026-09-23T08:18:29.142417+09:00,地方紙,熊本,熊本日日新聞,為替相場 23日(日本時間 8時),https://kumanichi.com/articles/2038595,https://kumanichi.com/rss.xml,ok,,
2026-09-23,2026-09-23T08:18:29.142417+09:00,地方紙,熊本,熊本日日新聞,【随時更新】2026年熊本地震 熊日に届いた「みんなの声」,https://kumanichi.com/articles/2021956,https://kumanichi.com/rss.xml,ok,,
2026-09-23,2026-09-23T08:18:29.142417+09:00,地方紙,熊本,熊本日日新聞,オープンAI、外部検証拡大,https://kumanichi.com/articles/2038676,https://kumanichi.com/rss.xml,ok,,
2026-09-23,2026-09-23T08:18:29.142417+09:00,地方紙,熊本,熊本日日新聞,9/23朝,https://kumanichi.com/node/2038545,https://kumanichi.com/rss.xml,ok,,
2026-09-23,2026-09-23T08:18:29.142417+09:00,地方紙,熊本,熊本日日新聞,日米、経済安保で対中連携,https://kumanichi.com/articles/2038649,https://kumanichi.com/rss.xml,ok,,
2026-09-23,2026-09-23T08:18:29.142417+09:00,地方紙,鹿児島,南日本新聞,家族にとっての西郷さん「どんな人?」 西郷南洲顕彰館学芸員に聞く9月24日は西郷隆盛の命日にあたり、来年は1877(明治10)年の西南戦争で亡くなってから150年を迎える。幕末維新期に多くの偉業をなした西郷だが、家族にとってはどんな人物だったのか。西郷南洲顕彰館(鹿児島市)学芸員の糸野陽子さんに、逸話をいくつか紹介してもらった。 西郷の書簡は現在500通余りが確認されている。うち親族に宛てたものは33通と少ないが、同館が収蔵する1868年1月の書家・9月23日 06:15,https://373news.com/news/local/detail/239940/,https://373news.com/,ok,,local
2026-09-23,2026-09-23T08:18:29.142417+09:00,地方紙,鹿児島,南日本新聞,【九州高校野球県予選】鹿児島玉龍が鹿屋工に競り勝ち2回戦進出9月23日 06:30,https://373news.com/news/local/detail/239943/,https://373news.com/,ok,,local
2026-09-23,2026-09-23T08:18:29.142417+09:00,地方紙,鹿児島,南日本新聞,薩摩川内427年目の「大綱引」、3000人が熱戦...終了10分前「ワサがちぎれ」勝敗決す9月22日 23:30,https://373news.com/news/local/detail/239945/,https://373news.com/,ok,,local
2026-09-23,2026-09-23T08:18:29.142417+09:00,地方紙,鹿児島,南日本新聞,錦江町の職員考案、町民歌で健康体操...歌って楽しみながら転倒や筋力低下予防「動きが分かりやすい」と83歳も笑顔9月22日 20:30,https://373news.com/news/local/detail/239909/,https://373news.com/,ok,,local
2026-09-23,2026-09-23T08:18:29.142417+09:00,地方紙,鹿児島,南日本新聞,鹿児島の抹茶「ラテがやさしい味」 県内在住の外国人14人が試飲――帰国後のPRに期待9月22日 20:00,https://373news.com/news/local/detail/239908/,https://373news.com/,ok,,local
2026-09-23,2026-09-23T08:18:29.142417+09:00,地方紙,鹿児島,南日本新聞,鹿児島レブナイズが必勝祈願――26日開幕初戦へ決意「戦う準備はできている」9月22日 17:00,https://373news.com/news/local/detail/239907/,https://373news.com/,ok,,local
2026-09-23,2026-09-23T08:18:29.142417+09:00,地方紙,鹿児島,南日本新聞,鹿児島、スポーツ施設女子トイレで「盗撮目的」――建造物侵入容疑の37歳男を現行犯逮捕9月22日 16:35,https://373news.com/news/local/detail/239939/,https://373news.com/,ok,,local
2026-09-23,2026-09-23T08:18:29.142417+09:00,地方紙,鹿児島,南日本新聞,財部駅前マルシェにぎわう―よさこいと歌声、地元グルメに笑顔9月22日 16:00,https://373news.com/news/local/detail/239906/,https://373news.com/,ok,,local
2026-09-23,2026-09-23T08:18:29.142417+09:00,地方紙,鹿児島,南日本新聞,芝生広場や展望台、釣りの名所...伊佐の憩いの場「十曽池」、農地潤す別の顔も――「雨が降ったときにはためて...」渇水調整の知恵が支える米どころ9月22日 14:30,https://373news.com/news/local/detail/239905/,https://373news.com/,ok,,local
2026-09-23,2026-09-23T08:18:29.142417+09:00,地方紙,鹿児島,南日本新聞,1予防接種中に豚に乗られる 農場従業員の男性死亡 鹿児島県曽於市財部のナンチクファーム,http://373news.com/news/local/detail/239901/,https://373news.com/,ok,,local
2026-09-23,2026-09-23T08:18:29.142417+09:00,地方紙,鹿児島,南日本新聞,3西郷隆盛の教えまとめた「南洲翁遺訓」初版はどこに?――山形の有志が情報募る「誰の手に渡り、どう人生に生かされたか知りたい」,http://373news.com/news/local/detail/239903/,https://373news.com/,ok,,local
2026-09-23,2026-09-23T08:18:29.142417+09:00,地方紙,鹿児島,南日本新聞,5鹿児島県霧島市で酒酔い運転疑い、対向車と衝突し「大破」もけが人なし...派遣社員の男を現行犯逮捕,http://373news.com/news/local/detail/239821/,https://373news.com/,ok,,local
2026-09-23,2026-09-23T08:18:29.142417+09:00,地方紙,鹿児島,南日本新聞,6酒酔い運転容疑で保育士の女逮捕――駐車中の車両に接触,http://373news.com/news/local/detail/239763/,https://373news.com/,ok,,local
2026-09-23,2026-09-23T08:18:29.142417+09:00,地方紙,鹿児島,南日本新聞,7鹿児島県さつま町の川内川、86歳女性が浮かぶ――16日に行方不明届、捜索中に家族が発見し、死亡確認,http://373news.com/news/local/detail/239824/,https://373news.com/,ok,,local
2026-09-23,2026-09-23T08:18:29.142417+09:00,地方紙,鹿児島,南日本新聞,8「隣の家が燃えている」 伊佐市で住家火災、男女2人がけが 隣人が通報,http://373news.com/news/local/detail/239838/,https://373news.com/,ok,,local
2026-09-23,2026-09-23T08:18:29.142417+09:00,地方紙,鹿児島,南日本新聞,9麻薬使用、所持容疑で男逮捕――「何も話すことはない」と否認,http://373news.com/news/local/detail/239756/,https://373news.com/,ok,,local
2026-09-23,2026-09-23T08:18:29.142417+09:00,地方紙,鹿児島,南日本新聞,10鹿児島の37歳男性、世界マスターズ陸上リレーで金メダル――現地で初顔合わせ、練習1日で大会新「しびれるレース」,http://373news.com/news/local/detail/239878/,https://373news.com/,ok,,local
2026-09-23,2026-09-23T08:18:29.142417+09:00,地方紙,鹿児島,南日本新聞,渋滞の先頭で合流の車に鹿児島県民「イラッ」「モヤモヤ」...ズルく見える「ファスナー合流」 渋滞緩和に推奨でも6割「知らない」9月21日 10:20,https://373news.com/lineup/kotimina/detail/239874/,https://373news.com/,ok,,
2026-09-23,2026-09-23T08:18:29.142417+09:00,地方紙,沖縄,沖縄タイムス,ハワイ州運輸局、那覇空港との業務協力に意欲 運営ノウハウ共有や物産展開などを構想 相互発展に期待9月23日 4:55那覇空港ビルディングダニエル・K・イノウエ国際空港(ホノルル)を管理運営するハワイ州運輸局が、那覇空港ビルディング(NABCO)との業務協力に関する覚書(MOU)締結に意欲を示していることが22日までに分かった。,https://www.okinawatimes.co.jp/articles/-/1929427,https://www.okinawatimes.co.jp/,ok,,
2026-09-23,2026-09-23T08:18:29.142417+09:00,地方紙,沖縄,沖縄タイムス,基地や低所得変わらぬ中、変化求めた県民 新しいビジョン必要に 経済思想家・斎藤幸平さん、沖縄知事選を分析5:01有料#沖縄県知事選,https://www.okinawatimes.co.jp/articles/-/1929426,https://www.okinawatimes.co.jp/,ok,,
2026-09-23,2026-09-23T08:18:29.142417+09:00,地方紙,沖縄,沖縄タイムス,台風25号で7人死亡、5人不明 千葉と神奈川で土砂崩れ 住宅地も冠水5:22有料#台風,https://www.okinawatimes.co.jp/articles/-/1929428,https://www.okinawatimes.co.jp/,ok,,
2026-09-23,2026-09-23T08:18:29.142417+09:00,地方紙,沖縄,沖縄タイムス,キングス、開幕飾れず A東京に73-84 新リーグBプレミア5:13#琉球ゴールデン...,https://www.okinawatimes.co.jp/articles/-/1929429,https://www.okinawatimes.co.jp/,ok,,
2026-09-23,2026-09-23T08:18:29.142417+09:00,地方紙,沖縄,沖縄タイムス,[大弦小弦]アジア大会 平和だからこそ競技楽しめる7:00有料#大弦小弦,https://www.okinawatimes.co.jp/articles/-/1929431,https://www.okinawatimes.co.jp/,ok,,
2026-09-23,2026-09-23T08:18:29.142417+09:00,地方紙,沖縄,沖縄タイムス,米軍側から疑義、グアム移転が不透明に 戦略変化で再調整も 沖縄の基地負担軽減進まず 日米合意から20年7:47有料#グアム移転,https://www.okinawatimes.co.jp/articles/-/1929433,https://www.okinawatimes.co.jp/,ok,,
2026-09-23,2026-09-23T08:18:29.142417+09:00,地方紙,沖縄,沖縄タイムス,ハワイと沖縄 交流深化へ 元日本IBM社長ポール与那嶺氏 父はプロ野球で活躍した与那嶺要氏4:00有料#経済,https://www.okinawatimes.co.jp/articles/-/1929444,https://www.okinawatimes.co.jp/,ok,,
2026-09-23,2026-09-23T08:18:29.142417+09:00,地方紙,沖縄,沖縄タイムス,沖縄の自己決定権を追求 「内発的発展」が必要 経済思想家・斎藤幸平さん、自立力を鍛え未来に道筋5:33有料#沖縄県知事選,https://www.okinawatimes.co.jp/articles/-/1929502,https://www.okinawatimes.co.jp/,ok,,
2026-09-23,2026-09-23T08:18:29.142417+09:00,地方紙,沖縄,沖縄タイムス,県内インフル全国最多続く 高齢者ワクチン前倒しも 注意報発令 休校や学級閉鎖次々4:00有料#社会・くらし,https://www.okinawatimes.co.jp/articles/-/1929492,https://www.okinawatimes.co.jp/,ok,,
2026-09-23,2026-09-23T08:18:29.142417+09:00,地方紙,沖縄,沖縄タイムス,南桃原 祭りで沸かせる 来月25日 ももやまエイサー 沖縄市 実行委豊田さん継続期す4:00有料#地域,https://www.okinawatimes.co.jp/articles/-/1929380,https://www.okinawatimes.co.jp/,ok,,
2026-09-23,2026-09-23T08:18:29.142417+09:00,地方紙,沖縄,沖縄タイムス,嘉陽田 気合の2冠 全日本卓球県予選4:00有料#スポーツ,https://www.okinawatimes.co.jp/articles/-/1929450,https://www.okinawatimes.co.jp/,ok,,
2026-09-23,2026-09-23T08:18:29.142417+09:00,地方紙,沖縄,沖縄タイムス,[大相撲秋場所](10日目) 熱海富士 はや勝ち越し 美ノ海 3敗目4:00有料#スポーツ,https://www.okinawatimes.co.jp/articles/-/1929416,https://www.okinawatimes.co.jp/,ok,,
2026-09-23,2026-09-23T08:18:29.142417+09:00,地方紙,沖縄,沖縄タイムス,超勤80時間超 2% 25年県立教職員 前年0.1ポイント減 小中は1.4% 0.4ポイント改善4:00有料#教育,https://www.okinawatimes.co.jp/articles/-/1929369,https://www.okinawatimes.co.jp/,ok,,
2026-09-23,2026-09-23T08:18:29.142417+09:00,地方紙,沖縄,沖縄タイムス,高規格救急車 導入へ支援 こども医療センターCF 来月23日まで 5千万円募る4:00有料#社会・くらし,https://www.okinawatimes.co.jp/articles/-/1929407,https://www.okinawatimes.co.jp/,ok,,
2026-09-23,2026-09-23T08:18:29.142417+09:00,地方紙,沖縄,沖縄タイムス,【ネパール土石流】ラッパー首相、難題直面 Z世代不満も、打開なるか8:13有料#プライムスペシャル,https://www.okinawatimes.co.jp/articles/-/1929598,https://www.okinawatimes.co.jp/,ok,,
2026-09-23,2026-09-23T08:18:29.142417+09:00,地方紙,沖縄,沖縄タイムス,AI、子供に深刻な悪影響恐れ 元グーグル幹部、対策要求8:13#全国の経済,https://www.okinawatimes.co.jp/articles/-/1929597,https://www.okinawatimes.co.jp/,ok,,
2026-09-23,2026-09-23T08:18:29.142417+09:00,地方紙,沖縄,沖縄タイムス,沖縄タイムス社はSNS時代の選挙報道指針を策定しました,https://www.okinawatimes.co.jp/articles/-/1912094,https://www.okinawatimes.co.jp/,ok,,
2026-09-23,2026-09-23T08:18:29.142417+09:00,地方紙,沖縄,沖縄タイムス,東恩納盛雄 さんがコメント(9月22日 15:46),https://www.okinawatimes.co.jp/articles/-/1928793,https://www.okinawatimes.co.jp/,ok,,
2026-09-23,2026-09-23T08:18:29.142417+09:00,地方紙,沖縄,沖縄タイムス,仲座健太 さんがコメント(9月22日 15:39),https://www.okinawatimes.co.jp/articles/-/1929211,https://www.okinawatimes.co.jp/,ok,,
2026-09-23,2026-09-23T08:18:29.142417+09:00,全国紙,全国,日本経済新聞,高市早苗首相、ゼレンスキー大統領と初会談 対ロシア制裁の継続強調,https://www.nikkei.com/article/DGXZQOUA2228B0S6A920C2000000/,https://news.ceek.jp/search.cgi?category_id=politics&feed=1,ok,,政治
2026-09-23,2026-09-23T08:18:29.142417+09:00,その他メディア,,フジテレビ,中道の解散決定から2週間 小川氏の目に涙◇「よかった」5割超の世論◇泉氏「納得できていない」 など動向まとめ,https://www.fnn.jp/articles/-/1117619,https://news.ceek.jp/search.cgi?category_id=politics&feed=1,ok,,政治
2026-09-23,2026-09-23T08:18:29.142417+09:00,その他メディア,,フジテレビ,"中道分裂決定から2週間 新党結成も暗雲 政党交付金の批判めぐり「強く反省」小川氏 「納得していない」泉氏は“直談判""",https://www.fnn.jp/articles/-/1118915,https://news.ceek.jp/search.cgi?category_id=politics&feed=1,ok,,政治
2026-09-23,2026-09-23T08:18:29.142417+09:00,全国紙,全国,東京新聞,高市首相の一日 9月22日(火),https://www.tokyo-np.co.jp/article/517182,https://news.ceek.jp/search.cgi?category_id=politics&feed=1,ok,,政治
2026-09-23,2026-09-23T08:18:29.142417+09:00,全国紙,全国,日本経済新聞,高市早苗首相、国連事務総長と会談 安保理改革や邦人職員の増員促す,https://www.nikkei.com/article/DGXZQOUA2228A0S6A920C2000000/,https://news.ceek.jp/search.cgi?category_id=politics&feed=1,ok,,政治
2026-09-23,2026-09-23T08:18:29.142417+09:00,その他メディア,,共同通信,日米、経済安保で対中連携 同盟の抑止力強化確認,https://www.47news.jp/14979011.html,https://news.ceek.jp/search.cgi?category_id=politics&feed=1,ok,,政治
2026-09-23,2026-09-23T08:18:29.142417+09:00,その他メディア,,フジテレビ,高市総理とトランプ大統領が会談 ICC巡り日本の立場伝達,https://www.fnn.jp/articles/-/1119387,https://news.ceek.jp/search.cgi?category_id=politics&feed=1,ok,,政治
2026-09-23,2026-09-23T08:18:29.142417+09:00,全国紙,全国,産経新聞,ICC制裁問題、日米首脳が「率直なやりとり」 高市首相、トランプ氏に日本の立場を説明,https://www.sankei.com/article/20260923-RH7F7VGYKZNC7CTPGUKAQEQZVM/,https://news.ceek.jp/search.cgi?category_id=politics&feed=1,ok,,政治
2026-09-23,2026-09-23T08:18:29.142417+09:00,全国紙,全国,読売新聞,高市首相がゼレンスキー大統領と会談、ウクライナ支援・ロシア制裁の施政を強調「各国が結束して支えることが重要」,https://www.yomiuri.co.jp/politics/20260923-GYT1T00087/,https://news.ceek.jp/search.cgi?category_id=politics&feed=1,ok,,政治
2026-09-23,2026-09-23T08:18:29.142417+09:00,その他メディア,,JBpress,躍進続くドイツ極右AfD、州議会選挙でまたも第1党に...全国の政党支持率でもトップ、冬のガス不足懸念も追い風,https://jbpress.ismedia.jp/articles/-/97141,https://news.ceek.jp/search.cgi?category_id=politics&feed=1,ok,,政治
2026-09-23,2026-09-23T08:18:29.142417+09:00,その他メディア,,JBpress,安倍晴明は「セイメイ」ではない?天皇の息災祈願をサボった晴明に摂政が下した処分とは摂関期官人列伝(30),https://jbpress.ismedia.jp/articles/-/97121,https://news.ceek.jp/search.cgi?category_id=politics&feed=1,ok,,政治
2026-09-23,2026-09-23T08:18:29.142417+09:00,その他メディア,,テレビ朝日,日米首脳会談で高市総理 同盟を「揺るぎないものに」,https://news.tv-asahi.co.jp/news_politics/articles/000535229.html,https://news.ceek.jp/search.cgi?category_id=politics&feed=1,ok,,政治
2026-09-23,2026-09-23T08:18:29.142417+09:00,全国紙,全国,産経新聞,首相、トランプ政権の赤根所長への制裁対象指定巡り日本の立場を説明 国連本部で首脳会談,https://www.sankei.com/article/20260923-XSZP2CP7GJLCNNOL62QKHHYSWI/,https://news.ceek.jp/search.cgi?category_id=politics&feed=1,ok,,政治
2026-09-23,2026-09-23T08:18:29.142417+09:00,全国紙,全国,日本経済新聞,高市首相、トルコ大統領と会談 ホルムズ海峡の安全航行訴え,https://www.nikkei.com/article/DGXZQOUA222870S6A920C2000000/,https://news.ceek.jp/search.cgi?category_id=politics&feed=1,ok,,政治
2026-09-23,2026-09-23T08:18:29.142417+09:00,その他メディア,,時事通信,高市首相、ウクライナ大統領と会談 就任後初、支援継続を表明へ,https://www.jiji.com/jc/article?k=2026092300186&g=pol,https://news.ceek.jp/search.cgi?category_id=politics&feed=1,ok,,政治
2026-09-23,2026-09-23T08:18:29.142417+09:00,その他メディア,,共同通信,【速報】首相、ICC巡る日本の立場説明,https://www.47news.jp/14979008.html,https://news.ceek.jp/search.cgi?category_id=politics&feed=1,ok,,政治
2026-09-23,2026-09-23T08:18:29.142417+09:00,その他メディア,,共同通信,【速報】日米首脳、同盟の抑止力強化方針で一致,https://www.47news.jp/14979005.html,https://news.ceek.jp/search.cgi?category_id=politics&feed=1,ok,,政治
2026-09-23,2026-09-23T08:18:29.142417+09:00,その他メディア,,共同通信,【速報】日米首脳、経済安保で対中連携確認,https://www.47news.jp/14979003.html,https://news.ceek.jp/search.cgi?category_id=politics&feed=1,ok,,政治
2026-09-23,2026-09-23T08:18:29.142417+09:00,その他メディア,,WEDGE Infinity,社会を支える〝足もと〟の世界...「下水道システム」という見えない地下への想像力を,https://wedge.ismedia.jp/articles/-/41012,https://news.ceek.jp/search.cgi?category_id=politics&feed=1,ok,,政治
2026-09-23,2026-09-23T08:18:29.142417+09:00,その他メディア,,WEDGE Infinity,〈データから考える国家財政〉財政問題は〝誰か〟のせいなのか?,https://wedge.ismedia.jp/articles/-/41085,https://news.ceek.jp/search.cgi?category_id=politics&feed=1,ok,,政治
2026-09-23,2026-09-23T08:18:29.142417+09:00,全国紙,全国,産経新聞,高市日誌22日(火),https://www.sankei.com/article/20260923-UACIVMCSJBNLTOK64SDTGFQTIQ/,https://news.ceek.jp/search.cgi?category_id=politics&feed=1,ok,,政治
2026-09-23,2026-09-23T08:18:29.142417+09:00,全国紙,全国,読売新聞,高市首相の一日,https://www.yomiuri.co.jp/politics/20260923-GYT1T00035/,https://news.ceek.jp/search.cgi?category_id=politics&feed=1,ok,,政治
2026-09-23,2026-09-23T08:18:29.142417+09:00,全国紙,全国,読売新聞,衆院議運委長に坂本氏 自民 予算委は斎藤氏起用,https://www.yomiuri.co.jp/politics/20260922-GYT1T00297/,https://news.ceek.jp/search.cgi?category_id=politics&feed=1,ok,,政治
2026-09-23,2026-09-23T08:18:29.142417+09:00,全国紙,全国,読売新聞,臨時国会 消費税減税審議 優先 与党 「少数」参院に目配り,https://www.yomiuri.co.jp/politics/20260922-GYT1T00299/,https://news.ceek.jp/search.cgi?category_id=politics&feed=1,ok,,政治
2026-09-23,2026-09-23T08:18:29.142417+09:00,全国紙,全国,読売新聞,減税対案 中道解体で暗礁,https://www.yomiuri.co.jp/politics/20260922-GYT1T00298/,https://news.ceek.jp/search.cgi?category_id=politics&feed=1,ok,,政治
2026-09-23,2026-09-23T08:18:29.142417+09:00,全国紙,全国,読売新聞,日米韓 経済威圧に反対 外相会談 中国念頭 北極圏協力 覚書見送り,https://www.yomiuri.co.jp/politics/20260923-GYT1T00037/,https://news.ceek.jp/search.cgi?category_id=politics&feed=1,ok,,政治
2026-09-23,2026-09-23T08:18:29.142417+09:00,全国紙,全国,読売新聞,高市首相とトランプ米大統領、約35分間会談「日米同盟の強固さを世界に示せた」...ICC巡る率直なやりとりも,https://www.yomiuri.co.jp/politics/20260923-GYT1T00082/,https://news.ceek.jp/search.cgi?category_id=politics&feed=1,ok,,政治
2026-09-23,2026-09-23T08:18:29.142417+09:00,その他メディア,,デイリースポーツ,首相「ICC一貫支持」,https://www.daily.co.jp/society/politics/2026/09/23/0020849844.shtml,https://news.ceek.jp/search.cgi?category_id=politics&feed=1,ok,,政治
2026-09-23,2026-09-23T08:18:29.142417+09:00,その他メディア,,共同通信,首相「ICC一貫支持」 軍国主義に反論、国連演説へ,https://www.47news.jp/14978812.html,https://news.ceek.jp/search.cgi?category_id=politics&feed=1,ok,,政治
2026-09-23,2026-09-23T08:18:29.142417+09:00,全国紙,全国,読売新聞,高市首相、国連演説で「法の支配」訴え...中東湾岸諸国のエネルギー供給で支援策に言及・国連改革も主張,https://www.yomiuri.co.jp/politics/20260923-GYT1T00030/,https://news.ceek.jp/search.cgi?category_id=politics&feed=1,ok,,政治
2026-09-23,2026-09-23T08:18:29.142417+09:00,全国紙,全国,日本経済新聞,高市早苗首相「法の支配は挑戦に直面」 国連演説、ICCの支持表明,https://www.nikkei.com/article/DGXZQOUA221030S6A920C2000000/,https://news.ceek.jp/search.cgi?category_id=politics&feed=1,ok,,政治
2026-09-23,2026-09-23T08:18:29.142417+09:00,その他メディア,,WEDGE Infinity,トランプはなぜ独裁者に会いたがるのか?韓国を置き去りにした外交で起こりうる最悪の事態...大御所リチャード・ハースが指摘すること,https://wedge.ismedia.jp/articles/-/41096,https://news.ceek.jp/search.cgi?category_id=politics&feed=1,ok,,政治
2026-09-23,2026-09-23T08:18:29.142417+09:00,その他メディア,,共同通信,【速報】日米同盟揺るぎないものにしたいと首相,https://www.47news.jp/14978808.html,https://news.ceek.jp/search.cgi?category_id=politics&feed=1,ok,,政治
2026-09-23,2026-09-23T08:18:29.142417+09:00,その他メディア,,共同通信,【速報】厳しい安保環境で日米同盟の強さ示すと首相,https://www.47news.jp/14978807.html,https://news.ceek.jp/search.cgi?category_id=politics&feed=1,ok,,政治
2026-09-23,2026-09-23T08:18:29.142417+09:00,その他メディア,,共同通信,【速報】日米首脳が会談,https://www.47news.jp/14978805.html,https://news.ceek.jp/search.cgi?category_id=politics&feed=1,ok,,政治
2026-09-23,2026-09-23T08:18:29.142417+09:00,その他メディア,,フジテレビ,日米首脳会談 トランプ大統領「総理として歴史に名を残すだろう」 高市総理「世界に向けて日米同盟の強さ示す」,https://www.fnn.jp/articles/-/1119321,https://news.ceek.jp/search.cgi?category_id=politics&feed=1,ok,,政治
2026-09-23,2026-09-23T08:18:29.142417+09:00,全国紙,全国,読売新聞,トランプ氏「高市首相は歴史に名を残すだろう」...日米首脳が会談、対中認識を擦り合わせ,https://www.yomiuri.co.jp/politics/20260923-GYT1T00073/,https://news.ceek.jp/search.cgi?category_id=politics&feed=1,ok,,政治
2026-09-23,2026-09-23T08:18:29.142417+09:00,全国紙,全国,毎日新聞,首相日々 21、22日,https://mainichi.jp/articles/20260923/ddm/002/010/061000c,https://news.ceek.jp/search.cgi?category_id=politics&feed=1,ok,,政治
2026-09-23,2026-09-23T08:18:29.142417+09:00,全国紙,全国,日本経済新聞,21、22日の高市首相の動静,https://www.nikkei.com/article/DGXZQOUA2216C0S6A920C2000000/,https://news.ceek.jp/search.cgi?category_id=politics&feed=1,ok,,政治
2026-09-23,2026-09-23T08:18:29.142417+09:00,その他メディア,,フジテレビ,"まもなく日米首脳会談 ポイントは“中国への対応""",https://www.fnn.jp/articles/-/1119311,https://news.ceek.jp/search.cgi?category_id=politics&feed=1,ok,,政治
2026-09-23,2026-09-23T08:18:29.142417+09:00,その他メディア,,フジテレビ,日米が北海道で共同実弾射撃訓練 ロケット砲や陸自無人偵察機 日米豪「オリエント・シールド」の一環,https://www.fnn.jp/articles/-/1119310,https://news.ceek.jp/search.cgi?category_id=politics&feed=1,ok,,政治
2026-09-23,2026-09-23T08:18:29.142417+09:00,その他メディア,,テレビ朝日,"日本の“防衛費拡大""報道も?安保3文書の改定めぐり物議",https://news.tv-asahi.co.jp/news_politics/articles/000535203.html,https://news.ceek.jp/search.cgi?category_id=politics&feed=1,ok,,政治
2026-09-23,2026-09-23T08:18:29.142417+09:00,全国紙,全国,産経新聞,中国で技能五輪国際大会 製造業、IT、ファッション...64職種 日本から60人参加,https://www.sankei.com/article/20260922-SM5HIAN32ZOOBIEMBWZKRRFJB4/,https://news.ceek.jp/search.cgi?category_id=politics&feed=1,ok,,政治
2026-09-23,2026-09-23T08:18:29.142417+09:00,その他メディア,,共同通信,【独自】人型ロボットの防衛活用研究へ AI搭載、基地警備や輸送を想定,https://www.47news.jp/14978292.html,https://news.ceek.jp/search.cgi?category_id=politics&feed=1,ok,,政治
2026-09-23,2026-09-23T08:18:29.142417+09:00,全国紙,全国,産経新聞,防衛分野へのヒト型ロボ活用研究 AI搭載、基地警備や輸送 政府が検討へ、省人化を推進,https://www.sankei.com/article/20260922-OKTC4KS5HBIVFOMU7YGLODR3C4/,https://news.ceek.jp/search.cgi?category_id=politics&feed=1,ok,,政治
2026-09-23,2026-09-23T08:18:29.142417+09:00,全国紙,全国,産経新聞,米中首脳会談 習氏、米との「対等」関係発信 訪米前外交でロシアやイランへの影響力誇示,https://www.sankei.com/article/20260922-ZAALGGZELVOPBFSYRZ6NMAGJRU/,https://news.ceek.jp/search.cgi?category_id=politics&feed=1,ok,,政治
2026-09-23,2026-09-23T08:18:29.142417+09:00,その他メディア,,フジテレビ,揺れるコメ政策に「百姓一揆や」農家憤り 備蓄米21万トンの買い戻し「遅いし少なすぎる」 来季のコメ作りも見通せず,https://www.fnn.jp/articles/-/1119296,https://news.ceek.jp/search.cgi?category_id=politics&feed=1,ok,,政治
2026-09-23,2026-09-23T08:18:29.142417+09:00,全国紙,全国,毎日新聞,高市首相、NYに到着 23日に日米首脳会談 国連総会演説も,https://mainichi.jp/articles/20260922/k00/00m/010/152000c,https://news.ceek.jp/search.cgi?category_id=politics&feed=1,ok,,政治
2026-09-23,2026-09-23T08:18:29.142417+09:00,その他メディア,,アサ芸プラス,できたばかりの「民主改革の会」世論調査の支持率なんと「0%」でもう「解党の危機」という笑えない現実,https://www.asagei.com/excerpt/349632,https://news.ceek.jp/search.cgi?category_id=politics&feed=1,ok,,政治
2026-09-23,2026-09-23T08:18:29.142417+09:00,その他メディア,,フジテレビ,"“佐渡空港""めぐり市議会紛糾...定期航路開設へ“滑走路の2000m化""目指すも地権者との交渉難航「まずは謝罪を」新潟",https://www.fnn.jp/articles/-/1117358,https://news.ceek.jp/search.cgi?category_id=politics&feed=1,ok,,政治
2026-09-23,2026-09-23T08:18:29.142417+09:00,全国紙,全国,産経新聞,AI時代、育てるべき人間性 吉田圭秀・防衛大学校長に聞く 東大出身、統幕長経て就任,https://www.sankei.com/article/20260922-S3ORMBPSVBKHLHSWJJHWNG4FIU/,https://news.ceek.jp/search.cgi?category_id=politics&feed=1,ok,,政治
2026-09-23,2026-09-23T08:18:29.142417+09:00,その他メディア,,テレビ朝日,高市総理「国連改革の必要性」初の演説へ トランプ氏とは米中会談前にすり合わせ?,https://news.tv-asahi.co.jp/news_politics/articles/000535156.html,https://news.ceek.jp/search.cgi?category_id=politics&feed=1,ok,,政治
2026-09-23,2026-09-23T08:18:29.142417+09:00,全国紙,全国,朝日新聞,【社説】官邸広報予算10倍 一方的発信より説明責任尽くすのが先,https://www.asahi.com/articles/ASV9P1P97V9PUSPT01BM.html,https://news.ceek.jp/search.cgi?category_id=politics&feed=1,ok,,政治
2026-09-23,2026-09-23T08:18:29.142417+09:00,その他メディア,,フジテレビ,被爆者の「痛み」に寄り添う相談員 波田保子さん90歳の思い 「存続か解散か」揺れる被爆者団体 広島,https://www.fnn.jp/articles/-/1119149,https://news.ceek.jp/search.cgi?category_id=politics&feed=1,ok,,政治
2026-09-23,2026-09-23T08:18:29.142417+09:00,全国紙,全国,日本経済新聞,首相の予算委出席「原則不要に」 首脳外交へ注力促す、民間機関提言,https://www.nikkei.com/article/DGXZQOUA192IH0Z10C26A9000000/,https://news.ceek.jp/search.cgi?category_id=politics&feed=1,ok,,政治
2026-09-23,2026-09-23T08:18:29.142417+09:00,全国紙,全国,産経新聞,中国が習氏の訪米日程発表 23~25日、3年ぶり AIや台湾問題を協議か,https://www.sankei.com/article/20260922-3NNUN6BIVZITPMDIY34RS2D4BM/,https://news.ceek.jp/search.cgi?category_id=politics&feed=1,ok,,政治
2026-09-23,2026-09-23T08:18:29.142417+09:00,全国紙,全国,産経新聞,中国、10月26日から重要会議 主な議題は「厳格な党統治の推進」 来年の党大会へ向け,https://www.sankei.com/article/20260922-55MEBR35GFLFZHKJH5AY3FXHTI/,https://news.ceek.jp/search.cgi?category_id=politics&feed=1,ok,,政治
2026-09-23,2026-09-23T08:18:29.142417+09:00,全国紙,全国,産経新聞,G7外相会合 声明でイランのフーシ派支援批判 ペゼシュキアン大統領の国連総会入り前に,https://www.sankei.com/article/20260922-62UMC5Z56RMFBF4BNPLN3STCTI/,https://news.ceek.jp/search.cgi?category_id=politics&feed=1,ok,,政治
2026-09-23,2026-09-23T08:18:29.142417+09:00,全国紙,全国,毎日新聞,選挙投票率80%超のスウェーデン 「選挙小屋」で有権者と対話,https://mainichi.jp/articles/20260920/k00/00m/010/034000c,https://news.ceek.jp/search.cgi?category_id=politics&feed=1,ok,,政治
2026-09-23,2026-09-23T08:18:29.142417+09:00,全国紙,全国,産経新聞,<独自>防衛大がAIリテラシー教育導入へ、来年度にも 安保3文書改定見据え PT設置,https://www.sankei.com/article/20260922-H7VWPD6HTZIIHLZQTAYVO52DAM/,https://news.ceek.jp/search.cgi?category_id=politics&feed=1,ok,,政治
2026-09-23,2026-09-23T08:18:29.142417+09:00,全国紙,全国,産経新聞,維新、本拠地の首長選で苦戦 「既成政党化」「自民党化」で支持離れか 問われる存在感,https://www.sankei.com/article/20260922-U4V74I5GBBMPBLXQIO67GCEENQ/,https://news.ceek.jp/search.cgi?category_id=politics&feed=1,ok,,政治
2026-09-23,2026-09-23T08:18:29.142417+09:00,その他メディア,,テレビ朝日,高市総理大臣 NYに到着 国連演説やトランプ大統領と会談へ,https://news.tv-asahi.co.jp/news_politics/articles/000535081.html,https://news.ceek.jp/search.cgi?category_id=politics&feed=1,ok,,政治
2026-09-23,2026-09-23T08:18:29.142417+09:00,その他メディア,,フジテレビ,「アイロンがけに行ってやりたかった」 認証式前のアイロンがけの姿に... 井林国交大臣など静岡県内選出の大臣が任命後初めての「お国入り」城内大臣も支援者に抱負 第2次高市改造内閣 静岡県,https://www.fnn.jp/articles/-/1119142,https://news.ceek.jp/search.cgi?category_id=politics&feed=1,ok,,政治
2026-09-23,2026-09-23T08:18:29.142417+09:00,その他メディア,,Abema TIMES,高市総理 ニューヨーク到着 明日トランプ大統領と会談へ,https://times.abema.tv/articles/-/10274463?page=1,https://news.ceek.jp/search.cgi?category_id=politics&feed=1,ok,,政治
2026-09-23,2026-09-23T08:18:29.142417+09:00,その他メディア,,フジテレビ,サプライズなき内閣改造でも支持率は回復 国対人事は高市総理の「ガンガン行くで」という宣戦布告だ,https://www.fnn.jp/articles/-/1119008,https://news.ceek.jp/search.cgi?category_id=politics&feed=1,ok,,政治
2026-09-23,2026-09-23T08:18:29.142417+09:00,全国紙,全国,産経新聞,高市首相、国連演説で「インド太平洋」構想進化訴えへ 供給網強靭化やAIで決意表明,https://www.sankei.com/article/20260922-K6LJZSHSAZKBRKDRSJ6T2XMACU/,https://news.ceek.jp/search.cgi?category_id=politics&feed=1,ok,,政治
2026-09-23,2026-09-23T08:18:29.142417+09:00,全国紙,全国,産経新聞,旧民主出身7人の曲折 自民最短入閣の細野氏「裏切り者」非難に...「負けたら引退」で突破,https://www.sankei.com/article/20260922-KTCEZFOWWRAMLF7E2F6XBTMUV4/,https://news.ceek.jp/search.cgi?category_id=politics&feed=1,ok,,政治
2026-09-23,2026-09-23T08:18:29.142417+09:00,その他メディア,,Abema TIMES,"日米韓外相 共同声明 台湾海峡“安定の重要性""強調",https://times.abema.tv/articles/-/10274397?page=1,https://news.ceek.jp/search.cgi?category_id=politics&feed=1,ok,,政治
2026-09-23,2026-09-23T08:18:29.142417+09:00,その他メディア,,フジテレビ,埼玉の2人組 石川・三重・静岡で広域犯行か,https://www.fnn.jp/articles/-/1119030,https://news.ceek.jp/search.cgi?category_id=politics&feed=1,ok,,政治
2026-09-23,2026-09-23T08:18:29.142417+09:00,全国紙,全国,日本経済新聞,G7外相共同声明、紅海海峡へのフーシ攻撃非難 イランに支援停止要求,https://www.nikkei.com/article/DGXZQOUA2000K0Q6A920C2000000/,https://news.ceek.jp/search.cgi?category_id=politics&feed=1,ok,,政治
2026-09-23,2026-09-23T08:18:29.142417+09:00,全国紙,全国,毎日新聞,茂木氏、土石流巡る支援継続を伝達 ネパール外相と会談,https://mainichi.jp/articles/20260922/k00/00m/010/086000c,https://news.ceek.jp/search.cgi?category_id=politics&feed=1,ok,,政治
2026-09-23,2026-09-23T08:18:29.142417+09:00,全国紙,全国,産経新聞,高市首相、日本時間23日午前にトランプ米大統領と会談 ニューヨークに到着,https://www.sankei.com/article/20260922-42C2KUB4AJJV3KM5F5I67R35LM/,https://news.ceek.jp/search.cgi?category_id=politics&feed=1,ok,,政治
2026-09-23,2026-09-23T08:18:29.142417+09:00,その他メディア,,フジテレビ,高市総理がニューヨーク到着 トランプ大統領と首脳会談へ 国連総会の演説で自然災害対策に貢献する姿勢示す方針,https://www.fnn.jp/articles/-/1119013,https://news.ceek.jp/search.cgi?category_id=politics&feed=1,ok,,政治
2026-09-23,2026-09-23T08:18:29.142417+09:00,その他メディア,,共同通信,【速報】日米首脳会談は日本時間23日午前開催,https://www.47news.jp/14977103.html,https://news.ceek.jp/search.cgi?category_id=politics&feed=1,ok,,政治
2026-09-23,2026-09-23T08:18:29.142417+09:00,全国紙,全国,産経新聞,「愛子天皇待望論」は伝統の破壊,https://www.sankei.com/article/20260922-BC5IAT5QLBMI3I2MWDMKQ63EVI/,https://news.ceek.jp/search.cgi?category_id=politics&feed=1,ok,,政治
2026-09-23,2026-09-23T08:18:29.142417+09:00,その他メディア,,日本テレビ,高市首相、ニューヨークに到着 国連演説や日米首脳会談へ,https://news.ntv.co.jp/category/politics/34c3c846fdcd4d3db4a7a2c414455ef1,https://news.ceek.jp/search.cgi?category_id=politics&feed=1,ok,,政治
2026-09-23,2026-09-23T08:18:29.142417+09:00,全国紙,全国,毎日新聞,経済的威圧に「断固反対」 中国を念頭、日米韓外相が共同声明,https://mainichi.jp/articles/20260922/k00/00m/010/072000c,https://news.ceek.jp/search.cgi?category_id=politics&feed=1,ok,,政治
2026-09-23,2026-09-23T08:18:29.142417+09:00,全国紙,全国,産経新聞,台湾が日米韓に謝意、外相会談「台湾海峡の一方的な現状変更の試みに反対」姿勢確認,https://www.sankei.com/article/20260922-4I3RMAMWVFPNFNH4AIP4K7E6NA/,https://news.ceek.jp/search.cgi?category_id=politics&feed=1,ok,,政治
2026-09-23,2026-09-23T08:18:29.142417+09:00,その他メディア,,共同通信,日米首脳、経済安保強化へ 中国念頭、22日国連演説,https://www.47news.jp/14976993.html,https://news.ceek.jp/search.cgi?category_id=politics&feed=1,ok,,政治
2026-09-23,2026-09-23T08:18:29.142417+09:00,その他メディア,,共同通信,【速報】G7外相、フーシ派非難の声明発表,https://www.47news.jp/14976994.html,https://news.ceek.jp/search.cgi?category_id=politics&feed=1,ok,,政治
2026-09-23,2026-09-23T08:18:29.142417+09:00,その他メディア,,テレビ朝日,"【解説】林芳正氏はなぜ閣外へ出たのか?「アンケート白紙」の意図と、来年総裁選に向けた“反高市""結集の動き",https://news.tv-asahi.co.jp/news_politics/articles/900200262.html,https://news.ceek.jp/search.cgi?category_id=politics&feed=1,ok,,政治
2026-09-23,2026-09-23T08:18:29.142417+09:00,その他メディア,,デイリースポーツ,オープンAI、外部検証拡大,https://www.daily.co.jp/society/economics/2026/09/23/0020850100.shtml,https://news.ceek.jp/search.cgi?category_id=business&feed=1,ok,,経済
2026-09-23,2026-09-23T08:18:29.142417+09:00,全国紙,全国,産経新聞,NY円、157円台前半,https://www.sankei.com/article/20260923-YA3W23YK6VKATHVYOAFO2GDZ2U/,https://news.ceek.jp/search.cgi?category_id=business&feed=1,ok,,経済
2026-09-23,2026-09-23T08:18:29.142417+09:00,全国紙,全国,産経新聞,NY株反落、185ドル安 収益懸念、銀行株に売り,https://www.sankei.com/article/20260923-YSRZHK2RI5KG5KVYBALSWTXTVA/,https://news.ceek.jp/search.cgi?category_id=business&feed=1,ok,,経済
2026-09-23,2026-09-23T08:18:29.142417+09:00,その他メディア,,週刊エコノミスト,インタビュー「バッテリー交換式の電動バイクをアフリカで展開」ガガン・グプタ Spiro創業者──持続可能なモビリティと雇用を創出,https://weekly-economist.mainichi.jp/articles/20260922/se1/00m/020/001000d,https://news.ceek.jp/search.cgi?category_id=business&feed=1,ok,,経済
2026-09-23,2026-09-23T08:18:29.142417+09:00,その他メディア,,TBSテレビ,出前館は8年赤字、生協の宅配は黒字 宅配サービスの採算は「一回止まって、いくら売れるか」で決まる,https://newsdig.tbs.co.jp/articles/-/2960497?display=1,https://news.ceek.jp/search.cgi?category_id=business&feed=1,ok,,経済
2026-09-23,2026-09-23T08:18:29.142417+09:00,その他メディア,,東京商工リサーチ,「鳶工事業」が苦境、倒産が過去最多ペース ~ 16年ぶり100件超、職人不足とコスト対応がネック ~,https://www.tsr-net.co.jp/data/detail/1203232_1527.html,https://news.ceek.jp/search.cgi?category_id=business&feed=1,ok,,経済
2026-09-23,2026-09-23T08:18:29.142417+09:00,その他メディア,,東京商工リサーチ,「畳製造業」 伝統産業に忍び寄る市場変化と後継問題 売上は3年連続で低迷、業歴100年超の老舗が2割超,https://www.tsr-net.co.jp/data/detail/1203258_1527.html,https://news.ceek.jp/search.cgi?category_id=business&feed=1,ok,,経済
2026-09-23,2026-09-23T08:18:29.142417+09:00,その他メディア,,Forbes JAPAN,欧州、冬を前に天然ガス備蓄量が「数十年ぶりの低水準」に,https://forbesjapan.com/articles/detail/105233,https://news.ceek.jp/search.cgi?category_id=business&feed=1,ok,,経済
2026-09-23,2026-09-23T08:18:29.142417+09:00,その他メディア,,デイリースポーツ,NY円、157円台前半,https://www.daily.co.jp/society/economics/2026/09/23/0020850042.shtml,https://news.ceek.jp/search.cgi?category_id=business&feed=1,ok,,経済
2026-09-23,2026-09-23T08:18:29.142417+09:00,全国紙,全国,日本経済新聞,NY円相場、小幅続落 1ドル=157円35〜45銭 イラン協議見極め,https://www.nikkei.com/article/DGXZQOFL222CP0S6A920C2000000/,https://news.ceek.jp/search.cgi?category_id=business&feed=1,ok,,経済
2026-09-23,2026-09-23T08:18:29.142417+09:00,その他メディア,,フジテレビ,感動の瞬間を逃さない...アジア大会の舞台裏で世界のフォトグラファーを支える日本の「プロ集団」,https://www.fnn.jp/articles/-/1119390,https://news.ceek.jp/search.cgi?category_id=business&feed=1,ok,,経済
2026-09-23,2026-09-23T08:18:29.142417+09:00,全国紙,全国,日本経済新聞,日経平均先物、大取の夜間取引で上昇 1790円高の6万6890円,https://www.nikkei.com/article/DGXZQOFL2300V0T20C26A9000000/,https://news.ceek.jp/search.cgi?category_id=business&feed=1,ok,,経済
2026-09-23,2026-09-23T08:18:29.142417+09:00,その他メディア,,共同通信,NY株反落、185ドル安 収益懸念、銀行株に売り,https://www.47news.jp/14979116.html,https://news.ceek.jp/search.cgi?category_id=business&feed=1,ok,,経済
2026-09-23,2026-09-23T08:18:29.142417+09:00,その他メディア,,共同通信,米AI責任者ベセント氏か 有力候補に浮上と報道,https://www.47news.jp/14979117.html,https://news.ceek.jp/search.cgi?category_id=business&feed=1,ok,,経済
2026-09-23,2026-09-23T08:18:29.142417+09:00,その他メディア,,デイリースポーツ,米AI責任者ベセント氏か,https://www.daily.co.jp/society/economics/2026/09/23/0020850017.shtml,https://news.ceek.jp/search.cgi?category_id=business&feed=1,ok,,経済
2026-09-23,2026-09-23T08:18:29.142417+09:00,その他メディア,,デイリースポーツ,NY株反落、185ドル安,https://www.daily.co.jp/society/economics/2026/09/23/0020850015.shtml,https://news.ceek.jp/search.cgi?category_id=business&feed=1,ok,,経済
2026-09-23,2026-09-23T08:18:29.142417+09:00,全国紙,全国,日本経済新聞,NY債券、長期債小反落 10年債利回り4.96% 金融政策の不透明感が重荷,https://www.nikkei.com/article/DGXZQOFL222CL0S6A920C2000000/,https://news.ceek.jp/search.cgi?category_id=business&feed=1,ok,,経済
2026-09-23,2026-09-23T08:18:29.142417+09:00,全国紙,全国,日本経済新聞,アンソロピックとOpenAIが低価格AI 値下げ競争激しく,https://www.nikkei.com/article/DGXZQOGN2300D0T20C26A9000000/,https://news.ceek.jp/search.cgi?category_id=business&feed=1,ok,,経済
2026-09-23,2026-09-23T08:18:29.142417+09:00,その他メディア,,共同通信,為替相場 23日(日本時間 6時),https://www.47news.jp/14978804.html,https://news.ceek.jp/search.cgi?category_id=business&feed=1,ok,,経済
2026-09-23,2026-09-23T08:18:29.142417+09:00,その他メディア,,日刊工業新聞,インクヘッド生産2倍超、リコーが新棟...「成長が期待できる分野だ」,https://newswitch.jp/p/50330,https://news.ceek.jp/search.cgi?category_id=business&feed=1,ok,,経済
2026-09-23,2026-09-23T08:18:29.142417+09:00,その他メディア,,日刊工業新聞,国産測量ドローン、省力化補助金に初登録,https://newswitch.jp/p/50335,https://news.ceek.jp/search.cgi?category_id=business&feed=1,ok,,経済
2026-09-23,2026-09-23T08:18:29.142417+09:00,その他メディア,,日刊工業新聞,半導体装置販売、8月は47%増...TSMCの投資活発,https://newswitch.jp/p/50331,https://news.ceek.jp/search.cgi?category_id=business&feed=1,ok,,経済
2026-09-23,2026-09-23T08:18:29.142417+09:00,その他メディア,,ハーバード・ビジネス・レビュー,AIが引き起こした問題の責任は、ベンダーではなく導入企業に降りかかる,https://dhbr.diamond.jp/articles/-/14521,https://news.ceek.jp/search.cgi?category_id=business&feed=1,ok,,経済
2026-09-23,2026-09-23T08:18:29.142417+09:00,その他メディア,,東洋経済オンライン,ファンダメンタルズに目を背ける日米当局の過度な介入では長期金利上昇は止まらない、市場シグナルを歪める大きな代償 | 政治・経済・投資,https://toyokeizai.net/articles/-/958486,https://news.ceek.jp/search.cgi?category_id=business&feed=1,ok,,経済
2026-09-23,2026-09-23T08:18:29.142417+09:00,全国紙,全国,読売新聞,NYダウ終値は185ドル安の5万1863ドル、金融株が売られ相場を押し下げ...ナスダックは連日の最高値更新,https://www.yomiuri.co.jp/economy/20260923-GYT1T00085/,https://news.ceek.jp/search.cgi?category_id=business&feed=1,ok,,経済
2026-09-23,2026-09-23T08:18:29.142417+09:00,その他メディア,,日刊ゲンダイ,注目ワード「配当落ち」 9月29日、日経平均「約385円安」のカラクリ...1.5兆円の買いは株高を呼ぶか,https://www.nikkan-gendai.com/articles/view/money/393273,https://news.ceek.jp/search.cgi?category_id=business&feed=1,ok,,経済
2026-09-23,2026-09-23T08:18:29.142417+09:00,その他メディア,,東洋経済オンライン,ガンダムのソリウムは空想ではなかった?レアアースに同伴するトリウムでカザフスタンが次世代エネルギーの開発拠点へ | 政治・経済・投資,https://toyokeizai.net/articles/-/958647?display=b,https://news.ceek.jp/search.cgi?category_id=business&feed=1,ok,,経済
2026-09-23,2026-09-23T08:18:29.142417+09:00,その他メディア,,東洋経済オンライン,"学校に行けなくても孤立させない...「不登校を減らす」のをやめた町が""発想の転換""で得た成果 | キャリア・教育",https://toyokeizai.net/articles/-/957805?display=b,https://news.ceek.jp/search.cgi?category_id=business&feed=1,ok,,経済
2026-09-23,2026-09-23T08:18:29.142417+09:00,全国紙,全国,日本経済新聞,米国株、ダウ反落し185ドル安 持ち高調整の売り優勢 ナスダックは最高値更新,https://www.nikkei.com/article/DGXZQOFL222O80S6A920C2000000/,https://news.ceek.jp/search.cgi?category_id=business&feed=1,ok,,経済
2026-09-23,2026-09-23T08:18:29.142417+09:00,全国紙,全国,日本経済新聞,NYダウ、反落し185ドル安 持ち高調整の売りが優勢,https://www.nikkei.com/article/DGXZQOFL2300J0T20C26A9000000/,https://news.ceek.jp/search.cgi?category_id=business&feed=1,ok,,経済
2026-09-23,2026-09-23T08:18:29.142417+09:00,全国紙,全国,産経新聞,NY原油続落、終値94ドル台 サウジ東西パイプライン再稼働で輸出再開見通し...不安後退,https://www.sankei.com/article/20260923-DTAOI3RSRJNMJFXPCGX6RRBKVY/,https://news.ceek.jp/search.cgi?category_id=business&feed=1,ok,,経済
2026-09-23,2026-09-23T08:18:29.142417+09:00,その他メディア,,東洋経済オンライン,ニトリ元社長が助言、年中無休・夜9時まで診療する異色のクリニックが覆す医療の常識 「コンビニのように使ってほしい」 | 政治・経済・投資,https://toyokeizai.net/articles/-/958264,https://news.ceek.jp/search.cgi?category_id=business&feed=1,ok,,経済
2026-09-23,2026-09-23T08:18:29.142417+09:00,全国紙,全国,日本経済新聞,シカゴ日本株先物概況・22日 日経平均先物は570円高の6万6970円,https://www.nikkei.com/article/DGXZQOFL222KV0S6A920C2000000/,https://news.ceek.jp/search.cgi?category_id=business&feed=1,ok,,経済
2026-09-23,2026-09-23T08:18:29.142417+09:00,その他メディア,,デイリースポーツ,NY原油続落、終値94ドル台,https://www.daily.co.jp/society/economics/2026/09/23/0020849993.shtml,https://news.ceek.jp/search.cgi?category_id=business&feed=1,ok,,経済
2026-09-23,2026-09-23T08:18:29.142417+09:00,その他メディア,,共同通信,NY株式 22日終値,https://www.47news.jp/14979025.html,https://news.ceek.jp/search.cgi?category_id=business&feed=1,ok,,経済
2026-09-23,2026-09-23T08:18:29.142417+09:00,その他メディア,,共同通信,NY原油続落、終値94ドル台 輸出再開見通しで不安後退,https://www.47news.jp/14979024.html,https://news.ceek.jp/search.cgi?category_id=business&feed=1,ok,,経済
2026-09-23,2026-09-23T08:18:29.142417+09:00,全国紙,全国,日本経済新聞,米ウエスチングハウス、10月にも株式上場か 目標評価額は7.8兆円超,https://www.nikkei.com/article/DGXZQOGN222FN0S6A920C2000000/,https://news.ceek.jp/search.cgi?category_id=business&feed=1,ok,,経済
2026-09-23,2026-09-23T08:18:29.142417+09:00,その他メディア,,東洋経済オンライン,『ダ・ヴィンチ』は休刊、『ダイヤモンド』は紙発行終了へ、雑誌市場は約30年で1/4まで衰退...「底なし不況」が広げる波紋 | ビジネス,https://toyokeizai.net/articles/-/958435,https://news.ceek.jp/search.cgi?category_id=business&feed=1,ok,,経済
2026-09-23,2026-09-23T08:18:29.142417+09:00,その他メディア,,共同通信,日立、鉄道でM&A意欲 新市場開拓へ「厳選」構え,https://www.47news.jp/14979010.html,https://news.ceek.jp/search.cgi?category_id=business&feed=1,ok,,経済
2026-09-23,2026-09-23T08:18:29.142417+09:00,その他メディア,,デイリースポーツ,日立、鉄道でM&A意欲,https://www.daily.co.jp/society/economics/2026/09/23/0020849986.shtml,https://news.ceek.jp/search.cgi?category_id=business&feed=1,ok,,経済
2026-09-23,2026-09-23T08:18:29.142417+09:00,全国紙,全国,日本経済新聞,新車が買えないアメリカ人 平均車齢13年、修理で潤う用品店の憂鬱,https://www.nikkei.com/article/DGXZQOGN222CD0S6A920C2000000/,https://news.ceek.jp/search.cgi?category_id=business&feed=1,ok,,経済
2026-09-23,2026-09-23T08:18:29.142417+09:00,その他メディア,,東洋経済オンライン,保険販売をめぐる不祥事は偶発的なものではない...「不正のトライアングル」が潜む保険販売の特殊構造とは? | ビジネス,https://toyokeizai.net/articles/-/958301,https://news.ceek.jp/search.cgi?category_id=business&feed=1,ok,,経済
2026-09-23,2026-09-23T08:18:29.142417+09:00,全国紙,全国,日本経済新聞,日本株ADR22日、売り優勢 銀行の下げ目立つ,https://www.nikkei.com/article/DGXZQOFL2229W0S6A920C2000000/,https://news.ceek.jp/search.cgi?category_id=business&feed=1,ok,,経済
2026-09-23,2026-09-23T08:18:29.142417+09:00,その他メディア,,共同通信,【速報】NY株反落、185ドル安,https://www.47news.jp/14979004.html,https://news.ceek.jp/search.cgi?category_id=business&feed=1,ok,,経済
2026-09-23,2026-09-23T08:18:29.142417+09:00,全国紙,全国,日本経済新聞,NY商品、原油続落 サウジのパイプライン再開報道受け 金も続落,https://www.nikkei.com/article/DGXZQOFL222C10S6A920C2000000/,https://news.ceek.jp/search.cgi?category_id=business&feed=1,ok,,経済
2026-09-23,2026-09-23T08:18:29.142417+09:00,全国紙,全国,日本経済新聞,OpenAIは「数学の成果横取り」 フィールズ賞教授が非難,https://www.nikkei.com/article/DGXZQOGN221FZ0S6A920C2000000/,https://news.ceek.jp/search.cgi?category_id=business&feed=1,ok,,経済
2026-09-23,2026-09-23T08:18:29.142417+09:00,全国紙,全国,日本経済新聞,米国株、ダウ反落 持ち高調整の売りで ナスダックは最高値更新,https://www.nikkei.com/article/DGXZQOFL222O90S6A920C2000000/,https://news.ceek.jp/search.cgi?category_id=business&feed=1,ok,,経済
2026-09-23,2026-09-23T08:18:29.142417+09:00,その他メディア,,共同通信,「学研ホールディングス」学習雑誌が始まり創業80年 高齢者向け事業も【経済トレンド/わが社のあの時】,https://www.47news.jp/14978864.html,https://news.ceek.jp/search.cgi?category_id=business&feed=1,ok,,経済
2026-09-23,2026-09-23T08:18:29.142417+09:00,その他メディア,,日本農業新聞,小遣い管理キャッシュレスで 子ども向けサービスが拡大,https://www.agrinews.co.jp/economy/index/408192,https://news.ceek.jp/search.cgi?category_id=business&feed=1,ok,,経済
2026-09-23,2026-09-23T08:18:29.142417+09:00,その他メディア,,日本農業新聞,北海道産カボチャ「ほっこり煮」発売 マルヤナギ小倉屋,https://www.agrinews.co.jp/economy/index/408195,https://news.ceek.jp/search.cgi?category_id=business&feed=1,ok,,経済
2026-09-23,2026-09-23T08:18:29.142417+09:00,その他メディア,,日本農業新聞,〝月見メニュー〟活況 初参戦企業も、鶏卵相場上げ基調に,https://www.agrinews.co.jp/economy/index/408191,https://news.ceek.jp/search.cgi?category_id=business&feed=1,ok,,経済
2026-09-23,2026-09-23T08:18:29.142417+09:00,その他メディア,,日本農業新聞,賞味期限、触って把握 ロッテが包装材に新たな仕組み,https://www.agrinews.co.jp/economy/index/408193,https://news.ceek.jp/search.cgi?category_id=business&feed=1,ok,,経済
2026-09-23,2026-09-23T08:18:29.142417+09:00,全国紙,全国,読売新聞,米中「休戦延長」で攻防 貿易戦争 期間折り合わず 閣僚級協議,https://www.yomiuri.co.jp/economy/20260923-GYT1T00040/,https://news.ceek.jp/search.cgi?category_id=business&feed=1,ok,,経済
2026-09-23,2026-09-23T08:18:29.142417+09:00,その他メディア,,現代ビジネス,「激安服のSHEIN」米国で格安ルールが廃止され大ピンチ...?ピーク時から「価値4分の1」になった意外な裏側,https://gendai.media/articles/-/171366,https://news.ceek.jp/search.cgi?category_id=business&feed=1,ok,,経済
2026-09-23,2026-09-23T08:18:29.142417+09:00,その他メディア,,現代ビジネス,「SHEINはオワコン」説を専門家が検証...日本のアパレル業界がその「裏側の仕組み」に絶対に勝てない納得の理由,https://gendai.media/articles/-/171367,https://news.ceek.jp/search.cgi?category_id=business&feed=1,ok,,経済
2026-09-23,2026-09-23T08:18:29.142417+09:00,全国紙,全国,日本経済新聞,熊本地震、被災者の「関連後遺症」リスクも 福島・原発災害の研究者,https://www.nikkei.com/article/DGXZQOCC09A5F0Z00C26A9000000/,https://news.ceek.jp/search.cgi?category_id=business&feed=1,ok,,経済
2026-09-23,2026-09-23T08:18:29.142417+09:00,全国紙,全国,日本経済新聞,前年の所得情報は古すぎる 所得連動給付、必要なのはリアルタイム把握,https://www.nikkei.com/article/DGXZQOCD172X20X10C26A9000000/,https://news.ceek.jp/search.cgi?category_id=business&feed=1,ok,,経済
2026-09-23,2026-09-23T08:18:29.142417+09:00,全国紙,全国,日本経済新聞,米でファーウェイ裁判開始、「組織犯罪」巡り攻防 米中関係に影響,https://www.nikkei.com/article/DGXZQOGM186NY0Y6A910C2000000/,https://news.ceek.jp/search.cgi?category_id=business&feed=1,ok,,経済
2026-09-23,2026-09-23T08:18:29.142417+09:00,全国紙,全国,日本経済新聞,バゲットを売らない店が増えるフランスで 人気集める古代小麦パン,https://www.nikkei.com/article/DGXZQOGR18BIY0Y6A610C2000000/,https://news.ceek.jp/search.cgi?category_id=business&feed=1,ok,,経済
2026-09-23,2026-09-23T08:18:29.142417+09:00,全国紙,全国,日本経済新聞,英ロールス・ロイス幹部、次世代戦闘機は「空飛ぶ発電所」,https://www.nikkei.com/article/DGXZQOGR28B5N0Y6A720C2000000/,https://news.ceek.jp/search.cgi?category_id=business&feed=1,ok,,経済
2026-09-23,2026-09-23T08:18:29.142417+09:00,全国紙,全国,日本経済新聞,日米欧中銀、歴史的「同時利上げ」 次の一手の手掛かりを探る,https://www.nikkei.com/article/DGXZQOUB191SW0Z10C26A9000000/,https://news.ceek.jp/search.cgi?category_id=business&feed=1,ok,,経済
2026-09-23,2026-09-23T08:18:29.142417+09:00,全国紙,全国,日本経済新聞,マラリア対策、ドローン・AIで蚊を駆除 異業種人材が革新生む,https://www.nikkei.com/article/DGXZQOUC018NP0R00C26A9000000/,https://news.ceek.jp/search.cgi?category_id=business&feed=1,ok,,経済
2026-09-23,2026-09-23T08:18:29.142417+09:00,全国紙,全国,日本経済新聞,リクルートHDの人事執行役員が求める「健全な文句」を言う新人,https://www.nikkei.com/article/DGXZQOUC080W80Y6A900C2000000/,https://news.ceek.jp/search.cgi?category_id=business&feed=1,ok,,経済
2026-09-23,2026-09-23T08:18:29.142417+09:00,全国紙,全国,日本経済新聞,三菱地所、バリ島に初のアウトレット レースや陶器の地元ブランドも,https://www.nikkei.com/article/DGXZQOUC178110X10C26A9000000/,https://news.ceek.jp/search.cgi?category_id=business&feed=1,ok,,経済
2026-09-23,2026-09-23T08:18:29.142417+09:00,全国紙,全国,日本経済新聞,名より実取ったホンダ、トヨタカレンダー刷新 車産業の今を読む5選,https://www.nikkei.com/article/DGXZQOUC179QX0X10C26A9000000/,https://news.ceek.jp/search.cgi?category_id=business&feed=1,ok,,経済
2026-09-23,2026-09-23T08:18:29.142417+09:00,全国紙,全国,日本経済新聞,シャープ、複数の衛星通信に対応のアンテナ スターリンク依存脱却へ,https://www.nikkei.com/article/DGXZQOUF215B40R20C26A8000000/,https://news.ceek.jp/search.cgi?category_id=business&feed=1,ok,,経済
2026-09-23,2026-09-23T08:18:29.142417+09:00,全国紙,全国,読売新聞,[フカヨミ]変わる企業統治指針<下>ROEと成長投資 両立...脱「株主還元偏重」促す,https://www.yomiuri.co.jp/economy/20260922-GYT1T00301/,https://news.ceek.jp/search.cgi?category_id=business&feed=1,ok,,経済
2026-09-23,2026-09-23T08:18:29.142417+09:00,その他メディア,,東洋経済オンライン,"《日本に来た外国人1人当たりの支出が多い国》1位は「中国」でも「中東」でもない""意外な国"" 1人当たり51万円超を使うのは... | ライフ",https://toyokeizai.net/articles/-/958498?display=b,https://news.ceek.jp/search.cgi?category_id=business&feed=1,ok,,経済
2026-09-23,2026-09-23T08:18:29.142417+09:00,全国紙,全国,日本経済新聞,ソフトバンクGジャンク債に発行額2倍の需要、10%の金利も 米報道,https://www.nikkei.com/article/DGXZQOGN222RD0S6A920C2000000/,https://news.ceek.jp/search.cgi?category_id=business&feed=1,ok,,経済
2026-09-23,2026-09-23T08:18:29.142417+09:00,その他メディア,,日本金融通信,常陽銀、管理職もスキル可視化 営業担当者の評価定着,https://www.nikkinonline.com/article/424391,https://news.ceek.jp/search.cgi?category_id=business&feed=1,ok,,経済
2026-09-23,2026-09-23T08:18:29.142417+09:00,その他メディア,,日本金融通信,Vol.49(最終回) ドラッカーから学ぶマネジメント,https://www.nikkinonline.com/article/424350,https://news.ceek.jp/search.cgi?category_id=business&feed=1,ok,,経済
2026-09-23,2026-09-23T08:18:29.142417+09:00,その他メディア,,日本金融通信,CCIG、海外投融資485億円へ 統括会社設立し戦略加速,https://www.nikkinonline.com/article/424411,https://news.ceek.jp/search.cgi?category_id=business&feed=1,ok,,経済
2026-09-23,2026-09-23T08:18:29.142417+09:00,その他メディア,,日本金融通信,労金、アプリで振り込み可能に フルバンキング機能追加,https://www.nikkinonline.com/article/424422,https://news.ceek.jp/search.cgi?category_id=business&feed=1,ok,,経済
2026-09-23,2026-09-23T08:18:29.142417+09:00,その他メディア,,日本金融通信,瀬戸信金、創業受講者500人突破 融資実行7.7億円,https://www.nikkinonline.com/article/424443,https://news.ceek.jp/search.cgi?category_id=business&feed=1,ok,,経済
2026-09-23,2026-09-23T08:18:29.142417+09:00,全国紙,全国,日本経済新聞,楽天トラベルが特典変更 予約時に宿泊料金割引,https://www.nikkei.com/article/DGXZQOUB0778R0X00C26A9000000/,https://news.ceek.jp/search.cgi?category_id=business&feed=1,ok,,経済
2026-09-23,2026-09-23T08:18:29.142417+09:00,全国紙,全国,日本経済新聞,闘う経済アナリスト・森永康平さんの異色の就職経験(佐田志歩),https://www.nikkei.com/article/DGXZQOUB1698W0W6A910C2000000/,https://news.ceek.jp/search.cgi?category_id=business&feed=1,ok,,経済
2026-09-23,2026-09-23T08:18:29.142417+09:00,その他メディア,,JBpress,「70%で動く」が世界最安車「タタ・ナノ」で裏目に...インドの俊敏さと日本の精緻さが活きる領域,https://jbpress.ismedia.jp/articles/-/96572,https://news.ceek.jp/search.cgi?category_id=business&feed=1,ok,,経済
2026-09-23,2026-09-23T08:18:29.142417+09:00,全国紙,全国,日本経済新聞,ドイツ株22日 小幅続伸、原油下落は支え,https://www.nikkei.com/article/DGXZQOFL221KO0S6A920C2000000/,https://news.ceek.jp/search.cgi?category_id=business&feed=1,ok,,経済
2026-09-23,2026-09-23T08:18:29.142417+09:00,全国紙,全国,日本経済新聞,ロンドン株22日 反落、銀行に売り 中東巡り様子見も,https://www.nikkei.com/article/DGXZQOFL221KJ0S6A920C2000000/,https://news.ceek.jp/search.cgi?category_id=business&feed=1,ok,,経済
2026-09-23,2026-09-23T08:18:29.142417+09:00,全国紙,全国,日本経済新聞,英長期金利が一時上昇、5.2%台 8月の英財政赤字が予想上回る,https://www.nikkei.com/article/DGXZQOUB2227Q0S6A920C2000000/,https://news.ceek.jp/search.cgi?category_id=business&feed=1,ok,,経済
2026-09-23,2026-09-23T08:18:29.142417+09:00,その他メディア,,共同通信,為替相場 23日(日本時間 2時),https://www.47news.jp/14975547.html,https://news.ceek.jp/search.cgi?category_id=business&feed=1,ok,,経済
2026-09-23,2026-09-23T08:18:29.142417+09:00,全国紙,全国,日本経済新聞,大手行が国内融資に回帰 バブル後初のシェア拡大、地銀・信金は逆風,https://www.nikkei.com/article/DGXZQOUB033P10T00C26A9000000/,https://news.ceek.jp/search.cgi?category_id=business&feed=1,ok,,経済
2026-09-23,2026-09-23T08:18:29.142417+09:00,全国紙,全国,日本経済新聞,琉球大学、泡盛に欠かせぬ黒麴菌探究 地元企業と商品開発,https://www.nikkei.com/article/DGXZQOUB102740Q6A810C2000000/,https://news.ceek.jp/search.cgi?category_id=business&feed=1,ok,,経済
2026-09-23,2026-09-23T08:18:29.142417+09:00,全国紙,全国,日本経済新聞,KENZOがブランド再構築 原宿で期間限定店、若者との接点増やす,https://www.nikkei.com/article/DGXZQOUC182UA0Y6A910C2000000/,https://news.ceek.jp/search.cgi?category_id=business&feed=1,ok,,経済
2026-09-23,2026-09-23T08:18:29.142417+09:00,全国紙,全国,日本経済新聞,オイシックス「あなみず餃子」を全国に、石川県穴水町と息の長い復興支援,https://www.nikkei.com/article/DGXZQOUC184RX0Y6A910C2000000/,https://news.ceek.jp/search.cgi?category_id=business&feed=1,ok,,経済
2026-09-23,2026-09-23T08:18:29.142417+09:00,全国紙,全国,日本経済新聞,欧州国債概況22日 独10年債利回りは横ばい、原油下落は相場支える,https://www.nikkei.com/article/DGXZQOFL221KF0S6A920C2000000/,https://news.ceek.jp/search.cgi?category_id=business&feed=1,ok,,経済
2026-09-23,2026-09-23T08:18:29.142417+09:00,全国紙,全国,日本経済新聞,難病ALS、ミトコンドリアの機能高める化合物が効果か 東北大学など,https://www.nikkei.com/article/DGXZQOSG160J90W6A910C2000000/,https://news.ceek.jp/search.cgi?category_id=business&feed=1,ok,,経済
2026-09-23,2026-09-23T08:18:29.142417+09:00,全国紙,全国,日本経済新聞,ロンドン外為22日 ユーロ、対ドルで下落 原油下落でドル売り強まる場面も,https://www.nikkei.com/article/DGXZQOFL221IH0S6A920C2000000/,https://news.ceek.jp/search.cgi?category_id=business&feed=1,ok,,経済
2026-09-23,2026-09-23T08:18:29.142417+09:00,全国紙,全国,日本経済新聞,かどや製油、洋食に合うごま油 低温焙煎でオリーブオイル代わりに,https://www.nikkei.com/article/DGXZQOUC184RT0Y6A910C2000000/,https://news.ceek.jp/search.cgi?category_id=business&feed=1,ok,,経済
2026-09-23,2026-09-23T08:18:29.142417+09:00,全国紙,全国,日本経済新聞,NYダウ、一進一退で始まる 原油安支えにナスダック総合は続伸,https://www.nikkei.com/article/DGXZQOFL222A90S6A920C2000000/,https://news.ceek.jp/search.cgi?category_id=business&feed=1,ok,,経済
2026-09-23,2026-09-23T08:18:29.142417+09:00,全国紙,全国,日本経済新聞,米国株、ダウ一進一退で始まる 原油安支えにハイテクは高い,https://www.nikkei.com/article/DGXZQOFL2221H0S6A920C2000000/,https://news.ceek.jp/search.cgi?category_id=business&feed=1,ok,,経済
2026-09-23,2026-09-23T08:18:29.142417+09:00,その他メディア,,デイリースポーツ,NY株、小動きで始まる,https://www.daily.co.jp/society/economics/2026/09/22/0020849233.shtml,https://news.ceek.jp/search.cgi?category_id=business&feed=1,ok,,経済
2026-09-23,2026-09-23T08:18:29.142417+09:00,その他メディア,,共同通信,NY株、小動きで始まる,https://www.47news.jp/14978650.html,https://news.ceek.jp/search.cgi?category_id=business&feed=1,ok,,経済
2026-09-23,2026-09-23T08:18:29.142417+09:00,その他メディア,,共同通信,【速報】NY株、小動きで始まる,https://www.47news.jp/14978631.html,https://news.ceek.jp/search.cgi?category_id=business&feed=1,ok,,経済
2026-09-23,2026-09-23T08:18:29.142417+09:00,その他メディア,,フジテレビ,工事現場で3m以上の高さから転落し死亡 インドネシア国籍の技能実習生の男性(22) 広島・福山市,https://www.fnn.jp/articles/-/1119397,https://news.ceek.jp/search.cgi?category_id=national&feed=1,ok,,社会
2026-09-23,2026-09-23T08:18:29.142417+09:00,その他メディア,,フジテレビ,工事現場で3m以上の高さから転落し死亡 インドネシア国籍の技能実習生の男性(22) 広島・福山市,https://www.fnn.jp/articles/-/1119404,https://news.ceek.jp/search.cgi?category_id=national&feed=1,ok,,社会
2026-09-23,2026-09-23T08:18:29.142417+09:00,その他メディア,,テレ東BIZ,日米首脳会談 高市総理「世界に同盟の強さ示す」,https://txbiz.tv-tokyo.co.jp/txn/news_txn/post_349172,https://news.ceek.jp/search.cgi?category_id=national&feed=1,ok,,社会
2026-09-23,2026-09-23T08:18:29.142417+09:00,その他メディア,,フジテレビ,「毎日楽しくするのは小さな達成感を重ねること」79歳の絵描きYouTuber・柴崎春通さん 70歳から始めた挑戦でSNS総フォロワー400万人超 40代で絵画講師・米農家兼業しバックパッカーまで,https://www.fnn.jp/articles/-/1119401,https://news.ceek.jp/search.cgi?category_id=national&feed=1,ok,,社会
2026-09-23,2026-09-23T08:18:29.142417+09:00,その他メディア,,フジテレビ,所持金はわずか10円...飲食店で無銭飲食か 「デビットカードを落としただけ」と容疑否認 自称派遣社員の男(68)を現行犯逮捕<北海道旭川市>,https://www.fnn.jp/articles/-/1119400,https://news.ceek.jp/search.cgi?category_id=national&feed=1,ok,,社会
2026-09-23,2026-09-23T08:18:29.142417+09:00,その他メディア,,デイリースポーツ,首相、対ロシア制裁の継続表明,https://www.daily.co.jp/society/main/2026/09/23/0020850092.shtml,https://news.ceek.jp/search.cgi?category_id=national&feed=1,ok,,社会
2026-09-23,2026-09-23T08:18:29.142417+09:00,その他メディア,,日本テレビ,"両親が語る事故の瞬間「この気持ちをどこに持って行けば...」 “飲酒運転""事故に巻き込まれ3歳男児死亡 福岡市",https://news.ntv.co.jp/category/society/2b636bbbb415404b9bd4be3cb371f89c,https://news.ceek.jp/search.cgi?category_id=national&feed=1,ok,,社会
2026-09-23,2026-09-23T08:18:29.142417+09:00,その他メディア,,フジテレビ,転売目的か?見ず知らずの男性宅に侵入、タイヤ6本を盗んだ疑い_古物買取業の33歳男を現行犯逮捕 「盗みはしていない」と容疑否認<北海道札幌市>,https://www.fnn.jp/articles/-/1119399,https://news.ceek.jp/search.cgi?category_id=national&feed=1,ok,,社会
2026-09-23,2026-09-23T08:18:29.142417+09:00,その他メディア,,テレビ朝日,「交通安全をゲッツ!」ダンディ坂野が一日署長 自転車の安全運転呼びかけ,https://news.tv-asahi.co.jp/news_society/articles/000535233.html,https://news.ceek.jp/search.cgi?category_id=national&feed=1,ok,,社会
2026-09-23,2026-09-23T08:18:29.142417+09:00,全国紙,全国,東京新聞,競輪の諸橋愛選手死去 49歳、12日に落車事故,https://www.tokyo-np.co.jp/article/517149,https://news.ceek.jp/search.cgi?category_id=national&feed=1,ok,,社会
2026-09-23,2026-09-23T08:18:29.142417+09:00,全国紙,全国,東京新聞,金子雄二さん死去 胎児性水俣病患者,https://www.tokyo-np.co.jp/article/517148,https://news.ceek.jp/search.cgi?category_id=national&feed=1,ok,,社会
2026-09-23,2026-09-23T08:18:29.142417+09:00,その他メディア,,デイリー新潮,"LINEのやり取りは“午前11時から19時""...現役ヤクザが明らかに怪しい“ロマンス詐欺""にカネを騙し取られるまで 「俺がヤクザだってことで迷惑をかけるんじゃないかと悩んでいた」",https://www.dailyshincho.jp/article/2026/09230701/?all=1,https://news.ceek.jp/search.cgi?category_id=national&feed=1,ok,,社会
2026-09-23,2026-09-23T08:18:29.142417+09:00,その他メディア,,デイリー新潮,"まさにリアル「ラヴ上等」...現役ヤクザがマチアプで“仙台在住の女性デザイナー(28)""との純愛にハマるまで 「独立資金が300万円足りないの...」への驚きの反応",https://www.dailyshincho.jp/article/2026/09230700/?all=1,https://news.ceek.jp/search.cgi?category_id=national&feed=1,ok,,社会
2026-09-23,2026-09-23T08:18:29.142417+09:00,全国紙,全国,朝日新聞,9月23日は手話の日、やってみませんか 毎年新しい表現、方言も,https://www.asahi.com/articles/ASV9M4DFTV9MPITB006M.html,https://news.ceek.jp/search.cgi?category_id=national&feed=1,ok,,社会
2026-09-23,2026-09-23T08:18:29.142417+09:00,全国紙,全国,朝日新聞,「動物を守る人たち」取材し考えた 動物を守れる社会は誰にも優しい,https://www.asahi.com/articles/ASV9C1DYJV9COXIE01JM.html,https://news.ceek.jp/search.cgi?category_id=national&feed=1,ok,,社会
2026-09-23,2026-09-23T08:18:29.142417+09:00,その他メディア,,ポストセブン,《離れて立っても裸ってわかる》駅ナカの個室型ワークスペースで性的行為、外から丸見え動画撮影に弁護士は「公然わいせつ罪が成立する可能性はある」と指摘,https://www.news-postseven.com/archives/20260923_2132701.html,https://news.ceek.jp/search.cgi?category_id=national&feed=1,ok,,社会
2026-09-23,2026-09-23T08:18:29.142417+09:00,その他メディア,,ポストセブン,《くもりガラス越しでも丸見えの悪質な露出》自称・女子大生が駅構内の個室型ワークスペースでわいせつ撮影、運営元は「必要な情報収集を行っております」,https://www.news-postseven.com/archives/20260923_2132700.html,https://news.ceek.jp/search.cgi?category_id=national&feed=1,ok,,社会
2026-09-23,2026-09-23T08:18:29.142417+09:00,その他メディア,,ポストセブン,"《売春島から“泳いで逃げた女""は実在したか》島民や船頭まで組み込んだ「連絡網」に、絶望感抱かせる「高級着物購入システム」 売春島に女性を縛った“アメとムチ""",https://www.news-postseven.com/archives/20260923_2131831.html,https://news.ceek.jp/search.cgi?category_id=national&feed=1,ok,,社会
2026-09-23,2026-09-23T08:18:29.142417+09:00,その他メディア,,ポストセブン,「昔は大阪府警が慰安旅行で来ていた」元売春小屋経営者が明かす、島がめったに摘発されなかったワケ、逃げ場のない外国人女性を「絞れるだけ絞ったれ」という悪徳店も,https://www.news-postseven.com/archives/20260923_2131829.html,https://news.ceek.jp/search.cgi?category_id=national&feed=1,ok,,社会
2026-09-23,2026-09-23T08:18:29.142417+09:00,その他メディア,,ポストセブン,"「あのコ、イケるの?」客引きが溢れるほど栄えていた""売春島""の実態「タクシー運転手が客を口説いて1日10万円の""小遣い""」「女の子を居酒屋に1人で座らせて“売る""」",https://www.news-postseven.com/archives/20260923_2131825.html,https://news.ceek.jp/search.cgi?category_id=national&feed=1,ok,,社会
2026-09-23,2026-09-23T08:18:29.142417+09:00,その他メディア,,フジテレビ,熊本県で最大震度1の地震 熊本県・水俣市,https://www.fnn.jp/articles/-/1119396,https://news.ceek.jp/search.cgi?category_id=national&feed=1,ok,,社会
2026-09-23,2026-09-23T08:18:29.142417+09:00,全国紙,全国,朝日新聞,恋リアでの「手話告白」が話題 21歳インフルエンサーの夢は通訳士,https://www.asahi.com/articles/ASV9J1THTV9JDIFI00LM.html,https://news.ceek.jp/search.cgi?category_id=national&feed=1,ok,,社会
2026-09-23,2026-09-23T08:18:29.142417+09:00,その他メディア,,フジテレビ,U字工事 交通安全啓発 ヘルメット着用を呼びかけ,https://www.fnn.jp/articles/-/1119395,https://news.ceek.jp/search.cgi?category_id=national&feed=1,ok,,社会
2026-09-23,2026-09-23T08:18:29.142417+09:00,その他メディア,,フジテレビ,関東襲った台風25号 7人死亡5人不明 佐倉市や茂原市などではポンプ車が排水活動を行い復旧急ぐ,https://www.fnn.jp/articles/-/1119393,https://news.ceek.jp/search.cgi?category_id=national&feed=1,ok,,社会
2026-09-23,2026-09-23T08:18:29.142417+09:00,その他メディア,,日刊スポーツ,「CNNは取材するな」トランプ大統領、国連総会の場でも批判 対立が先鋭化 CNN記者は反論,https://www.nikkansports.com/general/news/202609230000051.html,https://news.ceek.jp/search.cgi?category_id=national&feed=1,ok,,社会
2026-09-23,2026-09-23T08:18:29.142417+09:00,その他メディア,,フジテレビ,倒木の影響で一部区間で運転見合わせが続いていたJR飯田線 24日から運転再開 倒木の詳しい原因は依然不明,https://www.fnn.jp/articles/-/1119394,https://news.ceek.jp/search.cgi?category_id=national&feed=1,ok,,社会
2026-09-23,2026-09-23T08:18:29.142417+09:00,その他メディア,,フジテレビ,きょうにも「台風26号」発生へ 週明け沖縄接近ルート,https://www.fnn.jp/articles/-/1119392,https://news.ceek.jp/search.cgi?category_id=national&feed=1,ok,,社会
2026-09-23,2026-09-23T08:18:29.142417+09:00,その他メディア,,サンケイスポーツ,「トランプTV」開設 米政権、動画投稿サイトに,https://www.sanspo.com/article/20260923-FSHSO3ZZKFKD5CW5MRL3PYSDGE/,https://news.ceek.jp/search.cgi?category_id=national&feed=1,ok,,社会
2026-09-23,2026-09-23T08:18:29.142417+09:00,その他メディア,,日刊スポーツ,トランプ大統領、ICCは「邪悪な組織」国連一般討論演説で脱退呼びかけ AI規制は「全面拒否」,https://www.nikkansports.com/general/news/202609230000050.html,https://news.ceek.jp/search.cgi?category_id=national&feed=1,ok,,社会
2026-09-23,2026-09-23T08:18:29.142417+09:00,その他メディア,,日刊スポーツ,高市首相、日米経済安保で対中連携 同盟の抑止力強...,https://www.nikkansports.com/general/news/202609230000049.html,https://news.ceek.jp/search.cgi?category_id=national&feed=1,ok,,社会
2026-09-23,2026-09-23T08:18:29.142417+09:00,その他メディア,,サンケイスポーツ,「国際司法機関を保護」 ICC念頭、日欧が声明,https://www.sanspo.com/article/20260923-MM2KSTE2TJO47DKGD3E3ALOO5U/,https://news.ceek.jp/search.cgi?category_id=national&feed=1,ok,,社会
2026-09-23,2026-09-23T08:18:29.142417+09:00,その他メディア,,サンケイスポーツ,米、ICC脱退呼びかけ トランプ氏、国連で演説 AI国際規制を拒否,https://www.sanspo.com/article/20260923-NWDHEPNYW5MVTDYWGSULIKHHJA/,https://news.ceek.jp/search.cgi?category_id=national&feed=1,ok,,社会
2026-09-23,2026-09-23T08:18:29.142417+09:00,その他メディア,,サンケイスポーツ,米イラン、NYで接触 トランプ氏「全滅」警告,https://www.sanspo.com/article/20260923-X32Q5IKJZ5JD3OJRQZ745DW5YQ/,https://news.ceek.jp/search.cgi?category_id=national&feed=1,ok,,社会
2026-09-23,2026-09-23T08:18:29.142417+09:00,その他メディア,,週刊女性PRIME,"府中刑務所がまるで「ホテル」外国人受刑者“優遇""報道、ベッド個室&宗教食対応で「税金の無駄」議論勃発",https://www.jprime.jp/articles/-/43722,https://news.ceek.jp/search.cgi?category_id=national&feed=1,ok,,社会
2026-09-23,2026-09-23T08:18:29.142417+09:00,その他メディア,,フジテレビ,59歳男性が車にはねられ意識不明の事故 現場に戻り「歩行者と接触した」と通報してきた43歳男をひき逃げの疑いで逮捕,https://www.fnn.jp/articles/-/1119389,https://news.ceek.jp/search.cgi?category_id=national&feed=1,ok,,社会
2026-09-23,2026-09-23T08:18:29.142417+09:00,その他メディア,,フジテレビ,"高圧洗浄機では追い付かず...アジア大会・競歩コース沿いの“カラスのフン対策"" 寝床に戻る鳥たちをタカで撃退",https://www.fnn.jp/articles/-/1119386,https://news.ceek.jp/search.cgi?category_id=national&feed=1,ok,,社会
2026-09-23,2026-09-23T08:18:29.142417+09:00,その他メディア,,デイリースポーツ,米、ICC脱退呼びかけ,https://www.daily.co.jp/society/main/2026/09/23/0020850011.shtml,https://news.ceek.jp/search.cgi?category_id=national&feed=1,ok,,社会
2026-09-23,2026-09-23T08:18:29.142417+09:00,その他メディア,,TBSテレビ,日米首脳が会談 同盟の強固さアピール 中国対応で緊密連携を確認【記者報告】,https://newsdig.tbs.co.jp/articles/-/2962368?display=1,https://news.ceek.jp/search.cgi?category_id=national&feed=1,ok,,社会
2026-09-23,2026-09-23T08:18:29.142417+09:00,その他メディア,,女性自身,"【日米首脳会談】高市首相 トランプ氏から対米投資“追加要求""の懸念...国益を失うリスク",https://jisin.jp/domestic/2601455/,https://news.ceek.jp/search.cgi?category_id=national&feed=1,ok,,社会
2026-09-23,2026-09-23T08:18:29.142417+09:00,その他メディア,,テレビ朝日,【台風情報まとめ】千葉・佐倉市で大規模冠水 鴨川市では複数の土砂崩れ 「緊急安全確保」は全て解除 神奈川・横須賀市、三浦市など各地で被害相次ぐ 7人死亡5人行方不明 【画像74枚】,https://news.tv-asahi.co.jp/news_society/articles/900199599.html,https://news.ceek.jp/search.cgi?category_id=national&feed=1,ok,,社会
2026-09-23,2026-09-23T08:18:29.142417+09:00,その他メディア,,現代ビジネス,「夫との行為で私は『桃源郷』を見た」著名作家らが赤裸々に語る、快楽の先にある「究極の性愛体験」,https://gendai.media/articles/-/171109,https://news.ceek.jp/search.cgi?category_id=national&feed=1,ok,,社会
2026-09-23,2026-09-23T08:18:29.142417+09:00,その他メディア,,フジテレビ,「この罰当たりが!」神社で拝殿の屋根に敷かれた銅板が盗まれる 無人の神社狙う連続窃盗犯の可能性も,https://www.fnn.jp/articles/-/1119385,https://news.ceek.jp/search.cgi?category_id=national&feed=1,ok,,社会
2026-09-23,2026-09-23T08:18:29.142417+09:00,その他メディア,,現代ビジネス,中央大学特任助教が解き明かす性の新常識 なぜ日本人にとってセックスは「したいけど、めんどくさい」行為になったのか,https://gendai.media/articles/-/171059,https://news.ceek.jp/search.cgi?category_id=national&feed=1,ok,,社会
2026-09-23,2026-09-23T08:18:29.142417+09:00,その他メディア,,現代ビジネス,推し活、「察して文化」、性教育の遅れ、AV氾濫...日本が「セックスできない大国」になった必然的な理由,https://gendai.media/articles/-/171060,https://news.ceek.jp/search.cgi?category_id=national&feed=1,ok,,社会
2026-09-23,2026-09-23T08:18:29.142417+09:00,その他メディア,,日刊ゲンダイ,セコすぎる「政治とカネ」...クリーンを気取った裏で自著爆買いにチョコ代訂正のトホホ,https://www.nikkan-gendai.com/articles/view/news/393162,https://news.ceek.jp/search.cgi?category_id=national&feed=1,ok,,社会
2026-09-23,2026-09-23T08:18:29.142417+09:00,その他メディア,,スポーツ報知,【令和8年度民謡民舞少年少女全国大会】コンクール各部門の優勝者,https://hochi.news/articles/20260922-OHT1T51305.html?page=1,https://news.ceek.jp/search.cgi?category_id=national&feed=1,ok,,社会
2026-09-23,2026-09-23T08:18:29.142417+09:00,その他メディア,,テレビ朝日,"“飲酒運転""巻き込まれ3歳男児死亡 福岡 両親「決まりを守れば何も起きなかった」",https://news.tv-asahi.co.jp/news_society/articles/000535224.html,https://news.ceek.jp/search.cgi?category_id=national&feed=1,ok,,社会
2026-09-23,2026-09-23T08:18:29.142417+09:00,その他メディア,,デイリースポーツ,日米、経済安保で対中連携,https://www.daily.co.jp/society/main/2026/09/23/0020849988.shtml,https://news.ceek.jp/search.cgi?category_id=national&feed=1,ok,,社会
2026-09-23,2026-09-23T08:18:29.142417+09:00,その他メディア,,スポニチ,交際トラブルで女性刺され死亡 大阪府貝塚市 殺人未遂容疑、58歳男逮捕,https://www.sponichi.co.jp/society/news/2026/09/23/kiji/20260922s00042000367000c.html,https://news.ceek.jp/search.cgi?category_id=national&feed=1,ok,,社会
2026-09-23,2026-09-23T08:18:29.142417+09:00,その他メディア,,スポニチ,米主要テレビ局 ホワイトハウス代表取材停止 トランプ大統領のCNN排除に反発,https://www.sponichi.co.jp/society/news/2026/09/23/kiji/20260922s00042000370000c.html,https://news.ceek.jp/search.cgi?category_id=national&feed=1,ok,,社会
2026-09-23,2026-09-23T08:18:29.142417+09:00,その他メディア,,スポニチ,台風25号 土砂崩れ、浸水被害相次ぐ 千葉県、神奈川県で計6人死亡 都内では大手門の橋も冠水,https://www.sponichi.co.jp/society/news/2026/09/23/kiji/20260922s00042000365000c.html,https://news.ceek.jp/search.cgi?category_id=national&feed=1,ok,,社会
2026-09-23,2026-09-23T08:18:29.142417+09:00,その他メディア,,スポニチ,大雨、台風が過ぎてスズメバチに要注意!黒いものを刺す習性、黒髪の人は帽子で髪を隠す対策を,https://www.sponichi.co.jp/society/news/2026/09/23/kiji/20260922s00042000364000c.html,https://news.ceek.jp/search.cgi?category_id=national&feed=1,ok,,社会
2026-09-23,2026-09-23T08:18:29.142417+09:00,その他メディア,,スポニチ,高市首相 ニューヨークに到着 日米首脳、経済安保強化へ 中国念頭、22日国連演説,https://www.sponichi.co.jp/society/news/2026/09/23/kiji/20260922s00042000368000c.html,https://news.ceek.jp/search.cgi?category_id=national&feed=1,ok,,社会
2026-09-23,2026-09-23T08:18:29.142417+09:00,その他メディア,,デイリー新潮,"“ヒラメ""で地位を築いた萩生田光一氏が腐した「三人の高市首相側近」 裏金イメージくすぶるも「いずれ幹事長に」",https://www.dailyshincho.jp/article/2026/09230501/?all=1,https://news.ceek.jp/search.cgi?category_id=national&feed=1,ok,,社会
2026-09-23,2026-09-23T08:18:29.142417+09:00,その他メディア,,共同通信,体育館冷房ゼロ、900市町村 災害避難所指定、設置率に差,https://www.47news.jp/14978854.html,https://news.ceek.jp/search.cgi?category_id=national&feed=1,ok,,社会
2026-09-23,2026-09-23T08:18:29.142417+09:00,全国紙,全国,読売新聞,[医療ルネサンス]熱中症クライシス<1>「炎症ドミノ」 命の危険,https://www.yomiuri.co.jp/medical/renaissance/20260922-GYT8T00047/,https://news.ceek.jp/search.cgi?category_id=national&feed=1,ok,,社会
2026-09-23,2026-09-23T08:18:29.142417+09:00,全国紙,全国,読売新聞,[スキャナー]土砂災害 避難低調 台風25号...自治体発信「限界感じる」,https://www.yomiuri.co.jp/national/20260922-GYT1T00277/,https://news.ceek.jp/search.cgi?category_id=national&feed=1,ok,,社会
2026-09-23,2026-09-23T08:18:29.142417+09:00,全国紙,全国,読売新聞,「特別市」知事・市長会 議論 政令市権限強化 あす初の意見交換,https://www.yomiuri.co.jp/national/20260923-GYT1T00053/,https://news.ceek.jp/search.cgi?category_id=national&feed=1,ok,,社会
2026-09-23,2026-09-23T08:18:29.142417+09:00,その他メディア,,TBSテレビ,【速報】台風25号の大雨で運転を見合わせていた京急本線 金沢八景と堀ノ内駅の間できょう(23日)始発から運転を再開,https://newsdig.tbs.co.jp/articles/-/2962363?display=1,https://news.ceek.jp/search.cgi?category_id=national&feed=1,ok,,社会
2026-09-23,2026-09-23T08:18:29.142417+09:00,全国紙,全国,読売新聞,「もっと一緒にいたかった」福岡飲酒事故で死亡した3歳児の両親、声を震わせ...旅行に向かう途中で巻き込まれる,https://www.yomiuri.co.jp/national/20260923-GYT1T00050/,https://news.ceek.jp/search.cgi?category_id=national&feed=1,ok,,社会
2026-09-23,2026-09-23T08:18:29.142417+09:00,全国紙,全国,読売新聞,土砂 住宅に一気 住民「雷のような音」 千葉・神奈川...台風25号,https://www.yomiuri.co.jp/national/20260923-GYT1T00042/,https://news.ceek.jp/search.cgi?category_id=national&feed=1,ok,,社会
2026-09-23,2026-09-23T08:18:29.142417+09:00,その他メディア,,デイリースポーツ,体育館冷房ゼロ、900市町村,https://www.daily.co.jp/society/main/2026/09/23/0020849936.shtml,https://news.ceek.jp/search.cgi?category_id=national&feed=1,ok,,社会
2026-09-23,2026-09-23T08:18:29.142417+09:00,その他メディア,,デイリー新潮,"朝日新聞コラムが迷文すぎる 高市政権を「雑すぎて滅!」と批判も...思想以上に問題なのは“スベっている""文章",https://www.dailyshincho.jp/article/2026/09230459/?all=1,https://news.ceek.jp/search.cgi?category_id=national&feed=1,ok,,社会
2026-09-23,2026-09-23T08:18:29.142417+09:00,全国紙,全国,読売新聞,高市首相とトランプ米大統領と約35分間会談「日米同盟の強固さを世界に示せた」...ICC巡る率直なやりとりも,https://www.yomiuri.co.jp/national/20260923-GYT1T00082/,https://news.ceek.jp/search.cgi?category_id=national&feed=1,ok,,社会
2026-09-23,2026-09-23T08:18:29.142417+09:00,その他メディア,,TBSテレビ,高市総理が国連総会で初の一般討論演説へ 中東支援・拉致問題・国連改革などを表明へ,https://newsdig.tbs.co.jp/articles/-/2962356?display=1,https://news.ceek.jp/search.cgi?category_id=national&feed=1,ok,,社会
2026-09-23,2026-09-23T08:18:29.142417+09:00,全国紙,全国,産経新聞,千葉・柏市職員を酒酔い運転の疑いで逮捕 「車を運転した記憶はありません」と否認,https://www.sankei.com/article/20260923-UTSKYNDLBVMIHONJ2LZR37K3JU/,https://news.ceek.jp/search.cgi?category_id=national&feed=1,ok,,社会
2026-09-23,2026-09-23T08:18:29.142417+09:00,その他メディア,,フジテレビ,秋田県で最大震度1の地震 秋田県・秋田市,https://www.fnn.jp/articles/-/1119320,https://news.ceek.jp/search.cgi?category_id=national&feed=1,ok,,社会
2026-09-23,2026-09-23T08:18:29.142417+09:00,その他メディア,,TBSテレビ,「運転した記憶ない」 柏市職員の57歳男を酒酔い運転の疑いで逮捕 破損した車を放置し現場から立ち去ったか 千葉県警,https://newsdig.tbs.co.jp/articles/-/2962340?display=1,https://news.ceek.jp/search.cgi?category_id=national&feed=1,ok,,社会
2026-09-23,2026-09-23T08:18:29.142417+09:00,その他メディア,,フジテレビ,民家火災で木造平屋全焼 40代女性と連絡取れず 父親は無事「娘は台所にいたのでは」 和歌山・有田川町,https://www.fnn.jp/articles/-/1119319,https://news.ceek.jp/search.cgi?category_id=national&feed=1,ok,,社会
2026-09-23,2026-09-23T08:18:29.142417+09:00,その他メディア,,TBSテレビ,【速報】高市総理とトランプ大統領が首脳会談 「ドナルドと私が世界に同盟の強さを示す」,https://newsdig.tbs.co.jp/articles/-/2962337?display=1,https://news.ceek.jp/search.cgi?category_id=national&feed=1,ok,,社会
2026-09-23,2026-09-23T08:18:29.142417+09:00,全国紙,全国,日本経済新聞,AIも食料も水が要る 始まった世界の争奪戦,https://www.nikkei.com/article/DGXZQOCD080O50Y6A900C2000000/,https://news.ceek.jp/search.cgi?category_id=national&feed=1,ok,,社会
2026-09-23,2026-09-23T08:18:29.142417+09:00,全国紙,全国,日本経済新聞,困窮世帯の食費、1人1日500円下回る NGO調査,https://www.nikkei.com/article/DGXZQOUD1917H0Z10C26A9000000/,https://news.ceek.jp/search.cgi?category_id=national&feed=1,ok,,社会
2026-09-23,2026-09-23T08:18:29.142417+09:00,全国紙,全国,日本経済新聞,犬猫の保護依頼「増えた」半数 民間の120団体に調査,https://www.nikkei.com/article/DGXZQOUD1917P0Z10C26A9000000/,https://news.ceek.jp/search.cgi?category_id=national&feed=1,ok,,社会
2026-09-23,2026-09-23T08:18:29.142417+09:00,全国紙,全国,日本経済新聞,チャイルドシートの使用、過去最高の84% 座り方に課題も,https://www.nikkei.com/article/DGXZQOUD182HZ0Y6A910C2000000/,https://news.ceek.jp/search.cgi?category_id=national&feed=1,ok,,社会
2026-09-23,2026-09-23T08:18:29.142417+09:00,全国紙,全国,日本経済新聞,外来種リストを改定、167種追加 「キンギョ」や「サンジャク」,https://www.nikkei.com/article/DGXZQOUD11AP90R10C26A9000000/,https://news.ceek.jp/search.cgi?category_id=national&feed=1,ok,,社会
2026-09-23,2026-09-23T08:18:29.142417+09:00,全国紙,全国,日本経済新聞,へき地医療、郵便局拠点に オンラインで「無医地区」解消目指す,https://www.nikkei.com/article/DGXZQOUD146WG0U6A910C2000000/,https://news.ceek.jp/search.cgi?category_id=national&feed=1,ok,,社会
2026-09-23,2026-09-23T08:18:29.142417+09:00,その他メディア,,Abema TIMES,浸水被害の鎌倉は急ピッチで片付け...大雨の影響残るも行楽地でにぎわい 都内は真夏日,https://times.abema.tv/articles/-/10274555?page=1,https://news.ceek.jp/search.cgi?category_id=national&feed=1,ok,,社会
2026-09-23,2026-09-23T08:18:29.142417+09:00,その他メディア,,Abema TIMES,ソフトクリーム食べていたら...両親が胸中語る 逮捕の男「朝から飲んだ」3歳児死亡事故,https://times.abema.tv/articles/-/10274531?page=1,https://news.ceek.jp/search.cgi?category_id=national&feed=1,ok,,社会
2026-09-23,2026-09-23T08:18:29.142417+09:00,その他メディア,,Abema TIMES,"土砂崩れ多発...大雨“長時間""で被害拡大か 台風から一夜経っても水が引かない原因は",https://times.abema.tv/articles/-/10274551?page=1,https://news.ceek.jp/search.cgi?category_id=national&feed=1,ok,,社会
2026-09-23,2026-09-23T08:18:29.142417+09:00,その他メディア,,日本テレビ,台風25号による被害が拡大 千葉と神奈川の死者はあわせて7人に,https://news.ntv.co.jp/category/society/5c74d5caaa4e409992c9510122e3ca0f,https://news.ceek.jp/search.cgi?category_id=national&feed=1,ok,,社会
2026-09-23,2026-09-23T08:18:29.142417+09:00,その他メディア,,テレビ朝日,浸水被害の鎌倉は急ピッチで片付け...大雨の影響残るも行楽地でにぎわい 都内は真夏日,https://news.tv-asahi.co.jp/news_society/articles/900200298.html,https://news.ceek.jp/search.cgi?category_id=national&feed=1,ok,,社会
2026-09-23,2026-09-23T08:18:29.142417+09:00,その他メディア,,サンケイスポーツ,千葉・柏市職員を酒酔い運転の疑いで逮捕 容疑否認,https://www.sanspo.com/article/20260923-QIO4G3WAX5NZZIPAFJKBKOF4CA/,https://news.ceek.jp/search.cgi?category_id=national&feed=1,ok,,社会
2026-09-23,2026-09-23T08:18:29.142417+09:00,その他メディア,,日本テレビ,琵琶湖で男性遺体発見 行方不明となっていた男性と判明 職場の同僚3人を水上バイクで捜しに行き...,https://news.ntv.co.jp/category/society/24d526deff764ebba507bee247bb7e1b,https://news.ceek.jp/search.cgi?category_id=national&feed=1,ok,,社会
2026-09-23,2026-09-23T08:18:29.142417+09:00,その他メディア,,日本テレビ,福岡市の高速道路でトンネル火災 1人ケガ,https://news.ntv.co.jp/category/society/d32e7f4ed8014cf594b077a9cd90ba48,https://news.ceek.jp/search.cgi?category_id=national&feed=1,ok,,社会
2026-09-23,2026-09-23T08:18:29.142417+09:00,その他メディア,,テレビ朝日,「ALS」ミトコンドリア機能改善治療薬候補物質で初の確認 東北大ら研究G,https://news.tv-asahi.co.jp/news_society/articles/000535218.html,https://news.ceek.jp/search.cgi?category_id=national&feed=1,ok,,社会
2026-09-23,2026-09-23T08:18:29.142417+09:00,その他メディア,,日本テレビ,釣りの男性が海に転落...救助され搬送も死亡確認 新潟・上越市,https://news.ntv.co.jp/category/society/1ced8f14123e4a5fac514f9808a6c068,https://news.ceek.jp/search.cgi?category_id=national&feed=1,ok,,社会
2026-09-23,2026-09-23T08:18:29.142417+09:00,その他メディア,,フジテレビ,一夜明け空から見た爪痕 台風25号 千葉県と神奈川県であわせて7人死亡、5人不明,https://www.fnn.jp/articles/-/1119316,https://news.ceek.jp/search.cgi?category_id=national&feed=1,ok,,社会
2026-09-23,2026-09-23T08:18:29.142417+09:00,その他メディア,,テレビ朝日,"土砂崩れ多発...大雨“長時間""で被害拡大か 台風から一夜経っても水が引かない原因は",https://news.tv-asahi.co.jp/news_society/articles/900200297.html,https://news.ceek.jp/search.cgi?category_id=national&feed=1,ok,,社会
2026-09-23,2026-09-23T08:18:29.142417+09:00,その他メディア,,フジテレビ,東京・千代田区でダンプカーがひき逃げか 64歳の運転手を逮捕,https://www.fnn.jp/articles/-/1119314,https://news.ceek.jp/search.cgi?category_id=national&feed=1,ok,,社会
2026-09-23,2026-09-23T08:18:29.142417+09:00,その他メディア,,フジテレビ,琵琶湖で水上バイクから転落した友人の救助に向かった男性が死亡 友人らは無事 滋賀,https://www.fnn.jp/articles/-/1119312,https://news.ceek.jp/search.cgi?category_id=national&feed=1,ok,,社会
2026-09-23,2026-09-23T08:18:29.142417+09:00,その他メディア,,日刊スポーツ,ベルリン天文台のガレが海王星を発見/今日は?,https://www.nikkansports.com/general/news/202609220000355.html,https://news.ceek.jp/search.cgi?category_id=national&feed=1,ok,,社会
2026-09-23,2026-09-23T08:18:29.142417+09:00,その他メディア,,フジテレビ,"新たに2つの“台風のたまご""発生 今年はすでに25の台風発生",https://www.fnn.jp/articles/-/1119308,https://news.ceek.jp/search.cgi?category_id=national&feed=1,ok,,社会
2026-09-23,2026-09-23T08:18:29.142417+09:00,その他メディア,,サンケイスポーツ,トランプ米大統領「CNNは取材するな」,https://www.sanspo.com/article/20260922-I4KLKQY3EVLZJBRST4DIJSHX3I/,https://news.ceek.jp/search.cgi?category_id=national&feed=1,ok,,社会
2026-09-23,2026-09-23T08:18:29.142417+09:00,全国紙,全国,朝日新聞,米イランが3時間の直接協議 トランプ氏「とても良い会談だった」,https://www.asahi.com/articles/ASV9Q7K4VV9QSFVU104M.html,https://news.ceek.jp/search.cgi?category_id=world&feed=1,ok,,国際
2026-09-23,2026-09-23T08:18:29.142417+09:00,その他メディア,,AFPBB News,マクロン氏、「弱肉強食」に回帰する世界に警鐘 国際法・国連憲章の順守呼び掛け,https://www.afpbb.com/articles/-/3654030,https://news.ceek.jp/search.cgi?category_id=world&feed=1,ok,,国際
2026-09-23,2026-09-23T08:18:29.142417+09:00,全国紙,全国,産経新聞,ディーゼル燃料禁輸を検討 トランプ米大統領、中間選挙を前に記録的高値で国内優先の姿勢,https://www.sankei.com/article/20260923-VOXNQYOJTZPGHDFAXZXYMDYY7I/,https://news.ceek.jp/search.cgi?category_id=world&feed=1,ok,,国際
2026-09-23,2026-09-23T08:18:29.142417+09:00,全国紙,全国,産経新聞,米、グリーンランドで新合意 2カ所に基地建設へ トランプ氏「強固な安保関係を築く」,https://www.sankei.com/article/20260923-BVDRWAT4XNPFJP5XQTTOJXWQGU/,https://news.ceek.jp/search.cgi?category_id=world&feed=1,ok,,国際
2026-09-23,2026-09-23T08:18:29.142417+09:00,全国紙,全国,産経新聞,洋上風力の中止合意は「違法」 ニューヨーク州とカリフォルニア州がトランプ政権を提訴,https://www.sankei.com/article/20260923-VWYULLIYXFPE5E56PFC2XAML4I/,https://news.ceek.jp/search.cgi?category_id=world&feed=1,ok,,国際
2026-09-23,2026-09-23T08:18:29.142417+09:00,全国紙,全国,朝日新聞,高市首相とゼレンスキー大統領が初会談 対ウクライナ支援継続伝える,https://www.asahi.com/articles/ASV9Q7JQ6V9QUTFK001M.html,https://news.ceek.jp/search.cgi?category_id=world&feed=1,ok,,国際
2026-09-23,2026-09-23T08:18:29.142417+09:00,その他メディア,,Jams.TV,2つの仕事を掛け持ちする豪人が過去最多に,https://www.jams.tv/news/290602,https://news.ceek.jp/search.cgi?category_id=world&feed=1,ok,,国際
2026-09-23,2026-09-23T08:18:29.142417+09:00,その他メディア,,ブラジル日報,ルーラ=「誰の裏庭にもならない」=国連総会で米国の圧力牽制=選挙直前、伯米関係の冷え込み鮮明,https://brasilnippou.com/ja/articles/260923-12brasil,https://news.ceek.jp/search.cgi?category_id=world&feed=1,ok,,国際
2026-09-23,2026-09-23T08:18:29.142417+09:00,その他メディア,,ブラジル日報,歌手リック搭乗ヘリを捜索/熱感知ドローンを投入,https://brasilnippou.com/ja/articles/260923-15brasil,https://news.ceek.jp/search.cgi?category_id=world&feed=1,ok,,国際
2026-09-23,2026-09-23T08:18:29.142417+09:00,その他メディア,,ブラジル日報,中銀、利下げ幅は景気・物価情勢を見極めて調整,https://brasilnippou.com/ja/articles/260923-16brasil,https://news.ceek.jp/search.cgi?category_id=world&feed=1,ok,,国際
2026-09-23,2026-09-23T08:18:29.142417+09:00,その他メディア,,ブラジル日報,ブラジルが国連総会の演説「一番手」を務める理由,https://brasilnippou.com/ja/articles/260923-14brasil,https://news.ceek.jp/search.cgi?category_id=world&feed=1,ok,,国際
2026-09-23,2026-09-23T08:18:29.142417+09:00,その他メディア,,ブラジル日報,モラエス氏、妻が関係する訴訟の担当を辞退,https://brasilnippou.com/ja/articles/260923-17brasil,https://news.ceek.jp/search.cgi?category_id=world&feed=1,ok,,国際
2026-09-23,2026-09-23T08:18:29.142417+09:00,その他メディア,,ブラジル日報,最高裁=ヌネス判事関係者に不透明資金=4億2730万レアルの成功報酬?=巨額債務回収に絡む汚職疑惑,https://brasilnippou.com/ja/articles/260923-11brasil,https://news.ceek.jp/search.cgi?category_id=world&feed=1,ok,,国際
2026-09-23,2026-09-23T08:18:29.142417+09:00,その他メディア,,ブラジル日報,対策なければ来年には景気後退も=主要候補者が避ける財政調整コメント=膨張する公的債務と経済失速の足音,https://brasilnippou.com/ja/articles/260923-13brasil,https://news.ceek.jp/search.cgi?category_id=world&feed=1,ok,,国際
2026-09-23,2026-09-23T08:18:29.142417+09:00,その他メディア,,ブラジル日報,フラヴィオ急追でルーラ再選に暗雲=市場「ボルソナロ勝利」織り込み=予測市場は「勝利確率6割」,https://brasilnippou.com/ja/articles/260923-31mangekyou,https://news.ceek.jp/search.cgi?category_id=world&feed=1,ok,,国際
2026-09-23,2026-09-23T08:18:29.142417+09:00,その他メディア,,Economic Media Bulletin,ドイツポスト、電動配送車が4万台に到達,https://emb-media.com/autoedge/2026/09/23/683432/,https://news.ceek.jp/search.cgi?category_id=world&feed=1,ok,,国際
2026-09-23,2026-09-23T08:18:29.142417+09:00,その他メディア,,Economic Media Bulletin,VW、スペイン工場で「ID.クロス」量産開始,https://emb-media.com/autoedge/2026/09/23/683554/,https://news.ceek.jp/search.cgi?category_id=world&feed=1,ok,,国際
2026-09-23,2026-09-23T08:18:29.142417+09:00,その他メディア,,Economic Media Bulletin,EnBW、独で480キロワット充電器導入,https://emb-media.com/autoedge/2026/09/23/683954/,https://news.ceek.jp/search.cgi?category_id=world&feed=1,ok,,国際
2026-09-23,2026-09-23T08:18:29.142417+09:00,その他メディア,,Economic Media Bulletin,投資カルビクス、人材サブショア買収,https://emb-media.com/europe/2026/09/23/683428/,https://news.ceek.jp/search.cgi?category_id=world&feed=1,ok,,国際
2026-09-23,2026-09-23T08:18:29.142417+09:00,その他メディア,,Economic Media Bulletin,キューネ+ナーゲル、アマゾンと戦略的提携,https://emb-media.com/europe/2026/09/23/683441/,https://news.ceek.jp/search.cgi?category_id=world&feed=1,ok,,国際
2026-09-23,2026-09-23T08:18:29.142417+09:00,その他メディア,,Economic Media Bulletin,トルコ、3年間で210万人の雇用創出へ,https://emb-media.com/europe/2026/09/23/683449/,https://news.ceek.jp/search.cgi?category_id=world&feed=1,ok,,国際
2026-09-23,2026-09-23T08:18:29.142417+09:00,その他メディア,,Economic Media Bulletin,ポーランドのペプコ、新物流拠点を開設,https://emb-media.com/europe/2026/09/23/683451/,https://news.ceek.jp/search.cgi?category_id=world&feed=1,ok,,国際
2026-09-23,2026-09-23T08:18:29.142417+09:00,その他メディア,,Economic Media Bulletin,EU、データセンターの資源使用を透明化へ,https://emb-media.com/europe/2026/09/23/683471/,https://news.ceek.jp/search.cgi?category_id=world&feed=1,ok,,国際
2026-09-23,2026-09-23T08:18:29.142417+09:00,その他メディア,,Economic Media Bulletin,自動車メルセデス、国内生産の縮小を示唆,https://emb-media.com/europe/2026/09/23/683499/,https://news.ceek.jp/search.cgi?category_id=world&feed=1,ok,,国際
2026-09-23,2026-09-23T08:18:29.142417+09:00,その他メディア,,Economic Media Bulletin,独経済、第3四半期に減速=連銀,https://emb-media.com/europe/2026/09/23/683561/,https://news.ceek.jp/search.cgi?category_id=world&feed=1,ok,,国際
2026-09-23,2026-09-23T08:18:29.142417+09:00,その他メディア,,Economic Media Bulletin,ダンスケ銀、AI導入で従業員縮小へ,https://emb-media.com/europe/2026/09/23/683657/,https://news.ceek.jp/search.cgi?category_id=world&feed=1,ok,,国際
2026-09-23,2026-09-23T08:18:29.142417+09:00,その他メディア,,Economic Media Bulletin,人型ロボット、世界販売7千台=25年,https://emb-media.com/europe/2026/09/23/683673/,https://news.ceek.jp/search.cgi?category_id=world&feed=1,ok,,国際
2026-09-23,2026-09-23T08:18:29.142417+09:00,その他メディア,,Economic Media Bulletin,アフリカ各国、利下げに慎重姿勢=警戒感強く,https://emb-media.com/mea/2026/09/23/683556/,https://news.ceek.jp/search.cgi?category_id=world&feed=1,ok,,国際
2026-09-23,2026-09-23T08:18:29.142417+09:00,その他メディア,,Economic Media Bulletin,ボルボ、XC60とXC90の航続距離を延伸,https://emb-media.com/autoedge/2026/09/23/683430/,https://news.ceek.jp/search.cgi?category_id=world&feed=1,ok,,国際
2026-09-23,2026-09-23T08:18:29.142417+09:00,その他メディア,,Economic Media Bulletin,インドネシア、干ばつでニッケル減産へ,https://emb-media.com/autoedge/2026/09/23/683470/,https://news.ceek.jp/search.cgi?category_id=world&feed=1,ok,,国際
2026-09-23,2026-09-23T08:18:29.142417+09:00,その他メディア,,Economic Media Bulletin,エインランド、自動運転で米エヌビディアと協力,https://emb-media.com/autoedge/2026/09/23/683473/,https://news.ceek.jp/search.cgi?category_id=world&feed=1,ok,,国際
2026-09-23,2026-09-23T08:18:29.142417+09:00,その他メディア,,Economic Media Bulletin,中東の日系企業、9割が通常体制,https://emb-media.com/europe/2026/09/23/683030/,https://news.ceek.jp/search.cgi?category_id=world&feed=1,ok,,国際
2026-09-23,2026-09-23T08:18:29.142417+09:00,その他メディア,,Economic Media Bulletin,財政収支、8月は赤字183億ポンドに拡大,https://emb-media.com/europe/2026/09/23/683477/,https://news.ceek.jp/search.cgi?category_id=world&feed=1,ok,,国際
2026-09-23,2026-09-23T08:18:29.142417+09:00,その他メディア,,Economic Media Bulletin,EU、米グーグルに制裁金=位置情報処理で,https://emb-media.com/europe/2026/09/23/683540/,https://news.ceek.jp/search.cgi?category_id=world&feed=1,ok,,国際
2026-09-23,2026-09-23T08:18:29.142417+09:00,その他メディア,,Economic Media Bulletin,エディンバラ空港、ターミナル拡張へ,https://emb-media.com/europe/2026/09/23/683571/,https://news.ceek.jp/search.cgi?category_id=world&feed=1,ok,,国際
2026-09-23,2026-09-23T08:18:29.142417+09:00,その他メディア,,Economic Media Bulletin,VW、コスト削減策を加速,https://emb-media.com/europe/2026/09/23/683593/,https://news.ceek.jp/search.cgi?category_id=world&feed=1,ok,,国際
2026-09-23,2026-09-23T08:18:29.142417+09:00,その他メディア,,Economic Media Bulletin,ハイネケン、英国のパブ300店取得で協議か,https://emb-media.com/europe/2026/09/23/683602/,https://news.ceek.jp/search.cgi?category_id=world&feed=1,ok,,国際
2026-09-23,2026-09-23T08:18:29.142417+09:00,その他メディア,,Economic Media Bulletin,イタリア乗用車生産台数、7月は11.4%増,https://emb-media.com/europe/2026/09/23/683708/,https://news.ceek.jp/search.cgi?category_id=world&feed=1,ok,,国際
2026-09-23,2026-09-23T08:18:29.142417+09:00,その他メディア,,Economic Media Bulletin,インフレ率、長期高止まりへ=欧州中銀理事,https://emb-media.com/europe/2026/09/23/683726/,https://news.ceek.jp/search.cgi?category_id=world&feed=1,ok,,国際
2026-09-23,2026-09-23T08:18:29.142417+09:00,その他メディア,,Economic Media Bulletin,米、中東再建の基金設立を提案=100億ドル,https://emb-media.com/mea/2026/09/23/683489/,https://news.ceek.jp/search.cgi?category_id=world&feed=1,ok,,国際
2026-09-23,2026-09-23T08:18:29.142417+09:00,その他メディア,,Forbes JAPAN,円キャリー時代の黄昏 日銀利上げで変わる世界の金融,https://forbesjapan.com/articles/detail/105271,https://news.ceek.jp/search.cgi?category_id=world&feed=1,ok,,国際
2026-09-23,2026-09-23T08:18:29.142417+09:00,その他メディア,,Economic Media Bulletin,電力PPC、ルーマニア家電量販店を買収も,https://emb-media.com/europe/2026/09/23/683305/,https://news.ceek.jp/search.cgi?category_id=world&feed=1,ok,,国際
2026-09-23,2026-09-23T08:18:29.142417+09:00,その他メディア,,Economic Media Bulletin,EVのEMP、工場建設に12億ドル確保,https://emb-media.com/europe/2026/09/23/683541/,https://news.ceek.jp/search.cgi?category_id=world&feed=1,ok,,国際
2026-09-23,2026-09-23T08:18:29.142417+09:00,その他メディア,,Economic Media Bulletin,伊ベンディング、ワルシャワに新拠点,https://emb-media.com/europe/2026/09/23/683631/,https://news.ceek.jp/search.cgi?category_id=world&feed=1,ok,,国際
2026-09-23,2026-09-23T08:18:29.142417+09:00,その他メディア,,Economic Media Bulletin,企業の5割、非効率な行政が最大の立地問題,https://emb-media.com/europe/2026/09/23/683722/,https://news.ceek.jp/search.cgi?category_id=world&feed=1,ok,,国際
2026-09-23,2026-09-23T08:18:29.142417+09:00,その他メディア,,Economic Media Bulletin,デジタルユーロ、金融市場で決済開始,https://emb-media.com/europe/2026/09/23/683547/,https://news.ceek.jp/search.cgi?category_id=world&feed=1,ok,,国際
2026-09-23,2026-09-23T08:18:29.142417+09:00,その他メディア,,Economic Media Bulletin,サウジEVシーア、フラッグシップ車を発表,https://emb-media.com/mea/2026/09/23/683461/,https://news.ceek.jp/search.cgi?category_id=world&feed=1,ok,,国際
2026-09-23,2026-09-23T08:18:29.142417+09:00,その他メディア,,Economic Media Bulletin,英国、サウジに軍事支援=フーシ派攻撃受け,https://emb-media.com/mea/2026/09/23/683614/,https://news.ceek.jp/search.cgi?category_id=world&feed=1,ok,,国際
2026-09-23,2026-09-23T08:18:29.142417+09:00,その他メディア,,Economic Media Bulletin,石油MOL、ナフトガスと貯蔵施設を建設へ,https://emb-media.com/europe/2026/09/23/683443/,https://news.ceek.jp/search.cgi?category_id=world&feed=1,ok,,国際
2026-09-23,2026-09-23T08:18:29.142417+09:00,その他メディア,,Economic Media Bulletin,27年のG20会議、マンチェスターで開催へ,https://emb-media.com/europe/2026/09/23/683748/,https://news.ceek.jp/search.cgi?category_id=world&feed=1,ok,,国際
2026-09-23,2026-09-23T08:18:29.142417+09:00,その他メディア,,Economic Media Bulletin,ハンガリー大企業、9割がサイバー攻撃被害,https://emb-media.com/europe/2026/09/23/683436/,https://news.ceek.jp/search.cgi?category_id=world&feed=1,ok,,国際
2026-09-23,2026-09-23T08:18:29.142417+09:00,その他メディア,,Economic Media Bulletin,防衛産業、製造業の雇用減を吸収できず,https://emb-media.com/europe/2026/09/23/683478/,https://news.ceek.jp/search.cgi?category_id=world&feed=1,ok,,国際
2026-09-23,2026-09-23T08:18:29.142417+09:00,その他メディア,,Economic Media Bulletin,中国・広州汽車、欧州での生産能力増強へ,https://emb-media.com/europe/2026/09/23/683636/,https://news.ceek.jp/search.cgi?category_id=world&feed=1,ok,,国際
2026-09-23,2026-09-23T08:18:29.142417+09:00,その他メディア,,Economic Media Bulletin,物流に懸念集中、長期化への不安も,https://emb-media.com/mea/2026/09/23/681128/,https://news.ceek.jp/search.cgi?category_id=world&feed=1,ok,,国際
2026-09-23,2026-09-23T08:18:29.142417+09:00,その他メディア,,Economic Media Bulletin,トルコ、国産高速列車の生産開始,https://emb-media.com/mea/2026/09/23/683854/,https://news.ceek.jp/search.cgi?category_id=world&feed=1,ok,,国際
2026-09-23,2026-09-23T08:18:29.142417+09:00,その他メディア,,Economic Media Bulletin,アブダビの炭素排出、45%減少へ=35年までに,https://emb-media.com/mea/2026/09/23/683481/,https://news.ceek.jp/search.cgi?category_id=world&feed=1,ok,,国際
2026-09-23,2026-09-23T08:18:29.142417+09:00,その他メディア,,Economic Media Bulletin,EUとフィリピン、FTA締結で合意,https://emb-media.com/europe/2026/09/23/683685/,https://news.ceek.jp/search.cgi?category_id=world&feed=1,ok,,国際
2026-09-23,2026-09-23T08:18:29.142417+09:00,その他メディア,,Economic Media Bulletin,トルコ、国産高速列車の生産開始,https://emb-media.com/europe/2026/09/23/683764/,https://news.ceek.jp/search.cgi?category_id=world&feed=1,ok,,国際
2026-09-23,2026-09-23T08:18:29.142417+09:00,その他メディア,,Economic Media Bulletin,ジョビー、セスナ改造機で米国横断の自律飛行,https://emb-media.com/autoedge/2026/09/23/683434/,https://news.ceek.jp/search.cgi?category_id=world&feed=1,ok,,国際
2026-09-23,2026-09-23T08:18:29.142417+09:00,その他メディア,,Economic Media Bulletin,ユニリーバ、ベビー用品ブランドを売却,https://emb-media.com/europe/2026/09/23/683440/,https://news.ceek.jp/search.cgi?category_id=world&feed=1,ok,,国際
2026-09-23,2026-09-23T08:18:29.142417+09:00,その他メディア,,Economic Media Bulletin,集団労使紛争が倍増,https://emb-media.com/europe/2026/09/23/683667/,https://news.ceek.jp/search.cgi?category_id=world&feed=1,ok,,国際
2026-09-23,2026-09-23T08:18:29.142417+09:00,その他メディア,,Economic Media Bulletin,QIA、JPモルガンと戦略提携=200億ドル,https://emb-media.com/mea/2026/09/23/683555/,https://news.ceek.jp/search.cgi?category_id=world&feed=1,ok,,国際
2026-09-23,2026-09-23T08:18:29.142417+09:00,その他メディア,,テレビ朝日,国連総会に合わせ高官協議を実施 米とイランがホルムズ海峡の開放条件などを伝達か...,https://news.tv-asahi.co.jp/news_international/articles/000535232.html,https://news.ceek.jp/search.cgi?category_id=world&feed=1,ok,,国際
2026-09-23,2026-09-23T08:18:29.142417+09:00,その他メディア,,デイリースポーツ,米国とイラン、NYで接触,https://www.daily.co.jp/society/world/2026/09/23/0020850099.shtml,https://news.ceek.jp/search.cgi?category_id=world&feed=1,ok,,国際
2026-09-23,2026-09-23T08:18:29.142417+09:00,全国紙,全国,産経新聞,「正義なくして平和なし」マクロン仏大統領、多国間主義の立て直し訴え 国連総会一般討論,https://www.sankei.com/article/20260923-E6FNTGNVDBKGXEKJSS5UKVVJPE/,https://news.ceek.jp/search.cgi?category_id=world&feed=1,ok,,国際
2026-09-23,2026-09-23T08:18:29.142417+09:00,全国紙,全国,産経新聞,ルワンダ、ベルギーと復交「相違点や誤解に建設的な精神で対処」 コンゴ紛争巡り昨年断絶,https://www.sankei.com/article/20260923-GVLW4PHTYROBPMZCLGWFUTVQWI/,https://news.ceek.jp/search.cgi?category_id=world&feed=1,ok,,国際
2026-09-23,2026-09-23T08:18:29.142417+09:00,その他メディア,,TBSテレビ,世界最大のビールの祭典「オクトーバーフェスト」物価高でビール1リットル2700円!減税も効果なし?,https://newsdig.tbs.co.jp/articles/-/2962379?display=1,https://news.ceek.jp/search.cgi?category_id=world&feed=1,ok,,国際
2026-09-23,2026-09-23T08:18:29.142417+09:00,その他メディア,,日本テレビ,"トランプ大統領“イランを経済的に孤立させる""協力訴え 国連総会で一般討論演説",https://news.ntv.co.jp/category/international/f578d614d0fa4db68980187ce5954b4e,https://news.ceek.jp/search.cgi?category_id=world&feed=1,ok,,国際
2026-09-23,2026-09-23T08:18:29.142417+09:00,その他メディア,,デイリースポーツ,米国、グリーンランド領有断念か,https://www.daily.co.jp/society/world/2026/09/23/0020850047.shtml,https://news.ceek.jp/search.cgi?category_id=world&feed=1,ok,,国際
2026-09-23,2026-09-23T08:18:29.142417+09:00,その他メディア,,デイリースポーツ,独西部で米空軍F16墜落,https://www.daily.co.jp/society/world/2026/09/23/0020850080.shtml,https://news.ceek.jp/search.cgi?category_id=world&feed=1,ok,,国際
2026-09-23,2026-09-23T08:18:29.142417+09:00,全国紙,全国,産経新聞,ドイツ西部で米空軍F16墜落 訓練飛行後の基地着陸時...1人負傷、原因調査中,https://www.sankei.com/article/20260923-BERH5W6IZ5LCLLEZLE2JWBI3NI/,https://news.ceek.jp/search.cgi?category_id=world&feed=1,ok,,国際
2026-09-23,2026-09-23T08:18:29.142417+09:00,その他メディア,,AFPBB News,トランプ氏、ICC全加盟国に脱退呼び掛け 「制御不能」と批判,https://www.afpbb.com/articles/-/3654025,https://news.ceek.jp/search.cgi?category_id=world&feed=1,ok,,国際
2026-09-23,2026-09-23T08:18:29.142417+09:00,その他メディア,,デイリースポーツ,小学校誤爆でAI改良か,https://www.daily.co.jp/society/world/2026/09/23/0020850071.shtml,https://news.ceek.jp/search.cgi?category_id=world&feed=1,ok,,国際
2026-09-23,2026-09-23T08:18:29.142417+09:00,全国紙,全国,産経新聞,迎撃ミサイルのライセンス生産を協議 米ウクライナ首脳会談、燃料施設への攻撃停止も,https://www.sankei.com/article/20260923-SIMISGMDOVKC7POBWJ3AMXE2XI/,https://news.ceek.jp/search.cgi?category_id=world&feed=1,ok,,国際
2026-09-23,2026-09-23T08:18:29.142417+09:00,その他メディア,,デイリースポーツ,米朝対話実現へ足場づくり,https://www.daily.co.jp/society/world/2026/09/23/0020850055.shtml,https://news.ceek.jp/search.cgi?category_id=world&feed=1,ok,,国際
2026-09-23,2026-09-23T08:18:29.142417+09:00,その他メディア,,共同通信,米朝対話実現へ足場づくり 韓国大統領「早期再開を」,https://www.47news.jp/14979181.html,https://news.ceek.jp/search.cgi?category_id=world&feed=1,ok,,国際
2026-09-23,2026-09-23T08:18:29.142417+09:00,その他メディア,,デイリースポーツ,ロシア富豪2人への制裁解除,https://www.daily.co.jp/society/world/2026/09/23/0020850054.shtml,https://news.ceek.jp/search.cgi?category_id=world&feed=1,ok,,国際
2026-09-23,2026-09-23T08:18:29.142417+09:00,その他メディア,,ニューズウィーク,男性は虐げられている? トランプを支持する男たちが標榜する「Masculinity Politics」とは,https://www.newsweekjapan.jp/articles/-/334629,https://news.ceek.jp/search.cgi?category_id=world&feed=1,ok,,国際
2026-09-23,2026-09-23T08:18:29.142417+09:00,その他メディア,,ブラジル日報,商議所昼食会=制度崩壊の危機に直面するブラジル=汚職と議会の利権化が招く統治不全=ファウスト氏が激しく指弾,https://brasilnippou.com/ja/articles/260923-21colonia,https://news.ceek.jp/search.cgi?category_id=world&feed=1,ok,,国際
2026-09-23,2026-09-23T08:18:29.142417+09:00,その他メディア,,ブラジル日報,21カ国30グループが共演=文協で第53回国際民族舞踊大会,https://brasilnippou.com/ja/articles/260923-24colonia,https://news.ceek.jp/search.cgi?category_id=world&feed=1,ok,,国際
2026-09-23,2026-09-23T08:18:29.142417+09:00,その他メディア,,ブラジル日報,熊本会館で募金慈善昼食会=母県の地震被災者を支援で,https://brasilnippou.com/ja/articles/260923-23colonia,https://news.ceek.jp/search.cgi?category_id=world&feed=1,ok,,国際
2026-09-23,2026-09-23T08:18:29.142417+09:00,その他メディア,,ブラジル日報,作品270点以上を一挙展示=石川県人会文化祭が今週末,https://brasilnippou.com/ja/articles/260923-22colonia,https://news.ceek.jp/search.cgi?category_id=world&feed=1,ok,,国際
2026-09-23,2026-09-23T08:18:29.142417+09:00,その他メディア,,Forbes JAPAN,欧州、冬を前に天然ガス備蓄量が「数十年ぶりの低水準」に,https://forbesjapan.com/articles/detail/105248,https://news.ceek.jp/search.cgi?category_id=world&feed=1,ok,,国際
2026-09-23,2026-09-23T08:18:29.142417+09:00,その他メディア,,デイリースポーツ,不正訴え抗議集会を申請,https://www.daily.co.jp/society/world/2026/09/23/0020850037.shtml,https://news.ceek.jp/search.cgi?category_id=world&feed=1,ok,,国際
2026-09-23,2026-09-23T08:18:29.142417+09:00,その他メディア,,デイリースポーツ,フジモリ氏、治安回復訴え,https://www.daily.co.jp/society/world/2026/09/23/0020850035.shtml,https://news.ceek.jp/search.cgi?category_id=world&feed=1,ok,,国際
2026-09-23,2026-09-23T08:18:29.142417+09:00,その他メディア,,フジテレビ,イランとの協議「非常に良かった」 トランプ氏が合意実現に期待,https://www.fnn.jp/articles/-/1119388,https://news.ceek.jp/search.cgi?category_id=world&feed=1,ok,,国際
2026-09-23,2026-09-23T08:18:29.142417+09:00,その他メディア,,デイリースポーツ,燃料施設への攻撃停止協議,https://www.daily.co.jp/society/world/2026/09/23/0020850032.shtml,https://news.ceek.jp/search.cgi?category_id=world&feed=1,ok,,国際
2026-09-23,2026-09-23T08:18:29.142417+09:00,その他メディア,,山形新聞,秋季東北地区高校野球県大会、8強まず4校 第4日,https://www.yamagata-np.jp/news/202609/23/kj_2026092300566.php,https://news.ceek.jp/search.cgi?category_id=local&feed=1,ok,,地方・地域
2026-09-23,2026-09-23T08:18:29.142417+09:00,その他メディア,,高知新聞,華麗なトリックに「パーフェクト!」 高知市で「ストリートけん玉」大会 全国から58選手出場、DJサウンドに乗せ妙技連発,https://www.kochinews.co.jp/article/detail/1046483,https://news.ceek.jp/search.cgi?category_id=local&feed=1,ok,,地方・地域
2026-09-23,2026-09-23T08:18:29.142417+09:00,その他メディア,,高知新聞,「トラベルナース」高知に呼び込め! 都会と地方で看護師の循環を 元看護部長・竹林高子さんが人材紹介会社を起業 「高知の医療に貢献したい」,https://www.kochinews.co.jp/article/detail/1046436,https://news.ceek.jp/search.cgi?category_id=local&feed=1,ok,,地方・地域
2026-09-23,2026-09-23T08:18:29.142417+09:00,その他メディア,,高知新聞,民間信仰「いざなぎ流」、神池芋...高知県香美市には何がある? 12/6まで体験博「かみめぐり」で魅力知って,https://www.kochinews.co.jp/article/detail/1046402,https://news.ceek.jp/search.cgi?category_id=local&feed=1,ok,,地方・地域
2026-09-23,2026-09-23T08:18:29.142417+09:00,その他メディア,,佐賀新聞,<九州新幹線長崎ルート>在来線 「地域の足」の本数確保、JRに要請,https://www.saga-s.co.jp/articles/-/1796593,https://news.ceek.jp/search.cgi?category_id=local&feed=1,ok,,地方・地域
2026-09-23,2026-09-23T08:18:29.142417+09:00,全国紙,全国,読売新聞,リンゴ収穫の季節に 岐阜・高山市...「色つやも大きさも例年にない出来栄え」,https://www.yomiuri.co.jp/local/chubu/news/20260923-GYTNT00020/,https://news.ceek.jp/search.cgi?category_id=local&feed=1,ok,,地方・地域
2026-09-23,2026-09-23T08:18:29.142417+09:00,その他メディア,,福島民友新聞,いわきに「めひまる」誕生 めひかりをモチーフ、グッズも販売予定,https://www.minyu-net.com/news/detail/2026092308324055161,https://news.ceek.jp/search.cgi?category_id=local&feed=1,ok,,地方・地域
2026-09-23,2026-09-23T08:18:29.142417+09:00,その他メディア,,高知新聞,水面に映えるハグロトンボ、秋の訪れ告げる 9/23は秋分の日,https://www.kochinews.co.jp/article/detail/1046431,https://news.ceek.jp/search.cgi?category_id=local&feed=1,ok,,地方・地域
2026-09-23,2026-09-23T08:18:29.142417+09:00,地方紙,広島,中国新聞,ディーゼル燃料の輸出禁止検討,https://www.chugoku-np.co.jp/articles/-/898748,https://news.ceek.jp/search.cgi?category_id=local&feed=1,ok,,地方・地域
2026-09-23,2026-09-23T08:18:29.142417+09:00,その他メディア,,TBSテレビ,【速報】「ダチョウが徘徊している」滋賀・守山市でダチョウ徘徊か 付近の住民から複数の目撃情報 JR守山駅方向へ?,https://newsdig.tbs.co.jp/articles/-/2962386?display=1,https://news.ceek.jp/search.cgi?category_id=local&feed=1,ok,,地方・地域
2026-09-23,2026-09-23T08:18:29.142417+09:00,その他メディア,,高知新聞,葉ニンニク香る「ぬた」をトンカツに!? 〝ぬたマヨ〟高知商業高生が発案 100食完売 「ぬたの可能性を知って」,https://www.kochinews.co.jp/article/detail/1046434,https://news.ceek.jp/search.cgi?category_id=local&feed=1,ok,,地方・地域
2026-09-23,2026-09-23T08:18:29.142417+09:00,その他メディア,,TBSテレビ,【熱低・台風情報】23日(水)中にも新たな台風発生へ 来週にかけ発達しながら沖縄の南へ北上か 最新情報注意,https://newsdig.tbs.co.jp/articles/-/2962390?display=1,https://news.ceek.jp/search.cgi?category_id=local&feed=1,ok,,地方・地域
2026-09-23,2026-09-23T08:18:29.142417+09:00,その他メディア,,十勝毎日新聞,日ハム中島卓也が引退試合で感謝の有終打「がむしゃらにやってきた」18年の現役生活で貫いた信条,https://kachimai.jp/article/index.php?no=20260923081816,https://news.ceek.jp/search.cgi?category_id=local&feed=1,ok,,地方・地域
2026-09-23,2026-09-23T08:18:29.142417+09:00,その他メディア,,TBSテレビ,74歳の妻と連絡とれず 未明に住宅から出火 消防が活動中(香川・東かがわ市),https://newsdig.tbs.co.jp/articles/-/2962383?display=1,https://news.ceek.jp/search.cgi?category_id=local&feed=1,ok,,地方・地域
2026-09-23,2026-09-23T08:18:29.142417+09:00,その他メディア,,福島民友新聞,体育館冷房設置14.5%、福島県内の公立小中学校 昨年度を10ポイント以上増も全国平均以下,https://www.minyu-net.com/news/detail/2026092308235455158,https://news.ceek.jp/search.cgi?category_id=local&feed=1,ok,,地方・地域
2026-09-23,2026-09-23T08:18:29.142417+09:00,その他メディア,,福島民友新聞,福島成蹊、夏の王者に競り勝つ 2年・菅野が決勝打,https://www.minyu-net.com/news/detail/2026092308330155162,https://news.ceek.jp/search.cgi?category_id=local&feed=1,ok,,地方・地域
2026-09-23,2026-09-23T08:18:29.142417+09:00,地方紙,広島,中国新聞,AI、子供に深刻な悪影響恐れ,https://www.chugoku-np.co.jp/articles/-/898742,https://news.ceek.jp/search.cgi?category_id=local&feed=1,ok,,地方・地域
2026-09-23,2026-09-23T08:18:29.142417+09:00,地方紙,広島,中国新聞,【AI巡る大国の攻防】中国、官民総力で猛追,https://www.chugoku-np.co.jp/articles/-/898738,https://news.ceek.jp/search.cgi?category_id=local&feed=1,ok,,地方・地域
2026-09-23,2026-09-23T08:18:29.142417+09:00,その他メディア,,福島民友新聞,東日大昌平、先発・大野粘投「一球の大切さ改めて実感」,https://www.minyu-net.com/news/detail/2026092308294655160,https://news.ceek.jp/search.cgi?category_id=local&feed=1,ok,,地方・地域
2026-09-23,2026-09-23T08:18:29.142417+09:00,地方紙,広島,中国新聞,【若者が薬を過剰摂取】「生きづらさ」ケア必須,https://www.chugoku-np.co.jp/articles/-/898737,https://news.ceek.jp/search.cgi?category_id=local&feed=1,ok,,地方・地域
2026-09-23,2026-09-23T08:18:29.142417+09:00,その他メディア,,福島民友新聞,学法石川エース・江口、10回2失点完投 126球の熱投に打線奮起,https://www.minyu-net.com/news/detail/2026092308251455159,https://news.ceek.jp/search.cgi?category_id=local&feed=1,ok,,地方・地域
2026-09-23,2026-09-23T08:18:29.142417+09:00,地方紙,広島,中国新聞,【学校体育館の冷房】統合や耐震化、課題は山積,https://www.chugoku-np.co.jp/articles/-/898736,https://news.ceek.jp/search.cgi?category_id=local&feed=1,ok,,地方・地域
2026-09-23,2026-09-23T08:18:29.142417+09:00,その他メディア,,岐阜新聞,体育館冷房、岐阜県内21市町村ゼロ 避難所指定の公立小中、政府が全国100%改善方針,https://www.gifu-np.co.jp/articles/-/773057,https://news.ceek.jp/search.cgi?category_id=local&feed=1,ok,,地方・地域
2026-09-23,2026-09-23T08:18:29.142417+09:00,その他メディア,,福島民報,【アジア大会バレー日本女子銀】二本松出身・鴫原ひなた、全戦先発で貢献 「悔しいが努力続ける」,https://www.minpo.jp/articles/-/233664,https://news.ceek.jp/search.cgi?category_id=local&feed=1,ok,,地方・地域
2026-09-23,2026-09-23T08:18:29.142417+09:00,その他メディア,,愛媛新聞,言葉あれこれ第229回 魚介か魚貝か,https://www.ehime-np.co.jp/article/news202609230004,https://news.ceek.jp/search.cgi?category_id=local&feed=1,ok,,地方・地域
2026-09-23,2026-09-23T08:18:29.142417+09:00,その他メディア,,フジテレビ,【朗読】声と言葉で心を動かす 呉三津田高校・佐々木香さんが挑んだ全国大会,https://www.fnn.jp/articles/-/1119402,https://news.ceek.jp/search.cgi?category_id=local&feed=1,ok,,地方・地域
2026-09-23,2026-09-23T08:18:29.142417+09:00,その他メディア,,長野日報,四半世紀の軌跡と展望 諏訪圏工業メッセ特別ウェブ企画,https://www.nagano-np.co.jp/news/detail.php?id=6553,https://news.ceek.jp/search.cgi?category_id=local&feed=1,ok,,地方・地域
2026-09-23,2026-09-23T08:18:29.142417+09:00,その他メディア,,Jタウンネット,生まれて初めての「雷」にこの表情 1歳にゃんこの驚愕フェイスに1.3万人注目,https://j-town.net/2026/09/23367176.html,https://news.ceek.jp/search.cgi?category_id=local&feed=1,ok,,地方・地域
2026-09-23,2026-09-23T08:18:29.142417+09:00,その他メディア,,佐賀新聞,ピアノとチェロのクラシック楽しんで 「シンフォニアひびき」ジョイントリサイタル 10月18日、神埼市,https://www.saga-s.co.jp/articles/-/1796522,https://news.ceek.jp/search.cgi?category_id=local&feed=1,ok,,地方・地域
2026-09-23,2026-09-23T08:18:29.142417+09:00,地方紙,新潟,新潟日報,俳優・松村雄基さんと會津八一記念館館長が語る、八一の奈良歌 10月10日新潟市でトークイベント、参加者募集,https://www.niigata-nippo.co.jp/articles/-/905888,https://news.ceek.jp/search.cgi?category_id=local&feed=1,ok,,地方・地域
2026-09-23,2026-09-23T08:18:29.142417+09:00,その他メディア,,茨城新聞,秋風に揺れるハギ 水戸・偕楽園 茨城,https://ibarakinews.jp/news/newsdetail.php?f_jun=1790084804738400,https://news.ceek.jp/search.cgi?category_id=local&feed=1,ok,,地方・地域
2026-09-23,2026-09-23T08:18:29.142417+09:00,全国紙,全国,読売新聞,アジア大会 スケボー・男子パーク 志治群青選手、24日登場...両親が専用パーク建設,https://www.yomiuri.co.jp/local/chubu/news/20260923-GYTNT00006/,https://news.ceek.jp/search.cgi?category_id=local&feed=1,ok,,地方・地域
2026-09-23,2026-09-23T08:18:29.142417+09:00,その他メディア,,TBSテレビ,西日本では定着も関東からは少数派!? 広島への修学旅行 「平和学習のノウハウがない」 関東の中学校教員対象に「平和学習」研修会,https://newsdig.tbs.co.jp/articles/-/2930542?display=1,https://news.ceek.jp/search.cgi?category_id=local&feed=1,ok,,地方・地域
2026-09-23,2026-09-23T08:18:29.142417+09:00,その他メディア,,日本テレビ,【ナゼ】官公庁が話題の映画や番組とタイアップも間もなく中止...「犯罪を美化」「配慮が欠けている」と批判殺到,https://news.ntv.co.jp/category/society/ytb0a93f88717442ab9811fd5fea0801e9,https://news.ceek.jp/search.cgi?category_id=local&feed=1,ok,,地方・地域
2026-09-23,2026-09-23T08:18:29.142417+09:00,その他メディア,,まいどなニュース,「神かな?神だな」先に病院を出た近所のおばあちゃんが10分後に戻ってきて...「缶は冷たくても心ポカポカ」「こんなおばあちゃんになりたい」,https://maidonanews.jp/article/16685316,https://news.ceek.jp/search.cgi?category_id=local&feed=1,ok,,地方・地域
2026-09-23,2026-09-23T08:18:29.142417+09:00,その他メディア,,福島民友新聞,いわき湯本、延長14回の激闘制す,https://www.minyu-net.com/news/detail/2026092308194955157,https://news.ceek.jp/search.cgi?category_id=local&feed=1,ok,,地方・地域
2026-09-23,2026-09-23T08:18:29.142417+09:00,その他メディア,,TBSテレビ,【次の台風のたまご】秋雨前線 復活し「台風+前線」で大雨のおそれ 熱帯低気圧発生 今後のシミュレーション,https://newsdig.tbs.co.jp/articles/-/2962381?display=1,https://news.ceek.jp/search.cgi?category_id=local&feed=1,ok,,地方・地域
2026-09-23,2026-09-23T08:18:29.142417+09:00,その他メディア,,TBSテレビ,【台風情報】最大瞬間風速45m/s予想 新たな台風のたまご「熱帯低気圧b」発生...24時間以内に台風へ発達見込み、27日「沖縄の南」に接近か...今後の進路、日本への影響は?10月3日までの雨風シミュレーション【気象庁23日07時15分発表】,https://newsdig.tbs.co.jp/articles/-/2962380?display=1,https://news.ceek.jp/search.cgi?category_id=local&feed=1,ok,,地方・地域
2026-09-23,2026-09-23T08:18:29.142417+09:00,その他メディア,,TBSテレビ,"【台風情報】24時間内に台風発生へ 最大瞬間風速50m""強い勢力""で月末にかけ日本へ影響か 気象庁23日午前7時15分発表最新 フィリピンの東にある熱帯低気圧(台風のたまご)が発達予想",https://newsdig.tbs.co.jp/articles/-/2962377?display=1,https://news.ceek.jp/search.cgi?category_id=local&feed=1,ok,,地方・地域
2026-09-23,2026-09-23T08:18:29.142417+09:00,全国紙,全国,東京新聞,BUCK-TICKが国スポ応援 群馬県ゆかり、大型パネルに,https://www.tokyo-np.co.jp/article/517179,https://news.ceek.jp/search.cgi?category_id=local&feed=1,ok,,地方・地域
2026-09-23,2026-09-23T08:18:29.142417+09:00,その他メディア,,福島民友新聞,会津北嶺、攻守はつらつ,https://www.minyu-net.com/news/detail/2026092308170455156,https://news.ceek.jp/search.cgi?category_id=local&feed=1,ok,,地方・地域
2026-09-23,2026-09-23T08:18:29.142417+09:00,全国紙,全国,東京新聞,斜面を赤く染めるヒガンバナ 富岡・くろさわ藤園で今季から公開,https://www.tokyo-np.co.jp/article/517178,https://news.ceek.jp/search.cgi?category_id=local&feed=1,ok,,地方・地域
2026-09-23,2026-09-23T08:18:29.142417+09:00,全国紙,全国,東京新聞,障害者のアート 魅力発信 那珂川「もうひとつの美術館」四半世紀 「多様さ楽しめるように」,https://www.tokyo-np.co.jp/article/517177,https://news.ceek.jp/search.cgi?category_id=local&feed=1,ok,,地方・地域
2026-09-23,2026-09-23T08:18:29.142417+09:00,その他メディア,,福井新聞,福井県若狭町の一部地域で停電発生...復旧見込みいつ 2026年9月23日午前,https://www.fukuishimbun.co.jp/articles/-/2704778,https://news.ceek.jp/search.cgi?category_id=local&feed=1,ok,,地方・地域
2026-09-23,2026-09-23T08:18:29.142417+09:00,全国紙,全国,中日新聞,オープンAI、外部検証拡大 人工知能暴走懸念で安全策,https://www.chunichi.co.jp/article/1315105,https://news.ceek.jp/search.cgi?category_id=local&feed=1,ok,,地方・地域
2026-09-23,2026-09-23T08:18:29.142417+09:00,地方紙,広島,中国新聞,オープンAI、外部検証拡大,https://www.chugoku-np.co.jp/articles/-/898735,https://news.ceek.jp/search.cgi?category_id=local&feed=1,ok,,地方・地域
2026-09-23,2026-09-23T08:18:29.142417+09:00,その他メディア,,福島民友新聞,光南、サヨナラ勝ち,https://www.minyu-net.com/news/detail/2026092308142455155,https://news.ceek.jp/search.cgi?category_id=local&feed=1,ok,,地方・地域
2026-09-23,2026-09-23T08:18:29.142417+09:00,全国紙,全国,東京新聞,6年の沈黙経て 動物鮮やかに 桐生拠点、自閉症の画家・りんたろうさんが足利で個展,https://www.tokyo-np.co.jp/article/517176,https://news.ceek.jp/search.cgi?category_id=local&feed=1,ok,,地方・地域
2026-09-23,2026-09-23T08:18:29.142417+09:00,全国紙,全国,東京新聞,鹿嶋市が「あとふる」導入 県内初 飲食や宿泊...利用後に寄付,https://www.tokyo-np.co.jp/article/517171,https://news.ceek.jp/search.cgi?category_id=local&feed=1,ok,,地方・地域
2026-09-23,2026-09-23T08:18:29.142417+09:00,その他メディア,,福島民友新聞,聖光学院、5回コールド勝ち 序盤から主導権,https://www.minyu-net.com/news/detail/2026092308105655154,https://news.ceek.jp/search.cgi?category_id=local&feed=1,ok,,地方・地域
2026-09-23,2026-09-23T08:18:29.142417+09:00,地方紙,広島,中国新聞,米国とイラン、NYで接触,https://www.chugoku-np.co.jp/articles/-/898734,https://news.ceek.jp/search.cgi?category_id=local&feed=1,ok,,地方・地域
2026-09-23,2026-09-23T08:18:29.142417+09:00,全国紙,全国,中日新聞,米国とイラン、NYで接触 トランプ氏は総会で「全滅」警告,https://www.chunichi.co.jp/article/1315104,https://news.ceek.jp/search.cgi?category_id=local&feed=1,ok,,地方・地域
2026-09-23,2026-09-23T08:18:29.142417+09:00,全国紙,全国,東京新聞,40周年、700万人突破 つくばエキスポセンター,https://www.tokyo-np.co.jp/article/517170,https://news.ceek.jp/search.cgi?category_id=local&feed=1,ok,,地方・地域
2026-09-23,2026-09-23T08:18:29.142417+09:00,全国紙,全国,東京新聞,台風25号で2人軽傷 浸水被害は計42棟 通行止め40カ所以上,https://www.tokyo-np.co.jp/article/517169,https://news.ceek.jp/search.cgi?category_id=local&feed=1,ok,,地方・地域
2026-09-23,2026-09-23T08:18:29.142417+09:00,その他メディア,,福島民友新聞,須賀川創英館、堂々8強,https://www.minyu-net.com/news/detail/2026092308083755152,https://news.ceek.jp/search.cgi?category_id=local&feed=1,ok,,地方・地域
2026-09-23,2026-09-23T08:18:29.142417+09:00,全国紙,全国,東京新聞,浦和商のタヌキ 観察6年 理科の非常勤講師・小林さん 子育てや食事の様子を映像で発信,https://www.tokyo-np.co.jp/article/517167,https://news.ceek.jp/search.cgi?category_id=local&feed=1,ok,,地方・地域
2026-09-23,2026-09-23T08:18:29.142417+09:00,全国紙,全国,東京新聞,熊谷のみに生息する希少魚「ムサシトミヨ」のキャラ・愛称募集 県内の小~高校生対象 来月2日まで,https://www.tokyo-np.co.jp/article/517166,https://news.ceek.jp/search.cgi?category_id=local&feed=1,ok,,地方・地域
2026-09-23,2026-09-23T08:18:29.142417+09:00,その他メディア,,福島民報,若松「竹之湯」81年の歴史に幕 2代目店主前田喜子さん(85)「銭湯は私の人生」 設備老朽化など背景 27日まで営業,https://www.minpo.jp/articles/-/233504,https://news.ceek.jp/search.cgi?category_id=local&feed=1,ok,,地方・地域
2026-09-23,2026-09-23T08:18:29.142417+09:00,全国紙,全国,東京新聞,学生と企業の出会いの場に 来月1日、埼玉大に「知るカフェ」オープン 交流通じ多様な学びや選択肢を,https://www.tokyo-np.co.jp/article/517165,https://news.ceek.jp/search.cgi?category_id=local&feed=1,ok,,地方・地域
2026-09-23,2026-09-23T08:18:29.142417+09:00,全国紙,全国,東京新聞,〈行ってみたら 花前線〉秋風とコスモス,https://www.tokyo-np.co.jp/article/517162,https://news.ceek.jp/search.cgi?category_id=local&feed=1,ok,,地方・地域
2026-09-23,2026-09-23T08:18:29.142417+09:00,その他メディア,,福島民友新聞,日大東北、4番・篠木「躍動」,https://www.minyu-net.com/news/detail/2026092308051555149,https://news.ceek.jp/search.cgi?category_id=local&feed=1,ok,,地方・地域
2026-09-23,2026-09-23T08:18:29.142417+09:00,全国紙,全国,東京新聞,自転車競技の名選手が新都心を疾走 11月15日「さいたまクリテリウム」,https://www.tokyo-np.co.jp/article/517164,https://news.ceek.jp/search.cgi?category_id=local&feed=1,ok,,地方・地域
2026-09-23,2026-09-23T08:18:29.142417+09:00,地方紙,広島,中国新聞,首相、対ロシア制裁の継続表明,https://www.chugoku-np.co.jp/articles/-/898733,https://news.ceek.jp/search.cgi?category_id=local&feed=1,ok,,地方・地域
2026-09-23,2026-09-23T08:18:29.142417+09:00,全国紙,全国,東京新聞,〈行ってみたら〉月を待ち 愛でる アートや音楽など没入体験 10月4日まで 高輪ゲートウェイシティ,https://www.tokyo-np.co.jp/article/517163,https://news.ceek.jp/search.cgi?category_id=local&feed=1,ok,,地方・地域
2026-09-23,2026-09-23T08:18:29.142417+09:00,その他メディア,,福井新聞,台風26号発生へ...気象庁の予想進路、米軍・ヨーロッパの見方 日本への影響は,https://www.fukuishimbun.co.jp/articles/-/2704779,https://news.ceek.jp/search.cgi?category_id=local&feed=1,ok,,地方・地域
2026-09-23,2026-09-23T08:18:29.142417+09:00,全国紙,全国,中日新聞,サッカー女子欧州CL開幕 長谷川、谷川らフル出場,https://www.chunichi.co.jp/article/1315101,https://news.ceek.jp/search.cgi?category_id=local&feed=1,ok,,地方・地域
2026-09-23,2026-09-23T08:18:29.142417+09:00,全国紙,全国,東京新聞,土砂崩れ、死者相次ぐ 台風25号 5万8千軒で一時停電,https://www.tokyo-np.co.jp/article/517154,https://news.ceek.jp/search.cgi?category_id=local&feed=1,ok,,地方・地域
2026-09-23,2026-09-23T08:18:29.142417+09:00,その他メディア,,山陽新聞,自動運転コンバイン開発、ヤンマーアグリ 汎用型初、「隅刈り」対応,https://www.sanyonews.jp/article/1987650/,https://news.ceek.jp/search.cgi?category_id=local&feed=1,ok,,地方・地域
2026-09-23,2026-09-23T08:18:29.142417+09:00,地方紙,広島,中国新聞,サッカー女子欧州CL開幕,https://www.chugoku-np.co.jp/articles/-/898731,https://news.ceek.jp/search.cgi?category_id=local&feed=1,ok,,地方・地域
2026-09-23,2026-09-23T08:18:29.142417+09:00,その他メディア,,福島民友新聞,夏の甲子園16強・東日大昌平敗れる 秋季高校野球福島県大会,https://www.minyu-net.com/news/detail/2026092216155155139,https://news.ceek.jp/search.cgi?category_id=local&feed=1,ok,,地方・地域
2026-09-23,2026-09-23T08:18:29.142417+09:00,全国紙,全国,読売新聞,アジア大会 体操女子 岡村真選手、団体決勝進出に貢献...種目別も 「気負わず演技を」,https://www.yomiuri.co.jp/local/chubu/news/20260923-GYTNT00028/,https://news.ceek.jp/search.cgi?category_id=local&feed=1,ok,,地方・地域
2026-09-23,2026-09-23T08:18:29.142417+09:00,地方紙,京都,京都新聞,京都の秋の味覚「丹波くり」が収穫ピーク 少雨で小粒も「甘さは倍増」,https://www.kyoto-np.co.jp/articles/-/1795050,https://news.ceek.jp/search.cgi?category_id=local&feed=1,ok,,地方・地域
2026-09-23,2026-09-23T08:18:29.142417+09:00,その他メディア,,まいどなニュース,「いや、しない。それともする?」公園に設けられた犬専用のトイレ 3度チャレンジしたけれど...「水分補給に最適では」,https://maidonanews.jp/article/16895471,https://news.ceek.jp/search.cgi?category_id=local&feed=1,ok,,地方・地域
2026-09-23,2026-09-23T08:18:29.142417+09:00,その他メディア,,Lmaga.jp,"吉本退所の小籔千豊、ライブで“新喜劇愛""見せる「亡くなったベテランを弔う気持ちで」",https://www.lmaga.jp/news/2026/09/1102162/,https://news.ceek.jp/search.cgi?category_id=local&feed=1,ok,,地方・地域
2026-09-23,2026-09-23T08:18:29.142417+09:00,その他メディア,,佐賀新聞,もしもに備え、スマホ活用法学ぼう 10、11月 佐賀市内3カ所で連続講座,https://www.saga-s.co.jp/articles/-/1796521,https://news.ceek.jp/search.cgi?category_id=local&feed=1,ok,,地方・地域
2026-09-23,2026-09-23T08:18:29.142417+09:00,その他メディア,,秋田魁新報,新チームは「力不足痛感」 横手、来夏に向けレベルアップ誓う【秋季高校野球】,https://www.sakigake.jp/news/article/20260922AK0032/,https://news.ceek.jp/search.cgi?category_id=local&feed=1,ok,,地方・地域
2026-09-23,2026-09-23T08:18:29.142417+09:00,その他メディア,,福井新聞,消費減税「大綱」 財源の詳細 国会で明示を,https://www.fukuishimbun.co.jp/articles/-/2704785,https://news.ceek.jp/search.cgi?category_id=local&feed=1,ok,,地方・地域
2026-09-23,2026-09-23T08:18:29.142417+09:00,全国紙,全国,中日新聞,米、軍事権限拡大で協定 グリーンランド領有断念か,https://www.chunichi.co.jp/article/1315096,https://news.ceek.jp/search.cgi?category_id=local&feed=1,ok,,地方・地域
2026-09-23,2026-09-23T08:18:29.142417+09:00,全国紙,全国,東京新聞,〈ちばアートシーン 千葉市美術館から〉(3)千葉のまちと、そこにうまれる物語,https://www.tokyo-np.co.jp/article/517153,https://news.ceek.jp/search.cgi?category_id=local&feed=1,ok,,地方・地域
2026-09-23,2026-09-23T08:18:29.142417+09:00,地方紙,広島,中国新聞,独西部で米空軍F16墜落,https://www.chugoku-np.co.jp/articles/-/898732,https://news.ceek.jp/search.cgi?category_id=local&feed=1,ok,,地方・地域
2026-09-23,2026-09-23T08:18:29.142417+09:00,全国紙,全国,中日新聞,独西部で米空軍F16墜落 1人負傷、原因調査中,https://www.chunichi.co.jp/article/1315102,https://news.ceek.jp/search.cgi?category_id=local&feed=1,ok,,地方・地域
2026-09-23,2026-09-23T08:18:29.142417+09:00,全国紙,全国,東京新聞,〈比べてみたら〉リカバリーウエア,https://www.tokyo-np.co.jp/article/517161,https://news.ceek.jp/search.cgi?category_id=local&feed=1,ok,,地方・地域
2026-09-23,2026-09-23T08:18:29.142417+09:00,全国紙,全国,東京新聞,校則見直し状況の調査開始 県弁護士会権利委員会 公立中や教委対象,https://www.tokyo-np.co.jp/article/517155,https://news.ceek.jp/search.cgi?category_id=local&feed=1,ok,,地方・地域
2026-09-23,2026-09-23T08:18:29.142417+09:00,その他メディア,,日本テレビ,水巻町の県道で車と大型バイクが衝突する事故 大型バイク運転の男性が死亡,https://news.ntv.co.jp/category/society/fs319847e3e82e4a70b74ccb1e1eba956f,https://news.ceek.jp/search.cgi?category_id=local&feed=1,ok,,地方・地域
2026-09-23,2026-09-23T08:18:29.142417+09:00,地方紙,広島,中国新聞,小学校誤爆でAI改良か,https://www.chugoku-np.co.jp/articles/-/898730,https://news.ceek.jp/search.cgi?category_id=local&feed=1,ok,,地方・地域
2026-09-23,2026-09-23T08:18:29.142417+09:00,全国紙,全国,中日新聞,小学校誤爆でAI改良か 米軍、標的選定システム,https://www.chunichi.co.jp/article/1315100,https://news.ceek.jp/search.cgi?category_id=local&feed=1,ok,,地方・地域
2026-09-23,2026-09-23T08:18:29.142417+09:00,その他メディア,,岐阜新聞,車のコーティング技術2級、外国籍社員4人合格 大垣市の中部産業、仲間が編集した動画で習得,https://www.gifu-np.co.jp/articles/-/773062,https://news.ceek.jp/search.cgi?category_id=local&feed=1,ok,,地方・地域
2026-09-23,2026-09-23T08:18:29.142417+09:00,全国紙,全国,読売新聞,観客席脇で社会貢献啓発 愛知・常滑市のアジア大会フェンシング会場、江村美咲選手ら寄付,https://www.yomiuri.co.jp/local/chubu/news/20260923-GYTNT00018/,https://news.ceek.jp/search.cgi?category_id=local&feed=1,ok,,地方・地域
2026-09-23,2026-09-23T08:18:29.142417+09:00,その他メディア,,佐賀新聞,佐賀市立図書館 本館機能の代替策を求め、市民団体結成「多くの人に一緒に考えてもらいたい」,https://www.saga-s.co.jp/articles/-/1796590,https://news.ceek.jp/search.cgi?category_id=local&feed=1,ok,,地方・地域
2026-09-23,2026-09-23T08:18:29.142417+09:00,その他メディア,,秋田魁新報,「かつてないレベル」を追求 秋田、11年ぶりの東北切符【秋季高校野球】,https://www.sakigake.jp/news/article/20260922AK0026/,https://news.ceek.jp/search.cgi?category_id=local&feed=1,ok,,地方・地域
2026-09-23,2026-09-23T08:18:29.142417+09:00,その他メディア,,福島民友新聞,重機と衝突、ダンプの運転手重傷 富岡の事業所敷地内,https://www.minyu-net.com/news/detail/2026092307211155144,https://news.ceek.jp/search.cgi?category_id=local&feed=1,ok,,地方・地域
2026-09-23,2026-09-23T08:18:29.142417+09:00,地方紙,広島,中国新聞,米朝対話実現へ足場づくり,https://www.chugoku-np.co.jp/articles/-/898729,https://news.ceek.jp/search.cgi?category_id=local&feed=1,ok,,地方・地域
2026-09-23,2026-09-23T17:28:01.659256+09:00,全国紙,全国,読売新聞,,,,skipped,robots.txtが一般クローラー/AI系UAを名指しで包括的にDisallow。2024年1月のToS改定で自動収集・生成AI学習目的の収集を明示的に禁止しているため、自動取得の対象外とする。,
2026-09-23,2026-09-23T17:28:01.659256+09:00,全国紙,全国,朝日新聞,漁船とプレジャーボートが衝突 1人死亡、1人不明? 北海道紋別沖,http://www.asahi.com/articles/ASV9R2J8XV9RIIPE007M.html,https://www.asahi.com/rss/asahi/newsheadlines.rdf,ok,,社会
2026-09-23,2026-09-23T17:28:01.659256+09:00,全国紙,全国,朝日新聞,「ダチョウが走っている」と通報 飼育のエミューが逃げ出し、捕獲,http://www.asahi.com/articles/ASV9R11CBV9RPLZB001M.html,https://www.asahi.com/rss/asahi/newsheadlines.rdf,ok,,社会
2026-09-23,2026-09-23T17:28:01.659256+09:00,全国紙,全国,朝日新聞,水没車両付近で発見の男性死亡、台風死者9人に 印旛沼の周辺は浸水,http://www.asahi.com/articles/ASV9Q7T5FV9QULOB001M.html,https://www.asahi.com/rss/asahi/newsheadlines.rdf,ok,,社会
2026-09-23,2026-09-23T17:28:01.659256+09:00,全国紙,全国,朝日新聞,母が性暴力を実名で告発した いらだちから伴走へ 変化した娘の心境,http://www.asahi.com/articles/ASV9D2H54V9DUTIL01BM.html,https://www.asahi.com/rss/asahi/newsheadlines.rdf,ok,,社会
2026-09-23,2026-09-23T17:28:01.659256+09:00,全国紙,全国,朝日新聞,警告3度で銀メダルの山西利和 まだ見ぬ五輪頂点へ「未練がある」,http://www.asahi.com/articles/ASV9R2656V9RUTQP00VM.html,https://www.asahi.com/rss/asahi/newsheadlines.rdf,ok,,スポーツ
2026-09-23,2026-09-23T17:28:01.659256+09:00,全国紙,全国,朝日新聞,佐々木朗希「どんな形であれ貢献」 志願の救援登板、指には接着剤,http://www.asahi.com/articles/ASV9R2JCMV9RUTQP01KM.html,https://www.asahi.com/rss/asahi/newsheadlines.rdf,ok,,スポーツ
2026-09-23,2026-09-23T17:28:01.659256+09:00,全国紙,全国,朝日新聞,アジア大会競歩、熱戦の裏に「タカ作戦」 カラスのフン害対策で,http://www.asahi.com/articles/ASV9R1R6VV9RUQIP040M.html,https://www.asahi.com/rss/asahi/newsheadlines.rdf,ok,,スポーツ
2026-09-23,2026-09-23T17:28:01.659256+09:00,全国紙,全国,朝日新聞,ドラマで身につけた日本語 韓国のメダリストが伝えたかった感謝,http://www.asahi.com/articles/ASV9R1QJ4V9RUTQP008M.html,https://www.asahi.com/rss/asahi/newsheadlines.rdf,ok,,スポーツ
2026-09-23,2026-09-23T17:28:01.659256+09:00,全国紙,全国,朝日新聞,大谷翔平があす復帰へ ロバーツ監督「IL入り当時を5とすれば」,http://www.asahi.com/articles/ASV9R03SPV9RUTQP002M.html,https://www.asahi.com/rss/asahi/newsheadlines.rdf,ok,,スポーツ
2026-09-23,2026-09-23T17:28:01.659256+09:00,全国紙,全国,朝日新聞,米中首脳会談、AI焦点 増す「暴走」懸念、安全確保へ歩み寄れるか,http://www.asahi.com/articles/ASV9Q2C65V9QUHBI00SM.html,https://www.asahi.com/rss/asahi/newsheadlines.rdf,ok,,ビジネス
2026-09-23,2026-09-23T17:28:01.659256+09:00,全国紙,全国,朝日新聞,エンジン車の脱炭素、マツダがアクセル バイオ燃料研究やCO2回収,http://www.asahi.com/articles/ASV9B1STFV9BULFA00BM.html,https://www.asahi.com/rss/asahi/newsheadlines.rdf,ok,,ビジネス
2026-09-23,2026-09-23T17:28:01.659256+09:00,全国紙,全国,朝日新聞,5億円動かす65歳元主婦の起業 新聞記者の夫が退職「私のターン」,http://www.asahi.com/articles/ASV9J1F80V9JULLI00PM.html,https://www.asahi.com/rss/asahi/newsheadlines.rdf,ok,,ビジネス
2026-09-23,2026-09-23T17:28:01.659256+09:00,全国紙,全国,朝日新聞,高市首相「国民に身近な法整備で結果を」 消費減税法案成立に意欲,http://www.asahi.com/articles/ASV9R2CZKV9RULFA003M.html,https://www.asahi.com/rss/asahi/newsheadlines.rdf,ok,,政治
2026-09-23,2026-09-23T17:28:01.659256+09:00,全国紙,全国,朝日新聞,変わる戦争の形態 無人機やAI 負の側面どう向き合う,http://www.asahi.com/articles/ASV9N7QXBV9NUTFK00HM.html,https://www.asahi.com/rss/asahi/newsheadlines.rdf,ok,,政治
2026-09-23,2026-09-23T17:28:01.659256+09:00,全国紙,全国,朝日新聞,ベネズエラ暫定大統領がトランプ氏と初対面 武力攻撃後に深まる関係,http://www.asahi.com/articles/ASV9R2FCZV9RUHBI00QM.html,https://www.asahi.com/rss/asahi/newsheadlines.rdf,ok,,国際
2026-09-23,2026-09-23T17:28:01.659256+09:00,全国紙,全国,朝日新聞,トランプ氏を前に... 米国への「アンチテーゼ」発言が次々 国連総会,http://www.asahi.com/articles/ASV9R011TV9RUHBI003M.html,https://www.asahi.com/rss/asahi/newsheadlines.rdf,ok,,国際
2026-09-23,2026-09-23T17:28:01.659256+09:00,全国紙,全国,朝日新聞,解雇通知受けた星条旗新聞の前編集長 「トランプ政権の不条理」語る,http://www.asahi.com/articles/ASV9P0D3WV9PUHBI00QM.html,https://www.asahi.com/rss/asahi/newsheadlines.rdf,ok,,国際
2026-09-23,2026-09-23T17:28:01.659256+09:00,全国紙,全国,朝日新聞,亡くなったあなたに支えられ 精神科医Tomyさんの「ぼちぼち」,http://www.asahi.com/articles/ASV9L2QHLV9LUCVL017M.html,https://www.asahi.com/rss/asahi/newsheadlines.rdf,ok,,文化芸能
2026-09-23,2026-09-23T17:28:01.659256+09:00,全国紙,全国,朝日新聞,お寺で読経、心身の健康に効果あり 幸福感アップ、呼吸や嚥下機能も,http://www.asahi.com/articles/ASV9G0VYZV9GUTFL01LM.html,https://www.asahi.com/rss/asahi/newsheadlines.rdf,ok,,サイエンス
2026-09-23,2026-09-23T17:28:01.659256+09:00,全国紙,全国,朝日新聞,巨大噴火、諦める以外にないのか ガス抜いて制御する夢の構想も,http://www.asahi.com/articles/ASV983CFBV98UHMC006M.html,https://www.asahi.com/rss/asahi/newsheadlines.rdf,ok,,サイエンス
2026-09-23,2026-09-23T17:28:01.659256+09:00,全国紙,全国,毎日新聞,"高市政権の行方,トランプ政権:トランプ氏、日本へ配慮にじませ...「バランス」は対中関係でも",https://mainichi.jp/articles/20260923/k00/00m/030/084000c,https://mainichi.jp/rss/etc/mainichi-flash.rss,ok,,ニュース
2026-09-23,2026-09-23T17:28:01.659256+09:00,全国紙,全国,毎日新聞,ポッドキャスト:迫る新築戸建て1億円超え 基準地価5年連続上昇の裏で起きる変化,https://mainichi.jp/articles/20260915/k00/00m/020/176000c,https://mainichi.jp/rss/etc/mainichi-flash.rss,ok,,ニュース
2026-09-23,2026-09-23T17:28:01.659256+09:00,全国紙,全国,毎日新聞,都会にある生き物の「逃げ場」 静かなシグナル、耳澄ます専門家ら,https://mainichi.jp/articles/20260918/k00/00m/040/310000c,https://mainichi.jp/rss/etc/mainichi-flash.rss,ok,,ニュース
2026-09-23,2026-09-23T17:28:01.659256+09:00,全国紙,全国,毎日新聞,米政権、「トランプTV」開設 主要テレビ局のボイコットに対抗,https://mainichi.jp/articles/20260923/k00/00m/030/076000c,https://mainichi.jp/rss/etc/mainichi-flash.rss,ok,,ニュース
2026-09-23,2026-09-23T17:28:01.659256+09:00,全国紙,全国,毎日新聞,高市首相、消費減税法案など「野党と真摯な議論」 臨時国会向け,https://mainichi.jp/articles/20260923/k00/00m/010/074000c,https://mainichi.jp/rss/etc/mainichi-flash.rss,ok,,ニュース
2026-09-23,2026-09-23T17:28:01.659256+09:00,全国紙,全国,毎日新聞,容疑者「事故前日と当日に酒飲んだ」 福岡の飲酒事故で3歳死亡,https://mainichi.jp/articles/20260923/k00/00m/040/075000c,https://mainichi.jp/rss/etc/mainichi-flash.rss,ok,,ニュース
2026-09-23,2026-09-23T17:28:01.659256+09:00,全国紙,全国,毎日新聞,学校の健康診断 胸を見せるために下着を脱ぐ? 脱がない?,https://mainichi.jp/articles/20260910/k00/00m/040/304000c,https://mainichi.jp/rss/etc/mainichi-flash.rss,ok,,ニュース
2026-09-23,2026-09-23T17:28:01.659256+09:00,全国紙,全国,毎日新聞,教育のいま:16自治体の学校健診で胸露出 アンケで浮かんだ教育現場の苦悩,https://mainichi.jp/articles/20260922/k00/00m/040/047000c,https://mainichi.jp/rss/etc/mainichi-flash.rss,ok,,ニュース
2026-09-23,2026-09-23T17:28:01.659256+09:00,全国紙,全国,毎日新聞,茂木外相、国連の日本人職員約70人を激励 「存在は不可欠」,https://mainichi.jp/articles/20260923/k00/00m/010/070000c,https://mainichi.jp/rss/etc/mainichi-flash.rss,ok,,ニュース
2026-09-23,2026-09-23T17:28:01.659256+09:00,全国紙,全国,毎日新聞,言葉通じなくても漢字で筆談 朝鮮漂流民と日本人、交流の記録,https://mainichi.jp/articles/20260923/k00/00m/310/053000c,https://mainichi.jp/rss/etc/mainichi-flash.rss,ok,,ニュース
2026-09-23,2026-09-23T17:28:01.659256+09:00,全国紙,全国,毎日新聞,"高市政権の行方,トランプ政権:高市首相、日米同盟演出に腐心 「頭越し」の米中接近を警戒",https://mainichi.jp/articles/20260923/k00/00m/030/066000c,https://mainichi.jp/rss/etc/mainichi-flash.rss,ok,,ニュース
2026-09-23,2026-09-23T17:28:01.659256+09:00,全国紙,全国,毎日新聞,茂木氏、G4外相会合に出席 常任理事国入り目指す4カ国で声明,https://mainichi.jp/articles/20260923/k00/00m/010/067000c,https://mainichi.jp/rss/etc/mainichi-flash.rss,ok,,ニュース
2026-09-23,2026-09-23T17:28:01.659256+09:00,全国紙,全国,毎日新聞,トランプ氏「イランと取引」 合意に期待も、追加空爆辞さず,https://mainichi.jp/articles/20260923/k00/00m/030/069000c,https://mainichi.jp/rss/etc/mainichi-flash.rss,ok,,ニュース
2026-09-23,2026-09-23T17:28:01.659256+09:00,全国紙,全国,毎日新聞,サイバー犯罪の相談は減少も...「個人情報の窃取」3割に 埼玉,https://mainichi.jp/articles/20260923/k00/00m/310/064000c,https://mainichi.jp/rss/etc/mainichi-flash.rss,ok,,ニュース
2026-09-23,2026-09-23T17:28:01.659256+09:00,全国紙,全国,毎日新聞,令和のリアル:難関校一直線だけが正解? 我が子2人の中学受験から見えたこと,https://mainichi.jp/articles/20260918/k00/00m/100/133000c,https://mainichi.jp/rss/etc/mainichi-flash.rss,ok,,ニュース
2026-09-23,2026-09-23T17:28:01.659256+09:00,全国紙,全国,毎日新聞,水が緑色に、悪臭も... 茨城・土浦港で“嫌われもの”観察する会,https://mainichi.jp/articles/20260920/k00/00m/310/243000c,https://mainichi.jp/rss/etc/mainichi-flash.rss,ok,,ニュース
2026-09-23,2026-09-23T17:28:01.659256+09:00,全国紙,全国,毎日新聞,韓国の新国防相はエリート軍人 「文民」から1年で転換、なぜ?,https://mainichi.jp/articles/20260923/k00/00m/030/060000c,https://mainichi.jp/rss/etc/mainichi-flash.rss,ok,,ニュース
2026-09-23,2026-09-23T17:28:01.659256+09:00,全国紙,全国,毎日新聞,突然の豪雨、お迎えor一斉下校? 名古屋市の対応を振り返ると,https://mainichi.jp/articles/20260918/k00/00m/310/382000c,https://mainichi.jp/rss/etc/mainichi-flash.rss,ok,,ニュース
2026-09-23,2026-09-23T17:28:01.659256+09:00,全国紙,全国,毎日新聞,高市首相、ゼレンスキー氏と初の正式会談 「ウクライナと共に」,https://mainichi.jp/articles/20260923/k00/00m/030/056000c,https://mainichi.jp/rss/etc/mainichi-flash.rss,ok,,ニュース
2026-09-23,2026-09-23T17:28:01.659256+09:00,全国紙,全国,毎日新聞,「政治イベント控え衝突避けるだろう」 米中首脳会談、識者予想,https://mainichi.jp/articles/20260923/k00/00m/030/057000c,https://mainichi.jp/rss/etc/mainichi-flash.rss,ok,,ニュース
2026-09-23,2026-09-23T17:28:01.659256+09:00,全国紙,全国,日本経済新聞,,,,skipped,公式無料RSSなし。著作権ページで自動収集を明確に禁止しているため、自動取得の対象外とする。,
2026-09-23,2026-09-23T17:28:01.659256+09:00,全国紙,全国,産経新聞,見えぬ壁、バリアフリー社会へ「助け合うことできる」心臓病越え薬剤師になった男性の思い,https://www.sankei.com/article/20260923-VLEXUMV3IVIN7KJF64VLBCEYHA/,https://www.sankei.com/,ok,,
2026-09-23,2026-09-23T17:28:01.659256+09:00,全国紙,全国,産経新聞,ロシアはNATOを攻撃するのか 米情報機関「数年内に限定侵攻」 バルト三国に懸念,https://www.sankei.com/article/20260923-FRVRSQ76NNNOHHDIZR4VI2JPHE/,https://www.sankei.com/,ok,,
2026-09-23,2026-09-23T17:28:01.659256+09:00,全国紙,全国,産経新聞,狙われた英検準会場、試験監督が答案改竄 近畿大入試替え玉の元塾講師、まだあった不正,https://www.sankei.com/article/20260923-SL7UGDRTIRKB5H7G3CPXWX3FUA/,https://www.sankei.com/,ok,,
2026-09-23,2026-09-23T17:28:01.659256+09:00,全国紙,全国,産経新聞,習近平氏11年ぶりホワイトハウス トランプ氏、17年初顔合わせでは「シリア攻撃」伝達,https://www.sankei.com/article/20260923-V5JGF6VKOJO4NA32NYTINOG65U/,https://www.sankei.com/,ok,,
2026-09-23,2026-09-23T17:28:01.659256+09:00,全国紙,全国,産経新聞,高市首相、国連で削除訴えた「旧敵国条項」 中国も賛成したのに...昨年から対日牽制に利用,https://www.sankei.com/article/20260923-AFGFZQKLRNFJ3PSNPO4XQA3T5E/,https://www.sankei.com/,ok,,
2026-09-23,2026-09-23T17:28:01.659256+09:00,全国紙,全国,産経新聞,レッドカードで2分待機「何もできなかった」 世界記録保持者の競歩・山西利和は悔しい銀,https://www.sankei.com/article/20260923-K7QTUGLGCFKC5LEISIN23OGXFM/,https://www.sankei.com/,ok,,
2026-09-23,2026-09-23T17:28:01.659256+09:00,全国紙,全国,産経新聞,Z世代が考える未来のチョコ菓子は? 若者が企業に提言 キャリアサミット、関西で初開催,https://www.sankei.com/article/20260923-UYZMXYK3JVNO5JXCH2AYDZ2KI4/,https://www.sankei.com/,ok,,
2026-09-23,2026-09-23T17:28:01.659256+09:00,全国紙,全国,産経新聞,グリーンランド合意 トランプ氏の「ディール外交」の限界露呈 露を利する米欧の亀裂,https://www.sankei.com/article/20260923-LIYB6HEVBJJR7O4FRWLFQ3QVA4/,https://www.sankei.com/,ok,,
2026-09-23,2026-09-23T17:28:01.659256+09:00,全国紙,全国,産経新聞,銀行員との二足のわらじ 千葉興銀の矢来舞香選手がアジア大会競歩代表 9月27日号砲,https://www.sankei.com/article/20260923-RSZJUDSJMFO63LNSUKO5HMSVNA/,https://www.sankei.com/,ok,,
2026-09-23,2026-09-23T17:28:01.659256+09:00,全国紙,全国,産経新聞,首相、臨時国会は「身近な法整備で結果」 消費減税法案成立へ野党とも協力、内外記者会見,https://www.sankei.com/article/20260923-OJ7O6JXH2NMSTFA2NJF4C2GI24/,https://www.sankei.com/,ok,,
2026-09-23,2026-09-23T17:28:01.659256+09:00,全国紙,全国,産経新聞,JCOMネットで全国的に接続障害 復旧は未定,https://www.sankei.com/article/20260923-UMFHABPPAJK3DGTY5BIMUXBCGE/,https://www.sankei.com/,ok,,
2026-09-23,2026-09-23T17:28:01.659256+09:00,全国紙,全国,産経新聞,台湾が新型戦闘車両 時速100キロ 量産タイプ,https://www.sankei.com/article/20260923-AWOC6IAGZZJXZCAW35EHUAU6TM/,https://www.sankei.com/,ok,,
2026-09-23,2026-09-23T17:28:01.659256+09:00,全国紙,全国,東京新聞,リアルな姿で泣く子も...その名は「清流王者サラマンダー」 山口・岩国からオオサンショウウオを守る,https://www.tokyo-np.co.jp/article/516241,https://www.tokyo-np.co.jp/,ok,,
2026-09-23,2026-09-23T17:28:01.659256+09:00,全国紙,全国,東京新聞,海を越えて広がる「悲しくつらい」歌...「原爆を許すまじ」94歳の作詞者が語った裏話,https://www.tokyo-np.co.jp/article/516027,https://www.tokyo-np.co.jp/,ok,,
2026-09-23,2026-09-23T17:28:01.659256+09:00,全国紙,全国,東京新聞,推定60歳...国内最高齢のゾウ「メアリー」長生きの秘訣は? 仙台・八木山動物公園,https://www.tokyo-np.co.jp/article/516786,https://www.tokyo-np.co.jp/,ok,,
2026-09-23,2026-09-23T17:28:01.659256+09:00,全国紙,全国,東京新聞,〈本音のコラム〉アジア大会と秀吉 斎藤美奈子(文芸評論家),https://www.tokyo-np.co.jp/article/517099,https://www.tokyo-np.co.jp/,ok,,
2026-09-23,2026-09-23T17:28:01.659256+09:00,全国紙,全国,東京新聞,「ちいかわ」映画はなぜ大人が身につまされる? 古代ギリシャ哲学・映像文化論で読み解くと,https://www.tokyo-np.co.jp/article/517152,https://www.tokyo-np.co.jp/,ok,,
2026-09-23,2026-09-23T17:28:01.659256+09:00,全国紙,全国,東京新聞,台風25号 大雨で各地に被害,https://www.tokyo-np.co.jp/article/517197,https://www.tokyo-np.co.jp/,ok,,square
2026-09-23,2026-09-23T17:28:01.659256+09:00,全国紙,全国,中日新聞,アジア大会総合馬術、団体で日本が銀メダル 個人では大岩義明選手が銅メダル,https://www.chunichi.co.jp/article/1315169,https://www.chunichi.co.jp/,ok,,
2026-09-23,2026-09-23T17:28:01.659256+09:00,全国紙,全国,中日新聞,愛知製鋼所属の山西利和選手が銀メダル獲得 アジア大会男子ハーフマラソン競歩,https://www.chunichi.co.jp/article/1315108,https://www.chunichi.co.jp/,ok,,
2026-09-23,2026-09-23T17:28:01.659256+09:00,全国紙,全国,中日新聞,体操男子団体で日本が銀 愛知・名古屋アジア大会,https://www.chunichi.co.jp/article/1315215,https://www.chunichi.co.jp/,ok,,
2026-09-23,2026-09-23T17:28:01.659256+09:00,全国紙,全国,中日新聞,福井市出身・宮前希帆選手が銅 アジア大会ソフトテニス女子シングルス,https://www.chunichi.co.jp/article/1315156,https://www.chunichi.co.jp/,ok,,
2026-09-23,2026-09-23T17:28:01.659256+09:00,全国紙,全国,中日新聞,けがと向き合い見いだした成長の糸口、走り幅跳びの伊藤陸選手 アジア大会で飛躍誓う,https://www.chunichi.co.jp/article/1314982,https://www.chunichi.co.jp/,ok,,
2026-09-23,2026-09-23T17:28:01.659256+09:00,全国紙,全国,中日新聞,「柔よく剛を制す」、力よりも技術が大切 ブラジリアン柔術を記者が体験してみた,https://www.chunichi.co.jp/article/1315010,https://www.chunichi.co.jp/,ok,,
2026-09-23,2026-09-23T17:28:01.659256+09:00,全国紙,全国,中日新聞,「聞き覚えあるなって思ったら...」早朝に駆け巡った”中日移籍” 野球ファンが思い出した名場面「ウォードと言ったらこれよ」,https://www.chunichi.co.jp/article/1315229,https://www.chunichi.co.jp/,ok,,
2026-09-23,2026-09-23T17:28:01.659256+09:00,地方紙,北海道,北海道新聞,,,,skipped,公式RSSはあるが、見出し・本文の公開(再配信)を認めない旨の規約があるため自動取得の対象外とする。,
2026-09-23,2026-09-23T17:28:01.659256+09:00,地方紙,宮城,河北新報,,,,skipped,robots.txtが/rss/をDisallowしておりRSS購読不可。私的利用限定・二次利用禁止の規約があるため自動取得の対象外とする。,
2026-09-23,2026-09-23T17:28:01.659256+09:00,地方紙,新潟,新潟日報,,,,skipped,利用規約でデータマイニング・テキストマイニング・AI学習目的の情報処理・解析利用を明示的に禁止しているため自動取得の対象外とする。,
2026-09-23,2026-09-23T17:28:01.659256+09:00,地方紙,長野,信濃毎日新聞,【試合速報】秋の北信越高校野球 長野県大会09/05 10:49,https://www.shinmai.co.jp/news/article/gf01dadmetsvl121or8403fg,https://www.shinmai.co.jp/,ok,,
2026-09-23,2026-09-23T17:28:01.659256+09:00,地方紙,長野,信濃毎日新聞,ベスト4決定、中信と東信から2校ずつ勝ち上がる【秋の北信越高校野球・長野県大会】09/23 16:50,https://www.shinmai.co.jp/news/article/gf01dapo5vm29c62qgiim420,https://www.shinmai.co.jp/,ok,,
2026-09-23,2026-09-23T17:28:01.659256+09:00,地方紙,長野,信濃毎日新聞,5長野市の変電所でネット焼く火災、5200戸が一時停電 ネズミが原因か,https://www.shinmai.co.jp/news/article/gf01dap875fscpf4olnkhug0,https://www.shinmai.co.jp/,ok,,
2026-09-23,2026-09-23T17:28:01.659256+09:00,地方紙,長野,信濃毎日新聞,6クマに襲われ大き過ぎる「傷」 募る後悔、5回手術も日常戻らず,https://www.shinmai.co.jp/news/article/gfkn2026092301000739,https://www.shinmai.co.jp/,ok,,
2026-09-23,2026-09-23T17:28:01.659256+09:00,地方紙,長野,信濃毎日新聞,7土石流災害のネパールを支援、松本市で募金活動,https://www.shinmai.co.jp/news/article/gf01dapnr97scpf4olnkjjd0,https://www.shinmai.co.jp/,ok,,
2026-09-23,2026-09-23T17:28:01.659256+09:00,地方紙,長野,信濃毎日新聞,8まっとうな返礼品なのに・・・ふるさと納税から撤退、飯山市のスキーメーカーの決断,https://www.shinmai.co.jp/news/article/gf01daoiege29c62qgiihsd0,https://www.shinmai.co.jp/,ok,,
2026-09-23,2026-09-23T17:28:01.659256+09:00,地方紙,長野,信濃毎日新聞,9消える140万円の時計 ふるさと納税ルール厳格化で長野県の自治体が返礼品一部停止へ,https://www.shinmai.co.jp/news/article/gf01daoidk629c62qgiihs80,https://www.shinmai.co.jp/,ok,,
2026-09-23,2026-09-23T17:28:01.659256+09:00,地方紙,静岡,静岡新聞,,,https://www.at-s.com/,error,405 Client Error: Not Allowed for url: https://www.at-s.com/,
2026-09-23,2026-09-23T17:28:01.659256+09:00,地方紙,京都,京都新聞,速報漁船とボート衝突1人死亡、ほか1人不明か,https://www.kyoto-np.co.jp/articles/-/1795573,https://www.kyoto-np.co.jp/,ok,,
2026-09-23,2026-09-23T17:28:01.659256+09:00,地方紙,京都,京都新聞,大雨の後、京都・鴨川で見つかるオオサンショウウオ「在来種は何%?」 今年の台風で、衝撃の事実判明5:00市内京都市の鴨川では増水時、オオサンショウウオが河川敷で度々見つかる。在来種は特別天然記念物として生息地で守られる一方、中国産の外来種や交雑個...,https://www.kyoto-np.co.jp/articles/-/1793598,https://www.kyoto-np.co.jp/,ok,,
2026-09-23,2026-09-23T17:28:01.659256+09:00,地方紙,京都,京都新聞,「マシンピラティスでキレイになりたい」25歳記者、体当たりで人気の理由を探ってみると「意外な効果」5:00市内約20年前に流行したピラティスが再び人気を集めている。中でも注目されているのが、専用マシンを使って身体を正しく動かし、姿勢や身体のバランス...,https://www.kyoto-np.co.jp/articles/-/1792426,https://www.kyoto-np.co.jp/,ok,,
2026-09-23,2026-09-23T17:28:01.659256+09:00,地方紙,京都,京都新聞,【速報】「逃走ダチョウ」はエミュー、住宅敷地で捕獲 私設動物園の施設から脱走か11:00地域23日午前6時40分ごろ、滋賀県守山市吉身1丁目の駅前グリーンロードを「ダチョウが歩いている」と複数の通行者から110番があった。滋賀県警...,https://www.kyoto-np.co.jp/articles/-/1795481,https://www.kyoto-np.co.jp/,ok,,
2026-09-23,2026-09-23T17:28:01.659256+09:00,地方紙,京都,京都新聞,【速報】「ダチョウ」が駅に向かって逃走と複数の110番通報 2時間後に捕獲、実際はエミュー9:38地域23日午前6時40分ごろ、滋賀県守山市吉身1丁目の駅前グリーンロードをダチョウが歩いている、と複数の通行者から110番があった。滋賀県警守...,https://www.kyoto-np.co.jp/articles/-/1795448,https://www.kyoto-np.co.jp/,ok,,
2026-09-23,2026-09-23T17:28:01.659256+09:00,地方紙,京都,京都新聞,北陸新幹線「京都には大切な寺や水、無理に通す必要あるのか」 400年以上続く茶道家元の懸念とは4:45市内,https://www.kyoto-np.co.jp/articles/-/1795236,https://www.kyoto-np.co.jp/,ok,,
2026-09-23,2026-09-23T17:28:01.659256+09:00,地方紙,京都,京都新聞,北陸新幹線「桂川ルート」にも、多数の文化財や信仰に関わる井戸・名水 専門家「しっかり調査を」4:45地域,https://www.kyoto-np.co.jp/articles/-/1795198,https://www.kyoto-np.co.jp/,ok,,
2026-09-23,2026-09-23T17:28:01.659256+09:00,地方紙,兵庫,神戸新聞,意外にも事故が相次ぐ「危ない交差点」特集 生活道路が交わる身近な十字路 秋の交通安全運動,https://www.kobe-np.co.jp/news/richa/202609/0020826343.shtml,https://www.kobe-np.co.jp/,ok,,
2026-09-23,2026-09-23T17:28:01.659256+09:00,地方紙,兵庫,神戸新聞,天皇杯3回戦第1日 スタメンに岩波、エリキら ヴィッセル神戸、ホームで鳥栖戦,https://www.kobe-np.co.jp/news/sports/202609/0020851180.shtml,https://www.kobe-np.co.jp/,ok,,
2026-09-23,2026-09-23T17:28:01.659256+09:00,地方紙,兵庫,神戸新聞,仮面ライダーの世界と自然の不思議を体験 神戸海洋博物館で特別展,https://www.kobe-np.co.jp/news/kobe/202609/0020848458.shtml,https://www.kobe-np.co.jp/,ok,,
2026-09-23,2026-09-23T17:28:01.659256+09:00,地方紙,兵庫,神戸新聞,「神戸大学ビーフ」が加西市のふるさと納税返礼品に,https://www.kobe-np.co.jp/news/hokuban/202609/0020848422.shtml,https://www.kobe-np.co.jp/,ok,,
2026-09-23,2026-09-23T17:28:01.659256+09:00,地方紙,兵庫,神戸新聞,大相撲姫路場所、新アリーナで10月開催 山響親方が市長表敬,https://www.kobe-np.co.jp/news/himeji/202609/0020848845.shtml,https://www.kobe-np.co.jp/,ok,,
2026-09-23,2026-09-23T17:28:01.659256+09:00,地方紙,兵庫,神戸新聞,有馬高の萩原愛裕さん、外来カミキリ被害予防へ「パトロール活動」,https://www.kobe-np.co.jp/news/sanda/202609/0020848582.shtml,https://www.kobe-np.co.jp/,ok,,
2026-09-23,2026-09-23T17:28:01.659256+09:00,地方紙,兵庫,神戸新聞,現代陶芸の魅力に焦点 兵庫陶芸美術館で特別展,https://www.kobe-np.co.jp/news/tanba/202609/0020848395.shtml,https://www.kobe-np.co.jp/,ok,,
2026-09-23,2026-09-23T17:28:01.659256+09:00,地方紙,兵庫,神戸新聞,神戸の男子高校生、不同意わいせつ未遂疑いで逮捕「お金が欲しくてしました」,https://www.kobe-np.co.jp/news/jiken/202609/0020851056.shtml,https://www.kobe-np.co.jp/,ok,,
2026-09-23,2026-09-23T17:28:01.659256+09:00,地方紙,兵庫,神戸新聞,秋季兵庫県高校野球大会勝ち上がり表【随時更新】,https://www.kobe-np.co.jp/news/richa/202609/0020796500.shtml,https://www.kobe-np.co.jp/,ok,,
2026-09-23,2026-09-23T17:28:01.659256+09:00,地方紙,兵庫,神戸新聞,洲本のホテルで食中毒 宿泊客の男女20人に下痢や嘔吐などの症状,https://www.kobe-np.co.jp/news/sogo/202609/0020845004.shtml,https://www.kobe-np.co.jp/,ok,,
2026-09-23,2026-09-23T17:28:01.659256+09:00,地方紙,兵庫,神戸新聞,ファン歓喜、「忍たま」絵馬10年ぶり復活 作者・尼子さん直々作画 ゆかりの尼崎・七松八幡神社,https://www.kobe-np.co.jp/news/hanshin/202609/0020845560.shtml,https://www.kobe-np.co.jp/,ok,,
2026-09-23,2026-09-23T17:28:01.659256+09:00,地方紙,広島,中国新聞,,,,skipped,利用規約でAI開発目的のディープラーニング等の情報処理・解析利用を明示的に禁止しているため自動取得の対象外とする。,
2026-09-23,2026-09-23T17:28:01.659256+09:00,地方紙,福岡,西日本新聞,,,,skipped,公式RSSはあるが、利用規約でAI学習目的の情報処理・解析利用を明示的に禁止しているため自動取得の対象外とする。,
2026-09-23,2026-09-23T17:28:01.659256+09:00,地方紙,熊本,熊本日日新聞,千葉で新たに男性1人が行方不明,https://kumanichi.com/articles/2038767,https://kumanichi.com/rss.xml,ok,,
2026-09-23,2026-09-23T17:28:01.659256+09:00,地方紙,熊本,熊本日日新聞,印旛沼決壊、68年の管理後で初,https://kumanichi.com/articles/2038763,https://kumanichi.com/rss.xml,ok,,
2026-09-23,2026-09-23T17:28:01.659256+09:00,地方紙,熊本,熊本日日新聞,野党に消費減税関連法案協力要請,https://kumanichi.com/articles/2038766,https://kumanichi.com/rss.xml,ok,,
2026-09-23,2026-09-23T17:28:01.659256+09:00,地方紙,熊本,熊本日日新聞,9/23夜,https://kumanichi.com/node/2038762,https://kumanichi.com/rss.xml,ok,,
2026-09-23,2026-09-23T17:28:01.659256+09:00,地方紙,熊本,熊本日日新聞,「小さな仕事」挿絵やスケッチ紹介 坂本善三美術館で企画展 小国町,https://kumanichi.com/articles/2035991,https://kumanichi.com/rss.xml,ok,,
2026-09-23,2026-09-23T17:28:01.659256+09:00,地方紙,熊本,熊本日日新聞,社会問題、アートで表現 津奈木町・つなぎ美術館で「岡本光博カミのかたたち」 11月23日まで,https://kumanichi.com/articles/2034404,https://kumanichi.com/rss.xml,ok,,
2026-09-23,2026-09-23T17:28:01.659256+09:00,地方紙,熊本,熊本日日新聞,<2026年熊本地震>「今夜からゆっくり眠れます」...仮設住宅入居者に鍵渡し 宇城市松橋町 木造タイプの完成は初めて,https://kumanichi.com/articles/2038736,https://kumanichi.com/rss.xml,ok,,
2026-09-23,2026-09-23T17:28:01.659256+09:00,地方紙,熊本,熊本日日新聞,秋田でクマに襲われ男性けが,https://kumanichi.com/articles/2038715,https://kumanichi.com/rss.xml,ok,,
2026-09-23,2026-09-23T17:28:01.659256+09:00,地方紙,熊本,熊本日日新聞,熊本県宇城市で木造仮設入居開始,https://kumanichi.com/articles/2038741,https://kumanichi.com/rss.xml,ok,,
2026-09-23,2026-09-23T17:28:01.659256+09:00,地方紙,熊本,熊本日日新聞,5連休最終日、各地の駅が混雑,https://kumanichi.com/articles/2038758,https://kumanichi.com/rss.xml,ok,,
2026-09-23,2026-09-23T17:28:01.659256+09:00,地方紙,鹿児島,南日本新聞,愛情と栄養たっぷりの料理で笑顔に――志布志の山重校区コミュニティ協議会が高齢者宅へ手作り弁当を宅配 活動10年目、隔月で実施志布志市有明の山重校区コミュニティ協議会は、高齢者宅に手作り弁当を宅配している。隔月で年6回、ボランティアが調理し、民生委員が対象世帯へ届ける。取り組みは10年目を迎え、愛情と栄養たっぷりの弁当は地域の高齢者を笑顔にしている。 地区の活性化を目的に2017年度にサービスを始めた。現在は90歳以上と、独居の80歳以上の約40世帯が対象。校区の栄養士が献立を考え、食生活改善推進員4~5人で調9月23日 17:00,https://373news.com/news/local/detail/239950/,https://373news.com/,ok,,local
2026-09-23,2026-09-23T17:28:01.659256+09:00,地方紙,鹿児島,南日本新聞,「動物のゴリラは平和の象徴。地に足をつけて平和を守る」...新政治団体「護憲リベラル共生」代表・川内博史元衆院議員が語る設立の狙い9月23日 15:40,https://373news.com/news/local/detail/239881/,https://373news.com/,ok,,local
2026-09-23,2026-09-23T17:28:01.659256+09:00,地方紙,鹿児島,南日本新聞,香りも搾汁も上々の出来――辺塚だいだいの収穫期始まる 爽やかな酸味と香りが特長9月23日 13:00,https://373news.com/news/local/detail/239949/,https://373news.com/,ok,,local
2026-09-23,2026-09-23T17:28:01.659256+09:00,地方紙,鹿児島,南日本新聞,〈青森障スポ開幕まで1カ月〉粘り強いプレーで目指せ優勝――バレーボール聴覚女子は3年ぶり出場 頻度増やし練習に熱9月23日 11:00,https://373news.com/news/local/detail/239947/,https://373news.com/,ok,,local
2026-09-23,2026-09-23T17:28:01.659256+09:00,地方紙,鹿児島,南日本新聞,交通事故の多い鹿児島の交差点 ワースト3位は「宇宿町」と「竹迫線入り口」、「加治木町木田」、2位は「新屋敷」 1位は...?9月23日 10:00,https://373news.com/news/local/detail/239946/,https://373news.com/,ok,,local
2026-09-23,2026-09-23T17:28:01.659256+09:00,地方紙,鹿児島,南日本新聞,真っ黒でふわふわ、「レブシュー」食べて応援を――バスケBワン・鹿児島レブナイズとファミマのコラボ菓子が販売開始 リーグ開幕戦は26日9月23日 09:30,https://373news.com/news/local/detail/239948/,https://373news.com/,ok,,local
2026-09-23,2026-09-23T17:28:01.659256+09:00,地方紙,鹿児島,南日本新聞,9大麻所持疑いで女子高校生逮捕 情報提供から自宅を捜索,https://373news.com/news/local/detail/239618/,https://373news.com/,ok,,local
2026-09-23,2026-09-23T17:28:01.659256+09:00,地方紙,鹿児島,南日本新聞,10275校・3975点から4作品に最高賞――南日本ジュニア美術展、鹿児島市立美術館で18日から,https://373news.com/news/local/detail/239603/,https://373news.com/,ok,,local
2026-09-23,2026-09-23T17:28:01.659256+09:00,地方紙,沖縄,琉球新報,,,,skipped,利用規約で複製・複写・送信・頒布・蓄積・転載等を会社の承認なく行うことを広範に禁止しているため自動取得の対象外とする。,
2026-09-23,2026-09-23T17:28:01.659256+09:00,地方紙,沖縄,沖縄タイムス,手登根煌青が4勝2分け 中京大優勝に貢献 剣道の東海学生優勝大会9月23日 3:59剣道剣道の第73回東海学生優勝大会は21日、岐阜県で行われ、手登根煌青(こうせい)=興南高出=がメンバーの中京大が優勝した。手登根は「初戦は動きが硬かったが、 仲間に助けられて乗り越えた。勝ててうれしい」と喜んだ。,https://www.okinawatimes.co.jp/articles/-/1929451,https://www.okinawatimes.co.jp/,ok,,
2026-09-23,2026-09-23T17:28:01.659256+09:00,地方紙,沖縄,沖縄タイムス,また新たな台風発生か 28日には「強い」勢力で沖縄の南へ14:06#台風,https://www.okinawatimes.co.jp/articles/-/1929680,https://www.okinawatimes.co.jp/,ok,,
2026-09-23,2026-09-23T17:28:01.659256+09:00,地方紙,沖縄,沖縄タイムス,【速報】県秋季高校野球 4校が3回戦に進出|第7日の結果16:13有料#高校野球,https://www.okinawatimes.co.jp/articles/-/1929710,https://www.okinawatimes.co.jp/,ok,,
2026-09-23,2026-09-23T17:28:01.659256+09:00,地方紙,沖縄,沖縄タイムス,りゅうせき、全国2連覇 日本スポーツマスターズのバレーボール男子3:57有料#バレーボール,https://www.okinawatimes.co.jp/articles/-/1929421,https://www.okinawatimes.co.jp/,ok,,
2026-09-23,2026-09-23T17:28:01.659256+09:00,地方紙,沖縄,沖縄タイムス,新リーグ開幕戦は10年前と同一カード A東京の堅い守り 琉球キングスは反撃及ばず4:00有料#琉球ゴールデン...,https://www.okinawatimes.co.jp/articles/-/1929486,https://www.okinawatimes.co.jp/,ok,,
2026-09-23,2026-09-23T17:28:01.659256+09:00,地方紙,沖縄,沖縄タイムス,【私の本のハナシ】「『夫婦』不在社会」の三宅香帆さん 急がずに築き上げる関係性16:00有料#プライム特信,https://www.okinawatimes.co.jp/articles/-/1929709,https://www.okinawatimes.co.jp/,ok,,
2026-09-23,2026-09-23T17:28:01.659256+09:00,地方紙,沖縄,沖縄タイムス,沖合50メートルに流された親子を救助 「離岸流」が発生する海域 海保「ライフジャケット着用を」 沖縄・国頭村10:45#事件・事故,https://www.okinawatimes.co.jp/articles/-/1929506,https://www.okinawatimes.co.jp/,ok,,
2026-09-23,2026-09-23T17:28:01.659256+09:00,地方紙,沖縄,沖縄タイムス,沖縄県民が求めた「変化」とは何だったのか 斎藤幸平さんが見る知事選、その先10:00有料#沖縄県知事選,https://www.okinawatimes.co.jp/articles/-/1929599,https://www.okinawatimes.co.jp/,ok,,
2026-09-23,2026-09-23T17:28:01.659256+09:00,地方紙,沖縄,沖縄タイムス,子どもら30人がカレーライスづくり 環境問題や米の生産を学ぶ 沖縄トヨタ・沖縄食糧が体感型食育イベント11:07有料#沖縄の経済,https://www.okinawatimes.co.jp/articles/-/1929477,https://www.okinawatimes.co.jp/,ok,,
2026-09-23,2026-09-23T17:28:01.659256+09:00,その他メディア,,テレビ朝日,高市総理 トランプ大統領との会談の成果を強調 米中首脳会談を前に,https://news.tv-asahi.co.jp/news_politics/articles/000535262.html,https://news.ceek.jp/search.cgi?category_id=politics&feed=1,ok,,政治
2026-09-23,2026-09-23T17:28:01.659256+09:00,その他メディア,,テレビ朝日,"【解説】「国政同様に左派勢力が飲み込まれた」沖縄県知事選、古謝氏が圧勝のワケは?“オール沖縄""衰退の背景",https://news.tv-asahi.co.jp/news_politics/articles/900200334.html,https://news.ceek.jp/search.cgi?category_id=politics&feed=1,ok,,政治
2026-09-23,2026-09-23T17:28:01.659256+09:00,その他メディア,,Abema TIMES,"【解説】「国政同様に左派勢力が飲み込まれた」沖縄県知事選、古謝氏が圧勝のワケは?“オール沖縄""衰退の背景",https://times.abema.tv/articles/-/10274613?page=1,https://news.ceek.jp/search.cgi?category_id=politics&feed=1,ok,,政治
2026-09-23,2026-09-23T17:28:01.659256+09:00,その他メディア,,共同通信,【速報】衆院定数削減、真摯に取り組むべきだと首相,https://www.47news.jp/14980506.html,https://news.ceek.jp/search.cgi?category_id=politics&feed=1,ok,,政治
2026-09-23,2026-09-23T17:28:01.659256+09:00,その他メディア,,共同通信,【速報】首相、ICC巡るやりとり詳細明らかにせず,https://www.47news.jp/14980488.html,https://news.ceek.jp/search.cgi?category_id=politics&feed=1,ok,,政治
2026-09-23,2026-09-23T17:28:01.659256+09:00,その他メディア,,テレビ朝日,【ノーカット配信】高市総理 初の一般討論演説で安保理改革を訴え,https://news.tv-asahi.co.jp/news_politics/articles/000535325.html,https://news.ceek.jp/search.cgi?category_id=politics&feed=1,ok,,政治
2026-09-23,2026-09-23T17:28:01.659256+09:00,その他メディア,,テレビ朝日,"高市総理「日米同盟の強さ示した」 “米中会談""前に成果を強調",https://news.tv-asahi.co.jp/news_politics/articles/000535320.html,https://news.ceek.jp/search.cgi?category_id=politics&feed=1,ok,,政治
2026-09-23,2026-09-23T17:28:01.659256+09:00,全国紙,全国,日本経済新聞,高市首相、消費減税法案「野党と真摯に議論」 臨時国会で結果出す,https://www.nikkei.com/article/DGXZQOUA230VW0T20C26A9000000/,https://news.ceek.jp/search.cgi?category_id=politics&feed=1,ok,,政治
2026-09-23,2026-09-23T17:28:01.659256+09:00,その他メディア,,日本テレビ,【動画】高市首相、内外記者会見 日米首脳会談や国連演説など終え,https://news.ntv.co.jp/category/politics/081a29e5e6174a7eb4c33902abeb4227,https://news.ceek.jp/search.cgi?category_id=politics&feed=1,ok,,政治
2026-09-23,2026-09-23T17:28:01.659256+09:00,その他メディア,,フジテレビ,日米首脳会談は「中国めぐる諸課題でタイムリーに意見交換」臨時国会は「国民に身近な法整備で結果出したい」高市総理記者会見,https://www.fnn.jp/articles/-/1119530,https://news.ceek.jp/search.cgi?category_id=politics&feed=1,ok,,政治
2026-09-23,2026-09-23T17:28:01.659256+09:00,全国紙,全国,読売新聞,高市首相、トランプ氏との会談「中国巡る課題でタイムリーに意見交換」「日米同盟さらに揺るぎないものに」,https://www.yomiuri.co.jp/politics/20260923-GYT1T00142/,https://news.ceek.jp/search.cgi?category_id=politics&feed=1,ok,,政治
2026-09-23,2026-09-23T17:28:01.659256+09:00,その他メディア,,共同通信,【速報】国民に身近な法整備で結果出すと首相,https://www.47news.jp/14980526.html,https://news.ceek.jp/search.cgi?category_id=politics&feed=1,ok,,政治
2026-09-23,2026-09-23T17:28:01.659256+09:00,その他メディア,,共同通信,【速報】消費減税法案、野党に理解求めると首相,https://www.47news.jp/14980499.html,https://news.ceek.jp/search.cgi?category_id=politics&feed=1,ok,,政治
2026-09-23,2026-09-23T17:28:01.659256+09:00,その他メディア,,共同通信,【速報】政治安定へ必要な対応考えていると首相,https://www.47news.jp/14980490.html,https://news.ceek.jp/search.cgi?category_id=politics&feed=1,ok,,政治
2026-09-23,2026-09-23T17:28:01.659256+09:00,その他メディア,,共同通信,【速報】日米首脳会談で同盟の強さ示したと首相,https://www.47news.jp/14980489.html,https://news.ceek.jp/search.cgi?category_id=politics&feed=1,ok,,政治
2026-09-23,2026-09-23T17:28:01.659256+09:00,全国紙,全国,朝日新聞,介護保険の縮小は経済全体に悪影響 離職増え多産業で人手不足深刻に,https://www.asahi.com/articles/ASV9C2100V9CUTFL01SM.html,https://news.ceek.jp/search.cgi?category_id=politics&feed=1,ok,,政治
2026-09-23,2026-09-23T17:28:01.659256+09:00,全国紙,全国,毎日新聞,ICC立場相違で「率直なやり取り」 対中は連携 日米首脳会談,https://mainichi.jp/articles/20260923/k00/00m/010/044000c,https://news.ceek.jp/search.cgi?category_id=politics&feed=1,ok,,政治
2026-09-23,2026-09-23T17:28:01.659256+09:00,その他メディア,,テレビ朝日,高市総理大臣 初の一般討論演説で安保理改革を訴え ICC支持を表明,https://news.tv-asahi.co.jp/news_politics/articles/000535284.html,https://news.ceek.jp/search.cgi?category_id=politics&feed=1,ok,,政治
2026-09-23,2026-09-23T17:28:01.659256+09:00,全国紙,全国,産経新聞,新潟市長選、社民新潟副代表が立候補の意向固める 「液状化対策の住民負担をゼロに」,https://www.sankei.com/article/20260923-YAH54YZDAJIY3AZCE5LOGF56AM/,https://news.ceek.jp/search.cgi?category_id=politics&feed=1,ok,,政治
2026-09-23,2026-09-23T17:28:01.659256+09:00,全国紙,全国,産経新聞,高市首相、国連でICC「一貫して支持」表明 赤根所長ら米制裁、政府は水面下で交渉継続,https://www.sankei.com/article/20260923-FR34CFSGJFC23IJ6JX5IUNSCPY/,https://news.ceek.jp/search.cgi?category_id=politics&feed=1,ok,,政治
2026-09-23,2026-09-23T17:28:01.659256+09:00,その他メディア,,フジテレビ,【中継】日米首脳会談「これまで以上に和やかなムード」 政権幹部「同盟の強固さ世界に示せた」 米中会談前に連携確認,https://www.fnn.jp/articles/-/1119443,https://news.ceek.jp/search.cgi?category_id=politics&feed=1,ok,,政治
2026-09-23,2026-09-23T17:28:01.659256+09:00,その他メディア,,共同通信,首相、国連でAIリスク対処訴え ICC制裁対象の指定には触れず,https://www.47news.jp/14979379.html,https://news.ceek.jp/search.cgi?category_id=politics&feed=1,ok,,政治
2026-09-23,2026-09-23T17:28:01.659256+09:00,その他メディア,,フジテレビ,高市総理が国連総会で初演説 「法の支配の維持」訴え 「ICCを一貫して支持」もトランプ政権による制裁に言及せず,https://www.fnn.jp/articles/-/1119426,https://news.ceek.jp/search.cgi?category_id=politics&feed=1,ok,,政治
2026-09-23,2026-09-23T17:28:01.659256+09:00,全国紙,全国,産経新聞,「タフでスマート」トランプ氏が高市首相を称賛 大幅な内閣改造には「ご安心ください」,https://www.sankei.com/article/20260923-3YC537MH6VAZ5AEYNDM5RDWAHU/,https://news.ceek.jp/search.cgi?category_id=politics&feed=1,ok,,政治
2026-09-23,2026-09-23T17:28:01.659256+09:00,全国紙,全国,日本経済新聞,国連演説、日本の首相は3年連続交代 国際社会へ一貫した発信不可欠,https://www.nikkei.com/article/DGXZQOUA1523U0V10C26A9000000/,https://news.ceek.jp/search.cgi?category_id=politics&feed=1,ok,,政治
2026-09-23,2026-09-23T17:28:01.659256+09:00,全国紙,全国,産経新聞,尖閣周辺に46日連続で中国船 2隻とも機関砲 海保巡視船が領海に近づかないよう警告,https://www.sankei.com/article/20260923-TS5BXUHZGFKMVEFLX5Q4PRKKFI/,https://news.ceek.jp/search.cgi?category_id=politics&feed=1,ok,,政治
2026-09-23,2026-09-23T17:28:01.659256+09:00,その他メディア,,共同通信,参政代表、ドイツ極右幹部と会談 神谷氏「定期交流の提案受けた」,https://www.47news.jp/14979597.html,https://news.ceek.jp/search.cgi?category_id=politics&feed=1,ok,,政治
2026-09-23,2026-09-23T17:28:01.659256+09:00,全国紙,全国,産経新聞,国連安保理は「平和のために機能せず」 首相が就任後初の国連演説、露朝軍事協力に懸念,https://www.sankei.com/article/20260923-5GGVFOML6RN7XA6JA7GL5NCR3I/,https://news.ceek.jp/search.cgi?category_id=politics&feed=1,ok,,政治
2026-09-23,2026-09-23T17:28:01.659256+09:00,全国紙,全国,産経新聞,「定期交流の提案受けた」参政・神谷氏、ドイツ極右AfDクルパラ氏と会談 Xで明らかに,https://www.sankei.com/article/20260923-B4A3N2BNH5O2RJ7AP5I4QJPUNI/,https://news.ceek.jp/search.cgi?category_id=politics&feed=1,ok,,政治
2026-09-23,2026-09-23T17:28:01.659256+09:00,その他メディア,,デイリースポーツ,参政代表、ドイツ極右幹部と会談,https://www.daily.co.jp/society/politics/2026/09/23/0020850287.shtml,https://news.ceek.jp/search.cgi?category_id=politics&feed=1,ok,,政治
2026-09-23,2026-09-23T17:28:01.659256+09:00,その他メディア,,しんぶん赤旗,台風25号 机の上まで水 高崎川氾濫で党地区委被害/千葉・佐倉,https://www.jcp.or.jp/akahata/aik26/2026-09-23/2026092301_01_0.php,https://news.ceek.jp/search.cgi?category_id=politics&feed=1,ok,,政治
2026-09-23,2026-09-23T17:28:01.659256+09:00,その他メディア,,しんぶん赤旗,潮流 自転車を走らせていると、目の前を赤いものが通り過ぎました。...,https://www.jcp.or.jp/akahata/aik26/2026-09-23/2026092301_03_0.php,https://news.ceek.jp/search.cgi?category_id=politics&feed=1,ok,,政治
2026-09-23,2026-09-23T17:28:01.659256+09:00,その他メディア,,しんぶん赤旗,台風25号被害 千葉の市町村などに田村委員長が見舞電 キーワードに見る「赤旗」の役割(4) 「連帯と共同」/国民の願い・闘いつなぐ,https://www.jcp.or.jp/akahata/aik26/2026-09-23/2026092302_02_0.php,https://news.ceek.jp/search.cgi?category_id=politics&feed=1,ok,,政治
2026-09-23,2026-09-23T17:28:01.659256+09:00,その他メディア,,しんぶん赤旗,「事実と道理」で対決 青森・弘前 山添氏入党呼びかけ,https://www.jcp.or.jp/akahata/aik26/2026-09-23/2026092304_04_0.php,https://news.ceek.jp/search.cgi?category_id=politics&feed=1,ok,,政治
2026-09-23,2026-09-23T17:28:01.659256+09:00,その他メディア,,しんぶん赤旗,全員勝利で公共取り戻そう 山口・宇部 小池氏迎えつどい 4人入党,https://www.jcp.or.jp/akahata/aik26/2026-09-23/2026092304_02_0.php,https://news.ceek.jp/search.cgi?category_id=politics&feed=1,ok,,政治
2026-09-23,2026-09-23T17:28:01.659256+09:00,その他メディア,,しんぶん赤旗,自衛隊国賠訴訟10年で80件 五ノ井さん告発の22年以降 現職提訴急増,https://www.jcp.or.jp/akahata/aik26/2026-09-23/2026092301_02_0.php,https://news.ceek.jp/search.cgi?category_id=politics&feed=1,ok,,政治
2026-09-23,2026-09-23T17:28:01.659256+09:00,その他メディア,,しんぶん赤旗,主張 皇族への中傷対策/事実上の不敬罪復活は論外だ,https://www.jcp.or.jp/akahata/aik26/2026-09-23/2026092302_01_0.php,https://news.ceek.jp/search.cgi?category_id=politics&feed=1,ok,,政治
2026-09-23,2026-09-23T17:28:01.659256+09:00,その他メディア,,しんぶん赤旗,"“優しいまち札幌""へ 共産党「元気まつり」 岩渕氏講演",https://www.jcp.or.jp/akahata/aik26/2026-09-23/2026092304_03_0.php,https://news.ceek.jp/search.cgi?category_id=politics&feed=1,ok,,政治
2026-09-23,2026-09-23T17:28:01.659256+09:00,その他メディア,,日本テレビ,高市首相「国際秩序に大きな揺らぎが生じている」法の支配重視する日本の立場訴える 国連総会で一般討論演説,https://news.ntv.co.jp/category/politics/0b2b01e6ae0b47f9a31c090bbf0c1944,https://news.ceek.jp/search.cgi?category_id=politics&feed=1,ok,,政治
2026-09-23,2026-09-23T17:28:01.659256+09:00,その他メディア,,テレビ朝日,日米外相が10分間面会 ICC制裁めぐり意見交換 やりとり発表されず,https://news.tv-asahi.co.jp/news_politics/articles/000535254.html,https://news.ceek.jp/search.cgi?category_id=politics&feed=1,ok,,政治
2026-09-23,2026-09-23T17:28:01.659256+09:00,その他メディア,,日本テレビ,【動画】高市首相、国連総会で一般討論演説,https://news.ntv.co.jp/category/politics/bff5ffd36fca447d9c3cfe485a3c48c7,https://news.ceek.jp/search.cgi?category_id=politics&feed=1,ok,,政治
2026-09-23,2026-09-23T17:28:01.659256+09:00,その他メディア,,フジテレビ,高市総理が国連総会で初演説 ICC「一貫して支持」 拉致問題「一刻も早く解決」 敵国条項「早急に削除を」,https://www.fnn.jp/articles/-/1119406,https://news.ceek.jp/search.cgi?category_id=politics&feed=1,ok,,政治
2026-09-23,2026-09-23T17:28:01.659256+09:00,全国紙,全国,読売新聞,高市首相「法の支配」維持の重要性訴え、「安全保障上の挑戦」としてAIの偽・誤情報対策にも言及...国連演説,https://www.yomiuri.co.jp/politics/20260923-GYT1T00095/,https://news.ceek.jp/search.cgi?category_id=politics&feed=1,ok,,政治
2026-09-23,2026-09-23T17:28:01.659256+09:00,その他メディア,,テレビ朝日,高市総理とゼレンスキー大統領が初の会談 ウクライナ支える「方針は揺るがない」,https://news.tv-asahi.co.jp/news_politics/articles/000535230.html,https://news.ceek.jp/search.cgi?category_id=politics&feed=1,ok,,政治
2026-09-23,2026-09-23T17:28:01.659256+09:00,全国紙,全国,産経新聞,日本の防衛費増額、トランプ氏から「具体的な数字への言及なし」 高市首相との首脳会談,https://www.sankei.com/article/20260923-L4RROLC4ORMALBK3HDXYD73QGM/,https://news.ceek.jp/search.cgi?category_id=politics&feed=1,ok,,政治
2026-09-23,2026-09-23T17:28:01.659256+09:00,その他メディア,,日本テレビ,【中継】高市首相、国連本部でトランプ大統領と会談 中国やICCなどについて意見交わす 日本政府関係者「率直な意見交換ができた」成果強調,https://news.ntv.co.jp/category/politics/a39451735ce44274be99aec0d273088a,https://news.ceek.jp/search.cgi?category_id=politics&feed=1,ok,,政治
2026-09-23,2026-09-23T17:28:01.659256+09:00,その他メディア,,共同通信,首相、対ロシア制裁の継続表明 ゼレンスキー氏と初会談,https://www.47news.jp/14979243.html,https://news.ceek.jp/search.cgi?category_id=politics&feed=1,ok,,政治
2026-09-23,2026-09-23T17:28:01.659256+09:00,その他メディア,,日本テレビ,高市首相、トランプ大統領と会談 中国やICCなどについて意見交わす ニューヨーク,https://news.ntv.co.jp/category/politics/cd517f41b60f4f77ad7c1b4b9c581bb6,https://news.ceek.jp/search.cgi?category_id=politics&feed=1,ok,,政治
2026-09-23,2026-09-23T17:28:01.659256+09:00,その他メディア,,共同通信,【速報】首相、対ロ制裁継続をゼレンスキー氏に伝達,https://www.47news.jp/14979141.html,https://news.ceek.jp/search.cgi?category_id=politics&feed=1,ok,,政治
2026-09-23,2026-09-23T17:28:01.659256+09:00,全国紙,全国,読売新聞,朝からネットがつながらない...JCOMで障害発生、復旧の見通し立たず,https://www.yomiuri.co.jp/economy/20260923-GYT1T00171/,https://news.ceek.jp/search.cgi?category_id=business&feed=1,ok,,経済
2026-09-23,2026-09-23T17:28:01.659256+09:00,全国紙,全国,日本経済新聞,スイス製薬ロシュ、武田薬品のウェバー前CEOを取締役に起用へ,https://www.nikkei.com/article/DGXZQOGR2317Y0T20C26A9000000/,https://news.ceek.jp/search.cgi?category_id=business&feed=1,ok,,経済
2026-09-23,2026-09-23T17:28:01.659256+09:00,全国紙,全国,日本経済新聞,2027年の世界インフレ率3.6%に引き上げ OECD予測、資源高を反映,https://www.nikkei.com/article/DGXZQOGR222BN0S6A920C2000000/,https://news.ceek.jp/search.cgi?category_id=business&feed=1,ok,,経済
2026-09-23,2026-09-23T17:28:01.659256+09:00,その他メディア,,財経新聞,3万円台で買えるセブン銀行 メガバンクとの違いを比較,https://www.zaikei.co.jp/article/20260923/870887.html,https://news.ceek.jp/search.cgi?category_id=business&feed=1,ok,,経済
2026-09-23,2026-09-23T17:28:01.659256+09:00,その他メディア,,テレビ朝日,退職代行 1年で4分の1がサービス停止か 52事業者のうち14事業者継続確認できず,https://news.tv-asahi.co.jp/news_economy/articles/000535261.html,https://news.ceek.jp/search.cgi?category_id=business&feed=1,ok,,経済
2026-09-23,2026-09-23T17:28:01.659256+09:00,その他メディア,,財経新聞,航空株のANA・JAL 最低投資額と株主優待を比較,https://www.zaikei.co.jp/article/20260923/870831.html,https://news.ceek.jp/search.cgi?category_id=business&feed=1,ok,,経済
2026-09-23,2026-09-23T17:28:01.659256+09:00,その他メディア,,財経新聞,相場展望 9月21日号 米国株:株式相場は中間選挙結果を前に、「様子見ムード」続く可能性 日本株:9月中間期の配当権利取り前にして、海外短期筋が買い攻勢,https://www.zaikei.co.jp/article/20260923/870908.html,https://news.ceek.jp/search.cgi?category_id=business&feed=1,ok,,経済
2026-09-23,2026-09-23T17:28:01.659256+09:00,全国紙,全国,日本経済新聞,ソフトバンクGのデジタルブリッジ買収、当局が承認,https://www.nikkei.com/article/DGXZQOUC230UL0T20C26A9000000/,https://news.ceek.jp/search.cgi?category_id=business&feed=1,ok,,経済
2026-09-23,2026-09-23T17:28:01.659256+09:00,その他メディア,,デイリースポーツ,成田、ワンターミナル化構想推進,https://www.daily.co.jp/society/economics/2026/09/23/0020851046.shtml,https://news.ceek.jp/search.cgi?category_id=business&feed=1,ok,,経済
2026-09-23,2026-09-23T17:28:01.659256+09:00,その他メディア,,共同通信,成田、ワンターミナル化構想推進 空港の利便性向上へ段階的に,https://www.47news.jp/14980778.html,https://news.ceek.jp/search.cgi?category_id=business&feed=1,ok,,経済
2026-09-23,2026-09-23T17:28:01.659256+09:00,その他メディア,,TBSテレビ,ケーブルテレビ大手「JCOM」インターネットで接続障害 全国的にきょう午前中から発生 再開の時期未定,https://newsdig.tbs.co.jp/articles/-/2962905?display=1,https://news.ceek.jp/search.cgi?category_id=business&feed=1,ok,,経済
2026-09-23,2026-09-23T17:28:01.659256+09:00,その他メディア,,フジテレビ,年間313万人が訪れる宮城・松島 地元住民14人が仕掛ける、定番スポットだけではない新たな観光,https://www.fnn.jp/articles/-/1119538,https://news.ceek.jp/search.cgi?category_id=business&feed=1,ok,,経済
2026-09-23,2026-09-23T17:28:01.659256+09:00,その他メディア,,週刊プレイボーイ,【短期集中連載1】「世界は広い、冒険しろ!」。海外20カ国で300名の日本人をビジネスの成功に導くコンサルタント・土居正英の流儀,https://wpb.shueisha.co.jp/news/economy/20260923-132866/,https://news.ceek.jp/search.cgi?category_id=business&feed=1,ok,,経済
2026-09-23,2026-09-23T17:28:01.659256+09:00,全国紙,全国,日本経済新聞,今夜のNEXT 米イランが3カ月ぶり協議 ホルムズ危機は収束するか,https://www.nikkei.com/article/DGXZQOCD230WV0T20C26A9000000/,https://news.ceek.jp/search.cgi?category_id=business&feed=1,ok,,経済
2026-09-23,2026-09-23T17:28:01.659256+09:00,その他メディア,,東洋経済オンライン,"timelesz・猪俣容疑者が「知人女性への暴行容疑」で逮捕...「秒速でのデマ捏造→拡散」に見る生成AI時代の""悪意の露呈"" | ライフ",https://toyokeizai.net/articles/-/958849?display=b,https://news.ceek.jp/search.cgi?category_id=business&feed=1,ok,,経済
2026-09-23,2026-09-23T17:28:01.659256+09:00,全国紙,全国,日本経済新聞,DeepSeek、国連安保理に参加報道 AIの安全巡る議論で,https://www.nikkei.com/article/DGXZQOGM230NQ0T20C26A9000000/,https://news.ceek.jp/search.cgi?category_id=business&feed=1,ok,,経済
2026-09-23,2026-09-23T17:28:01.659256+09:00,その他メディア,,フジテレビ,【続報】「JCOM」のインターネットサービスで大規模通信障害 ネットにつながらず 提供事業者「外部からの攻撃」にも言及 全国で影響か,https://www.fnn.jp/articles/-/1119543,https://news.ceek.jp/search.cgi?category_id=business&feed=1,ok,,経済
2026-09-23,2026-09-23T17:28:01.659256+09:00,その他メディア,,デイリースポーツ,JCOM、ネット接続で障害,https://www.daily.co.jp/society/economics/2026/09/23/0020850894.shtml,https://news.ceek.jp/search.cgi?category_id=business&feed=1,ok,,経済
2026-09-23,2026-09-23T17:28:01.659256+09:00,その他メディア,,共同通信,JCOM、ネット接続で障害 原因調査、復旧時期は未定,https://www.47news.jp/14980654.html,https://news.ceek.jp/search.cgi?category_id=business&feed=1,ok,,経済
2026-09-23,2026-09-23T17:28:01.659256+09:00,その他メディア,,東洋経済オンライン,子どもの睡眠不足は近視にも影響する? 目の成長を守るための「外遊び」と、親としての正しい対処法 | キャリア・教育,https://toyokeizai.net/articles/-/955748?display=b,https://news.ceek.jp/search.cgi?category_id=business&feed=1,ok,,経済
2026-09-23,2026-09-23T17:28:01.659256+09:00,その他メディア,,共同通信,【速報】JCOMインターネットで接続障害,https://www.47news.jp/14980532.html,https://news.ceek.jp/search.cgi?category_id=business&feed=1,ok,,経済
2026-09-23,2026-09-23T17:28:01.659256+09:00,全国紙,全国,日本経済新聞,日立、オーストリアの鉄道信号システム受注 30年で2300億円,https://www.nikkei.com/article/DGXZQOUC222H50S6A920C2000000/,https://news.ceek.jp/search.cgi?category_id=business&feed=1,ok,,経済
2026-09-23,2026-09-23T17:28:01.659256+09:00,その他メディア,,ニューズウィーク,「失敗が許されるからフルスイングできる」 成功する起業家の共通点...大物投資家に信頼されるには?,https://www.newsweekjapan.jp/articles/-/333620,https://news.ceek.jp/search.cgi?category_id=business&feed=1,ok,,経済
2026-09-23,2026-09-23T17:28:01.659256+09:00,その他メディア,,日本テレビ,帰宅困難者の受け入れなど...「民間の防災拠点」災害時の活用例と課題【 #きっかけ解説 】,https://news.ntv.co.jp/category/economy/ba95f66e71e248e29ad37048d6c02f2f,https://news.ceek.jp/search.cgi?category_id=business&feed=1,ok,,経済
2026-09-23,2026-09-23T17:28:01.659256+09:00,全国紙,全国,日本経済新聞,双日、豪州・NZで1000億円投資 送電網や五輪アリーナに照準,https://www.nikkei.com/article/DGXZQOGM1821P0Y6A910C2000000/,https://news.ceek.jp/search.cgi?category_id=business&feed=1,ok,,経済
2026-09-23,2026-09-23T17:28:01.659256+09:00,その他メディア,,東洋経済オンライン,"「アメリカは日本を守ってくれる?」77%が「そう思わない」...それでも日本が""アメリカについてゆく""大きなリスク | ライフ",https://toyokeizai.net/articles/-/958324?display=b,https://news.ceek.jp/search.cgi?category_id=business&feed=1,ok,,経済
2026-09-23,2026-09-23T17:28:01.659256+09:00,その他メディア,,フジテレビ,所要時間は14時間33分!出雲・松江・米子ー東京間の高速バス 2026年11月から鳥取・倉吉も経由,https://www.fnn.jp/articles/-/1119514,https://news.ceek.jp/search.cgi?category_id=business&feed=1,ok,,経済
2026-09-23,2026-09-23T17:28:01.659256+09:00,全国紙,全国,産経新聞,原油下落、一時90ドル割れ 米イラン停戦協議に期待,https://www.sankei.com/article/20260923-VZDKHNTLWJNKHJ6KVBBHKYGDSY/,https://news.ceek.jp/search.cgi?category_id=business&feed=1,ok,,経済
2026-09-23,2026-09-23T17:28:01.659256+09:00,その他メディア,,ハーバード・ビジネス・レビュー,ドラッカーが教える、成果をあげるために意識すべき2つのこと,https://dhbr.diamond.jp/articles/-/14812,https://news.ceek.jp/search.cgi?category_id=business&feed=1,ok,,経済
2026-09-23,2026-09-23T17:28:01.659256+09:00,その他メディア,,集英社オンライン,"「アナウンサーじゃなくてもよかった」テレビ朝日・三谷紬アナの入社以来変わらない“たった一つ""の軸",https://shueisha.online/articles/-/258656,https://news.ceek.jp/search.cgi?category_id=business&feed=1,ok,,経済
2026-09-23,2026-09-23T17:28:01.659256+09:00,その他メディア,,Forbes JAPAN,「情報や分析だけでは足りない」AI時代の投資家に残された、最後の優位性とは?,https://forbesjapan.com/articles/detail/105105,https://news.ceek.jp/search.cgi?category_id=business&feed=1,ok,,経済
2026-09-23,2026-09-23T17:28:01.659256+09:00,その他メディア,,Forbes JAPAN,「情報や分析だけでは足りない」AI時代の投資家に残された、最後の優位性とは?,https://forbesjapan.com/articles/detail/105282,https://news.ceek.jp/search.cgi?category_id=business&feed=1,ok,,経済
2026-09-23,2026-09-23T17:28:01.659256+09:00,その他メディア,,東洋経済オンライン,"「ゴーストライター騒動」から12年...佐村河内守さんの「作曲指示書」をAIに読ませてみたら、""意外な真実""が見えてきた | ライフ",https://toyokeizai.net/articles/-/958570?display=b,https://news.ceek.jp/search.cgi?category_id=business&feed=1,ok,,経済
2026-09-23,2026-09-23T17:28:01.659256+09:00,その他メディア,,TBSテレビ,千葉で停電2万5000軒超 台風25号の影響 道路通行止めで復旧作業できず長期化の箇所も 市原市・君津市など,https://newsdig.tbs.co.jp/articles/-/2962653?display=1,https://news.ceek.jp/search.cgi?category_id=business&feed=1,ok,,経済
2026-09-23,2026-09-23T17:28:01.659256+09:00,全国紙,全国,毎日新聞,米、軽油の輸出禁止を検討 歴史的高値で政権に圧力、姿勢転換,https://mainichi.jp/articles/20260923/k00/00m/030/048000c,https://news.ceek.jp/search.cgi?category_id=business&feed=1,ok,,経済
2026-09-23,2026-09-23T17:28:01.659256+09:00,その他メディア,,フジテレビ,史上初の夜行新幹線「東海道ルミエールエクスプレス」運行 新大阪駅を午後10時に出発 新富士駅に6時間停車し明け方の富士山眺め... 午前7時ごろ東京駅に,https://www.fnn.jp/articles/-/1119471,https://news.ceek.jp/search.cgi?category_id=business&feed=1,ok,,経済
2026-09-23,2026-09-23T17:28:01.659256+09:00,その他メディア,,テレビ朝日,消費減税「活性化つながらない」半数 消費減税に関する企業調査,https://news.tv-asahi.co.jp/news_economy/articles/000535276.html,https://news.ceek.jp/search.cgi?category_id=business&feed=1,ok,,経済
2026-09-23,2026-09-23T17:28:01.659256+09:00,その他メディア,,フジテレビ,"アウトドア市場が初の1兆円突破 コロナ後も人気続く 高機能ウェアの“タウンユース""定着で売上過去最高",https://www.fnn.jp/articles/-/1119450,https://news.ceek.jp/search.cgi?category_id=business&feed=1,ok,,経済
2026-09-23,2026-09-23T17:28:01.659256+09:00,その他メディア,,フジテレビ,中東情勢「影響あり」企業が7割超 敦賀商工会議所の調査に303社が回答 運輸、小売り、製造業が中心,https://www.fnn.jp/articles/-/1119468,https://news.ceek.jp/search.cgi?category_id=business&feed=1,ok,,経済
2026-09-23,2026-09-23T17:28:01.659256+09:00,その他メディア,,ニューズウィーク,野村HDに見直し買いの動き...構造改革で変わる証券業界と投資家の懐具合,https://www.newsweekjapan.jp/articles/-/334808,https://news.ceek.jp/search.cgi?category_id=business&feed=1,ok,,経済
2026-09-23,2026-09-23T17:28:01.659256+09:00,その他メディア,,東洋経済オンライン,献立を考え、包丁を握り、火加減を見る...料理は前頭前野をフルに使う「脳活」だ―80代が包丁を握るデイサービスの実践 | ライフ,https://toyokeizai.net/articles/-/958215?display=b,https://news.ceek.jp/search.cgi?category_id=business&feed=1,ok,,経済
2026-09-23,2026-09-23T17:28:01.659256+09:00,その他メディア,,Abema TIMES,"「ファストパス」外食・医療でも 広がる“待ち時間短縮""サービス 行列ストレス緩和",https://times.abema.tv/articles/-/10274584?page=1,https://news.ceek.jp/search.cgi?category_id=business&feed=1,ok,,経済
2026-09-23,2026-09-23T17:28:01.659256+09:00,その他メディア,,テレビ朝日,"「ファストパス」外食・医療でも 広がる“待ち時間短縮""サービス 行列ストレス緩和",https://news.tv-asahi.co.jp/news_economy/articles/900200303.html,https://news.ceek.jp/search.cgi?category_id=business&feed=1,ok,,経済
2026-09-23,2026-09-23T17:28:01.659256+09:00,その他メディア,,共同通信,【速報】NY原油、一時90ドル割れ,https://www.47news.jp/14980036.html,https://news.ceek.jp/search.cgi?category_id=business&feed=1,ok,,経済
2026-09-23,2026-09-23T17:28:01.659256+09:00,その他メディア,,集英社オンライン,「退職金1200万円でも安心できなかった」海外赴任6年、40歳で製薬会社を辞めた男性の後悔...妻からは「次は単身で行って」,https://shueisha.online/articles/-/258677,https://news.ceek.jp/search.cgi?category_id=business&feed=1,ok,,経済
2026-09-23,2026-09-23T17:28:01.659256+09:00,その他メディア,,フジテレビ,"「いつ閉館するか...今月か来月か...それぐらいの崖っぷち」“街の映画館""の生き残り策 13年前から“歓声・掛け声OK""に「手づくりポスター・オブジェ」 暴力団組事務所を改修した映画館は映画メニューの再現も",https://www.fnn.jp/articles/-/1119428,https://news.ceek.jp/search.cgi?category_id=business&feed=1,ok,,経済
2026-09-23,2026-09-23T17:28:01.659256+09:00,その他メディア,,テレビ朝日,"氷河期世代を苦しめる“非正規雇用""の拡大は悪だったのか?「自己責任」論に当事者と専門家が反論",https://news.tv-asahi.co.jp/news_economy/articles/900200311.html,https://news.ceek.jp/search.cgi?category_id=business&feed=1,ok,,経済
2026-09-23,2026-09-23T17:28:01.659256+09:00,その他メディア,,集英社オンライン,"「一生、銀行の奴隷」「バカが組むもの」片山財務相も懸念する“50年住宅ローン""は破滅への入口か、それとも若者の希望か",https://shueisha.online/articles/-/258713,https://news.ceek.jp/search.cgi?category_id=business&feed=1,ok,,経済
2026-09-23,2026-09-23T17:28:01.659256+09:00,その他メディア,,Abema TIMES,"氷河期世代を苦しめる“非正規雇用""の拡大は悪だったのか?「自己責任」論に当事者と専門家が反論",https://times.abema.tv/articles/-/10274279?page=1,https://news.ceek.jp/search.cgi?category_id=business&feed=1,ok,,経済
2026-09-23,2026-09-23T17:28:01.659256+09:00,その他メディア,,東洋経済オンライン,"親の感情を子どもが背負い、子どもの失敗を親が背負う—「ニコイチ親子」を生む""過剰同調""、健全な共感との違いとは? | ライフ",https://toyokeizai.net/articles/-/957809?display=b,https://news.ceek.jp/search.cgi?category_id=business&feed=1,ok,,経済
2026-09-23,2026-09-23T17:28:01.659256+09:00,全国紙,全国,日本経済新聞,中国当局がKimiやDeepSeek調査 AnthropicのAIに機密情報転送疑い,https://www.nikkei.com/article/DGXZQOGM230CK0T20C26A9000000/,https://news.ceek.jp/search.cgi?category_id=business&feed=1,ok,,経済
2026-09-23,2026-09-23T17:28:01.659256+09:00,その他メディア,,東洋経済オンライン,できる人ほど「英単語の意味」をきっちり覚えないワケ→英語が「できる人・できない人」の分かれ道はここだった | ライフ,https://toyokeizai.net/articles/-/957140?display=b,https://news.ceek.jp/search.cgi?category_id=business&feed=1,ok,,経済
2026-09-23,2026-09-23T17:28:01.659256+09:00,その他メディア,,フジテレビ,高知の食に「恋してほしい」高校生が企業と開発「炭酸はじける柑橘シャーベット」高知国際高校&高知アイス,https://www.fnn.jp/articles/-/1113988,https://news.ceek.jp/search.cgi?category_id=business&feed=1,ok,,経済
2026-09-23,2026-09-23T17:28:01.659256+09:00,その他メディア,,ニューズウィーク,災害のあと、私たちはどう生きるのか──ポルトガル山火事が問いかけること【写真特集】,https://www.newsweekjapan.jp/articles/-/334330,https://news.ceek.jp/search.cgi?category_id=business&feed=1,ok,,経済
2026-09-23,2026-09-23T17:28:01.659256+09:00,その他メディア,,東洋経済オンライン,やたらと飲みに誘ってくる上司に聞かせたい...アマゾンで上司が部下に「絶対に言わない禁句」と「必ず求めてくる報告」 | キャリア・教育,https://toyokeizai.net/articles/-/957271?display=b,https://news.ceek.jp/search.cgi?category_id=business&feed=1,ok,,経済
2026-09-23,2026-09-23T17:28:01.659256+09:00,その他メディア,,QUICK Money World,日経先物が1790円高、23日早朝までの大取祝日取引 NASDAQ連日最高値とWTI続落で,https://moneyworld.jp/news/detail?id=219427,https://news.ceek.jp/search.cgi?category_id=business&feed=1,ok,,経済
2026-09-23,2026-09-23T17:28:01.659256+09:00,全国紙,全国,日本経済新聞,豪カンタス航空、シドニー―ニューヨークで直行便 28年就航を発表,https://www.nikkei.com/article/DGXZQOGM2309Y0T20C26A9000000/,https://news.ceek.jp/search.cgi?category_id=business&feed=1,ok,,経済
2026-09-23,2026-09-23T17:28:01.659256+09:00,その他メディア,,東洋経済オンライン,"700万円の投資で40億円の利益を生み出した男の思考法――彼が""攻めのリスクマネジメント""を徹底できたカギとは | ライフ",https://toyokeizai.net/articles/-/956819?display=b,https://news.ceek.jp/search.cgi?category_id=business&feed=1,ok,,経済
2026-09-23,2026-09-23T17:28:01.659256+09:00,その他メディア,,TBSテレビ,【停電情報・9時過ぎ時点】千葉県で停電続く 約2万4070軒,https://newsdig.tbs.co.jp/articles/-/2962427?display=1,https://news.ceek.jp/search.cgi?category_id=business&feed=1,ok,,経済
2026-09-23,2026-09-23T17:28:01.659256+09:00,その他メディア,,デイリースポーツ,AI名称「超知能」を提案,https://www.daily.co.jp/society/economics/2026/09/23/0020850238.shtml,https://news.ceek.jp/search.cgi?category_id=business&feed=1,ok,,経済
2026-09-23,2026-09-23T17:28:01.659256+09:00,その他メディア,,共同通信,AI名称「超知能」を提案 トランプ氏「偽物っぽい」,https://www.47news.jp/14979462.html,https://news.ceek.jp/search.cgi?category_id=business&feed=1,ok,,経済
2026-09-23,2026-09-23T17:28:01.659256+09:00,その他メディア,,共同通信,2026年アジア成長率5.0% 内需堅調で上方修正,https://www.47news.jp/14979439.html,https://news.ceek.jp/search.cgi?category_id=business&feed=1,ok,,経済
2026-09-23,2026-09-23T17:28:01.659256+09:00,その他メディア,,デイリースポーツ,2026年アジア成長率5・0%,https://www.daily.co.jp/society/economics/2026/09/23/0020850228.shtml,https://news.ceek.jp/search.cgi?category_id=business&feed=1,ok,,経済
2026-09-23,2026-09-23T17:28:01.659256+09:00,その他メディア,,東洋経済オンライン,"「VIVANT」監督にスタッフへの暴力・骨折報道、""パワハラ""でにごすTBSの問題点 | ライフ",https://toyokeizai.net/articles/-/958796?display=b,https://news.ceek.jp/search.cgi?category_id=business&feed=1,ok,,経済
2026-09-23,2026-09-23T17:28:01.659256+09:00,その他メディア,,共同通信,米AI2社が新型モデルを発表 開発減速の表明後初、料金安く,https://www.47news.jp/14979366.html,https://news.ceek.jp/search.cgi?category_id=business&feed=1,ok,,経済
2026-09-23,2026-09-23T17:28:01.659256+09:00,その他メディア,,共同通信,オープンAI、外部検証拡大 人工知能暴走懸念で安全策,https://www.47news.jp/14979273.html,https://news.ceek.jp/search.cgi?category_id=business&feed=1,ok,,経済
2026-09-23,2026-09-23T17:28:01.659256+09:00,その他メディア,,共同通信,ディーゼル燃料の輸出禁止検討 記録的高値で米国内優先,https://www.47news.jp/14979341.html,https://news.ceek.jp/search.cgi?category_id=business&feed=1,ok,,経済
2026-09-23,2026-09-23T17:28:01.659256+09:00,その他メディア,,デイリースポーツ,米AI2社が新型モデルを発表,https://www.daily.co.jp/society/economics/2026/09/23/0020850183.shtml,https://news.ceek.jp/search.cgi?category_id=business&feed=1,ok,,経済
2026-09-23,2026-09-23T17:28:01.659256+09:00,その他メディア,,東洋経済オンライン,「やらないことリスト」で人生を変える...「息抜きする権利は自分にない」と仕事相手と酒を一切飲まずにきた経営者の流儀 | ライフ,https://toyokeizai.net/articles/-/958454?display=b,https://news.ceek.jp/search.cgi?category_id=business&feed=1,ok,,経済
2026-09-23,2026-09-23T17:28:01.659256+09:00,全国紙,全国,毎日新聞,NY円、157円台前半 日米の金利差拡大を意識、円売り優勢,https://mainichi.jp/articles/20260923/k00/00m/020/015000c,https://news.ceek.jp/search.cgi?category_id=business&feed=1,ok,,経済
2026-09-23,2026-09-23T17:28:01.659256+09:00,全国紙,全国,毎日新聞,NY株反落、185ドル安 金融政策の先行き懸念、銀行株に売り,https://mainichi.jp/articles/20260923/k00/00m/020/014000c,https://news.ceek.jp/search.cgi?category_id=business&feed=1,ok,,経済
2026-09-23,2026-09-23T17:28:01.659256+09:00,その他メディア,,デイリースポーツ,ディーゼル燃料の輸出禁止検討,https://www.daily.co.jp/society/economics/2026/09/23/0020850178.shtml,https://news.ceek.jp/search.cgi?category_id=business&feed=1,ok,,経済
2026-09-23,2026-09-23T17:28:01.659256+09:00,その他メディア,,フジテレビ,【東海道・山陽新幹線】個室座席が23年ぶりに復活! 「全然違う!」 最上級座席『スプリームクラス』を体験 【広島発】,https://www.fnn.jp/articles/-/1119380,https://news.ceek.jp/search.cgi?category_id=business&feed=1,ok,,経済
2026-09-23,2026-09-23T17:28:01.659256+09:00,その他メディア,,デイリースポーツ,AI、子供に深刻な悪影響恐れ,https://www.daily.co.jp/society/economics/2026/09/23/0020850129.shtml,https://news.ceek.jp/search.cgi?category_id=business&feed=1,ok,,経済
2026-09-23,2026-09-23T17:28:01.659256+09:00,その他メディア,,共同通信,AI、子供に深刻な悪影響恐れ 元グーグル幹部、対策要求,https://www.47news.jp/14979321.html,https://news.ceek.jp/search.cgi?category_id=business&feed=1,ok,,経済
2026-09-23,2026-09-23T17:28:01.659256+09:00,その他メディア,,ハーバード・ビジネス・レビュー,LED革命,https://dhbr.diamond.jp/articles/-/14451,https://news.ceek.jp/search.cgi?category_id=business&feed=1,ok,,経済
2026-09-23,2026-09-23T17:28:01.659256+09:00,その他メディア,,東洋経済オンライン,急な「サイクリングしたい」に応え、ヘリに400万円自転車を積み筑波山へ...王族が指名する通訳ガイド「NOと言わない」現場力 | ビジネス,https://toyokeizai.net/articles/-/958410?display=b,https://news.ceek.jp/search.cgi?category_id=business&feed=1,ok,,経済
2026-09-23,2026-09-23T17:28:01.659256+09:00,その他メディア,,東洋経済オンライン,"朝ドラ《風、薫る》ニセ看護婦の派遣も...大関和も怒りを抱いた""超悪質""「看護婦派遣業者」の実態 | キャリア・教育",https://toyokeizai.net/articles/-/958323?display=b,https://news.ceek.jp/search.cgi?category_id=business&feed=1,ok,,経済
2026-09-23,2026-09-23T17:28:01.659256+09:00,その他メディア,,東洋経済オンライン,セダン継続と「LS」との役割分担...ハイブリッドとバッテリーEVを揃える新型「ES」に問う、新世代レクサスの将来 | ライフ,https://toyokeizai.net/articles/-/958564?display=b,https://news.ceek.jp/search.cgi?category_id=business&feed=1,ok,,経済
2026-09-23,2026-09-23T17:28:01.659256+09:00,その他メディア,,共同通信,NY円、157円台前半,https://www.47news.jp/14979145.html,https://news.ceek.jp/search.cgi?category_id=business&feed=1,ok,,経済
2026-09-23,2026-09-23T17:28:01.659256+09:00,その他メディア,,デイリースポーツ,神戸市、委員発言を無断で修正,https://www.daily.co.jp/society/national/2026/09/23/0020851517.shtml,https://news.ceek.jp/search.cgi?category_id=national&feed=1,ok,,社会
2026-09-23,2026-09-23T17:28:01.659256+09:00,その他メディア,,テレビ朝日,【更新中】熱帯低気圧が今後24時間以内に新たな台風26号になる見込み 気象庁が発表 来週にも沖縄接近の恐れ,https://news.tv-asahi.co.jp/news_society/articles/900200326.html,https://news.ceek.jp/search.cgi?category_id=national&feed=1,ok,,社会
2026-09-23,2026-09-23T17:28:01.659256+09:00,その他メディア,,フジテレビ,「木の香りがなかなかいい」宇城市で初の木造仮設住宅が完成 熊本地震の被災者が入居開始,https://www.fnn.jp/articles/-/1119629,https://news.ceek.jp/search.cgi?category_id=national&feed=1,ok,,社会
2026-09-23,2026-09-23T17:28:01.659256+09:00,その他メディア,,デイリースポーツ,印旛沼決壊、68年の管理後で初,https://www.daily.co.jp/society/national/2026/09/23/0020851412.shtml,https://news.ceek.jp/search.cgi?category_id=national&feed=1,ok,,社会
2026-09-23,2026-09-23T17:28:01.659256+09:00,その他メディア,,日刊スポーツ,11年ぶり5連休シルバーウイーク最終日 旅行客の...,https://www.nikkansports.com/general/news/202609230000922.html,https://news.ceek.jp/search.cgi?category_id=national&feed=1,ok,,社会
2026-09-23,2026-09-23T17:28:01.659256+09:00,その他メディア,,フジテレビ,飲酒運転で事故起こし車を放置して立ち去ったか 市役所職員の男逮捕 「運転した記憶がない」容疑否認 千葉・柏市,https://www.fnn.jp/articles/-/1119627,https://news.ceek.jp/search.cgi?category_id=national&feed=1,ok,,社会
2026-09-23,2026-09-23T17:28:01.659256+09:00,その他メディア,,フジテレビ,「ダチョウが走っている」体長約2メートルのエミューが住宅街を逃走 移動動物園から脱走か、約2時間後に捕獲,https://www.fnn.jp/articles/-/1119623,https://news.ceek.jp/search.cgi?category_id=national&feed=1,ok,,社会
2026-09-23,2026-09-23T17:28:01.659256+09:00,全国紙,全国,日本経済新聞,5連休最終日、駅混雑 シルバーウイークを満喫,https://www.nikkei.com/article/DGXZQOUD231H60T20C26A9000000/,https://news.ceek.jp/search.cgi?category_id=national&feed=1,ok,,社会
2026-09-23,2026-09-23T17:28:01.659256+09:00,その他メディア,,テレビ朝日,"採用面接に“AIなりすまし""「ご自身が直接お話ししています」面接官が困惑した一部始終",https://news.tv-asahi.co.jp/news_society/articles/900200343.html,https://news.ceek.jp/search.cgi?category_id=national&feed=1,ok,,社会
2026-09-23,2026-09-23T17:28:01.659256+09:00,その他メディア,,フジテレビ,"“激しく熱い""大槌祭り 踊りや舞いに見る人の生きざまと濃密な関係",https://www.fnn.jp/articles/-/1118917,https://news.ceek.jp/search.cgi?category_id=national&feed=1,ok,,社会
2026-09-23,2026-09-23T17:28:01.659256+09:00,その他メディア,,サンケイスポーツ,秋田・森吉山で高齢男性がクマに襲われけが 山中に右腕かまれ顔引っかかれる,https://www.sanspo.com/article/20260923-N3I4F7QQLBOSJH2ZVPHLTHV7XI/,https://news.ceek.jp/search.cgi?category_id=national&feed=1,ok,,社会
2026-09-23,2026-09-23T17:28:01.659256+09:00,その他メディア,,サンケイスポーツ,台風25号の死者9人に 千葉・神奈川で不明4人の捜索続く 印旛沼の堤防決壊、車120台水没,https://www.sanspo.com/article/20260923-K4FAZQ7PMVI2XHXIOKFKPPODAI/,https://news.ceek.jp/search.cgi?category_id=national&feed=1,ok,,社会
2026-09-23,2026-09-23T17:28:01.659256+09:00,その他メディア,,フジテレビ,"台風25号の影響で千葉の停電続く 2万7000軒に影響 市原市では“ろうそく火災""か、70代男女けが 断水地域では給水活動",https://www.fnn.jp/articles/-/1119617,https://news.ceek.jp/search.cgi?category_id=national&feed=1,ok,,社会
2026-09-23,2026-09-23T17:28:01.659256+09:00,その他メディア,,テレビ朝日,千葉・印旛沼の堤防決壊を受け、国が緊急復旧のためテック・フォースを派遣,https://news.tv-asahi.co.jp/news_society/articles/000535369.html,https://news.ceek.jp/search.cgi?category_id=national&feed=1,ok,,社会
2026-09-23,2026-09-23T17:28:01.659256+09:00,その他メディア,,フジテレビ,【交通情報】シルバーウィーク最終日もUターンラッシュ 関越道で36キロ、常磐道で27キロの渋滞 高速道路の混雑続く,https://www.fnn.jp/articles/-/1119603,https://news.ceek.jp/search.cgi?category_id=national&feed=1,ok,,社会
2026-09-23,2026-09-23T17:28:01.659256+09:00,その他メディア,,フジテレビ,「水道管が掘られ破裂も」イノシシ急増で住宅街や農地が被害 捕獲数1000頭超えで過去最多 エサ求めて人里に 千葉・館山市,https://www.fnn.jp/articles/-/1119625,https://news.ceek.jp/search.cgi?category_id=national&feed=1,ok,,社会
2026-09-23,2026-09-23T17:28:01.659256+09:00,その他メディア,,デイリースポーツ,5連休最終日、各地の駅が混雑,https://www.daily.co.jp/society/human_interest/2026/09/23/0020851277.shtml,https://news.ceek.jp/search.cgi?category_id=national&feed=1,ok,,社会
2026-09-23,2026-09-23T17:28:01.659256+09:00,その他メディア,,フジテレビ,"【台風情報】“台風のたまご""熱帯低気圧の進路予想 24時間以内に「台風」に発達する可能性 26日午後3時には沖縄の南に達する予想",https://www.fnn.jp/articles/-/1119565,https://news.ceek.jp/search.cgi?category_id=national&feed=1,ok,,社会
2026-09-23,2026-09-23T17:28:01.659256+09:00,その他メディア,,Abema TIMES,クマが海を泳ぎ無人島に上陸 漁船に居座った個体と同一か,https://times.abema.tv/articles/-/10274617?page=1,https://news.ceek.jp/search.cgi?category_id=national&feed=1,ok,,社会
2026-09-23,2026-09-23T17:28:01.659256+09:00,その他メディア,,女性自身,"「出す意味がわからない」映像のプロも苦笑...高市首相NY到着時の“エアお手振り""写真に猛ツッコミ...広報予算72億円要求も厳しい視線",https://jisin.jp/domestic/2601597/,https://news.ceek.jp/search.cgi?category_id=national&feed=1,ok,,社会
2026-09-23,2026-09-23T17:28:01.659256+09:00,その他メディア,,デイリースポーツ,119番、AIが指令員を支援,https://www.daily.co.jp/society/main/2026/09/23/0020851171.shtml,https://news.ceek.jp/search.cgi?category_id=national&feed=1,ok,,社会
2026-09-23,2026-09-23T17:28:01.659256+09:00,その他メディア,,テレビ朝日,クマが海を泳ぎ無人島に上陸 漁船に居座った個体と同一か 宮城・塩釜市,https://news.tv-asahi.co.jp/news_society/articles/000535333.html,https://news.ceek.jp/search.cgi?category_id=national&feed=1,ok,,社会
2026-09-23,2026-09-23T17:28:01.659256+09:00,その他メディア,,フジテレビ,死者9人・行方不明4人に 神奈川で土砂崩れ不明女性の死亡確認 千葉では水没車近くで男性死亡,https://www.fnn.jp/articles/-/1119556,https://news.ceek.jp/search.cgi?category_id=national&feed=1,ok,,社会
2026-09-23,2026-09-23T17:28:01.659256+09:00,その他メディア,,フジテレビ,台風25号の影響で新たに1人死亡確認 神奈川県では3人死亡、2人行方不明に 三浦市や横須賀市の住宅で土砂崩れ,https://www.fnn.jp/articles/-/1119555,https://news.ceek.jp/search.cgi?category_id=national&feed=1,ok,,社会
2026-09-23,2026-09-23T17:28:01.659256+09:00,その他メディア,,フジテレビ,千葉・印旛沼で堤防決壊 復旧見通したたず、利根川へ排水続く 管理開始以来最高水位5.04メートル観測、90人近くが避難,https://www.fnn.jp/articles/-/1119559,https://news.ceek.jp/search.cgi?category_id=national&feed=1,ok,,社会
2026-09-23,2026-09-23T17:28:01.659256+09:00,その他メディア,,フジテレビ,「走ってくる車を気にする様子もなく路上を悠然と歩く姿も」 逃げ出し捕獲された「エミュー」か 滋賀・守山市内での目撃情報 体長2メートル弱・子供のエミューが移動動物園から逃げ出す,https://www.fnn.jp/articles/-/1119557,https://news.ceek.jp/search.cgi?category_id=national&feed=1,ok,,社会
2026-09-23,2026-09-23T17:28:01.659256+09:00,全国紙,全国,読売新聞,24歳「頼りになる息子」の命奪った飲酒運転事故から2年、遺族が献花...懲役4年6月「抑止力にならない」,https://www.yomiuri.co.jp/national/20260923-GYT1T00130/,https://news.ceek.jp/search.cgi?category_id=national&feed=1,ok,,社会
2026-09-23,2026-09-23T17:28:01.659256+09:00,その他メディア,,日本テレビ,"“ダチョウ目撃""相次ぐ...捕獲されたのはエミュー 移動動物園で飼育 滋賀・守山市",https://news.ntv.co.jp/category/society/0eec4e534a794a9e84f0a78337493da5,https://news.ceek.jp/search.cgi?category_id=national&feed=1,ok,,社会
2026-09-23,2026-09-23T17:28:01.659256+09:00,その他メディア,,アサ芸プラス,JR東日本「Suica新キャラ」投票に「出来レース説」が出る「A案だけマトモ」な疑わしい事態,https://www.asagei.com/excerpt/349646,https://news.ceek.jp/search.cgi?category_id=national&feed=1,ok,,社会
2026-09-23,2026-09-23T17:28:01.659256+09:00,その他メディア,,日本テレビ,"<9/23のevery.> 台風25号被害拡大...ドラレコ映像“土砂崩れ""その時なにが",https://news.ntv.co.jp/category/society/98f5cdf76904457f92702dd7ccf0db65,https://news.ceek.jp/search.cgi?category_id=national&feed=1,ok,,社会
2026-09-23,2026-09-23T17:28:01.659256+09:00,その他メディア,,サンケイスポーツ,JCOMで全国的なネット接続障害が発生 原因調査中で復旧時期は未定,https://www.sanspo.com/article/20260923-JRS5BE44ZNMEJMJQCKRZYRIC6Y/,https://news.ceek.jp/search.cgi?category_id=national&feed=1,ok,,社会
2026-09-23,2026-09-23T17:28:01.659256+09:00,その他メディア,,サンケイスポーツ,「ダチョウが走っていった」と110番 滋賀・守山でエミュー脱走、捕獲,https://www.sanspo.com/article/20260923-E263TF2JKROVVK6IITKDHVPFL4/,https://news.ceek.jp/search.cgi?category_id=national&feed=1,ok,,社会
2026-09-23,2026-09-23T17:28:01.659256+09:00,その他メディア,,フジテレビ,「足をけがして動けない」兵庫の60歳男性が登山中にバランス崩し転倒 地上から救助隊員8人が出動、消防ヘリで救助 右足骨折の重傷 「日本百名山」の戸隠連峰・高妻山,https://www.fnn.jp/articles/-/1119554,https://news.ceek.jp/search.cgi?category_id=national&feed=1,ok,,社会
2026-09-23,2026-09-23T17:28:01.659256+09:00,その他メディア,,フジテレビ,【シルバーウィーク最終日、バイク4台でツーリング中の事故】路上に転がる大型バイク2台、路外に飛び出した乗用車...50代と20代の男性ライダー2人がケガをして搬送<北海道当別町>,https://www.fnn.jp/articles/-/1119553,https://news.ceek.jp/search.cgi?category_id=national&feed=1,ok,,社会
2026-09-23,2026-09-23T17:28:01.659256+09:00,その他メディア,,フジテレビ,【最新】プレジャーボートとホタテ漁船が衝突_ボートの50代とみられる男性1人が海に投げ出され病院で死亡確認_もう1人が行方不明で捜索続く_シルバーウィーク最終日〈北海道紋別市〉,https://www.fnn.jp/articles/-/1119551,https://news.ceek.jp/search.cgi?category_id=national&feed=1,ok,,社会
2026-09-23,2026-09-23T17:28:01.659256+09:00,全国紙,全国,読売新聞,オールナイト上映7年ぶり復活、片桐はいりさん「もぎり」で登場...旦過市場の火災から再建の「小倉昭和館」,https://www.yomiuri.co.jp/national/20260922-GYT1T00259/,https://news.ceek.jp/search.cgi?category_id=national&feed=1,ok,,社会
2026-09-23,2026-09-23T17:28:01.659256+09:00,その他メディア,,フジテレビ,"「この気持ちをどこに持っていけば」 “飲酒運転""事故で3歳児死亡 両親が胸中語る 「痛かったよね、苦しかったよねより、ごめんね」 福岡",https://www.fnn.jp/articles/-/1119558,https://news.ceek.jp/search.cgi?category_id=national&feed=1,ok,,社会
2026-09-23,2026-09-23T17:28:01.659256+09:00,その他メディア,,Abema TIMES,あの「カジュアルおばさん」は今?本人を直撃...40代以降のファッションのコツを聞いてみた「現在もおしゃれ迷子」「とにかく真似をする」,https://times.abema.tv/articles/-/10274616?page=1,https://news.ceek.jp/search.cgi?category_id=national&feed=1,ok,,社会
2026-09-23,2026-09-23T17:28:01.659256+09:00,その他メディア,,TBSテレビ,【ニュースライブ】朝のニュース(Japan News Digest Live)最新情報など(9月24日),https://newsdig.tbs.co.jp/articles/-/2962927?display=1,https://news.ceek.jp/search.cgi?category_id=national&feed=1,ok,,社会
2026-09-23,2026-09-23T17:28:01.659256+09:00,その他メディア,,デイリースポーツ,クマに襲われ大き過ぎる「傷」,https://www.daily.co.jp/society/national/2026/09/23/0020851031.shtml,https://news.ceek.jp/search.cgi?category_id=national&feed=1,ok,,社会
2026-09-23,2026-09-23T17:28:01.659256+09:00,その他メディア,,テレビ朝日,NTM症「どういう病気か知っていること重要」20年闘病の女性,https://news.tv-asahi.co.jp/news_society/articles/000535327.html,https://news.ceek.jp/search.cgi?category_id=national&feed=1,ok,,社会
2026-09-23,2026-09-23T17:28:01.659256+09:00,その他メディア,,共同通信,クマに襲われ大き過ぎる「傷」 募る後悔、5回手術も日常戻らず,https://www.47news.jp/14980768.html,https://news.ceek.jp/search.cgi?category_id=national&feed=1,ok,,社会
2026-09-23,2026-09-23T17:28:01.659256+09:00,全国紙,全国,産経新聞,エミュー脱走の移動動物園「堀井動物園」 過去にはカンガルーやヤマアラシも,https://www.sankei.com/article/20260923-O4YWOR7F3BOPVGXN2M4P6XHZTI/,https://news.ceek.jp/search.cgi?category_id=national&feed=1,ok,,社会
2026-09-23,2026-09-23T17:28:01.659256+09:00,その他メディア,,デイリースポーツ,容疑者「前日と当日に酒飲んだ」,https://www.daily.co.jp/society/national/2026/09/23/0020850998.shtml,https://news.ceek.jp/search.cgi?category_id=national&feed=1,ok,,社会
2026-09-23,2026-09-23T17:28:01.659256+09:00,その他メディア,,共同通信,容疑者「前日と当日に酒飲んだ」 福岡飲酒運転、3歳児死亡事故で,https://www.47news.jp/14980751.html,https://news.ceek.jp/search.cgi?category_id=national&feed=1,ok,,社会
2026-09-23,2026-09-23T17:28:01.659256+09:00,その他メディア,,日本テレビ,プレジャーボートと漁船衝突 男性死亡 北海道紋別市の沖,https://news.ntv.co.jp/category/society/c7e316de2b4444128138a484f63cb722,https://news.ceek.jp/search.cgi?category_id=national&feed=1,ok,,社会
2026-09-23,2026-09-23T17:28:01.659256+09:00,その他メディア,,東京スポーツ新聞,宮崎謙介氏 高市首相の人事は「外資系でケンカ上等」,https://www.tokyo-sports.co.jp/articles/-/404102,https://news.ceek.jp/search.cgi?category_id=national&feed=1,ok,,社会
2026-09-23,2026-09-23T17:28:01.659256+09:00,その他メディア,,デイリースポーツ,119矯正施設が防災協定締結,https://www.daily.co.jp/society/national/2026/09/23/0020850979.shtml,https://news.ceek.jp/search.cgi?category_id=national&feed=1,ok,,社会
2026-09-23,2026-09-23T17:28:01.659256+09:00,その他メディア,,TBSテレビ,高市総理 「中国めぐる諸課題についてタイムリーに意見交換、日米同盟の強さを世界に示すものと確信」記者会見で日米首脳会談の成果強調 国連総会出席の訪米終え,https://newsdig.tbs.co.jp/articles/-/2962903?display=1,https://news.ceek.jp/search.cgi?category_id=national&feed=1,ok,,社会
2026-09-23,2026-09-23T17:28:01.659256+09:00,その他メディア,,共同通信,119矯正施設が防災協定締結 避難所開設、熊本地震でも,https://www.47news.jp/14980735.html,https://news.ceek.jp/search.cgi?category_id=national&feed=1,ok,,社会
2026-09-23,2026-09-23T17:28:01.659256+09:00,その他メディア,,フジテレビ,シルバーウィーク最終日でUターンラッシュ 関東など中心に高速道路上りで渋滞や混雑,https://www.fnn.jp/articles/-/1119541,https://news.ceek.jp/search.cgi?category_id=national&feed=1,ok,,社会
2026-09-23,2026-09-23T17:28:01.659256+09:00,その他メディア,,フジテレビ,クマに襲われ登山中の67歳男性けが クマ1頭に顔を引っかかれ左腕かまれる ドクターヘリで搬送 秋田・北秋田市,https://www.fnn.jp/articles/-/1119540,https://news.ceek.jp/search.cgi?category_id=national&feed=1,ok,,社会
2026-09-23,2026-09-23T17:28:01.659256+09:00,全国紙,全国,読売新聞,[地域力]宝塚市(兵庫県)...障害を超え 共に走る,https://www.yomiuri.co.jp/national/20260916-GYT1T00340/,https://news.ceek.jp/search.cgi?category_id=national&feed=1,ok,,社会
2026-09-23,2026-09-23T17:28:01.659256+09:00,全国紙,全国,産経新聞,R1王者・今井らいぱちさん 大津署一日署長「かもしれない運転」を 秋の交通安全運動で,https://www.sankei.com/article/20260923-JVQSYXRWTRLFVD3P4K4ZLDCRLI/,https://news.ceek.jp/search.cgi?category_id=national&feed=1,ok,,社会
2026-09-23,2026-09-23T17:28:01.659256+09:00,その他メディア,,日本テレビ,【台風25号】きょうも千葉県内の鉄道に影響,https://news.ntv.co.jp/category/society/4f96e03a000144a5a1cd8f3133cc2515,https://news.ceek.jp/search.cgi?category_id=national&feed=1,ok,,社会
2026-09-23,2026-09-23T17:28:01.659256+09:00,その他メディア,,Abema TIMES,登山中の男性 クマに襲われドクターヘリで搬送,https://times.abema.tv/articles/-/10274610?page=1,https://news.ceek.jp/search.cgi?category_id=national&feed=1,ok,,社会
2026-09-23,2026-09-23T17:28:01.659256+09:00,その他メディア,,共同通信,高専学生が作品の技術を披露 万博リング模型も、神戸,https://www.47news.jp/14980651.html,https://news.ceek.jp/search.cgi?category_id=national&feed=1,ok,,社会
2026-09-23,2026-09-23T17:28:01.659256+09:00,その他メディア,,共同通信,【速報】3歳死亡事故で「当日に酒飲んだ」と容疑者,https://www.47news.jp/14980706.html,https://news.ceek.jp/search.cgi?category_id=national&feed=1,ok,,社会
2026-09-23,2026-09-23T17:28:01.659256+09:00,その他メディア,,デイリースポーツ,熊本県宇城市で木造仮設入居開始,https://www.daily.co.jp/society/national/2026/09/23/0020850932.shtml,https://news.ceek.jp/search.cgi?category_id=national&feed=1,ok,,社会
2026-09-23,2026-09-23T17:28:01.659256+09:00,その他メディア,,共同通信,第五福竜丸被ばく、命日に集会 「核のない世界」誓う,https://www.47news.jp/14980360.html,https://news.ceek.jp/search.cgi?category_id=national&feed=1,ok,,社会
2026-09-23,2026-09-23T17:28:01.659256+09:00,その他メディア,,共同通信,移動動物園でエミュー脱走、捕獲 滋賀、過去にカンガルーなども,https://www.47news.jp/14980666.html,https://news.ceek.jp/search.cgi?category_id=national&feed=1,ok,,社会
2026-09-23,2026-09-23T17:28:01.659256+09:00,その他メディア,,日刊スポーツ,移動動物園でエミュー脱走も集合住宅敷地内で捕獲「ダチョウが走っていった」過去にカンガルーも,https://www.nikkansports.com/general/news/202609230000599.html,https://news.ceek.jp/search.cgi?category_id=national&feed=1,ok,,社会
2026-09-23,2026-09-23T17:28:01.659256+09:00,その他メディア,,デイリースポーツ,移動動物園でエミュー脱走、捕獲,https://www.daily.co.jp/society/national/2026/09/23/0020850904.shtml,https://news.ceek.jp/search.cgi?category_id=national&feed=1,ok,,社会
2026-09-23,2026-09-23T17:28:01.659256+09:00,全国紙,全国,産経新聞,「ダチョウが逃走」110番、逃げたのは子供のエミュー 滋賀の移動動物園 職員が捕獲,https://www.sankei.com/article/20260923-QG67TGMDLVJFNHSPQBEYWUYKU4/,https://news.ceek.jp/search.cgi?category_id=national&feed=1,ok,,社会
2026-09-23,2026-09-23T17:28:01.659256+09:00,その他メディア,,デイリースポーツ,村上33号、佐々木朗が救援,https://www.daily.co.jp/society/main/2026/09/23/0020850379.shtml,https://news.ceek.jp/search.cgi?category_id=national&feed=1,ok,,社会
2026-09-23,2026-09-23T17:28:01.659256+09:00,全国紙,全国,読売新聞,ウクライナの子らに「笑顔取り戻して」と贈る手作り人形、3年半で1500体...「暗闇の中の光」と手紙届く,https://www.yomiuri.co.jp/national/20260923-GYT1T00097/,https://news.ceek.jp/search.cgi?category_id=national&feed=1,ok,,社会
2026-09-23,2026-09-23T17:28:01.659256+09:00,その他メディア,,デイリースポーツ,高専学生が作品の技術を披露,https://www.daily.co.jp/society/human_interest/2026/09/23/0020850887.shtml,https://news.ceek.jp/search.cgi?category_id=national&feed=1,ok,,社会
2026-09-23,2026-09-23T17:28:01.659256+09:00,全国紙,全国,読売新聞,365mで7tある大綱を引き合う「川内大綱引」、鹿児島・薩摩川内市中心部の国道で...3000人が参加,https://www.yomiuri.co.jp/national/20260922-GYT1T00254/,https://news.ceek.jp/search.cgi?category_id=national&feed=1,ok,,社会
2026-09-23,2026-09-23T17:28:01.659256+09:00,その他メディア,,テレビ朝日,タクシー料金踏み倒し暴行か 自称トラック運転手の男逮捕 タクシー運転手はけが,https://news.tv-asahi.co.jp/news_society/articles/000535317.html,https://news.ceek.jp/search.cgi?category_id=national&feed=1,ok,,社会
2026-09-23,2026-09-23T17:28:01.659256+09:00,その他メディア,,東京スポーツ新聞,【アジア大会】北朝鮮・金正恩氏のそっくりさんが登場 韓国メディアも注目「視線が一気に彼に注がれた」,https://www.tokyo-sports.co.jp/articles/-/404095,https://news.ceek.jp/search.cgi?category_id=national&feed=1,ok,,社会
2026-09-23,2026-09-23T17:28:01.659256+09:00,その他メディア,,テレビ朝日,登山中クマに襲われ 男性(67)けが ドクターヘリで搬送 秋田・森吉山,https://news.tv-asahi.co.jp/news_society/articles/000535316.html,https://news.ceek.jp/search.cgi?category_id=national&feed=1,ok,,社会
2026-09-23,2026-09-23T17:28:01.659256+09:00,その他メディア,,フジテレビ,【最新】「腰を痛めて出血している人がいる」北海道紋別沖でプレジャーボートと漁船が接触事故...ボートの50代男性が死亡〈北海道紋別市〉,https://www.fnn.jp/articles/-/1119535,https://news.ceek.jp/search.cgi?category_id=national&feed=1,ok,,社会
2026-09-23,2026-09-23T17:28:01.659256+09:00,その他メディア,,テレビ朝日,千葉県 印旛沼の堤防の一部が決壊 県など排水作業進める 台風25号の大雨で,https://news.tv-asahi.co.jp/news_society/articles/000535318.html,https://news.ceek.jp/search.cgi?category_id=national&feed=1,ok,,社会
2026-09-23,2026-09-23T17:28:01.659256+09:00,その他メディア,,Abema TIMES,"千葉・印旛沼 “決壊""で流れ出す泥水",https://times.abema.tv/articles/-/10274594?page=1,https://news.ceek.jp/search.cgi?category_id=national&feed=1,ok,,社会
2026-09-23,2026-09-23T17:28:01.659256+09:00,その他メディア,,Abema TIMES,ソーラーパネルが水没 冠水被害の太陽光施設,https://times.abema.tv/articles/-/10274595?page=1,https://news.ceek.jp/search.cgi?category_id=national&feed=1,ok,,社会
2026-09-23,2026-09-23T17:28:01.659256+09:00,その他メディア,,Abema TIMES,水没したままの車 冠水続く千葉・佐倉市,https://times.abema.tv/articles/-/10274592?page=1,https://news.ceek.jp/search.cgi?category_id=national&feed=1,ok,,社会
2026-09-23,2026-09-23T17:28:01.659256+09:00,その他メディア,,Abema TIMES,トラック立ち往生続く 大規模冠水の佐倉市,https://times.abema.tv/articles/-/10274591?page=1,https://news.ceek.jp/search.cgi?category_id=national&feed=1,ok,,社会
2026-09-23,2026-09-23T17:28:01.659256+09:00,その他メディア,,Abema TIMES,駐車場にポツンとバス2台 冠水被害で動けず,https://times.abema.tv/articles/-/10274593?page=1,https://news.ceek.jp/search.cgi?category_id=national&feed=1,ok,,社会
2026-09-23,2026-09-23T17:28:01.659256+09:00,その他メディア,,フジテレビ,"「この気持ちをどこに持っていけば...」 死亡した3歳児の両親が取材に応じる 車を運転の男「ワインや焼酎飲んだ」 “危険運転致死傷""で送検 【福岡発】",https://www.fnn.jp/articles/-/1119534,https://news.ceek.jp/search.cgi?category_id=national&feed=1,ok,,社会
2026-09-23,2026-09-23T17:28:01.659256+09:00,全国紙,全国,産経新聞,「ヨルダンから女性、送金を」滋賀銀と三菱UFJ銀が連係し詐欺被害防ぐ 3人に感謝状,https://www.sankei.com/article/20260923-JMSHKVL6BZKQHDHZMT3SDVBJDU/,https://news.ceek.jp/search.cgi?category_id=national&feed=1,ok,,社会
2026-09-23,2026-09-23T17:28:01.659256+09:00,その他メディア,,Abema TIMES,ゴムボートで安否確認 冠水の住宅街,https://times.abema.tv/articles/-/10274600?page=1,https://news.ceek.jp/search.cgi?category_id=national&feed=1,ok,,社会
2026-09-23,2026-09-23T17:28:01.659256+09:00,その他メディア,,フジテレビ,自宅トイレに小型カメラ設置、10代女性の下半身を盗撮したか 「小型カメラ盗撮」男を3度目の逮捕 広島,https://www.fnn.jp/articles/-/1119533,https://news.ceek.jp/search.cgi?category_id=national&feed=1,ok,,社会
2026-09-23,2026-09-23T17:28:01.659256+09:00,その他メディア,,フジテレビ,塩釜市でまたクマ 無人島に上陸か 最後に目撃された場所の対岸で「泳いでいるクマが島に上陸した」と通報,https://www.fnn.jp/articles/-/1119539,https://news.ceek.jp/search.cgi?category_id=national&feed=1,ok,,社会
2026-09-23,2026-09-23T17:28:01.659256+09:00,その他メディア,,共同通信,区名に「ミャクミャク」案が浮上 大阪都構想で激論、アンケートへ,https://www.47news.jp/14980240.html,https://news.ceek.jp/search.cgi?category_id=national&feed=1,ok,,社会
2026-09-23,2026-09-23T17:28:01.659256+09:00,その他メディア,,共同通信,【速報】過去カンガルー逃走の移動園でエミュー脱走,https://www.47news.jp/14980493.html,https://news.ceek.jp/search.cgi?category_id=national&feed=1,ok,,社会
2026-09-23,2026-09-23T17:28:01.659256+09:00,その他メディア,,フジテレビ,下山中に転倒 福井の55歳男性を消防ヘリで救助 額に軽いけが 北アルプス蝶ヶ岳で遭難,https://www.fnn.jp/articles/-/1119528,https://news.ceek.jp/search.cgi?category_id=national&feed=1,ok,,社会
2026-09-23,2026-09-23T17:28:01.659256+09:00,その他メディア,,Abema TIMES,「リベンジ観光」行楽地にぎわい 台風一過ようやく外出 日帰りバスツアー人気も余波,https://times.abema.tv/articles/-/10274602?page=1,https://news.ceek.jp/search.cgi?category_id=national&feed=1,ok,,社会
2026-09-23,2026-09-23T17:28:01.659256+09:00,その他メディア,,フジテレビ,「毎日楽しくするのは小さな達成感を重ねること」79歳の絵描きYouTuber・柴崎春通さん 40代で絵画講師・米農家兼業しバックパッカーまで 70歳から始めた挑戦でSNS総フォロワー400万人超,https://www.fnn.jp/articles/-/1119525,https://news.ceek.jp/search.cgi?category_id=national&feed=1,ok,,社会
2026-09-23,2026-09-23T17:28:01.659256+09:00,その他メディア,,フジテレビ,【速報】路上に転がる大型バイク含む2台、路外に飛び出した車『シルバーウィーク最終日』に4人でツーリング中...バイク2台と乗用車が絡む事故〈北海道当別町〉,https://www.fnn.jp/articles/-/1119529,https://news.ceek.jp/search.cgi?category_id=national&feed=1,ok,,社会
2026-09-23,2026-09-23T17:28:01.659256+09:00,その他メディア,,テレビ朝日,「リベンジ観光」行楽地にぎわい 台風一過ようやく外出 日帰りバスツアー人気も余波,https://news.tv-asahi.co.jp/news_society/articles/900200319.html,https://news.ceek.jp/search.cgi?category_id=national&feed=1,ok,,社会
2026-09-23,2026-09-23T17:28:01.659256+09:00,その他メディア,,VIETJO,訪米の書記長、FPA最高栄誉メダル受章 越系海軍長官代行と会見,https://www.viet-jo.com/news/politics/260923155848.html,https://news.ceek.jp/search.cgi?category_id=world&feed=1,ok,,国際
2026-09-23,2026-09-23T17:28:01.659256+09:00,その他メディア,,TV-Novosti,なぜ、モスクワは環の街なのか?,https://jp.gw2ru.com/lifestyle/256584-naze-mosukuwa-wa-tamaki-no-machi-nanoka,https://news.ceek.jp/search.cgi?category_id=world&feed=1,ok,,国際
2026-09-23,2026-09-23T17:28:01.659256+09:00,その他メディア,,NNA ASIA,NZ住宅市場低迷、主要市で売却期間過去最長,https://www.nna.jp/news/2967413,https://news.ceek.jp/search.cgi?category_id=world&feed=1,ok,,国際
2026-09-23,2026-09-23T17:28:01.659256+09:00,その他メディア,,NNA ASIA,〔ポッサムのつぶやき〕希少モデルが欲しい!高級時計市場が活発,https://www.nna.jp/news/2969259,https://news.ceek.jp/search.cgi?category_id=world&feed=1,ok,,国際
2026-09-23,2026-09-23T17:28:01.659256+09:00,その他メディア,,NNA ASIA,AI利用の国際基準策定を、国連で共同声明,https://www.nna.jp/news/2969896,https://news.ceek.jp/search.cgi?category_id=world&feed=1,ok,,国際
2026-09-23,2026-09-23T17:28:01.659256+09:00,その他メディア,,Pars Today,論説;トランプ氏の新たな対イラン口舌;戦略的膠着状態からイランの断固たる対応へ,https://parstoday.ir/ja/news/world-i134694,https://news.ceek.jp/search.cgi?category_id=world&feed=1,ok,,国際
2026-09-23,2026-09-23T17:28:01.659256+09:00,その他メディア,,テレビ朝日,台湾初の独自開発「装甲戦闘車両」を公開 台湾防衛に活用 米中首脳会談を前に,https://news.tv-asahi.co.jp/news_international/articles/000535368.html,https://news.ceek.jp/search.cgi?category_id=world&feed=1,ok,,国際
2026-09-23,2026-09-23T17:28:01.659256+09:00,その他メディア,,TBSテレビ,"ノーベル平和賞の有力候補に「ICC」 トランプ大統領は国連総会の演説でも非難“制御不能な機関"" オスロ国際平和研究所",https://newsdig.tbs.co.jp/articles/-/2963031?display=1,https://news.ceek.jp/search.cgi?category_id=world&feed=1,ok,,国際
2026-09-23,2026-09-23T17:28:01.659256+09:00,その他メディア,,TBSテレビ,"国連・グテーレス事務総長 AIリスク管理の枠組みの必要性を演説で訴え「超大国には限界がある」 世界の課題は“戦争、格差、気候変動、AI""",https://newsdig.tbs.co.jp/articles/-/2963030?display=1,https://news.ceek.jp/search.cgi?category_id=world&feed=1,ok,,国際
2026-09-23,2026-09-23T17:28:01.659256+09:00,その他メディア,,ベトナムの声,トー・ラム書記長・国家主席、米海軍長官代行フン・カオ氏と会見,https://vovworld.vn/ja-JP/niyusu/toramushujizhangguojiazhuximihaijunzhangguandaixingfunkaoshitohuijian-2467562.vov5,https://news.ceek.jp/search.cgi?category_id=world&feed=1,ok,,国際
2026-09-23,2026-09-23T17:28:01.659256+09:00,その他メディア,,CNN.co.jp,【分析】トランプ氏から続々離反する共和党候補、「レッドステート」でも顕著に 中間選挙控え,https://www.cnn.co.jp/usa/35252875.html,https://news.ceek.jp/search.cgi?category_id=world&feed=1,ok,,国際
2026-09-23,2026-09-23T17:28:01.659256+09:00,その他メディア,,ベトナムの声,トー・ラム書記長・国家主席、国連総会で4つの主要な方向性を提示,https://vovworld.vn/ja-JP/niyusu/toramushujizhangguojiazhuxiguolianzonghuite4tsunozhuyaonafangxiangxingwotishi-2467557.vov5,https://news.ceek.jp/search.cgi?category_id=world&feed=1,ok,,国際
2026-09-23,2026-09-23T17:28:01.659256+09:00,全国紙,全国,日本経済新聞,インドネシア森林火災、自衛隊がヘリ消火活動 強力な煙害が「難敵」,https://www.nikkei.com/article/DGXZQOGM211BX0R20C26A9000000/,https://news.ceek.jp/search.cgi?category_id=world&feed=1,ok,,国際
2026-09-23,2026-09-23T17:28:01.659256+09:00,その他メディア,,AFPBB News,ネタニヤフ氏、NY市長マムダニ氏を国連で非難へ 「真実を語る」,https://www.afpbb.com/articles/-/3654064,https://news.ceek.jp/search.cgi?category_id=world&feed=1,ok,,国際
2026-09-23,2026-09-23T17:28:01.659256+09:00,その他メディア,,VIETJO,ベトナムとインド、航空輸送枠を2倍超に拡大 週1.68万席へ,https://www.viet-jo.com/news/economy/260923140235.html,https://news.ceek.jp/search.cgi?category_id=world&feed=1,ok,,国際
2026-09-23,2026-09-23T17:28:01.659256+09:00,全国紙,全国,日本経済新聞,ルワンダ、ベルギーと国交回復 コンゴ民主の紛争巡り25年に断絶,https://www.nikkei.com/article/DGXZQOCB2312K0T20C26A9000000/,https://news.ceek.jp/search.cgi?category_id=world&feed=1,ok,,国際
2026-09-23,2026-09-23T17:28:01.659256+09:00,その他メディア,,NNA ASIA,プレミアが7GWセル工場稼働、国内最大,https://www.nna.jp/news/2969834,https://news.ceek.jp/search.cgi?category_id=world&feed=1,ok,,国際
2026-09-23,2026-09-23T17:28:01.659256+09:00,その他メディア,,NNA ASIA,マニラ首都圏、11月16~18日は特別休日,https://www.nna.jp/news/2969871,https://news.ceek.jp/search.cgi?category_id=world&feed=1,ok,,国際
2026-09-23,2026-09-23T17:28:01.659256+09:00,その他メディア,,AFPBB News,トランプ氏、国連総会でイラン全滅させるかの選択迫られていると主張,https://www.afpbb.com/articles/-/3654060,https://news.ceek.jp/search.cgi?category_id=world&feed=1,ok,,国際
2026-09-23,2026-09-23T17:28:01.659256+09:00,全国紙,全国,朝日新聞,「僕はビール2杯と唐揚げだけ」 幹事悩ます日独「お会計モンダイ」,https://www.asahi.com/articles/ASV9731DDV97DIFI01BM.html,https://news.ceek.jp/search.cgi?category_id=world&feed=1,ok,,国際
2026-09-23,2026-09-23T17:28:01.659256+09:00,その他メディア,,ポストセブン,【国連総会ハイレベルウィークに考える】「戦後処理」「国際平和維持」失敗の歴史を舛添要一氏が解説 66の国際機関・条約から脱退した米トランプ政権「ドンロー主義」の危険な兆候,https://www.news-postseven.com/archives/20260923_2133070.html,https://news.ceek.jp/search.cgi?category_id=world&feed=1,ok,,国際
2026-09-23,2026-09-23T17:28:01.659256+09:00,その他メディア,,世界日報,FBI、中国によるスパイ活動の急増を明らかに 【対訳ワシントン・タイムズ】,https://www.worldtimes.co.jp/global/north-america/20260923-215166/,https://news.ceek.jp/search.cgi?category_id=world&feed=1,ok,,国際
2026-09-23,2026-09-23T17:28:01.659256+09:00,その他メディア,,AFPBB News,【三里河中国経済観察】中国西部の風力・太陽光がAIの未来を照らす,https://www.afpbb.com/articles/-/3653495,https://news.ceek.jp/search.cgi?category_id=world&feed=1,ok,,国際
2026-09-23,2026-09-23T17:28:01.659256+09:00,その他メディア,,デイリースポーツ,台湾、新型戦闘車両を公開,https://www.daily.co.jp/society/world/2026/09/23/0020851117.shtml,https://news.ceek.jp/search.cgi?category_id=world&feed=1,ok,,国際
2026-09-23,2026-09-23T17:28:01.659256+09:00,全国紙,全国,日本経済新聞,米韓首脳が会談 朝鮮半島の平和に向けた協力確認,https://www.nikkei.com/article/DGXZQOGM230YH0T20C26A9000000/,https://news.ceek.jp/search.cgi?category_id=world&feed=1,ok,,国際
2026-09-23,2026-09-23T17:28:01.659256+09:00,その他メディア,,デイリースポーツ,米、豪法案に重大な懸念を表明,https://www.daily.co.jp/society/world/2026/09/23/0020851082.shtml,https://news.ceek.jp/search.cgi?category_id=world&feed=1,ok,,国際
2026-09-23,2026-09-23T17:28:01.659256+09:00,その他メディア,,ニューズウィーク,ホワイトハウスが「トランプTV」を開設──メディアを締め出したら取材カメラが消えた?,https://www.newsweekjapan.jp/articles/-/334831,https://news.ceek.jp/search.cgi?category_id=world&feed=1,ok,,国際
2026-09-23,2026-09-23T17:28:01.659256+09:00,その他メディア,,フジテレビ,トランプ大統領「金正恩氏とは良い関係」 李在明大統領との会談で北朝鮮との対話意思を改めて表明 「ピースメーカー」として連携確認,https://www.fnn.jp/articles/-/1119552,https://news.ceek.jp/search.cgi?category_id=world&feed=1,ok,,国際
2026-09-23,2026-09-23T17:28:01.659256+09:00,全国紙,全国,日本経済新聞,習近平氏に企業同行せずと米報道 訪米巡り、BYDなど,https://www.nikkei.com/article/DGXZQOCB2311Y0T20C26A9000000/,https://news.ceek.jp/search.cgi?category_id=world&feed=1,ok,,国際
2026-09-23,2026-09-23T17:28:01.659256+09:00,その他メディア,,共同通信,【速報】米、豪のSNSおすすめ表示選択制に懸念,https://www.47news.jp/14980767.html,https://news.ceek.jp/search.cgi?category_id=world&feed=1,ok,,国際
2026-09-23,2026-09-23T17:28:01.659256+09:00,その他メディア,,TBSテレビ,トランプ大統領、「人工知能(AI)」を「スーパー・インテリジェンス(SI)」へ 呼称変更を表明,https://newsdig.tbs.co.jp/articles/-/2962908?display=1,https://news.ceek.jp/search.cgi?category_id=world&feed=1,ok,,国際
2026-09-23,2026-09-23T17:28:01.659256+09:00,その他メディア,,フジテレビ,アメリカとイランが間接協議 ウィトコフ特使とアラグチ外相がカタール仲介で参加 ホルムズ海峡開放の条件伝えたか,https://www.fnn.jp/articles/-/1119544,https://news.ceek.jp/search.cgi?category_id=world&feed=1,ok,,国際
2026-09-23,2026-09-23T17:28:01.659256+09:00,その他メディア,,AFPBB News,イスラエル、マクロン氏の「ハマスは西岸で一度も攻撃を行ったことがない」発言に猛反発,https://www.afpbb.com/articles/-/3654052,https://news.ceek.jp/search.cgi?category_id=world&feed=1,ok,,国際
2026-09-23,2026-09-23T17:28:01.659256+09:00,その他メディア,,Jams.TV,ディープフェイク事件、被害女性が法廷で加害者を糾弾 SA,https://www.jams.tv/news/290716,https://news.ceek.jp/search.cgi?category_id=world&feed=1,ok,,国際
2026-09-23,2026-09-23T17:28:01.659256+09:00,その他メディア,,Forbes JAPAN,名門VCのa16z、「AIネイティブな教育」を提供する2年制大学代替プログラムを立ち上げ,https://forbesjapan.com/articles/detail/105277,https://news.ceek.jp/search.cgi?category_id=world&feed=1,ok,,国際
2026-09-23,2026-09-23T17:28:01.659256+09:00,その他メディア,,フジテレビ,ゼレンスキー大統領がトランプ大統領に「パトリオット」追加供与を要請 冬を前に防空強化へ エネルギー施設攻撃停止の交渉にも言及,https://www.fnn.jp/articles/-/1119546,https://news.ceek.jp/search.cgi?category_id=world&feed=1,ok,,国際
2026-09-23,2026-09-23T17:28:01.659256+09:00,その他メディア,,Pars Today,解説;国連総会:イランによる正義要求のための演壇の場,https://parstoday.ir/ja/news/iran-i134692,https://news.ceek.jp/search.cgi?category_id=world&feed=1,ok,,国際
2026-09-23,2026-09-23T17:28:01.659256+09:00,その他メディア,,フジテレビ,トランプ大統領「ディーゼル燃料の輸出禁止」検討 過去最高値受け価格抑制狙う 中間選挙前の物価対策が焦点,https://www.fnn.jp/articles/-/1119545,https://news.ceek.jp/search.cgi?category_id=world&feed=1,ok,,国際
2026-09-23,2026-09-23T17:28:01.659256+09:00,その他メディア,,AFPBB News,今年のインターネットデータサービス業の電力消費量が600億キロワット時を突破 中国,https://www.afpbb.com/articles/-/3653508,https://news.ceek.jp/search.cgi?category_id=world&feed=1,ok,,国際
2026-09-23,2026-09-23T17:28:01.659256+09:00,その他メディア,,フジテレビ,トランプ大統領「合意か壊滅か」 国連総会でイランに強硬要求 ICC脱退呼びかけやAI規制拒否も表明,https://www.fnn.jp/articles/-/1119542,https://news.ceek.jp/search.cgi?category_id=world&feed=1,ok,,国際
2026-09-23,2026-09-23T17:28:01.659256+09:00,その他メディア,,日本テレビ,国連・グテーレス事務総長「いかなる大国も単独で課題解決できない」多国間体制の必要性強調,https://news.ntv.co.jp/category/international/ae2629c9569d47809cd7977fd0eb007f,https://news.ceek.jp/search.cgi?category_id=world&feed=1,ok,,国際
2026-09-23,2026-09-23T17:28:01.659256+09:00,その他メディア,,AFPBB News,中国の大学で進む既存住宅の学生寮化 宿舎不足の緩和と住宅在庫の活用を両立,https://www.afpbb.com/articles/-/3653505,https://news.ceek.jp/search.cgi?category_id=world&feed=1,ok,,国際
2026-09-23,2026-09-23T17:28:01.659256+09:00,その他メディア,,日本テレビ,サウジアラビア、ドローン攻撃受け停止のパイプライン稼働再開か 全面復旧には6~8週間,https://news.ntv.co.jp/category/international/23ec703375194f88bbb1f3548f4f2ffa,https://news.ceek.jp/search.cgi?category_id=world&feed=1,ok,,国際
2026-09-23,2026-09-23T17:28:01.659256+09:00,その他メディア,,AFPBB News,中国の「天眼」 FAST 二重中性子星系を新たに発見,https://www.afpbb.com/articles/-/3653504,https://news.ceek.jp/search.cgi?category_id=world&feed=1,ok,,国際
2026-09-23,2026-09-23T17:28:01.659256+09:00,その他メディア,,テレビ朝日,中国駐米大使「レッドラインへの挑戦許されない」 米中首脳会談を前に米国牽制,https://news.tv-asahi.co.jp/news_international/articles/000535263.html,https://news.ceek.jp/search.cgi?category_id=world&feed=1,ok,,国際
2026-09-23,2026-09-23T17:28:01.659256+09:00,その他メディア,,テレビ朝日,米韓首脳会談 対米投資の協議進展を歓迎 トランプ氏 米朝対話へ意欲,https://news.tv-asahi.co.jp/news_international/articles/000535264.html,https://news.ceek.jp/search.cgi?category_id=world&feed=1,ok,,国際
2026-09-23,2026-09-23T17:28:01.659256+09:00,その他メディア,,AFPBB News,エアバス 中国で2番目の組み立てラインが初の航空機を順調に納入,https://www.afpbb.com/articles/-/3653502,https://news.ceek.jp/search.cgi?category_id=world&feed=1,ok,,国際
2026-09-23,2026-09-23T17:28:01.659256+09:00,全国紙,全国,産経新聞,「トランプ政権の対中抑止、基本変わらず」 台湾支援後退せず 首脳会談控え米識者に聞く,https://www.sankei.com/article/20260923-FGFNBXHJ3ZIQXJWLHI2MYEGI6I/,https://news.ceek.jp/search.cgi?category_id=world&feed=1,ok,,国際
2026-09-23,2026-09-23T17:28:01.659256+09:00,その他メディア,,AFPBB News,平陸運河が開通 「黄金水道」が中国南西部の物流を刷新,https://www.afpbb.com/articles/-/3653501,https://news.ceek.jp/search.cgi?category_id=world&feed=1,ok,,国際
2026-09-23,2026-09-23T17:28:01.659256+09:00,その他メディア,,ベトナムの声,日米首脳会談 経済・安全保障など幅広い分野で協力強化,https://vovworld.vn/ja-JP/niyusu/rimishounaohuitan-jingjianquanbaozhangnatofuguangifenyetexieliqianghua-2467550.vov5,https://news.ceek.jp/search.cgi?category_id=world&feed=1,ok,,国際
2026-09-23,2026-09-23T17:28:01.659256+09:00,その他メディア,,VIETJO,ビンファスト、最大航続262kmの新型電動バイク発売,https://www.viet-jo.com/news/economy/260922175925.html,https://news.ceek.jp/search.cgi?category_id=world&feed=1,ok,,国際
2026-09-23,2026-09-23T17:28:01.659256+09:00,その他メディア,,Pars Today,全米で軽油価格が過去最高値を記録,https://parstoday.ir/ja/news/world-i134690,https://news.ceek.jp/search.cgi?category_id=world&feed=1,ok,,国際
2026-09-23,2026-09-23T17:28:01.659256+09:00,その他メディア,,VIETJO,パシフィック航空、ホーチミン~バンメトート線を運航再開,https://www.viet-jo.com/news/tourism/260923125920.html,https://news.ceek.jp/search.cgi?category_id=world&feed=1,ok,,国際
2026-09-23,2026-09-23T17:28:01.659256+09:00,その他メディア,,台湾国際放送,頼清徳・総統が台日安全保障協力深化に期待、日本維新の会の表敬受け,https://www.rti.org.tw/jp/news?uid=3&pid=233508,https://news.ceek.jp/search.cgi?category_id=world&feed=1,ok,,国際
2026-09-23,2026-09-23T17:28:01.659256+09:00,その他メディア,,Pars Today,イラン外務省報道官;「アメリカ側とカタールの仲介を通してやり取り」,https://parstoday.ir/ja/news/iran-i134688,https://news.ceek.jp/search.cgi?category_id=world&feed=1,ok,,国際
2026-09-23,2026-09-23T17:28:01.659256+09:00,その他メディア,,日本テレビ,李在明大統領「足がかりを作っていく」米朝対話実現に向け意欲示す 国連総会で演説,https://news.ntv.co.jp/category/international/a5562c80dfef4726bb35c3a940bf1968,https://news.ceek.jp/search.cgi?category_id=world&feed=1,ok,,国際
2026-09-23,2026-09-23T17:28:01.659256+09:00,その他メディア,,CNN.co.jp,36歳で急死の米俳優ヘイデン・パネッティーアさん、死因はフェンタニルなどの過剰摂取 「事故死」と断定,https://www.cnn.co.jp/usa/35252871.html,https://news.ceek.jp/search.cgi?category_id=world&feed=1,ok,,国際
2026-09-23,2026-09-23T17:28:01.659256+09:00,その他メディア,,日本テレビ,仏マクロン大統領「ガザ地区では人道回廊が一切再開されていない」国連総会で演説,https://news.ntv.co.jp/category/international/3237822cef1240338bf8ff193495f000,https://news.ceek.jp/search.cgi?category_id=world&feed=1,ok,,国際
2026-09-23,2026-09-23T17:28:01.659256+09:00,その他メディア,,共同通信,米空軍の中国研究所、閉鎖へ 航空戦力を専門的に調査分析,https://www.47news.jp/14980498.html,https://news.ceek.jp/search.cgi?category_id=world&feed=1,ok,,国際
2026-09-23,2026-09-23T17:28:01.659256+09:00,その他メディア,,デイリースポーツ,米空軍の中国研究所、閉鎖へ,https://www.daily.co.jp/society/world/2026/09/23/0020850778.shtml,https://news.ceek.jp/search.cgi?category_id=world&feed=1,ok,,国際
2026-09-23,2026-09-23T17:28:01.659256+09:00,全国紙,全国,産経新聞,米空軍の中国航空宇宙研究所閉鎖へ 解放軍の航空戦力を専門分析 2017年発足,https://www.sankei.com/article/20260923-73NOXVME4FPIXANIVLK7Z6JBQE/,https://news.ceek.jp/search.cgi?category_id=world&feed=1,ok,,国際
2026-09-23,2026-09-23T17:28:01.659256+09:00,その他メディア,,newsclip.be,バンコク首都圏住宅市場、コンドミニアム販売19.5%増 「ネットワーク型都市」への移行も,https://newsclip.be/thai-news/thai-economy/42197,https://news.ceek.jp/search.cgi?category_id=world&feed=1,ok,,国際
2026-09-23,2026-09-23T17:28:01.659256+09:00,その他メディア,,テレビ朝日,米・イラン高官がNYで協議 トランプ大統領「良い協議だった」,https://news.tv-asahi.co.jp/news_international/articles/000535283.html,https://news.ceek.jp/search.cgi?category_id=world&feed=1,ok,,国際
2026-09-23,2026-09-23T17:28:01.659256+09:00,その他メディア,,newsclip.be,タイ・デジタル経済社会省、マイクロソフトとAI安全対策・人材育成協力を強化,https://newsclip.be/thai-news/thai-politics/42183,https://news.ceek.jp/search.cgi?category_id=world&feed=1,ok,,国際
2026-09-23,2026-09-23T17:28:01.659256+09:00,その他メディア,,デイリースポーツ,米韓首脳、両国間の投資を議論,https://www.daily.co.jp/society/world/2026/09/23/0020850654.shtml,https://news.ceek.jp/search.cgi?category_id=world&feed=1,ok,,国際
2026-09-23,2026-09-23T17:28:01.659256+09:00,その他メディア,,共同通信,米韓首脳、両国間の投資を議論 朝鮮半島を巡る課題も,https://www.47news.jp/14980399.html,https://news.ceek.jp/search.cgi?category_id=world&feed=1,ok,,国際
2026-09-23,2026-09-23T17:28:01.659256+09:00,その他メディア,,newsclip.be,独鉄道見本市でタイ政府が日系各社と協議 駅周辺開発や鉄道技術導入を検討,https://newsclip.be/thai-news/thai-politics/42194,https://news.ceek.jp/search.cgi?category_id=world&feed=1,ok,,国際
2026-09-23,2026-09-23T17:28:01.659256+09:00,全国紙,全国,産経新聞,英首相が情報攻撃への対策機関を設置へ 国連演説で表明 ロシア念頭、英選挙に「干渉」,https://www.sankei.com/article/20260923-65KGIYAHN5IV5FBPDLWJIUPNSM/,https://news.ceek.jp/search.cgi?category_id=world&feed=1,ok,,国際
2026-09-23,2026-09-23T17:28:01.659256+09:00,その他メディア,,デイリースポーツ,英国、情報対策機関を設置へ,https://www.daily.co.jp/society/world/2026/09/23/0020850621.shtml,https://news.ceek.jp/search.cgi?category_id=world&feed=1,ok,,国際
2026-09-23,2026-09-23T17:28:01.659256+09:00,その他メディア,,共同通信,英国、情報対策機関を設置へ バーナム首相表明、対ロシアで,https://www.47news.jp/14980355.html,https://news.ceek.jp/search.cgi?category_id=world&feed=1,ok,,国際
2026-09-23,2026-09-23T17:28:01.659256+09:00,その他メディア,,BBC,ICC脱退呼びかけ、AI改称、日米首脳会談――国連総会初日の注目の動き,https://www.bbc.com/japanese/articles/cxnvl9r4rge1o,https://news.ceek.jp/search.cgi?category_id=world&feed=1,ok,,国際
2026-09-23,2026-09-23T17:28:01.659256+09:00,その他メディア,,TBSテレビ,トランプ大統領 デンマークとグリーンランドの安全保障強化協定に署名 2つの軍事施設の設置など米軍のグリーンランド駐留拡大を認める,https://newsdig.tbs.co.jp/articles/-/2962754?display=1,https://news.ceek.jp/search.cgi?category_id=world&feed=1,ok,,国際
2026-09-23,2026-09-23T17:28:01.659256+09:00,その他メディア,,AFPBB News,イスラエル極右閣僚、次期政権で国防相目指す意向表明,https://www.afpbb.com/articles/-/3654044,https://news.ceek.jp/search.cgi?category_id=world&feed=1,ok,,国際
2026-09-23,2026-09-23T17:28:01.659256+09:00,その他メディア,,TBSテレビ,トランプ大統領とゼレンスキー大統領が会談 ロシアとの「エネルギー停戦」の提案を明らかに 米側に防空システムの供与を強く求める,https://newsdig.tbs.co.jp/articles/-/2962688?display=1,https://news.ceek.jp/search.cgi?category_id=world&feed=1,ok,,国際
2026-09-23,2026-09-23T17:28:01.659256+09:00,その他メディア,,テレビ朝日,ノーベル平和賞予想にICC 「世界中の被害者に正義を」 オスロ国際平和研究所,https://news.tv-asahi.co.jp/news_international/articles/000535277.html,https://news.ceek.jp/search.cgi?category_id=world&feed=1,ok,,国際
2026-09-23,2026-09-23T17:28:01.659256+09:00,その他メディア,,日本テレビ,トランプ大統領「ならず者機関」「邪悪な集団」国連総会の演説でICC加盟国に脱退呼びかけ,https://news.ntv.co.jp/category/international/2a7b249253d7430b97eab0ab44d099dc,https://news.ceek.jp/search.cgi?category_id=world&feed=1,ok,,国際
2026-09-23,2026-09-23T17:28:01.659256+09:00,その他メディア,,テレビ朝日,AIで顔を変え詐欺の通話か 特殊詐欺拠点とみられる高級住宅を摘発 タイ・バンコク,https://news.tv-asahi.co.jp/news_international/articles/000535282.html,https://news.ceek.jp/search.cgi?category_id=world&feed=1,ok,,国際
2026-09-23,2026-09-23T17:28:01.659256+09:00,その他メディア,,デイリースポーツ,ウクライナの人道支援団体有力か,https://www.daily.co.jp/society/world/2026/09/23/0020850545.shtml,https://news.ceek.jp/search.cgi?category_id=world&feed=1,ok,,国際
2026-09-23,2026-09-23T17:28:01.659256+09:00,その他メディア,,共同通信,ウクライナの人道支援団体有力か ノーベル平和賞予想、国際研究所,https://www.47news.jp/14980241.html,https://news.ceek.jp/search.cgi?category_id=world&feed=1,ok,,国際
2026-09-23,2026-09-23T17:28:01.659256+09:00,その他メディア,,Jams.TV,シドニー空港、濃霧で欠航・遅延の可能性,https://www.jams.tv/news/290715,https://news.ceek.jp/search.cgi?category_id=world&feed=1,ok,,国際
2026-09-23,2026-09-23T17:28:01.659256+09:00,地方紙,熊本,熊本日日新聞,胎児性患者ら、水俣への思い表現 水俣市で作品展 26日まで【水俣病70年】,https://kumanichi.com/articles/2038747,https://news.ceek.jp/search.cgi?category_id=local&feed=1,ok,,地方・地域
2026-09-23,2026-09-23T17:28:01.659256+09:00,その他メディア,,TBSテレビ,「アクセルとブレーキを踏み間違えた」84歳女性運転の軽乗用車が駐車場で4台にぶつかり1人けが 長野・中野市,https://newsdig.tbs.co.jp/articles/-/2963092?display=1,https://news.ceek.jp/search.cgi?category_id=local&feed=1,ok,,地方・地域
2026-09-23,2026-09-23T17:28:01.659256+09:00,地方紙,新潟,新潟日報,末永い幸せ願う「七五三大祭」、新潟市中央区の護国神社で 青空へ風船飛ばすイベントも,https://www.niigata-nippo.co.jp/articles/-/911322,https://news.ceek.jp/search.cgi?category_id=local&feed=1,ok,,地方・地域
2026-09-23,2026-09-23T17:28:01.659256+09:00,その他メディア,,TBSテレビ,"トクリュウの犯行か 偽警察官の電話後に“現金6000万円""かばん持ち去った疑い 受け子と現金回収役の2人を逮捕 岐阜",https://newsdig.tbs.co.jp/articles/-/2963091?display=1,https://news.ceek.jp/search.cgi?category_id=local&feed=1,ok,,地方・地域
2026-09-23,2026-09-23T17:28:01.659256+09:00,その他メディア,,広島ホームテレビ,シルバーウイーク最終日 チーターの赤ちゃんに約1700人 安佐動物公園,https://www.home-tv.co.jp/news/content/?news_id=20260923370615,https://news.ceek.jp/search.cgi?category_id=local&feed=1,ok,,地方・地域
2026-09-23,2026-09-23T17:28:01.659256+09:00,その他メディア,,名古屋テレビ,"名古屋から乗れる""夜行新幹線""「東海道ルミエールエクスプレス」特別な夜の過ごし方は?",https://www.nagoyatv.com/news/?id=037312,https://news.ceek.jp/search.cgi?category_id=local&feed=1,ok,,地方・地域
2026-09-23,2026-09-23T17:28:01.659256+09:00,地方紙,広島,中国新聞,徳島の介護施設でもウエルシュ菌食中毒,https://www.chugoku-np.co.jp/articles/-/898878,https://news.ceek.jp/search.cgi?category_id=local&feed=1,ok,,地方・地域
2026-09-23,2026-09-23T17:28:01.659256+09:00,地方紙,京都,京都新聞,京都市中京区で手話の理解促進はかるイベント 来場者がカードゲームなどで初歩学ぶ,https://www.kyoto-np.co.jp/articles/-/1795606,https://news.ceek.jp/search.cgi?category_id=local&feed=1,ok,,地方・地域
2026-09-23,2026-09-23T17:28:01.659256+09:00,地方紙,広島,中国新聞,徳島刑務所で集団食中毒、ウエルシュ菌検出,https://www.chugoku-np.co.jp/articles/-/898877,https://news.ceek.jp/search.cgi?category_id=local&feed=1,ok,,地方・地域
2026-09-23,2026-09-23T17:28:01.659256+09:00,地方紙,熊本,熊本日日新聞,熊本市電2年連続赤字 乗客減と安全対策費響く,https://kumanichi.com/articles/2038777,https://news.ceek.jp/search.cgi?category_id=local&feed=1,ok,,地方・地域
2026-09-23,2026-09-23T17:28:01.659256+09:00,全国紙,全国,中日新聞,中日・仲地礼亜、今季初先発で3年ぶり勝利なるか 打線はサノーがスタメン外れ阿部寿樹が「4番・一塁」,https://www.chunichi.co.jp/article/1315255,https://news.ceek.jp/search.cgi?category_id=local&feed=1,ok,,地方・地域
2026-09-23,2026-09-23T17:28:01.659256+09:00,地方紙,広島,中国新聞,特定技能「2号」500人超す 広島など中国地方 高度なスキルで永住可能な外国人材、急増の背景は?,https://www.chugoku-np.co.jp/articles/-/891681,https://news.ceek.jp/search.cgi?category_id=local&feed=1,ok,,地方・地域
2026-09-23,2026-09-23T17:28:01.659256+09:00,その他メディア,,日本テレビ,高知県の天気予報【23日午後5時発表】,https://news.ntv.co.jp/category/society/rc2009525f41664e1e846f0db66489e454,https://news.ceek.jp/search.cgi?category_id=local&feed=1,ok,,地方・地域
2026-09-23,2026-09-23T17:28:01.659256+09:00,全国紙,全国,毎日新聞,アジア大会組織委、豊臣秀吉登場に釈明 「政治的意図なかった」,https://mainichi.jp/articles/20260923/k00/00m/050/095000c,https://news.ceek.jp/search.cgi?category_id=local&feed=1,ok,,地方・地域
2026-09-23,2026-09-23T17:28:01.659256+09:00,その他メディア,,愛媛新聞,日本スポーツマスターズ石川大会 愛媛勢は自転車男子スプリントで亀岡V,https://www.ehime-np.co.jp/article/news202609230161,https://news.ceek.jp/search.cgi?category_id=local&feed=1,ok,,地方・地域
2026-09-23,2026-09-23T17:28:01.659256+09:00,その他メディア,,北國新聞,白山・成町のアパートで火災 11分後に消し止める,https://www.hokkoku.co.jp/articles/-/2237906,https://news.ceek.jp/search.cgi?category_id=local&feed=1,ok,,地方・地域
2026-09-23,2026-09-23T17:28:01.659256+09:00,その他メディア,,神奈川新聞,川崎競馬場で1組限定の貸し切り結婚式 競馬通じ愛育んできた2人が誓い,https://www.kanaloco.jp/news/life/article-1306641.html,https://news.ceek.jp/search.cgi?category_id=local&feed=1,ok,,地方・地域
2026-09-23,2026-09-23T17:28:01.659256+09:00,地方紙,熊本,熊本日日新聞,市役所本庁舎の石綿調査へ 熊本市「解体設計に反映」,https://kumanichi.com/articles/2038773,https://news.ceek.jp/search.cgi?category_id=local&feed=1,ok,,地方・地域
2026-09-23,2026-09-23T17:28:01.659256+09:00,全国紙,全国,中日新聞,ヤ4―8神(23日) 高橋15勝目、阪神4連勝,https://www.chunichi.co.jp/article/1315256,https://news.ceek.jp/search.cgi?category_id=local&feed=1,ok,,地方・地域
2026-09-23,2026-09-23T17:28:01.659256+09:00,その他メディア,,TBSテレビ,願掛け寺に咲く 珍しい「白いヒガンバナ」見頃に,https://newsdig.tbs.co.jp/articles/-/2963084?display=1,https://news.ceek.jp/search.cgi?category_id=local&feed=1,ok,,地方・地域
2026-09-23,2026-09-23T17:28:01.659256+09:00,その他メディア,,大分合同新聞,バスケU18トップリーグディビジョン2,https://www.oita-press.co.jp/1010000000/2026/09/23/JDC2026092301661,https://news.ceek.jp/search.cgi?category_id=local&feed=1,ok,,地方・地域
2026-09-23,2026-09-23T17:28:01.659256+09:00,その他メディア,,福島民友新聞,国見で「義経まつり」 俳優の溝端淳平さん、優希美青さん練り歩く,https://www.minyu-net.com/news/detail/2026092317363955178,https://news.ceek.jp/search.cgi?category_id=local&feed=1,ok,,地方・地域
2026-09-23,2026-09-23T17:28:01.659256+09:00,地方紙,京都,京都新聞,京都市上京区で「千両ケ辻」の活気伝える文化祭 リメーク着物の販売や人力車体験も,https://www.kyoto-np.co.jp/articles/-/1795592,https://news.ceek.jp/search.cgi?category_id=local&feed=1,ok,,地方・地域
2026-09-23,2026-09-23T17:28:01.659256+09:00,その他メディア,,高知新聞,自転車運転シミュレーターを体験 高知県本山町で交通安全フェス,https://www.kochinews.co.jp/article/detail/1046694,https://news.ceek.jp/search.cgi?category_id=local&feed=1,ok,,地方・地域
2026-09-23,2026-09-23T17:28:01.659256+09:00,その他メディア,,TBSテレビ,【大相撲秋場所・11日目】御嶽海は玉鷲に敗れ8敗目...十両で初の負け越し,https://newsdig.tbs.co.jp/articles/-/2963088?display=1,https://news.ceek.jp/search.cgi?category_id=local&feed=1,ok,,地方・地域
2026-09-23,2026-09-23T17:28:01.659256+09:00,全国紙,全国,中日新聞,米中「ピンポン外交」から55年、立役者・荘則棟選手らのサインラケット発見 名古屋市開催の世界卓球選手権大会が舞台,https://www.chunichi.co.jp/article/1315253,https://news.ceek.jp/search.cgi?category_id=local&feed=1,ok,,地方・地域
2026-09-23,2026-09-23T17:28:01.659256+09:00,その他メディア,,TBSテレビ,【続報】酒田市飛島で遺体 6歳男児か 警察が関連を調べる(山形・酒田市),https://newsdig.tbs.co.jp/articles/-/2963082?display=1,https://news.ceek.jp/search.cgi?category_id=local&feed=1,ok,,地方・地域
2026-09-23,2026-09-23T17:28:01.659256+09:00,その他メディア,,北日本新聞,唄い踊り継いできた麦屋節など披露 南砺で五箇山麦屋まつり,https://webun.jp/articles/-/1097438,https://news.ceek.jp/search.cgi?category_id=local&feed=1,ok,,地方・地域
2026-09-23,2026-09-23T17:28:01.659256+09:00,地方紙,広島,中国新聞,ソ10―3西(23日),https://www.chugoku-np.co.jp/articles/-/898874,https://news.ceek.jp/search.cgi?category_id=local&feed=1,ok,,地方・地域
2026-09-23,2026-09-23T17:28:01.659256+09:00,全国紙,全国,中日新聞,競泳男子200メートル自由形、村佐達也が銅メダル 愛知・名古屋アジア大会,https://www.chunichi.co.jp/article/1315251,https://news.ceek.jp/search.cgi?category_id=local&feed=1,ok,,地方・地域
2026-09-23,2026-09-23T17:28:01.659256+09:00,地方紙,熊本,熊本日日新聞,<2026年熊本地震>生育不良のコメ、飼料用に 農業用水破損の氷川町農家 「収入確保でやむなし」,https://kumanichi.com/articles/2038770,https://news.ceek.jp/search.cgi?category_id=local&feed=1,ok,,地方・地域
2026-09-23,2026-09-23T17:28:01.659256+09:00,その他メディア,,TBSテレビ,北秋田市の森吉山で登山中の男性がクマに襲われけが,https://newsdig.tbs.co.jp/articles/-/2963083?display=1,https://news.ceek.jp/search.cgi?category_id=local&feed=1,ok,,地方・地域
2026-09-23,2026-09-23T17:28:01.659256+09:00,その他メディア,,TBSテレビ,【続報】遺体見つかる 酒田市で行方不明の6歳男児の可能性 警察が身元を調べる(山形),https://newsdig.tbs.co.jp/articles/-/2963027?display=1,https://news.ceek.jp/search.cgi?category_id=local&feed=1,ok,,地方・地域
2026-09-23,2026-09-23T17:28:01.659256+09:00,その他メディア,,日本テレビ,【速報】行方不明の6歳児か 身元不明の遺体発見 捜索19日目 警察が身元確認進める 山形県酒田市,https://news.ntv.co.jp/category/society/yb89b18b4f137445109c46cf3e70d70c00,https://news.ceek.jp/search.cgi?category_id=local&feed=1,ok,,地方・地域
2026-09-23,2026-09-23T17:28:01.659256+09:00,全国紙,全国,中日新聞,24日の予告先発,https://www.chunichi.co.jp/article/1315259,https://news.ceek.jp/search.cgi?category_id=local&feed=1,ok,,地方・地域
2026-09-23,2026-09-23T17:28:01.659256+09:00,地方紙,広島,中国新聞,24日の予告先発,https://www.chugoku-np.co.jp/articles/-/898871,https://news.ceek.jp/search.cgi?category_id=local&feed=1,ok,,地方・地域
2026-09-23,2026-09-23T17:28:01.659256+09:00,その他メディア,,岐阜新聞,笠松競馬場でバレー女子・岐阜リオレーナ選手と交流 コラボイベント、「カサマツ音頭」も,https://www.gifu-np.co.jp/articles/-/773283,https://news.ceek.jp/search.cgi?category_id=local&feed=1,ok,,地方・地域
2026-09-23,2026-09-23T17:28:01.659256+09:00,その他メディア,,佐賀新聞,中学・高校の仲間、ゴルフで親交 武雄・さがの森ゴルフクラブで同窓大会,https://www.saga-s.co.jp/articles/-/1796913,https://news.ceek.jp/search.cgi?category_id=local&feed=1,ok,,地方・地域
2026-09-23,2026-09-23T17:28:01.659256+09:00,その他メディア,,まいどなニュース,テレビに映った食べ物へ近づく愛犬 画面を一生懸命ぺろぺろする姿に爆笑「そこからは出てこないよ!」,https://maidonanews.jp/article/16891306,https://news.ceek.jp/search.cgi?category_id=local&feed=1,ok,,地方・地域
2026-09-23,2026-09-23T17:28:01.659256+09:00,その他メディア,,Lmaga.jp,"「やだ〜!人いっぱいいる!」モナキ熱唱、インテックス大阪で純烈譲りの“ラウンド""も",https://www.lmaga.jp/news/2026/09/1100874/,https://news.ceek.jp/search.cgi?category_id=local&feed=1,ok,,地方・地域
2026-09-23,2026-09-23T17:28:01.659256+09:00,その他メディア,,日本テレビ,"秋の5連休最終日 西条で“パンだらけ""のマーケット【愛媛】",https://news.ntv.co.jp/category/society/rb67cfc80979104d53a5c32dbe18292f6e,https://news.ceek.jp/search.cgi?category_id=local&feed=1,ok,,地方・地域
2026-09-23,2026-09-23T17:28:01.659256+09:00,その他メディア,,下野新聞,大関和特別企画展の来場者2万人を達成 茨城県つくばみらい市の家族に記念品贈呈,https://www.shimotsuke.co.jp/articles/-/1427076,https://news.ceek.jp/search.cgi?category_id=local&feed=1,ok,,地方・地域
2026-09-23,2026-09-23T17:28:01.659256+09:00,地方紙,福岡,西日本新聞,北九州市門司区で宅配業者をかたる不審電話が連続発生 「独り暮ら...,https://www.nishinippon.co.jp/item/1540955/,https://news.ceek.jp/search.cgi?category_id=local&feed=1,ok,,地方・地域
2026-09-23,2026-09-23T17:28:01.659256+09:00,その他メディア,,TBSテレビ,パトカーを気にして車を運転した男の呼気から基準値超のアルコール検出 酒気帯び運転容疑の23歳男「アルコールは抜けていると...」,https://newsdig.tbs.co.jp/articles/-/2963080?display=1,https://news.ceek.jp/search.cgi?category_id=local&feed=1,ok,,地方・地域
2026-09-23,2026-09-23T17:28:01.659256+09:00,全国紙,全国,中日新聞,神戸市、委員発言を無断で修正 神出病院の患者虐待検証で,https://www.chunichi.co.jp/article/1315257,https://news.ceek.jp/search.cgi?category_id=local&feed=1,ok,,地方・地域
2026-09-23,2026-09-23T17:28:01.659256+09:00,その他メディア,,日本テレビ,つかんで、焼いて、拾って、食べて...「栗ご飯にして食べたい」会場は人、人、人!盛況!なかやま栗まつり,https://news.ntv.co.jp/category/society/rbb9d09260d922480c8115d12bb203aceb,https://news.ceek.jp/search.cgi?category_id=local&feed=1,ok,,地方・地域
2026-09-23,2026-09-23T17:28:01.659256+09:00,その他メディア,,日本テレビ,"【速報】「パスワードが思い出せない」相談を受けた知人女性の暗号資産約7300万円相当をだまし取った疑い 自称“占い師""の男を逮捕 兵庫県警加古川署",https://news.ntv.co.jp/category/society/yt30ea05f78deb4b6988a3f0d938614f10,https://news.ceek.jp/search.cgi?category_id=local&feed=1,ok,,地方・地域
2026-09-23,2026-09-23T17:28:01.659256+09:00,地方紙,広島,中国新聞,神戸市、委員発言を無断で修正,https://www.chugoku-np.co.jp/articles/-/898870,https://news.ceek.jp/search.cgi?category_id=local&feed=1,ok,,地方・地域
2026-09-23,2026-09-23T17:28:01.659256+09:00,地方紙,広島,中国新聞,競泳100mバタ光永が日本新で金,https://www.chugoku-np.co.jp/articles/-/898872,https://news.ceek.jp/search.cgi?category_id=local&feed=1,ok,,地方・地域
2026-09-23,2026-09-23T17:28:01.659256+09:00,その他メディア,,札幌テレビ,荷物を持って後ずさり...トラックの荷台から転落 男性作業員が頭を強く打ち搬送 北海道千歳市,https://www.stv.jp/news/stvnews/kiji/stca2d1e64edd04a6d81debef8464f5f53.html,https://news.ceek.jp/search.cgi?category_id=local&feed=1,ok,,地方・地域
2026-09-23,2026-09-23T17:28:01.659256+09:00,その他メディア,,山梨日日新聞,最高気温 10月上中旬並み、甲府24・0度,https://www.sannichi.co.jp/article/2026/09/23/80723718,https://news.ceek.jp/search.cgi?category_id=local&feed=1,ok,,地方・地域
2026-09-23,2026-09-23T17:28:01.659256+09:00,地方紙,宮城,河北新報,楽天イーグルスが辛島投手の引退発表 2013年日本一を経験した最後の現役,https://kahoku.news/articles/20260923khn000029.html,https://news.ceek.jp/search.cgi?category_id=local&feed=1,ok,,地方・地域
2026-09-23,2026-09-23T17:28:01.659256+09:00,その他メディア,,TOKYO HEADLINE,「第81回国連総会」高市首相が一般討論演説 エネ安保、拉致問題、自然災害、AIなどに言及,https://www.tokyoheadline.com/872467/,https://news.ceek.jp/search.cgi?category_id=local&feed=1,ok,,地方・地域
2026-09-23,2026-09-23T17:28:01.659256+09:00,その他メディア,,徳島新聞,早明浦ダムの貯水率は?長安口ダムは?【23日午後5時時点】,https://www.topics.or.jp/articles/-/1493207,https://news.ceek.jp/search.cgi?category_id=local&feed=1,ok,,地方・地域
2026-09-23,2026-09-23T17:28:01.659256+09:00,その他メディア,,東海テレビ,国歌取り違えは「全出場国のデータが同端末にあり民間事業者が誤って送出」アジア大会の組織委が釈明 再発防止策も発表,https://www.tokai-tv.com/tokainews/feature/article_20260923_48437,https://news.ceek.jp/search.cgi?category_id=local&feed=1,ok,,地方・地域
2026-09-23,2026-09-23T17:28:01.659256+09:00,その他メディア,,フジテレビ,【速報】徳島刑務所で食中毒 炊事工場に「営業停止処分」徳島保健所 ウエルシュ菌で下痢・腹痛...患者の受刑者ら全員回復に向かう,https://www.fnn.jp/articles/-/1119636,https://news.ceek.jp/search.cgi?category_id=local&feed=1,ok,,地方・地域
2026-09-23,2026-09-23T17:28:01.659256+09:00,その他メディア,,日本テレビ,徳島刑務所で「ウエルシュ菌食中毒」介護施設でも発生 県が注意よびかけ【徳島】,https://news.ntv.co.jp/category/society/jr4334283bafa849eaaf816a5c6a55fbec,https://news.ceek.jp/search.cgi?category_id=local&feed=1,ok,,地方・地域
2026-09-23,2026-09-23T17:28:01.659256+09:00,その他メディア,,日本テレビ,9月23日は「手話の日」 音楽と組み合わせたパフォーマンス【徳島】,https://news.ntv.co.jp/category/society/jr17a7412e3f42418192a28bdc5f1e5370,https://news.ceek.jp/search.cgi?category_id=local&feed=1,ok,,地方・地域
2026-09-23,2026-09-23T17:28:01.659256+09:00,全国紙,全国,中日新聞,印旛沼決壊、68年の管理後で初 水資源機構、水位が過去最高,https://www.chunichi.co.jp/article/1315248,https://news.ceek.jp/search.cgi?category_id=local&feed=1,ok,,地方・地域
2026-09-23,2026-09-23T17:28:01.659256+09:00,地方紙,福岡,西日本新聞,ソフトバンク、打線が連日の3発 10得点の大勝で西武と11.5...,https://www.nishinippon.co.jp/item/1541001/,https://news.ceek.jp/search.cgi?category_id=local&feed=1,ok,,地方・地域
2026-09-23,2026-09-23T17:28:01.659256+09:00,その他メディア,,TBSテレビ,「かわいい!」連休最終日の長野市の動物園にぎわう アイドル・レッサーパンダに二ホンアナグマの赤ちゃんも...,https://newsdig.tbs.co.jp/articles/-/2963053?display=1,https://news.ceek.jp/search.cgi?category_id=local&feed=1,ok,,地方・地域
2026-09-23,2026-09-23T17:28:01.659256+09:00,地方紙,広島,中国新聞,野党に消費減税関連法案協力要請,https://www.chugoku-np.co.jp/articles/-/898868,https://news.ceek.jp/search.cgi?category_id=local&feed=1,ok,,地方・地域
2026-09-23,2026-09-23T17:28:01.659256+09:00,その他メディア,,日本テレビ,「前見て!その一瞬が未来を奪う」 トラック協会が交通安全啓発のぼり【愛媛】,https://news.ntv.co.jp/category/society/rb0eb89dc132e44b02b20f4ee918d12a8d,https://news.ceek.jp/search.cgi?category_id=local&feed=1,ok,,地方・地域
2026-09-23,2026-09-23T17:28:01.659256+09:00,その他メディア,,山陰中央新聞,「音フェスin隠岐の島」9年ぶり開催 アーティスト11組熱演,https://www.sanin-chuo.co.jp/articles/-/1084684,https://news.ceek.jp/search.cgi?category_id=local&feed=1,ok,,地方・地域
2026-09-23,2026-09-23T17:28:01.659256+09:00,その他メディア,,日本テレビ,両親「ニコニコして明るい子」命を奪われた3歳の男の子 現場近くで取締り「飲酒運転は犯罪」 福岡,https://news.ntv.co.jp/category/society/fs7690fe19b04d466a8f3ee27034bef1d6,https://news.ceek.jp/search.cgi?category_id=local&feed=1,ok,,地方・地域
2026-09-23,2026-09-23T17:28:01.659256+09:00,地方紙,広島,中国新聞,【ジョイスポ】広島県内の地域スポーツ記録(9月23日更新分),https://www.chugoku-np.co.jp/articles/-/898859,https://news.ceek.jp/search.cgi?category_id=local&feed=1,ok,,地方・地域
2026-09-23,2026-09-23T17:28:01.659256+09:00,地方紙,広島,中国新聞,【劇団四季マンマ・ミーア!】手をすり抜けて 娘への愛情にじむバラード~エーゲ海の風 ABBAの世界➈,https://www.chugoku-np.co.jp/articles/-/893545,https://news.ceek.jp/search.cgi?category_id=local&feed=1,ok,,地方・地域
2026-09-23,2026-09-23T17:28:01.659256+09:00,その他メディア,,TBSテレビ,泣かずに頑張れたら横綱!「赤ちゃん相撲大会」で見えた子どもの成長(山形市),https://newsdig.tbs.co.jp/articles/-/2963032?display=1,https://news.ceek.jp/search.cgi?category_id=local&feed=1,ok,,地方・地域
2026-09-23,2026-09-23T17:28:01.659256+09:00,その他メディア,,福島民報,<速報>若元春7勝目 白熊7敗目 新十両丹治勝ち越し 大相撲秋場所11日目,https://www.minpo.jp/articles/-/233912,https://news.ceek.jp/search.cgi?category_id=local&feed=1,ok,,地方・地域
2026-09-23,2026-09-23T17:28:01.659256+09:00,その他メディア,,フジテレビ,ショベルカーの操縦体験など...大型物流施設の建設現場で親子向けの見学会 ブロックをモルタルで塗る左官体験も,https://www.fnn.jp/articles/-/1119635,https://news.ceek.jp/search.cgi?category_id=local&feed=1,ok,,地方・地域
2026-09-23,2026-09-23T17:28:01.659256+09:00,その他メディア,,テレビ和歌山,和歌山市で地域鉄道フォーラム開催,https://www.tv-wakayama.co.jp/news/detail.php?id=88765,https://news.ceek.jp/search.cgi?category_id=local&feed=1,ok,,地方・地域
2026-09-23,2026-09-23T17:28:01.659256+09:00,その他メディア,,札幌テレビ,乗用車とバイク2台が衝突 50代と20代の男性を搬送 片側1車線...事故原因を調べる 北海道当別町,https://www.stv.jp/news/stvnews/kiji/st8ac96bc549724e3baea0ba500fda9c2f.html,https://news.ceek.jp/search.cgi?category_id=local&feed=1,ok,,地方・地域
2026-09-23,2026-09-23T17:28:01.659256+09:00,地方紙,広島,中国新聞,お悔やみ申し上げます(9月23日),https://www.chugoku-np.co.jp/articles/-/898863,https://news.ceek.jp/search.cgi?category_id=local&feed=1,ok,,地方・地域
2026-09-23,2026-09-23T17:28:01.659256+09:00,地方紙,広島,中国新聞,印旛沼決壊、68年の管理後で初,https://www.chugoku-np.co.jp/articles/-/898866,https://news.ceek.jp/search.cgi?category_id=local&feed=1,ok,,地方・地域
2026-09-23,2026-09-23T17:28:01.659256+09:00,その他メディア,,TBSテレビ,ともに直進していた大型バイクと乗用車が交差点で出会い頭に衝突 バイク運転の成人男性が死亡 福岡県豊前市,https://newsdig.tbs.co.jp/articles/-/2963047?display=1,https://news.ceek.jp/search.cgi?category_id=local&feed=1,ok,,地方・地域
2026-09-23,2026-09-23T17:28:01.659256+09:00,その他メディア,,札幌テレビ,【解説】「墓じまい」増加中 10年前比で約6倍と過去最多 札幌市営霊園の返還区画数,https://www.stv.jp/news/stvnews/kiji/st1c3b4f92ca4f42039235c19c458ce96a.html,https://news.ceek.jp/search.cgi?category_id=local&feed=1,ok,,地方・地域
2026-09-23,2026-09-23T17:28:01.659256+09:00,その他メディア,,TBSテレビ,桜島が噴火 きょう23日は午後4時までに11回噴火,https://newsdig.tbs.co.jp/articles/-/2963040?display=1,https://news.ceek.jp/search.cgi?category_id=local&feed=1,ok,,地方・地域
2026-09-23,2026-09-23T17:28:01.659256+09:00,その他メディア,,東海テレビ,「油が燃えたり消えたりしている」と通報...飲食店街にある店で火事 関係者の60代男性1人がケガをして搬送,https://www.tokai-tv.com/tokainews/feature/article_20260923_48439,https://news.ceek.jp/search.cgi?category_id=local&feed=1,ok,,地方・地域
2026-09-23,2026-09-23T17:28:01.659256+09:00,その他メディア,,山梨日日新聞,中島氏に立候補要請へ、知事選で県政検証団体,https://www.sannichi.co.jp/article/2026/09/23/80723715,https://news.ceek.jp/search.cgi?category_id=local&feed=1,ok,,地方・地域
2026-09-23,2026-09-23T17:28:01.659256+09:00,その他メディア,,福島民報,【愛知・名古屋アジア大会】国分諒汰(福島市)が総合4位 eスポーツ「グランツーリスモ」,https://www.minpo.jp/articles/-/233911,https://news.ceek.jp/search.cgi?category_id=local&feed=1,ok,,地方・地域
2026-09-23,2026-09-23T17:28:01.659256+09:00,地方紙,広島,中国新聞,<写真集>9月23日巨人戦,https://www.chugoku-np.co.jp/articles/-/898753,https://news.ceek.jp/search.cgi?category_id=local&feed=1,ok,,地方・地域
2026-09-23,2026-09-23T17:28:01.659256+09:00,その他メディア,,愛媛新聞,新居浜の道場で技磨き日本一に 李さん・高橋さんペア、全国中学生少林寺拳法の女子組演武(愛媛),https://www.ehime-np.co.jp/article/news202609230160,https://news.ceek.jp/search.cgi?category_id=local&feed=1,ok,,地方・地域
2026-09-23,2026-09-23T17:28:01.659256+09:00,地方紙,長野,信濃毎日新聞,信州唱歌童謡コンクール会場で長野県の産品をPR 軽井沢町,https://www.shinmai.co.jp/news/article/gf01dapnrcu29c62qgiim1sg,https://news.ceek.jp/search.cgi?category_id=local&feed=1,ok,,地方・地域
2026-09-23,2026-09-23T17:28:01.659256+09:00,その他メディア,,TBSテレビ,プレジャーボートと漁船が衝突 海中に投げ出された50代くらいの男性死亡 ほかに不明者がいないか捜索中 北海道紋別市沖,https://newsdig.tbs.co.jp/articles/-/2963048?display=1,https://news.ceek.jp/search.cgi?category_id=local&feed=1,ok,,地方・地域
2026-09-23,2026-09-23T17:28:01.659256+09:00,その他メディア,,TBSテレビ,朝乃山が勝ち越し 金峰山を一気に土俵の外へ 8勝3敗で目標の2ケタ勝利が射程に 大相撲秋場所十一日目 富山,https://newsdig.tbs.co.jp/articles/-/2963042?display=1,https://news.ceek.jp/search.cgi?category_id=local&feed=1,ok,,地方・地域
2026-09-23,2026-09-23T17:28:01.659256+09:00,その他メディア,,TBSテレビ,400cc超の大型など2台のオートバイと反対車線の乗用車が衝突 ライダー2人を病院搬送、意識あり 片側1車線のカーブ 北海道当別町,https://newsdig.tbs.co.jp/articles/-/2963038?display=1,https://news.ceek.jp/search.cgi?category_id=local&feed=1,ok,,地方・地域
2026-09-23,2026-09-23T17:28:01.659256+09:00,その他メディア,,TBSテレビ,「終活」を通してこれからの人生をより良く! 人生のエンド設計・終活フェスタinこうち,https://newsdig.tbs.co.jp/articles/-/2962892?display=1,https://news.ceek.jp/search.cgi?category_id=local&feed=1,ok,,地方・地域
2026-09-23,2026-09-23T17:28:01.659256+09:00,その他メディア,,TBSテレビ,シルバーウィーク最終日もひろめ市場は大盛況!カツオのタタキなどを求め観光客で賑わう【高知】,https://newsdig.tbs.co.jp/articles/-/2962901?display=1,https://news.ceek.jp/search.cgi?category_id=local&feed=1,ok,,地方・地域
2026-09-23,2026-09-23T17:28:01.659256+09:00,その他メディア,,TBSテレビ,「複数の下痢症状を訴える方が出ている」ウェルシュ菌による食中毒...男女19人が腹痛や下痢などの症状 飲食店を営業停止処分 100°Cの加熱でも「芽胞」をつくり生き残るウェルシュ菌とは?,https://newsdig.tbs.co.jp/articles/-/2963041?display=1,https://news.ceek.jp/search.cgi?category_id=local&feed=1,ok,,地方・地域
2026-09-23,2026-09-23T17:28:01.659256+09:00,その他メディア,,宮崎日日新聞,最後の運動会 青空と笑顔の思い出 本年度末に閉校、諸塚村・荒谷小,https://www.the-miyanichi.co.jp/today/chiiki/1112663.html,https://news.ceek.jp/search.cgi?category_id=local&feed=1,ok,,地方・地域
2026-09-23,2026-09-23T17:28:01.659256+09:00,その他メディア,,山梨日日新聞,【速報中】VF甲府 天皇杯・鹿島と対戦,https://www.sannichi.co.jp/article/2026/09/23/80723714,https://news.ceek.jp/search.cgi?category_id=local&feed=1,ok,,地方・地域
2026-09-23,2026-09-23T17:28:01.659256+09:00,全国紙,全国,朝日新聞,シリア難民から考えるSDGs 記者が講演「誰にでも普通の未来を」,https://www.asahi.com/articles/ASV9R1CQDV9RPIHB003M.html,https://news.ceek.jp/search.cgi?category_id=local&feed=1,ok,,地方・地域
