date,collected_at,category,region,newspaper,headline,url,source_url,status,error_message,topic
2026-09-24,2026-09-24T08:14:46.896888+09:00,全国紙,全国,読売新聞,,,,skipped,robots.txtが一般クローラー/AI系UAを名指しで包括的にDisallow。2024年1月のToS改定で自動収集・生成AI学習目的の収集を明示的に禁止しているため、自動取得の対象外とする。,
2026-09-24,2026-09-24T08:14:46.896888+09:00,全国紙,全国,朝日新聞,あなたは本当に友達ですか 30億人が使うアプリに潜む、詐欺のワナ,http://www.asahi.com/articles/ASV9L143FV9LTIPE007M.html,https://www.asahi.com/rss/asahi/newsheadlines.rdf,ok,,社会
2026-09-24,2026-09-24T08:14:46.896888+09:00,全国紙,全国,朝日新聞,「配偶者」の定義変えた法人 多様な性学ぶ研修、当事者は問いかけた,http://www.asahi.com/articles/ASV9L3FNPV9LIIPE01CM.html,https://www.asahi.com/rss/asahi/newsheadlines.rdf,ok,,社会
2026-09-24,2026-09-24T08:14:46.896888+09:00,全国紙,全国,朝日新聞,4歳で行方不明、37年後の失踪宣告 「死亡日」記入で震えた手,http://www.asahi.com/articles/ASV9L22TWV9LUTIL02BM.html,https://www.asahi.com/rss/asahi/newsheadlines.rdf,ok,,社会
2026-09-24,2026-09-24T08:14:46.896888+09:00,全国紙,全国,朝日新聞,10年以上行方不明、10歳未満の子ども42人 事件・事故疑い6割,http://www.asahi.com/articles/ASV9L2F0YV9LUTIL01HM.html,https://www.asahi.com/rss/asahi/newsheadlines.rdf,ok,,社会
2026-09-24,2026-09-24T08:14:46.896888+09:00,全国紙,全国,朝日新聞,労組が変えた就業規則 「配偶者」の定義拡大 同性婚訴訟も後押し,http://www.asahi.com/articles/ASV9L3GMMV9LIIPE01BM.html,https://www.asahi.com/rss/asahi/newsheadlines.rdf,ok,,社会
2026-09-24,2026-09-24T08:14:46.896888+09:00,全国紙,全国,朝日新聞,全日空機が那覇空港に緊急着陸 エンジンの異常高温を検知,http://www.asahi.com/articles/ASV9R54WDV9RUTIL00GM.html,https://www.asahi.com/rss/asahi/newsheadlines.rdf,ok,,社会
2026-09-24,2026-09-24T08:14:46.896888+09:00,全国紙,全国,朝日新聞,新宿のビルで火災、4人負傷の情報 東京消防庁が消火活動,http://www.asahi.com/articles/ASV9R3V8MV9RUEFT00LM.html,https://www.asahi.com/rss/asahi/newsheadlines.rdf,ok,,社会
2026-09-24,2026-09-24T08:14:46.896888+09:00,全国紙,全国,朝日新聞,水没車両付近で発見の男性死亡、台風死者10人に 印旛沼周辺は浸水,http://www.asahi.com/articles/ASV9Q7T5FV9QULOB001M.html,https://www.asahi.com/rss/asahi/newsheadlines.rdf,ok,,社会
2026-09-24,2026-09-24T08:14:46.896888+09:00,全国紙,全国,朝日新聞,「死後再審」の無念、家族が訴え 狭山事件と日野町事件 神戸で講演,http://www.asahi.com/articles/ASV9R3DRXV9RPIHB004M.html,https://www.asahi.com/rss/asahi/newsheadlines.rdf,ok,,社会
2026-09-24,2026-09-24T08:14:46.896888+09:00,全国紙,全国,朝日新聞,山形・飛島の海岸に身元不明遺体 子どもか 酒田の不明男児と似た服,http://www.asahi.com/articles/ASV9R3PZMV9RUNHB00HM.html,https://www.asahi.com/rss/asahi/newsheadlines.rdf,ok,,社会
2026-09-24,2026-09-24T08:14:46.896888+09:00,全国紙,全国,朝日新聞,八百長などの不正操作対策「GSEI」始動 インターポールとも連携,http://www.asahi.com/articles/ASV9R12TWV9RUTQP021M.html,https://www.asahi.com/rss/asahi/newsheadlines.rdf,ok,,スポーツ
2026-09-24,2026-09-24T08:14:46.896888+09:00,全国紙,全国,朝日新聞,J1川崎・小林悠が現役引退へ 残り3カ月「絶対ゴールを見せたい」,http://www.asahi.com/articles/ASV9R3C31V9RUTQP01RM.html,https://www.asahi.com/rss/asahi/newsheadlines.rdf,ok,,スポーツ
2026-09-24,2026-09-24T08:14:46.896888+09:00,全国紙,全国,朝日新聞,警告3度で銀メダルの山西利和 まだ見ぬ五輪頂点へ「未練がある」,http://www.asahi.com/articles/ASV9R2656V9RUTQP00VM.html,https://www.asahi.com/rss/asahi/newsheadlines.rdf,ok,,スポーツ
2026-09-24,2026-09-24T08:14:46.896888+09:00,全国紙,全国,朝日新聞,佐々木朗希「どんな形であれ貢献」 志願の救援登板、指には接着剤,http://www.asahi.com/articles/ASV9R2JCMV9RUTQP01KM.html,https://www.asahi.com/rss/asahi/newsheadlines.rdf,ok,,スポーツ
2026-09-24,2026-09-24T08:14:46.896888+09:00,全国紙,全国,朝日新聞,アジア大会競歩、熱戦の裏に「タカ作戦」 カラスのフン害対策で,http://www.asahi.com/articles/ASV9R1R6VV9RUQIP040M.html,https://www.asahi.com/rss/asahi/newsheadlines.rdf,ok,,スポーツ
2026-09-24,2026-09-24T08:14:46.896888+09:00,全国紙,全国,朝日新聞,AIがAIを狂わせる サイバー被害責めるほど「攻撃者の思うつぼ」,http://www.asahi.com/articles/ASV9L33M4V9LULFA02SM.html,https://www.asahi.com/rss/asahi/newsheadlines.rdf,ok,,ビジネス
2026-09-24,2026-09-24T08:14:46.896888+09:00,全国紙,全国,朝日新聞,米中首脳会談、AI焦点 増す「暴走」懸念、安全確保へ歩み寄れるか,http://www.asahi.com/articles/ASV9Q2C65V9QUHBI00SM.html,https://www.asahi.com/rss/asahi/newsheadlines.rdf,ok,,ビジネス
2026-09-24,2026-09-24T08:14:46.896888+09:00,全国紙,全国,朝日新聞,エンジン車の脱炭素、マツダがアクセル バイオ燃料研究やCO2回収,http://www.asahi.com/articles/ASV9B1STFV9BULFA00BM.html,https://www.asahi.com/rss/asahi/newsheadlines.rdf,ok,,ビジネス
2026-09-24,2026-09-24T08:14:46.896888+09:00,全国紙,全国,朝日新聞,5億円動かす65歳元主婦の起業 新聞記者の夫が退職「私のターン」,http://www.asahi.com/articles/ASV9J1F80V9JULLI00PM.html,https://www.asahi.com/rss/asahi/newsheadlines.rdf,ok,,ビジネス
2026-09-24,2026-09-24T08:14:46.896888+09:00,全国紙,全国,朝日新聞,小田急ロマンスカーが走る教室に 不登校だった元運転士2人が企画,http://www.asahi.com/articles/ASV9Q31QBV9QULFA004M.html,https://www.asahi.com/rss/asahi/newsheadlines.rdf,ok,,ビジネス
2026-09-24,2026-09-24T08:14:46.896888+09:00,全国紙,全国,朝日新聞,「完全にみんな目が覚めた」 シャヘドで一変した迎撃ドローンの認識,http://www.asahi.com/articles/ASV9N54C8V9NUTFK020M.html,https://www.asahi.com/rss/asahi/newsheadlines.rdf,ok,,政治
2026-09-24,2026-09-24T08:14:46.896888+09:00,全国紙,全国,朝日新聞,高市首相、トルコ・エルドアン大統領と会談 防衛装備分野で協力確認,http://www.asahi.com/articles/ASV9R4QNMV9RUTFK00VM.html,https://www.asahi.com/rss/asahi/newsheadlines.rdf,ok,,政治
2026-09-24,2026-09-24T08:14:46.896888+09:00,全国紙,全国,朝日新聞,高市首相「国民に身近な法整備で結果を」 消費減税法案成立に意欲,http://www.asahi.com/articles/ASV9R2CZKV9RULFA003M.html,https://www.asahi.com/rss/asahi/newsheadlines.rdf,ok,,政治
2026-09-24,2026-09-24T08:14:46.896888+09:00,全国紙,全国,朝日新聞,高市首相が国連で初演説 米のICC制裁に言及せず「法の支配」強調,http://www.asahi.com/articles/ASV9Q5FH1V9QUQIP04HM.html,https://www.asahi.com/rss/asahi/newsheadlines.rdf,ok,,政治
2026-09-24,2026-09-24T08:14:46.896888+09:00,全国紙,全国,朝日新聞,変わる戦争の形態 無人機やAI 負の側面どう向き合う,http://www.asahi.com/articles/ASV9N7QXBV9NUTFK00HM.html,https://www.asahi.com/rss/asahi/newsheadlines.rdf,ok,,政治
2026-09-24,2026-09-24T08:14:46.896888+09:00,全国紙,全国,朝日新聞,習近平氏が米国到着、トランプ氏自ら出迎える異例の厚遇 歓迎式典も,http://www.asahi.com/articles/ASV9R72W4V9RUHBI02TM.html,https://www.asahi.com/rss/asahi/newsheadlines.rdf,ok,,国際
2026-09-24,2026-09-24T08:14:46.896888+09:00,全国紙,全国,朝日新聞,欧州で加速する原発回帰 脱原発40年のイタリア、新設へ法案成立,http://www.asahi.com/articles/ASV9H3JCVV9HUHBI00HM.html,https://www.asahi.com/rss/asahi/newsheadlines.rdf,ok,,国際
2026-09-24,2026-09-24T08:14:46.896888+09:00,全国紙,全国,朝日新聞,原発停止から40年、今も続く廃炉作業 元職員が語る再導入への条件,http://www.asahi.com/articles/ASV9H4Q36V9HUHBI006M.html,https://www.asahi.com/rss/asahi/newsheadlines.rdf,ok,,国際
2026-09-24,2026-09-24T08:14:46.896888+09:00,全国紙,全国,朝日新聞,「我々はテロの被害者」イラン大統領、国連総会で演説 米国は退席,http://www.asahi.com/articles/ASV9R677RV9RUHBI028M.html,https://www.asahi.com/rss/asahi/newsheadlines.rdf,ok,,国際
2026-09-24,2026-09-24T08:14:46.896888+09:00,全国紙,全国,朝日新聞,エチオピア北部で反政府勢力が空港制圧、和平合意が崩壊の恐れ,http://www.asahi.com/articles/ASV9R6D1JV9RUHBI01ZM.html,https://www.asahi.com/rss/asahi/newsheadlines.rdf,ok,,国際
2026-09-24,2026-09-24T08:14:46.896888+09:00,全国紙,全国,朝日新聞,更生めざす人の声を届け、社会の壁を突き破る FMラジオ番組の挑戦,http://www.asahi.com/articles/ASV9K4F9CV9KUTIL009M.html,https://www.asahi.com/rss/asahi/newsheadlines.rdf,ok,,社会
2026-09-24,2026-09-24T08:14:46.896888+09:00,全国紙,全国,朝日新聞,亡くなったあなたに支えられ 精神科医Tomyさんの「ぼちぼち」,http://www.asahi.com/articles/ASV9L2QHLV9LUCVL017M.html,https://www.asahi.com/rss/asahi/newsheadlines.rdf,ok,,文化芸能
2026-09-24,2026-09-24T08:14:46.896888+09:00,全国紙,全国,朝日新聞,職人の力を服に 注目ブランドがユナイテッドアローズと描く第2章,http://www.asahi.com/articles/ASV9J4HZRV9JUCVL02JM.html,https://www.asahi.com/rss/asahi/newsheadlines.rdf,ok,,文化芸能
2026-09-24,2026-09-24T08:14:46.896888+09:00,全国紙,全国,朝日新聞,「量子ビット」で暗黒物質を探索 宇宙の「ささやき」聴くセンサー,http://www.asahi.com/articles/ASV9P32NDV9PUTFL00QM.html,https://www.asahi.com/rss/asahi/newsheadlines.rdf,ok,,サイエンス
2026-09-24,2026-09-24T08:14:46.896888+09:00,全国紙,全国,朝日新聞,お寺で読経、心身の健康に効果あり 幸福感アップ、呼吸や嚥下機能も,http://www.asahi.com/articles/ASV9G0VYZV9GUTFL01LM.html,https://www.asahi.com/rss/asahi/newsheadlines.rdf,ok,,サイエンス
2026-09-24,2026-09-24T08:14:46.896888+09:00,全国紙,全国,朝日新聞,巨大噴火、諦める以外にないのか ガス抜いて制御する夢の構想も,http://www.asahi.com/articles/ASV983CFBV98UHMC006M.html,https://www.asahi.com/rss/asahi/newsheadlines.rdf,ok,,サイエンス
2026-09-24,2026-09-24T08:14:46.896888+09:00,全国紙,全国,朝日新聞,胎児性水俣病患者、金子雄二さんが死去 胎内の被害、立証のきっかけ,http://www.asahi.com/articles/ASV9P3HGXV9PTLVB004M.html,https://www.asahi.com/rss/asahi/newsheadlines.rdf,ok,,おくやみ
2026-09-24,2026-09-24T08:14:46.896888+09:00,全国紙,全国,朝日新聞,「中田カウス・ボタン」中田ボタンさん死去 正統派のしゃべくり漫才,http://www.asahi.com/articles/ASV9M34RGV9MUCVL015M.html,https://www.asahi.com/rss/asahi/newsheadlines.rdf,ok,,おくやみ
2026-09-24,2026-09-24T08:14:46.896888+09:00,全国紙,全国,朝日新聞,第259世天台座主の藤光賢さんが死去 94歳,http://www.asahi.com/articles/ASV9J2HK0V9JPLZB006M.html,https://www.asahi.com/rss/asahi/newsheadlines.rdf,ok,,おくやみ
2026-09-24,2026-09-24T08:14:46.896888+09:00,全国紙,全国,毎日新聞,ともに・共生社会へ:「認知症、家族と学んで」新薬開発支援EPSグループが動画配信,https://mainichi.jp/articles/20260916/k00/00m/040/037000c,https://mainichi.jp/rss/etc/mainichi-flash.rss,ok,,ニュース
2026-09-24,2026-09-24T08:14:46.896888+09:00,全国紙,全国,毎日新聞,教育のいま:学校の生徒指導、どうあるべきか 「自宅謹慎」巡りトラブルも,https://mainichi.jp/articles/20260923/k00/00m/310/055000c,https://mainichi.jp/rss/etc/mainichi-flash.rss,ok,,ニュース
2026-09-24,2026-09-24T08:14:46.896888+09:00,全国紙,全国,毎日新聞,football life:短期続投の森保J W杯後初戦の見どころは? サッカー日本代表,https://mainichi.jp/articles/20260923/k00/00m/050/090000c,https://mainichi.jp/rss/etc/mainichi-flash.rss,ok,,ニュース
2026-09-24,2026-09-24T08:14:46.896888+09:00,全国紙,全国,毎日新聞,「ここにいる」を30年つないで さっぽろレインボープライド開催,https://mainichi.jp/articles/20260922/k00/00m/310/113000c,https://mainichi.jp/rss/etc/mainichi-flash.rss,ok,,ニュース
2026-09-24,2026-09-24T08:14:46.896888+09:00,全国紙,全国,毎日新聞,習主席が米国到着 3年ぶり、24日にトランプ氏と首脳会談へ,https://mainichi.jp/articles/20260924/k00/00m/030/006000c,https://mainichi.jp/rss/etc/mainichi-flash.rss,ok,,ニュース
2026-09-24,2026-09-24T08:14:46.896888+09:00,全国紙,全国,毎日新聞,読む政治:「皇室の努力の否定に...」 国民の理解広がらぬ改正典範への警鐘,https://mainichi.jp/articles/20260919/k00/00m/010/150000c,https://mainichi.jp/rss/etc/mainichi-flash.rss,ok,,ニュース
2026-09-24,2026-09-24T08:14:46.896888+09:00,全国紙,全国,毎日新聞,2度孤立した能登の集落、「ふるさとへつながる道」から再生へ,https://mainichi.jp/articles/20260923/k00/00m/310/078000c,https://mainichi.jp/rss/etc/mainichi-flash.rss,ok,,ニュース
2026-09-24,2026-09-24T08:14:46.896888+09:00,全国紙,全国,毎日新聞,副首都に5道府県・6政令市が名乗り 毎日新聞35自治体調査,https://mainichi.jp/articles/20260922/k00/00m/010/006000c,https://mainichi.jp/rss/etc/mainichi-flash.rss,ok,,ニュース
2026-09-24,2026-09-24T08:14:46.896888+09:00,全国紙,全国,毎日新聞,全日空機、那覇空港に緊急着陸 エンジン異常 乗客は緊急脱出,https://mainichi.jp/articles/20260924/k00/00m/040/001000c,https://mainichi.jp/rss/etc/mainichi-flash.rss,ok,,ニュース
2026-09-24,2026-09-24T08:14:46.896888+09:00,全国紙,全国,毎日新聞,幼少期の栄養が寿命左右 「腹八分目」裏付け? 理研、ハエ研究,https://mainichi.jp/articles/20260921/k00/00m/040/114000c,https://mainichi.jp/rss/etc/mainichi-flash.rss,ok,,ニュース
2026-09-24,2026-09-24T08:14:46.896888+09:00,全国紙,全国,毎日新聞,新宿駅東口近くの繁華街でビル火災 4人負傷 消防車30台が出動,https://mainichi.jp/articles/20260923/k00/00m/040/149000c,https://mainichi.jp/rss/etc/mainichi-flash.rss,ok,,ニュース
2026-09-24,2026-09-24T08:14:46.896888+09:00,全国紙,全国,毎日新聞,エチオピア北部で空港制圧 反政府勢力が戦闘開始宣言,https://mainichi.jp/articles/20260923/k00/00m/030/146000c,https://mainichi.jp/rss/etc/mainichi-flash.rss,ok,,ニュース
2026-09-24,2026-09-24T08:14:46.896888+09:00,全国紙,全国,毎日新聞,大の里が「横綱キラー」圧倒 大観衆の度肝抜く 大相撲秋場所,https://mainichi.jp/articles/20260923/k00/00m/050/144000c,https://mainichi.jp/rss/etc/mainichi-flash.rss,ok,,ニュース
2026-09-24,2026-09-24T08:14:46.896888+09:00,全国紙,全国,毎日新聞,「AI、米中に依存しない協力枠組みを」 マクロン仏大統領が提唱,https://mainichi.jp/articles/20260923/k00/00m/030/143000c,https://mainichi.jp/rss/etc/mainichi-flash.rss,ok,,ニュース
2026-09-24,2026-09-24T08:14:46.896888+09:00,全国紙,全国,毎日新聞,収賄容疑で逮捕のJR貨物社員、業者側に要求か 社員教育を実施も,https://mainichi.jp/articles/20260923/k00/00m/040/142000c,https://mainichi.jp/rss/etc/mainichi-flash.rss,ok,,ニュース
2026-09-24,2026-09-24T08:14:46.896888+09:00,全国紙,全国,毎日新聞,JR貨物社員を収賄容疑で逮捕 同社OBらも贈賄容疑で逮捕,https://mainichi.jp/articles/20260923/k00/00m/040/141000c,https://mainichi.jp/rss/etc/mainichi-flash.rss,ok,,ニュース
2026-09-24,2026-09-24T08:14:46.896888+09:00,全国紙,全国,毎日新聞,高齢者福祉施設180人が一時孤立 解消後も続く停電と不安,https://mainichi.jp/articles/20260923/k00/00m/310/129000c,https://mainichi.jp/rss/etc/mainichi-flash.rss,ok,,ニュース
2026-09-24,2026-09-24T08:14:46.896888+09:00,全国紙,全国,毎日新聞,笑顔振りまく明るい人 土砂崩れで不明の女性死亡 神奈川・三浦,https://mainichi.jp/articles/20260923/k00/00m/040/133000c,https://mainichi.jp/rss/etc/mainichi-flash.rss,ok,,ニュース
2026-09-24,2026-09-24T08:14:46.896888+09:00,全国紙,全国,毎日新聞,台風25号 10人死亡4人行方不明 印旛沼決壊は管理開始後初,https://mainichi.jp/articles/20260923/k00/00m/040/134000c,https://mainichi.jp/rss/etc/mainichi-flash.rss,ok,,ニュース
2026-09-24,2026-09-24T08:14:46.896888+09:00,全国紙,全国,毎日新聞,「足の悪い母ちゃんをおぶって」 印旛沼決壊、周辺住民の緊迫,https://mainichi.jp/articles/20260923/k00/00m/310/131000c,https://mainichi.jp/rss/etc/mainichi-flash.rss,ok,,ニュース
2026-09-24,2026-09-24T08:14:46.896888+09:00,全国紙,全国,日本経済新聞,,,,skipped,公式無料RSSなし。著作権ページで自動収集を明確に禁止しているため、自動取得の対象外とする。,
2026-09-24,2026-09-24T08:14:46.896888+09:00,全国紙,全国,産経新聞,全53駅の3分の2で券売機を廃止 香川ローカル鉄道「琴電」が切符をデジタル化する狙い,https://www.sankei.com/article/20260924-TKEM2YU2SJKJNG2KOYT2WVJTRU/,https://www.sankei.com/,ok,,
2026-09-24,2026-09-24T08:14:46.896888+09:00,全国紙,全国,産経新聞,世界遺産認定 快挙生んだ考古学者の苦闘 百年にわたる魂の系譜...,https://www.sankei.com/article/20260815-QFGOV26NZFOPTOI5VG332AGYEA/?outputType=theme_election2026,https://www.sankei.com/,ok,,
2026-09-24,2026-09-24T08:14:46.896888+09:00,全国紙,全国,産経新聞,政府が外国と疑われる不審アカウント把握 高市首相「選挙への影...,https://www.sankei.com/article/20260318-U6PW4754BNE3XKFYBTQWPKM65A/?outputType=theme_election2026,https://www.sankei.com/,ok,,
2026-09-24,2026-09-24T08:14:46.896888+09:00,全国紙,全国,産経新聞,衆院選で国会議員の部屋割り一変 小沢、岡田、安住氏ら自民に明...,https://www.sankei.com/article/20260304-C5JCVB743FEVZMNEAU76GY4VNQ/?outputType=theme_election2026,https://www.sankei.com/,ok,,
2026-09-24,2026-09-24T08:14:46.896888+09:00,全国紙,全国,産経新聞,立正佼成会が衆院選で中道103人推薦 公明合流影響か 前回立...,https://www.sankei.com/article/20260303-EHLBLQ2BTRCSVGSJVFHI5TBX4U/?outputType=theme_election2026,https://www.sankei.com/,ok,,
2026-09-24,2026-09-24T08:14:46.896888+09:00,全国紙,全国,産経新聞,習近平氏がワシントン到着、トランプ氏が歓迎式典 米中閣僚は貿易「休戦」延長など再協議,https://www.sankei.com/article/20260924-UJBQ52SA2BKUTKZ52LYWOV3XVE/,https://www.sankei.com/,ok,,
2026-09-24,2026-09-24T08:14:46.896888+09:00,全国紙,全国,産経新聞,楽天モバイル、インフラ担う自覚足りぬ 強制解約措置は乱暴に過ぎる...撤回は当然<主張>,https://www.sankei.com/article/20260924-UCXLCNWZABPCPOUXBISR5ITX74/,https://www.sankei.com/,ok,,
2026-09-24,2026-09-24T08:14:46.896888+09:00,全国紙,全国,産経新聞,最強のネオジム磁石発明の佐川真人氏、マイトナー賞受賞の喜びとノーベル賞への自負を語る,https://www.sankei.com/article/20260924-G47GV6AFPRJ5ZJJHNEJXFIVT7E/,https://www.sankei.com/,ok,,
2026-09-24,2026-09-24T08:14:46.896888+09:00,全国紙,全国,産経新聞,イランの首都テヘランでUFOが飛行? 映像がSNSで話題も...米攻撃に不安広がる,https://www.sankei.com/article/20260924-TLXZXSKLUNIWZNZXNIYKAJGIBY/,https://www.sankei.com/,ok,,
2026-09-24,2026-09-24T08:14:46.896888+09:00,全国紙,全国,産経新聞,「悪意ある誤情報に屈しない」福岡市長選出馬表明の佐々木彩乃氏 悪質投稿に「法的措置」,https://www.sankei.com/article/20260923-TLSA6AKWYVCI5AF4CB2T5QWVPI/,https://www.sankei.com/,ok,,
2026-09-24,2026-09-24T08:14:46.896888+09:00,全国紙,全国,産経新聞,「国の責任と財源で対応を」 所得連動型給付で東京都に過大負担? 不透明な先行きを警戒,https://www.sankei.com/article/20260924-5MP47HWQDJJMXFAKXQXQNKUNRM/,https://www.sankei.com/,ok,,
2026-09-24,2026-09-24T08:14:46.896888+09:00,全国紙,全国,産経新聞,「いやだ」の奥にある本音に寄り添う 介護の現場で大切なこと <老後のリアル>,https://www.sankei.com/article/20260924-AZYLTD4DGRKDZKVARU3X34YYFM/,https://www.sankei.com/,ok,,
2026-09-24,2026-09-24T08:14:46.896888+09:00,全国紙,全国,産経新聞,全日空機、乗客ら158人緊急脱出 エンジントラブルで那覇着陸 シューターで、3人軽傷,https://www.sankei.com/article/20260924-527YSBTVOFLIPMY6WE4YVE4TU4/,https://www.sankei.com/,ok,,
2026-09-24,2026-09-24T08:14:46.896888+09:00,全国紙,全国,産経新聞,宿泊料金、週末は2~3倍に...腑に落ちない変動 背景に「インバウンド客で予約入る」,https://www.sankei.com/article/20260924-IHSYYMMCORPJZMQZWTZFJMLE6A/,https://www.sankei.com/,ok,,
2026-09-24,2026-09-24T08:14:46.896888+09:00,全国紙,全国,産経新聞,中国系の大規模詐欺拠点「8号パーク」カンボジア当局が摘発し公開「外に出ないでも生活」,https://www.sankei.com/article/20260924-M3TZRUZ6IBPXXE5TOX24CAEXLQ/,https://www.sankei.com/,ok,,
2026-09-24,2026-09-24T08:14:46.896888+09:00,全国紙,全国,産経新聞,「人を大切にすることが、持続可能な農業へ」俳優の小林涼子さん、労災保険の大切さ語る,https://www.sankei.com/article/20260907-I2LMMWOHRNB7BJ2X6CJVNZDDCQ/,https://www.sankei.com/,ok,,
2026-09-24,2026-09-24T08:14:46.896888+09:00,全国紙,全国,産経新聞,「『選ばれる建設会社』へのデジタル変革と若手育成・定着の人材戦略」10月20日(火)...,https://www.sankei.com/article/20260918-Q4TZFAWYCRGXDP6CSXLYBYQNEA/?outputType=theme_event,https://www.sankei.com/,ok,,
2026-09-24,2026-09-24T08:14:46.896888+09:00,全国紙,全国,産経新聞,ゼレンスキー氏「来年にもAIが戦況決める」,https://www.sankei.com/article/20260924-AYXK52DQ4ROJHARJOYRDMUHQWE/,https://www.sankei.com/,ok,,
2026-09-24,2026-09-24T08:14:46.896888+09:00,全国紙,全国,産経新聞,大東京 激狭戸建て買って 一文なし <朝の詩>,https://www.sankei.com/article/20261024-3X2WE6DQ3FHI5CZB7ZVFS6RYPA/,https://www.sankei.com/,ok,,
2026-09-24,2026-09-24T08:14:46.896888+09:00,全国紙,全国,産経新聞,台風26号が発生 フィリピンから勢力強め北西へ,https://www.sankei.com/article/20260923-XLCB7ISFTJM35K7IBKAZWFKDKA/,https://www.sankei.com/,ok,,
2026-09-24,2026-09-24T08:14:46.896888+09:00,全国紙,全国,東京新聞,「生きていたら23歳...」生活道路30キロ制限の出発点、川口・園児死傷事故遺族の願い,https://www.tokyo-np.co.jp/article/517227,https://www.tokyo-np.co.jp/,ok,,
2026-09-24,2026-09-24T08:14:46.896888+09:00,全国紙,全国,東京新聞,2026年のノーベル賞は? 3年連続で的中させた科学ライター・荒舩良孝さんに聞いた,https://www.tokyo-np.co.jp/article/516601,https://www.tokyo-np.co.jp/,ok,,
2026-09-24,2026-09-24T08:14:46.896888+09:00,全国紙,全国,東京新聞,気候変動と原発問題の根っこは同じ...格差と分断に抗う原子力資料情報室・川崎彩子さんの挑戦,https://www.tokyo-np.co.jp/article/517269,https://www.tokyo-np.co.jp/,ok,,
2026-09-24,2026-09-24T08:14:46.896888+09:00,全国紙,全国,東京新聞,外国人労働者のサポートは支援かビジネスか...競争激化する中、理想と現実のはざまで自問自答,https://www.tokyo-np.co.jp/article/515838,https://www.tokyo-np.co.jp/,ok,,
2026-09-24,2026-09-24T08:14:46.896888+09:00,全国紙,全国,東京新聞,タリバン復権5年...アフガニスタンで進む女性抑圧 「少女たちの心の叫び」を聞いて,https://www.tokyo-np.co.jp/article/517244,https://www.tokyo-np.co.jp/,ok,,
2026-09-24,2026-09-24T08:14:46.896888+09:00,全国紙,全国,東京新聞,大谷復帰、2番・指名打者 昨季覇者Bジェイズ、PO逃す,https://www.tokyo-np.co.jp/article/517342,https://www.tokyo-np.co.jp/,ok,,
2026-09-24,2026-09-24T08:14:46.896888+09:00,全国紙,全国,東京新聞,〈社説〉揺らぐ国際秩序を考える プーチン氏、誤算と固執,https://www.tokyo-np.co.jp/article/517350,https://www.tokyo-np.co.jp/,ok,,
2026-09-24,2026-09-24T08:14:46.896888+09:00,全国紙,全国,東京新聞,ノーベル賞歴代30人...出身高校に意外な共通点 地方の伝統校で育まれた、独創性と探究心,https://www.tokyo-np.co.jp/article/516600,https://www.tokyo-np.co.jp/,ok,,
2026-09-24,2026-09-24T08:14:46.896888+09:00,全国紙,全国,東京新聞,「水俣病は終わっていない」一人芝居「天の魚」10月2、3日上演...石牟礼道子さんが遺した義憤と愛,https://www.tokyo-np.co.jp/article/517260,https://www.tokyo-np.co.jp/,ok,,
2026-09-24,2026-09-24T08:14:46.896888+09:00,全国紙,全国,東京新聞,SNS全振りのネパール「ラッパー首相」 大規模土石流で試練...Z世代の支持を維持できるか,https://www.tokyo-np.co.jp/article/517200,https://www.tokyo-np.co.jp/,ok,,
2026-09-24,2026-09-24T08:14:46.896888+09:00,全国紙,全国,東京新聞,トランプ氏が習近平氏を自ら出迎えへ...手厚い「もてなし」に秘めた、首脳会談の行方は,https://www.tokyo-np.co.jp/article/517252,https://www.tokyo-np.co.jp/,ok,,
2026-09-24,2026-09-24T08:14:46.896888+09:00,全国紙,全国,東京新聞,JR内房線、姉ケ崎-木更津間が長期運休へ 土砂流入で復旧に3カ月...代行バスを検討,https://www.tokyo-np.co.jp/article/517249,https://www.tokyo-np.co.jp/,ok,,
2026-09-24,2026-09-24T08:14:46.896888+09:00,全国紙,全国,東京新聞,喜劇女優役を楽しんでます〈コラム 熱風涼風〉望海風斗,https://www.tokyo-np.co.jp/article/517344,https://www.tokyo-np.co.jp/,ok,,
2026-09-24,2026-09-24T08:14:46.896888+09:00,全国紙,全国,東京新聞,「AIが戦況決定」警告 和平急務とゼレンスキー大統領,https://www.tokyo-np.co.jp/article/517317,https://www.tokyo-np.co.jp/,ok,,
2026-09-24,2026-09-24T08:14:46.896888+09:00,全国紙,全国,東京新聞,森保一監督「恐怖心を抱くほどの圧力」警戒 W杯後初、24日ウルグアイ戦,https://www.tokyo-np.co.jp/article/517245,https://www.tokyo-np.co.jp/,ok,,
2026-09-24,2026-09-24T08:14:46.896888+09:00,全国紙,全国,東京新聞,なぜ妻の姓は「ソコロワ」で夫は「ソコロフ」? 話を聞いて分かった日本語にないルール,https://www.tokyo-np.co.jp/article/509286,https://www.tokyo-np.co.jp/,ok,,
2026-09-24,2026-09-24T08:14:46.896888+09:00,全国紙,全国,東京新聞,「スマホ農場」でバズは作られる...仕組みを語った代理人「だまされているのは見ている人たち」,https://www.tokyo-np.co.jp/article/516642,https://www.tokyo-np.co.jp/,ok,,tag_movie
2026-09-24,2026-09-24T08:14:46.896888+09:00,全国紙,全国,東京新聞,〈動画〉望月衣塑子記者が林芳正前総務相の講演を解説 自民党総裁選への意欲は,https://www.tokyo-np.co.jp/article/516353,https://www.tokyo-np.co.jp/,ok,,tag_movie
2026-09-24,2026-09-24T08:14:46.896888+09:00,全国紙,全国,東京新聞,〈動画〉望月衣塑子記者が解説 中道・小川淳也氏は涙こらえ...新代表に渡辺創氏が就任,https://www.tokyo-np.co.jp/article/516065,https://www.tokyo-np.co.jp/,ok,,tag_movie
2026-09-24,2026-09-24T08:14:46.896888+09:00,全国紙,全国,東京新聞,台風25号 大雨で各地に被害,https://www.tokyo-np.co.jp/article/517197,https://www.tokyo-np.co.jp/,ok,,square
2026-09-24,2026-09-24T08:14:46.896888+09:00,全国紙,全国,中日新聞,学生時代、一度は投げ出すも...走りもおしゃれも追究 陸上女子5000の山本有真選手に名城大の恩師らエール,https://www.chunichi.co.jp/article/1315421,https://www.chunichi.co.jp/,ok,,
2026-09-24,2026-09-24T08:14:46.896888+09:00,全国紙,全国,中日新聞,能登町が災害公営住宅2団地の計画撤回へ 宇出津地区の海岸沿い、地盤沈下による浸水恐れで,https://www.chunichi.co.jp/article/1315292,https://www.chunichi.co.jp/,ok,,
2026-09-24,2026-09-24T08:14:46.896888+09:00,全国紙,全国,中日新聞,給食センター移転先取得巡り愛知県大口町を住民提訴 増改築費用が新築上回る試算受け,https://www.chunichi.co.jp/article/1315294,https://www.chunichi.co.jp/,ok,,
2026-09-24,2026-09-24T08:14:46.896888+09:00,全国紙,全国,中日新聞,米中「ピンポン外交」から55年、立役者・荘則棟選手らのサインラケット発見 名古屋市開催の世界卓球選手権大会が舞台,https://www.chunichi.co.jp/article/1315253,https://www.chunichi.co.jp/,ok,,
2026-09-24,2026-09-24T08:14:46.896888+09:00,全国紙,全国,中日新聞,「成瀬フィーバー」が冷めない、舞台も聖地巡礼もアツい 地元・大津市も観光客増に期待,https://www.chunichi.co.jp/article/1315361,https://www.chunichi.co.jp/,ok,,
2026-09-24,2026-09-24T08:14:46.896888+09:00,全国紙,全国,中日新聞,お墓参りに行きたいけれど体力が...そんな供養の負担を減らすための取り組みが名古屋に,https://www.chunichi.co.jp/article/1315373,https://www.chunichi.co.jp/,ok,,
2026-09-24,2026-09-24T08:14:46.896888+09:00,全国紙,全国,中日新聞,アジア大会総合馬術、団体で日本が銀メダル 個人では大岩義明選手が銅メダル,https://www.chunichi.co.jp/article/1315169,https://www.chunichi.co.jp/,ok,,
2026-09-24,2026-09-24T08:14:46.896888+09:00,全国紙,全国,中日新聞,酵母が有害なアルコールを自ら作りながらも生き続けるワケは 岐阜大学の研究グループが解明,https://www.chunichi.co.jp/article/1315374,https://www.chunichi.co.jp/,ok,,
2026-09-24,2026-09-24T08:14:46.896888+09:00,全国紙,全国,中日新聞,体操女子団体で日本が銀 愛知・名古屋アジア大会,https://www.chunichi.co.jp/article/1315340,https://www.chunichi.co.jp/,ok,,
2026-09-24,2026-09-24T08:14:46.896888+09:00,全国紙,全国,中日新聞,滋賀県守山市でエミュー脱走、約2時間後に捕獲 飼い主の男性「懐いていたから、追いかけてきたのかも」,https://www.chunichi.co.jp/article/1315271,https://www.chunichi.co.jp/,ok,,
2026-09-24,2026-09-24T08:14:46.896888+09:00,全国紙,全国,中日新聞,中日、異例の早期補強... 左の長距離砲ウォード、「譲渡の契約は済みました」と朝田球団本部長 細川&サノーと強力クリーンアップで来季逆襲へ,https://www.chunichi.co.jp/article/1315428,https://www.chunichi.co.jp/,ok,,
2026-09-24,2026-09-24T08:14:46.896888+09:00,全国紙,全国,中日新聞,読者が選ぶ中日グッとコラム2026上半期 投票で選ばれたのは?,https://www.chunichi.co.jp/article/1302583,https://www.chunichi.co.jp/,ok,,
2026-09-24,2026-09-24T08:14:46.896888+09:00,全国紙,全国,中日新聞,「移民ビジネス」外国人の受け入れを巡る現実と課題,https://www.chunichi.co.jp/article/1233264,https://www.chunichi.co.jp/,ok,,
2026-09-24,2026-09-24T08:14:46.896888+09:00,全国紙,全国,中日新聞,【南山大&中日新聞ポッドキャスト企画】アメリカを考える~独立宣言から250年の大変動,https://www.chunichi.co.jp/article/1270383,https://www.chunichi.co.jp/,ok,,
2026-09-24,2026-09-24T08:14:46.896888+09:00,全国紙,全国,中日新聞,【第1部・外国人団地】共生を目指す外国人労働者の姿を描く,https://www.chunichi.co.jp/article/1237076,https://www.chunichi.co.jp/,ok,,
2026-09-24,2026-09-24T08:14:46.896888+09:00,全国紙,全国,中日新聞,【デジタル地図】南海トラフ巨大地震の想定震度マップ。あなたの地域の想定震度をチェック,https://www.chunichi.co.jp/article/1046009,https://www.chunichi.co.jp/,ok,,
2026-09-24,2026-09-24T08:14:46.896888+09:00,全国紙,全国,中日新聞,【動画】アジア大会「メダリストセレブレーション」名古屋・栄の久屋大通公園で初開催 来場者とハイタッチや写真撮影,https://www.chunichi.co.jp/article/1314477,https://www.chunichi.co.jp/,ok,,video
2026-09-24,2026-09-24T08:14:46.896888+09:00,全国紙,全国,中日新聞,【動画】選手や市民らの交拠拠点「ONE ASIA WORLD」開設 バレー元日本代表の木村沙織さんらが登場,https://www.chunichi.co.jp/article/1313494,https://www.chunichi.co.jp/,ok,,video
2026-09-24,2026-09-24T08:14:46.896888+09:00,全国紙,全国,中日新聞,【動画・写真多数】愛知県上空にブルーインパルス、アジア大会開幕を祝福 にぎわい始めた名古屋の街,https://www.chunichi.co.jp/article/1313490,https://www.chunichi.co.jp/,ok,,video
2026-09-24,2026-09-24T08:14:46.896888+09:00,全国紙,全国,中日新聞,ごんぎつねに思いはせ 矢勝川堤防のヒガンバナ、今週末には見ごろに,https://www.chunichi.co.jp/article/1315288,https://www.chunichi.co.jp/,ok,,tag_photo
2026-09-24,2026-09-24T08:14:46.896888+09:00,地方紙,北海道,北海道新聞,,,,skipped,公式RSSはあるが、見出し・本文の公開(再配信)を認めない旨の規約があるため自動取得の対象外とする。,
2026-09-24,2026-09-24T08:14:46.896888+09:00,地方紙,宮城,河北新報,,,,skipped,robots.txtが/rss/をDisallowしておりRSS購読不可。私的利用限定・二次利用禁止の規約があるため自動取得の対象外とする。,
2026-09-24,2026-09-24T08:14:46.896888+09:00,地方紙,新潟,新潟日報,,,,skipped,利用規約でデータマイニング・テキストマイニング・AI学習目的の情報処理・解析利用を明示的に禁止しているため自動取得の対象外とする。,
2026-09-24,2026-09-24T08:14:46.896888+09:00,地方紙,長野,信濃毎日新聞,清泉大が農学部、信州大が文理融合の新学環を設置へ 長野県でも進む学部新設や再編の背景09/24 06:05県内の大学に2027年4月、理系学部と文理融合の新組織が相次いで開設される。清泉大(本部・長野市)は農学部を、信州大(本部・松本市)は文系理系を問わず幅広く学べる学部相当の新組織「サステナブル社会協創学環」を設置する。国は高齢者人口がピークとなる2040年に向け、理系人材の育成や文理融合型の学部設置をはじめとする高等...,https://www.shinmai.co.jp/news/article/gf01dap93gfscpf4olnki1g0,https://www.shinmai.co.jp/,ok,,
2026-09-24,2026-09-24T08:14:46.896888+09:00,地方紙,長野,信濃毎日新聞,長野県にいないと言われていたが...トウホクサンショウウオ、飯山市と栄村で初確認09/24 06:04,https://www.shinmai.co.jp/news/article/gf01dapt5ru29c62qgiinbtg,https://www.shinmai.co.jp/,ok,,
2026-09-24,2026-09-24T08:14:46.896888+09:00,地方紙,長野,信濃毎日新聞,県歌「信濃の国」に募集した歌詞、受賞作の歌声が響く 軽井沢町 【信濃の国を歌う動画付き】09/24 06:04,https://www.shinmai.co.jp/news/article/gf01dapsi97scpf4olnkkolg,https://www.shinmai.co.jp/,ok,,
2026-09-24,2026-09-24T08:14:46.896888+09:00,地方紙,長野,信濃毎日新聞,飯田市の遺跡から古墳時代後期の”大壁建物”跡 渡来文化の影響を考える「興味深い」発見09/24 06:03,https://www.shinmai.co.jp/news/article/gf01dap90lu29c62qgiikfog,https://www.shinmai.co.jp/,ok,,
2026-09-24,2026-09-24T08:14:46.896888+09:00,地方紙,長野,信濃毎日新聞,6年かけて伸ばした髪80センチをカット 長野市で開業の美容室、訪れた同級生の思いに応える09/24 06:02,https://www.shinmai.co.jp/news/article/gf01daprd7e29c62qgiin010,https://www.shinmai.co.jp/,ok,,
2026-09-24,2026-09-24T08:14:46.896888+09:00,地方紙,長野,信濃毎日新聞,生活の困窮や孤立...過去を共有した28歳の2人 伊那市で語り合った先に見えた希望09/24 06:01,https://www.shinmai.co.jp/news/article/gf01daplqjm29c62qgiiljn0,https://www.shinmai.co.jp/,ok,,
2026-09-24,2026-09-24T08:14:46.896888+09:00,地方紙,長野,信濃毎日新聞,2おくやみ(9月24日付),https://www.shinmai.co.jp/news/article/gf01dapqjt629c62qgiimq00,https://www.shinmai.co.jp/,ok,,
2026-09-24,2026-09-24T08:14:46.896888+09:00,地方紙,長野,信濃毎日新聞,3おくやみ(9月23日付),https://www.shinmai.co.jp/news/article/gf01dap4mivscpf4olnkh52g,https://www.shinmai.co.jp/,ok,,
2026-09-24,2026-09-24T08:14:46.896888+09:00,地方紙,長野,信濃毎日新聞,5ごみ集積所「ただ乗り」に渦巻く不満 長野県内で自治会存続すら左右しかねない事態,https://www.shinmai.co.jp/news/article/gf01dap4tme29c62qgiijnn0,https://www.shinmai.co.jp/,ok,,
2026-09-24,2026-09-24T08:14:46.896888+09:00,地方紙,長野,信濃毎日新聞,6中野市の店舗駐車場、軽乗用車が4台に衝突 アクセルとブレーキ踏み間違えか,https://www.shinmai.co.jp/news/article/gf01dapqbcnscpf4olnkk92g,https://www.shinmai.co.jp/,ok,,
2026-09-24,2026-09-24T08:14:46.896888+09:00,地方紙,長野,信濃毎日新聞,9松本市のコンビニ、トイレ内の汚物入れ焼ける,https://www.shinmai.co.jp/news/article/gf01dapqque29c62qgiimrlg,https://www.shinmai.co.jp/,ok,,
2026-09-24,2026-09-24T08:14:46.896888+09:00,地方紙,長野,信濃毎日新聞,10おくやみ(9月22日付),https://www.shinmai.co.jp/news/article/gf01daofqg7scpf4olnkevh0,https://www.shinmai.co.jp/,ok,,
2026-09-24,2026-09-24T08:14:46.896888+09:00,地方紙,長野,信濃毎日新聞,県歌「信濃の国」の冒頭にあるように、長野県は旧国名では十州、現在は8県に接しています。その境目には厳しい山岳や谷があり、古来、物や文化が行き交う道があり、躍動する人たちがいます。大型写真連載「信州縁撮(ふちど)り」は、写真記者が県境付近の地域を歩き、その“今”を切り取ります。信州を魅力あるものにしている自然や歴史、人々の営みにカメラを向けます。,https://www.shinmai.co.jp/news/article/gf01dah1jmlttbkcu3krfl40,https://www.shinmai.co.jp/,ok,,
2026-09-24,2026-09-24T08:14:46.896888+09:00,地方紙,長野,信濃毎日新聞,日本最南端の島で思う沖縄が抱え続ける不条理長野県社会ウェブオリジナルイブニング信毎「戦後」を次代へコラム「硬面軟面」09/24 06:05,https://www.shinmai.co.jp/news/article/gf01dapl4mm29c62qgiilgj0,https://www.shinmai.co.jp/,ok,,
2026-09-24,2026-09-24T08:14:46.896888+09:00,地方紙,長野,信濃毎日新聞,なぜなの?ナニが問題なの? 「安保3文書」信毎記者が詳しく解説長野県主要政治ウェブオリジナル09/23 06:01,https://www.shinmai.co.jp/news/article/SHEX2026091100004830,https://www.shinmai.co.jp/,ok,,
2026-09-24,2026-09-24T08:14:46.896888+09:00,地方紙,長野,信濃毎日新聞,【4コマ】フルーツ王国でぶどう迷子【ここがわからんばい!信州】長野県主要くらし・話題イブニング信毎ウェブオリジナルここがわからんばい!信州09/22 11:30,https://www.shinmai.co.jp/news/article/gf01dao98du29c62qgiig7og,https://www.shinmai.co.jp/,ok,,
2026-09-24,2026-09-24T08:14:46.896888+09:00,地方紙,長野,信濃毎日新聞,白馬村出身のゲームクリエーターZUNさん手がける「東方Project」初期の原作 家庭用ゲーム機に初登場、国内外で反響長野県文化・芸能エンタメウェブオリジナル白馬村09/21 13:00,https://www.shinmai.co.jp/news/article/gf01dan5hs629c62qgiic000,https://www.shinmai.co.jp/,ok,,
2026-09-24,2026-09-24T08:14:46.896888+09:00,地方紙,長野,信濃毎日新聞,母からの1万円「本を買ってきて」 大人になった娘に毎月頼む理由は長野県主要くらし・話題ウェブオリジナルイブニング信毎朝日新聞コラボ「いつも、どこかで」09/18 17:00,https://www.shinmai.co.jp/news/article/gf01dajm8gm29c62qgihnbt0,https://www.shinmai.co.jp/,ok,,
2026-09-24,2026-09-24T08:14:46.896888+09:00,地方紙,長野,信濃毎日新聞,センバツ見据えた戦いへ、新チームはどんなメンバー?長野県大会の24校紹介【秋の北信越高校野球】長野県スポーツウェブオリジナル高校野球09/18 17:00,https://www.shinmai.co.jp/news/article/gf01damaa5629c62qgii6nq0,https://www.shinmai.co.jp/,ok,,
2026-09-24,2026-09-24T08:14:46.896888+09:00,地方紙,長野,信濃毎日新聞,【マンガ】長野県は秋も花火! 県民が絶対共感する「打ち上げ花火あるある」長野県くらし・話題ウェブオリジナルちゅ~も09/18 15:47,https://www.shinmai.co.jp/news/article/gf01dafpo6lttbkcu3kr8ndg,https://www.shinmai.co.jp/,ok,,
2026-09-24,2026-09-24T08:14:46.896888+09:00,地方紙,静岡,静岡新聞,,,https://www.at-s.com/,error,405 Client Error: Not Allowed for url: https://www.at-s.com/,
2026-09-24,2026-09-24T08:14:46.896888+09:00,地方紙,京都,京都新聞,人事異動ポータル,https://www.kyoto-np.co.jp/articles/-/1250583,https://www.kyoto-np.co.jp/,ok,,
2026-09-24,2026-09-24T08:14:46.896888+09:00,地方紙,京都,京都新聞,速報大谷は「2番・指名打者」,https://www.kyoto-np.co.jp/articles/-/1795874,https://www.kyoto-np.co.jp/,ok,,
2026-09-24,2026-09-24T08:14:46.896888+09:00,地方紙,京都,京都新聞,京都や大阪で起きた「匿流事件」その生々しい手口に迫る 獄中の「実行役」が記者に語った犯行の実相4:55京都京都や大阪で発生した匿名・流動型犯罪グループ(匿流)によるとみられる空き巣や強盗予備事件で、実行役で有罪判決を受けた男が京都新聞社の取材に...,https://www.kyoto-np.co.jp/articles/-/1795613,https://www.kyoto-np.co.jp/,ok,,
2026-09-24,2026-09-24T08:14:46.896888+09:00,地方紙,京都,京都新聞,今年の京都市、猛暑日と熱帯夜は何日あった? 「今年の暑さは少しマシ」と思いきや、記録的な数字に5:05市内暑さ寒さも彼岸まで-。毎年、猛暑に苦しめられる京都市も、朝の気温が20度を下回るようになり、市街地郊外ではヒガンバナが咲き始めた。昨年は最...,https://www.kyoto-np.co.jp/articles/-/1795534,https://www.kyoto-np.co.jp/,ok,,
2026-09-24,2026-09-24T08:14:46.896888+09:00,地方紙,京都,京都新聞,大阪「ズブズブ湿地帯」が巨大モールと高級住宅街の「一番人気エリア」に変貌 昔は家に船、今はベンツ4:50地域かつて人があまり住まないような湿地帯だったと言っても、今や信じる人は少ないかもしれない。大阪府内の駅に降り立つと、巨大なショッピングモール...,https://www.kyoto-np.co.jp/articles/-/1778216,https://www.kyoto-np.co.jp/,ok,,
2026-09-24,2026-09-24T08:14:46.896888+09:00,地方紙,京都,京都新聞,京都市右京区の男性は「御嶽山」信仰する教団の幹部 戦後最悪の火山被害「慰霊するしかない」5:00市内58人が死亡し、5人が行方不明となった戦後最悪の火山被害・御嶽山(長野県・岐阜県境、3067メートル)の噴火から27日で12年がたつ。登山...,https://www.kyoto-np.co.jp/articles/-/1795599,https://www.kyoto-np.co.jp/,ok,,
2026-09-24,2026-09-24T08:14:46.896888+09:00,地方紙,京都,京都新聞,大津市で400年続く「老舗そば店」は手打ちにこだわり この道40年の店主「後世に残したい」5:20地域香ばしい匂いと白いそば粉が舞う店内に、コンコンコンと一定のリズムを響かせる。生地を均一に細く切り分ける作業は、繊細さが求められる。そばは、...,https://www.kyoto-np.co.jp/articles/-/1788215,https://www.kyoto-np.co.jp/,ok,,
2026-09-24,2026-09-24T08:14:46.896888+09:00,地方紙,京都,京都新聞,【Bリーグ】京都ハンナリーズと滋賀レイクスが開幕戦で激突 勝敗分けるポイントは5:35京都バスケットボールBリーグプレミア(1部)の京都ハンナリーズは25日と27日、にっしんでんきアリーナ京都で滋賀レイクスを迎え、「京滋ダービー...,https://www.kyoto-np.co.jp/articles/-/1795697,https://www.kyoto-np.co.jp/,ok,,
2026-09-24,2026-09-24T08:14:46.896888+09:00,地方紙,京都,京都新聞,大阪中心部の有名インテリア小売店が近く「閉店」へ 大型商業施設で展開、閉店で西日本の店舗ゼロに5:35地域インテリアを扱う大阪市北区の小売店が今月...,https://www.kyoto-np.co.jp/articles/-/1792034,https://www.kyoto-np.co.jp/,ok,,
2026-09-24,2026-09-24T08:14:46.896888+09:00,地方紙,京都,京都新聞,滋賀県、生成AI普及あおりでタッチセンサー企業が破産手続き開始決定 大手自動車メーカーに出荷も9月23日地域,https://www.kyoto-np.co.jp/articles/-/1793381,https://www.kyoto-np.co.jp/,ok,,
2026-09-24,2026-09-24T08:14:46.896888+09:00,地方紙,京都,京都新聞,京都発ラーメンチェーンが「国内300店舗態勢」向け反転攻勢へ 関東への出店強化、海外開拓にも注力9月23日地域,https://www.kyoto-np.co.jp/articles/-/1793187,https://www.kyoto-np.co.jp/,ok,,
2026-09-24,2026-09-24T08:14:46.896888+09:00,地方紙,京都,京都新聞,北陸新幹線「京都には大切な寺や水、無理に通す必要あるのか」 400年以上続く茶道家元の懸念とは9月23日市内,https://www.kyoto-np.co.jp/articles/-/1795236,https://www.kyoto-np.co.jp/,ok,,
2026-09-24,2026-09-24T08:14:46.896888+09:00,地方紙,京都,京都新聞,北陸新幹線「桂川ルート」にも、多数の文化財や信仰に関わる井戸・名水 専門家「しっかり調査を」9月23日地域,https://www.kyoto-np.co.jp/articles/-/1795198,https://www.kyoto-np.co.jp/,ok,,
2026-09-24,2026-09-24T08:14:46.896888+09:00,地方紙,京都,京都新聞,ミシュラン店や「最高級肉」ステーキ店が京都市北区のローカル商店街に出店はなぜ 「どうしてもここで」9月22日市内,https://www.kyoto-np.co.jp/articles/-/1782779,https://www.kyoto-np.co.jp/,ok,,
2026-09-24,2026-09-24T08:14:46.896888+09:00,地方紙,京都,京都新聞,救急車の「ピーポー」ルーツは京都府南部に? 「こんな音では悪なるで」東京消防庁も注目した「開発秘話」9月22日地域,https://www.kyoto-np.co.jp/articles/-/1790548,https://www.kyoto-np.co.jp/,ok,,
2026-09-24,2026-09-24T08:14:46.896888+09:00,地方紙,京都,京都新聞,京都府北部にあった「古代の製鉄コンビナート」 製鉄の展開に大きな影響を与えたのか9月21日地域,https://www.kyoto-np.co.jp/articles/-/1791053,https://www.kyoto-np.co.jp/,ok,,
2026-09-24,2026-09-24T08:14:46.896888+09:00,地方紙,京都,京都新聞,京都女子大学の「就職先ランキング」トップ10は 4つの業種が上位独占、圏外に去る企業も9月21日市内,https://www.kyoto-np.co.jp/articles/-/1794164,https://www.kyoto-np.co.jp/,ok,,
2026-09-24,2026-09-24T08:14:46.896888+09:00,地方紙,京都,京都新聞,京都市出身バレー高橋藍「スパイク通用するか試したい」 10月から海外へ「京都の思い背負って戦う」9月21日市内,https://www.kyoto-np.co.jp/articles/-/1794340,https://www.kyoto-np.co.jp/,ok,,
2026-09-24,2026-09-24T08:14:46.896888+09:00,地方紙,京都,京都新聞,京都信用金庫はなぜ思い切った戦略を取ったのか? 窓口は午前中のみ、午後は若手料理人にNISA提案9月19日市内,https://www.kyoto-np.co.jp/articles/-/1793394,https://www.kyoto-np.co.jp/,ok,,
2026-09-24,2026-09-24T08:14:46.896888+09:00,地方紙,京都,京都新聞,愛知・名古屋アジア大会2026全国・海外,https://www.kyoto-np.co.jp/articles/-/1789057,https://www.kyoto-np.co.jp/,ok,,
2026-09-24,2026-09-24T08:14:46.896888+09:00,地方紙,兵庫,神戸新聞,モネの「睡蓮」、100年の流転描く 神戸ゆかり「松方コレクション」秘話を映画化 川重130周年記念,https://www.kobe-np.co.jp/news/culture/202609/0020851724.shtml,https://www.kobe-np.co.jp/,ok,,
2026-09-24,2026-09-24T08:14:46.896888+09:00,地方紙,兵庫,神戸新聞,水道メーター、5カ月で381個盗まれる 兵庫県内,https://www.kobe-np.co.jp/news/society/202609/0020851592.shtml,https://www.kobe-np.co.jp/,ok,,
2026-09-24,2026-09-24T08:14:46.896888+09:00,地方紙,兵庫,神戸新聞,マンション一室でモンステラ開花 育てて19年、高180センチに,https://www.kobe-np.co.jp/news/kobe/202609/0020852392.shtml,https://www.kobe-np.co.jp/,ok,,
2026-09-24,2026-09-24T08:14:46.896888+09:00,地方紙,兵庫,神戸新聞,SPレコード譲ります 西宮のコレクターの遺品3千枚,https://www.kobe-np.co.jp/news/hanshin/202609/0020852397.shtml,https://www.kobe-np.co.jp/,ok,,
2026-09-24,2026-09-24T08:14:46.896888+09:00,地方紙,兵庫,神戸新聞,詐欺の手口、寸劇で解説 大学生らの団体、姫路で高齢者へ講座,https://www.kobe-np.co.jp/news/himeji/202609/0020852291.shtml,https://www.kobe-np.co.jp/,ok,,
2026-09-24,2026-09-24T08:14:46.896888+09:00,地方紙,兵庫,神戸新聞,ヴィッセル神戸辛勝、エリキが決勝弾 天皇杯,https://www.kobe-np.co.jp/news/sports/202609/0020853180.shtml,https://www.kobe-np.co.jp/,ok,,
2026-09-24,2026-09-24T08:14:46.896888+09:00,地方紙,兵庫,神戸新聞,柏原城下町でコスプレ撮影を 10月18日「織田まつり」に合わせ開催,https://www.kobe-np.co.jp/news/tanba/202609/0020852336.shtml,https://www.kobe-np.co.jp/,ok,,
2026-09-24,2026-09-24T08:14:46.896888+09:00,地方紙,兵庫,神戸新聞,陸上男子200m・水久保 科学的アプローチで頂狙う アジア大会,https://www.kobe-np.co.jp/news/sports/202609/0020853177.shtml,https://www.kobe-np.co.jp/,ok,,
2026-09-24,2026-09-24T08:14:46.896888+09:00,地方紙,兵庫,神戸新聞,弥生中期、土器の個性見比べて 30遺跡の251点展示,https://www.kobe-np.co.jp/news/touban/202609/0020852270.shtml,https://www.kobe-np.co.jp/,ok,,
2026-09-24,2026-09-24T08:14:46.896888+09:00,地方紙,兵庫,神戸新聞,<言わずに死ねるか 聞き書き日本映画監督列伝>(12)山賀博之監督,https://www.kobe-np.co.jp/news/culture/202609/0020852625.shtml,https://www.kobe-np.co.jp/,ok,,
2026-09-24,2026-09-24T08:14:46.896888+09:00,地方紙,兵庫,神戸新聞,<明石で、本を編む。ライツ社10年の挑戦>(4)拠点のまちで,https://www.kobe-np.co.jp/news/akashi/202609/0020853094.shtml,https://www.kobe-np.co.jp/,ok,,
2026-09-24,2026-09-24T08:14:46.896888+09:00,地方紙,兵庫,神戸新聞,加西市、産業団地に進出の企業募る 加西IC東側に28年度完成,https://www.kobe-np.co.jp/news/hokuban/202609/0020852355.shtml,https://www.kobe-np.co.jp/,ok,,
2026-09-24,2026-09-24T08:14:46.896888+09:00,地方紙,兵庫,神戸新聞,<県政リアル 知事就任5年>(6)距離感 離れた大阪、県内首長も模索,https://www.kobe-np.co.jp/news/society/202608/0020681985.shtml,https://www.kobe-np.co.jp/,ok,,
2026-09-24,2026-09-24T08:14:46.896888+09:00,地方紙,兵庫,神戸新聞,沖縄知事選、荒れるSNS 動画、Xの大半が県外発 AI悪用し中傷拡散 兵庫知事選と重なる投稿者も,https://www.kobe-np.co.jp/news/society/202609/0020810373.shtml,https://www.kobe-np.co.jp/,ok,,
2026-09-24,2026-09-24T08:14:46.896888+09:00,地方紙,兵庫,神戸新聞,経営難の三セク「サンフラワー」厳しい局面に さらなる支援、市議会認めず 筆頭株主の三田市「破綻も想定」,https://www.kobe-np.co.jp/news/society/202609/0020845669.shtml,https://www.kobe-np.co.jp/,ok,,
2026-09-24,2026-09-24T08:14:46.896888+09:00,地方紙,兵庫,神戸新聞,「コベカツ」の魅力や在り方考えよう キックオフミーティングに元阪神の鳥谷さん、能見さんら,https://www.kobe-np.co.jp/news/kobe/202609/0020841377.shtml,https://www.kobe-np.co.jp/,ok,,
2026-09-24,2026-09-24T08:14:46.896888+09:00,地方紙,兵庫,神戸新聞,意外にも事故が相次ぐ「危ない交差点」特集 生活道路が交わる身近な十字路 秋の交通安全運動,https://www.kobe-np.co.jp/news/richa/202609/0020826343.shtml,https://www.kobe-np.co.jp/,ok,,
2026-09-24,2026-09-24T08:14:46.896888+09:00,地方紙,兵庫,神戸新聞,<近日公開 9月のオススメ記事>バスケBプレミア、防災DX、「随想」新執筆陣...etc.,https://www.kobe-np.co.jp/news/richa/202608/0020749065.shtml,https://www.kobe-np.co.jp/,ok,,
2026-09-24,2026-09-24T08:14:46.896888+09:00,地方紙,兵庫,神戸新聞,ショッピングセンターで万引き 殺虫剤など3点盗んだ容疑、84歳女逮捕 尼崎,https://www.kobe-np.co.jp/news/jiken/202609/0020853668.shtml,https://www.kobe-np.co.jp/,ok,,
2026-09-24,2026-09-24T08:14:46.896888+09:00,地方紙,兵庫,神戸新聞,ケイトウ色鮮やかに ビニール傘の球、きらめく7色 明石海峡公園で「秋のカーニバル」 淡路市,https://www.kobe-np.co.jp/news/awaji/202609/0020852280.shtml,https://www.kobe-np.co.jp/,ok,,
2026-09-24,2026-09-24T08:14:46.896888+09:00,地方紙,広島,中国新聞,,,,skipped,利用規約でAI開発目的のディープラーニング等の情報処理・解析利用を明示的に禁止しているため自動取得の対象外とする。,
2026-09-24,2026-09-24T08:14:46.896888+09:00,地方紙,福岡,西日本新聞,,,,skipped,公式RSSはあるが、利用規約でAI学習目的の情報処理・解析利用を明示的に禁止しているため自動取得の対象外とする。,
2026-09-24,2026-09-24T08:14:46.896888+09:00,地方紙,熊本,熊本日日新聞,◎被災者生活再建支援金,https://kumanichi.com/articles/2038931,https://kumanichi.com/rss.xml,ok,,
2026-09-24,2026-09-24T08:14:46.896888+09:00,地方紙,熊本,熊本日日新聞,◎成田空港,https://kumanichi.com/articles/1976084,https://kumanichi.com/rss.xml,ok,,
2026-09-24,2026-09-24T08:14:46.896888+09:00,地方紙,熊本,熊本日日新聞,◎国連総会一般討論演説,https://kumanichi.com/articles/1530146,https://kumanichi.com/rss.xml,ok,,
2026-09-24,2026-09-24T08:14:46.896888+09:00,地方紙,熊本,熊本日日新聞,友好協定の台湾・台南市から3000万円 宇城地域の2市1町に寄付金,https://kumanichi.com/node/2038939,https://kumanichi.com/rss.xml,ok,,
2026-09-24,2026-09-24T08:14:46.896888+09:00,地方紙,熊本,熊本日日新聞,<2026年熊本地震>「今夜からゆっくり眠れます」...仮設住宅入居者に鍵渡し 宇城市松橋町 木造タイプの完成は初めて,https://kumanichi.com/node/2038938,https://kumanichi.com/rss.xml,ok,,
2026-09-24,2026-09-24T08:14:46.896888+09:00,地方紙,熊本,熊本日日新聞,<2026年熊本地震>生育不良のコメ、飼料用に 農業用水破損の氷川町農家 「収入確保でやむなし」,https://kumanichi.com/node/2038937,https://kumanichi.com/rss.xml,ok,,
2026-09-24,2026-09-24T08:14:46.896888+09:00,地方紙,熊本,熊本日日新聞,熊本市電2年連続赤字 乗客減と安全対策費響く,https://kumanichi.com/node/2038936,https://kumanichi.com/rss.xml,ok,,
2026-09-24,2026-09-24T08:14:46.896888+09:00,地方紙,熊本,熊本日日新聞,4都府県で募集上限を超過,https://kumanichi.com/articles/2038924,https://kumanichi.com/rss.xml,ok,,
2026-09-24,2026-09-24T08:14:46.896888+09:00,地方紙,熊本,熊本日日新聞,市役所本庁舎の石綿調査へ 熊本市「解体設計に反映」【検証 熊本市新庁舎】,https://kumanichi.com/node/2038935,https://kumanichi.com/rss.xml,ok,,
2026-09-24,2026-09-24T08:14:46.896888+09:00,地方紙,熊本,熊本日日新聞,「おでかけIC」移行支援充実 現行カード27年9月末廃止 切り替え期間も拡大,https://kumanichi.com/node/2038934,https://kumanichi.com/rss.xml,ok,,
2026-09-24,2026-09-24T08:14:46.896888+09:00,地方紙,鹿児島,南日本新聞,魚にクラゲ、人食いザメもいるぞ!?――職員手作りの「キラキラ水族館」が姶良・南九州病院で公開中 年々パワーアップ、リハビリの励みに 10月2日まで国立病院機構南九州病院(姶良市加治木)の中にある「キラキラ水族館」が、入院患者や家族に喜ばれている。職員が一室を丸ごと海中に見立てて飾り付けた。暗幕を張りあちこちが光る仕掛けの空間は子どもらに好評だ。24日から10月2日まで無料で一般公開する(土日休み)。 療育指導室によると、新型コロナウイルスの影響で外出や面会に制限があった2022年、重度障害のある長期入院患者らに楽しんでもらおうと初9月23日 21:00,https://373news.com/news/local/detail/239952/,https://373news.com/,ok,,local
2026-09-24,2026-09-24T08:14:46.896888+09:00,地方紙,鹿児島,南日本新聞,【愛知・名古屋アジア大会】ハンドボール女子 中国に勝利 吉留(鹿児島南高出身)攻守でけん引 代表50試合目128得点重ね9月24日 06:30,https://373news.com/news/local/detail/239972/,https://373news.com/,ok,,local
2026-09-24,2026-09-24T08:14:46.896888+09:00,地方紙,鹿児島,南日本新聞,【九州地区高校野球県予選】松陽、徳之島など2回戦進出9月24日 06:30,https://373news.com/news/local/detail/239970/,https://373news.com/,ok,,local
2026-09-24,2026-09-24T08:14:46.896888+09:00,地方紙,鹿児島,南日本新聞,バスケBワン鹿児島レブナイズ 26日ホーム開幕戦へ 「いい準備できた」9月24日 06:30,https://373news.com/news/local/detail/239969/,https://373news.com/,ok,,local
2026-09-24,2026-09-24T08:14:46.896888+09:00,地方紙,鹿児島,南日本新聞,鹿児島・枕崎で住家など4棟全焼...鎮火まで2時間半、計215平方メートル焼失、けが人なし9月23日 23:21,https://373news.com/news/local/detail/239974/,https://373news.com/,ok,,local
2026-09-24,2026-09-24T08:14:46.896888+09:00,地方紙,鹿児島,南日本新聞,桜島、20日以降43回噴火――「噴煙が流されにくい」気象条件で回数増、入山規制は継続中9月23日 22:22,https://373news.com/news/local/detail/239973/,https://373news.com/,ok,,local
2026-09-24,2026-09-24T08:14:46.896888+09:00,地方紙,鹿児島,南日本新聞,加治木のくも合戦を後世につなげたい――保存会が記録DVDを制作 姶良市などに寄贈9月23日 20:00,https://373news.com/news/local/detail/239951/,https://373news.com/,ok,,local
2026-09-24,2026-09-24T08:14:46.896888+09:00,地方紙,鹿児島,南日本新聞,鹿児島・西之表「大和沈んだあの海へ」...秋分の日、夕暮れに手を合わせ平和願う人々9月23日 19:26,https://373news.com/news/local/detail/239968/,https://373news.com/,ok,,local
2026-09-24,2026-09-24T08:14:46.896888+09:00,地方紙,鹿児島,南日本新聞,西郷隆盛ゆかりの8キロ巡る――小学生ら1140人、命日前に墓前まで 鹿児島市9月23日 18:00,https://373news.com/news/local/detail/239964/,https://373news.com/,ok,,local
2026-09-24,2026-09-24T08:14:46.896888+09:00,地方紙,鹿児島,南日本新聞,3桜島で小規模噴火、鹿児島市街地に降灰,https://373news.com/news/local/detail/236396/,https://373news.com/,ok,,local
2026-09-24,2026-09-24T08:14:46.896888+09:00,地方紙,鹿児島,南日本新聞,4予防接種中に豚に乗られる 農場従業員の男性死亡 鹿児島県曽於市財部のナンチクファーム,https://373news.com/news/local/detail/239901/,https://373news.com/,ok,,local
2026-09-24,2026-09-24T08:14:46.896888+09:00,地方紙,鹿児島,南日本新聞,5鹿児島、スポーツ施設女子トイレで「盗撮目的」――建造物侵入容疑の37歳男を現行犯逮捕,https://373news.com/news/local/detail/239939/,https://373news.com/,ok,,local
2026-09-24,2026-09-24T08:14:46.896888+09:00,地方紙,鹿児島,南日本新聞,6「動物のゴリラは平和の象徴。地に足をつけて平和を守る」...新政治団体「護憲リベラル共生」代表・川内博史元衆院議員が語る設立の狙い,https://373news.com/news/local/detail/239881/,https://373news.com/,ok,,local
2026-09-24,2026-09-24T08:14:46.896888+09:00,地方紙,鹿児島,南日本新聞,7鹿児島市“灰神楽” 桜島大量降灰 強風あおられ市街地直撃,https://373news.com/news/local/detail/234800/,https://373news.com/,ok,,local
2026-09-24,2026-09-24T08:14:46.896888+09:00,地方紙,鹿児島,南日本新聞,8桜島、再び山体膨張――多量の降灰伴う噴火に注意 8日は火砕流を確認,https://373news.com/news/local/detail/233426/,https://373news.com/,ok,,local
2026-09-24,2026-09-24T08:14:46.896888+09:00,地方紙,鹿児島,南日本新聞,9鹿児島市街地をきれいにするのだ...ロードスイーパー11カ月ぶり出番 桜島の降灰除去で46台,https://373news.com/news/local/detail/234830/,https://373news.com/,ok,,local
2026-09-24,2026-09-24T08:14:46.896888+09:00,地方紙,鹿児島,南日本新聞,10桜島フェリー「推し」集まれ 鹿児島市が高校生以上の“インフルエンサー”募集、フォロワー1人以上でOK,https://373news.com/news/local/detail/236298/,https://373news.com/,ok,,local
2026-09-24,2026-09-24T08:14:46.896888+09:00,地方紙,鹿児島,南日本新聞,渋滞の先頭で合流の車に鹿児島県民「イラッ」「モヤモヤ」...ズルく見える「ファスナー合流」 渋滞緩和に推奨でも6割「知らない」9月21日 10:20,https://373news.com/lineup/kotimina/detail/239874/,https://373news.com/,ok,,
2026-09-24,2026-09-24T08:14:46.896888+09:00,地方紙,鹿児島,南日本新聞,習主席が国賓として訪米開始 トランプ大統領が出迎え厚遇9月24日 07:39,https://373news.com/news/national/detail/2026092401000247/,https://373news.com/,ok,,national
2026-09-24,2026-09-24T08:14:46.896888+09:00,地方紙,鹿児島,南日本新聞,大谷復帰、2番・指名打者 昨季覇者Bジェイズ、PO逃す9月24日 07:35,https://373news.com/news/national/detail/2026092401000229/,https://373news.com/,ok,,national
2026-09-24,2026-09-24T08:14:46.896888+09:00,地方紙,沖縄,琉球新報,,,,skipped,利用規約で複製・複写・送信・頒布・蓄積・転載等を会社の承認なく行うことを広範に禁止しているため自動取得の対象外とする。,
2026-09-24,2026-09-24T08:14:46.896888+09:00,地方紙,沖縄,沖縄タイムス,「焦げ臭いにおい」「ガタガタガタという振動」 ANA機が那覇空港に緊急着陸 乗客らが語る機内の様子9月24日 6:38那覇空港23日午後10時5分ごろ、那覇発佐賀行きの全日空(ANA)1502便が、那覇空港の第1滑走路に緊急着陸した。全日空によると、幼児4人を含む乗員乗客計158人は、脱出用のシューターを使って全員脱出。,https://www.okinawatimes.co.jp/articles/-/1929872,https://www.okinawatimes.co.jp/,ok,,
2026-09-24,2026-09-24T08:14:46.896888+09:00,地方紙,沖縄,沖縄タイムス,ANA機が那覇空港に緊急着陸 乗客乗員160人は全員脱出0:37#那覇空港,https://www.okinawatimes.co.jp/articles/-/1929838,https://www.okinawatimes.co.jp/,ok,,
2026-09-24,2026-09-24T08:14:46.896888+09:00,地方紙,沖縄,沖縄タイムス,「トラック運転手の人生、プライドを返せ」30年走り続ける女性ドライバー、ささやかな幸せや「生きている手応え」を詩で残す 子育てとの両立、ハラスメントや離婚、介護も...11:30有料#全国の社会,https://www.okinawatimes.co.jp/articles/-/1929643,https://www.okinawatimes.co.jp/,ok,,
2026-09-24,2026-09-24T08:14:46.896888+09:00,地方紙,沖縄,沖縄タイムス,赤字経営の沖縄県立病院 「走る集中治療室」沖縄初導入へ5000万円募る 南部・こども医療センターが支援呼びかけ4:00有料#医療・健康,https://www.okinawatimes.co.jp/articles/-/1929407,https://www.okinawatimes.co.jp/,ok,,
2026-09-24,2026-09-24T08:14:46.896888+09:00,地方紙,沖縄,沖縄タイムス,沖縄の8月貿易 前年同月比の輸出22.2%増、輸入49.6%増加 沖縄地区税関まとめ3:57有料#物流・貿易,https://www.okinawatimes.co.jp/articles/-/1929449,https://www.okinawatimes.co.jp/,ok,,
2026-09-24,2026-09-24T08:14:46.896888+09:00,地方紙,沖縄,沖縄タイムス,美ノ海が勝ち越し 県勢初の三役昇進へ前進 大相撲秋場所18:05#相撲,https://www.okinawatimes.co.jp/articles/-/1929743,https://www.okinawatimes.co.jp/,ok,,
2026-09-24,2026-09-24T08:14:46.896888+09:00,地方紙,沖縄,沖縄タイムス,ホテルに入り面識ない男性刺した容疑 自称那覇市の35歳男を現行犯逮捕17:50#事件・事故,https://www.okinawatimes.co.jp/articles/-/1929735,https://www.okinawatimes.co.jp/,ok,,
2026-09-24,2026-09-24T08:14:46.896888+09:00,地方紙,沖縄,沖縄タイムス,【速報】県秋季高校野球 4校が3回戦に進出|第7日の結果16:13有料#高校野球,https://www.okinawatimes.co.jp/articles/-/1929710,https://www.okinawatimes.co.jp/,ok,,
2026-09-24,2026-09-24T08:14:46.896888+09:00,地方紙,沖縄,沖縄タイムス,取得へ「修行」する人も...全日空クレカ 特典対象者の改定に批判の声 年決済額300万円以上に「サラリーマンには厳しい」【入会条件と特典】4:00有料#ANA,https://www.okinawatimes.co.jp/articles/-/1929474,https://www.okinawatimes.co.jp/,ok,,
2026-09-24,2026-09-24T08:14:46.896888+09:00,地方紙,沖縄,沖縄タイムス,青年会がなかった地域 エイサーで築いた絆 沖縄市南桃原で「ももやまエイサー祭り」10月25日開催4:00有料#沖縄市,https://www.okinawatimes.co.jp/articles/-/1929380,https://www.okinawatimes.co.jp/,ok,,
2026-09-24,2026-09-24T08:14:46.896888+09:00,地方紙,沖縄,沖縄タイムス,「秋の全島闘牛」前哨戦に多士済々20頭 シーの1番戦は実力牛に新鋭牛が挑む 9月27日にうるま胡屋オールスター【対戦表あり】3:58有料#闘牛,https://www.okinawatimes.co.jp/articles/-/1929382,https://www.okinawatimes.co.jp/,ok,,
2026-09-24,2026-09-24T08:14:46.896888+09:00,地方紙,沖縄,沖縄タイムス,[台湾便り 松田良孝]「与那国学」の土台を築く 島の文化継承 池間苗さん尽力3:59有料#台湾便り,https://www.okinawatimes.co.jp/articles/-/1929363,https://www.okinawatimes.co.jp/,ok,,
2026-09-24,2026-09-24T08:14:46.896888+09:00,地方紙,沖縄,沖縄タイムス,子どもの悩みや思いを分かち合う 支援28団体の協議会が保護者交流会 西原町で10月3日3:57有料#子育て,https://www.okinawatimes.co.jp/articles/-/1929373,https://www.okinawatimes.co.jp/,ok,,
2026-09-24,2026-09-24T08:14:46.896888+09:00,地方紙,沖縄,沖縄タイムス,夏から秋への移ろい 風情とお茶を味わう 茶道裏千家淡交会の茶会に400人3:57#季節風,https://www.okinawatimes.co.jp/articles/-/1929510,https://www.okinawatimes.co.jp/,ok,,
2026-09-24,2026-09-24T08:14:46.896888+09:00,地方紙,沖縄,沖縄タイムス,子どもの貧困対策や炊き出し支援へ 2団体に米150キロずつ贈る 県パチスロ協同組合青年部8:12#ニュース,https://www.okinawatimes.co.jp/articles/-/1929336,https://www.okinawatimes.co.jp/,ok,,
2026-09-24,2026-09-24T08:14:46.896888+09:00,地方紙,沖縄,沖縄タイムス,為替相場 24日(日本時間 8時)8:00#為替,https://www.okinawatimes.co.jp/articles/-/1929847,https://www.okinawatimes.co.jp/,ok,,
2026-09-24,2026-09-24T08:14:46.896888+09:00,地方紙,沖縄,沖縄タイムス,沖縄タイムス社はSNS時代の選挙報道指針を策定しました,https://www.okinawatimes.co.jp/articles/-/1912094,https://www.okinawatimes.co.jp/,ok,,
2026-09-24,2026-09-24T08:14:46.896888+09:00,地方紙,沖縄,沖縄タイムス,東恩納盛雄 さんがコメント(9月23日 19:12),https://www.okinawatimes.co.jp/articles/-/1929427,https://www.okinawatimes.co.jp/,ok,,
2026-09-24,2026-09-24T08:14:46.896888+09:00,全国紙,全国,東京新聞,高市首相の一日 9月23日(水),https://www.tokyo-np.co.jp/article/517351,https://news.ceek.jp/search.cgi?category_id=politics&feed=1,ok,,政治
2026-09-24,2026-09-24T08:14:46.896888+09:00,その他メディア,,時事通信,対中擦り合わせ、効果未知数 ICC議論詳細明かさず―日米首脳会談,https://www.jiji.com/jc/article?k=2026092300477&g=pol,https://news.ceek.jp/search.cgi?category_id=politics&feed=1,ok,,政治
2026-09-24,2026-09-24T08:14:46.896888+09:00,その他メディア,,フジテレビ,「AI都知事ユリコ」が低コストの理由 東京都庁流のAI活用の現在地 他の自治体のヒントに,https://www.fnn.jp/articles/-/1117850,https://news.ceek.jp/search.cgi?category_id=politics&feed=1,ok,,政治
2026-09-24,2026-09-24T08:14:46.896888+09:00,その他メディア,,現代ビジネス,『クールジャパン』の二の舞に? コンテンツ支援に再び巨費を突っ込む経産省の増長と人事の停滞,https://gendai.media/articles/-/171379,https://news.ceek.jp/search.cgi?category_id=politics&feed=1,ok,,政治
2026-09-24,2026-09-24T08:14:46.896888+09:00,その他メディア,,JBpress,【被害者の怒りは警察に】「警察官」騙る電話、念のため県警に照会するも取り合ってくれず...724万円の特殊詐欺被害,https://jbpress.ismedia.jp/articles/-/96907,https://news.ceek.jp/search.cgi?category_id=politics&feed=1,ok,,政治
2026-09-24,2026-09-24T08:14:46.896888+09:00,その他メディア,,現代ビジネス,自分たちは治外法権? 内閣府でも「植民地」を拡大...さすがに目に余る経産省の傍若無人ぶり,https://gendai.media/articles/-/171378,https://news.ceek.jp/search.cgi?category_id=politics&feed=1,ok,,政治
2026-09-24,2026-09-24T08:14:46.896888+09:00,その他メディア,,JBpress,"こどもNISAで増えるのは孫へ生前贈与?「貯蓄から投資」加速の新制度は相続税対策としても注目口座開設は10月1日受付スタート、“格差の世代間連鎖""につながらない制度設計も必要に",https://jbpress.ismedia.jp/articles/-/97146,https://news.ceek.jp/search.cgi?category_id=politics&feed=1,ok,,政治
2026-09-24,2026-09-24T08:14:46.896888+09:00,その他メディア,,テレビ朝日,高市総理 NYからまもなく帰国 消費減税法案「丁寧に審議」,https://news.tv-asahi.co.jp/news_politics/articles/000535461.html,https://news.ceek.jp/search.cgi?category_id=politics&feed=1,ok,,政治
2026-09-24,2026-09-24T08:14:46.896888+09:00,全国紙,全国,日本経済新聞,高市首相、防衛費「5年後GDP比」明示に慎重 参考値や長期目標案,https://www.nikkei.com/article/DGXZQOUA182TL0Y6A910C2000000/,https://news.ceek.jp/search.cgi?category_id=politics&feed=1,ok,,政治
2026-09-24,2026-09-24T08:14:46.896888+09:00,全国紙,全国,読売新聞,ICCへ「一貫した支持」 首相「法の支配 維持貢献」...国連演説,https://www.yomiuri.co.jp/politics/20260924-GYT1T00112/,https://news.ceek.jp/search.cgi?category_id=politics&feed=1,ok,,政治
2026-09-24,2026-09-24T08:14:46.896888+09:00,全国紙,全国,産経新聞,高市日誌23日(水),https://www.sankei.com/article/20260924-2FQJVGI4J5NDVOG2LMXTVFHXEA/,https://news.ceek.jp/search.cgi?category_id=politics&feed=1,ok,,政治
2026-09-24,2026-09-24T08:14:46.896888+09:00,全国紙,全国,読売新聞,首相記者会見の要旨,https://www.yomiuri.co.jp/politics/20260923-GYT1T00288/,https://news.ceek.jp/search.cgi?category_id=politics&feed=1,ok,,政治
2026-09-24,2026-09-24T08:14:46.896888+09:00,全国紙,全国,読売新聞,高市首相の一日,https://www.yomiuri.co.jp/politics/20260924-GYT1T00054/,https://news.ceek.jp/search.cgi?category_id=politics&feed=1,ok,,政治
2026-09-24,2026-09-24T08:14:46.896888+09:00,その他メディア,,WEDGE Infinity,"アメリカ宇宙軍が「兵器配備」を初公表...“宇宙戦争""への備えを見せた2つの背景",https://wedge.ismedia.jp/articles/-/41108,https://news.ceek.jp/search.cgi?category_id=politics&feed=1,ok,,政治
2026-09-24,2026-09-24T08:14:46.896888+09:00,全国紙,全国,読売新聞,首相の国連一般討論演説要旨,https://www.yomiuri.co.jp/politics/20260923-GYT1T00284/,https://news.ceek.jp/search.cgi?category_id=politics&feed=1,ok,,政治
2026-09-24,2026-09-24T08:14:46.896888+09:00,全国紙,全国,読売新聞,首相 NYで積極外交 ゼレンスキー氏と初会談 多国間連携,https://www.yomiuri.co.jp/politics/20260923-GYT1T00277/,https://news.ceek.jp/search.cgi?category_id=politics&feed=1,ok,,政治
2026-09-24,2026-09-24T08:14:46.896888+09:00,全国紙,全国,読売新聞,日米首脳会談の要旨,https://www.yomiuri.co.jp/politics/20260923-GYT1T00286/,https://news.ceek.jp/search.cgi?category_id=politics&feed=1,ok,,政治
2026-09-24,2026-09-24T08:14:46.896888+09:00,全国紙,全国,読売新聞,消費税減税など成立意欲 臨時国会...首相、NYで記者会見,https://www.yomiuri.co.jp/politics/20260924-GYT1T00050/,https://news.ceek.jp/search.cgi?category_id=politics&feed=1,ok,,政治
2026-09-24,2026-09-24T08:14:46.896888+09:00,全国紙,全国,読売新聞,[スキャナー]強い日米同盟誇示、米中会談前の「布石」に手応え...日米首脳会談,https://www.yomiuri.co.jp/politics/20260923-GYT1T00258/,https://news.ceek.jp/search.cgi?category_id=politics&feed=1,ok,,政治
2026-09-24,2026-09-24T08:14:46.896888+09:00,その他メディア,,WEDGE Infinity,80年前の悲惨さを忘れるな!財政再建のためにできること、30兆円規模の財政収支改善の方法とは?,https://wedge.ismedia.jp/articles/-/41086,https://news.ceek.jp/search.cgi?category_id=politics&feed=1,ok,,政治
2026-09-24,2026-09-24T08:14:46.896888+09:00,全国紙,全国,読売新聞,日米 対中で緊密連携 AI・重要鉱物協力 首脳会談,https://www.yomiuri.co.jp/politics/20260924-GYT1T00114/,https://news.ceek.jp/search.cgi?category_id=politics&feed=1,ok,,政治
2026-09-24,2026-09-24T08:14:46.896888+09:00,その他メディア,,WEDGE Infinity,ラトクリフCIA長官はなぜ訪露したのか?ロシアと欧州の軍事的緊張は危険水域に...工作活動を変化させるプーチンの狙い,https://wedge.ismedia.jp/articles/-/41097,https://news.ceek.jp/search.cgi?category_id=politics&feed=1,ok,,政治
2026-09-24,2026-09-24T08:14:46.896888+09:00,全国紙,全国,毎日新聞,首相日々 22、23日,https://mainichi.jp/articles/20260924/ddm/002/010/053000c,https://news.ceek.jp/search.cgi?category_id=politics&feed=1,ok,,政治
2026-09-24,2026-09-24T08:14:46.896888+09:00,全国紙,全国,日本経済新聞,参政党・神谷代表、独極右AfD幹部と会談 「定期交流の提案受けた」,https://www.nikkei.com/article/DGXZQOUA232Y90T20C26A9000000/,https://news.ceek.jp/search.cgi?category_id=politics&feed=1,ok,,政治
2026-09-24,2026-09-24T08:14:46.896888+09:00,その他メディア,,Abema TIMES,"高市総理「同盟の強さ示す」日米首脳会談“中国を意識""懸念は“トランプ氏の譲歩""",https://times.abema.tv/articles/-/10274638?page=1,https://news.ceek.jp/search.cgi?category_id=politics&feed=1,ok,,政治
2026-09-24,2026-09-24T08:14:46.896888+09:00,全国紙,全国,日本経済新聞,22、23日の高市首相の動静,https://www.nikkei.com/article/DGXZQOUA231M70T20C26A9000000/,https://news.ceek.jp/search.cgi?category_id=politics&feed=1,ok,,政治
2026-09-24,2026-09-24T08:14:46.896888+09:00,その他メディア,,テレビ朝日,"高市総理「同盟の強さ示す」日米首脳会談“中国を意識""懸念は“トランプ氏の譲歩""",https://news.tv-asahi.co.jp/news_politics/articles/900200365.html,https://news.ceek.jp/search.cgi?category_id=politics&feed=1,ok,,政治
2026-09-24,2026-09-24T08:14:46.896888+09:00,全国紙,全国,産経新聞,衆院議運委員長に坂本哲志氏 自民方針,https://www.sankei.com/article/20260923-7ZEOZVALWFN73J7HEQGEYHGACA/,https://news.ceek.jp/search.cgi?category_id=politics&feed=1,ok,,政治
2026-09-24,2026-09-24T08:14:46.896888+09:00,その他メディア,,共同通信,電子投票、8自治体止まり 来春統一選、普及進まず,https://www.47news.jp/14981644.html,https://news.ceek.jp/search.cgi?category_id=politics&feed=1,ok,,政治
2026-09-24,2026-09-24T08:14:46.896888+09:00,その他メディア,,デイリースポーツ,電子投票、8自治体止まり,https://www.daily.co.jp/society/politics/2026/09/23/0020852441.shtml,https://news.ceek.jp/search.cgi?category_id=politics&feed=1,ok,,政治
2026-09-24,2026-09-24T08:14:46.896888+09:00,全国紙,全国,読売新聞,[深層NEWS]細谷雄一慶大教授、日米首脳会談巡り「高市首相は色々とインプットしたのだろう」,https://www.yomiuri.co.jp/politics/20260923-GYT1T00202/,https://news.ceek.jp/search.cgi?category_id=politics&feed=1,ok,,政治
2026-09-24,2026-09-24T08:14:46.896888+09:00,その他メディア,,共同通信,衆院議運委員長に坂本氏 自民方針,https://www.47news.jp/14981606.html,https://news.ceek.jp/search.cgi?category_id=politics&feed=1,ok,,政治
2026-09-24,2026-09-24T08:14:46.896888+09:00,その他メディア,,デイリースポーツ,衆院議運委員長に坂本氏,https://www.daily.co.jp/society/politics/2026/09/23/0020852317.shtml,https://news.ceek.jp/search.cgi?category_id=politics&feed=1,ok,,政治
2026-09-24,2026-09-24T08:14:46.896888+09:00,その他メディア,,フジテレビ,高市総理「日米同盟の強さ世界に示した」 米中首脳会談を前に日米が会談 国連総会では「法の支配」の重要性訴える,https://www.fnn.jp/articles/-/1119817,https://news.ceek.jp/search.cgi?category_id=politics&feed=1,ok,,政治
2026-09-24,2026-09-24T08:14:46.896888+09:00,全国紙,全国,産経新聞,進むか国会改革...高市首相、8年前に私案とん挫 村井氏は首相の予算委「原則不要」論紹介,https://www.sankei.com/article/20260923-3D7UZJ6E7FDTLHZR5YMNX3CWIA/,https://news.ceek.jp/search.cgi?category_id=politics&feed=1,ok,,政治
2026-09-24,2026-09-24T08:14:46.896888+09:00,その他メディア,,Abema TIMES,高市総理と連携確認も...米中首脳会談直前 トランプ大統領の本音は?,https://times.abema.tv/articles/-/10274630?page=1,https://news.ceek.jp/search.cgi?category_id=politics&feed=1,ok,,政治
2026-09-24,2026-09-24T08:14:46.896888+09:00,全国紙,全国,産経新聞,日米首脳、経済安保で対中連携 重要鉱物やAI・半導体で協力強化、ICC問題も議題に,https://www.sankei.com/article/20260923-KIQYFQUQQZIX7I464EV64ABXR4/,https://news.ceek.jp/search.cgi?category_id=politics&feed=1,ok,,政治
2026-09-24,2026-09-24T08:14:46.896888+09:00,その他メディア,,デイリースポーツ,首相、旧敵国条項の削除要求,https://www.daily.co.jp/society/politics/2026/09/23/0020852104.shtml,https://news.ceek.jp/search.cgi?category_id=politics&feed=1,ok,,政治
2026-09-24,2026-09-24T08:14:46.896888+09:00,その他メディア,,テレビ朝日,高市総理と連携確認も...米中首脳会談直前 トランプ大統領の本音は?,https://news.tv-asahi.co.jp/news_politics/articles/900200339.html,https://news.ceek.jp/search.cgi?category_id=politics&feed=1,ok,,政治
2026-09-24,2026-09-24T08:14:46.896888+09:00,その他メディア,,共同通信,首相、旧敵国条項の削除要求 中国は反対「脅威防ぐ目的」,https://www.47news.jp/14981495.html,https://news.ceek.jp/search.cgi?category_id=politics&feed=1,ok,,政治
2026-09-24,2026-09-24T08:14:46.896888+09:00,全国紙,全国,日本経済新聞,高市早苗首相が米国から帰国の途 国連総会出席や日米首脳会談終え,https://www.nikkei.com/article/DGXZQOUA222TF0S6A920C2000000/,https://news.ceek.jp/search.cgi?category_id=politics&feed=1,ok,,政治
2026-09-24,2026-09-24T08:14:46.896888+09:00,全国紙,全国,朝日新聞,【社説】法の支配と日本外交 掲げた原則、ICC守る行動が問われる,https://www.asahi.com/articles/ASV9R2T3XV9RUSPT001M.html,https://news.ceek.jp/search.cgi?category_id=politics&feed=1,ok,,政治
2026-09-24,2026-09-24T08:14:46.896888+09:00,その他メディア,,日本テレビ,高市首相「日米同盟の強さ示せた」 日米首脳会談の目的は達成?【解説】,https://news.ntv.co.jp/category/politics/4d894f10b240418795fae035df332771,https://news.ceek.jp/search.cgi?category_id=politics&feed=1,ok,,政治
2026-09-24,2026-09-24T08:14:46.896888+09:00,全国紙,全国,産経新聞,中国、高市首相の旧敵国条項削除要求に反対姿勢を示す「軍国主義が脅威になることを防ぐ」,https://www.sankei.com/article/20260923-NJ4P3FQV3NPPLPJ7CEYB2DPEFY/,https://news.ceek.jp/search.cgi?category_id=politics&feed=1,ok,,政治
2026-09-24,2026-09-24T08:14:46.896888+09:00,その他メディア,,フジテレビ,【新潟市長選】新潟市議・青木学氏が出馬表明「中原市政とは違う選択肢示したい」 三つ巴の公算に,https://www.fnn.jp/articles/-/1119789,https://news.ceek.jp/search.cgi?category_id=politics&feed=1,ok,,政治
2026-09-24,2026-09-24T08:14:46.896888+09:00,全国紙,全国,産経新聞,高市首相「日米同盟の強さを世界に示す」米中会談2日前の日米会談、対中連携で示せた収穫,https://www.sankei.com/article/20260923-3E66HVDWYJINJBQRFZHYKZ5XXA/,https://news.ceek.jp/search.cgi?category_id=politics&feed=1,ok,,政治
2026-09-24,2026-09-24T08:14:46.896888+09:00,その他メディア,,フジテレビ,共産党の田村智子委員長が来県 福井アリーナ整備「ずさんで無謀」 優先すべきは「避難所となる公立学校体育館へのエアコン設置」と訴え,https://www.fnn.jp/articles/-/1119714,https://news.ceek.jp/search.cgi?category_id=politics&feed=1,ok,,政治
2026-09-24,2026-09-24T08:14:46.896888+09:00,全国紙,全国,産経新聞,高市早苗首相が帰国の途 政府専用機でニューヨーク・ケネディ国際空港出発,https://www.sankei.com/article/20260923-QJTPPER2YBPD5GEACTJUEICWQ4/,https://news.ceek.jp/search.cgi?category_id=politics&feed=1,ok,,政治
2026-09-24,2026-09-24T08:14:46.896888+09:00,その他メディア,,テレビ朝日,高市総理 国民民主との連立に含み 政治の安定に必要な対応「常に考えている」,https://news.tv-asahi.co.jp/news_politics/articles/000535401.html,https://news.ceek.jp/search.cgi?category_id=politics&feed=1,ok,,政治
2026-09-24,2026-09-24T08:14:46.896888+09:00,全国紙,全国,朝日新聞,参政・神谷代表、ドイツ極右政党共同党首と会談 「定期交流の提案」,https://www.asahi.com/articles/ASV9R2W6KV9RUTFK00DM.html,https://news.ceek.jp/search.cgi?category_id=politics&feed=1,ok,,政治
2026-09-24,2026-09-24T08:14:46.896888+09:00,全国紙,全国,毎日新聞,ICC制裁巡り日米の「溝」あらわ...専門家「同盟の危機は回避」,https://mainichi.jp/articles/20260923/k00/00m/030/109000c,https://news.ceek.jp/search.cgi?category_id=politics&feed=1,ok,,政治
2026-09-24,2026-09-24T08:14:46.896888+09:00,全国紙,全国,産経新聞,習近平氏、訪米へ北京出発 彭麗媛夫人や最高指導部メンバーの蔡奇氏らが同行,https://www.sankei.com/article/20260923-VF32OTI7DZNNBJ3EX46EQEIXRE/,https://news.ceek.jp/search.cgi?category_id=politics&feed=1,ok,,政治
2026-09-24,2026-09-24T08:14:46.896888+09:00,その他メディア,,共同通信,【速報】高市首相が帰国の途,https://www.47news.jp/14981230.html,https://news.ceek.jp/search.cgi?category_id=politics&feed=1,ok,,政治
2026-09-24,2026-09-24T08:14:46.896888+09:00,その他メディア,,フジテレビ,高市総理「日米同盟の強さ示せた」 トランプ大統領と首脳会談 中国巡る課題で緊密連携確認 ゼレンスキー大統領と初会談も,https://www.fnn.jp/articles/-/1119651,https://news.ceek.jp/search.cgi?category_id=politics&feed=1,ok,,政治
2026-09-24,2026-09-24T08:14:46.896888+09:00,全国紙,全国,毎日新聞,「メディアは退出を」 日本側通訳にトランプ氏喜ぶ 首脳会談,https://mainichi.jp/articles/20260923/k00/00m/030/096000c,https://news.ceek.jp/search.cgi?category_id=politics&feed=1,ok,,政治
2026-09-24,2026-09-24T08:14:46.896888+09:00,全国紙,全国,日本経済新聞,安保理改革へアフリカと協力推進 日本・インドなど4カ国外相,https://www.nikkei.com/article/DGXZQOUA222F00S6A920C2000000/,https://news.ceek.jp/search.cgi?category_id=politics&feed=1,ok,,政治
2026-09-24,2026-09-24T08:14:46.896888+09:00,全国紙,全国,産経新聞,共産・大門氏、礼節重んじる追及の論客 病の安倍氏気遣い、対峙した麻生氏とは「恋の病」,https://www.sankei.com/article/20260923-E5RF4OHTXFEIBFUGX5NPEL7EJE/,https://news.ceek.jp/search.cgi?category_id=politics&feed=1,ok,,政治
2026-09-24,2026-09-24T08:14:46.896888+09:00,その他メディア,,共同通信,野党に消費減税関連法案協力要請 首相、身近な法整備で結果,https://www.47news.jp/14981040.html,https://news.ceek.jp/search.cgi?category_id=politics&feed=1,ok,,政治
2026-09-24,2026-09-24T08:14:46.896888+09:00,全国紙,全国,東京新聞,トランプ氏「ICCは邪悪」国連で脱退呼びかけ 高市首相は「法の支配」支持を表明,https://www.tokyo-np.co.jp/article/517231,https://news.ceek.jp/search.cgi?category_id=politics&feed=1,ok,,政治
2026-09-24,2026-09-24T08:14:46.896888+09:00,全国紙,全国,毎日新聞,トランプ氏、日本へ配慮にじませ...「バランス」は対中関係でも,https://mainichi.jp/articles/20260923/k00/00m/030/084000c,https://news.ceek.jp/search.cgi?category_id=politics&feed=1,ok,,政治
2026-09-24,2026-09-24T08:14:46.896888+09:00,その他メディア,,現代ビジネス,【独自】高市改造内閣に激震!維新の新大臣が「大林組からカネを受け取っていた」,https://gendai.media/articles/-/171388,https://news.ceek.jp/search.cgi?category_id=politics&feed=1,ok,,政治
2026-09-24,2026-09-24T08:14:46.896888+09:00,その他メディア,,日本テレビ,高市首相が内外記者会見 日米首脳会談など終え,https://news.ntv.co.jp/category/politics/c07c9dc636d54572875f9049b3c17be1,https://news.ceek.jp/search.cgi?category_id=politics&feed=1,ok,,政治
2026-09-24,2026-09-24T08:14:46.896888+09:00,全国紙,全国,産経新聞,習近平氏11年ぶりホワイトハウス トランプ氏、17年初顔合わせでは「シリア攻撃」伝達,https://www.sankei.com/article/20260923-V5JGF6VKOJO4NA32NYTINOG65U/,https://news.ceek.jp/search.cgi?category_id=politics&feed=1,ok,,政治
2026-09-24,2026-09-24T08:14:46.896888+09:00,全国紙,全国,毎日新聞,高市首相、消費減税法案など「野党と真摯な議論」 臨時国会向け,https://mainichi.jp/articles/20260923/k00/00m/010/074000c,https://news.ceek.jp/search.cgi?category_id=politics&feed=1,ok,,政治
2026-09-24,2026-09-24T08:14:46.896888+09:00,全国紙,全国,毎日新聞,茂木外相、国連の日本人職員約70人を激励 「存在は不可欠」,https://mainichi.jp/articles/20260923/k00/00m/010/070000c,https://news.ceek.jp/search.cgi?category_id=politics&feed=1,ok,,政治
2026-09-24,2026-09-24T08:14:46.896888+09:00,全国紙,全国,毎日新聞,高市首相、日米同盟演出に腐心 「頭越し」の米中接近を警戒,https://mainichi.jp/articles/20260923/k00/00m/030/066000c,https://news.ceek.jp/search.cgi?category_id=politics&feed=1,ok,,政治
2026-09-24,2026-09-24T08:14:46.896888+09:00,全国紙,全国,毎日新聞,茂木氏、G4外相会合に出席 常任理事国入り目指す4カ国で声明,https://mainichi.jp/articles/20260923/k00/00m/010/067000c,https://news.ceek.jp/search.cgi?category_id=politics&feed=1,ok,,政治
2026-09-24,2026-09-24T08:14:46.896888+09:00,全国紙,全国,産経新聞,台湾、新型戦闘車両を公開 時速100キロで中国軍の上陸にも迅速対応、量産タイプ,https://www.sankei.com/article/20260923-AWOC6IAGZZJXZCAW35EHUAU6TM/,https://news.ceek.jp/search.cgi?category_id=politics&feed=1,ok,,政治
2026-09-24,2026-09-24T08:14:46.896888+09:00,その他メディア,,テレビ朝日,高市総理 トランプ大統領との会談の成果を強調 米中首脳会談を前に,https://news.tv-asahi.co.jp/news_politics/articles/000535262.html,https://news.ceek.jp/search.cgi?category_id=politics&feed=1,ok,,政治
2026-09-24,2026-09-24T08:14:46.896888+09:00,その他メディア,,テレビ朝日,"【解説】「国政同様に左派勢力が飲み込まれた」沖縄県知事選、古謝氏が圧勝のワケは?“オール沖縄""衰退の背景",https://news.tv-asahi.co.jp/news_politics/articles/900200334.html,https://news.ceek.jp/search.cgi?category_id=politics&feed=1,ok,,政治
2026-09-24,2026-09-24T08:14:46.896888+09:00,その他メディア,,Abema TIMES,"【解説】「国政同様に左派勢力が飲み込まれた」沖縄県知事選、古謝氏が圧勝のワケは?“オール沖縄""衰退の背景",https://times.abema.tv/articles/-/10274613?page=1,https://news.ceek.jp/search.cgi?category_id=politics&feed=1,ok,,政治
2026-09-24,2026-09-24T08:14:46.896888+09:00,全国紙,全国,産経新聞,首相、臨時国会は「身近な法整備で結果」 消費減税法案成立へ野党とも協力、内外記者会見,https://www.sankei.com/article/20260923-OJ7O6JXH2NMSTFA2NJF4C2GI24/,https://news.ceek.jp/search.cgi?category_id=politics&feed=1,ok,,政治
2026-09-24,2026-09-24T08:14:46.896888+09:00,その他メディア,,共同通信,【速報】衆院定数削減、真摯に取り組むべきだと首相,https://www.47news.jp/14980506.html,https://news.ceek.jp/search.cgi?category_id=politics&feed=1,ok,,政治
2026-09-24,2026-09-24T08:14:46.896888+09:00,その他メディア,,共同通信,【速報】首相、ICC巡るやりとり詳細明らかにせず,https://www.47news.jp/14980488.html,https://news.ceek.jp/search.cgi?category_id=politics&feed=1,ok,,政治
2026-09-24,2026-09-24T08:14:46.896888+09:00,その他メディア,,テレビ朝日,【ノーカット配信】高市総理 初の一般討論演説で安保理改革を訴え,https://news.tv-asahi.co.jp/news_politics/articles/000535325.html,https://news.ceek.jp/search.cgi?category_id=politics&feed=1,ok,,政治
2026-09-24,2026-09-24T08:14:46.896888+09:00,その他メディア,,テレビ朝日,"高市総理「日米同盟の強さ示した」 “米中会談""前に成果を強調",https://news.tv-asahi.co.jp/news_politics/articles/000535320.html,https://news.ceek.jp/search.cgi?category_id=politics&feed=1,ok,,政治
2026-09-24,2026-09-24T08:14:46.896888+09:00,全国紙,全国,日本経済新聞,高市首相、消費減税法案「野党と真摯に議論」 臨時国会で結果出す,https://www.nikkei.com/article/DGXZQOUA230VW0T20C26A9000000/,https://news.ceek.jp/search.cgi?category_id=politics&feed=1,ok,,政治
2026-09-24,2026-09-24T08:14:46.896888+09:00,全国紙,全国,産経新聞,高市首相、国連で削除訴えた「旧敵国条項」 中国も賛成したのに...昨年から対日牽制に利用,https://www.sankei.com/article/20260923-AFGFZQKLRNFJ3PSNPO4XQA3T5E/,https://news.ceek.jp/search.cgi?category_id=politics&feed=1,ok,,政治
2026-09-24,2026-09-24T08:14:46.896888+09:00,その他メディア,,日本テレビ,【動画】高市首相、内外記者会見 日米首脳会談や国連演説など終え,https://news.ntv.co.jp/category/politics/081a29e5e6174a7eb4c33902abeb4227,https://news.ceek.jp/search.cgi?category_id=politics&feed=1,ok,,政治
2026-09-24,2026-09-24T08:14:46.896888+09:00,その他メディア,,フジテレビ,日米首脳会談は「中国めぐる諸課題でタイムリーに意見交換」臨時国会は「国民に身近な法整備で結果出したい」高市総理記者会見,https://www.fnn.jp/articles/-/1119530,https://news.ceek.jp/search.cgi?category_id=politics&feed=1,ok,,政治
2026-09-24,2026-09-24T08:14:46.896888+09:00,全国紙,全国,読売新聞,高市首相、トランプ氏との会談「中国巡る課題でタイムリーに意見交換」「日米同盟さらに揺るぎないものに」,https://www.yomiuri.co.jp/politics/20260923-GYT1T00142/,https://news.ceek.jp/search.cgi?category_id=politics&feed=1,ok,,政治
2026-09-24,2026-09-24T08:14:46.896888+09:00,その他メディア,,共同通信,【速報】国民に身近な法整備で結果出すと首相,https://www.47news.jp/14980526.html,https://news.ceek.jp/search.cgi?category_id=politics&feed=1,ok,,政治
2026-09-24,2026-09-24T08:14:46.896888+09:00,その他メディア,,共同通信,【速報】消費減税法案、野党に理解求めると首相,https://www.47news.jp/14980499.html,https://news.ceek.jp/search.cgi?category_id=politics&feed=1,ok,,政治
2026-09-24,2026-09-24T08:14:46.896888+09:00,その他メディア,,共同通信,【速報】政治安定へ必要な対応考えていると首相,https://www.47news.jp/14980490.html,https://news.ceek.jp/search.cgi?category_id=politics&feed=1,ok,,政治
2026-09-24,2026-09-24T08:14:46.896888+09:00,その他メディア,,共同通信,【速報】日米首脳会談で同盟の強さ示したと首相,https://www.47news.jp/14980489.html,https://news.ceek.jp/search.cgi?category_id=politics&feed=1,ok,,政治
2026-09-24,2026-09-24T08:14:46.896888+09:00,全国紙,全国,朝日新聞,介護保険の縮小は経済全体に悪影響 離職増え多産業で人手不足深刻に,https://www.asahi.com/articles/ASV9C2100V9CUTFL01SM.html,https://news.ceek.jp/search.cgi?category_id=politics&feed=1,ok,,政治
2026-09-24,2026-09-24T08:14:46.896888+09:00,全国紙,全国,毎日新聞,ICC立場相違で「率直なやり取り」 対中は連携 日米首脳会談,https://mainichi.jp/articles/20260923/k00/00m/010/044000c,https://news.ceek.jp/search.cgi?category_id=politics&feed=1,ok,,政治
2026-09-24,2026-09-24T08:14:46.896888+09:00,その他メディア,,テレビ朝日,高市総理大臣 初の一般討論演説で安保理改革を訴え ICC支持を表明,https://news.tv-asahi.co.jp/news_politics/articles/000535284.html,https://news.ceek.jp/search.cgi?category_id=politics&feed=1,ok,,政治
2026-09-24,2026-09-24T08:14:46.896888+09:00,全国紙,全国,産経新聞,新潟市長選、社民新潟副代表が立候補の意向固める 「液状化対策の住民負担をゼロに」,https://www.sankei.com/article/20260923-YAH54YZDAJIY3AZCE5LOGF56AM/,https://news.ceek.jp/search.cgi?category_id=politics&feed=1,ok,,政治
2026-09-24,2026-09-24T08:14:46.896888+09:00,その他メディア,,ログミーファイナンス,アシロ、リーガルメディア事業で自治体連携・動画・AI施策を強化 利益率改善や直販伸長など複数施策で来期成長へ,https://finance.logmi.jp/385787,https://news.ceek.jp/search.cgi?category_id=business&feed=1,ok,,経済
2026-09-24,2026-09-24T08:14:46.896888+09:00,その他メディア,,ハーバード・ビジネス・レビュー,わずか2人の営業で戦う,https://dhbr.diamond.jp/articles/-/14450,https://news.ceek.jp/search.cgi?category_id=business&feed=1,ok,,経済
2026-09-24,2026-09-24T08:14:46.896888+09:00,その他メディア,,QUICK Money World,抵抗器、データSECなどが夜間PTSで値上がり(夜間PTS注目銘柄),https://moneyworld.jp/news/detail?id=219438,https://news.ceek.jp/search.cgi?category_id=business&feed=1,ok,,経済
2026-09-24,2026-09-24T08:14:46.896888+09:00,全国紙,全国,日本経済新聞,日経平均株価、連休中の米ハイテク株上昇が追い風(先読み株式相場),https://www.nikkei.com/article/DGXZQOFL2402L0U6A920C2000000/,https://news.ceek.jp/search.cgi?category_id=business&feed=1,ok,,経済
2026-09-24,2026-09-24T08:14:46.896888+09:00,全国紙,全国,日本経済新聞,米モルガン・スタンレー、投資銀行部門でIPO案件リスト漏洩 米報道,https://www.nikkei.com/article/DGXZQOGN240950U6A920C2000000/,https://news.ceek.jp/search.cgi?category_id=business&feed=1,ok,,経済
2026-09-24,2026-09-24T08:14:46.896888+09:00,全国紙,全国,産経新聞,NY株続落し352ドル安 原油高による企業業績悪化懸念で売り注文優勢,https://www.sankei.com/article/20260924-7QSFGN4775OOFMVU2UCC4P4MQE/,https://news.ceek.jp/search.cgi?category_id=business&feed=1,ok,,経済
2026-09-24,2026-09-24T08:14:46.896888+09:00,全国紙,全国,読売新聞,G20入り目指すポーランド GDP1兆ドル超え...米国が首脳会議招待 日本企業進出相次ぐ,https://www.yomiuri.co.jp/economy/20260924-GYT1T00137/,https://news.ceek.jp/search.cgi?category_id=business&feed=1,ok,,経済
2026-09-24,2026-09-24T08:14:46.896888+09:00,その他メディア,,共同通信,為替相場 24日(日本時間 6時),https://www.47news.jp/14982000.html,https://news.ceek.jp/search.cgi?category_id=business&feed=1,ok,,経済
2026-09-24,2026-09-24T08:14:46.896888+09:00,その他メディア,,ハーバード・ビジネス・レビュー,修羅場を経験するだけでは「器の大きいリーダー」になれない理由,https://dhbr.diamond.jp/articles/-/14808,https://news.ceek.jp/search.cgi?category_id=business&feed=1,ok,,経済
2026-09-24,2026-09-24T08:14:46.896888+09:00,その他メディア,,東洋経済オンライン,「65歳で辞めるなんて言わないで!」企業の抱える偽らざる本音...会社は社員に何歳まで働いてほしいと思っているのか? | キャリア・教育,https://toyokeizai.net/articles/-/958517?display=b,https://news.ceek.jp/search.cgi?category_id=business&feed=1,ok,,経済
2026-09-24,2026-09-24T08:14:46.896888+09:00,その他メディア,,デイリースポーツ,米マイクロソフト中東4カ国投資,https://www.daily.co.jp/society/economics/2026/09/24/0020853592.shtml,https://news.ceek.jp/search.cgi?category_id=business&feed=1,ok,,経済
2026-09-24,2026-09-24T08:14:46.896888+09:00,その他メディア,,デイリースポーツ,NY円下落、158円台,https://www.daily.co.jp/society/economics/2026/09/24/0020853594.shtml,https://news.ceek.jp/search.cgi?category_id=business&feed=1,ok,,経済
2026-09-24,2026-09-24T08:14:46.896888+09:00,その他メディア,,デイリースポーツ,米マクドナルドが1兆円超投資へ,https://www.daily.co.jp/society/economics/2026/09/24/0020853586.shtml,https://news.ceek.jp/search.cgi?category_id=business&feed=1,ok,,経済
2026-09-24,2026-09-24T08:14:46.896888+09:00,全国紙,全国,日本経済新聞,シカゴ日本株先物概況・23日 日経平均先物は1045円安の6万5925円,https://www.nikkei.com/article/DGXZQOFL2402K0U6A920C2000000/,https://news.ceek.jp/search.cgi?category_id=business&feed=1,ok,,経済
2026-09-24,2026-09-24T08:14:46.896888+09:00,その他メディア,,共同通信,【速報】NY円、158円32~42銭,https://www.47news.jp/14982279.html,https://news.ceek.jp/search.cgi?category_id=business&feed=1,ok,,経済
2026-09-24,2026-09-24T08:14:46.896888+09:00,全国紙,全国,日本経済新聞,日本株ADR23日、全面安 野村やメガバンク下落,https://www.nikkei.com/article/DGXZQOFL2402G0U6A920C2000000/,https://news.ceek.jp/search.cgi?category_id=business&feed=1,ok,,経済
2026-09-24,2026-09-24T08:14:46.896888+09:00,その他メディア,,日刊工業新聞,ウシオ電機・ニコンなど開発...広がる「半導体直描露光」、後工程向け装置が戦国時代に,https://newswitch.jp/p/50337,https://news.ceek.jp/search.cgi?category_id=business&feed=1,ok,,経済
2026-09-24,2026-09-24T08:14:46.896888+09:00,その他メディア,,デイリースポーツ,米国と中国、首脳会談前に再協議,https://www.daily.co.jp/society/economics/2026/09/24/0020853551.shtml,https://news.ceek.jp/search.cgi?category_id=business&feed=1,ok,,経済
2026-09-24,2026-09-24T08:14:46.896888+09:00,その他メディア,,日刊工業新聞,容量10.9万kW時...ENEOSパワー、静岡に系統用蓄電所,https://newswitch.jp/p/50338,https://news.ceek.jp/search.cgi?category_id=business&feed=1,ok,,経済
2026-09-24,2026-09-24T08:14:46.896888+09:00,その他メディア,,日刊工業新聞,リコー系、デジタル一眼レフ「Kシリーズ」製造終了,https://newswitch.jp/p/50345,https://news.ceek.jp/search.cgi?category_id=business&feed=1,ok,,経済
2026-09-24,2026-09-24T08:14:46.896888+09:00,その他メディア,,日刊工業新聞,"日本初、ととのう“サウナ電車""...富士急が引退車両活用で日帰り施設",https://newswitch.jp/p/50339,https://news.ceek.jp/search.cgi?category_id=business&feed=1,ok,,経済
2026-09-24,2026-09-24T08:14:46.896888+09:00,その他メディア,,フジテレビ,"「なくなる前に行きたい」思い出いっぱいの“ご当地遊園地""が閉園へ 「ONOKORO」や「どんぐり村」も 維持費高騰と老朽化で閉園相次ぐ",https://www.fnn.jp/articles/-/1119832,https://news.ceek.jp/search.cgi?category_id=business&feed=1,ok,,経済
2026-09-24,2026-09-24T08:14:46.896888+09:00,その他メディア,,フジテレビ,"「家から出るのに2時間」ススキの絶景スポットで深刻な渋滞に 人口の300倍の観光客が押し寄せる村 住民からは悲鳴の声 “体験を重視""する若者多く直売所では売り上げ伸びず 奈良・曽爾高原",https://www.fnn.jp/articles/-/1119913,https://news.ceek.jp/search.cgi?category_id=business&feed=1,ok,,経済
2026-09-24,2026-09-24T08:14:46.896888+09:00,その他メディア,,ハーバード・ビジネス・レビュー,現場の声を変革の力に変える6つのステップ,https://dhbr.diamond.jp/articles/-/14584,https://news.ceek.jp/search.cgi?category_id=business&feed=1,ok,,経済
2026-09-24,2026-09-24T08:14:46.896888+09:00,その他メディア,,JBpress,「私たちは弾よけではない」...欧州で「徴兵制」が続々復活、なぜいま?【やさしく解説】徴兵制復活,https://jbpress.ismedia.jp/articles/-/97145,https://news.ceek.jp/search.cgi?category_id=business&feed=1,ok,,経済
2026-09-24,2026-09-24T08:14:46.896888+09:00,その他メディア,,東洋経済オンライン,業界2位の日本製紙の時価総額が3位のレンゴーと4位の大王より下となった製紙の構造要因...「脱製紙」での生き残りの成否 | ビジネス,https://toyokeizai.net/articles/-/958295,https://news.ceek.jp/search.cgi?category_id=business&feed=1,ok,,経済
2026-09-24,2026-09-24T08:14:46.896888+09:00,その他メディア,,東洋経済オンライン,〈半導体分野でも存在感〉ヤマ発はAI特需を起爆剤にどこまで成長するか? ロボティクス事業「第3の柱」への期待と課題 | ビジネス,https://toyokeizai.net/articles/-/958496,https://news.ceek.jp/search.cgi?category_id=business&feed=1,ok,,経済
2026-09-24,2026-09-24T08:14:46.896888+09:00,全国紙,全国,朝日新聞,米国の牛肉が高騰、干ばつで飼育数75年ぶり低水準 余波は日本にも,https://www.asahi.com/articles/ASV9K3JHFV9KULFA00QM.html,https://news.ceek.jp/search.cgi?category_id=business&feed=1,ok,,経済
2026-09-24,2026-09-24T08:14:46.896888+09:00,その他メディア,,JBpress,トヨタと日立が示す、AI時代の意思決定を支える「現場の知」の真価,https://jbpress.ismedia.jp/articles/-/97012,https://news.ceek.jp/search.cgi?category_id=business&feed=1,ok,,経済
2026-09-24,2026-09-24T08:14:46.896888+09:00,その他メディア,,東洋経済オンライン,OKIが長い構造改革から脱却、森社長が語る「再成長」への道筋...「社員に成長目指す意欲がなかった」内向き組織への処方箋 | ビジネス,https://toyokeizai.net/articles/-/957998,https://news.ceek.jp/search.cgi?category_id=business&feed=1,ok,,経済
2026-09-24,2026-09-24T08:14:46.896888+09:00,その他メディア,,東洋経済オンライン,「唐王朝は存在しない」荒唐無稽な歴史議論に中国共産党が本気で激怒...当局が「歴史の解釈権」を掌握したい3つの理由 | 政治・経済・投資,https://toyokeizai.net/articles/-/958488,https://news.ceek.jp/search.cgi?category_id=business&feed=1,ok,,経済
2026-09-24,2026-09-24T08:14:46.896888+09:00,その他メディア,,東洋経済オンライン,〈幹部直撃〉セールスフォースが出した「SaaS終末論」への答え...アンソロピック、エヌビディアと相次ぐ提携の舞台裏 | ビジネス,https://toyokeizai.net/articles/-/958585,https://news.ceek.jp/search.cgi?category_id=business&feed=1,ok,,経済
2026-09-24,2026-09-24T08:14:46.896888+09:00,その他メディア,,東洋経済オンライン,"発達障害のある学生「10年で約4倍増」...大学で露呈する深刻なSOS、筑波大学の""駆け込み寺""で行っている支援の中身 | キャリア・教育",https://toyokeizai.net/articles/-/958151?display=b,https://news.ceek.jp/search.cgi?category_id=business&feed=1,ok,,経済
2026-09-24,2026-09-24T08:14:46.896888+09:00,その他メディア,,東洋経済オンライン,「人を変えて守るセキュリティはうまくいかない」、元国連CISOが壮絶な経験を経て辿り着いた組織防衛の解 | ビジネス,https://toyokeizai.net/articles/-/958188?display=b,https://news.ceek.jp/search.cgi?category_id=business&feed=1,ok,,経済
2026-09-24,2026-09-24T08:14:46.896888+09:00,その他メディア,,デイリースポーツ,NY株続落、352ドル安,https://www.daily.co.jp/society/economics/2026/09/24/0020853539.shtml,https://news.ceek.jp/search.cgi?category_id=business&feed=1,ok,,経済
2026-09-24,2026-09-24T08:14:46.896888+09:00,その他メディア,,共同通信,NY株続落、352ドル安 原油高、企業業績に懸念,https://www.47news.jp/14982198.html,https://news.ceek.jp/search.cgi?category_id=business&feed=1,ok,,経済
2026-09-24,2026-09-24T08:14:46.896888+09:00,その他メディア,,JBpress,NECが覆した顔認証の常識、デザインが生んだ「新たな体験」とは,https://jbpress.ismedia.jp/articles/-/96937,https://news.ceek.jp/search.cgi?category_id=business&feed=1,ok,,経済
2026-09-24,2026-09-24T08:14:46.896888+09:00,その他メディア,,共同通信,NY原油反発、終値92ドル台 イラン強硬姿勢で買い優勢,https://www.47news.jp/14982166.html,https://news.ceek.jp/search.cgi?category_id=business&feed=1,ok,,経済
2026-09-24,2026-09-24T08:14:46.896888+09:00,その他メディア,,JBpress,"ワークマンは「服」を売っていない リカバリーウエアから始まる“快適な生活""市場への挑戦",https://jbpress.ismedia.jp/articles/-/96689,https://news.ceek.jp/search.cgi?category_id=business&feed=1,ok,,経済
2026-09-24,2026-09-24T08:14:46.896888+09:00,全国紙,全国,読売新聞,NYダウ終値、352ドル安の5万1511ドル...FRB「追加利上げ」との観測強まり長期金利が上昇,https://www.yomiuri.co.jp/economy/20260924-GYT1T00126/,https://news.ceek.jp/search.cgi?category_id=business&feed=1,ok,,経済
2026-09-24,2026-09-24T08:14:46.896888+09:00,その他メディア,,共同通信,NY株式 23日終値,https://www.47news.jp/14982188.html,https://news.ceek.jp/search.cgi?category_id=business&feed=1,ok,,経済
2026-09-24,2026-09-24T08:14:46.896888+09:00,全国紙,全国,日本経済新聞,原油高より怖い「ディーゼルショック」 配送コストが全面高に,https://www.nikkei.com/article/DGXZQOGN232YU0T20C26A9000000/,https://news.ceek.jp/search.cgi?category_id=business&feed=1,ok,,経済
2026-09-24,2026-09-24T08:14:46.896888+09:00,その他メディア,,デイリースポーツ,NY原油反発、終値92ドル台,https://www.daily.co.jp/society/economics/2026/09/24/0020853530.shtml,https://news.ceek.jp/search.cgi?category_id=business&feed=1,ok,,経済
2026-09-24,2026-09-24T08:14:46.896888+09:00,全国紙,全国,日本経済新聞,NYダウは続落し352ドル安 米長期金利上昇を嫌気、持ち高調整の売り,https://www.nikkei.com/article/DGXZQOFL2400O0U6A920C2000000/,https://news.ceek.jp/search.cgi?category_id=business&feed=1,ok,,経済
2026-09-24,2026-09-24T08:14:46.896888+09:00,その他メディア,,東洋経済オンライン,"《ゆっくりコロリ》2000人を看取った在宅緩和ケア医が語る""理想の最期""...自宅で穏やかに天寿を全うするための「3要点」 | ライフ",https://toyokeizai.net/articles/-/958786?display=b,https://news.ceek.jp/search.cgi?category_id=business&feed=1,ok,,経済
2026-09-24,2026-09-24T08:14:46.896888+09:00,その他メディア,,東洋経済オンライン,"健康で長生きするほど《「ピンピンコロリ」は99%失敗する》? 2000人を看取った在宅緩和ケア医が明かす""死に際の真実"" | ライフ",https://toyokeizai.net/articles/-/958783?display=b,https://news.ceek.jp/search.cgi?category_id=business&feed=1,ok,,経済
2026-09-24,2026-09-24T08:14:46.896888+09:00,その他メディア,,共同通信,【速報】NY株続落、352ドル安,https://www.47news.jp/14982157.html,https://news.ceek.jp/search.cgi?category_id=business&feed=1,ok,,経済
2026-09-24,2026-09-24T08:14:46.896888+09:00,全国紙,全国,日本経済新聞,米国株、ダウ続落し352ドル安 米金利の大幅上昇で ナスダック反落,https://www.nikkei.com/article/DGXZQOFL233CZ0T20C26A9000000/,https://news.ceek.jp/search.cgi?category_id=business&feed=1,ok,,経済
2026-09-24,2026-09-24T08:14:46.896888+09:00,全国紙,全国,日本経済新聞,NY商品、原油上昇 米イランの交渉停滞との見方で 金続落,https://www.nikkei.com/article/DGXZQOFL232UE0T20C26A9000000/,https://news.ceek.jp/search.cgi?category_id=business&feed=1,ok,,経済
2026-09-24,2026-09-24T08:14:46.896888+09:00,全国紙,全国,日本経済新聞,米国株、ダウ続落 米金利急騰を嫌気 米利上げ観測が重荷,https://www.nikkei.com/article/DGXZQOFL233D00T20C26A9000000/,https://news.ceek.jp/search.cgi?category_id=business&feed=1,ok,,経済
2026-09-24,2026-09-24T08:14:46.896888+09:00,その他メディア,,共同通信,箱の開封に便利な段ボールカッターに注目 セラミック刃で簡単開封【経済トレンド/気になる商品】,https://www.47news.jp/14982034.html,https://news.ceek.jp/search.cgi?category_id=business&feed=1,ok,,経済
2026-09-24,2026-09-24T08:14:46.896888+09:00,その他メディア,,デイリー新潮,「会社は俺を評価していない!」の不満をAIが劇的に減らしてくれる,https://www.dailyshincho.jp/article/2026/09240501/?all=1,https://news.ceek.jp/search.cgi?category_id=business&feed=1,ok,,経済
2026-09-24,2026-09-24T08:14:46.896888+09:00,その他メディア,,デイリー新潮,"「長期金利3%時代」は「変動型住宅ローン」も無関係ではいられない 見落とされている“連動リスク""とは",https://www.dailyshincho.jp/article/2026/09240500/?all=1,https://news.ceek.jp/search.cgi?category_id=business&feed=1,ok,,経済
2026-09-24,2026-09-24T08:14:46.896888+09:00,その他メディア,,現代ビジネス,iPhoneはもはや周回遅れのスマホに...各社が「折りたたみスマホ」の開発に躍起になる納得の事情,https://gendai.media/articles/-/171353,https://news.ceek.jp/search.cgi?category_id=business&feed=1,ok,,経済
2026-09-24,2026-09-24T08:14:46.896888+09:00,その他メディア,,現代ビジネス,"米中首脳会談の陰で...上場企業の4社に1社が赤字、投資家も「米国株」へ逃げ出す中国経済の“お寒い""実情",https://gendai.media/articles/-/171376,https://news.ceek.jp/search.cgi?category_id=business&feed=1,ok,,経済
2026-09-24,2026-09-24T08:14:46.896888+09:00,全国紙,全国,日本経済新聞,デジタル庁から伝わらぬ危機意識 サイバー被害、公表まで2カ月,https://www.nikkei.com/article/DGXZQOCD15BYF0V10C26A9000000/,https://news.ceek.jp/search.cgi?category_id=business&feed=1,ok,,経済
2026-09-24,2026-09-24T08:14:46.896888+09:00,全国紙,全国,日本経済新聞,中国半導体の1〜6月純利益7.2倍 AI活況、製造装置などに波及,https://www.nikkei.com/article/DGXZQOGM174J40X10C26A9000000/,https://news.ceek.jp/search.cgi?category_id=business&feed=1,ok,,経済
2026-09-24,2026-09-24T08:14:46.896888+09:00,全国紙,全国,日本経済新聞,スイス発シューズOn、無人工場「日本でも」 国旗マークで国論二分,https://www.nikkei.com/article/DGXZQOGR230EA0T20C26A9000000/,https://news.ceek.jp/search.cgi?category_id=business&feed=1,ok,,経済
2026-09-24,2026-09-24T08:14:46.896888+09:00,全国紙,全国,日本経済新聞,日本タングステン、原料粉末のリサイクル網構築へ 中国リスク抑制,https://www.nikkei.com/article/DGXZQOJC165Y60W6A710C2000000/,https://news.ceek.jp/search.cgi?category_id=business&feed=1,ok,,経済
2026-09-24,2026-09-24T08:14:46.896888+09:00,全国紙,全国,日本経済新聞,パートの給与変動、社会保険料への反映にズレ 経済団体が是正要望,https://www.nikkei.com/article/DGXZQOUA2838D0Y6A820C2000000/,https://news.ceek.jp/search.cgi?category_id=business&feed=1,ok,,経済
2026-09-24,2026-09-24T08:14:46.896888+09:00,全国紙,全国,日本経済新聞,企業年金連合会の理事長「賃金・物価高、企業は年金増額を真剣に検討」,https://www.nikkei.com/article/DGXZQOUB074R30X00C26A9000000/,https://news.ceek.jp/search.cgi?category_id=business&feed=1,ok,,経済
2026-09-24,2026-09-24T08:14:46.896888+09:00,全国紙,全国,日本経済新聞,野村・奥田健太郎社長「社債市場をもっと大きく」 金利上昇にらみ拡大,https://www.nikkei.com/article/DGXZQOUB164WF0W6A910C2000000/,https://news.ceek.jp/search.cgi?category_id=business&feed=1,ok,,経済
2026-09-24,2026-09-24T08:14:46.896888+09:00,全国紙,全国,日本経済新聞,三井化学・橋本修会長、社員とつながる「ラジオ番組」 悩みも共有,https://www.nikkei.com/article/DGXZQOUB314SQ0R30C26A8000000/,https://news.ceek.jp/search.cgi?category_id=business&feed=1,ok,,経済
2026-09-24,2026-09-24T08:14:46.896888+09:00,全国紙,全国,日本経済新聞,兼松エレクトロニクス渡辺社長「ASEANでサイバー需要取り込み」,https://www.nikkei.com/article/DGXZQOUC049KT0U6A900C2000000/,https://news.ceek.jp/search.cgi?category_id=business&feed=1,ok,,経済
2026-09-24,2026-09-24T08:14:46.896888+09:00,全国紙,全国,日本経済新聞,ホルムズ・熊本で光った供給網の「灯台」 レジリア、平時の設計生きる,https://www.nikkei.com/article/DGXZQOUC062V50W6A800C2000000/,https://news.ceek.jp/search.cgi?category_id=business&feed=1,ok,,経済
2026-09-24,2026-09-24T08:14:46.896888+09:00,全国紙,全国,日本経済新聞,ビズリーチ人事本部長が新卒に求める「仲間と協働する力」,https://www.nikkei.com/article/DGXZQOUC113LG0R10C26A9000000/,https://news.ceek.jp/search.cgi?category_id=business&feed=1,ok,,経済
2026-09-24,2026-09-24T08:14:46.896888+09:00,全国紙,全国,日本経済新聞,ドラマ「VIVANT」爆破映像にAI テレビ局、制作コスト削減へ活用,https://www.nikkei.com/article/DGXZQOUC141ZS0U6A810C2000000/,https://news.ceek.jp/search.cgi?category_id=business&feed=1,ok,,経済
2026-09-24,2026-09-24T08:14:46.896888+09:00,全国紙,全国,日本経済新聞,出版で広がる小ロット印刷 品切れ防ぎ在庫抑制、広済堂が新サービス,https://www.nikkei.com/article/DGXZQOUC15AVI0V10C26A9000000/,https://news.ceek.jp/search.cgi?category_id=business&feed=1,ok,,経済
2026-09-24,2026-09-24T08:14:46.896888+09:00,全国紙,全国,日本経済新聞,アキッパ、「泥臭い営業」強みにこぎつけた上場 M&Aで規模拡大へ,https://www.nikkei.com/article/DGXZQOUF144AM0U6A910C2000000/,https://news.ceek.jp/search.cgi?category_id=business&feed=1,ok,,経済
2026-09-24,2026-09-24T08:14:46.896888+09:00,全国紙,全国,日本経済新聞,商社、新資源は消費現場の情報網 「アイス運べない」伊藤忠が物流改革,https://www.nikkei.com/article/DGXZQOUC1090K0Q6A910C2000000/,https://news.ceek.jp/search.cgi?category_id=business&feed=1,ok,,経済
2026-09-24,2026-09-24T08:14:46.896888+09:00,その他メディア,,現代ビジネス,そのときAppleのiPhoneはどうなるのか...OpenAI製「ChatGPTスマホ」の登場が現実味を帯び始めた,https://gendai.media/articles/-/171354,https://news.ceek.jp/search.cgi?category_id=business&feed=1,ok,,経済
2026-09-24,2026-09-24T08:14:46.896888+09:00,その他メディア,,現代ビジネス,約5人に1人が失業し、学生街では無差別暴力事件が...中国で「ホームレス生存ガイド」600万回再生のワケ,https://gendai.media/articles/-/171377,https://news.ceek.jp/search.cgi?category_id=business&feed=1,ok,,経済
2026-09-24,2026-09-24T08:14:46.896888+09:00,その他メディア,,東洋経済オンライン,文系・理系の学生が選んだ「就職人気企業ランキング」......就活生1万3000人が投票した結果 | ライフ,https://toyokeizai.net/articles/-/958883?display=b,https://news.ceek.jp/search.cgi?category_id=business&feed=1,ok,,経済
2026-09-24,2026-09-24T08:14:46.896888+09:00,全国紙,全国,読売新聞,円安基調再び強まる、日銀「レートチェック」の効果は一時的...「1ドル=160円の水準に戻る可能性も」,https://www.yomiuri.co.jp/economy/20260923-GYT1T00274/,https://news.ceek.jp/search.cgi?category_id=business&feed=1,ok,,経済
2026-09-24,2026-09-24T08:14:46.896888+09:00,その他メディア,,日本金融通信,MUFG、衛星画像で担保評価 実地調査の最大9割代替,https://www.nikkinonline.com/article/424451,https://news.ceek.jp/search.cgi?category_id=business&feed=1,ok,,経済
2026-09-24,2026-09-24T08:14:46.896888+09:00,その他メディア,,日本金融通信,知財評価・分析から知る企業の成長性 第1回 財務諸表に表れない「技術力」をどう測るか,https://www.nikkinonline.com/article/416016,https://news.ceek.jp/search.cgi?category_id=business&feed=1,ok,,経済
2026-09-24,2026-09-24T08:14:46.896888+09:00,その他メディア,,日本金融通信,北陸銀、商品先物の相談増 価格変動リスク抑制で,https://www.nikkinonline.com/article/424470,https://news.ceek.jp/search.cgi?category_id=business&feed=1,ok,,経済
2026-09-24,2026-09-24T08:14:46.896888+09:00,その他メディア,,日本金融通信,あなたの中にも化石? 職場の思い込み13種図鑑に 女性行職員有志が制作,https://www.nikkinonline.com/article/424488,https://news.ceek.jp/search.cgi?category_id=business&feed=1,ok,,経済
2026-09-24,2026-09-24T08:14:46.896888+09:00,全国紙,全国,日本経済新聞,米中晩さん会、GMやNVIDIAトップ出席 中国企業は参加せずと米報道,https://www.nikkei.com/article/DGXZQOGN232XC0T20C26A9000000/,https://news.ceek.jp/search.cgi?category_id=business&feed=1,ok,,経済
2026-09-24,2026-09-24T08:14:46.896888+09:00,その他メディア,,日本金融通信,三井住友海上、代理店の評価担当を配置 27年度に運営本格化,https://www.nikkinonline.com/article/424511,https://news.ceek.jp/search.cgi?category_id=business&feed=1,ok,,経済
2026-09-24,2026-09-24T08:14:46.896888+09:00,その他メディア,,日本金融通信,館山信金の育英基金10期、卒業生半数が地元就職 奨学金で人材還流,https://www.nikkinonline.com/article/424538,https://news.ceek.jp/search.cgi?category_id=business&feed=1,ok,,経済
2026-09-24,2026-09-24T08:14:46.896888+09:00,その他メディア,,東洋経済オンライン,京急最古参、1500形「真っ赤な電車」が変えた常識 初採用の仕様あれば最後になった「伝統」も | ビジネス,https://toyokeizai.net/articles/-/957778?display=b,https://news.ceek.jp/search.cgi?category_id=business&feed=1,ok,,経済
2026-09-24,2026-09-24T08:14:46.896888+09:00,その他メディア,,日本金融通信,事業承継機構、株式永久保有で支援 連結対象企業が30社超へ,https://www.nikkinonline.com/article/424547,https://news.ceek.jp/search.cgi?category_id=business&feed=1,ok,,経済
2026-09-24,2026-09-24T08:14:46.896888+09:00,全国紙,全国,日本経済新聞,「金融政策は緩くない」利上げ批判 トランプ氏側近のミラン元FRB理事,https://www.nikkei.com/article/DGXZQOGN18CGF0Y6A910C2000000/,https://news.ceek.jp/search.cgi?category_id=business&feed=1,ok,,経済
2026-09-24,2026-09-24T08:14:46.896888+09:00,全国紙,全国,日本経済新聞,リゾート会員権で豪華ホテルを身近に ゴルフや温泉、割安に宿泊,https://www.nikkei.com/article/DGXZQOUB032EE0T00C26A8000000/,https://news.ceek.jp/search.cgi?category_id=business&feed=1,ok,,経済
2026-09-24,2026-09-24T08:14:46.896888+09:00,全国紙,全国,日本経済新聞,経済アナリスト・森永康平さんが金融教育を始めたわけ(佐田志歩),https://www.nikkei.com/article/DGXZQOUB169VE0W6A910C2000000/,https://news.ceek.jp/search.cgi?category_id=business&feed=1,ok,,経済
2026-09-24,2026-09-24T08:14:46.896888+09:00,全国紙,全国,日本経済新聞,米マクドナルド、世界の加盟店に1.3兆円投資 AI使った店舗支援導入,https://www.nikkei.com/article/DGXZQOGN232VO0T20C26A9000000/,https://news.ceek.jp/search.cgi?category_id=business&feed=1,ok,,経済
2026-09-24,2026-09-24T08:14:46.896888+09:00,その他メディア,,JBpress,教科書的な「一般解」ではなぜ人は動かないのか? AI時代に価値が高まる現場の「固有解」,https://jbpress.ismedia.jp/articles/-/96573,https://news.ceek.jp/search.cgi?category_id=business&feed=1,ok,,経済
2026-09-24,2026-09-24T08:14:46.896888+09:00,その他メディア,,JBpress,「答えを相手から引き出す」 パナソニックが事業変革で重視した事業部門の主体性,https://jbpress.ismedia.jp/articles/-/96581,https://news.ceek.jp/search.cgi?category_id=business&feed=1,ok,,経済
2026-09-24,2026-09-24T08:14:46.896888+09:00,全国紙,全国,日本経済新聞,ドイツ株23日 反落、原油上昇が重荷 防衛関連には買い,https://www.nikkei.com/article/DGXZQOFL232MM0T20C26A9000000/,https://news.ceek.jp/search.cgi?category_id=business&feed=1,ok,,経済
2026-09-24,2026-09-24T08:14:46.896888+09:00,その他メディア,,JBpress,蜀を打ち立てた劉備と最古参の盟友3人・簡雍、孫乾、麋竺、歴史から消えた3人が知る、劉備という男の真の姿三国志に学ぶ企業変革のすゝめ (59),https://jbpress.ismedia.jp/articles/-/96850,https://news.ceek.jp/search.cgi?category_id=business&feed=1,ok,,経済
2026-09-24,2026-09-24T08:14:46.896888+09:00,全国紙,全国,日本経済新聞,ロンドン株23日 小幅続落、原油値上がりでインフレ警戒,https://www.nikkei.com/article/DGXZQOFL232MJ0T20C26A9000000/,https://news.ceek.jp/search.cgi?category_id=business&feed=1,ok,,経済
2026-09-24,2026-09-24T08:14:46.896888+09:00,その他メディア,,共同通信,為替相場 24日(日本時間 2時),https://www.47news.jp/14978804.html,https://news.ceek.jp/search.cgi?category_id=business&feed=1,ok,,経済
2026-09-24,2026-09-24T08:14:46.896888+09:00,全国紙,全国,日本経済新聞,廃プラ入札で「高品質」枠、28年度新設へ 車向け再生材など需要拡大,https://www.nikkei.com/article/DGXZQOUA028SK0S6A900C2000000/,https://news.ceek.jp/search.cgi?category_id=business&feed=1,ok,,経済
2026-09-24,2026-09-24T08:14:46.896888+09:00,全国紙,全国,日本経済新聞,JR九州、銀行・証券サービス参入 SBIと提携し総合金融アプリ,https://www.nikkei.com/article/DGXZQOUB16BJ20W6A910C2000000/,https://news.ceek.jp/search.cgi?category_id=business&feed=1,ok,,経済
2026-09-24,2026-09-24T08:14:46.896888+09:00,その他メディア,,フジテレビ,スパイダーマンの服でうつぶせに 40km離れた島の海岸で性別不明遺体 5日から不明の6歳男児か 身元確認急ぐ 山形・酒田市,https://www.fnn.jp/articles/-/1119940,https://news.ceek.jp/search.cgi?category_id=national&feed=1,ok,,社会
2026-09-24,2026-09-24T08:14:46.896888+09:00,その他メディア,,日刊スポーツ,日本肥満症予防協会・宮崎滋理事長の「11の健康障害を起こす『肥満・肥満症』対策」/連載一覧,https://www.nikkansports.com/general/nikkan/news/202605310000567.html,https://news.ceek.jp/search.cgi?category_id=national&feed=1,ok,,社会
2026-09-24,2026-09-24T08:14:46.896888+09:00,全国紙,全国,読売新聞,刑務所で食中毒、受刑者が調理した給食で18人が腹痛・下痢...4日間の営業停止・非常食や弁当発注で対応,https://www.yomiuri.co.jp/national/20260923-GYT1T00207/,https://news.ceek.jp/search.cgi?category_id=national&feed=1,ok,,社会
2026-09-24,2026-09-24T08:14:46.896888+09:00,全国紙,全国,朝日新聞,東日本大震災で失った孫が「守ってくれた」 熊本地震で生きた備え,https://www.asahi.com/articles/ASV9L123RV9LUNHB00HM.html,https://news.ceek.jp/search.cgi?category_id=national&feed=1,ok,,社会
2026-09-24,2026-09-24T08:14:46.896888+09:00,その他メディア,,フジテレビ,【台風情報】台風26号の今後の進路は?強い勢力で週明けに沖縄に接近の見込み 関東など本州でも雨が強まる恐れ,https://www.fnn.jp/articles/-/1119937,https://news.ceek.jp/search.cgi?category_id=national&feed=1,ok,,社会
2026-09-24,2026-09-24T08:14:46.896888+09:00,その他メディア,,フジテレビ,"2階建て倉庫に放火した疑いで58歳の女を再逮捕...""不審火""続いた札幌市東区",https://www.fnn.jp/articles/-/1119938,https://news.ceek.jp/search.cgi?category_id=national&feed=1,ok,,社会
2026-09-24,2026-09-24T08:14:46.896888+09:00,その他メディア,,デイリースポーツ,習主席が国賓として訪米開始,https://www.daily.co.jp/society/main/2026/09/24/0020853645.shtml,https://news.ceek.jp/search.cgi?category_id=national&feed=1,ok,,社会
2026-09-24,2026-09-24T08:14:46.896888+09:00,その他メディア,,デイリースポーツ,昨季覇者Bジェイズ、PS逃す,https://www.daily.co.jp/society/main/2026/09/24/0020853640.shtml,https://news.ceek.jp/search.cgi?category_id=national&feed=1,ok,,社会
2026-09-24,2026-09-24T08:14:46.896888+09:00,その他メディア,,フジテレビ,中央線はみ出した中型バイクが対向車線の車と正面衝突 バイクを運転していた18歳男性が死亡 片側1車線の緩やかなカーブ,https://www.fnn.jp/articles/-/1119936,https://news.ceek.jp/search.cgi?category_id=national&feed=1,ok,,社会
2026-09-24,2026-09-24T08:14:46.896888+09:00,その他メディア,,フジテレビ,【台風情報】台風26号の進路予想 沖縄に接近へ その後北東に進めば西日本・東海・関東に影響のおそれ 今後の進路は不確定で最新情報に注意,https://www.fnn.jp/articles/-/1119934,https://news.ceek.jp/search.cgi?category_id=national&feed=1,ok,,社会
2026-09-24,2026-09-24T08:14:46.896888+09:00,その他メディア,,フジテレビ,【速報】公園で休んでいた会社役員の男性が暴行受け現金100万円が入ったカバンなど奪われる 男性は軽傷 警察が強盗致傷事件として捜査 大阪・北区,https://www.fnn.jp/articles/-/1119935,https://news.ceek.jp/search.cgi?category_id=national&feed=1,ok,,社会
2026-09-24,2026-09-24T08:14:46.896888+09:00,その他メディア,,フジテレビ,「右のエンジンがガタガタと」全日空機が那覇空港に緊急着陸 エンジンに不具合 乗客ら150人機体から脱出しけが人も,https://www.fnn.jp/articles/-/1119932,https://news.ceek.jp/search.cgi?category_id=national&feed=1,ok,,社会
2026-09-24,2026-09-24T08:14:46.896888+09:00,その他メディア,,デイリースポーツ,4都府県で募集上限を超過,https://www.daily.co.jp/society/national/2026/09/24/0020853626.shtml,https://news.ceek.jp/search.cgi?category_id=national&feed=1,ok,,社会
2026-09-24,2026-09-24T08:14:46.896888+09:00,その他メディア,,アサ芸プラス,キャバクラ倒産が増加しても地方のスナック街が栄えるワケ...長崎「思案橋」と宮崎「ニシタチ」の場合,https://www.asagei.com/excerpt/349642,https://news.ceek.jp/search.cgi?category_id=national&feed=1,ok,,社会
2026-09-24,2026-09-24T08:14:46.896888+09:00,その他メディア,,TBSテレビ,八潮市の河川敷で軽ワゴン車が炎上 車内から1人の遺体,https://newsdig.tbs.co.jp/articles/-/2963269?display=1,https://news.ceek.jp/search.cgi?category_id=national&feed=1,ok,,社会
2026-09-24,2026-09-24T08:14:46.896888+09:00,その他メディア,,フジテレビ,かやぶきの里で一面真っ白に咲く「ソバの花」が見ごろ 京都・南丹市美山町,https://www.fnn.jp/articles/-/1119930,https://news.ceek.jp/search.cgi?category_id=national&feed=1,ok,,社会
2026-09-24,2026-09-24T08:14:46.896888+09:00,その他メディア,,フジテレビ,「飛行機で謝罪に来い」2カ月間毎日要求 来週からカスハラ対策強化 セミナー開催、怒声を変換アプリ、学校教育など,https://www.fnn.jp/articles/-/1117622,https://news.ceek.jp/search.cgi?category_id=national&feed=1,ok,,社会
2026-09-24,2026-09-24T08:14:46.896888+09:00,その他メディア,,週刊プレイボーイ,"menu撤退で""三強時代""に突入!? ウーバーイーツ配達員目線でフードデリバリー業界の未来を予想【チャリンコ爆走配達日誌】",https://wpb.shueisha.co.jp/news/society/20260924-132823/,https://news.ceek.jp/search.cgi?category_id=national&feed=1,ok,,社会
2026-09-24,2026-09-24T08:14:46.896888+09:00,その他メディア,,アサ芸プラス,【古代エジプト新事実】ツタンカーメンの墓に「奥の隠し部屋」発見!黄金のマスクは「使い回し」だった,https://www.asagei.com/excerpt/349640,https://news.ceek.jp/search.cgi?category_id=national&feed=1,ok,,社会
2026-09-24,2026-09-24T08:14:46.896888+09:00,その他メディア,,フジテレビ,5日から行方不明の6歳男児か 島の海岸で身元不明の遺体 スパイダーマンの衣服着用し岩場でうつ伏せに 山形・酒田市,https://www.fnn.jp/articles/-/1119920,https://news.ceek.jp/search.cgi?category_id=national&feed=1,ok,,社会
2026-09-24,2026-09-24T08:14:46.896888+09:00,その他メディア,,サンケイスポーツ,米マクドナルド、1兆円超投資へ 加盟店のAI導入支援,https://www.sanspo.com/article/20260924-BZ77DCY5GNP7XLPV3VQAPPARGE/,https://news.ceek.jp/search.cgi?category_id=national&feed=1,ok,,社会
2026-09-24,2026-09-24T08:14:46.896888+09:00,その他メディア,,フジテレビ,住宅で火事 周囲の合わせて6棟に延焼 2人けがで搬送も命に別条なし 東京・足立区,https://www.fnn.jp/articles/-/1119925,https://news.ceek.jp/search.cgi?category_id=national&feed=1,ok,,社会
2026-09-24,2026-09-24T08:14:46.896888+09:00,その他メディア,,フジテレビ,新宿でビル火災 煙吸うなどし4人搬送 7階の焼き肉店から出火し5時間後に消し止められる JR新宿駅東口前,https://www.fnn.jp/articles/-/1119924,https://news.ceek.jp/search.cgi?category_id=national&feed=1,ok,,社会
2026-09-24,2026-09-24T08:14:46.896888+09:00,その他メディア,,デイリースポーツ,「AIが戦況決定」警告,https://www.daily.co.jp/society/main/2026/09/24/0020853579.shtml,https://news.ceek.jp/search.cgi?category_id=national&feed=1,ok,,社会
2026-09-24,2026-09-24T08:14:46.896888+09:00,全国紙,全国,産経新聞,被災時は6割が「在宅避難」を希望、避難所の1割に大差 セコム調査,https://www.sankei.com/article/20260924-E7P4UUYKCNI7FC3KB4CIYCUXK4/,https://news.ceek.jp/search.cgi?category_id=national&feed=1,ok,,社会
2026-09-24,2026-09-24T08:14:46.896888+09:00,その他メディア,,フジテレビ,全日空機でエンジントラブル 那覇空港に引き返し緊急着陸 乗客ら150人機体から脱出「右のエンジンがガタガタと」,https://www.fnn.jp/articles/-/1119917,https://news.ceek.jp/search.cgi?category_id=national&feed=1,ok,,社会
2026-09-24,2026-09-24T08:14:46.896888+09:00,その他メディア,,フジテレビ,岩手県で最大震度2の地震 岩手県・軽米町,https://www.fnn.jp/articles/-/1119926,https://news.ceek.jp/search.cgi?category_id=national&feed=1,ok,,社会
2026-09-24,2026-09-24T08:14:46.896888+09:00,その他メディア,,フジテレビ,【地震】岩手県内で震度2 岩手県沖を震源とする最大震度2の地震が発生 津波の心配なし,https://www.fnn.jp/articles/-/1119927,https://news.ceek.jp/search.cgi?category_id=national&feed=1,ok,,社会
2026-09-24,2026-09-24T08:14:46.896888+09:00,その他メディア,,デイリースポーツ,米映画界元大物に禁錮15年,https://www.daily.co.jp/society/main/2026/09/24/0020853570.shtml,https://news.ceek.jp/search.cgi?category_id=national&feed=1,ok,,社会
2026-09-24,2026-09-24T08:14:46.896888+09:00,その他メディア,,フジテレビ,台風26号が発生 発達しながら西寄りに進む 暴風域伴い強い勢力で週明けに沖縄に接近見込み,https://www.fnn.jp/articles/-/1119916,https://news.ceek.jp/search.cgi?category_id=national&feed=1,ok,,社会
2026-09-24,2026-09-24T08:14:46.896888+09:00,その他メディア,,集英社オンライン,なぜ習近平は自ら選んだ軍幹部を次々切るのか...「失脚36人、疑い含め101人」の異常事態、問われる最高指導者の「人を見る目」,https://shueisha.online/articles/-/258666,https://news.ceek.jp/search.cgi?category_id=national&feed=1,ok,,社会
2026-09-24,2026-09-24T08:14:46.896888+09:00,その他メディア,,フジテレビ,台風25号被害 死亡10人安否不明4人 印旛沼の堤防決壊し広範囲に浸水 千葉県で住宅625棟被害 停電の長期化も,https://www.fnn.jp/articles/-/1119914,https://news.ceek.jp/search.cgi?category_id=national&feed=1,ok,,社会
2026-09-24,2026-09-24T08:14:46.896888+09:00,その他メディア,,フジテレビ,大規模な停電や断水続く千葉県 浸水した住宅で排水作業 家電製品や家財は廃棄 道路陥没や土砂崩れなどで復旧遅れも,https://www.fnn.jp/articles/-/1119915,https://news.ceek.jp/search.cgi?category_id=national&feed=1,ok,,社会
2026-09-24,2026-09-24T08:14:46.896888+09:00,その他メディア,,フジテレビ,【速報】JR京都線・JR宝塚線・JR東西線・学研都市線の一部列車に遅れ 踏切内で人が立ち往生した影響で,https://www.fnn.jp/articles/-/1119922,https://news.ceek.jp/search.cgi?category_id=national&feed=1,ok,,社会
2026-09-24,2026-09-24T08:14:46.896888+09:00,その他メディア,,フジテレビ,違法駐車の取り締まり中に...パトカーの追跡受けた車が自転車2台と衝突し女子高校生2人がケガ 車はそのまま逃走,https://www.fnn.jp/articles/-/1119918,https://news.ceek.jp/search.cgi?category_id=national&feed=1,ok,,社会
2026-09-24,2026-09-24T08:14:46.896888+09:00,その他メディア,,デイリースポーツ,被災時、6割が「在宅」を希望,https://www.daily.co.jp/society/national/2026/09/24/0020853557.shtml,https://news.ceek.jp/search.cgi?category_id=national&feed=1,ok,,社会
2026-09-24,2026-09-24T08:14:46.896888+09:00,その他メディア,,共同通信,イタリア、原発再導入へ法成立 次世代炉を想定、世論賛成,https://www.47news.jp/14982246.html,https://news.ceek.jp/search.cgi?category_id=national&feed=1,ok,,社会
2026-09-24,2026-09-24T08:14:46.896888+09:00,その他メディア,,共同通信,被災時、6割が「在宅」を希望 避難所に大差、セコム調査,https://www.47news.jp/14982218.html,https://news.ceek.jp/search.cgi?category_id=national&feed=1,ok,,社会
2026-09-24,2026-09-24T08:14:46.896888+09:00,その他メディア,,サンケイスポーツ,米映画界元大物、ワインスタイン受刑者に禁錮15年,https://www.sanspo.com/article/20260924-S7SMP5QIIVIBXFTDWTSJPBVV6M/,https://news.ceek.jp/search.cgi?category_id=national&feed=1,ok,,社会
2026-09-24,2026-09-24T08:14:46.896888+09:00,その他メディア,,女性自身,"「サイレンも聞こえなかった」八王子・19歳巡査が交番内で拳銃自殺か...現場周辺で目撃されていた“異変""",https://jisin.jp/domestic/2601680/,https://news.ceek.jp/search.cgi?category_id=national&feed=1,ok,,社会
2026-09-24,2026-09-24T08:14:46.896888+09:00,その他メディア,,テレビ朝日,【画像80枚】印旛沼で堤防の一部が決壊、佐倉市では大規模冠水 台風25号の大雨で千葉や神奈川で土砂崩れなどが発生 10人死亡4人行方不明 JR内房線は全線再開まで3カ月【台風情報まとめ】,https://news.tv-asahi.co.jp/news_society/articles/900199599.html,https://news.ceek.jp/search.cgi?category_id=national&feed=1,ok,,社会
2026-09-24,2026-09-24T08:14:46.896888+09:00,その他メディア,,東京スポーツ新聞,「トランプTV」同時視聴者数1000人割れも CNNなど排除で露呈した不人気,https://www.tokyo-sports.co.jp/articles/-/404186,https://news.ceek.jp/search.cgi?category_id=national&feed=1,ok,,社会
2026-09-24,2026-09-24T08:14:46.896888+09:00,その他メディア,,現代ビジネス,「勃たなくなったら終わり」はもう古い...「人生最高のSEXは60代」という驚きの調査結果,https://gendai.media/articles/-/171062,https://news.ceek.jp/search.cgi?category_id=national&feed=1,ok,,社会
2026-09-24,2026-09-24T08:14:46.896888+09:00,その他メディア,,現代ビジネス,米倉涼子、早々と楽天CMで〝テレビ復帰〟...業界関係者が語る「ドクターX復活SPがベスト」の理由,https://gendai.media/articles/-/171383,https://news.ceek.jp/search.cgi?category_id=national&feed=1,ok,,社会
2026-09-24,2026-09-24T08:14:46.896888+09:00,その他メディア,,現代ビジネス,「社労士から見てどう思います?」...30代「転職活動中の女性」が求人票のある一言に「怖くなった」ワケ,https://gendai.media/articles/-/170933,https://news.ceek.jp/search.cgi?category_id=national&feed=1,ok,,社会
2026-09-24,2026-09-24T08:14:46.896888+09:00,その他メディア,,東京スポーツ新聞,高市首相の発言にトランプ大統領「聞いたか?」とゴキゲン 通訳の意訳で誤ったイメージ浸透も,https://www.tokyo-sports.co.jp/articles/-/404188,https://news.ceek.jp/search.cgi?category_id=national&feed=1,ok,,社会
2026-09-24,2026-09-24T08:14:46.896888+09:00,その他メディア,,現代ビジネス,「射精回数が多いほど前立腺がんリスクが低下」「更年期症状が軽減」...最新研究でわかった「セックスと健康」の意外な関係,https://gendai.media/articles/-/171061,https://news.ceek.jp/search.cgi?category_id=national&feed=1,ok,,社会
2026-09-24,2026-09-24T08:14:46.896888+09:00,全国紙,全国,朝日新聞,【体験談を募集】「ジェンダーのモヤッ 令和のリアル」語りませんか,https://www.asahi.com/articles/ASV9G25FSV9GDIFI003M.html,https://news.ceek.jp/search.cgi?category_id=national&feed=1,ok,,社会
2026-09-24,2026-09-24T08:14:46.896888+09:00,その他メディア,,日刊ゲンダイ,"下品な「カネをくれてやるセレモニー」 予算編成権を武器に自民の“集票マシン""を取り込んだ",https://www.nikkan-gendai.com/articles/view/news/393163,https://news.ceek.jp/search.cgi?category_id=national&feed=1,ok,,社会
2026-09-24,2026-09-24T08:14:46.896888+09:00,その他メディア,,現代ビジネス,これは「やりがい搾取」?...求人票の「ある一言」に30代女性が大混乱「思っていた働き方と違った」を避けるためにすべきこと,https://gendai.media/articles/-/170971,https://news.ceek.jp/search.cgi?category_id=national&feed=1,ok,,社会
2026-09-24,2026-09-24T08:14:46.896888+09:00,その他メディア,,テレビ朝日,JR貨物社員を逮捕 工事発注で便宜を図る 約90万円賄賂受け取ったか,https://news.tv-asahi.co.jp/news_society/articles/000535459.html,https://news.ceek.jp/search.cgi?category_id=national&feed=1,ok,,社会
2026-09-24,2026-09-24T08:14:46.896888+09:00,その他メディア,,サンケイスポーツ,サイバー民間防衛で協力 オープンAIとウクライナ,https://www.sanspo.com/article/20260924-DI7YJJ6LDVMBBEM2SUSZ7L4JXQ/,https://news.ceek.jp/search.cgi?category_id=national&feed=1,ok,,社会
2026-09-24,2026-09-24T08:14:46.896888+09:00,その他メディア,,テレビ朝日,台風25号による死者10人に JR内房線は全線再開まで3カ月,https://news.tv-asahi.co.jp/news_society/articles/000535462.html,https://news.ceek.jp/search.cgi?category_id=national&feed=1,ok,,社会
2026-09-24,2026-09-24T08:14:46.896888+09:00,その他メディア,,テレビ朝日,ANA機エンジントラブルか 緊急着陸 乗客ら脱出用スライドで避難,https://news.tv-asahi.co.jp/news_society/articles/000535464.html,https://news.ceek.jp/search.cgi?category_id=national&feed=1,ok,,社会
2026-09-24,2026-09-24T08:14:46.896888+09:00,その他メディア,,テレ東BIZ,イラン大統領が国連演説 「われわれはテロの被害者」,https://txbiz.tv-tokyo.co.jp/txn/news_txn/post_349215,https://news.ceek.jp/search.cgi?category_id=national&feed=1,ok,,社会
2026-09-24,2026-09-24T08:14:46.896888+09:00,その他メディア,,テレ東BIZ,インフレ懸念で金利高 米住宅ローン30年固定で7%,https://txbiz.tv-tokyo.co.jp/txn/news_txn/post_349216,https://news.ceek.jp/search.cgi?category_id=national&feed=1,ok,,社会
2026-09-24,2026-09-24T08:14:46.896888+09:00,その他メディア,,テレ東BIZ,米 ユーロ圏 総合PMI高水準 新規受注が拡大,https://txbiz.tv-tokyo.co.jp/txn/news_txn/post_349217,https://news.ceek.jp/search.cgi?category_id=national&feed=1,ok,,社会
2026-09-24,2026-09-24T08:14:46.896888+09:00,その他メディア,,テレ東BIZ,米マクドナルド 競争力強化へ フランチャイズ店支援に1.3兆円,https://txbiz.tv-tokyo.co.jp/txn/news_txn/post_349218,https://news.ceek.jp/search.cgi?category_id=national&feed=1,ok,,社会
2026-09-24,2026-09-24T08:14:46.896888+09:00,その他メディア,,テレ東BIZ,米露外相会談 「プーチン大統領をG20に招待」,https://txbiz.tv-tokyo.co.jp/txn/news_txn/post_349219,https://news.ceek.jp/search.cgi?category_id=national&feed=1,ok,,社会
2026-09-24,2026-09-24T08:14:46.896888+09:00,その他メディア,,デイリー新潮,与謝蕪村「菜の花や 月は東に 日は西に」――これって本当に名句なの? プロが教える「納得の理由」,https://www.dailyshincho.jp/article/2026/09240532/?all=1,https://news.ceek.jp/search.cgi?category_id=national&feed=1,ok,,社会
2026-09-24,2026-09-24T08:14:46.896888+09:00,その他メディア,,スポニチ,移動動物園でエミュー脱走、捕獲 過去にカンガルー、ヤマアラシも,https://www.sponichi.co.jp/society/news/2026/09/24/kiji/20260923s00042000527000c.html,https://news.ceek.jp/search.cgi?category_id=national&feed=1,ok,,社会
2026-09-24,2026-09-24T08:14:46.896888+09:00,その他メディア,,スポニチ,国際刑事裁判所(ICC)と国際司法裁判所(ICJ)ノーベル平和賞候補 ともに日本人所長,https://www.sponichi.co.jp/society/news/2026/09/24/kiji/20260923s00042000515000c.html,https://news.ceek.jp/search.cgi?category_id=national&feed=1,ok,,社会
2026-09-24,2026-09-24T08:14:46.896888+09:00,その他メディア,,スポニチ,山形 離島に子供の遺体 5日から行方不明の6歳男児か,https://www.sponichi.co.jp/society/news/2026/09/24/kiji/20260923s00042000530000c.html,https://news.ceek.jp/search.cgi?category_id=national&feed=1,ok,,社会
2026-09-24,2026-09-24T08:14:46.896888+09:00,その他メディア,,スポニチ,トランプ米大統領 また改称癖 AI→「SI」提唱 国連総会で言いたい放題,https://www.sponichi.co.jp/society/news/2026/09/24/kiji/20260923s00042000512000c.html,https://news.ceek.jp/search.cgi?category_id=national&feed=1,ok,,社会
2026-09-24,2026-09-24T08:14:46.896888+09:00,その他メディア,,スポニチ,千葉・印旛沼の堤防2カ所決壊 68年管理開始以降初 死者合計10人に,https://www.sponichi.co.jp/society/news/2026/09/24/kiji/20260923s00042000533000c.html,https://news.ceek.jp/search.cgi?category_id=national&feed=1,ok,,社会
2026-09-24,2026-09-24T08:14:46.896888+09:00,その他メディア,,スポニチ,高市首相 中国けん制 日米の蜜月ぶり強調「世界に向けて日米同盟の強さを示すことになる」,https://www.sponichi.co.jp/society/news/2026/09/24/kiji/20260924s00042000047000c.html,https://news.ceek.jp/search.cgi?category_id=national&feed=1,ok,,社会
2026-09-24,2026-09-24T08:14:46.896888+09:00,その他メディア,,スポニチ,「トランプTV」開設 主要局の取材ボイコットに対抗,https://www.sponichi.co.jp/society/news/2026/09/24/kiji/20260923s00042000513000c.html,https://news.ceek.jp/search.cgi?category_id=national&feed=1,ok,,社会
2026-09-24,2026-09-24T08:14:46.896888+09:00,その他メディア,,スポニチ,福岡3歳死亡事故 容疑者「前日と当日」飲酒か,https://www.sponichi.co.jp/society/news/2026/09/24/kiji/20260923s00042000522000c.html,https://news.ceek.jp/search.cgi?category_id=national&feed=1,ok,,社会
2026-09-24,2026-09-24T08:14:46.896888+09:00,その他メディア,,デイリー新潮,"年収500万円・42歳女性を蝕む“ドパ中年""浪費「コンビニスイーツ、インスタで見た服を爆買い...」 対策は「物理で遮断」「欲望を株へ」【FPが助言】",https://www.dailyshincho.jp/article/2026/09240505/?all=1,https://news.ceek.jp/search.cgi?category_id=national&feed=1,ok,,社会
2026-09-24,2026-09-24T08:14:46.896888+09:00,その他メディア,,デイリー新潮,"「私じゃなかったらもっと金利は上がっていた」片山さつき財務相は自信を深め...高市首相との間に“隙間風""でも交代させられなかった理由",https://www.dailyshincho.jp/article/2026/09240503/?all=1,https://news.ceek.jp/search.cgi?category_id=national&feed=1,ok,,社会
2026-09-24,2026-09-24T08:14:46.896888+09:00,その他メディア,,デイリー新潮,"辺野古沖事故への“不誠実対応""は「捜査中だったので」 玉城デニー氏が“直撃""に答えた「15万票差惨敗」の背景",https://www.dailyshincho.jp/article/2026/09240502/?all=1,https://news.ceek.jp/search.cgi?category_id=national&feed=1,ok,,社会
2026-09-24,2026-09-24T08:14:46.896888+09:00,全国紙,全国,読売新聞,白木万理さん、3年前に死去していた...藤田まことさんの「必殺」シリーズ中村主水の妻役,https://www.yomiuri.co.jp/national/20260923-GYT1T00182/,https://news.ceek.jp/search.cgi?category_id=national&feed=1,ok,,社会
2026-09-24,2026-09-24T08:14:46.896888+09:00,その他メディア,,フジテレビ,"【時価17万円相当】""収獲前""の農作物175キロが農業用ハウスから盗まれる_何者かが侵入して持ち去ったとみて窃盗容疑で捜査〈北海道今金町〉",https://www.fnn.jp/articles/-/1119911,https://news.ceek.jp/search.cgi?category_id=national&feed=1,ok,,社会
2026-09-24,2026-09-24T08:14:46.896888+09:00,全国紙,全国,読売新聞,がん病院集約 賛成半数...1万人調査 交通手段確保求める声,https://www.yomiuri.co.jp/medical/20260924-GYT1T00065/,https://news.ceek.jp/search.cgi?category_id=national&feed=1,ok,,社会
2026-09-24,2026-09-24T08:14:46.896888+09:00,その他メディア,,サンケイスポーツ,小野伸二氏、高原直泰氏が癒やされた 沖縄の1棟貸し宿泊施設「ESQVA THE HEAVENS OKINAWA Villa OCEAN」説明会に出席,https://www.sanspo.com/article/20260924-LNW67DYN5NP6JGLXQUGBHXNPEA/,https://news.ceek.jp/search.cgi?category_id=national&feed=1,ok,,社会
2026-09-24,2026-09-24T08:14:46.896888+09:00,その他メディア,,WEDGE Infinity,水銀「不検出」も住民の不安が消えないのはなぜ?熊本地震で水俣湾埋め立て地が液状化...「安全」宣言する行政に必要なこととは?,https://wedge.ismedia.jp/articles/-/41109,https://news.ceek.jp/search.cgi?category_id=national&feed=1,ok,,社会
2026-09-24,2026-09-24T08:14:46.896888+09:00,全国紙,全国,読売新聞,[医療ルネサンス]熱中症クライシス<2>集団発生 救急車不足も,https://www.yomiuri.co.jp/medical/renaissance/20260923-GYT8T00084/,https://news.ceek.jp/search.cgi?category_id=national&feed=1,ok,,社会
2026-09-24,2026-09-24T08:14:46.896888+09:00,その他メディア,,TBSテレビ,高市総理 トランプ大統領との会談成果を強調「日米同盟の強さを世界に示すものと確信」,https://newsdig.tbs.co.jp/articles/-/2963244?display=1,https://news.ceek.jp/search.cgi?category_id=national&feed=1,ok,,社会
2026-09-24,2026-09-24T08:14:46.896888+09:00,その他メディア,,フジテレビ,バッグを盗んだ男を中学生の集団が自転車で追跡 約600m先で追い付き「止まれ なに逃げよるんか」と一喝し窃盗の現行犯で逮捕,https://www.fnn.jp/articles/-/1119854,https://news.ceek.jp/search.cgi?category_id=national&feed=1,ok,,社会
2026-09-24,2026-09-24T08:14:46.896888+09:00,その他メディア,,フジテレビ,またも飲酒運転 警察の追跡を振り切り逃走も道路脇の水路に転落 酒酔い運転の現行犯で自称自営業の男を逮捕【福岡・みやま市】,https://www.fnn.jp/articles/-/1119853,https://news.ceek.jp/search.cgi?category_id=national&feed=1,ok,,社会
2026-09-24,2026-09-24T08:14:46.896888+09:00,全国紙,全国,日本経済新聞,ギフテッド教育、支援拠点を拡大 「才能の伸長」「困難の解消」目指す,https://www.nikkei.com/article/DGXZQOUD153T00V10C26A9000000/,https://news.ceek.jp/search.cgi?category_id=national&feed=1,ok,,社会
2026-09-24,2026-09-24T08:14:46.896888+09:00,全国紙,全国,日本経済新聞,教育現場、生成AI使用の全面禁止が必要 酒井邦嘉氏,https://www.nikkei.com/article/DGXZQOCD220GY0S6A820C2000000/,https://news.ceek.jp/search.cgi?category_id=national&feed=1,ok,,社会
2026-09-24,2026-09-24T08:14:46.896888+09:00,その他メディア,,フジテレビ,熊本県で最大震度1の地震 熊本県・水俣市,https://www.fnn.jp/articles/-/1119851,https://news.ceek.jp/search.cgi?category_id=national&feed=1,ok,,社会
2026-09-24,2026-09-24T08:14:46.896888+09:00,その他メディア,,フジテレビ,沖縄県で最大震度1の地震 沖縄県・宮古島市,https://www.fnn.jp/articles/-/1119850,https://news.ceek.jp/search.cgi?category_id=national&feed=1,ok,,社会
2026-09-24,2026-09-24T08:14:46.896888+09:00,その他メディア,,Abema TIMES,"台風が過ぎた後に浸水...堤防決壊で“町一帯""に流水 洪水被害を防ぐ“調整池""でなぜ",https://times.abema.tv/articles/-/10274642?page=1,https://news.ceek.jp/search.cgi?category_id=national&feed=1,ok,,社会
2026-09-24,2026-09-24T08:14:46.896888+09:00,その他メディア,,テレビ朝日,"台風が過ぎた後に浸水...堤防決壊で“町一帯""に流水 洪水被害を防ぐ“調整池""でなぜ",https://news.tv-asahi.co.jp/news_society/articles/900200369.html,https://news.ceek.jp/search.cgi?category_id=national&feed=1,ok,,社会
2026-09-24,2026-09-24T08:14:46.896888+09:00,その他メディア,,共同通信,全日空旅客機から158人脱出 那覇空港、3人が擦り傷などけが,https://www.47news.jp/14981951.html,https://news.ceek.jp/search.cgi?category_id=national&feed=1,ok,,社会
2026-09-24,2026-09-24T08:14:46.896888+09:00,その他メディア,,TBSテレビ,米中の前に...日米首脳会談の成果は? ICCへの制裁めぐり高市総理は「率直にやり取り」もトランプ大統領は国連演説でICC脱退呼びかけ【news23】,https://newsdig.tbs.co.jp/articles/-/2963219?display=1,https://news.ceek.jp/search.cgi?category_id=national&feed=1,ok,,社会
2026-09-24,2026-09-24T08:14:46.896888+09:00,その他メディア,,デイリースポーツ,全日空旅客機から158人脱出,https://www.daily.co.jp/society/main/2026/09/24/0020853415.shtml,https://news.ceek.jp/search.cgi?category_id=national&feed=1,ok,,社会
2026-09-24,2026-09-24T08:14:46.896888+09:00,その他メディア,,TBSテレビ,"「人生壊される恐怖感」皇室への誹謗中傷どう防ぐ? “不敬罪""一部から懸念の声も...表現の自由とのバランスは?【news23】",https://newsdig.tbs.co.jp/articles/-/2963218?display=1,https://news.ceek.jp/search.cgi?category_id=national&feed=1,ok,,社会
2026-09-24,2026-09-24T08:14:46.896888+09:00,その他メディア,,Abema TIMES,那覇空港で全日空機が緊急着陸,https://times.abema.tv/articles/-/10274641?page=1,https://news.ceek.jp/search.cgi?category_id=national&feed=1,ok,,社会
2026-09-24,2026-09-24T08:14:46.896888+09:00,その他メディア,,日本テレビ,JR新宿駅東口前 ビル7階の飲食店で火事 男女4人ケガ...いずれも命に別条なし,https://news.ntv.co.jp/category/society/e42d746af4bc4f6b83a23b6b9ab15970,https://news.ceek.jp/search.cgi?category_id=national&feed=1,ok,,社会
2026-09-24,2026-09-24T08:14:46.896888+09:00,全国紙,全国,日本経済新聞,米中貿易戦争の「休戦」2カ月延長へ、来年1月まで ベッセント氏,https://www.nikkei.com/article/DGXZQOGN2337I0T20C26A9000000/,https://news.ceek.jp/search.cgi?category_id=world&feed=1,ok,,国際
2026-09-24,2026-09-24T08:14:46.896888+09:00,全国紙,全国,産経新聞,「自衛の戦い恐れない」イラン大統領が対米抗戦の構え、対話の用意も表明 国連総会演説,https://www.sankei.com/article/20260924-BYGXTLDWTFI53IW4XRFBNRP3WY/,https://news.ceek.jp/search.cgi?category_id=world&feed=1,ok,,国際
2026-09-24,2026-09-24T08:14:46.896888+09:00,その他メディア,,CNN.co.jp,イラン大統領「我々は決して屈しない」 国連総会で演説,https://www.cnn.co.jp/world/35252890.html,https://news.ceek.jp/search.cgi?category_id=world&feed=1,ok,,国際
2026-09-24,2026-09-24T08:14:46.896888+09:00,その他メディア,,TBSテレビ,国連安全保障理事会でAIリスクめぐる会合 AI企業トップらも参加 国際的な基準の必要性訴える アメリカは反対,https://newsdig.tbs.co.jp/articles/-/2963283?display=1,https://news.ceek.jp/search.cgi?category_id=world&feed=1,ok,,国際
2026-09-24,2026-09-24T08:14:46.896888+09:00,その他メディア,,Economic Media Bulletin,中国アリババ、欧州のデータセンター拡充,https://emb-media.com/europe/2026/09/24/684274/,https://news.ceek.jp/search.cgi?category_id=world&feed=1,ok,,国際
2026-09-24,2026-09-24T08:14:46.896888+09:00,その他メディア,,Jams.TV,技能職にスーパーアニュエーションの注意喚起,https://www.jams.tv/news/290717,https://news.ceek.jp/search.cgi?category_id=world&feed=1,ok,,国際
2026-09-24,2026-09-24T08:14:46.896888+09:00,その他メディア,,ブラジル日報,"【23日の市況・速報】イボベスパ前日比0.86%下落して185,814.09ポイント/ルーラ、フラヴィオ両陣営、テレビ討論会を相次ぎ欠席、決選投票を見据え連携模索",https://brasilnippou.com/ja/articles/260924-shikyo,https://news.ceek.jp/search.cgi?category_id=world&feed=1,ok,,国際
2026-09-24,2026-09-24T08:14:46.896888+09:00,その他メディア,,Economic Media Bulletin,エアテル・マネー、ロンドン上場を正式発表,https://emb-media.com/europe/2026/09/24/684348/,https://news.ceek.jp/search.cgi?category_id=world&feed=1,ok,,国際
2026-09-24,2026-09-24T08:14:46.896888+09:00,その他メディア,,Economic Media Bulletin,JDスポーツ、上半期は20%減益,https://emb-media.com/europe/2026/09/24/684365/,https://news.ceek.jp/search.cgi?category_id=world&feed=1,ok,,国際
2026-09-24,2026-09-24T08:14:46.896888+09:00,その他メディア,,Economic Media Bulletin,独政府、紙レシート廃止へ=28年から,https://emb-media.com/europe/2026/09/24/684372/,https://news.ceek.jp/search.cgi?category_id=world&feed=1,ok,,国際
2026-09-24,2026-09-24T08:14:46.896888+09:00,その他メディア,,Economic Media Bulletin,センソフュージョン、ヘルシンキ上場,https://emb-media.com/europe/2026/09/24/684457/,https://news.ceek.jp/search.cgi?category_id=world&feed=1,ok,,国際
2026-09-24,2026-09-24T08:14:46.896888+09:00,その他メディア,,Economic Media Bulletin,化学ワッカー、シルトロニック株を追加売却,https://emb-media.com/europe/2026/09/24/684522/,https://news.ceek.jp/search.cgi?category_id=world&feed=1,ok,,国際
2026-09-24,2026-09-24T08:14:46.896888+09:00,その他メディア,,Economic Media Bulletin,イタリア商用車登録台数、8月は3.9%減,https://emb-media.com/europe/2026/09/24/683753/,https://news.ceek.jp/search.cgi?category_id=world&feed=1,ok,,国際
2026-09-24,2026-09-24T08:14:46.896888+09:00,その他メディア,,Economic Media Bulletin,トルコと米、次世代原子炉技術で協力,https://emb-media.com/europe/2026/09/24/684042/,https://news.ceek.jp/search.cgi?category_id=world&feed=1,ok,,国際
2026-09-24,2026-09-24T08:14:46.896888+09:00,その他メディア,,Economic Media Bulletin,中国・聯想、ルクセンブルク銀を売却へ,https://emb-media.com/europe/2026/09/24/684076/,https://news.ceek.jp/search.cgi?category_id=world&feed=1,ok,,国際
2026-09-24,2026-09-24T08:14:46.896888+09:00,その他メディア,,Economic Media Bulletin,英総合PMI、9月は低下=速報値,https://emb-media.com/europe/2026/09/24/684330/,https://news.ceek.jp/search.cgi?category_id=world&feed=1,ok,,国際
2026-09-24,2026-09-24T08:14:46.896888+09:00,その他メディア,,Economic Media Bulletin,英経済、27年は1%拡大,https://emb-media.com/europe/2026/09/24/684390/,https://news.ceek.jp/search.cgi?category_id=world&feed=1,ok,,国際
2026-09-24,2026-09-24T08:14:46.896888+09:00,その他メディア,,Economic Media Bulletin,現代自、パリでB・CセグメントのSUV公開へ,https://emb-media.com/autoedge/2026/09/24/684052/,https://news.ceek.jp/search.cgi?category_id=world&feed=1,ok,,国際
2026-09-24,2026-09-24T08:14:46.896888+09:00,その他メディア,,Economic Media Bulletin,携帯エアテル、ロンドン上場を正式発表,https://emb-media.com/mea/2026/09/24/684537/,https://news.ceek.jp/search.cgi?category_id=world&feed=1,ok,,国際
2026-09-24,2026-09-24T08:14:46.896888+09:00,その他メディア,,Economic Media Bulletin,トルコ消費者信頼感、8年ぶり高水準=9月,https://emb-media.com/europe/2026/09/24/683706/,https://news.ceek.jp/search.cgi?category_id=world&feed=1,ok,,国際
2026-09-24,2026-09-24T08:14:46.896888+09:00,その他メディア,,Economic Media Bulletin,ウズベク、運輸分野で91億ドルの投資誘致へ,https://emb-media.com/europe/2026/09/24/684059/,https://news.ceek.jp/search.cgi?category_id=world&feed=1,ok,,国際
2026-09-24,2026-09-24T08:14:46.896888+09:00,その他メディア,,Economic Media Bulletin,ハンガリー、来年10月までに露産ガス脱却,https://emb-media.com/europe/2026/09/24/684072/,https://news.ceek.jp/search.cgi?category_id=world&feed=1,ok,,国際
2026-09-24,2026-09-24T08:14:46.896888+09:00,その他メディア,,Economic Media Bulletin,スイス上院、資本規制強化案を支持,https://emb-media.com/europe/2026/09/24/684118/,https://news.ceek.jp/search.cgi?category_id=world&feed=1,ok,,国際
2026-09-24,2026-09-24T08:14:46.896888+09:00,その他メディア,,Economic Media Bulletin,独自動車2社、米半導体大手との提携進む,https://emb-media.com/europe/2026/09/24/684143/,https://news.ceek.jp/search.cgi?category_id=world&feed=1,ok,,国際
2026-09-24,2026-09-24T08:14:46.896888+09:00,その他メディア,,Economic Media Bulletin,スミス・グループ、通期は1.9%増益,https://emb-media.com/europe/2026/09/24/684294/,https://news.ceek.jp/search.cgi?category_id=world&feed=1,ok,,国際
2026-09-24,2026-09-24T08:14:46.896888+09:00,その他メディア,,Economic Media Bulletin,サウジ、再生可能エネ7GWが接続=年初以来,https://emb-media.com/mea/2026/09/24/684127/,https://news.ceek.jp/search.cgi?category_id=world&feed=1,ok,,国際
2026-09-24,2026-09-24T08:14:46.896888+09:00,その他メディア,,Economic Media Bulletin,UAE、初の有機廃棄物資源化施設を開設へ,https://emb-media.com/mea/2026/09/24/684134/,https://news.ceek.jp/search.cgi?category_id=world&feed=1,ok,,国際
2026-09-24,2026-09-24T08:14:46.896888+09:00,その他メディア,,Forbes JAPAN,「のけ者」同士の架け橋 ロシアと北朝鮮を結ぶ初の道路橋が完成、強まる両国の絆,https://forbesjapan.com/articles/detail/105301,https://news.ceek.jp/search.cgi?category_id=world&feed=1,ok,,国際
2026-09-24,2026-09-24T08:14:46.896888+09:00,その他メディア,,Economic Media Bulletin,独研究所、EV電池画像の自動解析ソフト開発,https://emb-media.com/autoedge/2026/09/24/684050/,https://news.ceek.jp/search.cgi?category_id=world&feed=1,ok,,国際
2026-09-24,2026-09-24T08:14:46.896888+09:00,その他メディア,,Economic Media Bulletin,ACEA、英EU間のEV電池規則延期を要求,https://emb-media.com/autoedge/2026/09/24/684146/,https://news.ceek.jp/search.cgi?category_id=world&feed=1,ok,,国際
2026-09-24,2026-09-24T08:14:46.896888+09:00,その他メディア,,Economic Media Bulletin,チェコ、テスラの運転支援システムを承認,https://emb-media.com/autoedge/2026/09/24/684177/,https://news.ceek.jp/search.cgi?category_id=world&feed=1,ok,,国際
2026-09-24,2026-09-24T08:14:46.896888+09:00,その他メディア,,Economic Media Bulletin,チェコ、製油所に特別税=燃料価格も再規制,https://emb-media.com/europe/2026/09/24/684044/,https://news.ceek.jp/search.cgi?category_id=world&feed=1,ok,,国際
2026-09-24,2026-09-24T08:14:46.896888+09:00,その他メディア,,Economic Media Bulletin,ツィモス、経営陣が独投資会社からMBO,https://emb-media.com/europe/2026/09/24/684054/,https://news.ceek.jp/search.cgi?category_id=world&feed=1,ok,,国際
2026-09-24,2026-09-24T08:14:46.896888+09:00,その他メディア,,Economic Media Bulletin,BMWとメルセデス、米半導体大手との提携進む,https://emb-media.com/autoedge/2026/09/24/684611/,https://news.ceek.jp/search.cgi?category_id=world&feed=1,ok,,国際
2026-09-24,2026-09-24T08:14:46.896888+09:00,その他メディア,,Economic Media Bulletin,アラムコ、事業再編でガス部門新設か=報道,https://emb-media.com/mea/2026/09/24/684245/,https://news.ceek.jp/search.cgi?category_id=world&feed=1,ok,,国際
2026-09-24,2026-09-24T08:14:46.896888+09:00,その他メディア,,Economic Media Bulletin,走行距離長いEV、故障率はガソリン車より低く,https://emb-media.com/autoedge/2026/09/24/684048/,https://news.ceek.jp/search.cgi?category_id=world&feed=1,ok,,国際
2026-09-24,2026-09-24T08:14:46.896888+09:00,その他メディア,,Economic Media Bulletin,欧州のEC売上高、昨年は9110億ユーロ,https://emb-media.com/europe/2026/09/24/683844/,https://news.ceek.jp/search.cgi?category_id=world&feed=1,ok,,国際
2026-09-24,2026-09-24T08:14:46.896888+09:00,その他メディア,,Economic Media Bulletin,レク、バイオシミラー生産センターが完成,https://emb-media.com/europe/2026/09/24/684056/,https://news.ceek.jp/search.cgi?category_id=world&feed=1,ok,,国際
2026-09-24,2026-09-24T08:14:46.896888+09:00,その他メディア,,Economic Media Bulletin,エレクトロ・アルファ、主要指数入り,https://emb-media.com/europe/2026/09/24/684062/,https://news.ceek.jp/search.cgi?category_id=world&feed=1,ok,,国際
2026-09-24,2026-09-24T08:14:46.896888+09:00,その他メディア,,Economic Media Bulletin,格安量販店アクション、スロベニア進出,https://emb-media.com/europe/2026/09/24/684074/,https://news.ceek.jp/search.cgi?category_id=world&feed=1,ok,,国際
2026-09-24,2026-09-24T08:14:46.896888+09:00,その他メディア,,Economic Media Bulletin,DHL、ウクライナ製兵器の輸送参入に意欲,https://emb-media.com/europe/2026/09/24/684213/,https://news.ceek.jp/search.cgi?category_id=world&feed=1,ok,,国際
2026-09-24,2026-09-24T08:14:46.896888+09:00,その他メディア,,Economic Media Bulletin,シーメンス、オーストリア国鉄から受注,https://emb-media.com/europe/2026/09/24/684307/,https://news.ceek.jp/search.cgi?category_id=world&feed=1,ok,,国際
2026-09-24,2026-09-24T08:14:46.896888+09:00,その他メディア,,Economic Media Bulletin,伊、年金受給年齢を引き上げ=67.5歳に,https://emb-media.com/europe/2026/09/24/684388/,https://news.ceek.jp/search.cgi?category_id=world&feed=1,ok,,国際
2026-09-24,2026-09-24T08:14:46.896888+09:00,その他メディア,,Economic Media Bulletin,ユーロ圏総合PMI、9月は上昇=速報値,https://emb-media.com/europe/2026/09/24/684113/,https://news.ceek.jp/search.cgi?category_id=world&feed=1,ok,,国際
2026-09-24,2026-09-24T08:14:46.896888+09:00,その他メディア,,Economic Media Bulletin,5%賃上げや利益分配要求へ,https://emb-media.com/europe/2026/09/24/684139/,https://news.ceek.jp/search.cgi?category_id=world&feed=1,ok,,国際
2026-09-24,2026-09-24T08:14:46.896888+09:00,その他メディア,,Economic Media Bulletin,アブダビXRG、LNGカナダへの出資検討,https://emb-media.com/mea/2026/09/24/684171/,https://news.ceek.jp/search.cgi?category_id=world&feed=1,ok,,国際
2026-09-24,2026-09-24T08:14:46.896888+09:00,その他メディア,,Economic Media Bulletin,米衛星プラネット・ラボ、ベルリン工場開設,https://emb-media.com/europe/2026/09/24/684397/,https://news.ceek.jp/search.cgi?category_id=world&feed=1,ok,,国際
2026-09-24,2026-09-24T08:14:46.896888+09:00,その他メディア,,Economic Media Bulletin,UAE、377件のエミラティゼーション偽装確認,https://emb-media.com/mea/2026/09/24/684069/,https://news.ceek.jp/search.cgi?category_id=world&feed=1,ok,,国際
2026-09-24,2026-09-24T08:14:46.896888+09:00,その他メディア,,Economic Media Bulletin,トルコと米、次世代原子炉技術で協力,https://emb-media.com/mea/2026/09/24/684616/,https://news.ceek.jp/search.cgi?category_id=world&feed=1,ok,,国際
2026-09-24,2026-09-24T08:14:46.896888+09:00,その他メディア,,Economic Media Bulletin,メルセデス、ウェイブのAI運転支援を搭載へ,https://emb-media.com/autoedge/2026/09/24/684128/,https://news.ceek.jp/search.cgi?category_id=world&feed=1,ok,,国際
2026-09-24,2026-09-24T08:14:46.896888+09:00,全国紙,全国,産経新聞,アルゼンチンのミレイ大統領、国連でフォークランド諸島の領有権を主張 英国に協議を要求,https://www.sankei.com/article/20260924-FXSL2ICM4JNRHBOUXL5TX3UUWQ/,https://news.ceek.jp/search.cgi?category_id=world&feed=1,ok,,国際
2026-09-24,2026-09-24T08:14:46.896888+09:00,その他メディア,,テレビ朝日,中国「米国を追い抜く可能性ある」AIで期待の声続々,https://news.tv-asahi.co.jp/news_international/articles/000535468.html,https://news.ceek.jp/search.cgi?category_id=world&feed=1,ok,,国際
2026-09-24,2026-09-24T08:14:46.896888+09:00,その他メディア,,AFPBB News,ゼレンスキー氏、ロシアが47か国の国民をウクライナ侵攻に動員と非難,https://www.afpbb.com/articles/-/3654106,https://news.ceek.jp/search.cgi?category_id=world&feed=1,ok,,国際
2026-09-24,2026-09-24T08:14:46.896888+09:00,その他メディア,,テレビ朝日,習主席が米到着 トランプ大統領が自ら出迎え 24日に首脳会談 貿易・AIなどが議題に,https://news.tv-asahi.co.jp/news_international/articles/000535470.html,https://news.ceek.jp/search.cgi?category_id=world&feed=1,ok,,国際
2026-09-24,2026-09-24T08:14:46.896888+09:00,その他メディア,,AFPBB News,トランプ氏、中国主席を自ら出迎え 異例の厚遇,https://www.afpbb.com/articles/-/3654104,https://news.ceek.jp/search.cgi?category_id=world&feed=1,ok,,国際
2026-09-24,2026-09-24T08:14:46.896888+09:00,全国紙,全国,日本経済新聞,豪首相「OpenAIのAIが国民健保サイトに侵入」と公表,https://www.nikkei.com/article/DGXZQOGN2407Y0U6A920C2000000/,https://news.ceek.jp/search.cgi?category_id=world&feed=1,ok,,国際
2026-09-24,2026-09-24T08:14:46.896888+09:00,その他メディア,,デイリースポーツ,ロシア、安保理で侵攻停止拒否,https://www.daily.co.jp/society/world/2026/09/24/0020853609.shtml,https://news.ceek.jp/search.cgi?category_id=world&feed=1,ok,,国際
2026-09-24,2026-09-24T08:14:46.896888+09:00,全国紙,全国,読売新聞,習近平氏、出迎えのトランプ氏と握手...米アンドルーズ空軍基地に到着,https://www.yomiuri.co.jp/world/20260924-GYT1T00142/,https://news.ceek.jp/search.cgi?category_id=world&feed=1,ok,,国際
2026-09-24,2026-09-24T08:14:46.896888+09:00,その他メディア,,デイリースポーツ,米、プーチン大統領をG20招待,https://www.daily.co.jp/society/world/2026/09/24/0020853602.shtml,https://news.ceek.jp/search.cgi?category_id=world&feed=1,ok,,国際
2026-09-24,2026-09-24T08:14:46.896888+09:00,その他メディア,,TBSテレビ,【速報】習近平国家主席がアメリカに到着 24日にトランプ大統領と首脳会談,https://newsdig.tbs.co.jp/articles/-/2963268?display=1,https://news.ceek.jp/search.cgi?category_id=world&feed=1,ok,,国際
2026-09-24,2026-09-24T08:14:46.896888+09:00,その他メディア,,ブラジル日報,交流基金講演会=食卓を通じた日本とブラジル(上) =日伯農村歩いた文化人類学者=長野農村崩壊と再生から見える未来,https://brasilnippou.com/ja/articles/260924-21colonia,https://news.ceek.jp/search.cgi?category_id=world&feed=1,ok,,国際
2026-09-24,2026-09-24T08:14:46.896888+09:00,その他メディア,,ブラジル日報,リベルダーデ=新名所「渋谷センター」誕生へ=9階建て、アジア・多国籍21店集結=日本をイメージ、来年2月創設,https://brasilnippou.com/ja/articles/260924-22colonia,https://news.ceek.jp/search.cgi?category_id=world&feed=1,ok,,国際
2026-09-24,2026-09-24T08:14:46.896888+09:00,その他メディア,,ブラジル日報,サンパウロ市で韓日文化フェス今週末に=韓国・日本の食と文化を紹介,https://brasilnippou.com/ja/articles/260924-25colonia,https://news.ceek.jp/search.cgi?category_id=world&feed=1,ok,,国際
2026-09-24,2026-09-24T08:14:46.896888+09:00,その他メディア,,ブラジル日報,FAN初の「春祭り」=南米本願寺別院で26日開催,https://brasilnippou.com/ja/articles/260924-24colonia,https://news.ceek.jp/search.cgi?category_id=world&feed=1,ok,,国際
2026-09-24,2026-09-24T08:14:46.896888+09:00,その他メディア,,ブラジル日報,コチア青年=3世日系研修旅行の参加者募集中=日本各地の名所を巡り魅力満喫,https://brasilnippou.com/ja/articles/260924-23colonia,https://news.ceek.jp/search.cgi?category_id=world&feed=1,ok,,国際
2026-09-24,2026-09-24T08:14:46.896888+09:00,その他メディア,,Forbes JAPAN,ロシア軍が秋季攻勢を準備、ドローンの弱点を突き機械化攻撃を仕掛ける可能性,https://forbesjapan.com/articles/detail/105321,https://news.ceek.jp/search.cgi?category_id=world&feed=1,ok,,国際
2026-09-24,2026-09-24T08:14:46.896888+09:00,その他メディア,,フジテレビ,米中「貿易休戦」延長か 幅広い合意も選択肢,https://www.fnn.jp/articles/-/1119929,https://news.ceek.jp/search.cgi?category_id=world&feed=1,ok,,国際
2026-09-24,2026-09-24T08:14:46.896888+09:00,全国紙,全国,日本経済新聞,ゼレンスキー氏、AI殺人兵器が「戦場の展開を決定」 技術開発に危機感,https://www.nikkei.com/article/DGXZQOGR2406Y0U6A920C2000000/,https://news.ceek.jp/search.cgi?category_id=world&feed=1,ok,,国際
2026-09-24,2026-09-24T08:14:46.896888+09:00,その他メディア,,フジテレビ,イラン大統領が国連総会で演説 「われわれこそテロの被害者」「対話と外交には応じる用意」 アメリカと間接高官協議,https://www.fnn.jp/articles/-/1119923,https://news.ceek.jp/search.cgi?category_id=world&feed=1,ok,,国際
2026-09-24,2026-09-24T08:14:46.896888+09:00,全国紙,全国,産経新聞,11月のAPEC、12月のG20も米中首脳の接触機会 ルビオ米国務長官が言及,https://www.sankei.com/article/20260924-LYZGJFW64NOUHK74RKFHSE3XXA/,https://news.ceek.jp/search.cgi?category_id=world&feed=1,ok,,国際
2026-09-24,2026-09-24T08:14:46.896888+09:00,その他メディア,,VIETJO,アジア開銀、ベトナムの26年GDP成長率予測+7.8%に上方修正,https://www.viet-jo.com/news/economy/260923174126.html,https://news.ceek.jp/search.cgi?category_id=world&feed=1,ok,,国際
2026-09-24,2026-09-24T08:14:46.896888+09:00,その他メディア,,共同通信,米映画界元大物に禁錮15年 ワインスタイン受刑者,https://www.47news.jp/14982282.html,https://news.ceek.jp/search.cgi?category_id=world&feed=1,ok,,国際
2026-09-24,2026-09-24T08:14:46.896888+09:00,その他メディア,,TBSテレビ,米・ベッセント財務長官と中国・何立峰副首相が会談 首脳会談を前に貿易問題を協議か,https://newsdig.tbs.co.jp/articles/-/2963256?display=1,https://news.ceek.jp/search.cgi?category_id=world&feed=1,ok,,国際
2026-09-24,2026-09-24T08:14:46.896888+09:00,その他メディア,,デイリースポーツ,シリア再建の前進をアピール,https://www.daily.co.jp/society/world/2026/09/24/0020853565.shtml,https://news.ceek.jp/search.cgi?category_id=world&feed=1,ok,,国際
2026-09-24,2026-09-24T08:14:46.896888+09:00,その他メディア,,フジテレビ,イギリスの研究所「5年以内に超知能AIの可能性」早急な対策を求める,https://www.fnn.jp/articles/-/1119921,https://news.ceek.jp/search.cgi?category_id=world&feed=1,ok,,国際
2026-09-24,2026-09-24T08:14:46.896888+09:00,その他メディア,,フジテレビ,トランプ政権「ディーゼル輸出90日禁止」報道 政権内で意見対立,https://www.fnn.jp/articles/-/1119919,https://news.ceek.jp/search.cgi?category_id=world&feed=1,ok,,国際
2026-09-24,2026-09-24T08:14:46.896888+09:00,その他メディア,,デイリースポーツ,ホルムズ海峡新航路の容認を要求,https://www.daily.co.jp/society/world/2026/09/24/0020853563.shtml,https://news.ceek.jp/search.cgi?category_id=world&feed=1,ok,,国際
2026-09-24,2026-09-24T08:14:46.896888+09:00,その他メディア,,世界日報,日米、対中で連携確認 首脳会談 AI・重要鉱物で協力,https://www.worldtimes.co.jp/global/north-america/20260924-215179/,https://news.ceek.jp/search.cgi?category_id=world&feed=1,ok,,国際
2026-09-24,2026-09-24T08:14:46.896888+09:00,その他メディア,,共同通信,ホルムズ海峡新航路の容認を要求 イラン、米との間接協議で,https://www.47news.jp/14982271.html,https://news.ceek.jp/search.cgi?category_id=world&feed=1,ok,,国際
2026-09-24,2026-09-24T08:14:46.896888+09:00,全国紙,全国,日本経済新聞,国連安保理がAI会合、アルトマン氏「枠組み必要」 中国企業は不在,https://www.nikkei.com/article/DGXZQOGN232Z30T20C26A9000000/,https://news.ceek.jp/search.cgi?category_id=world&feed=1,ok,,国際
2026-09-24,2026-09-24T08:14:46.896888+09:00,その他メディア,,VIETJO,ラム書記長、国連総会で各国首脳と会見 国連機関と協力文書も,https://www.viet-jo.com/news/politics/260923185206.html,https://news.ceek.jp/search.cgi?category_id=world&feed=1,ok,,国際
2026-09-24,2026-09-24T08:14:46.896888+09:00,全国紙,全国,日本経済新聞,メタのAI「ミューズ」登場、旅行予約や金融株が急落 顧客離れを懸念,https://www.nikkei.com/article/DGXZQOFD2339C0T20C26A9000000/,https://news.ceek.jp/search.cgi?category_id=world&feed=1,ok,,国際
2026-09-24,2026-09-24T08:14:46.896888+09:00,全国紙,全国,日本経済新聞,習近平氏が米到着、空港に出向いたトランプ氏 厚遇の裏に焦りと打算,https://www.nikkei.com/article/DGXZQOGM231AA0T20C26A9000000/,https://news.ceek.jp/search.cgi?category_id=world&feed=1,ok,,国際
2026-09-24,2026-09-24T08:14:46.896888+09:00,その他メディア,,TBSテレビ,【台風情報】台風26号は発達して沖縄方面に 今後の進路と勢力を詳しく 最大瞬間風速は50メートル以上になる見込み 気象庁発表,https://newsdig.tbs.co.jp/articles/-/2963291?display=1,https://news.ceek.jp/search.cgi?category_id=local&feed=1,ok,,地方・地域
2026-09-24,2026-09-24T08:14:46.896888+09:00,その他メディア,,下野新聞,佐野でクマ目撃,https://www.shimotsuke.co.jp/articles/-/1427392,https://news.ceek.jp/search.cgi?category_id=local&feed=1,ok,,地方・地域
2026-09-24,2026-09-24T08:14:46.896888+09:00,その他メディア,,岐阜新聞,JR岐阜駅前に全国のクラフトビール集結!平日も開催「仕事帰りに一杯」 10月にイベント,https://www.gifu-np.co.jp/articles/-/773354,https://news.ceek.jp/search.cgi?category_id=local&feed=1,ok,,地方・地域
2026-09-24,2026-09-24T08:14:46.896888+09:00,地方紙,沖縄,沖縄タイムス,【沖縄の天気】9月24日から25日 沖縄本島地方・宮古島地方・八重山地方・大東島地方,https://www.okinawatimes.co.jp/articles/-/1929901,https://news.ceek.jp/search.cgi?category_id=local&feed=1,ok,,地方・地域
2026-09-24,2026-09-24T08:14:46.896888+09:00,その他メディア,,佐賀新聞,長崎線を地域の足として守ろう 佐賀県内沿線の1市3町がイベント 西九州新幹線開業4年,https://www.saga-s.co.jp/articles/-/1797066,https://news.ceek.jp/search.cgi?category_id=local&feed=1,ok,,地方・地域
2026-09-24,2026-09-24T08:14:46.896888+09:00,地方紙,沖縄,沖縄タイムス,「人生懸けて戦う」 FC琉球さくら、昇格へ闘志全開 女子サッカー・なでしこリーグ入替戦予選大会,https://www.okinawatimes.co.jp/articles/-/1929452,https://news.ceek.jp/search.cgi?category_id=local&feed=1,ok,,地方・地域
2026-09-24,2026-09-24T08:14:46.896888+09:00,その他メディア,,山陽新聞,岡山・旭川中州→ハレノワ 演奏と舞披露しながらまち練り歩く 26日「月夜の舞流し」,https://www.sanyonews.jp/article/1993456/,https://news.ceek.jp/search.cgi?category_id=local&feed=1,ok,,地方・地域
2026-09-24,2026-09-24T08:14:46.896888+09:00,その他メディア,,十勝毎日新聞,【日本ハム】野村佑希は体調不良でベンチ外 2戦連続ベンチ外の孫易磊は「個人的な事情」...球団幹部が説明,https://kachimai.jp/article/index.php?no=20260924081722,https://news.ceek.jp/search.cgi?category_id=local&feed=1,ok,,地方・地域
2026-09-24,2026-09-24T08:14:46.896888+09:00,その他メディア,,TBSテレビ,歩行中の女性はねられけが 車はそのまま逃走 ひき逃げ事件として白い車の行方追う=静岡・焼津市,https://newsdig.tbs.co.jp/articles/-/2963282?display=1,https://news.ceek.jp/search.cgi?category_id=local&feed=1,ok,,地方・地域
2026-09-24,2026-09-24T08:14:46.896888+09:00,その他メディア,,福井新聞,福井市街で朝にイノシシ目撃、中藤小では通学路の安全確保も 9月24日、一時は高柳で発見も行方不明,https://www.fukuishimbun.co.jp/articles/-/2705305,https://news.ceek.jp/search.cgi?category_id=local&feed=1,ok,,地方・地域
2026-09-24,2026-09-24T08:14:46.896888+09:00,全国紙,全国,東京新聞,甲冑着け合戦体験しよう 高崎「箕輪城まつり」来月25日開催 参加者募る,https://www.tokyo-np.co.jp/article/517353,https://news.ceek.jp/search.cgi?category_id=local&feed=1,ok,,地方・地域
2026-09-24,2026-09-24T08:14:46.896888+09:00,その他メディア,,TBSテレビ,【台風情報】台風26号「スリゲ」気象庁 秋雨前線 復活し「台風+前線」で大雨のおそれ 今後のシミュレーション 24日午前8時現在,https://newsdig.tbs.co.jp/articles/-/2963278?display=1,https://news.ceek.jp/search.cgi?category_id=local&feed=1,ok,,地方・地域
2026-09-24,2026-09-24T08:14:46.896888+09:00,その他メディア,,愛媛新聞,岩渕敏司の舞台袖から 第13回 交換に行けないちっぽけな感傷/雨音は明治の調べ/5.6.5.6,https://www.ehime-np.co.jp/article/news202609240003,https://news.ceek.jp/search.cgi?category_id=local&feed=1,ok,,地方・地域
2026-09-24,2026-09-24T08:14:46.896888+09:00,その他メディア,,長野日報,諏訪湖で自転車ロゲイニング スマホでミッションに挑戦,https://www.nagano-np.co.jp/news/detail.php?id=6559,https://news.ceek.jp/search.cgi?category_id=local&feed=1,ok,,地方・地域
2026-09-24,2026-09-24T08:14:46.896888+09:00,地方紙,新潟,新潟日報,熊から身を守るには...新潟市秋葉区の金津小で訓練 児童が遭遇した際の防御姿勢学ぶ,https://www.niigata-nippo.co.jp/articles/-/911393,https://news.ceek.jp/search.cgi?category_id=local&feed=1,ok,,地方・地域
2026-09-24,2026-09-24T08:14:46.896888+09:00,その他メディア,,茨城新聞,馬と触れ合い楽しむ 餌やりや施設見学 茨城・美浦で「UMAフェスタ」,https://ibarakinews.jp/news/newsdetail.php?f_jun=1790171354613800,https://news.ceek.jp/search.cgi?category_id=local&feed=1,ok,,地方・地域
2026-09-24,2026-09-24T08:14:46.896888+09:00,その他メディア,,Jタウンネット,ここでは誰も寝てはならぬ! 来客用布団を敷いたら...ツンデレ猫の〝威嚇姿〟に14万人もん絶,https://j-town.net/2026/09/24367172.html,https://news.ceek.jp/search.cgi?category_id=local&feed=1,ok,,地方・地域
2026-09-24,2026-09-24T08:14:46.896888+09:00,その他メディア,,佐賀新聞,<九州新幹線長崎ルート>地域振興 空港や道路整備、「交換条件」の側面も,https://www.saga-s.co.jp/articles/-/1797065,https://news.ceek.jp/search.cgi?category_id=local&feed=1,ok,,地方・地域
2026-09-24,2026-09-24T08:14:46.896888+09:00,その他メディア,,TBSテレビ,耳が聞こえなくても... 結成38年目の「ロックバンド」 振動と視線で合わせるリズム 障害ある人もない人も音楽でひとつに,https://newsdig.tbs.co.jp/articles/-/2915340?display=1,https://news.ceek.jp/search.cgi?category_id=local&feed=1,ok,,地方・地域
2026-09-24,2026-09-24T08:14:46.896888+09:00,その他メディア,,福島民友新聞,鉄道博「磐越西線に乗って」 喜多方で記念式典、「会津型」の作品披露,https://www.minyu-net.com/news/detail/2026092316235255176,https://news.ceek.jp/search.cgi?category_id=local&feed=1,ok,,地方・地域
2026-09-24,2026-09-24T08:14:46.896888+09:00,全国紙,全国,東京新聞,アンダーパス4カ所 冠水前に通行止め 県が予防規制,https://www.tokyo-np.co.jp/article/517352,https://news.ceek.jp/search.cgi?category_id=local&feed=1,ok,,地方・地域
2026-09-24,2026-09-24T08:14:46.896888+09:00,地方紙,沖縄,沖縄タイムス,エイサー披露で名古屋に「沖縄の風」 「ふるさと全国県人会まつり」が開催,https://www.okinawatimes.co.jp/articles/-/1929333,https://news.ceek.jp/search.cgi?category_id=local&feed=1,ok,,地方・地域
2026-09-24,2026-09-24T08:14:46.896888+09:00,全国紙,全国,東京新聞,落語でおなじみ「火炎太鼓」 江戸時代の造形美 来月3日から佐野市郷土博物館で初展示,https://www.tokyo-np.co.jp/article/517349,https://news.ceek.jp/search.cgi?category_id=local&feed=1,ok,,地方・地域
2026-09-24,2026-09-24T08:14:46.896888+09:00,その他メディア,,TBSテレビ,"世界遺産「花の窟神社」で“お綱づくり"" 来月2日に長さ約170メートルの大綱をご神体とご神木にわたす 地元住民約70人が「わら打ち」や編み込み作業を実施 三重・熊野市",https://newsdig.tbs.co.jp/articles/-/2963277?display=1,https://news.ceek.jp/search.cgi?category_id=local&feed=1,ok,,地方・地域
2026-09-24,2026-09-24T08:14:46.896888+09:00,全国紙,全国,東京新聞,「鹿沼秋まつり」来月10、11日開催 彫刻屋台全27台そろいぶみ 実行委がPR,https://www.tokyo-np.co.jp/article/517348,https://news.ceek.jp/search.cgi?category_id=local&feed=1,ok,,地方・地域
2026-09-24,2026-09-24T08:14:46.896888+09:00,その他メディア,,岐阜新聞,台湾籍の男、受け子として6000万円詐欺疑い 岐阜県警が再逮捕,https://www.gifu-np.co.jp/articles/-/773413,https://news.ceek.jp/search.cgi?category_id=local&feed=1,ok,,地方・地域
2026-09-24,2026-09-24T08:14:46.896888+09:00,全国紙,全国,東京新聞,ロシア侵攻から農地再生へ ウクライナの研究者ら、つくば・農研機構を訪問 兵器による土壌汚染、日本の知見学ぶ,https://www.tokyo-np.co.jp/article/517346,https://news.ceek.jp/search.cgi?category_id=local&feed=1,ok,,地方・地域
2026-09-24,2026-09-24T08:14:46.896888+09:00,その他メディア,,陸奥新報,秋晴れの下で稲刈り/青森県弘前,https://mutsushimpo.com/news/nc8p7fur/,https://news.ceek.jp/search.cgi?category_id=local&feed=1,ok,,地方・地域
2026-09-24,2026-09-24T08:14:46.896888+09:00,その他メディア,,TBSテレビ,北海道・紋別沖で漁船とプレジャーボート衝突 旭川市の警察官が死亡 同乗者は見つからず...夜通し捜索続く,https://newsdig.tbs.co.jp/articles/-/2963275?display=1,https://news.ceek.jp/search.cgi?category_id=local&feed=1,ok,,地方・地域
2026-09-24,2026-09-24T08:14:46.896888+09:00,その他メディア,,福島民友新聞,【緊急銃猟1年】浜通り、対策急ピッチ 「経験不足」県単位でサポートを,https://www.minyu-net.com/news/detail/2026092408200355189,https://news.ceek.jp/search.cgi?category_id=local&feed=1,ok,,地方・地域
2026-09-24,2026-09-24T08:14:46.896888+09:00,全国紙,全国,東京新聞,怪しく光るキンメダイ ハロウィーンの水槽潜る海鳥 来月のアクアワールド,https://www.tokyo-np.co.jp/article/517345,https://news.ceek.jp/search.cgi?category_id=local&feed=1,ok,,地方・地域
2026-09-24,2026-09-24T08:14:46.896888+09:00,その他メディア,,岐阜新聞,下呂市の山林で伐採中、木の下敷きになった作業員死亡,https://www.gifu-np.co.jp/articles/-/773422,https://news.ceek.jp/search.cgi?category_id=local&feed=1,ok,,地方・地域
2026-09-24,2026-09-24T08:14:46.896888+09:00,その他メディア,,名古屋テレビ,違法駐車の通報受け臨場したパトカーの追跡受けた車 自転車と衝突し逃走 女子高校生2人がけが,https://www.nagoyatv.com/news/?id=037317,https://news.ceek.jp/search.cgi?category_id=local&feed=1,ok,,地方・地域
2026-09-24,2026-09-24T08:14:46.896888+09:00,その他メディア,,フジテレビ,シルバーウィーク最終日 広島は大賑わい!宮島は人力車フル稼働 推しのライブ、レアな路面電車に感激!,https://www.fnn.jp/articles/-/1119939,https://news.ceek.jp/search.cgi?category_id=local&feed=1,ok,,地方・地域
2026-09-24,2026-09-24T08:14:46.896888+09:00,その他メディア,,佐賀新聞,サガン鳥栖、終盤に痛恨の失点 こぼれ球の予測、運動量で徐々に相手に流れ 天皇杯3回戦・鳥栖0-1ヴィッセル神戸,https://www.saga-s.co.jp/articles/-/1797069,https://news.ceek.jp/search.cgi?category_id=local&feed=1,ok,,地方・地域
2026-09-24,2026-09-24T08:14:46.896888+09:00,その他メディア,,福島民友新聞,福島の市道でクマ目撃,https://www.minyu-net.com/news/detail/2026092408040155187,https://news.ceek.jp/search.cgi?category_id=local&feed=1,ok,,地方・地域
2026-09-24,2026-09-24T08:14:46.896888+09:00,全国紙,全国,東京新聞,松伏に名物、沖縄特産「ドラゴンフルーツ」 元バス運転手・大熊さん 挑戦3年、初出荷 冬の寒さや猛暑、栽培に試行錯誤,https://www.tokyo-np.co.jp/article/517340,https://news.ceek.jp/search.cgi?category_id=local&feed=1,ok,,地方・地域
2026-09-24,2026-09-24T08:14:46.896888+09:00,その他メディア,,札幌テレビ,全国の餃子がエスコンに!北海道から福岡まで9店舗 大人気のイベント『クラフト餃子フェス』開催中,https://www.stv.jp/news/stvnews/kiji/st03a287d34dc14d4bb755eebaed76b352.html,https://news.ceek.jp/search.cgi?category_id=local&feed=1,ok,,地方・地域
2026-09-24,2026-09-24T08:14:46.896888+09:00,全国紙,全国,東京新聞,〈国吉好弘の埼玉NOW〉浦和、上昇の兆し 攻撃のバリエーション広がる,https://www.tokyo-np.co.jp/article/517339,https://news.ceek.jp/search.cgi?category_id=local&feed=1,ok,,地方・地域
2026-09-24,2026-09-24T08:14:46.896888+09:00,その他メディア,,福島民友新聞,亀岡偉民元衆院議員、25日判決 公選法違反で在宅起訴,https://www.minyu-net.com/news/detail/2026092408003855185,https://news.ceek.jp/search.cgi?category_id=local&feed=1,ok,,地方・地域
2026-09-24,2026-09-24T08:14:46.896888+09:00,全国紙,全国,中日新聞,習主席が国賓として訪米開始 トランプ大統領が出迎え厚遇,https://www.chunichi.co.jp/article/1315471,https://news.ceek.jp/search.cgi?category_id=local&feed=1,ok,,地方・地域
2026-09-24,2026-09-24T08:14:46.896888+09:00,地方紙,広島,中国新聞,習主席が国賓として訪米開始,https://www.chugoku-np.co.jp/articles/-/899036,https://news.ceek.jp/search.cgi?category_id=local&feed=1,ok,,地方・地域
2026-09-24,2026-09-24T08:14:46.896888+09:00,全国紙,全国,東京新聞,ヒガンバナ500万本 深紅のじゅうたん 日本最大級、日高の公園で見ごろ,https://www.tokyo-np.co.jp/article/517338,https://news.ceek.jp/search.cgi?category_id=local&feed=1,ok,,地方・地域
2026-09-24,2026-09-24T08:14:46.896888+09:00,全国紙,全国,東京新聞,西武園ゆうえんち 遊んだ後、ライオンズ応援を 来園者に山口線フリーきっぷ あすから無料配布,https://www.tokyo-np.co.jp/article/517337,https://news.ceek.jp/search.cgi?category_id=local&feed=1,ok,,地方・地域
2026-09-24,2026-09-24T08:14:46.896888+09:00,全国紙,全国,中日新聞,昨季覇者Bジェイズ、PS逃す 大谷が負傷者リストから復帰,https://www.chunichi.co.jp/article/1315470,https://news.ceek.jp/search.cgi?category_id=local&feed=1,ok,,地方・地域
2026-09-24,2026-09-24T08:14:46.896888+09:00,その他メディア,,東海テレビ,中央線はみ出した中型バイクが対向車線の車と正面衝突 バイクを運転していた18歳男性が死亡 片側1車線の緩やかなカーブ,https://www.tokai-tv.com/tokainews/feature/article_20260924_48448,https://news.ceek.jp/search.cgi?category_id=local&feed=1,ok,,地方・地域
2026-09-24,2026-09-24T08:14:46.896888+09:00,地方紙,広島,中国新聞,昨季覇者Bジェイズ、PS逃す,https://www.chugoku-np.co.jp/articles/-/899035,https://news.ceek.jp/search.cgi?category_id=local&feed=1,ok,,地方・地域
2026-09-24,2026-09-24T08:14:46.896888+09:00,その他メディア,,福島民友新聞,酒酔い運転疑いで45歳男逮捕 郡山の市道、追突事故起こす,https://www.minyu-net.com/news/detail/2026092316142355174,https://news.ceek.jp/search.cgi?category_id=local&feed=1,ok,,地方・地域
2026-09-24,2026-09-24T08:14:46.896888+09:00,その他メディア,,岐阜新聞,笠松競馬場でバレー女子・岐阜リオレーナ選手と交流 コラボイベント、「カサマツ音頭」も,https://www.gifu-np.co.jp/articles/-/773283,https://news.ceek.jp/search.cgi?category_id=local&feed=1,ok,,地方・地域
2026-09-24,2026-09-24T08:14:46.896888+09:00,その他メディア,,TBSテレビ,【台風情報】最大瞬間風速55m/s予想「台風26号(スリゲ)」発生...今後の進路、日本への影響は?10月4日までの雨風シミュレーション【気象庁24日06時45分発表】,https://newsdig.tbs.co.jp/articles/-/2963273?display=1,https://news.ceek.jp/search.cgi?category_id=local&feed=1,ok,,地方・地域
2026-09-24,2026-09-24T08:14:46.896888+09:00,全国紙,全国,東京新聞,小松菜、ホンビノスガイ、ナシ...「船橋の味満載ピザ」いかが 高校生と専門店が開発 26日・市民まつりで販売,https://www.tokyo-np.co.jp/article/517333,https://news.ceek.jp/search.cgi?category_id=local&feed=1,ok,,地方・地域
2026-09-24,2026-09-24T08:14:46.896888+09:00,その他メディア,,日本テレビ,【速報】大阪・キタの路上で会社役員の男性が現金100万円を奪われる 男性は突き飛ばされるなどしケガ 男2人が逃走中,https://news.ntv.co.jp/category/society/ytf875a56ecee8484fa3df6b4df2e88bb5,https://news.ceek.jp/search.cgi?category_id=local&feed=1,ok,,地方・地域
2026-09-24,2026-09-24T08:14:46.896888+09:00,その他メディア,,北海道リアルエコノミー,コープさっぽろの生鮮強化型MD、「小樽南店」に導入10店舗目,https://hre-net.com/keizai/ryutu/94776/,https://news.ceek.jp/search.cgi?category_id=local&feed=1,ok,,地方・地域
2026-09-24,2026-09-24T08:14:46.896888+09:00,全国紙,全国,東京新聞,台風25号 大規模冠水 高崎川氾濫で片付けに追われ,https://www.tokyo-np.co.jp/article/517332,https://news.ceek.jp/search.cgi?category_id=local&feed=1,ok,,地方・地域
2026-09-24,2026-09-24T08:14:46.896888+09:00,その他メディア,,福島民友新聞,新十両・丹治、勝ち越し 大相撲秋場所,https://www.minyu-net.com/news/detail/2026092407310055179,https://news.ceek.jp/search.cgi?category_id=local&feed=1,ok,,地方・地域
2026-09-24,2026-09-24T08:14:46.896888+09:00,その他メディア,,佐賀新聞,<佐賀バルーナーズ>新生リーグで悲願のプレーオフ進出目指す 9月25日、広島とホームで開幕戦,https://www.saga-s.co.jp/articles/-/1797041,https://news.ceek.jp/search.cgi?category_id=local&feed=1,ok,,地方・地域
2026-09-24,2026-09-24T08:14:46.896888+09:00,その他メディア,,まいどなニュース,26年夏、最もくぎづけになったドラマランキング 2位『大空港〜GATE24〜』、1位はやっぱり......,https://maidonanews.jp/article/16906051,https://news.ceek.jp/search.cgi?category_id=local&feed=1,ok,,地方・地域
2026-09-24,2026-09-24T08:14:46.896888+09:00,その他メディア,,秋田魁新報,「歩行者ファースト」「ヘルメット着用」を楽しく学ぶ 秋田オーパで交通安全イベント,https://www.sakigake.jp/news/article/20260923AK0025/,https://news.ceek.jp/search.cgi?category_id=local&feed=1,ok,,地方・地域
2026-09-24,2026-09-24T08:14:46.896888+09:00,その他メディア,,福井新聞,「RENEW」12年目 産地の人事部 新たな挑戦,https://www.fukuishimbun.co.jp/articles/-/2705273,https://news.ceek.jp/search.cgi?category_id=local&feed=1,ok,,地方・地域
2026-09-24,2026-09-24T08:14:46.896888+09:00,地方紙,広島,中国新聞,大谷は「2番・指名打者」,https://www.chugoku-np.co.jp/articles/-/899034,https://news.ceek.jp/search.cgi?category_id=local&feed=1,ok,,地方・地域
2026-09-24,2026-09-24T08:14:46.896888+09:00,地方紙,広島,中国新聞,米中、金融や農産品購入で合意の可能性,https://www.chugoku-np.co.jp/articles/-/899033,https://news.ceek.jp/search.cgi?category_id=local&feed=1,ok,,地方・地域
2026-09-24,2026-09-24T08:14:46.896888+09:00,全国紙,全国,東京新聞,住宅全壊6市で22棟 床上、床下浸水被害も拡大 停電1万8千軒超,https://www.tokyo-np.co.jp/article/517334,https://news.ceek.jp/search.cgi?category_id=local&feed=1,ok,,地方・地域
2026-09-24,2026-09-24T08:14:46.896888+09:00,全国紙,全国,東京新聞,〈華宝塚〉唯一無二の斬新さを 宙組・鷹翔千空(たかと・ちあき),https://www.tokyo-np.co.jp/article/517335,https://news.ceek.jp/search.cgi?category_id=local&feed=1,ok,,地方・地域
2026-09-24,2026-09-24T08:14:46.896888+09:00,その他メディア,,陸奥新報,忘れられつつある花巻遺跡に焦点 青森県黒石で初学習会,https://mutsushimpo.com/news/kj24yh2l/,https://news.ceek.jp/search.cgi?category_id=local&feed=1,ok,,地方・地域
2026-09-24,2026-09-24T08:14:46.896888+09:00,全国紙,全国,東京新聞,言葉で打てるソフト完成 来月「誰でも囲碁in平塚」でも披露 「AI時代、自分で考える価値」,https://www.tokyo-np.co.jp/article/517325,https://news.ceek.jp/search.cgi?category_id=local&feed=1,ok,,地方・地域
2026-09-24,2026-09-24T08:14:46.896888+09:00,その他メディア,,岐阜新聞,アジア大会、岐阜県勢メダル第1号 馬術・戸本、自国で戦う意義示す,https://www.gifu-np.co.jp/articles/-/773347,https://news.ceek.jp/search.cgi?category_id=local&feed=1,ok,,地方・地域
2026-09-24,2026-09-24T08:14:46.896888+09:00,地方紙,広島,中国新聞,米中、貿易休戦2カ月延長で合意と財務長官,https://www.chugoku-np.co.jp/articles/-/899032,https://news.ceek.jp/search.cgi?category_id=local&feed=1,ok,,地方・地域
2026-09-24,2026-09-24T08:14:46.896888+09:00,その他メディア,,札幌テレビ,プレジャーボートと漁船衝突 プレジャーボートの男性死亡 死亡したのは警察官(55)と判明 北海道,https://www.stv.jp/news/stvnews/kiji/stf30303fce9d84df18f04755675f00a32.html,https://news.ceek.jp/search.cgi?category_id=local&feed=1,ok,,地方・地域
2026-09-24,2026-09-24T08:14:46.896888+09:00,その他メディア,,まいどなニュース,還暦の元女性アイドル歌手 名車とのコラボでクールビューティーに激変 「カッコイイ」「拡大して確認しました」「違う人みたい」,https://maidonanews.jp/article/16909073,https://news.ceek.jp/search.cgi?category_id=local&feed=1,ok,,地方・地域
2026-09-24,2026-09-24T08:14:46.896888+09:00,地方紙,広島,中国新聞,4都府県で募集上限を超過,https://www.chugoku-np.co.jp/articles/-/899029,https://news.ceek.jp/search.cgi?category_id=local&feed=1,ok,,地方・地域
2026-09-24,2026-09-24T08:14:46.896888+09:00,全国紙,全国,中日新聞,4都府県で募集上限を超過 外国ルーツ生徒の高校入試,https://www.chunichi.co.jp/article/1315466,https://news.ceek.jp/search.cgi?category_id=local&feed=1,ok,,地方・地域
2026-09-24,2026-09-24T08:14:46.896888+09:00,その他メディア,,TBSテレビ,"「先輩が立ったら立つ」新社会人が戸惑う会社の暗黙ルールと世代間のマナーの""認識差""《2026年度上半期・話題の記事》",https://newsdig.tbs.co.jp/articles/-/2946110?display=1,https://news.ceek.jp/search.cgi?category_id=local&feed=1,ok,,地方・地域
2026-09-24,2026-09-24T08:14:46.896888+09:00,その他メディア,,佐賀新聞,大坪・米倉組(唐津西高)が3位 セーリング・全日本420級選手権,https://www.saga-s.co.jp/articles/-/1797042,https://news.ceek.jp/search.cgi?category_id=local&feed=1,ok,,地方・地域
2026-09-24,2026-09-24T08:14:46.896888+09:00,全国紙,全国,東京新聞,宇野千代さんのハイカラ人生、華麗な生涯 大田区立郷土博物館で特集展示 自筆原稿や書簡など紹介,https://www.tokyo-np.co.jp/article/517324,https://news.ceek.jp/search.cgi?category_id=local&feed=1,ok,,地方・地域
2026-09-24,2026-09-24T08:14:46.896888+09:00,その他メディア,,TBSテレビ,メダリストがファンと喜びを分かち合う「メダリストセレブレーション」 3日目は銀メダル獲得のバレーボール女子日本代表ら19人が登場 大会期間中は毎日開催予定,https://newsdig.tbs.co.jp/articles/-/2963271?display=1,https://news.ceek.jp/search.cgi?category_id=local&feed=1,ok,,地方・地域
2026-09-24,2026-09-24T08:14:46.896888+09:00,その他メディア,,TBSテレビ,【速報】会社役員の男性が突き飛ばされ現金100万円入りバッグ奪われる 2人組の男ら逃走中 大阪・北区,https://newsdig.tbs.co.jp/articles/-/2963270?display=1,https://news.ceek.jp/search.cgi?category_id=local&feed=1,ok,,地方・地域
2026-09-24,2026-09-24T08:14:46.896888+09:00,全国紙,全国,東京新聞,住民の権利を軽視「再開発の裏と表」 NPO事務局長が出版 「地上げ事業」と指摘も,https://www.tokyo-np.co.jp/article/517323,https://news.ceek.jp/search.cgi?category_id=local&feed=1,ok,,地方・地域
2026-09-24,2026-09-24T08:14:46.896888+09:00,地方紙,広島,中国新聞,トランプ氏、中国主席を直接出迎え,https://www.chugoku-np.co.jp/articles/-/899030,https://news.ceek.jp/search.cgi?category_id=local&feed=1,ok,,地方・地域
2026-09-24,2026-09-24T08:14:46.896888+09:00,その他メディア,,福島民報,総合芸術イベント「SeptemberJAM」 PR動画制作秘話語る 松重豊さん 箭内道彦さん トークセッション,https://www.minpo.jp/articles/-/234091,https://news.ceek.jp/search.cgi?category_id=local&feed=1,ok,,地方・地域
2026-09-24,2026-09-24T08:14:46.896888+09:00,その他メディア,,福島民友新聞,光南、連日のサヨナラ勝ち 高野優、技ありの一振り,https://www.minyu-net.com/news/detail/2026092407375155181,https://news.ceek.jp/search.cgi?category_id=local&feed=1,ok,,地方・地域
2026-09-24,2026-09-24T08:14:46.896888+09:00,その他メディア,,まいどなニュース,食育アドバイザー、小児MFAなどさまざまな資格持つ45歳タレント 14歳下の男性と3年前にマチアプ再婚→不妊治療続ける今...【徹子の部屋】,https://maidonanews.jp/article/16908040,https://news.ceek.jp/search.cgi?category_id=local&feed=1,ok,,地方・地域
2026-09-24,2026-09-24T08:14:46.896888+09:00,その他メディア,,福島民友新聞,いわき湯本、初のベスト4 渡辺7回零封、緩急さえる,https://www.minyu-net.com/news/detail/2026092407325155180,https://news.ceek.jp/search.cgi?category_id=local&feed=1,ok,,地方・地域
2026-09-24,2026-09-24T08:14:46.896888+09:00,全国紙,全国,東京新聞,仕事帰りもナイスショット! 臨海部で夜間営業を開始 江東・都営「若洲ゴルフリンクス」,https://www.tokyo-np.co.jp/article/517322,https://news.ceek.jp/search.cgi?category_id=local&feed=1,ok,,地方・地域
2026-09-24,2026-09-24T08:14:46.896888+09:00,全国紙,全国,中日新聞,ロシア、安保理で侵攻停止拒否 ウクライナは制裁強化訴え,https://www.chunichi.co.jp/article/1315465,https://news.ceek.jp/search.cgi?category_id=local&feed=1,ok,,地方・地域
2026-09-24,2026-09-24T08:14:46.896888+09:00,地方紙,広島,中国新聞,ロシア、安保理で侵攻停止拒否,https://www.chugoku-np.co.jp/articles/-/899027,https://news.ceek.jp/search.cgi?category_id=local&feed=1,ok,,地方・地域
