date,collected_at,category,region,newspaper,headline,url,source_url,status,error_message,topic
2026-09-04,2026-09-04T07:51:46.061434+09:00,全国紙,全国,読売新聞,,,,skipped,robots.txtが一般クローラー/AI系UAを名指しで包括的にDisallow。2024年1月のToS改定で自動収集・生成AI学習目的の収集を明示的に禁止しているため、自動取得の対象外とする。,
2026-09-04,2026-09-04T07:51:46.061434+09:00,全国紙,全国,朝日新聞,民事裁判で生成AIをどう使えるか 最高裁が確定記録を使って検証へ,http://www.asahi.com/articles/ASV921325V92UTIL010M.html,https://www.asahi.com/rss/asahi/newsheadlines.rdf,ok,,社会
2026-09-04,2026-09-04T07:51:46.061434+09:00,全国紙,全国,朝日新聞,自殺者数過去最少、若者の自殺は増加傾向 自殺対策白書案,http://www.asahi.com/articles/ASV933H7GV93UTFL01DM.html,https://www.asahi.com/rss/asahi/newsheadlines.rdf,ok,,社会
2026-09-04,2026-09-04T07:51:46.061434+09:00,全国紙,全国,朝日新聞,遺族ら追悼のキャンドル「つらさ変わらない」 紀伊半島大水害15年,http://www.asahi.com/articles/ASV936GW2V93PXLB002M.html,https://www.asahi.com/rss/asahi/newsheadlines.rdf,ok,,社会
2026-09-04,2026-09-04T07:51:46.061434+09:00,全国紙,全国,朝日新聞,札幌市白石区の住宅地で火事 激しい炎 一時騒然,http://www.asahi.com/articles/ASV934V23V93IIPE00XM.html,https://www.asahi.com/rss/asahi/newsheadlines.rdf,ok,,社会
2026-09-04,2026-09-04T07:51:46.061434+09:00,全国紙,全国,朝日新聞,大阪「あべちか」の強盗殺人未遂、公開手配の男を逮捕 入管に出頭,http://www.asahi.com/articles/ASV933HRDV93PTIL01RM.html,https://www.asahi.com/rss/asahi/newsheadlines.rdf,ok,,社会
2026-09-04,2026-09-04T07:51:46.061434+09:00,全国紙,全国,朝日新聞,日本製紙八代工場の煙突火災、地元住民「ショック」 熊本地震で損傷,http://www.asahi.com/articles/ASV9335ZMV93TIPE011M.html,https://www.asahi.com/rss/asahi/newsheadlines.rdf,ok,,社会
2026-09-04,2026-09-04T07:51:46.061434+09:00,全国紙,全国,朝日新聞,民家の軒下に親子グマが居座り 京都・舞鶴市、麻酔銃で確保,http://www.asahi.com/articles/ASV933TQNV93PLZB00NM.html,https://www.asahi.com/rss/asahi/newsheadlines.rdf,ok,,社会
2026-09-04,2026-09-04T07:51:46.061434+09:00,全国紙,全国,朝日新聞,核のリスク低減を 欧州、中東など「10大リスク」基に広島から提言,http://www.asahi.com/articles/ASV933GK4V93PTIL00BM.html,https://www.asahi.com/rss/asahi/newsheadlines.rdf,ok,,社会
2026-09-04,2026-09-04T07:51:46.061434+09:00,全国紙,全国,朝日新聞,夫にメタノールを飲ませたとして傷害罪に問われた妻に無罪判決,http://www.asahi.com/articles/ASV933QMTV93PTJB008M.html,https://www.asahi.com/rss/asahi/newsheadlines.rdf,ok,,社会
2026-09-04,2026-09-04T07:51:46.061434+09:00,全国紙,全国,朝日新聞,マッチングアプリで5600人分のID収集か 詐欺容疑で逮捕の男ら,http://www.asahi.com/articles/ASV933434V93OIPE00VM.html,https://www.asahi.com/rss/asahi/newsheadlines.rdf,ok,,社会
2026-09-04,2026-09-04T07:51:46.061434+09:00,全国紙,全国,朝日新聞,温暖化でスキー場が7カ所に 4度上昇の条件 北大などが積雪を推定,http://www.asahi.com/articles/ASV920QB6V92UTFL012M.html,https://www.asahi.com/rss/asahi/newsheadlines.rdf,ok,,スポーツ
2026-09-04,2026-09-04T07:51:46.061434+09:00,全国紙,全国,朝日新聞,なでしこに産後復帰の選手 国内では2例目、「安心できる環境大事」,http://www.asahi.com/articles/ASV9323H0V93UTQP00VM.html,https://www.asahi.com/rss/asahi/newsheadlines.rdf,ok,,スポーツ
2026-09-04,2026-09-04T07:51:46.061434+09:00,全国紙,全国,朝日新聞,引退表明の石川雅規 高校でバッテリー組んだ監督が忘れられない練習,http://www.asahi.com/articles/ASV923QM9V92UBUB00MM.html,https://www.asahi.com/rss/asahi/newsheadlines.rdf,ok,,スポーツ
2026-09-04,2026-09-04T07:51:46.061434+09:00,全国紙,全国,朝日新聞,エンゼルスが身売り 「強権」オーナー退陣、資金潤沢な球団への期待,http://www.asahi.com/articles/ASV9234N6V92UTQP01CM.html,https://www.asahi.com/rss/asahi/newsheadlines.rdf,ok,,スポーツ
2026-09-04,2026-09-04T07:51:46.061434+09:00,全国紙,全国,朝日新聞,バルサのトップ選手育成施設、奈良県川西町へ 最終契約の前段階に,http://www.asahi.com/articles/ASV922Q3VV92POMB009M.html,https://www.asahi.com/rss/asahi/newsheadlines.rdf,ok,,社会
2026-09-04,2026-09-04T07:51:46.061434+09:00,全国紙,全国,朝日新聞,米ジャガイモ輸入解禁に強まる反対論 病害虫侵入なら「壊滅的被害」,http://www.asahi.com/articles/ASV933C5KV93ULFA018M.html,https://www.asahi.com/rss/asahi/newsheadlines.rdf,ok,,ビジネス
2026-09-04,2026-09-04T07:51:46.061434+09:00,全国紙,全国,朝日新聞,4円超円高、一時155円台に 利上げ観測、日本で拡大、米では後退,http://www.asahi.com/articles/ASV933DWJV93ULFA00WM.html,https://www.asahi.com/rss/asahi/newsheadlines.rdf,ok,,ビジネス
2026-09-04,2026-09-04T07:51:46.061434+09:00,全国紙,全国,朝日新聞,片山財務相「特に注文はない」 米財務長官のリフレ政策の言及受け,http://www.asahi.com/articles/ASV934173V93ULFA01CM.html,https://www.asahi.com/rss/asahi/newsheadlines.rdf,ok,,ビジネス
2026-09-04,2026-09-04T07:51:46.061434+09:00,全国紙,全国,朝日新聞,最低賃金、影潜めた競争の裏側 中央の牽制「昭和の行政指導のよう」,http://www.asahi.com/articles/ASV9333HBV93ULFA01FM.html,https://www.asahi.com/rss/asahi/newsheadlines.rdf,ok,,ビジネス
2026-09-04,2026-09-04T07:51:46.061434+09:00,全国紙,全国,朝日新聞,日本航空と大韓航空が協業強化 マイルやコードシェアなど12分野で,http://www.asahi.com/articles/ASV9332P0V93ULFA00LM.html,https://www.asahi.com/rss/asahi/newsheadlines.rdf,ok,,ビジネス
2026-09-04,2026-09-04T07:51:46.061434+09:00,全国紙,全国,朝日新聞,石破おろし吹き荒れた永田町 抗争50日でも退陣否定し続けた理由,http://www.asahi.com/articles/ASV804559V80UTFK00VM.html,https://www.asahi.com/rss/asahi/newsheadlines.rdf,ok,,政治
2026-09-04,2026-09-04T07:51:46.061434+09:00,全国紙,全国,朝日新聞,韓国国防省主催の多国間会議 小泉防衛相は出席見送り、次官級派遣へ,http://www.asahi.com/articles/ASV932D13V93UTFK003M.html,https://www.asahi.com/rss/asahi/newsheadlines.rdf,ok,,政治
2026-09-04,2026-09-04T07:51:46.061434+09:00,全国紙,全国,朝日新聞,使用済み核燃料の中間貯蔵施設、山口・柳井市議会が計画反対の決議,http://www.asahi.com/articles/ASV933VWGV93TIPE00MM.html,https://www.asahi.com/rss/asahi/newsheadlines.rdf,ok,,政治
2026-09-04,2026-09-04T07:51:46.061434+09:00,全国紙,全国,朝日新聞,茂木氏、中国の影響懸念のモンゴルへ 会談で外相「日本は平和国家」,http://www.asahi.com/articles/ASV933K6DV93UTFK00DM.html,https://www.asahi.com/rss/asahi/newsheadlines.rdf,ok,,政治
2026-09-04,2026-09-04T07:51:46.061434+09:00,全国紙,全国,朝日新聞,維新、初の「閣内協力」へ 馬場伸幸前代表を閣僚に推す方針,http://www.asahi.com/articles/ASV9335WWV93UTFK00FM.html,https://www.asahi.com/rss/asahi/newsheadlines.rdf,ok,,政治
2026-09-04,2026-09-04T07:51:46.061434+09:00,全国紙,全国,朝日新聞,中国軍のSLBM発射で見えた実力とは 識者「対話の維持が不可欠」,http://www.asahi.com/articles/ASV922S07V92UHBI01YM.html,https://www.asahi.com/rss/asahi/newsheadlines.rdf,ok,,国際
2026-09-04,2026-09-04T07:51:46.061434+09:00,全国紙,全国,朝日新聞,水力発電大国ネパールを襲った土石流 作業員不明、電力危機の懸念も,http://www.asahi.com/articles/ASV93338HV93UHBI026M.html,https://www.asahi.com/rss/asahi/newsheadlines.rdf,ok,,国際
2026-09-04,2026-09-04T07:51:46.061434+09:00,全国紙,全国,朝日新聞,プーチン氏、民間企業に防衛対策求める ウクライナからの反撃相次ぎ,http://www.asahi.com/articles/ASV933VCPV93UHBI002M.html,https://www.asahi.com/rss/asahi/newsheadlines.rdf,ok,,国際
2026-09-04,2026-09-04T07:51:46.061434+09:00,全国紙,全国,朝日新聞,韓国と敵対、党規約からも「統一」消える 金正恩氏中心の体制を強化,http://www.asahi.com/articles/ASV933GVDV93UHBI009M.html,https://www.asahi.com/rss/asahi/newsheadlines.rdf,ok,,国際
2026-09-04,2026-09-04T07:51:46.061434+09:00,全国紙,全国,朝日新聞,「地球温暖化で氷河の融解が加速」 チベット当局、記者会見で警鐘,http://www.asahi.com/articles/ASV9330ZSV93UHBI00ZM.html,https://www.asahi.com/rss/asahi/newsheadlines.rdf,ok,,国際
2026-09-04,2026-09-04T07:51:46.061434+09:00,全国紙,全国,朝日新聞,村上春樹さんが同志社大で11月無料講演 ゆかりの京都 早くも反響,http://www.asahi.com/articles/ASV932G9FV93PLZB001M.html,https://www.asahi.com/rss/asahi/newsheadlines.rdf,ok,,社会
2026-09-04,2026-09-04T07:51:46.061434+09:00,全国紙,全国,朝日新聞,世界遺産への登録めざし「彦根城」を推薦へ 文化審議会が選定,http://www.asahi.com/articles/ASV931G3MV93UCVL013M.html,https://www.asahi.com/rss/asahi/newsheadlines.rdf,ok,,社会
2026-09-04,2026-09-04T07:51:46.061434+09:00,全国紙,全国,朝日新聞,「船の体育館」解体を一時中断 住民訴訟巡り裁判所の調査提案に協力,http://www.asahi.com/articles/ASV932Q69V93PLXB004M.html,https://www.asahi.com/rss/asahi/newsheadlines.rdf,ok,,文化芸能
2026-09-04,2026-09-04T07:51:46.061434+09:00,全国紙,全国,朝日新聞,藤子ミュージアム15周年に行列 桃色ドラえもんなど記念グッズも,http://www.asahi.com/articles/ASV932QJ1V93ULOB00CM.html,https://www.asahi.com/rss/asahi/newsheadlines.rdf,ok,,文化芸能
2026-09-04,2026-09-04T07:51:46.061434+09:00,全国紙,全国,朝日新聞,イグ・ノーベル賞、日本人が20年連続受賞 「鼻のかみ方」など研究,http://www.asahi.com/articles/ASV931CX8V93ULLI009M.html,https://www.asahi.com/rss/asahi/newsheadlines.rdf,ok,,サイエンス
2026-09-04,2026-09-04T07:51:46.061434+09:00,全国紙,全国,朝日新聞,尿が跳ねない小便器、蛇にかまれやすい条件...今年のイグ・ノーベル賞,http://www.asahi.com/articles/ASV931V8PV93ULLI00QM.html,https://www.asahi.com/rss/asahi/newsheadlines.rdf,ok,,サイエンス
2026-09-04,2026-09-04T07:51:46.061434+09:00,全国紙,全国,朝日新聞,ジャズ歌手カサンドラ・ウィルソンさん死去 ブルースやポップスも,http://www.asahi.com/articles/ASV9320PSV93UCVL02XM.html,https://www.asahi.com/rss/asahi/newsheadlines.rdf,ok,,おくやみ
2026-09-04,2026-09-04T07:51:46.061434+09:00,全国紙,全国,朝日新聞,原発事故の「避難先」、選んだ三重の農村 秋山豊寛さんが見せた笑顔,http://www.asahi.com/articles/ASV913PGQV91ONFB00MM.html,https://www.asahi.com/rss/asahi/newsheadlines.rdf,ok,,おくやみ
2026-09-04,2026-09-04T07:51:46.061434+09:00,全国紙,全国,朝日新聞,秋山豊寛さん死去 日本人初の宇宙飛行 「これ本番ですか」と第一声,http://www.asahi.com/articles/ASV910QJ1V91TIPE027M.html,https://www.asahi.com/rss/asahi/newsheadlines.rdf,ok,,おくやみ
2026-09-04,2026-09-04T07:51:46.061434+09:00,全国紙,全国,毎日新聞,イグ・ノーベル賞にはなのかみ方研究 日本人の受賞20年連続,https://mainichi.jp/articles/20260904/k00/00m/040/007000c,https://mainichi.jp/rss/etc/mainichi-flash.rss,ok,,ニュース
2026-09-04,2026-09-04T07:51:46.061434+09:00,全国紙,全国,毎日新聞,「静かにしなくていい」図書館 ゲームもラジオ体操もOKの理由,https://mainichi.jp/articles/20260903/k00/00m/310/059000c,https://mainichi.jp/rss/etc/mainichi-flash.rss,ok,,ニュース
2026-09-04,2026-09-04T07:51:46.061434+09:00,全国紙,全国,毎日新聞,バレー推し:急きょ抜てきの河東祐大、代表で生きる「自分ならではの強み」,https://mainichi.jp/articles/20260902/k00/00m/050/321000c,https://mainichi.jp/rss/etc/mainichi-flash.rss,ok,,ニュース
2026-09-04,2026-09-04T07:51:46.061434+09:00,全国紙,全国,毎日新聞,アムールトラのフタバ、母の実家へ 山口・徳山動物園、施設整え,https://mainichi.jp/articles/20260903/k00/00m/310/285000c,https://mainichi.jp/rss/etc/mainichi-flash.rss,ok,,ニュース
2026-09-04,2026-09-04T07:51:46.061434+09:00,全国紙,全国,毎日新聞,土石流に消えた友との夢 造ったワインに託す名は 紀伊半島豪雨,https://mainichi.jp/articles/20260901/k00/00m/040/233000c,https://mainichi.jp/rss/etc/mainichi-flash.rss,ok,,ニュース
2026-09-04,2026-09-04T07:51:46.061434+09:00,全国紙,全国,毎日新聞,もっと社会人野球:選手もさみしい さよなら「Suicaのペンギン」 都市対抗野球,https://mainichi.jp/articles/20260903/k00/00m/050/212000c,https://mainichi.jp/rss/etc/mainichi-flash.rss,ok,,ニュース
2026-09-04,2026-09-04T07:51:46.061434+09:00,全国紙,全国,毎日新聞,世界初を連発、「食虫植物の神」と呼ばれて 2万株に注ぐ情熱,https://mainichi.jp/articles/20260902/k00/00m/310/371000c,https://mainichi.jp/rss/etc/mainichi-flash.rss,ok,,ニュース
2026-09-04,2026-09-04T07:51:46.061434+09:00,全国紙,全国,毎日新聞,もっと社会人野球:「投げ方分からなくなった」元エース 都市対抗アーチで輝き再び,https://mainichi.jp/articles/20260902/k00/00m/050/326000c,https://mainichi.jp/rss/etc/mainichi-flash.rss,ok,,ニュース
2026-09-04,2026-09-04T07:51:46.061434+09:00,全国紙,全国,毎日新聞,経済プラス:内閣府でも財務省幹部「冷遇」 次官候補転出に首相ブレーンの影,https://mainichi.jp/articles/20260902/k00/00m/020/069000c,https://mainichi.jp/rss/etc/mainichi-flash.rss,ok,,ニュース
2026-09-04,2026-09-04T07:51:46.061434+09:00,全国紙,全国,毎日新聞,ウーブン・シティの技術を各地へ 静岡県とトヨタ子会社が協定,https://mainichi.jp/articles/20260903/k00/00m/310/258000c,https://mainichi.jp/rss/etc/mainichi-flash.rss,ok,,ニュース
2026-09-04,2026-09-04T07:51:46.061434+09:00,全国紙,全国,毎日新聞,残暑の中「おせち」予約始まる 北九州・小倉井筒屋が特設売り場,https://mainichi.jp/articles/20260902/k00/00m/310/166000c,https://mainichi.jp/rss/etc/mainichi-flash.rss,ok,,ニュース
2026-09-04,2026-09-04T07:51:46.061434+09:00,全国紙,全国,毎日新聞,片山さつき財務相留任へ 消費減税対応、米財務長官と関係維持も,https://mainichi.jp/articles/20260903/k00/00m/010/375000c,https://mainichi.jp/rss/etc/mainichi-flash.rss,ok,,ニュース
2026-09-04,2026-09-04T07:51:46.061434+09:00,全国紙,全国,毎日新聞,「前野がHR打つ映像が...」西濃運輸・佐伯監督の直感 都市対抗,https://mainichi.jp/articles/20260903/k00/00m/050/414000c,https://mainichi.jp/rss/etc/mainichi-flash.rss,ok,,ニュース
2026-09-04,2026-09-04T07:51:46.061434+09:00,全国紙,全国,毎日新聞,これが「ヤマハプライド」 補強組「できすぎ」2HR 都市対抗,https://mainichi.jp/articles/20260903/k00/00m/050/411000c,https://mainichi.jp/rss/etc/mainichi-flash.rss,ok,,ニュース
2026-09-04,2026-09-04T07:51:46.061434+09:00,全国紙,全国,毎日新聞,あべちか刺傷事件 大阪府警、公開手配の26歳を逮捕 運転役か,https://mainichi.jp/articles/20260903/k00/00m/040/412000c,https://mainichi.jp/rss/etc/mainichi-flash.rss,ok,,ニュース
2026-09-04,2026-09-04T07:51:46.061434+09:00,全国紙,全国,毎日新聞,「王子戦では打つ、昔から」連覇逃した湯浅監督の胸中 都市対抗,https://mainichi.jp/articles/20260903/k00/00m/050/409000c,https://mainichi.jp/rss/etc/mainichi-flash.rss,ok,,ニュース
2026-09-04,2026-09-04T07:51:46.061434+09:00,全国紙,全国,毎日新聞,王子、投手陣崩れ連覇ならず 橋戸賞抜けた穴も大きく 都市対抗,https://mainichi.jp/articles/20260903/k00/00m/050/407000c,https://mainichi.jp/rss/etc/mainichi-flash.rss,ok,,ニュース
2026-09-04,2026-09-04T07:51:46.061434+09:00,全国紙,全国,毎日新聞,円相場、一時155円台に急伸 前日から4円超、米利上げ期待後退,https://mainichi.jp/articles/20260903/k00/00m/020/405000c,https://mainichi.jp/rss/etc/mainichi-flash.rss,ok,,ニュース
2026-09-04,2026-09-04T07:51:46.061434+09:00,全国紙,全国,毎日新聞,日本製紙八代工場の火災は鎮圧 「煙突解体作業中に出火」と通報,https://mainichi.jp/articles/20260903/k00/00m/040/404000c,https://mainichi.jp/rss/etc/mainichi-flash.rss,ok,,ニュース
2026-09-04,2026-09-04T07:51:46.061434+09:00,全国紙,全国,毎日新聞,「鶏肉がぬめって...」食中毒2000人超か インドネシア無料給食,https://mainichi.jp/articles/20260903/k00/00m/030/399000c,https://mainichi.jp/rss/etc/mainichi-flash.rss,ok,,ニュース
2026-09-04,2026-09-04T07:51:46.061434+09:00,全国紙,全国,日本経済新聞,,,,skipped,公式無料RSSなし。著作権ページで自動収集を明確に禁止しているため、自動取得の対象外とする。,
2026-09-04,2026-09-04T07:51:46.061434+09:00,全国紙,全国,産経新聞,<政治部取材メモ>米中「接近」どうする高市早苗政権 「中国が最も恐れる男」の警鐘,https://www.sankei.com/article/20260904-P6GFHNLUOBJ2RL6BN7KJPPSXRM/,https://www.sankei.com/,ok,,
2026-09-04,2026-09-04T07:51:46.061434+09:00,全国紙,全国,産経新聞,世界遺産認定 快挙生んだ考古学者の苦闘 百年にわたる魂の系譜...,https://www.sankei.com/article/20260815-QFGOV26NZFOPTOI5VG332AGYEA/?outputType=theme_election2026,https://www.sankei.com/,ok,,
2026-09-04,2026-09-04T07:51:46.061434+09:00,全国紙,全国,産経新聞,政府が外国と疑われる不審アカウント把握 高市首相「選挙への影...,https://www.sankei.com/article/20260318-U6PW4754BNE3XKFYBTQWPKM65A/?outputType=theme_election2026,https://www.sankei.com/,ok,,
2026-09-04,2026-09-04T07:51:46.061434+09:00,全国紙,全国,産経新聞,衆院選で国会議員の部屋割り一変 小沢、岡田、安住氏ら自民に明...,https://www.sankei.com/article/20260304-C5JCVB743FEVZMNEAU76GY4VNQ/?outputType=theme_election2026,https://www.sankei.com/,ok,,
2026-09-04,2026-09-04T07:51:46.061434+09:00,全国紙,全国,産経新聞,立正佼成会が衆院選で中道103人推薦 公明合流影響か 前回立...,https://www.sankei.com/article/20260303-EHLBLQ2BTRCSVGSJVFHI5TBX4U/?outputType=theme_election2026,https://www.sankei.com/,ok,,
2026-09-04,2026-09-04T07:51:46.061434+09:00,全国紙,全国,産経新聞,中国、硬化した対日姿勢に変化なし 対話の扉を閉ざし日本企業に圧力、関係改善は見通せず,https://www.sankei.com/article/20260904-WJAGZIUCMROWJCPI7GGUVIPBYY/,https://www.sankei.com/,ok,,
2026-09-04,2026-09-04T07:51:46.061434+09:00,全国紙,全国,産経新聞,ミサイル発射実験で中国批判 太平洋諸島首脳が共同声明 パラオ大統領「声を上げる必要」,https://www.sankei.com/article/20260903-F6WQ3MALLVJJJOTHTVHNIQE7CE/,https://www.sankei.com/,ok,,
2026-09-04,2026-09-04T07:51:46.061434+09:00,全国紙,全国,産経新聞,片山財務相、「米財務長官が日本の金融政策へ不満表明」報道否定 政策変更迫られていない,https://www.sankei.com/article/20260903-VDDUVFHRMFNRPAQS4CZEUDSZQY/,https://www.sankei.com/,ok,,
2026-09-04,2026-09-04T07:51:46.061434+09:00,全国紙,全国,産経新聞,<産経抄>ロシアがドイツで「破壊工作」、日本は万全の備えを,https://www.sankei.com/article/20260904-PKSMLBS5WFN47KQEM7ZX622KPY/,https://www.sankei.com/,ok,,
2026-09-04,2026-09-04T07:51:46.061434+09:00,全国紙,全国,産経新聞,「一蓮托生だ」「墓場までもっていけ」指示役に逆らえず...エース調査員、被告人質問詳報,https://www.sankei.com/article/20260904-BXN44GZVPNN4BAQ7TB4GNUP4VY/,https://www.sankei.com/,ok,,
2026-09-04,2026-09-04T07:51:46.061434+09:00,全国紙,全国,産経新聞,大阪・あべちかの強殺未遂 公開手配中の4人目逮捕 被害額600万円 都内の入管に出頭,https://www.sankei.com/article/20260903-KSMZLPG6JNL47AD3ZIMOGPZ7CY/,https://www.sankei.com/,ok,,
2026-09-04,2026-09-04T07:51:46.061434+09:00,全国紙,全国,産経新聞,米代表団が近くキーウ訪問へ ゼレンスキー氏「暫定日程に合意」と表明、対露和平協議,https://www.sankei.com/article/20260904-I7BTT6REKRNU7PCEKP7ZTIXDGQ/,https://www.sankei.com/,ok,,
2026-09-04,2026-09-04T07:51:46.061434+09:00,全国紙,全国,産経新聞,ボランティア13倍、50、60歳代6割 来年の横浜・花博 おもてなしへアルバイト募集,https://www.sankei.com/article/20260904-5Y4COVYEU5IZDBQDCX6WMXGJQE/,https://www.sankei.com/,ok,,
2026-09-04,2026-09-04T07:51:46.061434+09:00,全国紙,全国,産経新聞,「ビール化」するサントリー「金麦」は救世主になれるか 酒税改正、一本化の10月に発売,https://www.sankei.com/article/20260903-2ULULWU5KNOSBIK5NYEXAQWZGI/,https://www.sankei.com/,ok,,
2026-09-04,2026-09-04T07:51:46.061434+09:00,全国紙,全国,産経新聞,日本製紙八代工場の火災、6時間半後に鎮火 熊本地震で煙突倒壊・解体作業中,https://www.sankei.com/article/20260904-CFWLDK262JKEXJVEWJXLYOIFMY/,https://www.sankei.com/,ok,,
2026-09-04,2026-09-04T07:51:46.061434+09:00,全国紙,全国,産経新聞,逃げ出す街から、逃げ込める街へ 「人一倍こだわる」森ビルの挑戦,https://www.sankei.com/article/20260901-RY5WWKHQZ5BQ3F53LRE3IHG3FQ/,https://www.sankei.com/,ok,,
2026-09-04,2026-09-04T07:51:46.061434+09:00,全国紙,全国,産経新聞,【文系】トップ3商社独占、【理系】トヨタが首位躍進 28年卒就職人気ランキング中間...,https://www.sankei.com/article/20260901-PYB32WM5B5DQXDZCKQ7CW5UVBM/,https://www.sankei.com/,ok,,
2026-09-04,2026-09-04T07:51:46.061434+09:00,全国紙,全国,産経新聞,バンス副大統領がトランプ氏政敵「友達」明言,https://www.sankei.com/article/20260904-DDVXA2FT4RI45HSNLVIJBCIEZQ/,https://www.sankei.com/,ok,,
2026-09-04,2026-09-04T07:51:46.061434+09:00,全国紙,全国,産経新聞,イグ・ノーベル賞に50年前の日本人研究,https://www.sankei.com/article/20260904-E77FPHRBHFNBVKCP3FE6M25UVE/,https://www.sankei.com/,ok,,
2026-09-04,2026-09-04T07:51:46.061434+09:00,全国紙,全国,産経新聞,NY原油続伸、終値91ドル台 軍事攻撃再開で,https://www.sankei.com/article/20260904-GMHU4ZFRRJMGVOPS2SAHE4BVQA/,https://www.sankei.com/,ok,,
2026-09-04,2026-09-04T07:51:46.061434+09:00,全国紙,全国,東京新聞,世田谷区長選挙に保坂展人区長が出馬の意向固める 来春、5選目指す 多選批判には「ボトムアップ型が定着」,https://www.tokyo-np.co.jp/article/513189,https://www.tokyo-np.co.jp/,ok,,
2026-09-04,2026-09-04T07:51:46.061434+09:00,全国紙,全国,東京新聞,支持率じりじり低下の高市首相が「いいね」を稼ぐ? 8月はG遭遇がトップ 「X投稿」頑張った1カ月,https://www.tokyo-np.co.jp/article/513197,https://www.tokyo-np.co.jp/,ok,,
2026-09-04,2026-09-04T07:51:46.061434+09:00,全国紙,全国,東京新聞,困りものの「放置スーツケース」に豊島区の新対策が効く? 買い取り・再利用の民間サービスを案内,https://www.tokyo-np.co.jp/article/513170,https://www.tokyo-np.co.jp/,ok,,
2026-09-04,2026-09-04T07:51:46.061434+09:00,全国紙,全国,東京新聞,「いつになったら自由に漁が...」 福島第1原発処理水放出3年、差し止め求める漁師のやりきれない思い,https://www.tokyo-np.co.jp/article/513143,https://www.tokyo-np.co.jp/,ok,,
2026-09-04,2026-09-04T07:51:46.061434+09:00,全国紙,全国,東京新聞,〈社説〉豪雨招く温暖化 千葉や北陸だけでない,https://www.tokyo-np.co.jp/article/513299,https://www.tokyo-np.co.jp/,ok,,
2026-09-04,2026-09-04T07:51:46.061434+09:00,全国紙,全国,東京新聞,事実上分裂の中道、旧立憲民主系21人はどうする? 執行部は結束に腐心 「別の選択肢」もちらついて,https://www.tokyo-np.co.jp/article/513222,https://www.tokyo-np.co.jp/,ok,,
2026-09-04,2026-09-04T07:51:46.061434+09:00,全国紙,全国,東京新聞,その投資、どこがクールジャパン? 累積赤字540億円「クールジャパン機構」の失敗は検証されるのか,https://www.tokyo-np.co.jp/article/513228,https://www.tokyo-np.co.jp/,ok,,
2026-09-04,2026-09-04T07:51:46.061434+09:00,全国紙,全国,東京新聞,異例「解体を一時中断」 丹下健三氏設計の旧香川県立体育館 耐震診断のため県が合意 保存の道はあるのか,https://www.tokyo-np.co.jp/article/513229,https://www.tokyo-np.co.jp/,ok,,
2026-09-04,2026-09-04T07:51:46.061434+09:00,全国紙,全国,東京新聞,〈社説〉伊勢商店街火災 アーケード街は点検を,https://www.tokyo-np.co.jp/article/513298,https://www.tokyo-np.co.jp/,ok,,
2026-09-04,2026-09-04T07:51:46.061434+09:00,全国紙,全国,東京新聞,「ホルムズ海峡も名前変える」と煽るトランプ氏に手詰まり感 イランに仕掛けた制裁は不発の恐れが,https://www.tokyo-np.co.jp/article/513175,https://www.tokyo-np.co.jp/,ok,,
2026-09-04,2026-09-04T07:51:46.061434+09:00,全国紙,全国,東京新聞,「謙虚で、芯の強い人」科学を愛した白川英樹さんを吉野彰さんと野依良治さんが振り返る,https://www.tokyo-np.co.jp/article/513233,https://www.tokyo-np.co.jp/,ok,,
2026-09-04,2026-09-04T07:51:46.061434+09:00,全国紙,全国,東京新聞,VW、大規模再建策を承認 5万人追加削減が「必要」,https://www.tokyo-np.co.jp/article/513283,https://www.tokyo-np.co.jp/,ok,,
2026-09-04,2026-09-04T07:51:46.061434+09:00,全国紙,全国,東京新聞,山中竹春・横浜市長「君のせいで市に損失」と怒鳴る 公用車の運転手がストレス障害に...パワハラの詳細は,https://www.tokyo-np.co.jp/article/513221,https://www.tokyo-np.co.jp/,ok,,
2026-09-04,2026-09-04T07:51:46.061434+09:00,全国紙,全国,東京新聞,白川英樹さん死去 「面白いと思ったことを執念深く研究」木島正志筑波大名誉教授がしのぶ,https://www.tokyo-np.co.jp/article/513227,https://www.tokyo-np.co.jp/,ok,,
2026-09-04,2026-09-04T07:51:46.061434+09:00,全国紙,全国,東京新聞,〈コラム 筆洗〉<秋の雨にしをれて落つる桐の葉は 音するしもぞ寂しかりける...,https://www.tokyo-np.co.jp/article/513268,https://www.tokyo-np.co.jp/,ok,,
2026-09-04,2026-09-04T07:51:46.061434+09:00,全国紙,全国,東京新聞,なぜ妻の姓は「ソコロワ」で夫は「ソコロフ」? 話を聞いて分かった日本語にないルール,https://www.tokyo-np.co.jp/article/509286,https://www.tokyo-np.co.jp/,ok,,
2026-09-04,2026-09-04T07:51:46.061434+09:00,全国紙,全国,東京新聞,〈動画〉望月衣塑子記者が立憲民主の田名部幹事長会見を解説 3党合流断念でどうなる?,https://www.tokyo-np.co.jp/article/513114,https://www.tokyo-np.co.jp/,ok,,tag_movie
2026-09-04,2026-09-04T07:51:46.061434+09:00,全国紙,全国,東京新聞,〈動画〉望月衣塑子記者が解説 高市首相へ障害者団体が手紙を手渡すも...「本当に読むんだろうか」,https://www.tokyo-np.co.jp/article/512353,https://www.tokyo-np.co.jp/,ok,,tag_movie
2026-09-04,2026-09-04T07:51:46.061434+09:00,全国紙,全国,東京新聞,〈動画〉望月衣塑子記者が「いのちの党」の会見を解説 新体制発足 「ヤメれ会」の批判にどう答える?,https://www.tokyo-np.co.jp/article/511800,https://www.tokyo-np.co.jp/,ok,,tag_movie
2026-09-04,2026-09-04T07:51:46.061434+09:00,全国紙,全国,東京新聞,皇居・大手門で通年ライトアップがスタート 日没から午後9時まで点灯,https://www.tokyo-np.co.jp/article/512712,https://www.tokyo-np.co.jp/,ok,,square
2026-09-04,2026-09-04T07:51:46.061434+09:00,全国紙,全国,中日新聞,熊本地震 義援金受け付けています,https://www.chunichi.co.jp/article/1291440,https://www.chunichi.co.jp/,ok,,
2026-09-04,2026-09-04T07:51:46.061434+09:00,全国紙,全国,中日新聞,地元の執念実り世界遺産登録実現へ決意新た 国内推薦候補に彦根城、田島一成市長「市民の支援に感謝」,https://www.chunichi.co.jp/article/1306344,https://www.chunichi.co.jp/,ok,,
2026-09-04,2026-09-04T07:51:46.061434+09:00,全国紙,全国,中日新聞,彦根城、5回目の挑戦実る 練り直した戦略奏功「大名統治システム」アピール,https://www.chunichi.co.jp/article/1306343,https://www.chunichi.co.jp/,ok,,
2026-09-04,2026-09-04T07:51:46.061434+09:00,全国紙,全国,中日新聞,あどけなさ残る「軍神」、島民と交流 膝枕の上で揺らぐ心,https://www.chunichi.co.jp/article/1306361,https://www.chunichi.co.jp/,ok,,
2026-09-04,2026-09-04T07:51:46.061434+09:00,全国紙,全国,中日新聞,中部各地の商店街、防火へ危機感 送水管など設置進むも建物ひしめく事情は共通,https://www.chunichi.co.jp/article/1306377,https://www.chunichi.co.jp/,ok,,
2026-09-04,2026-09-04T07:51:46.061434+09:00,全国紙,全国,中日新聞,大雨で浸水の「くすの木パーキング」取得費は2億円 四日市市が議案提出へ、復旧に全体で40億円必要,https://www.chunichi.co.jp/article/1306318,https://www.chunichi.co.jp/,ok,,
2026-09-04,2026-09-04T07:51:46.061434+09:00,全国紙,全国,中日新聞,断水による水不足で治療制限や手術困難 熊本地震被災地の医療、綱渡り続く,https://www.chunichi.co.jp/article/1306409,https://www.chunichi.co.jp/,ok,,
2026-09-04,2026-09-04T07:51:46.061434+09:00,全国紙,全国,中日新聞,愛知県内でインフルエンザが流行入り 統計開始以降2番目の早さ,https://www.chunichi.co.jp/article/1306325,https://www.chunichi.co.jp/,ok,,
2026-09-04,2026-09-04T07:51:46.061434+09:00,全国紙,全国,中日新聞,ノーベル化学賞受賞の白川英樹さん死去、90歳 疎開先・高山の級友ら悼む,https://www.chunichi.co.jp/article/1306164,https://www.chunichi.co.jp/,ok,,
2026-09-04,2026-09-04T07:51:46.061434+09:00,全国紙,全国,中日新聞,富山地方鉄道・新庄社長インタビュー 運賃大幅引き下げへ自治体負担を,https://www.chunichi.co.jp/article/1306417,https://www.chunichi.co.jp/,ok,,
2026-09-04,2026-09-04T07:51:46.061434+09:00,全国紙,全国,中日新聞,大雨から1週間経過も冠水解消し切れず 石川県羽咋市、浄化槽故障でトイレや風呂も使用できず,https://www.chunichi.co.jp/article/1306262,https://www.chunichi.co.jp/,ok,,
2026-09-04,2026-09-04T07:51:46.061434+09:00,全国紙,全国,中日新聞,【与田剛の目】反発力のない中日打線、「あの回は3人で終わらせないのが鉄則なのに...」 広島・栗林に3勝目を献上「打者が助けてしまった」,https://www.chunichi.co.jp/article/1306411,https://www.chunichi.co.jp/,ok,,
2026-09-04,2026-09-04T07:51:46.061434+09:00,全国紙,全国,中日新聞,「移民ビジネス」外国人の受け入れを巡る現実と課題,https://www.chunichi.co.jp/article/1233264,https://www.chunichi.co.jp/,ok,,
2026-09-04,2026-09-04T07:51:46.061434+09:00,全国紙,全国,中日新聞,【南山大&中日新聞ポッドキャスト企画】アメリカを考える~独立宣言から250年の大変動,https://www.chunichi.co.jp/article/1270383,https://www.chunichi.co.jp/,ok,,
2026-09-04,2026-09-04T07:51:46.061434+09:00,全国紙,全国,中日新聞,【第1部・外国人団地】共生を目指す外国人労働者の姿を描く,https://www.chunichi.co.jp/article/1237076,https://www.chunichi.co.jp/,ok,,
2026-09-04,2026-09-04T07:51:46.061434+09:00,全国紙,全国,中日新聞,読者が選んだグッとコラム大賞は...?,https://www.chunichi.co.jp/article/1230731,https://www.chunichi.co.jp/,ok,,
2026-09-04,2026-09-04T07:51:46.061434+09:00,全国紙,全国,中日新聞,【デジタル地図】南海トラフ巨大地震の想定震度マップ。あなたの地域の想定震度をチェック,https://www.chunichi.co.jp/article/1046009,https://www.chunichi.co.jp/,ok,,
2026-09-04,2026-09-04T07:51:46.061434+09:00,全国紙,全国,中日新聞,【動画】138タワーパークの巨大気温グラフ、今年が最終回,https://www.chunichi.co.jp/article/1305096,https://www.chunichi.co.jp/,ok,,video
2026-09-04,2026-09-04T07:51:46.061434+09:00,全国紙,全国,中日新聞,【動画】近鉄宇治山田駅前の明倫商店街から出火 伊勢神宮近く、複数店舗に延焼,https://www.chunichi.co.jp/article/1304621,https://www.chunichi.co.jp/,ok,,video
2026-09-04,2026-09-04T07:51:46.061434+09:00,全国紙,全国,中日新聞,【動画】福井市、大野市、勝山市に一時「レベル5大雨特別警報」 河川の氾濫や住宅浸水、道路の冠水,https://www.chunichi.co.jp/article/1304053,https://www.chunichi.co.jp/,ok,,video
2026-09-04,2026-09-04T07:51:46.061434+09:00,地方紙,北海道,北海道新聞,,,,skipped,公式RSSはあるが、見出し・本文の公開(再配信)を認めない旨の規約があるため自動取得の対象外とする。,
2026-09-04,2026-09-04T07:51:46.061434+09:00,地方紙,宮城,河北新報,,,,skipped,robots.txtが/rss/をDisallowしておりRSS購読不可。私的利用限定・二次利用禁止の規約があるため自動取得の対象外とする。,
2026-09-04,2026-09-04T07:51:46.061434+09:00,地方紙,新潟,新潟日報,,,,skipped,利用規約でデータマイニング・テキストマイニング・AI学習目的の情報処理・解析利用を明示的に禁止しているため自動取得の対象外とする。,
2026-09-04,2026-09-04T07:51:46.061434+09:00,地方紙,長野,信濃毎日新聞,「産地がなくなってしまわないか」 外来カミキリに危機感 プルーン生産日本一の長野県09/04 06:05クビアカツヤカミキリの被害が目立つ佐久地域。佐久穂町の果樹農家の男性(75)が信濃毎日新聞の取材に応じ、「50年以上やっているがこんな被害は初めて」と現状を話した。プルーンは長野県が収穫量日本一。出荷が最盛期を迎える中、被害拡大の不安が膨らんでいる。 ■早くも広がる被害 男性は町内の農園約20アールで、プルーンやリ...,https://www.shinmai.co.jp/news/article/gf01dacm4ukvl121or83r8a0,https://www.shinmai.co.jp/,ok,,
2026-09-04,2026-09-04T07:51:46.061434+09:00,地方紙,長野,信濃毎日新聞,志賀高原へ麓からゴンドラやロープウエー 山ノ内町長が「将来構想」09/04 06:35,https://www.shinmai.co.jp/news/article/gf01dacklncvl121or83qv1g,https://www.shinmai.co.jp/,ok,,
2026-09-04,2026-09-04T07:51:46.061434+09:00,地方紙,長野,信濃毎日新聞,決めきれない・・・もがく山雅の沢崎凌大 諏訪大社を参拝して挑む古巣戦09/04 06:04,https://www.shinmai.co.jp/news/article/gf01dacl0ukvl121or83r22g,https://www.shinmai.co.jp/,ok,,
2026-09-04,2026-09-04T07:51:46.061434+09:00,地方紙,長野,信濃毎日新聞,5億円投資、開所3年で具体的な成果なし 塩尻市DXセンターは変革を起こせるか09/04 06:03,https://www.shinmai.co.jp/news/article/gf01daclm4dttbkcu3kqrch0,https://www.shinmai.co.jp/,ok,,
2026-09-04,2026-09-04T07:51:46.061434+09:00,地方紙,長野,信濃毎日新聞,申し込み殺到する人気ぶり 引退迫る115系撮影会、しなの鉄道が毎月開催へ09/04 06:02,https://www.shinmai.co.jp/news/article/gf01daclgh5ttbkcu3kqrbc0,https://www.shinmai.co.jp/,ok,,
2026-09-04,2026-09-04T07:51:46.061434+09:00,地方紙,長野,信濃毎日新聞,5年前に閉店した飯田市の人気うなぎ店 6日のホコ天イベントで一日限定復活へ09/04 06:01,https://www.shinmai.co.jp/news/article/gf01dacj8d4vl121or83qhv0,https://www.shinmai.co.jp/,ok,,
2026-09-04,2026-09-04T07:51:46.061434+09:00,地方紙,長野,信濃毎日新聞,2おくやみ(9月4日付),https://www.shinmai.co.jp/news/article/gf01dacktnsvl121or83r17g,https://www.shinmai.co.jp/,ok,,
2026-09-04,2026-09-04T07:51:46.061434+09:00,地方紙,長野,信濃毎日新聞,4廃病院侵入疑いで岐阜県警が書類送検 長野市の男性は本社記者,https://www.shinmai.co.jp/news/article/gf01dacl9plttbkcu3kqra70,https://www.shinmai.co.jp/,ok,,
2026-09-04,2026-09-04T07:51:46.061434+09:00,地方紙,長野,信濃毎日新聞,7【第79回】長野県書道展入賞・入選者の検索サービス,https://www.shinmai.co.jp/news/article/SHEX2026062900004780,https://www.shinmai.co.jp/,ok,,
2026-09-04,2026-09-04T07:51:46.061434+09:00,地方紙,長野,信濃毎日新聞,8長野県書道展、入賞・入選作品決まる 信濃毎日新聞デジタルに検索ページも,https://www.shinmai.co.jp/news/article/gf01dacmkq5ttbkcu3kqrgu0,https://www.shinmai.co.jp/,ok,,
2026-09-04,2026-09-04T07:51:46.061434+09:00,地方紙,長野,信濃毎日新聞,10山雅の「大器」を変えた新たな”師匠” 「力任せに蹴るな」 理詰めの指導でつかんだ成長,https://www.shinmai.co.jp/news/article/gf01dac2cgtttbkcu3kqo230,https://www.shinmai.co.jp/,ok,,
2026-09-04,2026-09-04T07:51:46.061434+09:00,地方紙,長野,信濃毎日新聞,民俗芸能とは?「単なる文化事象ではないのです」 持続可能な地域づくりそのもの 長野県主催のシンポで今後を展望〈山と人と信州と〉長野県社会信州の山ウェブオリジナル山と人と信州と09/04 06:04,https://www.shinmai.co.jp/news/article/gf01dacgl44vl121or83plo0,https://www.shinmai.co.jp/,ok,,
2026-09-04,2026-09-04T07:51:46.061434+09:00,地方紙,長野,信濃毎日新聞,「信頼は一瞬で崩れる」 山雅の元流経大キャプテンに待っていた落とし穴 ベンチ外の現実受け止め再出発長野県スポーツウェブオリジナルイブニング信毎サッカー松本山雅松本市08/25 06:30,https://www.shinmai.co.jp/news/article/gf01da5sbkcaejegpfu2nhlg,https://www.shinmai.co.jp/,ok,,
2026-09-04,2026-09-04T07:51:46.061434+09:00,地方紙,長野,信濃毎日新聞,【マンガ】長野県はグミの“産地”って知ってた? きょう9月3日は「グミの日」長野県くらし・話題ウェブオリジナルちゅ~も09/03 09:47,https://www.shinmai.co.jp/news/article/gf01da949s2m9tl84se1l1mg,https://www.shinmai.co.jp/,ok,,
2026-09-04,2026-09-04T07:51:46.061434+09:00,地方紙,長野,信濃毎日新聞,北アルプスの眺望や湧水に恵まれ音楽と山雅を愛でて暮らす...入社29年で実現した憧れの松本勤務長野県くらし・話題ウェブオリジナルイブニング信毎コラム「硬面軟面」松本市09/03 06:05,https://www.shinmai.co.jp/news/article/gf01daakumkaejegpfu3gisg,https://www.shinmai.co.jp/,ok,,
2026-09-04,2026-09-04T07:51:46.061434+09:00,地方紙,長野,信濃毎日新聞,森田望智さん、朝ドラ「巡るスワン」舞台の印象は? 「諏訪湖の周りは本当にすてき」【動画付き】長野県文化・芸能主要エンタメウェブオリジナル県・県議会諏訪湖巡るスワン岡谷市諏訪市下諏訪町09/02 06:05,https://www.shinmai.co.jp/news/article/gf01dabcru4aejegpfu3kpkg,https://www.shinmai.co.jp/,ok,,
2026-09-04,2026-09-04T07:51:46.061434+09:00,地方紙,長野,信濃毎日新聞,信州山レポート 山岳情報ぎゅっとお届け長野県社会安全登山・遭難信州の山ウェブオリジナル09/01 17:40,https://www.shinmai.co.jp/news/article/SHEX2026071400004787,https://www.shinmai.co.jp/,ok,,
2026-09-04,2026-09-04T07:51:46.061434+09:00,地方紙,長野,信濃毎日新聞,南アルプスにシカの大群/草間彌生さん死去/長野県150年「信濃の国」に新たな歌詞【8月の長野県ニュース】長野県主要社会スポーツ経済政治信州の山ウェブオリジナルイブニング信毎高校野球信州縁撮り南アルプス大鹿村松本市伊那市09/01 15:04,https://www.shinmai.co.jp/news/article/gf01dab6284aejegpfu3j02g,https://www.shinmai.co.jp/,ok,,
2026-09-04,2026-09-04T07:51:46.061434+09:00,地方紙,静岡,静岡新聞,,,https://www.at-s.com/,error,405 Client Error: Not Allowed for url: https://www.at-s.com/,
2026-09-04,2026-09-04T07:51:46.061434+09:00,地方紙,京都,京都新聞,人事異動ポータル,https://www.kyoto-np.co.jp/articles/-/1250583,https://www.kyoto-np.co.jp/,ok,,
2026-09-04,2026-09-04T07:51:46.061434+09:00,地方紙,京都,京都新聞,速報NY円、155円75~85銭,https://www.kyoto-np.co.jp/articles/-/1784340,https://www.kyoto-np.co.jp/,ok,,
2026-09-04,2026-09-04T07:51:46.061434+09:00,地方紙,京都,京都新聞,100年超前にルーツ?京都の京阪電車「ワースト2」駅に特急止まる納得の理由 幻の「京都大仏」復活か4:50地域京都と大阪をつなぐ京阪本線・鴨東線の特急停車駅の中で、七条駅は乗降客が下から2番目に少なく、祇園四条駅からわずか2駅、乗車時間にしてたった...,https://www.kyoto-np.co.jp/articles/-/1777618,https://www.kyoto-np.co.jp/,ok,,
2026-09-04,2026-09-04T07:51:46.061434+09:00,地方紙,京都,京都新聞,京セラ「AIと先端半導体」に集中投資 国内で21年ぶりの新たな生産拠点に込めた決意4:50地域京セラが、AI(人工知能)と先端半導体の分野に集中投資する。国内で21年ぶりとなる新たな生産拠点「長崎諫早工場」(長崎県諫早市)が今月完成...,https://www.kyoto-np.co.jp/articles/-/1784236,https://www.kyoto-np.co.jp/,ok,,
2026-09-04,2026-09-04T07:51:46.061434+09:00,地方紙,京都,京都新聞,「黙っていても生徒が集まる」時代ではない 「滋賀県随一の進学校」が抱えるジレンマとは4:00地域「『膳所は黙っていても生徒が集まるのでいいよね』と言われる。でも本当にそうなのか」-。滋賀県立高随一の進学校・膳所高(大津市)で先月行われ...,https://www.kyoto-np.co.jp/articles/-/1783832,https://www.kyoto-np.co.jp/,ok,,
2026-09-04,2026-09-04T07:51:46.061434+09:00,地方紙,京都,京都新聞,京都市の企業2社、破産手続き開始決定 電気工事・訪問看護の会社と大工工事会社、低迷の背景は4:55市内帝国データバンク京都支店によると、8月28~9月3日の1週間に、京都市内で2社の倒産が判明した。電気工事・訪問看護を手がける会社と、大工工...,https://www.kyoto-np.co.jp/articles/-/1784245,https://www.kyoto-np.co.jp/,ok,,
2026-09-04,2026-09-04T07:51:46.061434+09:00,地方紙,京都,京都新聞,新大阪駅近くに「年間30万人動員」ライブハウス開業へ ロッテが参入、音楽だけじゃない使い道とは5:00地域ロッテホールディングス(HD)と野村不動産は3日、2028年3月に新大阪駅周辺で開業するライブハウス...,https://www.kyoto-np.co.jp/articles/-/1784156,https://www.kyoto-np.co.jp/,ok,,
2026-09-04,2026-09-04T07:51:46.061434+09:00,地方紙,京都,京都新聞,子どもとの死別に寄り添う「グリーフケア」遺族に届けたい 京都大学の研究者らポータルサイト開設へ5:30市内子どもと死別して深い悲しみや喪失感にさいなまれている遺族と支援団体をつなぐプロジェクトが、京都大で進んでいる。中心になっているのは...,https://www.kyoto-np.co.jp/articles/-/1784057,https://www.kyoto-np.co.jp/,ok,,
2026-09-04,2026-09-04T07:51:46.061434+09:00,地方紙,京都,京都新聞,大阪巨大ターミナル駅至近「青春の人気商業店」が近く「閉店」へ 親しまれて27年「同級生に会える場」5:30地域大阪市の商業店が...,https://www.kyoto-np.co.jp/articles/-/1778560,https://www.kyoto-np.co.jp/,ok,,
2026-09-04,2026-09-04T07:51:46.061434+09:00,地方紙,京都,京都新聞,京都サンガのMF佐藤響はPKを与えた場面をどう振り返る 「あのタイミングで...」 一問一答5:05地域,https://www.kyoto-np.co.jp/articles/-/1784132,https://www.kyoto-np.co.jp/,ok,,
2026-09-04,2026-09-04T07:51:46.061434+09:00,地方紙,京都,京都新聞,【高校野球】新チームの「スピードスター」は?夏の京都大会で盗塁数の多かった1、2年生に注目5:03京都,https://www.kyoto-np.co.jp/articles/-/1783433,https://www.kyoto-np.co.jp/,ok,,
2026-09-04,2026-09-04T07:51:46.061434+09:00,地方紙,京都,京都新聞,京都サンガのMF尹星俊が語る相棒への思い「やっぱり11人全員で戦わないと」 一問一答5:00地域,https://www.kyoto-np.co.jp/articles/-/1784131,https://www.kyoto-np.co.jp/,ok,,
2026-09-04,2026-09-04T07:51:46.061434+09:00,地方紙,京都,京都新聞,「京大がすべてではない」一方で「実績維持も必要」 「滋賀県随一の進学校」校長に聞く未来像4:00地域,https://www.kyoto-np.co.jp/articles/-/1783824,https://www.kyoto-np.co.jp/,ok,,
2026-09-04,2026-09-04T07:51:46.061434+09:00,地方紙,京都,京都新聞,京都府中部の私立高校「面倒見が良い学校」と評価 公立高校の入試新制度で「生き残り」の一手は9月3日地域,https://www.kyoto-np.co.jp/articles/-/1783147,https://www.kyoto-np.co.jp/,ok,,
2026-09-04,2026-09-04T07:51:46.061434+09:00,地方紙,京都,京都新聞,京都の京阪電車「祇園四条」から2分、乗降客「ワースト2」駅になぜ特急止まる?ヒントは「幻の駅」9月3日地域,https://www.kyoto-np.co.jp/articles/-/1778574,https://www.kyoto-np.co.jp/,ok,,
2026-09-04,2026-09-04T07:51:46.061434+09:00,地方紙,京都,京都新聞,京都市下京区の私立高校「入試戦略」奏功で入学者が大幅増 私学は「無償化」でさらなる追い風も9月3日市内,https://www.kyoto-np.co.jp/articles/-/1782042,https://www.kyoto-np.co.jp/,ok,,
2026-09-04,2026-09-04T07:51:46.061434+09:00,地方紙,京都,京都新聞,京都の世界遺産・二条城二の丸御殿の保存修理では「耐震補強」も必要に 「財源確保」どうする?9月2日市内,https://www.kyoto-np.co.jp/articles/-/1780976,https://www.kyoto-np.co.jp/,ok,,
2026-09-04,2026-09-04T07:51:46.061434+09:00,地方紙,京都,京都新聞,【フィギュアスケート 】2025 - 2026シーズンをニュースや写真、コラムで網羅 デジタル特集「Deep Edge」京都,https://www.kyoto-np.co.jp/articles/-/1131905,https://www.kyoto-np.co.jp/,ok,,
2026-09-04,2026-09-04T07:51:46.061434+09:00,地方紙,京都,京都新聞,追悼特集「面影をたどって」 亡くなった著名人の生前の姿をしのぶ全国・海外,https://www.kyoto-np.co.jp/articles/-/1747763,https://www.kyoto-np.co.jp/,ok,,
2026-09-04,2026-09-04T07:51:46.061434+09:00,地方紙,京都,京都新聞,次期学習指導要領 ポイントまとめ全国・海外,https://www.kyoto-np.co.jp/articles/-/1781809,https://www.kyoto-np.co.jp/,ok,,
2026-09-04,2026-09-04T07:51:46.061434+09:00,地方紙,兵庫,神戸新聞,強制不妊救済へ発信強化 兵庫県、12市町全戸に補償制度周知へ,https://www.kobe-np.co.jp/news/society/202609/0020780351.shtml,https://www.kobe-np.co.jp/,ok,,
2026-09-04,2026-09-04T07:51:46.061434+09:00,地方紙,兵庫,神戸新聞,旧優生保護法下の差別、学校授業で取り扱いへ,https://www.kobe-np.co.jp/news/society/202609/0020780349.shtml,https://www.kobe-np.co.jp/,ok,,
2026-09-04,2026-09-04T07:51:46.061434+09:00,地方紙,兵庫,神戸新聞,「ピックルボール」第一人者の船水プロ、神戸に拠点,https://www.kobe-np.co.jp/news/sports/202609/0020780199.shtml,https://www.kobe-np.co.jp/,ok,,
2026-09-04,2026-09-04T07:51:46.061434+09:00,地方紙,兵庫,神戸新聞,サイドバック陣、主役に<航跡VISSEL>,https://www.kobe-np.co.jp/news/sports/202609/0020780202.shtml,https://www.kobe-np.co.jp/,ok,,
2026-09-04,2026-09-04T07:51:46.061434+09:00,地方紙,兵庫,神戸新聞,兵庫県の推計人口530万1177人、前月より1304人減,https://www.kobe-np.co.jp/news/society/202609/0020780355.shtml,https://www.kobe-np.co.jp/,ok,,
2026-09-04,2026-09-04T07:51:46.061434+09:00,地方紙,兵庫,神戸新聞,36の蔵元、200種の酒が一堂に 神戸で16日「秋の地酒蔵展示会」,https://www.kobe-np.co.jp/news/economy/202609/0020779521.shtml,https://www.kobe-np.co.jp/,ok,,
2026-09-04,2026-09-04T07:51:46.061434+09:00,地方紙,兵庫,神戸新聞,太子町が開庁時間短縮 12月から、業務の効率化で,https://www.kobe-np.co.jp/news/seiban/202609/0020779536.shtml,https://www.kobe-np.co.jp/,ok,,
2026-09-04,2026-09-04T07:51:46.061434+09:00,地方紙,兵庫,神戸新聞,丹波篠山の外来カミキリ被害木、県が緊急処置,https://www.kobe-np.co.jp/news/tanba/202609/0020779582.shtml,https://www.kobe-np.co.jp/,ok,,
2026-09-04,2026-09-04T07:51:46.061434+09:00,地方紙,兵庫,神戸新聞,かき氷や飲料を熊本地震の被災者に 加古川の露天商の男性,https://www.kobe-np.co.jp/news/touban/202609/0020779459.shtml,https://www.kobe-np.co.jp/,ok,,
2026-09-04,2026-09-04T07:51:46.061434+09:00,地方紙,兵庫,神戸新聞,西脇の「いなか出前亭」、飲食の宅配からサービス拡大,https://www.kobe-np.co.jp/news/hokuban/202609/0020779570.shtml,https://www.kobe-np.co.jp/,ok,,
2026-09-04,2026-09-04T07:51:46.061434+09:00,地方紙,兵庫,神戸新聞,木工作家17人が出展、座り心地極上のこだわり椅子 「一脚展」,https://www.kobe-np.co.jp/news/kobe/202609/0020779336.shtml,https://www.kobe-np.co.jp/,ok,,
2026-09-04,2026-09-04T07:51:46.061434+09:00,地方紙,兵庫,神戸新聞,子ども記者、温泉の魅力発信 宝塚小5年生が初挑戦,https://www.kobe-np.co.jp/news/hanshin/202609/0020779363.shtml,https://www.kobe-np.co.jp/,ok,,
2026-09-04,2026-09-04T07:51:46.061434+09:00,地方紙,兵庫,神戸新聞,ジオパーク、高校生が議論 「山陰海岸」3府県の6校15人が合宿,https://www.kobe-np.co.jp/news/tajima/202609/0020779594.shtml,https://www.kobe-np.co.jp/,ok,,
2026-09-04,2026-09-04T07:51:46.061434+09:00,地方紙,兵庫,神戸新聞,車体にイラスト,https://www.kobe-np.co.jp/news/kobe/202609/0020779334.shtml,https://www.kobe-np.co.jp/,ok,,
2026-09-04,2026-09-04T07:51:46.061434+09:00,地方紙,兵庫,神戸新聞,<県政リアル 知事就任5年>(6)距離感 離れた大阪、県内首長も模索,https://www.kobe-np.co.jp/news/society/202608/0020681985.shtml,https://www.kobe-np.co.jp/,ok,,
2026-09-04,2026-09-04T07:51:46.061434+09:00,地方紙,兵庫,神戸新聞,新聞協会賞受賞「兵庫県知事選 あの熱狂の中で」 第1部「さいとうさんと私」プロローグ~2話を無料公開,https://www.kobe-np.co.jp/news/richa/202609/0020774666.shtml,https://www.kobe-np.co.jp/,ok,,
2026-09-04,2026-09-04T07:51:46.061434+09:00,地方紙,兵庫,神戸新聞,神戸拠点の創薬ベンチャー、食道がんで世界初のウイルス治療薬開発 倒産危機越え苦難の20年,https://www.kobe-np.co.jp/news/economy/202609/0020776285.shtml,https://www.kobe-np.co.jp/,ok,,
2026-09-04,2026-09-04T07:51:46.061434+09:00,地方紙,兵庫,神戸新聞,豊岡・城崎中ボート部、市内全域から部員募る 全国大会で活躍 平日はマシン、週末は川で練習,https://www.kobe-np.co.jp/news/tajima/202609/0020777184.shtml,https://www.kobe-np.co.jp/,ok,,
2026-09-04,2026-09-04T07:51:46.061434+09:00,地方紙,兵庫,神戸新聞,播磨町の「危ない交差点」 住宅街の小さな十字路、3年間の人身事故全8件が車の信号無視,https://www.kobe-np.co.jp/news/richb/202609/0020772450.shtml,https://www.kobe-np.co.jp/,ok,,
2026-09-04,2026-09-04T07:51:46.061434+09:00,地方紙,兵庫,神戸新聞,<近日公開 9月のオススメ記事>バスケBプレミア、防災DX、「随想」新執筆陣...etc.,https://www.kobe-np.co.jp/news/richa/202608/0020749065.shtml,https://www.kobe-np.co.jp/,ok,,
2026-09-04,2026-09-04T07:51:46.061434+09:00,地方紙,広島,中国新聞,,,,skipped,利用規約でAI開発目的のディープラーニング等の情報処理・解析利用を明示的に禁止しているため自動取得の対象外とする。,
2026-09-04,2026-09-04T07:51:46.061434+09:00,地方紙,福岡,西日本新聞,,,,skipped,公式RSSはあるが、利用規約でAI学習目的の情報処理・解析利用を明示的に禁止しているため自動取得の対象外とする。,
2026-09-04,2026-09-04T07:51:46.061434+09:00,地方紙,熊本,熊本日日新聞,四国、九州で大雨の恐れ,https://kumanichi.com/articles/2032423,https://kumanichi.com/rss.xml,ok,,
2026-09-04,2026-09-04T07:51:46.061434+09:00,地方紙,熊本,熊本日日新聞,円急伸、一時155円30銭,https://kumanichi.com/articles/2032422,https://kumanichi.com/rss.xml,ok,,
2026-09-04,2026-09-04T07:51:46.061434+09:00,地方紙,熊本,熊本日日新聞,上田綺世、リール初出場でゴール,https://kumanichi.com/articles/2032421,https://kumanichi.com/rss.xml,ok,,
2026-09-04,2026-09-04T07:51:46.061434+09:00,地方紙,熊本,熊本日日新聞,全米テニス、大坂が3回戦進出,https://kumanichi.com/articles/2032417,https://kumanichi.com/rss.xml,ok,,
2026-09-04,2026-09-04T07:51:46.061434+09:00,地方紙,熊本,熊本日日新聞,VW、大規模再建策を承認,https://kumanichi.com/articles/2032420,https://kumanichi.com/rss.xml,ok,,
2026-09-04,2026-09-04T07:51:46.061434+09:00,地方紙,熊本,熊本日日新聞,為替相場 4日(日本時間 7時),https://kumanichi.com/articles/2032367,https://kumanichi.com/rss.xml,ok,,
2026-09-04,2026-09-04T07:51:46.061434+09:00,地方紙,熊本,熊本日日新聞,エルサレムに大使館移転へ,https://kumanichi.com/articles/2032419,https://kumanichi.com/rss.xml,ok,,
2026-09-04,2026-09-04T07:51:46.061434+09:00,地方紙,熊本,熊本日日新聞,中国、ロシア極東攻撃自制要請,https://kumanichi.com/articles/2032418,https://kumanichi.com/rss.xml,ok,,
2026-09-04,2026-09-04T07:51:46.061434+09:00,地方紙,熊本,熊本日日新聞,イラン、米軍基地に報復,https://kumanichi.com/articles/2032416,https://kumanichi.com/rss.xml,ok,,
2026-09-04,2026-09-04T07:51:46.061434+09:00,地方紙,熊本,熊本日日新聞,米、カストロ氏孫に制裁,https://kumanichi.com/articles/2032415,https://kumanichi.com/rss.xml,ok,,
2026-09-04,2026-09-04T07:51:46.061434+09:00,地方紙,鹿児島,南日本新聞,鹿児島県内に線状降水帯の恐れ 台風24号 動き複雑、大雨に警戒を台風24号は3日、奄美地方を強風域に巻き込みながら北寄りに進んだ。県内は4日夜遅くにかけて線状降水帯が発生する恐れがあるとして、鹿児島地方気象台は大雨災害への警戒を呼びかけている。 気象台と名瀬測候所によると、台風は4日にかけて北西に進んだ後、南にゆっくり進む複雑な動きとなる見込みで、奄美地方が強風域を抜けるタイミングの確定は難しいとした。 4日午後6時までの24時間降水量は多い9月3日 22:36,https://373news.com/news/local/detail/239036/,https://373news.com/,ok,,local
2026-09-04,2026-09-04T07:51:46.061434+09:00,地方紙,鹿児島,南日本新聞,【青森国スポ】ビーチバレー少年男子、初戦突破 柏木・真川組(鹿屋高)持ち味発揮9月4日 06:30,https://373news.com/news/local/detail/239048/,https://373news.com/,ok,,local
2026-09-04,2026-09-04T07:51:46.061434+09:00,地方紙,鹿児島,南日本新聞,鹿児島~沖縄25時間航路のマリックスライン 長距離運転手への食事券配布サービスを段階的に廃止 仕入れ価格高騰のため9月4日 06:00,https://373news.com/news/local/detail/239052/,https://373news.com/,ok,,local
2026-09-04,2026-09-04T07:51:46.061434+09:00,地方紙,鹿児島,南日本新聞,奄美航路のマルエーフェリー 船内でキャッシュレス決済可能に 衛星通信網「スターリンク」を導入9月4日 06:00,https://373news.com/news/local/detail/239051/,https://373news.com/,ok,,local
2026-09-04,2026-09-04T07:51:46.061434+09:00,地方紙,鹿児島,南日本新聞,米産ジャガイモ輸入で説明会 全国2位の産地・鹿児島で農水省9月4日 06:00,https://373news.com/news/local/detail/239049/,https://373news.com/,ok,,local
2026-09-04,2026-09-04T07:51:46.061434+09:00,地方紙,鹿児島,南日本新聞,さつま町弾薬庫、適地調査完了――着工、運用開始時期は未定9月4日 05:30,https://373news.com/news/local/detail/239037/,https://373news.com/,ok,,local
2026-09-04,2026-09-04T07:51:46.061434+09:00,地方紙,鹿児島,南日本新聞,【青森国スポ】出水商高単独の体操少年男子、暫定7位 全員でミスをカバー9月3日 22:18,https://373news.com/news/local/detail/239047/,https://373news.com/,ok,,local
2026-09-04,2026-09-04T07:51:46.061434+09:00,地方紙,鹿児島,南日本新聞,25年焼酎・泡盛売上高 上位50に県内20社 民間調べ9月3日 21:01,https://373news.com/news/local/detail/239050/,https://373news.com/,ok,,local
2026-09-04,2026-09-04T07:51:46.061434+09:00,地方紙,鹿児島,南日本新聞,72歳建設作業員男「焼酎盗もう」と空き家侵入――鹿児島県警肝付署、窃盗未遂容疑などで現行犯逮捕9月3日 20:59,https://373news.com/news/local/detail/239045/,https://373news.com/,ok,,local
2026-09-04,2026-09-04T07:51:46.061434+09:00,地方紙,鹿児島,南日本新聞,1三大エビを味わって 阿久根で「伊勢海老祭り」開幕――11店が参加、新メニュー登場...甘みのある主役、特大サイズが続々水揚げ,https://373news.com/news/local/detail/238898/,https://373news.com/,ok,,local
2026-09-04,2026-09-04T07:51:46.061434+09:00,地方紙,鹿児島,南日本新聞,2鹿児島市のリサイクル業の男、車から注射器――鹿児島中央署が逮捕...8月上旬、覚醒剤を使用した疑い,https://373news.com/news/local/detail/239040/,https://373news.com/,ok,,local
2026-09-04,2026-09-04T07:51:46.061434+09:00,地方紙,鹿児島,南日本新聞,4巡視船「しゅんこう」から油水混合物が海に...鹿児島市で陸揚げ作業中に配管から流出、吸着マットで回収―鹿児島海保,https://373news.com/news/local/detail/239041/,https://373news.com/,ok,,local
2026-09-04,2026-09-04T07:51:46.061434+09:00,地方紙,鹿児島,南日本新聞,5鹿児島・奄美に台風24号、3日夜最接近...動き遅く前線南下、影響長期化の恐れ,https://373news.com/news/local/detail/238989/,https://373news.com/,ok,,local
2026-09-04,2026-09-04T07:51:46.061434+09:00,地方紙,鹿児島,南日本新聞,6鹿児島市の無職男、免許取得歴なしで他人名義の車を運転...通報受けた警察が職務質問,https://373news.com/news/local/detail/238996/,https://373news.com/,ok,,local
2026-09-04,2026-09-04T07:51:46.061434+09:00,地方紙,鹿児島,南日本新聞,7ある日突然、預金差し押さえ...知らぬ間に「敗訴」、面識ない男が勝手に架空の訴訟 偽造有印私文書行使疑いで男逮捕,https://373news.com/news/local/detail/238946/,https://373news.com/,ok,,local
2026-09-04,2026-09-04T07:51:46.061434+09:00,地方紙,鹿児島,南日本新聞,8鹿児島水産高の2年女子コンビ快挙...大卒レベルの難関資格「第1級陸上無線技術士」に一発合格――繰り返し過去問挑戦「分からない部分は教え合って」,https://373news.com/news/local/detail/238961/,https://373news.com/,ok,,local
2026-09-04,2026-09-04T07:51:46.061434+09:00,地方紙,鹿児島,南日本新聞,9鹿児島市電で20代女性の下半身触った疑い――鹿児島県警が29歳男を逮捕...男は「触ったことはない」と否認,https://373news.com/news/local/detail/239039/,https://373news.com/,ok,,local
2026-09-04,2026-09-04T07:51:46.061434+09:00,地方紙,鹿児島,南日本新聞,10鹿児島の高3女子、ビヨンセも出た全米ダンス大会でジャズダンス1位 「感情をあるがままに」喜怒哀楽を踊りに表現,https://373news.com/news/local/detail/238959/,https://373news.com/,ok,,local
2026-09-04,2026-09-04T07:51:46.061434+09:00,地方紙,鹿児島,南日本新聞,「暑くないから大丈夫」そう言い張る高齢の親...冷房をつけさせたいけど、どう声かけたらいいの?――鹿児島の看護師が教える「否定しない伝え方」は8月20日 11:30,https://373news.com/lineup/kotimina/detail/238277/,https://373news.com/,ok,,
2026-09-04,2026-09-04T07:51:46.061434+09:00,地方紙,鹿児島,南日本新聞,VW、大規模再建策を承認 5万人追加削減が「必要」9月4日 07:06,https://373news.com/news/national/detail/2026090401000251/,https://373news.com/,ok,,national
2026-09-04,2026-09-04T07:51:46.061434+09:00,地方紙,沖縄,琉球新報,,,,skipped,利用規約で複製・複写・送信・頒布・蓄積・転載等を会社の承認なく行うことを広範に禁止しているため自動取得の対象外とする。,
2026-09-04,2026-09-04T07:51:46.061434+09:00,地方紙,沖縄,沖縄タイムス,沖縄タイムス社はSNS時代の選挙報道指針を策定しました,https://www.okinawatimes.co.jp/articles/-/1912094,https://www.okinawatimes.co.jp/,ok,,
2026-09-04,2026-09-04T07:51:46.061434+09:00,地方紙,沖縄,沖縄タイムス,経済発展へ独自政策 古謝氏と玉城氏、振興予算で異なる立場【沖縄県知事選・政策比較】9月4日 7:00沖縄県知事選政策比較 2026知事選(下) 9月13日投開票の知事選に立候補している新人の古謝玄太氏(42)と、現職の玉城デニー氏(66)は沖縄の振興や経済発展に向け、それぞれ独自の政策を掲げる。,https://www.okinawatimes.co.jp/articles/-/1916753,https://www.okinawatimes.co.jp/,ok,,
2026-09-04,2026-09-04T07:51:46.061434+09:00,地方紙,沖縄,沖縄タイムス,労使主張の6円差 多数決で可決 沖縄の最低賃金1086円に 地方審議会が63円増を答申【最低賃金の推移表】5:20有料#最低賃金,https://www.okinawatimes.co.jp/articles/-/1916707,https://www.okinawatimes.co.jp/,ok,,
2026-09-04,2026-09-04T07:51:46.061434+09:00,地方紙,沖縄,沖縄タイムス,【迷走】台風24号、沖縄本島に再び接近か 警報級大雨に警戒 船舶56便、航空6便が欠航22:08#台風,https://www.okinawatimes.co.jp/articles/-/1916581,https://www.okinawatimes.co.jp/,ok,,
2026-09-04,2026-09-04T07:51:46.061434+09:00,地方紙,沖縄,沖縄タイムス,熊本地震の死者 圧死・窒息が6割 爆発・煙突倒壊除く20人 倒壊住宅の下敷きか5:30有料#熊本地震,https://www.okinawatimes.co.jp/articles/-/1916710,https://www.okinawatimes.co.jp/,ok,,
2026-09-04,2026-09-04T07:51:46.061434+09:00,地方紙,沖縄,沖縄タイムス,運転免許の更新 実車試験に課題追加 違反歴がある75歳以上対象 警察庁、2027年実施の方針5:50有料#シニア,https://www.okinawatimes.co.jp/articles/-/1916709,https://www.okinawatimes.co.jp/,ok,,
2026-09-04,2026-09-04T07:51:46.061434+09:00,地方紙,沖縄,沖縄タイムス,[大弦小弦]部活動の地域展開 厳しい現実6:00有料#大弦小弦,https://www.okinawatimes.co.jp/articles/-/1916711,https://www.okinawatimes.co.jp/,ok,,
2026-09-04,2026-09-04T07:51:46.061434+09:00,地方紙,沖縄,沖縄タイムス,【沖縄の天気】9月4日から5日 沖縄本島地方・宮古島地方・八重山地方・大東島地方0:00#天気,https://www.okinawatimes.co.jp/articles/-/1916804,https://www.okinawatimes.co.jp/,ok,,
2026-09-04,2026-09-04T07:51:46.061434+09:00,地方紙,沖縄,沖縄タイムス,【追悼特集】面影をたどって 著名人の歩み振り返り 生前の姿をしのぶ15:00有料#訃報,https://www.okinawatimes.co.jp/articles/-/1876285,https://www.okinawatimes.co.jp/,ok,,
2026-09-04,2026-09-04T07:51:46.061434+09:00,地方紙,沖縄,沖縄タイムス,「かわいいから票を入れようね」と声をかけられ... 政治の壁に挑む女性たち 生活者の目線は不可欠10:56有料#地方議会の現在...,https://www.okinawatimes.co.jp/articles/-/1916122,https://www.okinawatimes.co.jp/,ok,,
2026-09-04,2026-09-04T07:51:46.061434+09:00,地方紙,沖縄,沖縄タイムス,ジャングリア沖縄、2027年1月から毎週月曜日を休業日に 祝日・繁忙期を除く19:02#ジャングリア沖縄,https://www.okinawatimes.co.jp/articles/-/1916517,https://www.okinawatimes.co.jp/,ok,,
2026-09-04,2026-09-04T07:51:46.061434+09:00,地方紙,沖縄,沖縄タイムス,屈強な男たちの年収は「軽く数千万円を超える」最果ての地、米アラスカ油田の村 イラン情勢受け日本も熱視線、恩恵か自然保護か...先住民は葛藤11:30有料#国際,https://www.okinawatimes.co.jp/articles/-/1916178,https://www.okinawatimes.co.jp/,ok,,
2026-09-04,2026-09-04T07:51:46.061434+09:00,地方紙,沖縄,沖縄タイムス,【動画】七宝麻辣湯が沖縄初上陸 那覇・久茂地に4日オープン 紅イモやゴーヤーなど限定具材も19:15#沖縄のグルメ,https://www.okinawatimes.co.jp/articles/-/1916470,https://www.okinawatimes.co.jp/,ok,,
2026-09-04,2026-09-04T07:51:46.061434+09:00,地方紙,沖縄,沖縄タイムス,復帰後初の沖縄知事選はこんなに熱かった 場外まであふれた聴衆 秘蔵写真で振り返る【プレイバック知事選半世紀(1)】17:53有料#沖縄県知事選,https://www.okinawatimes.co.jp/articles/-/1914628,https://www.okinawatimes.co.jp/,ok,,
2026-09-04,2026-09-04T07:51:46.061434+09:00,地方紙,沖縄,沖縄タイムス,沖縄の最低賃金、1086円に 63円増、過去2番目の引き上げ額16:11#最低賃金,https://www.okinawatimes.co.jp/articles/-/1916264,https://www.okinawatimes.co.jp/,ok,,
2026-09-04,2026-09-04T07:51:46.061434+09:00,地方紙,沖縄,沖縄タイムス,「政治は大人だけのものじゃない」 沖縄初の「こども選挙」、知事選前日に開催へ 26歳会社員が企画15:28有料#沖縄県知事選,https://www.okinawatimes.co.jp/articles/-/1915911,https://www.okinawatimes.co.jp/,ok,,
2026-09-04,2026-09-04T07:51:46.061434+09:00,地方紙,沖縄,沖縄タイムス,石垣市、大雨の影響で一般ごみの受け入れを一時停止 市環境課、再開は未定(3日午後1時)13:44#石垣市,https://www.okinawatimes.co.jp/articles/-/1916319,https://www.okinawatimes.co.jp/,ok,,
2026-09-04,2026-09-04T07:51:46.061434+09:00,地方紙,沖縄,沖縄タイムス,崎濱綾子 さんがコメント(9月1日 14:17),https://www.okinawatimes.co.jp/articles/-/1914441,https://www.okinawatimes.co.jp/,ok,,
2026-09-04,2026-09-04T07:51:46.061434+09:00,地方紙,沖縄,沖縄タイムス,親川志奈子 さんがコメント(8月31日 21:50),https://www.okinawatimes.co.jp/articles/-/1913447,https://www.okinawatimes.co.jp/,ok,,
2026-09-04,2026-09-04T07:51:46.061434+09:00,その他メディア,,アサ芸プラス,中国人民解放軍「ジブリ丸パクリ」日本批判アニメ制作の「隠された意図」日本での大炎上が「成果」につながるカラクリ,https://www.asagei.com/excerpt/349387,https://news.ceek.jp/search.cgi?category_id=politics&feed=1,ok,,政治
2026-09-04,2026-09-04T07:51:46.061434+09:00,その他メディア,,時事通信,高市首相、鈴木幹事長の続投調整 麻生、木原氏も留任へ,https://www.jiji.com/jc/article?k=2026090300981&g=pol,https://news.ceek.jp/search.cgi?category_id=politics&feed=1,ok,,政治
2026-09-04,2026-09-04T07:51:46.061434+09:00,その他メディア,,週刊プレイボーイ,"【#佐藤優のシン世界地図探索176】対中国で暗雲立ち込める日本国内で""陰謀内戦""が勃発!?",https://wpb.shueisha.co.jp/news/politics/20260904-132703/,https://news.ceek.jp/search.cgi?category_id=politics&feed=1,ok,,政治
2026-09-04,2026-09-04T07:51:46.061434+09:00,その他メディア,,週刊プレイボーイ,日本人判事・赤根智子が標的に...トランプもプーチンもICCと国際法を目の敵にするのか,https://wpb.shueisha.co.jp/news/politics/20260904-132707/,https://news.ceek.jp/search.cgi?category_id=politics&feed=1,ok,,政治
2026-09-04,2026-09-04T07:51:46.061434+09:00,その他メディア,,フジテレビ,約29万人に支給された秋田市の3000円ギフトカード 「ありがたいけど現金がよかった」の声も 市民の賛否から見える効果と課題,https://www.fnn.jp/articles/-/1105528,https://news.ceek.jp/search.cgi?category_id=politics&feed=1,ok,,政治
2026-09-04,2026-09-04T07:51:46.061434+09:00,全国紙,全国,産経新聞,中国がウクライナに攻撃自制要請 ロシア極東での経済会議に副首相出席、開催中は安全確約,https://www.sankei.com/article/20260904-TUFPLBMRURLBTMBZ4A4PLLAESI/,https://news.ceek.jp/search.cgi?category_id=politics&feed=1,ok,,政治
2026-09-04,2026-09-04T07:51:46.061434+09:00,その他メディア,,現代ビジネス,沖縄県知事選 自民党のなりふり構わぬ「保守一本化」作戦の裏にあった高市総理の「絶対勝利」命令,https://gendai.media/articles/-/170821,https://news.ceek.jp/search.cgi?category_id=politics&feed=1,ok,,政治
2026-09-04,2026-09-04T07:51:46.061434+09:00,その他メディア,,JBpress,高市首相はなぜ「推し」になったのか?衆院選で政治動画28億回...SNSがつくる「ファンダム政治」、熱狂の裏側とは【やさしく解説】ファンダム政治,https://jbpress.ismedia.jp/articles/-/96762,https://news.ceek.jp/search.cgi?category_id=politics&feed=1,ok,,政治
2026-09-04,2026-09-04T07:51:46.061434+09:00,その他メディア,,JBpress,台湾有事は自動的に「日本有事」なのか、日本が選ぶべき二つの安全保障戦略在日米軍基地が攻撃される可能性をどう考えるか、安保3文書改定を前に必要な国民的議論,https://jbpress.ismedia.jp/articles/-/96799,https://news.ceek.jp/search.cgi?category_id=politics&feed=1,ok,,政治
2026-09-04,2026-09-04T07:51:46.061434+09:00,その他メディア,,JBpress,【長期金利3%】10年国債利回りが示す「日本の10年後は今の米国」、我々は低金利後の世界でどう生きていくのか政治の圧力で日銀がさらに後手に回れば、実質経済は成長せず、上がるのはインフレ率だけになる,https://jbpress.ismedia.jp/articles/-/96832,https://news.ceek.jp/search.cgi?category_id=politics&feed=1,ok,,政治
2026-09-04,2026-09-04T07:51:46.061434+09:00,その他メディア,,JBpress,野党3党分裂「ノーコメント」で逃げるベテラン、使い捨てられる若手...次世代を潰す中道・立憲に待つ絶望的な未来【西田亮介の週刊時評】落選した中道の若者たちは、放置されたままなのか?,https://jbpress.ismedia.jp/articles/-/96847,https://news.ceek.jp/search.cgi?category_id=politics&feed=1,ok,,政治
2026-09-04,2026-09-04T07:51:46.061434+09:00,その他メディア,,現代ビジネス,高騰と暴落を繰り返し...コメ価格はどうすれば安定するようになるのか 4つの政策提案,https://gendai.media/articles/-/170745,https://news.ceek.jp/search.cgi?category_id=politics&feed=1,ok,,政治
2026-09-04,2026-09-04T07:51:46.061434+09:00,全国紙,全国,産経新聞,高市日誌3日(木),https://www.sankei.com/article/20260904-GVEMCJBT7VNWLJES7WRFDGLV5A/,https://news.ceek.jp/search.cgi?category_id=politics&feed=1,ok,,政治
2026-09-04,2026-09-04T07:51:46.061434+09:00,全国紙,全国,読売新聞,「インド太平洋」協力推進 日モンゴル外相会談,https://www.yomiuri.co.jp/politics/20260904-GYT1T00015/,https://news.ceek.jp/search.cgi?category_id=politics&feed=1,ok,,政治
2026-09-04,2026-09-04T07:51:46.061434+09:00,全国紙,全国,読売新聞,首相「党の安定」最優先 来秋の総裁選へ布石,https://www.yomiuri.co.jp/politics/20260904-GYT1T00016/,https://news.ceek.jp/search.cgi?category_id=politics&feed=1,ok,,政治
2026-09-04,2026-09-04T07:51:46.061434+09:00,全国紙,全国,読売新聞,[政策点検 高市政権]<インタビュー>「パワーアジア」成果 日中間パイプ 開拓必要...慶応大教授 細谷雄一氏,https://www.yomiuri.co.jp/politics/20260904-GYT1T00020/,https://news.ceek.jp/search.cgi?category_id=politics&feed=1,ok,,政治
2026-09-04,2026-09-04T07:51:46.061434+09:00,全国紙,全国,読売新聞,臨時国会、来月上旬召集で調整...消費税減税関連法案など提出する方針,https://www.yomiuri.co.jp/politics/20260903-GYT1T00417/,https://news.ceek.jp/search.cgi?category_id=politics&feed=1,ok,,政治
2026-09-04,2026-09-04T07:51:46.061434+09:00,全国紙,全国,読売新聞,高市首相の一日(3日),https://www.yomiuri.co.jp/politics/20260904-GYT1T00027/,https://news.ceek.jp/search.cgi?category_id=politics&feed=1,ok,,政治
2026-09-04,2026-09-04T07:51:46.061434+09:00,その他メディア,,WEDGE Infinity,あのファリード・ザカリアがトランプ外交を痛烈批判!不動産交渉と同盟運営は異なるもの、保険をかけ始めた諸国、米国の信頼はどこへ?,https://wedge.ismedia.jp/articles/-/41026,https://news.ceek.jp/search.cgi?category_id=politics&feed=1,ok,,政治
2026-09-04,2026-09-04T07:51:46.061434+09:00,全国紙,全国,毎日新聞,首相日々 3日,https://mainichi.jp/articles/20260904/ddm/012/010/054000c,https://news.ceek.jp/search.cgi?category_id=politics&feed=1,ok,,政治
2026-09-04,2026-09-04T07:51:46.061434+09:00,全国紙,全国,産経新聞,ネパール・中国の土石流、死者1280人に 行方不明者は5620人 捜索、救助を継続,https://www.sankei.com/article/20260903-QXIGGLSHIBN3XHBVM47JPPXRFM/,https://news.ceek.jp/search.cgi?category_id=politics&feed=1,ok,,政治
2026-09-04,2026-09-04T07:51:46.061434+09:00,全国紙,全国,日本経済新聞,3日の高市首相の動静,https://www.nikkei.com/article/DGXZQOUA030VS0T00C26A9000000/,https://news.ceek.jp/search.cgi?category_id=politics&feed=1,ok,,政治
2026-09-04,2026-09-04T07:51:46.061434+09:00,その他メディア,,フジテレビ,政府がネパールに国際緊急援助隊を派遣 大規模土石流による身元不明者の確認を支援,https://www.fnn.jp/articles/-/1107551,https://news.ceek.jp/search.cgi?category_id=politics&feed=1,ok,,政治
2026-09-04,2026-09-04T07:51:46.061434+09:00,その他メディア,,テレビ朝日,ネパールに国際緊急援助隊派遣を決定 政府 遺体の身元確認を支援,https://news.tv-asahi.co.jp/news_politics/articles/000530885.html,https://news.ceek.jp/search.cgi?category_id=politics&feed=1,ok,,政治
2026-09-04,2026-09-04T07:51:46.061434+09:00,その他メディア,,テレビ朝日,統一地方選に向け党勢拡大を訴え 共産,https://news.tv-asahi.co.jp/news_politics/articles/000530886.html,https://news.ceek.jp/search.cgi?category_id=politics&feed=1,ok,,政治
2026-09-04,2026-09-04T07:51:46.061434+09:00,全国紙,全国,読売新聞,トクリュウ特殊詐欺被害は1日10億円、木原官房長官「異常事態」...対策強化の考え,https://www.yomiuri.co.jp/politics/20260903-GYT1T00307/,https://news.ceek.jp/search.cgi?category_id=politics&feed=1,ok,,政治
2026-09-04,2026-09-04T07:51:46.061434+09:00,全国紙,全国,産経新聞,高市首相、トランプ氏との接触を模索 米中首脳会談前後に 「G2論」で米の対中融和懸念,https://www.sankei.com/article/20260903-FLYICW6QI5LUXHRFBQYX4LP6RE/,https://news.ceek.jp/search.cgi?category_id=politics&feed=1,ok,,政治
2026-09-04,2026-09-04T07:51:46.061434+09:00,全国紙,全国,毎日新聞,中国外務省「交流する用意ある」 日本の若手議員団の訪中調整に,https://mainichi.jp/articles/20260903/k00/00m/030/355000c,https://news.ceek.jp/search.cgi?category_id=politics&feed=1,ok,,政治
2026-09-04,2026-09-04T07:51:46.061434+09:00,全国紙,全国,産経新聞,臨時国会召集10月上旬で調整、5日軸 焦点は消費減税と定数削減「60日ルール」も視野,https://www.sankei.com/article/20260903-VIAUKQZOO5KTRLFQLZVSUS4A2M/,https://news.ceek.jp/search.cgi?category_id=politics&feed=1,ok,,政治
2026-09-04,2026-09-04T07:51:46.061434+09:00,全国紙,全国,毎日新聞,片山氏「問いただされたことない」 日銀独立性巡る米報道を否定,https://mainichi.jp/articles/20260903/k00/00m/010/347000c,https://news.ceek.jp/search.cgi?category_id=politics&feed=1,ok,,政治
2026-09-04,2026-09-04T07:51:46.061434+09:00,全国紙,全国,日本経済新聞,政府、ネパールへ国際緊急援助隊を派遣 身元確認を支援,https://www.nikkei.com/article/DGXZQOUA03AAA0T00C26A9000000/,https://news.ceek.jp/search.cgi?category_id=politics&feed=1,ok,,政治
2026-09-04,2026-09-04T07:51:46.061434+09:00,全国紙,全国,毎日新聞,横浜市長がパワハラ 公用車の運転手、怒鳴られストレス障害に,https://mainichi.jp/articles/20260903/k00/00m/040/348000c,https://news.ceek.jp/search.cgi?category_id=politics&feed=1,ok,,政治
2026-09-04,2026-09-04T07:51:46.061434+09:00,全国紙,全国,産経新聞,中露「戦勝81年」で高市政権批判 「新型軍国主義が世界に危害」 北方領土でも記念行事,https://www.sankei.com/article/20260903-44DYQ3NKYROAZIIW7R6QX3QZGA/,https://news.ceek.jp/search.cgi?category_id=politics&feed=1,ok,,政治
2026-09-04,2026-09-04T07:51:46.061434+09:00,全国紙,全国,産経新聞,「代えが利かぬ」木原官房長官は続投へ 秋の臨時国会にらみ参院の「数」確保にも布石,https://www.sankei.com/article/20260903-S5HF7DHPOJNCBGRLUVYYE23O4Y/,https://news.ceek.jp/search.cgi?category_id=politics&feed=1,ok,,政治
2026-09-04,2026-09-04T07:51:46.061434+09:00,全国紙,全国,日本経済新聞,共産党、2027年1月に党大会 統一地方選へ支持拡大を,https://www.nikkei.com/article/DGXZQOUA03ADU0T00C26A9000000/,https://news.ceek.jp/search.cgi?category_id=politics&feed=1,ok,,政治
2026-09-04,2026-09-04T07:51:46.061434+09:00,その他メディア,,共同通信,【速報】日モンゴル外相、経済協力強化で一致,https://www.47news.jp/14888130.html,https://news.ceek.jp/search.cgi?category_id=politics&feed=1,ok,,政治
2026-09-04,2026-09-04T07:51:46.061434+09:00,全国紙,全国,産経新聞,自民・鈴木幹事長、木原官房長官続投へ 麻生副総裁も留任 高市首相、政権の骨格を維持,https://www.sankei.com/article/20260903-IMNNWUYB3NJMBERZZ2HTF5ZTRU/,https://news.ceek.jp/search.cgi?category_id=politics&feed=1,ok,,政治
2026-09-04,2026-09-04T07:51:46.061434+09:00,その他メディア,,テレビ朝日,中道小川代表 野田元総理らと面会,https://news.tv-asahi.co.jp/news_politics/articles/000530860.html,https://news.ceek.jp/search.cgi?category_id=politics&feed=1,ok,,政治
2026-09-04,2026-09-04T07:51:46.061434+09:00,その他メディア,,共同通信,【速報】政府、ネパールに緊急援助隊派遣,https://www.47news.jp/14887964.html,https://news.ceek.jp/search.cgi?category_id=politics&feed=1,ok,,政治
2026-09-04,2026-09-04T07:51:46.061434+09:00,その他メディア,,日本テレビ,"【解説】“高市人事""焦点は総裁選ライバルの処遇 首相に近い議員「ある意味全員を敵だと思っている」",https://news.ntv.co.jp/category/politics/f51a64d7bd304d848122b58af74912d4,https://news.ceek.jp/search.cgi?category_id=politics&feed=1,ok,,政治
2026-09-04,2026-09-04T07:51:46.061434+09:00,全国紙,全国,読売新聞,国民民主党代表選挙、投票権ある党員・サポーターの16%に投票用紙郵送できず,https://www.yomiuri.co.jp/politics/20260903-GYT1T00264/,https://news.ceek.jp/search.cgi?category_id=politics&feed=1,ok,,政治
2026-09-04,2026-09-04T07:51:46.061434+09:00,その他メディア,,共同通信,自民・麻生副総裁の留任有力 首相、人事で政権骨格を維持,https://www.47news.jp/14887929.html,https://news.ceek.jp/search.cgi?category_id=politics&feed=1,ok,,政治
2026-09-04,2026-09-04T07:51:46.061434+09:00,全国紙,全国,産経新聞,中国の戦勝81年座談会に共産党宣伝部長が出席 最高指導部メンバーの出席は確認されず,https://www.sankei.com/article/20260903-PHWOE3IUVFJYPA5CZDRYDSOO54/,https://news.ceek.jp/search.cgi?category_id=politics&feed=1,ok,,政治
2026-09-04,2026-09-04T07:51:46.061434+09:00,その他メディア,,フジテレビ,「消防広域化計画」に波乱の展開 須崎市が《離脱表明》で採決見送り 全15本部の一体化に暗雲【高知】,https://www.fnn.jp/articles/-/1107485,https://news.ceek.jp/search.cgi?category_id=politics&feed=1,ok,,政治
2026-09-04,2026-09-04T07:51:46.061434+09:00,全国紙,全国,読売新聞,中道・小川代表、公明と分裂しても「立民系議員がまとまる必要ある」...面会した議員に考え示す,https://www.yomiuri.co.jp/politics/20260903-GYT1T00256/,https://news.ceek.jp/search.cgi?category_id=politics&feed=1,ok,,政治
2026-09-04,2026-09-04T07:51:46.061434+09:00,全国紙,全国,毎日新聞,演説中に「子どもを殺した」と連呼か 共産党沖縄県委員会が告訴,https://mainichi.jp/articles/20260903/k00/00m/040/302000c,https://news.ceek.jp/search.cgi?category_id=politics&feed=1,ok,,政治
2026-09-04,2026-09-04T07:51:46.061434+09:00,全国紙,全国,日本経済新聞,自民・田村憲久氏、社会保険料の負担軽減へ「税収増分の活用視野」,https://www.nikkei.com/article/DGXZQOUA037EE0T00C26A9000000/,https://news.ceek.jp/search.cgi?category_id=politics&feed=1,ok,,政治
2026-09-04,2026-09-04T07:51:46.061434+09:00,その他メディア,,フジテレビ,陸前高田市が東北初の電子投票導入へ 議会に条例案提出 岩手県,https://www.fnn.jp/articles/-/1107442,https://news.ceek.jp/search.cgi?category_id=politics&feed=1,ok,,政治
2026-09-04,2026-09-04T07:51:46.061434+09:00,その他メディア,,フジテレビ,コメ収量「平均やや上回る」も雨続きで稲刈りの判断難しい 品種・地域ごとに適期刈り取りを 山形,https://www.fnn.jp/articles/-/1107444,https://news.ceek.jp/search.cgi?category_id=politics&feed=1,ok,,政治
2026-09-04,2026-09-04T07:51:46.061434+09:00,その他メディア,,テレビ朝日,"“一騎打ち""国民民主党代表選 大詰め 続投か新代表か 結果は6日に",https://news.tv-asahi.co.jp/news_politics/articles/000530818.html,https://news.ceek.jp/search.cgi?category_id=politics&feed=1,ok,,政治
2026-09-04,2026-09-04T07:51:46.061434+09:00,その他メディア,,フジテレビ,日中友好議連、若手議員団を月内に中国派遣へ 「相互理解と信頼を深めたい」中国側は期待示す,https://www.fnn.jp/articles/-/1107416,https://news.ceek.jp/search.cgi?category_id=politics&feed=1,ok,,政治
2026-09-04,2026-09-04T07:51:46.061434+09:00,全国紙,全国,日本経済新聞,国民民主党、代表選の有権者登録漏れ 投票できない可能性,https://www.nikkei.com/article/DGXZQOUA039QW0T00C26A9000000/,https://news.ceek.jp/search.cgi?category_id=politics&feed=1,ok,,政治
2026-09-04,2026-09-04T07:51:46.061434+09:00,その他メディア,,フジテレビ,中村知事が5期目出馬に意欲示す「政策づくりにまい進」政治資金パーティーに石破元総理も【愛媛】,https://www.fnn.jp/articles/-/1106958,https://news.ceek.jp/search.cgi?category_id=politics&feed=1,ok,,政治
2026-09-04,2026-09-04T07:51:46.061434+09:00,その他メディア,,共同通信,【速報】最低賃金、全国平均は1177円に,https://www.47news.jp/14887765.html,https://news.ceek.jp/search.cgi?category_id=politics&feed=1,ok,,政治
2026-09-04,2026-09-04T07:51:46.061434+09:00,その他メディア,,テレビ朝日,木原長官「積極財政変わらず」米政策転換要求に対し,https://news.tv-asahi.co.jp/news_politics/articles/000530839.html,https://news.ceek.jp/search.cgi?category_id=politics&feed=1,ok,,政治
2026-09-04,2026-09-04T07:51:46.061434+09:00,その他メディア,,共同通信,【速報】自民の麻生副総裁の留任有力,https://www.47news.jp/14887757.html,https://news.ceek.jp/search.cgi?category_id=politics&feed=1,ok,,政治
2026-09-04,2026-09-04T07:51:46.061434+09:00,全国紙,全国,日本経済新聞,高市首相が政権の骨格維持へ 自民党は麻生氏軸、27年総裁選へ布石,https://www.nikkei.com/article/DGXZQOUA0338N0T00C26A9000000/,https://news.ceek.jp/search.cgi?category_id=politics&feed=1,ok,,政治
2026-09-04,2026-09-04T07:51:46.061434+09:00,その他メディア,,フジテレビ,大雨被害の復旧対応や災害対策が議論の焦点に 9月定例県議会が開会 一般会計で47億円の補正予算案など18議案を上程,https://www.fnn.jp/articles/-/1107437,https://news.ceek.jp/search.cgi?category_id=politics&feed=1,ok,,政治
2026-09-04,2026-09-04T07:51:46.061434+09:00,全国紙,全国,朝日新聞,自民鈴木幹事長を続投方針 首相意向、内閣改造・党人事で骨格維持へ,https://www.asahi.com/articles/ASV9332YLV93UTFK00GM.html,https://news.ceek.jp/search.cgi?category_id=politics&feed=1,ok,,政治
2026-09-04,2026-09-04T07:51:46.061434+09:00,その他メディア,,フジテレビ,元参議院議員 安達澄氏が別府市長選出馬へ 2回目の挑戦「自分の原点に戻る」大分,https://www.fnn.jp/articles/-/1107369,https://news.ceek.jp/search.cgi?category_id=politics&feed=1,ok,,政治
2026-09-04,2026-09-04T07:51:46.061434+09:00,全国紙,全国,日本経済新聞,茂木外相、モンゴル外相と会談 国際空港の拡張で実質合意,https://www.nikkei.com/article/DGXZQOUA033O20T00C26A9000000/,https://news.ceek.jp/search.cgi?category_id=politics&feed=1,ok,,政治
2026-09-04,2026-09-04T07:51:46.061434+09:00,全国紙,全国,朝日新聞,自衛隊に「外国人の登用」検討を 安保3文書改定見据え研究会が提言,https://www.asahi.com/articles/ASV9331LNV93UTFK002M.html,https://news.ceek.jp/search.cgi?category_id=politics&feed=1,ok,,政治
2026-09-04,2026-09-04T07:51:46.061434+09:00,その他メディア,,共同通信,対中念頭、連携強化確認へ 日モンゴル外相会談,https://www.47news.jp/14887444.html,https://news.ceek.jp/search.cgi?category_id=politics&feed=1,ok,,政治
2026-09-04,2026-09-04T07:51:46.061434+09:00,その他メディア,,フジテレビ,「ひろしまラウンドテーブル」閉幕 「10の核リスク」対策を提言 AIの軍事利用拡大懸念 広島,https://www.fnn.jp/articles/-/1107300,https://news.ceek.jp/search.cgi?category_id=politics&feed=1,ok,,政治
2026-09-04,2026-09-04T07:51:46.061434+09:00,全国紙,全国,読売新聞,上皇さまの意向受け「葬場殿の儀」大幅縮小する方向で検討、官房長官「重く受け止めている」,https://www.yomiuri.co.jp/politics/20260903-GYT1T00242/,https://news.ceek.jp/search.cgi?category_id=politics&feed=1,ok,,政治
2026-09-04,2026-09-04T07:51:46.061434+09:00,その他メディア,,フジテレビ,国民民主の代表選 橋本氏と玉木氏が論戦 元立憲議員の入党と高市政権への距離めぐり違い 「正しく大きな塊」か「正しく強い塊」か,https://www.fnn.jp/articles/-/1107189,https://news.ceek.jp/search.cgi?category_id=politics&feed=1,ok,,政治
2026-09-04,2026-09-04T07:51:46.061434+09:00,全国紙,全国,日本経済新聞,官房長官「宮内庁で必要な検討」 上皇さまの将来の葬儀縮小巡り,https://www.nikkei.com/article/DGXZQOUA0362S0T00C26A9000000/,https://news.ceek.jp/search.cgi?category_id=politics&feed=1,ok,,政治
2026-09-04,2026-09-04T07:51:46.061434+09:00,全国紙,全国,産経新聞,大災害発生時の「流言飛語」 中国土石流災害でネット空間駆け巡った「怪」情報 宮家邦彦,https://www.sankei.com/article/20260903-V4TWZG6JMBKIXP24WIFMHI7BSQ/,https://news.ceek.jp/search.cgi?category_id=politics&feed=1,ok,,政治
2026-09-04,2026-09-04T07:51:46.061434+09:00,全国紙,全国,朝日新聞,東京都が難病患者を職員採用、倍率28.2倍に 今年度からスタート,https://www.asahi.com/articles/ASV932QVHV93OXIE01YM.html,https://news.ceek.jp/search.cgi?category_id=politics&feed=1,ok,,政治
2026-09-04,2026-09-04T07:51:46.061434+09:00,全国紙,全国,朝日新聞,「まんじゅうや」の投票は無効 東京高裁、現職市長の当選認めず,https://www.asahi.com/articles/ASV930351V93OXIE001M.html,https://news.ceek.jp/search.cgi?category_id=politics&feed=1,ok,,政治
2026-09-04,2026-09-04T07:51:46.061434+09:00,その他メディア,,デイリースポーツ,対中念頭、連携強化確認へ,https://www.daily.co.jp/society/politics/2026/09/03/0020778959.shtml,https://news.ceek.jp/search.cgi?category_id=politics&feed=1,ok,,政治
2026-09-04,2026-09-04T07:51:46.061434+09:00,全国紙,全国,毎日新聞,高市首相、総裁選見据え麻生派との協力優先か 鈴木幹事長続投へ,https://mainichi.jp/articles/20260903/k00/00m/010/213000c,https://news.ceek.jp/search.cgi?category_id=politics&feed=1,ok,,政治
2026-09-04,2026-09-04T07:51:46.061434+09:00,その他メディア,,共同通信,【速報】最低賃金、47都道府県で出そろう,https://www.47news.jp/14887298.html,https://news.ceek.jp/search.cgi?category_id=politics&feed=1,ok,,政治
2026-09-04,2026-09-04T07:51:46.061434+09:00,その他メディア,,共同通信,香川県、解体を一時中断へ 地裁が旧体育館の耐震鑑定を提案,https://www.47news.jp/14887123.html,https://news.ceek.jp/search.cgi?category_id=politics&feed=1,ok,,政治
2026-09-04,2026-09-04T07:51:46.061434+09:00,全国紙,全国,毎日新聞,日米韓、海外災害救援で初の対面協議 ネパール土石流も議題に,https://mainichi.jp/articles/20260903/k00/00m/010/188000c,https://news.ceek.jp/search.cgi?category_id=politics&feed=1,ok,,政治
2026-09-04,2026-09-04T07:51:46.061434+09:00,その他メディア,,デイリースポーツ,香川県、解体を一時中断へ,https://www.daily.co.jp/society/politics/2026/09/03/0020778776.shtml,https://news.ceek.jp/search.cgi?category_id=politics&feed=1,ok,,政治
2026-09-04,2026-09-04T07:51:46.061434+09:00,全国紙,全国,産経新聞,木原官房長官、露の「再軍備化」批判に反論 「平和国家の歩み変わらず」,https://www.sankei.com/article/20260903-HWHPPPHVGRNYRJNIVHWLEDXRUI/,https://news.ceek.jp/search.cgi?category_id=politics&feed=1,ok,,政治
2026-09-04,2026-09-04T07:51:46.061434+09:00,その他メディア,,共同通信,苦情増加、民泊に独自規制 大阪市、騒音対策で条例案,https://www.47news.jp/14886988.html,https://news.ceek.jp/search.cgi?category_id=politics&feed=1,ok,,政治
2026-09-04,2026-09-04T07:51:46.061434+09:00,その他メディア,,フジテレビ,麻生副総裁・鈴木幹事長続投へ 高市総理の意向 木原官房長官の続投も有力,https://www.fnn.jp/articles/-/1107158,https://news.ceek.jp/search.cgi?category_id=politics&feed=1,ok,,政治
2026-09-04,2026-09-04T07:51:46.061434+09:00,全国紙,全国,朝日新聞,臨時国会、10月上旬召集で調整 消費減税や定数削減の法案が焦点,https://www.asahi.com/articles/ASV93243QV93UTFK00BM.html,https://news.ceek.jp/search.cgi?category_id=politics&feed=1,ok,,政治
2026-09-04,2026-09-04T07:51:46.061434+09:00,その他メディア,,デイリースポーツ,共産、来年1月に党大会,https://www.daily.co.jp/society/politics/2026/09/03/0020778559.shtml,https://news.ceek.jp/search.cgi?category_id=politics&feed=1,ok,,政治
2026-09-04,2026-09-04T07:51:46.061434+09:00,その他メディア,,共同通信,共産、来年1月に党大会 統一地方選へ支持拡大を,https://www.47news.jp/14886992.html,https://news.ceek.jp/search.cgi?category_id=politics&feed=1,ok,,政治
2026-09-04,2026-09-04T07:51:46.061434+09:00,その他メディア,,共同通信,【速報】滋賀・彦根城を世界遺産の推薦候補に選定,https://www.47news.jp/14886854.html,https://news.ceek.jp/search.cgi?category_id=politics&feed=1,ok,,政治
2026-09-04,2026-09-04T07:51:46.061434+09:00,その他メディア,,QUICK Money World,ニトリHD、モルフォなどが夜間PTSで値上がり(夜間PTS注目銘柄),https://moneyworld.jp/news/detail?id=218367,https://news.ceek.jp/search.cgi?category_id=business&feed=1,ok,,経済
2026-09-04,2026-09-04T07:51:46.061434+09:00,その他メディア,,デイリースポーツ,円急伸、一時155円30銭,https://www.daily.co.jp/society/economics/2026/09/04/0020781156.shtml,https://news.ceek.jp/search.cgi?category_id=business&feed=1,ok,,経済
2026-09-04,2026-09-04T07:51:46.061434+09:00,その他メディア,,テレビ東京,【旭化成】オンリーワンで勝ち筋を!宮崎発のコングロマリット・100年企業:カンブリア宮殿,https://www.tv-tokyo.co.jp/plus/business/entry/202609/19916.html,https://news.ceek.jp/search.cgi?category_id=business&feed=1,ok,,経済
2026-09-04,2026-09-04T07:51:46.061434+09:00,全国紙,全国,日本経済新聞,日経平均株価、米株高が追い風(先読み株式相場),https://www.nikkei.com/article/DGXZQOFL0397Z0T00C26A9000000/,https://news.ceek.jp/search.cgi?category_id=business&feed=1,ok,,経済
2026-09-04,2026-09-04T07:51:46.061434+09:00,その他メディア,,テレビ朝日,日本の長期金利、30年ぶり3%突破は「通過点」か「上昇は限定的」か 識者の見方は二分、住宅ローンは変動と固定どちらが得?,https://news.tv-asahi.co.jp/news_economy/articles/900198828.html,https://news.ceek.jp/search.cgi?category_id=business&feed=1,ok,,経済
2026-09-04,2026-09-04T07:51:46.061434+09:00,全国紙,全国,日本経済新聞,焼酎・泡盛の25年売上高、上位50社合計は過去最低に 民間調べ,https://www.nikkei.com/article/DGXZQOJC038GL0T00C26A9000000/,https://news.ceek.jp/search.cgi?category_id=business&feed=1,ok,,経済
2026-09-04,2026-09-04T07:51:46.061434+09:00,全国紙,全国,日本経済新聞,シカゴ日本株先物概況・3日 日経平均先物は175円安の6万4560円,https://www.nikkei.com/article/DGXZQOFL040250U6A900C2000000/,https://news.ceek.jp/search.cgi?category_id=business&feed=1,ok,,経済
2026-09-04,2026-09-04T07:51:46.061434+09:00,全国紙,全国,日本経済新聞,今日の株価材料(新聞など、4日)大和ハウスの注文住宅、最低価格5000万円,https://www.nikkei.com/article/DGXZQOFL0402Z0U6A900C2000000/,https://news.ceek.jp/search.cgi?category_id=business&feed=1,ok,,経済
2026-09-04,2026-09-04T07:51:46.061434+09:00,その他メディア,,Forbes JAPAN,家庭の電気代節約対策ランキング 我慢しても効果ほぼなしが約4割という衝撃,https://forbesjapan.com/articles/detail/103948,https://news.ceek.jp/search.cgi?category_id=business&feed=1,ok,,経済
2026-09-04,2026-09-04T07:51:46.061434+09:00,その他メディア,,Forbes JAPAN,家庭の電気代節約対策ランキング 我慢しても効果ほぼなしが約4割という衝撃,https://forbesjapan.com/articles/detail/104044,https://news.ceek.jp/search.cgi?category_id=business&feed=1,ok,,経済
2026-09-04,2026-09-04T07:51:46.061434+09:00,その他メディア,,共同通信,為替相場 4日(日本時間 7時),https://www.47news.jp/14888938.html,https://news.ceek.jp/search.cgi?category_id=business&feed=1,ok,,経済
2026-09-04,2026-09-04T07:51:46.061434+09:00,その他メディア,,集英社オンライン,"〈ハウス食品が売却検討か〉ココイチ、中国店舗は10年で半減...ラーメン、夜パフェを次々買収する壱番屋が急ぐ“脱カレー""",https://shueisha.online/articles/-/258549,https://news.ceek.jp/search.cgi?category_id=business&feed=1,ok,,経済
2026-09-04,2026-09-04T07:51:46.061434+09:00,その他メディア,,ハーバード・ビジネス・レビュー,悲劇に学ぶリーダーシップ,https://dhbr.diamond.jp/articles/-/14780,https://news.ceek.jp/search.cgi?category_id=business&feed=1,ok,,経済
2026-09-04,2026-09-04T07:51:46.061434+09:00,その他メディア,,Forbes JAPAN,金価格が3%反発、9月の利上げ観測が後退──ドル安も支えに,https://forbesjapan.com/articles/detail/104062,https://news.ceek.jp/search.cgi?category_id=business&feed=1,ok,,経済
2026-09-04,2026-09-04T07:51:46.061434+09:00,その他メディア,,東洋経済オンライン,住友ファーマが発売した世界初iPS細胞由来のパーキンソン治療薬は薬価5530万円、これから問われる「価値」の証明 | ビジネス,https://toyokeizai.net/articles/-/956083,https://news.ceek.jp/search.cgi?category_id=business&feed=1,ok,,経済
2026-09-04,2026-09-04T07:51:46.061434+09:00,その他メディア,,東洋経済オンライン,A4判324枚を徹夜で読み込む高市首相、「0~3時間睡眠」の先にある「イケイケドンドン」財政の危うさ | 政治・経済・投資,https://toyokeizai.net/articles/-/956486,https://news.ceek.jp/search.cgi?category_id=business&feed=1,ok,,経済
2026-09-04,2026-09-04T07:51:46.061434+09:00,その他メディア,,フジテレビ,急速に円高...155円台に 財務相・三村財務官「臨戦態勢」 日銀の利上げペース速まるとの観測強まり円買い加速,https://www.fnn.jp/articles/-/1107650,https://news.ceek.jp/search.cgi?category_id=business&feed=1,ok,,経済
2026-09-04,2026-09-04T07:51:46.061434+09:00,その他メディア,,東洋経済オンライン,インドネシアで森林をめぐる紛争が多発、日本企業は森林開発よりも森林保護に重点を─同国の国家人権委員会委員に聞く | ビジネス,https://toyokeizai.net/articles/-/956604,https://news.ceek.jp/search.cgi?category_id=business&feed=1,ok,,経済
2026-09-04,2026-09-04T07:51:46.061434+09:00,その他メディア,,東洋経済オンライン,"「小学生でいじめを解決」「東大模試で偏差値80超え」⋯IQ130超「ギフテッド・45歳男性」が明かす""静かに絶望""した子ども時代 | ライフ",https://toyokeizai.net/articles/-/956368?display=b,https://news.ceek.jp/search.cgi?category_id=business&feed=1,ok,,経済
2026-09-04,2026-09-04T07:51:46.061434+09:00,その他メディア,,東洋経済オンライン,"「生きてる意味はあるのかなって」⋯千葉大出身でIQ130超え「ギフテッド・45歳男性」がレールを外れて選んだ""意外な職業"" | ライフ",https://toyokeizai.net/articles/-/956369?display=b,https://news.ceek.jp/search.cgi?category_id=business&feed=1,ok,,経済
2026-09-04,2026-09-04T07:51:46.061434+09:00,その他メディア,,共同通信,【速報】NY円、155円75~85銭,https://www.47news.jp/14889242.html,https://news.ceek.jp/search.cgi?category_id=business&feed=1,ok,,経済
2026-09-04,2026-09-04T07:51:46.061434+09:00,その他メディア,,東洋経済オンライン,「トカエフ専制体制」の下で分権化と民主化に腐心するカザフスタン...中央アジア屈指の成長国の選択は矛盾か、現実的か | 政治・経済・投資,https://toyokeizai.net/articles/-/956603?display=b,https://news.ceek.jp/search.cgi?category_id=business&feed=1,ok,,経済
2026-09-04,2026-09-04T07:51:46.061434+09:00,全国紙,全国,日本経済新聞,日本株ADR3日、全面高 野村や三井住友FGが上昇,https://www.nikkei.com/article/DGXZQOFL040220U6A900C2000000/,https://news.ceek.jp/search.cgi?category_id=business&feed=1,ok,,経済
2026-09-04,2026-09-04T07:51:46.061434+09:00,全国紙,全国,日本経済新聞,VW、5万人追加削減で一転合意 ドイツ4工場は閉鎖も視野,https://www.nikkei.com/article/DGXZQOGR03C6V0T00C26A9000000/,https://news.ceek.jp/search.cgi?category_id=business&feed=1,ok,,経済
2026-09-04,2026-09-04T07:51:46.061434+09:00,全国紙,全国,日本経済新聞,日経平均先物、大取の夜間取引で上昇 430円高の6万4660円,https://www.nikkei.com/article/DGXZQOFL040210U6A900C2000000/,https://news.ceek.jp/search.cgi?category_id=business&feed=1,ok,,経済
2026-09-04,2026-09-04T07:51:46.061434+09:00,全国紙,全国,日本経済新聞,OpenAI、新型AI「GPT-6 Astra」提供 アンソロピック猛追,https://www.nikkei.com/article/DGXZQOGN03C5C0T00C26A9000000/,https://news.ceek.jp/search.cgi?category_id=business&feed=1,ok,,経済
2026-09-04,2026-09-04T07:51:46.061434+09:00,全国紙,全国,日本経済新聞,NY債券、長期債続伸 10年債利回り4.76% 早期利上げ観測が後退,https://www.nikkei.com/article/DGXZQOFL03BNY0T00C26A9000000/,https://news.ceek.jp/search.cgi?category_id=business&feed=1,ok,,経済
2026-09-04,2026-09-04T07:51:46.061434+09:00,全国紙,全国,日本経済新聞,急激な円高、円売り投機筋の買い戻し増幅 米市場関係者に聞く,https://www.nikkei.com/article/DGXZQOGN03BTN0T00C26A9000000/,https://news.ceek.jp/search.cgi?category_id=business&feed=1,ok,,経済
2026-09-04,2026-09-04T07:51:46.061434+09:00,その他メディア,,TBSテレビ,"片山財務大臣“リフレ政策をとっていない""と主張 ベッセント米財務長官の「リフレ政策をやめるべき」発言めぐり",https://newsdig.tbs.co.jp/articles/-/2920079?display=1,https://news.ceek.jp/search.cgi?category_id=business&feed=1,ok,,経済
2026-09-04,2026-09-04T07:51:46.061434+09:00,その他メディア,,デイリースポーツ,NY株続伸、624ドル高,https://www.daily.co.jp/society/economics/2026/09/04/0020781058.shtml,https://news.ceek.jp/search.cgi?category_id=business&feed=1,ok,,経済
2026-09-04,2026-09-04T07:51:46.061434+09:00,その他メディア,,共同通信,NY株続伸、624ドル高 米早期利上げ観測が後退,https://www.47news.jp/14889198.html,https://news.ceek.jp/search.cgi?category_id=business&feed=1,ok,,経済
2026-09-04,2026-09-04T07:51:46.061434+09:00,その他メディア,,日本金融通信,【インサイト】 グローシップ・パートナーズ 松井 晴彦 代表取締役,https://www.nikkinonline.com/article/420835,https://news.ceek.jp/search.cgi?category_id=business&feed=1,ok,,経済
2026-09-04,2026-09-04T07:51:46.061434+09:00,その他メディア,,日刊工業新聞,投資額は680億円...京セラ、半導体装置部品など生産で新拠点,https://newswitch.jp/p/50180,https://news.ceek.jp/search.cgi?category_id=business&feed=1,ok,,経済
2026-09-04,2026-09-04T07:51:46.061434+09:00,その他メディア,,日刊工業新聞,トンネル工事に全自動ドリル導入...東急建設、編成人員5人から1人に省人化,https://newswitch.jp/p/50182,https://news.ceek.jp/search.cgi?category_id=business&feed=1,ok,,経済
2026-09-04,2026-09-04T07:51:46.061434+09:00,その他メディア,,日刊工業新聞,合計出力5383.5kW...アマダがPPA導入、国内主要4拠点に太陽光,https://newswitch.jp/p/50184,https://news.ceek.jp/search.cgi?category_id=business&feed=1,ok,,経済
2026-09-04,2026-09-04T07:51:46.061434+09:00,その他メディア,,フジテレビ,"“絶好調USJ""の裏で「8000万円投資も修繕しきれず」閉園も “ご当地遊園地""生き残り戦略 開園70年“レトロさ""や「乗り心地悪い」“自虐""を逆手に 愛犬と「サバンナの猛者に会える」サファリパークも",https://www.fnn.jp/articles/-/1107642,https://news.ceek.jp/search.cgi?category_id=business&feed=1,ok,,経済
2026-09-04,2026-09-04T07:51:46.061434+09:00,その他メディア,,ハーバード・ビジネス・レビュー,世界を理解することから未来は始まる,https://dhbr.diamond.jp/articles/-/14783,https://news.ceek.jp/search.cgi?category_id=business&feed=1,ok,,経済
2026-09-04,2026-09-04T07:51:46.061434+09:00,その他メディア,,JBpress,IT内製30年、システムの8割超を開発するニトリがAI時代も若手にプログラミングを学ばせる理由,https://jbpress.ismedia.jp/articles/-/96738,https://news.ceek.jp/search.cgi?category_id=business&feed=1,ok,,経済
2026-09-04,2026-09-04T07:51:46.061434+09:00,その他メディア,,JBpress,アップル、ヒューストンで進める供給網の米国回帰 Mac mini生産と先端製造拠点の深層トランプ政権との協調で関税リスクを回避、新体制ターナス氏が直面するコストと持続性の課題,https://jbpress.ismedia.jp/articles/-/96827,https://news.ceek.jp/search.cgi?category_id=business&feed=1,ok,,経済
2026-09-04,2026-09-04T07:51:46.061434+09:00,その他メディア,,JBpress,新型「パジェロ」で「独創進化」したSUVのカリスマ、走り・デザインに込めた三菱のこだわりとは,https://jbpress.ismedia.jp/articles/-/96833,https://news.ceek.jp/search.cgi?category_id=business&feed=1,ok,,経済
2026-09-04,2026-09-04T07:51:46.061434+09:00,その他メディア,,東洋経済オンライン,〈パナソニック〉AIサーバー電池大増産で「売り上げ3倍」の勝算、不振のテスラEV向け米カンザス工場に開けたAI転用の道 | ビジネス,https://toyokeizai.net/articles/-/956661,https://news.ceek.jp/search.cgi?category_id=business&feed=1,ok,,経済
2026-09-04,2026-09-04T07:51:46.061434+09:00,全国紙,全国,朝日新聞,「市販ノートは使いづらい」 まさかの指摘から誕生した初の自社商品,https://www.asahi.com/articles/ASV8X13S8V8XOXIE045M.html,https://news.ceek.jp/search.cgi?category_id=business&feed=1,ok,,経済
2026-09-04,2026-09-04T07:51:46.061434+09:00,その他メディア,,日刊ゲンダイ,長期金利上昇でのしかかる奨学金返済額アップ 負担増に若者「結婚できない!」,https://www.nikkan-gendai.com/articles/view/money/392501,https://news.ceek.jp/search.cgi?category_id=business&feed=1,ok,,経済
2026-09-04,2026-09-04T07:51:46.061434+09:00,その他メディア,,日刊ゲンダイ,「予測できない自然災害」と「予測できないトランプ関税」で日本の景気はどうなる?,https://www.nikkan-gendai.com/articles/view/money/392520,https://news.ceek.jp/search.cgi?category_id=business&feed=1,ok,,経済
2026-09-04,2026-09-04T07:51:46.061434+09:00,その他メディア,,東洋経済オンライン,《公教育はまだまだ可能性がある》「学習者中心の学び」を追求してきた風越学園元校長が「過疎地域の教育長」になったワケ | キャリア・教育,https://toyokeizai.net/articles/-/955941?display=b,https://news.ceek.jp/search.cgi?category_id=business&feed=1,ok,,経済
2026-09-04,2026-09-04T07:51:46.061434+09:00,その他メディア,,東洋経済オンライン,中国の大手デベロッパー恒大地産の清算処理ついに開始、法的整理本格化へ 40兆円超の債務処理の行方は? | ビジネス,https://toyokeizai.net/articles/-/956272?display=b,https://news.ceek.jp/search.cgi?category_id=business&feed=1,ok,,経済
2026-09-04,2026-09-04T07:51:46.061434+09:00,その他メディア,,東洋経済オンライン,"「防衛機密をクラウド運用」って大丈夫? 漠然とした不安の正体が「錯覚」である理由《リスクを""正しく""恐れる重要性》 | ビジネス",https://toyokeizai.net/articles/-/956491?display=b,https://news.ceek.jp/search.cgi?category_id=business&feed=1,ok,,経済
2026-09-04,2026-09-04T07:51:46.061434+09:00,その他メディア,,東洋経済オンライン,クックからターナスへ15年ぶりCEO交代、アップルが「机上のAIデータセンター」で狙う次の革命 | ビジネス,https://toyokeizai.net/articles/-/956523?display=b,https://news.ceek.jp/search.cgi?category_id=business&feed=1,ok,,経済
2026-09-04,2026-09-04T07:51:46.061434+09:00,その他メディア,,JBpress,ソニーの業績目標から「利益」が、なぜかいつのまにか消えた真相,https://jbpress.ismedia.jp/articles/-/96575,https://news.ceek.jp/search.cgi?category_id=business&feed=1,ok,,経済
2026-09-04,2026-09-04T07:51:46.061434+09:00,その他メディア,,東洋経済オンライン,JX金属と住友電工で世界シェア8割! 「インジウムリン基板」は40年大きな変化がなかったのにAIデータセンターで10倍増産 | ビジネス,https://toyokeizai.net/articles/-/956589,https://news.ceek.jp/search.cgi?category_id=business&feed=1,ok,,経済
2026-09-04,2026-09-04T07:51:46.061434+09:00,その他メディア,,デイリースポーツ,NY原油続伸、終値91ドル台,https://www.daily.co.jp/society/economics/2026/09/04/0020781044.shtml,https://news.ceek.jp/search.cgi?category_id=business&feed=1,ok,,経済
2026-09-04,2026-09-04T07:51:46.061434+09:00,その他メディア,,JBpress,米中二極化時代の第3の選択肢 富士通が描く「ソブリンAI」戦略,https://jbpress.ismedia.jp/articles/-/96565,https://news.ceek.jp/search.cgi?category_id=business&feed=1,ok,,経済
2026-09-04,2026-09-04T07:51:46.061434+09:00,全国紙,全国,日本経済新聞,米国株、ダウ続伸し624ドル高 早期利上げ観測の後退で ナスダックも続伸,https://www.nikkei.com/article/DGXZQOFL03BHD0T00C26A9000000/,https://news.ceek.jp/search.cgi?category_id=business&feed=1,ok,,経済
2026-09-04,2026-09-04T07:51:46.061434+09:00,その他メディア,,共同通信,NY株式 3日終値,https://www.47news.jp/14889165.html,https://news.ceek.jp/search.cgi?category_id=business&feed=1,ok,,経済
2026-09-04,2026-09-04T07:51:46.061434+09:00,その他メディア,,共同通信,NY原油続伸、終値91ドル台 攻撃再開で供給不安強まる,https://www.47news.jp/14889164.html,https://news.ceek.jp/search.cgi?category_id=business&feed=1,ok,,経済
2026-09-04,2026-09-04T07:51:46.061434+09:00,全国紙,全国,読売新聞,NYダウ終値、624ドル高の5万3686ドル...米利上げ観測の後退でIT・消費関連など幅広く買われる,https://www.yomiuri.co.jp/economy/20260904-GYT1T00035/,https://news.ceek.jp/search.cgi?category_id=business&feed=1,ok,,経済
2026-09-04,2026-09-04T07:51:46.061434+09:00,その他メディア,,JBpress,「1台500万円以上の赤字では?」「もっとや」 それでも奥田碩氏がプリウスの発売を急がせた理由,https://jbpress.ismedia.jp/articles/-/96686,https://news.ceek.jp/search.cgi?category_id=business&feed=1,ok,,経済
2026-09-04,2026-09-04T07:51:46.061434+09:00,その他メディア,,東洋経済オンライン,50歳で会社を辞め、大好きな「買い物」をやめたら、欲しかったものすべてが手に入った理由 | ライフ,https://toyokeizai.net/articles/-/956002?display=b,https://news.ceek.jp/search.cgi?category_id=business&feed=1,ok,,経済
2026-09-04,2026-09-04T07:51:46.061434+09:00,その他メディア,,東洋経済オンライン,〈スピード感なき協業〉日産・ホンダが空費した「2年間」の代償...次世代SDVで共同開発も、中国新興メーカーの勢力が急拡大 | ビジネス,https://toyokeizai.net/articles/-/956706,https://news.ceek.jp/search.cgi?category_id=business&feed=1,ok,,経済
2026-09-04,2026-09-04T07:51:46.061434+09:00,全国紙,全国,日本経済新聞,円急伸2日で5円高、「円キャリー」巻き戻し観測 158円が分水嶺,https://www.nikkei.com/article/DGXZQOGN03C120T00C26A9000000/,https://news.ceek.jp/search.cgi?category_id=business&feed=1,ok,,経済
2026-09-04,2026-09-04T07:51:46.061434+09:00,全国紙,全国,日本経済新聞,九経連、「フィジカルAI」の事業開発支援 九電などの参画組織で,https://www.nikkei.com/article/DGXZQOJC023GH0S6A900C2000000/,https://news.ceek.jp/search.cgi?category_id=business&feed=1,ok,,経済
2026-09-04,2026-09-04T07:51:46.061434+09:00,その他メディア,,東洋経済オンライン,〈身動き取れぬ電通G〉伊藤忠「2000億円超の電通総研TOB」で見据える野望 肝煎りリテールメディア提携には温度差も | ビジネス,https://toyokeizai.net/articles/-/956705,https://news.ceek.jp/search.cgi?category_id=business&feed=1,ok,,経済
2026-09-04,2026-09-04T07:51:46.061434+09:00,全国紙,全国,日本経済新聞,第一三共「エンハーツ」と分子標的治療薬の併用療法、欧州で変更承認,https://www.nikkei.com/article/DGXZQOUC028MW0S6A900C2000000/,https://news.ceek.jp/search.cgi?category_id=business&feed=1,ok,,経済
2026-09-04,2026-09-04T07:51:46.061434+09:00,その他メディア,,東洋経済オンライン,"「苦痛に満ちた突然死?」44歳独身男性には助けを求めて""ほふく前進""した形跡が...解剖医が見つけた米粒大の死因の正体 | ライフ",https://toyokeizai.net/articles/-/956507?display=b,https://news.ceek.jp/search.cgi?category_id=business&feed=1,ok,,経済
2026-09-04,2026-09-04T07:51:46.061434+09:00,その他メディア,,共同通信,【速報】NY株続伸、624ドル高,https://www.47news.jp/14889095.html,https://news.ceek.jp/search.cgi?category_id=business&feed=1,ok,,経済
2026-09-04,2026-09-04T07:51:46.061434+09:00,全国紙,全国,日本経済新聞,NY商品、原油続伸 中東緊張で7月下旬以来の高値 金は続伸,https://www.nikkei.com/article/DGXZQOFL03BXU0T00C26A9000000/,https://news.ceek.jp/search.cgi?category_id=business&feed=1,ok,,経済
2026-09-04,2026-09-04T07:51:46.061434+09:00,その他メディア,,日本農業新聞,全農などバウムクーヘン 米粉、シャイン果汁使い,https://www.agrinews.co.jp/economy/index/404450,https://news.ceek.jp/search.cgi?category_id=business&feed=1,ok,,経済
2026-09-04,2026-09-04T07:51:46.061434+09:00,その他メディア,,日本農業新聞,果実2個入り箱で 少量ニーズに応え 青森・JAつがる弘前,https://www.agrinews.co.jp/economy/index/404451,https://news.ceek.jp/search.cgi?category_id=business&feed=1,ok,,経済
2026-09-04,2026-09-04T07:51:46.061434+09:00,その他メディア,,日本農業新聞,[畜産物見通し],https://www.agrinews.co.jp/economy/index/404489,https://news.ceek.jp/search.cgi?category_id=business&feed=1,ok,,経済
2026-09-04,2026-09-04T07:51:46.061434+09:00,全国紙,全国,日本経済新聞,米国株、ダウ続伸 早期利上げ観測が後退 一時680ドル高,https://www.nikkei.com/article/DGXZQOFL03BHG0T00C26A9000000/,https://news.ceek.jp/search.cgi?category_id=business&feed=1,ok,,経済
2026-09-04,2026-09-04T07:51:46.061434+09:00,全国紙,全国,日本経済新聞,テスラ、無人タクシー専用車を一般公開 ハンドルやペダルなし,https://www.nikkei.com/article/DGXZQOGN030PI0T00C26A9000000/,https://news.ceek.jp/search.cgi?category_id=business&feed=1,ok,,経済
2026-09-04,2026-09-04T07:51:46.061434+09:00,その他メディア,,WEDGE Infinity,札幌ドームが黒字転換できた理由、日ハム移転から3年、「公共施設」として地域に貢献する経営はどうやって実現したのか?,https://wedge.ismedia.jp/articles/-/41020,https://news.ceek.jp/search.cgi?category_id=business&feed=1,ok,,経済
2026-09-04,2026-09-04T07:51:46.061434+09:00,全国紙,全国,日本経済新聞,中国、外骨格ロボが疲れ知らずの「神器」に 若者も登山で駆使,https://www.nikkei.com/article/DGXZQOGM143F00U6A810C2000000/,https://news.ceek.jp/search.cgi?category_id=business&feed=1,ok,,経済
2026-09-04,2026-09-04T07:51:46.061434+09:00,全国紙,全国,日本経済新聞,ミャンマー資源開発再開 タイ国営系主導、西側大手撤退で勢力図一変,https://www.nikkei.com/article/DGXZQOGM31BPG0R30C26A7000000/,https://news.ceek.jp/search.cgi?category_id=business&feed=1,ok,,経済
2026-09-04,2026-09-04T07:51:46.061434+09:00,全国紙,全国,日本経済新聞,IHI大嶋常務執行役員「防衛で海外比率高まる」 次期戦闘機の需要で,https://www.nikkei.com/article/DGXZQOUB241QP0U6A820C2000000/,https://news.ceek.jp/search.cgi?category_id=business&feed=1,ok,,経済
2026-09-04,2026-09-04T07:51:46.061434+09:00,全国紙,全国,日本経済新聞,日銀・政府次第で円高転換、円買い戻し視野 景気減速なら国債買いへ,https://www.nikkei.com/article/DGXZQOUB266HK0W6A820C2000000/,https://news.ceek.jp/search.cgi?category_id=business&feed=1,ok,,経済
2026-09-04,2026-09-04T07:51:46.061434+09:00,全国紙,全国,日本経済新聞,「本当の株主」把握できるか 会社法見直しで変わる株主総会,https://www.nikkei.com/article/DGXZQOUB26AOY0W6A620C2000000/,https://news.ceek.jp/search.cgi?category_id=business&feed=1,ok,,経済
2026-09-04,2026-09-04T07:51:46.061434+09:00,全国紙,全国,日本経済新聞,スバルやマツダがMT復活 「なぜ今か」記者がクラッチ踏んで探る,https://www.nikkei.com/article/DGXZQOUC0430D0U6A800C2000000/,https://news.ceek.jp/search.cgi?category_id=business&feed=1,ok,,経済
2026-09-04,2026-09-04T07:51:46.061434+09:00,全国紙,全国,日本経済新聞,英オクトパス出資の新電力、関東に小型太陽光1000カ所 中東危機で自衛,https://www.nikkei.com/article/DGXZQOUC082RI0Y6A600C2000000/,https://news.ceek.jp/search.cgi?category_id=business&feed=1,ok,,経済
2026-09-04,2026-09-04T07:51:46.061434+09:00,全国紙,全国,日本経済新聞,キリンビール、10年越しのポートフォリオ戦略 「選ばれる価値」創出,https://www.nikkei.com/article/DGXZQOUC1708Z0X10C26A8000000/,https://news.ceek.jp/search.cgi?category_id=business&feed=1,ok,,経済
2026-09-04,2026-09-04T07:51:46.061434+09:00,全国紙,全国,日本経済新聞,AIの回答精度、企業担当者の9割超が「期待届かず」 トヨクモ調べ,https://www.nikkei.com/article/DGXZQOUC177QV0X10C26A7000000/,https://news.ceek.jp/search.cgi?category_id=business&feed=1,ok,,経済
2026-09-04,2026-09-04T07:51:46.061434+09:00,全国紙,全国,日本経済新聞,関電工の杉田常務CHRO「データセンター工事受注へ技術者育成急ぐ」,https://www.nikkei.com/article/DGXZQOUC264T10W6A620C2000000/,https://news.ceek.jp/search.cgi?category_id=business&feed=1,ok,,経済
2026-09-04,2026-09-04T07:51:46.061434+09:00,全国紙,全国,日本経済新聞,ディズニーシー25周年にみる10の数字 料金2倍「インパしない」勢も,https://www.nikkei.com/article/DGXZQOUC2778L0X20C26A8000000/,https://news.ceek.jp/search.cgi?category_id=business&feed=1,ok,,経済
2026-09-04,2026-09-04T07:51:46.061434+09:00,全国紙,全国,日本経済新聞,タカラスタンダード社長、リフォーム向け販売「ホーローに絞り込まず」,https://www.nikkei.com/article/DGXZQOUF156WL0V10C26A6000000/,https://news.ceek.jp/search.cgi?category_id=business&feed=1,ok,,経済
2026-09-04,2026-09-04T07:51:46.061434+09:00,全国紙,全国,読売新聞,グーグル 広告も分割回避 独禁法巡り 米地裁、司法省要求を却下,https://www.yomiuri.co.jp/economy/20260903-GYT1T00412/,https://news.ceek.jp/search.cgi?category_id=business&feed=1,ok,,経済
2026-09-04,2026-09-04T07:51:46.061434+09:00,全国紙,全国,読売新聞,三菱重 下関の造船拡充 人工島に新施設 来春着工へ,https://www.yomiuri.co.jp/economy/20260903-GYT1T00422/,https://news.ceek.jp/search.cgi?category_id=business&feed=1,ok,,経済
2026-09-04,2026-09-04T07:51:46.061434+09:00,全国紙,全国,読売新聞,データセンター「液冷式」に商機 効率20倍 開発・販売加速,https://www.yomiuri.co.jp/economy/20260903-GYT1T00426/,https://news.ceek.jp/search.cgi?category_id=business&feed=1,ok,,経済
2026-09-04,2026-09-04T07:51:46.061434+09:00,全国紙,全国,読売新聞,東京ドームなどで混雑時も高速・大容量の携帯通信を...三井不動産の商業施設などにドコモの最新設備導入へ,https://www.yomiuri.co.jp/economy/20260903-GYT1T00411/,https://news.ceek.jp/search.cgi?category_id=business&feed=1,ok,,経済
2026-09-04,2026-09-04T07:51:46.061434+09:00,全国紙,全国,読売新聞,米の「AI覇権」反映 G20声明 投資促進を明記 商務長官「世界を主導」,https://www.yomiuri.co.jp/economy/20260903-GYT1T00413/,https://news.ceek.jp/search.cgi?category_id=business&feed=1,ok,,経済
2026-09-04,2026-09-04T07:51:46.061434+09:00,全国紙,全国,読売新聞,全東信 180億円不透明移動 17年 大手金融機関撤退招く,https://www.yomiuri.co.jp/economy/20260903-GYT1T00424/,https://news.ceek.jp/search.cgi?category_id=business&feed=1,ok,,経済
2026-09-04,2026-09-04T07:51:46.061434+09:00,その他メディア,,東洋経済オンライン,「障害者雇用率」が高い企業ランキング! 10位ファーストリテイリング、9位Trailhead Global Holdings、8位しまむら、さらに上位に入ったのは? | ライフ,https://toyokeizai.net/articles/-/956639?display=b,https://news.ceek.jp/search.cgi?category_id=business&feed=1,ok,,経済
2026-09-04,2026-09-04T07:51:46.061434+09:00,その他メディア,,日本金融通信,第1回 「オンチェーン金融」は今までの金融と何が異なるのか,https://www.nikkinonline.com/article/418961,https://news.ceek.jp/search.cgi?category_id=business&feed=1,ok,,経済
2026-09-04,2026-09-04T07:51:46.061434+09:00,その他メディア,,日本金融通信,PayPay銀、アプリや融資で中小攻勢 信金・信組に警戒感,https://www.nikkinonline.com/article/421066,https://news.ceek.jp/search.cgi?category_id=business&feed=1,ok,,経済
2026-09-04,2026-09-04T07:51:46.061434+09:00,その他メディア,,日本金融通信,地銀、中小とデジタル接点強化 法人ポータルにAIも,https://www.nikkinonline.com/article/420331,https://news.ceek.jp/search.cgi?category_id=business&feed=1,ok,,経済
2026-09-04,2026-09-04T07:51:46.061434+09:00,全国紙,全国,毎日新聞,式辞ににじむ歴史観 中村文則さんが高市首相に感じた「不安」,https://mainichi.jp/articles/20260902/k00/00m/040/068000c,https://news.ceek.jp/search.cgi?category_id=national&feed=1,ok,,社会
2026-09-04,2026-09-04T07:51:46.061434+09:00,全国紙,全国,産経新聞,元夫を殺害、冷凍庫に遺棄した元妻 残高不足で15年目に発覚 公訴時効3年で逮捕の理由,https://www.sankei.com/article/20260904-LLCBTTTK5VL43CHSHX3JGZIYWA/,https://news.ceek.jp/search.cgi?category_id=national&feed=1,ok,,社会
2026-09-04,2026-09-04T07:51:46.061434+09:00,その他メディア,,テレビ朝日,甲府刑務所から各地へ...再犯防止願う「母の鈴」 出所者に寄り添う保護司の実情,https://news.tv-asahi.co.jp/news_society/articles/900198755.html,https://news.ceek.jp/search.cgi?category_id=national&feed=1,ok,,社会
2026-09-04,2026-09-04T07:51:46.061434+09:00,その他メディア,,デイリースポーツ,四国、九州で大雨の恐れ,https://www.daily.co.jp/society/national/2026/09/04/0020781174.shtml,https://news.ceek.jp/search.cgi?category_id=national&feed=1,ok,,社会
2026-09-04,2026-09-04T07:51:46.061434+09:00,その他メディア,,フジテレビ,【速報】JRきのくに線 串本駅~周参見駅間で運転見合わせ 大雨の影響で,https://www.fnn.jp/articles/-/1107671,https://news.ceek.jp/search.cgi?category_id=national&feed=1,ok,,社会
2026-09-04,2026-09-04T07:51:46.061434+09:00,その他メディア,,フジテレビ,火事場泥棒警戒、テレビやエアコンの室外機が盗まれる事件も 熊本派遣の広島県警部隊が被災地活動報告,https://www.fnn.jp/articles/-/1107670,https://news.ceek.jp/search.cgi?category_id=national&feed=1,ok,,社会
2026-09-04,2026-09-04T07:51:46.061434+09:00,その他メディア,,日刊スポーツ,中道改革連合「再起動します」公式で声明 今後は「...,https://www.nikkansports.com/general/nikkan/news/202609040000073.html,https://news.ceek.jp/search.cgi?category_id=national&feed=1,ok,,社会
2026-09-04,2026-09-04T07:51:46.061434+09:00,その他メディア,,フジテレビ,夏休みの自習学習で被害に...学習塾で中2男子生徒の下半身など触った疑い 塾講師の26歳男を逮捕 「間違いありません」容疑認める 横浜市,https://www.fnn.jp/articles/-/1107664,https://news.ceek.jp/search.cgi?category_id=national&feed=1,ok,,社会
2026-09-04,2026-09-04T07:51:46.061434+09:00,その他メディア,,フジテレビ,関東甲信地方では「警報級の大雨」の可能性 4日夜のはじめ頃から7日頃にかけて、断続的に雷を伴った激しい雨の降る所がある見込み,https://www.fnn.jp/articles/-/1107661,https://news.ceek.jp/search.cgi?category_id=national&feed=1,ok,,社会
2026-09-04,2026-09-04T07:51:46.061434+09:00,その他メディア,,テレビ朝日,"警視庁で3000人不足...110番通報→到着時間が1.3倍に 警察の“人手不足""がはらむジレンマ「やめさせないことが最重要になってしまっている」",https://news.tv-asahi.co.jp/news_society/articles/900198826.html,https://news.ceek.jp/search.cgi?category_id=national&feed=1,ok,,社会
2026-09-04,2026-09-04T07:51:46.061434+09:00,全国紙,全国,東京新聞,白川英樹さん死去 導電性プラスチック ノーベル化学賞 90歳,https://www.tokyo-np.co.jp/article/513270,https://news.ceek.jp/search.cgi?category_id=national&feed=1,ok,,社会
2026-09-04,2026-09-04T07:51:46.061434+09:00,その他メディア,,フジテレビ,【台風情報】台風24号は8日頃にかけ南西諸島近海で動きが遅くなる見込み 四国、九州北部・南部、奄美で線状降水帯発生のおそれ【全般気象解説情報】,https://www.fnn.jp/articles/-/1107659,https://news.ceek.jp/search.cgi?category_id=national&feed=1,ok,,社会
2026-09-04,2026-09-04T07:51:46.061434+09:00,その他メディア,,デイリースポーツ,VW、大規模再建策を承認,https://www.daily.co.jp/society/main/2026/09/04/0020781127.shtml,https://news.ceek.jp/search.cgi?category_id=national&feed=1,ok,,社会
2026-09-04,2026-09-04T07:51:46.061434+09:00,その他メディア,,フジテレビ,【台風情報】迷走する台風24号 予想進路 沖縄・奄美周辺で複雑な動き 本州に秋雨前線停滞 7日にかけて大雨警戒,https://www.fnn.jp/articles/-/1107656,https://news.ceek.jp/search.cgi?category_id=national&feed=1,ok,,社会
2026-09-04,2026-09-04T07:51:46.061434+09:00,その他メディア,,テレビ朝日,宝島さん夫婦殺害の被告たちは「手先」として利用されやすい特性?犯罪心理学者が指摘「先見性の低さ」「自分に失うものはないという考え」上野・飲食店経営夫婦殺害事件,https://news.tv-asahi.co.jp/news_society/articles/900198824.html,https://news.ceek.jp/search.cgi?category_id=national&feed=1,ok,,社会
2026-09-04,2026-09-04T07:51:46.061434+09:00,その他メディア,,フジテレビ,被災地狙った卑劣な犯行か 豪雨被害の千葉で3軒連続窃盗 室外機や給湯器など盗まれる 専門家「長期不在が明らかにならない工夫を」,https://www.fnn.jp/articles/-/1107494,https://news.ceek.jp/search.cgi?category_id=national&feed=1,ok,,社会
2026-09-04,2026-09-04T07:51:46.061434+09:00,その他メディア,,週刊女性PRIME,"世界的美術家・奈良美智氏が高市首相を猛烈批判「何様のつもりか」...細川元首相の“昭和100年式典""発言に反応",https://www.jprime.jp/articles/-/43380,https://news.ceek.jp/search.cgi?category_id=national&feed=1,ok,,社会
2026-09-04,2026-09-04T07:51:46.061434+09:00,全国紙,全国,読売新聞,「フタバスズキリュウ」の化石発掘、古生物学者の長谷川善和さん死去...96歳,https://www.yomiuri.co.jp/national/20260904-GYT1T00037/,https://news.ceek.jp/search.cgi?category_id=national&feed=1,ok,,社会
2026-09-04,2026-09-04T07:51:46.061434+09:00,その他メディア,,アサ芸プラス,深海4700メートルに沈められた「放射性廃棄物ドラム缶20万本」腐食流出し始めた「恐怖の実態調査」,https://www.asagei.com/excerpt/349383,https://news.ceek.jp/search.cgi?category_id=national&feed=1,ok,,社会
2026-09-04,2026-09-04T07:51:46.061434+09:00,その他メディア,,Abema TIMES,宝島さん夫婦殺害の被告たちは「手先」として利用されやすい特性?犯罪心理学者が指摘「先見性の低さ」「自分に失うものはないという考え」上野・飲食店経営夫婦殺害事件,https://times.abema.tv/articles/-/10270975?page=1,https://news.ceek.jp/search.cgi?category_id=national&feed=1,ok,,社会
2026-09-04,2026-09-04T07:51:46.061434+09:00,その他メディア,,サンケイスポーツ,フォルクスワーゲン、大規模再建策を承認 約5万人の削減「必要」、車種も半減,https://www.sanspo.com/article/20260904-Y26YHJNAB5JGVGGYW7L4OBZKSQ/,https://news.ceek.jp/search.cgi?category_id=national&feed=1,ok,,社会
2026-09-04,2026-09-04T07:51:46.061434+09:00,その他メディア,,フジテレビ,【台風情報】台風24号と前線の影響は 四国地方、九州北部地方(山口県を含む)、九州南部・奄美地方では「線状降水帯」が発生して大雨災害の危険度が急激に高まるおそれ,https://www.fnn.jp/articles/-/1107655,https://news.ceek.jp/search.cgi?category_id=national&feed=1,ok,,社会
2026-09-04,2026-09-04T07:51:46.061434+09:00,その他メディア,,デイリースポーツ,中国、ロシア極東攻撃自制要請,https://www.daily.co.jp/society/main/2026/09/04/0020781111.shtml,https://news.ceek.jp/search.cgi?category_id=national&feed=1,ok,,社会
2026-09-04,2026-09-04T07:51:46.061434+09:00,全国紙,全国,朝日新聞,東京芸大の「芸祭」 廊下に並ぶ「ギャラリーストーカー」の貼り紙,https://www.asahi.com/articles/ASV803D84V80DIFI00MM.html,https://news.ceek.jp/search.cgi?category_id=national&feed=1,ok,,社会
2026-09-04,2026-09-04T07:51:46.061434+09:00,その他メディア,,フジテレビ,学習塾で中2男子生徒にわいせつか 塾講師の男(26)逮捕 夏休みの自習中に下半身など触った疑い 横浜市,https://www.fnn.jp/articles/-/1107653,https://news.ceek.jp/search.cgi?category_id=national&feed=1,ok,,社会
2026-09-04,2026-09-04T07:51:46.061434+09:00,その他メディア,,フジテレビ,【台風情報】台風24号の進路予想 台風と前線の影響は 四国地方、九州北部地方(山口県を含む)、九州南部・奄美地方では「線状降水帯」が発生して大雨災害の危険度が急激に高まるおそれ,https://www.fnn.jp/articles/-/1107654,https://news.ceek.jp/search.cgi?category_id=national&feed=1,ok,,社会
2026-09-04,2026-09-04T07:51:46.061434+09:00,その他メディア,,アサ芸プラス,サブスクも危ない!詐欺手口「ダークパターン」狡猾勧誘に引っかかるな!「無料お試し⇒実は定期契約」「脅迫的に強要」「解約できない」,https://www.asagei.com/excerpt/349382,https://news.ceek.jp/search.cgi?category_id=national&feed=1,ok,,社会
2026-09-04,2026-09-04T07:51:46.061434+09:00,その他メディア,,フジテレビ,"“SNS投資詐欺""防止を 保険会社従業員に講習会 闇バイトへの応募きっかけに犯罪に加担してしまう事例など紹介 警視庁",https://www.fnn.jp/articles/-/1107652,https://news.ceek.jp/search.cgi?category_id=national&feed=1,ok,,社会
2026-09-04,2026-09-04T07:51:46.061434+09:00,その他メディア,,フジテレビ,全国平均時給1177円 最低賃金56円引き上げ...過去2番目 最高額は東京都の1280円、最低額は宮崎県の1085円 10月から順次適用へ,https://www.fnn.jp/articles/-/1107651,https://news.ceek.jp/search.cgi?category_id=national&feed=1,ok,,社会
2026-09-04,2026-09-04T07:51:46.061434+09:00,その他メディア,,フジテレビ,公開手配のベトナム人男(26)逮捕 「あべちか」強盗殺人未遂事件の運転役か これまでに実行役含むベトナム国籍の男女3人逮捕 大阪市,https://www.fnn.jp/articles/-/1107646,https://news.ceek.jp/search.cgi?category_id=national&feed=1,ok,,社会
2026-09-04,2026-09-04T07:51:46.061434+09:00,その他メディア,,フジテレビ,「大変感銘受けた」鈴木農林水産大臣が大阪・泉大津市を訪問 「熟成米プロジェクト」の取り組みなど視察,https://www.fnn.jp/articles/-/1107649,https://news.ceek.jp/search.cgi?category_id=national&feed=1,ok,,社会
2026-09-04,2026-09-04T07:51:46.061434+09:00,その他メディア,,アサ芸プラス,NTTドコモ「dカードPLATINUM」解約したら年会費を返却するって!異例の措置を招いた「特典・還元条件」大幅変更,https://www.asagei.com/excerpt/349378,https://news.ceek.jp/search.cgi?category_id=national&feed=1,ok,,社会
2026-09-04,2026-09-04T07:51:46.061434+09:00,全国紙,全国,読売新聞,「成仏させられずごめん」89歳母の遺体3か月放置した女性の困窮...8050問題「地域から孤立」どう防ぐ,https://www.yomiuri.co.jp/national/20260831-GYT1T00328/,https://news.ceek.jp/search.cgi?category_id=national&feed=1,ok,,社会
2026-09-04,2026-09-04T07:51:46.061434+09:00,その他メディア,,フジテレビ,指導員「横断歩道を1カ所見逃しましたね」72歳アナが初の高齢者講習 気付かなかった運転のクセや加齢による変化,https://www.fnn.jp/articles/-/1107648,https://news.ceek.jp/search.cgi?category_id=national&feed=1,ok,,社会
2026-09-04,2026-09-04T07:51:46.061434+09:00,その他メディア,,テレビ朝日,大阪強盗殺人未遂事件 指名手配のベトナム国籍の男を逮捕,https://news.tv-asahi.co.jp/news_society/articles/000530951.html,https://news.ceek.jp/search.cgi?category_id=national&feed=1,ok,,社会
2026-09-04,2026-09-04T07:51:46.061434+09:00,その他メディア,,フジテレビ,住宅軒下に...親子とみられるクマ2頭駆除 体重25キロのメスと5キロのオス 京都府では初となる緊急銃猟実施 京都・舞鶴市,https://www.fnn.jp/articles/-/1107645,https://news.ceek.jp/search.cgi?category_id=national&feed=1,ok,,社会
2026-09-04,2026-09-04T07:51:46.061434+09:00,その他メディア,,フジテレビ,台風24号の影響...三重県で5日にかけて雷を伴う激しい雨の可能性 6日午前6時までの24時間で120ミリの予想,https://www.fnn.jp/articles/-/1107647,https://news.ceek.jp/search.cgi?category_id=national&feed=1,ok,,社会
2026-09-04,2026-09-04T07:51:46.061434+09:00,その他メディア,,フジテレビ,【台風情報】台風24号と秋雨戦線の影響で記録的大雨の恐れ 九州・四国で線状降水帯発生の可能性 台風24号は沖縄付近でしばらく停滞...影響長引くか,https://www.fnn.jp/articles/-/1107644,https://news.ceek.jp/search.cgi?category_id=national&feed=1,ok,,社会
2026-09-04,2026-09-04T07:51:46.061434+09:00,その他メディア,,テレビ朝日,クマ2頭が住宅の軒下に 府内初の緊急銃猟 京都・舞鶴市,https://news.tv-asahi.co.jp/news_society/articles/000530954.html,https://news.ceek.jp/search.cgi?category_id=national&feed=1,ok,,社会
2026-09-04,2026-09-04T07:51:46.061434+09:00,その他メディア,,テレビ朝日,札幌で住宅火災 激しい炎で騒然 家にいた3人は逃げて無事,https://news.tv-asahi.co.jp/news_society/articles/000530956.html,https://news.ceek.jp/search.cgi?category_id=national&feed=1,ok,,社会
2026-09-04,2026-09-04T07:51:46.061434+09:00,その他メディア,,日本テレビ,"熊本・日本製紙八代工場で火事 “通報""した人「いつもと違って油のようなにおいが強かった」",https://news.ntv.co.jp/category/society/998ffdf033fb41b0b99accdd7fc95ec9,https://news.ceek.jp/search.cgi?category_id=national&feed=1,ok,,社会
2026-09-04,2026-09-04T07:51:46.061434+09:00,その他メディア,,テレビ朝日,九州や四国で線状降水帯の恐れ 災害級の大雨に厳重警戒,https://news.tv-asahi.co.jp/news_society/articles/000530958.html,https://news.ceek.jp/search.cgi?category_id=national&feed=1,ok,,社会
2026-09-04,2026-09-04T07:51:46.061434+09:00,その他メディア,,女性自身,"兵庫県・斎藤知事もニッコニコ “天敵""記者の異動に「なぜ、まだおられるのかな、と多くの人が思っていたので......」",https://jisin.jp/domestic/2598524/,https://news.ceek.jp/search.cgi?category_id=national&feed=1,ok,,社会
2026-09-04,2026-09-04T07:51:46.061434+09:00,その他メディア,,女性自身,"約20年前の教え子への性加害で「都立高教諭が懲戒免職処分」も...“刑事も民事も難しい""弁護士が明かす“時効の壁""",https://jisin.jp/domestic/2598528/,https://news.ceek.jp/search.cgi?category_id=national&feed=1,ok,,社会
2026-09-04,2026-09-04T07:51:46.061434+09:00,その他メディア,,テレビ朝日,"【速報中】「台風24号」沖縄や奄美を直撃予想 四国・九州で線状降水帯発生の恐れ...“災害級の大雨""に警戒を 今後の天気・進路は",https://news.tv-asahi.co.jp/news_society/articles/900198404.html,https://news.ceek.jp/search.cgi?category_id=national&feed=1,ok,,社会
2026-09-04,2026-09-04T07:51:46.061434+09:00,その他メディア,,テレビ朝日,【速報中】五所川原市で警戒レベル5「緊急安全確保」発令 青森県内で軽傷1人 建物被害72棟【画像随時追加】,https://news.tv-asahi.co.jp/news_society/articles/900198597.html,https://news.ceek.jp/search.cgi?category_id=national&feed=1,ok,,社会
2026-09-04,2026-09-04T07:51:46.061434+09:00,その他メディア,,現代ビジネス,AI文章を見破る米国ツールの登場に有料クリエーターが戦々恐々...日本語の文章で試してわかった明確な効果,https://gendai.media/articles/-/170749,https://news.ceek.jp/search.cgi?category_id=national&feed=1,ok,,社会
2026-09-04,2026-09-04T07:51:46.061434+09:00,その他メディア,,現代ビジネス,AIで書いた文章を見抜くツールの使用をめぐり米国で大論争が勃発中...そもそも使ってはいけないものなのか?,https://gendai.media/articles/-/170752,https://news.ceek.jp/search.cgi?category_id=national&feed=1,ok,,社会
2026-09-04,2026-09-04T07:51:46.061434+09:00,全国紙,全国,読売新聞,巡査が手続きミスで受け取れなかった荷物、開封したら「大麻」...所持・使用で懲戒免職「やめられなかった」,https://www.yomiuri.co.jp/national/20260903-GYT1T00309/,https://news.ceek.jp/search.cgi?category_id=national&feed=1,ok,,社会
2026-09-04,2026-09-04T07:51:46.061434+09:00,その他メディア,,TBSテレビ,【ニュースライブ】朝のニュース(Japan News Digest Live)最新情報など(9月4日),https://newsdig.tbs.co.jp/articles/-/2918658?display=1,https://news.ceek.jp/search.cgi?category_id=national&feed=1,ok,,社会
2026-09-04,2026-09-04T07:51:46.061434+09:00,全国紙,全国,朝日新聞,「司法のブラックボックスを開く」 最高裁判決過程、団藤文書で研究,https://www.asahi.com/articles/ASV8B7HT5V8BUTFK003M.html,https://news.ceek.jp/search.cgi?category_id=national&feed=1,ok,,社会
2026-09-04,2026-09-04T07:51:46.061434+09:00,その他メディア,,東京スポーツ新聞,「まんじゅうや」却下で茨城・木内敏之神栖市長が失職へ 世界には自書式ではない投票手法も,https://www.tokyo-sports.co.jp/articles/-/401820,https://news.ceek.jp/search.cgi?category_id=national&feed=1,ok,,社会
2026-09-04,2026-09-04T07:51:46.061434+09:00,その他メディア,,日刊ゲンダイ,"「はっきり名指しして」高市首相の「経済顧問」を巡りネットで円安進行の“犯人探し""続く...名前飛び交うも真相は不明",https://www.nikkan-gendai.com/articles/view/news/392525,https://news.ceek.jp/search.cgi?category_id=national&feed=1,ok,,社会
2026-09-04,2026-09-04T07:51:46.061434+09:00,その他メディア,,日刊ゲンダイ,福原ソープ殺人事件の一部始終...無理心中男は会計事務所のパート兼「夜職」向け不動産屋の33歳,https://www.nikkan-gendai.com/articles/view/newsx/392515,https://news.ceek.jp/search.cgi?category_id=national&feed=1,ok,,社会
2026-09-04,2026-09-04T07:51:46.061434+09:00,その他メディア,,TBSテレビ,【ニュースライブ】朝のニュース(Japan News Digest Live)最新情報など(9月4日),https://newsdig.tbs.co.jp/articles/-/2920097?display=1,https://news.ceek.jp/search.cgi?category_id=national&feed=1,ok,,社会
2026-09-04,2026-09-04T07:51:46.061434+09:00,その他メディア,,共同通信,犬猫行方不明相談272件 熊本地震、半数は発見,https://www.47news.jp/14889166.html,https://news.ceek.jp/search.cgi?category_id=national&feed=1,ok,,社会
2026-09-04,2026-09-04T07:51:46.061434+09:00,その他メディア,,テレビ朝日,【報告】線状降水帯の発生予測情報 宮崎の様子は,https://news.tv-asahi.co.jp/news_society/articles/000530957.html,https://news.ceek.jp/search.cgi?category_id=national&feed=1,ok,,社会
2026-09-04,2026-09-04T07:51:46.061434+09:00,その他メディア,,デイリースポーツ,犬猫行方不明相談272件,https://www.daily.co.jp/society/main/2026/09/04/0020781042.shtml,https://news.ceek.jp/search.cgi?category_id=national&feed=1,ok,,社会
2026-09-04,2026-09-04T07:51:46.061434+09:00,その他メディア,,フジテレビ,札幌市東区で不審火3件...老人ホームのコンクリート製の塀に火をつけたとして器物損壊容疑で58歳女を逮捕...現場には焼けた木片のようなもの...ほか2件への関与ほのめかす<北海道>,https://www.fnn.jp/articles/-/1107640,https://news.ceek.jp/search.cgi?category_id=national&feed=1,ok,,社会
2026-09-04,2026-09-04T07:51:46.061434+09:00,その他メディア,,共同通信,偏食の悩み専門家とマッチ 親の相談先探しを支援,https://www.47news.jp/14889101.html,https://news.ceek.jp/search.cgi?category_id=national&feed=1,ok,,社会
2026-09-04,2026-09-04T07:51:46.061434+09:00,その他メディア,,デイリースポーツ,偏食の悩み専門家とマッチ,https://www.daily.co.jp/society/human_interest/2026/09/04/0020781035.shtml,https://news.ceek.jp/search.cgi?category_id=national&feed=1,ok,,社会
2026-09-04,2026-09-04T07:51:46.061434+09:00,その他メディア,,デイリースポーツ,「事件解決を」後輩に託す,https://www.daily.co.jp/society/national/2026/09/04/0020781030.shtml,https://news.ceek.jp/search.cgi?category_id=national&feed=1,ok,,社会
2026-09-04,2026-09-04T07:51:46.061434+09:00,その他メディア,,共同通信,「事件解決を」後輩に託す 上智大生殺害、9日で30年,https://www.47news.jp/14889098.html,https://news.ceek.jp/search.cgi?category_id=national&feed=1,ok,,社会
2026-09-04,2026-09-04T07:51:46.061434+09:00,全国紙,全国,産経新聞,熊本地震で被災地活動のボランティア団体に交通費など助成 兵庫県,https://www.sankei.com/article/20260904-XDV3DVHSNJP2ZH7CN3MGSE25WA/,https://news.ceek.jp/search.cgi?category_id=national&feed=1,ok,,社会
2026-09-04,2026-09-04T07:51:46.061434+09:00,その他メディア,,スポニチ,ノーベル化学賞の白川英樹さん死去 90歳 導電性プラスチック発明,https://www.sponichi.co.jp/society/news/2026/09/04/kiji/20260903s00042000407000c.html,https://news.ceek.jp/search.cgi?category_id=national&feed=1,ok,,社会
2026-09-04,2026-09-04T07:51:46.061434+09:00,その他メディア,,スポニチ,生徒の持ち物に「やばい」と落書き 65歳高校教諭を戒告処分 授業中に画びょうを投げることも,https://www.sponichi.co.jp/society/news/2026/09/04/kiji/20260904s00042000046000c.html,https://news.ceek.jp/search.cgi?category_id=national&feed=1,ok,,社会
2026-09-04,2026-09-04T07:51:46.061434+09:00,その他メディア,,スポニチ,彦根城 世界遺産推薦へ 江戸時代の大名統治を象徴 28年登録審査,https://www.sponichi.co.jp/society/news/2026/09/04/kiji/20260904s00042000049000c.html,https://news.ceek.jp/search.cgi?category_id=national&feed=1,ok,,社会
2026-09-04,2026-09-04T07:51:46.061434+09:00,その他メディア,,スポニチ,熊本地震 6割が圧死・窒息 倒壊住宅の下敷きか 耐震化促進、全国的課題,https://www.sponichi.co.jp/society/news/2026/09/04/kiji/20260904s00042000051000c.html,https://news.ceek.jp/search.cgi?category_id=national&feed=1,ok,,社会
2026-09-04,2026-09-04T07:51:46.061434+09:00,全国紙,全国,読売新聞,9年前のコンビニ強盗3件、「自責の念に駆られ」警察に電話で申告した35歳男を容疑で逮捕...時効は10年,https://www.yomiuri.co.jp/national/20260903-GYT1T00330/,https://news.ceek.jp/search.cgi?category_id=national&feed=1,ok,,社会
2026-09-04,2026-09-04T07:51:46.061434+09:00,その他メディア,,スポニチ,「まんじゅうや」「だんごさん」票は無効 神栖市長選裁決で東京高裁 判決確定すれば市長は失職,https://www.sponichi.co.jp/society/news/2026/09/04/kiji/20260904s00042000050000c.html,https://news.ceek.jp/search.cgi?category_id=national&feed=1,ok,,社会
2026-09-04,2026-09-04T07:51:46.061434+09:00,その他メディア,,フジテレビ,「なぜ今インフルエンザが流行?」夏休み明け学級閉鎖も 予防接種時期を前に大流行の懸念 「ただの夏かぜだろう」との油断は禁物,https://www.fnn.jp/articles/-/1106492,https://news.ceek.jp/search.cgi?category_id=national&feed=1,ok,,社会
2026-09-04,2026-09-04T07:51:46.061434+09:00,その他メディア,,WEDGE Infinity,避難所での健康被害をなくすために...災害と猛暑の二重苦に気を付けたいこと:意外と知らない暑さと薬の関係、急性ストレス障害への配慮も,https://wedge.ismedia.jp/articles/-/41040,https://news.ceek.jp/search.cgi?category_id=national&feed=1,ok,,社会
2026-09-04,2026-09-04T07:51:46.061434+09:00,全国紙,全国,日本経済新聞,外来カミキリ、ハンター求む 樹木被害防止へ住民イベントや「報奨金」,https://www.nikkei.com/article/DGXZQOUD075PT0X00C26A8000000/,https://news.ceek.jp/search.cgi?category_id=national&feed=1,ok,,社会
2026-09-04,2026-09-04T07:51:46.061434+09:00,その他メディア,,サンケイスポーツ,IQOS初の国際旗艦店「IQOSフラッグシップ銀座」が4日オープン 「イルマ i 銀座限定モデルセット」発売、ドリンク&フードも提供,https://www.sanspo.com/article/20260904-WUMBOLH5VBMDBJHG2G4P4QQ3E4/,https://news.ceek.jp/search.cgi?category_id=national&feed=1,ok,,社会
2026-09-04,2026-09-04T07:51:46.061434+09:00,全国紙,全国,読売新聞,[からだの質問箱]左目に膜 翼状片と診断,https://www.yomiuri.co.jp/medical/20260903-GYT8T00160/,https://news.ceek.jp/search.cgi?category_id=national&feed=1,ok,,社会
2026-09-04,2026-09-04T07:51:46.061434+09:00,全国紙,全国,読売新聞,警察庁人事(15日),https://www.yomiuri.co.jp/national/20260904-GYT1T00023/,https://news.ceek.jp/search.cgi?category_id=national&feed=1,ok,,社会
2026-09-04,2026-09-04T07:51:46.061434+09:00,全国紙,全国,読売新聞,一般社団法人共同通信社人事(3日),https://www.yomiuri.co.jp/national/20260904-GYT1T00024/,https://news.ceek.jp/search.cgi?category_id=national&feed=1,ok,,社会
2026-09-04,2026-09-04T07:51:46.061434+09:00,全国紙,全国,読売新聞,最低賃金 経営者 大幅上昇「苦しい」,https://www.yomiuri.co.jp/national/20260904-GYT1T00025/,https://news.ceek.jp/search.cgi?category_id=national&feed=1,ok,,社会
2026-09-04,2026-09-04T07:51:46.061434+09:00,全国紙,全国,読売新聞,[医療ルネサンス]アピアランスケア<1>脱毛患者に手作り帽子,https://www.yomiuri.co.jp/medical/renaissance/20260903-GYT8T00173/,https://news.ceek.jp/search.cgi?category_id=national&feed=1,ok,,社会
2026-09-04,2026-09-04T07:51:46.061434+09:00,全国紙,全国,読売新聞,レベル4大雨危険警報で「アンダーパス」冠水前規制、千葉に続き6か所も対象...全国に順次拡大,https://www.yomiuri.co.jp/national/20260903-GYT1T00419/,https://news.ceek.jp/search.cgi?category_id=national&feed=1,ok,,社会
2026-09-04,2026-09-04T07:51:46.061434+09:00,全国紙,全国,読売新聞,イオンモール熊本爆発事故、避難後に客も再入館し一部は車とめた屋上へ...巻き込まれていた恐れ,https://www.yomiuri.co.jp/national/20260904-GYT1T00001/,https://news.ceek.jp/search.cgi?category_id=national&feed=1,ok,,社会
2026-09-04,2026-09-04T07:51:46.061434+09:00,全国紙,全国,読売新聞,最低賃金、都道府県別の引き上げ額決まる...「上乗せ競争」は一服?「最下位避けたいという議論にはならず」,https://www.yomiuri.co.jp/national/20260904-GYT1T00028/,https://news.ceek.jp/search.cgi?category_id=national&feed=1,ok,,社会
2026-09-04,2026-09-04T07:51:46.061434+09:00,その他メディア,,デイリー新潮,"【パワハラ全容】東京エムケイ社長が謝罪...「ゲッタッファッカウ!」62歳実弟オーナー“パイプ椅子ぶん投げ朝礼""の一部始終",https://www.dailyshincho.jp/article/2026/09040459/?all=1,https://news.ceek.jp/search.cgi?category_id=national&feed=1,ok,,社会
2026-09-04,2026-09-04T07:51:46.061434+09:00,その他メディア,,デイリー新潮,「無名の若手を相手に玉木さんは大人げない」 国民民主代表選に「しらけムード」,https://www.dailyshincho.jp/article/2026/09040457/?all=1,https://news.ceek.jp/search.cgi?category_id=national&feed=1,ok,,社会
2026-09-04,2026-09-04T07:51:46.061434+09:00,その他メディア,,テレビ朝日,レベル4土砂災害危険警報 鹿児島・喜界町,https://news.tv-asahi.co.jp/news_society/articles/000530950.html,https://news.ceek.jp/search.cgi?category_id=national&feed=1,ok,,社会
2026-09-04,2026-09-04T07:51:46.061434+09:00,その他メディア,,Abema TIMES,"“秋雨前線""南下...台風24号は“迷走""列島各地で激しい大雨に",https://times.abema.tv/articles/-/10271033?page=1,https://news.ceek.jp/search.cgi?category_id=national&feed=1,ok,,社会
2026-09-04,2026-09-04T07:51:46.061434+09:00,その他メディア,,テレビ朝日,"“秋雨前線""南下...台風24号は“迷走""列島各地で激しい大雨に",https://news.tv-asahi.co.jp/news_society/articles/900198804.html,https://news.ceek.jp/search.cgi?category_id=national&feed=1,ok,,社会
2026-09-04,2026-09-04T07:51:46.061434+09:00,その他メディア,,Abema TIMES,"『まんじゅうや』は無効...市長選“同数得票""めぐり高裁判決 投票の記載どこまで有効",https://times.abema.tv/articles/-/10270986?page=1,https://news.ceek.jp/search.cgi?category_id=national&feed=1,ok,,社会
2026-09-04,2026-09-04T07:51:46.061434+09:00,その他メディア,,Abema TIMES,「国民生活への影響少なく」上皇さまのご意向 宮内庁が葬儀の規模縮小を検討,https://times.abema.tv/articles/-/10270988?page=1,https://news.ceek.jp/search.cgi?category_id=national&feed=1,ok,,社会
2026-09-04,2026-09-04T07:51:46.061434+09:00,その他メディア,,Abema TIMES,「変わり者は大切に育てなくては」ノーベル賞受賞 白川英樹さん(90)死去,https://times.abema.tv/articles/-/10270991?page=1,https://news.ceek.jp/search.cgi?category_id=national&feed=1,ok,,社会
2026-09-04,2026-09-04T07:51:46.061434+09:00,その他メディア,,Jams.TV,QLDヒューエンデン 水道設備老朽化で水質悪化,https://www.jams.tv/news/289967,https://news.ceek.jp/search.cgi?category_id=world&feed=1,ok,,国際
2026-09-04,2026-09-04T07:51:46.061434+09:00,その他メディア,,ブラジル日報,マスター銀行事件=司法取引で政界疑獄へ発展=ヴォルカロ保身システム崩壊へ=根が深すぎる金融不正の生態系,https://brasilnippou.com/ja/articles/260904-11brasil,https://news.ceek.jp/search.cgi?category_id=world&feed=1,ok,,国際
2026-09-04,2026-09-04T07:51:46.061434+09:00,その他メディア,,ブラジル日報,収監中の銀行家の告発が波紋=ヴォルカロ事件が暴く政権中枢の病理=映画の資金疑惑から判事弾劾へ,https://brasilnippou.com/ja/articles/260904-12brasil,https://news.ceek.jp/search.cgi?category_id=world&feed=1,ok,,国際
2026-09-04,2026-09-04T07:51:46.061434+09:00,その他メディア,,ブラジル日報,ブラジル産食肉、EUが輸入停止=「国家の監視能力」を問題視=影響額20億ドル規模に,https://brasilnippou.com/ja/articles/260904-13brasil,https://news.ceek.jp/search.cgi?category_id=world&feed=1,ok,,国際
2026-09-04,2026-09-04T07:51:46.061434+09:00,その他メディア,,ブラジル日報,ニコラス議員、ヴォルカロ氏に鉱業資産巡り仲介依頼,https://brasilnippou.com/ja/articles/260904-14brasil,https://news.ceek.jp/search.cgi?category_id=world&feed=1,ok,,国際
2026-09-04,2026-09-04T07:51:46.061434+09:00,その他メディア,,ブラジル日報,コロンビア、30年に中南米4位の経済規模へ,https://brasilnippou.com/ja/articles/260904-15brasil,https://news.ceek.jp/search.cgi?category_id=world&feed=1,ok,,国際
2026-09-04,2026-09-04T07:51:46.061434+09:00,その他メディア,,ブラジル日報,CSN社長交代、スタインブルック氏は取締役会議長に,https://brasilnippou.com/ja/articles/260904-16brasil,https://news.ceek.jp/search.cgi?category_id=world&feed=1,ok,,国際
2026-09-04,2026-09-04T07:51:46.061434+09:00,その他メディア,,ブラジル日報,Keeta、Cadeの予防措置認められず/99Foodとの競争に壁,https://brasilnippou.com/ja/articles/260904-17brasil,https://news.ceek.jp/search.cgi?category_id=world&feed=1,ok,,国際
2026-09-04,2026-09-04T07:51:46.061434+09:00,その他メディア,,ブラジル日報,ボゴタ地下鉄、2028年3月15日に開業へ,https://brasilnippou.com/ja/articles/260904-31mangekyou,https://news.ceek.jp/search.cgi?category_id=world&feed=1,ok,,国際
2026-09-04,2026-09-04T07:51:46.061434+09:00,その他メディア,,ブラジル日報,「物価は一日で1000ペソ上昇」冷蔵設備なきキューバ、食料は毎日購入,https://brasilnippou.com/ja/articles/260904-32mangekyou,https://news.ceek.jp/search.cgi?category_id=world&feed=1,ok,,国際
2026-09-04,2026-09-04T07:51:46.061434+09:00,その他メディア,,ブラジル日報,中南米ユダヤ人会議、モンテビデオで反ユダヤ主義との闘いを強調,https://brasilnippou.com/ja/articles/260904-33mangekyou,https://news.ceek.jp/search.cgi?category_id=world&feed=1,ok,,国際
2026-09-04,2026-09-04T07:51:46.061434+09:00,その他メディア,,Economic Media Bulletin,ドイツでブラックマスの新研究プロジェクト始動,https://emb-media.com/autoedge/2026/09/04/676545/,https://news.ceek.jp/search.cgi?category_id=world&feed=1,ok,,国際
2026-09-04,2026-09-04T07:51:46.061434+09:00,その他メディア,,Economic Media Bulletin,オーストリア電力大手、急速充電で独市場に進出,https://emb-media.com/autoedge/2026/09/04/676547/,https://news.ceek.jp/search.cgi?category_id=world&feed=1,ok,,国際
2026-09-04,2026-09-04T07:51:46.061434+09:00,その他メディア,,Economic Media Bulletin,テスラの上海製EV、販売鈍化=8月,https://emb-media.com/autoedge/2026/09/04/676584/,https://news.ceek.jp/search.cgi?category_id=world&feed=1,ok,,国際
2026-09-04,2026-09-04T07:51:46.061434+09:00,その他メディア,,Economic Media Bulletin,ベントレー、EV「トルカル」の情報を公表,https://emb-media.com/autoedge/2026/09/04/676596/,https://news.ceek.jp/search.cgi?category_id=world&feed=1,ok,,国際
2026-09-04,2026-09-04T07:51:46.061434+09:00,その他メディア,,Economic Media Bulletin,JLR、初の電動「レンジローバー」を発表,https://emb-media.com/autoedge/2026/09/04/676601/,https://news.ceek.jp/search.cgi?category_id=world&feed=1,ok,,国際
2026-09-04,2026-09-04T07:51:46.061434+09:00,その他メディア,,Economic Media Bulletin,ウーバー、ロンドンでロボタクシー開始,https://emb-media.com/autoedge/2026/09/04/676804/,https://news.ceek.jp/search.cgi?category_id=world&feed=1,ok,,国際
2026-09-04,2026-09-04T07:51:46.061434+09:00,その他メディア,,Economic Media Bulletin,仏経済、熱波の影響は限定的,https://emb-media.com/europe/2026/09/04/676405/,https://news.ceek.jp/search.cgi?category_id=world&feed=1,ok,,国際
2026-09-04,2026-09-04T07:51:46.061434+09:00,その他メディア,,Economic Media Bulletin,平均通勤時間、初の1時間超え=ベルギー,https://emb-media.com/europe/2026/09/04/676549/,https://news.ceek.jp/search.cgi?category_id=world&feed=1,ok,,国際
2026-09-04,2026-09-04T07:51:46.061434+09:00,その他メディア,,Economic Media Bulletin,ルーマニア、来年1月にデジタルID開始,https://emb-media.com/europe/2026/09/04/676555/,https://news.ceek.jp/search.cgi?category_id=world&feed=1,ok,,国際
2026-09-04,2026-09-04T07:51:46.061434+09:00,その他メディア,,Economic Media Bulletin,仏政府、クリーン水素の補助金入札実施へ,https://emb-media.com/europe/2026/09/04/676557/,https://news.ceek.jp/search.cgi?category_id=world&feed=1,ok,,国際
2026-09-04,2026-09-04T07:51:46.061434+09:00,その他メディア,,Economic Media Bulletin,トルコ、原発分野で露とさらなる協力視野に,https://emb-media.com/europe/2026/09/04/676560/,https://news.ceek.jp/search.cgi?category_id=world&feed=1,ok,,国際
2026-09-04,2026-09-04T07:51:46.061434+09:00,その他メディア,,Economic Media Bulletin,英国、南北格差浮き彫り,https://emb-media.com/europe/2026/09/04/676570/,https://news.ceek.jp/search.cgi?category_id=world&feed=1,ok,,国際
2026-09-04,2026-09-04T07:51:46.061434+09:00,その他メディア,,Economic Media Bulletin,ユーロ圏生産者物価、7月は5.8%上昇,https://emb-media.com/europe/2026/09/04/676578/,https://news.ceek.jp/search.cgi?category_id=world&feed=1,ok,,国際
2026-09-04,2026-09-04T07:51:46.061434+09:00,その他メディア,,Economic Media Bulletin,ガス貯蔵率低迷、業界が料金免除など要請,https://emb-media.com/europe/2026/09/04/676581/,https://news.ceek.jp/search.cgi?category_id=world&feed=1,ok,,国際
2026-09-04,2026-09-04T07:51:46.061434+09:00,その他メディア,,Economic Media Bulletin,欧州製造業、景況感が回復基調=調査,https://emb-media.com/europe/2026/09/04/676604/,https://news.ceek.jp/search.cgi?category_id=world&feed=1,ok,,国際
2026-09-04,2026-09-04T07:51:46.061434+09:00,その他メディア,,Economic Media Bulletin,ユーロ圏総合PMI、8月は横ばい=確定値,https://emb-media.com/europe/2026/09/04/676609/,https://news.ceek.jp/search.cgi?category_id=world&feed=1,ok,,国際
2026-09-04,2026-09-04T07:51:46.061434+09:00,その他メディア,,Economic Media Bulletin,JCB、ナポリの地下鉄でタッチ決済導入,https://emb-media.com/europe/2026/09/04/676620/,https://news.ceek.jp/search.cgi?category_id=world&feed=1,ok,,国際
2026-09-04,2026-09-04T07:51:46.061434+09:00,その他メディア,,Economic Media Bulletin,オランダ、資産課税制度の改革を再延期,https://emb-media.com/europe/2026/09/04/676690/,https://news.ceek.jp/search.cgi?category_id=world&feed=1,ok,,国際
2026-09-04,2026-09-04T07:51:46.061434+09:00,その他メディア,,Economic Media Bulletin,石油エニ、ベネズエラの大型油田で新契約,https://emb-media.com/europe/2026/09/04/676706/,https://news.ceek.jp/search.cgi?category_id=world&feed=1,ok,,国際
2026-09-04,2026-09-04T07:51:46.061434+09:00,その他メディア,,Economic Media Bulletin,乗継便への乗り遅れ、EES導入後に倍増,https://emb-media.com/europe/2026/09/04/676730/,https://news.ceek.jp/search.cgi?category_id=world&feed=1,ok,,国際
2026-09-04,2026-09-04T07:51:46.061434+09:00,その他メディア,,Economic Media Bulletin,ウズベク、エネルギー事業に印企業を誘致,https://emb-media.com/europe/2026/09/04/676742/,https://news.ceek.jp/search.cgi?category_id=world&feed=1,ok,,国際
2026-09-04,2026-09-04T07:51:46.061434+09:00,その他メディア,,Economic Media Bulletin,英政府のコロナ支援企業、3分の1超が破綻,https://emb-media.com/europe/2026/09/04/676754/,https://news.ceek.jp/search.cgi?category_id=world&feed=1,ok,,国際
2026-09-04,2026-09-04T07:51:46.061434+09:00,その他メディア,,Economic Media Bulletin,露、国内の独文化施設を閉鎖へ=報復措置,https://emb-media.com/europe/2026/09/04/676835/,https://news.ceek.jp/search.cgi?category_id=world&feed=1,ok,,国際
2026-09-04,2026-09-04T07:51:46.061434+09:00,その他メディア,,Economic Media Bulletin,南ア新車販売、8月は11.4%増加,https://emb-media.com/mea/2026/09/04/676395/,https://news.ceek.jp/search.cgi?category_id=world&feed=1,ok,,国際
2026-09-04,2026-09-04T07:51:46.061434+09:00,その他メディア,,Economic Media Bulletin,米不動産フロー、ドバイでライセンス取得,https://emb-media.com/mea/2026/09/04/676587/,https://news.ceek.jp/search.cgi?category_id=world&feed=1,ok,,国際
2026-09-04,2026-09-04T07:51:46.061434+09:00,その他メディア,,Economic Media Bulletin,中国レノボ、年内にサウジで量産開始,https://emb-media.com/mea/2026/09/04/676600/,https://news.ceek.jp/search.cgi?category_id=world&feed=1,ok,,国際
2026-09-04,2026-09-04T07:51:46.061434+09:00,その他メディア,,Economic Media Bulletin,中東4カ国PMI、8月はカタールが低下,https://emb-media.com/mea/2026/09/04/676603/,https://news.ceek.jp/search.cgi?category_id=world&feed=1,ok,,国際
2026-09-04,2026-09-04T07:51:46.061434+09:00,その他メディア,,Economic Media Bulletin,ウーバー、ナイジェリアとウガンダから撤退,https://emb-media.com/mea/2026/09/04/676628/,https://news.ceek.jp/search.cgi?category_id=world&feed=1,ok,,国際
2026-09-04,2026-09-04T07:51:46.061434+09:00,その他メディア,,Economic Media Bulletin,トルコ、原発分野で露とさらなる協力視野に,https://emb-media.com/mea/2026/09/04/676752/,https://news.ceek.jp/search.cgi?category_id=world&feed=1,ok,,国際
2026-09-04,2026-09-04T07:51:46.061434+09:00,その他メディア,,Economic Media Bulletin,ユーロNCAP、中国車3モデルを五つ星に認定,https://emb-media.com/autoedge/2026/09/04/676543/,https://news.ceek.jp/search.cgi?category_id=world&feed=1,ok,,国際
2026-09-04,2026-09-04T07:51:46.061434+09:00,その他メディア,,Economic Media Bulletin,4iG、スペースXと契約=通信接続を強化,https://emb-media.com/europe/2026/09/04/676551/,https://news.ceek.jp/search.cgi?category_id=world&feed=1,ok,,国際
2026-09-04,2026-09-04T07:51:46.061434+09:00,その他メディア,,Economic Media Bulletin,機械受注高、7月は2%増加,https://emb-media.com/europe/2026/09/04/676567/,https://news.ceek.jp/search.cgi?category_id=world&feed=1,ok,,国際
2026-09-04,2026-09-04T07:51:46.061434+09:00,その他メディア,,Economic Media Bulletin,米エリオット、ドイツテレコム株追加取得か,https://emb-media.com/europe/2026/09/04/676594/,https://news.ceek.jp/search.cgi?category_id=world&feed=1,ok,,国際
2026-09-04,2026-09-04T07:51:46.061434+09:00,その他メディア,,Economic Media Bulletin,ハンガリー、富裕税の導入計画,https://emb-media.com/europe/2026/09/04/676642/,https://news.ceek.jp/search.cgi?category_id=world&feed=1,ok,,国際
2026-09-04,2026-09-04T07:51:46.061434+09:00,その他メディア,,Economic Media Bulletin,デリバリーヒーロー、ウーバーの買収を支持,https://emb-media.com/europe/2026/09/04/676662/,https://news.ceek.jp/search.cgi?category_id=world&feed=1,ok,,国際
2026-09-04,2026-09-04T07:51:46.061434+09:00,その他メディア,,Economic Media Bulletin,英総合PMI、8月は分岐点超え=確定値,https://emb-media.com/europe/2026/09/04/676686/,https://news.ceek.jp/search.cgi?category_id=world&feed=1,ok,,国際
2026-09-04,2026-09-04T07:51:46.061434+09:00,その他メディア,,Economic Media Bulletin,バーナム首相、マクロン仏大統領と初会談,https://emb-media.com/europe/2026/09/04/676719/,https://news.ceek.jp/search.cgi?category_id=world&feed=1,ok,,国際
2026-09-04,2026-09-04T07:51:46.061434+09:00,その他メディア,,Economic Media Bulletin,エジプトの石油・鉱物輸出、上半期は73%増加,https://emb-media.com/mea/2026/09/04/676568/,https://news.ceek.jp/search.cgi?category_id=world&feed=1,ok,,国際
2026-09-04,2026-09-04T07:51:46.061434+09:00,その他メディア,,Economic Media Bulletin,世界の燃料価格、来年も高止まりへ=製油所破壊で,https://emb-media.com/mea/2026/09/04/676673/,https://news.ceek.jp/search.cgi?category_id=world&feed=1,ok,,国際
2026-09-04,2026-09-04T07:51:46.061434+09:00,その他メディア,,Economic Media Bulletin,ハンガリー、風力向け送電網容量の入札開始,https://emb-media.com/europe/2026/09/04/676553/,https://news.ceek.jp/search.cgi?category_id=world&feed=1,ok,,国際
2026-09-04,2026-09-04T07:51:46.061434+09:00,その他メディア,,Economic Media Bulletin,独エーオンのOVO買収計画、英当局が調査,https://emb-media.com/europe/2026/09/04/676572/,https://news.ceek.jp/search.cgi?category_id=world&feed=1,ok,,国際
2026-09-04,2026-09-04T07:51:46.061434+09:00,その他メディア,,Economic Media Bulletin,北部港で48時間スト、8.2%賃上げ要求,https://emb-media.com/europe/2026/09/04/676577/,https://news.ceek.jp/search.cgi?category_id=world&feed=1,ok,,国際
2026-09-04,2026-09-04T07:51:46.061434+09:00,その他メディア,,Economic Media Bulletin,ウーバー、ロンドンでロボタクシー開始,https://emb-media.com/europe/2026/09/04/676619/,https://news.ceek.jp/search.cgi?category_id=world&feed=1,ok,,国際
2026-09-04,2026-09-04T07:51:46.061434+09:00,その他メディア,,Economic Media Bulletin,独経済、今年は1.2%拡大,https://emb-media.com/europe/2026/09/04/676626/,https://news.ceek.jp/search.cgi?category_id=world&feed=1,ok,,国際
2026-09-04,2026-09-04T07:51:46.061434+09:00,その他メディア,,Economic Media Bulletin,化学・医薬品産業、今年は2.5%増収,https://emb-media.com/europe/2026/09/04/676631/,https://news.ceek.jp/search.cgi?category_id=world&feed=1,ok,,国際
2026-09-04,2026-09-04T07:51:46.061434+09:00,その他メディア,,Economic Media Bulletin,森・濱田松本法律事務所、ロンドン業務開始,https://emb-media.com/europe/2026/09/04/676663/,https://news.ceek.jp/search.cgi?category_id=world&feed=1,ok,,国際
2026-09-04,2026-09-04T07:51:46.061434+09:00,その他メディア,,Economic Media Bulletin,オランダ、交通機関で24時間スト=9日,https://emb-media.com/europe/2026/09/04/676678/,https://news.ceek.jp/search.cgi?category_id=world&feed=1,ok,,国際
2026-09-04,2026-09-04T07:51:46.061434+09:00,その他メディア,,Economic Media Bulletin,スロバキア実質賃金、第2四半期は0.5%減,https://emb-media.com/europe/2026/09/04/676679/,https://news.ceek.jp/search.cgi?category_id=world&feed=1,ok,,国際
2026-09-04,2026-09-04T07:51:46.061434+09:00,その他メディア,,Economic Media Bulletin,スウェーデン、株式資産が不動産資産上回る,https://emb-media.com/europe/2026/09/04/676684/,https://news.ceek.jp/search.cgi?category_id=world&feed=1,ok,,国際
2026-09-04,2026-09-04T07:51:46.061434+09:00,全国紙,全国,産経新聞,円急伸、一時155円30銭 日銀利上げ確実視で「ドル売り円買い」が優勢,https://www.sankei.com/article/20260904-OKR7LLTG5VMT7JQN6I2M7PLVYI/,https://news.ceek.jp/search.cgi?category_id=world&feed=1,ok,,国際
2026-09-04,2026-09-04T07:51:46.061434+09:00,全国紙,全国,産経新聞,NY株続伸、624ドル高 FRB早期利上げ観測後退で、幅広い銘柄に買い注文,https://www.sankei.com/article/20260904-WVCHT6ULGJOJXMDVYPJYZC3HNI/,https://news.ceek.jp/search.cgi?category_id=world&feed=1,ok,,国際
2026-09-04,2026-09-04T07:51:46.061434+09:00,全国紙,全国,産経新聞,「抜本的調整が不可欠」VWが5万人追加削減 業界最大級リストラ、車種半減で収益力強化,https://www.sankei.com/article/20260904-L5ZFEFQWNZJPPBI4RZMAEQ7XEE/,https://news.ceek.jp/search.cgi?category_id=world&feed=1,ok,,国際
2026-09-04,2026-09-04T07:51:46.061434+09:00,全国紙,全国,産経新聞,「モロッコ関与」証拠なし 飛び地セウタへの移民7万2000人流入、スペイン首相が説明,https://www.sankei.com/article/20260904-MTHITF7DOZIEPGCCKDE7UHDZXA/,https://news.ceek.jp/search.cgi?category_id=world&feed=1,ok,,国際
2026-09-04,2026-09-04T07:51:46.061434+09:00,全国紙,全国,日本経済新聞,ロシア、中国と交渉のガスパイプライン計画 「バイカルの力」に改称,https://www.nikkei.com/article/DGXZQOGR03C0J0T00C26A9000000/,https://news.ceek.jp/search.cgi?category_id=world&feed=1,ok,,国際
2026-09-04,2026-09-04T07:51:46.061434+09:00,全国紙,全国,産経新聞,「言い間違いだった」米商務長官「米国の死者いない」発言を釈明 イラン攻撃後18人犠牲,https://www.sankei.com/article/20260904-MJ5S34RNVRLUTOZAPKCKQXKPMA/,https://news.ceek.jp/search.cgi?category_id=world&feed=1,ok,,国際
2026-09-04,2026-09-04T07:51:46.061434+09:00,その他メディア,,フジテレビ,「核兵器の保有を阻止」トランプ大統領 イラン攻撃を正当化,https://www.fnn.jp/articles/-/1107669,https://news.ceek.jp/search.cgi?category_id=world&feed=1,ok,,国際
2026-09-04,2026-09-04T07:51:46.061434+09:00,全国紙,全国,産経新聞,英仏首脳「共通の課題」協力強化 ロンドンで首脳初会談、不法移民抑止やエネルギー輸送,https://www.sankei.com/article/20260904-IHZPQA55BJIDNNGIYCSMDLJINM/,https://news.ceek.jp/search.cgi?category_id=world&feed=1,ok,,国際
2026-09-04,2026-09-04T07:51:46.061434+09:00,その他メディア,,フジテレビ,エヌビディア AI新興企業を約2兆円で買収 中国勢とのAI競争激化,https://www.fnn.jp/articles/-/1107666,https://news.ceek.jp/search.cgi?category_id=world&feed=1,ok,,国際
2026-09-04,2026-09-04T07:51:46.061434+09:00,その他メディア,,フジテレビ,"「イラン結婚式攻撃」アメリカ軍の関与は""調査中""バンス副大統領",https://www.fnn.jp/articles/-/1107665,https://news.ceek.jp/search.cgi?category_id=world&feed=1,ok,,国際
2026-09-04,2026-09-04T07:51:46.061434+09:00,その他メディア,,フジテレビ,バンス副大統領FRBに利下げ要求 ウォーシュ議長との隔たり鮮明,https://www.fnn.jp/articles/-/1107663,https://news.ceek.jp/search.cgi?category_id=world&feed=1,ok,,国際
2026-09-04,2026-09-04T07:51:46.061434+09:00,全国紙,全国,産経新聞,「ミサイル売却を近く再開」トランプ氏が投稿 対イラン作戦で消耗、同盟国の懸念払拭,https://www.sankei.com/article/20260904-FAKWAC3CW5NTFG4AHNM7XSZK3U/,https://news.ceek.jp/search.cgi?category_id=world&feed=1,ok,,国際
2026-09-04,2026-09-04T07:51:46.061434+09:00,その他メディア,,フジテレビ,イランが商船攻撃続ける限り協議せず バンス副大統領,https://www.fnn.jp/articles/-/1107662,https://news.ceek.jp/search.cgi?category_id=world&feed=1,ok,,国際
2026-09-04,2026-09-04T07:51:46.061434+09:00,全国紙,全国,産経新聞,プーチン氏車列に「防空車両」 ウクライナの無人機攻撃警戒か、経済会議でロシア極東訪問,https://www.sankei.com/article/20260904-JXW57PAQJRNJXLDS7PZW2K46H4/,https://news.ceek.jp/search.cgi?category_id=world&feed=1,ok,,国際
2026-09-04,2026-09-04T07:51:46.061434+09:00,その他メディア,,TBSテレビ,トランプ大統領 ウクライナ支援の弾薬代金を欧州に請求の意向 同盟国へのミサイルなどの売却は「近く再開する予定」,https://newsdig.tbs.co.jp/articles/-/2920103?display=1,https://news.ceek.jp/search.cgi?category_id=world&feed=1,ok,,国際
2026-09-04,2026-09-04T07:51:46.061434+09:00,その他メディア,,デイリースポーツ,エルサレムに大使館移転へ,https://www.daily.co.jp/society/world/2026/09/04/0020781120.shtml,https://news.ceek.jp/search.cgi?category_id=world&feed=1,ok,,国際
2026-09-04,2026-09-04T07:51:46.061434+09:00,その他メディア,,ブラジル日報,スザノ「お話し大会」に51人=次世代の日語教育と文化継承へ=世代を超えて日本語継承,https://brasilnippou.com/ja/articles/260904-21colonia,https://news.ceek.jp/search.cgi?category_id=world&feed=1,ok,,国際
2026-09-04,2026-09-04T07:51:46.061434+09:00,その他メディア,,ブラジル日報,レガシーを次世代に「恩送り」=ユニセフブラジルと日系関係者が対談=ハシモト弁護士が残した恩恵振り返る,https://brasilnippou.com/ja/articles/260904-22colonia,https://news.ceek.jp/search.cgi?category_id=world&feed=1,ok,,国際
2026-09-04,2026-09-04T07:51:46.061434+09:00,その他メディア,,ブラジル日報,NEB月例会=日系女性、文化の継承を未来への力に=ボナッジ氏、女性の役割を語る,https://brasilnippou.com/ja/articles/260904-23colonia,https://news.ceek.jp/search.cgi?category_id=world&feed=1,ok,,国際
2026-09-04,2026-09-04T07:51:46.061434+09:00,その他メディア,,AFPBB News,バンス米副大統領、イラン戦争は「戦争ではない」と発言,https://www.afpbb.com/articles/-/3651352,https://news.ceek.jp/search.cgi?category_id=world&feed=1,ok,,国際
2026-09-04,2026-09-04T07:51:46.061434+09:00,全国紙,全国,産経新聞,グロリア・スタイネムさん死去 米フェミニズムの先駆者、92歳、雑誌「Ms.」を創刊,https://www.sankei.com/article/20260904-7S2HL2LXOFMMFIM46VG6BPM6LE/,https://news.ceek.jp/search.cgi?category_id=world&feed=1,ok,,国際
2026-09-04,2026-09-04T07:51:46.061434+09:00,その他メディア,,世界日報,【連載】岐路に立つ米国 中間選挙の争点(4)全米規模で区割り戦争、「青い波」封じ込め図る,https://www.worldtimes.co.jp/global/north-america/20260904-214418/,https://news.ceek.jp/search.cgi?category_id=world&feed=1,ok,,国際
2026-09-04,2026-09-04T07:51:46.061434+09:00,全国紙,全国,日本経済新聞,米代表団、近くウクライナ訪問か ゼレンスキー氏「米国の関与重要」,https://www.nikkei.com/article/DGXZQOGN0405H0U6A900C2000000/,https://news.ceek.jp/search.cgi?category_id=world&feed=1,ok,,国際
2026-09-04,2026-09-04T07:51:46.061434+09:00,その他メディア,,デイリースポーツ,イラン、米軍基地に報復,https://www.daily.co.jp/society/world/2026/09/04/0020781098.shtml,https://news.ceek.jp/search.cgi?category_id=world&feed=1,ok,,国際
2026-09-04,2026-09-04T07:51:46.061434+09:00,その他メディア,,VIETJO,ベトナム航空「VN10便」麻薬密輸事件、227人に判決 11人死刑,https://www.viet-jo.com/news/social/260903182946.html,https://news.ceek.jp/search.cgi?category_id=world&feed=1,ok,,国際
2026-09-04,2026-09-04T07:51:46.061434+09:00,その他メディア,,デイリースポーツ,「モロッコ関与」証拠なし,https://www.daily.co.jp/society/world/2026/09/04/0020781090.shtml,https://news.ceek.jp/search.cgi?category_id=world&feed=1,ok,,国際
2026-09-04,2026-09-04T07:51:46.061434+09:00,その他メディア,,デイリースポーツ,米、カストロ氏孫に制裁,https://www.daily.co.jp/society/world/2026/09/04/0020781092.shtml,https://news.ceek.jp/search.cgi?category_id=world&feed=1,ok,,国際
2026-09-04,2026-09-04T07:51:46.061434+09:00,その他メディア,,世界日報,米朝対話「米軍遺骨発掘」契機になるか【セゲイルボを読む】,https://www.worldtimes.co.jp/global/korean-peninsula/20260904-214425/,https://news.ceek.jp/search.cgi?category_id=world&feed=1,ok,,国際
2026-09-04,2026-09-04T07:51:46.061434+09:00,全国紙,全国,東京新聞,4コマ漫画で農業の日常届けたい 邑楽の農園代表・諸井さん キャラ「木菜米ル」、害虫の「敵」も登場,https://www.tokyo-np.co.jp/article/513312,https://news.ceek.jp/search.cgi?category_id=local&feed=1,ok,,地方・地域
2026-09-04,2026-09-04T07:51:46.061434+09:00,その他メディア,,TBSテレビ,【中四国 今後の雨】四国地方は7日頃にかけて警報級大雨のおそれ、高知県では線状降水帯が発生し大雨災害発生の危険度が急激に高まる可能性も...中国・四国地方の雨・風シミュレーション【気象台】,https://newsdig.tbs.co.jp/articles/-/2920118?display=1,https://news.ceek.jp/search.cgi?category_id=local&feed=1,ok,,地方・地域
2026-09-04,2026-09-04T07:51:46.061434+09:00,その他メディア,,岐阜新聞,パンにキュートな子豚の焼き印!グリルプレート商品化 関市・鍋屋バイテック,https://www.gifu-np.co.jp/articles/-/764262,https://news.ceek.jp/search.cgi?category_id=local&feed=1,ok,,地方・地域
2026-09-04,2026-09-04T07:51:46.061434+09:00,全国紙,全国,東京新聞,ブドウ狩りの秋、始まりました 沼田,https://www.tokyo-np.co.jp/article/513310,https://news.ceek.jp/search.cgi?category_id=local&feed=1,ok,,地方・地域
2026-09-04,2026-09-04T07:51:46.061434+09:00,全国紙,全国,東京新聞,難病患者ら使用料減免 群馬県立22施設 外出、社会参加を後押し,https://www.tokyo-np.co.jp/article/513311,https://news.ceek.jp/search.cgi?category_id=local&feed=1,ok,,地方・地域
2026-09-04,2026-09-04T07:51:46.061434+09:00,その他メディア,,十勝毎日新聞,新規就農者確保へ支援拡充を検討 広尾一般質問,https://kachimai.jp/article/index.php?no=2026090300566,https://news.ceek.jp/search.cgi?category_id=local&feed=1,ok,,地方・地域
2026-09-04,2026-09-04T07:51:46.061434+09:00,その他メディア,,九州朝日放送,「2階にいる」息子と連絡取れず...住宅火災で90代女性が病院で治療中...北九州市小倉南区の密集地,https://kbc.co.jp/news/article.php?id=18091866&ymd=2026-09-04,https://news.ceek.jp/search.cgi?category_id=local&feed=1,ok,,地方・地域
2026-09-04,2026-09-04T07:51:46.061434+09:00,全国紙,全国,東京新聞,宇都宮のゴルフ場が最優秀のトマト料理提供 西川さん 小6時考案「タコライス風つつまないトマト餃子丼」 30日まで,https://www.tokyo-np.co.jp/article/513309,https://news.ceek.jp/search.cgi?category_id=local&feed=1,ok,,地方・地域
2026-09-04,2026-09-04T07:51:46.061434+09:00,その他メディア,,山形新聞,注いだ愛情、甘く結実 山形・本沢のシャインマスカット,https://www.yamagata-np.jp/news/202609/04/kj_2026090400084.php,https://news.ceek.jp/search.cgi?category_id=local&feed=1,ok,,地方・地域
2026-09-04,2026-09-04T07:51:46.061434+09:00,全国紙,全国,朝日新聞,「副議長就任後に500万円渡した」 福岡県議会で6人目の新証言,https://www.asahi.com/articles/ASV9335KDV93TIPE00LM.html,https://news.ceek.jp/search.cgi?category_id=local&feed=1,ok,,地方・地域
2026-09-04,2026-09-04T07:51:46.061434+09:00,全国紙,全国,朝日新聞,うまみの3秒後に辛み、まるで味覚の時間差攻撃 清水森ナンバ一升漬,https://www.asahi.com/articles/ASV807WBWV80UNHB00JM.html,https://news.ceek.jp/search.cgi?category_id=local&feed=1,ok,,地方・地域
2026-09-04,2026-09-04T07:51:46.061434+09:00,全国紙,全国,東京新聞,神栖市長選 くすぶる火種 「まんじゅうや」高裁も無効,https://www.tokyo-np.co.jp/article/513308,https://news.ceek.jp/search.cgi?category_id=local&feed=1,ok,,地方・地域
2026-09-04,2026-09-04T07:51:46.061434+09:00,その他メディア,,朝日放送,【速報】JRきのくに線で一部運転見合わせ 大雨の影響 再開のめど立たず 和歌山,https://www.asahi.co.jp/webnews/pages/abc_62370.html,https://news.ceek.jp/search.cgi?category_id=local&feed=1,ok,,地方・地域
2026-09-04,2026-09-04T07:51:46.061434+09:00,その他メディア,,札幌テレビ,「台所の換気扇から火が出ている」2階建て住宅で火災 隣接する建物1棟にも延焼 札幌白石区,https://www.stv.jp/news/stvnews/kiji/stf4235ddcefe1473caf49ffdf79c06be6.html,https://news.ceek.jp/search.cgi?category_id=local&feed=1,ok,,地方・地域
2026-09-04,2026-09-04T07:51:46.061434+09:00,その他メディア,,愛媛新聞,予土線で高知に行こう! フィギュア館、絶品ラーメン、焼酎銀行...魅力たっぷりの途中下車スポット,https://www.ehime-np.co.jp/article/news202609040003,https://news.ceek.jp/search.cgi?category_id=local&feed=1,ok,,地方・地域
2026-09-04,2026-09-04T07:51:46.061434+09:00,その他メディア,,Jタウンネット,卵をゆでたら鍋から「ピヨピヨ」音がして... 衝撃の体験に2万人戦慄「なにそれこわい」「完全にホラー」,https://j-town.net/2026/09/04367095.html,https://news.ceek.jp/search.cgi?category_id=local&feed=1,ok,,地方・地域
2026-09-04,2026-09-04T07:51:46.061434+09:00,全国紙,全国,朝日新聞,「久保田」の老舗酒蔵、ジンに挑む 押し寄せる香りのカギはブレンド,https://www.asahi.com/articles/ASV920QDQV92UOHB006M.html,https://news.ceek.jp/search.cgi?category_id=local&feed=1,ok,,地方・地域
2026-09-04,2026-09-04T07:51:46.061434+09:00,その他メディア,,長野日報,2026年9月4日付,https://www.nagano-np.co.jp/news/detail.php?id=6444,https://news.ceek.jp/search.cgi?category_id=local&feed=1,ok,,地方・地域
2026-09-04,2026-09-04T07:51:46.061434+09:00,地方紙,新潟,新潟日報,特産の赤カボチャ「あかもん」今季の出来やいかに?魚沼市三渕沢で品評会、生産者25人が逸品競う,https://www.niigata-nippo.co.jp/articles/-/900139,https://news.ceek.jp/search.cgi?category_id=local&feed=1,ok,,地方・地域
2026-09-04,2026-09-04T07:51:46.061434+09:00,その他メディア,,茨城新聞,偶然の発見、大事に 白川英樹さん死去 茨城県内関係者から悼む声,https://ibarakinews.jp/news/newsdetail.php?f_jun=1788443857901500,https://news.ceek.jp/search.cgi?category_id=local&feed=1,ok,,地方・地域
2026-09-04,2026-09-04T07:51:46.061434+09:00,全国紙,全国,朝日新聞,発声を徹底 演奏音を磨く 西関東吹奏楽コン出場の伊勢崎一中,https://www.asahi.com/articles/ASV922CH3V92OXIE00VM.html,https://news.ceek.jp/search.cgi?category_id=local&feed=1,ok,,地方・地域
2026-09-04,2026-09-04T07:51:46.061434+09:00,その他メディア,,佐賀新聞,佐賀バルーンフェスタ123機参加へ 10月30日から11月3日まで 海外からは25機,https://www.saga-s.co.jp/articles/-/1784798,https://news.ceek.jp/search.cgi?category_id=local&feed=1,ok,,地方・地域
2026-09-04,2026-09-04T07:51:46.061434+09:00,その他メディア,,福島民友新聞,俳優・武田玲奈さんが結婚、相手は一般男性,https://www.minyu-net.com/news/detail/2026090315535954388,https://news.ceek.jp/search.cgi?category_id=local&feed=1,ok,,地方・地域
2026-09-04,2026-09-04T07:51:46.061434+09:00,その他メディア,,岐阜新聞,鍛えた肉体美、こだわりポーズで魅せる 岐阜市でフィットイージーカップ,https://www.gifu-np.co.jp/articles/-/764253,https://news.ceek.jp/search.cgi?category_id=local&feed=1,ok,,地方・地域
2026-09-04,2026-09-04T07:51:46.061434+09:00,全国紙,全国,東京新聞,埼玉をディスって愛して! インフルエンサー4人「あるある」200作品 大宮で先月「でぃすいずさいたま展」,https://www.tokyo-np.co.jp/article/513307,https://news.ceek.jp/search.cgi?category_id=local&feed=1,ok,,地方・地域
2026-09-04,2026-09-04T07:51:46.061434+09:00,地方紙,広島,中国新聞,大谷、先発メンバー外れる,https://www.chugoku-np.co.jp/articles/-/889866,https://news.ceek.jp/search.cgi?category_id=local&feed=1,ok,,地方・地域
2026-09-04,2026-09-04T07:51:46.061434+09:00,全国紙,全国,中日新聞,大谷、先発メンバー外れる 村上無安打、岡本は欠場,https://www.chunichi.co.jp/article/1306450,https://news.ceek.jp/search.cgi?category_id=local&feed=1,ok,,地方・地域
2026-09-04,2026-09-04T07:51:46.061434+09:00,全国紙,全国,東京新聞,「国のあり方考える機会に」 憲法テーマに市民ミュージカル 出演者100人募集 来年5月、埼玉会館,https://www.tokyo-np.co.jp/article/513306,https://news.ceek.jp/search.cgi?category_id=local&feed=1,ok,,地方・地域
2026-09-04,2026-09-04T07:51:46.061434+09:00,全国紙,全国,東京新聞,悩み、苦しみ、相談乗って35年 「いのちの電話」記念コンサート 大宮で22日,https://www.tokyo-np.co.jp/article/513305,https://news.ceek.jp/search.cgi?category_id=local&feed=1,ok,,地方・地域
2026-09-04,2026-09-04T07:51:46.061434+09:00,その他メディア,,TBSテレビ,【台風情報】迷走する台風24号×秋雨前線 広範囲で「警報級大雨」に 九州・四国で「線状降水帯」発生おそれも【気象庁・全般気象情報・雨風の予想シミュレーション】,https://newsdig.tbs.co.jp/articles/-/2920089?display=1,https://news.ceek.jp/search.cgi?category_id=local&feed=1,ok,,地方・地域
2026-09-04,2026-09-04T07:51:46.061434+09:00,その他メディア,,岐阜新聞,美濃加茂市の新庁舎整備費1.47倍に 物価高で推計,https://www.gifu-np.co.jp/articles/-/764331,https://news.ceek.jp/search.cgi?category_id=local&feed=1,ok,,地方・地域
2026-09-04,2026-09-04T07:51:46.061434+09:00,その他メディア,,福島民友新聞,富岡復興補助金不正、団体役員の69歳男に懲役2年6月求刑 地裁いわきで初公判,https://www.minyu-net.com/news/detail/2026090407531454393,https://news.ceek.jp/search.cgi?category_id=local&feed=1,ok,,地方・地域
2026-09-04,2026-09-04T07:51:46.061434+09:00,地方紙,沖縄,沖縄タイムス,不発弾 浦添市城間で処理作業 9月5日午前9時10分から交通規制,https://www.okinawatimes.co.jp/articles/-/1916688,https://news.ceek.jp/search.cgi?category_id=local&feed=1,ok,,地方・地域
2026-09-04,2026-09-04T07:51:46.061434+09:00,地方紙,広島,中国新聞,四国、九州で大雨の恐れ,https://www.chugoku-np.co.jp/articles/-/889865,https://news.ceek.jp/search.cgi?category_id=local&feed=1,ok,,地方・地域
2026-09-04,2026-09-04T07:51:46.061434+09:00,全国紙,全国,中日新聞,四国、九州で大雨の恐れ 台風や前線、線状降水帯も,https://www.chunichi.co.jp/article/1306449,https://news.ceek.jp/search.cgi?category_id=local&feed=1,ok,,地方・地域
2026-09-04,2026-09-04T07:51:46.061434+09:00,地方紙,兵庫,神戸新聞,以前に勤務した会社事務所に侵入し、社員に包丁振り下ろす 殺人未遂容疑で43歳男逮捕 市川,https://www.kobe-np.co.jp/news/jiken/202609/0020781169.shtml,https://news.ceek.jp/search.cgi?category_id=local&feed=1,ok,,地方・地域
2026-09-04,2026-09-04T07:51:46.061434+09:00,全国紙,全国,東京新聞,豪雨3週間 旧外房有料道の通行止め解除 県、災害復旧支援体制に移行 住宅被害6220棟に 国交相、千葉市内視察,https://www.tokyo-np.co.jp/article/513297,https://news.ceek.jp/search.cgi?category_id=local&feed=1,ok,,地方・地域
2026-09-04,2026-09-04T07:51:46.061434+09:00,その他メディア,,佐賀新聞,火災鎮火について,https://www.saga-s.co.jp/articles/-/1784926,https://news.ceek.jp/search.cgi?category_id=local&feed=1,ok,,地方・地域
2026-09-04,2026-09-04T07:51:46.061434+09:00,地方紙,京都,京都新聞,【速報】【台風24号】近畿地方、7日頃まで大雨長引く可能性 近畿南部中心、土砂災害リスク高まる恐れ,https://www.kyoto-np.co.jp/articles/-/1784356,https://news.ceek.jp/search.cgi?category_id=local&feed=1,ok,,地方・地域
2026-09-04,2026-09-04T07:51:46.061434+09:00,全国紙,全国,産経新聞,上方落語のホームグラウンド天満天神繁昌亭20年 桂文枝は厳しい目で「もう一度活気を」,https://www.sankei.com/article/20260904-V7MCVIGPAZN4FBJVTWNVLIPX5M/,https://news.ceek.jp/search.cgi?category_id=local&feed=1,ok,,地方・地域
2026-09-04,2026-09-04T07:51:46.061434+09:00,その他メディア,,TBSテレビ,"【台風情報】“くるり""とループ?「台風24号(クロヴァン)」は奄美市の北西に..日本への影響が長期化、全国的に警報級大雨のおそれも...最大瞬間風速30m/s・990hPa 今後の進路予想 9月14日までの雨・風シミュレーションで確認【気象庁4日6時45分発表】",https://newsdig.tbs.co.jp/articles/-/2920114?display=1,https://news.ceek.jp/search.cgi?category_id=local&feed=1,ok,,地方・地域
2026-09-04,2026-09-04T07:51:46.061434+09:00,その他メディア,,福島民友新聞,バドミントン競技で福島県選抜が優勝 東京国際ユース大会,https://www.minyu-net.com/news/detail/2026090408100954395,https://news.ceek.jp/search.cgi?category_id=local&feed=1,ok,,地方・地域
2026-09-04,2026-09-04T07:51:46.061434+09:00,全国紙,全国,東京新聞,泉川市議に問責決議 鎌ケ谷市議会可決「災害対応に支障」,https://www.tokyo-np.co.jp/article/513294,https://news.ceek.jp/search.cgi?category_id=local&feed=1,ok,,地方・地域
2026-09-04,2026-09-04T07:51:46.061434+09:00,全国紙,全国,東京新聞,豪雨で高圧ガスボンベ流失 千葉市、注意呼びかけ,https://www.tokyo-np.co.jp/article/513295,https://news.ceek.jp/search.cgi?category_id=local&feed=1,ok,,地方・地域
2026-09-04,2026-09-04T07:51:46.061434+09:00,全国紙,全国,東京新聞,躍動感、まるで劇画やアニメ 武将ら描いた浮世絵60点 鋸南で月岡芳年の企画展 「構図や表現が現代的」 23日まで,https://www.tokyo-np.co.jp/article/513296,https://news.ceek.jp/search.cgi?category_id=local&feed=1,ok,,地方・地域
2026-09-04,2026-09-04T07:51:46.061434+09:00,その他メディア,,福島民友新聞,サポート詐欺被害、個人情報流出か 福島市の業務請け負う民間事業者,https://www.minyu-net.com/news/detail/2026090407451954391,https://news.ceek.jp/search.cgi?category_id=local&feed=1,ok,,地方・地域
2026-09-04,2026-09-04T07:51:46.061434+09:00,その他メディア,,まいどなニュース,柴犬、おやつにご満悦→「おしまい」でムキーッ!表情の激変に「怒るんだ(笑)」「かわいい」,https://maidonanews.jp/article/16822608,https://news.ceek.jp/search.cgi?category_id=local&feed=1,ok,,地方・地域
2026-09-04,2026-09-04T07:51:46.061434+09:00,地方紙,兵庫,神戸新聞,姫路の山中で女性の遺体発見 登山道に滑落した形跡、死後数日が経過,https://www.kobe-np.co.jp/news/jiken/202609/0020780571.shtml,https://news.ceek.jp/search.cgi?category_id=local&feed=1,ok,,地方・地域
2026-09-04,2026-09-04T07:51:46.061434+09:00,地方紙,広島,中国新聞,円急伸、一時155円30銭,https://www.chugoku-np.co.jp/articles/-/889863,https://news.ceek.jp/search.cgi?category_id=local&feed=1,ok,,地方・地域
2026-09-04,2026-09-04T07:51:46.061434+09:00,全国紙,全国,中日新聞,円急伸、一時155円30銭 日銀利上げ確実視で円買い,https://www.chunichi.co.jp/article/1306447,https://news.ceek.jp/search.cgi?category_id=local&feed=1,ok,,地方・地域
2026-09-04,2026-09-04T07:51:46.061434+09:00,全国紙,全国,東京新聞,〈かながわ花人 国際園芸博2027へ〉(7)小杉波留夫 東北の被災地に笑顔咲く たねダンゴ,https://www.tokyo-np.co.jp/article/513292,https://news.ceek.jp/search.cgi?category_id=local&feed=1,ok,,地方・地域
2026-09-04,2026-09-04T07:51:46.061434+09:00,その他メディア,,山陰中央新聞,【交通情報】4日の運転計画 山陰線、特急列車で運転取りやめ 大雨のため,https://www.sanin-chuo.co.jp/articles/-/1073488,https://news.ceek.jp/search.cgi?category_id=local&feed=1,ok,,地方・地域
2026-09-04,2026-09-04T07:51:46.061434+09:00,全国紙,全国,東京新聞,「特別市実現で圏域に効果波及」 県134億円、川崎93億円プラス 算定方法説明の意向 福田市長、理解求める,https://www.tokyo-np.co.jp/article/513291,https://news.ceek.jp/search.cgi?category_id=local&feed=1,ok,,地方・地域
2026-09-04,2026-09-04T07:51:46.061434+09:00,その他メディア,,北海道リアルエコノミー,旧HBC本社跡地の「アーバンネット札幌リンクタワー」、2026年10月3日グランドオープン,https://hre-net.com/real_estate/94309/,https://news.ceek.jp/search.cgi?category_id=local&feed=1,ok,,地方・地域
2026-09-04,2026-09-04T07:51:46.061434+09:00,地方紙,沖縄,沖縄タイムス,「開かれた議会」自治体で取り組み濃淡 住民向け報告会やネット配信 機材そろえたが「写してほしくない」議員も,https://www.okinawatimes.co.jp/articles/-/1916642,https://news.ceek.jp/search.cgi?category_id=local&feed=1,ok,,地方・地域
2026-09-04,2026-09-04T07:51:46.061434+09:00,地方紙,京都,京都新聞,【速報】【台風24号】滋賀県、きょう4日夜遅くにかけ警報級大雨の可能性,https://www.kyoto-np.co.jp/articles/-/1784353,https://news.ceek.jp/search.cgi?category_id=local&feed=1,ok,,地方・地域
2026-09-04,2026-09-04T07:51:46.061434+09:00,その他メディア,,Lmaga.jp,"新大阪にライブハウス誕生、エンタメ業界の“脱・東京一極集中""を狙う?「大阪の人はケチと言われるが...」",https://www.lmaga.jp/news/2026/09/1096526/,https://news.ceek.jp/search.cgi?category_id=local&feed=1,ok,,地方・地域
2026-09-04,2026-09-04T07:51:46.061434+09:00,その他メディア,,佐賀新聞,筑後川流域、3%取水制限 佐賀東部水道企業団が対策本部 節水呼びかけ、ダム貯水率4割切る,https://www.saga-s.co.jp/articles/-/1784785,https://news.ceek.jp/search.cgi?category_id=local&feed=1,ok,,地方・地域
2026-09-04,2026-09-04T07:51:46.061434+09:00,その他メディア,,フジテレビ,富山への観光客が4000万人超え インバウンドは前年比55%増の躍進 富山市ガラス美術館は69%増加,https://www.fnn.jp/articles/-/1107667,https://news.ceek.jp/search.cgi?category_id=local&feed=1,ok,,地方・地域
2026-09-04,2026-09-04T07:51:46.061434+09:00,その他メディア,,フジテレビ,渇水と猛暑が原因か 灰塚ダムでワカサギが大量死 約5000匹を回収 広島・三次市,https://www.fnn.jp/articles/-/1107668,https://news.ceek.jp/search.cgi?category_id=local&feed=1,ok,,地方・地域
2026-09-04,2026-09-04T07:51:46.061434+09:00,全国紙,全国,朝日新聞,海辺の銭湯が唯一無二の薪で炊くぬくもり 変わりゆくまちの「弔い」,https://www.asahi.com/articles/ASV922H57V92PJLB007M.html,https://news.ceek.jp/search.cgi?category_id=local&feed=1,ok,,地方・地域
2026-09-04,2026-09-04T07:51:46.061434+09:00,その他メディア,,福井新聞,「リラの花と戦争」復刊 時を超え相互理解の絆に,https://www.fukuishimbun.co.jp/articles/-/2690631,https://news.ceek.jp/search.cgi?category_id=local&feed=1,ok,,地方・地域
2026-09-04,2026-09-04T07:51:46.061434+09:00,その他メディア,,福島民友新聞,酒酔い運転疑いで46歳男逮捕 単独事故起こし発覚 いわき,https://www.minyu-net.com/news/detail/2026090316005554389,https://news.ceek.jp/search.cgi?category_id=local&feed=1,ok,,地方・地域
2026-09-04,2026-09-04T07:51:46.061434+09:00,その他メディア,,福島民友新聞,福島Rホープス2選手、BCリーグ選抜に 今月NPB3球団と交流戦,https://www.minyu-net.com/news/detail/2026090407565254394,https://news.ceek.jp/search.cgi?category_id=local&feed=1,ok,,地方・地域
2026-09-04,2026-09-04T07:51:46.061434+09:00,その他メディア,,佐賀新聞,火災発生について,https://www.saga-s.co.jp/articles/-/1784918,https://news.ceek.jp/search.cgi?category_id=local&feed=1,ok,,地方・地域
2026-09-04,2026-09-04T07:51:46.061434+09:00,地方紙,広島,中国新聞,上田綺世、リール初出場でゴール,https://www.chugoku-np.co.jp/articles/-/889862,https://news.ceek.jp/search.cgi?category_id=local&feed=1,ok,,地方・地域
2026-09-04,2026-09-04T07:51:46.061434+09:00,その他メディア,,山陰中央新聞,【交通情報】山陰道・名和IC-淀江IC間が通行止め,https://www.sanin-chuo.co.jp/articles/-/1073482,https://news.ceek.jp/search.cgi?category_id=local&feed=1,ok,,地方・地域
2026-09-04,2026-09-04T07:51:46.061434+09:00,全国紙,全国,東京新聞,はしか対策に4475万円 県が総額182億円の補正予算案,https://www.tokyo-np.co.jp/article/513288,https://news.ceek.jp/search.cgi?category_id=local&feed=1,ok,,地方・地域
2026-09-04,2026-09-04T07:51:46.061434+09:00,その他メディア,,山陽新聞,キッチンカー参上「早雲蜜芋本舗」(井原市) 糖度40度の焼き芋 冷たいブリュレも人気,https://www.sanyonews.jp/article/1980060/,https://news.ceek.jp/search.cgi?category_id=local&feed=1,ok,,地方・地域
2026-09-04,2026-09-04T07:51:46.061434+09:00,その他メディア,,TBSテレビ,「建物から火炎が見える」住宅から出火 高齢女性1人がけがも意識あり 同居とみられる息子と連絡とれず 福岡・北九州市,https://newsdig.tbs.co.jp/articles/-/2920108?display=1,https://news.ceek.jp/search.cgi?category_id=local&feed=1,ok,,地方・地域
2026-09-04,2026-09-04T07:51:46.061434+09:00,全国紙,全国,朝日新聞,台風24号、週明けまで沖縄近海に 前線も停滞、広範囲に大雨の恐れ,https://www.asahi.com/articles/ASV93316VV93UTIL01FM.html,https://news.ceek.jp/search.cgi?category_id=local&feed=1,ok,,地方・地域
2026-09-04,2026-09-04T07:51:46.061434+09:00,全国紙,全国,東京新聞,停職1カ月 文京区の処分「不当」 男児と私的外泊職員が審査請求 特別区人事委が裁決,https://www.tokyo-np.co.jp/article/513278,https://news.ceek.jp/search.cgi?category_id=local&feed=1,ok,,地方・地域
2026-09-04,2026-09-04T07:51:46.061434+09:00,その他メディア,,福島民報,今春休刊月刊タウン情報誌「会津嶺」 女性3人健筆8年間 連載「旅とことば」一冊に 個性光る89編を収録,https://www.minpo.jp/articles/-/219428,https://news.ceek.jp/search.cgi?category_id=local&feed=1,ok,,地方・地域
2026-09-04,2026-09-04T07:51:46.061434+09:00,地方紙,京都,京都新聞,【速報】【台風24号】京都府、きょう4日夕方まで警報級大雨の可能性 大気の状態、非常に不安定,https://www.kyoto-np.co.jp/articles/-/1784352,https://news.ceek.jp/search.cgi?category_id=local&feed=1,ok,,地方・地域
2026-09-04,2026-09-04T07:51:46.061434+09:00,その他メディア,,都政新報,墨田区/23区初区主催の芸術祭/きょう開幕 文化通して地域力向上も,https://www.toseishimpo.co.jp/news/260904-04/,https://news.ceek.jp/search.cgi?category_id=local&feed=1,ok,,地方・地域
2026-09-04,2026-09-04T07:51:46.061434+09:00,全国紙,全国,東京新聞,佳子さま 伝統工芸展鑑賞 日本橋で陶芸や染織など524点,https://www.tokyo-np.co.jp/article/513277,https://news.ceek.jp/search.cgi?category_id=local&feed=1,ok,,地方・地域
2026-09-04,2026-09-04T07:51:46.061434+09:00,その他メディア,,都政新報,全国知事会/給付付き税額控除に懸念/山下副知事「国費で措置を」,https://www.toseishimpo.co.jp/news/260904-03/,https://news.ceek.jp/search.cgi?category_id=local&feed=1,ok,,地方・地域
2026-09-04,2026-09-04T07:51:46.061434+09:00,その他メディア,,フジテレビ,10代女性の胸などを盗撮か 1cmほどの小型カメラをシャワールームに 運転手の男(34)逮捕 広島,https://www.fnn.jp/articles/-/1107660,https://news.ceek.jp/search.cgi?category_id=local&feed=1,ok,,地方・地域
2026-09-04,2026-09-04T07:51:46.061434+09:00,その他メディア,,"日本海新聞, 大阪日日新聞",大山町の大雨警報を解除,https://www.nnn.co.jp/articles/-/793358,https://news.ceek.jp/search.cgi?category_id=local&feed=1,ok,,地方・地域
2026-09-04,2026-09-04T07:51:46.061434+09:00,その他メディア,,佐賀新聞,JA代表者、そろって雨乞い 農作物への影響深刻 佐賀市松原の佐嘉神社,https://www.saga-s.co.jp/articles/-/1784789,https://news.ceek.jp/search.cgi?category_id=local&feed=1,ok,,地方・地域
2026-09-04,2026-09-04T07:51:46.061434+09:00,その他メディア,,秋田魁新報,国「特定利用空港・港湾」に大館能代空港の指定打診 北秋田市長「適切に対応」,https://www.sakigake.jp/news/article/20260903AK0075/,https://news.ceek.jp/search.cgi?category_id=local&feed=1,ok,,地方・地域
2026-09-04,2026-09-04T07:51:46.061434+09:00,全国紙,全国,産経新聞,野村3代勢ぞろいでめでたさも3倍 野村万作、萬斎、裕基が関西で2公演,https://www.sankei.com/article/20260904-U7GSQ4NBHZNTRIMSOJHMIXEWDA/,https://news.ceek.jp/search.cgi?category_id=local&feed=1,ok,,地方・地域
2026-09-04,2026-09-04T07:51:46.061434+09:00,その他メディア,,福島民友新聞,県北支部2試合順延 秋季高校野球予選,https://www.minyu-net.com/news/detail/2026090407492654392,https://news.ceek.jp/search.cgi?category_id=local&feed=1,ok,,地方・地域
2026-09-04,2026-09-04T07:51:46.061434+09:00,その他メディア,,山陽新聞,【列車情報】伯備線 大雨で特急やくもと一部列車の運転取りやめ,https://www.sanyonews.jp/article/1983454/,https://news.ceek.jp/search.cgi?category_id=local&feed=1,ok,,地方・地域
2026-09-04,2026-09-04T07:51:46.061434+09:00,その他メディア,,都政新報,待機児童が大幅増、対応が急務/世田谷 2カ年で1歳児枠200増前倒し/足立 0~2歳児対策プラン策定へ,https://www.toseishimpo.co.jp/news/260904-02/,https://news.ceek.jp/search.cgi?category_id=local&feed=1,ok,,地方・地域
2026-09-04,2026-09-04T07:51:46.061434+09:00,その他メディア,,岐阜新聞,西濃運輸4強、応援席「まさに死闘」選手と一丸 都市対抗野球,https://www.gifu-np.co.jp/articles/-/764377,https://news.ceek.jp/search.cgi?category_id=local&feed=1,ok,,地方・地域
2026-09-04,2026-09-04T07:51:46.061434+09:00,全国紙,全国,東京新聞,冷やしカニラーメンで男女78人が食中毒 港区、麻布十番まつり,https://www.tokyo-np.co.jp/article/513276,https://news.ceek.jp/search.cgi?category_id=local&feed=1,ok,,地方・地域
2026-09-04,2026-09-04T07:51:46.061434+09:00,その他メディア,,都政新報,都教育庁/学校の働き方改善で意識差/教員意識調査/管理職と現場に開き/教員が担う仕事精査を,https://www.toseishimpo.co.jp/news/260904/,https://news.ceek.jp/search.cgi?category_id=local&feed=1,ok,,地方・地域
2026-09-04,2026-09-04T07:51:46.061434+09:00,その他メディア,,TBSテレビ,"今後“大雨""予想のエリアは?【台風×秋雨前線】週末~月曜にかけて警報級おそれも 浸水・河川増水・土砂災害に備えを",https://newsdig.tbs.co.jp/articles/-/2920104?display=1,https://news.ceek.jp/search.cgi?category_id=local&feed=1,ok,,地方・地域
2026-09-04,2026-09-04T07:51:46.061434+09:00,全国紙,全国,東京新聞,高校生5人の思い、平和語る座談会 本紙への投稿きっかけ 6日「こまえフェスタ」で企画,https://www.tokyo-np.co.jp/article/513275,https://news.ceek.jp/search.cgi?category_id=local&feed=1,ok,,地方・地域
2026-09-04,2026-09-04T07:51:46.061434+09:00,その他メディア,,福島民報,田村のカブトムシをモデルに 秋川さん6年連続入選 二科展,https://www.minpo.jp/articles/-/219432,https://news.ceek.jp/search.cgi?category_id=local&feed=1,ok,,地方・地域
